tick,cluster_id,voxel_count,total_density,total_energy,cx,cy,cz,charge_sum,age_ticks,birth_tick
250,0,1,0.373676,0.139634,17,48,9,1,0,250
250,1,1,0.850396,0.723174,31,17,10,1,0,250
250,2,1,0.713687,0.509349,22,24,15,1,0,250
250,3,1,0.462151,0.213584,26,6,17,-1,0,250
250,4,1,0.512131,0.262278,49,51,17,-1,0,250
250,5,1,0.276939,0.0766952,58,29,19,1,0,250
250,6,1,0.674181,0.45452,34,14,24,1,0,250
250,7,1,0.482941,0.233232,47,5,26,1,0,250
250,8,1,0.684988,0.469209,39,20,26,1,0,250
250,9,1,0.348771,0.121641,8,10,29,-1,0,250
250,10,1,0.52597,0.276644,27,61,29,1,0,250
250,11,1,0.85371,0.72882,49,27,32,-1,0,250
250,12,1,0.241037,0.058099,32,32,32,1,0,250
250,13,1,0.569936,0.324827,41,9,33,-1,0,250
250,14,1,0.486336,0.236522,62,38,33,-1,0,250
250,15,1,0.482166,0.232484,36,10,35,1,0,250
250,16,1,0.0803525,0.00645652,25,34,38,-1,0,250
250,17,1,0.131672,0.0173375,56,22,39,1,0,250
250,18,1,0.653645,0.427251,49,24,39,1,0,250
250,19,1,0.474633,0.225276,11,56,39,-1,0,250
250,20,1,0.164992,0.0272223,40,61,46,1,0,250
250,21,1,0.410921,0.168856,14,21,50,1,0,250
250,22,1,0.162386,0.0263692,12,27,51,1,0,250
250,23,1,0.735331,0.540711,60,26,52,1,0,250
250,24,1,0.448647,0.201284,1,42,52,1,0,250
250,25,2,1.2135,0.807184,27.5,28.5,53.5,0,0,250
250,26,1,0.57783,0.333887,55,36,54,-1,0,250
250,27,1,0.206943,0.0428253,53,50,55,-1,0,250
250,28,1,0.88729,0.787283,23,51,57,-1,0,250
250,29,1,0.315811,0.0997365,21,30,58,-1,0,250
250,30,1,0.241199,0.058177,55,33,58,1,0,250
250,31,1,0.519794,0.270186,27,40,59,1,0,250
300,32,1,0.554604,0.307586,21,34,2,1,0,300
300,33,1,1.08078,1.16809,49,43,2,1,0,300
300,34,1,0.663502,0.440235,8,6,4,1,0,300
300,35,1,0.403055,0.162453,5,47,4,1,0,300
300,36,1,0.396716,0.157383,60,16,6,1,0,300
300,37,1,0.695044,0.483086,1,13,7,1,0,300
300,38,1,0.424118,0.179876,34,20,7,1,0,300
300,0,1,0.537137,0.288516,17,48,9,1,50,250
300,1,1,0.454331,0.206417,31,17,10,1,50,250
300,2,1,0.25545,0.0652549,22,24,15,1,50,250
300,39,1,0.741838,0.550323,1,47,15,-1,0,300
300,40,1,0.245681,0.0603591,4,17,16,-1,0,300
300,3,1,0.493539,0.243581,26,6,17,-1,50,250
300,4,1,0.628483,0.394991,49,51,17,-1,50,250
300,41,1,0.458683,0.210391,45,41,18,-1,0,300
300,5,1,0.396756,0.157416,58,29,19,1,50,250
300,42,1,0.25436,0.0646993,48,41,19,-1,0,300
300,43,1,0.307514,0.0945647,7,32,22,-1,0,300
300,44,1,0.505899,0.255934,45,28,23,-1,0,300
300,6,1,0.291273,0.0848399,34,14,24,1,50,250
300,7,1,0.486967,0.237137,47,5,26,1,50,250
300,8,1,0.53362,0.284751,39,20,26,1,50,250
300,9,1,0.681579,0.46455,8,10,29,-1,50,250
300,10,1,0.291229,0.0848141,27,61,29,1,50,250
300,45,1,0.943317,0.889848,18,5,30,1,0,300
300,46,1,0.308963,0.0954581,45,39,30,-1,0,300
300,11,1,0.784835,0.615966,49,27,32,-1,50,250
300,12,1,0.686538,0.471335,32,32,32,1,50,250
300,13,1,0.293026,0.0858641,41,9,33,-1,50,250
300,47,1,1.09821,1.20606,47,27,33,-1,0,300
300,14,1,0.204322,0.0417476,62,38,33,-1,50,250
300,48,1,0.389046,0.151356,41,45,33,1,0,300
300,15,1,0.334561,0.111931,36,10,35,1,50,250
300,49,1,0.0762105,0.00580803,15,37,35,1,0,300
300,50,1,0.288389,0.0831682,46,54,35,1,0,300
300,51,1,1.66775,2.7814,9,49,36,-1,0,300
300,16,1,0.652992,0.426399,25,34,38,-1,50,250
300,52,1,0.232464,0.0540393,34,39,38,1,0,300
300,17,1,0.207231,0.0429446,56,22,39,1,50,250
300,18,1,0.176366,0.0311048,49,24,39,1,50,250
300,19,1,0.501059,0.251061,11,56,39,-1,50,250
300,53,1,0.600114,0.360137,8,28,44,1,0,300
300,54,1,0.477635,0.228135,42,17,45,-1,0,300
300,20,1,0.654449,0.428303,40,61,46,1,50,250
300,55,1,0.461674,0.213143,58,49,49,-1,0,300
300,21,1,0.647688,0.4195,14,21,50,1,50,250
300,23,1,0.825797,0.681941,62,26,50,-1,50,250
300,22,1,0.560948,0.314663,12,27,51,1,50,250
300,56,1,1.65498,2.73897,55,22,52,1,0,300
300,57,1,0.69045,0.476721,60,26,52,1,0,300
300,24,1,0.422104,0.178172,1,42,52,1,50,250
300,25,3,1.84222,1.13374,27.6667,28.3333,53.3333,-1,50,250
300,58,1,0.473082,0.223807,57,11,54,-1,0,300
300,26,1,0.431393,0.1861,55,36,54,-1,50,250
300,27,1,0.57902,0.335264,53,50,55,-1,50,250
300,59,1,0.670833,0.450017,45,1,56,1,0,300
300,28,1,0.678659,0.460578,23,51,57,-1,50,250
300,60,1,0.64075,0.41056,5,54,57,-1,0,300
300,29,1,0.548613,0.300976,21,30,58,-1,50,250
300,30,1,0.713675,0.509331,55,33,58,1,50,250
300,61,1,0.281571,0.0792823,7,33,59,1,0,300
300,31,1,0.470268,0.221152,27,40,59,1,50,250
300,62,1,0.672226,0.451888,31,55,59,-1,0,300
300,63,1,0.634553,0.402658,38,11,60,-1,0,300
300,64,1,0.38844,0.150885,12,34,60,1,0,300
300,65,1,0.492524,0.24258,63,35,60,-1,0,300
300,66,1,0.456777,0.208646,21,57,60,1,0,300
300,67,1,0.557767,0.311105,36,60,60,-1,0,300
300,68,1,0.298797,0.0892794,61,37,61,1,0,300
350,32,1,0.663756,0.440572,21,34,2,1,50,300
350,33,1,0.833458,0.694653,49,43,2,1,50,300
350,34,1,0.40795,0.166423,8,6,4,1,50,300
350,35,1,0.423131,0.17904,5,47,4,1,50,300
350,69,1,0.925492,0.856536,40,6,5,-1,0,350
350,36,1,0.403064,0.162461,60,16,6,1,50,300
350,70,1,0.665947,0.443485,44,24,6,-1,0,350
350,37,1,0.766346,0.587286,1,13,7,1,50,300
350,38,1,0.984754,0.969741,34,20,7,1,50,300
350,71,1,0.542641,0.294459,11,42,9,1,0,350
350,0,1,0.146114,0.0213492,17,48,9,1,100,250
350,72,1,1.05124,1.10511,1,62,9,-1,0,350
350,1,1,0.824305,0.679479,31,17,10,1,100,250
350,73,1,0.856668,0.73388,13,22,11,1,0,350
350,74,1,0.635411,0.403748,63,18,12,1,0,350
350,75,1,0.184541,0.0340556,54,32,12,-1,0,350
350,76,1,0.746175,0.556777,13,45,12,-1,0,350
350,77,1,0.625785,0.391607,28,11,14,1,0,350
350,2,1,0.748994,0.560992,22,24,15,1,100,250
350,39,1,0.429035,0.184071,1,47,15,-1,50,300
350,78,1,0.267968,0.0718071,14,6,16,1,0,350
350,40,1,0.976321,0.953203,4,17,16,-1,50,300
350,3,1,0.269619,0.0726945,26,6,17,-1,100,250
350,4,1,0.553066,0.305882,49,51,17,-1,100,250
350,41,1,0.238586,0.0569235,45,41,18,-1,50,300
350,5,1,0.400423,0.160339,58,29,19,1,100,250
350,42,1,0.681338,0.464221,48,41,19,-1,50,300
350,79,1,0.29744,0.0884708,50,30,20,1,0,350
350,80,1,1.00736,1.01477,57,28,22,1,0,350
350,43,1,0.608002,0.369666,7,32,22,-1,50,300
350,81,1,0.575393,0.331077,16,27,23,1,0,350
350,44,1,0.74012,0.547777,45,28,23,-1,50,300
350,82,1,0.961059,0.923633,21,40,23,-1,0,350
350,83,1,1.04105,1.08378,29,49,23,-1,0,350
350,84,1,1.05124,1.1051,58,62,23,1,0,350
350,6,1,0.304122,0.0924901,34,14,24,1,100,250
350,85,1,0.661672,0.43781,55,19,24,-1,0,350
350,7,1,0.575963,0.331733,47,5,26,1,100,250
350,86,1,0.348308,0.121319,48,11,26,1,0,350
350,8,1,0.61614,0.379629,39,20,26,1,100,250
350,87,1,0.672769,0.452618,60,33,27,1,0,350
350,88,1,0.193007,0.0372519,55,10,28,1,0,350
350,89,1,0.356395,0.127018,43,21,28,-1,0,350
350,90,1,0.171724,0.0294893,16,32,28,1,0,350
350,91,1,0.766533,0.587572,23,2,29,1,0,350
350,9,1,0.269062,0.0723944,8,10,29,-1,100,250
350,92,1,0.890709,0.793362,49,20,29,1,0,350
350,10,1,0.0846333,0.0071628,27,61,29,1,100,250
350,93,1,0.372696,0.138903,60,62,29,1,0,350
350,45,1,0.730357,0.533421,18,5,30,1,50,300
350,46,1,0.562546,0.316458,45,39,30,-1,50,300
350,94,1,0.761053,0.579202,53,35,31,1,0,350
350,95,1,0.681342,0.464227,18,38,31,-1,0,350
350,11,1,0.676417,0.45754,49,27,32,-1,100,250
350,12,1,0.428012,0.183195,32,32,32,1,100,250
350,96,1,1.65163,2.72787,37,42,32,1,0,350
350,13,1,0.195079,0.038056,41,9,33,-1,100,250
350,47,1,0.302457,0.0914804,47,27,33,-1,50,300
350,14,1,0.497258,0.247266,62,38,33,-1,100,250
350,48,1,0.949919,0.902346,41,45,33,1,50,300
350,15,1,0.177116,0.0313701,36,10,35,1,100,250
350,49,1,0.546515,0.298678,15,37,35,1,50,300
350,97,1,0.658528,0.433659,48,49,35,-1,0,350
350,50,1,0.0820627,0.00673429,46,54,35,1,50,300
350,51,1,0.636655,0.40533,9,49,36,-1,50,300
350,98,1,0.996523,0.993059,15,63,36,1,0,350
350,99,1,0.498164,0.248167,57,29,37,1,0,350
350,100,1,0.371819,0.13825,16,10,38,1,0,350
350,16,1,0.315869,0.0997731,25,34,38,-1,100,250
350,52,1,0.962832,0.927045,34,39,38,1,50,300
350,101,1,0.582402,0.339192,42,53,38,-1,0,350
350,17,1,0.24718,0.061098,56,22,39,1,100,250
350,18,1,0.374478,0.140234,49,24,39,1,100,250
350,19,1,0.353625,0.125051,11,56,39,-1,100,250
350,102,1,0.586955,0.344516,22,0,42,-1,0,350
350,103,1,1.57927,2.49408,30,57,43,1,0,350
350,104,1,1.72407,2.97243,4,20,44,1,0,350
350,53,1,0.530116,0.281023,8,28,44,1,50,300
350,105,1,0.99305,0.986148,11,36,44,-1,0,350
350,54,2,1.01002,0.561653,42,17.5,45,0,50,300
350,106,1,0.470289,0.221172,57,33,45,-1,0,350
350,107,1,0.492526,0.242582,36,61,45,1,0,350
350,20,1,0.377413,0.142441,40,61,46,1,100,250
350,108,1,0.700781,0.491094,33,2,49,-1,0,350
350,55,1,0.745445,0.555688,58,49,49,-1,50,300
350,21,1,0.862906,0.744606,14,21,50,1,100,250
350,23,1,0.565069,0.319303,62,26,50,-1,100,250
350,22,1,0.556204,0.309363,12,27,51,1,100,250
350,56,1,0.173262,0.0300198,55,22,52,1,50,300
350,57,1,0.829921,0.688768,60,26,52,1,50,300
350,24,1,1.08435,1.17582,1,42,52,1,100,250
350,109,1,0.755413,0.570649,33,0,53,1,0,350
350,110,1,0.233717,0.0546235,52,18,53,-1,0,350
350,25,3,1.7211,1.05404,27.6667,28.3333,53.3333,-1,100,250
350,58,1,0.144444,0.020864,57,11,54,-1,50,300
350,26,1,0.424514,0.180212,55,36,54,-1,100,250
350,27,1,0.453908,0.206032,53,50,55,-1,100,250
350,59,1,0.451222,0.203602,45,1,56,1,50,300
350,111,1,1.09782,1.2052,47,19,57,-1,0,350
350,30,2,1.54917,1.34603,55,33,57.5,0,100,250
350,28,1,0.420557,0.176869,23,51,57,-1,100,250
350,60,1,0.529046,0.27989,5,54,57,-1,50,300
350,112,1,0.525678,0.276337,23,5,58,1,0,350
350,113,1,0.798775,0.638042,39,18,58,-1,0,350
350,29,1,0.539843,0.29143,21,30,58,-1,100,250
350,114,1,0.770223,0.593244,44,20,59,-1,0,350
350,61,1,0.125299,0.0156999,7,33,59,1,50,300
350,31,1,0.470965,0.221808,27,40,59,1,100,250
350,62,1,0.676091,0.4571,31,55,59,-1,50,300
350,115,1,1.07289,1.1511,9,56,59,1,0,350
350,63,1,0.405129,0.164129,38,11,60,-1,50,300
350,64,1,0.645873,0.417152,12,34,60,1,50,300
350,65,1,0.169283,0.0286567,63,35,60,-1,50,300
350,66,1,0.506719,0.256764,21,57,60,1,50,300
350,67,1,0.679544,0.46178,36,60,60,-1,50,300
350,68,1,0.33474,0.112051,61,37,61,1,50,300
400,116,1,0.527058,0.27779,4,48,0,1,0,400
400,117,1,0.246914,0.0609668,49,52,0,-1,0,400
400,118,1,1.43703,2.06505,6,59,1,-1,0,400
400,119,1,0.640495,0.410233,35,62,1,1,0,400
400,120,1,0.490275,0.240369,41,24,2,1,0,400
400,32,1,0.316246,0.100011,21,34,2,1,100,300
400,33,1,0.052268,0.00273194,49,43,2,1,100,300
400,34,2,2.01343,2.37977,8,6,3.5,0,100,300
400,121,1,0.194883,0.0379793,14,38,3,-1,0,400
400,122,1,0.535102,0.286335,58,50,3,-1,0,400
400,123,1,0.806598,0.6506,49,63,3,-1,0,400
400,124,1,0.512754,0.262916,56,40,4,1,0,400
400,35,1,0.479112,0.229549,5,47,4,1,100,300
400,69,1,0.488981,0.239103,40,6,5,-1,50,350
400,125,1,1.38548,1.91955,59,41,5,1,0,400
400,36,1,0.468806,0.219779,60,16,6,1,100,300
400,70,1,0.42077,0.177048,44,24,6,-1,50,350
400,126,1,0.917412,0.841646,34,59,6,-1,0,400
400,37,1,0.168197,0.0282904,1,13,7,1,100,300
400,38,1,0.423209,0.179105,34,20,7,1,100,300
400,127,1,1.25366,1.57165,14,21,7,1,0,400
400,128,1,0.599206,0.359048,34,28,7,-1,0,400
400,71,1,0.626587,0.392611,11,42,9,1,50,350
400,0,1,0.650094,0.422622,17,48,9,1,150,250
400,72,1,0.777989,0.605267,1,62,9,-1,50,350
400,1,1,0.928687,0.862459,31,17,10,1,150,250
400,129,1,0.69321,0.48054,14,51,10,-1,0,400
400,130,1,0.381908,0.145854,20,1,11,-1,0,400
400,131,1,0.30567,0.0934343,52,5,11,1,0,400
400,73,1,0.278087,0.0773325,13,22,11,1,50,350
400,132,1,0.665161,0.442439,47,34,11,-1,0,400
400,133,1,0.34251,0.117313,22,39,11,-1,0,400
400,134,1,1.76662,3.12093,3,40,11,1,0,400
400,74,1,0.482864,0.233157,63,18,12,1,50,350
400,135,1,1.09374,1.19626,60,28,12,-1,0,400
400,75,1,0.289709,0.0839311,54,32,12,-1,50,350
400,76,1,0.567385,0.321926,13,45,12,-1,50,350
400,136,1,0.42301,0.178937,33,49,12,1,0,400
400,137,1,1.06469,1.13357,17,10,13,1,0,400
400,138,1,1.34685,1.81401,54,56,13,-1,0,400
400,77,1,0.402176,0.161746,28,11,14,1,50,350
400,139,1,0.126295,0.0159505,24,59,14,1,0,400
400,140,1,0.194552,0.0378503,48,13,15,-1,0,400
400,2,1,0.255861,0.0654651,22,24,15,1,150,250
400,39,1,0.334883,0.112147,1,47,15,-1,100,300
400,141,1,0.108313,0.0117316,54,4,16,1,0,400
400,78,1,0.605087,0.36613,14,6,16,1,50,350
400,40,1,0.453612,0.205764,4,17,16,-1,100,300
400,142,1,0.680401,0.462945,39,52,16,1,0,400
400,3,1,0.921747,0.849617,26,6,17,-1,150,250
400,143,1,0.451146,0.203533,21,17,17,1,0,400
400,4,1,0.288048,0.0829717,49,51,17,-1,150,250
400,144,1,0.948229,0.899138,19,57,17,-1,0,400
400,145,1,1.0582,1.11978,15,12,18,1,0,400
400,41,1,0.399645,0.159716,45,41,18,-1,100,300
400,146,1,1.14313,1.30674,38,49,18,-1,0,400
400,147,1,0.54898,0.30138,43,52,18,1,0,400
400,148,1,0.546393,0.298545,58,3,19,-1,0,400
400,149,1,0.716501,0.513373,63,4,19,-1,0,400
400,5,1,0.588675,0.346538,58,29,19,1,150,250
400,42,1,0.806363,0.650221,48,41,19,-1,100,300
400,79,1,0.559299,0.312816,50,30,20,1,50,350
400,85,1,0.597381,0.356864,54,19,21,-1,50,350
400,150,1,0.40011,0.160088,27,23,21,-1,0,400
400,80,1,0.444446,0.197533,57,28,22,1,50,350
400,43,1,0.349223,0.121957,7,32,22,-1,100,300
400,151,1,0.823928,0.678857,4,62,22,1,0,400
400,81,1,0.572985,0.328312,16,27,23,1,50,350
400,44,1,0.531071,0.282037,45,28,23,-1,100,300
400,82,1,0.755142,0.570239,21,40,23,-1,50,350
400,83,1,0.213916,0.0457602,29,49,23,-1,50,350
400,84,1,0.484963,0.235189,58,62,23,1,50,350
400,6,1,0.638865,0.408148,34,14,24,1,150,250
400,152,1,0.610044,0.372153,55,19,24,-1,0,400
400,153,1,0.187853,0.0352887,7,52,24,1,0,400
400,154,1,0.214449,0.0459885,17,13,25,1,0,400
400,155,1,0.522526,0.273033,38,50,25,-1,0,400
400,7,1,0.405928,0.164777,47,5,26,1,150,250
400,86,1,0.945748,0.894439,48,11,26,1,50,350
400,8,1,0.203179,0.0412818,39,20,26,1,150,250
400,87,1,0.398309,0.15865,60,33,27,1,50,350
400,156,1,0.324907,0.105564,55,3,28,-1,0,400
400,157,1,0.532442,0.283494,62,6,28,1,0,400
400,88,1,0.846019,0.715748,55,10,28,1,50,350
400,89,1,1.03429,1.06976,43,21,28,-1,50,350
400,90,1,0.835409,0.697908,16,32,28,1,50,350
400,91,1,1.10361,1.21795,23,2,29,1,50,350
400,9,1,0.348084,0.121163,8,10,29,-1,150,250
400,92,1,0.558947,0.312421,49,20,29,1,50,350
400,158,1,1.00004,1.00009,10,29,29,1,0,400
400,159,1,0.746713,0.557581,8,51,29,1,0,400
400,10,1,1.11133,1.23505,27,61,29,1,150,250
400,93,1,0.997422,0.99485,60,62,29,1,50,350
400,45,1,0.430041,0.184935,18,5,30,1,100,300
400,46,1,0.797307,0.635699,45,39,30,-1,100,300
400,160,2,1.17435,0.752441,30,42.5,30,2,0,400
400,161,1,0.225107,0.050673,49,6,31,-1,0,400
400,94,1,0.66549,0.442877,53,35,31,1,50,350
400,95,1,0.598088,0.357709,18,38,31,-1,50,350
400,162,1,0.625233,0.390916,43,51,31,1,0,400
400,11,1,0.45612,0.208046,49,27,32,-1,150,250
400,12,1,0.393111,0.154536,32,32,32,1,150,250
400,96,1,0.796614,0.634595,37,42,32,1,50,350
400,13,1,0.392358,0.153945,41,9,33,-1,150,250
400,163,1,0.524663,0.275271,56,22,33,1,0,400
400,47,1,0.18348,0.033665,47,27,33,-1,100,300
400,164,1,1.67956,2.82093,47,38,33,-1,0,400
400,14,1,0.500355,0.250355,62,38,33,-1,150,250
400,48,1,0.647456,0.419199,41,45,33,1,100,300
400,165,1,0.567781,0.322376,39,2,34,1,0,400
400,166,1,0.550407,0.302948,63,25,34,-1,0,400
400,15,1,0.642153,0.41236,36,10,35,1,150,250
400,49,1,1.39887,1.95685,15,37,35,1,100,300
400,97,1,0.472422,0.223183,48,49,35,-1,50,350
400,50,1,0.866554,0.750916,46,54,35,1,100,300
400,51,1,0.717782,0.515211,9,49,36,-1,100,300
400,98,1,0.522472,0.272977,15,63,36,1,50,350
400,99,1,0.403007,0.162414,57,29,37,1,50,350
400,167,1,0.428637,0.18373,1,34,37,-1,0,400
400,168,1,0.703189,0.494475,10,37,37,1,0,400
400,100,1,0.840292,0.706091,16,10,38,1,50,350
400,16,1,0.591698,0.350107,25,34,38,-1,150,250
400,52,1,0.203194,0.041288,34,39,38,1,100,300
400,101,1,0.467172,0.21825,42,53,38,-1,50,350
400,17,1,1.25193,1.56732,56,22,39,1,150,250
400,18,1,0.530412,0.281337,49,24,39,1,150,250
400,169,1,0.381071,0.145215,43,43,39,-1,0,400
400,19,1,0.618014,0.381941,11,56,39,-1,150,250
400,170,1,0.704272,0.495999,40,10,41,1,0,400
400,171,1,0.47701,0.227538,0,13,41,-1,0,400
400,102,1,0.654241,0.428032,22,0,42,-1,50,350
400,172,1,0.926993,0.859317,58,61,42,-1,0,400
400,173,1,0.697143,0.486009,11,45,43,-1,0,400
400,103,1,0.462952,0.214325,30,57,43,1,50,350
400,174,1,0.512119,0.262266,10,0,44,-1,0,400
400,104,1,0.330198,0.109031,4,20,44,1,50,350
400,53,1,0.198832,0.0395342,8,28,44,1,100,300
400,105,1,0.797783,0.636458,11,36,44,-1,50,350
400,175,1,0.576944,0.332864,29,50,44,-1,0,400
400,176,1,0.841431,0.708007,53,63,44,1,0,400
400,54,2,1.34849,1.07714,42,17.5,45,0,100,300
400,106,1,0.700356,0.490498,57,33,45,-1,50,350
400,107,1,0.329377,0.108489,36,61,45,1,50,350
400,20,1,0.454686,0.20674,40,61,46,1,150,250
400,177,1,0.168911,0.0285309,55,8,48,1,0,400
400,108,1,0.450318,0.202786,33,2,49,-1,50,350
400,178,1,0.667116,0.445044,56,27,49,1,0,400
400,179,1,0.625852,0.391691,1,31,49,-1,0,400
400,55,1,0.242513,0.0588125,58,49,49,-1,100,300
400,21,1,0.308192,0.0949824,14,21,50,1,150,250
400,23,1,0.65084,0.423592,62,26,50,-1,150,250
400,22,1,0.423241,0.179133,12,27,51,1,150,250
400,180,1,0.1632,0.0266343,61,55,51,-1,0,400
400,181,1,0.601629,0.361958,57,5,52,-1,0,400
400,182,1,1.25862,1.58413,53,14,52,-1,0,400
400,56,1,1.12692,1.26995,55,22,52,1,100,300
400,57,1,1.00622,1.01247,60,26,52,1,100,300
400,24,1,0.756409,0.572154,1,42,52,1,150,250
400,183,1,0.134011,0.0179588,54,44,52,-1,0,400
400,109,1,0.818637,0.670166,33,0,53,1,50,350
400,110,1,0.257539,0.0663262,52,18,53,-1,50,350
400,25,3,2.41361,2.01758,27.6667,28.3333,53.3333,-1,150,250
400,184,1,0.861027,0.741368,51,42,53,1,0,400
400,185,1,0.664024,0.440928,3,60,53,-1,0,400
400,186,1,0.568155,0.322801,39,60,53,-1,0,400
400,58,2,1.37715,0.965052,56.5,11.5,54,0,100,300
400,26,1,0.63499,0.403212,55,36,54,-1,150,250
400,187,1,0.388657,0.151054,63,57,54,-1,0,400
400,188,1,0.536227,0.28754,11,26,55,-1,0,400
400,27,1,0.740526,0.548379,53,50,55,-1,150,250
400,59,1,0.687164,0.472195,45,1,56,1,100,300
400,189,1,0.80481,0.647719,35,12,57,1,0,400
400,111,1,0.447766,0.200494,47,19,57,-1,50,350
400,30,2,1.06309,0.633523,55,33,57.5,0,150,250
400,28,1,0.262459,0.0688846,23,51,57,-1,150,250
400,60,1,0.400955,0.160765,5,54,57,-1,100,300
400,112,2,1.47483,1.27392,23,5,58.5,0,50,350
400,190,1,0.374575,0.140307,8,15,58,-1,0,400
400,113,1,0.840153,0.705856,39,18,58,-1,50,350
400,29,1,0.519446,0.269824,21,30,58,-1,150,250
400,191,1,0.509498,0.259588,46,13,59,1,0,400
400,114,1,0.299337,0.0896026,44,20,59,-1,50,350
400,61,1,0.333379,0.111142,7,33,59,1,100,300
400,31,1,0.255726,0.0653956,27,40,59,1,150,250
400,62,1,0.718377,0.516066,31,55,59,-1,100,300
400,115,1,0.74782,0.559234,9,56,59,1,50,350
400,63,1,0.380789,0.145001,38,11,60,-1,100,300
400,192,1,0.447327,0.200101,18,16,60,1,0,400
400,193,1,0.263979,0.0696848,25,24,60,1,0,400
400,64,1,0.615141,0.378399,12,34,60,1,100,300
400,194,1,0.606214,0.367496,56,34,60,-1,0,400
400,65,2,1.29305,0.851217,63,35.5,60.5,0,100,300
400,66,1,0.0666351,0.00444024,21,57,60,1,100,300
400,67,1,0.419532,0.176007,36,60,60,-1,100,300
400,195,1,0.482436,0.232744,27,5,61,-1,0,400
400,196,1,0.857808,0.735835,24,7,61,-1,0,400
400,68,1,0.0765607,0.00586154,61,37,61,1,100,300
400,197,2,1.28116,0.981097,11,24,62.5,-2,0,400
400,198,1,0.761365,0.579677,48,31,62,1,0,400
400,199,1,0.23198,0.0538146,40,61,62,-1,0,400
450,116,1,0.616991,0.380678,4,48,0,1,50,400
450,117,1,0.631366,0.398623,49,52,0,-1,50,400
450,200,1,0.295611,0.0873861,13,57,1,-1,0,450
450,118,1,0.705495,0.497724,6,59,1,-1,50,400
450,119,1,1.08814,1.18405,35,62,1,1,50,400
450,201,1,0.546479,0.298639,60,19,2,-1,0,450
450,120,1,0.56309,0.317071,41,24,2,1,50,400
450,202,1,0.967123,0.935327,25,27,2,1,0,450
450,203,1,0.403734,0.163001,2,30,2,1,0,450
450,204,1,0.426452,0.181861,48,30,2,1,0,450
450,32,1,0.474903,0.225533,21,34,2,1,150,300
450,33,1,0.458722,0.210426,49,43,2,1,150,300
450,34,2,0.948867,0.574745,8,6,3.5,0,150,300
450,121,1,0.658889,0.434135,14,38,3,-1,50,400
450,122,1,0.286715,0.0822053,58,50,3,-1,50,400
450,205,1,1.32439,1.75402,14,63,3,1,0,450
450,123,1,0.492779,0.242831,49,63,3,-1,50,400
450,206,1,0.457508,0.209314,37,3,4,-1,0,450
450,124,1,0.243628,0.0593544,56,40,4,1,50,400
450,35,1,0.414274,0.171623,5,47,4,1,150,300
450,69,1,0.488424,0.238558,40,6,5,-1,100,350
450,207,1,0.549339,0.301774,62,33,5,-1,0,450
450,125,1,0.424845,0.180494,59,41,5,1,50,400
450,36,1,0.605575,0.366721,60,16,6,1,150,300
450,208,1,0.139253,0.0193914,5,19,6,1,0,450
450,70,1,0.512118,0.262265,44,24,6,-1,100,350
450,209,1,0.580313,0.336763,1,25,6,1,0,450
450,210,1,0.865882,0.749751,23,46,6,-1,0,450
450,211,1,0.297104,0.0882709,50,57,6,-1,0,450
450,126,1,0.680172,0.462634,34,59,6,-1,50,400
450,37,1,0.416024,0.173076,1,13,7,1,150,300
450,38,1,0.407203,0.165814,34,20,7,1,150,300
450,127,1,0.817643,0.66854,14,21,7,1,50,400
450,212,1,0.554464,0.307431,28,27,7,1,0,450
450,128,1,0.561936,0.315772,34,28,7,-1,50,400
450,213,1,0.51858,0.268925,13,36,9,-1,0,450
450,71,1,0.56076,0.314452,11,42,9,1,100,350
450,0,1,0.705319,0.497475,17,48,9,1,200,250
450,214,1,0.388555,0.150975,52,54,9,1,0,450
450,72,1,0.363859,0.132393,1,62,9,-1,100,350
450,1,1,0.424981,0.180609,31,17,10,1,200,250
450,215,1,0.606752,0.368148,14,30,10,1,0,450
450,129,1,0.223418,0.0499155,14,51,10,-1,50,400
450,130,1,1.00271,1.00543,20,1,11,-1,50,400
450,131,1,0.0963714,0.00928744,52,5,11,1,50,400
450,73,1,0.581354,0.337972,13,22,11,1,100,350
450,132,1,0.281873,0.0794521,47,34,11,-1,50,400
450,133,1,0.472244,0.223015,22,39,11,-1,50,400
450,134,1,0.567631,0.322205,3,40,11,1,50,400
450,74,1,0.814557,0.663503,63,18,12,1,100,350
450,135,1,0.523799,0.274365,60,28,12,-1,50,400
450,75,1,0.825536,0.681511,54,32,12,-1,100,350
450,76,1,0.434242,0.188566,13,45,12,-1,100,350
450,136,1,0.638403,0.407559,33,49,12,1,50,400
450,216,1,0.54064,0.292291,12,51,12,1,0,450
450,217,1,0.654844,0.428821,31,62,12,-1,0,450
450,137,1,0.247191,0.0611032,17,10,13,1,50,400
450,138,1,0.336362,0.113139,54,56,13,-1,50,400
450,218,1,0.593832,0.352637,14,63,13,-1,0,450
450,77,1,0.736835,0.542926,28,11,14,1,100,350
450,139,1,0.601385,0.361664,24,59,14,1,50,400
450,140,1,0.899787,0.809617,48,13,15,-1,50,400
450,2,1,1.12581,1.26744,22,24,15,1,200,250
450,219,1,0.510317,0.260423,22,42,15,-1,0,450
450,39,1,0.59571,0.35487,1,47,15,-1,150,300
450,141,1,0.382495,0.146302,54,4,16,1,50,400
450,78,1,0.324693,0.105425,14,6,16,1,100,350
450,40,1,0.771678,0.595487,4,17,16,-1,150,300
450,142,1,0.787987,0.620923,39,52,16,1,50,400
450,3,1,0.201472,0.0405908,26,6,17,-1,200,250
450,220,1,0.244839,0.0599463,47,13,17,-1,0,450
450,143,1,0.716497,0.513369,21,17,17,1,50,400
450,221,1,0.815662,0.665304,0,38,17,-1,0,450
450,4,1,0.498744,0.248746,49,51,17,-1,200,250
450,144,1,0.41505,0.172266,19,57,17,-1,50,400
450,145,1,0.750092,0.562638,15,12,18,1,50,400
450,41,1,0.667906,0.446098,45,41,18,-1,150,300
450,146,1,0.787163,0.619626,38,49,18,-1,50,400
450,147,1,0.663963,0.440847,43,52,18,1,50,400
450,148,1,0.567326,0.321859,58,3,19,-1,50,400
450,149,1,0.495132,0.245156,63,4,19,-1,50,400
450,222,2,0.871423,0.444506,45.5,19.5,19.5,0,0,450
450,5,1,0.603192,0.36384,58,29,19,1,200,250
450,42,1,0.27266,0.0743432,48,41,19,-1,150,300
450,223,1,0.51256,0.262717,37,15,20,1,0,450
450,79,1,0.260852,0.068044,50,30,20,1,100,350
450,224,1,0.551627,0.304292,17,52,20,1,0,450
450,85,1,0.413442,0.170934,54,19,21,-1,100,350
450,150,1,0.974262,0.949187,27,23,21,-1,50,400
450,44,1,0.726996,0.528524,45,26,22,1,150,300
450,80,1,0.625706,0.391509,57,28,22,1,100,350
450,43,1,0.259069,0.0671166,7,32,22,-1,150,300
450,151,1,0.72355,0.523525,4,62,22,1,50,400
450,81,1,0.655022,0.429054,15,24,23,1,100,350
450,225,1,0.400675,0.16054,16,27,23,1,0,450
450,226,1,0.27682,0.0766293,45,28,23,-1,0,450
450,82,1,0.231185,0.0534467,21,40,23,-1,100,350
450,83,1,0.468227,0.219237,29,49,23,-1,100,350
450,84,1,0.202832,0.0411408,58,62,23,1,100,350
450,6,1,0.35448,0.125656,34,14,24,1,200,250
450,152,1,0.486945,0.237115,55,19,24,-1,50,400
450,153,1,0.348949,0.121766,7,52,24,1,50,400
450,154,1,0.586082,0.343492,17,13,25,1,50,400
450,155,1,0.617824,0.381707,38,50,25,-1,50,400
450,227,1,1.11719,1.24811,3,59,25,-1,0,450
450,7,1,0.691874,0.47869,47,5,26,1,200,250
450,86,1,0.283683,0.0804763,48,11,26,1,100,350
450,8,1,0.273988,0.0750697,39,20,26,1,200,250
450,87,1,0.357039,0.127477,60,33,27,1,100,350
450,228,1,1.25595,1.57742,35,55,27,-1,0,450
450,156,1,0.396222,0.156992,55,3,28,-1,50,400
450,157,1,0.253674,0.0643507,62,6,28,1,50,400
450,88,1,0.154367,0.0238291,55,10,28,1,100,350
450,89,1,0.515955,0.266209,43,21,28,-1,100,350
450,90,1,0.489294,0.239408,16,32,28,1,100,350
450,91,1,0.575048,0.33068,23,2,29,1,100,350
450,9,1,0.251331,0.0631673,8,10,29,-1,200,250
450,92,1,0.781878,0.611332,49,20,29,1,100,350
450,158,1,0.0737758,0.00544288,10,29,29,1,50,400
450,159,1,0.430559,0.185381,8,51,29,1,50,400
450,10,1,0.680611,0.463231,27,61,29,1,200,250
450,93,1,0.424756,0.180418,60,62,29,1,100,350
450,45,1,0.313755,0.0984422,18,5,30,1,150,300
450,229,1,0.484602,0.234839,35,35,30,-1,0,450
450,230,1,0.420709,0.176996,33,36,30,1,0,450
450,46,1,0.412896,0.170483,45,39,30,-1,150,300
450,160,2,0.928734,0.439878,30,42.5,30,2,50,400
450,161,1,0.87034,0.757492,49,6,31,-1,50,400
450,231,1,0.651877,0.424943,40,21,31,1,0,450
450,232,1,0.72991,0.532769,22,26,31,-1,0,450
450,94,1,0.351673,0.123674,53,35,31,1,100,350
450,95,1,0.628074,0.394477,18,38,31,-1,100,350
450,162,1,1.23813,1.53296,43,51,31,1,50,400
450,233,1,0.159213,0.0253489,28,56,31,1,0,450
450,234,1,0.596553,0.355875,5,7,32,-1,0,450
450,11,1,0.255094,0.0650729,49,27,32,-1,200,250
450,12,1,0.457859,0.209634,32,32,32,1,200,250
450,96,1,0.337512,0.113914,37,42,32,1,100,350
450,13,1,0.598132,0.357762,41,9,33,-1,200,250
450,163,1,1.11327,1.23936,56,22,33,1,50,400
450,47,1,0.391459,0.15324,47,27,33,-1,150,300
450,164,1,0.35249,0.124249,47,38,33,-1,50,400
450,14,1,0.627181,0.393356,62,38,33,-1,200,250
450,48,1,0.368501,0.135793,41,45,33,1,150,300
450,165,1,0.436696,0.190703,39,2,34,1,50,400
450,166,1,0.561295,0.315053,63,25,34,-1,50,400
450,15,1,0.838448,0.702996,36,10,35,1,200,250
450,235,1,0.181278,0.0328618,6,30,35,-1,0,450
450,49,1,0.90803,0.824518,15,37,35,1,150,300
450,97,1,0.535709,0.286984,48,49,35,-1,100,350
450,50,1,0.645784,0.417038,46,54,35,1,150,300
450,236,1,0.161224,0.0259932,16,47,36,1,0,450
450,51,1,0.460198,0.211782,9,49,36,-1,150,300
450,237,1,0.929018,0.863075,15,55,36,1,0,450
450,98,1,0.580542,0.337029,15,63,36,1,100,350
450,238,1,0.523954,0.274528,39,6,37,1,0,450
450,99,1,0.639429,0.40887,57,29,37,1,100,350
450,167,1,0.198997,0.0395999,1,34,37,-1,50,400
450,168,1,0.249375,0.0621877,10,37,37,1,50,400
450,100,1,0.547245,0.299477,16,10,38,1,100,350
450,171,1,0.402579,0.16207,1,15,38,-1,50,400
450,16,1,0.851794,0.725554,25,34,38,-1,200,250
450,52,1,0.807588,0.652198,34,39,38,1,150,300
450,239,1,0.50848,0.258552,55,40,38,-1,0,450
450,101,1,0.596296,0.355569,42,53,38,-1,100,350
450,17,1,0.227041,0.0515476,56,22,39,1,200,250
450,18,1,0.667367,0.445379,49,24,39,1,200,250
450,169,1,0.675931,0.456882,43,43,39,-1,50,400
450,240,1,0.528651,0.279472,35,48,39,-1,0,450
450,19,1,0.79579,0.633281,9,56,39,1,200,250
450,241,1,0.788808,0.622218,11,56,39,-1,0,450
450,242,1,0.799047,0.638477,7,14,40,-1,0,450
450,243,1,0.613123,0.375919,48,21,40,1,0,450
450,170,1,0.609029,0.370916,40,10,41,1,50,400
450,244,1,0.19534,0.0381577,0,13,41,-1,0,450
450,245,1,0.614047,0.377053,42,27,41,1,0,450
450,53,1,0.347821,0.12098,7,28,41,1,150,300
450,246,1,0.458824,0.210519,21,30,41,1,0,450
450,102,1,1.25047,1.56368,22,0,42,-1,100,350
450,247,1,0.188088,0.035377,32,30,42,-1,0,450
450,248,1,0.425687,0.18121,52,44,42,-1,0,450
450,172,1,0.254044,0.0645385,58,61,42,-1,50,400
450,173,1,0.682134,0.465307,11,45,43,-1,50,400
450,103,1,0.254183,0.0646089,30,57,43,1,100,350
450,174,1,0.463825,0.215134,10,0,44,-1,50,400
450,104,1,0.779428,0.607508,4,20,44,1,100,350
450,249,1,0.864246,0.746921,8,28,44,1,0,450
450,105,1,0.408389,0.166782,11,36,44,-1,100,350
450,175,1,0.860767,0.74092,29,50,44,-1,50,400
450,176,1,0.2794,0.0780643,53,63,44,1,50,400
450,54,2,0.950631,0.491005,42,17.5,45,0,150,300
450,106,1,0.569149,0.32393,57,33,45,-1,100,350
450,107,1,0.564398,0.318545,36,61,45,1,100,350
450,20,1,0.289289,0.0836882,40,61,46,1,200,250
450,250,3,1.13958,0.555499,-0.333333,50,47.3333,1,0,450
450,177,1,0.570201,0.325129,55,8,48,1,50,400
450,251,1,0.210818,0.0444444,35,27,48,1,0,450
450,252,1,0.375003,0.140627,15,62,48,-1,0,450
450,108,1,1.19553,1.4293,33,2,49,-1,100,350
450,253,1,0.112278,0.0126064,58,12,49,1,0,450
450,178,1,0.269023,0.0723734,56,27,49,1,50,400
450,179,1,0.342191,0.117095,1,31,49,-1,50,400
450,55,1,0.743871,0.553344,58,49,49,-1,150,300
450,254,2,1.11456,0.626873,16.5,15,50,0,0,450
450,21,1,0.392454,0.15402,14,21,50,1,200,250
450,23,1,0.244756,0.0599054,62,26,50,-1,200,250
450,255,1,0.566554,0.320984,49,44,50,1,0,450
450,22,1,0.111993,0.0125424,12,27,51,1,200,250
450,180,1,0.187104,0.035008,61,55,51,-1,50,400
450,181,1,0.382712,0.146469,57,5,52,-1,50,400
450,182,1,0.465975,0.217133,53,14,52,-1,50,400
450,56,1,0.216296,0.0467838,55,22,52,1,150,300
450,57,1,0.363167,0.131891,60,26,52,1,150,300
450,24,1,0.258514,0.0668296,1,42,52,1,200,250
450,183,1,0.559704,0.313268,54,44,52,-1,50,400
450,109,1,0.666465,0.444175,33,0,53,1,100,350
450,110,1,0.279088,0.0778901,52,18,53,-1,100,350
450,256,1,0.481443,0.231788,20,26,53,-1,0,450
450,25,3,1.48001,0.773534,27.6667,28.3333,53.3333,-1,200,250
450,184,1,0.465373,0.216572,51,42,53,1,50,400
450,185,1,0.475085,0.225706,3,60,53,-1,50,400
450,186,1,0.36572,0.133751,39,60,53,-1,50,400
450,58,2,1.1059,0.616803,56.5,11.5,54,0,150,300
450,26,1,0.369248,0.136344,55,36,54,-1,200,250
450,187,1,0.805824,0.649353,63,57,54,-1,50,400
450,257,1,0.275257,0.0757667,18,60,54,1,0,450
450,258,1,0.513917,0.26411,6,25,55,-1,0,450
450,188,1,0.348279,0.121298,11,26,55,-1,50,400
450,259,1,1.17641,1.38393,8,33,55,1,0,450
450,27,1,0.535232,0.286473,53,50,55,-1,200,250
450,59,1,0.730149,0.533118,45,1,56,1,150,300
450,189,1,0.38397,0.147433,35,12,57,1,50,400
450,111,1,0.586648,0.344156,47,19,57,-1,100,350
450,30,2,1.33776,0.895991,55,33,57.5,0,200,250
450,28,1,0.335508,0.112566,23,51,57,-1,200,250
450,60,1,0.8214,0.674697,5,54,57,-1,150,300
450,112,2,0.830603,0.353136,23,5,58.5,0,100,350
450,190,1,0.540718,0.292376,8,15,58,-1,50,400
450,113,1,0.509569,0.259661,39,18,58,-1,100,350
450,29,1,0.282666,0.0799002,21,30,58,-1,200,250
450,191,1,0.494208,0.244241,46,13,59,1,50,400
450,114,1,0.433834,0.188212,44,20,59,-1,100,350
450,260,1,0.504812,0.254835,32,25,59,1,0,450
450,61,1,0.265033,0.0702425,7,33,59,1,150,300
450,31,1,0.85754,0.735375,27,40,59,1,200,250
450,62,1,0.560992,0.314712,31,55,59,-1,150,300
450,115,1,0.842042,0.709034,9,56,59,1,100,350
450,63,1,0.640182,0.409833,38,11,60,-1,150,300
450,192,1,0.628796,0.395385,18,16,60,1,50,400
450,193,1,1.00512,1.01026,25,24,60,1,50,400
450,261,1,0.92132,0.848831,6,31,60,-1,0,450
450,64,1,0.502082,0.252086,12,34,60,1,150,300
450,194,1,0.615626,0.378996,56,34,60,-1,50,400
450,262,1,0.626788,0.392864,53,35,60,1,0,450
450,65,2,1.36529,0.969286,63,35.5,60.5,0,150,300
450,66,1,0.690761,0.477151,21,57,60,1,150,300
450,67,1,0.777754,0.604901,36,60,60,-1,150,300
450,195,1,0.832627,0.693268,27,5,61,-1,50,400
450,196,1,0.766466,0.58747,24,7,61,-1,50,400
450,68,1,0.300913,0.0905484,61,37,61,1,150,300
450,263,1,0.82032,0.672925,42,8,62,-1,0,450
450,197,2,1.29921,0.933166,11,24,62.5,-2,50,400
450,198,2,1.29332,0.966785,48.5,31,62,0,50,400
450,199,1,0.725734,0.526689,40,61,62,-1,50,400
450,264,1,0.459191,0.210856,37,33,63,-1,0,450
500,265,1,0.226726,0.0514048,49,4,0,1,0,500
500,116,1,0.183404,0.0336371,4,48,0,1,100,400
500,266,1,0.529019,0.279861,28,49,0,1,0,500
500,117,1,0.190344,0.0362307,49,52,0,-1,100,400
500,267,1,0.6238,0.389126,61,1,1,-1,0,500
500,268,1,0.37882,0.143505,30,9,1,-1,0,500
500,200,1,0.535092,0.286324,13,57,1,-1,50,450
500,118,1,0.375605,0.141079,6,59,1,-1,100,400
500,119,1,0.586764,0.344292,35,62,1,1,100,400
500,201,1,0.306129,0.0937147,60,19,2,-1,50,450
500,120,2,0.988816,0.58999,41,23.5,2,0,100,400
500,202,1,0.32096,0.103015,25,27,2,1,50,450
500,203,1,0.681767,0.464807,2,30,2,1,50,450
500,204,1,0.377991,0.142877,48,30,2,1,50,450
500,32,1,0.315002,0.0992265,21,34,2,1,200,300
500,33,1,0.149626,0.022388,49,43,2,1,200,300
500,34,2,1.04667,0.71796,8,6,3.5,0,200,300
500,121,1,0.531162,0.282133,14,38,3,-1,100,400
500,124,1,0.481233,0.231585,53,38,3,1,100,400
500,122,1,0.795148,0.63226,58,50,3,-1,100,400
500,205,1,0.402307,0.161851,14,63,3,1,50,450
500,123,1,0.581241,0.337841,49,63,3,-1,100,400
500,206,1,0.455692,0.207655,37,3,4,-1,50,450
500,125,1,0.470272,0.221156,56,40,4,1,100,400
500,35,1,0.259958,0.0675784,5,47,4,1,200,300
500,69,1,0.431124,0.185868,40,6,5,-1,150,350
500,207,1,0.40623,0.165023,62,33,5,-1,50,450
500,269,1,0.441448,0.194877,59,41,5,1,0,500
500,270,1,0.201845,0.0407412,17,55,5,-1,0,500
500,271,1,0.420162,0.176536,57,9,6,-1,0,500
500,36,1,0.622249,0.387194,60,16,6,1,200,300
500,208,1,0.765685,0.586274,5,19,6,1,50,450
500,70,1,0.411341,0.169201,44,24,6,-1,150,350
500,209,1,0.261399,0.0683294,1,25,6,1,50,450
500,210,1,0.303083,0.0918592,23,46,6,-1,50,450
500,211,1,0.490517,0.240607,50,57,6,-1,50,450
500,126,1,0.745932,0.556415,34,59,6,-1,100,400
500,272,1,0.732073,0.535931,27,1,7,-1,0,500
500,37,1,0.454819,0.206861,1,13,7,1,200,300
500,1,1,0.862236,0.74345,31,16,7,1,250,250
500,38,1,0.671691,0.451168,34,20,7,1,200,300
500,127,1,0.371325,0.137883,14,21,7,1,100,400
500,212,1,0.541055,0.292741,28,27,7,1,50,450
500,128,1,0.560206,0.313831,34,28,7,-1,100,400
500,213,1,0.858444,0.736926,13,36,9,-1,50,450
500,71,1,0.376515,0.141763,11,42,9,1,150,350
500,0,1,0.363501,0.132133,17,48,9,1,250,250
500,214,1,0.196965,0.0387953,52,54,9,1,50,450
500,72,1,0.32633,0.106491,1,62,9,-1,150,350
500,273,1,0.762587,0.581538,31,17,10,1,0,500
500,215,1,0.560316,0.313954,14,30,10,1,50,450
500,129,1,0.763328,0.582669,14,51,10,-1,100,400
500,274,1,0.870725,0.758162,16,53,10,-1,0,500
500,130,1,0.690627,0.476966,20,1,11,-1,100,400
500,131,1,0.50367,0.253684,52,5,11,1,100,400
500,73,1,0.341688,0.116751,13,22,11,1,150,350
500,132,1,0.710609,0.504965,47,34,11,-1,100,400
500,133,1,0.110481,0.012206,22,39,11,-1,100,400
500,134,1,0.399179,0.159344,3,40,11,1,100,400
500,74,1,0.510488,0.260598,63,18,12,1,150,350
500,135,1,0.594843,0.353838,60,28,12,-1,100,400
500,75,1,0.344855,0.118925,54,32,12,-1,150,350
500,76,1,0.485315,0.235531,13,45,12,-1,150,350
500,136,1,0.595848,0.355035,33,49,12,1,100,400
500,216,1,0.691787,0.47857,12,51,12,1,50,450
500,217,1,0.492556,0.242612,31,62,12,-1,50,450
500,137,1,0.662843,0.439361,17,10,13,1,100,400
500,138,1,0.448189,0.200873,54,56,13,-1,100,400
500,218,1,0.543313,0.295189,14,63,13,-1,50,450
500,77,1,1.00451,1.00904,28,11,14,1,150,350
500,275,1,0.610205,0.37235,10,12,14,-1,0,500
500,139,1,0.280691,0.0787875,24,59,14,1,100,400
500,140,1,0.600259,0.36031,48,13,15,-1,100,400
500,2,1,0.187894,0.0353043,22,24,15,1,250,250
500,219,1,0.337112,0.113645,22,42,15,-1,50,450
500,39,1,0.164076,0.0269211,1,47,15,-1,200,300
500,141,2,0.679364,0.279618,54,3.5,16,0,100,400
500,78,2,0.871456,0.57116,14.5,6,16,0,150,350
500,276,1,0.314321,0.0987974,53,13,16,-1,0,500
500,40,1,0.602566,0.363086,4,17,16,-1,200,300
500,142,1,0.417305,0.174143,39,52,16,1,100,400
500,3,1,0.650065,0.422584,26,6,17,-1,250,250
500,220,1,1.01363,1.02745,47,13,17,-1,50,450
500,143,1,0.482286,0.2326,21,17,17,1,100,400
500,277,1,0.49432,0.244352,62,18,17,-1,0,500
500,221,1,0.207168,0.0429185,0,38,17,-1,50,450
500,4,1,0.365696,0.133733,49,51,17,-1,250,250
500,144,1,0.622686,0.387738,19,57,17,-1,100,400
500,278,1,0.547973,0.300274,23,58,17,1,0,500
500,145,1,1.00075,1.0015,15,12,18,1,100,400
500,41,2,0.598199,0.223748,45.5,41.5,18,0,200,300
500,146,1,0.260023,0.0676119,38,49,18,-1,100,400
500,147,1,0.556895,0.310132,43,52,18,1,100,400
500,148,1,0.698748,0.488249,58,3,19,-1,100,400
500,149,1,0.636164,0.404705,63,4,19,-1,100,400
500,279,1,0.740157,0.547833,41,17,19,1,0,500
500,222,2,0.630701,0.211381,45.5,19.5,19.5,0,50,450
500,5,1,0.684414,0.468422,58,29,19,1,250,250
500,42,1,0.558232,0.311623,48,41,19,-1,200,300
500,224,2,0.816965,0.336167,17,52,19.5,0,50,450
500,280,1,0.444102,0.197226,18,13,20,1,0,500
500,223,1,0.341761,0.1168,37,15,20,1,50,450
500,79,1,0.527565,0.278324,50,30,20,1,150,350
500,85,1,0.762962,0.582111,54,19,21,-1,150,350
500,150,1,0.619482,0.383758,27,23,21,-1,100,400
500,281,1,0.612872,0.375613,58,40,21,-1,0,500
500,282,1,0.640856,0.410697,54,15,22,-1,0,500
500,44,1,0.552627,0.305396,45,26,22,1,200,300
500,80,1,0.99728,0.994568,57,28,22,1,150,350
500,43,1,0.448848,0.201464,7,32,22,-1,200,300
500,151,1,0.894534,0.80019,4,62,22,1,100,400
500,81,1,0.386601,0.14946,15,24,23,1,150,350
500,225,1,0.995917,0.99185,16,27,23,1,50,450
500,226,1,0.56848,0.323169,45,28,23,-1,50,450
500,82,1,0.217586,0.0473436,21,40,23,-1,150,350
500,83,1,0.490128,0.240225,29,49,23,-1,150,350
500,84,1,0.469513,0.220443,58,62,23,1,150,350
500,154,2,1.20913,0.744659,17,13,24.5,0,100,400
500,6,1,0.489583,0.239692,34,14,24,1,250,250
500,152,1,0.199946,0.0399785,55,19,24,-1,100,400
500,153,1,0.383528,0.147094,7,52,24,1,100,400
500,155,1,1.05863,1.12069,38,50,25,-1,100,400
500,227,1,0.431177,0.185913,3,59,25,-1,50,450
500,7,1,0.119946,0.014387,47,5,26,1,250,250
500,86,1,0.606604,0.367968,48,11,26,1,150,350
500,283,1,0.388561,0.150979,19,15,26,-1,0,500
500,8,1,0.35022,0.122654,39,20,26,1,250,250
500,87,1,0.833868,0.695335,60,33,27,1,150,350
500,284,1,0.299987,0.0899922,14,54,27,-1,0,500
500,228,1,0.221085,0.0488787,35,55,27,-1,50,450
500,156,1,0.410663,0.168644,55,3,28,-1,100,400
500,157,1,0.670836,0.450021,62,6,28,1,100,400
500,88,1,0.544956,0.296977,55,10,28,1,150,350
500,89,1,0.376514,0.141763,43,21,28,-1,150,350
500,90,1,0.489861,0.239964,16,32,28,1,150,350
500,91,1,0.771613,0.595387,23,2,29,1,150,350
500,9,1,0.0804386,0.00647037,8,10,29,-1,250,250
500,285,1,0.47677,0.227309,9,12,29,1,0,500
500,92,1,0.537919,0.289357,49,20,29,1,150,350
500,158,1,0.182027,0.033134,10,29,29,1,100,400
500,159,1,0.345627,0.119458,8,51,29,1,100,400
500,286,1,0.470806,0.221658,12,51,29,1,0,500
500,10,1,0.534255,0.285428,27,61,29,1,250,250
500,93,1,0.394781,0.155852,60,62,29,1,150,350
500,45,1,0.259544,0.0673629,18,5,30,1,200,300
500,229,1,1.20902,1.46172,35,35,30,-1,50,450
500,230,1,0.844383,0.712983,33,36,30,1,50,450
500,46,1,0.27312,0.0745947,45,39,30,-1,200,300
500,160,2,1.06659,0.857242,30,42.5,30,2,100,400
500,161,1,0.73295,0.537216,49,6,31,-1,100,400
500,287,1,0.736544,0.542497,27,12,31,-1,0,500
500,231,1,0.482509,0.232815,40,21,31,1,50,450
500,232,1,0.370421,0.137212,22,26,31,-1,50,450
500,94,1,0.284998,0.0812239,53,35,31,1,150,350
500,95,1,0.130386,0.0170004,18,38,31,-1,150,350
500,162,1,0.506995,0.257044,43,51,31,1,100,400
500,233,1,0.267341,0.0714713,28,56,31,1,50,450
500,234,1,0.759405,0.576696,5,7,32,-1,50,450
500,11,1,0.843031,0.7107,49,27,32,-1,250,250
500,12,1,0.542944,0.294789,32,32,32,1,250,250
500,96,1,0.539931,0.291526,37,42,32,1,150,350
500,288,1,0.587683,0.345372,28,5,33,-1,0,500
500,13,1,0.784815,0.615934,41,9,33,-1,250,250
500,163,1,0.381595,0.145615,56,22,33,1,100,400
500,47,1,0.761051,0.579199,47,27,33,-1,200,300
500,164,1,1.0717,1.14855,47,38,33,-1,100,400
500,14,1,0.530319,0.281238,62,38,33,-1,250,250
500,48,1,0.707399,0.500413,41,45,33,1,200,300
500,165,1,0.310975,0.0967052,39,2,34,1,100,400
500,166,1,0.788121,0.621135,63,25,34,-1,100,400
500,289,1,0.364246,0.132675,37,63,34,-1,0,500
500,15,1,0.361898,0.13097,36,10,35,1,250,250
500,235,1,0.127982,0.0163795,6,30,35,-1,50,450
500,49,1,0.328226,0.107732,15,37,35,1,200,300
500,97,1,0.185703,0.0344854,48,49,35,-1,150,350
500,50,1,0.29072,0.0845183,46,54,35,1,200,300
500,290,1,0.613946,0.37693,25,30,36,-1,0,500
500,236,1,0.577441,0.333438,16,47,36,1,50,450
500,51,1,0.712531,0.5077,9,49,36,-1,200,300
500,237,1,0.439706,0.193341,15,55,36,1,50,450
500,98,1,0.41856,0.175192,15,63,36,1,150,350
500,238,1,0.480023,0.230422,39,6,37,1,50,450
500,291,1,0.454715,0.206766,46,15,37,1,0,500
500,292,1,0.207676,0.0431293,14,27,37,-1,0,500
500,99,1,0.296,0.087616,57,29,37,1,150,350
500,167,1,0.657623,0.432469,1,34,37,-1,100,400
500,168,1,0.612573,0.375246,10,37,37,1,100,400
500,100,1,0.538747,0.290248,16,10,38,1,150,350
500,171,1,0.653576,0.427162,1,15,38,-1,100,400
500,16,1,0.420336,0.176682,25,34,38,-1,250,250
500,52,1,0.572647,0.327925,34,39,38,1,200,300
500,239,1,0.497846,0.247851,55,40,38,-1,50,450
500,101,1,0.840129,0.705816,42,53,38,-1,150,350
500,17,1,0.288177,0.0830462,56,22,39,1,250,250
500,18,1,0.37262,0.138846,49,24,39,1,250,250
500,169,1,0.631946,0.399356,43,43,39,-1,100,400
500,240,1,0.491171,0.241249,35,48,39,-1,50,450
500,19,1,0.229815,0.0528149,9,56,39,1,250,250
500,241,1,0.0972458,0.00945675,11,56,39,-1,50,450
500,172,1,0.401785,0.161431,56,62,39,1,100,400
500,170,2,1.31204,1.21268,40.5,10.5,40.5,2,100,400
500,242,1,0.289833,0.0840034,7,14,40,-1,50,450
500,243,1,0.466249,0.217388,48,21,40,1,50,450
500,244,1,0.745521,0.555801,0,13,41,-1,50,450
500,293,1,0.54691,0.29911,1,19,41,-1,0,500
500,245,1,0.461347,0.212841,42,27,41,1,50,450
500,53,1,0.528503,0.279316,7,28,41,1,200,300
500,246,1,0.8055,0.64883,21,30,41,1,50,450
500,102,1,0.409706,0.167859,22,0,42,-1,150,350
500,247,1,0.349238,0.121967,32,30,42,-1,50,450
500,248,2,0.775818,0.301767,52,44.5,42,0,50,450
500,294,1,0.15459,0.0238982,58,61,42,-1,0,500
500,173,1,0.378965,0.143615,11,45,43,-1,100,400
500,103,2,0.636779,0.205396,30.5,56.5,43.5,0,150,350
500,174,1,0.250969,0.0629856,10,0,44,-1,100,400
500,104,1,0.247338,0.0611762,4,20,44,1,150,350
500,249,1,0.188324,0.0354661,8,28,44,1,50,450
500,105,1,0.287394,0.0825955,11,36,44,-1,150,350
500,175,1,0.589576,0.3476,29,50,44,-1,100,400
500,176,1,0.470769,0.221623,53,63,44,1,100,400
500,54,2,0.887743,0.46462,42,17.5,45,0,200,300
500,106,1,0.789951,0.624023,57,33,45,-1,150,350
500,107,1,0.371024,0.137659,36,61,45,1,150,350
500,20,1,0.157221,0.0247185,40,61,46,1,250,250
500,250,3,1.33903,0.761972,-0.333333,50,47.3333,1,50,450
500,177,1,0.359143,0.128984,55,8,48,1,100,400
500,251,2,1.42683,1.09895,35.5,27,48.5,0,50,450
500,252,1,0.714874,0.511044,15,62,48,-1,50,450
500,108,1,0.346153,0.119822,33,2,49,-1,150,350
500,253,1,0.570023,0.324927,58,12,49,1,50,450
500,178,1,0.567564,0.322129,56,27,49,1,100,400
500,179,1,0.478731,0.229183,1,31,49,-1,100,400
500,55,1,0.671345,0.450705,58,49,49,-1,200,300
500,254,2,1.81862,1.66011,16.5,15,50,0,50,450
500,21,1,0.24297,0.0590343,14,21,50,1,250,250
500,23,1,0.499266,0.249266,62,26,50,-1,250,250
500,255,1,0.42554,0.181084,49,44,50,1,50,450
500,22,2,0.678921,0.232721,12,26.5,51,0,250,250
500,295,1,0.719635,0.517875,49,46,51,1,0,500
500,180,1,0.483338,0.233615,61,55,51,-1,100,400
500,181,1,0.505169,0.255196,57,5,52,-1,100,400
500,182,1,0.534448,0.285635,53,14,52,-1,100,400
500,56,1,0.721461,0.520507,55,22,52,1,200,300
500,57,1,0.473156,0.223877,60,26,52,1,200,300
500,24,1,0.814022,0.662632,1,42,52,1,250,250
500,183,1,0.581384,0.338007,54,44,52,-1,100,400
500,296,1,0.261073,0.068159,56,53,52,-1,0,500
500,109,1,0.434676,0.188944,33,0,53,1,150,350
500,110,1,0.373882,0.139788,52,18,53,-1,150,350
500,256,1,0.596559,0.355883,20,26,53,-1,50,450
500,25,3,1.72553,1.01214,27.6667,28.3333,53.3333,-1,250,250
500,184,1,0.800332,0.640532,51,42,53,1,100,400
500,185,1,0.352429,0.124206,3,60,53,-1,100,400
500,186,1,0.424798,0.180454,39,60,53,-1,100,400
500,58,3,1.47004,0.755956,56.3333,11.3333,54,-1,200,300
500,297,1,0.523762,0.274327,63,20,54,1,0,500
500,26,1,0.665857,0.443366,55,36,54,-1,250,250
500,187,1,0.23412,0.0548122,63,57,54,-1,100,400
500,257,1,0.42014,0.176518,18,60,54,1,50,450
500,258,1,0.465676,0.216854,6,25,55,-1,50,450
500,188,1,0.747521,0.558788,11,26,55,-1,100,400
500,259,1,0.338585,0.11464,8,33,55,1,50,450
500,27,1,0.282178,0.0796244,53,50,55,-1,250,250
500,60,1,0.505748,0.255782,5,56,55,1,200,300
500,59,1,0.561085,0.314816,45,1,56,1,200,300
500,298,1,0.286334,0.0819872,29,42,56,-1,0,500
500,189,1,0.677561,0.459089,35,12,57,1,100,400
500,111,1,0.424161,0.179913,47,19,57,-1,150,350
500,30,2,1.68091,1.46942,55,33,57.5,0,250,250
500,28,1,0.676587,0.45777,23,51,57,-1,250,250
500,299,1,0.282026,0.0795387,12,53,57,1,0,500
500,300,1,0.0458943,0.00210628,5,54,57,-1,0,500
500,112,2,1.21392,0.863437,23,5,58.5,0,150,350
500,190,1,0.310754,0.0965682,8,15,58,-1,100,400
500,113,1,0.573187,0.328543,39,18,58,-1,150,350
500,29,1,0.300495,0.0902973,21,30,58,-1,250,250
500,301,1,0.692179,0.479112,63,50,58,-1,0,500
500,191,1,0.215356,0.0463782,46,13,59,1,100,400
500,114,1,0.347403,0.120689,44,20,59,-1,150,350
500,260,1,0.385012,0.148234,32,25,59,1,50,450
500,61,1,0.512312,0.262464,7,33,59,1,200,300
500,31,1,0.286196,0.0819081,27,40,59,1,250,250
500,302,1,0.29993,0.0899579,13,44,59,1,0,500
500,62,1,0.445485,0.198457,31,55,59,-1,200,300
500,115,1,0.367282,0.134896,9,56,59,1,150,350
500,63,1,0.527528,0.278286,38,11,60,-1,200,300
500,192,1,0.574375,0.329906,18,16,60,1,100,400
500,193,1,0.63076,0.397859,25,24,60,1,100,400
500,261,1,0.906829,0.822339,6,31,60,-1,50,450
500,64,1,0.692833,0.480017,12,34,60,1,200,300
500,194,1,0.31581,0.0997358,56,34,60,-1,100,400
500,262,1,1.08492,1.17705,53,35,60,1,50,450
500,65,2,0.985104,0.495997,63,35.5,60.5,0,200,300
500,66,1,0.513087,0.263258,21,57,60,1,200,300
500,67,1,0.159708,0.0255067,36,60,60,-1,200,300
500,195,1,0.43605,0.190139,27,5,61,-1,100,400
500,196,1,0.414253,0.171605,24,7,61,-1,100,400
500,303,1,0.481487,0.23183,11,8,61,-1,0,500
500,68,1,0.324015,0.104986,61,37,61,1,200,300
500,263,1,0.849007,0.720812,42,8,62,-1,50,450
500,197,2,0.485725,0.126125,11,24,62.5,-2,100,400
500,198,2,0.924585,0.582748,48.5,31,62,0,100,400
500,199,1,0.804902,0.647868,40,61,62,-1,100,400
500,264,1,0.555086,0.30812,37,33,63,-1,50,450
550,265,1,0.39808,0.158467,49,4,0,1,50,500
550,304,1,0.656068,0.430425,56,21,0,1,0,550
550,305,3,1.46904,0.744012,11,24,-1,-1,0,550
550,116,1,0.46557,0.216755,4,48,0,1,150,400
550,266,1,0.322196,0.10381,28,49,0,1,50,500
550,117,1,0.507216,0.257268,49,52,0,-1,150,400
550,267,1,0.374814,0.140485,61,1,1,-1,50,500
550,268,1,0.313495,0.0982791,30,9,1,-1,50,500
550,203,1,0.28667,0.0821795,4,30,1,-1,100,450
550,200,1,0.535704,0.286979,13,57,1,-1,100,450
550,118,1,0.851931,0.725786,6,59,1,-1,150,400
550,119,1,0.357083,0.127508,35,62,1,1,150,400
550,201,1,0.523751,0.274315,60,19,2,-1,100,450
550,120,2,0.766661,0.29389,41,23.5,2,0,150,400
550,306,1,0.669186,0.447811,45,26,2,-1,0,550
550,202,1,0.684082,0.467968,25,27,2,1,100,450
550,307,1,0.636193,0.404741,2,30,2,1,0,550
550,204,1,0.717263,0.514466,48,30,2,1,100,450
550,32,1,0.721096,0.51998,21,34,2,1,250,300
550,124,2,0.896357,0.546502,52.5,37.5,2.5,0,150,400
550,33,1,0.465012,0.216236,49,43,2,1,250,300
550,34,2,0.888555,0.435484,8,6,3.5,0,250,300
550,121,1,0.626489,0.392489,14,38,3,-1,150,400
550,122,1,0.373922,0.139818,58,50,3,-1,150,400
550,205,1,0.781443,0.610652,14,63,3,1,100,450
550,123,1,0.334085,0.111613,49,63,3,-1,150,400
550,206,1,0.434085,0.18843,37,3,4,-1,100,450
550,125,1,0.404521,0.163637,56,40,4,1,150,400
550,35,1,0.216131,0.0467127,5,47,4,1,250,300
550,69,1,0.155468,0.0241704,40,6,5,-1,200,350
550,207,1,0.486388,0.236574,62,33,5,-1,100,450
550,269,1,0.5145,0.26471,59,41,5,1,50,500
550,270,1,0.298182,0.0889125,17,55,5,-1,50,500
550,271,1,0.709332,0.503151,57,9,6,-1,50,500
550,36,1,0.372535,0.138782,60,16,6,1,250,300
550,208,2,0.978494,0.487716,5,18.5,6,0,100,450
550,70,2,1.01351,0.528788,44.5,24,6,0,200,350
550,209,1,0.390809,0.152732,1,25,6,1,100,450
550,308,1,1.20521,1.45254,45,45,6,1,0,550
550,210,1,0.546006,0.298123,23,46,6,-1,100,450
550,211,1,0.326634,0.10669,50,57,6,-1,100,450
550,126,1,0.811906,0.659191,34,59,6,-1,150,400
550,272,1,0.70653,0.499185,27,1,7,-1,50,500
550,37,1,0.586175,0.343601,1,13,7,1,250,300
550,1,1,0.908738,0.825805,31,16,7,1,300,250
550,38,1,0.337075,0.11362,34,20,7,1,250,300
550,127,1,0.721511,0.520578,14,21,7,1,150,400
550,212,1,0.136573,0.0186523,28,27,7,1,100,450
550,128,1,0.77802,0.605316,34,28,7,-1,150,400
550,309,1,0.701974,0.492767,48,56,7,1,0,550
550,310,1,0.710632,0.504998,14,26,9,1,0,550
550,213,2,1.25262,0.94416,13,36,9.5,0,100,450
550,71,1,0.437555,0.191454,11,42,9,1,200,350
550,0,1,0.108583,0.0117904,17,48,9,1,300,250
550,214,1,0.525816,0.276483,52,52,9,1,100,450
550,311,1,0.873734,0.763412,52,54,9,1,0,550
550,72,1,0.804253,0.646824,1,62,9,-1,200,350
550,312,1,0.784601,0.615599,8,4,10,1,0,550
550,273,1,0.946467,0.8958,31,17,10,1,50,500
550,215,1,0.864773,0.747832,14,30,10,1,100,450
550,76,1,0.454858,0.206896,13,46,10,1,200,350
550,129,1,0.490326,0.24042,14,51,10,-1,150,400
550,274,1,0.765453,0.585918,16,53,10,-1,50,500
550,130,1,0.156546,0.0245066,20,1,11,-1,150,400
550,313,1,0.469183,0.220133,22,2,11,-1,0,550
550,131,2,1.49767,1.22459,52,4.5,11,0,150,400
550,73,1,0.334587,0.111948,13,22,11,1,200,350
550,314,1,1.19401,1.42566,39,24,11,-1,0,550
550,132,1,0.401305,0.161045,47,34,11,-1,150,400
550,133,1,0.82749,0.68474,22,39,11,-1,150,400
550,134,1,0.715823,0.512402,3,40,11,1,150,400
550,74,1,0.529106,0.279953,63,18,12,1,200,350
550,135,1,0.544032,0.295971,60,28,12,-1,150,400
550,75,2,1.4997,1.15778,53.5,32,12,0,200,350
550,315,1,0.484251,0.234499,13,45,12,-1,0,550
550,136,1,0.368125,0.135516,33,49,12,1,150,400
550,216,1,0.467214,0.218289,12,51,12,1,100,450
550,217,1,0.69163,0.478352,31,62,12,-1,100,450
550,137,1,0.533062,0.284155,17,10,13,1,150,400
550,138,1,0.707133,0.500037,54,56,13,-1,150,400
550,218,1,0.393897,0.155155,14,63,13,-1,100,450
550,77,1,0.635808,0.404252,28,11,14,1,200,350
550,276,1,0.584263,0.341364,51,11,14,-1,50,500
550,275,1,0.620627,0.385178,10,12,14,-1,50,500
550,316,1,0.600643,0.360773,16,59,14,-1,0,550
550,139,1,0.273199,0.0746378,24,59,14,1,150,400
550,140,1,0.50875,0.258826,48,13,15,-1,150,400
550,2,1,0.94454,0.892156,22,24,15,1,300,250
550,219,1,0.759688,0.577126,22,42,15,-1,100,450
550,39,1,0.851351,0.724798,1,47,15,-1,250,300
550,317,1,0.769737,0.592495,28,60,15,1,0,550
550,141,2,0.719777,0.25993,54,3.5,16,0,150,400
550,78,2,0.901878,0.515865,14.5,6,16,0,200,350
550,318,1,0.699189,0.488865,36,6,16,1,0,550
550,319,1,0.305458,0.0933047,53,13,16,-1,0,550
550,40,1,0.620517,0.385041,4,17,16,-1,250,300
550,320,1,0.361056,0.130361,60,42,16,-1,0,550
550,142,1,0.7239,0.524032,39,52,16,1,150,400
550,321,1,0.425964,0.181445,7,54,16,-1,0,550
550,3,1,0.501555,0.251557,26,6,17,-1,300,250
550,322,1,0.666981,0.444863,31,13,17,-1,0,550
550,220,1,0.379833,0.144273,47,13,17,-1,100,450
550,143,1,0.918606,0.843837,21,17,17,1,150,400
550,277,1,0.603599,0.364332,62,18,17,-1,50,500
550,323,1,0.87615,0.767638,23,22,17,1,0,550
550,324,1,0.291666,0.0850692,31,25,17,1,0,550
550,221,1,0.757352,0.573581,0,38,17,-1,100,450
550,4,1,0.493836,0.243874,49,51,17,-1,300,250
550,144,1,0.349656,0.122259,19,57,17,-1,150,400
550,278,1,0.270479,0.0731587,23,58,17,1,50,500
550,145,1,0.872112,0.76058,15,12,18,1,150,400
550,41,3,2.5018,2.80381,45.6667,41.3333,18,-1,250,300
550,146,1,0.419179,0.175711,38,49,18,-1,150,400
550,147,3,1.0445,0.486265,43.3333,51.3333,18.6667,1,150,400
550,325,1,0.189392,0.0358695,18,61,18,-1,0,550
550,148,1,0.767855,0.589601,58,3,19,-1,150,400
550,149,1,0.684884,0.469066,63,4,19,-1,150,400
550,326,1,0.732529,0.536599,47,9,19,-1,0,550
550,279,1,0.384431,0.147787,41,17,19,1,50,500
550,222,2,0.826867,0.347283,45.5,19.5,19.5,0,100,450
550,327,1,0.961812,0.925083,20,25,19,-1,0,550
550,5,1,0.606522,0.367869,58,29,19,1,300,250
550,42,1,0.798559,0.637696,48,41,19,-1,250,300
550,328,1,0.463332,0.214677,60,50,19,-1,0,550
550,224,2,1.06893,0.62222,17,52,19.5,0,100,450
550,280,1,0.541144,0.292837,18,13,20,1,50,500
550,223,1,0.389725,0.151886,37,15,20,1,100,450
550,79,1,0.60803,0.369701,50,30,20,1,200,350
550,85,1,0.545652,0.297736,54,19,21,-1,200,350
550,150,1,0.360024,0.129617,27,23,21,-1,150,400
550,281,1,0.647246,0.418927,58,40,21,-1,50,500
550,282,1,0.364554,0.1329,54,15,22,-1,50,500
550,44,1,0.262444,0.0688769,45,26,22,1,250,300
550,80,1,0.389068,0.151374,57,28,22,1,200,350
550,43,1,0.631922,0.399325,7,32,22,-1,250,300
550,151,1,0.57567,0.331396,4,62,22,1,150,400
550,329,1,0.825994,0.682266,11,20,23,-1,0,550
550,81,1,0.659355,0.434749,15,24,23,1,200,350
550,225,1,0.542779,0.294609,16,27,23,1,100,450
550,226,1,0.917081,0.841037,45,28,23,-1,100,450
550,330,1,0.782937,0.61299,14,32,23,-1,0,550
550,82,1,0.57089,0.325915,21,40,23,-1,200,350
550,83,1,0.30771,0.0946857,29,49,23,-1,200,350
550,84,1,0.116407,0.0135505,58,62,23,1,200,350
550,154,2,1.04149,0.665063,17,13,24.5,0,150,400
550,6,1,0.47736,0.227873,34,14,24,1,300,250
550,152,1,0.638027,0.407078,55,19,24,-1,150,400
550,153,1,0.131998,0.0174234,7,52,24,1,150,400
550,331,1,0.300186,0.0901119,51,30,25,1,0,550
550,332,1,0.961924,0.925297,8,35,25,1,0,550
550,155,1,0.27239,0.0741965,38,50,25,-1,150,400
550,227,1,0.806499,0.650441,3,59,25,-1,100,450
550,7,1,0.56213,0.31599,47,5,26,1,300,250
550,86,1,0.750154,0.56273,48,11,26,1,200,350
550,283,1,0.616924,0.380595,19,15,26,-1,50,500
550,8,1,0.316694,0.100295,39,20,26,1,300,250
550,333,1,0.202265,0.0409111,15,42,26,1,0,550
550,87,1,0.729634,0.532366,60,33,27,1,200,350
550,284,1,0.970297,0.941477,14,54,27,-1,50,500
550,228,1,0.51431,0.264515,35,55,27,-1,100,450
550,156,1,0.653577,0.427163,55,3,28,-1,150,400
550,334,1,0.302263,0.091363,58,3,28,-1,0,550
550,157,1,0.175703,0.0308715,62,6,28,1,150,400
550,88,1,0.665052,0.442295,55,10,28,1,200,350
550,89,1,0.881846,0.777653,43,21,28,-1,200,350
550,158,2,0.592083,0.185152,10,29,28.5,0,150,400
550,90,1,0.632333,0.399845,16,32,28,1,200,350
550,335,1,0.557979,0.311341,57,56,28,-1,0,550
550,91,1,0.286136,0.0818737,23,2,29,1,200,350
550,9,1,0.724576,0.52501,8,10,29,-1,300,250
550,285,2,1.61794,1.44582,9.5,12,29,0,50,500
550,92,1,0.429785,0.184715,49,20,29,1,200,350
550,159,1,0.404738,0.163813,8,51,29,1,150,400
550,286,1,0.96389,0.929084,12,51,29,1,50,500
550,10,1,0.73497,0.540182,27,61,29,1,300,250
550,93,1,0.76483,0.584964,60,62,29,1,200,350
550,336,1,0.619421,0.383682,9,5,30,-1,0,550
550,45,1,0.550045,0.302549,18,5,30,1,250,300
550,337,2,1.88543,1.82493,12,6.5,30,0,0,550
550,229,1,0.683146,0.466689,35,35,30,-1,100,450
550,230,1,0.713248,0.508722,33,36,30,1,100,450
550,46,1,0.533682,0.284817,45,39,30,-1,250,300
550,160,2,1.05764,0.559578,30,42.5,30,2,150,400
550,161,2,1.41005,1.04001,49,6,31.5,0,150,400
550,287,1,0.406703,0.165407,27,12,31,-1,50,500
550,231,1,0.764538,0.584518,40,21,31,1,100,450
550,232,1,0.506245,0.256284,22,26,31,-1,100,450
550,94,1,0.741627,0.550011,53,35,31,1,200,350
550,95,1,0.792054,0.627349,18,38,31,-1,200,350
550,96,1,0.457171,0.209005,35,44,31,1,200,350
550,162,1,0.520606,0.27103,43,51,31,1,150,400
550,338,2,2.1741,2.61713,49,52,31.5,0,0,550
550,233,1,0.952529,0.907311,28,56,31,1,100,450
550,234,1,0.612683,0.375381,5,7,32,-1,100,450
550,339,1,0.917154,0.841171,24,8,32,-1,0,550
550,11,1,0.233349,0.0544516,49,27,32,-1,300,250
550,12,1,0.428221,0.183374,32,32,32,1,300,250
550,340,1,0.4535,0.205662,37,42,32,1,0,550
550,341,1,0.32209,0.103742,3,60,32,1,0,550
550,288,1,0.322791,0.104194,28,5,33,-1,50,500
550,13,1,0.563815,0.317888,41,9,33,-1,300,250
550,163,1,0.327182,0.107048,56,22,33,1,150,400
550,47,1,0.372232,0.138556,47,27,33,-1,250,300
550,342,1,0.281586,0.0792906,9,36,33,1,0,550
550,164,1,0.304539,0.0927441,47,38,33,-1,150,400
550,14,1,0.481656,0.231993,62,38,33,-1,300,250
550,48,1,0.851466,0.724994,41,45,33,1,250,300
550,165,1,0.536425,0.287751,39,2,34,1,150,400
550,166,1,0.70286,0.494012,63,25,34,-1,150,400
550,343,1,0.478294,0.228766,59,50,34,1,0,550
550,289,1,0.229971,0.0528868,37,63,34,-1,50,500
550,15,1,0.462426,0.213838,36,10,35,1,300,250
550,344,1,0.475884,0.226465,20,20,35,1,0,550
550,235,1,0.467167,0.218245,6,30,35,-1,100,450
550,49,1,0.164539,0.0270729,15,37,35,1,250,300
550,97,1,0.885854,0.784737,48,49,35,-1,200,350
550,50,1,0.646518,0.417985,46,54,35,1,250,300
550,345,1,0.472098,0.222876,45,61,35,-1,0,550
550,290,1,0.627586,0.393865,25,30,36,-1,50,500
550,167,1,0.787287,0.61982,0,37,36,1,150,400
550,236,1,0.338737,0.114743,16,47,36,1,100,450
550,51,1,0.393167,0.15458,9,49,36,-1,250,300
550,237,1,0.660836,0.436704,15,55,36,1,100,450
550,98,2,0.802511,0.381537,15,62.5,36,0,200,350
550,238,1,0.530735,0.281679,39,6,37,1,100,450
550,291,1,0.162201,0.0263093,46,15,37,1,50,500
550,346,1,0.120431,0.0145036,38,25,37,1,0,550
550,292,1,0.657818,0.432725,14,27,37,-1,50,500
550,99,1,0.76162,0.580065,57,29,37,1,200,350
550,347,1,0.396798,0.157448,1,34,37,-1,0,550
550,168,1,0.545086,0.297119,10,37,37,1,150,400
550,348,1,0.714203,0.510087,4,62,37,-1,0,550
550,100,1,0.3949,0.155946,16,10,38,1,200,350
550,171,1,0.745133,0.555223,1,15,38,-1,150,400
550,16,1,0.351691,0.123686,25,34,38,-1,300,250
550,52,1,0.196331,0.0385457,34,39,38,1,250,300
550,349,1,0.291184,0.0847882,39,40,38,-1,0,550
550,239,1,0.554965,0.307986,55,40,38,-1,100,450
550,101,1,0.423663,0.17949,42,53,38,-1,200,350
550,350,1,0.524836,0.275453,44,57,38,-1,0,550
550,17,1,0.698493,0.487892,56,22,39,1,300,250
550,18,1,0.671459,0.450857,49,24,39,1,300,250
550,169,1,0.379066,0.143691,43,43,39,-1,150,400
550,240,1,0.310724,0.0965496,35,48,39,-1,100,450
550,19,1,0.369298,0.136381,9,56,39,1,300,250
550,241,1,0.235379,0.0554034,11,56,39,-1,100,450
550,172,1,0.418932,0.175504,56,62,39,1,150,400
550,170,3,2.1332,1.51809,40.6667,10.3333,40.3333,1,150,400
550,242,1,0.475123,0.225741,7,14,40,-1,100,450
550,243,1,0.340972,0.116262,48,21,40,1,100,450
550,351,1,1.02951,1.05989,34,27,40,-1,0,550
550,53,1,0.215069,0.0462549,8,30,40,1,250,300
550,352,1,0.367506,0.135061,60,0,41,-1,0,550
550,353,1,0.728414,0.530587,52,10,41,-1,0,550
550,244,1,0.268526,0.0721061,0,13,41,-1,100,450
550,293,1,0.761084,0.579248,1,19,41,-1,50,500
550,245,1,0.464517,0.215776,42,27,41,1,100,450
550,249,1,0.0862581,0.00744046,7,28,41,1,100,450
550,246,1,0.765094,0.585369,21,30,41,1,100,450
550,102,1,0.636357,0.40495,22,0,42,-1,200,350
550,354,1,0.489918,0.24002,19,27,42,-1,0,550
550,247,1,0.155883,0.0242997,32,30,42,-1,100,450
550,248,2,0.826758,0.344557,52,44.5,42,0,100,450
550,175,1,0.671467,0.450869,30,53,42,-1,150,400
550,294,1,0.141435,0.0200038,58,61,42,-1,50,500
550,173,1,0.899209,0.808577,11,45,43,-1,150,400
550,355,1,0.214845,0.0461582,48,56,43,-1,0,550
550,103,2,1.02181,0.527788,30.5,56.5,43.5,0,200,350
550,174,1,0.3502,0.12264,10,0,44,-1,150,400
550,104,1,0.42167,0.177806,4,20,44,1,200,350
550,356,1,0.170008,0.0289028,8,28,44,1,0,550
550,105,1,0.526626,0.277335,11,36,44,-1,200,350
550,357,1,0.291351,0.0848856,29,50,44,-1,0,550
550,176,1,0.380185,0.144541,53,63,44,1,150,400
550,54,2,0.677368,0.256875,42,17.5,45,0,250,300
550,106,2,0.895191,0.666717,57,33.5,45,0,200,350
550,250,1,0.0553792,0.00306686,2,52,45,1,100,450
550,107,1,0.636276,0.404847,36,61,45,1,200,350
550,20,1,0.511771,0.26191,40,61,46,1,300,250
550,358,3,2.65056,2.50282,-0.333333,50,47.3333,1,0,550
550,177,1,0.803917,0.646283,55,8,48,1,150,400
550,359,1,1.00382,1.00766,31,9,48,-1,0,550
550,251,2,0.796493,0.336153,35.5,27,48.5,0,100,450
550,360,1,0.67353,0.453643,5,42,48,1,0,550
550,252,1,0.391616,0.153363,15,62,48,-1,100,450
550,108,1,0.728062,0.530075,33,2,49,-1,200,350
550,253,1,0.612042,0.374596,58,12,49,1,100,450
550,178,1,0.414357,0.171692,56,27,49,1,150,400
550,179,1,0.254901,0.0649746,1,31,49,-1,150,400
550,361,1,0.47289,0.223625,23,48,49,1,0,550
550,55,1,0.456895,0.208753,58,49,49,-1,250,300
550,254,2,0.785303,0.33518,16.5,15,50,0,100,450
550,21,1,0.69274,0.479889,14,21,50,1,300,250
550,362,1,0.223826,0.0500981,33,21,50,1,0,550
550,23,1,0.354789,0.125875,62,26,50,-1,300,250
550,255,1,0.774945,0.60054,49,44,50,1,100,450
550,363,1,0.446609,0.199459,11,6,51,1,0,550
550,22,2,0.964126,0.557068,12,26.5,51,0,300,250
550,295,1,0.88356,0.780678,49,46,51,1,50,500
550,364,1,0.810241,0.656491,36,54,51,-1,0,550
550,180,1,0.471825,0.222619,61,55,51,-1,150,400
550,181,2,1.53206,1.29538,57.5,5.5,52.5,0,150,400
550,58,2,0.827635,0.410095,57.5,11.5,52,0,250,300
550,182,1,0.905319,0.819603,53,14,52,-1,150,400
550,56,1,0.613054,0.375836,57,21,52,-1,250,300
550,365,1,0.48545,0.235662,55,22,52,1,0,550
550,57,1,0.375066,0.140675,60,26,52,1,250,300
550,24,1,0.438223,0.19204,1,42,52,1,300,250
550,183,1,0.37456,0.140295,54,44,52,-1,150,400
550,296,1,0.399224,0.15938,56,53,52,-1,50,500
550,109,1,1.01541,1.03106,33,0,53,1,200,350
550,110,1,0.536466,0.287796,52,18,53,-1,200,350
550,256,1,0.661297,0.437313,20,26,53,-1,100,450
550,25,3,2.07553,1.49242,27.6667,28.3333,53.3333,-1,300,250
550,184,1,0.413202,0.170736,51,42,53,1,150,400
550,185,1,0.694626,0.482505,3,60,53,-1,150,400
550,186,1,0.10319,0.0106482,39,60,53,-1,150,400
550,366,3,1.39774,0.953202,56.3333,11.3333,54,-1,0,550
550,297,1,0.696098,0.484553,63,20,54,1,50,500
550,26,1,0.203021,0.0412177,55,36,54,-1,300,250
550,187,1,0.407239,0.165844,63,57,54,-1,150,400
550,257,1,0.0806928,0.00651134,18,60,54,1,100,450
550,367,1,1.03292,1.06692,4,10,55,-1,0,550
550,258,1,0.517686,0.267999,6,25,55,-1,100,450
550,188,1,0.791243,0.626065,11,26,55,-1,150,400
550,259,1,0.692551,0.479627,8,33,55,1,100,450
550,27,1,0.600146,0.360175,53,50,55,-1,300,250
550,60,1,0.441682,0.195083,5,56,55,1,250,300
550,368,1,0.604837,0.365828,4,62,55,1,0,550
550,59,1,0.304817,0.0929134,45,1,56,1,250,300
550,369,1,0.843779,0.711962,38,6,56,1,0,550
550,370,1,0.556276,0.309444,17,20,56,-1,0,550
550,298,1,0.801746,0.642797,29,42,56,-1,50,500
550,371,2,0.533798,0.143537,9,5.5,57,0,0,550
550,372,1,0.793185,0.629143,19,8,57,-1,0,550
550,189,1,0.165638,0.0274358,35,12,57,1,150,400
550,111,1,0.766643,0.587742,47,19,57,-1,200,350
550,30,2,0.360829,0.0976456,55,33,57.5,0,300,250
550,28,1,1.17918,1.39047,23,51,57,-1,300,250
550,299,1,0.469958,0.22086,12,53,57,1,50,500
550,300,1,0.753953,0.568445,5,54,57,-1,50,500
550,112,2,1.21473,0.96562,23,5,58.5,0,200,350
550,190,1,0.239881,0.0575431,6,14,58,1,150,400
550,373,1,0.682858,0.466294,8,15,58,-1,0,550
550,374,1,0.402811,0.162257,25,18,58,1,0,550
550,113,1,0.756704,0.572602,39,18,58,-1,200,350
550,29,1,0.338296,0.114444,21,30,58,-1,300,250
550,301,1,0.416812,0.173732,63,50,58,-1,50,500
550,191,1,0.270428,0.0731314,46,13,59,1,150,400
550,114,1,0.343891,0.118261,44,20,59,-1,200,350
550,260,1,0.704094,0.495749,32,25,59,1,100,450
550,61,1,1.14487,1.31073,7,33,59,1,250,300
550,31,1,0.27163,0.0737831,27,40,59,1,300,250
550,302,1,0.845509,0.714886,13,44,59,1,50,500
550,375,1,0.697799,0.486924,2,45,59,-1,0,550
550,62,1,0.361558,0.130724,31,55,59,-1,250,300
550,115,1,0.626294,0.392244,9,56,59,1,200,350
550,63,1,0.283873,0.0805839,38,11,60,-1,250,300
550,192,1,0.997368,0.994744,18,16,60,1,150,400
550,193,1,0.777027,0.60377,25,24,60,1,150,400
550,261,1,0.997691,0.995388,6,31,60,-1,100,450
550,64,1,0.879948,0.774309,12,34,60,1,250,300
550,194,1,0.443131,0.196365,56,34,60,-1,150,400
550,262,1,0.864142,0.746741,53,35,60,1,100,450
550,65,3,1.31153,0.73544,63,35.6667,60.3333,1,250,300
550,376,1,0.549972,0.30247,46,54,60,-1,0,550
550,66,1,0.300949,0.0905704,21,57,60,1,250,300
550,67,1,0.515085,0.265312,36,60,60,-1,250,300
550,195,1,0.615422,0.378745,27,5,61,-1,150,400
550,196,1,0.0523253,0.00273794,24,7,61,-1,150,400
550,303,1,0.349557,0.12219,11,8,61,-1,50,500
550,68,1,0.503817,0.253832,61,37,61,1,250,300
550,377,1,0.431201,0.185934,16,38,61,1,0,550
550,263,1,0.361019,0.130335,42,8,62,-1,100,450
550,378,1,0.427892,0.183091,6,27,62,1,0,550
550,198,2,2.09485,2.21449,48.5,31,62,0,150,400
550,379,1,0.59279,0.3514,18,61,62,-1,0,550
550,199,1,0.741042,0.549144,40,61,62,-1,150,400
550,380,1,0.886773,0.786366,40,6,63,-1,0,550
550,264,1,0.981908,0.964144,37,33,63,-1,100,450
600,265,1,0.32006,0.102438,49,4,0,1,100,500
600,304,1,0.592479,0.351032,56,21,0,1,50,550
600,305,3,1.64278,1.06253,11,24,-1,-1,50,550
600,116,1,0.565454,0.319738,4,48,0,1,200,400
600,266,1,0.513766,0.263956,28,49,0,1,100,500
600,117,1,0.180139,0.03245,49,52,0,-1,200,400
600,381,2,1.88335,1.80341,45.5,58,0,0,0,600
600,267,1,0.641891,0.412024,61,1,1,-1,100,500
600,268,1,0.697976,0.48717,30,9,1,-1,100,500
600,203,1,0.260161,0.0676836,4,30,1,-1,150,450
600,33,2,0.743578,0.292768,49,43,1.5,0,300,300
600,200,1,0.390687,0.152637,13,57,1,-1,150,450
600,118,1,0.774309,0.599555,6,59,1,-1,200,400
600,382,1,0.646467,0.417919,30,59,1,-1,0,600
600,119,1,1.06114,1.12601,35,62,1,1,200,400
600,383,1,0.693004,0.480255,0,6,2,-1,0,600
600,201,1,0.604001,0.364817,60,19,2,-1,150,450
600,120,2,0.934884,0.442108,41,23.5,2,0,200,400
600,306,1,0.350756,0.12303,45,26,2,-1,50,550
600,202,1,0.317231,0.100635,25,27,2,1,150,450
600,307,1,0.546084,0.298207,2,30,2,1,50,550
600,204,1,0.401765,0.161415,48,30,2,1,150,450
600,384,1,0.273849,0.0749931,56,32,2,-1,0,600
600,32,1,0.63573,0.404152,21,34,2,1,300,300
600,124,2,0.940086,0.447163,52.5,37.5,2.5,0,200,400
600,385,1,0.663625,0.440398,57,59,2,1,0,600
600,34,2,1.38752,0.977454,8,6,3.5,0,300,300
600,121,1,0.343966,0.118313,14,38,3,-1,200,400
600,122,1,0.377404,0.142434,58,50,3,-1,200,400
600,386,1,0.736956,0.543104,11,55,3,1,0,600
600,205,1,0.435882,0.189993,14,63,3,1,150,450
600,123,1,0.61312,0.375916,49,63,3,-1,200,400
600,206,1,0.231724,0.0536961,37,3,4,-1,150,450
600,387,1,0.246457,0.0607409,61,26,4,-1,0,600
600,388,1,0.654294,0.4281,25,28,4,1,0,600
600,125,1,1.09811,1.20585,56,40,4,1,200,400
600,389,1,0.338645,0.11468,28,42,4,-1,0,600
600,390,1,0.670241,0.449223,33,43,4,1,0,600
600,35,1,0.112281,0.0126071,5,47,4,1,300,300
600,69,1,0.78911,0.622694,40,6,5,-1,250,350
600,207,1,0.362702,0.131553,62,33,5,-1,150,450
600,269,1,0.42547,0.181024,59,41,5,1,100,500
600,270,1,0.463074,0.214438,17,55,5,-1,100,500
600,391,1,0.400447,0.160358,51,7,6,1,0,600
600,271,1,0.337688,0.114033,57,9,6,-1,100,500
600,36,1,0.533367,0.28448,60,16,6,1,300,300
600,208,2,1.02731,0.547278,5,18.5,6,0,150,450
600,70,2,0.967582,0.561796,44.5,24,6,0,250,350
600,209,1,0.521998,0.272481,1,25,6,1,150,450
600,308,1,0.486397,0.236582,45,45,6,1,50,550
600,210,1,0.41365,0.171106,23,46,6,-1,150,450
600,211,1,0.424798,0.180453,50,57,6,-1,150,450
600,126,1,0.613918,0.376895,34,59,6,-1,200,400
600,272,1,0.602514,0.363023,27,1,7,-1,100,500
600,37,1,0.525382,0.276027,1,13,7,1,300,300
600,1,1,0.63707,0.405858,31,16,7,1,350,250
600,38,1,0.7006,0.49084,34,20,7,1,300,300
600,127,1,0.788428,0.621619,14,21,7,1,200,400
600,392,1,0.326592,0.106662,17,21,7,1,0,600
600,212,2,1.07813,0.584057,28,26.5,7,0,150,450
600,128,1,0.649763,0.422192,34,28,7,-1,200,400
600,309,1,0.636647,0.40532,48,56,7,1,50,550
600,393,1,0.0708515,0.00501994,25,36,8,-1,0,600
600,394,1,0.612767,0.375484,31,7,9,-1,0,600
600,310,1,0.270347,0.0730874,14,26,9,1,50,550
600,213,2,1.27355,0.947724,13,36,9.5,0,150,450
600,71,1,0.340661,0.11605,11,42,9,1,250,350
600,0,1,0.743338,0.552551,17,48,9,1,350,250
600,214,1,0.476078,0.22665,52,52,9,1,150,450
600,311,1,0.647355,0.419068,52,54,9,1,50,550
600,72,1,0.794617,0.631416,1,62,9,-1,250,350
600,312,1,0.791388,0.626296,8,4,10,1,50,550
600,395,1,0.84545,0.714786,22,14,10,-1,0,600
600,396,1,0.411909,0.169669,39,14,10,-1,0,600
600,273,1,0.313478,0.0982684,31,17,10,1,100,500
600,215,1,0.994,0.988036,14,30,10,1,150,450
600,397,1,1.15381,1.33127,28,37,10,-1,0,600
600,398,1,0.268475,0.0720787,25,42,10,1,0,600
600,76,1,0.546299,0.298442,13,46,10,1,250,350
600,129,1,0.220765,0.0487372,14,51,10,-1,200,400
600,274,2,1.30117,1.04149,16,53.5,10,0,100,500
600,130,1,0.473831,0.224516,20,1,11,-1,200,400
600,313,1,1.06506,1.13436,22,2,11,-1,50,550
600,399,1,0.378629,0.14336,56,2,11,-1,0,600
600,131,2,0.686206,0.243134,52,4.5,11,0,200,400
600,73,1,0.274185,0.0751772,13,22,11,1,250,350
600,314,1,0.4168,0.173722,39,24,11,-1,50,550
600,132,1,0.607652,0.369241,47,34,11,-1,200,400
600,133,1,0.52894,0.279778,22,39,11,-1,200,400
600,134,1,0.766647,0.587747,3,40,11,1,200,400
600,137,1,0.579305,0.335594,15,9,12,-1,200,400
600,77,1,0.305494,0.0933264,27,11,12,1,250,350
600,74,1,0.621751,0.386574,63,18,12,1,250,350
600,135,1,0.541434,0.293151,60,28,12,-1,200,400
600,400,1,0.31888,0.101684,43,29,12,1,0,600
600,75,2,1.44595,1.11862,53.5,32,12,0,250,350
600,315,1,0.711057,0.505602,13,45,12,-1,50,550
600,136,1,0.164986,0.0272202,33,49,12,1,200,400
600,216,1,0.79301,0.628865,12,51,12,1,150,450
600,217,1,0.918914,0.844403,31,62,12,-1,150,450
600,401,1,0.358184,0.128296,17,10,13,1,0,600
600,402,1,0.451938,0.204248,57,32,13,1,0,600
600,138,1,0.55827,0.311665,54,56,13,-1,200,400
600,218,1,0.724302,0.524613,14,63,13,-1,150,450
600,403,1,0.263831,0.069607,28,11,14,1,0,600
600,276,1,0.650664,0.423363,51,11,14,-1,100,500
600,275,1,0.486563,0.236743,10,12,14,-1,100,500
600,404,1,1.59456,2.54264,47,26,14,1,0,600
600,139,1,0.624608,0.390135,23,56,14,1,200,400
600,316,2,0.848557,0.360166,16,58.5,14.5,0,50,550
600,278,1,0.108103,0.0116863,24,59,14,1,100,500
600,3,1,1.33462,1.78121,25,7,15,-1,350,250
600,140,1,0.579492,0.335811,48,13,15,-1,200,400
600,2,1,0.652175,0.425333,22,24,15,1,350,250
600,405,1,0.451375,0.20374,20,31,15,-1,0,600
600,221,1,0.807492,0.652044,1,40,15,-1,150,450
600,219,1,0.691055,0.477558,22,42,15,-1,150,450
600,39,1,0.87285,0.761867,1,47,15,-1,300,300
600,317,1,0.781861,0.611307,28,60,15,1,50,550
600,141,2,0.843089,0.35774,54,3.5,16,0,200,400
600,78,2,1.67836,1.59147,14.5,6,16,0,250,350
600,318,1,0.957637,0.917069,36,6,16,1,50,550
600,319,1,0.310317,0.0962969,53,13,16,-1,50,550
600,40,1,0.741457,0.549758,4,17,16,-1,300,300
600,324,1,0.269168,0.0724515,29,22,16,1,50,550
600,406,1,0.942951,0.889156,45,31,16,-1,0,600
600,320,1,0.771441,0.595122,60,42,16,-1,50,550
600,142,1,0.751857,0.565289,39,52,16,1,200,400
600,321,1,0.609514,0.371508,7,54,16,-1,50,550
600,407,1,0.938384,0.880564,25,55,16,-1,0,600
600,408,1,0.406983,0.165636,26,6,17,-1,0,600
600,409,1,1.31768,1.73627,24,8,17,1,0,600
600,322,1,0.444339,0.197437,31,13,17,-1,50,550
600,220,1,0.648841,0.420994,47,13,17,-1,150,450
600,143,1,0.718615,0.516407,21,17,17,1,200,400
600,277,1,0.766809,0.587996,62,18,17,-1,100,500
600,323,1,0.423484,0.179338,23,22,17,1,50,550
600,410,1,0.475059,0.225681,31,25,17,1,0,600
600,411,1,0.562734,0.316669,55,26,17,1,0,600
600,412,1,0.680645,0.463278,0,38,17,-1,0,600
600,4,1,0.393085,0.154516,49,51,17,-1,350,250
600,144,2,1.80235,1.6316,19,57.5,17,0,200,400
600,413,1,1.0254,1.05144,23,58,17,1,0,600
600,145,1,0.288212,0.0830659,15,12,18,1,200,400
600,41,3,1.26924,0.58618,45.6667,41.3333,18,-1,300,300
600,146,1,0.9257,0.85692,38,49,18,-1,200,400
600,147,3,1.78668,1.13708,43.3333,51.3333,18.6667,1,200,400
600,325,1,0.619359,0.383606,18,61,18,-1,50,550
600,148,1,0.375104,0.140703,58,3,19,-1,200,400
600,149,1,0.598051,0.357665,63,4,19,-1,200,400
600,326,2,1.04761,0.593567,47,9.5,19.5,0,50,550
600,279,1,0.400458,0.160367,41,17,19,1,100,500
600,222,2,0.852973,0.383759,45.5,19.5,19.5,0,150,450
600,327,1,0.62556,0.391326,20,25,19,-1,50,550
600,5,2,0.962287,0.471871,58.5,28.5,19.5,0,350,250
600,42,1,0.241298,0.0582247,48,41,19,-1,300,300
600,328,1,0.966761,0.934627,60,50,19,-1,50,550
600,224,2,1.08089,1.00484,17,52,19.5,0,150,450
600,280,1,0.755594,0.570922,18,13,20,1,100,500
600,223,1,0.458793,0.210491,37,15,20,1,150,450
600,150,1,0.763085,0.582299,24,23,20,1,200,400
600,79,1,0.515549,0.265791,50,30,20,1,250,350
600,85,1,0.429515,0.184483,54,19,21,-1,250,350
600,414,1,0.229001,0.0524416,27,23,21,-1,0,600
600,281,1,0.503071,0.25308,58,40,21,-1,100,500
600,282,1,0.378877,0.143548,54,15,22,-1,100,500
600,415,1,0.395172,0.156161,30,16,22,-1,0,600
600,44,1,0.438584,0.192356,45,26,22,1,300,300
600,80,1,0.330847,0.10946,57,28,22,1,250,350
600,43,1,0.658953,0.43422,7,32,22,-1,300,300
600,330,1,0.422762,0.178727,12,32,22,1,50,550
600,416,1,1.7365,3.01545,61,33,22,1,0,600
600,151,1,0.816538,0.666735,4,62,22,1,200,400
600,417,1,0.884346,0.782069,56,8,23,1,0,600
600,418,1,0.404051,0.163258,51,9,23,1,0,600
600,329,1,0.877166,0.76942,11,20,23,-1,50,550
600,81,1,0.45233,0.204603,15,24,23,1,250,350
600,225,1,0.454312,0.206399,16,27,23,1,150,450
600,419,1,0.615121,0.378374,25,28,23,-1,0,600
600,226,1,0.621964,0.386839,45,28,23,-1,150,450
600,420,1,0.520642,0.271068,14,32,23,-1,0,600
600,82,1,0.318605,0.101509,21,40,23,-1,250,350
600,83,1,0.435063,0.18928,29,49,23,-1,250,350
600,84,1,0.405943,0.16479,58,62,23,1,250,350
600,154,2,1.1999,0.722025,17,13,24.5,0,200,400
600,6,1,0.549061,0.301468,34,14,24,1,350,250
600,152,1,0.611043,0.373374,55,19,24,-1,200,400
600,421,1,0.747823,0.559239,60,37,24,1,0,600
600,153,1,0.921502,0.849165,7,52,24,1,200,400
600,422,1,0.580124,0.336544,50,24,25,1,0,600
600,331,1,0.45446,0.206534,51,30,25,1,50,550
600,332,1,0.540504,0.292144,8,35,25,1,50,550
600,155,1,0.733235,0.537633,38,50,25,-1,200,400
600,227,1,0.767667,0.589313,3,59,25,-1,150,450
600,423,1,0.569777,0.324646,59,62,25,1,0,600
600,7,1,0.756996,0.573043,47,5,26,1,350,250
600,86,1,0.593219,0.351909,48,11,26,1,250,350
600,283,1,0.815143,0.664458,19,15,26,-1,100,500
600,8,1,0.608329,0.370065,39,20,26,1,350,250
600,424,1,1.02716,1.05506,56,33,26,1,0,600
600,333,1,0.459415,0.211062,15,42,26,1,50,550
600,425,1,0.867917,0.753281,19,1,27,-1,0,600
600,426,1,0.650104,0.422636,0,6,27,1,0,600
600,87,1,0.607756,0.369367,60,33,27,1,250,350
600,284,1,0.387478,0.150139,14,54,27,-1,100,500
600,228,1,0.274354,0.0752699,35,55,27,-1,150,450
600,156,1,0.160305,0.0256976,55,3,28,-1,200,400
600,334,1,0.367451,0.135021,58,3,28,-1,50,550
600,157,1,0.968081,0.937181,62,6,28,1,200,400
600,88,2,1.12323,0.64136,55.5,10.5,28,0,250,350
600,89,1,0.301709,0.091028,43,21,28,-1,250,350
600,427,1,0.394959,0.155993,3,22,28,-1,0,600
600,158,2,1.11159,0.67086,10,29,28.5,0,200,400
600,90,1,0.673875,0.454108,16,32,28,1,250,350
600,428,1,0.820593,0.673373,62,35,28,-1,0,600
600,335,1,0.36253,0.131428,57,56,28,-1,50,550
600,91,1,0.437372,0.191294,23,2,29,1,250,350
600,9,1,1.26989,1.61263,8,10,29,-1,350,250
600,285,2,0.716463,0.27339,9.5,12,29,0,100,500
600,92,1,0.938861,0.881461,49,20,29,1,250,350
600,429,1,0.865091,0.748382,46,26,29,-1,0,600
600,159,1,0.884826,0.782918,8,51,29,1,200,400
600,286,1,0.489265,0.23938,12,51,29,1,100,500
600,430,1,0.687422,0.472549,46,54,29,-1,0,600
600,10,1,0.674375,0.454781,26,58,29,1,350,250
600,431,2,1.30464,1.05522,27.5,61,29,0,0,600
600,93,1,0.531532,0.282526,60,62,29,1,250,350
600,336,1,0.585013,0.34224,9,5,30,-1,50,550
600,45,1,0.79333,0.629373,18,5,30,1,300,300
600,337,2,1.34843,1.09138,12,6.5,30,0,50,550
600,229,1,0.583145,0.340058,35,35,30,-1,150,450
600,230,1,0.958176,0.918101,33,36,30,1,150,450
600,46,1,0.267982,0.0718145,45,39,30,-1,300,300
600,160,2,0.76826,0.371617,30,42.5,30,2,200,400
600,432,1,0.478056,0.228538,48,43,30,1,0,600
600,433,1,0.586523,0.344009,1,1,31,1,0,600
600,161,2,1.0048,0.515091,49,6,31.5,0,200,400
600,287,1,0.646745,0.418279,27,12,31,-1,100,500
600,231,1,0.491673,0.241743,40,21,31,1,150,450
600,232,1,0.1137,0.0129276,22,26,31,-1,150,450
600,94,1,0.715216,0.511534,53,35,31,1,250,350
600,95,1,0.208072,0.0432939,18,38,31,-1,250,350
600,96,1,0.641506,0.41153,35,44,31,1,250,350
600,162,1,0.433136,0.187607,43,51,31,1,200,400
600,338,2,1.13136,0.666986,49,52,31.5,0,50,550
600,233,1,0.812429,0.66004,28,56,31,1,150,450
600,234,2,1.42516,1.17183,4.5,7,32,0,150,450
600,339,1,0.831861,0.691993,24,8,32,-1,50,550
600,11,1,0.716266,0.513037,49,27,32,-1,350,250
600,12,1,0.480222,0.230614,32,32,32,1,350,250
600,340,1,0.404587,0.163691,37,42,32,1,50,550
600,341,1,0.489978,0.240079,3,60,32,1,50,550
600,434,1,0.441375,0.194812,0,61,32,-1,0,600
600,435,1,0.575461,0.331156,20,5,33,1,0,600
600,288,1,0.359569,0.12929,28,5,33,-1,100,500
600,13,1,0.587543,0.345206,41,9,33,-1,350,250
600,163,1,1.01753,1.03538,56,22,33,1,200,400
600,47,1,0.81311,0.661148,47,27,33,-1,300,300
600,342,1,0.510051,0.260152,9,36,33,1,50,550
600,436,1,0.217222,0.0471852,26,36,33,1,0,600
600,164,1,0.496342,0.246356,47,38,33,-1,200,400
600,14,1,0.934042,0.872434,62,38,33,-1,350,250
600,48,1,0.542886,0.294725,41,45,33,1,300,300
600,165,1,0.185707,0.0344869,39,2,34,1,200,400
600,437,1,0.928724,0.862528,61,3,34,-1,0,600
600,166,1,0.482412,0.232722,63,25,34,-1,200,400
600,343,1,0.167796,0.0281555,59,50,34,1,50,550
600,289,1,0.588284,0.346078,37,63,34,-1,100,500
600,15,1,0.510276,0.260382,36,10,35,1,350,250
600,344,1,0.525779,0.276444,20,20,35,1,50,550
600,438,1,0.399979,0.159983,53,27,35,1,0,600
600,235,1,0.277503,0.0770081,6,30,35,-1,150,450
600,49,1,0.676484,0.457631,15,37,35,1,300,300
600,97,1,0.675793,0.456697,48,49,35,-1,250,350
600,50,1,0.490614,0.240702,46,54,35,1,300,300
600,345,1,0.269381,0.0725661,45,61,35,-1,50,550
600,439,1,0.471731,0.22253,16,19,36,1,0,600
600,290,1,0.775429,0.60129,25,30,36,-1,100,500
600,440,1,0.835601,0.698229,43,34,36,-1,0,600
600,167,1,0.400921,0.160738,0,37,36,1,200,400
600,236,1,0.55758,0.310896,16,47,36,1,150,450
600,51,2,0.853937,0.528841,9,49.5,36,0,300,300
600,101,1,0.720219,0.518716,44,51,36,1,250,350
600,237,1,0.0955867,0.00913683,15,55,36,1,150,450
600,98,2,0.952077,0.543741,15,62.5,36,0,250,350
600,238,1,0.389002,0.151322,39,6,37,1,150,450
600,291,1,0.357202,0.127594,46,15,37,1,100,500
600,243,1,0.485612,0.235819,50,21,37,-1,150,450
600,346,1,0.649808,0.422251,38,25,37,1,50,550
600,292,1,0.152074,0.0231266,14,27,37,-1,100,500
600,53,1,0.6521,0.425234,10,29,37,1,300,300
600,99,1,0.259569,0.0673758,57,29,37,1,250,350
600,347,1,0.554982,0.308005,1,34,37,-1,50,550
600,168,1,0.50983,0.259927,10,37,37,1,200,400
600,441,1,0.810669,0.657184,48,38,37,-1,0,600
600,442,1,0.603753,0.364518,54,58,37,-1,0,600
600,348,1,0.718971,0.51692,4,62,37,-1,50,550
600,100,1,1.10359,1.21791,16,10,38,1,250,350
600,171,1,0.114336,0.0130728,1,15,38,-1,200,400
600,443,1,0.58889,0.346792,5,23,38,-1,0,600
600,16,2,0.83754,0.381,25,34.5,38,0,350,250
600,52,1,0.642034,0.412208,34,39,38,1,300,300
600,349,1,0.288308,0.0831217,39,40,38,-1,50,550
600,239,1,0.625561,0.391326,55,40,38,-1,150,450
600,444,1,0.206192,0.042515,42,53,38,-1,0,600
600,350,1,0.293589,0.0861944,44,57,38,-1,50,550
600,445,1,0.530565,0.281499,22,18,39,-1,0,600
600,17,1,0.760017,0.577626,56,22,39,1,350,250
600,18,1,0.395775,0.156638,49,24,39,1,350,250
600,249,1,0.40773,0.166244,10,29,39,1,150,450
600,169,1,0.4083,0.166709,43,43,39,-1,200,400
600,240,1,0.619183,0.383387,35,48,39,-1,150,450
600,19,2,1.06017,0.658119,9,55.5,39,0,350,250
600,241,1,0.640834,0.410669,11,56,39,-1,150,450
600,172,1,0.687933,0.473252,56,62,39,1,200,400
600,170,4,3.08526,2.75435,40.5,10,40.5,0,200,400
600,242,1,0.410909,0.168846,7,14,40,-1,150,450
600,446,1,0.452532,0.204785,48,21,40,1,0,600
600,351,1,0.211895,0.0448995,34,27,40,-1,50,550
600,447,1,0.172996,0.0299277,8,30,40,1,0,600
600,448,1,0.845026,0.714068,44,50,40,1,0,600
600,352,1,0.3128,0.0978438,60,0,41,-1,50,550
600,353,1,0.567659,0.322236,52,10,41,-1,50,550
600,244,1,0.370236,0.137075,0,13,41,-1,150,450
600,293,1,0.416546,0.173511,1,19,41,-1,100,500
600,245,1,0.245904,0.0604686,42,27,41,1,150,450
600,356,1,0.317492,0.100801,7,28,41,1,50,550
600,246,1,0.354022,0.125331,21,30,41,1,150,450
600,449,1,0.336459,0.113204,17,42,41,1,0,600
600,102,1,0.458752,0.210453,22,0,42,-1,250,350
600,450,1,1.2316,1.51684,50,3,42,-1,0,600
600,354,1,0.315207,0.0993552,19,27,42,-1,50,550
600,247,1,0.234824,0.0551423,32,30,42,-1,150,450
600,248,2,0.936399,0.555752,52,44.5,42,0,150,450
600,175,1,0.310705,0.0965375,30,53,42,-1,200,400
600,294,1,0.596656,0.355998,58,61,42,-1,100,500
600,451,1,0.504069,0.254086,51,22,43,-1,0,600
600,452,1,0.72604,0.527134,56,28,43,1,0,600
600,173,1,0.69414,0.481831,11,45,43,-1,200,400
600,250,1,0.849641,0.72189,2,50,43,-1,150,450
600,355,1,0.47437,0.225027,48,56,43,-1,50,550
600,103,2,0.931098,0.550199,30.5,56.5,43.5,0,250,350
600,174,1,0.534309,0.285486,10,0,44,-1,200,400
600,104,1,0.573503,0.328906,4,20,44,1,250,350
600,453,1,0.671173,0.450473,8,28,44,1,0,600
600,105,2,1.37785,1.206,11,36,44.5,0,250,350
600,357,1,0.388241,0.150731,29,50,44,-1,50,550
600,454,1,0.865605,0.749272,11,55,44,1,0,600
600,455,1,0.714419,0.510395,58,61,44,-1,0,600
600,176,1,0.682411,0.465684,53,63,44,1,200,400
600,54,2,1.96514,1.93329,42,17.5,45,0,300,300
600,456,1,0.444679,0.197739,37,22,45,-1,0,600
600,106,2,1.21005,0.735073,57,33.5,45,0,250,350
600,358,1,0.486224,0.236414,2,52,45,1,50,550
600,107,1,0.356583,0.127151,36,61,45,1,250,350
600,457,1,0.680422,0.462975,11,1,46,1,0,600
600,458,1,0.501951,0.251955,37,5,46,-1,0,600
600,459,1,0.181274,0.0328603,45,50,46,-1,0,600
600,460,1,0.391112,0.152969,1,61,46,-1,0,600
600,20,1,0.696162,0.484642,40,61,46,1,350,250
600,461,1,0.526032,0.27671,51,14,47,1,0,600
600,462,1,0.707957,0.501204,47,42,47,-1,0,600
600,463,4,2.95388,2.22441,0,50.25,47.25,0,0,600
600,177,2,1.90843,1.84298,55,7.5,48,0,200,400
600,359,2,1.60562,1.30827,31.5,9.5,48.5,0,50,550
600,251,2,1.59803,1.27693,35.5,27,48.5,0,150,450
600,464,1,1.26014,1.58795,41,30,48,-1,0,600
600,360,1,0.203647,0.0414721,5,42,48,1,50,550
600,252,1,0.438141,0.191968,15,62,48,-1,150,450
600,108,1,0.674129,0.45445,33,2,49,-1,250,350
600,253,1,0.637751,0.406727,58,12,49,1,150,450
600,178,1,0.704821,0.496772,56,27,49,1,200,400
600,179,1,0.725519,0.526378,1,31,49,-1,200,400
600,361,1,0.0916667,0.00840278,23,48,49,1,50,550
600,55,1,0.451453,0.20381,58,49,49,-1,300,300
600,465,1,0.165602,0.0274239,41,59,49,1,0,600
600,254,2,0.71302,0.291379,16.5,15,50,0,150,450
600,466,1,0.523832,0.274399,17,17,50,-1,0,600
600,21,1,0.839397,0.704587,14,21,50,1,350,250
600,362,1,0.559672,0.313233,33,21,50,1,50,550
600,23,1,0.347841,0.120993,62,26,50,-1,350,250
600,467,1,0.707333,0.500319,49,33,50,-1,0,600
600,255,1,0.743466,0.552742,49,44,50,1,150,450
600,468,1,1.27918,1.63631,39,4,51,-1,0,600
600,363,1,0.340663,0.116052,11,6,51,1,50,550
600,469,1,1.0801,1.16662,1,9,51,-1,0,600
600,22,2,1.27759,0.86429,12,26.5,51,0,350,250
600,295,1,0.523109,0.273643,49,46,51,1,100,500
600,364,2,2.0655,2.29217,35.5,54,51.5,-2,50,550
600,180,1,0.541101,0.292791,61,55,51,-1,200,400
600,296,1,0.750096,0.562644,56,56,51,1,100,500
600,181,2,0.966389,0.494933,57.5,5.5,52.5,0,200,400
600,58,2,1.29268,0.896111,57.5,11.5,52,0,300,300
600,182,1,0.467093,0.218176,53,14,52,-1,200,400
600,470,1,0.490905,0.240988,3,19,52,1,0,600
600,56,1,0.121933,0.0148676,57,21,52,-1,300,300
600,365,1,0.543515,0.295409,55,22,52,1,50,550
600,57,1,0.765169,0.585483,60,26,52,1,300,300
600,24,1,0.779053,0.606923,1,42,52,1,350,250
600,183,1,0.917061,0.841001,54,44,52,-1,200,400
600,471,1,0.976561,0.953672,53,46,52,1,0,600
600,472,1,0.240361,0.0577735,56,53,52,-1,0,600
600,109,1,0.753264,0.567407,33,0,53,1,250,350
600,473,1,0.691833,0.478633,45,16,53,1,0,600
600,110,1,0.510096,0.260198,52,18,53,-1,250,350
600,256,1,0.685552,0.469981,20,26,53,-1,150,450
600,25,4,2.67393,1.90115,27.25,28.25,53.25,0,350,250
600,26,1,0.392609,0.154142,57,35,53,-1,350,250
600,184,1,0.44426,0.197367,51,42,53,1,200,400
600,185,1,0.523904,0.274475,3,60,53,-1,200,400
600,186,1,0.999934,0.999868,39,60,53,-1,200,400
600,474,1,0.559314,0.312832,28,63,53,1,0,600
600,475,1,0.352892,0.124533,28,10,54,-1,0,600
600,366,3,1.47449,0.798582,56.3333,11.3333,54,-1,50,550
600,476,1,0.752766,0.566656,9,14,54,1,0,600
600,189,1,0.706303,0.498865,35,14,54,1,200,400
600,297,1,0.410444,0.168465,63,20,54,1,100,500
600,477,1,0.500069,0.250069,26,32,54,-1,0,600
600,478,1,0.537904,0.289341,55,36,54,-1,0,600
600,187,1,0.794636,0.631446,63,57,54,-1,200,400
600,257,1,0.914191,0.835745,18,60,54,1,150,450
600,367,1,0.242821,0.0589619,4,10,55,-1,50,550
600,258,1,0.564216,0.31834,6,25,55,-1,150,450
600,188,1,0.351493,0.123547,11,26,55,-1,200,400
600,259,1,0.689665,0.475638,8,33,55,1,150,450
600,27,3,1.59073,1.03235,52.3333,50.3333,55.3333,1,350,250
600,60,1,0.758416,0.575195,5,56,55,1,300,300
600,368,1,0.491597,0.241668,4,62,55,1,50,550
600,59,1,1.15737,1.33952,45,1,56,1,300,300
600,369,1,0.676092,0.4571,38,6,56,1,50,550
600,370,1,0.478372,0.22884,17,20,56,-1,50,550
600,479,1,0.414199,0.171561,1,22,56,1,0,600
600,298,2,1.19205,0.787054,29.5,42.5,56,0,100,500
600,480,1,0.761108,0.579286,7,44,56,1,0,600
600,481,1,0.493318,0.243363,20,56,56,1,0,600
600,482,1,0.806151,0.64988,20,1,57,1,0,600
600,371,2,1.30132,0.84701,9,5.5,57,0,50,550
600,372,1,0.894581,0.800276,19,8,57,-1,50,550
600,483,1,0.468559,0.219548,35,12,57,1,0,600
600,111,2,1.23802,0.925952,47.5,19.5,57,0,250,350
600,30,2,1.65185,1.49161,55,33,57.5,0,350,250
600,28,1,0.611149,0.373503,23,51,57,-1,350,250
600,299,1,0.806433,0.650334,12,53,57,1,100,500
600,300,1,0.436799,0.190793,5,54,57,-1,100,500
600,112,2,1.57315,1.32926,23,5,58.5,0,250,350
600,484,1,0.285021,0.0812368,58,5,58,-1,0,600
600,190,1,0.664852,0.442029,6,14,58,1,200,400
600,192,1,0.823826,0.67869,17,14,58,-1,200,400
600,373,1,0.604349,0.365237,8,15,58,-1,50,550
600,374,1,0.390281,0.152319,25,18,58,1,50,550
600,113,1,0.819731,0.671959,39,18,58,-1,250,350
600,29,1,0.802848,0.644566,21,30,58,-1,350,250
600,301,1,0.376893,0.142048,63,50,58,-1,100,500
600,485,1,0.825558,0.681546,49,4,59,-1,0,600
600,191,1,0.49447,0.244501,46,13,59,1,200,400
600,114,1,0.19289,0.0372064,44,20,59,-1,250,350
600,260,1,0.231871,0.053764,32,25,59,1,150,450
600,61,1,0.890823,0.793565,7,33,59,1,300,300
600,31,1,0.351076,0.123254,27,40,59,1,350,250
600,302,1,0.454588,0.20665,13,44,59,1,100,500
600,375,1,0.344793,0.118883,2,45,59,-1,50,550
600,62,1,1.0891,1.18613,31,55,59,-1,300,300
600,115,1,0.589617,0.347648,9,56,59,1,250,350
600,486,1,0.991559,0.983189,23,0,60,1,0,600
600,63,1,0.462661,0.214055,38,11,60,-1,300,300
600,487,1,0.446655,0.199501,18,16,60,1,0,600
600,488,1,0.425995,0.181472,48,21,60,-1,0,600
600,193,1,0.667941,0.446146,25,24,60,1,200,400
600,261,1,0.622783,0.387858,6,31,60,-1,150,450
600,64,1,0.774937,0.600527,12,34,60,1,300,300
600,194,1,0.675395,0.456159,56,34,60,-1,200,400
600,262,1,0.321662,0.103466,53,35,60,1,150,450
600,68,1,0.381742,0.145727,59,35,60,1,300,300
600,65,3,0.83632,0.240267,63,35.6667,60.3333,1,300,300
600,376,1,0.518133,0.268462,46,54,60,-1,50,550
600,66,1,1.03031,1.06155,21,57,60,1,300,300
600,67,1,0.792183,0.627553,36,60,60,-1,300,300
600,195,1,0.269898,0.0728448,27,5,61,-1,200,400
600,196,1,0.467835,0.21887,24,7,61,-1,200,400
600,303,1,0.229943,0.0528737,11,8,61,-1,100,500
600,489,1,1.1872,1.40945,63,12,61,-1,0,600
600,490,1,0.687958,0.473286,18,24,61,1,0,600
600,491,1,0.487689,0.237841,20,37,61,1,0,600
600,492,1,0.868808,0.754827,61,37,61,1,0,600
600,377,1,0.830041,0.688967,16,38,61,1,50,550
600,493,1,0.133038,0.0176991,38,52,61,-1,0,600
600,494,1,0.759173,0.576344,61,4,62,-1,0,600
600,263,1,0.688877,0.474551,42,8,62,-1,150,450
600,378,1,1.03383,1.06881,6,27,62,1,50,550
600,198,2,1.15892,0.738016,48.5,31,62,0,200,400
600,495,1,0.574825,0.330424,24,46,62,1,0,600
600,379,1,0.636403,0.405008,18,61,62,-1,50,550
600,199,1,0.72185,0.521068,40,61,62,-1,200,400
600,496,1,0.783158,0.613337,5,5,63,1,0,600
600,380,1,0.944464,0.892012,40,6,63,-1,50,550
600,497,1,0.79314,0.629071,0,16,63,-1,0,600
600,498,1,0.613916,0.376893,36,24,63,1,0,600
600,264,1,0.672853,0.452731,37,33,63,-1,150,450
600,499,1,0.651144,0.423989,7,46,63,-1,0,600
600,500,1,0.806027,0.64968,27,58,63,1,0,600
600,501,1,0.557555,0.310868,57,59,63,1,0,600
600,502,1,0.554537,0.307511,37,60,63,-1,0,600
650,265,1,0.653855,0.427527,49,4,0,1,150,500
650,304,1,0.666117,0.443712,56,21,0,1,100,550
650,305,3,1.91277,1.33533,11,24,-1,-1,100,550
650,503,2,1.33282,0.974214,36.5,24,-0.5,2,0,650
650,504,1,0.590506,0.348698,31,38,0,1,0,650
650,116,1,0.424983,0.180611,4,48,0,1,250,400
650,266,1,0.922064,0.850202,28,49,0,1,150,500
650,117,1,0.661056,0.436995,49,52,0,-1,250,400
650,381,2,0.759204,0.352734,45.5,58,0,0,50,600
650,205,2,1.52098,1.15675,13.5,62,0,0,200,450
650,267,1,0.988325,0.976785,61,1,1,-1,150,500
650,268,1,0.737591,0.544041,30,9,1,-1,150,500
650,505,1,1.06675,1.13795,21,18,1,1,0,650
650,506,1,0.664568,0.441651,38,18,1,-1,0,650
650,203,1,0.732664,0.536797,4,30,1,-1,200,450
650,124,1,0.483004,0.233293,54,36,1,-1,250,400
650,33,2,1.28501,0.862654,49,43,1.5,0,350,300
650,507,1,0.998309,0.99662,13,44,1,-1,0,650
650,200,1,0.729387,0.532005,13,57,1,-1,200,450
650,118,1,0.614682,0.377834,6,59,1,-1,250,400
650,382,1,0.613554,0.376449,30,59,1,-1,50,600
650,119,1,0.389268,0.15153,35,62,1,1,250,400
650,508,1,0.739769,0.547258,46,1,2,1,0,650
650,509,1,0.342839,0.117539,26,5,2,1,0,650
650,383,1,0.274276,0.0752273,0,6,2,-1,50,600
650,510,1,0.274435,0.0753147,42,17,2,1,0,650
650,201,1,0.591916,0.350365,60,19,2,-1,200,450
650,120,2,0.624463,0.204911,41,23.5,2,0,250,400
650,306,1,0.330695,0.109359,45,26,2,-1,100,550
650,202,1,0.548536,0.300892,25,27,2,1,200,450
650,307,1,0.584391,0.341513,2,30,2,1,100,550
650,204,1,0.148716,0.0221163,48,30,2,1,200,450
650,384,1,0.470764,0.221618,56,32,2,-1,50,600
650,32,1,0.224008,0.0501797,21,34,2,1,350,300
650,511,2,1.30128,0.927967,52.5,37.5,2.5,0,0,650
650,385,1,0.548509,0.300862,57,59,2,1,50,600
650,34,2,1.38073,0.957491,8,6,3.5,0,350,300
650,121,1,0.686092,0.470722,14,38,3,-1,250,400
650,122,1,1.04402,1.08997,58,50,3,-1,250,400
650,386,1,0.284024,0.0806698,11,55,3,1,50,600
650,512,1,0.434753,0.18901,14,63,3,1,0,650
650,123,1,0.254092,0.064563,49,63,3,-1,250,400
650,206,1,0.186505,0.0347842,37,3,4,-1,200,450
650,513,1,0.304989,0.0930181,12,9,4,-1,0,650
650,387,1,0.949791,0.902103,61,26,4,-1,50,600
650,388,1,0.551773,0.304453,25,28,4,1,50,600
650,125,1,0.605151,0.366208,56,40,4,1,250,400
650,389,1,0.436185,0.190257,28,42,4,-1,50,600
650,390,1,0.649893,0.42236,33,43,4,1,50,600
650,35,1,0.76764,0.589272,5,47,4,1,350,300
650,69,1,0.627292,0.393496,40,6,5,-1,300,350
650,207,1,0.233376,0.0544642,62,33,5,-1,200,450
650,269,1,0.344112,0.118413,59,41,5,1,150,500
650,514,1,0.250294,0.0626471,52,53,5,1,0,650
650,270,1,0.631745,0.399102,17,55,5,-1,150,500
650,515,1,0.500883,0.250883,25,6,6,-1,0,650
650,391,1,0.585126,0.342372,51,7,6,1,50,600
650,271,1,0.823399,0.677985,57,9,6,-1,150,500
650,36,1,1.01151,1.02315,60,16,6,1,350,300
650,208,3,1.53953,0.915649,5.33333,18.6667,6,-1,200,450
650,70,2,0.709269,0.2532,44.5,24,6,0,300,350
650,209,1,0.386095,0.149069,1,25,6,1,200,450
650,516,1,1.58992,2.52785,3,26,6,1,0,650
650,308,2,1.24022,0.779452,45.5,45,6,0,100,550
650,210,1,0.716805,0.51381,23,46,6,-1,200,450
650,211,1,0.382201,0.146077,50,57,6,-1,200,450
650,126,1,0.534202,0.285372,34,59,6,-1,250,400
650,272,1,0.272772,0.0744044,27,1,7,-1,150,500
650,37,1,0.376174,0.141507,1,13,7,1,350,300
650,1,1,0.717712,0.51511,31,16,7,1,400,250
650,38,1,0.541388,0.293101,34,20,7,1,350,300
650,127,1,0.512202,0.262351,14,21,7,1,250,400
650,392,1,0.250065,0.0625327,17,21,7,1,50,600
650,212,2,1.04063,0.576778,28,26.5,7,0,200,450
650,128,1,0.740763,0.54873,34,28,7,-1,250,400
650,517,1,0.324379,0.105221,25,31,7,-1,0,650
650,518,1,0.177469,0.0314951,31,51,7,-1,0,650
650,309,1,0.430525,0.185352,48,56,7,1,100,550
650,519,1,0.466193,0.217336,39,61,7,-1,0,650
650,520,1,1.40195,1.96546,61,14,8,-1,0,650
650,521,1,1.45969,2.13069,10,18,8,-1,0,650
650,522,1,0.591979,0.350439,61,33,8,-1,0,650
650,213,1,0.382253,0.146117,11,35,8,-1,200,450
650,393,1,0.655118,0.42918,25,36,8,-1,50,600
650,133,1,1.05892,1.12132,22,41,8,-1,250,400
650,523,1,0.21765,0.0473716,61,48,8,1,0,650
650,524,1,0.638866,0.40815,26,1,9,-1,0,650
650,525,1,0.8546,0.730342,18,4,9,-1,0,650
650,394,1,0.647844,0.419702,31,7,9,-1,50,600
650,310,1,0.652885,0.426258,14,26,9,1,100,550
650,526,2,1.13503,0.652959,13,36,9.5,0,0,650
650,527,1,0.612796,0.375518,9,38,9,-1,0,650
650,71,1,0.513603,0.263788,11,42,9,1,300,350
650,528,1,0.592889,0.351518,30,45,9,1,0,650
650,0,1,0.292959,0.0858251,17,48,9,1,400,250
650,214,1,0.686043,0.470656,52,52,9,1,200,450
650,311,1,0.422015,0.178097,52,54,9,1,100,550
650,72,1,0.563462,0.31749,1,62,9,-1,300,350
650,529,1,0.725551,0.526424,26,63,9,-1,0,650
650,312,1,0.846798,0.717066,8,4,10,1,100,550
650,530,1,0.725161,0.525859,62,13,10,-1,0,650
650,395,1,0.504872,0.254896,22,14,10,-1,50,600
650,396,1,0.943376,0.889959,39,14,10,-1,50,600
650,273,1,0.951005,0.90441,31,17,10,1,150,500
650,531,1,0.475045,0.225668,5,20,10,1,0,650
650,532,1,0.493369,0.243413,34,20,10,1,0,650
650,215,1,0.952897,0.908014,14,30,10,1,200,450
650,397,1,0.242789,0.0589466,28,37,10,-1,50,600
650,398,1,0.470953,0.221796,25,42,10,1,50,600
650,533,1,0.631648,0.398979,60,42,10,-1,0,650
650,76,1,0.275825,0.0760795,13,46,10,1,300,350
650,129,1,0.304114,0.0924853,14,51,10,-1,250,400
650,274,2,1.51257,1.25667,16,53.5,10,0,150,500
650,130,1,0.562792,0.316735,20,1,11,-1,250,400
650,534,1,0.996852,0.993714,31,1,11,-1,0,650
650,313,1,0.271247,0.0735749,22,2,11,-1,100,550
650,399,1,0.033837,0.00114494,56,2,11,-1,50,600
650,131,2,1.12708,0.702504,52,4.5,11,0,250,400
650,73,1,0.316221,0.0999959,13,22,11,1,300,350
650,314,1,0.652324,0.425527,39,24,11,-1,100,550
650,132,1,0.519966,0.270365,47,34,11,-1,250,400
650,134,2,0.947987,0.537625,2.5,39.5,11,0,250,400
650,535,1,0.47245,0.223209,22,39,11,-1,0,650
650,536,1,0.598975,0.358771,20,60,11,1,0,650
650,537,1,0.975044,0.95071,5,61,11,1,0,650
650,137,1,0.5752,0.330855,15,9,12,-1,250,400
650,401,2,1.90672,1.90187,17,9.5,12.5,0,50,600
650,276,1,0.631614,0.398936,49,10,12,-1,150,500
650,77,1,0.245269,0.060157,27,11,12,1,300,350
650,538,2,1.13123,0.676477,42.5,15.5,12.5,2,0,650
650,74,1,0.737542,0.543968,63,18,12,1,300,350
650,539,1,0.929947,0.864801,6,23,12,-1,0,650
650,135,1,0.769487,0.59211,60,28,12,-1,250,400
650,400,1,0.174072,0.0303012,43,29,12,1,50,600
650,75,2,0.906346,0.645471,53.5,32,12,0,300,350
650,405,1,0.55911,0.312604,19,33,12,1,50,600
650,315,1,0.607416,0.368954,13,45,12,-1,100,550
650,540,1,0.115801,0.0134099,62,47,12,1,0,650
650,136,1,0.256579,0.0658326,33,49,12,1,250,400
650,216,1,0.332744,0.110719,12,51,12,1,200,450
650,217,1,0.359556,0.129281,31,62,12,-1,200,450
650,541,1,0.583546,0.340525,4,1,13,1,0,650
650,402,1,0.749697,0.562045,58,29,13,1,50,600
650,542,1,0.468712,0.219691,57,32,13,1,0,650
650,543,1,0.805103,0.648191,29,44,13,1,0,650
650,138,1,0.635625,0.404019,54,56,13,-1,250,400
650,218,1,0.430679,0.185485,14,63,13,-1,200,450
650,403,1,0.64044,0.410163,28,11,14,1,50,600
650,319,1,0.544879,0.296893,51,11,14,-1,100,550
650,275,1,0.969858,0.940625,10,12,14,-1,150,500
650,404,1,0.886157,0.785275,47,26,14,1,50,600
650,544,1,0.954253,0.910599,34,29,14,1,0,650
650,545,1,0.321638,0.103451,26,36,14,-1,0,650
650,546,1,0.508465,0.258536,49,47,14,1,0,650
650,139,1,1.01875,1.03785,23,56,14,1,250,400
650,316,2,1.71846,1.70263,16,58.5,14.5,0,100,550
650,278,1,1.15265,1.32861,24,59,14,1,150,500
650,547,1,0.372707,0.138911,63,4,15,-1,0,650
650,3,2,1.37252,0.965004,24.5,7.5,15,0,400,250
650,318,1,0.382849,0.146573,33,7,15,1,100,550
650,140,1,0.307368,0.0944748,48,13,15,-1,250,400
650,2,1,0.990981,0.982043,22,24,15,1,400,250
650,548,1,0.924406,0.854526,20,31,15,-1,0,650
650,221,1,0.795997,0.633611,1,40,15,-1,200,450
650,219,1,0.227619,0.0518103,22,42,15,-1,200,450
650,39,1,0.583004,0.339893,1,47,15,-1,350,300
650,549,1,0.550093,0.302602,51,55,15,1,0,650
650,317,1,0.431488,0.186182,28,60,15,1,100,550
650,141,2,1.67345,1.40027,54,3.5,16,0,250,400
650,78,2,1.31614,0.866209,14.5,6,16,0,300,350
650,550,1,0.742387,0.551139,36,6,16,1,0,650
650,551,1,0.333331,0.111109,53,13,16,-1,0,650
650,40,1,0.563435,0.317459,4,17,16,-1,350,300
650,324,1,0.618142,0.382099,29,22,16,1,100,550
650,406,1,0.35776,0.127992,45,31,16,-1,50,600
650,320,1,0.226437,0.0512736,60,42,16,-1,100,550
650,552,1,0.628145,0.394567,19,50,16,-1,0,650
650,142,1,0.521222,0.271672,39,52,16,1,250,400
650,321,1,0.440439,0.193987,7,54,16,-1,100,550
650,407,1,0.825317,0.681148,25,55,16,-1,50,600
650,553,1,0.593182,0.351865,12,5,17,1,0,650
650,408,1,0.417344,0.174176,26,6,17,-1,50,600
650,409,1,0.403466,0.162784,24,8,17,1,50,600
650,322,1,0.369652,0.136642,31,13,17,-1,100,550
650,220,1,0.129722,0.0168277,47,13,17,-1,200,450
650,143,1,0.085241,0.00726602,21,17,17,1,250,400
650,277,1,0.40244,0.161958,62,18,17,-1,150,500
650,323,1,0.687307,0.472391,23,22,17,1,100,550
650,554,1,0.717001,0.514091,59,23,17,1,0,650
650,410,1,0.648799,0.420941,31,25,17,1,50,600
650,411,1,0.499986,0.249986,55,26,17,1,50,600
650,412,1,0.427991,0.183176,0,38,17,-1,50,600
650,4,1,0.948583,0.89981,49,51,17,-1,400,250
650,144,2,0.5845,0.172248,19,57.5,17,0,250,400
650,413,1,0.474918,0.225547,23,58,17,1,50,600
650,555,1,0.913429,0.834353,12,59,17,1,0,650
650,145,1,1.57861,2.492,14,10,18,1,250,400
650,280,1,0.520949,0.271388,15,12,18,1,150,500
650,327,1,1.61837,2.61912,22,26,18,1,100,550
650,556,1,0.535412,0.286666,47,37,18,-1,0,650
650,41,3,1.70794,1.00383,45.6667,41.3333,18,-1,350,300
650,146,1,0.745332,0.555519,38,49,18,-1,250,400
650,147,4,2.09267,1.21729,43,51.25,18.5,0,250,400
650,557,1,0.544317,0.296281,23,53,18,1,0,650
650,325,1,0.675697,0.456566,18,61,18,-1,100,550
650,148,2,1.09648,0.622361,58,3.5,19,0,250,400
650,149,1,0.451409,0.20377,63,4,19,-1,250,400
650,326,2,1.11781,0.732542,47,9.5,19.5,0,100,550
650,558,1,0.836937,0.700464,20,12,19,-1,0,650
650,279,2,0.776735,0.303178,41,16.5,19,2,150,500
650,222,2,1.26498,0.987489,45.5,19.5,19.5,0,200,450
650,559,1,0.512025,0.26217,20,25,19,-1,0,650
650,5,2,1.3395,0.897981,58.5,28.5,19.5,0,400,250
650,42,1,0.462545,0.213948,48,41,19,-1,350,300
650,328,1,0.686594,0.471411,60,50,19,-1,100,550
650,224,2,0.931861,0.512278,17,52,19.5,0,200,450
650,560,1,0.998107,0.996218,18,13,20,1,0,650
650,223,1,0.90949,0.827173,39,14,20,1,200,450
650,561,1,0.422294,0.178332,37,15,20,1,0,650
650,150,2,1.6302,1.32917,24.5,23,20,0,250,400
650,79,1,0.256041,0.0655572,50,30,20,1,300,350
650,562,1,0.0536345,0.00287666,53,50,20,-1,0,650
650,85,1,0.563366,0.317381,54,19,21,-1,300,350
650,563,1,1.14833,1.31865,46,22,21,-1,0,650
650,414,1,0.678861,0.460852,27,23,21,-1,50,600
650,564,1,0.544052,0.295993,12,27,21,1,0,650
650,281,1,0.407417,0.165988,58,40,21,-1,150,500
650,565,1,0.439209,0.192904,37,48,21,-1,0,650
650,566,1,0.346188,0.119846,58,50,21,1,0,650
650,567,1,0.645509,0.416682,13,59,21,-1,0,650
650,154,1,0.352419,0.124199,18,11,22,-1,250,400
650,282,1,0.713981,0.509769,54,15,22,-1,150,500
650,415,1,0.534669,0.28587,30,16,22,-1,50,600
650,44,1,0.717755,0.515172,45,26,22,1,350,300
650,80,1,0.707662,0.500786,57,28,22,1,300,350
650,43,1,0.368983,0.136149,7,32,22,-1,350,300
650,330,1,0.352137,0.124001,12,32,22,1,100,550
650,416,1,0.473152,0.223873,61,33,22,1,50,600
650,151,1,0.597732,0.357284,4,62,22,1,250,400
650,417,1,0.467555,0.218607,56,8,23,1,50,600
650,418,2,1.27966,1.01325,51.5,9,23,0,50,600
650,329,1,0.732009,0.535837,11,20,23,-1,100,550
650,81,1,0.623057,0.388201,15,24,23,1,300,350
650,225,1,0.684232,0.468174,16,27,23,1,200,450
650,419,1,0.639187,0.40856,25,28,23,-1,50,600
650,226,1,0.837434,0.701295,45,28,23,-1,200,450
650,420,1,0.569511,0.324343,14,32,23,-1,50,600
650,82,1,0.381892,0.145842,21,40,23,-1,300,350
650,568,1,0.590844,0.349097,57,40,23,1,0,650
650,569,1,1.33574,1.7842,58,44,23,1,0,650
650,83,1,0.35338,0.124878,29,49,23,-1,300,350
650,84,1,0.552163,0.304884,58,62,23,1,300,350
650,283,2,1.47188,1.08349,17,13,24.5,0,150,500
650,6,1,0.381834,0.145797,34,14,24,1,400,250
650,152,2,1.61182,1.3954,54.5,19,24,0,250,400
650,570,1,0.635185,0.40346,33,28,24,-1,0,650
650,421,1,0.640123,0.409758,60,37,24,1,50,600
650,571,1,0.638709,0.407949,23,46,24,-1,0,650
650,153,1,0.516496,0.266768,7,52,24,1,250,400
650,572,1,0.97711,0.954744,35,60,24,-1,0,650
650,573,1,0.294243,0.0865787,29,14,25,1,0,650
650,422,1,0.107657,0.01159,50,24,25,1,50,600
650,574,3,1.91327,1.22842,22.3333,29.6667,25.3333,1,0,650
650,331,1,0.780791,0.609635,51,30,25,1,100,550
650,332,1,0.481116,0.231473,8,35,25,1,100,550
650,155,1,0.357312,0.127672,38,50,25,-1,250,400
650,284,1,0.815101,0.664389,17,55,25,-1,150,500
650,227,1,0.434568,0.188849,3,59,25,-1,200,450
650,423,1,0.507135,0.257186,59,62,25,1,50,600
650,7,1,0.94378,0.890721,47,5,26,1,400,250
650,86,1,0.664638,0.441744,48,11,26,1,300,350
650,575,1,0.620217,0.384669,19,15,26,-1,0,650
650,576,1,0.385366,0.148507,22,19,26,-1,0,650
650,8,1,0.330228,0.10905,39,20,26,1,400,250
650,424,1,0.206177,0.0425091,56,33,26,1,50,600
650,333,1,0.588672,0.346535,15,42,26,1,100,550
650,425,2,1.10775,0.75832,19,1.5,27.5,0,50,600
650,426,1,1.0982,1.20604,0,6,27,1,50,600
650,577,1,0.908686,0.825709,22,15,27,-1,0,650
650,578,1,0.770808,0.594144,14,19,27,-1,0,650
650,87,1,0.378285,0.143099,60,33,27,1,300,350
650,579,1,0.602043,0.362456,57,40,27,1,0,650
650,580,1,0.634602,0.402719,14,54,27,-1,0,650
650,228,1,0.20039,0.0401564,35,55,27,-1,200,450
650,156,1,0.606282,0.367578,55,3,28,-1,250,400
650,334,1,1.12017,1.25478,58,3,28,-1,100,550
650,581,2,1.30945,0.858001,30,6,28.5,0,0,650
650,157,1,0.201343,0.040539,62,6,28,1,250,400
650,88,1,1.54339,2.38204,55,7,28,-1,300,350
650,582,2,1.13114,0.641824,55.5,10.5,28,0,0,650
650,9,2,0.710704,0.30441,7.5,10.5,28.5,0,400,250
650,89,1,0.903529,0.816365,43,21,28,-1,300,350
650,427,1,0.690202,0.476378,3,22,28,-1,50,600
650,158,2,1.79405,1.64174,10,29,28.5,0,250,400
650,90,1,0.17668,0.0312158,16,32,28,1,300,350
650,583,1,1.57177,2.47047,19,35,28,-1,0,650
650,428,1,0.805198,0.648345,62,35,28,-1,50,600
650,335,1,0.706685,0.499404,57,56,28,-1,100,550
650,91,1,0.253862,0.0644457,23,2,29,1,300,350
650,285,2,1.08305,0.594654,9.5,12,29,0,150,500
650,584,1,0.420815,0.177085,43,16,29,-1,0,650
650,92,1,0.20133,0.0405339,49,20,29,1,300,350
650,429,1,0.536781,0.288134,46,26,29,-1,50,600
650,96,1,0.916329,0.839659,36,42,29,1,300,350
650,159,1,0.583695,0.3407,8,51,29,1,250,400
650,286,1,0.62566,0.391451,12,51,29,1,150,500
650,430,1,0.321112,0.103113,46,54,29,-1,50,600
650,10,1,0.333247,0.111054,26,58,29,1,400,250
650,431,2,1.12225,0.647853,27.5,61,29,0,50,600
650,93,1,0.697411,0.486381,60,62,29,1,300,350
650,336,1,0.700804,0.491127,9,5,30,-1,100,550
650,45,1,0.752772,0.566666,18,5,30,1,350,300
650,337,2,1.30314,0.861651,12,6.5,30,0,100,550
650,585,1,0.444565,0.197638,14,23,30,1,0,650
650,229,1,0.463518,0.214848,35,35,30,-1,200,450
650,230,1,0.300353,0.0902119,33,36,30,1,200,450
650,46,2,1.06956,0.594403,45,39.5,30,0,350,300
650,160,2,1.39079,0.970365,30,42.5,30,2,250,400
650,586,1,0.814542,0.663479,12,43,30,-1,0,650
650,432,1,0.449948,0.202453,48,43,30,1,50,600
650,433,1,0.656335,0.430775,1,1,31,1,50,600
650,435,1,0.696728,0.485429,22,4,31,1,50,600
650,161,2,0.700137,0.246852,49,6,31.5,0,250,400
650,287,1,0.89616,0.803102,27,12,31,-1,150,500
650,587,1,0.652258,0.42544,11,17,31,1,0,650
650,231,1,0.63605,0.40456,40,21,31,1,200,450
650,232,1,0.250134,0.062567,22,26,31,-1,200,450
650,94,1,0.612184,0.37477,53,35,31,1,300,350
650,95,1,0.161962,0.0262316,18,38,31,-1,300,350
650,340,1,0.604773,0.36575,35,44,31,1,100,550
650,162,1,0.292502,0.0855576,43,51,31,1,250,400
650,338,2,1.61985,1.45784,49,52,31.5,0,100,550
650,233,1,0.700605,0.490847,28,56,31,1,200,450
650,234,2,2.07302,2.22378,4.5,7,32,0,200,450
650,339,1,0.571881,0.327048,24,8,32,-1,100,550
650,11,1,0.588317,0.346116,49,27,32,-1,400,250
650,12,1,0.239289,0.0572593,32,32,32,1,400,250
650,588,1,0.744349,0.554056,37,42,32,1,0,650
650,589,1,0.41187,0.169637,58,42,32,-1,0,650
650,341,1,0.958613,0.918939,3,60,32,1,100,550
650,434,1,0.426177,0.181627,0,61,32,-1,50,600
650,590,1,0.60551,0.366642,20,5,33,1,0,650
650,288,1,0.31442,0.09886,28,5,33,-1,150,500
650,13,1,0.625867,0.391709,41,9,33,-1,400,250
650,163,1,0.535103,0.286336,56,22,33,1,250,400
650,47,1,0.725067,0.525723,47,27,33,-1,350,300
650,342,1,1.15512,1.3343,9,36,33,1,100,550
650,436,1,0.756186,0.571817,26,36,33,1,50,600
650,164,1,0.804553,0.647306,47,38,33,-1,250,400
650,14,1,0.618014,0.381942,62,38,33,-1,400,250
650,48,1,0.347356,0.120656,41,45,33,1,350,300
650,591,1,0.633215,0.400961,41,62,33,1,0,650
650,592,1,0.555104,0.30814,20,1,34,1,0,650
650,165,1,0.228638,0.0522755,39,2,34,1,250,400
650,437,1,0.665858,0.443367,61,3,34,-1,50,600
650,593,1,0.686234,0.470918,60,8,34,-1,0,650
650,594,2,1.66185,1.38738,39.5,15.5,34.5,0,0,650
650,166,1,0.21916,0.0480309,63,25,34,-1,250,400
650,595,1,1.12454,1.26458,34,46,34,1,0,650
650,343,1,0.395388,0.156332,59,50,34,1,100,550
650,289,1,0.293148,0.0859359,37,63,34,-1,150,500
650,596,1,0.321111,0.103112,12,4,35,-1,0,650
650,15,1,0.898641,0.807556,36,10,35,1,400,250
650,344,1,0.414464,0.171781,20,18,35,1,100,550
650,597,1,0.452194,0.204479,20,20,35,1,0,650
650,438,1,0.779705,0.607941,53,27,35,1,50,600
650,235,1,0.904743,0.81856,6,30,35,-1,200,450
650,598,1,0.814074,0.662717,60,35,35,1,0,650
650,49,1,0.807636,0.652276,15,37,35,1,350,300
650,236,3,2.73139,2.667,16,46.6667,35.6667,-1,200,450
650,599,1,0.454781,0.206825,43,47,35,-1,0,650
650,97,1,0.38494,0.148179,48,49,35,-1,300,350
650,50,1,1.18052,1.39364,46,54,35,1,350,300
650,345,1,0.264716,0.0700743,45,61,35,-1,100,550
650,445,1,0.330629,0.109316,22,17,36,-1,50,600
650,439,1,0.738344,0.545151,16,19,36,1,50,600
650,600,1,0.706586,0.499264,53,25,36,-1,0,650
650,290,1,0.397434,0.157954,25,30,36,-1,150,500
650,440,1,0.565855,0.320192,43,34,36,-1,50,600
650,167,1,1.07833,1.16279,0,37,36,1,250,400
650,51,2,1.16628,0.722738,9,49.5,36,0,350,300
650,101,1,0.441251,0.194703,44,51,36,1,300,350
650,237,1,0.800733,0.641174,15,55,36,1,200,450
650,601,1,0.586677,0.34419,19,59,36,-1,0,650
650,98,3,1.28004,0.871878,14.6667,62.6667,36.3333,1,300,350
650,238,1,0.603564,0.36429,39,6,37,1,200,450
650,171,2,1.33149,0.962485,1,15,37.5,0,250,400
650,291,1,0.548063,0.300373,46,15,37,1,150,500
650,243,2,0.758273,0.300839,50,21.5,37,0,200,450
650,346,1,0.14967,0.0224011,38,25,37,1,100,550
650,18,1,0.750927,0.563892,50,26,37,-1,400,250
650,292,1,0.491404,0.241478,14,27,37,-1,150,500
650,53,1,0.401936,0.161552,10,29,37,1,350,300
650,99,1,0.200048,0.0400193,57,29,37,1,300,350
650,347,1,0.47812,0.228598,1,34,37,-1,100,550
650,168,1,0.355967,0.126713,10,37,37,1,250,400
650,441,1,0.508645,0.25872,48,38,37,-1,50,600
650,602,1,0.399075,0.159261,49,53,37,1,0,650
650,603,1,0.550902,0.303493,61,53,37,-1,0,650
650,442,1,0.353417,0.124904,54,58,37,-1,50,600
650,604,1,0.521552,0.272016,16,59,37,-1,0,650
650,348,3,2.24953,1.86257,4,62.3333,37.6667,1,100,550
650,100,1,0.483205,0.233487,16,10,38,1,300,350
650,443,1,0.900717,0.811292,5,23,38,-1,50,600
650,16,2,0.77971,0.315986,25,34.5,38,0,400,250
650,52,1,0.96271,0.926811,34,39,38,1,350,300
650,349,1,0.840192,0.705923,39,40,38,-1,100,550
650,239,1,0.278367,0.0774884,55,40,38,-1,200,450
650,444,1,0.676938,0.458245,42,53,38,-1,50,600
650,350,1,0.141968,0.020155,44,57,38,-1,100,550
650,605,1,0.280472,0.0786648,16,6,39,-1,0,650
650,606,1,0.711379,0.50606,11,7,39,-1,0,650
650,607,1,0.202002,0.040805,22,18,39,-1,0,650
650,17,1,0.456936,0.208791,56,22,39,1,400,250
650,446,1,0.649602,0.421983,49,24,39,1,50,600
650,249,1,0.629382,0.396122,10,29,39,1,200,450
650,169,1,0.319312,0.10196,43,43,39,-1,250,400
650,240,1,0.510999,0.26112,35,48,39,-1,200,450
650,19,2,1.20746,0.767954,9,55.5,39,0,400,250
650,241,1,0.6968,0.48553,11,56,39,-1,200,450
650,172,1,0.450827,0.203245,56,62,39,1,250,400
650,608,1,0.983105,0.966495,3,2,40,-1,0,650
650,609,1,0.482399,0.232709,44,7,40,1,0,650
650,170,4,2.9561,2.67231,40.5,10,40.5,0,250,400
650,242,1,0.280048,0.0784267,7,14,40,-1,200,450
650,610,1,0.904072,0.817345,48,21,40,1,0,650
650,351,1,0.0995454,0.00990929,34,27,40,-1,100,550
650,447,1,0.353054,0.124647,8,30,40,1,50,600
650,448,1,0.575258,0.330922,44,50,40,1,50,600
650,352,1,0.532717,0.283788,60,0,41,-1,100,550
650,353,1,0.408489,0.166863,52,10,41,-1,100,550
650,244,1,0.659851,0.435404,0,13,41,-1,200,450
650,293,1,0.667975,0.44619,1,19,41,-1,150,500
650,245,1,0.355603,0.126454,42,27,41,1,200,450
650,356,1,0.467231,0.218304,7,28,41,1,100,550
650,246,1,0.652259,0.425442,21,30,41,1,200,450
650,449,1,0.530579,0.281514,20,40,41,-1,50,600
650,611,1,0.238522,0.0568928,17,42,41,1,0,650
650,102,1,0.863499,0.745631,22,0,42,-1,300,350
650,450,1,0.402442,0.161959,48,1,42,1,50,600
650,612,1,0.708188,0.501531,50,3,42,-1,0,650
650,613,1,0.347746,0.120928,32,22,42,1,0,650
650,354,1,0.766856,0.588069,19,27,42,-1,100,550
650,247,1,0.856871,0.734227,32,30,42,-1,200,450
650,248,2,0.625257,0.198902,52,44.5,42,0,200,450
650,614,1,0.408216,0.16664,38,46,42,-1,0,650
650,175,1,0.952818,0.907862,30,53,42,-1,250,400
650,294,1,0.392012,0.153673,58,61,42,-1,150,500
650,615,1,0.846919,0.717271,3,11,43,1,0,650
650,451,1,0.53261,0.283673,51,22,43,-1,50,600
650,452,1,0.423405,0.179272,56,28,43,1,50,600
650,616,1,0.563206,0.317201,62,29,43,1,0,650
650,173,1,0.593993,0.352827,11,45,43,-1,250,400
650,250,1,0.288162,0.0830375,2,50,43,-1,200,450
650,355,1,0.361597,0.130753,48,56,43,-1,100,550
650,103,2,1.07932,0.587047,30.5,56.5,43.5,0,300,350
650,455,1,0.688002,0.473347,57,59,43,-1,50,600
650,174,2,1.34417,0.999749,10.5,0.5,44,0,250,400
650,104,1,0.614996,0.378221,4,20,44,1,300,350
650,453,1,0.767304,0.588756,8,28,44,1,50,600
650,105,3,1.62405,0.89874,11,36.3333,44.3333,1,300,350
650,357,1,0.813451,0.661703,29,50,44,-1,100,550
650,454,1,0.927293,0.859873,11,55,44,1,50,600
650,617,1,0.660457,0.436204,58,61,44,-1,0,650
650,618,1,0.410288,0.168336,44,63,44,1,0,650
650,176,1,1.12673,1.26952,53,63,44,1,250,400
650,54,2,0.92003,0.443141,42,17.5,45,0,350,300
650,619,1,0.623068,0.388213,16,22,45,1,0,650
650,456,1,0.32495,0.105593,37,22,45,-1,50,600
650,106,2,1.34694,1.05337,57,33.5,45,0,300,350
650,620,1,0.681331,0.464212,32,49,45,-1,0,650
650,358,1,0.605022,0.366051,2,52,45,1,100,550
650,107,1,1.05494,1.1129,36,61,45,1,300,350
650,20,1,0.457379,0.209196,42,61,45,-1,400,250
650,457,1,0.369491,0.136524,11,1,46,1,50,600
650,458,2,0.707289,0.255594,36.5,4.5,46.5,0,50,600
650,621,1,0.460961,0.212485,49,9,46,-1,0,650
650,622,1,1.09786,1.2053,49,19,46,-1,0,650
650,623,1,0.781908,0.611381,0,35,46,1,0,650
650,459,1,0.424764,0.180424,45,50,46,-1,50,600
650,460,1,0.586448,0.343922,1,61,46,-1,50,600
650,465,1,1.13254,1.28265,40,61,46,1,50,600
650,461,1,0.207625,0.043108,51,14,47,1,50,600
650,624,1,0.602886,0.363472,61,33,47,1,0,650
650,462,1,0.793202,0.629169,47,42,47,-1,50,600
650,463,4,1.92206,0.968325,0,50.25,47.25,0,50,600
650,177,2,0.849752,0.382796,55,7.5,48,0,250,400
650,359,2,0.95388,0.46095,31.5,9.5,48.5,0,100,550
650,625,1,0.331167,0.109672,44,11,48,-1,0,650
650,251,2,0.736669,0.297054,35.5,27,48.5,0,200,450
650,464,1,0.227585,0.0517949,41,30,48,-1,50,600
650,360,1,1.00985,1.0198,5,42,48,1,100,550
650,626,1,0.933506,0.871434,18,43,48,1,0,650
650,627,1,0.584803,0.341994,4,50,48,1,0,650
650,252,1,0.516193,0.266455,15,62,48,-1,200,450
650,628,1,0.666323,0.443986,25,63,48,-1,0,650
650,108,1,0.433247,0.187703,33,2,49,-1,300,350
650,253,1,0.754604,0.569427,57,10,49,1,200,450
650,58,1,0.570983,0.326022,58,12,49,1,350,300
650,178,1,0.299995,0.0899971,56,27,49,1,250,400
650,179,1,0.0945351,0.00893689,1,31,49,-1,250,400
650,629,1,0.56876,0.323488,21,42,49,1,0,650
650,361,1,0.848963,0.720737,23,48,49,1,100,550
650,55,1,1.19349,1.42442,58,49,49,-1,350,300
650,630,1,0.498243,0.248246,41,59,49,1,0,650
650,468,1,0.628531,0.395052,41,7,50,-1,50,600
650,254,2,1.36065,0.994422,16.5,15,50,0,200,450
650,631,1,0.43299,0.18748,9,16,50,1,0,650
650,466,2,2.92847,4.50106,17.5,17.5,50,0,50,600
650,21,1,1.07035,1.14566,14,21,50,1,400,250
650,362,1,0.54646,0.298619,33,21,50,1,100,550
650,23,1,1.06515,1.13454,62,26,50,-1,400,250
650,467,1,0.488786,0.238912,49,33,50,-1,50,600
650,255,1,0.505507,0.255537,49,44,50,1,200,450
650,295,2,1.00952,0.510936,49,46,50.5,2,150,500
650,632,1,0.480671,0.231045,39,4,51,-1,0,650
650,363,2,1.0406,0.584103,10.5,6,51,0,100,550
650,469,1,0.678588,0.460481,1,9,51,-1,50,600
650,473,1,0.699367,0.489115,45,13,51,1,50,600
650,22,2,0.602582,0.205235,12,26.5,51,0,400,250
650,633,1,0.30887,0.0954007,24,27,51,1,0,650
650,364,2,1.17549,0.75337,35.5,54,51.5,-2,100,550
650,180,1,0.414725,0.171997,61,55,51,-1,250,400
650,296,1,0.548386,0.300727,56,56,51,1,150,500
650,181,2,1.44739,1.05233,57.5,5.5,52.5,0,250,400
650,366,2,1.44267,1.04197,57.5,11.5,52,0,100,550
650,182,1,0.948431,0.899521,53,14,52,-1,250,400
650,470,1,0.429981,0.184883,3,19,52,1,50,600
650,56,1,0.530575,0.28151,57,21,52,-1,350,300
650,365,1,0.501875,0.251879,55,22,52,1,100,550
650,57,1,0.446338,0.199218,60,26,52,1,350,300
650,634,1,0.191928,0.0368363,1,27,52,-1,0,650
650,24,1,0.592212,0.350715,1,42,52,1,400,250
650,635,1,0.54997,0.302467,13,43,52,-1,0,650
650,183,1,0.207426,0.0430256,54,44,52,-1,250,400
650,471,1,0.647693,0.419507,53,46,52,1,50,600
650,472,1,0.0817043,0.00667559,56,53,52,-1,50,600
650,636,1,0.858966,0.737822,54,60,52,-1,0,650
650,109,1,0.749186,0.56128,33,0,53,1,300,350
650,637,1,1.15365,1.3309,45,16,53,1,0,650
650,110,1,0.481534,0.231875,52,18,53,-1,300,350
650,256,1,0.542724,0.294549,20,26,53,-1,200,450
650,25,4,2.5644,1.86715,27.25,28.25,53.25,0,400,250
650,26,1,0.987835,0.975818,57,35,53,-1,400,250
650,638,1,0.697463,0.486454,19,42,53,1,0,650
650,184,1,0.696957,0.485749,51,42,53,1,250,400
650,639,1,0.752822,0.56674,25,48,53,1,0,650
650,640,1,0.322023,0.103699,18,54,53,1,0,650
650,185,1,0.628672,0.395229,3,60,53,-1,250,400
650,186,1,0.572806,0.328106,39,60,53,-1,250,400
650,474,1,0.598556,0.35827,28,63,53,1,50,600
650,369,1,0.398241,0.158596,38,3,54,1,100,550
650,475,1,0.347013,0.120418,28,10,54,-1,50,600
650,641,3,1.98758,1.33348,56.3333,11.3333,54,-1,0,650
650,476,1,0.684181,0.468103,9,14,54,1,50,600
650,189,1,0.320582,0.102773,35,14,54,1,250,400
650,297,3,2.14654,1.55062,62.6667,19,54,-1,150,500
650,477,1,0.737368,0.543711,26,32,54,-1,50,600
650,478,1,0.432294,0.186878,55,36,54,-1,50,600
650,187,1,0.586585,0.344082,63,57,54,-1,250,400
650,257,1,0.523168,0.273705,18,60,54,1,200,450
650,367,1,0.778699,0.606373,4,10,55,-1,100,550
650,258,1,0.816055,0.665946,6,25,55,-1,200,450
650,188,1,0.615196,0.378466,11,26,55,-1,250,400
650,259,1,0.759735,0.577197,8,33,55,1,200,450
650,642,1,0.593317,0.352025,1,36,55,-1,0,650
650,298,3,1.90734,1.26276,30,42.6667,55.6667,-1,150,500
650,27,3,1.72441,1.07023,52.3333,50.3333,55.3333,1,400,250
650,60,1,0.436151,0.190228,5,56,55,1,350,300
650,643,1,0.526893,0.277617,57,58,55,-1,0,650
650,644,1,0.225568,0.0508811,40,61,55,-1,0,650
650,368,1,0.464442,0.215707,4,62,55,1,100,550
650,59,1,0.127361,0.0162208,45,1,56,1,350,300
650,645,1,0.949549,0.901643,38,6,56,1,0,650
650,370,1,0.41232,0.170008,17,20,56,-1,100,550
650,479,1,0.704805,0.496749,1,22,56,1,50,600
650,646,1,0.407544,0.166092,42,26,56,-1,0,650
650,647,2,0.739072,0.285685,41,33.5,56,0,0,650
650,480,1,0.405738,0.164623,7,44,56,1,50,600
650,481,1,0.791709,0.626804,20,56,56,1,50,600
650,482,1,0.606528,0.367877,20,1,57,1,50,600
650,371,2,2.30385,2.65691,9,5.5,57,0,100,550
650,372,1,0.728154,0.530209,19,8,57,-1,100,550
650,483,1,0.388096,0.150618,35,12,57,1,50,600
650,111,2,1.41549,1.00402,47.5,19.5,57,0,300,350
650,30,2,0.88807,0.396016,55,33,57.5,0,400,250
650,28,1,0.370824,0.13751,23,51,57,-1,400,250
650,648,1,0.361166,0.130441,36,52,57,-1,0,650
650,299,1,0.323099,0.104393,12,53,57,1,150,500
650,300,2,1.61513,1.30439,4.5,54,57,0,150,500
650,112,2,0.433076,0.115539,23,5,58.5,0,300,350
650,484,1,0.611961,0.374496,58,5,58,-1,50,600
650,190,1,0.289932,0.0840604,6,14,58,1,250,400
650,192,1,0.778139,0.6055,17,14,58,-1,250,400
650,373,1,1.05996,1.12351,8,15,58,-1,100,550
650,374,1,0.645007,0.416034,25,18,58,1,100,550
650,113,1,0.774201,0.599388,39,18,58,-1,300,350
650,29,1,0.481805,0.232136,21,30,58,-1,400,250
650,649,1,1.6879,2.84899,28,50,58,-1,0,650
650,301,1,0.502412,0.252418,63,50,58,-1,150,500
650,115,1,0.311875,0.0972662,7,54,58,1,300,350
650,485,1,0.922677,0.851333,49,4,59,-1,50,600
650,494,1,0.58923,0.347193,60,6,59,-1,50,600
650,191,1,0.261061,0.0681529,46,13,59,1,250,400
650,650,1,0.129068,0.0166585,58,13,59,-1,0,650
650,651,1,0.716646,0.513582,25,16,59,1,0,650
650,114,1,0.315865,0.0997707,44,20,59,-1,300,350
650,260,1,0.377752,0.142696,32,25,59,1,200,450
650,61,1,1.02983,1.06055,7,33,59,1,350,300
650,31,1,0.665815,0.44331,27,40,59,1,400,250
650,652,1,0.331129,0.109646,47,42,59,-1,0,650
650,302,1,0.770221,0.593241,13,44,59,1,150,500
650,375,1,0.607519,0.369079,2,45,59,-1,100,550
650,653,1,1.30844,1.712,4,55,59,1,0,650
650,62,1,0.458541,0.21026,31,55,59,-1,350,300
650,654,1,0.542574,0.294387,9,56,59,1,0,650
650,486,1,0.651545,0.424511,23,0,60,1,50,600
650,63,1,0.232041,0.0538429,38,11,60,-1,350,300
650,487,1,0.786709,0.61891,18,16,60,1,50,600
650,488,1,0.646535,0.418008,48,21,60,-1,50,600
650,655,1,0.584884,0.342089,60,21,60,-1,0,650
650,193,1,0.498995,0.248996,25,24,60,1,250,400
650,261,1,0.526356,0.277051,6,31,60,-1,200,450
650,64,1,0.416979,0.173871,12,34,60,1,350,300
650,194,1,0.642691,0.413052,56,34,60,-1,250,400
650,262,1,0.759139,0.576291,53,35,60,1,200,450
650,68,1,0.338997,0.114919,59,35,60,1,350,300
650,65,3,1.88149,1.24591,63,35.6667,60.3333,1,350,300
650,656,1,1.08677,1.18107,16,53,60,1,0,650
650,376,1,0.607756,0.369367,46,54,60,-1,100,550
650,66,1,0.328736,0.108067,21,57,60,1,350,300
650,67,1,0.338319,0.11446,36,60,60,-1,350,300
650,657,1,0.916029,0.839108,59,63,60,1,0,650
650,195,1,0.80665,0.650685,27,5,61,-1,250,400
650,196,1,0.31798,0.101112,24,7,61,-1,250,400
650,303,1,0.610377,0.37256,11,8,61,-1,150,500
650,489,1,0.286564,0.0821187,63,12,61,-1,50,600
650,490,1,0.662703,0.439175,18,24,61,1,50,600
650,491,1,0.350619,0.122934,20,37,61,1,50,600
650,492,1,0.645903,0.41719,61,37,61,1,50,600
650,377,1,0.588501,0.346334,16,38,61,1,100,550
650,493,1,0.275418,0.0758551,38,52,61,-1,50,600
650,658,1,0.755829,0.571277,15,4,62,-1,0,650
650,659,1,1.03345,1.06801,61,4,62,-1,0,650
650,263,1,0.234211,0.0548548,42,8,62,-1,200,450
650,378,1,0.48936,0.239473,6,27,62,1,100,550
650,198,2,1.34348,0.929943,48.5,31,62,0,250,400
650,495,1,1.42168,2.02118,24,46,62,1,50,600
650,660,1,0.564124,0.318235,44,59,62,-1,0,650
650,379,1,0.889837,0.791809,18,61,62,-1,100,550
650,199,1,0.634717,0.402865,40,61,62,-1,250,400
650,496,1,0.912351,0.832385,5,5,63,1,50,600
650,380,1,0.618618,0.382688,40,6,63,-1,100,550
650,497,1,0.582601,0.339424,0,16,63,-1,50,600
650,264,1,0.546504,0.298666,37,33,63,-1,200,450
650,661,1,0.697504,0.486512,53,36,63,1,0,650
650,662,1,0.464142,0.215428,6,41,63,-1,0,650
650,663,1,0.803275,0.645251,52,43,63,1,0,650
650,499,1,0.635741,0.404166,7,46,63,-1,50,600
650,500,1,0.595269,0.354345,27,58,63,1,50,600
650,501,1,0.334386,0.111814,57,59,63,1,50,600
650,502,1,0.457613,0.209409,37,60,63,-1,50,600
700,265,1,0.418621,0.175244,49,4,0,1,200,500
700,664,2,1.17876,0.750514,40,6,-0.5,0,0,700
700,304,1,0.924383,0.854483,56,21,0,1,150,550
700,201,1,0.301537,0.0909247,59,22,0,-1,250,450
700,305,3,1.56651,0.84644,11,24,-1,-1,150,550
700,665,1,0.686205,0.470878,23,24,0,-1,0,700
700,503,2,1.80939,1.64097,36.5,24,-0.5,2,50,650
700,504,1,0.155641,0.0242241,31,38,0,1,50,650
700,666,1,0.563515,0.317549,4,44,0,1,0,700
700,116,1,0.896551,0.803804,4,48,0,1,300,400
700,266,1,0.597114,0.356545,28,49,0,1,200,500
700,117,1,0.51197,0.262114,49,52,0,-1,300,400
700,381,2,1.00656,0.731761,45.5,58,0,0,100,600
700,667,1,1.4155,2.00365,21,59,0,-1,0,700
700,205,3,1.44255,0.711111,14,62,-0.333333,1,250,450
700,668,1,0.357655,0.127917,37,0,1,-1,0,700
700,267,1,0.628043,0.394438,61,1,1,-1,200,500
700,268,1,0.696818,0.485556,30,9,1,-1,200,500
700,505,1,0.613359,0.376209,21,18,1,1,50,650
700,506,1,0.797379,0.635814,38,18,1,-1,50,650
700,669,1,0.693717,0.481244,58,20,1,1,0,700
700,120,3,2.6319,2.36593,40.6667,24,1.66667,-1,300,400
700,307,1,0.223436,0.0499238,0,27,1,1,150,550
700,203,1,0.607238,0.368738,4,30,1,-1,250,450
700,124,1,0.409648,0.167812,54,36,1,-1,300,400
700,33,2,0.937618,0.459698,49,43,1.5,0,400,300
700,507,1,0.562625,0.316547,13,44,1,-1,50,650
700,670,1,0.868252,0.753862,17,47,1,-1,0,700
700,671,1,0.751139,0.56421,27,54,1,1,0,700
700,200,2,0.735525,0.281459,13,57,1.5,0,250,450
700,118,1,0.599335,0.359202,6,59,1,-1,300,400
700,382,1,0.409373,0.167586,30,59,1,-1,100,600
700,119,1,0.324324,0.105186,35,62,1,1,300,400
700,508,1,0.258363,0.0667512,46,1,2,1,50,650
700,672,1,1.03909,1.0797,44,2,2,-1,0,700
700,509,1,0.300439,0.0902639,26,5,2,1,50,650
700,383,1,0.354978,0.12601,0,6,2,-1,100,600
700,510,1,0.642404,0.412682,42,17,2,1,50,650
700,673,1,0.490386,0.240478,47,17,2,-1,0,700
700,674,1,0.508698,0.258774,60,19,2,-1,0,700
700,306,1,0.8346,0.696558,45,26,2,-1,150,550
700,202,1,0.448298,0.200971,25,27,2,1,250,450
700,675,1,0.259666,0.0674264,2,30,2,1,0,700
700,204,1,0.566485,0.320906,48,30,2,1,250,450
700,384,1,0.813922,0.662469,56,32,2,-1,100,600
700,32,1,0.560949,0.314664,21,34,2,1,400,300
700,511,3,1.64652,0.947654,52.6667,37.3333,2.66667,-1,50,650
700,385,1,0.589776,0.347835,57,59,2,1,100,600
700,34,3,1.79491,1.16881,7.66667,5.66667,4,-1,400,300
700,676,1,0.865816,0.749637,54,35,3,-1,0,700
700,121,1,0.601383,0.361661,14,38,3,-1,300,400
700,122,1,0.656198,0.430595,58,50,3,-1,300,400
700,386,1,0.615073,0.378315,11,55,3,1,100,600
700,677,1,0.955632,0.913232,40,62,3,1,0,700
700,512,1,0.983753,0.96777,14,63,3,1,50,650
700,123,1,0.888167,0.78884,49,63,3,-1,300,400
700,206,1,0.863594,0.745795,37,3,4,-1,250,450
700,513,1,0.479752,0.230162,12,9,4,-1,50,650
700,387,1,0.716402,0.513232,59,25,4,1,100,600
700,678,1,0.717392,0.514651,61,26,4,-1,0,700
700,679,1,0.771844,0.595743,42,27,4,1,0,700
700,388,1,0.387044,0.149803,25,28,4,1,100,600
700,680,1,0.304291,0.0925928,53,30,4,-1,0,700
700,681,1,0.631543,0.398846,55,30,4,-1,0,700
700,125,1,0.640988,0.410865,56,40,4,1,300,400
700,682,1,0.340735,0.1161,53,41,4,1,0,700
700,269,1,0.497141,0.247149,61,41,4,-1,200,500
700,389,1,0.943939,0.891021,28,42,4,-1,100,600
700,390,1,1.25603,1.57762,33,43,4,1,100,600
700,35,1,0.37517,0.140753,5,47,4,1,400,300
700,683,1,0.61731,0.381072,31,61,4,1,0,700
700,69,1,0.451927,0.204238,40,6,5,-1,350,350
700,684,1,0.505798,0.255832,44,13,5,-1,0,700
700,38,1,0.589075,0.347009,33,18,5,1,400,300
700,36,1,0.245034,0.0600416,58,19,5,1,400,300
700,207,1,0.790518,0.624919,62,33,5,-1,250,450
700,685,1,0.422803,0.178763,59,41,5,1,0,700
700,686,1,0.477206,0.227726,11,42,5,-1,0,700
700,514,1,0.950217,0.902913,52,53,5,1,50,650
700,270,2,1.44377,1.22775,17,55,5.5,0,200,500
700,515,1,0.243358,0.059223,25,6,6,-1,50,650
700,271,1,0.770698,0.593975,59,6,6,1,200,500
700,391,1,0.495843,0.24586,51,7,6,1,100,600
700,687,1,0.634506,0.402598,57,9,6,-1,0,700
700,520,1,0.394712,0.155798,60,16,6,1,50,650
700,208,3,1.46514,0.946839,5.33333,18.6667,6,-1,250,450
700,70,2,1.37941,0.966902,44.5,24,6,0,350,350
700,209,1,0.535187,0.286425,1,25,6,1,250,450
700,516,1,0.877167,0.769421,3,26,6,1,50,650
700,308,2,1.12945,0.651473,45.5,45,6,0,150,550
700,210,1,0.415863,0.172942,23,46,6,-1,250,450
700,211,2,1.22343,1.00484,50,56.5,6.5,0,250,450
700,126,1,0.492773,0.242825,34,59,6,-1,300,400
700,272,1,0.459352,0.211004,27,1,7,-1,200,500
700,688,1,1.21684,1.48069,26,12,7,1,0,700
700,37,1,0.391924,0.153604,1,13,7,1,400,300
700,689,1,0.846181,0.716021,46,13,7,1,0,700
700,1,1,0.973858,0.948398,31,16,7,1,450,250
700,532,1,0.921649,0.849437,34,20,7,1,50,650
700,127,1,0.819077,0.670887,14,21,7,1,300,400
700,392,1,0.784305,0.615134,17,21,7,1,100,600
700,212,2,0.772241,0.30178,28,26.5,7,0,250,450
700,128,1,0.739434,0.546763,34,28,7,-1,300,400
700,517,1,0.686077,0.470701,25,31,7,-1,50,650
700,522,1,0.306391,0.0938756,63,36,7,1,50,650
700,518,1,1.26027,1.58827,31,51,7,-1,50,650
700,309,1,0.476876,0.22741,48,56,7,1,150,550
700,311,1,0.537586,0.288999,53,56,7,1,150,550
700,519,1,0.517437,0.267741,39,61,7,-1,50,650
700,690,1,0.420205,0.176572,46,2,8,1,0,700
700,530,1,0.355104,0.126099,61,14,8,-1,50,650
700,521,1,0.671139,0.450427,10,18,8,-1,50,650
700,691,1,0.857134,0.734678,60,22,8,-1,0,700
700,310,2,0.723243,0.261718,13.5,26.5,8.5,0,150,550
700,692,1,0.533226,0.28433,61,33,8,-1,0,700
700,213,1,0.769023,0.591396,11,35,8,-1,250,450
700,393,1,0.291083,0.0847291,25,36,8,-1,100,600
700,133,1,1.02858,1.05798,22,41,8,-1,300,400
700,523,1,0.801866,0.642989,61,48,8,1,50,650
700,693,1,0.650602,0.423283,43,51,8,1,0,700
700,214,2,0.917715,0.429987,52,51.5,8.5,0,250,450
700,694,1,0.525618,0.276274,1,0,9,-1,0,700
700,524,1,0.367442,0.135014,26,1,9,-1,50,650
700,525,1,0.591555,0.349937,18,4,9,-1,50,650
700,695,1,0.32906,0.108281,62,4,9,-1,0,700
700,394,1,0.454688,0.206741,31,7,9,-1,100,600
700,696,1,0.0652375,0.00425593,35,14,9,-1,0,700
700,526,2,1.19061,0.730997,13,36,9.5,0,50,650
700,527,1,0.688868,0.474539,9,38,9,-1,50,650
700,71,1,0.367962,0.135396,11,42,9,1,350,350
700,528,1,0.676483,0.457629,30,45,9,1,50,650
700,0,1,0.488639,0.238768,17,48,9,1,450,250
700,697,1,0.499289,0.24929,52,54,9,1,0,700
700,72,1,0.278281,0.0774403,1,62,9,-1,350,350
700,529,1,1.10213,1.2147,26,63,9,-1,50,650
700,312,1,0.833845,0.695298,8,4,10,1,150,550
700,698,1,0.371212,0.137799,62,13,10,-1,0,700
700,395,1,0.957556,0.916913,22,14,10,-1,100,600
700,396,1,0.60206,0.362476,39,14,10,-1,100,600
700,273,1,1.06645,1.13732,31,17,10,1,200,500
700,699,1,0.192681,0.0371261,49,19,10,1,0,700
700,531,1,0.404345,0.163495,5,20,10,1,50,650
700,700,1,0.721829,0.521037,34,20,10,1,0,700
700,215,1,0.685256,0.469576,16,28,10,-1,250,450
700,701,1,0.420831,0.177099,14,30,10,1,0,700
700,397,1,0.540853,0.292522,28,37,10,-1,100,600
700,398,1,0.446316,0.199198,25,42,10,1,100,600
700,533,1,0.290568,0.0844296,60,42,10,-1,50,650
700,76,2,1.3047,0.854388,13,45.5,10,0,350,350
700,129,1,0.738237,0.544993,14,51,10,-1,300,400
700,274,2,1.20347,0.801348,16,53.5,10,0,200,500
700,130,1,1.02987,1.06062,20,1,11,-1,300,400
700,534,1,0.412085,0.169814,31,1,11,-1,50,650
700,313,1,0.573442,0.328836,22,2,11,-1,150,550
700,399,1,0.67454,0.455004,56,2,11,-1,100,600
700,131,2,1.46728,1.69971,52,4.5,11,0,300,400
700,73,1,0.46568,0.216858,13,22,11,1,350,350
700,314,1,0.453586,0.20574,39,24,11,-1,150,550
700,132,1,0.796416,0.634279,49,31,11,1,300,400
700,702,1,0.401259,0.161008,47,34,11,-1,0,700
700,134,2,0.640876,0.222643,2.5,39.5,11,0,300,400
700,535,1,0.260236,0.0677228,22,39,11,-1,50,650
700,703,1,0.357917,0.128105,59,44,11,-1,0,700
700,536,1,0.370994,0.137637,20,60,11,1,50,650
700,537,1,0.333614,0.111298,5,61,11,1,50,650
700,704,1,0.712332,0.507416,42,3,12,1,0,700
700,137,1,0.582799,0.339654,15,9,12,-1,300,400
700,401,2,1.0484,0.707879,17,9.5,12.5,0,100,600
700,276,1,0.354757,0.125852,49,10,12,-1,200,500
700,77,1,0.767114,0.588464,27,11,12,1,350,350
700,538,2,1.41653,1.06693,42.5,15.5,12.5,2,50,650
700,74,1,0.421513,0.177673,63,18,12,1,350,350
700,539,1,0.282006,0.0795277,6,23,12,-1,50,650
700,135,1,0.539221,0.29076,60,28,12,-1,300,400
700,400,1,0.57279,0.328088,43,29,12,1,100,600
700,75,2,0.964415,0.504405,53.5,32,12,0,350,350
700,405,1,0.381278,0.145373,19,33,12,1,100,600
700,543,2,1.42947,1.03588,29,44,12.5,0,50,650
700,315,1,0.902977,0.815368,13,45,12,-1,150,550
700,540,1,0.747193,0.558298,62,47,12,1,50,650
700,136,1,0.253647,0.0643368,33,49,12,1,300,400
700,216,1,0.624043,0.38943,12,51,12,1,250,450
700,705,1,0.378057,0.142927,59,61,12,1,0,700
700,217,1,0.663919,0.440788,31,62,12,-1,250,450
700,541,1,0.685272,0.469597,4,1,13,1,50,650
700,706,1,0.894019,0.79927,4,7,13,1,0,700
700,707,1,0.821134,0.674261,19,8,13,1,0,700
700,402,1,0.379408,0.143951,58,29,13,1,100,600
700,542,1,0.808604,0.653841,57,32,13,1,50,650
700,708,1,0.208918,0.0436465,7,44,13,1,0,700
700,138,1,0.338428,0.114533,54,56,13,-1,300,400
700,218,1,0.390025,0.152119,14,63,13,-1,250,450
700,709,1,0.302177,0.0913107,21,0,14,-1,0,700
700,403,1,0.285117,0.0812915,28,11,14,1,100,600
700,319,1,0.162751,0.0264879,51,11,14,-1,150,550
700,275,1,0.516926,0.267213,10,12,14,-1,200,500
700,404,1,0.428599,0.183697,47,26,14,1,100,600
700,544,1,0.642409,0.412689,34,29,14,1,50,650
700,710,1,0.517099,0.267391,30,32,14,1,0,700
700,545,1,0.547664,0.299936,26,36,14,-1,50,650
700,546,1,0.98262,0.965542,49,47,14,1,50,650
700,711,1,0.62334,0.388553,0,56,14,-1,0,700
700,139,1,0.338015,0.114254,23,56,14,1,300,400
700,316,2,0.829472,0.350285,16,58.5,14.5,0,150,550
700,278,1,0.649645,0.422038,24,59,14,1,200,500
700,712,1,0.369957,0.136869,11,0,15,-1,0,700
700,713,1,0.525823,0.276489,40,1,15,1,0,700
700,547,1,0.465669,0.216848,63,4,15,-1,50,650
700,3,2,1.38987,1.06337,24.5,7.5,15,0,450,250
700,318,1,0.948994,0.900589,33,7,15,1,150,550
700,280,2,1.24447,0.944688,16,12,15.5,0,200,500
700,140,1,0.584978,0.3422,48,13,15,-1,300,400
700,714,1,1.21661,1.48015,0,23,15,1,0,700
700,2,1,0.241718,0.0584275,22,24,15,1,450,250
700,548,1,0.186183,0.0346642,20,31,15,-1,50,650
700,715,1,0.878641,0.772009,36,36,15,-1,0,700
700,221,1,0.471029,0.221868,1,40,15,-1,250,450
700,219,1,0.483203,0.233486,22,42,15,-1,250,450
700,39,1,0.771985,0.595961,1,47,15,-1,400,300
700,716,1,0.706232,0.498764,9,50,15,1,0,700
700,549,1,0.609098,0.371001,51,55,15,1,50,650
700,317,1,0.789059,0.622615,28,60,15,1,150,550
700,717,1,0.914262,0.835874,43,63,15,1,0,700
700,141,2,1.28834,0.975034,54,3.5,16,0,300,400
700,408,1,0.321775,0.103539,28,5,16,1,100,600
700,78,2,0.993448,0.60076,14.5,6,16,0,350,350
700,550,2,2.132,2.88772,36.5,6,16,0,50,650
700,551,1,0.640644,0.410425,53,13,16,-1,50,650
700,40,1,0.71331,0.508811,4,17,16,-1,400,300
700,718,1,0.236524,0.0559438,6,18,16,-1,0,700
700,324,1,0.512247,0.262397,29,22,16,1,150,550
700,406,2,0.864637,0.393465,45,31,16.5,0,100,600
700,719,1,1.21382,1.47336,55,31,16,1,0,700
700,320,1,0.276831,0.0766356,60,42,16,-1,150,550
700,552,1,0.561314,0.315074,19,50,16,-1,50,650
700,142,1,0.636769,0.405475,39,52,16,1,300,400
700,321,2,1.1073,0.641542,6.5,54.5,16,0,150,550
700,407,1,0.484803,0.235034,25,55,16,-1,100,600
700,720,1,1.06251,1.12893,59,60,16,-1,0,700
700,721,1,0.416422,0.173407,11,0,17,-1,0,700
700,553,1,0.334999,0.112224,12,5,17,1,50,650
700,409,1,0.67156,0.450993,26,6,17,-1,100,600
700,722,1,0.454634,0.206692,24,8,17,1,0,700
700,145,2,1.51178,1.28829,14,9.5,17.5,0,300,400
700,322,1,0.37664,0.141857,31,13,17,-1,150,550
700,220,1,0.520554,0.270977,47,13,17,-1,250,450
700,143,1,0.588995,0.346915,21,17,17,1,300,400
700,277,1,0.897396,0.80532,62,18,17,-1,200,500
700,323,1,0.381452,0.145506,23,22,17,1,150,550
700,554,1,0.645883,0.417165,59,23,17,1,50,650
700,410,1,0.440646,0.194169,31,25,17,1,100,600
700,411,1,0.285222,0.0813518,55,26,17,1,100,600
700,412,1,0.282151,0.079609,0,38,17,-1,100,600
700,147,5,2.55587,1.54581,42.8,51,18.2,1,300,400
700,723,1,1.72503,2.97572,5,51,17,-1,0,700
700,4,1,0.244893,0.0599727,49,51,17,-1,450,250
700,724,1,0.395416,0.156354,1,52,17,1,0,700
700,144,2,1.22978,0.760043,19,57.5,17,0,300,400
700,413,1,0.471494,0.222307,23,58,17,1,100,600
700,555,1,0.256254,0.0656663,12,59,17,1,50,650
700,560,1,0.647765,0.4196,15,12,18,1,50,650
700,327,1,0.392695,0.154209,22,26,18,1,150,550
700,556,2,1.32893,0.978684,46.5,37.5,18.5,0,50,650
700,41,3,2.00387,1.48328,45.6667,41.3333,18,-1,400,300
700,146,1,0.330245,0.109062,38,49,18,-1,300,400
700,557,1,0.649174,0.421427,23,53,18,1,50,650
700,325,1,0.666604,0.444361,18,61,18,-1,150,550
700,148,2,1.32686,0.885134,58,3.5,19,0,300,400
700,149,2,1.50129,1.24326,63,4.5,19,0,300,400
700,326,2,1.24261,0.774135,47,9.5,19.5,0,150,550
700,558,1,0.470223,0.22111,20,12,19,-1,50,650
700,725,1,0.427364,0.18264,19,16,19,-1,0,700
700,279,2,0.947426,0.451433,41,16.5,19,2,200,500
700,222,3,1.58001,1.04793,45.6667,19.3333,19.6667,-1,250,450
700,559,1,0.244232,0.0596494,20,25,19,-1,50,650
700,726,1,0.678587,0.46048,50,25,19,1,0,700
700,5,2,1.168,0.683932,58.5,28.5,19.5,0,450,250
700,42,1,0.453757,0.205896,48,41,19,-1,400,300
700,727,1,0.59462,0.353573,17,44,19,1,0,700
700,328,1,0.727589,0.529386,60,50,19,-1,150,550
700,224,2,1.20879,0.733663,17,52,19.5,0,250,450
700,566,1,0.566239,0.320627,57,53,19,1,50,650
700,154,1,0.673894,0.454133,18,13,20,1,300,400
700,223,1,0.373822,0.139743,39,14,20,1,250,450
700,561,1,0.675946,0.456903,37,15,20,1,50,650
700,150,2,1.04588,0.553881,24.5,23,20,0,300,400
700,79,1,0.434659,0.188929,50,30,20,1,350,350
700,728,1,0.450681,0.203113,44,31,20,-1,0,700
700,729,1,0.479225,0.229657,32,38,20,-1,0,700
700,562,1,0.627178,0.393353,53,50,20,-1,50,650
700,85,1,0.721801,0.520996,54,19,21,-1,350,350
700,563,2,1.3397,0.952184,46,22.5,21,0,50,650
700,414,1,0.655076,0.429124,27,23,21,-1,100,600
700,564,1,0.48733,0.237491,12,27,21,1,50,650
700,419,1,0.78717,0.619636,26,28,21,1,100,600
700,730,1,1.65604,2.74248,44,33,21,-1,0,700
700,281,1,0.889923,0.791963,58,40,21,-1,200,500
700,565,1,0.28511,0.0812877,37,48,21,-1,50,650
700,731,2,1.05672,0.61177,11.5,50,21,0,0,700
700,732,1,0.649024,0.421232,58,50,21,1,0,700
700,567,1,0.358847,0.128771,13,59,21,-1,50,650
700,733,1,0.111165,0.0123576,11,8,22,-1,0,700
700,283,1,0.493347,0.243391,18,11,22,-1,200,500
700,282,1,0.5475,0.299756,54,15,22,-1,200,500
700,415,1,1.36331,1.85861,30,16,22,-1,100,600
700,44,1,0.605033,0.366064,45,26,22,1,400,300
700,80,1,0.683169,0.46672,57,28,22,1,350,350
700,43,1,0.498271,0.248274,7,32,22,-1,400,300
700,330,1,0.612939,0.375694,12,32,22,1,150,550
700,416,1,0.846516,0.716589,61,33,22,1,100,600
700,734,1,0.43647,0.190506,34,41,22,-1,0,700
700,735,1,1.05069,1.10396,56,52,22,1,0,700
700,151,1,0.52508,0.275709,4,62,22,1,300,400
700,417,1,0.434617,0.188892,56,8,23,1,100,600
700,418,2,1.125,0.638289,51.5,9,23,0,100,600
700,329,1,0.807067,0.651357,11,20,23,-1,150,550
700,81,1,1.02881,1.05845,15,24,23,1,350,350
700,225,1,0.413044,0.170606,16,27,23,1,250,450
700,574,2,1.06375,0.699118,24.5,28,23,0,50,650
700,226,1,0.713542,0.509142,45,28,23,-1,250,450
700,420,2,1.79129,1.70677,14,32.5,23,0,100,600
700,736,1,0.561403,0.315174,25,37,23,1,0,700
700,82,1,0.314691,0.0990307,21,40,23,-1,350,350
700,568,1,0.382876,0.146594,57,40,23,1,50,650
700,569,1,0.231852,0.0537552,58,44,23,1,50,650
700,83,1,0.5476,0.299865,29,49,23,-1,350,350
700,737,1,0.59091,0.349175,42,54,23,1,0,700
700,84,4,3.0334,2.36329,58.25,61.5,23.75,0,350,350
700,7,1,1.14302,1.30649,49,7,24,-1,450,250
700,738,1,0.727593,0.529392,55,12,24,-1,0,700
700,575,2,0.890538,0.491246,17,13,24.5,0,50,650
700,6,1,0.414663,0.171945,34,14,24,1,450,250
700,152,2,1.06301,0.899563,54.5,19,24,0,300,400
700,570,1,0.666592,0.444344,33,28,24,-1,50,650
700,739,1,0.802984,0.644783,63,29,24,1,0,700
700,740,1,0.631897,0.399294,38,30,24,1,0,700
700,332,1,0.658424,0.433522,10,32,24,-1,150,550
700,421,1,0.564167,0.318284,60,37,24,1,100,600
700,571,1,0.552643,0.305414,23,46,24,-1,50,650
700,153,1,0.420974,0.177219,7,52,24,1,300,400
700,741,1,0.477302,0.227818,55,54,24,-1,0,700
700,742,1,0.485862,0.236062,50,57,24,1,0,700
700,572,1,0.704019,0.495643,35,60,24,-1,50,650
700,743,1,1.26737,1.60623,9,6,25,1,0,700
700,744,1,0.639523,0.408989,4,9,25,-1,0,700
700,745,1,1.23314,1.52063,4,14,25,-1,0,700
700,573,1,0.393079,0.154511,29,14,25,1,50,650
700,746,2,1.69362,1.4443,59,14.5,25,0,0,700
700,747,1,0.51968,0.270068,10,22,25,-1,0,700
700,422,1,0.295223,0.0871564,50,24,25,1,100,600
700,748,3,2.45463,2.10638,22.3333,29.6667,25.3333,1,0,700
700,331,1,0.801503,0.642407,51,30,25,1,150,550
700,749,1,0.853837,0.729038,8,35,25,1,0,700
700,155,1,0.846783,0.717042,38,50,25,-1,300,400
700,284,1,0.55885,0.312314,17,55,25,-1,200,500
700,580,1,0.745358,0.555558,12,56,25,-1,50,650
700,227,1,0.798146,0.637037,3,59,25,-1,250,450
700,750,1,0.492865,0.242916,24,62,25,-1,0,700
700,751,1,0.445762,0.198704,48,2,26,1,0,700
700,581,1,0.519413,0.269789,29,5,26,1,50,650
700,752,1,0.780703,0.609496,47,5,26,1,0,700
700,86,1,0.984192,0.968633,48,11,26,1,350,350
700,577,1,0.570528,0.325503,19,15,26,-1,50,650
700,753,1,0.343022,0.117664,35,15,26,1,0,700
700,584,1,0.424916,0.180554,42,15,26,-1,50,650
700,576,1,0.751667,0.565004,22,19,26,-1,50,650
700,8,2,0.683307,0.307728,39,19.5,26,0,450,250
700,578,2,1.04891,0.554219,14,19.5,26.5,0,50,650
700,754,1,0.507706,0.257766,25,22,26,-1,0,700
700,424,1,0.679,0.461041,56,33,26,1,100,600
700,333,1,0.592968,0.35161,15,42,26,1,150,550
700,755,1,0.947062,0.896926,2,50,26,1,0,700
700,425,2,1.50392,1.20977,19,1.5,27.5,0,100,600
700,426,2,1.33374,0.892679,0,5.5,27,0,100,600
700,756,1,0.736138,0.541899,22,15,27,-1,0,700
700,92,2,1.18926,0.710722,52,20.5,27,0,350,350
700,87,1,0.570349,0.325298,60,31,27,1,350,350
700,428,1,0.15433,0.0238178,60,33,27,1,100,600
700,579,2,1.55771,1.23893,57.5,40,27,0,50,650
700,757,1,0.424554,0.180246,54,45,27,1,0,700
700,758,1,0.814005,0.662604,34,46,27,-1,0,700
700,759,1,0.560348,0.31399,23,48,27,-1,0,700
700,760,1,0.735628,0.541149,14,54,27,-1,0,700
700,228,1,0.329549,0.108603,35,55,27,-1,250,450
700,335,1,0.456361,0.208265,57,58,27,1,150,550
700,423,1,0.695371,0.483541,59,62,27,-1,100,600
700,156,1,0.379847,0.144284,55,3,28,-1,300,400
700,334,1,0.21744,0.04728,58,3,28,-1,150,550
700,761,2,1.18625,0.850852,30,6,28.5,0,0,700
700,157,1,0.557584,0.3109,62,6,28,1,300,400
700,88,1,0.594834,0.353827,55,7,28,-1,350,350
700,582,2,0.973981,0.500118,55.5,10.5,28,0,50,650
700,9,2,1.03021,0.530909,7.5,10.5,28.5,0,450,250
700,89,1,0.796263,0.634035,43,21,28,-1,350,350
700,427,1,0.833981,0.695524,3,22,28,-1,100,600
700,158,2,1.33066,0.932962,10,29,28.5,0,300,400
700,90,1,0.411979,0.169727,16,32,28,1,350,350
700,583,1,0.775802,0.601869,19,35,28,-1,50,650
700,762,1,0.661639,0.437766,62,35,28,-1,0,700
700,160,1,0.829646,0.688312,28,44,28,-1,300,400
700,763,1,0.837437,0.701301,57,56,28,-1,0,700
700,91,1,0.542054,0.293822,23,2,29,1,350,350
700,285,2,0.449387,0.102723,9.5,12,29,0,200,500
700,587,3,1.26865,0.694052,11.3333,16,30,1,50,650
700,764,1,0.756383,0.572115,43,16,29,-1,0,700
700,765,1,0.252756,0.0638855,49,20,29,1,0,700
700,766,1,0.845728,0.715255,37,24,29,-1,0,700
700,429,1,0.642275,0.412517,44,26,29,-1,100,600
700,767,1,0.427674,0.182905,46,26,29,-1,0,700
700,768,1,0.658123,0.433126,34,29,29,-1,0,700
700,769,1,0.663751,0.440565,49,33,29,-1,0,700
700,770,1,0.498227,0.24823,4,35,29,-1,0,700
700,96,1,0.594601,0.35355,36,42,29,1,350,350
700,159,1,0.585802,0.343164,8,51,29,1,300,400
700,286,1,0.695188,0.483286,12,51,29,1,200,500
700,430,1,0.422011,0.178093,46,54,29,-1,100,600
700,10,1,0.685914,0.470478,26,58,29,1,450,250
700,431,2,1.01975,0.558401,27.5,61,29,0,100,600
700,93,1,0.804943,0.647934,60,62,29,1,350,350
700,336,1,0.42492,0.180557,9,5,30,-1,150,550
700,45,1,0.230917,0.0533226,18,5,30,1,400,300
700,337,2,1.92575,1.8746,12,6.5,30,0,150,550
700,585,1,0.289428,0.0837687,14,20,30,1,50,650
700,771,1,0.504469,0.254489,14,23,30,1,0,700
700,772,1,0.54607,0.298192,27,26,30,1,0,700
700,230,3,2.17657,1.62567,34,35.6667,30,-1,250,450
700,46,2,1.08433,0.591473,45,39.5,30,0,400,300
700,588,1,0.733379,0.537845,38,40,30,1,50,650
700,432,1,0.495143,0.245167,47,41,30,1,100,600
700,773,2,0.78566,0.34512,30,42.5,30,2,0,700
700,586,1,0.407645,0.166174,12,43,30,-1,50,650
700,774,1,0.545081,0.297114,48,43,30,1,0,700
700,433,1,0.440367,0.193923,1,1,31,1,100,600
700,435,1,0.140711,0.0197995,22,4,31,1,100,600
700,161,2,1.66438,1.38614,49,6,31.5,0,300,400
700,287,1,0.782436,0.612207,27,12,31,-1,200,500
700,775,1,0.142889,0.0204172,13,18,31,-1,0,700
700,231,1,0.920779,0.847834,40,21,31,1,250,450
700,232,1,0.996113,0.992241,22,26,31,-1,250,450
700,776,1,0.321155,0.10314,45,33,31,1,0,700
700,94,1,0.698232,0.487528,53,35,31,1,350,350
700,95,1,0.372243,0.138565,18,38,31,-1,350,350
700,340,1,1.05301,1.10883,35,44,31,1,150,550
700,162,1,0.42799,0.183175,43,51,31,1,300,400
700,338,2,1.56327,1.62766,49,52,31.5,0,150,550
700,233,1,0.694628,0.482508,28,56,31,1,250,450
700,777,2,2.62898,3.84131,8.5,59.5,31,0,0,700
700,234,2,1.25975,0.81713,4.5,7,32,0,250,450
700,339,1,0.696313,0.484852,24,8,32,-1,150,550
700,11,1,0.478386,0.228854,49,27,32,-1,450,250
700,778,1,0.71775,0.515165,61,30,32,-1,0,700
700,12,1,0.761212,0.579444,30,32,32,1,450,250
700,779,1,0.824423,0.679674,32,32,32,1,0,700
700,780,1,0.536668,0.288013,37,42,32,1,0,700
700,781,1,0.212116,0.044993,50,42,32,1,0,700
700,589,1,0.322497,0.104004,58,42,32,-1,50,650
700,782,1,0.918209,0.843109,15,44,32,-1,0,700
700,341,1,0.510468,0.260578,3,60,32,1,150,550
700,434,2,1.45933,1.21399,0,61,32.5,0,100,600
700,783,1,1.01212,1.02438,10,1,33,1,0,700
700,590,1,0.919589,0.845643,20,5,33,1,50,650
700,288,1,1.05948,1.1225,28,5,33,-1,200,500
700,13,1,0.649009,0.421213,41,9,33,-1,450,250
700,163,2,1.4626,1.07778,56,21.5,33,0,300,400
700,47,1,1.02751,1.05578,47,27,33,-1,400,300
700,438,1,0.589931,0.348018,54,29,33,-1,100,600
700,784,1,0.615528,0.378874,50,33,33,-1,0,700
700,342,1,1.26592,1.60255,9,36,33,1,150,550
700,436,1,0.783652,0.614111,26,36,33,1,100,600
700,164,1,1.00328,1.00657,47,38,33,-1,300,400
700,14,1,0.167628,0.0280991,62,38,33,-1,450,250
700,48,1,0.764971,0.58518,41,45,33,1,400,300
700,591,1,0.230402,0.0530852,41,62,33,1,50,650
700,592,1,0.76489,0.585057,20,1,34,1,50,650
700,165,1,0.834631,0.696609,39,2,34,1,300,400
700,437,1,0.507539,0.257596,61,3,34,-1,100,600
700,785,1,0.46838,0.21938,47,8,34,-1,0,700
700,593,1,0.309773,0.0959595,60,8,34,-1,50,650
700,786,1,0.578511,0.334675,20,14,34,1,0,700
700,594,1,0.387441,0.15011,37,15,34,-1,50,650
700,787,2,0.810363,0.329235,39.5,15.5,34.5,0,0,700
700,166,1,0.224335,0.0503264,63,25,34,-1,300,400
700,168,1,1.25863,1.58414,9,39,34,1,300,400
700,788,1,0.543361,0.295242,45,40,34,1,0,700
700,595,1,0.372588,0.138822,34,46,34,1,50,650
700,343,1,0.570394,0.325349,59,50,34,1,150,550
700,601,1,0.853816,0.729002,20,62,34,-1,50,650
700,289,1,0.762292,0.58109,37,63,34,-1,200,500
700,596,1,0.473595,0.224293,12,4,35,-1,50,650
700,789,1,0.49591,0.245926,6,6,35,1,0,700
700,15,1,0.300325,0.0901951,36,10,35,1,450,250
700,790,1,0.647916,0.419796,26,11,35,-1,0,700
700,791,1,0.579457,0.335771,35,16,35,-1,0,700
700,344,1,0.798798,0.638078,20,18,35,1,150,550
700,597,1,0.391846,0.153543,20,20,35,1,50,650
700,99,1,0.370156,0.137015,57,26,35,-1,350,350
700,600,1,0.890568,0.793112,53,27,35,1,50,650
700,235,1,0.997744,0.995493,6,30,35,-1,250,450
700,598,1,0.956645,0.915169,60,35,35,1,50,650
700,49,1,0.543735,0.295648,15,37,35,1,400,300
700,792,1,1.69502,2.87309,50,43,35,1,0,700
700,236,3,2.56824,2.40163,16,46.6667,35.6667,-1,250,450
700,599,1,0.58421,0.341302,43,47,35,-1,50,650
700,51,3,1.85259,1.22342,9,49.3333,35.6667,1,400,300
700,97,1,0.189899,0.0360617,48,49,35,-1,350,350
700,793,1,0.467145,0.218225,7,53,35,1,0,700
700,50,2,1.14347,0.707467,46.5,54.5,35,0,400,300
700,794,1,0.491438,0.241511,47,57,35,1,0,700
700,345,1,0.992827,0.985706,45,61,35,-1,150,550
700,98,4,4.05898,4.81943,15,62.75,36,0,350,350
700,445,2,1.5281,1.21318,22,16.5,36.5,0,100,600
700,439,1,0.485053,0.235276,16,19,36,1,100,600
700,18,1,1.10062,1.21136,53,25,36,-1,450,250
700,290,1,0.445476,0.198449,25,30,36,-1,200,500
700,795,1,0.410484,0.168497,8,33,36,-1,0,700
700,440,1,0.55523,0.30828,43,34,36,-1,100,600
700,167,1,0.52305,0.273581,0,37,36,1,300,400
700,796,1,1.63074,2.6593,42,37,36,1,0,700
700,239,1,0.877673,0.77031,53,38,36,1,250,450
700,797,1,0.999261,0.998522,30,42,36,1,0,700
700,101,1,0.4116,0.169415,46,50,36,1,350,350
700,798,1,0.575006,0.330632,20,51,36,-1,0,700
700,444,1,0.569517,0.32435,44,51,36,1,100,600
700,237,1,0.635004,0.40323,15,55,36,1,250,450
700,604,1,0.338648,0.114682,19,59,36,-1,50,650
700,799,1,0.42406,0.179827,43,63,36,1,0,700
700,238,1,0.283308,0.0802636,39,6,37,1,250,450
700,800,1,0.202307,0.0409282,45,11,37,-1,0,700
700,171,2,1.46133,1.07563,1,15,37.5,0,300,400
700,291,2,1.19338,0.724434,46.5,15,37,0,200,500
700,243,2,1.44771,1.62686,50,21.5,37,0,250,450
700,346,1,0.798533,0.637655,38,25,37,1,150,550
700,446,1,0.6721,0.451719,50,26,37,-1,100,600
700,292,1,0.700041,0.490058,14,27,37,-1,200,500
700,53,1,0.70971,0.503688,10,29,37,1,400,300
700,801,1,0.532735,0.283807,57,29,37,1,0,700
700,249,1,0.416613,0.173567,11,31,37,-1,250,450
700,347,1,0.718725,0.516566,1,34,37,-1,150,550
700,802,1,0.281442,0.0792095,10,37,37,1,0,700
700,441,1,0.439102,0.19281,48,38,37,-1,100,600
700,803,1,1.05389,1.11068,30,40,37,1,0,700
700,602,1,0.53929,0.290834,49,53,37,1,50,650
700,603,2,0.99856,0.822469,61,53,37.5,0,50,650
700,804,1,0.91317,0.83388,23,56,37,1,0,700
700,442,1,0.837814,0.701932,54,58,37,-1,100,600
700,805,1,0.258007,0.0665678,16,59,37,-1,0,700
700,348,3,1.85255,1.17499,4,62.3333,37.6667,1,150,550
700,806,1,0.561441,0.315216,50,3,38,-1,0,700
700,100,1,0.710742,0.505154,16,10,38,1,350,350
700,807,1,0.336725,0.113384,48,12,38,1,0,700
700,17,2,1.34138,0.910336,56,22,38.5,0,450,250
700,443,1,0.4812,0.231553,5,23,38,-1,100,600
700,356,1,0.240116,0.0576556,8,27,38,-1,150,550
700,808,1,0.451049,0.203445,51,28,38,1,0,700
700,16,2,1.02682,0.527191,25,34.5,38,0,450,250
700,809,1,1.00982,1.01975,15,37,38,1,0,700
700,52,1,0.453266,0.20545,34,39,38,1,400,300
700,349,1,0.487993,0.238137,39,40,38,-1,150,550
700,810,1,0.586318,0.343769,55,40,38,-1,0,700
700,448,1,1.00304,1.00609,44,48,38,-1,100,600
700,811,1,0.552919,0.30572,42,53,38,-1,0,700
700,350,1,0.575156,0.330805,44,57,38,-1,150,550
700,605,1,0.98453,0.9693,16,6,39,-1,50,650
700,606,1,0.482228,0.232544,11,7,39,-1,50,650
700,607,1,0.686266,0.47096,22,18,39,-1,50,650
700,812,1,1.59401,2.54087,17,23,39,-1,0,700
700,813,1,0.180173,0.0324623,23,23,39,1,0,700
700,814,3,1.69765,0.96893,49.6667,24.6667,39.3333,-1,0,700
700,447,1,0.562655,0.31658,10,29,39,1,100,600
700,815,1,0.465682,0.216859,25,30,39,-1,0,700
700,816,1,1.11541,1.24414,14,31,39,1,0,700
700,817,1,0.893618,0.798553,50,34,39,-1,0,700
700,169,1,0.480213,0.230605,43,43,39,-1,300,400
700,240,1,0.500578,0.250578,35,48,39,-1,250,450
700,19,2,1.09177,0.597723,9,55.5,39,0,450,250
700,241,1,0.790683,0.625179,11,56,39,-1,250,450
700,172,1,0.480039,0.230437,56,62,39,1,300,400
700,608,1,0.696534,0.48516,3,2,40,-1,50,650
700,609,1,0.756531,0.57234,44,7,40,1,50,650
700,818,1,0.316041,0.0998822,46,7,40,1,0,700
700,819,1,1.42841,2.04035,18,8,40,1,0,700
700,170,4,2.20559,1.42075,40.5,10,40.5,0,300,400
700,242,1,0.672449,0.452187,7,14,40,-1,250,450
700,610,1,1.01279,1.02575,48,21,40,1,50,650
700,820,1,1.04912,1.10065,9,25,40,1,0,700
700,821,1,0.478744,0.229196,30,25,40,-1,0,700
700,351,2,1.04879,0.553047,34,27.5,40,0,150,550
700,822,2,0.658195,0.232638,7.5,30.5,40.5,0,0,700
700,823,1,0.594163,0.35303,44,50,40,1,0,700
700,352,1,0.663366,0.440055,60,0,41,-1,150,550
700,824,1,0.791947,0.627181,30,4,41,1,0,700
700,353,1,0.632794,0.400428,52,10,41,-1,150,550
700,244,1,0.777491,0.604492,0,13,41,-1,250,450
700,293,1,0.376766,0.141952,1,19,41,-1,200,500
700,453,2,2.35898,3.50918,7,27.5,41,0,100,600
700,245,1,0.465099,0.216317,42,27,41,1,250,450
700,246,1,0.838812,0.703606,21,30,41,1,250,450
700,825,1,0.794521,0.631263,46,31,41,-1,0,700
700,826,1,0.524909,0.27553,50,34,41,-1,0,700
700,449,1,0.713545,0.509147,20,40,41,-1,100,600
700,611,2,1.4826,1.0998,17.5,41.5,41,0,50,650
700,102,2,2.18997,2.59891,22,0.5,42,0,350,350
700,450,1,0.839955,0.705525,48,1,42,1,100,600
700,612,1,0.861327,0.741885,50,3,42,-1,50,650
700,827,1,0.731507,0.535103,42,6,42,-1,0,700
700,613,1,0.728832,0.531196,32,22,42,1,50,650
700,828,1,0.688395,0.473887,44,22,42,-1,0,700
700,354,1,0.845686,0.715185,19,27,42,-1,150,550
700,247,1,0.587068,0.344649,32,30,42,-1,250,450
700,829,1,0.74477,0.554682,43,36,42,-1,0,700
700,830,1,0.413509,0.17099,24,38,42,-1,0,700
700,248,2,1.08953,0.757901,52,44.5,42,0,250,450
700,831,1,1.01068,1.02148,42,45,42,-1,0,700
700,614,1,0.425162,0.180763,38,46,42,-1,50,650
700,175,1,1.00722,1.01449,30,53,42,-1,300,400
700,832,1,0.2539,0.064465,44,55,42,1,0,700
700,355,2,0.635168,0.220064,47.5,56,42.5,0,150,550
700,454,1,0.551279,0.303908,12,58,42,1,100,600
700,294,1,0.236058,0.0557236,58,61,42,-1,200,500
700,615,1,0.662271,0.438603,3,11,43,1,50,650
700,451,1,0.440121,0.193706,51,22,43,-1,100,600
700,452,1,0.319133,0.101846,56,28,43,1,100,600
700,616,2,0.908099,0.474064,62,28.5,43,0,50,650
700,833,1,0.345882,0.119634,11,29,43,-1,0,700
700,834,1,0.824789,0.680276,53,40,43,-1,0,700
700,173,1,0.538459,0.289938,11,45,43,-1,300,400
700,250,1,0.551887,0.304579,2,50,43,-1,250,450
700,103,2,1.17761,0.973754,30.5,56.5,43.5,0,350,350
700,455,1,0.370499,0.137269,57,59,43,-1,100,600
700,174,2,0.805936,0.429413,10.5,0.5,44,0,300,400
700,835,1,0.492199,0.24226,23,5,44,-1,0,700
700,104,1,0.644231,0.415033,4,20,44,1,350,350
700,836,1,0.668839,0.447346,40,27,44,-1,0,700
700,837,1,0.688064,0.473432,8,28,44,1,0,700
700,105,3,2.2367,1.73542,11,36.3333,44.3333,1,350,350
700,357,1,0.35151,0.123559,29,50,44,-1,150,550
700,838,1,0.759455,0.576771,62,52,44,1,0,700
700,839,1,0.767674,0.589324,11,55,44,1,0,700
700,840,1,0.398288,0.158633,26,56,44,1,0,700
700,617,2,1.11066,0.689541,57.5,61,44,0,50,650
700,618,1,0.31286,0.0978815,44,63,44,1,50,650
700,176,1,0.5617,0.315507,53,63,44,1,300,400
700,54,2,0.902265,0.413015,42,17.5,45,0,400,300
700,619,1,0.592907,0.351538,16,22,45,1,50,650
700,456,2,0.890142,0.414493,37,22.5,45,0,100,600
700,841,1,1.1113,1.23499,60,22,45,1,0,700
700,842,1,0.794926,0.631907,51,26,45,1,0,700
700,106,2,0.867763,0.376805,57,33.5,45,0,350,350
700,623,2,1.22893,0.778834,0,34.5,45.5,0,50,650
700,620,2,0.915807,0.448445,31.5,48.5,45.5,0,50,650
700,358,1,0.804872,0.647819,2,52,45,1,150,550
700,843,1,0.816296,0.66634,60,54,45,1,0,700
700,107,1,0.637505,0.406412,36,61,45,1,350,350
700,20,1,0.309069,0.0955234,42,61,45,-1,450,250
700,457,1,0.321427,0.103315,11,1,46,1,100,600
700,458,2,1.93289,1.89067,36.5,4.5,46.5,0,100,600
700,621,1,0.461958,0.213406,49,9,46,-1,50,650
700,622,2,1.59231,1.61542,49,19,46.5,0,50,650
700,844,1,0.601895,0.362277,38,36,46,-1,0,700
700,459,1,0.503457,0.253469,45,50,46,-1,100,600
700,845,1,0.106538,0.0113504,55,54,46,1,0,700
700,846,1,0.162827,0.0265126,15,55,46,1,0,700
700,460,1,0.317029,0.100507,1,61,46,-1,100,600
700,465,1,0.273744,0.0749359,40,61,46,1,100,600
700,847,1,0.723299,0.523161,8,62,46,-1,0,700
700,461,1,0.512902,0.263068,51,14,47,1,100,600
700,21,1,0.910187,0.828441,15,22,47,-1,450,250
700,624,2,1.50068,1.45887,61,32.5,47,0,50,650
700,462,1,1.00028,1.00057,47,42,47,-1,100,600
700,627,4,2.0908,1.17037,4.75,49.5,47.75,0,50,650
700,463,4,1.85871,0.950655,0,50.25,47.25,0,100,600
700,848,1,0.406425,0.165182,28,57,47,1,0,700
700,108,1,0.727326,0.529003,33,0,48,-1,350,350
700,849,1,0.751046,0.56407,56,1,48,1,0,700
700,177,1,0.268799,0.0722527,57,6,48,1,300,400
700,253,3,2.15385,1.81514,54.6667,7.66667,48.3333,1,250,450
700,359,2,1.06963,0.57695,31.5,9.5,48.5,0,150,550
700,625,1,0.374441,0.140206,44,11,48,-1,50,650
700,362,1,0.459398,0.211046,35,22,48,-1,150,550
700,251,2,0.844914,0.392464,35.5,27,48.5,0,250,450
700,178,1,0.914012,0.835418,58,29,48,1,300,400
700,464,1,0.699906,0.489869,41,30,48,-1,100,600
700,850,1,0.819179,0.671055,13,36,48,1,0,700
700,360,1,0.445377,0.19836,5,42,48,1,150,550
700,626,1,0.793068,0.628957,18,43,48,1,50,650
700,295,1,0.73894,0.546033,49,46,48,1,200,500
700,851,1,0.301827,0.0910996,19,48,48,1,0,700
700,852,1,0.661561,0.437663,27,49,48,1,0,700
700,853,1,0.648381,0.420398,57,53,48,-1,0,700
700,252,1,0.353299,0.12482,15,62,48,-1,250,450
700,628,1,0.855502,0.731884,25,63,48,-1,50,650
700,854,1,0.563469,0.317498,33,2,49,-1,0,700
700,58,1,0.58059,0.337085,57,10,49,1,400,300
700,366,1,0.538151,0.289607,58,12,49,1,150,550
700,855,1,0.672139,0.45177,49,16,49,-1,0,700
700,470,1,1.04267,1.08716,1,20,49,1,100,600
700,856,1,0.580793,0.337321,56,27,49,1,0,700
700,179,1,0.86558,0.749229,1,31,49,-1,300,400
700,629,1,0.414528,0.171834,21,42,49,1,50,650
700,857,1,0.62203,0.386921,24,43,49,-1,0,700
700,361,1,0.368083,0.135485,23,48,49,1,150,550
700,55,1,0.772468,0.596707,58,49,49,-1,400,300
700,858,1,0.599553,0.359464,52,53,49,1,0,700
700,630,1,0.724954,0.525558,41,59,49,1,50,650
700,859,1,0.624053,0.389442,53,4,50,1,0,700
700,468,1,0.364529,0.132882,41,7,50,-1,100,600
700,860,1,0.736731,0.542773,24,13,50,1,0,700
700,254,2,1.0297,0.637355,16.5,15,50,0,250,450
700,631,1,0.382728,0.146481,9,16,50,1,50,650
700,466,2,1.44096,1.05205,17.5,17.5,50,0,100,600
700,110,1,0.998993,0.997988,52,18,50,-1,350,350
700,861,2,0.981244,0.514577,14.5,20.5,50,0,0,700
700,862,1,0.459584,0.211217,33,21,50,1,0,700
700,23,1,0.880444,0.775181,62,26,50,-1,450,250
700,467,1,1.01326,1.02669,49,33,50,-1,100,600
700,863,2,1.3777,1.10599,57,39,50.5,0,0,700
700,864,1,0.311032,0.0967408,63,39,50,1,0,700
700,255,1,0.164353,0.0270119,49,44,50,1,250,450
700,865,2,0.706262,0.31462,49,46,50.5,2,0,700
700,632,1,0.55662,0.309826,39,4,51,-1,50,650
700,363,2,0.8546,0.383926,10.5,6,51,0,150,550
700,469,1,0.214193,0.0458788,1,9,51,-1,100,600
700,866,1,0.400679,0.160544,60,10,51,-1,0,700
700,641,1,0.382468,0.146281,55,11,51,1,50,650
700,473,1,1.2647,1.59946,45,13,51,1,100,600
700,22,2,0.903941,0.540318,12,26.5,51,0,450,250
700,633,2,1.83158,1.72938,24,26.5,51,0,50,650
700,57,2,0.846467,0.410248,60,26,51.5,0,400,300
700,867,1,0.99879,0.997581,62,51,51,-1,0,700
700,364,2,0.818658,0.419051,35.5,54,51.5,-2,150,550
700,180,1,0.533289,0.284397,61,55,51,-1,300,400
700,296,1,0.401497,0.1612,56,56,51,1,200,500
700,181,3,1.31501,0.648527,58,5.66667,52.6667,-1,300,400
700,868,1,0.522445,0.272948,18,8,52,1,0,700
700,869,2,1.40632,1.03818,57.5,11.5,52,0,0,700
700,182,1,0.767907,0.589681,53,14,52,-1,300,400
700,870,1,0.642984,0.413428,3,19,52,1,0,700
700,56,1,0.418252,0.174935,57,21,52,-1,400,300
700,365,1,0.403861,0.163104,55,22,52,1,150,550
700,634,1,1.00661,1.01327,1,27,52,-1,50,650
700,24,1,0.249425,0.062213,1,42,52,1,450,250
700,635,2,1.76405,1.75292,13,43.5,52,0,50,650
700,471,3,1.66351,1.07212,53.3333,45,52,-1,100,600
700,472,1,0.370494,0.137265,56,53,52,-1,100,600
700,640,2,0.833744,0.347606,18,54,52.5,0,50,650
700,636,1,0.802196,0.643519,54,60,52,-1,50,650
700,257,1,0.532802,0.283878,17,61,52,1,250,450
700,109,1,0.98813,0.976401,33,0,53,1,350,350
700,871,1,0.911506,0.830843,61,4,53,-1,0,700
700,637,1,0.559904,0.313493,45,16,53,1,50,650
700,872,1,0.582341,0.339121,52,18,53,-1,0,700
700,873,1,0.613372,0.376226,23,21,53,-1,0,700
700,256,1,0.495044,0.245069,20,26,53,-1,250,450
700,25,4,3.32921,2.88958,27.25,28.25,53.25,0,450,250
700,26,1,0.15117,0.0228525,57,35,53,-1,450,250
700,638,1,0.242562,0.0588362,19,42,53,1,50,650
700,184,1,0.113887,0.0129702,51,42,53,1,300,400
700,639,1,0.441533,0.194951,25,48,53,1,50,650
700,185,1,0.18077,0.0326779,3,60,53,-1,300,400
700,186,1,0.604624,0.36557,39,60,53,-1,300,400
700,474,1,0.119084,0.014181,28,63,53,1,100,600
700,369,1,0.463783,0.215095,38,3,54,1,150,550
700,874,1,0.595384,0.354482,29,6,54,-1,0,700
700,875,1,0.521424,0.271883,47,8,54,-1,0,700
700,475,1,0.302847,0.0917164,28,10,54,-1,100,600
700,876,4,2.16476,1.25138,56.5,11.5,54,0,0,700
700,189,2,1.39447,0.999677,35.5,13.5,54,0,300,400
700,476,1,0.344962,0.118999,9,14,54,1,100,600
700,877,1,0.687541,0.472713,34,16,54,1,0,700
700,297,3,1.3163,0.662079,62.6667,19,54,-1,200,500
700,477,1,0.643389,0.41395,26,32,54,-1,100,600
700,478,2,1.31226,0.896928,55,36.5,54.5,0,100,600
700,27,4,1.4833,0.562633,52,50.5,55,0,450,250
700,878,1,0.410377,0.168409,12,56,54,1,0,700
700,187,1,0.670999,0.45024,63,57,54,-1,300,400
700,879,1,0.431133,0.185876,18,60,54,1,0,700
700,880,1,1.01926,1.0389,3,3,55,1,0,700
700,367,1,0.418052,0.174767,4,10,55,-1,150,550
700,881,1,0.32841,0.107853,56,14,55,1,0,700
700,882,1,0.754287,0.568949,18,24,55,1,0,700
700,258,1,0.622329,0.387293,6,25,55,-1,250,450
700,188,1,0.65503,0.429064,11,26,55,-1,300,400
700,259,1,0.159992,0.0255975,8,33,55,1,250,450
700,642,1,1.32776,1.76295,1,36,55,-1,50,650
700,883,1,0.623109,0.388265,51,36,55,-1,0,700
700,298,3,2.09488,1.67094,30,42.6667,55.6667,-1,200,500
700,60,1,0.736537,0.542487,5,56,55,1,400,300
700,643,1,0.808067,0.652972,57,58,55,-1,50,650
700,884,1,1.04682,1.09584,9,59,55,1,0,700
700,644,1,0.204378,0.0417704,40,61,55,-1,50,650
700,368,1,0.274887,0.0755627,4,62,55,1,150,550
700,59,1,0.824406,0.679646,45,1,56,1,400,300
700,645,1,0.400034,0.160027,38,6,56,1,50,650
700,885,1,0.239417,0.0573205,1,9,56,-1,0,700
700,370,1,0.335702,0.112696,17,20,56,-1,150,550
700,479,1,0.217875,0.0474697,1,22,56,1,100,600
700,646,1,0.992452,0.98496,42,26,56,-1,50,650
700,886,1,0.464111,0.215399,12,33,56,-1,0,700
700,647,2,0.686338,0.261468,41,33.5,56,0,50,650
700,887,1,0.232277,0.0539526,42,38,56,-1,0,700
700,480,1,0.6175,0.381307,7,44,56,1,100,600
700,300,3,1.28507,0.672592,4.66667,53.6667,56.6667,-1,200,500
700,299,1,0.743376,0.552607,10,54,56,-1,200,500
700,481,1,0.757379,0.573624,20,56,56,1,100,600
700,482,1,0.385807,0.148847,20,1,57,1,100,600
700,371,2,1.11615,0.660391,9,5.5,57,0,150,550
700,372,1,1.20805,1.45939,19,8,57,-1,150,550
700,483,1,0.582232,0.338995,35,12,57,1,100,600
700,111,2,1.34869,0.919806,47.5,19.5,57,0,350,350
700,888,1,0.633062,0.400767,0,31,57,-1,0,700
700,30,2,1.07307,0.581863,55,33,57.5,0,450,250
700,889,1,0.771195,0.594742,6,41,57,1,0,700
700,28,1,0.178121,0.0317271,23,51,57,-1,450,250
700,648,1,0.974113,0.948897,36,52,57,-1,50,650
700,890,1,0.863792,0.746137,12,53,57,1,0,700
700,112,2,1.50376,1.19255,23,5,58.5,0,350,350
700,484,2,1.56325,1.22235,58,5.5,58,0,100,600
700,891,1,0.291557,0.0850053,37,7,58,-1,0,700
700,190,2,1.13476,0.693835,5.5,14,58,0,300,400
700,192,1,0.100352,0.0100706,17,14,58,-1,300,400
700,373,1,0.473248,0.223964,8,15,58,-1,150,550
700,374,1,0.325438,0.10591,25,18,58,1,150,550
700,113,1,0.852766,0.727211,39,18,58,-1,350,350
700,892,1,1.07251,1.15027,62,25,58,1,0,700
700,260,2,0.967747,0.485976,32.5,25.5,58.5,0,250,450
700,29,1,0.282091,0.0795752,21,30,58,-1,450,250
700,893,1,0.830406,0.689575,25,35,58,1,0,700
700,68,3,1.723,1.06478,59.3333,34.6667,59,1,400,300
700,894,1,0.402486,0.161995,41,38,58,1,0,700
700,895,1,0.492716,0.242769,23,42,58,-1,0,700
700,302,2,0.915257,0.418861,13,44,58.5,0,200,500
700,649,1,0.228905,0.0523976,28,50,58,-1,50,650
700,301,1,0.566724,0.321176,63,50,58,-1,200,500
700,115,1,0.611188,0.37355,7,54,58,1,350,350
700,485,1,0.730808,0.534081,49,4,59,-1,100,600
700,494,1,0.41013,0.168206,60,6,59,-1,100,600
700,303,1,0.694253,0.481987,10,9,59,-1,200,500
700,191,1,0.311846,0.0972482,46,13,59,1,300,400
700,650,1,0.563964,0.318056,58,13,59,-1,50,650
700,651,1,0.451212,0.203592,25,16,59,1,50,650
700,114,2,0.418833,0.0957014,44,20.5,59,0,350,350
700,61,1,0.700673,0.490942,7,33,59,1,400,300
700,896,1,1.06942,1.14366,2,38,59,1,0,700
700,31,1,0.560554,0.314221,27,40,59,1,450,250
700,652,1,0.938446,0.880681,47,42,59,-1,50,650
700,375,1,0.873316,0.762681,2,45,59,-1,150,550
700,653,1,0.708283,0.501665,4,55,59,1,50,650
700,62,1,0.663028,0.439606,31,55,59,-1,400,300
700,654,1,0.806502,0.650445,9,56,59,1,50,650
700,486,1,0.666756,0.444564,23,0,60,1,100,600
700,63,1,0.438496,0.192279,38,11,60,-1,400,300
700,487,1,0.74723,0.558353,18,16,60,1,100,600
700,897,1,0.7651,0.585379,41,18,60,-1,0,700
700,488,1,0.748677,0.560517,48,21,60,-1,100,600
700,655,1,0.444418,0.197507,60,21,60,-1,50,650
700,193,1,0.36097,0.130299,25,24,60,1,300,400
700,898,1,0.926951,0.859239,28,25,60,-1,0,700
700,261,1,0.761032,0.57917,6,31,60,-1,250,450
700,899,1,0.246205,0.0606168,31,32,60,1,0,700
700,64,1,0.468208,0.219219,12,34,60,1,400,300
700,194,1,0.431959,0.186588,56,34,60,-1,300,400
700,262,1,0.625271,0.390964,53,35,60,1,250,450
700,65,3,1.46235,0.863779,63,35.6667,60.3333,1,400,300
700,656,1,0.489221,0.239337,16,53,60,1,50,650
700,376,2,1.52753,1.18213,45.5,54,60,0,150,550
700,66,1,0.45887,0.210562,21,57,60,1,400,300
700,67,1,0.573642,0.329066,36,60,60,-1,400,300
700,657,1,0.49272,0.242773,59,63,60,1,50,650
700,195,1,0.399765,0.159812,27,5,61,-1,300,400
700,196,1,0.876166,0.767667,24,7,61,-1,300,400
700,900,1,0.451616,0.203957,11,8,61,-1,0,700
700,489,1,0.829771,0.68852,63,12,61,-1,100,600
700,901,2,2.55979,3.59955,28,13.5,61.5,0,0,700
700,490,1,1.03544,1.07214,18,24,61,1,100,600
700,491,1,0.28826,0.0830941,21,34,61,1,100,600
700,264,1,1.1957,1.42971,37,35,61,-1,250,450
700,902,1,0.913495,0.834473,5,37,61,-1,0,700
700,903,1,0.171089,0.0292714,11,37,61,-1,0,700
700,904,1,0.351679,0.123678,20,37,61,1,0,700
700,492,1,0.234121,0.0548126,61,37,61,1,100,600
700,377,1,0.919633,0.845724,16,38,61,1,150,550
700,905,1,0.995172,0.990367,61,47,61,-1,0,700
700,493,1,0.420175,0.176547,38,52,61,-1,100,600
700,658,1,0.565674,0.319987,15,4,62,-1,50,650
700,659,1,0.0228211,0.000520804,61,4,62,-1,50,650
700,263,1,1.00648,1.013,42,8,62,-1,250,450
700,906,1,0.863086,0.744917,17,13,62,1,0,700
700,378,2,1.19136,0.93047,6.5,27,62,0,150,550
700,198,2,1.16445,0.723846,48.5,31,62,0,300,400
700,907,1,0.580457,0.33693,62,34,62,1,0,700
700,495,1,0.354927,0.125973,24,46,62,1,100,600
700,660,1,0.73174,0.535443,44,59,62,-1,50,650
700,379,1,0.907059,0.822757,18,61,62,-1,150,550
700,199,1,0.603368,0.364053,40,61,62,-1,300,400
700,496,1,0.533609,0.284739,5,5,63,1,100,600
700,908,1,0.560931,0.314643,17,6,63,-1,0,700
700,497,1,0.444937,0.197969,0,16,63,-1,100,600
700,909,1,0.561742,0.315554,48,21,63,-1,0,700
700,910,1,0.54683,0.299023,40,26,63,1,0,700
700,911,1,0.64756,0.419334,37,33,63,-1,0,700
700,661,1,0.614814,0.377996,53,36,63,1,50,650
700,662,1,0.349857,0.1224,6,41,63,-1,50,650
700,663,1,0.866615,0.751022,52,43,63,1,50,650
700,499,1,0.489536,0.239646,7,46,63,-1,100,600
700,500,1,0.887412,0.7875,27,58,63,1,100,600
700,501,1,0.871013,0.758664,57,59,63,1,100,600
700,502,1,0.609395,0.371362,37,60,63,-1,100,600
750,265,1,0.381466,0.145516,49,4,0,1,250,500
750,664,2,0.983119,0.543862,40,6,-0.5,0,50,700
750,912,1,0.409857,0.167983,9,15,0,1,0,750
750,913,1,0.762746,0.581782,14,21,0,-1,0,750
750,304,1,0.436073,0.19016,56,21,0,1,200,550
750,201,1,0.592107,0.350591,59,22,0,-1,300,450
750,914,1,0.305956,0.0936091,27,23,0,-1,0,750
750,305,3,1.66962,1.18785,11,24,-1,-1,200,550
750,665,1,0.275207,0.0757388,23,24,0,-1,50,700
750,503,2,1.2986,0.846616,36.5,24,-0.5,2,100,650
750,915,1,0.596871,0.356255,30,28,0,1,0,750
750,504,1,0.543741,0.295655,31,38,0,1,100,650
750,666,2,1.15961,0.696189,4,44,-0.5,0,50,700
750,116,1,0.71375,0.509439,4,48,0,1,350,400
750,266,2,0.737461,0.305009,28,48.5,-0.5,0,250,500
750,916,2,1.48083,1.42583,30,49.5,-0.5,2,0,750
750,117,1,0.437351,0.191276,49,52,0,-1,350,400
750,381,2,1.56308,1.25797,45.5,58,0,0,150,600
750,667,1,0.787401,0.620001,21,59,0,-1,50,700
750,205,3,0.995718,0.381132,14,62,-0.333333,1,300,450
750,668,1,0.507539,0.257596,37,0,1,-1,50,700
750,267,1,0.703216,0.494513,61,1,1,-1,250,500
750,268,1,0.585404,0.342697,30,9,1,-1,250,500
750,505,1,0.43217,0.186771,21,18,1,1,100,650
750,506,1,0.653014,0.426427,38,18,1,-1,100,650
750,669,1,0.761339,0.579637,58,20,1,1,50,700
750,120,3,1.87444,1.17546,40.6667,24,1.66667,-1,350,400
750,307,1,0.572094,0.327292,0,27,1,1,200,550
750,203,1,0.803741,0.645999,4,30,1,-1,300,450
750,917,1,0.700671,0.490939,7,32,1,1,0,750
750,918,1,0.849961,0.722434,36,33,1,-1,0,750
750,124,1,0.178208,0.031758,54,36,1,-1,350,400
750,919,1,0.152973,0.0234009,21,39,1,1,0,750
750,33,2,0.770382,0.297465,49,43,1.5,0,450,300
750,507,1,0.326447,0.106568,13,44,1,-1,100,650
750,670,1,0.48105,0.231409,17,47,1,-1,50,700
750,671,1,0.680021,0.462428,27,54,1,1,50,700
750,200,2,1.32936,0.883608,13,57,1.5,0,300,450
750,118,1,1.23884,1.53472,6,59,1,-1,350,400
750,382,1,0.691275,0.477861,30,59,1,-1,150,600
750,119,1,0.66551,0.442904,35,62,1,1,350,400
750,920,2,1.46534,1.30421,14,-0.5,2.5,0,0,750
750,508,1,0.49432,0.244352,46,1,2,1,100,650
750,672,1,0.515562,0.265804,44,2,2,-1,50,700
750,509,1,0.275204,0.0757371,26,5,2,1,100,650
750,383,1,0.660889,0.436775,0,6,2,-1,150,600
750,510,1,0.309083,0.0955325,42,17,2,1,100,650
750,673,1,0.220388,0.0485709,47,17,2,-1,50,700
750,674,1,0.587137,0.344729,60,19,2,-1,50,700
750,306,1,0.815586,0.66518,45,26,2,-1,200,550
750,202,1,0.271609,0.0737716,25,27,2,1,300,450
750,675,1,0.401803,0.161446,3,28,2,-1,50,700
750,921,1,0.395488,0.156411,2,30,2,1,0,750
750,204,1,0.399099,0.15928,48,30,2,1,300,450
750,384,1,0.955077,0.912172,56,32,2,-1,150,600
750,32,1,0.564794,0.318992,21,34,2,1,450,300
750,511,4,1.80963,0.968488,52.75,37.75,2.5,-2,100,650
750,385,2,1.13272,0.663895,57.5,59,2,0,150,600
750,922,1,0.676509,0.457664,17,1,3,1,0,750
750,34,3,1.16802,0.488162,7.66667,5.66667,4,-1,450,300
750,923,1,0.585585,0.34291,5,8,3,-1,0,750
750,924,1,0.795519,0.632851,42,32,3,1,0,750
750,676,1,0.396212,0.156984,54,35,3,-1,50,700
750,121,1,0.933037,0.870558,14,36,3,-1,350,400
750,925,1,0.574087,0.329575,14,38,3,-1,0,750
750,926,1,0.547795,0.300079,62,45,3,-1,0,750
750,122,1,0.384437,0.147792,58,50,3,-1,350,400
750,386,1,0.555062,0.308093,11,55,3,1,150,600
750,927,1,0.366228,0.134123,62,61,3,1,0,750
750,677,1,0.298539,0.0891255,40,62,3,1,50,700
750,123,1,0.297715,0.0886341,49,63,3,-1,350,400
750,206,1,0.484756,0.234989,37,3,4,-1,300,450
750,513,1,0.651892,0.424963,12,9,4,-1,100,650
750,38,1,0.426334,0.18176,33,16,4,-1,450,300
750,387,1,0.530835,0.281785,59,25,4,1,150,600
750,928,1,0.609778,0.371829,20,26,4,1,0,750
750,678,1,0.103463,0.0107045,61,26,4,-1,50,700
750,209,1,0.582079,0.338815,0,27,4,-1,300,450
750,679,1,0.405824,0.164693,42,27,4,1,50,700
750,929,1,0.706851,0.499638,20,28,4,1,0,750
750,388,1,0.224844,0.0505546,25,28,4,1,150,600
750,680,1,0.785707,0.617335,53,30,4,-1,50,700
750,681,1,0.946384,0.895643,55,30,4,-1,50,700
750,930,1,0.433575,0.187987,19,35,4,-1,0,750
750,125,1,0.341436,0.116579,56,40,4,1,350,400
750,682,1,0.697532,0.486551,53,41,4,1,50,700
750,269,2,0.910948,0.498223,61,41,4.5,0,250,500
750,389,1,0.743946,0.553455,28,42,4,-1,150,600
750,308,1,0.700143,0.4902,44,42,4,-1,200,550
750,390,1,0.633109,0.400827,33,43,4,1,150,600
750,210,1,0.74442,0.554161,25,44,4,-1,300,450
750,35,1,0.591354,0.3497,5,47,4,1,450,300
750,931,1,0.679019,0.461067,35,54,4,1,0,750
750,683,1,0.442302,0.195631,31,61,4,1,50,700
750,69,1,0.211625,0.0447849,40,6,5,-1,400,350
750,684,2,1.11956,0.792983,44.5,13,5,0,50,700
750,532,1,0.556638,0.309845,33,18,5,1,100,650
750,36,1,0.360734,0.130129,58,19,5,1,450,300
750,392,1,0.532398,0.283448,16,21,5,-1,150,600
750,70,1,0.307849,0.0947712,42,24,5,1,400,350
750,207,2,1.28991,0.832735,61.5,33.5,5,0,300,450
750,932,3,1.59065,1.11802,-0.666667,36.3333,6,-1,0,750
750,685,1,0.779243,0.60722,59,41,5,1,50,700
750,686,1,0.975676,0.951944,11,42,5,-1,50,700
750,523,2,1.60364,1.29013,61.5,46,5,0,100,650
750,933,3,1.53176,0.788746,27.3333,49.3333,5.33333,-1,0,750
750,934,1,0.22265,0.0495728,17,50,5,-1,0,750
750,935,1,0.666592,0.444345,37,51,5,-1,0,750
750,514,1,0.456303,0.208212,52,53,5,1,100,650
750,936,1,0.29597,0.0875984,59,54,5,-1,0,750
750,270,2,1.67649,1.43634,17,55,5.5,0,250,500
750,937,1,0.461655,0.213125,21,3,6,1,0,750
750,515,1,0.709104,0.502829,25,6,6,-1,100,650
750,271,1,0.857911,0.736011,59,6,6,1,250,500
750,391,1,0.19865,0.0394617,51,7,6,1,150,600
750,687,1,0.514231,0.264433,57,9,6,-1,50,700
750,520,1,0.315095,0.0992851,60,16,6,1,100,650
750,208,3,2.19178,1.61699,5.33333,18.6667,6,-1,300,450
750,516,2,1.68886,1.43137,1,24.5,6,0,100,650
750,212,1,0.826975,0.683888,28,24,6,1,300,450
750,938,2,1.42898,1.02122,44.5,24,6,0,0,750
750,939,1,0.260826,0.0680303,3,26,6,1,0,750
750,940,2,0.75438,0.2959,45.5,45,6,0,0,750
750,941,1,0.687952,0.473278,23,46,6,-1,0,750
750,211,2,1.25315,0.815324,50,56.5,6.5,0,300,450
750,126,1,1.04233,1.08645,34,59,6,-1,350,400
750,272,2,0.978036,0.53413,27,1.5,7,0,250,500
750,942,1,0.631392,0.398655,13,4,7,1,0,750
750,688,1,0.713351,0.50887,26,12,7,1,50,700
750,37,1,0.617118,0.380835,1,13,7,1,450,300
750,689,2,0.777921,0.362634,46.5,13,7,0,50,700
750,1,1,0.316555,0.100207,31,16,7,1,500,250
750,700,1,1.24564,1.55162,34,20,7,1,50,700
750,127,1,0.681622,0.464609,14,21,7,1,350,400
750,943,1,0.174131,0.0303217,17,21,7,1,0,750
750,691,2,1.53781,1.18291,60.5,21.5,7.5,0,50,700
750,944,2,1.2451,0.789945,28,26.5,7,0,0,750
750,128,1,0.699415,0.489181,34,28,7,-1,350,400
750,517,1,0.684076,0.46796,25,31,7,-1,100,650
750,945,1,0.510562,0.260674,55,32,7,-1,0,750
750,946,1,0.701802,0.492526,24,50,7,-1,0,750
750,518,1,0.219655,0.0482482,31,51,7,-1,100,650
750,309,1,1.06962,1.14409,48,56,7,1,200,550
750,311,1,0.685654,0.470121,53,56,7,1,200,550
750,519,1,0.457619,0.209415,39,61,7,-1,100,650
750,947,1,0.134713,0.0181477,61,61,7,1,0,750
750,690,1,0.534651,0.285852,46,2,8,1,50,700
750,312,1,0.74954,0.56181,7,4,8,-1,200,550
750,530,1,0.383552,0.147112,61,14,8,-1,100,650
750,948,1,0.472859,0.223595,2,16,8,1,0,750
750,521,1,0.345614,0.119449,10,18,8,-1,100,650
750,949,2,1.22377,0.753401,23.5,18.5,8,0,0,750
750,950,1,0.468748,0.219724,38,21,8,1,0,750
750,310,2,1.29397,1.0169,13.5,26.5,8.5,0,200,550
750,692,1,0.734302,0.5392,61,33,8,-1,50,700
750,213,1,0.242133,0.0586286,11,35,8,-1,300,450
750,393,1,1.02432,1.04923,25,36,8,-1,150,600
750,133,1,0.235814,0.0556082,22,41,8,-1,350,400
750,398,1,1.1187,1.2515,27,43,8,-1,150,600
750,951,1,0.160175,0.0256561,61,48,8,1,0,750
750,693,1,0.721722,0.520883,43,51,8,1,50,700
750,214,4,2.54915,2.14695,52.25,51.75,8.5,0,300,450
750,694,1,0.626556,0.392573,1,0,9,-1,50,700
750,524,3,3.29273,4.29596,26.3333,0.666667,10,-1,100,650
750,525,1,0.525819,0.276485,18,4,9,-1,100,650
750,695,1,1.1593,1.34398,62,4,9,-1,50,700
750,394,1,0.448131,0.200821,31,7,9,-1,150,600
750,952,1,1.02481,1.05024,58,13,9,-1,0,750
750,696,1,0.718533,0.51629,35,14,9,-1,50,700
750,699,2,1.05589,0.559506,49,18.5,9.5,0,50,700
750,397,1,0.842161,0.709235,27,35,9,-1,150,600
750,526,2,1.66892,1.42321,13,36,9.5,0,100,650
750,527,2,1.29524,0.842905,9,38.5,9.5,0,100,650
750,533,2,1.18262,0.741968,59.5,41.5,9.5,0,100,650
750,71,1,0.386801,0.149615,11,42,9,1,400,350
750,528,1,0.262108,0.0687004,30,45,9,1,100,650
750,0,1,0.359103,0.128955,17,48,9,1,500,250
750,274,1,0.735698,0.541252,19,52,9,-1,250,500
750,697,1,1.1301,1.27712,52,54,9,1,50,700
750,953,1,0.307381,0.094483,54,54,9,1,0,750
750,72,1,0.691271,0.477855,1,62,9,-1,400,350
750,529,1,0.615278,0.378567,26,63,9,-1,100,650
750,954,1,0.955438,0.912862,8,4,10,1,0,750
750,77,3,0.842032,0.29205,27.3333,10.6667,11,1,400,350
750,698,1,0.647928,0.419811,62,13,10,-1,50,700
750,395,1,0.368712,0.135948,22,14,10,-1,150,600
750,396,1,0.625448,0.391185,39,14,10,-1,150,600
750,273,1,0.364792,0.133073,31,17,10,1,250,500
750,955,2,1.04018,0.54104,34,19.5,10,0,0,750
750,531,1,0.957529,0.916863,5,20,10,1,100,650
750,215,1,0.779608,0.607789,16,28,10,-1,300,450
750,701,1,0.299624,0.0897746,14,30,10,1,50,700
750,405,1,0.633057,0.400761,18,33,10,1,150,600
750,956,2,0.767858,0.295,38,33.5,10,0,0,750
750,545,2,0.903444,0.658631,27.5,37,10.5,0,100,650
750,957,1,0.450909,0.203319,49,40,10,-1,0,750
750,958,1,0.52978,0.280666,25,42,10,1,0,750
750,703,1,0.522928,0.273454,62,43,10,-1,50,700
750,76,2,0.651568,0.219494,13,45.5,10,0,400,350
750,540,3,1.93564,1.26264,59.3333,44.3333,11,1,100,650
750,129,1,0.400614,0.160492,14,51,10,-1,350,400
750,959,2,1.0007,0.505943,16,53.5,10,0,0,750
750,130,2,1.14602,0.673464,20,1,11.5,0,350,400
750,534,1,0.539111,0.29064,31,1,11,-1,100,650
750,313,1,0.836392,0.699552,22,2,11,-1,200,550
750,399,1,0.532329,0.283375,56,2,11,-1,150,600
750,131,2,1.80466,1.65417,52,4.5,11,0,350,400
750,73,1,0.657066,0.431735,13,22,11,1,400,350
750,314,2,0.885077,0.41606,39.5,24,11.5,0,200,550
750,960,1,1.59088,2.53091,17,30,11,1,0,750
750,132,1,0.242362,0.0587394,49,31,11,1,350,400
750,961,1,0.420129,0.176508,40,34,11,1,0,750
750,702,1,0.294472,0.0867138,47,34,11,-1,50,700
750,134,2,1.19808,0.732199,2.5,39.5,11,0,350,400
750,535,1,0.619565,0.38386,22,39,11,-1,100,650
750,543,3,2.13789,1.57762,29.3333,44.3333,12,1,100,650
750,962,1,0.356164,0.126853,59,50,11,-1,0,750
750,963,1,0.598094,0.357716,2,52,11,-1,0,750
750,536,2,2.81896,4.29365,20.5,60,11,0,100,650
750,537,1,0.774093,0.59922,5,61,11,1,100,650
750,712,1,0.378334,0.143137,12,0,12,-1,50,700
750,704,1,0.718746,0.516597,42,3,12,1,50,700
750,137,1,0.64852,0.420578,15,9,12,-1,350,400
750,401,2,1.26874,0.807618,17,9.5,12.5,0,150,600
750,276,1,0.361123,0.13041,49,10,12,-1,250,500
750,538,2,1.2546,0.793786,42.5,15.5,12.5,2,100,650
750,74,1,1.04393,1.0898,63,18,12,1,400,350
750,964,1,0.620017,0.384421,6,19,12,-1,0,750
750,965,1,0.707279,0.500244,58,22,12,-1,0,750
750,539,1,0.524523,0.275124,6,23,12,-1,100,650
750,966,1,0.344663,0.118792,37,25,12,-1,0,750
750,135,1,0.780905,0.609813,60,28,12,-1,350,400
750,400,1,0.631213,0.39843,43,29,12,1,150,600
750,75,2,1.52898,1.1713,53.5,32,12,0,400,350
750,548,1,0.272594,0.0743076,19,33,12,1,100,650
750,967,2,0.672853,0.308559,24,36.5,12.5,0,0,750
750,715,1,0.428079,0.183252,35,37,12,1,50,700
750,315,1,0.690651,0.476999,13,45,12,-1,200,550
750,968,1,0.918581,0.843791,62,47,12,1,0,750
750,136,2,1.14762,0.686623,33.5,49,12,0,350,400
750,969,1,0.613122,0.375918,0,51,12,1,0,750
750,216,1,0.558533,0.311959,12,51,12,1,300,450
750,970,1,0.743892,0.553376,15,51,12,1,0,750
750,705,1,0.673369,0.453426,59,61,12,1,50,700
750,278,1,0.722255,0.521652,23,62,12,1,250,500
750,217,1,0.493787,0.243825,31,62,12,-1,300,450
750,541,1,0.659584,0.435052,4,1,13,1,100,650
750,141,1,1.04094,1.08355,54,2,13,1,350,400
750,971,1,0.482792,0.233088,4,3,13,1,0,750
750,706,1,1.07548,1.15665,4,7,13,1,50,700
750,707,1,0.501044,0.251045,19,8,13,1,50,700
750,972,1,1.30927,1.71418,21,8,13,-1,0,750
750,973,1,0.659832,0.435379,61,16,13,-1,0,750
750,402,1,0.450194,0.202675,58,29,13,1,150,600
750,974,1,0.384651,0.147957,48,31,13,1,0,750
750,544,1,1.13462,1.28736,36,32,13,-1,100,650
750,542,1,0.347117,0.120491,57,32,13,1,100,650
750,975,1,0.154628,0.0239098,26,42,13,-1,0,750
750,708,1,0.574456,0.329999,7,44,13,1,50,700
750,976,1,0.699609,0.489452,15,48,13,1,0,750
750,138,1,0.965171,0.931556,54,56,13,-1,350,400
750,218,1,0.616099,0.379578,14,63,13,-1,300,450
750,709,1,0.750586,0.563379,21,0,14,-1,50,700
750,977,1,0.577368,0.333353,6,11,14,1,0,750
750,403,1,0.56416,0.318276,28,11,14,1,150,600
750,319,1,0.906509,0.821759,51,11,14,-1,200,550
750,275,1,0.549363,0.3018,10,12,14,-1,250,500
750,404,2,1.4637,1.09535,47.5,26,14,0,150,600
750,978,1,0.67006,0.44898,34,29,14,1,0,750
750,710,1,0.492228,0.242288,30,32,14,1,50,700
750,979,1,0.405645,0.164548,26,36,14,-1,0,750
750,546,1,0.33636,0.113138,49,47,14,1,100,650
750,711,1,0.277598,0.0770605,0,56,14,-1,50,700
750,139,1,0.397791,0.158238,21,56,14,1,350,400
750,407,1,0.834346,0.696133,23,56,14,1,150,600
750,316,2,1.90843,1.89845,16,58.5,14.5,0,200,550
750,413,1,0.649558,0.421926,24,59,14,1,150,600
750,317,2,1.48488,1.10679,28,60.5,14.5,0,200,550
750,721,1,0.753347,0.567531,11,0,15,-1,50,700
750,980,1,0.928159,0.861479,26,0,15,-1,0,750
750,713,1,0.721218,0.520155,40,1,15,1,50,700
750,547,2,1.35907,0.9842,63,4.5,15,0,100,650
750,3,2,1.39384,1.00868,24.5,7.5,15,0,500,250
750,318,1,0.683045,0.466551,33,7,15,1,200,550
750,280,2,1.321,0.994614,16,12,15.5,0,250,500
750,140,1,0.697261,0.486173,48,13,15,-1,350,400
750,714,1,1.14614,1.31364,0,23,15,1,50,700
750,2,1,0.392828,0.154313,22,24,15,1,500,250
750,981,1,0.37261,0.138838,20,31,15,-1,0,750
750,982,1,0.978709,0.957871,36,36,15,-1,0,750
750,221,1,0.682359,0.465614,1,40,15,-1,300,450
750,219,1,1.02869,1.05821,22,42,15,-1,300,450
750,39,1,0.667768,0.445913,1,47,15,-1,450,300
750,716,1,0.580527,0.337012,9,50,15,1,50,700
750,549,1,0.261454,0.0683582,51,55,15,1,100,650
750,717,1,0.49298,0.243029,43,63,15,1,50,700
750,983,2,0.918998,0.46474,54,3.5,16,0,0,750
750,408,1,0.662318,0.438665,28,5,16,1,150,600
750,149,2,1.31302,0.862392,61.5,5,16.5,0,350,400
750,78,2,1.38964,1.05742,14.5,6,16,0,400,350
750,550,2,1.84263,1.77224,36.5,6,16,0,100,650
750,984,1,0.319309,0.101958,63,11,16,-1,0,750
750,551,1,0.616961,0.38064,53,13,16,-1,100,650
750,40,1,0.561334,0.315096,4,17,16,-1,450,300
750,718,1,0.852037,0.725967,6,18,16,-1,50,700
750,324,1,1.18554,1.4055,29,22,16,1,200,550
750,406,2,1.42274,1.01803,45,31,16.5,0,150,600
750,719,1,0.478174,0.22865,55,31,16,1,50,700
750,320,1,0.37563,0.141098,60,42,16,-1,200,550
750,985,1,0.414021,0.171413,44,46,16,-1,0,750
750,552,2,0.602581,0.185371,19,50.5,16,0,100,650
750,142,1,0.337146,0.113667,39,52,16,1,350,400
750,321,2,0.862177,0.399964,6.5,54.5,16,0,200,550
750,557,1,0.406257,0.165045,25,55,16,-1,100,650
750,720,1,0.45746,0.20927,59,60,16,-1,50,700
750,986,3,2.82539,2.69553,11,0.333333,17.6667,1,0,750
750,553,2,0.934462,0.528675,12.5,4.5,17,0,100,650
750,409,2,1.23678,0.792622,25.5,6,17,0,150,600
750,722,1,0.612044,0.374598,24,8,17,1,50,700
750,145,3,1.94522,1.39829,14,9.33333,17.6667,-1,350,400
750,322,2,1.10925,0.63569,31,13.5,17.5,-2,200,550
750,220,1,0.577935,0.334009,47,13,17,-1,300,450
750,143,1,0.316077,0.0999044,21,17,17,1,350,400
750,277,1,0.617466,0.381264,62,18,17,-1,250,500
750,323,1,0.774374,0.599655,23,22,17,1,200,550
750,410,1,0.388917,0.151257,31,23,17,1,150,600
750,554,1,0.298778,0.0892681,59,23,17,1,100,650
750,987,1,0.673865,0.454093,31,25,17,1,0,750
750,411,1,0.72739,0.529096,55,26,17,1,150,600
750,988,1,0.769941,0.59281,30,27,17,-1,0,750
750,989,1,0.30403,0.092434,21,31,17,-1,0,750
750,412,1,0.552698,0.305475,0,38,17,-1,150,600
750,990,1,0.818215,0.669476,52,38,17,-1,0,750
750,147,7,4.09386,2.53631,43,50.8571,18.2857,3,350,400
750,723,1,0.6711,0.450375,5,51,17,-1,50,700
750,4,1,0.558819,0.312279,49,51,17,-1,500,250
750,724,1,0.790851,0.625445,1,52,17,1,50,700
750,991,1,0.435851,0.189966,49,54,17,1,0,750
750,144,2,1.52872,1.19045,19,57.5,17,0,350,400
750,992,1,0.575025,0.330654,23,58,17,1,0,750
750,555,1,0.176718,0.0312294,12,59,17,1,100,650
750,993,1,0.384238,0.147639,7,0,18,1,0,750
750,994,1,0.574655,0.330228,4,1,18,1,0,750
750,560,1,0.612498,0.375154,15,12,18,1,100,650
750,327,1,0.721267,0.520226,22,26,18,1,200,550
750,556,2,0.957426,0.499859,46.5,37.5,18.5,0,100,650
750,41,3,1.20405,0.62252,45.6667,41.3333,18,-1,450,300
750,727,1,0.482568,0.232872,18,42,18,-1,50,700
750,146,1,0.305479,0.0933173,38,49,18,-1,350,400
750,995,1,0.577342,0.333323,23,53,18,1,0,750
750,325,1,0.803497,0.645607,18,61,18,-1,200,550
750,996,1,0.493168,0.243215,4,63,18,1,0,750
750,148,2,1.33721,0.928994,58,3.5,19,0,350,400
750,997,2,1.25784,1.00251,63,4.5,19,0,0,750
750,326,2,1.28875,0.850221,47,9.5,19.5,0,200,550
750,558,1,0.624635,0.390169,20,12,19,-1,100,650
750,998,1,1.67296,2.79881,12,15,19,-1,0,750
750,725,1,0.638313,0.407444,19,16,19,-1,50,700
750,279,2,0.863574,0.389319,41,16.5,19,2,250,500
750,85,1,0.761332,0.579627,54,18,19,-1,400,350
750,222,3,0.682016,0.261292,45.6667,19.3333,19.6667,-1,300,450
750,564,1,0.192925,0.0372199,12,25,19,-1,100,650
750,559,1,0.484837,0.235067,20,25,19,-1,100,650
750,726,1,0.591914,0.350363,50,25,19,1,50,700
750,5,2,1.62326,1.50428,58.5,28.5,19.5,0,500,250
750,999,1,0.500715,0.250716,24,31,19,-1,0,750
750,1000,1,1.67171,2.79463,8,38,19,-1,0,750
750,42,1,0.748799,0.5607,48,41,19,-1,450,300
750,1001,1,0.731764,0.535478,17,44,19,1,0,750
750,565,1,0.810691,0.657219,35,46,19,1,100,650
750,1002,1,0.433561,0.187975,41,46,19,1,0,750
750,732,4,2.56376,1.85605,58.75,50.25,20.5,0,50,700
750,224,2,1.77859,1.59045,17,52,19.5,0,300,450
750,566,1,0.525129,0.27576,57,53,19,1,100,650
750,1003,1,0.373605,0.139581,58,63,19,-1,0,750
750,154,1,0.181029,0.0327716,18,13,20,1,350,400
750,223,1,0.618398,0.382416,39,14,20,1,300,450
750,561,1,0.298554,0.0891344,37,15,20,1,100,650
750,1004,1,0.388843,0.151199,59,16,20,-1,0,750
750,150,2,0.917742,0.430796,24.5,23,20,0,350,400
750,79,1,0.343743,0.118159,50,30,20,1,400,350
750,728,1,0.721804,0.521,44,31,20,-1,50,700
750,1005,1,0.559339,0.31286,27,32,20,1,0,750
750,729,1,0.880799,0.775807,32,38,20,-1,50,700
750,562,1,0.0898135,0.00806647,53,50,20,-1,100,650
750,1006,1,0.637176,0.405993,30,55,20,1,0,750
750,1007,1,0.308115,0.0949349,60,18,21,1,0,750
750,152,1,0.523178,0.273716,54,19,21,-1,350,400
750,563,2,1.23141,0.758253,46,22.5,21,0,100,650
750,414,1,0.952516,0.907286,27,23,21,-1,150,600
750,1008,1,0.782915,0.612955,12,27,21,1,0,750
750,419,1,0.614506,0.377617,26,28,21,1,150,600
750,730,2,1.62772,1.44309,43.5,33,21,0,50,700
750,416,2,1.79897,1.72606,61,33,21.5,0,150,600
750,1009,2,1.79344,1.69086,38.5,40,21,-2,0,750
750,281,1,0.226527,0.0513143,58,40,21,-1,250,500
750,1010,1,0.190887,0.036438,46,43,21,1,0,750
750,1011,1,0.415328,0.172497,37,48,21,-1,0,750
750,731,2,0.863906,0.453507,11.5,50,21,0,50,700
750,567,1,0.667744,0.445882,13,59,21,-1,100,650
750,1012,1,0.620859,0.385466,4,5,22,-1,0,750
750,1013,1,0.581021,0.337586,34,7,22,-1,0,750
750,733,1,1.08868,1.18522,11,8,22,-1,50,700
750,283,2,1.24449,1.0787,18,11.5,22,0,250,500
750,6,2,1.27977,0.917824,34,15.5,22,0,500,250
750,282,1,0.673014,0.452947,54,15,22,-1,250,500
750,415,1,0.414245,0.171599,30,16,22,-1,150,600
750,44,1,0.528315,0.279117,45,26,22,1,450,300
750,574,3,1.76282,1.06883,24.3333,28,22.6667,1,100,650
750,80,1,0.446508,0.19937,57,28,22,1,400,350
750,748,1,0.769372,0.591933,22,29,22,1,50,700
750,43,1,0.84482,0.713722,7,32,22,-1,450,300
750,330,1,0.541967,0.293728,12,32,22,1,200,550
750,734,1,0.532854,0.283933,34,41,22,-1,50,700
750,735,1,0.676155,0.457186,56,52,22,1,50,700
750,84,3,2.41707,2.09013,55,59.3333,23,1,400,350
750,151,1,0.695039,0.48308,4,62,22,1,350,400
750,1014,1,0.511375,0.261504,43,62,22,-1,0,750
750,1015,1,0.540227,0.291845,46,62,22,-1,0,750
750,417,1,0.65569,0.42993,56,8,23,1,150,600
750,418,2,1.0053,0.526044,51.5,9,23,0,150,600
750,329,1,0.833281,0.694358,11,20,23,-1,200,550
750,422,1,1.08223,1.17122,48,23,23,-1,150,600
750,81,1,0.473727,0.224418,15,24,23,1,400,350
750,225,1,0.772712,0.597084,16,27,23,1,300,450
750,226,1,0.618115,0.382067,45,28,23,-1,300,450
750,420,3,1.66404,1.09871,14.3333,32.3333,23.3333,1,150,600
750,424,1,0.517216,0.267512,58,32,23,-1,150,600
750,736,1,0.384285,0.147675,24,34,23,-1,50,700
750,1016,1,0.453789,0.205925,25,37,23,1,0,750
750,82,1,0.327558,0.107294,21,40,23,-1,400,350
750,568,1,0.797082,0.63534,57,40,23,1,100,650
750,1017,1,1.31658,1.73338,25,41,23,1,0,750
750,569,1,0.573348,0.328728,58,44,23,1,100,650
750,83,1,0.367151,0.1348,29,49,23,-1,400,350
750,155,1,0.809801,0.655777,36,51,23,-1,350,400
750,737,1,0.590002,0.348102,42,54,23,1,50,700
750,423,4,2.00187,1.14199,58.25,61.5,23.75,0,150,600
750,7,1,0.781249,0.610351,49,7,24,-1,500,250
750,738,1,0.676023,0.457007,55,12,24,-1,50,700
750,575,2,1.33545,0.934628,17,13,24.5,0,100,650
750,753,1,0.363856,0.132391,34,14,24,1,50,700
750,1018,2,1.25833,0.829974,54.5,19,24,0,0,750
750,570,2,1.37838,0.967171,32.5,28,24,0,100,650
750,739,1,0.92971,0.864361,63,29,24,1,50,700
750,740,1,0.374794,0.140471,38,30,24,1,50,700
750,332,1,0.650753,0.423479,10,32,24,-1,200,550
750,421,1,0.430481,0.185314,60,37,24,1,150,600
750,571,1,0.385641,0.148719,23,46,24,-1,100,650
750,759,1,0.241439,0.058293,24,49,24,1,50,700
750,153,1,0.361431,0.130632,7,52,24,1,350,400
750,228,2,1.13069,0.669446,34,54.5,24,0,300,450
750,741,2,1.37437,0.944751,55,54.5,24,0,50,700
750,742,1,0.344891,0.11895,50,57,24,1,50,700
750,572,1,0.469581,0.220506,35,60,24,-1,100,650
750,752,2,1.45759,1.19349,47,5,25.5,0,50,700
750,743,1,0.409033,0.167308,9,6,25,1,50,700
750,744,1,0.256021,0.0655469,4,9,25,-1,50,700
750,745,1,0.467027,0.218114,4,14,25,-1,50,700
750,573,1,0.957889,0.917551,29,14,25,1,100,650
750,746,2,1.52615,1.39513,59,14.5,25,0,50,700
750,747,1,0.372854,0.13902,10,22,25,-1,50,700
750,1019,1,0.214884,0.0461751,36,24,25,1,0,750
750,1020,1,0.601354,0.361627,50,24,25,1,0,750
750,1021,3,1.76273,1.1244,22.3333,29.6667,25.3333,1,0,750
750,331,2,1.03882,0.539723,51,29.5,25,0,200,550
750,749,2,1.55,1.21191,8,34.5,25,0,50,700
750,583,1,1.17558,1.38198,21,34,25,-1,100,650
750,1022,1,1.49666,2.24,3,45,25,-1,0,750
750,1023,1,0.322786,0.104191,38,50,25,-1,0,750
750,1024,1,0.607931,0.36958,27,54,25,-1,0,750
750,284,1,0.943688,0.890546,17,55,25,-1,250,500
750,580,1,1.06716,1.13884,12,56,25,-1,100,650
750,227,1,0.935163,0.87453,0,59,25,-1,300,450
750,1025,1,0.585071,0.342308,3,59,25,-1,0,750
750,750,1,1.16543,1.35822,24,62,25,-1,50,700
750,751,1,0.572624,0.327899,48,2,26,1,50,700
750,156,1,0.657909,0.432845,55,2,26,1,350,400
750,581,1,0.479109,0.229545,29,5,26,1,100,650
750,1026,1,1.27164,1.61706,42,9,26,-1,0,750
750,86,1,0.780831,0.609697,48,11,26,1,400,350
750,577,1,0.346604,0.120134,19,15,26,-1,100,650
750,1027,1,0.2284,0.0521665,35,15,26,1,0,750
750,584,1,1.19706,1.43296,42,15,26,-1,100,650
750,1028,1,0.564836,0.31904,55,18,26,1,0,750
750,576,1,0.534285,0.285461,22,19,26,-1,100,650
750,8,2,1.15481,0.667095,39,19.5,26,0,500,250
750,578,2,1.08146,0.588277,14,19.5,26.5,0,100,650
750,754,1,0.218767,0.047859,25,22,26,-1,50,700
750,1029,1,0.665999,0.443554,56,33,26,1,0,750
750,333,2,0.945476,0.459673,15,41.5,26.5,0,200,550
750,755,1,1.08698,1.18153,2,50,26,1,50,700
750,425,2,1.61992,1.39148,19,1.5,27.5,0,150,600
750,426,2,1.72338,1.57595,0,5.5,27,0,150,600
750,1030,1,0.557757,0.311093,23,7,27,1,0,750
750,582,1,1.60352,2.57127,59,11,27,1,100,650
750,756,1,0.299567,0.0897405,22,15,27,-1,50,700
750,1031,1,0.0859886,0.00739404,1,18,27,1,0,750
750,92,2,1.22584,0.757997,52,20.5,27,0,400,350
750,1032,1,0.389129,0.151421,1,26,27,1,0,750
750,87,1,0.452885,0.205105,60,31,27,1,400,350
750,428,1,0.539943,0.291539,60,33,27,1,150,600
750,95,3,2.51146,2.67948,18.6667,35.6667,28,-1,400,350
750,1033,1,0.613303,0.37614,26,36,27,-1,0,750
750,579,2,1.04952,0.569021,57.5,40,27,0,100,650
750,1034,1,0.314137,0.0986823,20,42,27,-1,0,750
750,757,1,0.24938,0.0621902,54,45,27,1,50,700
750,758,1,0.521641,0.272109,34,46,27,-1,50,700
750,1035,1,0.990181,0.980458,23,48,27,-1,0,750
750,760,1,0.931439,0.867579,14,54,27,-1,50,700
750,1036,1,0.897405,0.805335,35,55,27,-1,0,750
750,1037,2,1.38459,0.959997,47.5,58,27,0,0,750
750,335,1,0.693082,0.480363,57,58,27,1,200,550
750,1038,1,0.432177,0.186777,17,62,27,-1,0,750
750,1039,1,0.489011,0.239131,55,62,27,-1,0,750
750,93,1,0.464858,0.216093,59,62,27,-1,400,350
750,1040,1,0.803655,0.645862,43,0,28,-1,0,750
750,334,1,0.0855421,0.00731745,55,3,28,-1,200,550
750,1041,1,0.324778,0.105481,58,3,28,-1,0,750
750,761,2,1.12136,0.894254,30,6,28.5,0,50,700
750,157,1,0.637192,0.406013,62,6,28,1,350,400
750,88,1,0.310498,0.0964088,55,7,28,-1,400,350
750,1042,2,1.81818,1.73811,55.5,10.5,28,0,0,750
750,9,2,1.68417,1.62598,7.5,10.5,28.5,0,500,250
750,285,3,1.81902,1.48813,9.33333,12,28.6667,-1,250,500
750,89,1,1.35597,1.83865,43,21,28,-1,400,350
750,427,1,0.725347,0.526128,3,22,28,-1,150,600
750,158,2,0.704453,0.259495,10,29,28.5,0,350,400
750,90,1,0.841063,0.707387,16,32,28,1,400,350
750,762,1,0.286237,0.0819318,62,35,28,-1,50,700
750,1043,1,0.592206,0.350707,7,39,28,-1,0,750
750,432,1,0.374914,0.140561,47,42,28,-1,150,600
750,586,1,0.595916,0.355116,14,43,28,1,100,650
750,160,1,0.488528,0.238659,28,44,28,-1,350,400
750,159,2,0.832568,0.373217,8,51,28.5,0,350,400
750,763,1,0.482585,0.232889,57,56,28,-1,50,700
750,1044,1,0.798362,0.637381,50,63,28,1,0,750
750,91,1,0.741026,0.54912,23,2,29,1,400,350
750,337,1,0.299647,0.0897885,13,4,29,-1,200,550
750,1045,1,0.638671,0.407901,47,9,29,-1,0,750
750,587,3,2.32967,1.91314,11.3333,16,30,1,100,650
750,764,4,2.63949,1.77398,43,16.25,29.5,2,50,700
750,585,4,2.54488,2.06378,13.25,19,30.25,2,100,650
750,765,1,1.53206,2.3472,49,20,29,1,50,700
750,766,1,0.61486,0.378052,37,24,29,-1,50,700
750,429,1,0.611906,0.374429,44,26,29,-1,150,600
750,767,1,0.595668,0.354821,46,26,29,-1,50,700
750,1046,1,0.947731,0.898193,43,28,29,-1,0,750
750,768,2,1.99163,1.98647,33.5,29,29,0,50,700
750,769,1,0.827456,0.684683,49,33,29,-1,50,700
750,770,1,1.21,1.4641,4,35,29,-1,50,700
750,96,1,0.721697,0.520846,36,42,29,1,400,350
750,286,1,0.726078,0.527189,12,51,29,1,250,500
750,430,1,0.482675,0.232975,46,54,29,-1,150,600
750,1047,1,0.229269,0.0525642,46,56,29,-1,0,750
750,10,1,0.497342,0.247349,26,58,29,1,500,250
750,233,1,0.305232,0.0931663,28,58,29,1,300,450
750,431,2,0.986427,0.658697,27.5,61,29,0,150,600
750,1048,1,0.837511,0.701425,44,61,29,1,0,750
750,1049,1,0.272483,0.0742472,22,62,29,-1,0,750
750,1050,1,0.635027,0.403259,60,62,29,1,0,750
750,336,1,0.260798,0.0680156,9,5,30,-1,200,550
750,45,1,0.857226,0.734837,18,5,30,1,450,300
750,1051,2,1.16326,0.73786,12,6.5,30,0,0,750
750,771,1,0.935524,0.875205,14,23,30,1,50,700
750,772,1,0.572764,0.328058,27,26,30,1,50,700
750,779,1,0.579817,0.336188,32,33,30,1,50,700
750,230,3,1.44864,0.707254,34,35.6667,30,-1,300,450
750,46,4,2.02964,1.13347,45.75,40,30.25,2,450,300
750,588,2,1.96721,2.12692,38.5,40,30,0,100,650
750,773,2,1.24201,0.827333,30,42.5,30,2,50,700
750,782,2,1.26688,0.802818,12,43.5,30,0,50,700
750,774,1,1.07442,1.15438,48,43,30,1,50,700
750,1052,1,0.361709,0.130833,62,56,30,-1,0,750
750,433,1,0.351015,0.123212,1,1,31,1,150,600
750,435,4,3.89961,4.55524,21,4,32.25,0,150,600
750,161,2,1.3453,0.990723,49,6,31.5,0,350,400
750,287,2,1.35789,0.946277,26.5,12,31,0,250,500
750,231,1,0.826472,0.683056,40,21,31,1,300,450
750,166,1,0.797858,0.636578,63,23,31,-1,350,400
750,232,2,1.22923,0.88359,22.5,25.5,31.5,0,300,450
750,12,1,0.610127,0.372255,31,30,31,1,500,250
750,776,1,0.656607,0.431133,45,33,31,1,50,700
750,94,1,0.541055,0.292741,53,35,31,1,400,350
750,1053,2,0.997135,0.509888,18,38.5,31.5,0,0,750
750,1054,1,1.25301,1.57003,22,43,31,1,0,750
750,340,1,0.786726,0.618937,35,44,31,1,200,550
750,162,1,0.35139,0.123475,43,51,31,1,350,400
750,338,2,0.513508,0.134021,49,52,31.5,0,200,550
750,1055,1,0.138947,0.0193064,49,55,31,1,0,750
750,1056,1,0.477675,0.228174,28,56,31,1,0,750
750,1057,1,0.330689,0.109355,20,57,31,-1,0,750
750,1058,1,0.624898,0.390497,45,58,31,-1,0,750
750,777,3,1.49585,0.787947,8.66667,59.6667,31,1,50,700
750,1059,1,0.468525,0.219516,28,61,31,-1,0,750
750,1060,1,0.646441,0.417886,28,63,31,-1,0,750
750,234,2,0.874936,0.395131,4.5,7,32,0,300,450
750,339,2,1.35967,0.944008,23.5,8.5,32.5,0,200,550
750,13,1,0.44288,0.196143,43,10,32,-1,500,250
750,594,1,0.765573,0.586102,36,18,32,-1,100,650
750,1061,1,0.806818,0.650954,7,25,32,1,0,750
750,47,5,4.24042,4.71619,47.4,27.8,32.4,1,450,300
750,778,1,0.608657,0.370463,61,30,32,-1,50,700
750,1062,1,0.756997,0.573045,30,32,32,1,0,750
750,1063,1,0.686575,0.471386,32,32,32,1,0,750
750,780,1,0.378107,0.142965,37,42,32,1,50,700
750,781,1,0.426909,0.182252,50,42,32,1,50,700
750,589,2,1.94815,2.87599,58,42,32.5,0,100,650
750,1064,1,0.250352,0.0626762,15,44,32,-1,0,750
750,1065,1,0.860176,0.739903,25,53,32,-1,0,750
750,1066,2,1.66918,1.45776,35,54,32.5,0,0,750
750,341,2,1.70848,1.59694,3.5,60,32,0,200,550
750,434,2,1.30867,1.16295,0,61,32.5,0,150,600
750,783,2,1.3383,0.901234,10,0.5,33,0,50,700
750,592,1,0.47953,0.229949,23,2,33,-1,100,650
750,288,2,1.71068,1.47696,27.5,5.5,33.5,-2,250,500
750,15,3,2.35857,2.08438,35.6667,9.66667,34,1,500,250
750,1067,1,0.346351,0.119959,41,9,33,-1,0,750
750,786,2,0.970257,0.470854,20,14.5,33.5,0,50,700
750,775,1,0.449464,0.202018,14,16,33,-1,50,700
750,163,2,1.07439,0.637649,56,21.5,33,0,350,400
750,1068,1,0.891831,0.795362,32,24,33,1,0,750
750,1069,1,0.909545,0.827272,38,26,33,1,0,750
750,438,1,0.566118,0.32049,54,29,33,-1,150,600
750,784,1,0.785882,0.61761,50,33,33,-1,50,700
750,342,1,0.957278,0.916381,9,36,33,1,200,550
750,436,1,0.662526,0.438941,26,36,33,1,150,600
750,164,1,0.750048,0.562572,47,38,33,-1,350,400
750,14,1,0.678855,0.460844,62,38,33,-1,500,250
750,48,1,0.70353,0.494955,41,45,33,1,450,300
750,343,1,0.93356,0.871534,57,47,33,-1,200,550
750,1070,1,1.20586,1.45411,37,51,33,-1,0,750
750,591,1,0.565892,0.320234,41,62,33,1,100,650
750,1071,1,0.696911,0.485685,20,1,34,1,0,750
750,165,1,0.623834,0.389168,39,2,34,1,350,400
750,437,1,0.657501,0.432307,61,3,34,-1,150,600
750,785,1,1.06606,1.13649,47,8,34,-1,50,700
750,593,1,0.39969,0.159752,60,8,34,-1,100,650
750,791,1,0.868985,0.755135,37,15,34,-1,50,700
750,787,2,0.624241,0.205726,39.5,15.5,34.5,0,50,700
750,1072,1,0.666934,0.444801,63,25,34,-1,0,750
750,1073,2,1.95553,1.9204,46,30.5,34,-2,0,750
750,1074,1,0.605683,0.366852,62,31,34,-1,0,750
750,168,1,0.140831,0.0198334,9,39,34,1,350,400
750,788,2,0.833922,0.371091,45,39.5,34,0,50,700
750,595,1,0.490776,0.240861,34,46,34,1,100,650
750,1075,1,0.338146,0.114343,59,50,34,1,0,750
750,444,1,0.809364,0.655069,44,51,34,1,150,600
750,601,1,1.14586,1.31301,20,62,34,-1,100,650
750,289,1,0.253805,0.0644168,37,63,34,-1,250,500
750,596,2,1.25184,0.965218,11.5,4,35.5,0,100,650
750,789,2,0.88983,0.399038,6.5,6,35,0,50,700
750,1076,2,1.12778,0.668245,4.5,10,35.5,2,0,750
750,790,1,0.357542,0.127836,26,11,35,-1,50,700
750,1077,1,0.885968,0.784939,33,11,35,1,0,750
750,800,1,0.1614,0.02605,47,12,35,-1,50,700
750,1078,1,0.341126,0.116367,35,16,35,-1,0,750
750,344,1,0.720984,0.519818,20,18,35,1,200,550
750,597,1,0.611554,0.373999,20,20,35,1,100,650
750,99,1,0.866683,0.751139,57,26,35,-1,400,350
750,1079,1,0.399884,0.159907,44,27,35,-1,0,750
750,600,1,0.754159,0.568755,53,27,35,1,100,650
750,801,2,1.22452,0.844711,57,28.5,35,0,50,700
750,235,1,0.43668,0.19069,6,30,35,-1,300,450
750,1080,1,0.387457,0.150123,53,32,35,1,0,750
750,598,1,0.846944,0.717315,60,35,35,1,100,650
750,49,1,0.341358,0.116525,15,37,35,1,450,300
750,792,1,0.458694,0.2104,50,43,35,1,50,700
750,236,3,2.07964,1.53759,16,46.6667,35.6667,-1,300,450
750,599,3,1.13636,0.476876,42.3333,47.3333,35,1,100,650
750,51,3,2.20139,1.71821,9,49.3333,35.6667,1,450,300
750,97,1,0.585824,0.34319,48,49,35,-1,400,350
750,1081,1,1.24279,1.54452,26,52,35,-1,0,750
750,793,1,0.804808,0.647716,7,53,35,1,50,700
750,50,2,1.82331,1.69701,46.5,54.5,35,0,450,300
750,1082,1,0.754609,0.569435,0,55,35,-1,0,750
750,794,1,0.499462,0.249462,47,57,35,1,50,700
750,345,1,0.561041,0.314767,45,61,35,-1,200,550
750,98,4,2.20991,1.69562,15,62.75,36,0,400,350
750,171,2,1.42241,1.02746,0.5,12.5,36,0,350,400
750,1083,1,0.636686,0.40537,10,13,36,-1,0,750
750,445,2,1.24562,0.960802,22,16.5,36.5,0,150,600
750,439,1,0.508386,0.258457,16,19,36,1,150,600
750,18,1,0.432191,0.186789,53,25,36,-1,500,250
750,290,1,0.657813,0.432717,25,30,36,-1,250,500
750,795,1,0.57866,0.334847,8,33,36,-1,50,700
750,440,1,0.513405,0.263585,43,34,36,-1,150,600
750,167,1,0.417076,0.173953,0,37,36,1,350,400
750,796,1,0.628319,0.394784,42,37,36,1,50,700
750,239,1,0.334362,0.111798,53,38,36,1,300,450
750,797,1,0.350024,0.122517,30,42,36,1,50,700
750,101,2,0.77498,0.331157,46.5,50,36.5,0,400,350
750,798,1,0.309205,0.095608,20,51,36,-1,50,700
750,811,1,0.380551,0.144819,44,51,36,1,50,700
750,237,1,0.329191,0.108367,15,55,36,1,300,450
750,604,1,0.733955,0.53869,19,59,36,-1,100,650
750,1084,1,0.574126,0.329621,35,59,36,1,0,750
750,799,1,0.694038,0.481688,43,63,36,1,50,700
750,1085,1,0.634375,0.402432,26,1,37,1,0,750
750,806,1,0.587461,0.345111,48,1,37,-1,50,700
750,238,1,0.525565,0.276218,39,6,37,1,300,450
750,100,2,1.15687,0.674191,16,10,37.5,0,400,350
750,807,1,0.617126,0.380845,45,11,37,-1,50,700
750,1086,2,0.994653,0.555415,1,15,37.5,0,0,750
750,291,2,0.810062,0.328132,46.5,15,37,0,250,500
750,243,3,2.51067,2.31081,49.6667,21.3333,37,1,300,450
750,346,1,0.42607,0.181536,38,25,37,1,200,550
750,446,1,0.495323,0.245345,50,26,37,-1,150,600
750,292,1,0.843026,0.710693,14,27,37,-1,250,500
750,1087,1,0.794456,0.63116,57,27,37,1,0,750
750,53,1,0.664928,0.442129,10,29,37,1,450,300
750,1088,1,0.565596,0.319898,57,29,37,1,0,750
750,249,2,1.26624,0.847143,11.5,31.5,37.5,0,300,450
750,347,1,1.02664,1.05399,1,34,37,-1,200,550
750,802,2,1.0187,0.625246,10.5,37,37,0,50,700
750,441,1,0.414618,0.171908,48,38,37,-1,150,600
750,803,1,0.621102,0.385768,30,40,37,1,50,700
750,602,2,1.98847,1.99213,49,52.5,37,0,100,650
750,603,2,1.09453,0.60076,61,53,37.5,0,100,650
750,1089,1,0.7227,0.522295,34,55,37,1,0,750
750,804,1,0.440435,0.193983,23,56,37,1,50,700
750,442,1,0.672369,0.45208,54,58,37,-1,150,600
750,805,1,0.372632,0.138855,16,59,37,-1,50,700
750,348,3,2.00547,1.35242,4,62.3333,37.6667,1,200,550
750,1090,1,1.00781,1.01568,50,3,38,-1,0,750
750,1091,1,0.810569,0.657021,48,12,38,1,0,750
750,1092,1,0.888572,0.789559,10,16,38,1,0,750
750,17,1,0.554462,0.307428,55,19,38,1,500,250
750,443,1,0.555938,0.309067,7,22,38,1,150,600
750,1093,2,1.28181,0.899967,56,22,38.5,0,0,750
750,1094,1,0.733771,0.53842,5,23,38,-1,0,750
750,356,1,0.573329,0.328706,8,27,38,-1,200,550
750,808,1,0.426463,0.18187,51,28,38,1,50,700
750,16,2,1.11609,0.642541,25,34.5,38,0,500,250
750,809,1,0.255652,0.0653581,15,37,38,1,50,700
750,52,1,0.303451,0.0920826,34,39,38,1,450,300
750,349,1,0.291172,0.084781,39,40,38,-1,200,550
750,810,1,0.558721,0.312169,55,40,38,-1,50,700
750,448,1,0.684472,0.468502,44,48,38,-1,150,600
750,1095,1,0.61961,0.383916,42,53,38,-1,0,750
750,350,1,0.382061,0.145971,44,57,38,-1,200,550
750,1096,1,0.713839,0.509566,32,60,38,-1,0,750
750,1097,1,0.440761,0.19427,44,1,39,1,0,750
750,606,1,0.507835,0.257896,9,4,39,-1,100,650
750,605,1,0.242372,0.0587443,16,6,39,-1,100,650
750,1098,1,0.633803,0.401706,11,7,39,-1,0,750
750,607,1,0.656967,0.431605,22,18,39,-1,100,650
750,613,2,1.39868,1.17001,33.5,22,39,0,100,650
750,812,1,0.205854,0.0423757,17,23,39,-1,50,700
750,813,1,0.622487,0.38749,23,23,39,1,50,700
750,814,3,1.49229,0.871917,49.6667,24.6667,39.3333,-1,50,700
750,447,1,0.457087,0.208929,10,29,39,1,150,600
750,815,1,0.980695,0.961763,25,30,39,-1,50,700
750,816,1,0.84693,0.71729,14,31,39,1,50,700
750,817,1,0.963658,0.928637,50,34,39,-1,50,700
750,169,1,0.606739,0.368132,43,43,39,-1,350,400
750,240,1,0.406305,0.165084,35,48,39,-1,300,450
750,19,2,1.41095,1.00926,9,55.5,39,0,500,250
750,241,1,1.00458,1.00919,11,56,39,-1,300,450
750,1099,1,0.955563,0.9131,19,62,39,1,0,750
750,172,1,0.718996,0.516956,56,62,39,1,350,400
750,608,1,1.06375,1.13157,3,2,40,-1,100,650
750,609,1,0.235971,0.0556821,44,7,40,1,100,650
750,818,1,0.360515,0.129971,46,7,40,1,50,700
750,819,1,0.635913,0.404385,18,8,40,1,50,700
750,170,4,1.86707,0.933529,40.5,10,40.5,0,350,400
750,242,1,0.849528,0.721698,7,14,40,-1,300,450
750,1100,1,0.575881,0.331639,34,18,40,-1,0,750
750,610,1,0.856243,0.733152,48,21,40,1,100,650
750,820,1,0.572589,0.327858,9,25,40,1,50,700
750,821,1,0.513659,0.263846,30,25,40,-1,50,700
750,1101,1,0.512162,0.26231,14,26,40,1,0,750
750,351,2,1.62558,1.3356,34,27.5,40,0,200,550
750,822,2,1.08132,0.587041,7.5,30.5,40.5,0,50,700
750,1102,1,1.13056,1.27816,57,34,40,-1,0,750
750,823,1,0.510186,0.26029,44,50,40,1,50,700
750,1103,1,0.515436,0.265674,28,58,40,1,0,750
750,1104,1,0.28546,0.0814874,30,63,40,1,0,750
750,352,1,1.13399,1.28593,60,0,41,-1,200,550
750,824,1,0.389991,0.152093,30,4,41,1,50,700
750,353,1,0.45834,0.210075,52,10,41,-1,200,550
750,244,1,0.762163,0.580892,0,13,41,-1,300,450
750,293,1,0.333932,0.111511,1,19,41,-1,250,500
750,453,2,1.91649,1.92423,7,27.5,41,0,150,600
750,1105,1,0.305502,0.0933312,29,27,41,1,0,750
750,245,1,0.339729,0.115416,42,27,41,1,300,450
750,246,1,0.735284,0.540643,21,30,41,1,300,450
750,825,1,0.426109,0.181569,46,31,41,-1,50,700
750,826,1,0.479656,0.23007,50,34,41,-1,50,700
750,449,1,0.0867739,0.00752971,20,40,41,-1,150,600
750,611,2,1.0971,0.608111,17.5,41.5,41,0,100,650
750,1106,1,0.487553,0.237708,32,42,41,-1,0,750
750,618,2,1.72491,1.49079,42,61.5,41.5,0,100,650
750,102,2,0.457766,0.119399,22,0.5,42,0,400,350
750,1107,1,0.593237,0.35193,53,0,42,1,0,750
750,450,1,0.624207,0.389634,48,1,42,1,150,600
750,1108,1,0.374179,0.14001,61,2,42,-1,0,750
750,612,1,0.341265,0.116462,50,3,42,-1,100,650
750,827,2,1.53692,1.27232,42,6.5,42,-2,50,700
750,1109,1,1.01065,1.02142,32,22,42,1,0,750
750,828,1,0.465051,0.216273,44,22,42,-1,50,700
750,1110,1,0.331881,0.110145,43,25,42,1,0,750
750,354,1,0.448241,0.20092,19,27,42,-1,200,550
750,247,2,1.73663,1.64106,32,30.5,42.5,0,300,450
750,829,1,0.462932,0.214306,43,36,42,-1,50,700
750,830,1,0.384953,0.148188,24,38,42,-1,50,700
750,834,2,1.00249,0.507088,51,39.5,42,2,50,700
750,1111,1,0.655547,0.429742,36,41,42,-1,0,750
750,1112,1,0.562066,0.315918,28,42,42,1,0,750
750,248,2,1.06114,0.770847,52,44.5,42,0,300,450
750,1113,1,0.417577,0.174371,20,45,42,1,0,750
750,831,1,0.570614,0.325601,42,45,42,-1,50,700
750,614,1,0.27304,0.074551,38,46,42,-1,100,650
750,175,1,0.670733,0.449883,30,53,42,-1,350,400
750,832,1,0.779479,0.607588,44,55,42,1,50,700
750,355,2,1.22089,0.760351,47.5,56,42.5,0,200,550
750,454,1,0.348655,0.12156,12,58,42,1,150,600
750,294,1,0.684699,0.468813,58,61,42,-1,250,500
750,1114,1,0.651324,0.424223,36,7,43,1,0,750
750,615,1,0.386154,0.149115,3,11,43,1,100,650
750,1115,1,0.852731,0.727151,47,14,43,1,0,750
750,1116,1,0.819474,0.671538,60,17,43,-1,0,750
750,1117,1,0.324823,0.10551,38,19,43,1,0,750
750,451,1,0.704021,0.495645,51,22,43,-1,150,600
750,452,1,0.685742,0.470241,56,28,43,1,150,600
750,616,2,1.35858,0.92833,62,28.5,43,0,100,650
750,833,1,0.171652,0.0294643,11,29,43,-1,50,700
750,1118,1,0.455426,0.207413,53,40,43,-1,0,750
750,1119,1,0.562309,0.316192,50,43,43,-1,0,750
750,173,1,0.74512,0.555204,11,45,43,-1,350,400
750,250,1,0.488685,0.238813,2,50,43,-1,300,450
750,839,1,0.553704,0.306589,10,52,43,1,50,700
750,103,2,0.752527,0.284359,30.5,56.5,43.5,0,400,350
750,455,1,0.0964099,0.00929487,57,59,43,-1,150,600
750,107,1,0.614736,0.3779,38,63,43,1,400,350
750,174,2,1.41331,1.00776,10.5,0.5,44,0,350,400
750,835,1,0.921972,0.850033,23,5,44,-1,50,700
750,1120,1,0.213113,0.0454173,8,14,44,-1,0,750
750,104,2,1.57687,1.25613,4.5,20,44,0,400,350
750,836,3,1.82931,1.27828,39.6667,27.6667,44,1,50,700
750,837,1,0.659504,0.434946,8,28,44,1,50,700
750,105,3,2.60584,2.34922,11,36.3333,44.3333,1,400,350
750,357,1,0.753061,0.567101,29,50,44,-1,200,550
750,838,1,0.543885,0.295811,62,52,44,1,50,700
750,1121,1,0.466239,0.217379,11,55,44,1,0,750
750,840,2,1.40896,1.0425,26,55.5,44,0,50,700
750,460,1,0.961007,0.923534,0,60,44,-1,150,600
750,617,2,1.25468,0.834687,57.5,61,44,0,100,650
750,1122,1,0.382274,0.146134,0,62,44,-1,0,750
750,20,1,0.235938,0.0556669,44,63,44,1,500,250
750,176,1,0.523461,0.274012,53,63,44,1,350,400
750,849,1,0.691186,0.477738,56,2,45,-1,50,700
750,1123,1,1.00113,1.00226,36,10,45,1,0,750
750,1124,1,0.618451,0.382482,31,16,45,1,0,750
750,54,2,1.02812,0.555922,42,17.5,45,0,450,300
750,619,1,0.442676,0.195962,16,22,45,1,100,650
750,456,2,0.733997,0.293196,37,22.5,45,0,150,600
750,841,1,0.739413,0.546732,60,22,45,1,50,700
750,842,1,0.539981,0.291579,51,26,45,1,50,700
750,1125,1,0.391362,0.153164,61,27,45,1,0,750
750,106,2,1.07123,0.632628,57,33.5,45,0,400,350
750,623,3,2.1528,1.5894,0,34.3333,45.6667,-1,100,650
750,620,2,1.00511,0.519654,31.5,48.5,45.5,0,100,650
750,358,1,0.437108,0.191064,2,52,45,1,200,550
750,843,1,0.910805,0.829566,60,54,45,1,50,700
750,1126,1,0.486426,0.236611,36,61,45,1,0,750
750,465,1,0.265503,0.0704919,42,61,45,-1,150,600
750,457,2,1.68707,1.4641,10.5,0.5,46,0,150,600
750,1127,1,1.11444,1.24198,44,1,46,-1,0,750
750,458,2,1.3478,0.932476,36.5,4.5,46.5,0,150,600
750,1128,1,0.529303,0.280161,45,5,46,-1,0,750
750,621,1,0.55125,0.303876,49,9,46,-1,100,650
750,622,2,1.81301,1.68557,49,19,46.5,0,100,650
750,844,1,0.360471,0.129939,38,36,46,-1,50,700
750,459,1,0.71685,0.513874,45,50,46,-1,150,600
750,1129,1,0.343282,0.117843,44,53,46,-1,0,750
750,845,1,0.307158,0.0943457,55,54,46,1,50,700
750,846,1,0.520602,0.271027,15,55,46,1,50,700
750,1130,1,0.234718,0.0550927,21,56,46,1,0,750
750,1131,2,1.65331,1.50341,1,61,46.5,0,0,750
750,630,1,0.724548,0.52497,40,61,46,1,100,650
750,847,1,0.8368,0.700234,8,62,46,-1,50,700
750,1132,1,0.53942,0.290974,14,10,47,-1,0,750
750,1133,2,0.772231,0.312888,7,12.5,47,0,0,750
750,461,1,0.317763,0.100973,51,14,47,1,150,600
750,1134,1,1.04116,1.08401,46,21,47,1,0,750
750,21,1,0.294854,0.0869392,15,22,47,-1,500,250
750,1135,1,0.43514,0.189347,53,23,47,1,0,750
750,1136,1,0.169883,0.0288604,3,28,47,1,0,750
750,624,2,1.09791,0.614516,61,32.5,47,0,100,650
750,1137,1,0.261481,0.0683722,34,33,47,-1,0,750
750,462,1,0.991439,0.982952,47,42,47,-1,150,600
750,627,4,3.62118,3.62546,4.75,49.5,47.75,0,100,650
750,463,4,2.34041,1.7148,0,50.25,47.25,0,150,600
750,848,1,0.996688,0.993388,28,57,47,1,50,700
750,108,1,0.551301,0.303933,33,0,48,-1,400,350
750,1138,1,1.17923,1.39057,56,1,48,1,0,750
750,177,1,0.451949,0.204257,57,6,48,1,350,400
750,253,3,1.7773,1.06401,54.6667,7.66667,48.3333,1,300,450
750,359,4,2.77638,2.20032,31,9.5,48.25,2,200,550
750,625,1,0.562584,0.316501,44,11,48,-1,100,650
750,362,1,0.76049,0.578345,35,22,48,-1,200,550
750,251,2,1.48517,1.10328,35.5,27,48.5,0,300,450
750,178,1,0.288518,0.0832427,58,29,48,1,350,400
750,464,1,0.879588,0.773675,41,30,48,-1,150,600
750,850,1,0.708149,0.501475,13,36,48,1,50,700
750,360,1,0.156469,0.0244826,5,42,48,1,200,550
750,626,1,0.133255,0.0177569,18,43,48,1,100,650
750,295,1,0.285234,0.0813586,49,46,48,1,250,500
750,851,1,0.70293,0.49411,19,48,48,1,50,700
750,852,1,0.402851,0.162289,27,49,48,1,50,700
750,853,1,0.556628,0.309835,57,53,48,-1,50,700
750,1139,1,0.634116,0.402103,10,61,48,-1,0,750
750,252,1,0.974688,0.950018,15,62,48,-1,300,450
750,628,1,0.743667,0.553041,25,63,48,-1,100,650
750,854,1,0.388458,0.1509,33,2,49,-1,50,700
750,1140,1,0.830656,0.689989,48,7,49,1,0,750
750,58,1,0.523735,0.274299,57,10,49,1,450,300
750,366,1,0.821482,0.674833,58,12,49,1,200,550
750,855,1,0.709438,0.503302,49,16,49,-1,50,700
750,470,1,0.306339,0.0938433,1,20,49,1,150,600
750,856,1,0.822049,0.675764,56,27,49,1,50,700
750,179,1,0.50271,0.252718,1,31,49,-1,350,400
750,1141,1,0.427225,0.182522,30,33,49,1,0,750
750,1142,1,1.07911,1.16448,23,34,49,1,0,750
750,864,2,1.05203,0.654652,62.5,39.5,49.5,0,50,700
750,629,1,0.917907,0.842553,21,42,49,1,100,650
750,857,2,0.802773,0.371387,23.5,43,49,0,50,700
750,361,1,0.842996,0.710643,23,48,49,1,200,550
750,55,1,0.470429,0.221303,58,49,49,-1,450,300
750,858,1,0.770031,0.592947,52,53,49,1,50,700
750,1143,1,0.814297,0.66308,41,59,49,1,0,750
750,859,1,0.804068,0.646525,53,4,50,1,50,700
750,468,1,0.960912,0.923351,41,7,50,-1,150,600
750,866,1,0.889859,0.791849,61,7,50,-1,50,700
750,181,1,0.281703,0.0793568,57,8,50,1,350,400
750,860,1,0.454548,0.206614,24,13,50,1,50,700
750,254,2,1.55398,1.32252,16.5,15,50,0,300,450
750,631,1,0.593999,0.352835,9,16,50,1,100,650
750,466,2,1.36166,0.963599,17.5,17.5,50,0,150,600
750,1144,1,0.769554,0.592214,30,18,50,1,0,750
750,110,1,0.638002,0.407047,52,18,50,-1,400,350
750,861,2,1.39746,1.1598,14.5,20.5,50,0,50,700
750,862,1,0.764767,0.584869,33,21,50,1,50,700
750,23,1,0.565501,0.319791,62,26,50,-1,500,250
750,467,1,0.420161,0.176535,49,33,50,-1,150,600
750,863,2,0.88877,0.446537,57,39,50.5,0,50,700
750,255,1,0.22029,0.0485276,49,44,50,1,300,450
750,865,2,0.754558,0.288875,49,46,50.5,2,50,700
750,1145,1,0.316211,0.0999894,63,47,50,-1,0,750
750,1146,1,0.482527,0.232833,7,59,50,-1,0,750
750,632,1,0.460158,0.211746,39,4,51,-1,100,650
750,363,2,1.08096,0.587049,10.5,6,51,0,200,550
750,1147,1,0.744061,0.553627,55,6,51,1,0,750
750,1148,1,0.435229,0.189424,26,8,51,1,0,750
750,469,1,0.393622,0.154938,1,9,51,-1,150,600
750,869,1,0.650842,0.423595,60,10,51,-1,50,700
750,641,1,0.507321,0.257374,55,11,51,1,100,650
750,473,1,0.26863,0.0721618,45,13,51,1,150,600
750,637,3,1.79491,1.20388,47.6667,15.3333,51,1,100,650
750,870,1,0.389167,0.151451,1,17,51,-1,50,700
750,873,1,0.455911,0.207855,26,21,51,1,50,700
750,22,2,1.49849,1.13624,12,26.5,51,0,500,250
750,633,2,1.42439,1.01446,24,26.5,51,0,100,650
750,57,2,1.32414,1.04794,60,26,51.5,0,450,300
750,638,1,0.67796,0.459629,20,40,51,1,100,650
750,867,1,0.31497,0.0992063,62,51,51,-1,50,700
750,364,2,0.825893,0.348924,35.5,54,51.5,-2,200,550
750,180,3,1.70898,1.29969,60.3333,56,51.3333,-1,350,400
750,296,1,0.973552,0.947803,56,56,51,1,250,500
750,257,2,1.59842,1.36266,17.5,61,51.5,0,300,450
750,871,4,2.2962,1.33795,58,5.5,52.75,0,50,700
750,868,1,0.712621,0.507829,18,8,52,1,50,700
750,876,2,1.38757,0.98903,57.5,11.5,52,0,50,700
750,476,1,0.230043,0.0529196,9,12,52,-1,150,600
750,182,1,0.286098,0.0818522,53,14,52,-1,350,400
750,1149,1,0.19802,0.0392119,3,19,52,1,0,750
750,1150,1,0.188735,0.0356207,8,20,52,1,0,750
750,56,1,0.949083,0.900759,57,21,52,-1,450,300
750,365,1,0.289457,0.0837856,55,22,52,1,200,550
750,634,1,0.30727,0.0944146,1,27,52,-1,100,650
750,24,1,0.269948,0.0728718,1,42,52,1,500,250
750,635,2,1.2743,1.0814,13,43.5,52,0,100,650
750,1151,1,0.367383,0.13497,57,43,52,1,0,750
750,471,3,2.07204,1.51336,53.3333,45,52,-1,150,600
750,472,1,0.958469,0.918663,56,53,52,-1,150,600
750,640,2,1.1918,0.749467,18,54,52.5,0,100,650
750,636,1,0.494216,0.244249,54,60,52,-1,100,650
750,109,1,0.85309,0.727763,33,0,53,1,400,350
750,1152,1,0.676764,0.458009,61,4,53,-1,0,750
750,1153,1,0.744087,0.553665,43,10,53,1,0,750
750,1154,1,1.17713,1.38563,45,16,53,1,0,750
750,872,1,0.334536,0.111915,52,18,53,-1,50,700
750,1155,1,0.920491,0.847303,27,19,53,1,0,750
750,1156,1,0.316627,0.100252,23,21,53,-1,0,750
750,1157,1,0.79057,0.625002,36,25,53,-1,0,750
750,256,1,0.717114,0.514252,20,26,53,-1,300,450
750,25,6,4.05927,2.94457,27.3333,28.1667,53.5,0,500,250
750,26,2,1.4102,1.08466,57,35.5,53,0,500,250
750,1158,1,0.96948,0.939891,34,38,53,1,0,750
750,1159,1,0.887397,0.787474,19,42,53,1,0,750
750,184,1,0.479855,0.230261,51,42,53,1,350,400
750,639,1,1.08469,1.17656,25,48,53,1,100,650
750,879,2,0.646766,0.209241,16.5,58.5,53,0,50,700
750,185,1,0.264064,0.0697296,3,60,53,-1,350,400
750,186,1,0.605667,0.366833,39,60,53,-1,350,400
750,474,1,0.424645,0.180323,28,63,53,1,150,600
750,369,1,0.491033,0.241113,38,3,54,1,200,550
750,874,1,0.902805,0.815056,29,6,54,-1,50,700
750,875,1,0.733447,0.537944,47,8,54,-1,50,700
750,475,1,0.234962,0.0552072,28,10,54,-1,150,600
750,881,5,2.06773,0.987284,56.2,11.2,54.2,1,50,700
750,189,5,1.97311,0.929991,35,12.8,55.2,1,350,400
750,1160,1,0.672572,0.452353,9,14,54,1,0,750
750,877,1,0.543971,0.295904,34,16,54,1,50,700
750,1161,1,0.573889,0.329348,4,17,54,1,0,750
750,297,3,1.26511,0.598285,62.6667,19,54,-1,250,500
750,258,1,1.12937,1.27549,8,23,54,-1,300,450
750,1162,1,0.711669,0.506473,4,24,54,-1,0,750
750,1163,1,0.623322,0.388531,21,28,54,-1,0,750
750,477,1,0.62638,0.392351,26,32,54,-1,150,600
750,478,3,1.82535,1.16871,55,36.3333,54.6667,1,150,600
750,1164,1,0.303138,0.0918929,52,44,54,1,0,750
750,27,4,2.36335,1.42781,52,50.5,55,0,500,250
750,28,1,0.775365,0.601191,24,53,54,-1,500,250
750,60,2,0.791708,0.323977,5.5,55.5,54.5,0,450,300
750,878,1,0.877436,0.769893,12,56,54,1,50,700
750,187,1,0.712696,0.507936,63,57,54,-1,350,400
750,1165,1,0.348012,0.121112,18,60,54,1,0,750
750,880,1,0.600715,0.360858,3,3,55,1,50,700
750,1166,2,0.731417,0.32561,27.5,4.5,55.5,0,0,750
750,367,1,0.329825,0.108785,4,10,55,-1,200,550
750,1167,1,0.423002,0.178931,56,14,55,1,0,750
750,882,1,0.869246,0.755589,18,24,55,1,50,700
750,1168,1,0.499974,0.249974,6,25,55,-1,0,750
750,188,1,0.702278,0.493195,11,26,55,-1,350,400
750,646,2,0.594819,0.184578,42,26.5,55.5,0,100,650
750,259,1,0.634679,0.402818,8,33,55,1,300,450
750,642,1,0.400801,0.160641,1,36,55,-1,100,650
750,883,1,0.359241,0.129054,51,36,55,-1,50,700
750,298,3,1.74414,1.01827,30,42.6667,55.6667,-1,250,500
750,1169,1,0.562439,0.316337,56,44,55,-1,0,750
750,1170,1,0.492634,0.242689,30,45,55,1,0,750
750,1171,1,1.66921,2.78627,56,51,55,-1,0,750
750,643,1,0.280819,0.0788593,57,58,55,-1,100,650
750,884,1,0.263019,0.0691788,9,59,55,1,50,700
750,644,1,0.671985,0.451564,40,61,55,-1,100,650
750,368,1,0.169866,0.0288544,4,62,55,1,200,550
750,59,1,0.483063,0.23335,45,1,56,1,450,300
750,645,1,0.586115,0.34353,38,6,56,1,100,650
750,885,1,0.141058,0.0198974,1,9,56,-1,50,700
750,191,2,1.32185,0.942024,45,13,56.5,0,350,400
750,370,1,0.424041,0.179811,17,20,56,-1,200,550
750,479,1,0.296542,0.087937,1,22,56,1,150,600
750,886,1,0.528194,0.278989,12,33,56,-1,50,700
750,647,2,0.979277,0.535081,41,33.5,56,0,100,650
750,887,1,0.348662,0.121565,42,38,56,-1,50,700
750,480,1,0.700702,0.490983,7,44,56,1,150,600
750,300,3,1.83748,1.17893,4.66667,53.6667,56.6667,-1,250,500
750,299,2,1.5861,1.27653,10,54.5,56,0,250,500
750,481,2,1.61043,1.30344,19.5,55.5,56.5,0,150,600
750,482,1,0.657421,0.432202,20,1,57,1,150,600
750,371,2,1.60475,1.36668,9,5.5,57,0,200,550
750,372,1,0.260686,0.0679571,19,8,57,-1,200,550
750,111,2,1.53429,1.18675,47.5,19.5,57,0,400,350
750,1172,1,0.756198,0.571835,40,22,57,1,0,750
750,888,1,0.374868,0.140526,0,31,57,-1,50,700
750,30,2,1.13888,0.650569,55,33,57.5,0,500,250
750,1173,1,0.22935,0.0526015,58,39,57,1,0,750
750,894,1,0.31216,0.0974437,38,40,57,-1,50,700
750,889,1,0.760317,0.578082,6,41,57,1,50,700
750,1174,1,0.469276,0.22022,23,51,57,-1,0,750
750,648,1,0.900599,0.811078,36,52,57,-1,100,650
750,890,1,0.623309,0.388514,12,53,57,1,50,700
750,112,2,2.03221,2.1082,23,5,58.5,0,400,350
750,484,2,1.03765,0.573499,58,5.5,58,0,150,600
750,891,1,0.868808,0.754828,37,7,58,-1,50,700
750,1175,1,0.39898,0.159185,50,8,58,-1,0,750
750,1176,1,0.443337,0.196547,0,10,58,1,0,750
750,1177,1,0.526075,0.276755,27,10,58,-1,0,750
750,1178,1,0.408527,0.166894,42,10,58,-1,0,750
750,190,2,0.727104,0.266288,5.5,14,58,0,350,400
750,192,1,0.454431,0.206507,17,14,58,-1,350,400
750,373,1,0.55633,0.309503,8,15,58,-1,200,550
750,374,1,0.821236,0.674429,25,18,58,1,200,550
750,113,1,0.960018,0.921635,39,18,58,-1,400,350
750,1179,2,0.619396,0.210316,38.5,25.5,58.5,2,0,750
750,892,1,1.03442,1.07003,62,25,58,1,50,700
750,260,3,1.54938,0.87833,32.6667,26,58.3333,1,300,450
750,29,1,0.426063,0.18153,21,30,58,-1,500,250
750,893,1,0.191446,0.0366517,25,35,58,1,50,700
750,68,3,1.25971,0.585504,59.3333,34.6667,59,1,450,300
750,1180,1,0.4146,0.171893,41,38,58,1,0,750
750,895,1,0.505141,0.255168,23,42,58,-1,50,700
750,302,2,1.61345,1.34508,13,44,58.5,0,250,500
750,649,1,0.738848,0.545896,28,50,58,-1,100,650
750,301,1,0.404603,0.163703,63,50,58,-1,250,500
750,115,1,0.502738,0.252746,7,54,58,1,400,350
750,485,1,0.271617,0.0737759,49,4,59,-1,150,600
750,494,1,0.378208,0.143041,60,6,59,-1,150,600
750,303,1,0.262215,0.0687565,10,9,59,-1,250,500
750,1181,2,1.00982,0.522081,46,12.5,59,0,0,750
750,650,1,0.55504,0.30807,58,13,59,-1,100,650
750,651,1,0.15957,0.0254626,25,16,59,1,100,650
750,114,3,2.54845,2.30663,43.6667,21,59.3333,-1,400,350
750,899,1,0.452459,0.204719,32,30,59,-1,50,700
750,61,1,0.840161,0.705871,7,33,59,1,450,300
750,896,1,0.723463,0.523399,2,38,59,1,50,700
750,31,1,0.650758,0.423485,26,38,59,1,500,250
750,1182,1,0.994334,0.988699,27,40,59,1,0,750
750,1183,1,0.855893,0.732552,19,41,59,-1,0,750
750,1184,1,0.530628,0.281566,42,41,59,1,0,750
750,652,1,0.215691,0.0465226,47,42,59,-1,100,650
750,375,1,0.493189,0.243236,2,45,59,-1,200,550
750,495,1,0.193934,0.0376103,26,45,59,-1,150,600
750,653,1,0.606302,0.367602,4,55,59,1,100,650
750,62,1,0.437148,0.191099,31,55,59,-1,450,300
750,376,3,1.79651,1.07983,46,54.3333,59.6667,1,200,550
750,654,1,0.465405,0.216601,9,56,59,1,100,650
750,657,2,1.1065,0.612673,59,63,59.5,0,100,650
750,486,1,0.615977,0.379428,23,0,60,1,150,600
750,1185,1,0.480325,0.230712,20,5,60,-1,0,750
750,63,1,0.470982,0.221824,38,11,60,-1,450,300
750,1186,2,0.842759,0.356314,53.5,13,60,0,0,750
750,489,1,0.795271,0.632456,61,13,60,1,150,600
750,487,1,1.12044,1.25539,18,16,60,1,150,600
750,897,1,0.559378,0.312903,41,18,60,-1,50,700
750,1187,1,0.922122,0.850309,41,20,60,-1,0,750
750,488,1,0.487016,0.237185,48,21,60,-1,150,600
750,655,1,0.272732,0.0743828,60,21,60,-1,100,650
750,1188,1,0.576893,0.332806,61,23,60,1,0,750
750,193,1,0.658221,0.433254,25,24,60,1,350,400
750,898,1,0.468313,0.219317,28,25,60,-1,50,700
750,261,1,0.33412,0.111636,6,31,60,-1,300,450
750,1189,1,0.806527,0.650486,31,32,60,1,0,750
750,64,1,0.822862,0.677102,12,34,60,1,450,300
750,1190,1,0.46428,0.215556,29,34,60,-1,0,750
750,194,1,0.841855,0.70872,56,34,60,-1,350,400
750,262,1,0.765106,0.585387,53,35,60,1,300,450
750,65,3,1.74544,1.05452,63,35.6667,60.3333,1,450,300
750,1191,1,0.675183,0.455872,29,42,60,-1,0,750
750,1192,1,0.625865,0.391707,31,44,60,1,0,750
750,656,1,0.773315,0.598016,16,53,60,1,100,650
750,66,1,0.679069,0.461135,21,57,60,1,450,300
750,67,1,0.794918,0.631894,36,60,60,-1,450,300
750,195,1,0.792374,0.627857,27,5,61,-1,350,400
750,196,1,0.285918,0.0817492,24,7,61,-1,350,400
750,659,1,0.361472,0.130662,61,7,61,-1,100,650
750,900,1,0.30672,0.0940775,11,8,61,-1,50,700
750,1193,1,0.212379,0.0451051,63,12,61,-1,0,750
750,901,3,1.49073,0.771232,28,13,61.6667,-1,50,700
750,906,1,0.577579,0.333598,19,14,61,-1,50,700
750,490,1,0.74306,0.552138,18,24,61,1,150,600
750,491,1,0.115932,0.0134403,21,34,61,1,150,600
750,264,1,0.848666,0.720234,37,35,61,-1,300,450
750,902,1,0.430908,0.185682,5,37,61,-1,50,700
750,903,1,0.441622,0.19503,11,37,61,-1,50,700
750,904,1,0.384644,0.147951,20,37,61,1,50,700
750,492,1,0.0713857,0.00509592,61,37,61,1,150,600
750,377,1,0.681384,0.464284,16,38,61,1,200,550
750,905,1,0.811372,0.658325,61,47,61,-1,50,700
750,493,1,0.665645,0.443083,38,52,61,-1,150,600
750,658,1,0.468134,0.219149,15,4,62,-1,100,650
750,1194,1,0.889018,0.790353,61,4,62,-1,0,750
750,263,1,0.611467,0.373891,42,8,62,-1,300,450
750,1195,1,0.396273,0.157032,17,13,62,1,0,750
750,1196,1,1.24639,1.55349,54,13,62,1,0,750
750,1197,1,1.68576,2.84179,29,26,62,-1,0,750
750,378,2,0.723925,0.370463,6.5,27,62,0,200,550
750,198,2,1.62509,1.35788,48.5,31,62,0,350,400
750,907,1,0.166437,0.0277013,62,34,62,1,50,700
750,1198,1,0.963097,0.927557,10,43,62,1,0,750
750,1199,1,0.631086,0.39827,24,46,62,1,0,750
750,660,1,0.691467,0.478127,44,59,62,-1,100,650
750,379,1,0.305729,0.0934704,18,61,62,-1,200,550
750,199,1,0.208624,0.0435238,40,61,62,-1,350,400
750,496,1,0.57278,0.328077,5,5,63,1,150,600
750,1200,1,0.726912,0.528401,23,5,63,-1,0,750
750,908,1,0.351175,0.123324,17,6,63,-1,50,700
750,1201,1,1.69812,2.8836,17,15,63,1,0,750
750,497,1,0.806485,0.650418,0,16,63,-1,150,600
750,909,1,0.6639,0.440763,48,21,63,-1,50,700
750,910,1,0.550106,0.302617,40,26,63,1,50,700
750,1202,1,0.507141,0.257192,57,26,63,-1,0,750
750,1203,1,0.985816,0.971833,31,32,63,1,0,750
750,911,1,1.0571,1.11745,37,33,63,-1,50,700
750,661,1,0.291828,0.0851636,53,36,63,1,100,650
750,662,1,0.278105,0.0773427,6,41,63,-1,100,650
750,663,1,0.643547,0.414153,52,43,63,1,100,650
750,499,1,0.99307,0.986187,7,46,63,-1,150,600
750,500,1,0.53234,0.283386,27,58,63,1,150,600
750,501,1,0.177074,0.0313554,57,59,63,1,150,600
750,502,1,0.757259,0.573441,37,60,63,-1,150,600
800,265,1,0.837251,0.70099,49,4,0,1,300,500
800,664,2,1.71799,1.54627,40,6,-0.5,0,100,700
800,268,1,1.0255,1.05166,29,11,0,1,300,500
800,912,1,0.473511,0.224213,10,12,0,1,50,750
800,1204,1,0.935975,0.87605,9,15,0,1,0,800
800,1205,2,0.835364,0.355011,0,16,-0.5,0,0,800
800,1206,1,0.710096,0.504236,28,19,0,-1,0,800
800,913,1,0.602016,0.362423,14,21,0,-1,50,750
800,304,1,0.604876,0.365875,56,21,0,1,250,550
800,201,4,3.17552,2.59724,59,22,0.5,0,350,450
800,914,1,0.51119,0.261316,27,23,0,-1,50,750
800,305,3,1.75027,1.07908,11,24,-1,-1,250,550
800,665,1,0.581439,0.338072,23,24,0,-1,100,700
800,503,2,1.11691,0.785925,36.5,24,-0.5,2,150,650
800,1207,1,0.500424,0.250424,6,25,0,1,0,800
800,120,2,1.03019,0.800612,40.5,26.5,-0.5,0,400,400
800,915,1,0.625444,0.391181,30,28,0,1,50,750
800,918,1,0.726755,0.528174,39,33,0,-1,50,750
800,124,3,1.75047,1.05212,53.3333,36,0,-1,400,400
800,1208,1,0.60348,0.364188,2,38,0,-1,0,800
800,504,1,0.700827,0.491158,31,38,0,1,150,650
800,666,3,2.78968,3.27441,4.33333,43.6667,-0.333333,-1,100,700
800,116,2,2.25513,2.54344,4,47.5,0,0,400,400
800,266,2,1.41781,1.18805,28,48.5,-0.5,0,300,500
800,916,2,1.57493,1.27983,30,49.5,-0.5,2,50,750
800,117,1,0.686839,0.471748,49,52,0,-1,400,400
800,1209,2,0.422042,0.106534,37.5,54,0,0,0,800
800,381,2,0.927802,0.43099,45.5,58,0,0,200,600
800,118,1,0.559758,0.313329,8,59,0,1,400,400
800,667,1,0.439294,0.192979,21,59,0,-1,100,700
800,205,4,2.1919,1.22984,14.5,61.75,-0.75,0,350,450
800,1210,2,1.18287,0.708888,-0.5,0,1,0,0,800
800,668,1,0.590015,0.348118,37,0,1,-1,100,700
800,267,1,0.3881,0.150621,61,1,1,-1,300,500
800,1211,1,0.400629,0.160504,30,9,1,-1,0,800
800,505,1,0.716267,0.513038,21,18,1,1,150,650
800,506,1,0.455038,0.20706,38,18,1,-1,150,650
800,1212,1,0.896858,0.804354,30,19,1,-1,0,800
800,669,1,0.538319,0.289788,58,20,1,1,100,700
800,70,3,1.98313,1.49953,40.6667,24,1.66667,-1,450,350
800,387,1,0.435087,0.189301,57,26,1,-1,200,600
800,307,1,0.569231,0.324024,0,27,1,1,250,550
800,675,3,1.66421,1.06957,2.33333,28,1.66667,1,100,700
800,1213,1,0.927627,0.860493,40,29,1,-1,0,800
800,203,1,0.665023,0.442256,4,30,1,-1,350,450
800,917,1,0.840909,0.707129,7,32,1,1,50,750
800,1214,1,0.613205,0.376021,36,33,1,-1,0,800
800,1215,1,0.4399,0.193512,43,37,1,1,0,800
800,919,1,0.407459,0.166023,21,39,1,1,50,750
800,33,2,1.52295,1.18372,49,43,1.5,0,500,300
800,507,1,0.356093,0.126803,13,44,1,-1,150,650
800,670,1,0.725755,0.52672,17,47,1,-1,100,700
800,671,1,0.9985,0.997001,27,54,1,1,100,700
800,200,2,0.807266,0.359929,13,57,1.5,0,350,450
800,1216,1,0.625605,0.391382,6,59,1,-1,0,800
800,382,1,0.559686,0.313249,30,59,1,-1,200,600
800,119,1,0.82053,0.67327,35,62,1,1,400,400
800,920,2,1.31254,0.93649,14,-0.5,2.5,0,50,750
800,508,1,0.319913,0.102345,46,1,2,1,150,650
800,672,1,0.287087,0.0824191,44,2,2,-1,100,700
800,509,1,0.123862,0.0153419,26,5,2,1,150,650
800,383,1,0.630073,0.396992,0,6,2,-1,200,600
800,1217,1,0.816988,0.66747,63,8,2,1,0,800
800,510,1,0.86726,0.75214,42,17,2,1,150,650
800,673,1,0.894747,0.800573,47,17,2,-1,100,700
800,674,4,3.22036,3.39586,58.5,18.25,2,2,100,700
800,1218,2,1.46884,1.13402,52,23,2.5,0,0,800
800,306,1,0.791251,0.626077,45,26,2,-1,250,550
800,202,1,0.570122,0.325039,25,27,2,1,350,450
800,921,1,0.438926,0.192656,2,30,2,1,50,750
800,204,1,0.903431,0.816187,48,30,2,1,350,450
800,384,1,0.389999,0.1521,56,32,2,-1,200,600
800,32,1,0.610152,0.372285,21,34,2,1,500,300
800,511,4,2.26647,1.58303,52.75,37.75,2.5,-2,150,650
800,926,3,2.39818,2.1324,62,45.3333,2.66667,1,50,750
800,385,3,1.34116,0.617921,57.6667,59,2.33333,-1,200,600
800,922,1,0.421378,0.177559,17,1,3,1,50,750
800,1219,1,0.768855,0.591137,62,1,3,1,0,800
800,1220,2,1.53335,1.35532,48,1.5,3.5,0,0,800
800,34,3,2.24416,2.09659,7.66667,5.66667,4,-1,500,300
800,923,1,0.387913,0.150476,5,8,3,-1,50,750
800,1221,1,1.79918,3.23706,56,15,3,-1,0,800
800,678,2,0.895821,0.413116,59,25,3.5,0,100,700
800,924,1,0.682086,0.465241,42,32,3,1,50,750
800,676,1,0.952278,0.906834,56,34,3,1,100,700
800,1222,1,0.673898,0.454138,54,35,3,-1,0,800
800,121,1,0.813915,0.662457,14,36,3,-1,400,400
800,925,2,1.47699,1.10876,14,38.5,3,0,50,750
800,1223,1,0.717134,0.514282,2,44,3,1,0,800
800,122,1,0.548632,0.300997,58,50,3,-1,400,400
800,386,1,0.56899,0.323749,11,55,3,1,200,600
800,931,1,0.110631,0.0122393,36,56,3,-1,50,750
800,1224,1,0.678397,0.460222,15,58,3,1,0,800
800,1225,1,1.05543,1.11393,12,60,3,-1,0,800
800,927,1,0.526993,0.277721,62,61,3,1,50,750
800,677,1,0.460419,0.211986,40,62,3,1,100,700
800,123,1,0.292612,0.0856219,49,63,3,-1,400,400
800,206,1,0.556642,0.30985,37,3,4,-1,350,450
800,513,1,0.564812,0.319012,12,9,4,-1,150,650
800,37,1,0.473525,0.224226,3,14,4,-1,500,300
800,38,1,0.42835,0.183484,33,16,4,-1,500,300
800,928,1,0.709304,0.503113,20,26,4,1,50,750
800,1226,1,0.644372,0.415215,61,26,4,-1,0,800
800,209,1,0.927912,0.861022,0,27,4,-1,350,450
800,679,1,0.968965,0.938893,42,27,4,1,100,700
800,929,1,0.999576,0.999152,20,28,4,1,50,750
800,388,1,0.310698,0.0965333,25,28,4,1,200,600
800,680,1,0.377287,0.142345,53,30,4,-1,100,700
800,681,1,0.636436,0.40505,55,30,4,-1,100,700
800,930,1,0.629028,0.395677,19,35,4,-1,50,750
800,125,1,0.607113,0.368586,56,40,4,1,400,400
800,682,1,0.363812,0.132359,53,41,4,1,100,700
800,269,2,1.02984,0.538156,61,41,4.5,0,300,500
800,686,1,0.301125,0.0906761,8,42,4,1,100,700
800,389,1,0.930967,0.8667,28,42,4,-1,200,600
800,308,1,1.11942,1.25311,44,42,4,-1,250,550
800,390,1,0.648395,0.420416,33,43,4,1,200,600
800,210,1,0.474155,0.224823,25,44,4,-1,350,450
800,35,1,0.629178,0.395865,5,47,4,1,500,300
800,935,2,1.56378,1.30259,35.5,53.5,4.5,0,50,750
800,683,1,0.622148,0.387068,31,61,4,1,100,700
800,1227,1,0.235551,0.0554841,11,0,5,1,0,800
800,69,1,0.537206,0.288591,40,6,5,-1,450,350
800,1228,1,0.937255,0.878446,5,8,5,-1,0,800
800,1229,1,0.970917,0.942679,3,9,5,-1,0,800
800,1230,1,0.926693,0.85876,0,11,5,-1,0,800
800,689,1,0.735366,0.540764,47,12,5,-1,100,700
800,684,2,1.23933,1.24104,44.5,13,5,0,100,700
800,532,1,0.354004,0.125319,33,18,5,1,150,650
800,36,2,1.53848,1.31641,57.5,18.5,5,0,500,300
800,392,1,0.486596,0.236776,16,21,5,-1,200,600
800,939,1,0.313236,0.0981166,4,23,5,1,50,750
800,938,1,1.15504,1.33411,42,24,5,1,50,750
800,1231,1,1.00534,1.01072,2,29,5,1,0,800
800,207,2,1.86649,1.76285,61.5,33.5,5,0,350,450
800,932,4,2.6994,1.93612,-0.75,36.75,5.75,0,50,750
800,1232,1,0.87875,0.772201,6,37,5,1,0,800
800,1233,1,0.616165,0.379659,33,40,5,1,0,800
800,685,1,0.69563,0.483901,59,41,5,1,100,700
800,1234,1,0.34653,0.120083,11,42,5,-1,0,800
800,1235,1,1.27712,1.63104,41,45,5,-1,0,800
800,523,3,1.80265,1.12944,61.6667,46.3333,5,-1,150,650
800,933,3,1.69435,1.04892,27.3333,49.3333,5.33333,-1,50,750
800,934,1,0.345237,0.119188,17,50,5,-1,50,750
800,1236,1,0.187497,0.0351551,37,51,5,-1,0,800
800,514,1,0.340698,0.116075,52,53,5,1,150,650
800,936,1,0.471185,0.222016,59,54,5,-1,50,750
800,270,2,1.55241,1.2384,17,55,5.5,0,300,500
800,1237,1,1.32294,1.75017,26,56,5,1,0,800
800,1238,1,0.377078,0.142187,49,63,5,-1,0,800
800,937,1,0.680429,0.462984,21,3,6,1,50,750
800,515,1,0.622999,0.388127,25,6,6,-1,150,650
800,271,1,0.88838,0.789218,59,6,6,1,300,500
800,391,1,0.305467,0.0933101,51,7,6,1,200,600
800,687,1,1.02806,1.0569,57,9,6,-1,100,700
800,688,1,0.610932,0.373237,28,11,6,-1,100,700
800,948,2,1.3091,0.856871,1.5,13,6.5,0,50,750
800,520,1,0.891312,0.794438,60,16,6,1,150,650
800,208,3,1.22651,0.651174,5.33333,18.6667,6,-1,350,450
800,516,2,1.32578,0.896953,1,24.5,6,0,150,650
800,212,1,0.619907,0.384285,28,24,6,1,350,450
800,1239,2,1.33077,1.0084,44.5,24,6,0,0,800
800,1240,1,0.933826,0.87203,3,26,6,1,0,800
800,1241,1,0.372231,0.138556,17,35,6,-1,0,800
800,398,1,0.607872,0.369509,28,40,6,1,200,600
800,940,2,0.78499,0.336634,45.5,45,6,0,50,750
800,941,1,0.456365,0.208269,23,46,6,-1,50,750
800,518,1,0.520465,0.270884,32,48,6,-1,150,650
800,211,2,0.686653,0.246288,50,56.5,6.5,0,350,450
800,126,1,0.725538,0.526406,34,59,6,-1,400,400
800,272,2,2.03751,2.10022,27,1.5,7,0,300,500
800,942,1,0.490558,0.240648,13,4,7,1,50,750
800,1242,1,0.553488,0.306349,26,12,7,1,0,800
800,1243,2,1.41317,0.999207,46.5,13,7,0,0,800
800,1,1,0.264331,0.069871,31,16,7,1,550,250
800,700,2,1.38139,0.955942,34,20.5,7,0,100,700
800,127,1,0.285106,0.0812856,14,21,7,1,400,400
800,943,1,0.714758,0.510879,17,21,7,1,50,750
800,691,2,1.22771,0.76948,60.5,21.5,7.5,0,100,700
800,944,2,0.944745,0.451293,28,26.5,7,0,50,750
800,128,1,0.635636,0.404033,34,28,7,-1,400,400
800,517,1,0.662126,0.438411,25,31,7,-1,150,650
800,945,1,0.465833,0.217001,55,32,7,-1,50,750
800,1244,1,0.248532,0.0617682,56,42,7,1,0,800
800,693,2,1.09491,0.619074,46.5,49.5,7,2,100,700
800,946,1,0.415967,0.173029,24,50,7,-1,50,750
800,1245,2,1.18532,0.730108,31,51.5,7,0,0,800
800,309,1,0.466234,0.217374,48,56,7,1,250,550
800,311,1,0.322897,0.104263,53,56,7,1,250,550
800,519,1,0.311211,0.0968522,39,61,7,-1,150,650
800,947,1,0.823792,0.678633,61,61,7,1,50,750
800,690,1,0.258455,0.0667988,46,2,8,1,100,700
800,312,1,0.602614,0.363144,7,4,8,-1,250,550
800,952,2,0.854618,0.365416,57.5,12.5,8.5,0,50,750
800,1246,1,0.590298,0.348452,3,14,8,-1,0,800
800,530,1,0.829871,0.688685,61,14,8,-1,150,650
800,1247,1,0.56465,0.318829,2,16,8,1,0,800
800,521,1,0.487248,0.237411,10,18,8,-1,150,650
800,949,2,1.45385,1.07221,23.5,18.5,8,0,50,750
800,950,1,0.705942,0.498355,38,21,8,1,50,750
800,310,2,1.24181,0.781838,13.5,26.5,8.5,0,250,550
800,692,1,0.287743,0.0827959,61,33,8,-1,100,700
800,213,1,0.8304,0.689565,11,35,8,-1,350,450
800,393,1,0.539685,0.29126,25,36,8,-1,200,600
800,133,1,0.467152,0.218231,22,41,8,-1,400,400
800,71,1,0.50404,0.254056,13,42,8,1,450,350
800,958,1,0.686619,0.471446,27,43,8,-1,50,750
800,951,1,0.128251,0.0164482,61,48,8,1,50,750
800,1248,2,1.54254,1.28755,43.5,50.5,8,0,0,800
800,214,4,2.12028,1.47724,52.25,51.75,8.5,0,350,450
800,694,1,0.717947,0.515448,1,0,9,-1,100,700
800,524,3,0.772022,0.225868,26.3333,0.666667,10,-1,150,650
800,525,2,0.816862,0.336328,18,4.5,9.5,0,150,650
800,695,2,1.27302,0.994118,62.5,4,9,0,100,700
800,394,1,0.357634,0.127902,31,7,9,-1,200,600
800,696,1,0.724236,0.524517,35,14,9,-1,100,700
800,699,2,1.17206,0.718901,49,18.5,9.5,0,100,700
800,75,2,1.07012,0.574815,56,31.5,9.5,2,450,350
800,397,1,0.318456,0.101414,27,35,9,-1,200,600
800,526,2,1.24822,0.922005,13,36,9.5,0,150,650
800,405,1,0.432016,0.186638,17,36,9,-1,200,600
800,1249,1,0.511228,0.261354,62,36,9,-1,0,800
800,527,2,1.23009,0.77393,9,38.5,9.5,0,150,650
800,533,2,1.00964,0.585986,59.5,41.5,9.5,0,150,650
800,1250,1,0.388577,0.150992,11,42,9,1,0,800
800,540,6,2.34706,0.974334,60.3333,44,10.3333,-2,150,650
800,528,1,0.211831,0.0448724,30,45,9,1,150,650
800,703,1,0.431255,0.185981,62,46,9,-1,100,700
800,0,1,0.449675,0.202208,17,48,9,1,550,250
800,274,1,0.856095,0.732899,19,52,9,-1,300,500
800,697,1,1.32513,1.75596,52,54,9,1,100,700
800,953,1,0.343548,0.118025,54,54,9,1,50,750
800,1251,1,0.519804,0.270196,7,56,9,1,0,800
800,217,1,0.359729,0.129405,33,61,9,-1,350,450
800,72,1,1.08091,1.16837,1,62,9,-1,450,350
800,1252,1,0.743129,0.552241,55,62,9,-1,0,800
800,529,1,0.470865,0.221714,26,63,9,-1,150,650
800,130,1,1.76279,3.10741,17,1,10,1,400,400
800,1253,1,0.302897,0.0917465,46,2,10,1,0,800
800,954,2,1.1632,0.823641,8.5,4,10,0,50,750
800,77,3,2.0966,1.47477,27.3333,10.6667,11,1,450,350
800,698,1,0.844767,0.713631,62,13,10,-1,100,700
800,395,1,0.419855,0.176278,22,14,10,-1,200,600
800,396,1,0.827329,0.684474,39,14,10,-1,200,600
800,273,1,0.396511,0.157221,31,17,10,1,300,500
800,955,2,1.07337,0.597304,34,19.5,10,0,50,750
800,531,1,0.703424,0.494805,5,20,10,1,150,650
800,215,1,0.644184,0.414973,16,28,10,-1,350,450
800,701,1,0.989335,0.978785,14,30,10,1,100,700
800,548,1,0.495688,0.245707,18,33,10,1,150,650
800,956,2,2.4409,3.02659,38,33.5,10,0,50,750
800,545,2,0.506373,0.133545,27.5,37,10.5,0,150,650
800,957,1,0.628906,0.395523,49,40,10,-1,50,750
800,975,1,0.278812,0.0777359,25,42,10,1,50,750
800,76,2,1.14338,0.729896,13,45.5,10,0,450,350
800,129,1,0.558866,0.312331,14,51,10,-1,400,400
800,959,2,0.743596,0.280486,16,53.5,10,0,50,750
800,537,2,0.831209,0.386747,4.5,60.5,10.5,0,150,650
800,705,1,1.05776,1.11886,59,60,10,1,100,700
800,313,2,1.07138,0.573934,20,1,11.5,0,250,550
800,534,1,0.415357,0.172521,31,1,11,-1,150,650
800,709,1,0.719865,0.518205,22,2,11,-1,100,700
800,399,1,0.794796,0.631701,56,2,11,-1,200,600
800,1254,1,0.419295,0.175809,60,3,11,-1,0,800
800,131,2,1.35757,1.0394,52,4.5,11,0,400,400
800,401,1,0.588532,0.34637,18,12,11,1,200,600
800,73,1,0.493543,0.243585,13,22,11,1,450,350
800,314,2,1.49708,1.19914,39.5,24,11.5,0,250,550
800,960,2,1.43135,1.02458,17.5,30,11,0,50,750
800,132,1,0.934812,0.873874,49,31,11,1,400,400
800,961,1,0.811118,0.657912,40,34,11,1,50,750
800,702,1,0.731672,0.535343,47,34,11,-1,100,700
800,134,2,1.50906,1.14403,2.5,39.5,11,0,400,400
800,535,1,0.635144,0.403408,22,39,11,-1,150,650
800,543,3,1.28132,0.651559,29.3333,44.3333,12,1,150,650
800,1255,1,0.62055,0.385083,28,49,11,-1,0,800
800,962,1,0.533176,0.284276,59,50,11,-1,50,750
800,963,1,0.501382,0.251383,2,52,11,-1,50,750
800,1256,1,0.90308,0.815554,41,59,11,-1,0,800
800,536,2,1.08534,0.610948,20.5,60,11,0,150,650
800,712,1,0.954284,0.910658,12,0,12,-1,100,700
800,704,1,0.257327,0.0662172,42,3,12,1,100,700
800,547,1,0.554958,0.307979,62,4,12,-1,150,650
800,137,1,0.571686,0.326824,15,9,12,-1,400,400
800,707,2,0.673377,0.264283,17,9.5,12.5,0,100,700
800,1257,1,1.01738,1.03506,58,9,12,-1,0,800
800,276,1,0.226579,0.0513378,49,10,12,-1,300,500
800,538,1,0.837809,0.701924,45,13,12,-1,150,650
800,1258,1,0.729596,0.532311,46,15,12,1,0,800
800,1259,2,1.53842,1.19662,42.5,15.5,12.5,2,0,800
800,74,1,0.4996,0.2496,63,18,12,1,450,350
800,964,1,0.616177,0.379674,6,19,12,-1,50,750
800,965,1,0.588348,0.346154,58,22,12,-1,50,750
800,539,1,0.598891,0.35867,6,23,12,-1,150,650
800,966,1,0.527018,0.277748,37,25,12,-1,50,750
800,135,2,1.93962,1.88264,60,28,12.5,0,400,400
800,400,1,0.819289,0.671235,43,29,12,1,200,600
800,974,1,1.17491,1.38041,51,31,12,-1,50,750
800,542,2,1.32242,0.951027,53.5,32,12,0,150,650
800,981,1,0.683869,0.467677,19,33,12,1,50,750
800,1260,1,0.703931,0.495518,12,36,12,-1,0,800
800,967,3,1.10473,0.481495,23.6667,36.6667,13,1,50,750
800,715,1,0.797765,0.636429,35,37,12,1,100,700
800,1261,1,0.700838,0.491174,43,43,12,1,0,800
800,1262,1,0.310608,0.0964776,46,44,12,1,0,800
800,315,1,0.446126,0.199029,13,45,12,-1,250,550
800,968,1,0.417859,0.174606,62,47,12,1,50,750
800,136,2,1.90448,1.92963,33.5,49,12,0,400,400
800,969,1,0.558025,0.311391,0,51,12,1,50,750
800,216,1,0.375113,0.14071,12,51,12,1,350,450
800,970,1,0.346364,0.119968,15,51,12,1,50,750
800,1263,1,0.487987,0.238131,47,58,12,-1,0,800
800,1264,1,0.80171,0.642739,59,61,12,1,0,800
800,278,1,0.451457,0.203814,23,62,12,1,300,500
800,1265,1,1.12235,1.25966,31,62,12,-1,0,800
800,541,1,0.564714,0.318902,4,1,13,1,150,650
800,141,1,0.216369,0.0468154,54,2,13,1,400,400
800,971,1,0.561276,0.315031,4,3,13,1,50,750
800,706,1,0.506802,0.256849,4,7,13,1,100,700
800,972,1,0.357559,0.127848,19,8,13,1,50,750
800,1266,1,0.306177,0.0937442,21,8,13,-1,0,800
800,973,1,0.330161,0.109006,61,16,13,-1,50,750
800,1267,1,1.05581,1.11474,60,23,13,-1,0,800
800,402,1,0.40827,0.166685,58,29,13,1,200,600
800,1268,1,0.975571,0.951738,48,31,13,1,0,800
800,544,2,2.01492,2.10047,36,32,13.5,0,150,650
800,719,1,0.436121,0.190201,57,32,13,1,100,700
800,1269,1,0.61243,0.375071,21,33,13,-1,0,800
800,1270,1,0.823032,0.677381,26,42,13,-1,0,800
800,1271,1,0.491799,0.241866,50,43,13,1,0,800
800,708,1,1.11172,1.23592,7,44,13,1,100,700
800,976,1,0.808127,0.653069,15,48,13,1,50,750
800,138,1,0.522461,0.272965,54,56,13,-1,400,400
800,218,1,0.750336,0.563004,14,63,13,-1,350,450
800,1272,1,0.740244,0.547961,21,0,14,-1,0,800
800,1273,1,0.915579,0.838285,48,4,14,-1,0,800
800,977,1,0.848199,0.719441,6,11,14,1,50,750
800,280,1,1.01466,1.02954,14,11,14,1,300,500
800,403,1,0.347464,0.120731,28,11,14,1,200,600
800,319,1,0.879104,0.772824,51,11,14,-1,250,550
800,275,1,0.712225,0.507265,10,12,14,-1,300,500
800,1274,1,0.512672,0.262833,17,17,14,-1,0,800
800,404,2,1.57319,1.27269,47.5,26,14,0,200,600
800,978,1,0.84149,0.708105,34,29,14,1,50,750
800,710,1,0.630002,0.396903,30,32,14,1,100,700
800,979,2,1.60509,1.36598,26,36.5,14.5,0,50,750
800,1275,1,1.37902,1.9017,18,37,14,-1,0,800
800,990,1,0.788329,0.621463,51,38,14,-1,50,750
800,1276,1,0.421543,0.177699,49,41,14,-1,0,800
800,546,1,0.405043,0.16406,48,45,14,-1,150,650
800,1277,1,0.491468,0.241541,49,47,14,1,0,800
800,716,1,0.628959,0.395589,7,48,14,1,100,700
800,711,1,0.171152,0.0292929,0,56,14,-1,100,700
800,139,1,0.351029,0.123221,21,56,14,1,400,400
800,407,1,0.41287,0.170462,23,56,14,1,200,600
800,316,2,1.00886,0.590093,16,58.5,14.5,0,250,550
800,413,1,0.823472,0.678107,24,59,14,1,200,600
800,317,2,1.08473,0.589915,28,60.5,14.5,0,250,550
800,721,1,0.518625,0.268972,11,0,15,-1,100,700
800,980,1,0.805787,0.649293,26,0,15,-1,50,750
800,713,1,0.360975,0.130303,40,1,15,1,100,700
800,149,2,1.82763,1.6717,63,4.5,15,0,400,400
800,3,5,2.77485,1.6604,24.4,7.8,15,-1,550,250
800,318,1,0.928572,0.862246,33,7,15,1,250,550
800,560,2,1.28069,0.820762,16,12,15.5,0,150,650
800,140,1,0.459828,0.211442,48,13,15,-1,400,400
800,1278,1,0.739366,0.546662,11,14,15,-1,0,800
800,324,2,1.09526,0.608437,29,22,15.5,0,250,550
800,714,1,0.508728,0.258804,0,23,15,1,100,700
800,2,1,0.274548,0.0753767,22,24,15,1,550,250
800,1279,1,0.799368,0.63899,62,29,15,-1,0,800
800,989,1,0.822024,0.675723,20,31,15,-1,50,750
800,982,1,0.538779,0.290282,36,36,15,-1,50,750
800,1280,1,0.686564,0.47137,41,39,15,1,0,800
800,221,1,0.535021,0.286248,1,40,15,-1,350,450
800,219,1,0.631056,0.398231,22,42,15,-1,350,450
800,1281,1,0.933331,0.871107,15,44,15,-1,0,800
800,39,1,0.718885,0.516796,1,47,15,-1,500,300
800,1282,3,2.77418,2.81181,9.33333,49.3333,15,-1,0,800
800,549,1,0.662221,0.438536,51,55,15,1,150,650
800,717,1,0.386671,0.149514,43,63,15,1,100,700
800,983,2,1.44724,1.10611,54,3.5,16,0,50,750
800,408,1,0.491398,0.241472,31,4,16,1,200,600
800,409,1,0.669299,0.447961,28,5,16,1,200,600
800,997,2,1.28079,0.983662,61.5,5,16.5,0,50,750
800,78,2,0.872936,0.381292,14.5,6,16,0,450,350
800,550,2,0.583846,0.171587,36.5,6,16,0,150,650
800,984,1,0.777788,0.604955,63,11,16,-1,50,750
800,551,1,0.488074,0.238216,53,13,16,-1,150,650
800,40,1,0.538076,0.289526,4,17,16,-1,500,300
800,718,1,0.755928,0.571427,6,18,16,-1,100,700
800,406,2,1.30843,0.955644,45,31,16.5,0,200,600
800,1283,1,0.860697,0.740799,55,31,16,1,0,800
800,1284,1,0.465082,0.216301,49,33,16,-1,0,800
800,1285,1,0.531503,0.282496,23,34,16,-1,0,800
800,1000,1,0.813718,0.662138,10,38,16,1,50,750
800,320,1,0.957185,0.916202,60,42,16,-1,250,550
800,985,1,0.586111,0.343527,44,46,16,-1,50,750
800,552,2,1.74682,1.52996,19,50.5,16,0,150,650
800,142,1,0.708365,0.501782,39,52,16,1,400,400
800,321,2,0.819601,0.342203,6.5,54.5,16,0,250,550
800,557,1,0.55769,0.311019,25,55,16,-1,150,650
800,720,1,0.929151,0.863322,59,60,16,-1,100,700
800,986,3,2.6017,2.31486,11,0.333333,17.6667,1,50,750
800,553,2,0.822417,0.367632,12.5,4.5,17,0,150,650
800,722,2,1.65726,1.49621,25.5,6,17,0,100,700
800,1286,1,0.418387,0.175048,24,8,17,1,0,800
800,145,4,2.57491,1.95369,14,9.5,17.5,-2,400,400
800,1287,1,0.76409,0.583834,26,12,17,-1,0,800
800,322,3,1.75156,1.2744,30.6667,13.3333,17.3333,-1,250,550
800,220,1,0.488771,0.238897,47,13,17,-1,350,450
800,143,1,0.31021,0.0962302,21,17,17,1,400,400
800,277,1,0.578617,0.334797,62,18,17,-1,300,500
800,323,1,0.43616,0.190236,23,22,17,1,250,550
800,410,2,1.2169,0.746706,31,22.5,17,0,200,600
800,554,2,1.33455,0.925203,59.5,22.5,17,0,150,650
800,987,1,0.317996,0.101121,31,25,17,1,50,750
800,411,1,0.261616,0.068443,55,26,17,1,200,600
800,988,1,0.923865,0.853527,30,27,17,-1,50,750
800,1288,1,0.412363,0.170043,19,31,17,-1,0,800
800,999,1,0.665044,0.442284,21,31,17,-1,50,750
800,412,2,1.80584,1.67682,0.5,38,17.5,0,200,600
800,1289,1,0.799085,0.638537,52,38,17,-1,0,800
800,1290,1,1.276,1.62817,39,39,17,-1,0,800
800,1291,1,0.631494,0.398784,31,43,17,-1,0,800
800,147,9,4.37856,2.54768,43.1111,50.6667,18,1,400,400
800,723,1,0.522738,0.273255,5,51,17,-1,100,700
800,4,1,0.494271,0.244304,49,51,17,-1,550,250
800,724,1,0.466193,0.217336,1,52,17,1,100,700
800,991,1,0.255885,0.0654773,49,54,17,1,50,750
800,144,2,1.31738,0.895247,19,57.5,17,0,400,400
800,1292,1,1.55371,2.41402,35,57,17,-1,0,800
800,992,1,0.754341,0.569031,23,58,17,1,50,750
800,555,1,1.35154,1.82667,12,59,17,1,150,650
800,993,1,0.362623,0.131495,7,0,18,1,50,750
800,994,1,1.03998,1.08155,4,1,18,1,50,750
800,148,1,0.97736,0.955233,57,6,18,1,400,400
800,326,1,0.436176,0.19025,44,8,18,-1,250,550
800,1293,1,0.326425,0.106553,61,11,18,-1,0,800
800,154,1,0.574569,0.33013,15,12,18,1,400,400
800,558,1,0.735358,0.540752,17,13,18,-1,150,650
800,327,1,0.387541,0.150188,22,26,18,1,250,550
800,79,1,0.454824,0.206865,51,33,18,-1,450,350
800,1294,1,1.56608,2.4526,14,34,18,1,0,800
800,556,4,4.75314,6.45262,46,37.75,18.75,0,150,650
800,1295,1,0.32172,0.103504,30,41,18,-1,0,800
800,41,4,2.84699,2.12194,45.5,41.25,18.25,0,500,300
800,727,1,0.312321,0.0975443,18,42,18,-1,100,700
800,146,1,0.824125,0.679182,38,49,18,-1,400,400
800,995,1,0.798106,0.636973,23,53,18,1,50,750
800,1296,1,1.72774,2.9851,21,57,18,1,0,800
800,1297,2,1.55565,1.21321,43,57.5,18,2,0,800
800,325,1,0.812431,0.660045,18,61,18,-1,250,550
800,996,1,0.220828,0.048765,4,63,18,1,50,750
800,1298,1,1.06674,1.13794,29,63,18,-1,0,800
800,1299,3,1.75352,1.02866,57.6667,3.33333,19,1,0,800
800,1300,2,1.00315,0.567084,63,4.5,19,0,0,800
800,1301,2,1.23054,0.760426,47,9.5,19.5,0,0,800
800,283,1,0.383282,0.146905,20,12,19,-1,300,500
800,998,1,0.28175,0.0793828,12,15,19,-1,50,750
800,725,1,0.638999,0.408319,19,16,19,-1,100,700
800,279,3,1.90541,1.35522,41.3333,16.3333,19,1,300,500
800,1004,2,1.20682,0.739199,58.5,16.5,19.5,-2,50,750
800,85,1,0.332984,0.110879,54,18,19,-1,450,350
800,222,3,1.62153,1.00132,45.6667,19.3333,19.6667,-1,350,450
800,564,1,0.517525,0.267832,12,25,19,-1,150,650
800,559,1,0.557508,0.310815,20,25,19,-1,150,650
800,726,1,0.356407,0.127026,50,25,19,1,100,700
800,5,2,1.54003,1.19017,58.5,28.5,19.5,0,550,250
800,1005,1,0.436201,0.190271,24,31,19,-1,50,750
800,1302,1,0.446633,0.199481,8,38,19,-1,0,800
800,42,2,1.17168,0.938485,48,41.5,19,0,500,300
800,1001,1,0.19648,0.0386045,17,44,19,1,50,750
800,565,1,0.682222,0.465427,35,46,19,1,150,650
800,1002,1,0.285227,0.0813547,41,46,19,1,50,750
800,732,6,3.85252,2.859,58,50.8333,21,0,100,700
800,224,2,1.02954,0.530149,17,52,19.5,0,350,450
800,566,1,0.273505,0.0748047,57,53,19,1,150,650
800,1303,2,1.76702,1.6083,5.5,58.5,19,0,0,800
800,1304,1,1.09343,1.1956,13,63,19,1,0,800
800,1003,1,0.666954,0.444828,58,63,19,-1,50,750
800,1305,1,0.55747,0.310772,26,2,20,-1,0,800
800,1306,1,0.576603,0.332471,18,13,20,1,0,800
800,223,1,0.578267,0.334392,39,14,20,1,350,450
800,561,1,0.394053,0.155278,37,15,20,1,150,650
800,1307,1,0.688116,0.473503,39,18,20,1,0,800
800,150,2,0.761703,0.425453,24.5,23,20,0,400,400
800,1308,1,0.932739,0.870001,51,28,20,1,0,800
800,1309,1,0.524468,0.275067,50,30,20,1,0,800
800,728,1,1.17363,1.37742,44,31,20,-1,100,700
800,1310,1,0.20321,0.0412943,27,32,20,1,0,800
800,736,1,0.59781,0.357377,25,33,20,1,100,700
800,416,1,1.11549,1.24433,62,36,20,1,200,600
800,729,1,0.602056,0.362471,32,38,20,-1,100,700
800,562,1,0.410565,0.168564,53,50,20,-1,150,650
800,1006,1,0.678815,0.46079,30,55,20,1,50,750
800,737,1,0.857564,0.735415,42,56,20,1,100,700
800,152,1,0.70413,0.495798,51,18,21,-1,400,400
800,1007,1,0.831317,0.691088,60,18,21,1,50,750
800,1018,1,0.654346,0.428169,54,19,21,-1,50,750
800,1311,1,0.485453,0.235664,32,21,21,1,0,800
800,563,2,1.39977,0.994116,46,22.5,21,0,150,650
800,414,2,1.00084,0.550456,27,23.5,21,0,200,600
800,1312,1,0.47032,0.221201,2,24,21,1,0,800
800,225,1,0.713363,0.508887,17,26,21,1,350,450
800,1008,1,1.12956,1.2759,12,27,21,1,50,750
800,419,1,0.337382,0.113827,26,28,21,1,200,600
800,1313,1,0.55972,0.313286,53,32,21,1,0,800
800,730,3,2.41163,2.12558,43.6667,33.3333,21,1,100,700
800,424,2,1.33752,0.986995,61,33,21.5,0,200,600
800,1016,1,0.352328,0.124135,28,38,21,-1,50,750
800,1009,3,2.13742,1.58657,38.3333,40.3333,21,-1,50,750
800,281,1,0.775081,0.60075,58,40,21,-1,300,500
800,1010,1,0.47194,0.222727,46,43,21,1,50,750
800,1314,1,0.756969,0.573003,16,48,21,-1,0,800
800,1011,2,0.875203,0.392326,36.5,48.5,21.5,0,50,750
800,731,2,1.65338,1.51329,11.5,50,21,0,100,700
800,1315,1,0.566685,0.321132,20,50,21,-1,0,800
800,567,1,1.04543,1.09293,13,59,21,-1,150,650
800,572,1,0.470581,0.221447,37,59,21,1,150,650
800,1012,1,0.622721,0.387781,4,5,22,-1,50,750
800,1013,1,0.698198,0.487481,34,7,22,-1,50,750
800,733,1,0.319211,0.101896,11,8,22,-1,100,700
800,575,2,0.746765,0.281834,18,11.5,22,0,150,650
800,1316,1,0.435444,0.189612,8,12,22,-1,0,800
800,6,2,0.837358,0.407594,34,15.5,22,0,550,250
800,282,1,0.910895,0.82973,54,15,22,-1,300,500
800,415,1,0.130213,0.0169554,30,16,22,-1,200,600
800,44,1,0.310553,0.0964433,45,26,22,1,500,300
800,1317,1,0.239508,0.057364,8,28,22,-1,0,800
800,574,3,2.21941,1.69533,24.3333,28,22.6667,1,150,650
800,80,1,0.775795,0.601857,57,28,22,1,450,350
800,748,1,0.454488,0.206559,22,29,22,1,100,700
800,1318,1,0.237594,0.0564508,25,30,22,1,0,800
800,43,1,0.346977,0.120393,7,32,22,-1,500,300
800,330,1,0.783942,0.614565,12,32,22,1,250,550
800,1319,1,0.450094,0.202584,5,33,22,1,0,800
800,421,1,0.522629,0.273141,59,37,22,-1,200,600
800,1320,1,1.59537,2.5452,50,39,22,-1,0,800
800,568,1,1.40144,1.96403,55,39,22,-1,150,650
800,1321,1,0.88034,0.774998,16,40,22,1,0,800
800,734,1,0.88183,0.777625,34,41,22,-1,100,700
800,84,3,1.89713,1.33396,55,59.3333,23,1,450,350
800,151,1,0.252083,0.0635456,4,62,22,1,400,400
800,1014,1,1.12485,1.26529,43,62,22,-1,50,750
800,1015,1,0.508851,0.258929,46,62,22,-1,50,750
800,1322,1,0.586614,0.344116,26,1,23,1,0,800
800,751,1,0.600993,0.361193,47,1,23,-1,100,700
800,1323,1,0.473865,0.224548,20,2,23,1,0,800
800,1324,1,0.592064,0.350539,35,3,23,1,0,800
800,581,3,1.70211,1.03036,31.6667,6.66667,23.6667,1,150,650
800,743,1,0.478164,0.22864,9,7,23,1,100,700
800,417,1,0.883281,0.780186,56,8,23,1,200,600
800,418,2,0.624051,0.215377,51.5,9,23,0,200,600
800,329,1,0.586326,0.343778,11,20,23,-1,250,550
800,422,2,0.688039,0.26101,48,23.5,23,0,200,600
800,81,1,0.259188,0.0671785,15,24,23,1,450,350
800,1325,1,0.344077,0.118389,24,26,23,1,0,800
800,1326,1,0.314976,0.09921,16,27,23,1,0,800
800,226,1,0.665654,0.443095,48,27,23,-1,350,450
800,1327,1,0.355826,0.126612,45,28,23,-1,0,800
800,420,3,1.64155,0.949217,14.3333,32.3333,23.3333,1,200,600
800,1029,3,1.84477,1.22429,57,32.6667,23.6667,-1,50,750
800,583,1,0.386884,0.149679,24,34,23,-1,150,650
800,1328,1,0.145723,0.0212351,25,37,23,1,0,800
800,82,1,0.267758,0.0716946,21,40,23,-1,450,350
800,1017,2,0.681693,0.240422,25,40.5,23,0,50,750
800,1329,1,0.480735,0.231106,57,40,23,1,0,800
800,569,1,0.738689,0.545662,58,44,23,1,150,650
800,83,1,0.976925,0.954382,29,49,23,-1,450,350
800,155,1,0.655786,0.430055,36,51,23,-1,400,400
800,1024,1,0.94331,0.889833,28,54,23,-1,50,750
800,1330,1,1.01999,1.04039,42,54,23,1,0,800
800,1331,2,0.811477,0.354869,34.5,60,23.5,0,0,800
800,1332,1,0.809154,0.65473,8,61,23,-1,0,800
800,423,4,3.06084,2.71551,58.25,61.5,23.75,0,200,600
800,7,1,0.0987362,0.00974883,49,7,24,-1,550,250
800,738,1,0.662344,0.438699,55,12,24,-1,100,700
800,577,3,2.30399,1.93191,17.3333,13,24.6667,-1,150,650
800,753,1,0.945542,0.89405,32,14,24,1,100,700
800,1027,1,0.499895,0.249895,34,14,24,1,50,750
800,745,1,0.342447,0.11727,4,16,24,-1,100,700
800,1028,2,0.789296,0.386731,54.5,19,24,0,50,750
800,570,2,0.492867,0.130598,32.5,28,24,0,150,650
800,739,1,0.226772,0.0514255,63,29,24,1,100,700
800,740,1,0.870588,0.757924,38,30,24,1,100,700
800,1333,1,0.568088,0.322724,40,30,24,1,0,800
800,332,1,0.65874,0.433939,10,32,24,-1,250,550
800,749,2,1.95414,2.00844,6,33.5,24.5,2,100,700
800,1334,1,1.47068,2.16291,45,34,24,-1,0,800
800,1335,1,0.554491,0.307461,47,35,24,-1,0,800
800,1336,2,1.72518,1.49044,60.5,37,24,0,0,800
800,571,1,0.24707,0.0610437,23,46,24,-1,150,650
800,759,1,0.842234,0.709358,24,49,24,1,100,700
800,153,1,0.745704,0.556074,7,52,24,1,400,400
800,228,2,1.4617,1.24752,34,54.5,24,0,350,450
800,741,3,1.50332,0.93903,55,54,24.3333,1,100,700
800,742,1,0.950142,0.90277,50,57,24,1,100,700
800,1337,1,0.549986,0.302485,53,58,24,1,0,800
800,1338,1,0.551276,0.303906,31,61,24,-1,0,800
800,1339,1,0.558305,0.311705,63,62,24,1,0,800
800,752,1,1.01833,1.037,49,4,25,-1,100,700
800,1340,2,1.39771,0.983509,47,5,25.5,0,0,800
800,1341,1,0.803754,0.64602,9,6,25,1,0,800
800,744,1,0.848561,0.720056,4,9,25,-1,100,700
800,1342,1,1.04311,1.08809,4,14,25,-1,0,800
800,573,1,0.263797,0.0695889,29,14,25,1,150,650
800,746,2,0.707675,0.262889,59,14.5,25,0,100,700
800,576,1,0.393118,0.154542,23,21,25,-1,150,650
800,747,1,0.557801,0.311142,10,22,25,-1,100,700
800,1019,1,0.389089,0.15139,36,24,25,1,50,750
800,1020,2,1.33755,0.894574,49.5,24,25.5,0,50,750
800,1021,3,1.4014,0.658399,22.3333,29.6667,25.3333,1,50,750
800,331,2,0.886752,0.415218,51,29.5,25,0,250,550
800,1343,2,0.90379,0.420381,8,34.5,25,0,0,800
800,1344,1,0.503172,0.253182,12,34,25,1,0,800
800,1345,1,0.279849,0.0783153,21,34,25,-1,0,800
800,1022,1,1.27234,1.61884,3,45,25,-1,50,750
800,1023,1,0.477341,0.227854,38,50,25,-1,50,750
800,1346,1,0.414494,0.171805,27,54,25,-1,0,800
800,284,1,0.921337,0.848862,17,55,25,-1,300,500
800,580,1,0.159076,0.025305,12,56,25,-1,150,650
800,1347,1,1.3413,1.79908,23,56,25,-1,0,800
800,227,1,0.245442,0.0602417,0,59,25,-1,350,450
800,1025,1,0.412426,0.170095,3,59,25,-1,50,750
800,750,1,0.455489,0.20747,24,62,25,-1,100,700
800,156,2,1.14183,0.710345,55,1.5,26,0,400,400
800,1348,1,0.892545,0.796637,48,2,26,1,0,800
800,761,1,0.541879,0.293633,29,5,26,1,100,700
800,88,1,0.368061,0.135469,55,8,26,-1,450,350
800,1026,1,0.761306,0.579587,42,9,26,-1,50,750
800,86,1,1.14074,1.30128,48,11,26,1,450,350
800,756,1,0.923425,0.852714,19,15,26,-1,100,700
800,1349,1,0.209822,0.0440252,35,15,26,1,0,800
800,584,1,0.659376,0.434777,42,15,26,-1,150,650
800,1350,1,0.748125,0.559692,55,18,26,1,0,800
800,1351,1,0.799552,0.639284,22,19,26,-1,0,800
800,8,2,1.3032,1.11976,39,19.5,26,0,550,250
800,585,7,4.57997,3.56059,13.4286,19.1429,28.8571,1,150,650
800,754,1,0.692123,0.479035,25,22,26,-1,100,700
800,1352,1,0.548143,0.300461,40,27,26,-1,0,800
800,1353,1,1.09285,1.19432,56,33,26,1,0,800
800,333,2,1.18856,0.721435,15,41.5,26.5,0,250,550
800,755,1,0.395702,0.15658,2,50,26,1,100,700
800,334,1,0.469034,0.219993,53,0,27,1,250,550
800,425,2,0.746466,0.407321,19,1.5,27.5,0,200,600
800,426,2,1.44202,1.04728,0,5.5,27,0,200,600
800,45,1,0.724164,0.524413,19,6,27,1,500,300
800,1030,1,0.751438,0.564659,23,7,27,1,50,750
800,582,1,0.525017,0.275643,59,11,27,1,150,650
800,1354,1,1.02354,1.04764,22,15,27,-1,0,800
800,1031,1,0.595259,0.354333,1,18,27,1,50,750
800,92,2,1.24363,0.786407,52,20.5,27,0,450,350
800,1032,1,0.836199,0.699228,1,26,27,1,50,750
800,87,1,0.672571,0.452352,60,31,27,1,450,350
800,428,1,0.139577,0.0194818,60,33,27,1,200,600
800,762,1,0.679825,0.462162,63,33,27,1,100,700
800,95,4,1.61439,0.801691,18.5,35.75,28,0,450,350
800,1033,1,0.54907,0.301478,26,36,27,-1,50,750
800,1355,1,0.627153,0.393321,3,40,27,1,0,800
800,579,2,1.70788,1.94975,57.5,40,27,0,150,650
800,1034,1,0.442459,0.19577,20,42,27,-1,50,750
800,757,1,0.649101,0.421332,54,45,27,1,100,700
800,758,2,1.47162,1.08455,33.5,46,27.5,0,100,700
800,159,1,0.689702,0.475689,8,48,27,1,400,400
800,1035,1,0.713571,0.509184,23,48,27,-1,50,750
800,760,1,0.368729,0.135961,14,54,27,-1,100,700
800,1036,1,0.44915,0.201736,35,55,27,-1,50,750
800,1037,2,2.22152,2.4677,47.5,58,27,0,50,750
800,335,1,0.319849,0.102303,57,58,27,1,250,550
800,1038,1,0.116754,0.0136314,16,59,27,-1,50,750
800,1356,1,0.245177,0.0601118,17,62,27,-1,0,800
800,1039,1,0.344585,0.118739,55,62,27,-1,50,750
800,93,1,0.747983,0.559479,59,62,27,-1,450,350
800,1040,1,0.320908,0.102982,43,0,28,-1,50,750
800,1041,1,0.51595,0.266205,55,3,28,-1,50,750
800,1357,1,0.334656,0.111995,58,3,28,-1,0,800
800,1358,4,2.21513,1.54164,30.25,6.25,28.5,0,0,800
800,157,1,0.558389,0.311798,62,6,28,1,400,400
800,1042,1,0.960162,0.921911,55,7,28,-1,50,750
800,1359,5,4.10987,3.45966,55.6,10,28.2,1,0,800
800,9,2,1.04361,0.588774,7.5,10.5,28.5,0,550,250
800,285,3,1.24356,0.536201,9.33333,12,28.6667,-1,300,500
800,89,1,0.535302,0.286548,43,21,28,-1,450,350
800,427,1,0.490185,0.240282,3,22,28,-1,200,600
800,158,2,1.31885,0.871164,10,29,28.5,0,400,400
800,90,1,0.639246,0.408635,16,32,28,1,450,350
800,1360,1,0.581403,0.338029,62,35,28,-1,0,800
800,1043,1,0.777973,0.605242,7,39,28,-1,50,750
800,432,1,0.213596,0.0456234,47,42,28,-1,200,600
800,586,1,0.357912,0.128101,14,43,28,1,150,650
800,160,1,0.654516,0.428391,28,44,28,-1,400,400
800,1361,2,0.914278,0.656243,8,51,28.5,0,0,800
800,763,1,0.715858,0.512453,57,56,28,-1,100,700
800,1048,1,0.625074,0.390718,46,61,28,1,50,750
800,1044,1,0.871464,0.759449,50,63,28,1,50,750
800,91,1,0.329111,0.108314,23,2,29,1,450,350
800,337,1,0.13947,0.0194519,13,4,29,-1,250,550
800,1362,1,0.561387,0.315155,33,4,29,-1,0,800
800,1045,1,0.528701,0.279525,47,9,29,-1,50,750
800,587,3,1.0237,0.397119,11.3333,16,30,1,150,650
800,764,4,3.54257,3.39746,43,16.25,29.5,2,100,700
800,765,1,1.25087,1.56469,49,20,29,1,100,700
800,231,2,1.59197,1.52971,38.5,21,29,0,350,450
800,1363,1,0.290582,0.0844376,55,22,29,-1,0,800
800,766,2,0.996391,0.621953,37,24.5,29,0,100,700
800,429,1,0.285355,0.0814277,44,26,29,-1,200,600
800,767,1,0.333836,0.111446,46,26,29,-1,100,700
800,1046,1,0.450241,0.202717,43,28,29,-1,50,750
800,768,3,0.465565,0.0926679,33.6667,29.3333,29,-1,100,700
800,47,1,0.567937,0.322552,46,29,29,-1,500,300
800,1364,1,0.56735,0.321886,12,30,29,1,0,800
800,769,1,0.802802,0.644491,49,33,29,-1,100,700
800,770,1,0.715552,0.512014,4,35,29,-1,100,700
800,230,5,2.88086,1.97264,33.2,36,29.6,-1,350,450
800,96,1,1.13579,1.29001,36,42,29,1,450,350
800,286,1,0.557304,0.310587,12,51,29,1,300,500
800,430,1,0.206582,0.0426759,46,54,29,-1,200,600
800,1047,1,0.93446,0.873216,46,56,29,-1,50,750
800,10,1,0.984232,0.968712,26,58,29,1,550,250
800,233,1,0.579092,0.335347,28,58,29,1,350,450
800,431,2,1.37445,1.02541,27.5,61,29,0,200,600
800,1058,1,0.595394,0.354493,44,61,29,1,50,750
800,1049,2,0.770047,0.483913,21.5,62,29.5,0,50,750
800,1050,1,0.635887,0.404353,60,62,29,1,50,750
800,1365,1,0.24181,0.0584722,35,1,30,1,0,800
800,336,1,0.363344,0.132019,9,5,30,-1,250,550
800,435,1,0.643252,0.413773,18,5,30,1,200,600
800,1051,2,0.855322,0.411206,12,6.5,30,0,50,750
800,1366,1,0.880813,0.775831,20,9,30,1,0,800
800,1367,1,0.720625,0.519301,26,16,30,-1,0,800
800,771,1,0.589986,0.348083,14,23,30,1,100,700
800,1368,1,0.599935,0.359922,18,24,30,-1,0,800
800,772,1,0.910025,0.828145,27,26,30,1,100,700
800,779,3,2.09458,1.67865,32,33.6667,30.3333,1,100,700
800,46,4,2.51627,1.63625,45.75,40,30.25,2,500,300
800,773,1,0.824281,0.679439,33,40,30,-1,100,700
800,588,2,0.380406,0.0737999,38.5,40,30,0,150,650
800,1369,3,2.84915,3.05166,30.3333,42.6667,30,1,0,800
800,782,2,0.63979,0.23647,12,43.5,30,0,100,700
800,774,1,0.560737,0.314426,48,43,30,1,100,700
800,162,1,1.66491,2.77193,40,52,30,-1,400,400
800,1370,1,0.490016,0.240116,58,53,30,1,0,800
800,1052,1,0.278967,0.0778224,62,56,30,-1,50,750
800,1371,2,0.853611,0.370915,45,58.5,30.5,0,0,800
800,433,1,0.867741,0.752974,1,1,31,1,200,600
800,592,6,3.11065,1.75481,20.6667,4.16667,32.3333,2,150,650
800,161,2,1.07917,0.616762,49,6,31.5,0,400,400
800,287,2,1.52995,1.48729,26.5,12,31,0,300,500
800,1372,1,0.519144,0.26951,61,12,31,1,0,800
800,1373,1,0.433491,0.187914,40,21,31,1,0,800
800,1068,2,1.17002,0.685876,34.5,22,31,0,50,750
800,166,1,0.616002,0.379459,63,23,31,-1,400,400
800,1061,2,1.03303,0.552394,7,25,31.5,0,50,750
800,1374,1,0.285224,0.081353,10,26,31,1,0,800
800,232,2,0.901354,0.408463,22.5,25.5,31.5,0,350,450
800,12,1,0.581705,0.338381,31,30,31,1,550,250
800,776,1,0.316309,0.100051,45,33,31,1,100,700
800,94,1,1.22907,1.5106,53,35,31,1,450,350
800,1053,2,1.12027,0.631217,18,38.5,31.5,0,50,750
800,589,1,0.679938,0.462316,57,40,31,1,150,650
800,1375,1,0.659961,0.435549,27,42,31,1,0,800
800,1054,2,1.74233,1.65583,22.5,43.5,31,0,50,750
800,340,1,0.399384,0.159507,35,44,31,1,250,550
800,444,1,0.771413,0.595078,43,51,31,1,200,600
800,338,2,0.81315,0.376238,49,52,31.5,0,250,550
800,1055,1,0.473429,0.224135,49,55,31,1,50,750
800,1056,1,0.612723,0.375429,28,56,31,1,50,750
800,1057,1,0.546281,0.298423,20,57,31,-1,50,750
800,777,3,2.04214,1.41314,8.66667,59.6667,31,1,100,700
800,1059,1,0.356498,0.127091,28,61,31,-1,50,750
800,1060,1,0.987864,0.975875,28,63,31,-1,50,750
800,234,2,1.38534,0.972164,4.5,7,32,0,350,450
800,1376,1,0.659632,0.435115,32,7,32,-1,0,800
800,339,2,1.44091,1.2204,23.5,8.5,32.5,0,250,550
800,13,2,1.36127,0.947929,43,10,32.5,0,550,250
800,1377,1,0.661069,0.437012,1,11,32,1,0,800
800,775,2,1.45625,1.29589,13.5,16,32.5,0,100,700
800,594,1,0.515607,0.265851,36,18,32,-1,150,650
800,1378,1,1.08357,1.17412,2,19,32,1,0,800
800,1379,2,1.8514,2.04595,32.5,24,32.5,0,0,800
800,1073,5,2.70454,1.72383,47.4,27.8,32.4,1,50,750
800,778,2,1.27915,0.988553,60.5,30.5,32.5,0,100,700
800,1380,1,0.579993,0.336391,14,32,32,1,0,800
800,1062,1,0.346116,0.119796,30,32,32,1,50,750
800,1063,1,0.441186,0.194645,32,32,32,1,50,750
800,780,1,0.183705,0.0337477,37,42,32,1,100,700
800,781,1,1.01319,1.02656,50,42,32,1,100,700
800,1381,2,1.33101,0.987838,58,42,32.5,0,0,800
800,1064,1,0.619616,0.383924,15,44,32,-1,50,750
800,1065,1,0.530417,0.281343,25,53,32,-1,50,750
800,1066,2,1.01334,0.517345,35,54,32.5,0,50,750
800,341,2,1.48835,1.31598,3.5,60,32,0,250,550
800,434,2,1.22895,0.992218,0,61,32.5,0,200,600
800,783,2,1.17708,0.974434,10,0.5,33,0,100,700
800,1071,1,0.700458,0.490642,23,2,33,-1,50,750
800,1382,2,1.62426,1.31993,-0.5,3.5,33,2,0,800
800,288,3,1.46227,0.75348,27.3333,6,33.6667,-1,300,500
800,15,3,1.33364,0.625319,35.6667,9.66667,34,1,550,250
800,1067,1,0.546015,0.298132,41,9,33,-1,50,750
800,785,2,1.57482,1.24506,47.5,8.5,33.5,0,100,700
800,1383,1,0.610697,0.372951,55,14,33,-1,0,800
800,786,2,0.886243,0.481553,20,14.5,33.5,0,100,700
800,1384,1,0.726438,0.527712,25,15,33,-1,0,800
800,344,1,1.03835,1.07817,20,19,33,1,250,550
800,163,2,1.7567,1.54814,56,21.5,33,0,400,400
800,1385,1,0.400316,0.160253,8,22,33,1,0,800
800,1069,1,0.925674,0.856871,38,26,33,1,50,750
800,438,2,1.13469,0.70724,54,29.5,33,0,200,600
800,784,1,1.02377,1.04811,50,33,33,-1,100,700
800,342,1,0.333435,0.111179,9,36,33,1,250,550
800,436,1,0.975356,0.95132,26,36,33,1,200,600
800,164,1,0.46978,0.220693,47,38,33,-1,400,400
800,14,1,1.14827,1.31852,62,38,33,-1,550,250
800,48,2,1.3047,0.970327,41.5,45,33,0,500,300
800,343,1,0.375532,0.141024,57,45,33,-1,250,550
800,1075,1,0.549096,0.301506,57,47,33,-1,50,750
800,811,4,2.49322,1.78133,44.75,50,33.5,4,100,700
800,1070,1,0.443323,0.196535,37,51,33,-1,50,750
800,591,2,1.19652,0.746182,41.5,62,33,0,150,650
800,1386,1,0.474347,0.225005,20,1,34,1,0,800
800,165,1,0.423212,0.179108,39,2,34,1,400,400
800,437,1,0.434691,0.188957,61,3,34,-1,200,600
800,593,1,0.408573,0.166932,60,8,34,-1,150,650
800,800,1,0.686231,0.470914,45,10,34,1,100,700
800,791,1,0.671977,0.451553,37,15,34,-1,100,700
800,787,2,0.861365,0.427027,39.5,15.5,34.5,0,100,700
800,1387,1,0.596861,0.356243,43,17,34,1,0,800
800,1388,1,0.33527,0.112406,42,19,34,1,0,800
800,1072,1,0.492884,0.242935,63,25,34,-1,50,750
800,235,1,0.754576,0.569385,3,28,34,1,350,450
800,1389,2,0.896633,0.440774,46,30.5,34,-2,0,800
800,1390,1,0.908597,0.825548,21,31,34,-1,0,800
800,1074,1,0.546161,0.298291,62,31,34,-1,50,750
800,1391,1,0.296377,0.0878392,25,34,34,-1,0,800
800,168,1,0.470419,0.221294,9,39,34,1,400,400
800,788,2,1.78703,1.70916,45,39.5,34,0,100,700
800,1392,1,0.580564,0.337054,17,43,34,-1,0,800
800,595,1,0.785667,0.617273,34,46,34,1,150,650
800,1393,1,0.693302,0.480667,30,48,34,-1,0,800
800,1394,1,0.485917,0.236115,59,50,34,1,0,800
800,601,1,0.580733,0.337251,20,62,34,-1,150,650
800,289,1,0.386345,0.149263,37,63,34,-1,300,500
800,596,1,0.923678,0.853182,12,1,35,-1,150,650
800,1395,2,1.22574,0.77942,11.5,4,35.5,0,0,800
800,789,2,0.477691,0.114239,6.5,6,35,0,100,700
800,1076,2,1.30567,0.856353,4.5,10,35.5,2,50,750
800,790,1,0.264162,0.0697815,26,11,35,-1,100,700
800,1077,1,0.394647,0.155746,33,11,35,1,50,750
800,1396,1,1.29705,1.68235,40,12,35,-1,0,800
800,807,1,0.778829,0.606575,47,12,35,-1,100,700
800,1078,1,0.89451,0.800147,35,16,35,-1,50,750
800,597,1,0.459928,0.211534,20,18,35,1,150,650
800,439,2,0.654259,0.214131,16,19,35.5,0,200,600
800,1397,1,0.921213,0.848633,20,20,35,1,0,800
800,1398,1,0.702496,0.4935,25,21,35,-1,0,800
800,99,1,0.815247,0.664628,57,26,35,-1,450,350
800,1079,1,0.869626,0.756249,44,27,35,-1,50,750
800,600,1,0.21257,0.0451858,53,27,35,1,150,650
800,801,2,0.729456,0.289917,57,28.5,35,0,100,700
800,795,1,0.596598,0.355929,6,30,35,-1,100,700
800,1399,1,0.709826,0.503853,3,31,35,-1,0,800
800,290,1,0.770098,0.593051,23,32,35,1,300,500
800,1080,1,0.87568,0.766815,53,32,35,1,50,750
800,49,1,0.348812,0.12167,13,34,35,-1,500,300
800,598,1,0.888537,0.789497,60,35,35,1,150,650
800,809,1,0.54605,0.29817,15,37,35,1,100,700
800,52,1,0.343854,0.118235,34,41,35,-1,500,300
800,792,1,0.785645,0.617238,50,43,35,1,100,700
800,236,3,1.23305,0.548412,16,46.6667,35.6667,-1,350,450
800,599,3,2.33113,1.878,42.3333,47.3333,35,1,150,650
800,51,3,2.03015,1.46741,9,49.3333,35.6667,1,500,300
800,97,1,0.651081,0.423907,48,49,35,-1,450,350
800,1081,1,0.419993,0.176394,26,52,35,-1,50,750
800,50,1,0.718605,0.516392,47,52,35,1,500,300
800,793,1,0.679748,0.462057,7,53,35,1,100,700
800,794,2,0.830758,0.346785,46.5,54.5,35,0,100,700
800,1082,1,0.508841,0.258919,0,55,35,-1,50,750
800,1400,1,0.911477,0.830791,47,57,35,1,0,800
800,345,1,0.679824,0.462161,45,61,35,-1,250,550
800,98,5,2.38471,1.2885,14.8,62.6,36.4,-1,450,350
800,1401,1,0.66134,0.43737,23,11,36,1,0,800
800,171,2,1.65691,1.39886,0.5,12.5,36,0,400,400
800,1083,1,0.422565,0.178561,10,13,36,-1,50,750
800,1402,1,0.675467,0.456255,32,14,36,1,0,800
800,1403,1,0.115326,0.0133001,26,16,36,-1,0,800
800,445,2,1.83636,1.75524,22,16.5,36.5,0,200,600
800,17,1,0.234635,0.0550537,53,18,36,1,550,250
800,18,1,0.667648,0.445754,53,25,36,-1,550,250
800,446,1,0.945496,0.893962,49,28,36,-1,200,600
800,815,1,0.431415,0.186119,25,30,36,-1,100,700
800,1404,2,0.968082,0.486279,8,33.5,36,0,0,800
800,440,1,0.53623,0.287543,43,34,36,-1,200,600
800,167,3,2.0037,1.55346,0.333333,36.6667,36,-1,400,400
800,796,1,0.259975,0.0675871,42,37,36,1,100,700
800,239,1,0.430384,0.185231,53,38,36,1,350,450
800,797,1,0.751203,0.564305,30,42,36,1,100,700
800,101,2,1.5181,1.16997,46.5,50,36.5,0,450,350
800,798,1,0.512229,0.262379,20,51,36,-1,100,700
800,1095,1,0.250053,0.0625265,44,51,36,1,50,750
800,237,1,0.711496,0.506226,15,55,36,1,350,450
800,1405,2,1.23318,0.886989,40,55.5,36,0,0,800
800,604,1,0.460705,0.212249,19,59,36,-1,150,650
800,1084,1,0.878241,0.771308,35,59,36,1,50,750
800,799,1,0.218685,0.0478232,43,63,36,1,100,700
800,1085,1,0.571311,0.326396,26,1,37,1,50,750
800,806,1,0.349731,0.122312,48,1,37,-1,100,700
800,238,1,0.670256,0.449244,39,6,37,1,350,450
800,100,3,2.03074,1.45809,16,9.66667,37.6667,-1,450,350
800,1091,1,0.953825,0.909782,45,11,37,-1,50,750
800,1086,2,1.16036,0.725523,1,15,37.5,0,50,750
800,291,2,1.34118,0.903012,46.5,15,37,0,300,500
800,1092,2,1.0747,0.57789,10.5,16.5,37.5,0,50,750
800,1406,1,0.932345,0.869268,14,19,37,1,0,800
800,1093,2,1.21209,0.855762,55,19.5,37.5,0,50,750
800,243,4,3.4164,3.07429,49.5,21,37.25,0,350,450
800,346,1,0.369608,0.13661,38,25,37,1,250,550
800,1087,1,0.338403,0.114517,57,25,37,1,50,750
800,814,5,3.56257,3.05069,49.8,25.2,38.6,-1,100,700
800,292,1,0.602496,0.363001,14,27,37,-1,300,500
800,1088,1,0.859209,0.738241,57,27,37,1,50,750
800,53,1,0.685303,0.46964,10,29,37,1,500,300
800,1407,1,0.74856,0.560342,57,29,37,1,0,800
800,249,2,0.825567,0.347035,11.5,31.5,37.5,0,350,450
800,347,1,0.561973,0.315813,1,34,37,-1,250,550
800,802,2,0.84829,0.575486,10.5,37,37,0,100,700
800,441,1,0.312348,0.0975612,48,38,37,-1,200,600
800,803,1,0.485635,0.235842,30,40,37,1,100,700
800,240,1,1.59082,2.53072,33,46,37,-1,350,450
800,602,2,1.569,1.52736,49,52.5,37,0,150,650
800,603,2,1.22645,0.754273,61,53,37.5,0,150,650
800,1089,1,0.590057,0.348168,34,55,37,1,50,750
800,804,1,0.700467,0.490653,23,56,37,1,100,700
800,442,1,0.791868,0.627055,54,58,37,-1,200,600
800,805,1,0.794261,0.630851,16,59,37,-1,100,700
800,1408,1,0.82981,0.688585,11,60,37,-1,0,800
800,348,3,2.5202,2.12124,4,62.3333,37.6667,1,250,550
800,1090,1,0.697588,0.486628,50,3,38,-1,50,750
800,1409,1,0.994332,0.988696,48,12,38,1,0,800
800,242,1,0.423673,0.179499,7,13,38,1,350,450
800,1410,1,0.332571,0.110603,54,13,38,-1,0,800
800,443,1,0.472847,0.223584,7,22,38,1,200,600
800,1411,2,1.10854,0.631684,56,22,38.5,0,0,800
800,1094,1,0.871614,0.759712,5,23,38,-1,50,750
800,356,1,0.942185,0.887713,8,27,38,-1,250,550
800,808,1,0.674692,0.455209,51,28,38,1,100,700
800,16,2,1.24454,1.0697,25,34.5,38,0,550,250
800,1412,1,0.795127,0.632227,15,37,38,1,0,800
800,1413,1,0.202505,0.0410085,34,39,38,1,0,800
800,349,1,0.611334,0.37373,36,39,38,1,250,550
800,1414,1,0.791326,0.626197,39,40,38,-1,0,800
800,810,1,0.772791,0.597205,52,40,38,-1,100,700
800,1415,1,0.697304,0.486232,55,40,38,-1,0,800
800,1416,1,0.934741,0.87374,20,45,38,-1,0,800
800,448,1,0.474963,0.22559,44,48,38,-1,200,600
800,1417,1,0.454448,0.206523,23,49,38,-1,0,800
800,1418,1,0.985037,0.970299,42,53,38,-1,0,800
800,350,1,0.949952,0.902409,41,55,38,-1,250,550
800,1419,1,0.809691,0.655599,1,57,38,1,0,800
800,1420,1,1.04369,1.08929,44,57,38,-1,0,800
800,1096,1,0.735373,0.540773,32,60,38,-1,50,750
800,1097,1,0.751279,0.56442,44,1,39,1,50,750
800,606,2,1.59259,1.28253,8.5,4,39,0,150,650
800,1421,1,1.10604,1.22332,23,4,39,1,0,800
800,608,1,0.460549,0.212105,5,5,39,-1,150,650
800,605,1,0.764245,0.58407,16,6,39,-1,150,650
800,1098,1,0.372833,0.139004,11,7,39,-1,50,750
800,353,1,0.783146,0.613318,49,10,39,1,250,550
800,607,1,0.919598,0.84566,22,18,39,-1,150,650
800,613,2,1.38241,0.956257,33.5,22,39,0,150,650
800,812,1,0.520945,0.271384,17,23,39,-1,100,700
800,813,1,0.81125,0.658127,23,23,39,1,100,700
800,447,2,0.746377,0.279922,10.5,28.5,39,0,200,600
800,1422,1,0.661654,0.437785,25,30,39,-1,0,800
800,816,1,0.21557,0.0464704,14,31,39,1,100,700
800,1102,1,0.482241,0.232557,54,33,39,-1,50,750
800,817,1,0.196129,0.0384664,50,34,39,-1,100,700
800,1423,1,0.557538,0.310848,5,42,39,1,0,800
800,169,1,0.720344,0.518895,43,43,39,-1,400,400
800,1424,1,0.703189,0.494475,35,48,39,-1,0,800
800,19,2,1.19136,0.721871,9,55.5,39,0,550,250
800,241,1,0.295663,0.0874166,11,56,39,-1,350,450
800,1425,1,0.454622,0.206681,1,59,39,1,0,800
800,1099,1,0.745756,0.556152,19,62,39,1,50,750
800,172,1,0.813404,0.661626,56,62,39,1,400,400
800,1426,1,0.336147,0.112994,3,2,40,-1,0,800
800,609,1,0.680101,0.462538,44,7,40,1,150,650
800,818,1,0.592199,0.3507,46,7,40,1,100,700
800,819,1,0.174599,0.0304847,18,8,40,1,100,700
800,1427,1,0.4601,0.211692,48,8,40,-1,0,800
800,170,6,3.28791,2.2251,40.6667,10.1667,40.3333,0,400,400
800,1428,1,0.492785,0.242837,7,14,40,-1,0,800
800,1115,1,0.67729,0.458722,47,15,40,1,50,750
800,1429,1,1.08208,1.17091,24,16,40,-1,0,800
800,1100,1,0.463612,0.214936,34,18,40,-1,50,750
800,610,1,0.67364,0.453791,48,21,40,1,150,650
800,820,1,1.16556,1.35853,9,25,40,1,100,700
800,821,1,0.30906,0.0955184,30,25,40,-1,100,700
800,1101,1,0.469536,0.220464,14,26,40,1,50,750
800,351,2,1.41914,1.04726,34,27.5,40,0,250,550
800,822,2,1.49897,1.16936,7.5,30.5,40.5,0,100,700
800,1430,1,0.480002,0.230402,57,34,40,-1,0,800
800,1431,1,0.844228,0.71272,7,37,40,-1,0,800
800,1432,1,0.812978,0.660933,9,41,40,-1,0,800
800,1119,1,0.69633,0.484875,49,42,40,-1,50,750
800,1112,1,0.768996,0.591354,25,43,40,-1,50,750
800,823,1,0.517549,0.267857,44,50,40,1,100,700
800,1103,1,0.535635,0.286905,28,58,40,1,50,750
800,454,2,1.38767,0.965723,14.5,60.5,40.5,0,200,600
800,618,3,1.51296,0.972948,42,61.3333,41,-1,150,650
800,1104,1,0.198069,0.0392313,30,63,40,1,50,750
800,1433,1,0.908601,0.825556,52,63,40,1,0,800
800,352,1,0.956984,0.915818,60,0,41,-1,250,550
800,824,1,0.395514,0.156431,30,4,41,1,100,700
800,1108,1,0.268339,0.0720056,61,4,41,-1,50,750
800,612,1,1.23045,1.514,48,6,41,-1,150,650
800,1114,1,0.0387879,0.0015045,38,8,41,-1,50,750
800,1434,2,1.83991,1.69577,52,10.5,41,0,0,800
800,244,1,0.509866,0.259963,0,13,41,-1,350,450
800,1435,1,0.588194,0.345973,49,15,41,-1,0,800
800,293,1,0.561912,0.315745,1,19,41,-1,300,500
800,453,2,2.18748,2.48037,7,27.5,41,0,200,600
800,1105,1,0.364933,0.133176,29,27,41,1,50,750
800,245,1,0.529176,0.280028,42,27,41,1,350,450
800,246,1,0.186748,0.0348749,21,30,41,1,350,450
800,825,1,1.12213,1.25917,46,31,41,-1,100,700
800,826,4,1.94679,1.10482,49.5,33.75,41.5,2,100,700
800,611,1,0.887285,0.787275,16,40,41,-1,150,650
800,449,1,0.347374,0.120669,20,40,41,-1,200,600
800,1436,2,0.825061,0.530942,17.5,41.5,41,0,0,800
800,1106,1,0.869293,0.755671,32,42,41,-1,50,750
800,614,1,0.314087,0.0986505,39,48,41,1,150,650
800,838,1,0.484843,0.235073,63,53,41,1,100,700
800,1437,2,1.64828,1.46934,39,59,41.5,-2,0,800
800,102,2,1.54054,1.35036,22,0.5,42,0,450,350
800,1107,1,0.621512,0.386277,53,0,42,1,50,750
800,450,1,0.589873,0.34795,48,1,42,1,200,600
800,1438,2,2.70787,3.79865,60.5,2,42,0,0,800
800,1439,1,0.893308,0.797999,50,3,42,-1,0,800
800,827,3,3.21584,3.54275,41.6667,6.33333,42,-1,100,700
800,1440,1,1.11927,1.25277,13,11,42,1,0,800
800,1109,1,0.729633,0.532364,32,22,42,1,50,750
800,828,1,0.839935,0.70549,44,22,42,-1,100,700
800,1110,1,0.629041,0.395693,43,25,42,1,50,750
800,354,2,1.18436,0.781932,18.5,27,42,0,250,550
800,247,2,1.12349,0.726703,32,30.5,42.5,0,350,450
800,829,1,0.84384,0.712066,43,36,42,-1,100,700
800,830,1,0.542914,0.294756,24,38,42,-1,100,700
800,834,5,2.83725,1.92063,51.6,39.4,42.2,-1,100,700
800,1111,1,0.419599,0.176063,36,41,42,-1,50,750
800,1441,1,0.559367,0.312892,28,42,42,1,0,800
800,1442,1,0.623617,0.388898,59,42,42,-1,0,800
800,248,2,0.791012,0.408256,52,44.5,42,0,350,450
800,1113,1,0.615202,0.378473,20,45,42,1,50,750
800,831,1,0.263297,0.0693254,42,45,42,-1,100,700
800,1443,1,0.769682,0.592411,38,46,42,-1,0,800
800,175,1,0.893115,0.797655,30,53,42,-1,400,400
800,832,1,0.615535,0.378884,44,55,42,1,100,700
800,355,2,0.900208,0.424676,47.5,56,42.5,0,250,550
800,1444,1,1.27476,1.62501,42,57,42,-1,0,800
800,1121,1,1.01058,1.02127,12,58,42,1,50,750
800,294,1,0.307404,0.0944972,58,61,42,-1,300,500
800,107,4,3.24605,4.03789,37.25,62.25,43.5,0,450,350
800,1445,1,1.06485,1.1339,11,5,43,-1,0,800
800,1123,1,0.610419,0.372612,36,7,43,1,50,750
800,1446,1,0.43112,0.185864,62,7,43,1,0,800
800,615,1,0.694162,0.481861,3,11,43,1,150,650
800,1447,1,0.906926,0.822514,47,14,43,1,0,800
800,1116,1,0.60132,0.361585,60,17,43,-1,50,750
800,1117,1,0.612995,0.375762,38,19,43,1,50,750
800,451,1,0.291029,0.084698,51,22,43,-1,200,600
800,452,1,0.829077,0.687369,56,28,43,1,200,600
800,616,2,1.22632,0.895931,62,28.5,43,0,150,650
800,833,2,0.778859,0.303562,11,29.5,43,0,100,700
800,1125,1,0.661691,0.437835,60,30,43,-1,50,750
800,1448,1,0.897624,0.805729,7,40,43,1,0,800
800,1118,1,0.526082,0.276763,56,40,43,-1,50,750
800,1449,1,0.190194,0.0361736,50,43,43,-1,0,800
800,173,1,0.849566,0.721762,11,45,43,-1,400,400
800,250,1,0.596929,0.356324,2,50,43,-1,350,450
800,839,2,1.10036,0.623997,10.5,52,43.5,2,100,700
800,103,2,0.778857,0.31215,30.5,56.5,43.5,0,450,350
800,455,1,0.333355,0.111125,57,59,43,-1,200,600
800,174,2,1.45036,1.1055,10.5,0.5,44,0,400,400
800,1450,1,0.151992,0.0231014,20,0,44,-1,0,800
800,835,1,0.883913,0.781303,23,5,44,-1,100,700
800,1132,1,0.276358,0.0763739,15,8,44,1,50,750
800,1451,1,0.862107,0.743229,30,12,44,-1,0,800
800,1120,1,0.62484,0.390426,8,14,44,-1,50,750
800,104,2,1.6908,1.49659,4.5,20,44,0,450,350
800,1452,1,0.819364,0.671358,13,25,44,1,0,800
800,836,3,1.96939,1.57325,39.6667,27.6667,44,1,100,700
800,837,1,1.19953,1.43887,8,28,44,1,100,700
800,105,3,1.19572,0.618711,11,36.3333,44.3333,1,450,350
800,357,1,0.867868,0.753195,29,50,44,-1,250,550
800,843,1,0.633336,0.401115,62,52,44,1,100,700
800,1453,1,0.667406,0.445431,11,55,44,1,0,800
800,840,2,0.841943,0.422144,26,55.5,44,0,100,700
800,460,1,0.50718,0.257232,0,60,44,-1,200,600
800,617,2,1.26492,0.807578,57.5,61,44,0,150,650
800,1122,1,0.490027,0.240126,0,62,44,-1,50,750
800,20,1,0.702936,0.494119,44,63,44,1,550,250
800,176,1,0.963174,0.927705,53,63,44,1,400,400
800,849,1,0.334902,0.112159,56,2,45,-1,100,700
800,177,1,0.530759,0.281705,57,5,45,-1,400,400
800,1454,1,0.232785,0.054189,36,10,45,1,0,800
800,1455,1,1.85378,3.43649,21,12,45,1,0,800
800,1456,1,0.775326,0.60113,15,15,45,-1,0,800
800,1124,1,0.580128,0.336549,31,16,45,1,50,750
800,54,2,1.30148,0.853543,42,17.5,45,0,500,300
800,619,1,0.532395,0.283444,14,21,45,-1,150,650
800,21,1,0.392387,0.153967,16,22,45,1,550,250
800,456,2,1.47397,1.30373,37,22.5,45,0,200,600
800,841,1,0.940931,0.885351,60,22,45,1,100,700
800,1457,1,0.409451,0.16765,8,24,45,1,0,800
800,842,1,0.455463,0.207447,51,26,45,1,100,700
800,1458,1,0.462146,0.213579,61,27,45,1,0,800
800,106,2,1.00765,0.510727,57,33.5,45,0,450,350
800,623,3,2.00225,1.35178,0,34.3333,45.6667,-1,150,650
800,626,1,0.979846,0.960098,19,41,45,-1,150,650
800,1459,1,1.55217,2.40923,28,46,45,-1,0,800
800,620,2,1.60018,1.30979,31.5,48.5,45.5,0,150,650
800,358,1,0.443889,0.197037,2,52,45,1,250,550
800,1460,1,0.869024,0.755202,60,54,45,1,0,800
800,630,4,3.62207,3.33937,40.75,60.75,45.5,0,150,650
800,457,2,1.01347,0.514654,10.5,0.5,46,0,200,600
800,1127,1,0.616633,0.380236,44,1,46,-1,50,750
800,458,2,1.18039,0.805613,36.5,4.5,46.5,0,200,600
800,1128,1,0.409971,0.168076,45,5,46,-1,50,750
800,621,2,1.27204,0.888285,49,9,46.5,0,150,650
800,359,1,0.499271,0.249272,30,10,46,-1,250,550
800,622,2,0.865516,0.383358,49,19,46.5,0,150,650
800,844,1,0.758041,0.574626,38,36,46,-1,100,700
800,1461,1,0.173281,0.0300264,9,50,46,-1,0,800
800,459,1,0.503909,0.253924,45,50,46,-1,200,600
800,1129,1,0.394262,0.155442,44,53,46,-1,50,750
800,845,1,0.867998,0.753421,55,54,46,1,100,700
800,846,1,0.694213,0.481931,15,55,46,1,100,700
800,1130,1,1.00965,1.01939,21,56,46,1,50,750
800,1131,2,1.03582,0.543246,1,61,46.5,0,50,750
800,847,1,0.736789,0.542859,8,62,46,-1,100,700
800,1126,1,0.53548,0.286739,33,63,46,1,50,750
800,1462,1,0.670839,0.450025,25,1,47,-1,0,800
800,253,10,6.3508,4.45077,55.9,6.6,48.3,2,350,450
800,1463,1,0.500737,0.250737,35,6,47,1,0,800
800,1464,2,1.05206,0.693762,14,10,47.5,0,0,800
800,1133,2,1.51682,1.19647,7,12.5,47,0,50,750
800,461,1,0.587998,0.345741,51,14,47,1,200,600
800,1465,1,0.705863,0.498243,11,19,47,-1,0,800
800,1134,2,1.02334,0.539277,46.5,21,47,0,50,750
800,861,2,0.896062,0.420149,14.5,22,47.5,0,100,700
800,1135,1,0.558812,0.312271,53,23,47,1,50,750
800,1136,1,0.566176,0.320555,3,28,47,1,50,750
800,1466,1,0.683088,0.466609,19,29,47,1,0,800
800,1467,1,0.895121,0.801241,9,31,47,-1,0,800
800,624,2,1.09023,0.597071,61,32.5,47,0,150,650
800,1137,2,1.37453,0.944696,33.5,33,47,0,50,750
800,1142,1,1.10762,1.22681,23,35,47,-1,50,750
800,360,1,0.522733,0.27325,8,41,47,-1,250,550
800,462,1,0.632926,0.400595,47,42,47,-1,200,600
800,627,4,2.46495,1.58452,4.75,49.5,47.75,0,150,650
800,463,4,1.18855,0.360594,0,50.25,47.25,0,200,600
800,848,1,0.597048,0.356466,28,57,47,1,100,700
800,1468,1,1.00947,1.01902,1,58,47,1,0,800
800,108,1,0.385142,0.148334,33,0,48,-1,450,350
800,1138,1,0.89058,0.793133,56,1,48,1,50,750
800,859,1,0.268788,0.0722469,53,4,48,1,100,700
800,1469,5,3.5885,2.69663,31.4,9.6,48.4,1,0,800
800,625,3,1.99514,1.57348,43.6667,10.6667,48.3333,1,150,650
800,1470,1,0.856474,0.733548,13,14,48,1,0,800
800,362,3,2.07406,1.76937,35.6667,23,48,-1,250,550
800,251,2,0.936974,0.504256,35.5,27,48.5,0,350,450
800,178,1,0.630676,0.397752,58,29,48,1,400,400
800,464,1,0.80029,0.640465,41,30,48,-1,200,600
800,850,2,0.372498,0.0748955,13.5,36,48,0,100,700
800,1471,2,1.13383,0.693064,5,41.5,48,0,0,800
800,629,3,1.88408,1.2562,21,41.6667,48.6667,-1,150,650
800,1472,1,0.404787,0.163853,18,43,48,1,0,800
800,295,1,0.0937139,0.00878229,48,44,48,1,300,500
800,865,1,0.331196,0.109691,49,46,48,1,100,700
800,851,1,0.559728,0.313296,19,48,48,1,100,700
800,852,1,0.562219,0.31609,27,49,48,1,100,700
800,361,1,0.537206,0.28859,23,51,48,1,250,550
800,853,1,0.21004,0.0441168,57,53,48,-1,100,700
800,1139,1,0.421349,0.177535,10,61,48,-1,50,750
800,252,1,0.524977,0.275601,15,62,48,-1,350,450
800,628,1,1.44198,2.07932,25,63,48,-1,150,650
800,1473,2,1.48655,1.15111,23.5,2,49,2,0,800
800,854,1,0.85125,0.724626,33,2,49,-1,100,700
800,1140,1,0.377919,0.142823,48,7,49,1,50,750
800,58,1,0.27807,0.0773232,57,10,49,1,500,300
800,1474,1,0.844571,0.7133,12,12,49,1,0,800
800,366,1,0.838805,0.703594,58,12,49,1,250,550
800,855,1,0.876805,0.768786,49,16,49,-1,100,700
800,1475,1,0.494826,0.244852,56,17,49,1,0,800
800,470,1,0.598716,0.358461,1,20,49,1,200,600
800,856,2,1.03274,0.645529,56,26.5,49,0,100,700
800,179,1,0.857247,0.734872,1,31,49,-1,400,400
800,1141,1,0.403151,0.162531,30,33,49,1,50,750
800,1476,1,0.888132,0.788779,23,34,49,1,0,800
800,864,3,1.59995,0.944785,62,39.6667,49.3333,1,100,700
800,857,2,1.16361,0.705163,23.5,43,49,0,100,700
800,1477,1,0.459007,0.210688,23,48,49,1,0,800
800,55,2,1.57614,1.41014,57.5,49,49,0,500,300
800,858,1,0.563717,0.317776,52,53,49,1,100,700
800,1143,1,0.452905,0.205123,41,59,49,1,50,750
800,1147,1,0.508671,0.258746,53,4,50,1,50,750
800,468,1,0.421362,0.177546,41,7,50,-1,200,600
800,866,1,0.472994,0.223724,61,7,50,-1,100,700
800,1478,1,0.733843,0.538526,36,10,50,1,0,800
800,860,1,0.558392,0.311801,24,13,50,1,100,700
800,254,2,1.49029,1.17735,16.5,15,50,0,350,450
800,631,1,0.383296,0.146916,9,16,50,1,150,650
800,466,2,1.38077,1.17898,17.5,17.5,50,0,200,600
800,1479,1,0.914738,0.836745,36,17,50,1,0,800
800,1480,1,1.03669,1.07472,20,18,50,1,0,800
800,1144,1,1.03291,1.0669,30,18,50,1,50,750
800,110,1,0.73801,0.544659,52,18,50,-1,450,350
800,1481,2,1.42734,1.01889,14.5,20.5,50,0,0,800
800,862,1,0.884835,0.782934,33,21,50,1,100,700
800,23,1,0.641031,0.410921,62,26,50,-1,550,250
800,57,1,0.6879,0.473206,63,28,50,-1,500,300
800,1482,1,0.581436,0.338068,7,30,50,1,0,800
800,467,1,0.232847,0.0542177,49,33,50,-1,200,600
800,1483,1,0.821295,0.674526,33,34,50,1,0,800
800,863,2,0.752469,0.290352,57,39,50.5,0,100,700
800,255,1,0.127034,0.0161377,49,44,50,1,350,450
800,1484,2,0.979945,0.53485,49,46,50.5,2,0,800
800,1145,1,0.688626,0.474206,63,47,50,-1,50,750
800,639,1,0.313528,0.0982999,27,48,50,-1,150,650
800,1146,1,1.1011,1.21242,7,59,50,-1,50,750
800,632,1,0.570377,0.32533,39,4,51,-1,150,650
800,363,2,0.842439,0.39935,10.5,6,51,0,250,550
800,181,1,0.609571,0.371576,55,6,51,1,400,400
800,1148,1,1.00049,1.00099,26,8,51,1,50,750
800,469,1,0.14539,0.0211382,1,9,51,-1,200,600
800,869,2,1.08894,0.592943,60,10.5,51,0,100,700
800,641,1,1.1036,1.21792,55,11,51,1,150,650
800,473,2,1.11189,0.663625,45,12.5,51,0,200,600
800,476,1,0.718233,0.515859,8,14,51,-1,200,600
800,877,1,1.22212,1.49358,34,15,51,-1,100,700
800,637,3,2.56332,2.34297,47.6667,15.3333,51,1,150,650
800,870,1,0.636601,0.405261,1,17,51,-1,100,700
800,873,1,0.424787,0.180444,26,21,51,1,100,700
800,22,1,0.761997,0.580639,15,25,51,-1,550,250
800,1485,2,0.669571,0.310638,12,26.5,51,0,0,800
800,633,2,0.931306,0.453471,24,26.5,51,0,150,650
800,1486,2,1.26381,0.86463,60,26,51.5,0,0,800
800,1487,1,0.579652,0.335997,42,30,51,-1,0,800
800,1488,1,0.785986,0.617775,48,36,51,-1,0,800
800,638,1,0.569338,0.324146,20,40,51,1,150,650
800,1489,2,1.20395,0.913135,8.5,40.5,51.5,0,0,800
800,1151,4,2.72624,2.07714,57.75,43.25,51.5,-2,50,750
800,867,1,0.659277,0.434646,62,51,51,-1,100,700
800,364,4,2.79644,2.17357,35.25,54.25,52,0,250,550
800,180,4,2.51494,1.60562,60.75,55.5,51.25,0,400,400
800,296,1,0.55715,0.310416,56,56,51,1,300,500
800,1490,1,0.39338,0.154748,34,59,51,1,0,800
800,257,5,2.77908,1.94244,17.8,60.6,52.4,1,350,450
800,1491,1,0.312495,0.0976534,7,62,51,-1,0,800
800,1492,2,0.83386,0.358419,13.5,62.5,51.5,0,0,800
800,871,5,3.13832,2.47844,58.2,5.8,52.6,1,100,700
800,868,1,0.545473,0.297541,18,6,52,1,100,700
800,1493,1,0.736997,0.543165,18,8,52,1,0,800
800,1153,2,2.12443,3.1223,43,10,52.5,0,50,750
800,876,3,1.99044,1.41463,57.3333,12,52,-1,100,700
800,1160,1,0.672136,0.451767,9,12,52,-1,50,750
800,182,1,0.775185,0.600911,55,13,52,-1,400,400
800,1494,1,0.651576,0.424552,53,14,52,-1,0,800
800,1495,1,0.481303,0.231652,19,17,52,-1,0,800
800,1149,1,0.234952,0.0552023,3,19,52,1,50,750
800,1150,1,0.496695,0.246706,8,20,52,1,50,750
800,872,1,0.445741,0.198685,49,20,52,1,100,700
800,56,1,0.873095,0.762295,57,21,52,-1,500,300
800,1496,1,0.552075,0.304787,1,22,52,1,0,800
800,365,1,0.433026,0.187512,55,22,52,1,250,550
800,634,1,0.313369,0.0982004,1,27,52,-1,150,650
800,1157,1,0.628506,0.395019,36,28,52,1,50,750
800,1497,2,1.58158,1.56767,44,29,52.5,0,0,800
800,24,1,0.786428,0.618469,1,42,52,1,550,250
800,635,2,1.09974,0.64403,13,43.5,52,0,150,650
800,471,5,2.40652,1.2097,53,44.8,52.6,1,200,600
800,472,2,0.848681,0.394255,55.5,53,52,0,200,600
800,640,2,0.819648,0.346479,18,54,52.5,0,150,650
800,636,1,0.871951,0.760299,54,60,52,-1,150,650
800,1498,1,0.604844,0.365836,10,0,53,-1,0,800
800,109,1,0.545622,0.297703,33,0,53,1,450,350
800,1152,1,0.618199,0.38217,61,4,53,-1,50,750
800,885,1,0.493454,0.243497,0,10,53,1,100,700
800,1154,1,0.577753,0.333798,45,16,53,1,50,750
800,1499,1,0.689413,0.475291,52,18,53,-1,0,800
800,1155,1,0.522639,0.273151,27,19,53,1,50,750
800,1156,1,0.430502,0.185332,23,21,53,-1,50,750
800,1500,1,0.405418,0.164364,36,25,53,-1,0,800
800,256,1,0.747054,0.55809,20,26,53,-1,350,450
800,25,6,4.546,3.55257,27.3333,28.1667,53.5,0,550,250
800,26,4,2.75554,2.40724,57.25,35.25,53.5,0,550,250
800,1501,1,0.678602,0.4605,26,36,53,1,0,800
800,1158,1,0.530637,0.281576,34,38,53,1,50,750
800,1159,1,0.787131,0.619576,19,42,53,1,50,750
800,184,1,0.494081,0.244116,51,42,53,1,400,400
800,1502,1,1.17744,1.38637,25,48,53,1,0,800
800,1171,1,0.328522,0.107927,57,51,53,-1,50,750
800,28,1,0.391538,0.153302,26,53,53,1,550,250
800,1503,1,0.588988,0.346907,24,56,53,1,0,800
800,879,2,1.13123,0.673163,16.5,58.5,53,0,100,700
800,185,1,0.772567,0.59686,3,60,53,-1,400,400
800,186,2,1.95925,1.93038,38.5,60,53,0,400,400
800,474,1,0.451357,0.203723,28,63,53,1,200,600
800,369,1,0.724841,0.525394,38,3,54,1,250,550
800,880,2,2.09944,2.20428,3.5,3.5,54.5,0,100,700
800,874,1,0.697945,0.487127,29,6,54,-1,100,700
800,875,1,0.441784,0.195173,47,8,54,-1,100,700
800,475,1,0.549851,0.302336,28,10,54,-1,200,600
800,1504,1,0.73089,0.5342,13,11,54,-1,0,800
800,881,5,2.46595,1.52573,56.2,11.2,54.2,1,100,700
800,189,5,3.24411,2.25166,35,12.8,55.2,1,400,400
800,1505,1,0.921275,0.848747,9,14,54,1,0,800
800,1506,1,0.79326,0.629262,34,16,54,1,0,800
800,1161,1,0.867807,0.75309,4,17,54,1,50,750
800,1507,1,0.909152,0.826558,57,18,54,-1,0,800
800,297,4,3.39399,2.99076,62.5,19,54.25,0,300,500
800,1162,1,0.734702,0.539788,3,22,54,1,50,750
800,258,1,0.355585,0.126441,8,23,54,-1,350,450
800,1508,1,0.203201,0.0412907,57,23,54,-1,0,800
800,1168,3,2.2382,1.86226,3,24,54,-1,50,750
800,1163,1,0.410636,0.168622,21,28,54,-1,50,750
800,477,1,0.819691,0.671893,26,32,54,-1,200,600
800,1509,1,0.744945,0.554943,50,32,54,-1,0,800
800,1510,1,0.77162,0.595397,35,35,54,-1,0,800
800,478,3,1.01051,0.349514,55,36.3333,54.6667,1,200,600
800,642,1,0.380406,0.144709,4,38,54,1,150,650
800,1173,1,0.949993,0.902486,58,38,54,1,50,750
800,27,4,2.74777,2.01049,52,50.5,55,0,550,250
800,1174,1,0.143926,0.0207147,24,53,54,-1,50,750
800,1511,1,0.580723,0.337239,40,53,54,1,0,800
800,60,3,2.41205,2.34336,5.66667,55.6667,54.6667,-1,500,300
800,878,1,1.0497,1.10188,12,56,54,1,100,700
800,187,1,0.738933,0.546022,63,57,54,-1,400,400
800,1166,2,1.74359,1.52316,27.5,4.5,55.5,0,50,750
800,1512,1,0.532606,0.28367,61,4,55,-1,0,800
800,1513,1,0.554037,0.306957,53,8,55,-1,0,800
800,367,1,0.896493,0.8037,4,10,55,-1,250,550
800,1167,1,0.640587,0.410352,56,14,55,1,50,750
800,188,1,0.264859,0.0701501,11,23,55,-1,400,400
800,882,1,0.668133,0.446401,18,24,55,1,100,700
800,1514,1,0.395343,0.156296,6,25,55,-1,0,800
800,1515,2,1.19258,0.861105,11.5,25.5,55.5,0,0,800
800,1516,1,0.610795,0.373071,9,27,55,1,0,800
800,646,3,1.90358,1.3829,41.6667,26.3333,55.6667,1,150,650
800,1517,1,0.3937,0.155,25,28,55,-1,0,800
800,888,1,0.62244,0.387431,0,30,55,-1,100,700
800,259,1,0.897986,0.80638,8,33,55,1,350,450
800,1518,1,0.607981,0.369641,1,36,55,-1,0,800
800,883,1,0.337948,0.114209,51,36,55,-1,100,700
800,1519,1,0.472982,0.223712,62,41,55,-1,0,800
800,298,3,1.76685,1.29603,30,42.6667,55.6667,-1,300,500
800,1520,1,0.49783,0.247834,46,43,55,-1,0,800
800,1169,1,0.654005,0.427723,56,44,55,-1,50,750
800,1170,1,0.863091,0.744926,30,45,55,1,50,750
800,1521,1,0.209719,0.043982,55,49,55,-1,0,800
800,1522,1,0.421811,0.177925,56,51,55,-1,0,800
800,299,3,2.18854,1.64645,10,54.3333,55.6667,1,300,500
800,1523,1,0.7217,0.520851,43,56,55,1,0,800
800,1524,1,1.27495,1.62549,5,58,55,-1,0,800
800,643,1,0.422213,0.178264,57,58,55,-1,150,650
800,884,1,0.676036,0.457025,9,59,55,1,100,700
800,644,1,0.365087,0.133288,40,61,55,-1,150,650
800,368,1,0.458697,0.210403,4,62,55,1,250,550
800,59,1,0.914855,0.836959,45,1,56,1,500,300
800,645,1,0.742751,0.551679,38,6,56,1,150,650
800,1176,1,0.878416,0.771615,1,9,56,-1,50,750
800,191,2,1.7094,1.66286,45,13,56.5,0,400,400
800,370,1,0.759093,0.576222,17,20,56,-1,250,550
800,1525,1,0.967026,0.935139,31,21,56,-1,0,800
800,114,1,0.962672,0.926738,44,21,56,-1,450,350
800,479,1,0.216107,0.0467023,1,22,56,1,200,600
800,1526,1,0.609633,0.371653,4,33,56,1,0,800
800,886,2,1.0557,0.574928,11.5,33,56,0,100,700
800,647,2,1.23166,0.796297,41,33.5,56,0,150,650
800,887,2,0.673649,0.255817,42.5,38.5,56.5,0,100,700
800,889,2,1.45299,1.06527,8.5,40.5,56.5,2,100,700
800,480,2,1.53666,1.18068,7,43.5,56,0,200,600
800,1527,1,0.692174,0.479105,10,45,56,-1,0,800
800,115,1,0.520685,0.271112,7,52,56,-1,450,350
800,300,4,2.39564,1.68455,5,53.75,56.5,0,300,500
800,1528,1,0.462735,0.214123,25,55,56,1,0,800
800,481,2,0.982757,0.483203,19.5,55.5,56.5,0,200,600
800,482,1,0.735999,0.541694,20,1,57,1,200,600
800,371,2,1.29342,0.837337,9,5.5,57,0,250,550
800,372,1,0.918187,0.843068,19,8,57,-1,250,550
800,190,3,1.35134,0.799973,5,13.6667,57.6667,-1,400,400
800,111,2,0.696887,0.243079,47.5,19.5,57,0,450,350
800,1172,1,0.638049,0.407107,40,22,57,1,50,750
800,1179,4,3.04075,2.60401,38.25,24.75,58,0,50,750
800,1529,1,0.732165,0.536065,0,31,57,-1,0,800
800,30,2,0.835727,0.422953,55,33,57.5,0,550,250
800,64,1,0.543449,0.295337,10,35,57,-1,500,300
800,1530,1,0.505628,0.25566,58,39,57,1,0,800
800,894,1,0.693836,0.481409,38,40,57,-1,100,700
800,1531,1,0.902454,0.814423,6,41,57,1,0,800
800,1532,1,0.497912,0.247916,23,51,57,-1,0,800
800,890,2,1.32404,0.945947,12.5,52.5,57,0,100,700
800,648,1,0.859345,0.738475,36,52,57,-1,150,650
800,1533,1,0.52739,0.27814,58,52,57,1,0,800
800,112,2,1.88288,1.80585,23,5,58.5,0,450,350
800,484,2,1.01654,0.858704,58,5.5,58,0,200,600
800,891,1,0.570842,0.32586,37,7,58,-1,100,700
800,1175,1,0.978399,0.957265,50,8,58,-1,50,750
800,1534,1,0.4732,0.223919,0,10,58,1,0,800
800,1177,2,0.701274,0.2604,26.5,10,58,0,50,750
800,1178,1,0.286039,0.0818182,42,10,58,-1,50,750
800,192,1,0.718518,0.516268,17,14,58,-1,400,400
800,651,1,0.728055,0.530064,25,14,58,-1,150,650
800,373,1,0.521606,0.272073,8,15,58,-1,250,550
800,374,1,0.595692,0.354849,22,17,58,-1,250,550
800,1535,1,0.228855,0.0523747,0,18,58,1,0,800
800,1536,1,0.595369,0.354464,25,18,58,1,0,800
800,113,1,0.857899,0.735991,39,18,58,-1,450,350
800,1537,1,0.938931,0.881592,3,19,58,-1,0,800
800,1538,1,0.649215,0.42148,15,21,58,1,0,800
800,892,1,0.651606,0.424591,62,25,58,1,100,700
800,260,3,1.63322,0.91673,32.6667,26,58.3333,1,350,450
800,29,1,0.418113,0.174819,21,30,58,-1,550,250
800,893,1,0.901482,0.812671,25,35,58,1,100,700
800,68,3,1.19437,0.640652,59.3333,34.6667,59,1,500,300
800,1180,1,0.756295,0.571982,41,38,58,1,50,750
800,895,1,0.859824,0.739298,23,42,58,-1,100,700
800,302,2,0.988117,0.522865,13,44,58.5,0,300,500
800,1539,1,0.345437,0.119326,40,49,58,-1,0,800
800,649,1,0.901465,0.81264,28,50,58,-1,150,650
800,301,1,0.30911,0.0955489,63,50,58,-1,300,500
800,654,1,0.735725,0.541291,7,54,58,1,150,650
800,485,1,0.599377,0.359253,47,4,59,1,200,600
800,1540,1,0.54795,0.300249,49,4,59,-1,0,800
800,494,1,0.642097,0.412288,63,4,59,-1,200,600
800,659,1,0.517054,0.267345,60,6,59,-1,150,650
800,303,1,0.6753,0.45603,10,9,59,-1,300,500
800,1181,2,1.80212,1.66493,46,12.5,59,0,50,750
800,650,1,1.11857,1.2512,58,13,59,-1,150,650
800,1541,1,0.913029,0.833622,25,16,59,1,0,800
800,1187,3,1.96539,1.40482,43.6667,21,59.3333,-1,50,750
800,1188,3,1.77085,1.34923,62,22.6667,59.3333,1,50,750
800,1542,1,1.91316,3.66019,57,24,59,-1,0,800
800,378,1,0.575279,0.330946,5,27,59,-1,250,550
800,899,1,0.282655,0.079894,32,30,59,-1,100,700
800,1543,1,0.662779,0.439276,0,32,59,-1,0,800
800,1189,3,2.98608,3.51261,31.3333,31.6667,60,-1,50,750
800,61,1,0.8973,0.805147,7,33,59,1,500,300
800,896,1,1.384,1.91545,3,36,59,-1,100,700
800,902,1,0.363331,0.132009,2,38,59,1,100,700
800,31,1,0.552701,0.305478,26,38,59,1,550,250
800,1182,1,0.910724,0.829418,27,40,59,1,50,750
800,1183,1,0.275257,0.0757666,19,41,59,-1,50,750
800,1184,1,0.613943,0.376927,42,41,59,1,50,750
800,652,1,0.881334,0.77675,44,41,59,1,150,650
800,1544,1,0.613269,0.376099,47,42,59,-1,0,800
800,1545,1,0.169809,0.028835,54,42,59,-1,0,800
800,1546,1,0.266155,0.0708384,57,42,59,-1,0,800
800,375,1,0.443199,0.196426,2,45,59,-1,250,550
800,495,1,0.56354,0.317578,26,45,59,-1,200,600
800,1547,1,1.36572,1.8652,60,51,59,1,0,800
800,653,1,0.43887,0.192607,4,55,59,1,150,650
800,1548,2,0.99412,0.506809,9.5,55.5,59,0,0,800
800,62,2,1.11051,0.776699,31,55,59.5,0,500,300
800,376,3,1.27089,0.616899,46,54.3333,59.6667,1,250,550
800,657,2,0.652641,0.253986,59,63,59.5,0,150,650
800,486,1,0.445012,0.198035,23,0,60,1,200,600
800,1194,1,0.53258,0.283642,63,2,60,-1,50,750
800,1185,1,0.626673,0.392719,20,5,60,-1,50,750
800,1186,1,1.03796,1.07737,56,10,60,1,50,750
800,63,1,0.4958,0.245817,38,11,60,-1,500,300
800,1196,2,2.36836,2.93132,53.5,13,60,0,50,750
800,489,1,0.445143,0.198152,61,13,60,1,200,600
800,1549,1,0.72241,0.521875,59,15,60,-1,0,800
800,487,1,0.497572,0.247578,18,16,60,1,200,600
800,897,1,0.867312,0.75223,41,18,60,-1,100,700
800,1550,1,0.26398,0.0696856,41,20,60,-1,0,800
800,488,1,0.574325,0.329849,48,21,60,-1,200,600
800,655,1,0.901984,0.813574,60,21,60,-1,150,650
800,193,1,0.492275,0.242334,25,24,60,1,400,400
800,898,1,0.282497,0.0798045,28,25,60,-1,100,700
800,261,1,0.647793,0.419636,6,31,60,-1,350,450
800,1551,1,0.917127,0.841122,2,32,60,-1,0,800
800,903,1,0.57658,0.332444,12,34,60,1,100,700
800,1190,2,1.6635,1.69593,29,34,60.5,0,50,750
800,194,1,0.322055,0.103719,56,34,60,-1,400,400
800,262,1,0.429117,0.184141,53,35,60,1,350,450
800,65,3,1.73454,1.05118,63,35.6667,60.3333,1,500,300
800,1191,1,0.601737,0.362088,29,42,60,-1,50,750
800,1192,1,0.719749,0.518039,31,44,60,1,50,750
800,656,1,0.544975,0.296998,16,53,60,1,150,650
800,66,1,0.33955,0.115294,21,57,60,1,500,300
800,67,1,0.284417,0.0808928,36,60,60,-1,500,300
800,496,1,0.514389,0.264596,4,5,61,1,200,600
800,195,2,1.34001,0.942725,27,5.5,61,0,400,400
800,900,1,0.67005,0.448967,8,6,61,1,100,700
800,908,1,0.747382,0.558579,17,7,61,-1,100,700
800,196,1,0.753572,0.56787,24,7,61,-1,400,400
800,1552,1,0.40613,0.164942,61,7,61,-1,0,800
800,1553,1,0.533124,0.284221,11,8,61,-1,0,800
800,1193,1,0.240902,0.0580337,63,12,61,-1,50,750
800,901,3,1.82215,1.12157,28,13,61.6667,-1,100,700
800,906,1,0.374452,0.140214,19,14,61,-1,100,700
800,1554,1,0.5012,0.251201,3,22,61,-1,0,800
800,490,1,0.666378,0.444059,18,24,61,1,200,600
800,1555,3,1.64664,0.919659,6,26.6667,61.6667,-1,0,800
800,491,1,0.434939,0.189172,21,34,61,1,200,600
800,264,1,0.40442,0.163556,37,35,61,-1,350,450
800,1556,1,0.761525,0.57992,5,37,61,-1,0,800
800,1557,2,0.956374,0.524922,11.5,37.5,61,0,0,800
800,904,1,0.563782,0.31785,20,37,61,1,100,700
800,492,1,0.633858,0.401776,61,37,61,1,200,600
800,377,1,0.671694,0.451173,16,38,61,1,250,550
800,905,1,0.715839,0.512426,61,47,61,-1,100,700
800,493,1,0.809804,0.655783,38,52,61,-1,200,600
800,1558,1,0.138461,0.0191715,4,0,62,-1,0,800
800,1559,1,0.273578,0.074845,24,1,62,-1,0,800
800,1560,1,1.5701,2.46521,47,1,62,-1,0,800
800,658,1,0.52793,0.27871,15,4,62,-1,150,650
800,1561,3,1.86185,1.61783,60.3333,4.66667,62.3333,-1,0,800
800,263,1,1.0528,1.10839,42,8,62,-1,350,450
800,1562,1,0.488425,0.238559,11,13,62,1,0,800
800,1195,1,0.271326,0.0736179,17,13,62,1,50,750
800,1563,1,0.187172,0.0350335,54,13,62,1,0,800
800,1564,2,1.97773,1.95691,52,13.5,62.5,0,0,800
800,1565,1,0.451091,0.203483,16,20,62,1,0,800
800,1197,1,0.631988,0.399409,29,26,62,-1,50,750
800,198,2,1.30766,0.931736,48.5,31,62,0,400,400
800,907,1,1.08435,1.17581,62,34,62,1,100,700
800,1566,1,0.449722,0.20225,59,41,62,-1,0,800
800,1567,1,0.708349,0.501758,1,43,62,1,0,800
800,1198,1,0.434192,0.188523,10,43,62,1,50,750
800,1568,1,0.34293,0.117601,61,44,62,1,0,800
800,1199,1,0.581576,0.338231,24,46,62,1,50,750
800,499,1,0.44438,0.197474,5,48,62,-1,200,600
800,1569,1,0.67765,0.459209,10,55,62,1,0,800
800,660,1,0.380576,0.144838,44,59,62,-1,150,650
800,500,1,0.513179,0.263353,24,60,62,-1,200,600
800,379,1,1.06873,1.14219,18,61,62,-1,250,550
800,199,1,0.367031,0.134712,40,61,62,-1,400,400
800,1570,1,0.833596,0.694883,5,5,63,1,0,800
800,1200,1,0.356168,0.126856,23,5,63,-1,50,750
800,1571,1,0.653964,0.427669,17,6,63,-1,0,800
800,1572,1,0.151598,0.0229819,37,10,63,1,0,800
800,1201,1,0.281955,0.0794985,17,15,63,1,50,750
800,1573,1,0.312913,0.0979148,23,20,63,1,0,800
800,909,1,0.654136,0.427894,48,21,63,-1,100,700
800,1574,1,0.548283,0.300614,36,22,63,1,0,800
800,1202,1,0.734156,0.538985,57,26,63,-1,50,750
800,1203,1,0.701136,0.491592,31,32,63,1,50,750
800,1575,1,0.412123,0.169845,42,32,63,1,0,800
800,911,1,0.776981,0.603699,37,33,63,-1,100,700
800,661,1,0.720282,0.518806,52,39,63,-1,150,650
800,662,1,0.966682,0.934474,6,41,63,-1,150,650
800,663,1,0.58346,0.340426,52,43,63,1,150,650
800,1576,1,0.468901,0.219868,7,46,63,-1,0,800
800,1577,1,0.446758,0.199593,55,47,63,-1,0,800
800,1578,1,0.171025,0.0292496,2,50,63,1,0,800
800,1579,1,0.416807,0.173728,27,58,63,1,0,800
800,501,1,0.573864,0.32932,57,59,63,1,200,600
800,502,1,0.656382,0.430837,37,60,63,-1,200,600
800,1580,1,0.964631,0.930513,57,63,63,1,0,800
850,265,2,1.90793,1.87592,49.5,3.5,-0.5,0,350,500
850,664,3,1.43257,0.705525,40.3333,5.66667,-0.333333,-1,150,700
850,1581,1,0.849359,0.72141,34,6,0,-1,0,850
850,1217,1,0.326979,0.106915,62,6,0,-1,50,800
850,1582,1,0.586733,0.344256,37,8,0,-1,0,850
850,912,2,2.57593,3.38277,10,11.5,0,0,100,750
850,268,1,0.365038,0.133253,29,11,0,1,350,500
850,1583,3,1.93419,1.24881,52.3333,13.3333,-1,-1,0,850
850,1204,1,0.397675,0.158146,9,15,0,1,50,800
850,505,1,1.6912,2.86015,21,15,0,-1,200,650
850,1205,2,0.953986,0.563128,0,16,-0.5,0,50,800
850,1206,4,2.97046,2.33477,27.75,20,1.5,-2,50,800
850,913,1,0.998293,0.996589,14,21,0,-1,100,750
850,304,1,0.876745,0.768682,56,21,0,1,300,550
850,70,1,0.612455,0.375101,43,22,0,-1,500,350
850,669,10,6.77363,4.83057,58.7,20.1,1.3,2,150,700
850,914,1,0.466567,0.217685,27,23,0,-1,100,750
850,305,3,1.4862,0.760183,11,24,-1,-1,300,550
850,665,1,0.427846,0.183052,23,24,0,-1,150,700
850,503,3,1.46126,0.754974,36.3333,24,-1,1,200,650
850,1207,2,1.29094,0.835902,6.5,25,0,0,50,800
850,120,2,1.44132,1.12503,40.5,26.5,-0.5,0,450,400
850,915,1,0.432722,0.187248,30,28,0,1,100,750
850,204,1,0.312492,0.0976514,47,32,0,-1,400,450
850,1584,1,0.817371,0.668096,13,33,0,1,0,850
850,918,1,0.301173,0.0907052,39,33,0,-1,100,750
850,124,3,1.70604,1.04058,53.3333,36,0,-1,450,400
850,504,2,0.806573,0.329597,31,37.5,0,0,200,650
850,1208,1,0.472325,0.22309,2,38,0,-1,50,800
850,666,4,3.34479,3.08209,4.25,43.5,-0.25,0,150,700
850,116,4,2.02875,1.35965,4.25,47.5,0.25,0,450,400
850,916,3,2.27223,1.82509,30,49,-0.333333,1,100,750
850,266,2,1.0325,0.534565,28,48.5,-0.5,0,350,500
850,122,1,1.20432,1.45038,59,50,0,1,450,400
850,117,2,0.978048,0.55079,48.5,52,0.5,0,450,400
850,1209,3,1.61391,1.11338,37,54.3333,-0.333333,-1,50,800
850,385,1,1.01958,1.03954,57,57,0,-1,250,600
850,118,1,0.876426,0.768123,10,58,0,1,450,400
850,381,2,1.68514,1.43533,45.5,58,0,0,250,600
850,1216,1,0.739549,0.546933,8,59,0,1,50,800
850,667,1,1.0646,1.13337,21,59,0,-1,150,700
850,1585,1,0.622488,0.387491,6,61,0,-1,0,850
850,205,4,3.3004,2.92687,14.5,61.75,-0.75,0,400,450
850,1210,2,0.923514,0.42826,-0.5,0,1,0,50,800
850,668,2,1.85972,1.73636,37,0,1.5,0,150,700
850,508,2,2.25447,2.55309,46,1,1.5,0,200,650
850,1586,1,0.429333,0.184327,52,1,1,1,0,850
850,267,1,0.503979,0.253995,61,1,1,-1,350,500
850,509,4,4.10859,4.82506,25.5,5.25,2.25,0,200,650
850,1211,3,1.4276,0.901865,30.3333,9.33333,1.66667,1,50,800
850,1587,1,0.370576,0.137327,49,10,1,1,0,850
850,923,1,0.977029,0.954585,4,11,1,1,100,750
850,1588,1,0.828274,0.686038,21,18,1,1,0,850
850,506,1,0.520184,0.270592,38,18,1,-1,200,650
850,1212,1,0.987956,0.976058,30,19,1,-1,50,800
850,938,3,1.50592,0.776971,40.6667,24,1.66667,-1,100,750
850,387,2,1.11994,0.641136,56.5,26.5,1.5,0,250,600
850,307,1,0.383274,0.146899,0,27,1,1,300,550
850,675,7,5.23782,4.46049,2.57143,28.5714,1.57143,1,150,700
850,1589,1,0.655172,0.42925,35,28,1,1,0,850
850,1213,2,1.03037,0.575347,40,29,1.5,0,50,800
850,1590,2,1.61441,1.36712,48.5,30,1.5,0,0,850
850,917,1,1.01306,1.0263,7,32,1,1,100,750
850,1214,2,2.31753,3.09287,36,33.5,1,0,50,800
850,1591,1,0.902712,0.814889,10,34,1,-1,0,850
850,1215,1,0.35127,0.123391,43,37,1,1,50,800
850,919,1,0.610703,0.372958,21,39,1,1,100,750
850,33,2,1.03216,0.542991,49,43,1.5,0,550,300
850,507,2,1.0264,0.562438,12.5,44,1.5,0,200,650
850,926,4,2.87703,2.52277,62,45.5,2.25,0,100,750
850,670,1,0.658982,0.434258,17,47,1,-1,150,700
850,671,1,0.471797,0.222593,27,54,1,1,150,700
850,200,4,3.08353,2.55626,13.75,57.25,2,0,400,450
850,1592,1,0.639283,0.408682,6,59,1,-1,0,850
850,382,1,0.975468,0.951538,30,59,1,-1,250,600
850,119,1,0.188424,0.0355037,35,62,1,1,450,400
850,920,2,0.957192,0.485536,14,-0.5,2.5,0,100,750
850,922,1,0.580902,0.337447,19,0,2,1,100,750
850,672,1,0.483127,0.233411,44,2,2,-1,150,700
850,1593,1,0.677013,0.458346,18,5,2,-1,0,850
850,383,1,0.923698,0.853219,0,6,2,-1,250,600
850,1594,1,0.42331,0.179191,36,8,2,-1,0,850
850,1595,1,1.24125,1.5407,63,8,2,1,0,850
850,1596,1,0.726304,0.527517,25,11,2,-1,0,850
850,1597,1,0.803194,0.64512,29,12,2,-1,0,850
850,1598,1,0.346552,0.120098,24,14,2,1,0,850
850,510,1,0.821668,0.675139,42,17,2,1,200,650
850,673,1,0.784987,0.616204,47,17,2,-1,150,700
850,1221,1,0.484063,0.234317,53,17,2,-1,50,800
850,1218,2,0.767536,0.29513,52,23,2.5,0,50,800
850,306,1,0.518244,0.268577,45,26,2,-1,300,550
850,202,1,0.539163,0.290697,25,27,2,1,400,450
850,384,1,0.397233,0.157794,56,32,2,-1,250,600
850,1599,1,0.932003,0.868629,34,33,2,-1,0,850
850,32,1,0.554889,0.307902,21,34,2,1,550,300
850,511,9,5.58869,4.71628,53.1111,37.4444,2.55556,-1,200,650
850,35,1,0.620203,0.384652,8,47,2,1,550,300
850,1600,1,0.86154,0.742252,45,51,2,-1,0,850
850,1601,2,1.02147,0.688464,44.5,54,2,0,0,850
850,1602,3,1.92087,1.45215,57.6667,59,2.33333,-1,0,850
850,1224,1,0.600363,0.360435,15,61,2,-1,50,800
850,677,2,1.41035,1.08744,40,61.5,2.5,0,150,700
850,1603,1,0.549634,0.302097,17,1,3,1,0,850
850,1219,1,0.47621,0.226776,62,1,3,1,50,800
850,1220,2,0.998418,0.50808,48,1.5,3.5,0,50,800
850,34,3,1.70889,1.01627,7.66667,5.66667,4,-1,550,300
850,1228,1,0.442901,0.196162,5,8,3,-1,50,800
850,1604,1,0.47364,0.224335,56,15,3,-1,0,850
850,212,1,0.265478,0.0704784,27,25,3,1,400,450
850,678,2,1.27,0.845658,59,25,3.5,0,150,700
850,928,2,1.53805,1.43744,19.5,26,3.5,0,100,750
850,680,1,0.161948,0.0262272,50,31,3,-1,150,700
850,924,1,0.737135,0.543369,42,32,3,1,100,750
850,1605,1,0.552159,0.304879,26,33,3,1,0,850
850,676,1,0.531491,0.282483,56,34,3,1,150,700
850,121,1,0.391439,0.153224,14,36,3,-1,450,400
850,925,2,1.26008,0.847982,14,38.5,3,0,100,750
850,1606,1,0.854756,0.730608,38,39,3,-1,0,850
850,1607,1,0.88589,0.784801,24,40,3,-1,0,850
850,685,1,0.652025,0.425137,59,41,3,1,150,700
850,1223,2,0.817467,0.342196,2,43.5,3,0,50,800
850,1608,2,1.19018,0.792356,5,47,3.5,0,0,850
850,1609,1,0.432411,0.186979,58,50,3,-1,0,850
850,1610,1,0.740439,0.54825,47,52,3,-1,0,850
850,936,1,0.394959,0.155993,58,52,3,-1,100,750
850,1611,1,0.87046,0.757701,6,53,3,-1,0,850
850,514,1,0.548977,0.301376,49,54,3,1,200,650
850,386,1,0.510658,0.260771,11,55,3,1,250,600
850,931,1,0.458427,0.210155,36,56,3,-1,100,750
850,1225,1,0.95802,0.917802,12,60,3,-1,50,800
850,1612,1,1.1881,1.41158,42,61,3,-1,0,850
850,927,1,1.23088,1.51507,62,61,3,1,100,750
850,123,1,0.375005,0.140628,49,63,3,-1,450,400
850,206,2,1.15014,0.678365,37,3,4.5,0,400,450
850,942,1,1.43645,2.0634,11,5,4,1,100,750
850,513,1,1.20711,1.45712,12,9,4,-1,200,650
850,37,1,0.440775,0.194283,3,14,4,-1,550,300
850,38,1,0.818126,0.66933,33,16,4,-1,550,300
850,392,1,1.0188,1.03796,14,20,4,1,250,600
850,1613,1,0.846829,0.717119,24,20,4,-1,0,850
850,1239,2,1.19433,0.881128,42,23.5,4.5,0,50,800
850,1240,4,4.00104,4.93631,4.25,26.25,5.25,-2,50,800
850,1226,1,0.534459,0.285647,61,26,4,-1,50,800
850,209,1,0.496879,0.246889,0,27,4,-1,400,450
850,679,1,0.499015,0.249016,42,27,4,1,150,700
850,929,1,0.529513,0.280384,20,28,4,1,100,750
850,388,1,0.594338,0.353237,25,28,4,1,250,600
850,681,1,0.525294,0.275933,53,30,4,-1,150,700
850,945,1,0.620633,0.385186,55,30,4,-1,100,750
850,930,4,2.90987,2.3763,17.75,35.25,4.75,-2,100,750
850,1614,1,0.248587,0.0617954,30,36,4,1,0,850
850,1233,1,1.34454,1.80778,31,39,4,1,50,800
850,682,3,2.02441,1.46337,52.3333,40,4.33333,-1,150,700
850,125,1,0.351663,0.123667,56,40,4,1,450,400
850,269,2,0.912314,0.417649,61,41,4.5,0,350,500
850,686,1,0.602971,0.363574,8,42,4,1,150,700
850,389,1,0.748513,0.560272,28,42,4,-1,250,600
850,308,1,0.987857,0.975862,44,42,4,-1,300,550
850,390,1,0.791676,0.626752,33,43,4,1,250,600
850,210,1,0.69548,0.483692,25,44,4,-1,400,450
850,1615,1,0.728127,0.530169,55,51,4,-1,0,850
850,935,2,0.824649,0.422848,35.5,53.5,4.5,0,100,750
850,270,5,4.09166,3.39788,17,55.8,5.2,3,350,500
850,1616,1,0.492706,0.242759,8,58,4,-1,0,850
850,126,1,0.639182,0.408553,36,59,4,1,450,400
850,683,1,0.580244,0.336683,31,61,4,1,150,700
850,1617,2,1.48083,1.16762,26.5,62.5,4.5,0,0,850
850,1618,1,0.700508,0.490711,36,62,4,1,0,850
850,1227,1,0.980389,0.961163,11,0,5,1,50,800
850,1619,1,0.437809,0.191677,33,1,5,-1,0,850
850,271,1,0.205825,0.0423637,58,4,5,-1,350,500
850,1620,1,0.560848,0.31455,62,4,5,1,0,850
850,69,1,0.34727,0.120597,40,6,5,-1,500,350
850,391,2,1.09228,0.745232,51,7,5.5,0,250,600
850,1229,2,1.49793,1.22691,5,8,5.5,0,50,800
850,1230,1,0.568982,0.323741,3,9,5,-1,50,800
850,1621,1,0.185749,0.0345026,17,10,5,-1,0,850
850,948,1,0.942322,0.88797,0,11,5,-1,100,750
850,689,1,1.10549,1.2221,47,12,5,-1,150,700
850,684,2,1.13475,0.663431,44.5,13,5,0,150,700
850,520,1,1.02268,1.04587,57,15,5,-1,200,650
850,1622,1,1.58687,2.51815,44,16,5,-1,0,850
850,532,1,0.654622,0.42853,33,18,5,1,200,650
850,36,2,1.44101,1.12142,57.5,18.5,5,0,550,300
850,943,1,1.00071,1.00142,16,21,5,-1,100,750
850,939,1,0.613473,0.376349,4,23,5,1,100,750
850,944,3,2.31871,1.96594,29,24,5.33333,1,100,750
850,1623,1,0.978481,0.957425,30,26,5,-1,0,850
850,1231,1,0.469106,0.220061,2,29,5,1,50,800
850,207,3,2.08395,2.07693,61.3333,33.3333,5,1,400,450
850,1624,1,0.582139,0.338886,49,34,5,1,0,850
850,1232,1,0.783916,0.614525,4,35,5,-1,50,800
850,1625,2,1.99246,2.05182,6.5,36.5,5,0,0,850
850,932,4,2.43113,1.85613,-0.75,36.75,5.75,0,100,750
850,1626,1,0.595821,0.355002,33,40,5,1,0,850
850,1244,1,0.196613,0.0386566,59,41,5,1,50,800
850,1234,1,0.546047,0.298167,11,42,5,-1,50,800
850,1235,1,1.16393,1.35474,38,43,5,1,50,800
850,1627,1,0.678073,0.459783,41,45,5,-1,0,850
850,523,3,1.66975,1.02609,61.6667,46.3333,5,-1,200,650
850,933,3,1.92869,1.4631,27.3333,49.3333,5.33333,-1,100,750
850,1628,1,0.291241,0.0848213,4,50,5,1,0,850
850,934,1,0.864662,0.74764,17,50,5,-1,100,750
850,1236,1,1.21183,1.46854,37,51,5,-1,50,800
850,311,2,1.22215,0.747583,52.5,53,5,0,300,550
850,1629,1,0.47824,0.228714,59,54,5,-1,0,850
850,1237,1,0.933184,0.870832,26,56,5,1,50,800
850,211,5,3.9667,3.35752,49.4,56,6.4,1,400,450
850,1238,1,0.888385,0.789228,49,63,5,-1,50,800
850,937,1,0.599983,0.35998,21,3,6,1,100,750
850,515,2,1.12813,0.650182,25,6.5,6,0,200,650
850,687,1,0.34753,0.120777,59,6,6,1,150,700
850,1630,1,0.40058,0.160464,34,9,6,-1,0,850
850,1631,1,0.836037,0.698957,57,9,6,-1,0,850
850,1242,3,1.66822,1.08476,27,11.6667,6.66667,-1,50,800
850,1246,3,1.83356,1.12248,1.33333,13,6.33333,-1,50,800
850,1632,1,0.646395,0.417826,13,16,6,-1,0,850
850,1633,1,0.744825,0.554765,40,16,6,-1,0,850
850,1243,2,0.581733,0.169347,47,16.5,6,0,50,800
850,530,1,0.97293,0.946594,60,16,6,1,200,650
850,208,3,1.96892,1.41778,5.33333,18.6667,6,-1,400,450
850,1634,1,0.983514,0.967301,9,23,6,1,0,850
850,516,2,1.73113,1.51658,1,24.5,6,0,200,650
850,1635,2,1.35869,0.94628,44.5,24,6,0,0,850
850,398,1,0.728621,0.530889,28,40,6,1,250,600
850,1636,1,0.156091,0.0243643,17,43,6,1,0,850
850,940,2,1.65504,1.40408,45.5,45,6,0,100,750
850,941,1,0.719135,0.517156,23,46,6,-1,100,750
850,518,1,0.22005,0.0484218,32,48,6,-1,200,650
850,217,1,0.134931,0.0182063,34,59,6,-1,400,450
850,1637,1,0.616707,0.380328,6,61,6,-1,0,850
850,1638,1,0.605715,0.366891,33,63,6,-1,0,850
850,272,2,0.981126,0.498658,27,1.5,7,0,350,500
850,1639,1,0.678162,0.459904,13,4,7,1,0,850
850,1640,2,1.21769,0.741678,46.5,13,7,0,0,850
850,1247,2,1.12403,0.633085,1.5,15.5,7.5,2,50,800
850,1,1,0.277739,0.0771387,31,16,7,1,600,250
850,949,1,0.806047,0.649712,22,17,7,-1,100,750
850,1641,3,2.22347,2.1132,23.3333,18.6667,7.66667,-1,0,850
850,127,2,1.47665,1.09616,17,20.5,7,0,450,400
850,700,2,1.19895,0.73674,34,20.5,7,0,150,700
850,1642,1,1.01995,1.0403,14,21,7,1,0,850
850,691,2,1.32537,0.883843,60.5,21.5,7.5,0,150,700
850,1643,2,1.47919,1.18111,30,23.5,7.5,0,0,850
850,1644,2,1.37448,0.964387,28,26.5,7,0,0,850
850,128,1,0.501321,0.251323,34,28,7,-1,450,400
850,1645,1,0.790332,0.624625,2,29,7,1,0,850
850,517,1,0.491614,0.241684,25,31,7,-1,200,650
850,1646,1,0.493211,0.243257,35,31,7,1,0,850
850,75,1,0.840804,0.706951,55,32,7,-1,500,350
850,956,1,0.298905,0.0893439,38,33,7,-1,100,750
850,533,2,1.37045,1.01207,56.5,42,7,0,200,650
850,1647,2,2.18366,3.33506,20.5,45.5,7.5,0,0,850
850,693,2,1.89797,1.89542,46.5,49.5,7,2,150,700
850,1648,1,1.33699,1.78754,11,50,7,1,0,850
850,946,1,0.790456,0.624821,24,50,7,-1,100,750
850,1245,2,1.5623,1.24032,31,51.5,7,0,50,800
850,1649,1,0.501488,0.25149,58,51,7,-1,0,850
850,1650,1,0.463188,0.214543,25,53,7,-1,0,850
850,697,1,0.570144,0.325064,53,56,7,1,150,700
850,1251,1,1.28189,1.64324,5,58,7,1,50,800
850,519,1,0.560198,0.313821,39,61,7,-1,200,650
850,947,1,0.585971,0.343362,61,61,7,1,100,750
850,1651,1,0.875347,0.766233,30,63,7,-1,0,850
850,690,1,0.421047,0.17728,46,2,8,1,150,700
850,312,1,0.355505,0.126384,7,4,8,-1,300,550
850,1652,1,0.465636,0.216817,21,9,8,1,0,850
850,952,4,1.80691,0.909288,57.25,11.75,9,0,100,750
850,1653,2,1.24381,0.795288,3,14,8.5,0,0,850
850,698,1,0.958163,0.918076,61,14,8,-1,150,700
850,521,1,0.597418,0.356909,10,18,8,-1,200,650
850,1654,1,0.791255,0.626084,21,19,8,1,0,850
850,950,1,0.297405,0.08845,38,21,8,1,100,750
850,1655,1,0.479869,0.230274,19,22,8,-1,0,850
850,310,2,1.10522,0.742485,13.5,26.5,8.5,0,300,550
850,1656,1,0.610095,0.372216,39,29,8,-1,0,850
850,692,2,0.935208,0.559756,60.5,33,8,0,150,700
850,213,2,1.06076,0.634271,10.5,35,8,0,400,450
850,393,1,0.755584,0.570907,25,36,8,-1,250,600
850,527,1,0.605265,0.366346,8,40,8,-1,200,650
850,133,1,1.2572,1.58056,22,41,8,-1,450,400
850,71,1,0.67405,0.454343,13,42,8,1,500,350
850,975,4,3.0966,2.43182,25.5,42.5,9,-2,100,750
850,1657,1,0.499249,0.24925,47,44,8,1,0,850
850,951,1,0.422689,0.178666,61,48,8,1,100,750
850,1248,2,0.990518,0.52662,43.5,50.5,8,0,50,800
850,214,8,5.16371,3.73154,52.75,52.625,9,2,400,450
850,1658,1,0.919431,0.845354,23,54,8,-1,0,850
850,274,1,0.601749,0.362102,21,55,8,1,350,500
850,1659,1,0.392291,0.153892,35,59,8,1,0,850
850,1660,1,1.03884,1.07919,46,63,8,1,0,850
850,694,1,0.250544,0.0627723,1,0,9,-1,150,700
850,524,3,1.9256,1.56771,26.3333,0.666667,10,-1,200,650
850,525,2,1.6356,1.51345,18,4.5,9.5,0,200,650
850,695,2,1.48734,1.17019,62.5,4,9,0,150,700
850,394,1,1.29386,1.67408,31,7,9,-1,250,600
850,696,1,1.16196,1.35016,35,14,9,-1,150,700
850,699,3,2.1121,1.71667,49,18.3333,9.66667,-1,150,700
850,132,1,0.979788,0.959984,49,30,9,1,450,400
850,542,2,1.64684,1.3578,56,31.5,9.5,2,200,650
850,545,5,5.06734,5.73467,27.4,36.4,10,1,200,650
850,526,2,0.721514,0.331907,13,36,9.5,0,200,650
850,405,1,0.662142,0.438432,17,36,9,-1,250,600
850,1249,1,0.607919,0.369565,62,36,9,-1,50,800
850,1260,8,4.48598,2.81764,10,38.25,9.875,0,50,800
850,1661,2,1.82793,1.94549,14,38.5,9,0,0,850
850,535,1,0.458502,0.210224,20,41,9,-1,200,650
850,540,14,7.7046,5.36097,60.3571,43.5714,10.0714,0,200,650
850,1250,1,1.17727,1.38596,11,42,9,1,50,800
850,1662,1,1.72749,2.98423,18,44,9,1,0,850
850,528,1,1.22659,1.50452,30,45,9,1,200,650
850,1663,1,0.764744,0.584833,0,47,9,1,0,850
850,0,1,0.514954,0.265178,17,48,9,1,600,250
850,959,1,0.887233,0.787182,19,52,9,-1,100,750
850,1664,1,0.744285,0.553959,7,56,9,1,0,850
850,1265,1,0.899337,0.808807,33,61,9,-1,50,800
850,72,1,0.876025,0.76742,1,62,9,-1,500,350
850,537,1,0.631382,0.398643,5,62,9,-1,200,650
850,1252,1,0.562862,0.316814,52,62,9,-1,50,800
850,1665,1,0.430502,0.185332,55,62,9,-1,0,850
850,529,1,0.743047,0.552119,26,63,9,-1,200,650
850,130,1,0.812051,0.659427,17,1,10,1,450,400
850,1253,1,0.621145,0.385821,46,2,10,1,50,800
850,954,2,0.920742,0.482112,8.5,4,10,0,100,750
850,1666,1,1.01716,1.03462,37,6,10,-1,0,850
850,77,3,1.14991,0.598203,27.3333,10.6667,11,1,500,350
850,396,1,0.586835,0.344375,42,12,10,-1,250,600
850,1667,1,0.256503,0.065794,9,13,10,-1,0,850
850,1668,1,0.621808,0.386645,62,13,10,-1,0,850
850,395,1,0.921719,0.849567,22,14,10,-1,250,600
850,1669,1,0.526499,0.277201,39,14,10,-1,0,850
850,273,1,0.897605,0.805696,31,17,10,1,350,500
850,955,3,2.60761,2.34275,33.6667,19.3333,10,1,100,750
850,531,1,0.152244,0.0231782,5,20,10,1,200,650
850,314,1,0.528152,0.278945,39,21,10,1,300,550
850,1670,1,0.882258,0.778379,46,25,10,-1,0,850
850,1671,1,0.626381,0.392353,23,26,10,-1,0,850
850,1672,1,0.697074,0.485912,3,27,10,1,0,850
850,215,2,1.21102,0.749412,15.5,28,10,0,400,450
850,966,1,1.23078,1.51483,36,28,10,-1,100,750
850,701,1,0.678371,0.460187,14,30,10,1,150,700
850,548,7,5.14335,4.29236,18.4286,31.7143,11,1,200,650
850,961,2,1.17575,0.770938,38,33.5,10,0,100,750
850,957,1,0.225671,0.0509275,49,40,10,-1,100,750
850,1673,1,0.852745,0.727174,16,41,10,-1,0,850
850,76,2,1.50161,1.13365,13,45.5,10,0,500,350
850,1271,1,0.757594,0.573949,50,45,10,-1,50,800
850,962,2,1.06306,0.567935,58.5,49.5,10.5,0,100,750
850,129,1,0.985369,0.970952,14,51,10,-1,450,400
850,970,2,1.55911,1.22382,16,53.5,10,0,100,750
850,1674,2,2.27866,2.59903,4.5,60.5,10.5,0,0,850
850,705,1,0.493163,0.24321,59,60,10,1,150,700
850,313,2,0.918221,0.447396,20,1,11.5,0,300,550
850,534,2,1.27671,0.816712,30.5,0.5,11.5,0,200,650
850,709,1,0.680707,0.463361,22,2,11,-1,150,700
850,399,1,0.714092,0.509927,56,2,11,-1,250,600
850,712,1,0.303733,0.0922537,11,3,11,1,150,700
850,1254,1,0.585502,0.342812,60,3,11,-1,50,800
850,131,2,1.53784,1.25009,52,4.5,11,0,450,400
850,1675,1,0.347762,0.120938,53,9,11,-1,0,850
850,401,1,0.63907,0.40841,18,12,11,1,250,600
850,73,2,1.51496,1.14983,13,21.5,11.5,0,500,350
850,1676,1,0.65984,0.435389,24,22,11,1,0,850
850,1677,2,1.80816,1.70358,39.5,24,11.5,0,0,850
850,1678,1,0.643746,0.414409,21,25,11,-1,0,850
850,974,1,1.20533,1.45282,49,31,11,1,100,750
850,1679,1,0.504311,0.25433,40,34,11,1,0,850
850,702,1,0.761254,0.579507,47,34,11,-1,150,700
850,967,6,3.76173,2.63002,23.6667,36.6667,12.6667,0,100,750
850,134,2,0.596887,0.236684,2.5,39.5,11,0,450,400
850,1680,1,0.353616,0.125045,22,39,11,-1,0,850
850,1262,2,0.799681,0.347419,46,44,11.5,0,50,800
850,543,3,2.19871,1.70843,29.3333,44.3333,12,1,200,650
850,1261,1,0.899913,0.809843,43,45,11,-1,50,800
850,1681,1,0.93727,0.878475,23,48,11,1,0,850
850,1682,1,0.785507,0.617021,55,48,11,-1,0,850
850,1255,1,0.524163,0.274747,28,49,11,-1,50,800
850,963,1,0.959109,0.91989,2,52,11,-1,100,750
850,1683,1,0.569623,0.324471,36,54,11,-1,0,850
850,139,1,0.51862,0.268967,22,55,11,1,450,400
850,1256,3,1.35036,0.617002,40.3333,60,11,-1,50,800
850,536,3,1.92304,1.24119,21,60,11.3333,1,200,650
850,721,2,1.36067,0.985282,12,0,12.5,0,150,700
850,704,1,0.413195,0.17073,42,3,12,1,150,700
850,547,1,0.429115,0.184139,62,4,12,-1,200,650
850,137,1,0.51456,0.264772,15,9,12,-1,450,400
850,707,2,1.8464,1.72092,17,9.5,12.5,0,150,700
850,1257,2,0.764874,0.315138,58,9.5,12,0,50,800
850,276,1,1.16376,1.35433,49,10,12,-1,350,500
850,538,1,0.44749,0.200247,45,13,12,-1,200,650
850,1258,1,0.559325,0.312844,46,15,12,1,50,800
850,140,2,1.09791,0.724894,48.5,15,12,0,450,400
850,1684,1,1.37073,1.87889,13,16,12,-1,0,850
850,1259,2,0.611626,0.231206,42.5,15.5,12.5,2,50,800
850,74,2,1.36761,1.04966,63,17.5,12,0,500,350
850,964,1,0.513186,0.26336,6,19,12,-1,100,750
850,1685,1,0.43442,0.188721,51,20,12,1,0,850
850,1686,1,1.1464,1.31423,16,22,12,-1,0,850
850,965,1,0.735196,0.540513,58,22,12,-1,100,750
850,539,1,0.925565,0.856671,6,23,12,-1,200,650
850,1687,1,1.69215,2.86338,43,23,12,1,0,850
850,1688,1,0.697285,0.486207,37,25,12,-1,0,850
850,135,2,1.55864,1.24124,60,28,12.5,0,450,400
850,400,1,0.912465,0.832593,43,29,12,1,250,600
850,1268,1,0.798835,0.638137,51,31,12,-1,50,800
850,719,2,1.74546,1.52935,53.5,32,12,0,150,700
850,1689,1,0.479291,0.22972,12,36,12,-1,0,850
850,715,1,0.389967,0.152074,35,37,12,1,150,700
850,1281,2,1.12678,0.638379,18,43.5,12.5,0,50,800
850,1690,1,0.787554,0.620241,43,43,12,1,0,850
850,315,1,0.484799,0.23503,13,45,12,-1,300,550
850,968,1,0.945478,0.893929,62,47,12,1,100,750
850,136,3,2.72365,2.53274,33.6667,49.3333,12.3333,-1,450,400
850,1277,1,0.795882,0.633428,49,49,12,1,50,800
850,969,1,0.539814,0.291399,0,51,12,1,100,750
850,216,1,0.422842,0.178795,12,51,12,1,400,450
850,976,1,0.463387,0.214727,15,51,12,1,100,750
850,1691,1,0.585881,0.343257,48,51,12,-1,0,850
850,1692,1,0.790608,0.62506,34,54,12,-1,0,850
850,1693,1,0.904316,0.817788,11,55,12,1,0,850
850,316,1,0.572531,0.327792,15,58,12,1,300,550
850,1263,1,1.00357,1.00715,47,58,12,-1,50,800
850,1694,1,0.859545,0.738817,55,61,12,-1,0,850
850,1264,1,0.383146,0.146801,59,61,12,1,50,800
850,278,1,0.148034,0.0219141,23,62,12,1,350,500
850,1695,1,0.370475,0.137252,31,62,12,-1,0,850
850,541,1,0.516366,0.266634,4,1,13,1,200,650
850,1272,1,0.739169,0.54637,23,2,13,1,50,800
850,141,1,0.529604,0.280481,54,2,13,1,450,400
850,971,1,0.578784,0.334991,4,3,13,1,100,750
850,706,1,0.465078,0.216298,4,7,13,1,150,700
850,972,2,0.844912,0.471577,19,7.5,13,0,100,750
850,318,1,0.598693,0.358434,33,7,13,1,300,550
850,1266,1,0.597609,0.357137,21,8,13,-1,50,800
850,973,1,0.149193,0.0222584,61,16,13,-1,100,750
850,1267,1,0.376935,0.14208,60,23,13,-1,50,800
850,2,6,4.21299,3.29639,22,24,14.3333,-4,600,250
850,978,1,0.970668,0.942197,36,29,13,-1,100,750
850,402,1,0.787696,0.620465,58,29,13,1,250,600
850,1696,1,0.970488,0.941848,9,31,13,-1,0,850
850,1284,1,0.875156,0.765898,48,31,13,1,50,800
850,544,2,1.1802,0.799876,36,32,13.5,0,200,650
850,1283,1,0.789823,0.62382,57,32,13,1,50,800
850,1269,1,0.557513,0.310821,21,33,13,-1,50,800
850,1697,2,2.32626,2.70965,46.5,35.5,13.5,0,0,850
850,1698,1,0.609658,0.371683,61,35,13,-1,0,850
850,1280,1,0.98785,0.975848,42,36,13,-1,50,800
850,1699,2,1.32391,0.951967,58.5,36.5,13.5,0,0,850
850,979,1,1.37721,1.8967,27,39,13,-1,100,750
850,1700,1,0.873568,0.76312,44,40,13,-1,0,850
850,1270,1,1.13564,1.28967,26,42,13,-1,50,800
850,1276,1,0.462051,0.213491,50,43,13,1,50,800
850,708,1,1.18478,1.4037,7,44,13,1,150,700
850,1701,1,0.685461,0.469857,15,48,13,1,0,850
850,1702,1,0.375427,0.140945,36,48,13,1,0,850
850,1282,1,0.804957,0.647956,9,51,13,1,50,800
850,138,2,0.946353,0.507374,54,56,13.5,0,450,400
850,1703,1,0.233579,0.0545593,46,60,13,-1,0,850
850,218,1,0.94203,0.88742,14,63,13,-1,400,450
850,1704,1,0.364696,0.133003,21,0,14,-1,0,850
850,1273,1,1.09314,1.19495,48,4,14,-1,50,800
850,3,1,1.46246,2.13879,27,8,14,1,600,250
850,319,2,2.12607,2.5127,50.5,10.5,14,0,300,550
850,977,1,0.780082,0.608529,6,11,14,1,100,750
850,280,1,0.822434,0.676398,14,11,14,1,350,500
850,403,1,0.111857,0.012512,28,11,14,1,250,600
850,275,1,0.115647,0.0133743,10,12,14,-1,350,500
850,1705,1,1.08729,1.18219,40,16,14,1,0,850
850,1274,1,0.49976,0.24976,17,17,14,-1,50,800
850,1706,1,0.282517,0.079816,28,18,14,1,0,850
850,404,2,1.27486,0.926406,47.5,26,14,0,250,600
850,1707,3,1.82075,1.24497,1.33333,27.6667,15,-1,0,850
850,1279,2,0.641702,0.219983,62.5,28.5,14.5,0,50,800
850,1708,1,0.667377,0.445392,34,29,14,1,0,850
850,710,1,0.573043,0.328379,30,32,14,1,150,700
850,1709,2,1.5862,1.29556,26,36.5,14.5,0,0,850
850,1275,1,0.743636,0.552995,18,37,14,-1,50,800
850,990,1,0.646906,0.418488,51,38,14,-1,100,750
850,1710,1,0.838192,0.702566,49,41,14,-1,0,850
850,546,2,1.38073,0.974398,48,45,14.5,-2,200,650
850,1711,1,0.401667,0.161336,49,47,14,1,0,850
850,716,1,0.32286,0.104239,7,48,14,1,150,700
850,711,1,0.375097,0.140698,0,56,14,-1,150,700
850,407,1,0.613659,0.376578,21,56,14,1,250,600
850,557,1,0.741919,0.550444,23,56,14,1,200,650
850,549,2,1.23585,0.781354,51.5,55.5,14.5,0,200,650
850,1712,1,0.885585,0.784261,4,57,14,-1,0,850
850,1713,1,0.79295,0.62877,48,57,14,1,0,850
850,1714,2,1.2261,0.75298,16,58.5,14.5,0,0,850
850,413,2,1.09995,0.610022,24.5,59,14,0,250,600
850,317,2,1.2568,0.810947,28,60.5,14.5,0,300,550
850,986,1,0.483354,0.233631,11,0,15,-1,100,750
850,980,1,0.235642,0.055527,26,0,15,-1,100,750
850,713,1,0.88626,0.785458,40,1,15,1,150,700
850,149,2,1.55698,1.263,63,4.5,15,0,450,400
850,1286,7,3.25468,1.59457,24.1429,7.71429,15.4286,1,50,800
850,408,1,0.40258,0.162071,33,7,15,1,250,600
850,560,2,1.02376,0.561983,16,12,15.5,0,200,650
850,220,1,0.757346,0.573574,48,13,15,-1,400,450
850,1278,1,1.12395,1.26327,11,14,15,-1,50,800
850,322,1,0.597728,0.357279,29,15,15,1,300,550
850,277,1,0.45337,0.205544,60,18,15,1,350,500
850,324,2,0.812575,0.362943,29,22,15.5,0,300,550
850,714,1,0.412515,0.170168,0,23,15,1,150,700
850,406,3,3.46754,4.06981,44.6667,30.6667,16,1,250,600
850,989,1,0.726152,0.527297,20,31,15,-1,100,750
850,1715,1,1.46694,2.15191,41,32,15,1,0,850
850,1716,1,0.914912,0.837063,3,33,15,1,0,850
850,1294,1,1.05536,1.11378,15,34,15,1,50,800
850,982,1,0.236837,0.0560917,36,36,15,-1,100,750
850,1000,2,0.646911,0.211387,10.5,37.5,15.5,0,100,750
850,1290,1,0.694975,0.482991,41,39,15,1,50,800
850,221,1,0.495767,0.245785,1,40,15,-1,400,450
850,219,1,0.609411,0.371382,22,42,15,-1,400,450
850,1717,1,0.469765,0.220679,15,44,15,-1,0,850
850,39,1,0.393663,0.154971,1,47,15,-1,550,300
850,1718,3,1.78672,1.30551,9.33333,49.3333,15,-1,0,850
850,552,1,0.962736,0.92686,16,49,15,-1,200,650
850,147,1,0.703003,0.494213,42,50,15,1,450,400
850,1719,1,0.325153,0.105724,11,51,15,1,0,850
850,723,1,0.640644,0.410424,4,53,15,-1,150,700
850,1720,1,0.401221,0.160978,47,61,15,1,0,850
850,717,1,1.10338,1.21745,43,63,15,1,150,700
850,983,3,1.62184,0.877837,54,3.33333,16.3333,1,100,750
850,409,1,0.969972,0.940847,31,4,16,1,250,600
850,722,1,0.49562,0.245639,28,5,16,1,150,700
850,997,4,2.45381,1.878,62,4.5,16.75,-2,100,750
850,78,2,1.16713,0.681227,14.5,6,16,0,500,350
850,550,2,1.21041,0.737428,36.5,6,16,0,200,650
850,984,1,0.449723,0.202251,63,11,16,-1,100,750
850,551,1,0.690311,0.47653,53,13,16,-1,200,650
850,40,1,0.458206,0.209953,4,17,16,-1,550,300
850,718,1,1.00475,1.00951,6,18,16,-1,150,700
850,1721,2,1.66665,1.39512,34,18,16.5,0,0,850
850,1722,1,1.29033,1.66495,40,29,16,1,0,850
850,79,1,1.72819,2.98664,51,30,16,1,500,350
850,1723,2,1.06204,0.568467,55,30.5,16,0,0,850
850,1724,1,0.532048,0.283075,49,33,16,-1,0,850
850,1285,1,0.764136,0.583903,23,34,16,-1,50,800
850,1725,1,0.714588,0.510637,25,35,16,-1,0,850
850,1726,1,0.750564,0.563346,40,37,16,-1,0,850
850,556,1,0.834263,0.695995,45,37,16,1,200,650
850,320,1,0.807359,0.651829,60,42,16,-1,300,550
850,985,2,1.25375,0.846833,43.5,46,16.5,0,100,750
850,1727,2,1.05652,0.562343,19,50.5,16,0,0,850
850,142,1,0.680318,0.462832,39,52,16,1,450,400
850,995,1,0.639574,0.409055,22,53,16,-1,100,750
850,321,2,1.30015,0.865403,6.5,54.5,16,0,300,550
850,992,1,0.822678,0.6768,25,55,16,-1,100,750
850,1728,1,0.339315,0.115134,25,57,16,-1,0,850
850,720,1,0.947234,0.897253,59,60,16,-1,150,700
850,1729,1,0.55212,0.304837,22,63,16,1,0,850
850,1730,4,2.84503,2.21063,11.25,0.5,18,0,0,850
850,1731,2,1.70504,1.47439,20.5,1.5,17,0,0,850
850,553,2,0.723867,0.320856,12.5,4.5,17,0,200,650
850,1732,2,1.7172,1.49176,25.5,6,17,0,0,850
850,145,4,2.36927,1.47797,14,9.5,17.5,-2,450,400
850,1287,1,0.824432,0.679688,26,12,17,-1,50,800
850,1733,6,5.18347,4.6643,31.1667,14.1667,18,2,0,850
850,1734,1,0.68274,0.466134,47,13,17,-1,0,850
850,143,1,0.639454,0.408902,21,17,17,1,450,400
850,725,1,0.908899,0.826098,19,18,17,1,150,700
850,1735,1,0.157894,0.0249304,26,18,17,-1,0,850
850,1736,1,0.377471,0.142485,62,18,17,-1,0,850
850,323,1,0.293691,0.0862542,23,22,17,1,300,550
850,410,3,1.99286,1.36327,31,22.3333,17.3333,1,250,600
850,554,3,2.12853,1.51036,59.3333,22.3333,17,-1,200,650
850,987,1,0.652487,0.425739,31,25,17,1,100,750
850,411,1,0.309012,0.0954883,55,26,17,1,250,600
850,1737,1,0.60654,0.367891,0,27,17,-1,0,850
850,988,1,0.79173,0.626836,30,27,17,-1,100,750
850,1288,1,0.820371,0.673009,19,31,17,-1,50,800
850,999,1,0.519744,0.270133,21,31,17,-1,100,750
850,1738,3,2.54752,3.02117,14,34.3333,17.6667,-1,0,850
850,412,2,1.03729,0.568818,0.5,38,17.5,0,250,600
850,1289,1,0.371065,0.137689,52,38,17,-1,50,800
850,1739,1,0.958962,0.919609,39,39,17,-1,0,850
850,1740,1,1.09748,1.20447,22,40,17,1,0,850
850,1291,1,0.334457,0.111862,31,43,17,-1,50,800
850,1741,9,5.77095,4.73242,43.1111,50.6667,18,1,0,850
850,1742,2,1.09401,0.612987,5,51.5,17,0,0,850
850,4,1,0.329487,0.108561,49,51,17,-1,600,250
850,724,1,0.519225,0.269594,1,52,17,1,150,700
850,991,1,0.418836,0.175423,49,54,17,1,100,750
850,1297,1,0.691585,0.47829,45,55,17,-1,50,800
850,144,2,1.0041,0.543826,19,57.5,17,0,450,400
850,1292,4,3.81114,4.54115,34.5,57.75,17.25,0,50,800
850,1296,1,0.585975,0.343367,23,58,17,1,50,800
850,555,1,0.657903,0.432837,12,59,17,1,200,650
850,325,1,0.343375,0.117907,16,61,17,-1,300,550
850,996,3,2.36544,1.86675,4.66667,63,17.6667,1,100,750
850,1743,1,0.624693,0.390241,19,63,17,-1,0,850
850,993,2,1.00545,0.671603,7,-0.5,18.5,0,100,750
850,994,1,1.00763,1.01532,4,1,18,1,100,750
850,1744,1,1.07537,1.15642,51,3,18,1,0,850
850,148,1,0.797081,0.635339,57,6,18,1,450,400
850,326,1,0.341146,0.116381,44,8,18,-1,300,550
850,1293,2,1.87894,1.77301,61,11.5,18,0,50,800
850,154,1,0.529662,0.280542,15,12,18,1,450,400
850,558,1,0.625117,0.390771,17,13,18,-1,200,650
850,1745,1,0.521789,0.272264,32,18,18,1,0,850
850,1746,1,1.15638,1.33722,7,21,18,-1,0,850
850,1747,1,0.992804,0.98566,9,22,18,-1,0,850
850,726,2,2.57405,3.31372,50,25,18.5,0,150,700
850,327,1,1.20325,1.4478,22,26,18,1,300,550
850,1748,1,0.442439,0.195753,43,27,18,-1,0,850
850,736,1,0.632529,0.400093,25,33,18,1,150,700
850,1309,1,0.400669,0.160535,51,33,18,-1,50,800
850,1749,1,0.545551,0.297626,4,34,18,1,0,850
850,1750,1,1.55712,2.42463,4,36,18,1,0,850
850,1751,1,0.22415,0.0502432,49,36,18,1,0,850
850,41,4,1.95925,1.11387,46,37.75,18.75,0,550,300
850,281,1,0.838784,0.703559,58,39,18,-1,350,500
850,1295,1,0.704894,0.496876,30,41,18,-1,50,800
850,42,4,2.5804,1.9327,45.5,41.25,18.25,0,550,300
850,727,1,0.752144,0.56572,18,42,18,-1,150,700
850,1752,1,0.581165,0.337753,55,45,18,-1,0,850
850,146,1,0.761061,0.579213,38,49,18,-1,450,400
850,731,1,0.540942,0.292619,13,51,18,-1,150,700
850,1753,2,1.69034,1.43266,23,52.5,18,0,0,850
850,566,2,0.865857,0.376343,57,53,18.5,0,200,650
850,1754,1,0.309372,0.0957113,21,57,18,1,0,850
850,737,2,0.852493,0.409093,43,57.5,18,2,150,700
850,1755,1,0.823319,0.677854,18,61,18,-1,0,850
850,1756,1,1.13163,1.28058,35,61,18,-1,0,850
850,1298,1,0.804805,0.647712,29,63,18,-1,50,800
850,1299,3,2.24083,1.87302,57.6667,3.33333,19,1,50,800
850,1300,2,1.69274,1.44126,63,4.5,19,0,50,800
850,1301,3,1.46278,0.823501,47,9.33333,19.6667,1,50,800
850,283,1,0.936011,0.876116,20,12,19,-1,350,500
850,223,1,0.136979,0.0187633,41,14,19,1,400,450
850,998,1,0.721623,0.52074,12,15,19,-1,100,750
850,1306,1,0.378698,0.143412,19,16,19,-1,50,800
850,279,3,2.02261,1.38528,41.3333,16.3333,19,1,350,500
850,1004,4,2.31715,1.53363,59.25,17,20.25,-2,100,750
850,1307,2,1.87227,1.76153,39,18,19.5,0,50,800
850,85,1,0.852247,0.726326,54,18,19,-1,500,350
850,222,3,1.8862,1.30987,45.6667,19.3333,19.6667,-1,400,450
850,564,2,2.55339,3.26383,11.5,25,19,0,200,650
850,559,1,0.436596,0.190616,20,25,19,-1,200,650
850,1757,3,2.32521,2.06686,62.3333,25.3333,19.6667,-1,0,850
850,80,1,1.36381,1.85996,55,27,19,1,500,350
850,1758,1,0.634638,0.402766,3,29,19,-1,0,850
850,5,2,1.37107,0.951359,58.5,28.5,19.5,0,600,250
850,1005,1,1.44988,2.10215,24,31,19,-1,100,750
850,1302,1,1.30619,1.70613,6,37,19,-1,50,800
850,1759,1,0.554348,0.307302,8,38,19,-1,0,850
850,1010,2,1.16252,0.676451,48,41.5,19,0,100,750
850,1760,1,0.734398,0.539341,30,43,19,-1,0,850
850,1009,1,0.264434,0.0699255,37,43,19,-1,100,750
850,1001,1,0.480155,0.230549,17,44,19,1,100,750
850,1761,1,0.511541,0.261674,29,45,19,-1,0,850
850,565,3,2.15839,1.58048,35,45.3333,19.3333,-1,200,650
850,1002,1,0.504057,0.254074,41,46,19,1,100,750
850,1762,1,0.297005,0.0882122,46,49,19,-1,0,850
850,732,7,4.24633,3.12135,58,50.5714,21,-1,150,700
850,1763,1,0.814211,0.662939,10,52,19,1,0,850
850,224,2,1.15128,0.702644,17,52,19.5,0,400,450
850,1764,1,1.11816,1.25029,46,52,19,1,0,850
850,1303,2,1.23088,0.78477,5.5,58.5,19,0,50,800
850,1765,1,1.64704,2.71273,40,62,19,1,0,850
850,1304,1,0.284241,0.080793,13,63,19,1,50,800
850,1003,1,1.03972,1.08101,58,63,19,-1,100,750
850,1305,1,0.196083,0.0384487,26,2,20,-1,50,800
850,1323,2,1.61177,1.34883,22.5,3.5,20.5,0,50,800
850,743,1,0.545679,0.297765,7,7,20,1,150,700
850,1013,1,0.747445,0.558675,32,7,20,1,100,750
850,575,1,0.583799,0.340822,18,13,20,1,200,650
850,1766,1,0.600053,0.360064,44,13,20,-1,0,850
850,561,1,0.736684,0.542703,39,14,20,1,200,650
850,6,1,0.80982,0.655808,37,15,20,1,600,250
850,282,2,0.901558,0.409526,56.5,15,20,0,350,500
850,1767,1,1.50203,2.25609,25,18,20,-1,0,850
850,150,2,2.47217,3.06069,24.5,23,20,0,450,400
850,1308,1,0.624369,0.389836,51,28,20,1,50,800
850,1313,1,0.612184,0.374769,50,30,20,1,50,800
850,1310,4,3.47438,3.28757,26.25,30.75,20.75,2,50,800
850,728,1,0.0342289,0.00117162,44,31,20,-1,150,700
850,424,2,0.982685,0.591665,61,31,20.5,0,250,600
850,583,1,0.932224,0.869041,25,33,20,1,200,650
850,730,4,3.55531,3.2306,43.5,33.25,20.75,0,150,700
850,1768,2,1.68048,1.52399,53.5,32.5,20.5,0,0,850
850,1769,1,0.674015,0.454296,56,34,20,-1,0,850
850,568,1,0.341466,0.116599,55,36,20,1,200,650
850,416,1,0.851653,0.725313,62,36,20,1,250,600
850,729,1,0.57845,0.334604,32,38,20,-1,150,700
850,1016,1,0.684652,0.468748,30,40,20,1,100,750
850,1770,5,2.64658,1.71127,38.4,40.6,20.8,-1,0,850
850,562,1,0.580317,0.336767,53,50,20,-1,200,650
850,1771,1,0.877347,0.769738,52,52,20,1,0,850
850,1006,1,0.254917,0.0649827,30,55,20,1,100,750
850,1330,1,0.664536,0.441608,42,56,20,1,50,800
850,581,1,0.634467,0.402548,30,5,21,1,200,650
850,1772,1,0.47907,0.229508,30,7,21,1,0,850
850,152,1,0.756981,0.573021,51,18,21,-1,450,400
850,1773,1,1.68808,2.84961,41,19,21,-1,0,850
850,1018,1,0.79513,0.632231,54,19,21,-1,100,750
850,1774,2,1.40232,1.00598,0,20,21.5,0,0,850
850,1311,1,0.952133,0.906558,32,21,21,1,50,800
850,563,2,0.927114,0.468166,46,22.5,21,0,200,650
850,414,2,1.6578,1.62041,27,23.5,21,0,250,600
850,1312,1,0.559351,0.312874,2,24,21,1,50,800
850,225,1,0.646109,0.417456,17,26,21,1,400,450
850,1008,1,0.273632,0.0748745,12,27,21,1,100,750
850,419,1,0.139422,0.0194385,26,28,21,1,250,600
850,740,1,0.57506,0.330695,36,30,21,-1,150,700
850,1333,1,0.971237,0.943302,40,32,21,-1,50,800
850,1775,2,1.05727,0.707192,61,33,21.5,0,0,850
850,1328,2,1.1651,0.680854,28,38,21.5,0,50,800
850,1329,1,0.683472,0.467135,58,40,21,-1,50,800
850,734,1,0.578454,0.334609,36,41,21,1,150,700
850,1321,3,2.40274,1.98994,18,41.3333,21.6667,1,50,800
850,1776,1,0.768957,0.591295,46,43,21,1,0,850
850,1314,1,0.396616,0.157304,13,46,21,-1,50,800
850,1777,1,0.652839,0.426198,16,48,21,-1,0,850
850,1011,2,1.2484,0.781364,36.5,48.5,21.5,0,100,750
850,1778,2,0.839321,0.374659,11.5,50,21,0,0,850
850,1315,1,0.779916,0.608268,20,50,21,-1,50,800
850,741,1,0.557709,0.311039,57,54,21,-1,150,700
850,1779,1,0.365802,0.133811,46,57,21,-1,0,850
850,567,2,1.16611,0.793274,13,59.5,21,0,200,650
850,572,1,0.884951,0.783139,37,59,21,1,200,650
850,1780,1,0.321108,0.103111,24,60,21,1,0,850
850,84,4,2.66957,1.85598,55,59.5,22.5,0,500,350
850,1012,1,0.737899,0.544495,4,5,22,-1,100,750
850,1781,3,1.81445,1.16209,34,7,23,-1,0,850
850,733,1,0.297985,0.088795,11,8,22,-1,150,700
850,577,2,1.46182,1.14181,18,11.5,22,0,200,650
850,1316,2,1.22858,0.755902,7.5,12,22,0,50,800
850,1027,3,2.19156,1.78734,34.3333,15.6667,22,-1,100,750
850,738,1,0.347775,0.120947,54,15,22,-1,150,700
850,415,1,1.27262,1.61955,30,16,22,-1,250,600
850,1782,2,1.87213,1.75817,43.5,18,22,0,0,850
850,1783,1,1.22601,1.50311,0,25,22,-1,0,850
850,44,3,1.53194,0.890365,44,25,22.6667,-1,550,300
850,574,5,5.00176,6.0697,24.2,27.4,22.6,1,200,650
850,1317,1,0.779566,0.607724,8,28,22,-1,50,800
850,1784,1,0.253573,0.0642995,57,28,22,1,0,850
850,748,1,1.3091,1.71375,22,29,22,1,150,700
850,749,5,3.8114,3.57734,6,33,23.2,1,150,700
850,330,1,0.658681,0.433861,12,32,22,1,300,550
850,1785,1,1.02482,1.05026,36,32,22,-1,0,850
850,1029,6,3.11802,1.8065,56.8333,32.6667,24,0,100,750
850,421,1,0.257089,0.0660947,59,37,22,-1,250,600
850,1320,2,1.62173,1.51342,50,39.5,22.5,0,50,800
850,1786,1,0.496754,0.246764,55,39,22,-1,0,850
850,1787,1,0.31793,0.10108,3,40,22,1,0,850
850,1788,1,0.750995,0.563994,16,40,22,1,0,850
850,1789,1,0.514367,0.264573,34,41,22,-1,0,850
850,569,1,0.483937,0.234195,55,42,22,-1,200,650
850,1790,1,0.586203,0.343634,15,44,22,1,0,850
850,1791,1,1.08778,1.18327,31,44,22,-1,0,850
850,759,3,1.47103,0.861553,26,47.3333,22.3333,1,150,700
850,1339,1,1.05891,1.12129,61,61,22,-1,50,800
850,151,1,1.30693,1.70807,4,62,22,1,450,400
850,1014,1,0.479378,0.229803,43,62,22,-1,100,750
850,1015,1,0.609806,0.371863,46,62,22,-1,100,750
850,1322,1,0.511536,0.261669,26,1,23,1,50,800
850,751,1,0.313592,0.0983402,47,1,23,-1,150,700
850,1792,1,0.524248,0.274836,20,2,23,1,0,850
850,1324,1,0.727284,0.528942,35,3,23,1,50,800
850,761,6,3.54517,2.47182,31.6667,6.5,23.6667,0,150,700
850,1341,1,0.774923,0.600506,9,7,23,1,50,800
850,1793,1,0.692418,0.479443,39,7,23,1,0,850
850,417,1,0.59745,0.356947,56,8,23,1,250,600
850,418,2,0.838847,0.40107,51.5,9,23,0,250,600
850,753,4,3.16402,2.57442,33.25,12.75,23.5,0,150,700
850,329,2,1.2724,0.991862,11,20.5,23,0,300,550
850,422,2,1.44259,1.04067,48,23.5,23,0,250,600
850,81,1,0.960412,0.922391,15,24,23,1,500,350
850,1326,1,0.65398,0.427689,16,27,23,1,50,800
850,226,1,0.261135,0.0681913,48,27,23,-1,400,450
850,1327,2,2.46928,3.0695,44.5,28,23.5,0,50,800
850,1794,1,0.285244,0.0813643,19,31,23,1,0,850
850,420,3,1.57839,1.00655,14.3333,32.3333,23.3333,1,250,600
850,1345,1,0.523668,0.274228,24,34,23,-1,50,800
850,1017,1,0.890107,0.79229,25,37,23,1,100,750
850,82,1,0.994178,0.988389,21,40,23,-1,500,350
850,1795,3,2.30331,1.78253,25.3333,40.6667,23.3333,1,0,850
850,1796,1,0.615569,0.378925,57,40,23,1,0,850
850,1797,1,0.526513,0.277216,17,43,23,1,0,850
850,1798,1,0.605924,0.367144,58,44,23,1,0,850
850,1799,1,0.906201,0.8212,54,47,23,-1,0,850
850,83,1,0.524806,0.275422,29,49,23,-1,500,350
850,155,1,0.751195,0.564293,36,51,23,-1,450,400
850,1800,1,0.651017,0.423823,44,51,23,-1,0,850
850,1801,1,0.407492,0.16605,24,52,23,1,0,850
850,228,1,0.813903,0.662438,37,53,23,1,400,450
850,1024,1,0.501608,0.251611,28,54,23,-1,100,750
850,1802,1,0.958341,0.918417,42,54,23,1,0,850
850,1331,2,1.18985,0.713549,34.5,60,23.5,0,50,800
850,423,5,2.76563,1.796,58,61.2,23.6,1,250,600
850,1332,1,0.837034,0.700627,8,61,23,-1,50,800
850,1803,1,0.794191,0.630739,36,0,24,-1,0,850
850,1804,1,0.824042,0.679045,37,7,24,1,0,850
850,7,1,0.393282,0.154671,49,7,24,-1,600,250
850,1805,1,0.553601,0.306475,63,7,24,1,0,850
850,1806,1,0.786511,0.618599,55,12,24,-1,0,850
850,756,3,2.01361,1.51348,17.3333,13,24.6667,-1,150,700
850,573,1,0.650493,0.423141,32,14,24,1,200,650
850,1807,1,1.12966,1.27613,51,15,24,1,0,850
850,745,1,0.383795,0.147299,4,16,24,-1,150,700
850,1028,2,1.17159,0.723468,54.5,19,24,0,100,750
850,1020,1,0.841436,0.708015,48,21,24,1,100,750
850,576,2,1.75159,1.82569,23,21.5,24.5,0,200,650
850,1808,1,0.330083,0.108955,57,22,24,1,0,850
850,739,1,0.913418,0.834332,63,27,24,1,150,700
850,570,2,0.733592,0.392484,32.5,28,24,0,200,650
850,1352,2,1.46917,1.07939,40,29.5,24,0,50,800
850,1809,1,1.12298,1.26109,63,29,24,1,0,850
850,1810,1,0.37975,0.14421,38,30,24,1,0,850
850,332,1,0.24449,0.0597754,10,32,24,-1,300,550
850,1811,1,0.703703,0.495198,18,34,24,1,0,850
850,1334,1,1.02314,1.04681,45,34,24,-1,50,800
850,1335,1,0.618258,0.382243,47,35,24,-1,50,800
850,1336,2,1.72545,1.5269,60.5,37,24,0,50,800
850,571,2,1.13535,0.732972,23,46.5,24,0,200,650
850,1035,1,0.412127,0.169849,24,49,24,1,100,750
850,153,1,0.205262,0.0421326,7,52,24,1,450,400
850,1036,2,1.01893,0.531561,34,54.5,24,0,100,750
850,1812,3,1.82065,1.15919,55,54,24.3333,1,0,850
850,742,1,0.659346,0.434738,50,57,24,1,150,700
850,1337,1,0.79457,0.631342,53,58,24,1,50,800
850,1338,1,0.557495,0.3108,31,61,24,-1,50,800
850,1813,1,0.718252,0.515886,39,62,24,-1,0,850
850,1814,1,0.601519,0.361825,63,62,24,1,0,850
850,752,1,0.0808238,0.00653249,49,4,25,-1,150,700
850,1340,2,1.13798,0.656001,47,5,25.5,0,50,800
850,1815,1,1.00802,1.0161,9,6,25,1,0,850
850,744,1,0.222977,0.0497188,4,9,25,-1,150,700
850,1816,2,0.916871,0.51835,36,11,25.5,0,0,850
850,1342,1,0.574038,0.32952,4,14,25,-1,50,800
850,1817,1,0.646535,0.418007,29,14,25,1,0,850
850,746,2,1.15401,0.666179,59,14.5,25,0,150,700
850,747,1,0.74205,0.550638,10,22,25,-1,150,700
850,1019,1,1.12419,1.2638,36,24,25,1,100,750
850,1818,2,1.06915,0.578259,49.5,24,25.5,0,0,850
850,1021,3,2.49157,2.0964,22.3333,29.6667,25.3333,1,100,750
850,331,2,1.31735,0.94539,51,29.5,25,0,300,550
850,1318,1,0.805048,0.648103,26,30,25,1,50,800
850,1343,2,1.17957,0.723659,8,34.5,25,0,50,800
850,1344,1,0.671211,0.450525,12,34,25,1,50,800
850,95,2,1.11622,0.738389,21,34,25.5,0,500,350
850,1819,1,1.63229,2.66439,54,39,25,1,0,850
850,1820,1,0.357244,0.127623,25,44,25,-1,0,850
850,1022,1,0.423554,0.179398,3,45,25,-1,100,750
850,1023,1,0.515225,0.265456,36,50,25,-1,100,750
850,1821,1,0.499933,0.249933,38,50,25,-1,0,850
850,1346,1,0.627241,0.393432,27,54,25,-1,50,800
850,284,1,0.492299,0.242359,17,55,25,-1,350,500
850,580,1,0.791572,0.626586,12,56,25,-1,200,650
850,1347,1,0.680747,0.463417,23,56,25,-1,50,800
850,227,1,0.778869,0.606636,0,59,25,-1,400,450
850,1025,1,0.438646,0.19241,3,59,25,-1,100,750
850,1048,2,1.17058,0.698835,48,61.5,25,0,100,750
850,750,1,0.294837,0.0869286,24,62,25,-1,150,700
850,1822,1,0.599996,0.359995,3,0,26,-1,0,850
850,156,2,1.32873,0.88585,55,1.5,26,0,450,400
850,1348,1,0.985357,0.970928,48,2,26,1,50,800
850,157,1,0.549936,0.30243,62,4,26,-1,450,400
850,1358,1,0.679345,0.46151,29,5,26,1,50,800
850,88,1,0.841086,0.707426,55,8,26,-1,500,350
850,1026,1,0.162918,0.0265424,42,9,26,-1,100,750
850,86,1,0.292427,0.0855137,48,11,26,1,500,350
850,1354,2,1.07099,0.573679,19,15.5,26.5,0,50,800
850,1349,1,0.861039,0.741388,35,15,26,1,50,800
850,584,1,0.619187,0.383393,42,15,26,-1,200,650
850,764,1,0.622765,0.387836,43,17,26,-1,150,700
850,92,1,0.456576,0.208462,50,18,26,1,500,350
850,1350,1,0.380244,0.144586,55,18,26,1,50,800
850,1351,1,0.773622,0.59849,22,19,26,-1,50,800
850,8,2,0.959164,0.507297,39,19.5,26,0,600,250
850,585,7,3.31507,2.0607,13.4286,19.1429,28.8571,1,200,650
850,754,1,0.341049,0.116315,25,22,26,-1,150,700
850,1325,1,0.242912,0.0590061,25,24,26,-1,50,800
850,1823,1,0.470806,0.221658,23,26,26,1,0,850
850,1824,1,0.205344,0.0421664,40,27,26,-1,0,850
850,1825,1,1.08245,1.17169,44,34,26,-1,0,850
850,1826,1,0.483333,0.233611,51,36,26,1,0,850
850,1355,1,0.894742,0.800564,1,37,26,1,50,800
850,1043,3,2.02548,1.62868,3.66667,40,26.6667,1,100,750
850,333,4,2.71476,1.95965,14.5,42,27.25,0,300,550
850,432,1,1.64493,2.70578,48,42,26,1,250,600
850,755,1,0.535572,0.286837,2,50,26,1,150,700
850,1827,1,0.580757,0.337278,37,52,26,-1,0,850
850,1828,1,0.628528,0.395047,62,52,26,-1,0,850
850,1829,1,0.86536,0.748847,31,61,26,-1,0,850
850,334,1,0.820257,0.672821,53,0,27,1,300,550
850,425,3,2.90922,3.07962,19,1.66667,27.3333,1,250,600
850,426,2,0.945959,0.451209,0,5.5,27,0,250,600
850,45,1,0.566044,0.320406,19,6,27,1,550,300
850,1030,1,0.749877,0.562316,23,7,27,1,100,750
850,1830,1,0.651276,0.42416,30,10,27,-1,0,850
850,9,3,1.91228,1.53121,7,10.6667,28,-1,600,250
850,582,1,0.644648,0.415571,59,11,27,1,200,650
850,1831,1,1.01007,1.02023,22,15,27,-1,0,850
850,1031,1,0.41185,0.169621,1,18,27,1,100,750
850,765,2,0.969408,0.476475,52,20.5,27,0,150,700
850,1032,1,1.18931,1.41447,1,26,27,1,100,750
850,87,2,1.57032,1.24519,60,30.5,27,0,500,350
850,1832,3,1.27289,0.570137,25.6667,31.3333,27.3333,-1,0,850
850,428,1,0.559982,0.31358,60,33,27,1,250,600
850,762,1,0.459811,0.211426,63,33,27,1,150,700
850,1833,4,1.87449,1.02979,18.5,35.75,28,0,0,850
850,1033,1,0.384933,0.148173,26,36,27,-1,100,750
850,579,2,1.48235,1.09971,57.5,40,27,0,200,650
850,1034,2,2.63116,3.84411,20,42,27.5,0,100,750
850,96,2,1.52453,1.31494,35.5,42,27,0,500,350
850,757,1,0.749892,0.562338,54,45,27,1,150,700
850,758,3,1.6025,0.949421,33.3333,46,27.3333,1,150,700
850,159,1,0.546242,0.29838,8,48,27,1,450,400
850,1834,1,0.713066,0.508464,23,48,27,-1,0,850
850,760,1,0.638071,0.407134,14,54,27,-1,150,700
850,1835,1,1.09822,1.2061,35,55,27,-1,0,850
850,1047,1,0.60476,0.365735,46,56,27,-1,100,750
850,1037,2,1.92337,1.98988,47.5,58,27,0,100,750
850,335,1,0.526234,0.276922,57,58,27,1,300,550
850,1038,1,0.719052,0.517036,16,59,27,-1,100,750
850,1356,1,0.425903,0.181393,17,62,27,-1,50,800
850,1039,1,0.695377,0.48355,55,62,27,-1,100,750
850,93,1,0.429698,0.18464,59,62,27,-1,500,350
850,1040,1,0.353537,0.124988,43,0,28,-1,100,750
850,1836,1,0.653324,0.426833,46,1,28,-1,0,850
850,1041,1,0.636875,0.40561,55,3,28,-1,100,750
850,1357,1,0.733119,0.537464,58,3,28,-1,50,800
850,1362,5,4.19753,4.52798,30.4,6.4,28.4,-1,50,800
850,1837,1,0.55611,0.309258,62,6,28,1,0,850
850,1042,1,0.47074,0.221596,55,7,28,-1,100,750
850,1359,5,3.46763,2.52337,55.6,10,28.2,1,50,800
850,285,3,1.7689,1.13362,9.33333,12,28.6667,-1,350,500
850,89,1,0.388265,0.15075,43,21,28,-1,500,350
850,427,2,1.46859,1.08402,2.5,22.5,28.5,0,250,600
850,158,2,1.31943,1.28476,10,29,28.5,0,450,400
850,1046,1,0.659244,0.434603,42,31,28,-1,100,750
850,90,1,0.655546,0.429741,16,32,28,1,500,350
850,1360,1,0.816032,0.665908,62,35,28,-1,50,800
850,1838,1,0.869971,0.75685,61,38,28,1,0,850
850,1839,1,0.602664,0.363204,7,39,28,-1,0,850
850,46,1,0.569672,0.324526,46,40,28,-1,550,300
850,774,1,0.588438,0.34626,47,42,28,-1,150,700
850,160,2,1.01173,0.517476,27.5,44,28,0,450,400
850,1840,1,0.318458,0.101416,2,45,28,-1,0,850
850,586,1,0.915319,0.837809,15,45,28,-1,200,650
850,1841,2,1.18577,0.780784,25,46,28.5,0,0,850
850,1842,1,0.645767,0.417016,20,47,28,-1,0,850
850,1361,2,1.09267,0.645722,8,51,28.5,0,50,800
850,162,1,0.905239,0.819457,40,51,28,1,450,400
850,763,1,0.301453,0.0908738,57,56,28,-1,150,700
850,1058,4,1.93128,0.987265,46.75,60.25,28,-2,100,750
850,1044,1,0.785225,0.616579,50,63,28,1,100,750
850,91,1,0.651031,0.423841,23,2,29,1,500,350
850,337,1,0.949114,0.900818,13,4,29,-1,300,550
850,1365,2,1.26821,1.3134,32.5,4,29.5,0,50,800
850,1366,2,1.54726,1.2167,20.5,9,29.5,0,50,800
850,1045,1,0.64714,0.41879,47,9,29,-1,100,750
850,587,3,1.49234,0.87141,11.3333,16,30,1,200,650
850,1843,1,0.626523,0.392531,46,15,29,1,0,850
850,1844,4,2.07515,1.13899,43,16.25,29.5,2,0,850
850,1845,1,0.549457,0.301902,49,20,29,1,0,850
850,231,2,1.93426,1.87415,38.5,21,29,0,400,450
850,1363,1,0.814365,0.663191,55,22,29,-1,50,800
850,766,2,1.43177,1.05592,37,24.5,29,0,150,700
850,232,1,0.724555,0.52498,22,25,29,1,400,450
850,772,1,0.745603,0.555923,30,26,29,1,150,700
850,429,3,1.22675,0.568032,43.6667,27,29,-1,250,600
850,767,1,0.130554,0.0170444,46,26,29,-1,150,700
850,768,8,4.59611,3.47436,32.875,29,29.75,-2,150,700
850,47,1,0.605756,0.366941,46,29,29,-1,550,300
850,1364,1,0.419443,0.175932,12,30,29,1,50,800
850,1846,1,1.28958,1.66301,36,33,29,1,0,850
850,769,1,0.402738,0.162198,49,33,29,-1,150,700
850,770,2,1.54637,1.40382,4,35,29.5,0,150,700
850,776,1,1.1224,1.25978,45,35,29,-1,150,700
850,230,9,7.02991,6.11171,33.7778,35.5556,30,-1,400,450
850,340,1,0.760462,0.578303,36,42,29,1,300,550
850,588,2,1.35626,0.933314,38.5,42,29,2,200,650
850,781,1,0.927819,0.860849,51,42,29,1,150,700
850,1054,1,0.678549,0.460429,23,45,29,-1,100,750
850,1847,1,0.96998,0.940862,55,49,29,-1,0,850
850,286,1,0.555047,0.308077,12,51,29,1,350,500
850,430,1,0.793528,0.629686,46,54,29,-1,250,600
850,1055,1,0.752513,0.566276,49,54,29,-1,100,750
850,1848,1,0.970026,0.940951,52,54,29,-1,0,850
850,1371,4,2.67297,2.15281,45.25,57.5,30,0,50,800
850,10,1,0.654181,0.427953,26,58,29,1,600,250
850,233,1,0.520099,0.270503,28,58,29,1,400,450
850,431,2,1.58332,1.284,27.5,61,29,0,250,600
850,1849,1,0.31822,0.101264,44,61,29,1,0,850
850,1049,2,0.957748,0.480204,21.5,62,29.5,0,100,750
850,1050,1,0.102969,0.0106025,60,62,29,1,100,750
850,1850,1,0.925461,0.856477,35,1,30,1,0,850
850,336,1,0.627273,0.393471,9,5,30,-1,300,550
850,435,1,0.667801,0.445959,18,5,30,1,250,600
850,1051,2,0.495808,0.126388,12,6.5,30,0,100,750
850,13,2,1.24027,0.830908,41,11.5,30.5,-2,600,250
850,1367,1,0.44052,0.194058,26,16,30,-1,50,800
850,1068,1,0.61575,0.379148,32,21,30,-1,100,750
850,771,1,0.433983,0.188341,14,23,30,1,150,700
850,1368,2,2.4532,3.28603,17.5,24,30,0,50,800
850,1851,1,1.41795,2.01059,52,24,30,1,0,850
850,1852,1,0.574425,0.329964,27,26,30,1,0,850
850,1853,1,0.792748,0.628449,60,27,30,1,0,850
850,779,1,0.42857,0.183673,30,33,30,1,150,700
850,1063,3,1.237,0.567667,32,33.6667,30.3333,1,100,750
850,164,5,3.17644,2.4322,45.8,40,30.2,1,450,400
850,773,2,0.973615,0.695641,33,40,30.5,0,150,700
850,780,2,1.37637,1.01314,38.5,40,30,0,150,700
850,782,3,2.89588,3.22887,11.6667,43,30,1,150,700
850,1854,4,2.39073,1.5557,23,42.75,30.5,-2,0,850
850,1369,3,2.45844,2.18363,30.3333,42.6667,30,1,50,800
850,1855,1,0.426704,0.182076,48,43,30,1,0,850
850,1856,1,0.430939,0.185709,32,45,30,-1,0,850
850,1857,1,0.530346,0.281267,23,47,30,-1,0,850
850,48,1,0.254282,0.0646595,42,47,30,1,550,300
850,444,1,0.315888,0.0997854,40,52,30,-1,250,600
850,1370,2,1.64498,1.37641,58.5,53,30,0,50,800
850,1052,1,0.718998,0.516958,62,56,30,-1,100,750
850,1858,1,1.11647,1.2465,50,58,30,1,0,850
850,1859,1,0.809716,0.655639,17,60,30,-1,0,850
850,433,1,0.794377,0.631036,1,1,31,1,250,600
850,1860,1,0.307931,0.0948213,63,1,31,1,0,850
850,592,6,4.13738,2.92617,20.6667,4.16667,32.3333,2,200,650
850,1861,1,0.340533,0.115963,15,5,31,-1,0,850
850,161,2,1.48448,1.20643,49,6,31.5,0,450,400
850,287,2,1.35965,0.9248,26.5,12,31,0,350,500
850,1372,1,0.543631,0.295534,61,12,31,1,50,800
850,1862,1,1.12619,1.26831,29,21,31,-1,0,850
850,1373,1,0.834395,0.696215,40,21,31,1,50,800
850,1379,3,1.84773,1.29638,34.6667,22.3333,31,1,50,800
850,166,1,0.654134,0.427891,63,23,31,-1,450,400
850,1061,2,1.37087,0.988685,7,25,31.5,0,100,750
850,1069,1,1.51699,2.30127,40,25,31,1,100,750
850,1374,1,0.837267,0.701016,10,26,31,1,50,800
850,1863,2,0.496591,0.139049,22.5,25.5,31.5,0,0,850
850,12,1,0.326316,0.106482,31,30,31,1,600,250
850,1864,2,1.65494,1.52132,41,30.5,31,2,0,850
850,1865,1,0.813974,0.662554,45,33,31,1,0,850
850,1866,1,0.561899,0.315731,37,34,31,-1,0,850
850,94,3,1.73712,1.22534,52.3333,34.6667,31,-1,500,350
850,1053,2,1.33063,0.961976,18,38.5,31.5,0,100,750
850,589,1,0.850961,0.724135,57,40,31,1,200,650
850,1375,1,0.987738,0.975627,27,42,31,1,50,800
850,1381,6,5.35177,5.35561,58.6667,41.6667,32.3333,-2,50,800
850,595,1,0.560417,0.314067,35,44,31,1,200,650
850,811,1,0.848703,0.720296,43,51,31,1,150,700
850,338,2,1.6234,1.33363,49,52,31.5,0,300,550
850,1867,1,0.60568,0.366848,44,55,31,1,0,850
850,1868,2,1.29476,0.849794,49.5,55,31,0,0,850
850,1869,1,0.247068,0.0610426,14,56,31,1,0,850
850,1056,1,0.409348,0.167566,28,56,31,1,100,750
850,1057,1,0.374646,0.140359,20,57,31,-1,100,750
850,777,3,1.90163,1.27487,8.66667,59.6667,31,1,150,700
850,1059,1,0.741039,0.549138,28,61,31,-1,100,750
850,1870,1,0.416513,0.173483,55,61,31,-1,0,850
850,1060,1,0.277639,0.0770834,28,63,31,-1,100,750
850,234,2,1.04139,0.594883,4.5,7,32,0,400,450
850,1376,1,0.497541,0.247547,32,7,32,-1,50,800
850,339,2,1.27303,0.820457,23.5,8.5,32.5,0,300,550
850,790,1,0.809047,0.654557,28,10,32,1,150,700
850,1067,2,1.7984,1.743,43,10,32.5,0,100,750
850,1377,1,0.348729,0.121612,1,11,32,1,50,800
850,775,2,1.75359,1.53791,13.5,16,32.5,0,150,700
850,594,1,0.731497,0.535088,36,18,32,-1,200,650
850,1378,1,0.435945,0.190048,2,19,32,1,50,800
850,344,1,0.334159,0.111662,22,20,32,1,300,550
850,1871,2,1.3055,0.901659,32.5,24,32.5,0,0,850
850,1073,6,3.5191,2.41935,47.6667,27.8333,32.3333,0,100,750
850,778,4,3.08227,2.54317,61,31,33,-2,150,700
850,1380,1,0.689851,0.475895,14,32,32,1,50,800
850,1062,1,0.667312,0.445305,30,32,32,1,100,750
850,1872,1,0.979645,0.959705,32,32,32,1,0,850
850,1873,1,1.0124,1.02495,39,41,32,-1,0,850
850,1874,1,0.455538,0.207515,37,42,32,1,0,850
850,792,1,1.13647,1.29156,50,42,32,1,150,700
850,1064,1,0.165064,0.027246,15,44,32,-1,100,750
850,343,1,0.657376,0.432143,59,46,32,-1,300,550
850,1875,1,1.60923,2.58961,11,47,32,1,0,850
850,97,13,8.58408,6.54042,45.8462,49.2308,34.0769,3,500,350
850,1876,1,0.485422,0.235634,33,50,32,1,0,850
850,1065,1,0.698838,0.488375,25,53,32,-1,100,750
850,1066,2,1.1045,0.623429,35,54,32.5,0,100,750
850,1877,1,0.39356,0.154889,57,58,32,1,0,850
850,341,2,1.37596,0.946823,3.5,60,32,0,300,550
850,434,2,1.05474,0.577989,0,61,32.5,0,250,600
850,783,2,1.04899,0.55127,10,0.5,33,0,150,700
850,1382,3,1.10945,0.475645,-0.333333,3,33,1,50,800
850,1071,1,0.305606,0.0933948,23,2,33,-1,100,750
850,288,4,1.56654,0.762842,27.5,6.25,33.5,-2,350,500
850,15,3,2.49408,2.66119,35.6667,9.66667,34,1,600,250
850,1396,1,0.561175,0.314917,41,9,33,-1,50,800
850,785,2,1.57768,1.31352,47.5,8.5,33.5,0,150,700
850,1383,2,1.41292,1.32387,55,14.5,33,0,50,800
850,786,2,0.704351,0.265826,20,14.5,33.5,0,150,700
850,1384,1,0.633077,0.400786,25,15,33,-1,50,800
850,597,1,1.04112,1.08392,20,19,33,1,200,650
850,163,2,1.15096,0.673299,56,21.5,33,0,450,400
850,1385,1,1.05073,1.10404,8,22,33,1,50,800
850,1878,1,0.477756,0.228251,37,23,33,1,0,850
850,18,2,2.28773,2.8435,54,23.5,33,-2,600,250
850,1079,1,1.13693,1.29262,42,25,33,1,100,750
850,1879,1,0.394307,0.155478,38,26,33,1,0,850
850,438,2,0.85226,0.451247,54,29.5,33,0,250,600
850,784,4,3.0976,2.45264,49.5,33.5,33.25,0,150,700
850,598,1,0.416662,0.173607,58,34,33,-1,200,650
850,1880,1,1.22901,1.51046,4,36,33,1,0,850
850,342,1,0.822334,0.676233,9,36,33,1,300,550
850,436,1,0.638316,0.407448,26,36,33,1,250,600
850,1881,1,0.758719,0.575655,37,37,33,-1,0,850
850,1882,1,1.06055,1.12477,20,38,33,1,0,850
850,788,1,0.938195,0.880211,47,38,33,-1,150,700
850,14,1,0.511591,0.261725,62,38,33,-1,600,250
850,1883,1,1.09671,1.20278,23,41,33,-1,0,850
850,599,2,0.66409,0.223615,41.5,45,33,0,200,650
850,1075,1,0.494554,0.244584,57,45,33,-1,100,750
850,1394,2,1.50381,1.15699,57.5,47,33.5,0,50,800
850,1070,1,0.837822,0.701946,37,51,33,-1,100,750
850,1884,1,0.378978,0.143624,31,52,33,-1,0,850
850,1885,1,0.902061,0.813714,8,58,33,-1,0,850
850,1886,1,1.00142,1.00284,14,58,33,-1,0,850
850,1887,1,1.01733,1.03497,38,58,33,-1,0,850
850,591,2,0.697399,0.304393,41.5,62,33,0,200,650
850,1386,1,0.679927,0.462301,20,1,34,1,50,800
850,165,1,0.853523,0.728502,39,2,34,1,450,400
850,437,1,0.518002,0.268326,61,3,34,-1,250,600
850,1888,1,0.733943,0.538673,18,5,34,-1,0,850
850,593,1,0.409523,0.167709,60,8,34,-1,200,650
850,800,2,1.60615,1.40573,45,9.5,34,0,150,700
850,791,1,0.615015,0.378243,37,15,34,-1,150,700
850,1402,1,1.10682,1.22506,32,16,34,-1,50,800
850,787,2,1.43396,1.05817,39.5,15.5,34.5,0,150,700
850,1387,1,0.536162,0.287469,43,17,34,1,50,800
850,1889,1,0.457567,0.209367,58,17,34,1,0,850
850,1388,1,0.775273,0.601049,42,19,34,1,50,800
850,1072,1,0.564608,0.318782,63,22,34,-1,100,750
850,1890,1,0.85375,0.728889,63,25,34,-1,0,850
850,600,2,1.48791,1.22652,53,26.5,34.5,0,200,650
850,235,1,0.411329,0.169192,3,28,34,1,400,450
850,801,8,4.20251,2.67552,57.125,27.75,35.625,2,150,700
850,815,1,0.272395,0.0741992,26,30,34,1,150,700
850,1389,2,1.21936,0.779792,46,30.5,34,-2,50,800
850,1390,1,0.498068,0.248071,21,31,34,-1,50,800
850,1891,2,1.31994,0.871174,33.5,31,34.5,0,0,850
850,1391,1,1.16427,1.35552,25,34,34,-1,50,800
850,1892,4,3.14129,3.37419,20.75,36,34.75,0,0,850
850,167,2,1.56377,1.27142,2.5,38,34,0,450,400
850,168,1,1.04703,1.09627,9,39,34,1,450,400
850,1893,2,1.36206,0.940908,45,39.5,34,0,0,850
850,1392,1,0.845458,0.7148,17,43,34,-1,50,800
850,240,1,0.66737,0.445382,34,46,34,1,400,450
850,1393,1,0.426471,0.181878,28,48,34,1,50,800
850,1894,1,0.867112,0.751883,30,48,34,-1,0,850
850,1895,2,1.29129,0.984032,58.5,49.5,34.5,2,0,850
850,604,1,0.401581,0.161267,21,57,34,1,200,650
850,601,1,0.444656,0.197719,20,62,34,-1,200,650
850,289,1,0.39354,0.154873,37,63,34,-1,350,500
850,596,6,3.36936,2.06116,15,-1.16667,36.1667,0,200,650
850,1395,1,0.789163,0.622779,12,1,35,-1,50,800
850,1085,1,0.906006,0.820848,26,1,35,1,100,750
850,1896,1,0.58547,0.342775,36,2,35,1,0,850
850,1897,2,0.94596,0.447465,11.5,4,35.5,0,0,850
850,789,2,1.45116,1.22262,6.5,6,35,0,150,700
850,1076,2,1.19915,0.805856,4.5,10,35.5,2,100,750
850,1401,1,0.464283,0.215559,26,11,35,-1,50,800
850,1077,1,0.818729,0.670318,33,11,35,1,100,750
850,1898,1,0.290429,0.0843489,40,12,35,-1,0,850
850,807,1,0.362182,0.131176,47,12,35,-1,150,700
850,1078,1,0.604045,0.36487,35,16,35,-1,100,750
850,17,1,0.519643,0.270029,53,16,35,1,600,250
850,1397,1,0.77867,0.606328,20,18,35,1,50,800
850,439,2,1.52658,1.18954,16,19,35.5,0,250,600
850,1899,1,0.365662,0.133709,20,20,35,1,0,850
850,1398,1,0.609324,0.371276,25,21,35,-1,50,800
850,1900,1,0.877155,0.769401,44,27,35,-1,0,850
850,795,1,1.23552,1.52651,6,30,35,-1,150,700
850,1399,1,0.500247,0.250247,3,31,35,-1,50,800
850,290,1,0.647573,0.41935,23,32,35,1,350,500
850,1080,1,0.512715,0.262877,53,32,35,1,100,750
850,49,1,0.58968,0.347723,13,34,35,-1,550,300
850,1901,1,1.10737,1.22626,60,35,35,1,0,850
850,1902,1,0.53986,0.291449,34,36,35,1,0,850
850,1903,1,0.551938,0.304635,36,36,35,1,0,850
850,809,1,0.889574,0.791343,15,37,35,1,150,700
850,803,1,0.468204,0.219215,30,40,35,1,150,700
850,797,8,5.20909,3.84672,31.625,41.875,35.25,2,150,700
850,1904,1,0.871356,0.75926,50,43,35,1,0,850
850,1905,1,0.600676,0.360811,28,46,35,1,0,850
850,236,3,2.11933,1.53394,16,46.6667,35.6667,-1,400,450
850,448,5,2.9295,1.88332,42.6,47.4,35.4,-1,250,600
850,51,3,1.7831,1.21717,9,49.3333,35.6667,1,550,300
850,1906,1,0.385709,0.148771,3,51,35,-1,0,850
850,1081,1,0.368562,0.135838,26,52,35,-1,100,750
850,50,1,0.712698,0.507938,47,52,35,1,550,300
850,793,1,0.374673,0.14038,7,53,35,1,150,700
850,794,3,2.43506,2.08062,46.6667,54.3333,35,1,150,700
850,1082,1,0.272007,0.0739879,0,55,35,-1,100,750
850,1400,1,0.870591,0.757928,47,57,35,1,50,800
850,1907,1,0.695605,0.483866,50,58,35,1,0,850
850,345,1,0.635559,0.403935,45,61,35,-1,300,550
850,238,4,2.24371,1.26782,39.75,6.75,37,-2,400,450
850,1908,1,0.550123,0.302635,23,11,36,1,0,850
850,171,2,1.2129,0.754431,0.5,12.5,36,0,450,400
850,1083,1,0.536671,0.288016,10,13,36,-1,100,750
850,1909,1,0.542933,0.294776,32,14,36,1,0,850
850,1403,1,0.637557,0.406478,26,16,36,-1,50,800
850,445,2,0.901565,0.417898,22,16.5,36.5,0,250,600
850,1093,1,0.798321,0.637316,53,18,36,1,100,750
850,814,1,0.87022,0.757283,50,24,36,-1,150,700
850,1910,1,1.06321,1.13041,53,25,36,-1,0,850
850,1911,2,1.48362,1.2023,41,28,36.5,0,0,850
850,446,1,0.281736,0.0793753,49,28,36,-1,250,600
850,1422,1,0.563958,0.318048,25,30,36,-1,50,800
850,1074,2,1.12739,0.638118,60.5,31,36,0,100,750
850,1404,2,1.51618,1.14954,8,33.5,36,0,50,800
850,440,1,0.607688,0.369285,45,33,36,-1,250,600
850,796,4,3.10487,2.47258,43,34.25,37.5,0,150,700
850,817,1,0.266341,0.0709375,51,34,36,-1,150,700
850,1912,1,0.495537,0.245556,45,35,36,1,0,850
850,347,4,2.29536,1.69092,0.5,36.75,36.25,-2,300,550
850,1913,1,0.540534,0.292177,42,37,36,1,0,850
850,239,1,0.913024,0.833612,53,38,36,1,400,450
850,1914,1,0.517217,0.267513,54,45,36,-1,0,850
850,1915,1,0.579743,0.336102,12,46,36,1,0,850
850,798,1,0.726723,0.528126,20,51,36,-1,150,700
850,1095,1,0.492581,0.242636,44,51,36,1,100,750
850,237,1,0.332,0.110224,15,55,36,1,400,450
850,1405,2,0.690335,0.267269,40,55.5,36,0,50,800
850,805,1,0.936266,0.876594,19,59,36,-1,150,700
850,1084,1,0.895608,0.802113,35,59,36,1,100,750
850,799,2,1.07576,0.579157,43,62.5,36,0,150,700
850,1916,1,0.543945,0.295877,26,1,37,1,0,850
850,806,4,2.80327,2.30358,47.25,0.5,37.75,-2,150,700
850,100,3,2.08879,1.72451,16,9.66667,37.6667,-1,500,350
850,1091,1,1.09315,1.19498,45,11,37,-1,100,750
850,1086,2,0.879785,0.434339,1,15,37.5,0,100,750
850,291,2,1.6001,1.28017,46.5,15,37,0,350,500
850,1092,3,2.29018,1.94808,10.3333,16.6667,37.3333,1,100,750
850,1917,1,0.614996,0.37822,58,18,37,1,0,850
850,1406,1,0.425436,0.180996,14,19,37,1,50,800
850,1411,2,1.09902,0.697147,55,19.5,37.5,0,50,800
850,243,4,3.16663,2.91855,49.5,21,37.25,0,400,450
850,1918,1,1.54499,2.38698,63,23,37,1,0,850
850,821,1,0.480953,0.231316,31,24,37,1,150,700
850,346,1,0.620009,0.384412,38,25,37,1,300,550
850,1087,2,1.02228,0.540901,57.5,25,37,0,100,750
850,808,5,3.37056,2.66536,49.8,25.2,38.6,-1,150,700
850,1919,1,0.368871,0.136066,1,27,37,-1,0,850
850,292,1,0.290466,0.0843704,14,27,37,-1,350,500
850,53,1,0.453081,0.205282,10,29,37,1,550,300
850,249,2,0.635075,0.201766,11.5,31.5,37.5,0,400,450
850,1920,1,0.627546,0.393814,28,31,37,1,0,850
850,1921,1,1.06319,1.13037,20,33,37,1,0,850
850,1922,1,0.284108,0.0807173,1,34,37,-1,0,850
850,802,3,1.81119,1.5017,10.3333,36.6667,37,1,150,700
850,441,1,0.383233,0.146867,45,37,37,1,250,600
850,810,2,0.693387,0.258694,48.5,38.5,37,0,150,700
850,1923,1,0.142777,0.0203854,30,40,37,1,0,850
850,52,2,0.953769,0.45505,33.5,41.5,37.5,-2,550,300
850,1424,1,0.972016,0.944815,33,46,37,-1,50,800
850,1924,1,0.374105,0.139954,14,48,37,1,0,850
850,1925,1,0.239726,0.0574685,30,49,37,-1,0,850
850,1926,1,0.508008,0.258072,26,52,37,-1,0,850
850,602,2,1.85342,1.98345,49,52.5,37,0,200,650
850,603,2,1.14101,0.659334,61,53,37.5,0,200,650
850,1089,1,0.439687,0.193325,34,55,37,1,100,750
850,804,1,0.377065,0.142178,23,56,37,1,150,700
850,442,1,0.898963,0.808134,54,58,37,-1,250,600
850,98,1,0.81213,0.659555,16,59,37,-1,500,350
850,1408,2,1.75903,1.56851,11,60.5,37,0,50,800
850,348,3,1.24989,0.542318,4,62.3333,37.6667,1,300,550
850,1426,1,0.711927,0.506839,0,3,38,-1,50,800
850,1090,1,0.706069,0.498534,50,3,38,-1,100,750
850,1927,1,0.8335,0.694722,29,9,38,-1,0,850
850,170,1,0.568292,0.322956,42,10,38,-1,450,400
850,1409,1,0.547675,0.299948,48,12,38,1,50,800
850,242,1,0.906291,0.821364,7,13,38,1,400,450
850,1410,2,1.33824,0.944988,53.5,13,38,0,50,800
850,1100,1,0.338989,0.114913,36,17,38,-1,100,750
850,1928,1,0.569692,0.324549,60,19,38,-1,0,850
850,443,1,0.490122,0.24022,7,22,38,1,250,600
850,1929,2,0.871203,0.393397,56,22,38.5,0,0,850
850,1094,1,0.238426,0.056847,5,23,38,-1,100,750
850,1930,1,0.944964,0.892957,62,25,38,1,0,850
850,356,1,0.798713,0.637942,8,27,38,-1,300,550
850,1931,1,0.455985,0.207922,51,28,38,1,0,850
850,16,3,2.16572,1.90456,25.3333,34.6667,38,1,600,250
850,1412,1,0.176126,0.0310202,15,37,38,1,50,800
850,1932,1,1.01078,1.02168,22,37,38,1,0,850
850,449,1,0.405561,0.16448,22,39,38,1,250,600
850,1413,1,0.979015,0.958471,34,39,38,1,50,800
850,349,1,0.630205,0.397159,36,39,38,1,300,550
850,1414,1,0.848335,0.719672,39,40,38,-1,50,800
850,1415,1,0.994046,0.988127,52,40,38,-1,50,800
850,1933,1,0.519928,0.270325,55,40,38,-1,0,850
850,1416,1,0.616556,0.380141,17,45,38,-1,50,800
850,1934,1,0.450503,0.202953,20,45,38,-1,0,850
850,823,1,0.651653,0.424652,44,48,38,-1,150,700
850,1417,1,0.522263,0.272759,23,49,38,-1,50,800
850,1935,2,1.17041,0.702313,13.5,50,38,0,0,850
850,1936,1,0.751232,0.564349,53,51,38,-1,0,850
850,1418,1,0.205082,0.0420587,42,53,38,-1,50,800
850,350,1,0.499672,0.249672,38,55,38,-1,300,550
850,1420,2,0.901977,0.408438,41,55.5,38,0,50,800
850,1419,2,0.718032,0.275612,1.5,57,38,0,50,800
850,1937,2,1.87658,2.25952,44,57,38.5,0,0,850
850,1938,1,0.178979,0.0320336,37,58,38,-1,0,850
850,1096,1,0.507295,0.257348,32,60,38,-1,100,750
850,1099,4,2.90785,2.24074,17.5,60.25,39.25,-4,100,750
850,172,1,0.306485,0.0939328,59,61,38,-1,450,400
850,1097,2,1.57248,1.24208,44,0.5,39,0,100,750
850,606,2,1.24952,0.861439,8.5,4,39,0,200,650
850,1421,1,0.50094,0.250941,23,4,39,1,50,800
850,608,1,0.312864,0.0978839,5,5,39,-1,200,650
850,605,2,1.63666,1.36358,15.5,5.5,39.5,0,200,650
850,1098,1,0.872561,0.761363,11,7,39,-1,100,750
850,1427,7,4.6413,3.11726,48,8.14286,39.8571,-3,50,800
850,1428,1,1.60744,2.58386,6,16,39,1,50,800
850,607,1,0.434362,0.18867,22,18,39,-1,200,650
850,1939,1,0.896699,0.80407,30,19,39,-1,0,850
850,613,4,2.85787,2.21817,33.25,22,39.5,-2,200,650
850,812,1,0.599745,0.359695,17,23,39,-1,150,700
850,813,1,1.33834,1.79116,23,23,39,1,150,700
850,1940,1,0.69574,0.484054,2,28,39,-1,0,850
850,447,2,1.19905,0.720706,10.5,28.5,39,0,250,600
850,1941,5,4.01973,3.39282,24.4,32,40,-3,0,850
850,816,1,1.03205,1.06514,14,31,39,1,150,700
850,1942,1,0.390941,0.152835,33,33,39,-1,0,850
850,1102,1,0.40591,0.164763,54,33,39,-1,100,750
850,826,1,1.17719,1.38579,50,34,39,-1,150,700
850,1943,2,1.41787,1.31869,49,38,39.5,0,0,850
850,1423,1,0.0927577,0.00860399,5,42,39,1,50,800
850,1112,1,0.564807,0.319007,22,43,39,-1,100,750
850,1441,2,1.42458,1.02198,29,43.5,39,0,50,800
850,169,1,0.446722,0.19956,43,43,39,-1,450,400
850,1944,1,0.185486,0.0344049,35,48,39,-1,0,850
850,1945,1,0.660209,0.435876,38,53,39,-1,0,850
850,19,2,1.37748,0.972977,9,55.5,39,0,600,250
850,1946,1,0.741772,0.550225,15,55,39,1,0,850
850,241,1,0.627136,0.3933,11,56,39,-1,400,450
850,1103,4,1.3589,0.514929,27.5,57.25,39.5,-2,100,750
850,1425,2,1.38999,1.0421,1.5,59,39,0,50,800
850,1121,1,0.403731,0.162999,11,59,39,-1,100,750
850,1104,1,0.455712,0.207673,29,60,39,1,100,750
850,1947,1,0.860211,0.739964,19,62,39,1,0,850
850,294,1,0.465827,0.216995,56,62,39,1,350,500
850,1948,1,0.387962,0.150514,3,2,40,-1,0,850
850,1108,1,1.06267,1.12927,62,2,40,1,100,750
850,827,1,0.362163,0.131162,40,5,40,1,150,700
850,819,2,1.46175,1.15843,18,7.5,40,0,150,700
850,609,1,0.739632,0.547056,44,7,40,1,200,650
850,1114,11,7.94527,6.23016,41,8.81818,41.1818,-1,100,750
850,1949,1,0.297974,0.0887885,7,14,40,-1,0,850
850,1115,1,0.585132,0.34238,47,15,40,1,100,750
850,1429,1,0.50013,0.25013,24,16,40,-1,50,800
850,1950,1,1.20194,1.44466,29,17,40,-1,0,850
850,1951,1,0.254239,0.0646377,34,18,40,-1,0,850
850,610,1,0.233365,0.0544592,48,21,40,1,200,650
850,1101,1,0.115396,0.0133163,13,24,40,-1,100,750
850,820,1,0.686412,0.471161,9,25,40,1,150,700
850,1105,5,4.70277,5.24795,29,26,40.4,-1,100,750
850,1952,1,0.358849,0.128772,14,26,40,1,0,850
850,351,2,1.3509,0.993635,34,27.5,40,0,300,550
850,822,2,0.850112,0.386089,7.5,30.5,40.5,0,150,700
850,1430,1,0.766099,0.586907,57,34,40,-1,50,800
850,1431,1,0.409047,0.167319,7,37,40,-1,50,800
850,1432,1,0.435113,0.189323,9,41,40,-1,50,800
850,1119,3,1.53005,0.894996,48.6667,42,40.3333,1,100,750
850,1953,1,0.633784,0.401682,25,43,40,-1,0,850
850,1954,1,0.4322,0.186796,44,50,40,1,0,850
850,454,2,1.64605,1.50619,14.5,60.5,40.5,0,250,600
850,1955,1,0.902563,0.814619,31,61,40,1,0,850
850,618,3,1.6309,0.991096,42,61.3333,41,-1,200,650
850,1956,1,0.584354,0.341469,30,63,40,1,0,850
850,1433,1,0.510859,0.260977,52,63,40,1,50,800
850,352,3,1.1397,0.509083,59.6667,0,41.6667,1,300,550
850,450,2,1.77618,1.68198,48.5,1,41.5,0,250,600
850,824,1,0.282413,0.0797572,30,4,41,1,150,700
850,1438,1,0.503958,0.253973,61,4,41,-1,50,800
850,1445,1,0.621905,0.386766,11,7,41,-1,50,800
850,1123,1,0.812259,0.659765,38,8,41,-1,100,750
850,1434,2,1.41694,1.21,52,10.5,41,0,50,800
850,244,1,0.358984,0.128869,0,13,41,-1,400,450
850,1435,2,0.991916,0.540534,49,15,41.5,0,50,800
850,293,2,1.99222,2.30646,1,19,41.5,0,350,500
850,1957,1,0.717151,0.514306,1,21,41,-1,0,850
850,1110,2,1.19362,0.821308,43.5,25,41.5,0,100,750
850,453,2,0.968818,0.474919,7,27.5,41,0,250,600
850,245,1,0.262157,0.0687263,42,27,41,1,400,450
850,247,1,0.49709,0.247099,29,29,41,1,400,450
850,246,1,0.285287,0.0813888,21,30,41,1,400,450
850,825,2,1.27279,0.811029,46,31.5,41,0,150,700
850,1958,4,2.19202,1.29283,49.5,33.75,41.5,2,0,850
850,611,1,0.539151,0.290684,16,40,41,-1,200,650
850,1436,2,1.1608,0.735414,20.5,40,41.5,0,50,800
850,1959,2,0.986871,0.495786,17.5,41.5,41,0,0,850
850,1106,2,1.48479,1.2596,31.5,42,41,0,100,750
850,1960,1,0.288902,0.0834642,33,48,41,1,0,850
850,614,1,0.501724,0.251727,39,48,41,1,200,650
850,838,1,0.20108,0.0404333,63,53,41,1,150,700
850,1453,2,1.86483,2.21793,12.5,57.5,41.5,2,50,800
850,1437,2,1.47843,1.12736,39,59,41.5,-2,50,800
850,1961,1,0.631916,0.399318,5,60,41,1,0,850
850,102,2,1.48532,1.14284,22,0.5,42,0,500,350
850,1107,1,0.497061,0.24707,53,0,42,1,100,750
850,1962,2,0.760597,0.334103,60.5,2,42,0,0,850
850,1439,2,1.56095,1.32216,49.5,3,42,0,50,800
850,1963,3,3.82096,5.03819,8.33333,7,42,-1,0,850
850,1440,1,0.499575,0.249575,13,11,42,1,50,800
850,1109,1,0.695646,0.483923,32,22,42,1,100,750
850,828,2,1.72796,1.49568,44,22.5,42,0,150,700
850,1964,1,0.889471,0.791158,2,23,42,1,0,850
850,354,2,0.841353,0.476105,18.5,27,42,0,300,550
850,1965,3,2.00328,1.42566,32,30.3333,42.6667,1,0,850
850,1966,2,1.54642,1.61585,16,31.5,42,2,0,850
850,1967,1,1.02427,1.04913,43,31,42,-1,0,850
850,1968,1,0.432725,0.187251,34,32,42,-1,0,850
850,1969,1,0.341879,0.116882,36,34,42,-1,0,850
850,830,1,0.700852,0.491193,25,36,42,1,150,700
850,829,1,0.652021,0.425132,43,36,42,-1,150,700
850,1970,1,0.978537,0.957535,24,38,42,-1,0,850
850,834,5,3.24354,2.4677,51.6,39.4,42.2,-1,150,700
850,1971,1,0.750344,0.563016,40,39,42,-1,0,850
850,1972,1,0.192119,0.0369098,43,39,42,-1,0,850
850,1111,1,0.645932,0.417229,36,41,42,-1,100,750
850,1973,1,0.662562,0.438988,28,42,42,1,0,850
850,1442,1,0.490872,0.240955,59,42,42,-1,50,800
850,248,2,1.16928,0.70114,52,44.5,42,0,400,450
850,1113,1,0.711861,0.506746,20,45,42,1,100,750
850,831,1,0.227245,0.0516403,42,45,42,-1,150,700
850,1443,1,1.02771,1.05618,38,46,42,-1,50,800
850,1974,1,0.274641,0.0754276,22,48,42,-1,0,850
850,175,2,1.75658,1.61798,29.5,53,42.5,0,450,400
850,832,1,0.611171,0.37353,44,55,42,1,150,700
850,355,2,1.42628,1.15074,47.5,56,42.5,0,300,550
850,103,4,1.68665,0.834885,30.5,56.5,43.25,2,500,350
850,1444,1,0.860633,0.740689,42,57,42,-1,50,800
850,1975,1,0.765,0.585224,34,60,42,-1,0,850
850,617,1,0.653628,0.427229,58,61,42,-1,200,650
850,107,5,3.25675,2.20364,37,62.4,43.6,1,500,350
850,1976,1,0.579232,0.33551,11,5,43,-1,0,850
850,835,2,0.683346,0.241386,22.5,5.5,43.5,0,150,700
850,1977,2,1.36686,1.24445,24,7.5,43,0,0,850
850,1454,1,0.150665,0.0226999,36,7,43,1,50,800
850,1446,1,0.656742,0.43131,62,7,43,1,50,800
850,1451,1,0.865944,0.749859,32,9,43,-1,50,800
850,615,1,0.393652,0.154962,3,11,43,1,200,650
850,1447,1,0.796405,0.63426,47,14,43,1,50,800
850,1116,2,1.03619,0.633367,60,17,43.5,0,100,750
850,1117,1,0.434354,0.188663,38,19,43,1,100,750
850,451,1,0.350657,0.122961,51,22,43,-1,250,600
850,452,1,0.958351,0.918436,56,28,43,1,250,600
850,616,2,0.741145,0.347884,62,28.5,43,0,200,650
850,833,2,1.00949,0.536354,11,29.5,43,0,150,700
850,1125,1,0.672198,0.45185,60,30,43,-1,100,750
850,844,2,1.3995,1.00551,38.5,37.5,43.5,0,150,700
850,1978,1,0.177085,0.0313592,2,40,43,1,0,850
850,1448,1,0.419891,0.176308,7,40,43,1,50,800
850,1118,1,0.903029,0.815462,56,40,43,-1,100,750
850,1979,1,0.595668,0.35482,43,42,43,-1,0,850
850,1449,2,0.635536,0.271037,50,43.5,43,0,50,800
850,173,1,0.291246,0.0848243,11,45,43,-1,450,400
850,250,1,0.905862,0.820586,2,50,43,-1,400,450
850,839,2,1.66939,1.40096,10.5,52,43.5,2,150,700
850,1980,1,1.6538,2.73504,49,54,43,-1,0,850
850,845,1,0.761739,0.580247,53,55,43,-1,150,700
850,455,1,0.360389,0.12988,57,59,43,-1,250,600
850,174,2,1.83223,1.71233,10.5,0.5,44,0,450,400
850,1450,1,0.553447,0.306304,20,0,44,-1,50,800
850,1463,1,0.584534,0.341679,33,5,44,1,50,800
850,1132,1,0.178303,0.0317921,15,8,44,1,100,750
850,1455,2,1.39215,0.970439,20.5,12,44.5,0,50,800
850,359,9,5.52677,3.96543,30.7778,10.1111,47.1111,-1,300,550
850,1120,1,1.2524,1.56852,8,14,44,-1,100,750
850,1456,2,1.42888,1.05074,14.5,15.5,44.5,-2,50,800
850,104,2,1.02379,0.58191,4.5,20,44,0,500,350
850,1452,1,0.350536,0.122875,13,25,44,1,50,800
850,842,1,1.61901,2.62118,53,25,44,-1,150,700
850,1981,5,5.05898,5.71215,51,26.6,44.2,-1,0,850
850,836,3,2.12925,1.53106,39.6667,27.6667,44,1,150,700
850,837,1,0.47476,0.225397,8,28,44,1,150,700
850,1982,1,0.877674,0.770311,43,29,44,1,0,850
850,1983,1,0.394235,0.155421,51,34,44,1,0,850
850,105,3,2.3391,1.8558,11,36.3333,44.3333,1,500,350
850,1984,1,0.65482,0.42879,36,43,44,1,0,850
850,1985,1,0.917034,0.840951,21,46,44,1,0,850
850,357,1,0.864152,0.746759,29,50,44,-1,300,550
850,843,1,0.657978,0.432935,62,52,44,1,150,700
850,1986,1,0.660879,0.43676,11,55,44,1,0,850
850,840,4,2.4981,1.6507,26.25,55.5,44.5,0,150,700
850,460,1,0.0794339,0.00630974,0,60,44,-1,250,600
850,1987,2,1.72996,1.49763,57.5,61,44,0,0,850
850,1122,1,0.535267,0.286511,0,62,44,-1,100,750
850,20,1,0.693295,0.480657,44,63,44,1,600,250
850,176,1,0.569912,0.324799,53,63,44,1,450,400
850,457,1,0.612671,0.375366,9,2,45,-1,250,600
850,849,1,0.453193,0.205384,56,2,45,-1,150,700
850,177,1,0.581318,0.33793,57,5,45,-1,450,400
850,1988,2,1.42841,1.199,36,9.5,45,0,0,850
850,1124,1,0.562101,0.315957,31,16,45,1,100,750
850,54,3,1.64383,0.909053,41.6667,17.6667,45,-1,550,300
850,619,1,0.484354,0.234599,14,21,45,-1,200,650
850,21,1,0.780261,0.608807,16,22,45,1,600,250
850,456,2,1.15786,0.681455,37,22.5,45,0,250,600
850,841,1,0.558297,0.311696,60,22,45,1,150,700
850,1457,1,0.827431,0.684642,8,24,45,1,50,800
850,1458,2,1.43224,1.15611,61.5,27,45,0,50,800
850,1142,1,0.760226,0.577944,22,33,45,1,100,750
850,106,2,1.22543,0.898731,57,33.5,45,0,500,350
850,623,4,1.74279,1.05801,0,34.5,45.5,0,200,650
850,1989,1,1.41062,1.98984,46,35,45,-1,0,850
850,626,1,0.834449,0.696306,19,41,45,-1,200,650
850,1459,1,0.547698,0.299973,28,46,45,-1,50,800
850,1990,1,0.783983,0.614629,42,47,45,1,0,850
850,620,3,1.53118,1.09948,31.6667,48.6667,45.6667,1,200,650
850,358,2,0.667992,0.260834,2,51.5,45,0,300,550
850,1991,1,0.744969,0.554978,25,53,45,-1,0,850
850,1992,1,1.25311,1.57027,6,54,45,-1,0,850
850,1460,1,0.901136,0.812047,60,54,45,1,50,800
850,1993,1,0.982703,0.965706,18,59,45,-1,0,850
850,630,5,3.54385,2.96158,40.6,60.6,45.8,1,200,650
850,1994,2,0.64342,0.215053,10.5,0.5,46,0,0,850
850,1995,1,0.751144,0.564217,20,0,46,-1,0,850
850,1127,1,0.897302,0.805152,44,1,46,-1,100,750
850,1996,1,0.462244,0.213669,13,4,46,-1,0,850
850,458,3,1.91236,1.34687,36.6667,4.66667,46.6667,1,250,600
850,1128,1,0.702375,0.493331,45,5,46,-1,100,750
850,625,1,0.174869,0.0305791,43,9,46,-1,200,650
850,621,2,1.21798,0.835423,49,9,46.5,0,200,650
850,366,1,1.02231,1.04511,60,13,46,1,300,550
850,622,2,1.43194,1.05699,49,19,46.5,0,200,650
850,464,1,0.674982,0.4556,40,27,46,-1,250,600
850,178,1,0.668558,0.446969,57,27,46,1,450,400
850,1997,1,0.648251,0.42023,27,35,46,-1,0,850
850,1998,2,0.867985,0.376936,38,36,46.5,0,0,850
850,1999,1,0.297588,0.0885587,16,40,46,1,0,850
850,2000,1,0.725027,0.525664,52,43,46,1,0,850
850,1461,1,0.860623,0.740672,9,50,46,-1,50,800
850,459,2,1.14669,0.683397,44.5,50,46,0,250,600
850,2001,1,0.492527,0.242583,33,52,46,-1,0,850
850,1129,1,0.149367,0.0223104,41,53,46,-1,100,750
850,2002,2,1.05025,0.571941,44,53,46.5,0,0,850
850,853,2,1.52401,1.16213,55,53.5,46.5,0,150,700
850,846,1,0.513978,0.264173,15,55,46,1,150,700
850,1130,2,1.17421,0.701114,21,55.5,46,0,100,750
850,1143,1,0.544496,0.296475,41,57,46,-1,100,750
850,1131,2,1.45019,1.18868,1,61,46.5,0,100,750
850,847,1,0.843764,0.711938,8,62,46,-1,150,700
850,2003,1,0.192484,0.0370501,62,62,46,-1,0,850
850,1126,1,0.667426,0.445457,33,63,46,1,100,750
850,1473,4,1.71237,0.958224,24,1.5,48.25,0,50,800
850,253,10,6.67627,5.27049,55.9,6.6,48.3,2,400,450
850,2004,1,0.427948,0.18314,35,6,47,1,0,850
850,1464,2,0.772706,0.422749,14,10,47.5,0,50,800
850,1133,2,0.943984,0.51385,7,12.5,47,0,100,750
850,461,1,0.601218,0.361463,51,14,47,1,250,600
850,1465,1,0.754794,0.569714,13,18,47,1,50,800
850,2005,1,0.52989,0.280783,11,19,47,-1,0,850
850,1134,3,1.7557,1.1071,46,21.3333,47,-1,100,750
850,861,2,0.486362,0.122109,14.5,22,47.5,0,150,700
850,1135,1,0.579556,0.335885,53,23,47,1,100,750
850,1136,1,1.09023,1.1886,3,28,47,1,100,750
850,1466,1,0.35453,0.125692,19,29,47,1,50,800
850,1467,1,0.866196,0.750296,9,31,47,-1,50,800
850,624,2,1.46505,1.11178,61,32.5,47,0,200,650
850,1137,2,0.912834,0.44705,33.5,33,47,0,100,750
850,1476,1,0.560828,0.314528,23,35,47,-1,50,800
850,360,1,0.70285,0.493998,8,41,47,-1,300,550
850,462,4,2.44071,1.90489,47.75,42.75,47.75,0,250,600
850,851,2,1.50093,1.20176,21,46,47.5,2,150,700
850,2006,2,1.26302,0.845902,19,47.5,47.5,0,0,850
850,627,1,0.830943,0.690467,8,48,47,1,200,650
850,2007,4,2.59023,1.8224,4.75,49.5,47.75,0,0,850
850,463,4,2.51042,1.71068,0,50.25,47.25,0,250,600
850,2008,1,0.281294,0.0791263,36,52,47,-1,0,850
850,848,1,1.01615,1.03256,28,57,47,1,150,700
850,1468,1,0.881754,0.77749,1,58,47,1,50,800
850,108,1,0.495471,0.245491,33,0,48,-1,500,350
850,2009,1,0.857532,0.735361,47,1,48,-1,0,850
850,1138,1,0.517638,0.26795,56,1,48,1,100,750
850,859,2,1.57331,1.3745,53,3.5,48,0,150,700
850,854,1,0.384335,0.147713,32,4,48,-1,150,700
850,473,3,1.63509,1.11339,43.6667,10.6667,48.3333,1,250,600
850,1470,1,0.332462,0.110531,13,14,48,1,50,800
850,2010,1,0.196935,0.0387834,54,21,48,-1,0,850
850,362,3,1.12455,0.488234,35.6667,23,48,-1,300,550
850,251,2,1.12924,0.795108,35.5,27,48.5,0,400,450
850,856,1,0.70476,0.496687,58,29,48,1,150,700
850,1487,1,0.647624,0.419416,41,30,48,-1,50,800
850,850,2,1.85873,2.25437,13.5,36,48,0,150,700
850,629,1,0.820924,0.673916,23,39,48,1,200,650
850,2011,1,0.65861,0.433767,15,40,48,1,0,850
850,1471,2,1.37671,0.950527,5,41.5,48,0,50,800
850,638,6,2.87201,1.46164,20.6667,40.8333,49.3333,-2,200,650
850,1472,1,0.347757,0.120935,18,43,48,1,50,800
850,865,1,0.552472,0.305225,49,46,48,1,150,700
850,1477,2,1.08864,0.675276,23.5,47.5,48.5,2,50,800
850,2012,1,1.47085,2.1634,53,47,48,-1,0,850
850,852,1,0.159555,0.0254577,27,49,48,1,150,700
850,361,1,0.48015,0.230544,23,51,48,1,300,550
850,858,2,0.594352,0.217324,52,53,48.5,0,150,700
850,2013,1,1.25767,1.58174,57,53,48,-1,0,850
850,2014,1,0.719454,0.517613,33,54,48,-1,0,850
850,2015,1,0.59357,0.352325,60,60,48,-1,0,850
850,1139,2,0.929503,0.43408,10,60.5,48.5,0,100,750
850,252,1,0.587927,0.345658,15,62,48,-1,400,450
850,628,1,0.741255,0.549459,25,63,48,-1,200,650
850,2016,1,1.18188,1.39684,59,63,48,-1,0,850
850,1462,1,0.349629,0.12224,27,1,49,1,50,800
850,2017,1,0.803261,0.645229,33,2,49,-1,0,850
850,1140,1,1.0692,1.14319,48,7,49,1,100,750
850,58,1,0.716765,0.513752,57,10,49,1,550,300
850,1474,1,0.80593,0.649523,12,12,49,1,50,800
850,876,1,0.844296,0.712836,58,12,49,1,150,700
850,855,1,0.735834,0.541452,49,16,49,-1,150,700
850,1475,1,0.431003,0.185763,56,17,49,1,50,800
850,1480,2,1.41264,1.01765,20.5,18,49.5,0,50,800
850,470,1,0.864319,0.747047,1,20,49,1,250,600
850,873,3,1.90951,1.41906,26.3333,21.3333,50,1,150,700
850,2018,2,1.41477,1.0191,28,26,49.5,0,0,850
850,2019,2,1.65602,1.38643,56,26.5,49,0,0,850
850,2020,1,0.942226,0.88779,47,27,49,1,0,850
850,179,3,3.37516,4.86281,0.666667,31.6667,49,-1,450,400
850,2021,2,1.82909,1.72562,9.5,33.5,49,-2,0,850
850,1141,1,0.485989,0.236186,30,33,49,1,100,750
850,2022,1,0.600774,0.360929,23,34,49,1,0,850
850,864,3,1.78985,1.16893,62,39.6667,49.3333,1,150,700
850,857,2,1.38141,0.955687,23.5,43,49,0,150,700
850,255,4,2.50993,1.85552,50.5,44.5,49.75,0,400,450
850,55,2,0.998515,0.535256,57.5,49,49,0,550,300
850,2023,1,0.758879,0.575898,42,51,49,-1,0,850
850,2024,1,0.22084,0.0487705,20,56,49,-1,0,850
850,2025,1,0.472406,0.223167,31,56,49,1,0,850
850,2026,1,0.236559,0.0559603,41,59,49,1,0,850
850,1491,1,0.876765,0.768717,8,63,49,-1,50,800
850,1147,1,0.651305,0.424198,53,4,50,1,100,750
850,468,1,0.34822,0.121257,41,7,50,-1,250,600
850,866,1,0.408331,0.166734,61,7,50,-1,150,700
850,1478,1,0.261716,0.0684952,36,10,50,1,50,800
850,860,1,0.312306,0.0975348,24,13,50,1,150,700
850,877,1,0.867158,0.751963,32,13,50,-1,150,700
850,254,2,0.751027,0.344254,16.5,15,50,0,400,450
850,631,1,0.610854,0.373142,9,16,50,1,200,650
850,466,2,1.21683,0.743384,17.5,17.5,50,0,250,600
850,1479,1,0.613024,0.375799,36,17,50,1,50,800
850,1144,1,0.323318,0.104535,30,18,50,1,100,750
850,110,1,0.785846,0.617554,52,18,50,-1,500,350
850,1481,2,1.19385,0.75338,14.5,20.5,50,0,50,800
850,862,1,0.797443,0.635915,33,21,50,1,150,700
850,22,2,1.34367,0.909464,15.5,24.5,50.5,0,600,250
850,23,1,0.47248,0.223238,62,26,50,-1,600,250
850,1157,1,0.746685,0.557538,34,27,50,1,100,750
850,57,1,0.337274,0.113753,63,28,50,-1,550,300
850,1482,1,0.747283,0.558432,7,30,50,1,50,800
850,2027,1,0.543822,0.295742,32,30,50,-1,0,850
850,2028,1,0.399382,0.159506,34,30,50,-1,0,850
850,467,1,0.496181,0.246196,49,33,50,-1,250,600
850,1483,1,0.69883,0.488364,33,34,50,1,50,800
850,2029,1,0.42765,0.182885,37,39,50,-1,0,850
850,863,2,1.49348,1.14935,57,39,50.5,0,150,700
850,1489,1,0.297375,0.0884318,7,43,50,1,50,800
850,2030,1,1.5674,2.45674,62,43,50,-1,0,850
850,2031,1,0.205142,0.042083,34,45,50,1,0,850
850,1484,2,0.832618,0.563099,49,46,50.5,2,50,800
850,1145,1,0.672494,0.452248,63,47,50,-1,100,750
850,639,1,0.690642,0.476987,27,48,50,-1,200,650
850,2032,1,0.146948,0.0215937,46,50,50,1,0,850
850,2033,1,0.372857,0.139023,52,51,50,1,0,850
850,2034,2,1.0693,0.576571,43.5,58,50,0,0,850
850,1146,1,0.623078,0.388226,7,59,50,-1,100,750
850,2035,1,1.07879,1.16379,26,61,50,1,0,850
850,474,1,0.867021,0.751726,29,61,50,-1,250,600
850,2036,1,0.358251,0.128344,23,0,51,-1,0,850
850,632,1,0.769923,0.592781,42,2,51,1,200,650
850,2037,1,0.290663,0.0844852,47,2,51,-1,0,850
850,369,1,0.443888,0.197037,36,3,51,-1,300,550
850,2038,1,0.494739,0.244767,39,4,51,-1,0,850
850,363,2,1.15846,0.729326,10.5,6,51,0,300,550
850,181,1,0.91662,0.840193,55,6,51,1,450,400
850,1148,1,0.447741,0.200472,26,8,51,1,100,750
850,469,1,0.387399,0.150078,1,9,51,-1,250,600
850,869,2,1.19491,0.71393,60,10.5,51,0,150,700
850,641,1,0.938884,0.881503,55,11,51,1,200,650
850,1153,2,1.1436,0.719594,45,12.5,51,0,100,750
850,476,1,0.610276,0.372436,8,14,51,-1,250,600
850,1506,1,0.604554,0.365486,34,15,51,-1,50,800
850,2039,1,0.497738,0.247743,36,15,51,-1,0,850
850,637,4,1.86803,0.945997,48,15.25,51,0,200,650
850,870,1,0.116911,0.0136683,1,17,51,-1,150,700
850,1496,2,2.21858,3.2061,1,22,51.5,0,50,800
850,1485,2,1.8837,1.79203,12,26.5,51,0,50,800
850,633,2,0.88932,0.395465,24,26.5,51,0,200,650
850,1497,1,0.603126,0.363761,44,26,51,-1,50,800
850,1486,2,0.391442,0.0773974,60,26,51.5,0,50,800
850,2040,1,1.07696,1.15984,42,30,51,-1,0,850
850,2041,1,0.527589,0.27835,19,35,51,-1,0,850
850,1488,1,0.579243,0.335523,48,36,51,-1,50,800
850,2042,3,2.61563,2.46227,9,40.6667,51.3333,-1,0,850
850,1151,4,2.77544,2.06834,57.75,43.25,51.5,-2,100,750
850,635,1,0.85716,0.734723,15,45,51,-1,200,650
850,2043,1,0.485761,0.235963,6,47,51,-1,0,850
850,867,1,0.629718,0.396544,62,51,51,-1,150,700
850,640,1,0.337132,0.113658,15,53,51,-1,200,650
850,364,4,2.62399,2.08437,35.25,54.25,52,0,300,550
850,180,4,2.8116,2.16837,60.75,55.5,51.25,0,450,400
850,296,1,0.395989,0.156807,56,56,51,1,350,500
850,1490,1,0.397708,0.158172,34,59,51,1,50,800
850,257,5,3.76315,3.01236,17.8,60.6,52.4,1,400,450
850,2044,2,1.27991,0.894245,6.5,62,51,0,0,850
850,1492,2,1.13475,0.647531,13.5,62.5,51.5,0,50,800
850,2045,1,0.723035,0.52278,48,4,52,1,0,850
850,880,1,0.715182,0.511485,2,5,52,1,150,700
850,871,5,3.48377,2.5026,58.2,5.8,52.6,1,150,700
850,868,1,0.762299,0.5811,18,6,52,1,150,700
850,1493,1,0.561753,0.315566,18,8,52,1,50,800
850,2046,2,0.723578,0.310696,43,10,52.5,0,0,850
850,182,3,1.50104,0.753996,57.3333,12,52,-1,450,400
850,1160,1,0.873524,0.763045,9,12,52,-1,100,750
850,1494,1,0.315178,0.0993369,55,13,52,-1,50,800
850,2047,1,0.68848,0.474005,53,14,52,-1,0,850
850,2048,1,1.10375,1.21826,23,16,52,1,0,850
850,1495,1,0.549801,0.302282,19,17,52,-1,50,800
850,1149,1,0.367623,0.135147,3,19,52,1,100,750
850,1150,1,0.283641,0.0804524,8,20,52,1,100,750
850,872,1,0.880585,0.77543,49,20,52,1,150,700
850,56,1,0.532605,0.283668,57,21,52,-1,550,300
850,365,1,0.85356,0.728564,55,22,52,1,300,550
850,634,2,1.36912,0.957561,0.5,27.5,52,0,200,650
850,1500,1,0.449998,0.202498,36,28,52,1,50,800
850,2049,3,2.10731,1.94192,44,28.6667,52.3333,-1,0,850
850,2050,2,1.62375,1.48878,53.5,29.5,52,-2,0,850
850,184,1,0.884061,0.781565,50,40,52,1,450,400
850,24,1,0.698396,0.487757,1,42,52,1,600,250
850,1159,2,0.838827,0.389365,19.5,42,52.5,0,100,750
850,2051,1,0.810662,0.657173,22,42,52,-1,0,850
850,471,2,0.829391,0.37029,51,42,52.5,0,250,600
850,2052,2,1.14259,0.698242,13,43.5,52,0,0,850
850,1169,5,3.5438,2.70836,53,44.8,52.6,1,100,750
850,1502,3,1.68683,1.067,24.6667,47.6667,52.3333,-1,50,800
850,472,2,1.28118,0.835698,55.5,53,52,0,250,600
850,2053,3,1.75877,1.48964,18.3333,54.3333,52.6667,-1,0,850
850,636,1,0.55626,0.309426,54,60,52,-1,200,650
850,368,1,0.73078,0.534039,4,63,52,1,300,550
850,1498,1,1.06835,1.14137,10,0,53,-1,50,800
850,109,2,0.925997,0.527591,33,0.5,53,0,500,350
850,2054,1,1.22176,1.49271,22,1,53,-1,0,850
850,2055,4,3.07909,2.41439,4,3.5,54.25,2,0,850
850,1152,1,0.441167,0.194628,61,4,53,-1,100,750
850,885,1,0.770351,0.593441,0,10,53,1,150,700
850,1154,2,1.05981,0.780257,45.5,15.5,53,0,100,750
850,1499,1,0.571344,0.326434,49,18,53,-1,50,800
850,2056,1,0.317611,0.100877,52,18,53,-1,0,850
850,1155,2,2.04708,2.11471,27.5,19,53,0,100,750
850,1156,1,1.43056,2.0465,23,21,53,-1,100,750
850,2057,1,0.807715,0.652404,36,25,53,-1,0,850
850,256,1,0.731071,0.534465,20,26,53,-1,400,450
850,25,6,3.32669,1.99522,27.3333,28.1667,53.5,0,600,250
850,647,1,0.646316,0.417724,42,34,53,-1,200,650
850,26,4,2.6894,2.18058,57.25,35.25,53.5,0,600,250
850,1501,3,1.81488,1.15295,26.6667,36,53.3333,-1,50,800
850,1158,1,0.570015,0.324917,34,38,53,1,100,750
850,1521,1,0.477784,0.228277,56,46,53,1,50,800
850,1171,1,0.440661,0.194182,57,51,53,-1,100,750
850,28,1,0.806114,0.64982,26,53,53,1,600,250
850,878,1,0.556057,0.3092,10,56,53,-1,150,700
850,1503,2,0.896,0.424343,24.5,56,53,0,50,800
850,879,2,0.689273,0.30467,16.5,58.5,53,0,150,700
850,185,1,0.604495,0.365414,3,60,53,-1,450,400
850,2058,1,0.750858,0.563788,30,60,53,1,0,850
850,186,2,1.9884,2.02679,38.5,60,53,0,450,400
850,644,1,0.604092,0.364927,37,62,53,1,200,650
850,2059,1,0.249419,0.06221,28,63,53,1,0,850
850,59,1,0.598494,0.358195,43,0,54,1,550,300
850,645,1,0.918192,0.843077,38,3,54,1,200,650
850,1166,5,2.99749,2.06671,28,5.2,55,-1,100,750
850,875,1,0.637728,0.406697,47,8,54,-1,150,700
850,475,2,0.724655,0.269137,28,10.5,54,0,250,600
850,2060,1,0.842923,0.710519,46,10,54,1,0,850
850,1504,1,0.484332,0.234577,13,11,54,-1,50,800
850,881,6,3.58095,2.28356,56.3333,11.1667,54.3333,2,150,700
850,2061,1,0.674171,0.454507,27,13,54,1,0,850
850,189,5,3.71409,3.33793,35,12.8,55.2,1,450,400
850,1505,1,0.532044,0.283071,9,14,54,1,50,800
850,2062,1,0.620418,0.384918,34,16,54,1,0,850
850,1161,1,0.743288,0.552477,4,17,54,1,100,750
850,1507,2,1.154,0.808854,57,18.5,54,0,50,800
850,297,4,2.30319,1.37034,62.5,19,54.25,0,350,500
850,1162,1,0.781531,0.610791,3,22,54,1,100,750
850,258,1,0.177709,0.0315804,8,23,54,-1,400,450
850,1508,1,0.470842,0.221693,57,23,54,-1,50,800
850,1168,3,1.62379,0.879779,3,24,54,-1,100,750
850,646,4,1.88624,1.04743,41.75,26.5,55.25,0,200,650
850,1163,1,0.588387,0.346199,21,28,54,-1,100,750
850,2063,1,0.664643,0.44175,54,28,54,1,0,850
850,477,1,0.706085,0.498556,26,32,54,-1,250,600
850,1509,1,0.740331,0.54809,50,32,54,-1,50,800
850,1510,1,0.784174,0.614929,35,35,54,-1,50,800
850,478,3,2.19566,1.65595,55,36.3333,54.6667,1,250,600
850,642,1,0.778712,0.606393,4,38,54,1,200,650
850,1173,2,1.5357,1.25676,58.5,38,54,0,100,750
850,2064,1,0.877143,0.769379,0,42,54,1,0,850
850,27,5,3.33374,2.3495,52,50.2,55.2,-1,600,250
850,1511,2,0.73317,0.301601,40,52.5,54,0,50,800
850,1174,1,0.0556857,0.0031009,24,53,54,-1,100,750
850,1524,6,3.26503,1.96361,5,56.8333,55,0,50,800
850,2065,1,0.392557,0.154101,37,55,54,1,0,850
850,299,1,0.524086,0.274666,12,56,54,1,350,500
850,187,1,1.14564,1.31248,63,57,54,-1,450,400
850,2066,1,0.688039,0.473397,42,62,54,-1,0,850
850,2067,1,0.824756,0.680222,40,1,55,1,0,850
850,1512,1,0.321558,0.1034,61,4,55,-1,50,800
850,1513,1,0.917812,0.842379,56,7,55,1,50,800
850,2068,1,0.384129,0.147555,53,8,55,-1,0,850
850,367,2,1.44099,1.03993,4,10,55.5,0,300,550
850,372,2,1.66836,1.4974,22,9.5,55.5,0,300,550
850,1167,1,1.00239,1.00479,56,14,55,1,100,750
850,1536,1,0.0290023,0.000841134,27,18,55,1,50,800
850,370,3,1.86647,1.23536,16,19.6667,55.6667,-1,300,550
850,188,1,0.998897,0.997795,11,23,55,-1,450,400
850,1525,4,1.28933,0.698875,29.5,24,56.25,-2,50,800
850,882,1,0.889099,0.790498,18,24,55,1,150,700
850,114,2,1.1046,0.611344,45,24.5,55,0,500,350
850,1514,1,0.334868,0.112136,6,25,55,-1,50,800
850,1516,2,2.13702,2.30713,9,26.5,55,0,50,800
850,1515,2,1.58082,1.3401,11.5,25.5,55.5,0,50,800
850,2069,1,0.977647,0.955794,19,27,55,-1,0,850
850,1517,1,0.641706,0.411787,25,28,55,-1,50,800
850,888,1,0.572639,0.327915,0,30,55,-1,150,700
850,259,1,0.424489,0.180191,8,33,55,1,400,450
850,2070,1,0.762544,0.581473,48,33,55,1,0,850
850,1518,2,0.98306,0.483283,1,36,55.5,0,50,800
850,883,2,1.55342,1.21132,50.5,36,55,0,150,700
850,2071,1,0.803385,0.645427,51,38,55,1,0,850
850,887,6,4.34963,3.87,42.8333,38.3333,57,2,150,700
850,1519,1,0.806902,0.65109,62,41,55,-1,50,800
850,298,8,6.36238,5.42635,30.5,43.25,55.75,0,350,500
850,1520,2,1.32973,0.896504,46,43,55.5,0,50,800
850,2072,1,0.45984,0.211453,56,44,55,-1,0,850
850,1522,1,0.302131,0.0912832,55,49,55,-1,50,800
850,1533,1,0.469198,0.220147,56,51,55,-1,50,800
850,300,7,3.67094,2.08749,5.28571,53.2857,56.2857,-1,350,500
850,890,3,2.77253,2.61363,10,54.3333,55.6667,1,150,700
850,1523,1,0.766466,0.58747,43,56,55,1,50,800
850,643,1,0.774557,0.599939,57,58,55,-1,200,650
850,884,1,0.349288,0.122002,9,59,55,1,150,700
850,2073,2,1.09865,0.682187,40,61.5,55,0,0,850
850,2074,1,0.575751,0.33149,4,62,55,1,0,850
850,2075,1,0.688933,0.474629,45,1,56,1,0,850
850,891,1,0.547028,0.299239,38,6,56,1,150,700
850,1176,1,0.606942,0.368378,1,9,56,-1,100,750
850,651,1,1.63577,2.67575,26,13,56,1,200,650
850,191,2,1.26898,0.806623,45,13,56.5,0,450,400
850,1541,3,2.22533,2.10683,25.6667,17,57,1,50,800
850,2076,1,0.650684,0.423389,31,21,56,-1,0,850
850,1187,1,0.656528,0.431029,44,21,56,-1,100,750
850,479,1,0.426289,0.181722,1,22,56,1,250,600
850,1172,2,1.08151,0.595571,40,22.5,56.5,0,100,750
850,2077,1,0.831161,0.690828,27,26,56,1,0,850
850,1526,1,0.267314,0.0714567,4,33,56,1,50,800
850,886,2,1.30506,0.852867,11.5,33,56,0,150,700
850,2078,1,0.936897,0.877775,32,33,56,1,0,850
850,2079,2,1.1562,0.679058,41,33.5,56,0,0,850
850,889,2,1.17905,0.698795,8.5,40.5,56.5,2,150,700
850,652,1,0.446353,0.199231,45,41,56,1,200,650
850,480,3,1.77255,1.13782,7.33333,43.6667,56,-1,250,600
850,1527,1,0.849215,0.721165,10,45,56,-1,50,800
850,1532,2,1.16827,0.768415,23.5,50.5,56.5,0,50,800
850,1528,1,0.0688815,0.00474466,25,55,56,1,50,800
850,481,2,1.84568,1.71665,19.5,55.5,56.5,0,250,600
850,2080,1,0.82515,0.680873,63,63,56,-1,0,850
850,482,1,0.569198,0.323986,20,1,57,1,250,600
850,2081,1,0.279531,0.0781375,36,2,57,1,0,850
850,494,1,0.865574,0.749219,62,3,57,-1,250,600
850,371,2,1.04478,0.546498,9,5.5,57,0,300,550
850,2082,1,0.732935,0.537194,19,8,57,-1,0,850
850,1175,1,1.03956,1.08068,48,8,57,1,100,750
850,2083,1,0.624196,0.38962,35,10,57,1,0,850
850,63,1,0.274517,0.0753597,37,10,57,-1,550,300
850,190,3,1.92668,1.34563,5,13.6667,57.6667,-1,450,400
850,111,2,1.13619,0.645719,47.5,19.5,57,0,500,350
850,1179,5,3.51202,2.56868,38.4,24.6,58,1,100,750
850,2084,1,0.285268,0.081378,52,25,57,-1,0,850
850,1542,1,0.763085,0.582298,56,25,57,1,50,800
850,2085,1,0.525068,0.275696,46,30,57,-1,0,850
850,1529,1,1.04569,1.09348,0,31,57,-1,50,800
850,29,1,0.399022,0.159219,18,32,57,1,600,250
850,30,2,1.51035,1.15827,55,33,57.5,0,600,250
850,64,1,0.511425,0.261555,10,35,57,-1,550,300
850,2086,1,0.338671,0.114698,49,37,57,1,0,850
850,896,5,1.89344,1.0037,2.8,36.8,58.2,3,150,700
850,1530,1,0.63214,0.399601,58,39,57,1,50,800
850,1531,2,1.5472,1.21548,6,40.5,57,0,50,800
850,894,1,0.852324,0.726456,38,40,57,-1,150,700
850,495,1,0.504588,0.254609,26,43,57,1,250,600
850,2087,1,0.623608,0.388887,54,49,57,-1,0,850
850,2088,2,1.39522,0.978523,12.5,52.5,57,0,0,850
850,648,1,0.887242,0.787199,36,52,57,-1,200,650
850,1547,1,0.889866,0.791862,58,52,57,1,50,800
850,376,1,1.09494,1.1989,44,55,57,1,300,550
850,112,2,1.20898,0.772427,23,5,58.5,0,500,350
850,484,2,1.77935,1.63219,58,5.5,58,0,250,600
850,2089,3,2.16935,1.60616,37.3333,7.66667,58.6667,1,0,850
850,485,1,0.277155,0.0768148,45,7,58,-1,250,600
850,2090,1,0.185366,0.0343604,50,8,58,-1,0,850
850,1534,1,0.541377,0.293089,0,10,58,1,50,800
850,1177,2,0.99318,0.51112,26.5,10,58,0,100,750
850,1178,2,1.77707,1.57982,42.5,10.5,58,0,100,750
850,1181,1,0.527065,0.277798,48,12,58,-1,100,750
850,192,1,0.547389,0.299635,17,14,58,-1,450,400
850,374,3,2.81622,2.75344,25,15,58.3333,1,300,550
850,373,1,0.496508,0.24652,8,15,58,-1,300,550
850,2091,1,1.2752,1.62614,22,17,58,-1,0,850
850,1535,2,1.4969,1.1205,0,17.5,58.5,0,50,800
850,113,1,0.792407,0.627908,39,18,58,-1,500,350
850,1537,2,1.04657,0.598975,2.5,19,58,0,50,800
850,1538,1,0.751063,0.564096,15,21,58,1,50,800
850,2092,2,0.950732,0.526849,35,21.5,58,0,0,850
850,892,1,0.750691,0.563537,62,25,58,1,150,700
850,260,3,1.4376,0.793606,32.6667,26,58.3333,1,400,450
850,2093,1,0.687582,0.47277,21,30,58,-1,0,850
850,903,1,0.539586,0.291153,11,33,58,1,150,700
850,893,1,0.496572,0.246583,25,35,58,1,150,700
850,68,3,1.75974,1.07475,59.3333,34.6667,59,1,550,300
850,1180,1,1.21315,1.47174,41,38,58,1,100,750
850,895,2,1.22481,0.750374,23,42.5,58,0,150,700
850,302,2,1.168,0.716407,13,44,58.5,0,350,500
850,2094,1,0.886598,0.786056,58,48,58,1,0,850
850,1539,1,0.516617,0.266893,40,49,58,-1,50,800
850,649,1,0.529749,0.280634,28,50,58,-1,200,650
850,301,3,3.04127,4.13167,60.3333,50.6667,58.6667,-1,350,500
850,2095,1,0.422094,0.178163,63,50,58,-1,0,850
850,115,1,0.717635,0.515,7,51,58,1,500,350
850,654,1,0.858317,0.736708,7,54,58,1,200,650
850,67,1,0.885012,0.783246,37,62,58,1,550,300
850,2096,1,1.24891,1.55978,10,63,58,1,0,850
850,2097,1,0.739421,0.546743,41,63,58,-1,0,850
850,2098,1,0.769775,0.592554,56,0,59,1,0,850
850,1194,1,0.967893,0.936816,61,3,59,-1,100,750
850,1540,3,2.6171,2.319,48,4,59,1,50,800
850,659,1,0.445304,0.198296,63,4,59,-1,200,650
850,2099,1,0.212994,0.0453664,32,5,59,1,0,850
850,2100,1,0.92499,0.855606,48,6,59,-1,0,850
850,1552,1,0.882854,0.779431,60,6,59,-1,50,800
850,303,1,0.54099,0.292671,10,9,59,-1,350,500
850,1186,2,1.34975,0.938069,56.5,10.5,59.5,0,100,750
850,2101,2,0.825841,0.437369,46,12.5,59,0,0,850
850,650,1,0.554032,0.306951,58,13,59,-1,200,650
850,1550,3,2.0682,1.94392,43.6667,21,59.3333,-1,50,800
850,1554,1,0.395998,0.156814,2,21,59,1,50,800
850,1188,3,2.00136,1.79445,62,22.6667,59.3333,1,100,750
850,2102,1,1.1682,1.36469,32,23,59,1,0,850
850,2103,1,0.502367,0.252373,41,23,59,-1,0,850
850,2104,1,1.01965,1.03969,57,24,59,-1,0,850
850,378,1,0.241833,0.0584833,5,27,59,-1,300,550
850,899,1,0.752236,0.565859,32,30,59,-1,150,700
850,1543,1,0.512208,0.262357,0,32,59,-1,50,800
850,1189,5,3.0098,1.99612,31.2,31.6,61,-1,100,750
850,61,1,0.384857,0.148115,7,33,59,1,550,300
850,31,1,1.4292,2.0426,26,38,59,1,600,250
850,1182,2,0.6673,0.272265,27.5,40,59,0,100,750
850,1183,2,0.77989,0.321315,19,41,59.5,0,100,750
850,1184,1,0.624805,0.390382,42,41,59,1,100,750
850,1544,1,0.814938,0.664124,44,41,59,1,50,800
850,2105,1,0.467671,0.218716,47,42,59,-1,0,850
850,1545,1,0.720508,0.519132,54,42,59,-1,50,800
850,1546,1,0.706091,0.498565,57,42,59,-1,50,800
850,375,1,0.367951,0.135388,2,45,59,-1,300,550
850,1199,2,0.786246,0.350031,26,45,59.5,0,100,750
850,2106,1,1.06535,1.13498,10,47,59,-1,0,850
850,2107,1,0.407863,0.166352,12,49,59,1,0,850
850,653,1,0.537756,0.289181,4,55,59,1,200,650
850,1548,2,1.74934,1.5868,9.5,55.5,59,0,50,800
850,62,2,1.04794,0.551629,31,55,59.5,0,550,300
850,2108,3,1.84853,1.16956,46,54.3333,59.6667,1,0,850
850,2109,1,0.643495,0.414086,38,56,59,-1,0,850
850,199,1,0.526744,0.27746,40,59,59,1,450,400
850,657,2,1.46421,1.07635,59,63,59.5,0,200,650
850,486,1,0.890851,0.793615,23,0,60,1,250,600
850,2110,1,1.07053,1.14603,63,2,60,-1,0,850
850,2111,1,0.77558,0.601525,11,3,60,1,0,850
850,195,5,4.63186,4.85072,27.2,5.2,60.8,1,450,400
850,1185,2,1.88547,1.77869,20,5.5,60,0,100,750
850,1572,1,0.824942,0.680529,38,11,60,-1,50,800
850,1196,2,1.86075,1.78116,53.5,13,60,0,100,750
850,489,1,0.695807,0.484147,61,13,60,1,250,600
850,1549,1,0.613125,0.375922,59,15,60,-1,50,800
850,487,1,1.3139,1.72633,18,16,60,1,250,600
850,2112,1,0.696017,0.48444,57,17,60,1,0,850
850,2113,1,0.458783,0.210481,12,18,60,1,0,850
850,897,1,0.678331,0.460133,41,18,60,-1,150,700
850,2114,1,0.292434,0.0855176,41,20,60,-1,0,850
850,488,1,0.3671,0.134762,48,21,60,-1,250,600
850,655,1,0.40158,0.161267,60,21,60,-1,200,650
850,193,1,0.541702,0.293441,25,24,60,1,450,400
850,898,1,1.06109,1.12592,28,25,60,-1,150,700
850,2115,1,0.547288,0.299524,41,25,60,-1,0,850
850,2116,1,0.585378,0.342668,43,25,60,-1,0,850
850,261,2,1.03649,0.579725,6,31,60.5,0,400,450
850,1551,1,0.505022,0.255047,2,32,60,-1,50,800
850,1557,1,0.387667,0.150285,12,34,60,1,50,800
850,1190,2,1.12549,0.675327,29,34,60.5,0,100,750
850,194,1,0.448119,0.200811,56,34,60,-1,450,400
850,262,2,1.5414,1.19052,53.5,35,60,0,400,450
850,65,3,1.54875,0.877547,63,35.6667,60.3333,1,550,300
850,377,1,0.658915,0.434169,14,41,60,1,300,550
850,2117,2,1.30245,0.949317,37.5,41,60.5,0,0,850
850,1191,1,0.781833,0.611263,29,42,60,-1,100,750
850,1192,1,0.635612,0.404002,31,44,60,1,100,750
850,2118,1,0.645605,0.416806,51,46,60,1,0,850
850,2119,1,0.388077,0.150604,45,50,60,1,0,850
850,2120,1,0.719182,0.517222,12,51,60,1,0,850
850,656,1,1.0053,1.01064,16,53,60,1,200,650
850,66,1,0.373904,0.139804,21,57,60,1,550,300
850,502,2,1.2077,0.830286,36.5,60,60.5,-2,250,600
850,496,2,0.73808,0.282409,4.5,5,61,2,250,600
850,658,2,1.26173,0.843928,14.5,4.5,61.5,0,200,650
850,900,1,0.670213,0.449185,8,6,61,1,150,700
850,908,2,1.62609,1.32306,17,7.5,61,0,150,700
850,196,1,0.393785,0.155066,24,7,61,-1,450,400
850,1561,6,4.35285,4.04903,60.1667,5.66667,61.8333,0,50,800
850,1553,3,2.65293,3.35552,10.6667,8,61.6667,1,50,800
850,1562,1,1.071,1.14704,12,10,61,1,50,800
850,1193,1,1.13394,1.28582,63,12,61,-1,100,750
850,906,4,2.03732,1.11442,18,13.5,61.25,0,150,700
850,901,4,1.67535,0.75174,28,13,61.75,0,150,700
850,2121,1,0.871557,0.759612,3,22,61,-1,0,850
850,2122,1,1.67658,2.81094,2,24,61,-1,0,850
850,490,1,0.602622,0.363153,18,24,61,1,250,600
850,1555,4,3.12222,2.69203,5.75,26.5,61.75,0,50,800
850,491,1,0.481778,0.23211,21,34,61,1,250,600
850,264,1,0.793348,0.629401,35,34,61,-1,400,450
850,911,1,0.460899,0.212428,37,35,61,-1,150,700
850,1556,1,0.455455,0.207439,5,37,61,-1,50,800
850,2123,2,0.978744,0.479211,11.5,37.5,61,0,0,850
850,904,1,0.489407,0.239519,20,37,61,1,150,700
850,492,1,1.0903,1.18875,61,37,61,1,250,600
850,2124,1,0.504687,0.254709,16,38,61,1,0,850
850,1198,3,2.06542,1.49229,10.3333,43.3333,61.3333,-1,100,750
850,663,1,0.477606,0.228107,51,43,61,1,200,650
850,905,2,2.13379,2.27762,60.5,47.5,61.5,0,150,700
850,2125,1,0.793444,0.629554,63,49,61,1,0,850
850,493,1,0.445949,0.19887,38,52,61,-1,250,600
850,501,1,0.233281,0.0544201,59,57,61,-1,250,600
850,2126,1,0.332976,0.110873,38,62,61,1,0,850
850,1558,1,0.473838,0.224523,4,0,62,-1,50,800
850,2127,1,1.65946,2.7538,7,1,62,-1,0,850
850,1559,2,2.23739,2.66998,23.5,1,62.5,0,50,800
850,1560,1,0.448022,0.200724,47,1,62,-1,50,800
850,1570,1,0.527936,0.278717,4,2,62,-1,50,800
850,1200,2,0.671236,0.225322,21,5,62.5,0,100,750
850,263,1,0.228979,0.0524315,42,8,62,-1,400,450
850,2128,2,1.56112,1.39116,2,11.5,62.5,0,0,850
850,2129,1,0.683911,0.467734,11,13,62,1,0,850
850,1563,1,0.711709,0.50653,54,13,62,1,50,800
850,1565,1,0.662135,0.438423,16,20,62,1,50,800
850,1574,2,1.3495,0.930838,36,22,62.5,0,50,800
850,1197,1,0.747656,0.55899,29,26,62,-1,100,750
850,198,2,0.810833,0.332508,48.5,31,62,0,450,400
850,2130,1,0.977965,0.956416,52,33,62,1,0,850
850,907,1,0.626031,0.391915,62,34,62,1,150,700
850,2131,1,0.948263,0.899204,50,35,62,1,0,850
850,2132,1,0.448317,0.200988,34,38,62,-1,0,850
850,1566,1,0.435012,0.189235,59,41,62,-1,50,800
850,1567,1,0.30948,0.0957781,1,43,62,1,50,800
850,1568,1,0.845811,0.715397,61,44,62,1,50,800
850,2133,2,0.872992,0.39698,24.5,46,62,0,0,850
850,2134,1,1.61236,2.59971,33,47,62,-1,0,850
850,499,1,1.03042,1.06177,5,48,62,-1,250,600
850,1578,2,1.43289,1.05667,2.5,50.5,62.5,0,50,800
850,2135,1,0.374319,0.140115,0,54,62,1,0,850
850,2136,1,0.414951,0.172184,16,54,62,1,0,850
850,1569,1,0.654077,0.427816,10,55,62,1,50,800
850,2137,1,1.17252,1.3748,31,58,62,1,0,850
850,660,1,1.01187,1.02389,44,59,62,-1,200,650
850,500,2,1.62208,1.55923,24,60.5,62,0,250,600
850,379,1,0.873786,0.763503,18,61,62,-1,300,550
850,2138,1,0.608177,0.369879,40,61,62,-1,0,850
850,2139,1,1.04428,1.09051,35,62,62,-1,0,850
850,2140,1,0.998793,0.997587,27,4,63,-1,0,850
850,2141,1,0.504725,0.254748,5,5,63,1,0,850
850,2142,1,0.328503,0.107914,23,5,63,-1,0,850
850,1571,1,0.614919,0.378126,17,6,63,-1,50,800
850,2143,1,1.57583,2.48324,0,9,63,1,0,850
850,2144,1,0.84359,0.711644,37,10,63,1,0,850
850,1564,1,0.811281,0.658178,50,12,63,1,50,800
850,1201,1,0.834091,0.695707,17,15,63,1,100,750
850,2145,1,0.518417,0.268757,5,17,63,-1,0,850
850,1573,1,0.823146,0.67757,23,20,63,1,50,800
850,909,1,1.06052,1.12471,48,21,63,-1,150,700
850,2146,1,0.734274,0.539158,4,23,63,1,0,850
850,2147,1,0.927248,0.859789,47,26,63,-1,0,850
850,1202,1,0.881747,0.777477,57,26,63,-1,100,750
850,2148,1,0.434385,0.18869,23,30,63,1,0,850
850,1575,1,0.610893,0.373191,42,32,63,1,50,800
850,2149,1,0.718624,0.516421,37,33,63,-1,0,850
850,2150,1,0.28511,0.0812879,25,36,63,1,0,850
850,2151,1,0.315019,0.0992367,40,37,63,1,0,850
850,661,2,1.51511,1.18287,52,39.5,63,0,200,650
850,662,1,0.599619,0.359543,6,41,63,-1,200,650
850,2152,1,0.444657,0.19772,19,43,63,-1,0,850
850,2153,1,0.380612,0.144866,52,43,63,1,0,850
850,1576,1,0.252728,0.0638717,7,46,63,-1,50,800
850,1577,1,0.812159,0.659603,55,47,63,-1,50,800
850,1579,1,0.850642,0.723592,27,58,63,1,50,800
850,2154,1,0.0710761,0.00505181,57,59,63,1,0,850
850,2155,1,0.55289,0.305687,37,60,63,-1,0,850
850,1580,1,0.523122,0.273657,57,63,63,1,50,800
900,668,2,0.842516,0.364545,39.5,0,-0.5,0,200,700
900,265,2,0.797852,0.417215,49.5,3.5,-0.5,0,400,500
900,2156,10,9.04549,8.80845,15.9,5.9,-1.8,-2,0,900
900,664,4,4.00088,4.63132,40.5,5.75,-0.25,-2,200,700
900,2157,1,1.05848,1.12037,13,6,0,1,0,900
900,1581,1,0.897811,0.806065,34,6,0,-1,50,850
900,1217,24,14.857,10.6753,61.875,7.16667,-1.70833,2,100,800
900,1582,4,2.58264,1.8852,37,9,-0.5,0,50,850
900,1211,1,0.373474,0.139483,32,9,0,1,100,800
900,923,2,1.83246,1.89305,6,10.5,-0.5,2,150,750
900,912,3,1.83922,1.17219,10,11.3333,0.333333,1,150,750
900,268,5,3.15555,2.44456,30,9.8,1.2,1,400,500
900,505,15,11.0189,11.0089,18.1333,14.1333,-2.4,1,250,650
900,1587,1,0.469951,0.220854,47,13,0,-1,50,850
900,1583,13,10.6814,9.72501,53.2308,13.1538,-1.69231,3,50,850
900,2158,2,0.974691,0.475682,61.5,14.5,-0.5,0,0,900
900,1204,1,0.813482,0.661753,9,15,0,1,100,800
900,1588,2,1.11695,0.658506,20.5,15,0,0,50,850
900,1205,3,2.71476,2.70278,0.333333,16,-1,-1,100,800
900,1212,1,0.915882,0.83884,30,16,0,-1,100,800
900,669,17,10.2501,7.14834,58.3529,20.2941,1.05882,-1,200,700
900,2159,2,2.19474,2.51875,2,17.5,0,0,0,900
900,2160,3,1.96954,1.40705,21.6667,18,0.666667,1,0,900
900,673,1,0.418034,0.174752,48,18,0,1,200,700
900,1206,6,3.27683,1.99417,27.5,20.1667,1.33333,0,100,800
900,304,1,1.31868,1.73893,56,19,0,-1,350,550
900,913,1,0.388795,0.151161,14,21,0,-1,150,750
900,503,11,7.45905,6.53948,36.0909,22.3636,-1.18182,1,250,650
900,70,1,0.354157,0.125427,46,21,0,-1,550,350
900,2161,1,0.596875,0.35626,56,21,0,1,0,900
900,938,1,0.408582,0.16694,43,22,0,-1,150,750
900,914,1,0.778127,0.605482,27,23,0,-1,150,750
900,1207,4,4.64448,5.43148,6.25,24.25,-0.25,2,100,800
900,305,8,5.66394,4.55137,11.125,24.625,-1.125,0,350,550
900,665,1,0.820018,0.672429,23,24,0,-1,200,700
900,2162,1,0.96523,0.931669,15,26,0,1,0,900
900,120,2,1.55991,1.21684,40.5,26.5,-0.5,0,500,400
900,915,1,0.449306,0.201876,30,28,0,1,150,750
900,204,1,0.872594,0.76142,47,32,0,-1,450,450
900,1584,1,1.04308,1.08802,13,33,0,1,50,850
900,918,1,0.862257,0.743487,39,33,0,-1,150,750
900,121,1,0.754254,0.568899,15,35,0,-1,500,400
900,124,3,1.37976,0.678481,53.3333,36,0,-1,500,400
900,504,2,1.61016,1.33357,31,37.5,0,0,250,650
900,1208,1,0.770384,0.593491,2,38,0,-1,100,800
900,2163,1,0.579908,0.336293,48,39,0,-1,0,900
900,2164,3,1.14058,0.505056,51.6667,39.6667,-0.666667,-1,0,900
900,2165,1,0.79322,0.629198,9,41,0,-1,0,900
900,666,7,3.42698,1.77815,4.14286,43.2857,-0.142857,1,200,700
900,116,4,2.23655,1.36662,4.25,47.5,0.25,0,500,400
900,916,3,2.47532,2.1921,30,49,-0.333333,1,150,750
900,266,3,3.15275,3.39146,28,48.6667,-0.666667,-1,400,500
900,122,1,0.95097,0.904344,59,50,0,1,500,400
900,117,8,5.48715,4.6133,48.625,52.875,1.125,2,500,400
900,1209,3,1.46651,0.788732,37,54.3333,-0.333333,-1,100,800
900,385,1,0.6809,0.463624,57,57,0,-1,300,600
900,118,1,0.511398,0.261528,10,58,0,1,500,400
900,381,2,1.67014,1.41816,45.5,58,0,0,300,600
900,1216,1,0.317745,0.100962,8,59,0,1,100,800
900,667,4,2.07393,1.18979,21.25,59.5,0.25,2,200,700
900,1585,3,1.68959,0.96887,5.33333,61.6667,1,-3,50,850
900,119,5,4.18248,3.72492,35.6,61.4,-0.6,-1,500,400
900,205,5,3.57935,2.64711,14.6,61.6,-0.8,-1,450,450
900,1210,2,1.23652,0.89101,-0.5,0,1,0,100,800
900,2166,2,1.55599,1.22596,37,0,1.5,0,0,900
900,508,2,1.95917,1.94807,46,1,1.5,0,250,650
900,1586,1,0.56746,0.322011,52,1,1,1,50,850
900,267,1,0.500529,0.250529,61,1,1,-1,400,500
900,2167,1,0.732438,0.536465,39,3,1,1,0,900
900,2168,1,0.560441,0.314094,14,4,1,-1,0,900
900,509,4,2.74422,1.94181,25.5,5.25,2.25,0,250,650
900,672,1,0.437962,0.19181,43,5,1,-1,200,700
900,1593,1,0.330509,0.109236,17,8,1,-1,50,850
900,2169,1,0.620702,0.385271,15,9,1,1,0,900
900,2170,1,0.247107,0.0610618,49,10,1,1,0,900
900,1228,1,1.0069,1.01386,4,11,1,1,100,800
900,1596,2,1.18878,0.707379,21.5,11.5,1,0,50,850
900,506,1,1.00382,1.00766,36,18,1,-1,250,650
900,2171,1,0.251084,0.063043,38,18,1,-1,0,900
900,2172,1,0.529739,0.280623,30,19,1,-1,0,900
900,2173,1,1.67079,2.79154,31,25,1,1,0,900
900,1239,3,2.5394,2.20946,40.6667,24,1.66667,-1,100,800
900,1218,2,1.54806,1.24505,50.5,26,1.5,-2,100,800
900,387,3,2.06748,1.59838,56.3333,26.3333,1.33333,1,300,600
900,307,1,0.652151,0.425301,0,27,1,1,350,550
900,675,9,5.83817,3.93029,3,29,1.66667,3,200,700
900,202,6,4.0018,2.72893,26.1667,26.3333,2,0,450,450
900,1589,1,0.660439,0.43618,35,28,1,1,50,850
900,1213,2,0.564961,0.163687,40,29,1.5,0,100,800
900,1590,5,3.35281,2.62476,49,30.4,2.2,-1,50,850
900,917,2,1.1558,0.719141,7.5,32,1,0,150,750
900,1214,2,1.35643,0.922707,36,33.5,1,0,100,800
900,1591,1,0.423031,0.178955,10,34,1,-1,50,850
900,676,1,0.735027,0.540265,58,35,1,-1,200,700
900,925,1,0.748789,0.560685,13,37,1,1,150,750
900,1215,2,2.06744,2.198,43.5,37,1,0,100,800
900,511,1,0.266153,0.0708376,55,38,1,1,250,650
900,919,1,0.601895,0.362278,21,39,1,1,150,750
900,507,1,0.345792,0.119572,11,41,1,-1,250,650
900,2174,1,0.631341,0.398591,40,43,1,1,0,900
900,33,2,0.694963,0.241722,49,43,1.5,0,600,300
900,2175,3,3.12566,3.31117,12.6667,44,1.66667,1,0,900
900,35,1,0.420982,0.177226,6,45,1,-1,600,300
900,670,1,0.36236,0.131305,16,45,1,-1,200,700
900,2176,1,0.601704,0.362047,22,46,1,1,0,900
900,926,4,1.86703,0.959481,62,45.5,2.25,0,150,750
900,2177,1,0.907231,0.823069,17,47,1,-1,0,900
900,2178,3,2.20358,1.73436,62.3333,51.6667,1.33333,1,0,900
900,386,1,0.658621,0.433782,12,53,1,-1,300,600
900,671,1,0.480337,0.230723,27,54,1,1,200,700
900,200,5,4.33658,4.23542,14,57.4,2.4,-1,450,450
900,1592,3,1.35872,0.619959,3.66667,58.3333,1.66667,-1,50,850
900,1616,1,0.802902,0.644651,6,59,1,-1,50,850
900,382,1,1.00912,1.01832,30,59,1,-1,300,600
900,677,5,3.9361,3.84136,39.2,61,2,-1,200,700
900,2179,1,0.954106,0.910319,22,63,1,1,0,900
900,2180,2,1.3755,1.25213,2,0,2.5,0,0,900
900,920,3,2.18425,1.60546,14,0,2.33333,1,150,750
900,922,1,0.451744,0.204072,19,0,2,1,150,750
900,2181,1,0.453392,0.205564,4,2,2,1,0,900
900,2182,1,0.729523,0.532204,44,2,2,-1,0,900
900,1619,1,0.585708,0.343054,32,3,2,1,50,850
900,2183,1,0.82871,0.68676,18,5,2,-1,0,900
900,383,2,0.957377,0.458351,-0.5,6,2,0,300,600
900,1594,1,0.43535,0.18953,36,8,2,-1,50,850
900,1595,1,0.560745,0.314434,63,8,2,1,50,850
900,1597,1,0.584813,0.342006,28,9,2,1,50,850
900,948,1,0.55103,0.303634,1,10,2,1,150,750
900,1598,1,0.309074,0.095527,25,11,2,-1,50,850
900,2184,1,1.56177,2.43911,29,12,2,-1,0,900
900,2185,1,0.3308,0.109429,24,14,2,1,0,900
900,37,1,1.3264,1.75934,4,17,2,1,600,300
900,392,6,3.60105,2.75299,14,18.8333,3,-2,300,600
900,510,1,1.02196,1.04439,42,17,2,1,250,650
900,1243,2,1.76861,1.83002,47,17,2.5,0,100,800
900,1221,3,2.08027,1.45177,52,17.6667,2.33333,-1,100,800
900,2186,2,1.01784,0.620879,0.5,20.5,2.5,0,0,900
900,2187,1,0.850862,0.723966,10,20,2,1,0,900
900,2188,2,1.22201,0.746657,52,23,2.5,0,0,900
900,306,1,0.550735,0.303309,45,26,2,-1,350,550
900,681,1,0.597923,0.357513,53,29,2,1,200,700
900,384,3,1.99002,1.49755,56,33,2.66667,-1,300,600
900,1599,3,1.82838,1.31887,33.3333,33,2.33333,1,50,850
900,32,1,1.04723,1.09669,21,34,2,1,600,300
900,1233,1,0.816606,0.666846,33,37,2,-1,100,800
900,682,10,7.42167,6.01938,53.3,37.5,2.6,0,200,700
900,2189,3,2.281,1.7389,14,38.6667,2.66667,1,0,900
900,2190,1,0.274541,0.075373,0,40,2,1,0,900
900,125,3,2.22322,1.65177,56,40,3,1,500,400
900,1608,2,1.39061,0.967064,8.5,47,2,0,50,850
900,2191,1,1.70445,2.90516,11,50,2,1,0,900
900,1600,2,1.2017,0.741845,45,51,2.5,0,50,850
900,1601,2,1.42281,1.14166,44.5,54,2,0,50,850
900,931,2,0.886921,0.669607,36.5,56.5,2.5,-2,150,750
900,1602,3,1.81272,1.12439,57.6667,59,2.33333,-1,50,850
900,1224,1,0.994479,0.988989,15,61,2,-1,100,800
900,123,1,0.531207,0.28218,46,61,2,1,500,400
900,1227,1,0.684714,0.468833,10,0,3,1,100,800
900,1603,2,1.70384,1.45155,17.5,1,3.5,0,50,850
900,1219,1,0.397578,0.158069,62,1,3,1,100,800
900,1220,2,1.96027,2.18718,48,1.5,3.5,0,100,800
900,34,3,1.98407,1.31545,7.66667,5.66667,4,-1,600,300
900,687,1,1.09389,1.1966,58,7,3,1,200,700
900,1229,1,1.05774,1.11882,5,8,3,-1,100,800
900,1621,1,0.284544,0.0809653,17,8,3,-1,50,850
900,1630,1,0.701071,0.4915,34,9,3,1,50,850
900,1604,1,0.718097,0.515663,56,15,3,-1,50,850
900,1613,1,0.994499,0.989028,23,17,3,-1,50,850
900,2192,1,0.828109,0.685765,37,19,3,1,0,900
900,2193,1,0.377149,0.142241,38,21,3,-1,0,900
900,2194,1,0.926118,0.857695,13,23,3,-1,0,900
900,678,2,1.57196,1.31547,59,25,3.5,0,200,700
900,1240,8,4.66538,3.26981,4.25,26.625,5.25,2,100,800
900,929,5,3.06611,2.03332,19.4,27.2,3.8,3,150,750
900,2195,1,0.354153,0.125425,8,28,3,-1,0,900
900,2196,1,0.652545,0.425816,30,30,3,-1,0,900
900,924,1,0.54625,0.298389,42,32,3,1,150,750
900,1605,1,0.601511,0.361816,26,33,3,1,50,850
900,1625,2,1.45414,1.07046,9,35,3.5,0,50,850
900,1614,2,1.35089,0.966832,30.5,35.5,3.5,0,50,850
900,2197,1,0.595843,0.355029,14,36,3,-1,0,900
900,1607,1,1.09165,1.1917,25,38,3,1,50,850
900,1626,3,1.5764,0.895214,30.3333,39,3.33333,1,50,850
900,1234,1,0.742419,0.551185,12,39,3,1,100,800
900,1606,2,1.51522,1.23591,37.5,39,3.5,0,50,850
900,2198,1,1.11538,1.24407,24,40,3,-1,0,900
900,685,1,0.543763,0.295678,59,41,3,1,200,700
900,1223,2,0.760148,0.304915,2,43.5,3,0,100,800
900,1628,2,1.92825,1.96653,5,47,3.5,0,50,850
900,1609,1,0.834713,0.696746,58,50,3,-1,50,850
900,2199,2,2.35387,3.45258,10.5,52.5,3,0,0,900
900,1610,2,1.85398,1.81076,47,52,3.5,0,50,850
900,936,1,0.66649,0.444209,58,52,3,-1,150,750
900,1611,2,1.41054,1.25812,6,53.5,3,0,50,850
900,2200,1,0.622617,0.387652,11,55,3,1,0,900
900,270,9,7.489,6.66674,17,55.4444,4.77778,1,400,500
900,2201,1,0.415325,0.172495,17,59,3,1,0,900
900,1225,1,0.780803,0.609653,12,60,3,-1,100,800
900,1612,1,0.876249,0.767813,42,61,3,-1,50,850
900,927,1,0.426829,0.182183,62,61,3,1,150,750
900,2202,1,0.0934681,0.00873628,42,63,3,-1,0,900
900,1238,1,1.00612,1.01228,49,63,3,-1,100,800
900,1639,2,1.51511,1.16949,13.5,2,4.5,0,50,850
900,937,2,0.652206,0.21269,20.5,1.5,4.5,2,150,750
900,2203,8,10.1697,13.6627,32.5,2.125,5.125,4,0,900
900,206,2,1.44613,1.06487,37,3,4.5,0,450,450
900,942,1,1.10895,1.22977,11,5,4,1,150,750
900,2204,1,1.65594,2.74214,35,5,4,-1,0,900
900,391,1,0.625988,0.391861,49,5,4,1,300,600
900,513,2,1.74746,1.66373,11.5,9.5,4,0,250,650
900,2205,1,0.754417,0.569145,7,12,4,1,0,900
900,2206,1,0.406871,0.165544,37,12,4,-1,0,900
900,1246,1,0.577636,0.333663,0,14,4,1,100,800
900,2207,1,1.03453,1.07025,3,14,4,-1,0,900
900,1242,1,1.36867,1.87326,26,14,4,-1,100,800
900,532,3,1.77907,1.09782,33,17,4.66667,-1,250,650
900,1622,2,1.49378,1.30828,44.5,16.5,4.5,0,50,850
900,2208,2,1.04456,0.625881,53.5,19.5,4,0,0,900
900,1641,1,0.847383,0.718059,24,20,4,-1,50,850
900,1634,2,1.31912,0.997277,11,23.5,4,0,50,850
900,1635,3,2.76999,2.93101,42.3333,23,4.66667,1,50,850
900,1226,1,0.838423,0.702954,61,26,4,-1,100,800
900,209,1,0.605644,0.366804,0,27,4,-1,450,450
900,679,1,0.83093,0.690445,42,27,4,1,200,700
900,388,1,0.852353,0.726505,25,28,4,1,300,600
900,2209,1,0.210231,0.0441971,59,28,4,1,0,900
900,2210,1,0.665271,0.442585,8,30,4,1,0,900
900,945,2,1.67388,1.41717,52.5,30,4.5,0,150,750
900,75,1,1.14629,1.31398,55,30,4,-1,550,350
900,1231,1,0.729578,0.532285,4,31,4,-1,100,800
900,1624,2,1.23841,0.801083,49.5,34,4.5,0,50,850
900,930,5,4.85578,5.02118,17.8,35.2,4.6,-1,150,750
900,2211,4,3.80086,3.93102,52.5,39.75,4.5,0,0,900
900,269,3,2.0991,1.59791,61,40.6667,5,1,400,500
900,686,1,1.13591,1.29028,8,42,4,1,200,700
900,389,2,1.74515,1.52408,27.5,42,4,0,300,600
900,308,1,0.541513,0.293236,44,42,4,-1,350,550
900,390,1,0.680972,0.463723,33,43,4,1,300,600
900,210,1,0.692461,0.479502,25,44,4,-1,450,450
900,934,1,0.540882,0.292554,19,47,4,1,150,750
900,1615,1,1.143,1.30644,55,51,4,-1,50,850
900,514,1,0.311754,0.0971909,49,52,4,1,250,650
900,935,3,1.14933,0.452078,35.6667,53.6667,4.66667,1,150,750
900,1237,2,0.98236,0.499146,28,57.5,4,0,100,800
900,1251,3,2.23712,1.8415,5.33333,57.6667,4.33333,1,100,800
900,2212,2,1.20293,0.746375,8.5,58.5,4,0,0,900
900,126,1,1.22207,1.49346,36,59,4,1,500,400
900,519,1,0.643985,0.414717,39,60,4,-1,250,650
900,683,1,0.235601,0.0555078,31,61,4,1,200,700
900,1617,3,2.38645,2.04487,26.6667,62.3333,4.33333,1,50,850
900,1618,1,0.797029,0.635256,36,62,4,1,50,850
900,2213,1,0.785612,0.617186,11,0,5,1,0,900
900,271,1,0.774095,0.599222,57,1,5,1,400,500
900,2214,1,0.43485,0.189095,53,3,5,1,0,900
900,1620,3,1.62049,1.16969,58.6667,5,5.33333,1,50,850
900,2215,1,0.582948,0.339828,62,4,5,1,0,900
900,69,1,0.655976,0.430305,40,6,5,-1,550,350
900,2216,3,2.35278,1.92475,50.6667,6.66667,6,-1,0,900
900,1230,2,1.54663,1.26719,5,8,5.5,0,100,800
900,2217,1,0.829746,0.688478,3,9,5,-1,0,900
900,2218,1,0.749135,0.561203,17,10,5,-1,0,900
900,2219,1,0.567442,0.321991,0,11,5,-1,0,900
900,2220,6,4.93498,4.63221,27.1667,11.5,6.16667,0,0,900
900,1652,3,1.93915,1.2638,21.3333,11.6667,5.66667,-3,50,850
900,689,1,0.501743,0.251746,47,12,5,-1,200,700
900,2221,1,1.12184,1.25853,5,13,5,-1,0,900
900,684,2,2.1547,2.7258,44.5,13,5,0,200,700
900,1640,1,0.760583,0.578486,49,15,5,-1,50,850
900,520,1,0.503006,0.253015,57,15,5,-1,250,650
900,2222,1,0.877435,0.769892,53,16,5,-1,0,900
900,36,2,1.21662,0.740625,57.5,18.5,5,0,600,300
900,943,1,0.564697,0.318882,16,21,5,-1,150,750
900,939,1,0.992366,0.98479,4,23,5,1,150,750
900,944,3,1.94489,1.33804,29,24,5.33333,1,150,750
900,2223,1,1.42801,2.0392,8,25,5,1,0,900
900,1623,1,0.62386,0.389201,30,26,5,-1,50,850
900,1645,1,0.914348,0.836033,2,29,5,1,50,850
900,207,1,0.822548,0.676586,61,30,5,1,450,450
900,517,1,0.896809,0.804267,24,32,5,-1,250,650
900,692,3,2.68679,2.54459,61.3333,33.3333,5,1,200,700
900,1232,1,1.14638,1.31419,4,35,5,-1,100,800
900,2224,3,2.21551,1.67048,6.33333,36.3333,5,-1,0,900
900,2225,2,1.16396,0.72358,46.5,36,5,0,0,900
900,932,4,2.61319,1.73317,-0.75,36.75,5.75,0,150,750
900,527,1,1.05167,1.10602,8,40,5,-1,250,650
900,1636,2,2.00908,2.02151,16,40.5,5,0,50,850
900,2226,1,0.558953,0.312429,33,40,5,1,0,900
900,1244,1,0.767933,0.589721,59,41,5,1,100,800
900,71,1,0.610263,0.372421,11,42,5,-1,550,350
900,1235,1,0.124077,0.015395,38,43,5,1,100,800
900,1627,1,0.417968,0.174697,41,45,5,-1,50,850
900,2227,2,1.04204,0.786958,13.5,46.5,5.5,0,0,900
900,523,5,3.77813,3.03285,61.4,47.2,5.2,-1,250,650
900,693,1,0.860529,0.74051,47,48,5,-1,200,700
900,1648,1,0.586315,0.343766,14,49,5,1,50,850
900,933,3,1.64344,1.17394,27.3333,49.3333,5.33333,-1,150,750
900,2228,1,0.459093,0.210766,4,50,5,1,0,900
900,2229,2,1.47529,1.19328,16.5,50,5,0,0,900
900,1236,1,0.100364,0.0100729,37,51,5,-1,100,800
900,2230,1,1.28592,1.65359,18,52,5,-1,0,900
900,2231,1,0.217434,0.0472777,6,53,5,-1,0,900
900,311,2,1.81292,1.69603,52.5,53,5,0,350,550
900,1629,2,1.18642,0.811669,59,54,5.5,0,50,850
900,2232,1,0.676774,0.458022,5,55,5,1,0,900
900,2233,1,0.311132,0.0968031,12,56,5,-1,0,900
900,274,1,0.419141,0.175679,20,56,5,1,400,500
900,1650,1,0.348752,0.121628,26,56,5,1,50,850
900,2234,2,1.60278,1.3193,39.5,56.5,5,0,0,900
900,211,7,4.44626,3.49232,49,55.7143,6.57143,-1,450,450
900,2235,3,1.80478,1.12118,60,57,5.66667,1,0,900
900,2236,1,0.797707,0.636336,43,58,5,1,0,900
900,2237,1,0.446751,0.199587,41,59,5,1,0,900
900,2238,1,0.824847,0.680373,49,63,5,-1,0,900
900,272,3,1.99305,1.39812,29.3333,0,6.66667,-1,400,500
900,524,4,3.49906,3.20119,27,2,6.5,0,250,650
900,312,5,3.61552,3.43487,4,3.8,7.2,3,350,550
900,2239,1,0.658201,0.433228,21,3,6,1,0,900
900,2240,1,0.475663,0.226255,50,4,6,1,0,900
900,515,1,0.539671,0.291245,27,5,6,1,250,650
900,2241,2,1.52879,1.24492,25,6.5,6,0,0,900
900,2242,1,1.59736,2.55155,29,9,6,1,0,900
900,2243,1,0.404644,0.163737,34,9,6,-1,0,900
900,1631,4,2.83147,2.55227,57,10,6.25,0,50,850
900,2244,1,0.750824,0.563736,54,10,6,-1,0,900
900,1247,3,2.0364,1.60193,1.33333,13,6.33333,-1,100,800
900,1632,1,0.575613,0.331331,13,16,6,-1,50,850
900,1633,2,0.822471,0.451278,40,16,6.5,0,50,850
900,2245,2,2.24681,2.61452,47,16.5,6,0,0,900
900,698,3,1.92786,1.25614,60.6667,15,7,1,200,700
900,1653,18,13.3751,12.5253,3.38889,15.7222,7.72222,2,50,850
900,1642,3,1.65147,1.02369,14,20.6667,6.66667,-1,50,850
900,2246,1,0.321115,0.103115,9,23,6,1,0,900
900,516,2,1.1193,0.642491,1,24.5,6,0,250,650
900,2247,2,1.49066,1.12548,44.5,24,6,0,0,900
900,2248,1,0.210979,0.0445121,60,27,6,1,0,900
900,680,1,0.655895,0.430199,51,33,6,-1,200,700
900,2249,1,0.687886,0.473187,36,39,6,1,0,900
900,398,1,0.204081,0.0416489,28,40,6,1,300,600
900,2250,1,0.401231,0.160987,5,41,6,-1,0,900
900,2251,1,0.55651,0.309703,3,42,6,1,0,900
900,1662,1,0.778132,0.60549,17,43,6,1,50,850
900,940,2,0.544106,0.150901,45.5,45,6,0,150,750
900,2252,1,1.35144,1.82639,3,46,6,1,0,900
900,941,1,0.465236,0.216445,23,46,6,-1,150,750
900,518,2,2.33346,3.47286,32,48,6.5,0,250,650
900,217,3,2.03523,1.55167,34.3333,59,7,1,450,450
900,1252,1,0.772228,0.596335,52,60,6,-1,100,800
900,947,3,1.12269,0.471033,61,60.6667,6.33333,-1,150,750
900,72,1,0.451021,0.20342,0,61,6,-1,550,350
900,1637,1,0.365988,0.133947,6,61,6,-1,50,850
900,2253,1,0.740415,0.548214,51,62,6,-1,0,900
900,1638,4,3.66433,4.12915,33.25,62.25,7.5,0,50,850
900,2254,1,0.857659,0.735579,13,4,7,1,0,900
900,2255,1,0.68965,0.475618,57,6,7,1,0,900
900,1667,1,0.616001,0.379457,9,13,7,-1,50,850
900,2256,2,0.971109,0.488314,46.5,13,7,0,0,900
900,2257,1,1.10334,1.21735,49,13,7,-1,0,900
900,2258,1,0.305434,0.0932901,55,15,7,-1,0,900
900,1,1,0.902035,0.813668,31,16,7,1,650,250
900,38,1,0.577719,0.333759,33,16,7,-1,600,300
900,949,8,5.90949,4.69751,22.625,18.375,7.875,0,150,750
900,530,1,0.198879,0.0395527,58,18,7,-1,250,650
900,127,2,1.55634,1.21276,17,20.5,7,0,500,400
900,700,2,0.957638,0.459256,34,20.5,7,0,200,700
900,691,2,1.21163,0.806343,60.5,21.5,7.5,0,200,700
900,1643,2,1.53864,1.34875,30,23.5,7.5,0,50,850
900,1644,2,1.35075,0.944262,28,26.5,7,0,50,850
900,128,2,1.54716,1.25452,33.5,28,7,0,500,400
900,1672,1,0.866956,0.751613,2,29,7,1,50,850
900,2259,2,1.53875,1.18392,24.5,31,7,0,0,900
900,1646,1,0.641841,0.411959,35,31,7,1,50,850
900,542,1,0.625541,0.391302,55,32,7,-1,250,650
900,956,1,0.6304,0.397405,38,33,7,-1,150,750
900,133,2,1.21182,0.754437,23.5,42.5,7,0,500,400
900,1657,1,0.611808,0.37431,48,42,7,1,50,850
900,533,2,1.46739,1.1967,56.5,42,7,0,250,650
900,1647,6,5.68708,6.02528,20.5,45.3333,7.66667,-2,50,850
900,946,1,0.720083,0.518519,25,47,7,1,150,750
900,1248,2,1.63142,1.3308,46.5,49.5,7,2,100,800
900,2260,2,1.3328,0.94913,10.5,49.5,7.5,2,0,900
900,2261,1,1.24777,1.55694,24,50,7,-1,0,900
900,214,11,5.88772,3.4761,52.3636,52,8.63636,3,450,450
900,959,4,2.79313,2.19521,18.75,51.75,8,0,150,750
900,1245,2,1.30165,0.866372,31,51.5,7,0,100,800
900,1649,1,0.524352,0.274945,58,51,7,-1,50,850
900,2262,1,0.866452,0.750739,37,52,7,-1,0,900
900,1658,2,1.73085,1.49798,25,53.5,7,0,50,850
900,697,1,0.767755,0.589447,53,56,7,1,200,700
900,1659,1,0.628309,0.394773,33,57,7,1,50,850
900,2263,1,0.700245,0.490342,35,57,7,1,0,900
900,1664,1,0.400211,0.160169,5,58,7,1,50,850
900,2264,2,1.74636,1.52914,39,61.5,7.5,0,0,900
900,1660,1,0.825806,0.681956,45,61,7,1,50,850
900,529,1,0.176846,0.0312747,23,62,7,1,250,650
900,709,1,0.747564,0.558852,24,1,8,-1,200,700
900,690,1,0.854055,0.729409,49,1,8,1,200,700
900,1253,3,1.93602,1.47581,46.3333,2,9,1,100,800
900,2265,1,0.744611,0.554446,53,2,8,1,0,900
900,2266,1,1.25944,1.5862,49,3,8,1,0,900
900,954,1,0.903437,0.816198,7,4,8,-1,150,750
900,2267,1,0.591622,0.350016,2,6,8,1,0,900
900,2268,1,0.16786,0.028177,23,7,8,1,0,900
900,2269,1,0.504411,0.25443,43,7,8,1,0,900
900,2270,1,0.420807,0.177079,46,8,8,1,0,900
900,2271,1,0.971522,0.943856,21,9,8,1,0,900
900,952,1,0.486315,0.236502,59,11,8,-1,150,750
900,1257,4,2.58643,2.13623,57.25,11.75,9,0,100,800
900,521,1,0.967325,0.935717,7,16,8,-1,250,650
900,2272,1,0.601195,0.361435,17,16,8,1,0,900
900,2273,1,0.190628,0.0363391,10,18,8,-1,0,900
900,950,1,0.887635,0.787896,38,21,8,1,150,750
900,1655,1,0.468707,0.219686,19,22,8,-1,50,850
900,2274,1,0.631271,0.398502,16,23,8,-1,0,900
900,2275,2,0.845026,0.583265,1.5,25,8.5,2,0,900
900,310,2,1.86115,1.73629,13.5,26.5,8.5,0,350,550
900,1656,1,0.443093,0.196331,39,29,8,-1,50,850
900,2276,1,0.513837,0.264028,63,31,8,-1,0,900
900,1249,3,1.20563,0.777922,60.3333,32.6667,8,1,100,800
900,213,2,1.37628,0.956684,10.5,35,8,0,450,450
900,393,1,0.807851,0.652623,25,36,8,-1,300,600
900,2277,1,0.467675,0.21872,42,38,8,-1,0,900
900,2278,1,0.905603,0.820117,6,40,8,-1,0,900
900,1260,1,0.731396,0.53494,8,40,8,-1,100,800
900,535,5,2.48825,1.33876,21.2,40.4,9.4,-1,250,650
900,1250,14,11.5866,11.6582,10.2857,39,9.71429,0,100,800
900,975,5,4.91697,5.54182,25.6,42.8,9,-1,150,750
900,2279,1,0.413371,0.170876,40,44,8,1,0,900
900,1262,1,0.500197,0.250197,47,44,8,1,100,800
900,2280,1,0.905156,0.819307,57,45,8,-1,0,900
900,2281,2,1.88793,1.89554,9,46.5,8.5,-2,0,900
900,540,21,15.6108,12.8983,61,44.5238,9.95238,3,250,650
900,1663,1,0.987396,0.974951,2,48,8,1,50,850
900,0,4,3.79269,4.11847,17.5,47.75,8.5,2,650,250
900,951,1,0.980257,0.960903,61,48,8,1,150,750
900,2282,3,2.17869,1.63528,43.3333,50.3333,8,1,0,900
900,2283,2,1.08677,0.592724,-0.5,53,8,-2,0,900
900,139,5,5.16648,5.84397,22.2,54.8,8,-1,500,400
900,705,1,0.38658,0.149444,60,57,8,1,200,700
900,1256,2,0.938504,0.454536,41.5,58.5,8,0,100,800
900,2284,1,0.593947,0.352773,46,63,8,1,0,900
900,694,2,1.72494,1.63831,1,0,9.5,0,200,700
900,130,4,3.42064,3.15005,17.25,0.75,9.75,-2,500,400
900,2285,3,2.49222,2.14082,26.3333,0.666667,10,-1,0,900
900,2286,3,1.91641,1.30696,-1,4,9,-1,0,900
900,525,7,7.40176,8.15082,17.1429,5.14286,10.1429,-5,250,650
900,394,1,0.579398,0.335702,31,7,9,-1,300,600
900,2287,2,1.08779,0.596163,56.5,8,9,0,0,900
900,2288,1,0.442261,0.195595,4,9,9,-1,0,900
900,401,1,1.25542,1.57607,18,13,9,-1,300,600
900,696,2,1.94179,1.93754,32.5,14.5,9.5,0,200,700
900,2289,1,0.856798,0.734102,35,14,9,-1,0,900
900,1258,4,2.98421,2.69639,44,15.5,10.25,-2,100,800
900,699,5,3.94402,3.751,48.8,18.4,9.6,-1,200,700
900,73,2,1.45933,1.16499,14.5,19,9.5,-2,550,350
900,2290,1,0.82198,0.675651,13,21,9,-1,0,900
900,2291,1,0.615158,0.378419,13,23,9,-1,0,900
900,1671,1,0.79036,0.624669,24,28,9,1,50,850
900,132,2,1.84383,1.78538,49,29.5,9,0,500,400
900,719,2,1.40379,0.986339,56,31.5,9.5,2,200,700
900,1679,1,0.938046,0.879931,41,33,9,-1,50,850
900,2292,1,0.759411,0.576706,2,34,9,-1,0,900
900,545,5,3.57268,2.61106,27.4,36.4,10,1,250,650
900,526,2,1.12993,0.640514,13,36,9.5,0,250,650
900,405,1,0.708102,0.501409,17,36,9,-1,300,600
900,2293,2,2.15241,2.38359,62,36.5,9,0,0,900
900,134,1,0.854276,0.729787,0,38,9,1,500,400
900,1661,3,3.33324,4.22726,14.3333,38.6667,9,-1,50,850
900,2294,1,0.862677,0.744212,53,41,9,1,0,900
900,957,1,0.83959,0.704911,48,42,9,-1,150,750
900,1281,1,0.620373,0.384862,18,44,9,1,100,800
900,528,1,1.09723,1.20392,30,45,9,1,250,650
900,2295,1,0.486894,0.237066,32,46,9,-1,0,900
900,1682,1,0.63394,0.40188,53,47,9,-1,50,850
900,963,1,1.02016,1.04072,4,50,9,-1,150,750
900,2296,1,0.860125,0.739814,22,52,9,-1,0,900
900,970,4,2.66553,2.19479,16,53.5,9.75,0,150,750
900,2297,1,0.665233,0.442535,4,55,9,1,0,900
900,2298,1,0.47383,0.224515,7,56,9,1,0,900
900,1263,1,0.44205,0.195408,49,59,9,-1,100,800
900,536,7,4.88922,4.04377,21.4286,60.2857,10.2857,1,250,650
900,2299,1,0.455498,0.207478,1,62,9,-1,0,900
900,537,1,0.849164,0.721079,5,62,9,-1,250,650
900,2300,1,0.385416,0.148546,10,62,9,1,0,900
900,1665,1,1.1761,1.38322,52,62,9,-1,50,850
900,1694,1,1.53683,2.36183,55,62,9,-1,50,850
900,2301,1,0.487176,0.23734,26,63,9,-1,0,900
900,712,3,1.95506,1.29344,8.33333,3.66667,10,-1,200,700
900,2302,1,0.144814,0.0209711,26,3,10,-1,0,900
900,1666,1,0.285754,0.0816553,37,6,10,-1,50,850
900,77,4,2.18008,1.48495,27.75,10.25,10.75,0,550,350
900,395,1,0.879475,0.773477,22,11,10,-1,300,600
900,396,1,0.767008,0.588301,42,12,10,-1,300,600
900,2303,1,1.04391,1.08975,9,13,10,-1,0,900
900,2304,1,0.655291,0.429407,31,13,10,-1,0,900
900,1668,2,1.19147,0.725737,62,13,10.5,0,50,850
900,2305,2,2.2134,2.45006,20,14,10.5,0,0,900
900,2306,1,1.28968,1.66328,22,14,10,-1,0,900
900,1669,1,1.17734,1.38612,39,14,10,-1,50,850
900,2307,1,0.727639,0.529459,55,14,10,-1,0,900
900,2308,2,1.69002,1.75927,22.5,16,10.5,-2,0,900
900,1684,1,0.358764,0.128711,15,17,10,-1,50,850
900,273,1,0.700686,0.490961,31,17,10,1,400,500
900,955,3,1.94913,1.55943,33.6667,19.3333,10,1,150,750
900,531,1,1.03719,1.07576,2,20,10,1,250,650
900,964,1,0.820608,0.673397,5,20,10,1,150,750
900,314,2,2.06844,2.14862,39,20.5,10,0,350,550
900,2309,1,0.617727,0.381586,41,20,10,-1,0,900
900,1685,1,0.267195,0.0713934,51,20,10,1,50,850
900,2310,1,0.864073,0.746623,0,22,10,-1,0,900
900,539,7,4.48573,2.97372,4.14286,23.2857,11.2857,1,250,650
900,1670,1,0.648333,0.420336,46,25,10,-1,50,850
900,1678,1,0.355703,0.126525,23,26,10,-1,50,850
900,2311,1,0.376489,0.141744,3,27,10,1,0,900
900,215,2,1.61482,1.33113,15.5,28,10,0,450,450
900,966,1,0.681267,0.464125,36,28,10,-1,150,750
900,701,1,0.938828,0.881397,14,30,10,1,200,700
900,548,7,4.32519,2.94388,18.4286,31.7143,11,1,250,650
900,961,2,1.45752,1.06306,38,33.5,10,0,150,750
900,2312,1,0.554249,0.307192,49,40,10,-1,0,900
900,1673,1,0.599632,0.359559,14,41,10,-1,50,850
900,2313,1,0.392239,0.153852,16,41,10,-1,0,900
900,1271,6,4.29961,3.58347,49.6667,44.5,10.1667,0,100,800
900,76,2,1.23118,0.758785,13,45.5,10,0,550,350
900,2314,1,0.406702,0.165406,3,48,10,1,0,900
900,962,2,1.22278,0.776231,58.5,49.5,10.5,0,150,750
900,976,3,3.24237,4.1784,14.6667,51,11,-1,150,750
900,407,6,5.41812,5.93968,21.1667,54.3333,11.6667,-4,300,600
900,1683,2,1.77032,1.99195,35.5,54.5,10.5,0,50,850
900,1693,1,0.221542,0.049081,12,56,10,1,50,850
900,2315,1,0.588818,0.346707,50,56,10,1,0,900
900,2316,2,1.56916,1.23425,10.5,57.5,10,2,0,900
900,2317,5,4.1539,4.08419,40.4,59.8,10.8,1,0,900
900,1674,3,1.61032,0.979869,4.33333,60.3333,10.6667,1,50,850
900,1264,1,0.554402,0.307362,59,60,10,1,100,800
900,541,1,0.429509,0.184478,7,0,11,-1,250,650
900,534,3,2.24421,1.75426,30.6667,0.333333,11.3333,1,250,650
900,399,1,0.897733,0.805925,54,0,11,1,300,600
900,313,2,1.12061,0.650138,20,1,11.5,0,350,550
900,1272,1,0.152369,0.0232164,22,2,11,-1,100,800
900,141,1,1.08722,1.18205,56,2,11,-1,500,400
900,721,1,0.544037,0.295976,11,3,11,1,200,700
900,1254,2,2.58038,3.52634,59.5,3,11,0,100,800
900,2318,2,1.32847,0.959655,21.5,4,11.5,0,0,900
900,131,2,2.05719,2.21153,52,4.5,11,0,500,400
900,2319,2,2.01345,2.03455,9,6.5,11.5,-2,0,900
900,706,1,0.35997,0.129578,4,8,11,-1,200,700
900,1675,1,0.979339,0.959105,53,9,11,-1,50,850
900,977,1,0.455731,0.207691,5,12,11,1,150,750
900,707,1,0.147857,0.0218616,18,12,11,1,200,700
900,2320,2,2.19135,2.40997,13.5,15.5,11.5,-2,0,900
900,74,3,2.07718,1.45971,62.6667,17.3333,11.6667,1,550,350
900,965,1,0.819872,0.67219,60,20,11,-1,150,750
900,1686,3,2.41984,2.11716,13.3333,21.3333,12,1,50,850
900,1676,1,1.19221,1.42136,24,22,11,1,50,850
900,2321,1,0.826881,0.683731,14,24,11,1,0,900
900,1677,2,1.93945,1.91522,39.5,24,11.5,0,50,850
900,2322,1,1.13959,1.29868,0,25,11,-1,0,900
900,2,8,7.17032,8.03208,21.625,24.125,13.625,-4,650,250
900,974,1,0.770759,0.594069,49,31,11,1,150,750
900,1280,1,0.916901,0.840708,40,34,11,1,100,800
900,702,1,0.710451,0.50474,47,34,11,-1,200,700
900,967,7,6.2177,6.2121,23.5714,36.5714,12.8571,-1,150,750
900,2323,2,1.35858,1.02429,2.5,39.5,11,0,0,900
900,1261,2,1.0699,0.572713,46,44,11.5,0,100,800
900,1681,4,3.33515,2.82528,21.75,46.5,11.25,2,50,850
900,543,3,2.32298,1.97537,29.3333,44.3333,12,1,250,650
900,1690,1,0.767441,0.588966,43,45,11,-1,50,850
900,2324,4,2.64315,1.81627,54.75,49,11.5,0,0,900
900,1255,2,1.07138,0.592867,27.5,49,11,0,100,800
900,216,2,2.05103,2.1162,12,51,11.5,0,450,450
900,969,3,2.01468,1.70518,2.33333,52,11.3333,1,150,750
900,2325,1,1.1267,1.26945,19,56,11,-1,0,900
900,2326,1,1.54918,2.39997,7,61,11,1,0,900
900,986,4,4.25223,4.56857,12.75,-0.25,12.75,0,150,750
900,704,1,0.696992,0.485798,42,3,12,1,200,700
900,318,1,0.915672,0.838455,35,4,12,1,350,550
900,547,1,0.730205,0.5332,62,4,12,-1,250,650
900,408,6,4.88473,4.75283,33.5,6.16667,13.3333,4,300,600
900,137,1,0.313847,0.0984998,15,9,12,-1,500,400
900,972,2,0.847999,0.466793,17,9.5,12.5,0,150,750
900,2327,2,0.987245,0.497465,58,9.5,12,0,0,900
900,276,1,0.747066,0.558108,49,10,12,-1,400,500
900,538,1,0.424472,0.180176,45,13,12,-1,250,650
900,973,1,0.700352,0.490493,60,13,12,1,150,750
900,140,1,0.883992,0.781442,46,15,12,1,500,400
900,220,2,0.999783,0.542921,48.5,15,12,0,450,450
900,2328,1,0.534951,0.286172,21,16,12,1,0,900
900,1259,2,1.12851,0.655315,42.5,15.5,12.5,2,100,800
900,277,3,2.66847,2.96781,60,16.3333,12.3333,-1,400,500
900,1274,1,0.413829,0.171254,17,18,12,-1,100,800
900,1705,1,0.968392,0.937784,39,18,12,1,50,850
900,2329,1,0.527162,0.2779,47,18,12,1,0,900
900,718,2,1.10436,0.79943,6,19,12.5,0,200,700
900,2330,1,0.140588,0.0197649,51,20,12,1,0,900
900,2331,1,0.553046,0.30586,16,22,12,-1,0,900
900,1267,1,0.585772,0.343129,58,22,12,-1,100,800
900,1687,2,1.32791,0.88697,43.5,23,12,0,50,850
900,1688,1,0.688821,0.474474,37,25,12,-1,50,850
900,2332,1,0.907492,0.823541,8,26,12,1,0,900
900,2333,1,0.791432,0.626364,28,27,12,-1,0,900
900,978,1,0.445605,0.198564,35,27,12,1,150,750
900,135,3,1.76273,1.3254,60,28.3333,12.3333,-1,500,400
900,400,1,0.265157,0.0703085,43,29,12,1,300,600
900,402,2,1.54976,1.25116,58,29,12.5,0,300,600
900,1268,1,0.531304,0.282284,51,31,12,-1,100,800
900,1283,2,1.94504,1.92934,53.5,32,12,0,100,800
900,1689,1,0.368733,0.135964,12,36,12,-1,50,850
900,1699,3,1.67756,1.10563,58.3333,36.3333,13,-1,50,850
900,715,1,0.887906,0.788378,35,37,12,1,200,700
900,1700,1,0.617055,0.380756,44,38,12,-1,50,850
900,1717,6,4.32192,3.46673,17.3333,44.6667,13.1667,0,50,850
900,1270,2,1.70062,1.47402,26.5,42.5,12.5,0,100,800
900,2334,1,0.397697,0.158163,43,43,12,1,0,900
900,315,1,0.487022,0.23719,13,45,12,-1,350,550
900,716,2,0.73166,0.26976,7,48.5,12,2,200,700
900,136,5,3.18284,2.21608,33.2,48.8,12.2,-1,500,400
900,1702,2,1.31838,1.25731,36,48,12.5,0,50,850
900,2335,1,0.435353,0.189533,38,49,12,-1,0,900
900,1691,1,0.422495,0.178502,45,49,12,1,50,850
900,1277,1,0.862561,0.744012,49,49,12,1,100,800
900,2336,1,0.782929,0.612978,0,51,12,1,0,900
900,1718,7,4.51752,3.41594,9.57143,50.1429,14.1429,1,50,850
900,2337,1,0.447352,0.200124,48,51,12,-1,0,900
900,1692,1,0.447472,0.200231,34,54,12,-1,50,850
900,2338,1,0.470131,0.221023,11,55,12,1,0,900
900,316,1,0.679075,0.461143,13,55,12,1,350,550
900,2339,1,0.14787,0.0218655,32,56,12,-1,0,900
900,2340,1,0.413742,0.171182,36,57,12,-1,0,900
900,2341,1,0.364447,0.132822,58,57,12,1,0,900
900,1714,1,0.728663,0.53095,15,58,12,1,50,850
900,1713,3,1.69733,1.04866,47.3333,57.3333,13,1,50,850
900,2342,3,2.93625,3.8748,55,60.6667,12,1,0,900
900,1695,1,0.854446,0.730077,29,61,12,1,50,850
900,2343,1,0.840508,0.706454,59,61,12,1,0,900
900,278,2,1.65801,1.37716,23.5,61.5,12.5,0,400,500
900,1265,1,0.42324,0.179132,31,62,12,-1,100,800
900,971,2,1.70867,1.72642,4.5,1,13,0,150,750
900,1704,1,0.85136,0.724814,23,2,13,1,50,850
900,983,1,0.456519,0.208409,54,2,13,1,150,750
900,2344,1,0.486001,0.236197,4,3,13,1,0,900
900,149,2,1.51646,1.16524,63,6.5,13,0,500,400
900,2345,1,0.202775,0.0411175,4,7,13,1,0,900
900,1266,2,1.73711,1.56384,19,7.5,13,0,100,800
900,2346,1,0.713963,0.509744,7,8,13,1,0,900
900,1286,1,0.730283,0.533313,21,8,13,-1,100,800
900,714,1,0.259007,0.0670846,0,21,13,-1,200,700
900,324,1,0.866917,0.751545,26,22,13,-1,350,550
900,2347,2,1.11082,0.841926,60,23.5,13,0,0,900
900,404,3,1.35426,0.647105,47.3333,26,13.6667,-1,300,600
900,2348,1,0.823324,0.677862,19,27,13,-1,0,900
900,2349,1,0.122948,0.0151163,57,27,13,-1,0,900
900,2350,1,0.850212,0.72286,6,28,13,-1,0,900
900,1708,1,1.14866,1.31941,36,29,13,-1,50,850
900,1696,1,0.557518,0.310826,9,31,13,-1,50,850
900,1284,1,0.815278,0.664678,48,31,13,1,100,800
900,1716,1,0.248304,0.0616548,4,32,13,-1,50,850
900,544,2,1.6575,1.41648,36,32,13.5,0,250,650
900,1723,1,0.211935,0.0449165,57,32,13,1,50,850
900,1698,1,0.561978,0.315819,60,32,13,1,50,850
900,1269,1,0.281667,0.0793364,21,33,13,-1,100,800
900,1697,2,1.92774,1.8877,46.5,35.5,13.5,0,50,850
900,2351,1,0.26206,0.0686752,61,35,13,-1,0,900
900,1290,1,0.81679,0.667146,42,36,13,-1,100,800
900,979,2,1.37982,1.00911,26.5,39,13,0,150,750
900,2352,1,0.28626,0.0819446,44,40,13,-1,0,900
900,221,2,1.12781,0.636389,-0.5,42,13,0,450,450
900,1276,1,0.645503,0.416674,50,43,13,1,100,800
900,708,1,0.83673,0.700117,7,44,13,1,200,700
900,1701,2,1.7524,1.58399,14.5,47.5,13,0,50,850
900,1711,2,2.06517,2.30896,49,47,13.5,0,50,850
900,2353,2,1.3351,0.899246,59,51,13.5,0,0,900
900,2354,4,1.47157,0.617825,46.25,54.5,13,2,0,900
900,557,2,1.21779,0.749678,23,56,13.5,0,250,650
900,2355,1,0.617401,0.381184,38,56,13,-1,0,900
900,138,2,2.26133,2.58235,54,56,13.5,0,500,400
900,1703,4,3.21642,2.92373,46.5,60.75,13.75,0,50,850
900,1731,1,0.796581,0.634542,21,0,14,-1,50,850
900,78,3,1.81959,1.16411,16,3.66667,14.6667,-1,550,350
900,1273,1,0.185551,0.034429,48,4,14,-1,100,800
900,3,1,0.781055,0.610047,27,8,14,1,650,250
900,280,3,3.34411,4.3328,13.6667,10,14,1,400,500
900,1732,8,8.17037,8.64422,24,7.875,15.25,2,50,850
900,319,2,0.955692,0.480809,50.5,10.5,14,0,350,550
900,2356,1,0.547578,0.299841,6,11,14,1,0,900
900,403,1,0.737896,0.54449,28,11,14,1,300,600
900,275,2,1.78651,1.65754,9.5,12,14,0,400,500
900,322,1,0.605051,0.366087,30,12,14,1,350,550
900,2357,1,0.548625,0.300989,60,13,14,1,0,900
900,560,1,0.684997,0.469221,19,14,14,1,250,650
900,2358,1,0.96957,0.940066,40,16,14,1,0,900
900,725,1,0.795723,0.633175,17,17,14,-1,200,700
900,143,1,0.464013,0.215308,21,17,14,1,500,400
900,2359,1,0.424131,0.179887,42,17,14,1,0,900
900,2360,1,1.1215,1.25775,50,17,14,-1,0,900
900,1706,1,0.862243,0.743463,28,18,14,1,50,850
900,2361,1,0.765524,0.586027,37,20,14,-1,0,900
900,410,2,2.27918,3.00475,31,21.5,14,2,300,600
900,2362,1,0.226418,0.051265,38,22,14,1,0,900
900,2363,1,0.762824,0.581901,24,26,14,1,0,900
900,1722,1,0.24824,0.0616233,42,27,14,-1,50,850
900,1707,4,3.63351,3.43599,1.25,28,14.75,0,50,850
900,2364,2,1.87196,1.85054,33.5,28.5,14,0,0,900
900,1279,2,1.24629,0.777717,62.5,28.5,14.5,0,100,800
900,710,2,1.05247,0.677815,30.5,31.5,14,0,200,700
900,1715,1,1.21231,1.4697,43,34,14,1,50,850
900,1709,2,1.90726,1.90904,26,36.5,14.5,0,50,850
900,1275,1,1.09288,1.19438,18,37,14,-1,100,800
900,990,1,0.278912,0.0777918,48,38,14,-1,150,750
900,1289,1,0.476635,0.227181,51,38,14,-1,100,800
900,1710,1,0.636579,0.405233,49,41,14,-1,50,850
900,219,4,2.84364,2.15627,21.5,42.25,14.25,0,450,450
900,546,2,0.847393,0.362337,48,45,14.5,-2,250,650
900,1282,1,0.507711,0.25777,7,48,14,1,100,800
900,2365,1,0.507861,0.257923,57,48,14,1,0,900
900,2366,1,0.505485,0.255515,52,49,14,-1,0,900
900,724,3,3.64749,5.13686,1.66667,50.6667,14.3333,1,200,700
900,1297,2,1.47122,1.10906,43.5,54.5,14.5,0,100,800
900,711,1,0.980856,0.962078,0,56,14,-1,200,700
900,995,1,0.774189,0.599369,21,56,14,1,150,750
900,549,4,2.69065,1.94205,51.5,55.5,14.5,0,250,650
900,1712,1,0.407041,0.165683,4,57,14,-1,50,850
900,2367,1,1.04617,1.09448,56,58,14,-1,0,900
900,555,1,0.192169,0.0369291,11,59,14,1,250,650
900,325,3,2.73518,2.5095,16,59,14.6667,1,350,550
900,413,2,1.72856,1.50268,24.5,59,14,0,300,600
900,2368,1,1.11059,1.23341,1,60,14,1,0,900
900,2369,1,0.678307,0.460101,63,60,14,1,0,900
900,317,2,1.05638,0.575055,28,60.5,14.5,0,350,550
900,1730,9,6.15257,4.83433,11,1,17.1111,1,50,850
900,980,1,0.493287,0.243332,26,0,15,-1,150,750
900,713,1,0.55374,0.306628,40,1,15,1,200,700
900,409,5,5.93566,7.84877,30.6,4,15.8,-1,300,600
900,997,7,4.32113,2.76103,62.2857,4.57143,16.1429,-1,150,750
900,550,3,2.75042,2.52907,36.3333,6,15.6667,1,250,650
900,2370,2,1.29593,0.924271,48.5,7,15,0,0,900
900,154,2,1.36795,0.936345,16,12,15.5,0,500,400
900,1734,1,0.311938,0.097305,48,13,15,-1,50,850
900,1278,1,0.494899,0.244925,11,14,15,-1,100,800
900,1733,1,0.602166,0.362604,29,15,15,1,50,850
900,2371,2,1.56224,1.28199,59,15.5,15,0,0,900
900,1736,1,0.409401,0.167609,60,18,15,1,50,850
900,987,2,1.47312,1.09353,29,22,15.5,0,150,750
900,2372,2,0.931877,0.439707,0.5,23,15,0,0,900
900,2373,2,1.60451,1.29197,26,24.5,15,0,0,900
900,988,1,0.769447,0.592049,30,25,15,-1,150,750
900,406,3,1.71,1.12965,44.6667,30.6667,16,1,300,600
900,989,2,1.07015,0.573564,19.5,31,15,0,150,750
900,2374,1,0.604236,0.365102,41,32,15,1,0,900
900,1749,1,0.490982,0.241063,3,33,15,1,50,850
900,1288,1,0.584103,0.341177,19,33,15,1,100,800
900,1294,1,1.15494,1.33388,15,34,15,1,100,800
900,982,1,0.473267,0.223982,36,36,15,-1,150,750
900,1000,2,1.09137,0.670381,10.5,37.5,15.5,0,150,750
900,1726,1,0.502121,0.252126,41,39,15,1,50,850
900,412,3,2.38298,2.37922,0.666667,40,15.6667,1,300,600
900,2375,1,0.564176,0.318295,53,40,15,1,0,900
900,2376,3,2.1009,1.60035,15.3333,43.6667,15.3333,1,0,900
900,320,1,1.12546,1.26667,63,44,15,1,350,550
900,39,1,0.444848,0.19789,1,47,15,-1,600,300
900,552,1,0.327108,0.107,16,49,15,-1,250,650
900,147,1,0.37628,0.141587,42,50,15,1,500,400
900,723,2,1.18954,0.71086,4,53.5,15.5,-2,200,700
900,2377,1,1.14973,1.32188,17,54,15,1,0,900
900,2378,2,1.75954,1.57365,12,57,15.5,0,0,900
900,144,1,0.692292,0.479268,20,58,15,1,500,400
900,2379,1,1.10261,1.21575,10,61,15,1,0,900
900,1720,1,0.406948,0.165607,49,62,15,-1,50,850
900,717,1,0.30705,0.0942797,43,63,15,1,200,700
900,994,1,0.175855,0.0309251,5,2,16,1,150,750
900,1744,3,2.61851,2.44468,54,3.33333,16.3333,1,50,850
900,2380,1,0.869759,0.756481,8,5,16,-1,0,900
900,722,1,1.17335,1.37674,28,5,16,1,200,700
900,553,4,2.56811,1.90398,12,4.75,16.75,0,250,650
900,145,2,1.70822,1.46045,14.5,6,16,0,500,400
900,148,3,4.35347,6.85253,56.3333,5.66667,17,-1,500,400
900,1293,1,0.769313,0.591843,58,10,16,-1,100,800
900,984,1,0.745966,0.556466,63,11,16,-1,150,750
900,1745,10,5.90449,4.19554,31.2,14.4,17.8,0,50,850
900,551,4,4.65548,6.55708,53,13.5,16.5,2,250,650
900,1287,1,0.974458,0.949569,27,15,16,-1,100,800
900,40,1,1.05698,1.11721,4,17,16,-1,600,300
900,1306,3,1.72849,1.03466,21,16.6667,16.6667,-1,100,800
900,1746,4,2.20238,1.26188,5.75,18,16.75,0,50,850
900,1721,2,1.51213,1.28864,34,18,16.5,0,50,850
900,2381,1,0.337239,0.11373,0,19,16,-1,0,900
900,2382,1,0.350652,0.122957,40,29,16,1,0,900
900,79,2,1.52219,1.27862,51.5,30,16,0,550,350
900,2383,2,1.30122,0.848705,55,30.5,16,0,0,900
900,1285,1,1.0907,1.18963,21,33,16,-1,100,800
900,1724,1,0.967751,0.936541,49,33,16,-1,50,850
900,1725,1,0.919335,0.845177,23,34,16,-1,50,850
900,736,2,1.11009,0.616469,25,35,16.5,0,200,700
900,2384,1,0.966287,0.933711,38,35,16,1,0,900
900,1739,1,0.396798,0.157448,40,37,16,-1,50,850
900,556,1,0.846904,0.717247,45,37,16,1,250,650
900,1740,2,1.57678,1.49099,19,38.5,16,0,50,850
900,2385,1,0.849537,0.721712,60,42,16,-1,0,900
900,1291,1,0.959729,0.921081,28,43,16,-1,100,800
900,985,5,2.31922,1.29788,42.2,46.2,17.4,1,150,750
900,2386,1,0.781877,0.611331,22,47,16,1,0,900
900,1727,3,1.81985,1.47697,19,50,16.3333,1,50,850
900,1742,2,1.50745,1.2247,1.5,52,16.5,0,50,850
900,142,1,0.274171,0.0751695,39,52,16,1,500,400
900,1753,2,1.48515,1.10826,22,53.5,16,0,50,850
900,321,10,6.67793,5.62773,6.2,53.6,17.3,2,350,550
900,992,1,0.560517,0.314179,25,55,16,-1,150,750
900,1296,8,6.42731,6.39587,23.875,57.5,17.25,0,100,800
900,720,1,0.569532,0.324367,56,58,16,-1,200,700
900,1728,2,2.26565,3.01415,25.5,60,16,0,50,850
900,2387,1,0.328172,0.107697,59,60,16,-1,0,900
900,1729,1,0.776549,0.603029,22,63,16,1,50,850
900,993,6,2.96809,2.00531,4.5,-0.5,17.5,2,150,750
900,2388,2,1.3462,0.993317,29,-0.5,17.5,0,0,900
900,2389,2,1.35859,0.989783,20.5,1.5,17,0,0,900
900,2390,1,0.582048,0.338779,3,6,17,1,0,900
900,2391,2,1.69389,1.45514,25.5,6,17,0,0,900
900,2392,4,2.4739,1.82923,14,9.5,17.5,-2,0,900
900,283,1,0.63148,0.398767,20,10,17,-1,400,500
900,2393,1,0.39299,0.154441,26,12,17,-1,0,900
900,1766,2,1.51595,1.15299,47,13,17.5,0,50,850
900,558,4,2.46325,1.94314,16.25,12.75,17.75,0,250,650
900,282,2,1.60074,1.38115,55.5,14.5,17,-2,400,500
900,998,1,0.670035,0.448947,10,15,17,1,150,750
900,2394,1,0.845687,0.715187,19,18,17,1,0,900
900,1735,1,1.07132,1.14772,26,18,17,-1,50,850
900,2395,1,0.68738,0.472491,62,18,17,-1,0,900
900,2396,1,0.581878,0.338582,4,19,17,-1,0,900
900,554,2,1.58799,1.26088,63,21.5,17,0,250,650
900,323,1,0.434768,0.189023,23,22,17,1,350,550
900,2397,4,2.17709,1.23847,31.25,22.5,17.25,0,0,900
900,2398,1,0.561095,0.314828,43,22,17,-1,0,900
900,2399,3,1.75111,1.11073,59.3333,22.3333,17,-1,0,900
900,327,1,0.682244,0.465456,24,25,17,-1,350,550
900,2400,1,0.797165,0.635473,31,25,17,1,0,900
900,411,1,0.60618,0.367454,55,26,17,1,300,600
900,1737,2,1.58278,1.34336,0,27,17.5,0,50,850
900,2401,1,1.0864,1.18026,30,27,17,-1,0,900
900,999,1,0.95926,0.920179,19,31,17,-1,150,750
900,1005,1,0.579566,0.335897,21,31,17,-1,150,750
900,583,2,1.65302,1.50973,25,33,17.5,0,250,650
900,1738,3,1.96927,1.44109,14,34.3333,17.6667,-1,50,850
900,1750,4,3.77794,3.57394,0.75,38,17.75,-2,50,850
900,729,1,0.973303,0.94732,33,38,17,-1,200,700
900,1751,2,0.812116,0.436656,51.5,38,17,0,50,850
900,2402,1,0.72751,0.529271,39,39,17,-1,0,900
900,2403,1,0.848323,0.719651,22,40,17,1,0,900
900,2404,1,1.20266,1.44639,13,42,17,-1,0,900
900,1760,1,0.704677,0.496569,31,43,17,-1,50,850
900,1752,1,0.731785,0.53551,54,43,17,1,50,850
900,1741,9,5.95913,4.61551,43.1111,50.6667,18,1,50,850
900,4,2,0.730802,0.297345,49,51.5,17,0,650,250
900,737,6,3.28986,2.47325,44.5,55,17.3333,4,200,700
900,991,1,0.790901,0.625525,49,54,17,1,150,750
900,2405,2,1.16927,0.685042,38.5,55,17.5,0,0,900
900,1754,2,1.49293,1.23803,19,57.5,17,0,50,850
900,1292,4,1.16943,0.353035,34.5,57.75,17.25,0,100,800
900,1330,3,1.71156,1.27065,43,57.3333,17.6667,1,100,800
900,2406,1,0.736076,0.541807,45,58,17,-1,0,900
900,2407,1,0.671146,0.450436,12,59,17,1,0,900
900,1755,8,5.72239,4.57453,15.75,61.625,17.875,2,50,850
900,1743,1,1.18875,1.41312,19,63,17,-1,50,850
900,2408,3,2.6884,2.49367,7.33333,-0.333333,18.3333,-1,0,900
900,2409,1,0.692529,0.479597,51,3,18,1,0,900
900,743,1,0.400315,0.160252,6,8,18,-1,200,700
900,326,2,1.1172,0.638583,44,8,18.5,0,350,550
900,2410,2,1.24199,0.958595,61,11.5,18,0,0,900
900,1004,1,0.556591,0.309793,58,14,18,-1,150,750
900,152,1,0.630609,0.397668,50,16,18,1,500,400
900,1767,1,1.58833,2.52278,28,18,18,1,50,850
900,2411,1,0.79293,0.628738,32,18,18,1,0,900
900,1747,1,0.290128,0.0841742,7,21,18,-1,50,850
900,2412,2,1.20853,0.73054,8.5,22.5,18,0,0,900
900,2413,1,0.973539,0.947778,36,22,18,1,0,900
900,2414,1,0.517077,0.267369,6,24,18,-1,0,900
900,726,2,1.23856,0.772743,50,25,18.5,0,200,700
900,559,1,0.432786,0.187303,22,26,18,1,250,650
900,2415,1,1.42801,2.0392,36,26,18,-1,0,900
900,5,2,1.85703,1.7243,59,26,18.5,2,650,250
900,1758,1,0.677157,0.458542,6,27,18,-1,50,850
900,1748,1,0.743526,0.552832,43,27,18,-1,50,850
900,728,1,0.458147,0.209899,43,32,18,1,200,700
900,1309,2,1.57238,1.41255,51,33.5,18,0,100,800
900,1302,1,0.872562,0.761364,4,34,18,1,100,800
900,2416,1,0.906314,0.821404,4,36,18,1,0,900
900,41,1,0.383357,0.146962,49,36,18,1,600,300
900,42,4,2.62022,1.81671,46,37.75,18.75,0,600,300
900,1759,4,2.87151,2.11483,6.75,38,18.75,-2,50,850
900,281,2,1.92163,1.85876,57.5,39,18,-2,400,500
900,727,5,2.76295,1.74273,17.4,42.4,18.2,3,200,700
900,1295,1,0.803165,0.645075,30,41,18,-1,100,800
900,1010,4,2.82794,2.15883,45.5,41.25,18.25,0,150,750
900,1329,1,0.739553,0.546939,60,41,18,1,100,800
900,1761,3,2.53597,2.41948,27.6667,42,18.3333,1,50,850
900,2417,1,1.02292,1.04637,60,44,18,-1,0,900
900,2418,1,0.748974,0.560962,55,45,18,-1,0,900
900,146,1,1.03187,1.06475,38,49,18,-1,500,400
900,2419,1,0.779308,0.607322,3,50,18,1,0,900
900,731,1,0.486781,0.236955,13,51,18,-1,200,700
900,2420,3,2.77061,2.66712,23.3333,52.6667,18.3333,-1,0,900
900,566,2,1.83823,2.00015,57,53,18.5,0,250,650
900,1003,3,2.21455,2.84929,59,60.3333,18,-3,150,750
900,1756,3,2.81093,2.90629,34.3333,61,18.3333,1,50,850
900,1299,3,1.87635,1.22687,57.6667,3.33333,19,1,100,800
900,1013,1,0.835571,0.69818,34,4,19,1,150,750
900,1300,2,1.76876,1.57487,63,4.5,19,0,100,800
900,2421,1,0.994177,0.988387,20,7,19,-1,0,900
900,1301,4,2.78817,2.12428,47.25,9.25,19.75,0,100,800
900,575,3,2.54501,2.33275,19,12.3333,19.6667,-1,250,650
900,223,1,0.550665,0.303232,41,14,19,1,450,450
900,2422,1,1.24047,1.53875,12,15,19,-1,0,900
900,279,1,0.73314,0.537495,45,15,19,1,400,500
900,2423,1,1.12206,1.25902,19,16,19,-1,0,900
900,1307,4,3.6009,3.49045,41.5,16.5,19,0,100,800
900,2424,5,2.57884,1.55563,59.2,16.8,20.6,-3,0,900
900,1773,2,1.02402,0.576151,39,18,19.5,0,50,850
900,85,1,0.997364,0.994735,54,18,19,-1,550,350
900,222,3,1.77609,1.17073,45.6667,19.3333,19.6667,-1,450,450
900,1018,1,1.11321,1.23924,51,19,19,-1,150,750
900,564,2,1.79547,1.64161,11.5,25,19,0,250,650
900,225,1,0.647111,0.418752,20,25,19,-1,450,450
900,80,2,1.35883,1.0517,54.5,26.5,19,0,550,350
900,1757,3,2.17999,1.73186,62.3333,25.3333,19.6667,-1,50,850
900,2425,1,0.476599,0.227146,3,29,19,-1,0,900
900,1784,2,0.81259,0.404407,58.5,28.5,19.5,0,50,850
900,1794,2,0.932991,0.493497,19.5,31.5,19.5,-2,50,850
900,1310,1,0.625528,0.391286,24,31,19,-1,100,800
900,2426,1,0.642751,0.413128,8,32,19,-1,0,900
900,2427,1,0.325425,0.105902,40,36,19,-1,0,900
900,1770,1,0.65593,0.430245,40,40,19,1,50,850
900,1776,2,1.18565,0.704902,48,41.5,19,0,50,850
900,1016,1,0.813245,0.661367,30,43,19,-1,150,750
900,1009,1,0.773536,0.598358,37,43,19,-1,150,750
900,565,4,3.14329,2.70745,34.75,45,19.25,0,250,650
900,1791,2,1.30601,0.853191,28.5,45.5,19.5,0,50,850
900,759,1,0.967089,0.935261,25,48,19,1,200,700
900,1762,1,0.509363,0.259451,46,49,19,-1,50,850
900,2428,1,0.611292,0.373678,33,50,19,-1,0,900
900,732,7,5.15687,4.25927,58,50.5714,21,-1,200,700
900,1763,2,1.60545,1.32007,10.5,52,19,0,50,850
900,224,2,0.804893,0.327713,17,52,19.5,0,450,450
900,1764,1,0.724991,0.525612,46,52,19,1,50,850
900,1771,2,0.881251,0.522708,51.5,52,19.5,0,50,850
900,741,1,1.51973,2.30959,58,56,19,-1,200,700
900,567,1,1.06164,1.12707,14,57,19,-1,250,650
900,1303,3,1.95484,1.29783,5,59,19,1,100,800
900,84,1,0.63714,0.405947,56,59,19,1,550,350
900,1779,1,1.04127,1.08424,47,60,19,-1,50,850
900,2429,1,1.59485,2.54353,56,61,19,1,0,900
900,1780,3,2.42486,3.08786,21,61.6667,19.6667,3,50,850
900,1765,1,1.00055,1.00109,40,62,19,1,50,850
900,2430,1,0.450017,0.202515,58,63,19,-1,0,900
900,1305,2,1.53012,1.17069,26,2,20.5,0,100,800
900,1323,2,1.39233,1.36529,22.5,3.5,20.5,0,100,800
900,2431,2,2.44298,3.15129,14.5,4,20.5,2,0,900
900,581,1,0.552438,0.305188,27,5,20,1,250,650
900,1772,2,1.71436,1.5115,30,5,20.5,0,50,850
900,1341,3,2.23048,1.67912,7.66667,7.33333,20.3333,-1,100,800
900,1781,1,0.712913,0.508244,32,7,20,1,50,850
900,2432,1,0.773859,0.598858,44,13,20,-1,0,900
900,2433,1,1.03494,1.07111,50,13,20,1,0,900
900,561,1,0.550502,0.303053,39,14,20,1,250,650
900,6,1,0.899619,0.809315,37,15,20,1,650,250
900,738,2,1.48256,1.13198,56.5,15,20,0,200,700
900,2434,1,0.275895,0.076118,5,16,20,1,0,900
900,2435,3,2.83042,2.69557,25.3333,18.6667,20,-1,0,900
900,2436,1,0.225097,0.0506688,21,19,20,1,0,900
900,150,2,1.44385,1.04269,24.5,23,20,0,500,400
900,2437,1,0.579214,0.335489,60,23,20,1,0,900
900,419,3,1.39567,0.727824,26.6667,28,20.6667,1,300,600
900,1313,3,2.16026,1.55643,50.3333,29,20,1,100,800
900,330,1,0.700719,0.491007,12,30,20,-1,350,550
900,2438,1,0.854802,0.730687,17,30,20,-1,0,900
900,2439,4,2.65912,1.98044,26.25,30.75,20.75,2,0,900
900,730,2,0.945553,0.496854,43.5,31,20,0,200,700
900,424,4,2.60698,2.13813,61,31,21,-2,300,600
900,1768,4,2.41822,1.51026,53.25,32.75,20.25,0,50,850
900,1345,1,0.550584,0.303142,25,33,20,1,100,800
900,2440,1,0.466802,0.217905,30,33,20,1,0,900
900,1334,4,3.07767,2.76295,43.5,33.25,20.75,0,100,800
900,1769,1,1.05883,1.12112,56,34,20,-1,50,850
900,568,1,0.845469,0.714817,55,36,20,1,250,650
900,416,1,0.336078,0.112949,62,36,20,1,300,600
900,1328,1,0.579275,0.335559,30,37,20,1,100,800
900,2441,1,1.23425,1.52338,32,38,20,-1,0,900
900,82,3,2.22126,2.59014,21,39,20.6667,3,550,350
900,2442,1,0.709633,0.503579,30,40,20,1,0,900
900,1796,3,1.44266,0.844961,58,40.3333,20.6667,-1,50,850
900,734,5,3.06661,1.94974,38.4,40.6,20.8,-1,200,700
900,1790,1,1.13969,1.2989,15,44,20,1,50,850
900,2443,1,0.559924,0.313515,47,45,20,-1,0,900
900,1778,1,0.249704,0.0623519,10,48,20,-1,50,850
900,562,1,0.782503,0.612311,53,50,20,-1,250,650
900,1801,1,0.44864,0.201278,26,51,20,1,50,850
900,2444,1,0.540039,0.291642,15,53,20,-1,0,900
900,1315,1,0.760865,0.578916,19,53,20,-1,100,800
900,2445,1,0.778494,0.606053,3,54,20,1,0,900
900,1006,1,0.887365,0.787417,30,55,20,1,150,750
900,1802,3,1.68259,0.996882,42,56,20.3333,-1,50,850
900,2446,1,0.575318,0.330991,10,59,20,-1,0,900
900,2447,1,0.930818,0.866422,1,0,21,1,0,900
900,2448,1,0.61065,0.372894,58,0,21,1,0,900
900,2449,1,0.698074,0.487308,55,1,21,-1,0,900
900,1012,3,2.1739,1.80533,0.666667,4.33333,21.6667,-1,150,750
900,2450,1,1.81223,3.28416,61,4,21,-1,0,900
900,761,1,0.794423,0.631108,30,7,21,1,200,700
900,1316,1,1.5082,2.27465,6,10,21,1,100,800
900,2451,1,0.186588,0.0348152,30,11,21,1,0,900
900,577,1,0.757391,0.573641,21,13,21,1,250,650
900,2452,1,0.748796,0.560695,10,15,21,1,0,900
900,2453,1,1.04098,1.08364,25,15,21,-1,0,900
900,2454,2,1.1192,0.93486,51,18.5,21.5,0,0,900
900,1782,1,0.787707,0.620482,41,19,21,-1,50,850
900,1028,2,1.78531,1.63585,54,19.5,21,0,150,750
900,1774,2,1.49749,1.12404,0,20,21.5,0,50,850
900,1311,2,1.36228,0.938305,32,20.5,21,0,100,800
900,563,2,1.97879,1.97214,46,22.5,21,0,250,650
900,414,2,1.42139,1.03215,27,23.5,21,0,300,600
900,1312,1,0.921323,0.848836,2,24,21,1,100,800
900,1326,1,0.507282,0.257335,17,26,21,1,100,800
900,1008,1,0.707198,0.50013,12,27,21,1,150,750
900,740,1,0.507123,0.257174,36,30,21,-1,200,700
900,1333,1,0.788649,0.621968,40,32,21,-1,100,800
900,1775,2,1.44557,1.06843,61,33,21.5,0,50,850
900,1017,2,1.65695,1.37734,28,38,21.5,0,150,750
900,2455,3,2.05976,1.54373,11.6667,39.3333,21.3333,1,0,900
900,1321,5,3.41549,2.48124,17.4,41,21.6,1,100,800
900,1789,1,0.817041,0.667556,36,41,21,1,50,850
900,2456,2,1.60179,1.33789,22.5,43.5,21,0,0,900
900,2457,1,1.033,1.06709,46,43,21,1,0,900
900,1314,1,1.1625,1.35141,13,46,21,-1,100,800
900,1011,1,0.443927,0.197071,38,46,21,-1,150,750
900,1777,3,2.52651,2.22093,16.3333,48,21.6667,-1,50,850
900,155,2,0.932846,0.441933,36.5,48.5,21.5,0,500,400
900,2458,4,3.6496,3.69051,12.25,50,21.25,0,0,900
900,2459,1,0.981219,0.96279,20,50,21,-1,0,900
900,1812,2,2.31328,2.73838,57,54.5,21,0,50,850
900,2460,2,0.896331,0.440849,46,57,21.5,0,0,900
900,2461,2,0.977963,0.483419,13,59.5,21,0,0,900
900,572,2,0.859546,0.435104,37,59.5,21,0,250,650
900,151,3,2.50131,2.09344,4.33333,61,21.3333,1,500,400
900,2462,1,0.936178,0.876429,24,60,21,1,0,900
900,1337,4,2.38205,1.9602,55,59.5,22.5,0,100,800
900,2463,1,1.10049,1.21107,31,3,22,-1,0,900
900,1324,2,1.12522,0.68444,35,3.5,22.5,0,100,800
900,2464,2,1.15857,0.675156,4,5,22.5,0,0,900
900,2465,7,4.99877,3.87622,31.7143,6.42857,23.4286,1,0,900
900,1804,5,4.27472,3.77014,34,7.4,22.8,1,50,850
900,733,1,0.959739,0.9211,11,8,22,-1,200,700
900,756,5,4.30505,4.05885,17.8,11,22.2,1,200,700
900,2466,2,1.6438,1.36747,7.5,12,22,0,0,900
900,1027,3,2.26025,1.84108,34.3333,15.6667,22,-1,150,750
900,1807,1,1.14387,1.30843,54,15,22,-1,50,850
900,415,1,0.529636,0.280514,30,16,22,-1,300,600
900,2467,2,1.61801,1.33461,43.5,18,22,0,0,900
900,329,1,0.73757,0.544009,9,20,22,-1,350,550
900,747,3,1.68973,1.15019,8,23.6667,22.3333,-3,200,700
900,1783,1,0.849559,0.72175,0,25,22,-1,50,850
900,1317,1,0.473272,0.223987,10,26,22,1,100,800
900,44,3,1.95745,1.42571,44,25,22.6667,-1,600,300
900,574,8,6.37486,6.00627,24.5,27.125,22.875,0,250,650
900,2468,1,0.459627,0.211257,8,28,22,-1,0,900
900,748,2,1.31334,0.863394,22,28.5,22,0,200,700
900,2469,1,0.587268,0.344883,57,28,22,1,0,900
900,331,1,0.833029,0.693937,49,31,22,1,350,550
900,749,11,6.93233,5.04578,6.72727,33.4545,23.9091,-1,200,700
900,420,1,0.71566,0.512169,12,32,22,1,300,600
900,1811,1,0.570419,0.325378,17,32,22,-1,50,850
900,1785,2,1.28095,1.19057,35.5,32,22,0,50,850
900,95,1,0.365812,0.133818,20,33,22,-1,550,350
900,1335,1,0.379804,0.144251,49,33,22,1,100,800
900,1029,7,4.22419,2.75823,56.8571,32.7143,24.2857,-1,150,750
900,2470,1,1.01984,1.04007,29,34,22,-1,0,900
900,2471,1,0.388949,0.151282,1,35,22,-1,0,900
900,421,1,0.377204,0.142283,59,37,22,-1,300,600
900,1320,4,2.72064,2.21064,50,39.5,22.5,0,100,800
900,1786,2,1.4025,1.03582,55,39.5,22,0,50,850
900,1787,1,1.35921,1.84745,3,40,22,1,50,850
900,2472,1,0.713217,0.508678,34,41,22,-1,0,900
900,569,1,0.478219,0.228694,55,42,22,-1,250,650
900,1797,1,1.21995,1.48828,15,44,22,1,50,850
900,2473,1,0.485433,0.235646,31,44,22,-1,0,900
900,1035,3,3.25895,3.56697,26,47.3333,22.3333,1,150,750
900,83,1,0.906764,0.822221,26,51,22,1,550,350
900,2474,1,0.8604,0.740288,8,57,22,-1,0,900
900,1024,1,0.318303,0.101317,28,57,22,1,150,750
900,1339,1,0.768606,0.590756,61,61,22,-1,100,800
900,2475,1,1.43473,2.05844,19,62,22,1,0,900
900,1014,1,0.740622,0.548521,43,62,22,-1,150,750
900,1015,1,0.387078,0.149829,46,62,22,-1,150,750
900,1322,3,1.71384,1.07238,26.3333,0.666667,23.6667,1,100,800
900,751,1,0.769016,0.591385,47,1,23,-1,200,700
900,1792,1,1.60171,2.56548,17,2,23,1,50,850
900,2476,1,0.522179,0.272671,20,2,23,1,0,900
900,1815,1,0.698759,0.488265,9,7,23,1,50,850
900,1793,3,2.41923,2.02823,38,6.66667,23.6667,1,50,850
900,417,2,1.09862,0.660002,56,7.5,23,0,300,600
900,418,2,1.50307,1.16984,51.5,9,23,0,300,600
900,2477,1,0.0834122,0.00695759,21,12,23,-1,0,900
900,753,4,2.75647,2.12118,33.25,12.75,23.5,0,200,700
900,746,1,0.549855,0.302341,60,13,23,-1,200,700
900,2478,1,0.923946,0.853676,63,15,23,1,0,900
900,2479,2,1.38917,0.986767,11,20.5,23,0,0,900
900,1020,2,0.803477,0.33878,48,21,23.5,0,150,750
900,422,1,0.891916,0.795515,51,21,23,1,300,600
900,1818,2,1.23932,0.839129,48,23.5,23,0,50,850
900,81,1,0.625951,0.391814,15,24,23,1,550,350
900,2480,1,0.55293,0.305732,5,25,23,-1,0,900
900,2481,1,0.484463,0.234705,16,27,23,1,0,900
900,226,1,0.466206,0.217348,48,27,23,-1,450,450
900,739,5,2.88742,1.8924,63.2,27.6,23.8,1,200,700
900,2482,1,0.425729,0.181245,5,28,23,-1,0,900
900,1327,2,1.18601,0.711101,44.5,28,23.5,0,100,800
900,1021,2,1.20506,0.966071,19.5,31,23,0,150,750
900,1344,5,3.10483,2.11563,15,32.4,24.2,1,100,800
900,2483,1,0.859692,0.73907,24,34,23,-1,0,900
900,2484,1,0.453722,0.205863,41,34,23,-1,0,900
900,1795,1,0.223004,0.0497308,25,37,23,1,50,850
900,2485,2,0.896084,0.430103,21,40.5,23,0,0,900
900,1820,3,1.86101,1.2082,25.3333,40.6667,23.3333,1,50,850
900,1819,1,0.655139,0.429207,57,40,23,1,50,850
900,2486,1,0.699908,0.489871,12,42,23,-1,0,900
900,1788,1,0.385963,0.148968,17,43,23,1,50,850
900,1798,1,0.474343,0.225001,58,44,23,1,50,850
900,1022,1,0.486174,0.236365,4,45,23,1,150,750
900,2487,1,0.69241,0.479431,62,46,23,1,0,900
900,1799,1,1.18978,1.41557,54,47,23,-1,50,850
900,2488,2,1.80668,1.63557,28.5,49,23,0,0,900
900,2489,1,0.695894,0.484269,32,50,23,-1,0,900
900,228,1,0.802378,0.64381,36,51,23,-1,450,450
900,1800,2,1.38678,1.00083,44,51.5,23,0,50,850
900,2490,1,0.724042,0.524237,24,52,23,1,0,900
900,1827,1,0.386092,0.149067,37,53,23,1,50,850
900,1346,1,0.737116,0.54334,28,54,23,-1,100,800
900,2491,1,1.01113,1.02238,42,54,23,1,0,900
900,742,1,1.65413,2.73616,48,54,23,-1,200,700
900,2492,1,0.777436,0.604407,1,55,23,-1,0,900
900,1332,1,0.833088,0.694036,11,59,23,1,100,800
900,1331,2,1.72034,1.61581,34.5,60,23.5,0,100,800
900,93,11,9.51674,8.65604,58.6364,61.6364,25.5455,1,550,350
900,2493,1,0.487501,0.237658,8,61,23,-1,0,900
900,2494,1,0.933253,0.870962,54,63,23,1,0,900
900,1803,1,0.632101,0.399552,36,0,24,-1,50,850
900,2495,1,1.51868,2.3064,59,1,24,-1,0,900
900,2496,1,0.47541,0.226015,9,3,24,1,0,900
900,1358,1,0.657525,0.43234,28,3,24,1,100,800
900,7,2,1.14088,0.741729,48.5,7,24,0,650,250
900,1837,15,10.9323,8.92938,62.6667,5.53333,26.8667,3,50,850
900,1806,2,0.754258,0.460965,55,12,24.5,0,50,850
900,1354,3,1.6494,0.987955,17.3333,13,24.6667,-1,100,800
900,1817,2,1.99313,2.34089,28.5,13.5,24.5,0,50,850
900,573,1,1.37049,1.87824,32,14,24,1,250,650
900,1349,1,0.151871,0.0230647,36,15,24,1,100,800
900,92,1,0.845536,0.714931,51,15,24,1,550,350
900,745,2,2.92871,4.28984,4,16.5,24,0,200,700
900,2497,1,1.15066,1.32402,12,16,24,1,0,900
900,1350,1,1.08415,1.17538,55,17,24,-1,100,800
900,2498,1,0.494426,0.244457,15,18,24,1,0,900
900,1808,2,1.48964,1.23999,54.5,19,24,0,50,850
900,1019,2,0.974671,0.475896,37.5,21.5,24,2,150,750
900,576,2,0.753905,0.302342,23,21.5,24.5,0,250,650
900,2499,1,0.753855,0.568298,57,22,24,1,0,900
900,2500,1,0.64555,0.416735,17,23,24,1,0,900
900,2501,1,0.87821,0.771253,21,23,24,1,0,900
900,570,2,0.936551,0.439601,32.5,28,24,0,250,650
900,1352,2,1.80957,1.83525,40,29.5,24,0,100,800
900,1810,1,0.614242,0.377293,38,30,24,1,50,850
900,2502,1,0.402314,0.161857,17,31,24,1,0,900
900,332,2,1.31424,0.911729,10,32.5,24,0,350,550
900,1833,3,1.12142,0.436948,18.6667,35,24.6667,1,50,850
900,1825,1,0.269795,0.0727896,45,34,24,-1,50,850
900,2503,1,0.791832,0.626998,47,35,24,-1,0,900
900,1336,2,1.16086,0.687419,60.5,37,24,0,100,800
900,2504,3,3.00837,3.05585,16.6667,38.3333,24.3333,1,0,900
900,2505,2,1.29329,0.839837,13.5,39,24,2,0,900
900,2506,2,0.864717,0.449859,28,41.5,24,0,0,900
900,571,2,1.54956,1.25417,23,46.5,24,0,250,650
900,1834,1,0.627741,0.394059,24,49,24,1,50,850
900,153,1,0.564968,0.319189,7,52,24,1,500,400
900,1036,1,0.546857,0.299053,32,54,24,-1,150,750
900,1835,2,1.97408,1.96388,34,54.5,24,0,50,850
900,2507,3,2.22283,1.68565,55,54,24.3333,1,0,900
900,2508,1,0.680218,0.462696,57,55,24,1,0,900
900,2509,1,1.03449,1.07017,50,57,24,1,0,900
900,2510,1,0.934688,0.873641,53,58,24,1,0,900
900,2511,1,0.424709,0.180378,27,59,24,-1,0,900
900,1338,1,0.512663,0.262824,31,61,24,-1,100,800
900,1813,1,0.855898,0.732562,39,62,24,-1,50,850
900,1814,1,0.655047,0.429087,63,62,24,1,50,850
900,2512,1,0.598066,0.357683,20,63,24,-1,0,900
900,425,1,0.896631,0.803947,18,0,25,-1,300,600
900,2513,1,1.56074,2.4359,24,0,25,-1,0,900
900,1822,1,0.602188,0.36263,3,2,25,-1,50,850
900,752,1,1.04153,1.08478,49,4,25,-1,200,700
900,1340,3,1.49558,0.896641,47,5.33333,25.6667,1,100,800
900,2514,1,0.697209,0.486101,9,6,25,1,0,900
900,1805,2,2.62288,3.5579,60.5,6.5,25.5,0,50,850
900,744,1,0.757649,0.574032,4,9,25,-1,200,700
900,1816,3,2.92606,3.06459,36.3333,11,25.6667,-1,50,850
900,86,1,1.02082,1.04208,50,12,25,1,550,350
900,1342,1,0.372097,0.138456,4,14,25,-1,100,800
900,2515,2,1.33372,1.18541,59,14.5,25,0,0,900
900,2516,1,0.237157,0.0562432,10,22,25,-1,0,900
900,2517,1,0.820084,0.672538,61,22,25,-1,0,900
900,2518,3,1.59537,0.931093,49.6667,23.6667,25.3333,-1,0,900
900,2519,1,0.865844,0.749686,36,24,25,1,0,900
900,2520,1,0.688722,0.474338,9,26,25,-1,0,900
900,2521,1,0.753348,0.567533,44,26,25,-1,0,900
900,1318,3,1.7648,1.07556,22.3333,29.6667,25.3333,1,100,800
900,2522,3,2.7068,2.64336,50.6667,29.3333,25,1,0,900
900,1832,1,0.846334,0.716281,26,30,25,1,50,850
900,2523,1,0.124861,0.0155903,12,32,25,1,0,900
900,2524,1,0.657286,0.432024,12,34,25,1,0,900
900,2525,3,2.31146,2.02921,21.3333,34.3333,25.3333,1,0,900
900,2526,1,0.480427,0.23081,54,39,25,1,0,900
900,432,1,1.21423,1.47435,50,41,25,1,300,600
900,160,1,0.779738,0.607992,25,44,25,-1,500,400
900,1840,2,1.53639,1.21712,3,45.5,25.5,0,50,850
900,159,1,0.367031,0.134712,7,46,25,-1,500,400
900,1023,2,1.19296,0.770437,36,50,25.5,0,150,750
900,1821,1,1.07021,1.14536,38,50,25,-1,50,850
900,1828,1,1.22151,1.49209,60,51,25,-1,50,850
900,760,1,0.966088,0.933326,13,53,25,1,200,700
900,2527,1,0.765576,0.586106,27,54,25,-1,0,900
900,2528,1,0.683689,0.467431,7,55,25,1,0,900
900,284,2,1.88954,2.00926,17,55.5,25,0,400,500
900,580,1,0.659651,0.435139,12,56,25,-1,250,650
900,1347,1,0.64775,0.41958,23,56,25,-1,100,800
900,2529,1,0.701678,0.492352,36,56,25,-1,0,900
900,227,1,0.415269,0.172448,0,59,25,-1,450,450
900,1025,4,3.52117,3.20278,2.75,58.5,26.25,0,150,750
900,1048,2,1.65489,1.63077,48,61.5,25,0,150,750
900,750,1,0.418127,0.17483,24,62,25,-1,200,700
900,2530,1,0.339577,0.115312,3,0,26,-1,0,900
900,156,5,5.15687,5.56982,54.4,0.8,26.4,1,500,400
900,426,1,0.526073,0.276753,1,2,26,-1,300,600
900,1040,1,0.745827,0.556259,43,2,26,1,150,750
900,1348,1,1.05819,1.11978,48,2,26,1,100,800
900,45,1,1.61059,2.59401,21,4,26,-1,600,300
900,1362,2,1.17318,0.744009,29,4.5,26,0,100,800
900,1836,2,1.66609,1.44282,44.5,4,26,-2,50,850
900,2531,1,0.884529,0.782391,12,7,26,-1,0,900
900,88,1,0.989093,0.978304,55,8,26,-1,550,350
900,1026,2,1.66802,1.39175,42.5,9.5,26,0,150,750
900,2532,1,0.458268,0.21001,17,10,26,1,0,900
900,1045,1,0.531249,0.282226,48,11,26,1,150,750
900,1830,1,1.11328,1.2394,29,12,26,1,50,850
900,2533,1,0.643197,0.413703,31,14,26,1,0,900
900,1831,2,1.19912,0.733453,19,15.5,26.5,0,50,850
900,2534,1,0.378373,0.143166,35,15,26,1,0,900
900,584,3,2.79139,2.63179,41.6667,15,26.3333,1,250,650
900,764,1,0.863254,0.745207,43,17,26,-1,200,700
900,765,1,0.71056,0.504896,50,18,26,1,200,700
900,2535,1,0.702634,0.493694,55,18,26,1,0,900
900,1351,1,0.749881,0.562321,22,19,26,-1,100,800
900,8,2,1.72729,1.52048,39,19.5,26,0,650,250
900,585,8,6.01369,4.61949,13.5,19.125,28.875,0,250,650
900,754,1,0.684902,0.46909,25,22,26,-1,200,700
900,1325,1,0.376962,0.142101,25,24,26,-1,100,800
900,1824,1,0.782422,0.612184,42,24,26,-1,50,850
900,1823,2,1.04876,0.567271,23.5,26,26.5,0,50,850
900,2536,2,1.48955,1.1276,39.5,27.5,26.5,-2,0,900
900,1364,1,0.46848,0.219474,13,30,26,1,100,800
900,776,1,0.284853,0.0811413,46,33,26,1,200,700
900,2537,1,0.462941,0.214314,44,34,26,-1,0,900
900,1355,2,2.56884,3.30719,1,36.5,26,0,100,800
900,1826,1,0.7459,0.556366,51,36,26,1,50,850
900,1043,3,1.75964,1.08286,3.66667,40,26.6667,1,150,750
900,333,5,3.1121,2.64981,14.6,41.6,27,1,350,550
900,2538,1,1.50677,2.27035,28,40,26,-1,0,900
900,774,1,0.679325,0.461483,48,42,26,1,200,700
900,757,2,0.615094,0.208689,54,45,26.5,0,200,700
900,1361,3,2.01667,1.39021,8,47.6667,26.6667,-1,100,800
900,755,1,0.428579,0.18368,2,50,26,1,200,700
900,2539,2,0.951321,0.461472,0,51,26.5,0,0,900
900,162,1,1.07615,1.1581,37,52,26,-1,500,400
900,2540,1,0.940655,0.884833,62,52,26,-1,0,900
900,2541,1,0.417165,0.174027,22,53,26,-1,0,900
900,2542,8,6.58701,6.31195,22,53.875,28.125,0,0,900
900,1829,1,0.590548,0.348747,31,61,26,-1,50,850
900,2543,4,3.02456,2.59673,19,1.5,27.5,0,0,900
900,435,2,1.83984,1.69972,19,5.5,27,0,300,600
900,1030,1,0.846863,0.717178,23,7,27,1,150,750
900,2544,1,0.846413,0.716416,51,9,27,1,0,900
900,2545,1,0.707645,0.500761,30,10,27,-1,0,900
900,285,8,6.35063,5.24083,8.125,11.5,28.625,-4,400,500
900,582,1,0.523462,0.274013,59,11,27,1,250,650
900,2546,1,0.490445,0.240536,60,13,27,1,0,900
900,2547,2,1.77618,1.62902,22,15,27.5,0,0,900
900,2548,1,0.96634,0.933813,57,16,27,-1,0,900
900,1031,1,0.47771,0.228207,1,18,27,1,150,750
900,1845,2,0.62074,0.199171,52,20.5,27,0,50,850
900,1032,1,0.987894,0.975934,1,26,27,1,150,750
900,429,1,0.516171,0.266433,42,26,27,1,300,600
900,158,6,3.17011,1.9175,10.6667,29.3333,28,4,500,400
900,87,2,1.45153,1.11538,60,30.5,27,0,550,350
900,2549,1,0.593444,0.352176,2,31,27,1,0,900
900,2550,5,3.202,2.30776,25.4,31,27.4,-1,0,900
900,768,1,0.205175,0.0420966,32,31,27,1,200,700
900,428,1,0.323423,0.104602,60,33,27,1,300,600
900,762,1,0.226109,0.0511254,63,33,27,1,200,700
900,2551,8,4.1041,2.37074,18.625,35.375,28.125,0,0,900
900,1033,1,0.586278,0.343722,26,36,27,-1,150,750
900,579,2,1.32901,0.902007,54.5,40.5,27,0,250,650
900,2552,2,1.89903,2.09998,57.5,40,27,0,0,900
900,1034,3,2.07108,1.60485,20,42.3333,27.3333,1,150,750
900,96,3,2.27842,1.86778,35.6667,42.3333,27,1,550,350
900,1841,3,3.10431,3.36229,27.3333,44,27.6667,-1,50,850
900,758,3,2.54234,2.40804,33.3333,46,27.3333,1,200,700
900,1842,4,3.17139,2.55148,21.5,47.25,27.75,-2,50,850
900,1857,1,1.53655,2.36098,25,48,27,-1,50,850
900,2553,1,0.708441,0.501889,21,49,27,-1,0,900
900,2554,1,0.681001,0.463762,33,49,27,1,0,900
900,286,1,0.974961,0.950549,10,51,27,-1,400,500
900,2555,2,1.85438,1.71952,14,54.5,27,0,0,900
900,763,1,0.591326,0.349666,57,54,27,1,200,700
900,2556,1,0.735998,0.541694,35,55,27,-1,0,900
900,10,1,0.544218,0.296173,27,56,27,1,650,250
900,1047,1,0.973836,0.948356,46,56,27,-1,150,750
900,2557,1,0.4966,0.246612,21,57,27,1,0,900
900,335,4,3.74798,3.79752,57,57,27.5,2,350,550
900,1037,2,1.05115,0.563647,47.5,58,27,0,150,750
900,1038,2,1.4427,1.35241,15.5,59,27,0,150,750
900,1058,7,5.40829,4.465,47.1429,60.4286,28.2857,-1,150,750
900,1356,1,0.266244,0.0708858,17,62,27,-1,100,800
900,1039,1,1.37923,1.90228,55,62,27,-1,150,750
900,1044,2,1.49155,1.2679,50.5,63,27.5,0,150,750
900,2558,2,1.7269,1.49134,43,0,28.5,0,0,900
900,2559,1,0.791038,0.625742,46,1,28,-1,0,900
900,91,3,3.31557,3.83997,23,2,29,1,550,350
900,1041,1,0.272057,0.0740151,55,3,28,-1,150,750
900,1357,1,0.889048,0.790406,58,3,28,-1,100,800
900,1365,5,3.75119,3.01674,30.4,6.4,28.4,-1,100,800
900,1042,1,0.391644,0.153385,55,7,28,-1,150,750
900,2560,1,0.599747,0.359697,44,8,28,1,0,900
900,1359,5,4.55108,4.70208,55.6,10,28.2,1,100,800
900,2561,1,0.48982,0.239924,14,13,28,1,0,900
900,2562,1,0.618572,0.382631,34,13,28,1,0,900
900,587,1,0.77375,0.598688,9,15,28,-1,250,650
900,1843,2,2.25637,3.21272,46,15,28.5,0,50,850
900,2563,1,0.915486,0.838115,9,17,28,1,0,900
900,89,1,0.56764,0.322215,43,21,28,-1,550,350
900,427,2,0.903458,0.409601,2.5,22.5,28.5,0,300,600
900,1853,1,0.789168,0.622786,62,28,28,-1,50,850
900,1046,1,0.743202,0.552349,42,31,28,-1,150,750
900,90,1,0.490349,0.240442,16,32,28,1,550,350
900,2564,1,0.71938,0.517507,58,35,28,1,0,900
900,1360,1,0.437289,0.191222,62,35,28,-1,100,800
900,1343,1,1.5897,2.52715,9,36,28,1,100,800
900,1838,1,0.903888,0.817013,61,38,28,1,50,850
900,1839,1,0.819022,0.670797,7,39,28,-1,50,850
900,2565,1,0.730797,0.534064,20,40,28,1,0,900
900,46,1,0.554076,0.307,46,40,28,-1,600,300
900,588,3,2.11835,1.50818,38.6667,42,28.6667,1,250,650
900,1855,4,3.17748,2.75816,47.75,43,29,-2,50,850
900,2566,1,0.830944,0.690467,2,45,28,-1,0,900
900,586,1,0.546267,0.298408,15,45,28,-1,250,650
900,1054,2,1.20453,0.980654,25,46,28.5,0,150,750
900,2567,1,0.529535,0.280407,1,48,28,-1,0,900
900,2568,1,0.507617,0.257675,19,49,28,-1,0,900
900,2569,1,1.40208,1.96583,47,50,28,-1,0,900
900,2570,2,1.93759,2.18084,8,51,28.5,0,0,900
900,444,1,0.371181,0.137775,40,51,28,1,300,600
900,2571,1,0.711748,0.506585,9,53,28,-1,0,900
900,2572,1,0.845401,0.714703,27,53,28,1,0,900
900,1050,1,0.955177,0.912364,62,60,28,1,150,750
900,1051,10,7.23693,6.41125,12.2,6.1,31,-2,150,750
900,1861,2,1.43456,1.03545,18,4.5,29.5,0,50,850
900,1850,2,0.548511,0.153493,32.5,4,29.5,0,50,850
900,592,10,9.04853,8.96056,20.3,4.5,31.6,2,250,650
900,2573,1,0.423493,0.179346,1,7,29,-1,0,900
900,1366,3,2.8239,2.73303,20.6667,9,29.6667,1,100,800
900,2574,1,0.774724,0.600197,47,9,29,-1,0,900
900,775,6,6.27299,7.31284,11.3333,15.8333,30,0,200,700
900,1367,4,2.70625,2.05404,27.5,15.75,30,-2,100,800
900,1844,5,4.03765,4.75769,43.2,16.2,29.4,1,50,850
900,2575,2,1.43074,1.0297,49.5,20,29,0,0,900
900,231,2,1.95826,1.98413,38.5,21,29,0,450,450
900,1363,3,2.35991,1.99883,54.6667,23,29,-1,100,800
900,1368,3,1.89303,1.23252,17.6667,24,29.6667,1,100,800
900,232,2,1.11027,0.616682,22,24.5,29,0,450,450
900,766,2,1.00422,0.50463,37,24.5,29,0,200,700
900,772,2,2.81942,4.04557,30,25.5,29,0,200,700
900,767,7,4.51352,3.40361,44,27,29.4286,-3,200,700
900,12,12,7.09822,4.65012,32.75,29.4167,30,-2,650,250
900,47,3,1.69524,1.55007,46.6667,29,29.3333,1,600,300
900,769,1,0.982684,0.965668,49,30,29,-1,200,700
900,770,1,0.5345,0.28569,6,33,29,-1,200,700
900,1846,1,0.598823,0.358589,36,33,29,1,50,850
900,2576,1,1.05794,1.11923,49,33,29,-1,0,900
900,1880,2,1.42566,1.01758,4,35,29.5,0,50,850
900,2577,1,0.26508,0.0702671,22,35,29,-1,0,900
900,1865,1,0.820176,0.672688,45,35,29,-1,50,850
900,230,14,10.1451,8.0088,34,35.3571,31.1429,0,450,450
900,164,1,0.415038,0.172257,48,38,29,-1,500,400
900,2578,1,1.10633,1.22396,10,39,29,1,0,900
900,1375,1,0.920289,0.846932,27,39,29,1,100,800
900,780,3,1.73439,1.02437,38.3333,40,29.6667,-1,200,700
900,788,7,6.17243,5.72168,46.2857,40,30,-1,200,700
900,589,1,1.50865,2.27601,58,40,29,-1,250,650
900,2579,1,0.344424,0.118628,2,41,29,1,0,900
900,340,1,0.301951,0.0911741,36,42,29,1,350,550
900,781,1,0.738701,0.545679,51,42,29,1,200,700
900,2580,1,0.219378,0.0481267,63,44,29,1,0,900
900,1854,1,0.930616,0.866047,23,45,29,-1,50,850
900,48,2,1.37137,0.941281,42,47,29.5,0,600,300
900,1847,1,0.767657,0.589297,55,49,29,-1,50,850
900,2581,1,0.663781,0.440605,12,51,29,1,0,900
900,2582,1,1.15415,1.33206,38,52,29,-1,0,900
900,2583,1,0.872166,0.760673,31,53,29,1,0,900
900,1052,1,0.356066,0.126783,63,53,29,-1,150,750
900,430,1,1.05448,1.11192,46,54,29,-1,300,600
900,1055,1,0.819293,0.671241,49,54,29,-1,150,750
900,1848,1,0.322722,0.104149,52,54,29,-1,50,850
900,1057,1,0.491491,0.241563,18,56,29,-1,150,750
900,1867,1,0.134812,0.0181742,43,56,29,1,50,850
900,1371,8,6.0608,4.92926,45.125,56.375,30.625,0,100,800
900,1858,1,1.16533,1.358,48,57,29,1,50,850
900,233,1,0.422017,0.178098,26,58,29,1,450,450
900,1056,1,0.854284,0.729801,28,58,29,1,150,750
900,2584,4,3.21689,2.68088,30.75,58.25,29.25,0,0,900
900,341,1,0.440557,0.194091,2,60,29,1,350,550
900,431,2,1.65987,1.4367,27.5,61,29,0,300,600
900,1849,1,0.836865,0.700344,44,61,29,1,50,850
900,777,1,1.0132,1.02658,7,62,29,1,200,700
900,1049,3,1.73581,1.29364,21.3333,62,29.3333,-1,150,750
900,2585,1,0.477775,0.228269,6,1,30,-1,0,900
900,2586,1,0.401071,0.160858,35,1,30,1,0,900
900,1860,2,1.61128,1.30944,63,1,30.5,0,50,850
900,2587,1,0.990709,0.981505,19,2,30,1,0,900
900,2588,1,0.653868,0.427544,27,2,30,1,0,900
900,2589,1,0.830752,0.690149,51,2,30,-1,0,900
900,336,3,2.12953,1.54501,9,5.33333,30.3333,1,350,550
900,13,2,1.07255,0.600957,41,11.5,30.5,-2,650,250
900,2590,1,0.387744,0.150345,31,14,30,-1,0,900
900,2591,1,1.08094,1.16843,51,16,30,-1,0,900
900,1378,1,0.778154,0.605524,3,19,30,-1,100,800
900,1379,8,5.05661,3.4889,33.5,21.875,30.875,0,100,800
900,771,1,0.656352,0.430798,14,23,30,1,200,700
900,1851,1,0.728233,0.530323,52,24,30,1,50,850
900,1852,1,1.09251,1.19357,27,26,30,1,50,850
900,2592,1,0.793108,0.629021,60,27,30,1,0,900
900,2593,1,0.490112,0.240209,2,28,30,1,0,900
900,779,1,0.72044,0.519034,30,33,30,1,200,700
900,1063,3,2.19924,1.79575,32,33.6667,30.3333,1,150,750
900,773,2,1.04306,0.617307,33,40,30.5,0,200,700
900,782,4,2.63288,1.97543,11.5,42.5,30,0,200,700
900,1883,4,2.65802,1.80539,23,42.75,30.5,-2,50,850
900,1369,3,2.53006,2.18439,30.3333,42.6667,30,1,100,800
900,2594,1,0.470515,0.221385,27,45,30,1,0,900
900,1856,1,0.731056,0.534443,32,45,30,-1,50,850
900,2595,1,0.566297,0.320692,23,47,30,-1,0,900
900,2596,1,0.835502,0.698064,46,47,30,-1,0,900
900,2597,1,0.523013,0.273543,0,49,30,1,0,900
900,1393,2,1.12276,0.668982,28.5,49.5,30.5,0,100,800
900,1370,2,0.679944,0.236253,60.5,50.5,30,0,100,800
900,811,1,0.430971,0.185736,40,52,30,-1,200,700
900,2598,2,1.13673,0.659617,58.5,53,30,0,0,900
900,1065,1,0.594273,0.35316,26,54,30,-1,150,750
900,2599,1,0.891631,0.795006,62,56,30,-1,0,900
900,1869,2,0.565524,0.188788,13.5,56.5,30.5,0,50,850
900,1868,1,1.15129,1.32547,50,58,30,1,50,850
900,1859,3,3.31601,3.66548,16.6667,60.3333,30,1,50,850
900,433,1,1.09164,1.19169,1,1,31,1,300,600
900,165,1,0.552553,0.305315,39,1,31,1,500,400
900,2600,1,0.968625,0.938234,3,2,31,1,0,900
900,783,1,0.687821,0.473097,10,2,31,-1,200,700
900,1888,1,0.351317,0.123424,17,3,31,1,50,850
900,337,1,1.24846,1.55865,15,5,31,-1,350,550
900,161,2,1.50698,1.15757,49,6,31.5,0,500,400
900,2601,2,0.947248,0.474638,56,6.5,31,0,0,900
900,2602,1,0.805921,0.649509,15,7,31,-1,0,900
900,2603,1,1.56278,2.44228,16,9,31,1,0,900
900,1377,4,3.03249,3.28522,1.5,10.5,31.25,2,100,800
900,287,2,1.4662,1.08666,26.5,12,31,0,400,500
900,1372,1,0.963671,0.928662,61,12,31,1,100,800
900,344,1,0.799151,0.638642,22,17,31,-1,350,550
900,597,2,2.47828,3.58623,22,20,31.5,0,250,650
900,1862,2,1.66999,1.47975,29,21.5,31,0,50,850
900,1373,1,0.460564,0.21212,40,21,31,1,100,800
900,166,1,0.574039,0.32952,60,23,31,-1,500,400
900,1072,1,0.96051,0.922579,63,23,31,-1,150,750
900,1061,3,1.40264,0.70578,6.66667,25,31.3333,-1,150,750
900,1069,1,0.391043,0.152915,40,25,31,1,150,750
900,1374,1,0.686797,0.47169,10,26,31,1,100,800
900,1863,3,2.19978,1.69429,22,25.6667,31.3333,1,50,850
900,1864,2,1.31347,0.97697,41,30.5,31,2,50,850
900,2604,1,0.616597,0.380192,45,33,31,1,0,900
900,1892,3,2.14561,1.78581,21,34.6667,31,-1,50,850
900,1866,1,0.434521,0.188809,37,34,31,-1,50,850
900,94,3,2.07255,1.5064,52.3333,34.6667,31,-1,550,350
900,342,1,0.348801,0.121662,9,36,31,1,350,550
900,1053,2,1.97717,1.96248,18,38.5,31.5,0,150,750
900,1381,1,0.51841,0.268749,57,40,31,1,100,800
900,2605,2,1.31733,0.874516,27.5,41.5,31,0,0,900
900,1075,7,3.88412,2.56932,58.7143,41.7143,32.1429,-1,150,750
900,595,1,0.459381,0.211031,35,44,31,1,250,650
900,343,1,0.276514,0.07646,59,48,31,1,350,550
900,2606,1,0.845252,0.714451,43,51,31,1,0,900
900,338,2,0.655201,0.214649,49,52,31.5,0,350,550
900,2607,1,0.36859,0.135859,22,53,31,1,0,900
900,2608,2,0.889846,0.405551,49.5,55,31,0,0,900
900,2609,1,0.399127,0.159302,28,56,31,1,0,900
900,604,1,0.805044,0.648096,20,57,31,-1,250,650
900,1066,1,0.290398,0.0843308,34,57,31,-1,150,750
900,1885,4,2.37188,1.705,8.5,59.5,31,0,50,850
900,2610,1,0.690549,0.476858,21,59,31,-1,0,900
900,1059,1,0.553125,0.305947,28,59,31,1,150,750
900,1060,2,1.07067,0.590985,28,61,31.5,0,150,750
900,1870,1,1.0684,1.14148,55,61,31,-1,50,850
900,2611,1,0.638952,0.408259,48,62,31,1,0,900
900,2612,2,2.41857,2.93326,16.5,63,31.5,2,0,900
900,2613,1,0.435047,0.189266,28,63,31,-1,0,900
900,2614,1,0.864736,0.747769,34,0,32,1,0,900
900,1376,1,0.582658,0.339491,32,4,32,1,100,800
900,234,2,1.01063,0.533321,4.5,7,32,0,450,450
900,2615,1,0.928427,0.861977,32,7,32,-1,0,900
900,339,4,2.06802,1.09931,23.5,8,32.75,2,350,550
900,288,8,5.11471,3.51859,27.625,6.75,33.5,-4,400,500
900,790,1,0.713411,0.508955,28,10,32,1,200,700
900,1067,2,1.33024,0.93559,43,10,32.5,0,150,750
900,2616,1,1.67192,2.7953,15,11,32,1,0,900
900,1889,1,0.583722,0.340732,60,15,32,1,50,850
900,2617,2,2.10144,2.389,13.5,16,32.5,0,0,900
900,2618,3,1.57122,0.82806,2.33333,18.6667,32,-1,0,900
900,594,1,0.656389,0.430847,36,18,32,-1,250,650
900,2619,1,0.270422,0.0731283,62,19,32,-1,0,900
900,1398,1,0.544031,0.29597,25,22,32,-1,100,800
900,1871,6,3.50445,2.2745,33.1667,24.1667,33.1667,0,50,850
900,1073,6,2.96351,1.61996,47.6667,27.8333,32.3333,0,150,750
900,235,1,1.25922,1.58564,0,28,32,-1,450,450
900,438,1,0.491709,0.241778,57,28,32,-1,300,600
900,1399,1,0.643932,0.414648,2,29,32,1,100,800
900,1390,1,1.61479,2.60755,23,29,32,1,100,800
900,778,4,2.91322,2.20469,61,31,33,-2,200,700
900,2620,1,0.662381,0.438748,3,31,32,1,0,900
900,1380,1,1.01211,1.02437,14,32,32,1,100,800
900,1062,1,0.337847,0.11414,30,32,32,1,150,750
900,1872,1,0.539101,0.29063,32,32,32,1,50,850
900,2621,1,0.408829,0.167141,5,33,32,-1,0,900
900,167,9,6.50802,6.06532,2.55556,38.6667,33.3333,1,500,400
900,1873,5,3.46201,2.50843,38.2,41.8,32,1,50,850
900,792,1,0.768458,0.590528,50,42,32,1,200,700
900,1064,1,1.45374,2.11337,15,44,32,-1,150,750
900,1394,14,10.2678,8.59032,58.2857,47.0714,33.6429,2,100,800
900,1875,1,0.722336,0.521769,11,47,32,1,50,850
900,240,1,0.787121,0.619559,35,47,32,1,450,450
900,97,26,17.7861,14.1828,44.8462,48.6154,34.2692,4,550,350
900,2622,1,0.351122,0.123287,6,50,32,-1,0,900
900,1876,1,0.2543,0.0646687,33,50,32,1,50,850
900,1070,5,2.52723,1.5838,37,50.8,33.2,3,150,750
900,1895,1,0.65365,0.427258,57,51,32,-1,50,850
900,1081,2,1.77807,1.58427,25,53,32.5,0,150,750
900,50,1,0.749306,0.56146,46,53,32,-1,600,300
900,2623,2,0.753457,0.289335,35,54,32.5,0,0,900
900,2624,1,0.694689,0.482593,56,54,32,-1,0,900
900,2625,1,0.730491,0.533617,25,55,32,1,0,900
900,2626,1,1.62264,2.63296,62,57,32,-1,0,900
900,1877,1,0.895228,0.801434,57,58,32,1,50,850
900,1886,3,1.88887,1.28221,14.3333,59,32.6667,-1,50,850
900,434,2,0.924064,0.429122,3.5,60,32,0,300,600
900,2627,3,2.00745,1.41193,0,60.6667,32.6667,-1,0,900
900,2628,1,0.1944,0.0377914,26,61,32,1,0,900
900,1395,2,0.658218,0.23596,10,0.5,33,0,100,800
900,1386,2,2.43509,2.9774,20,1,33.5,0,100,800
900,2629,1,0.483751,0.234015,43,1,33,-1,0,900
900,1382,3,1.219,0.662213,-0.333333,3,33,1,100,800
900,2630,1,0.681745,0.464776,3,2,33,1,0,900
900,1071,2,2.59314,3.68476,22.5,2,33.5,0,150,750
900,15,4,3.80974,3.80622,35.5,10,34.25,2,650,250
900,1396,2,1.14939,0.661462,41,9.5,33,0,100,800
900,800,5,3.85342,3.44518,46.2,8.8,34,1,200,700
900,1383,3,2.08591,1.88564,54.6667,14.3333,33.3333,-1,100,800
900,786,4,4.32484,5.27261,20,14.75,33.75,0,200,700
900,1384,1,0.719116,0.517128,25,15,33,-1,100,800
900,1397,1,0.761676,0.580151,20,19,33,1,100,800
900,2631,1,0.994757,0.989542,25,20,33,-1,0,900
900,18,5,3.4025,2.65822,55,22.6,33.2,-1,650,250
900,1385,1,0.633551,0.401387,8,22,33,1,100,800
900,2632,1,1.52456,2.32429,10,23,33,-1,0,900
900,1878,1,1.03828,1.07803,37,23,33,1,50,850
900,1079,1,0.608704,0.370521,45,24,33,1,150,750
900,1900,1,0.99328,0.986606,42,25,33,1,50,850
900,1879,2,2.06153,2.13654,38.5,26,33,2,50,850
900,1080,2,1.18535,0.70777,54,29.5,33,0,150,750
900,2633,1,0.823552,0.678237,16,31,33,-1,0,900
900,784,4,2.88679,2.39293,49.5,33.5,33.25,0,200,700
900,598,4,3.05531,2.55326,57.75,33.75,33.5,2,250,650
900,168,2,0.794112,0.340255,9,35.5,33,0,500,400
900,49,3,1.95325,1.35505,13.3333,34.6667,34,1,600,300
900,1882,1,0.984673,0.969581,18,35,33,1,50,850
900,2634,1,0.556788,0.310013,4,36,33,1,0,900
900,436,1,0.467837,0.218871,26,36,33,1,300,600
900,1881,1,0.680225,0.462706,37,37,33,-1,50,850
900,809,1,0.87309,0.762287,12,38,33,1,200,700
900,2635,1,0.43605,0.19014,20,38,33,1,0,900
900,1893,1,0.659861,0.435416,47,38,33,-1,50,850
900,2636,1,0.638362,0.407506,58,38,33,1,0,900
900,14,2,1.37428,1.32593,61.5,37.5,33.5,0,650,250
900,1874,2,1.90933,2.76102,37,39,33.5,0,50,850
900,797,18,11.216,8.6699,31.4444,41.5,34.8889,4,200,700
900,2637,2,1.95553,1.92556,61.5,40,33,0,0,900
900,2638,2,1.54727,1.39219,23,41.5,33,0,0,900
900,2639,1,0.707439,0.500471,32,43,33,-1,0,900
900,1894,1,1.76163,3.10333,31,45,33,-1,50,850
900,599,2,1.16079,0.680418,41.5,45,33,0,250,650
900,1905,3,2.93915,3.38534,27.6667,46,34,1,50,850
900,1884,1,0.502165,0.252169,31,52,33,-1,50,850
900,1082,1,0.462592,0.213992,1,58,33,1,150,750
900,2640,1,0.596497,0.355809,8,58,33,-1,0,900
900,1887,1,0.346677,0.120185,38,58,33,-1,50,850
900,591,2,1.18172,0.722832,41.5,62,33,0,250,650
900,1896,2,1.49585,1.27966,37,-0.5,34,0,50,850
900,2641,2,0.887557,0.408124,38.5,2.5,34,0,0,900
900,437,1,0.665279,0.442596,61,3,34,-1,300,600
900,1897,4,2.53209,2.27655,11.75,4.25,34.75,-2,50,850
900,2642,1,0.732822,0.537029,18,5,34,-1,0,900
900,2643,1,1.37374,1.88716,0,8,34,1,0,900
900,593,1,1,1,60,8,34,-1,250,650
900,1076,5,4.11079,3.52936,4.4,10,35,-1,150,750
900,2644,1,1.00275,1.00551,7,10,34,1,0,900
900,1077,1,0.899733,0.809519,33,13,34,1,150,750
900,807,1,1.26828,1.60854,49,14,34,-1,200,700
900,791,1,0.884894,0.783038,37,15,34,-1,200,700
900,1402,1,0.831521,0.691428,32,16,34,-1,100,800
900,787,3,1.90343,1.27703,39.6667,15.3333,34.6667,-1,200,700
900,17,2,1.82721,1.67092,53,16,34.5,0,650,250
900,1387,1,0.876922,0.768991,43,17,34,1,100,800
900,1917,1,0.859563,0.738849,58,17,34,1,50,850
900,1388,1,0.676913,0.458212,42,19,34,1,100,800
900,1918,2,1.43812,1.07084,63,22,34.5,0,50,850
900,1890,1,0.634213,0.402226,63,25,34,-1,50,850
900,600,5,2.71138,1.60256,53.2,26,35.2,1,250,650
900,795,2,1.58063,1.26847,3.5,28.5,34.5,0,200,700
900,801,13,8.19338,7.21722,56.9231,27.1538,35.8462,3,200,700
900,815,1,1.01092,1.02196,26,30,34,1,200,700
900,1389,4,3.80811,3.78562,46.25,30.25,34.75,0,100,800
900,290,1,0.245358,0.0602007,21,31,34,-1,400,500
900,1891,4,3.45758,3.21556,33.25,31,34.75,0,50,850
900,1922,3,1.92168,1.26397,2.66667,31.6667,34.3333,1,50,850
900,1391,3,2.56382,2.39531,24.6667,34.3333,34.3333,1,100,800
900,1921,5,4.91306,5.21368,20.6,35.8,34.8,-1,50,850
900,1412,2,1.96238,2.01019,15.5,37,34.5,0,100,800
900,1902,1,0.403153,0.162533,35,38,34,1,50,850
900,2645,1,1.17628,1.38364,9,39,34,1,0,900
900,441,2,1.79342,1.67966,45,39.5,34,0,300,600
900,2646,1,0.586649,0.344157,9,43,34,1,0,900
900,1392,1,0.572271,0.327494,17,43,34,-1,100,800
900,1424,2,1.53844,1.18693,34,46.5,34.5,0,100,800
900,1904,1,0.820414,0.673079,50,46,34,1,50,850
900,1925,1,1.15293,1.32925,28,48,34,1,50,850
900,2647,1,0.492125,0.242187,30,48,34,-1,0,900
900,2648,1,0.353165,0.124726,34,49,34,-1,0,900
900,805,1,0.951193,0.904768,21,57,34,1,200,700
900,2649,1,0.399898,0.159919,31,58,34,1,0,900
900,1907,2,1.25862,0.794498,50,58,34.5,0,50,850
900,2650,1,0.289746,0.0839526,62,61,34,-1,0,900
900,601,2,1.37196,1.09006,20,62.5,34,0,250,650
900,596,6,3.45776,2.17409,15,-1.16667,36.1667,0,250,650
900,2651,1,0.746807,0.55772,12,1,35,-1,0,900
900,1085,1,0.834646,0.696634,26,1,35,1,150,750
900,2652,1,0.385959,0.148965,36,2,35,1,0,900
900,2653,1,0.4032,0.16257,43,2,35,-1,0,900
900,789,1,0.457605,0.209403,8,3,35,-1,200,700
900,2654,2,1.63469,1.33617,6.5,6,35,0,0,900
900,1908,2,1.55297,1.22474,23,10.5,35.5,0,50,850
900,1401,1,0.581495,0.338137,26,11,35,-1,100,800
900,1909,1,0.430145,0.185025,33,11,35,1,50,850
900,1898,1,0.553864,0.306765,40,12,35,-1,50,850
900,291,5,3.50973,2.72654,47,13.8,36,-1,400,500
900,2655,1,1.3677,1.87059,43,15,35,1,0,900
900,1078,1,0.87706,0.769235,35,16,35,-1,150,750
900,1093,1,0.277967,0.0772655,55,16,35,1,150,750
900,1899,1,0.535732,0.287008,20,18,35,1,50,850
900,439,2,0.82005,0.341961,16,19,35.5,0,300,600
900,2656,1,0.373175,0.139259,20,20,35,1,0,900
900,443,1,0.8463,0.716223,9,21,35,-1,300,600
900,2657,2,1.31519,0.869488,25,21.5,35,0,0,900
900,2658,1,0.551012,0.303615,41,21,35,1,0,900
900,2659,1,0.883962,0.781389,34,22,35,-1,0,900
900,292,1,0.653585,0.427173,13,24,35,-1,400,500
900,1911,1,0.865337,0.748809,44,27,35,-1,50,850
900,2660,1,0.872937,0.762019,32,29,35,1,0,900
900,2661,1,0.539739,0.291318,6,30,35,-1,0,900
900,2662,1,0.71377,0.509468,42,30,35,-1,0,900
900,1422,1,0.645607,0.416809,23,32,35,1,100,800
900,817,1,0.715058,0.511308,53,32,35,1,200,700
900,1920,1,0.59591,0.355109,28,34,35,1,50,850
900,1404,1,0.816739,0.667062,5,35,35,1,100,800
900,1901,1,0.370212,0.137057,60,35,35,1,50,850
900,1903,1,0.529593,0.280469,36,36,35,1,50,850
900,1913,3,2.5465,2.69491,42.3333,37,35.3333,-1,50,850
900,810,1,0.868541,0.754364,48,37,35,1,200,700
900,2663,1,1.1532,1.32987,50,43,35,1,0,900
900,2664,1,0.693371,0.480763,2,44,35,1,0,900
900,236,6,5.13073,4.66365,15.1667,47.1667,36.1667,-2,450,450
900,2665,4,2.79026,2.25035,32,46.5,36.25,-2,0,900
900,51,3,2.01035,1.4275,9,49.3333,35.6667,1,600,300
900,1906,1,0.747742,0.559117,3,51,35,-1,50,850
900,1926,1,1.32233,1.74856,26,52,35,-1,50,850
900,794,1,0.586583,0.34408,47,52,35,1,200,700
900,793,2,1.49719,1.14929,7.5,53.5,35.5,0,200,700
900,798,2,1.36688,1.07987,21.5,53.5,35,0,200,700
900,1089,1,1.15138,1.32568,32,53,35,-1,150,750
900,2666,1,0.255711,0.0653882,26,54,35,1,0,900
900,1400,3,2.66793,2.54578,46.6667,54.3333,35,1,100,800
900,1419,1,0.556814,0.310042,0,55,35,-1,100,800
900,2667,1,0.364266,0.13269,34,55,35,-1,0,900
900,602,1,0.523662,0.274222,49,55,35,-1,250,650
900,2668,1,0.90012,0.810215,47,57,35,1,0,900
900,345,2,1.3198,0.905479,45,61.5,35,0,350,550
900,2669,1,0.77774,0.60488,29,5,36,-1,0,900
900,238,4,2.18296,1.29245,39.75,6.75,37,-2,450,450
900,171,2,2.11947,2.26661,0.5,12.5,36,0,500,400
900,1083,1,0.693681,0.481194,10,13,36,-1,150,750
900,2670,1,0.852975,0.727566,32,14,36,1,0,900
900,1092,1,1.70228,2.89776,10,15,36,-1,150,750
900,1086,1,0.0498353,0.00248356,3,16,36,-1,150,750
900,1403,1,1.17982,1.39198,26,16,36,-1,100,800
900,445,2,1.04981,0.683708,22,16.5,36.5,0,300,600
900,1411,1,0.575612,0.331329,53,18,36,1,100,800
900,1939,3,3.07673,3.20622,31.6667,20,36.3333,1,50,850
900,814,1,0.55819,0.311576,50,24,36,-1,200,700
900,446,1,0.699217,0.488905,48,26,36,-1,300,600
900,2671,2,1.74818,1.7005,41,28,36.5,0,0,900
900,1931,1,0.418027,0.174747,49,28,36,-1,50,850
900,1074,1,0.637262,0.406103,59,29,36,1,150,750
900,2672,1,0.67242,0.452148,25,30,36,-1,0,900
900,2673,2,0.912434,0.478589,60.5,31,36,0,0,900
900,802,7,4.78521,3.36327,9.42857,35.2857,36.5714,1,200,700
900,796,2,2.03665,2.24984,40.5,33,36,-2,200,700
900,440,2,1.16114,0.674264,45,33,36.5,0,300,600
900,1912,5,3.23237,2.22412,43,34.4,37.6,-1,50,850
900,826,1,0.72172,0.520879,51,34,36,-1,200,700
900,2674,1,0.811008,0.657733,45,35,36,1,0,900
900,347,5,2.93291,1.81259,0.6,37,36.2,-1,350,550
900,239,2,1.39515,0.973295,53.5,38,36,0,450,450
900,449,1,0.529697,0.280579,23,39,36,-1,300,600
900,1413,1,0.582675,0.339511,33,39,36,1,100,800
900,1416,3,1.96335,1.33451,18,43.3333,36.3333,1,100,800
900,169,1,0.798284,0.637257,45,43,36,-1,500,400
900,1915,1,0.496837,0.246847,11,44,36,-1,50,850
900,1914,1,0.727692,0.529536,54,45,36,-1,50,850
900,1924,1,0.813431,0.661671,12,46,36,1,50,850
900,1417,3,1.95096,1.3833,20,50.6667,36.6667,1,100,800
900,1095,1,0.537512,0.288919,44,51,36,1,150,750
900,237,1,1.05318,1.10919,15,55,36,1,450,450
900,1405,2,1.61166,1.46374,40,55.5,36,0,100,800
900,98,1,1.28311,1.64637,19,59,36,-1,550,350
900,1084,1,0.830895,0.690387,35,59,36,1,150,750
900,2675,1,0.536438,0.287765,23,60,36,-1,0,900
900,442,1,0.93876,0.88127,54,60,36,-1,300,600
900,1947,1,0.884644,0.782595,20,61,36,1,50,850
900,799,2,1.82187,1.82898,43,62.5,36,0,200,700
900,2676,1,0.235167,0.0553034,35,0,37,1,0,900
900,1916,1,0.586498,0.34398,26,1,37,1,50,850
900,806,4,2.66323,1.84373,47.25,0.5,37.75,-2,200,700
900,2677,1,1.29529,1.67777,43,4,37,-1,0,900
900,827,1,0.39952,0.159616,41,5,37,1,200,700
900,609,1,0.766575,0.587638,43,7,37,-1,250,650
900,100,3,2.73869,2.59868,16,9.66667,37.6667,-1,550,350
900,1091,4,2.05082,1.35636,45.5,11,38.5,0,150,750
900,242,2,1.6116,1.41355,7,13,37.5,0,450,450
900,2678,2,1.2496,0.791639,14.5,14.5,37.5,0,0,900
900,2679,2,2.03124,2.06306,1,15,37.5,0,0,900
900,2680,3,2.80414,3.02423,10.3333,16.6667,37.3333,1,0,900
900,1928,1,0.6596,0.435073,58,18,37,1,50,850
900,1406,1,0.737069,0.54327,14,19,37,1,100,800
900,1929,2,1.57684,1.24745,55,19.5,37.5,0,50,850
900,243,6,5.00369,4.54493,49.1667,20.8333,38,2,450,450
900,1930,1,0.646696,0.418215,63,23,37,1,50,850
900,821,1,1.01099,1.02209,31,24,37,1,200,700
900,346,1,0.518952,0.269311,35,24,37,1,350,550
900,2681,3,2.22048,1.79936,38.3333,24.6667,37,1,0,900
900,351,1,0.345698,0.119507,32,26,37,-1,350,550
900,808,8,6.28278,5.48497,50.125,25,39.5,0,200,700
900,1919,2,1.63482,1.33673,0.5,27.5,37,0,50,850
900,1952,4,2.08573,1.26071,14,27.25,37.5,2,50,850
900,53,1,0.641489,0.411508,10,29,37,1,600,300
900,2682,2,1.65409,1.39003,50,30.5,37.5,0,0,900
900,816,6,4.10096,2.9874,13.5,31.6667,38,2,200,700
900,1941,1,0.561,0.314721,23,31,37,1,50,850
900,2683,1,0.402361,0.161894,28,31,37,1,0,900
900,2684,1,0.369482,0.136517,20,33,37,1,0,900
900,2685,1,0.811423,0.658408,1,34,37,-1,0,900
900,16,4,3.40488,3.07738,25.5,34.75,37.75,0,650,250
900,1932,1,0.43,0.1849,19,36,37,1,50,850
900,2686,1,1.03663,1.0746,45,37,37,1,0,900
900,1943,13,9.1153,7.39545,50.0769,38.8462,40.5385,-1,50,850
900,349,6,5.56477,5.38844,36.5,39.3333,38,0,350,550
900,1923,1,0.462228,0.213655,30,40,37,1,50,850
900,52,2,1.5474,1.22225,33.5,41.5,37.5,-2,600,300
900,1119,1,1.04447,1.09091,47,41,37,-1,150,750
900,1934,4,2.88646,2.19371,17,45,38,0,50,850
900,2687,1,0.422238,0.178285,30,49,37,-1,0,900
900,804,5,4.22595,3.99159,24.8,52.8,37.6,3,200,700
900,2688,2,1.26649,0.802531,49,52.5,37,0,0,900
900,603,2,1.56188,1.22021,61,53,37.5,0,250,650
900,2689,1,1.67162,2.7943,21,54,37,-1,0,900
900,2690,2,0.395079,0.0920162,34,54.5,37,0,0,900
900,2691,1,0.89279,0.797074,23,56,37,1,0,900
900,350,1,0.875425,0.766368,36,56,37,1,350,550
900,1099,2,1.93942,2.19758,15.5,58.5,37,0,150,750
900,2692,1,0.696655,0.485328,54,58,37,-1,0,900
900,1425,1,0.499376,0.249376,0,60,37,1,100,800
900,1408,2,1.52447,1.26789,11,60.5,37,0,100,800
900,348,3,2.12134,1.52641,4,62.3333,37.6667,1,350,550
900,1108,1,0.686519,0.471308,62,2,38,1,150,750
900,1426,1,0.312592,0.0977141,0,3,38,-1,100,800
900,1090,2,1.73555,1.53744,50,3,38.5,0,150,750
900,2693,1,0.352781,0.124454,46,4,38,-1,0,900
900,608,2,1.01662,0.665512,5,8.5,38,0,250,650
900,1927,1,0.666146,0.44375,29,9,38,-1,50,850
900,170,1,0.472474,0.223232,40,10,38,-1,500,400
900,1114,1,1.16874,1.36594,42,10,38,-1,150,750
900,1427,13,12.4204,12.8976,47.6154,8.23077,39.7692,-1,100,800
900,2694,1,1.30748,1.70951,10,12,38,-1,0,900
900,1410,2,1.27521,0.825953,53.5,13,38,0,100,800
900,1100,1,0.46522,0.216429,36,17,38,-1,150,750
900,1115,2,1.43594,1.05306,46,17.5,38.5,-2,150,750
900,2695,4,2.39483,1.54158,60.25,18.5,38.5,0,0,900
900,1094,2,1.42448,1.04267,7.5,21.5,38,0,150,750
900,1087,3,2.1081,1.77789,55.6667,22,38.3333,1,150,750
900,2696,1,0.540669,0.292323,5,23,38,-1,0,900
900,2697,1,0.958884,0.919458,62,25,38,1,0,900
900,1910,2,2.39938,3.16181,52,25.5,38.5,0,50,850
900,356,1,0.737821,0.54438,8,27,38,-1,350,550
900,2698,1,0.471868,0.22266,23,28,38,1,0,900
900,2699,1,0.765327,0.585726,51,28,38,1,0,900
900,2700,1,1.0231,1.04673,29,34,38,1,0,900
900,2701,2,1.40338,1.00542,62.5,36,38,0,0,900
900,611,2,1.29192,0.835691,15.5,37.5,38,0,250,650
900,2702,1,1.19653,1.43168,22,37,38,1,0,900
900,1436,1,0.513851,0.264042,22,39,38,1,100,800
900,1415,1,1.02521,1.05106,52,40,38,-1,100,800
900,1933,1,0.395178,0.156166,55,40,38,-1,50,850
900,1959,2,1.2895,0.848146,15,43,38.5,0,50,850
900,1423,1,0.766096,0.586903,6,44,38,-1,100,800
900,2703,1,0.476436,0.226991,3,45,38,-1,0,900
900,1113,5,3.66151,2.91657,19.8,45.4,39,-1,150,750
900,823,1,1.07936,1.16503,42,46,38,1,200,700
900,1954,1,0.448094,0.200788,44,48,38,-1,50,850
900,2704,1,0.979738,0.959887,23,49,38,-1,0,900
900,1935,2,0.767276,0.302696,13.5,50,38,0,50,850
900,1936,1,0.655789,0.430059,53,51,38,-1,50,850
900,1418,1,0.95766,0.917114,42,53,38,-1,100,800
900,1945,1,0.502013,0.252017,38,55,38,-1,50,850
900,1420,2,1.11687,0.647071,41,55.5,38,0,100,800
900,2705,2,2.12511,2.49339,1.5,57,38,0,0,900
900,1937,4,3.10272,2.70403,44.5,56.5,39,-2,50,850
900,1938,2,1.86758,1.75014,37,58,38.5,0,50,850
900,2706,1,0.413578,0.171047,51,59,38,1,0,900
900,2707,1,0.153043,0.0234221,24,60,38,1,0,900
900,1096,7,4.26235,3.3525,31.5714,60.4286,38.7143,3,150,750
900,2708,1,0.365664,0.13371,37,60,38,-1,0,900
900,454,8,5.78031,4.58888,18,59.875,39.625,-2,300,600
900,294,2,2.01379,2.14512,56.5,61.5,38.5,0,400,500
900,172,1,0.833932,0.695442,59,61,38,-1,500,400
900,618,1,0.583618,0.34061,41,63,38,1,250,650
900,1097,2,1.02513,0.526722,44,0.5,39,0,150,750
900,1107,2,1.34776,0.978153,52.5,-0.5,39.5,0,150,750
900,606,2,2.04483,2.09179,8.5,4,39,0,250,650
900,1421,1,0.829426,0.687947,23,4,39,1,100,800
900,2709,1,0.445041,0.198062,0,5,39,-1,0,900
900,1948,2,2.00956,2.08084,4.5,5,39.5,0,50,850
900,605,2,2.49993,3.13975,15.5,5.5,39.5,0,250,650
900,1098,1,1.00739,1.01484,11,7,39,-1,150,750
900,2710,2,1.17816,0.846703,44,7,39.5,0,0,900
900,1440,2,1.39863,1.0571,13,10,39.5,0,100,800
900,2711,1,0.60743,0.368972,63,14,39,-1,0,900
900,1428,1,0.895124,0.801248,6,16,39,1,100,800
900,607,1,0.834285,0.696032,22,18,39,-1,250,650
900,1429,1,0.495611,0.24563,24,19,39,-1,100,800
900,1950,1,0.573958,0.329428,30,19,39,-1,50,850
900,2712,1,0.852648,0.727008,41,21,39,1,0,900
900,2713,1,0.999982,0.999964,61,21,39,1,0,900
900,613,6,4.04123,3.42511,32.8333,21.8333,40.1667,0,250,650
900,820,3,2.39909,2.1009,9.66667,24,39.3333,1,200,700
900,812,2,1.79282,2.27725,17,23,39.5,0,200,700
900,813,1,0.598729,0.358477,23,23,39,1,200,700
900,828,1,0.379942,0.144356,43,23,39,1,200,700
900,1101,6,4.53162,3.76659,14,25,40.3333,2,150,750
900,1940,2,2.05923,2.13017,1.5,28,39,0,50,850
900,447,2,2.00596,2.02054,10.5,28.5,39,0,300,600
900,246,1,0.822878,0.677128,20,29,39,1,450,450
900,830,9,6.70167,6.36837,24.6667,33.4444,40.6667,-1,200,700
900,2714,1,0.50365,0.253663,22,33,39,-1,0,900
900,1942,2,1.26701,0.826502,33,33.5,39,0,50,850
900,1102,2,1.69688,1.44371,54,33.5,39,0,150,750
900,1958,1,0.563122,0.317107,50,34,39,-1,50,850
900,2715,1,0.88811,0.788739,40,35,39,1,0,900
900,2716,1,0.887649,0.787921,2,36,39,-1,0,900
900,2717,1,0.274781,0.0755047,5,42,39,1,0,900
900,1112,1,0.847111,0.717597,22,43,39,-1,150,750
900,1441,2,0.67465,0.293457,29,43.5,39,0,100,800
900,831,1,1.03297,1.06702,43,43,39,-1,200,700
900,1944,3,1.74054,1.01268,35,48,40,1,50,850
900,1960,2,0.845634,0.370388,34,50.5,39,0,50,850
900,2718,1,0.764961,0.585165,21,51,39,-1,0,900
900,2719,1,0.772842,0.597285,38,53,39,-1,0,900
900,19,2,1.48558,1.11695,9,55.5,39,0,650,250
900,1946,1,0.970153,0.941197,15,55,39,1,50,850
900,241,1,0.986454,0.973091,11,56,39,-1,450,450
900,1103,7,5.26944,4.11088,27.1429,57.2857,39.4286,-1,150,750
900,2720,2,1.46168,1.07922,1.5,59,39,0,0,900
900,1121,1,1.29161,1.66826,11,59,39,-1,150,750
900,2721,1,0.654963,0.428976,21,59,39,-1,0,900
900,1453,3,2.17912,1.5924,14.6667,60.3333,40,-1,100,800
900,1104,1,0.542462,0.294265,29,60,39,1,150,750
900,1975,1,0.8218,0.675355,34,60,39,-1,50,850
900,2722,1,0.736231,0.542036,3,2,40,-1,0,900
900,1438,1,0.316239,0.100007,62,2,40,1,100,800
900,2723,1,1.02675,1.05422,34,3,40,-1,0,900
900,2724,1,0.442531,0.195833,38,3,40,1,0,900
900,1123,1,0.787644,0.620384,40,5,40,1,150,750
900,819,2,2.11822,2.34512,18,7.5,40,0,200,700
900,2725,12,8.6575,6.9934,40.9167,8.58333,41.25,-2,0,900
900,1949,1,0.589548,0.347567,7,14,40,-1,50,850
900,244,1,1.09203,1.19252,1,15,40,-1,450,450
900,1435,1,0.115811,0.0134122,47,15,40,1,100,800
900,2726,1,0.935541,0.875237,24,16,40,-1,0,900
900,2727,1,0.853736,0.728865,29,17,40,-1,0,900
900,1951,1,0.597563,0.357081,34,18,40,-1,50,850
900,1117,1,0.513326,0.263503,38,21,40,1,150,750
900,1964,2,1.31217,0.928656,2.5,24,40,0,50,850
900,1105,5,2.46318,1.31587,29,26,40.4,-1,150,750
900,2728,2,0.393742,0.0816288,24.5,27.5,40.5,0,0,900
900,2729,2,1.737,1.53358,34,27.5,40,0,0,900
900,453,3,1.43439,0.771904,6.66667,28,40.6667,-1,300,600
900,822,2,1.73013,1.49773,7.5,30.5,40.5,0,200,700
900,1430,1,0.504459,0.254479,57,34,40,-1,100,800
900,1431,1,0.987812,0.975773,7,37,40,-1,100,800
900,2730,1,1.09876,1.20728,14,40,40,1,0,900
900,1414,1,0.50157,0.251572,39,40,40,-1,100,800
900,1432,1,0.88805,0.788633,9,41,40,-1,100,800
900,1449,5,5.00337,5.34803,48.8,42,40.2,1,100,800
900,1953,1,0.71967,0.517925,25,43,40,-1,50,850
900,173,1,0.966679,0.934469,11,44,40,-1,500,400
900,2731,1,0.749111,0.561167,44,50,40,1,0,900
900,1437,3,1.25414,0.579928,42,61.3333,41,-1,100,800
900,1433,1,0.726511,0.527819,53,61,40,-1,100,800
900,1956,2,1.15743,0.777206,29.5,62.5,40.5,0,50,850
900,352,9,6.56001,5.15526,59,-1.55556,42.6667,-1,350,550
900,450,7,6.55899,6.70733,49,2,41.5714,1,300,600
900,2732,1,1.20095,1.44229,42,2,41,1,0,900
900,1962,1,0.697296,0.486221,57,2,41,-1,50,850
900,824,1,0.759033,0.576131,30,4,41,1,200,700
900,1446,1,0.386897,0.149689,61,4,41,-1,100,800
900,1445,1,1.33673,1.78686,11,7,41,-1,100,800
900,1454,1,1.18776,1.41078,38,8,41,-1,100,800
900,1963,6,4.76985,4.17992,8.33333,6.5,41.8333,0,50,850
900,1434,2,1.48237,1.12337,52,10.5,41,0,100,800
900,2733,1,0.662163,0.43846,0,13,41,-1,0,900
900,1447,2,2.67551,3.60745,49,15,41.5,0,100,800
900,293,2,1.4037,1.05816,1,19,41.5,0,400,500
900,1109,1,0.553472,0.306331,30,19,41,-1,150,750
900,1957,1,0.970179,0.941248,1,21,41,-1,50,850
900,104,1,1.11143,1.23527,6,22,41,1,550,350
900,1110,7,6.73151,7.81479,44,23.8571,42,-1,150,750
900,245,1,0.737388,0.543741,42,27,41,1,450,450
900,247,1,1.01823,1.03678,29,29,41,1,450,450
900,2734,1,0.308477,0.0951581,21,30,41,1,0,900
900,1965,4,2.55387,2.09748,31.75,30.5,42.25,2,50,850
900,825,2,1.27689,0.82947,46,31.5,41,0,200,700
900,1966,4,2.44022,1.69622,16,32,41.5,2,50,850
900,1983,5,3.30231,2.62116,49.6,33.6,41.4,1,50,850
900,829,1,0.326586,0.106659,42,34,41,-1,200,700
900,1973,1,0.475179,0.225795,29,39,41,-1,50,850
900,2735,1,0.799174,0.638679,16,40,41,-1,0,900
900,626,6,4.61618,4.00455,19,41,41.5,0,250,650
900,1106,2,1.33529,0.901216,28.5,42,41.5,0,150,750
900,2736,2,0.678699,0.247778,31.5,42,41,0,0,900
900,1985,5,3.32601,2.53715,20.4,44.2,41.8,-1,50,850
900,2737,1,0.0443829,0.00196984,27,46,41,-1,0,900
900,2738,3,2.33284,2.26696,11,48.3333,41.3333,-1,0,900
900,2739,1,0.741912,0.550433,33,48,41,1,0,900
900,614,2,2.05454,2.34691,39,48.5,41.5,0,250,650
900,250,2,1.71219,1.48189,1.5,52.5,41.5,2,450,450
900,839,14,11.1958,10.6709,10.5,53.2857,43.0714,0,200,700
900,838,1,0.11924,0.0142182,63,53,41,1,200,700
900,845,1,0.543177,0.295041,54,55,41,-1,200,700
900,1986,5,4.36005,4.9291,11.8,57.2,41.2,1,50,850
900,103,6,4.80675,3.92144,30.5,56.5,42.8333,0,550,350
900,1444,2,1.39921,0.995458,39,59,41.5,-2,100,800
900,1961,1,0.648322,0.420322,5,60,41,1,50,850
900,102,2,1.13849,0.836198,22,0.5,42,0,550,350
900,2740,1,0.572562,0.327827,53,0,42,1,0,900
900,174,1,0.973227,0.94717,11,1,42,1,500,400
900,2741,2,1.47852,1.09768,60.5,2,42,0,0,900
900,2742,2,1.37349,0.944431,62.5,7.5,42.5,0,0,900
900,2743,1,1.10707,1.22561,48,9,42,1,0,900
900,2744,1,0.972802,0.946343,13,11,42,1,0,900
900,2745,1,0.539753,0.291333,26,13,42,-1,0,900
900,2746,2,1.59601,1.27428,47,14.5,42.5,2,0,900
900,2747,1,1.32313,1.75067,2,23,42,1,0,900
900,2748,3,2.65925,3.48962,5,25.3333,42,-1,0,900
900,616,1,0.618639,0.382714,63,25,42,-1,250,650
900,354,1,0.358471,0.128501,21,26,42,1,350,550
900,2749,2,1.53812,1.9259,18.5,27,42,0,0,900
900,1967,1,0.437333,0.19126,43,31,42,-1,50,850
900,1968,1,0.825775,0.681905,34,32,42,-1,50,850
900,1969,1,0.405575,0.164491,36,34,42,-1,50,850
900,106,1,0.987524,0.975204,56,35,42,1,550,350
900,1972,1,1.20972,1.46342,43,36,42,-1,50,850
900,1448,2,1.11816,0.638802,7.5,37,42.5,0,100,800
900,1970,3,2.63776,2.42441,23.6667,38.3333,43,1,50,850
900,1971,1,0.498097,0.248101,40,39,42,-1,50,850
900,1979,1,0.570719,0.325721,43,39,42,-1,50,850
900,1111,1,0.357118,0.127533,36,41,42,-1,150,750
900,1442,1,0.430283,0.185143,59,42,42,-1,100,800
900,248,2,1.98241,2.00112,52,44.5,42,0,450,450
900,1990,1,1.12718,1.27053,42,45,42,-1,50,850
900,1443,2,1.30121,0.866766,37.5,46.5,42.5,0,100,800
900,1974,1,0.953988,0.910093,22,48,42,-1,50,850
900,2750,1,1.09456,1.19807,50,49,42,-1,0,900
900,357,1,0.896965,0.804547,28,51,42,1,350,550
900,175,3,1.67851,1.04685,29.3333,52.6667,43,-1,500,400
900,2751,1,0.783646,0.614101,22,54,42,1,0,900
900,2752,1,1.36601,1.86597,37,54,42,-1,0,900
900,832,1,1.14723,1.31613,44,55,42,1,200,700
900,355,2,1.47822,1.15372,47.5,56,42.5,0,350,550
900,2753,1,0.336707,0.113372,42,57,42,-1,0,900
900,1993,1,0.582549,0.339364,18,59,42,-1,50,850
900,2754,1,0.50891,0.258989,24,59,42,1,0,900
900,107,2,1.32751,0.881954,34,60,42.5,0,550,350
900,2755,1,1.23185,1.51746,8,61,42,-1,0,900
900,2756,1,0.694276,0.482019,40,62,42,-1,0,900
900,2757,5,3.31128,2.67615,37,62.4,43.6,1,0,900
900,2758,1,0.283967,0.0806372,3,1,43,-1,0,900
900,1127,1,0.349066,0.121847,44,2,43,1,150,750
900,1976,1,0.648644,0.420739,11,5,43,-1,50,850
900,835,2,1.17556,0.747314,22.5,5.5,43.5,0,200,700
900,1977,2,1.12293,0.692028,24,7.5,43,0,50,850
900,1988,1,0.399271,0.159417,36,7,43,1,50,850
900,1451,1,0.8534,0.728291,32,9,43,-1,100,800
900,615,1,0.63655,0.405196,3,11,43,1,250,650
900,2759,3,2.57622,2.24066,62.6667,11.3333,43,1,0,900
900,2760,1,0.362621,0.131494,3,14,43,1,0,900
900,1116,1,0.469791,0.220704,60,15,43,-1,150,750
900,2761,2,0.986245,0.502274,60,17,43.5,0,0,900
900,2762,2,1.12008,0.738987,53.5,18.5,43,0,0,900
900,2763,1,0.790643,0.625117,38,19,43,1,0,900
900,841,1,0.765288,0.585666,63,21,43,1,200,700
900,619,1,0.655973,0.430301,14,22,43,1,250,650
900,451,1,0.959429,0.920505,51,22,43,-1,300,600
900,2764,1,0.451026,0.203425,21,23,43,1,0,900
900,1452,2,1.94548,1.96187,16.5,26.5,43.5,0,100,800
900,1982,2,2.15759,2.40876,43,28.5,43.5,0,50,850
900,452,1,0.239964,0.0575829,56,28,43,1,300,600
900,1125,2,2.29043,2.62901,62,28.5,43,0,150,750
900,833,2,1.47231,1.08775,11,29.5,43,0,200,700
900,1458,1,0.487516,0.237672,60,30,43,-1,100,800
900,2765,1,0.801964,0.643147,5,31,43,-1,0,900
900,1142,1,0.506314,0.256354,24,33,43,-1,150,750
900,105,4,1.98049,0.995029,10.75,36.25,44,0,550,350
900,844,2,1.3825,1.04538,38.5,37.5,43.5,0,200,700
900,1978,1,1.12761,1.27151,2,40,43,1,50,850
900,2766,1,0.591662,0.350063,7,40,43,1,0,900
900,1118,1,0.740586,0.548467,56,40,43,-1,150,750
900,2767,1,0.704738,0.496655,43,42,43,-1,0,900
900,2768,1,0.789302,0.622998,55,42,43,-1,0,900
900,2000,7,7.65019,9.61871,50.7143,43,44.1429,1,50,850
900,2769,1,0.495822,0.245839,11,45,43,-1,0,900
900,1461,1,1.19833,1.43599,9,49,43,1,100,800
900,358,12,8.47051,7.10424,3.16667,52.0833,45.1667,0,350,550
900,1980,1,0.869621,0.756241,49,54,43,-1,50,850
900,2770,1,1.14749,1.31674,35,55,43,-1,0,900
900,2771,1,0.828156,0.685843,53,55,43,-1,0,900
900,2772,1,0.275074,0.0756658,38,57,43,-1,0,900
900,840,1,0.57716,0.333113,26,59,43,-1,200,700
900,455,1,0.627885,0.394239,57,59,43,-1,300,600
900,176,2,0.813607,0.487236,53,62.5,43.5,0,500,400
900,1994,2,1.45756,1.08803,10.5,0.5,44,0,50,850
900,1450,2,1.36581,0.942034,20,0.5,44,0,100,800
900,2773,1,0.97587,0.952323,46,0,44,-1,0,900
900,2774,1,1.01336,1.02691,23,2,44,-1,0,900
900,2775,1,0.940788,0.885083,63,3,44,-1,0,900
900,458,1,0.980163,0.96072,37,4,44,1,300,600
900,1463,1,0.903539,0.816382,33,5,44,1,100,800
900,1132,1,0.866654,0.751089,15,8,44,1,150,750
900,2776,1,1.05421,1.11137,53,10,44,1,0,900
900,1455,2,1.1729,0.932869,20.5,12,44.5,0,100,800
900,359,10,5.30522,3.24219,30.7,10.3,47,-2,350,550
900,1120,1,0.516073,0.266332,8,14,44,-1,150,750
900,1456,2,1.24128,0.815296,14.5,15.5,44.5,-2,100,800
900,622,1,1.11252,1.2377,51,17,44,1,250,650
900,2005,1,0.687895,0.473199,9,18,44,1,50,850
900,2777,2,2.13043,2.6069,4.5,20,44,0,0,900
900,1457,1,0.371663,0.138134,10,22,44,-1,100,800
900,2778,1,1.00023,1.00046,13,25,44,1,0,900
900,1981,7,4.64046,3.62307,51.4286,26.2857,44.2857,-1,50,850
900,836,3,2.4746,2.14233,39.6667,27.6667,44,1,200,700
900,837,2,1.8694,1.75127,8.5,28,44,0,200,700
900,2779,1,0.807245,0.651644,51,34,44,1,0,900
900,2780,1,0.688613,0.474188,60,37,44,-1,0,900
900,1984,1,0.912828,0.833255,36,43,44,1,50,850
900,851,1,0.760743,0.578731,21,46,44,1,200,700
900,2781,1,0.712717,0.507965,11,47,44,1,0,900
900,2782,1,0.617178,0.380909,17,49,44,-1,0,900
900,620,1,1.23614,1.52804,29,50,44,-1,250,650
900,843,2,1.29047,0.854031,62.5,52.5,44,0,200,700
900,1991,4,2.304,1.4279,26.25,55.5,44.5,0,50,850
900,460,1,0.712705,0.507948,0,60,44,-1,300,600
900,1122,1,0.644648,0.415571,0,62,44,-1,150,750
900,20,1,0.717315,0.514541,44,63,44,1,650,250
900,457,2,1.65672,1.59682,8.5,2.5,45.5,0,300,600
900,849,1,0.844696,0.713511,56,2,45,-1,200,700
900,2783,1,0.40909,0.167355,7,5,45,1,0,900
900,1439,1,0.651805,0.42485,49,5,45,1,100,800
900,177,2,1.46801,1.08245,56.5,5,45,0,500,400
900,1128,1,0.735136,0.540425,45,7,45,-1,150,750
900,2784,2,1.90086,1.8634,36,9.5,45,0,0,900
900,2785,1,0.220492,0.0486166,44,13,45,1,0,900
900,366,2,1.18748,0.705492,60,13,45.5,0,350,550
900,2786,1,0.592596,0.35117,37,15,45,1,0,900
900,461,1,0.826373,0.682892,54,15,45,1,300,600
900,1124,1,0.391287,0.153105,31,16,45,1,150,750
900,2787,2,1.53768,1.1826,6,17.5,45,0,0,900
900,54,3,0.981714,0.364555,41.6667,17.6667,45,-1,600,300
900,2788,1,0.668528,0.446929,10,20,45,-1,0,900
900,21,1,0.482524,0.23283,14,21,45,-1,650,250
900,861,1,0.729565,0.532265,16,22,45,1,200,700
900,456,2,1.00347,0.529732,37,22.5,45,0,300,600
900,2789,1,0.421008,0.177248,60,22,45,1,0,900
900,2790,2,1.64008,1.48373,62.5,22,45,2,0,900
900,2791,2,1.70277,1.78104,8,23.5,45.5,0,0,900
900,842,1,0.769272,0.59178,50,24,45,1,200,700
900,1136,1,0.619921,0.384302,4,26,45,-1,150,750
900,2792,2,1.60686,1.8275,61.5,27,45,0,0,900
900,1467,1,0.859644,0.738988,6,30,45,-1,100,800
900,1466,4,3.70012,3.62265,20,29.5,46.25,2,100,800
900,2793,1,0.866616,0.751023,4,32,45,-1,0,900
900,1476,2,1.19553,0.732983,22.5,33,45,0,100,800
900,2794,3,2.32349,1.96281,57.3333,33.6667,45.3333,1,0,900
900,623,4,3.20926,2.63987,0,34.5,45.5,0,250,650
900,2795,1,0.483859,0.234119,18,35,45,1,0,900
900,1989,1,1.11465,1.24244,46,35,45,-1,50,850
900,2796,1,0.965211,0.931632,5,36,45,1,0,900
900,2797,2,1.75647,1.61315,25.5,40,45,0,0,900
900,1999,1,0.754441,0.569181,19,41,45,-1,50,850
900,2798,1,1.12132,1.25737,54,42,45,-1,0,900
900,1459,1,0.911415,0.830677,28,46,45,-1,100,800
900,459,2,0.986923,0.524255,42.5,47,45,0,300,600
900,2001,4,2.13889,1.18725,31.5,48.5,45.5,0,50,850
900,2002,1,0.857403,0.735139,47,51,45,-1,50,850
900,361,2,1.59789,1.45644,23,52,45.5,0,350,550
900,2799,2,0.690883,0.241328,25,53,45.5,0,0,900
900,1460,1,0.453918,0.206042,60,54,45,1,100,800
900,2800,1,0.677584,0.45912,49,55,45,-1,0,900
900,2801,1,0.831616,0.691585,55,58,45,1,0,900
900,2802,1,1.03693,1.07522,18,59,45,-1,0,900
900,630,8,4.16329,2.40297,40.625,60,46.625,0,250,650
900,628,1,0.612514,0.375174,25,62,45,1,250,650
900,2803,2,1.81787,1.90425,10.5,0.5,46,0,0,900
900,1995,2,1.01849,0.531098,19.5,0,46,0,50,850
900,2009,2,1.34307,1.22626,44,1.5,46.5,-2,50,850
900,1996,3,2.35887,1.98518,14,3.66667,46.3333,-1,50,850
900,2004,3,1.59945,0.868495,36.6667,4.66667,46.6667,1,50,850
900,2804,1,0.529667,0.280547,45,5,46,-1,0,900
900,253,1,0.925933,0.857352,59,6,46,1,450,450
900,625,3,2.2744,1.99032,43.3333,9.66667,46,-1,250,650
900,621,3,2.1497,1.55249,48.6667,9,46.3333,1,250,650
900,2805,1,0.651259,0.424138,52,12,46,1,0,900
900,2806,1,0.179554,0.0322395,4,19,46,-1,0,900
900,1134,2,1.35677,0.967879,49,19,46.5,0,150,750
900,2807,1,0.585343,0.342627,42,22,46,-1,0,900
900,2808,1,0.500144,0.250144,20,24,46,-1,0,900
900,251,1,0.853569,0.728579,35,27,46,1,450,450
900,464,3,2.40663,2.23123,39,27.6667,46.3333,1,300,600
900,178,1,0.488647,0.238776,57,27,46,1,500,400
900,1997,2,1.77786,1.62335,27,35.5,46,0,50,850
900,1998,3,2.45651,2.33258,37.6667,36,46.3333,1,50,850
900,2809,1,0.391313,0.153126,58,38,46,1,0,900
900,2011,1,0.719397,0.517533,16,40,46,1,50,850
900,2810,1,0.457877,0.209651,31,41,46,-1,0,900
900,2811,1,0.670805,0.449979,46,48,46,-1,0,900
900,627,2,1.66628,1.67453,8.5,50,46.5,0,250,650
900,2812,2,0.963313,0.466205,44.5,50,46,0,0,900
900,2813,2,1.9137,1.85937,12.5,51,46,0,0,900
900,2014,1,1.19312,1.42353,33,52,46,-1,50,850
900,2814,1,0.983732,0.967729,10,53,46,-1,0,900
900,846,1,1.20076,1.44182,16,53,46,1,200,700
900,1129,1,0.404528,0.163643,41,53,46,-1,150,750
900,2023,2,0.889139,0.397432,44,53,46.5,0,50,850
900,853,2,1.69038,1.42888,55,53.5,46.5,0,200,700
900,2815,1,0.898473,0.807253,15,55,46,1,0,900
900,1130,2,1.19324,0.760311,21,55.5,46,0,150,750
900,1992,1,0.709904,0.503964,4,56,46,-1,50,850
900,2816,1,0.858067,0.736279,47,56,46,1,0,900
900,1468,2,1.37125,0.970418,1.5,57.5,46.5,0,100,800
900,1143,1,0.598082,0.357702,41,57,46,-1,150,750
900,2817,1,0.380442,0.144736,51,59,46,-1,0,900
900,1131,2,1.3558,0.973724,1,61,46.5,0,150,750
900,847,1,0.275097,0.0756785,8,62,46,-1,200,700
900,2003,2,1.70993,1.46426,62,62.5,46.5,0,50,850
900,1126,1,0.782205,0.611844,33,63,46,1,150,750
900,2818,1,0.659072,0.434376,50,0,47,-1,0,900
900,1473,7,4.98021,3.96574,24,1.71429,48,1,100,800
900,58,16,12.2358,10.5462,56.8125,7.75,48.875,2,600,300
900,854,1,1.03316,1.06741,35,6,47,1,200,700
900,2819,1,0.989115,0.978348,25,7,47,1,0,900
900,2820,1,0.703546,0.494977,26,9,47,1,0,900
900,1464,3,2.75417,3.33148,14.3333,10,47.6667,-1,100,800
900,1133,2,1.53895,1.21752,7,12.5,47,0,150,750
900,855,1,1.04988,1.10225,51,14,47,1,200,700
900,2821,1,1.14449,1.30985,3,15,47,1,0,900
900,470,1,0.657942,0.432888,2,18,47,1,300,600
900,1465,1,0.824742,0.6802,13,18,47,1,100,800
900,2822,1,0.51091,0.261029,11,19,47,-1,0,900
900,466,1,0.273863,0.0750012,18,20,47,1,300,600
900,2823,4,3.28242,2.70216,45.5,21.5,47,0,0,900
900,1481,8,6.16537,4.9755,14.375,21.25,48.875,-2,100,800
900,2010,5,3.25716,2.18424,53,21.4,47.6,-1,50,850
900,362,1,0.983648,0.967564,38,25,47,1,350,550
900,2018,1,0.789358,0.623086,27,27,47,1,50,850
900,2824,1,0.531213,0.282187,3,28,47,1,0,900
900,2021,1,0.848928,0.720679,9,31,47,-1,50,850
900,2825,2,2.03755,2.14309,14.5,32,47,0,0,900
900,624,2,2.25497,2.71248,61,32.5,47,0,250,650
900,1141,2,1.40456,1.01479,30.5,33,47,2,150,750
900,1137,2,1.91044,2.02254,33.5,33,47,0,150,750
900,2826,3,1.93294,1.40576,2.33333,35.3333,47.3333,-1,0,900
900,2022,5,3.0351,1.99741,23,34.6,48.2,-1,50,850
900,360,1,0.717777,0.515204,8,41,47,-1,350,550
900,864,1,0.267811,0.0717226,62,41,47,-1,200,700
900,255,18,15.795,16.628,49.5,44.6667,49.1667,2,450,450
900,2006,2,1.41979,1.00883,21,46,47.5,2,50,850
900,1477,8,5.67332,4.79101,24.625,46.5,48,0,100,800
900,2827,2,2.33476,2.77066,16.5,47,47,0,0,900
900,2828,3,2.16473,1.56516,19,47.6667,47.3333,1,0,900
900,2007,1,0.531907,0.282925,8,48,47,1,50,850
900,2829,4,3.67112,3.51863,4.75,49.5,47.75,0,0,900
900,463,4,2.16548,1.30489,0,50.25,47.25,0,300,600
900,2008,2,1.07116,0.573792,36,52,47.5,0,50,850
900,848,1,0.216847,0.0470227,28,57,47,1,200,700
900,2830,1,1.00849,1.01705,48,60,47,-1,0,900
900,252,5,3.36837,3.03479,15,62.6,48.2,3,450,450
900,108,1,0.332351,0.110457,33,0,48,-1,550,350
900,1462,4,2.53095,1.95708,26.25,0.25,48.5,0,100,800
900,2037,1,0.635459,0.403809,47,1,48,-1,50,850
900,1138,1,0.284591,0.0809923,56,1,48,1,150,750
900,859,2,1.27398,0.873087,53,3.5,48,0,200,700
900,2831,1,1.26566,1.60188,6,4,48,1,0,900
900,2017,1,0.427759,0.182978,32,4,48,-1,50,850
900,2832,1,0.567053,0.321549,15,7,48,-1,0,900
900,473,1,0.639668,0.409175,42,9,48,-1,300,600
900,866,1,0.619159,0.383358,61,9,48,1,200,700
900,1153,4,3.97239,5.07083,44,10.5,48.5,0,150,750
900,876,1,0.723267,0.523115,61,13,48,-1,200,700
900,1470,1,0.633216,0.400963,13,14,48,1,100,800
900,2833,1,0.605642,0.366803,63,15,48,1,0,900
900,2834,1,0.799827,0.639723,10,21,48,-1,0,900
900,862,3,2.17185,1.67171,35.6667,23,48,-1,200,700
900,2020,1,0.513905,0.264098,48,24,48,1,50,850
900,2835,3,2.36202,1.92925,3.33333,26.6667,49,-1,0,900
900,1157,3,2.93382,3.0641,35.6667,27,49,1,150,750
900,57,11,9.41371,9.43162,62.8182,30,48.9091,1,600,300
900,856,1,1.27805,1.63341,58,29,48,1,200,700
900,1487,1,0.730598,0.533774,41,30,48,-1,100,800
900,2836,1,0.365792,0.133804,40,32,48,-1,0,900
900,850,2,1.15331,0.670921,13.5,36,48,0,200,700
900,629,1,1.33851,1.79162,23,39,48,1,250,650
900,1471,3,1.48599,0.779638,4.66667,41,48,1,100,800
900,2837,1,0.571371,0.326465,15,40,48,1,0,900
900,638,7,4.95146,3.93008,20.4286,40.8571,49.2857,-3,250,650
900,2838,1,0.402181,0.161749,40,42,48,-1,0,900
900,1472,1,0.657854,0.432772,18,43,48,1,100,800
900,2839,1,1.8507,3.4251,28,44,48,-1,0,900
900,2012,1,0.542735,0.294562,53,47,48,-1,50,850
900,852,1,0.716174,0.512906,27,49,48,1,200,700
900,2840,1,1.4785,2.18596,23,51,48,1,0,900
900,858,2,1.54776,1.20018,52,53,48.5,0,200,700
900,2013,1,0.689191,0.474984,57,53,48,-1,50,850
900,2025,1,1.01458,1.02938,33,54,48,-1,50,850
900,2015,1,0.812372,0.659949,63,58,48,-1,50,850
900,2016,1,0.371389,0.137929,60,60,48,-1,50,850
900,1139,2,0.490603,0.141208,10,60.5,48.5,0,150,750
900,474,1,0.735235,0.54057,32,61,48,-1,300,600
900,2034,1,0.504568,0.254589,45,61,48,1,50,850
900,2841,2,1.53502,1.40248,56,63,48.5,0,0,900
900,2842,2,1.47199,1.18635,59.5,62.5,48.5,0,0,900
900,369,1,0.46103,0.212549,33,2,49,-1,350,550
900,1140,1,0.274371,0.0752795,46,5,49,-1,150,750
900,2045,2,1.27799,0.822253,48,5,49.5,0,50,850
900,2843,2,1.83444,1.99987,48,7.5,49.5,0,0,900
900,2844,1,0.781947,0.611441,40,11,49,-1,0,900
900,869,1,0.869077,0.755296,62,11,49,-1,200,700
900,1474,1,0.696739,0.485445,12,12,49,1,100,800
900,182,1,0.492756,0.242809,58,12,49,1,500,400
900,254,3,1.79466,1.17454,16,14.6667,49.6667,-1,450,450
900,637,6,4.61692,3.77858,48.1667,15.5,50.5,-2,250,650
900,1475,1,0.946872,0.896566,56,17,49,1,100,800
900,1480,2,1.33701,0.99278,20.5,18,49.5,0,100,800
900,1495,3,1.38355,0.666684,17.6667,18,49.6667,-1,100,800
900,873,1,1.03715,1.07567,24,19,49,1,200,700
900,1496,1,0.51623,0.266494,1,20,49,1,100,800
900,1149,2,1.22917,0.945276,3,20,49.5,2,150,750
900,1155,3,1.63849,1.40608,26.3333,21.3333,50,1,150,750
900,633,5,2.69233,1.50455,27.4,26.2,49.4,3,250,650
900,2019,2,1.33727,0.894189,56,26.5,49,0,50,850
900,1497,1,0.712663,0.507888,47,27,49,1,100,800
900,2845,1,0.608615,0.370412,38,30,49,-1,0,900
900,2846,3,2.16365,1.58628,9,34,49,-1,0,900
900,1483,1,0.556856,0.310089,30,33,49,1,100,800
900,2028,1,0.909484,0.827162,35,33,49,-1,50,850
900,2040,1,1.56338,2.44416,42,33,49,-1,50,850
900,2847,1,0.338113,0.114321,54,35,49,-1,0,900
900,2848,1,1.02335,1.04725,0,37,49,-1,0,900
900,2849,1,0.877092,0.769291,43,37,49,1,0,900
900,2041,2,1.47793,1.09867,18.5,38,49.5,2,50,850
900,2030,4,2.21392,1.26933,61.5,40,49.25,2,50,850
900,863,1,0.502978,0.252986,54,41,49,1,200,700
900,857,2,1.93896,1.99889,23.5,43,49,0,200,700
900,55,2,1.51023,1.25602,57.5,49,49,0,600,300
900,2850,1,0.638721,0.407964,42,51,49,-1,0,900
900,2024,2,1.15789,0.811709,20.5,56.5,49,0,50,850
900,2851,1,0.692452,0.47949,31,56,49,1,0,900
900,1491,2,2.11508,2.31251,7.5,63,49,0,100,800
900,2852,1,0.541056,0.292741,44,63,49,1,0,900
900,2853,1,0.72128,0.520245,30,1,50,-1,0,900
900,1152,1,0.955151,0.912313,60,2,50,-1,150,750
900,1147,2,1.51178,1.25057,53,3.5,50,0,150,750
900,468,1,0.877018,0.769161,41,7,50,-1,300,600
900,871,11,7.56949,5.54913,58.3636,6.09091,51.7273,1,200,700
900,1478,2,1.14866,0.665549,36.5,10,50.5,2,100,800
900,860,1,0.542348,0.294142,24,13,50,1,200,700
900,877,1,0.946287,0.895459,32,13,50,-1,200,700
900,476,2,0.835762,0.360628,5.5,15.5,50,0,300,600
900,1506,11,8.98891,8.2152,34.6364,15.8182,51.5455,-1,100,800
900,631,1,0.585144,0.342393,9,16,50,1,250,650
900,1144,1,1.12765,1.27159,30,18,50,1,150,750
900,110,1,0.736485,0.54241,52,18,50,-1,550,350
900,2854,1,0.207101,0.042891,33,21,50,1,0,900
900,2855,1,0.574319,0.329843,35,22,50,-1,0,900
900,22,2,1.66613,1.60075,15.5,24.5,50.5,0,650,250
900,23,1,0.650945,0.42373,62,26,50,-1,650,250
900,1500,1,0.923369,0.85261,34,27,50,1,100,800
900,1482,2,1.92267,1.88901,7,29.5,50.5,0,100,800
900,2027,1,0.646958,0.418555,32,30,50,-1,50,850
900,2856,1,0.516794,0.267076,34,30,50,-1,0,900
900,467,3,2.82214,3.60721,48.3333,32.6667,50,1,300,600
900,2857,1,1.34252,1.80235,33,34,50,1,0,900
900,1488,2,1.11257,0.675689,47.5,36,50.5,0,100,800
900,2029,1,0.357967,0.12814,37,39,50,-1,50,850
900,1173,2,1.40569,1.07166,57,39,50.5,0,150,750
900,184,1,0.870068,0.757019,50,40,50,1,500,400
900,1489,1,0.596921,0.356315,7,43,50,1,100,800
900,2858,1,1.09012,1.18836,62,43,50,-1,0,900
900,635,1,0.510933,0.261053,13,45,50,1,250,650
900,2031,2,1.33083,0.891487,34.5,45.5,50,0,50,850
900,1521,1,0.455413,0.207401,58,47,50,-1,100,800
900,1145,1,0.732789,0.536979,63,47,50,-1,150,750
900,639,1,0.622569,0.387592,27,48,50,-1,250,650
900,2859,1,0.531299,0.282279,37,49,50,1,0,900
900,2032,1,0.4146,0.171893,46,50,50,1,50,850
900,2033,1,0.85178,0.725529,52,51,50,1,50,850
900,28,1,0.6298,0.396647,27,52,50,-1,650,250
900,364,9,6.35848,4.85121,34.5556,54.2222,51.4444,1,350,550
900,2026,2,0.71567,0.293341,43.5,58,50,0,50,850
900,1146,1,0.905512,0.819953,7,59,50,-1,150,750
900,1490,2,0.968345,0.700762,34,59,50.5,0,100,800
900,2044,4,2.53492,1.78807,7,62,50.75,2,50,850
900,2035,1,1.08914,1.18622,26,61,50,1,50,850
900,2058,1,0.543141,0.295002,29,61,50,-1,50,850
900,2036,1,0.544032,0.29597,23,0,51,-1,50,850
900,109,4,3.01843,2.55254,32.75,0.5,52.25,0,550,350
900,632,1,0.557738,0.311071,42,2,51,1,250,650
900,2860,5,4.9597,5.9006,46.8,3,51.4,3,0,900
900,2038,1,0.613267,0.376097,36,3,51,-1,50,850
900,880,2,2.77945,3.92173,2,4.5,51.5,0,200,700
900,645,2,1.38439,1.0154,39,4,51.5,0,250,650
900,363,2,1.42102,1.18535,10.5,6,51,0,350,550
900,868,3,2.64631,2.42612,17.6667,6,51.6667,-1,200,700
900,1148,2,1.59908,1.57213,26,7.5,51,0,150,750
900,469,1,0.744231,0.55388,1,9,51,-1,300,600
900,2046,1,0.452696,0.204934,40,10,51,-1,50,850
900,641,1,0.481171,0.231526,55,11,51,1,250,650
900,1154,6,3.97376,2.78004,45.3333,13.8333,52.1667,0,150,750
900,1160,6,4.5458,3.58545,8.66667,13.5,52.3333,0,150,750
900,870,4,2.78777,2.21391,1.5,16.75,52,0,200,700
900,1150,2,1.90782,2.0918,11,19.5,51.5,0,150,750
900,1162,2,1.51293,1.29123,1,22,51.5,0,150,750
900,56,1,0.58404,0.341103,57,23,51,-1,600,300
900,1485,2,1.77824,1.58249,12,26.5,51,0,100,800
900,2861,2,1.42676,1.22927,24,26.5,51,0,0,900
900,2049,1,0.940783,0.885073,44,26,51,-1,50,850
900,1486,3,2.45983,2.05174,60,25.6667,51.6667,-1,100,800
900,2862,2,0.887481,0.496432,16,27.5,51,0,0,900
900,2863,1,0.335735,0.112718,49,27,51,-1,0,900
900,2864,1,0.534415,0.285599,42,30,51,-1,0,900
900,179,1,0.738397,0.545229,4,31,51,1,500,400
900,2865,1,0.592522,0.351082,19,35,51,-1,0,900
900,2042,3,1.75805,1.15569,9,40.6667,51.3333,-1,50,850
900,2866,1,0.754133,0.568717,39,42,51,-1,0,900
900,1159,4,2.21521,1.48561,19.75,42.25,52.25,-2,150,750
900,1151,4,2.24828,1.27717,57.75,43.25,51.5,-2,150,750
900,2052,1,0.771995,0.595976,15,45,51,-1,50,850
900,2043,1,0.826694,0.683423,6,47,51,-1,50,850
900,867,1,0.153319,0.0235068,62,51,51,-1,200,700
900,640,2,1.14043,0.766159,15,53.5,51,0,250,650
900,180,4,2.51911,1.75576,60.75,55.5,51.25,0,500,400
900,296,1,1.12443,1.26435,56,56,51,1,400,500
900,2053,1,0.524398,0.274993,20,57,51,-1,50,850
900,879,12,8.79247,8.15461,16.9167,59.5833,52.5,2,200,700
900,2867,1,0.542797,0.294629,23,61,51,1,0,900
900,1492,2,1.80292,1.98426,13.5,62.5,51.5,0,100,800
900,2059,1,0.543193,0.295059,31,62,51,1,50,850
900,2868,1,1.74017,3.02819,14,6,52,1,0,900
900,1493,2,1.73774,1.6283,18.5,8,52,0,100,800
900,2060,2,1.68738,1.66514,43,10,52.5,0,50,850
900,1504,1,0.474348,0.225006,11,11,52,-1,100,800
900,881,15,10.8537,8.57938,56.5333,11.9333,53.6,-1,200,700
900,2061,1,0.355733,0.126546,27,12,52,1,50,850
900,2047,1,0.58817,0.345944,53,14,52,-1,50,850
900,2048,1,0.684585,0.468656,23,16,52,1,50,850
900,2869,2,2.11692,2.36654,18.5,17,52,0,0,900
900,1161,1,0.581967,0.338685,3,19,52,1,150,750
900,258,1,0.709198,0.502961,8,20,52,1,450,450
900,872,2,1.45515,1.06887,49.5,20,52,0,200,700
900,365,1,0.657578,0.432409,57,21,52,-1,350,550
900,1508,1,0.797045,0.635281,55,22,52,1,100,800
900,188,1,0.854061,0.729421,12,24,52,-1,500,400
900,1516,2,1.68568,1.45755,9,25.5,52.5,0,100,800
900,634,2,1.66657,1.60428,0.5,27.5,52,0,250,650
900,2057,1,0.834408,0.696238,36,28,52,1,50,850
900,2870,3,1.98246,1.36301,44,28.6667,52.3333,-1,0,900
900,2871,1,0.578806,0.335017,9,29,52,-1,0,900
900,2050,4,2.89214,2.33958,53.75,29,52.75,0,50,850
900,2872,1,1.7623,3.10571,34,30,52,-1,0,900
900,471,2,1.04136,0.577821,50.5,40,52,0,300,600
900,24,1,1.05947,1.12248,1,42,52,1,650,250
900,2051,1,0.631809,0.399182,22,42,52,-1,50,850
900,1169,2,1.55088,1.26175,51,42,52.5,0,150,750
900,2873,2,1.97156,2.33807,13,43.5,52,0,0,900
900,2874,1,0.310855,0.0966308,44,44,52,1,0,900
900,2072,6,5.00063,4.22227,53.1667,44.6667,52.6667,2,50,850
900,2875,2,1.74709,1.5292,62.5,46.5,52.5,2,0,900
900,1502,4,4.66112,5.76068,24.5,47.75,52.25,-2,100,800
900,2876,1,1.34401,1.80637,32,50,52,-1,0,900
900,2877,1,0.122025,0.0148901,0,51,52,-1,0,900
900,472,2,1.013,0.572516,55.5,53,52,0,300,600
900,481,4,3.74742,3.86713,18.75,54.25,53,0,300,600
900,636,2,1.6523,1.36908,54,60.5,52,0,250,650
900,368,1,1.34533,1.80991,4,63,52,1,350,550
900,1498,2,0.477123,0.11456,9.5,0.5,53,0,100,800
900,2054,1,0.353845,0.125206,22,1,53,-1,50,850
900,2055,5,3.23743,2.78061,4.2,3.6,54,1,50,850
900,1512,1,0.569278,0.324077,61,4,53,-1,100,800
900,367,1,0.458479,0.210203,6,9,53,1,350,550
900,2878,1,0.889984,0.792072,14,9,53,1,0,900
900,885,1,1.08199,1.1707,0,10,53,1,200,700
900,2879,1,0.975051,0.950724,32,10,53,1,0,900
900,2880,1,0.869875,0.756683,18,13,53,1,0,900
900,2881,1,0.47003,0.220929,49,14,53,-1,0,900
900,2882,2,1.69639,1.43909,4,17,53.5,0,0,900
900,1505,1,0.87541,0.766343,11,17,53,-1,100,800
900,1499,1,0.438618,0.192385,49,18,53,-1,100,800
900,2056,1,0.806261,0.650057,52,18,53,-1,50,850
900,1541,15,10.0866,8.07848,26.0667,16.7333,56.4667,-1,100,800
900,1156,2,1.184,1.0781,22.5,21,53,0,150,750
900,2883,1,0.947551,0.897854,51,23,53,1,0,900
900,2884,6,4.63645,4.04042,34.6667,24.1667,54,-2,0,900
900,256,2,1.19062,0.711116,19.5,26,53,0,450,450
900,2077,18,12.0596,9.53479,27.7778,25.9444,55.2222,0,50,850
900,646,1,0.319532,0.102101,39,28,53,1,250,650
900,2885,1,0.370837,0.13752,15,33,53,-1,0,900
900,647,6,4.27336,3.32645,41.6667,34.3333,54.5,2,250,650
900,26,4,2.06844,1.67204,57.25,35.25,53.5,0,650,250
900,1501,3,2.73421,2.55515,26.6667,36,53.3333,-1,100,800
900,1158,2,0.718074,0.27744,34.5,37.5,53,0,150,750
900,642,1,0.313263,0.0981335,6,40,53,1,250,650
900,2886,2,0.650385,0.212909,37.5,43.5,53.5,-2,0,900
900,2887,1,0.880404,0.775112,32,46,53,-1,0,900
900,1522,1,0.634225,0.402242,56,46,53,1,100,800
900,2888,1,0.423888,0.179681,34,47,53,1,0,900
900,1171,1,0.955667,0.913299,57,51,53,-1,150,750
900,1174,1,0.693039,0.480302,26,53,53,1,150,750
900,1511,3,1.6594,0.984193,40,52.6667,53.6667,1,100,800
900,878,1,0.143996,0.020735,10,56,53,-1,200,700
900,1503,2,1.39453,0.972394,24.5,56,53,0,100,800
900,1524,13,10.1766,9.08439,4.38462,58.3077,54.6154,-1,100,800
900,2889,2,1.25378,0.791388,29.5,60.5,53,0,0,900
900,186,2,1.14319,0.66401,38.5,60,53,0,500,400
900,644,2,1.722,1.48608,37.5,62,53,0,250,650
900,2890,1,1.08583,1.17903,28,63,53,1,0,900
900,2891,2,1.8104,1.66244,2,0,54.5,0,0,900
900,59,2,1.53303,1.17513,43.5,0,54,0,600,300
900,2892,2,1.46897,1.1418,1,2,54.5,0,0,900
900,2075,1,0.374407,0.14018,46,2,54,1,50,850
900,2067,1,0.308598,0.0952326,38,3,54,1,50,850
900,2893,1,0.968559,0.938106,17,6,54,-1,0,900
900,1166,5,3.29652,2.64498,28,5.2,55,-1,150,750
900,875,7,4.22914,3.10361,47,9.28571,54.1429,3,200,700
900,2068,2,1.13899,0.654356,53,8.5,54.5,0,50,850
900,475,2,1.04636,0.556076,28,10.5,54,0,300,600
900,2894,1,0.632535,0.4001,13,11,54,-1,0,900
900,189,7,3.68771,2.15526,35.2857,12.8571,55,-1,500,400
900,651,1,1.11881,1.25173,27,13,54,1,250,650
900,113,4,1.35728,0.524877,38.5,16,54.75,0,550,350
900,2895,2,1.35833,0.931054,9,18,54.5,0,0,900
900,1507,3,2.25854,1.84095,56.6667,19,54.3333,-1,100,800
900,297,6,3.5882,2.39978,62.1667,18.8333,54.3333,0,400,500
900,1168,2,2.19034,2.42514,3.5,22,54,0,150,750
900,1514,3,2.02771,1.42228,7.66667,23.3333,54.3333,1,100,800
900,1542,1,0.808422,0.653545,57,23,54,-1,100,800
900,479,3,3.42813,4.04013,3,24,54,-1,300,600
900,114,4,1.81324,0.947571,41.75,26.5,55.25,0,550,350
900,2063,1,1.08004,1.16649,51,27,54,1,50,850
900,1163,1,1.1086,1.229,21,28,54,-1,150,750
900,2896,2,1.1569,0.740175,56.5,28,54,0,0,900
900,2069,2,1.35296,1.14561,18.5,29.5,54,0,50,850
900,477,1,0.726953,0.528461,26,32,54,-1,300,600
900,1509,1,1.41729,2.00871,50,32,54,-1,100,800
900,1510,2,0.970932,0.652835,34.5,35,54,0,100,800
900,478,3,2.09904,1.66488,55,36.3333,54.6667,1,300,600
900,1518,1,0.799117,0.638588,4,38,54,1,100,800
900,1530,2,1.41259,1.03025,58.5,38,54,0,100,800
900,2897,1,0.821156,0.674298,19,39,54,1,0,900
900,2064,1,1.22294,1.49559,0,42,54,1,50,850
900,2898,1,0.440407,0.193959,22,44,54,1,0,900
900,480,1,0.659693,0.435195,7,47,54,-1,300,600
900,2899,1,0.293512,0.0861495,28,48,54,1,0,900
900,648,1,0.569474,0.324301,36,51,54,1,250,650
900,27,9,7.07235,6.48222,52.3333,50.6667,55.2222,-3,650,250
900,2900,1,0.336605,0.113303,63,51,54,-1,0,900
900,300,1,0.971436,0.943687,3,52,54,-1,400,500
900,1532,1,0.658926,0.434184,21,52,54,1,100,800
900,1528,1,0.506856,0.256903,24,53,54,-1,100,800
900,2065,1,0.746393,0.557102,37,55,54,1,50,850
900,299,1,0.700109,0.490152,12,56,54,1,400,500
900,187,1,0.541723,0.293464,63,57,54,-1,500,400
900,643,1,0.552993,0.305801,55,60,54,1,250,650
900,2073,3,1.47624,0.787543,40,61.6667,54.6667,1,50,850
900,2066,1,0.935393,0.874961,42,62,54,-1,50,850
900,2901,1,0.704934,0.496931,40,1,55,1,0,900
900,494,2,1.41595,1.47581,61,4.5,55,0,300,600
900,891,2,3.23362,5.31274,38.5,5.5,55.5,2,200,700
900,1513,1,1.02758,1.05592,56,7,55,1,100,800
900,1176,3,1.39906,0.788946,4.33333,9.66667,55.6667,1,150,750
900,372,2,1.2833,0.985957,22,9.5,55.5,0,350,550
900,2902,1,0.842787,0.71029,61,11,55,-1,0,900
900,63,2,1.68974,1.51346,38,12,55.5,-2,600,300
900,191,1,0.477024,0.227552,45,15,55,-1,500,400
900,1535,1,0.297952,0.0887751,1,17,55,-1,100,800
900,370,9,7.35633,6.89544,16.1111,20.1111,56.5556,-1,350,550
900,2903,1,1.30034,1.69087,59,20,55,-1,0,900
900,1515,3,2.16594,1.89838,11.6667,22.3333,56,-1,100,800
900,2104,5,2.57634,1.49764,55.4,24.4,56.2,-3,50,850
900,882,1,0.779339,0.60737,18,24,55,1,200,700
900,1187,2,0.907749,0.412238,45,24.5,55,0,150,750
900,2904,1,0.404157,0.163343,6,25,55,-1,0,900
900,2905,2,1.52541,1.16962,9,26.5,55,0,0,900
900,2906,4,2.05755,1.17362,11.75,25.75,55.75,-2,0,900
900,2907,1,0.888387,0.789232,19,27,55,-1,0,900
900,1517,1,0.480325,0.230712,25,28,55,-1,100,800
900,888,2,1.65905,1.37672,0.5,30,55,0,200,700
900,1526,2,1.70567,1.48048,4,33,55.5,0,100,800
900,259,1,1.11094,1.23419,8,33,55,1,450,450
900,2070,1,0.565076,0.319311,48,33,55,1,50,850
900,896,2,0.583688,0.170431,1,36,55.5,0,200,700
900,883,2,0.985711,0.517488,50.5,36,55,0,200,700
900,1180,1,0.415185,0.172378,40,37,55,1,150,750
900,2071,1,1.13629,1.29115,51,38,55,1,50,850
900,887,11,9.82738,9.4024,43,38.1818,57.2727,1,200,700
900,298,14,10.609,8.98158,30.2143,42.7857,55.6429,0,400,500
900,1519,1,0.578524,0.33469,62,41,55,-1,100,800
900,1520,2,1.38613,1.06722,46,43,55.5,0,100,800
900,2908,1,0.847203,0.717753,56,44,55,-1,0,900
900,1533,1,0.795148,0.632261,55,49,55,-1,100,800
900,1547,2,1.2819,0.845123,56,51.5,55,0,100,800
900,654,9,8.3314,8.50103,5.66667,53.3333,56.5556,-1,250,650
900,890,4,3.63401,4.25182,10.25,54,55.5,0,200,700
900,2909,1,1.62199,2.63086,31,54,55,1,0,900
900,1523,1,0.498862,0.248863,43,56,55,1,100,800
900,2910,1,0.552023,0.304729,57,58,55,-1,0,900
900,884,1,0.347771,0.120945,7,59,55,1,200,700
900,2911,1,0.588798,0.346683,9,59,55,1,0,900
900,2912,1,1.65966,2.75446,27,0,56,-1,0,900
900,2081,4,1.96247,0.99918,37,1,57,0,50,850
900,2913,1,0.335255,0.112396,45,1,56,1,0,900
900,2914,1,0.592149,0.35064,53,1,56,1,0,900
900,2082,6,6.82875,9.2954,18,8.16667,56.8333,2,50,850
900,1534,3,1.40727,0.883317,0.666667,9.66667,57,1,100,800
900,2083,2,1.54661,1.21452,37,10,56.5,0,50,850
900,190,6,3.23371,2.40385,4.5,13.8333,57.6667,0,500,400
900,374,1,0.582413,0.339205,26,13,56,1,350,550
900,2101,2,1.36635,0.950951,45,13,56.5,0,50,850
900,373,1,0.421833,0.177943,6,15,56,1,350,550
900,2915,1,0.502557,0.252564,11,15,56,-1,0,900
900,1538,1,0.625327,0.391034,13,20,56,1,100,800
900,2076,1,0.075362,0.00567944,31,21,56,-1,50,850
900,1550,2,2.44761,3.08377,43.5,21.5,56,-2,100,800
900,1554,1,0.34126,0.116458,1,22,56,1,100,800
900,1172,2,0.910146,0.442231,40,22.5,56.5,0,150,750
900,2916,1,0.922623,0.851233,48,24,56,-1,0,900
900,2917,2,1.47094,1.38905,61.5,31,56.5,0,0,900
900,29,2,1.5351,1.32743,18,32,56.5,0,650,250
900,886,2,1.19101,0.908696,11.5,33,56,0,200,700
900,2078,1,1.11538,1.24407,32,33,56,1,50,850
900,893,1,1.63812,2.68343,28,34,56,1,200,700
900,2918,1,0.784613,0.615617,58,37,56,1,0,900
900,889,4,3.39899,3.65991,9.25,40.5,56.5,0,200,700
900,652,1,0.504805,0.254829,45,41,56,1,250,650
900,1527,7,4.80325,3.63115,8.28571,44.2857,56.1429,-1,100,800
900,2919,2,1.62724,1.68778,23.5,50.5,56.5,0,0,900
900,2920,2,1.11931,0.653176,25.5,55,56,0,0,900
900,2921,2,1.34962,0.940837,19.5,55.5,56.5,0,0,900
900,2922,1,1.28893,1.66135,33,57,56,1,0,900
900,2080,1,0.485994,0.23619,63,61,56,-1,50,850
900,2923,1,0.786514,0.618604,49,63,56,1,0,900
900,2924,1,0.724787,0.525316,63,63,56,-1,0,900
900,482,2,1.39325,1.00607,19.5,1,57,0,300,600
900,1194,1,0.172036,0.0295962,62,3,57,-1,150,750
900,485,1,1.03164,1.06427,44,4,57,1,300,600
900,484,1,0.887303,0.787307,56,4,57,1,300,600
900,371,2,2.20394,2.63096,9,5.5,57,0,350,550
900,2111,1,0.627975,0.394352,11,5,57,-1,50,850
900,1185,1,0.69658,0.485223,18,6,57,-1,150,750
900,1175,1,0.941292,0.886031,48,8,57,1,150,750
900,2089,2,1.13636,0.673419,35,9.5,57,0,50,850
900,192,3,2.67701,2.40508,16,14,57.6667,1,500,400
900,111,2,1.46146,1.06862,47.5,19.5,57,0,550,350
900,1179,5,3.46383,2.55239,38.4,24.6,58,1,150,750
900,2084,1,0.641941,0.412088,52,25,57,-1,50,850
900,2925,1,0.779352,0.607389,17,27,57,-1,0,900
900,2926,2,1.76444,1.55754,53,28.5,57,0,0,900
900,378,1,0.476957,0.227488,3,29,57,-1,350,550
900,2927,1,0.467359,0.218424,15,30,57,1,0,900
900,2085,1,0.970122,0.941136,46,30,57,-1,50,850
900,30,1,0.916445,0.839872,56,30,57,-1,650,250
900,1529,2,1.82209,1.66052,0.5,31,57,0,100,800
900,194,2,1.18591,0.709204,55,33,57.5,0,500,400
900,64,1,0.857787,0.735799,10,35,57,-1,600,300
900,903,1,0.751367,0.564552,12,36,57,-1,200,700
900,2928,1,0.491821,0.241888,23,36,57,-1,0,900
900,2086,1,0.552542,0.305302,49,37,57,1,50,850
900,1556,5,3.87057,3.28428,2.8,36.8,58.2,3,100,800
900,1182,1,0.652892,0.426268,27,39,57,-1,150,750
900,1546,1,1.0587,1.12084,58,39,57,1,100,800
900,1531,3,2.31088,1.84737,6,40.3333,57.3333,1,100,800
900,894,1,1.29423,1.67502,38,40,57,-1,200,700
900,495,1,0.987237,0.974638,26,43,57,1,300,600
900,2929,1,0.837406,0.701248,21,47,57,1,0,900
900,2930,1,0.388027,0.150565,35,47,57,-1,0,900
900,2094,2,1.25317,0.80826,58,48,57.5,0,50,850
900,2119,1,0.348086,0.121164,47,49,57,1,50,850
900,2087,1,0.981507,0.963357,54,49,57,-1,50,850
900,2088,2,1.44808,1.07003,12.5,52.5,57,0,50,850
900,2931,1,1.04583,1.09376,36,52,57,-1,0,900
900,301,1,0.138839,0.0192764,58,52,57,1,400,500
900,376,2,0.816555,0.366388,44.5,54.5,57,0,350,550
900,2932,1,1.09775,1.20506,4,0,58,1,0,900
900,2933,1,1.36085,1.8519,46,0,58,-1,0,900
900,2934,2,1.73227,1.63546,10,2.5,58,0,0,900
900,659,2,1.46261,1.08804,60.5,2.5,58.5,-2,250,650
900,112,2,1.40945,1.20983,23,5,58.5,0,550,350
900,1540,5,4.20148,3.74845,47.8,4.6,58.8,1,100,800
900,1552,2,1.61146,1.32316,58,5.5,58,0,100,800
900,2935,1,0.680626,0.463252,0,6,58,1,0,900
900,1572,6,4.34565,4.1303,38,7.66667,59.1667,0,100,800
900,2100,2,1.58414,1.26767,45,6.5,58.5,0,50,850
900,303,1,0.988229,0.976596,12,8,58,1,400,500
900,2090,1,0.60187,0.362248,50,8,58,-1,50,850
900,1177,1,0.597364,0.356844,29,9,58,-1,150,750
900,2936,2,1.86111,1.73529,26.5,10,58,0,0,900
900,1178,2,0.862067,0.383932,42.5,10.5,58,0,150,750
900,1181,1,0.819115,0.670949,47,10,58,1,150,750
900,2937,1,1.78564,3.1885,37,12,58,-1,0,900
900,2938,4,2.9391,2.50704,46.75,12.25,58.5,0,0,900
900,1196,1,0.462748,0.214135,54,12,58,1,150,750
900,2939,1,0.948178,0.899041,12,14,58,-1,0,900
900,2940,1,0.947372,0.897513,8,15,58,-1,0,900
900,2113,2,1.57195,1.24316,15,17.5,58,2,50,850
900,2091,2,0.958079,0.716791,22,17,58.5,0,50,850
900,1537,7,4.0647,2.93594,1,18,58.5714,-1,100,800
900,897,2,1.35916,0.961247,39,18.5,58,0,200,700
900,2941,2,1.38481,1.25247,8.5,21.5,58.5,-2,0,900
900,2092,2,1.04517,0.627435,35,21.5,58,0,50,850
900,1188,6,4.42685,4.23567,61.5,22.1667,59.3333,0,150,750
900,2102,2,1.3458,1.11942,32,23,58.5,0,50,850
900,260,5,3.02657,2.01188,32.6,25.6,58.4,-1,450,450
900,892,1,0.549399,0.30184,62,25,58,1,200,700
900,2942,1,0.993697,0.987433,2,27,58,-1,0,900
900,2093,2,1.33032,1.00696,20.5,30,58,0,50,850
900,1557,1,0.808991,0.654466,11,33,58,1,100,800
900,1190,1,0.498068,0.248072,29,33,58,1,150,750
900,31,1,0.816221,0.666216,25,35,58,1,650,250
900,68,4,2.68088,1.95704,59.75,34.75,58.75,0,600,300
900,262,1,0.301379,0.0908294,54,37,58,1,450,450
900,1191,3,1.74316,1.03325,27.3333,40.3333,58.6667,1,150,750
900,895,2,0.785273,0.387537,23,42.5,58,0,200,700
900,302,2,1.93328,1.8954,13,44,58.5,0,400,500
900,375,1,0.0986282,0.00972752,4,48,58,-1,350,550
900,1539,1,1.06296,1.12987,40,49,58,-1,100,800
900,115,2,1.4478,1.1551,6.5,50.5,58,0,550,350
900,649,1,1.09522,1.1995,28,50,58,-1,250,650
900,2095,4,2.39036,1.47422,60.5,50.75,59,0,50,850
900,2125,1,0.257211,0.0661578,63,50,58,-1,50,850
900,2943,1,0.530147,0.281056,21,53,58,1,0,900
900,2944,1,0.683211,0.466777,55,53,58,-1,0,900
900,1548,1,0.552338,0.305078,12,57,58,1,100,800
900,199,3,2.62554,2.38809,39.3333,59.3333,58.3333,1,500,400
900,500,3,3.10277,3.8224,23.3333,63,59,-1,300,600
900,67,1,0.391509,0.15328,37,62,58,1,600,300
900,2096,1,0.568751,0.323477,10,63,58,1,50,850
900,2097,1,1.26423,1.59828,39,63,58,-1,50,850
900,2945,1,0.972512,0.945779,41,63,58,-1,0,900
900,2098,1,1.17982,1.39197,56,0,59,1,50,850
900,2946,1,1.09328,1.19527,43,2,59,-1,0,900
900,2099,1,0.585969,0.343359,33,3,59,-1,50,850
900,2110,1,0.551508,0.304161,63,4,59,-1,50,850
900,2947,1,1.42842,2.04038,32,5,59,1,0,900
900,263,1,1.11616,1.24581,43,6,59,1,450,450
900,1553,7,5.64351,5.08719,10.1429,8.57143,60.4286,3,100,800
900,908,1,0.563292,0.317298,20,9,59,1,200,700
900,1562,1,1.19449,1.42681,12,11,59,-1,100,800
900,1186,2,1.00868,0.575721,56.5,10.5,59.5,0,150,750
900,650,2,1.79429,1.61027,57.5,13,59,0,250,650
900,2948,1,0.528695,0.279518,53,16,59,1,0,900
900,1549,1,0.744705,0.554585,59,17,59,1,100,800
900,2949,1,0.89203,0.795717,62,17,59,-1,0,900
900,2114,3,1.36221,0.666073,43.6667,21,59.3333,-1,50,850
900,2121,1,0.753675,0.568025,2,21,59,1,50,850
900,2950,1,0.565937,0.320284,7,23,59,-1,0,900
900,2103,1,0.549736,0.302209,41,23,59,-1,50,850
900,2116,1,0.84261,0.709991,45,23,59,-1,50,850
900,2951,1,0.537964,0.289406,57,24,59,-1,0,900
900,2952,1,0.779101,0.606999,53,26,59,1,0,900
900,1555,1,0.498811,0.248812,5,27,59,-1,100,800
900,2953,1,1.04944,1.10133,54,28,59,1,0,900
900,261,1,0.0962631,0.00926659,9,29,59,1,450,450
900,198,1,1.32608,1.75848,50,29,59,1,500,400
900,899,1,0.273001,0.0745295,32,30,59,-1,200,700
900,1543,1,0.961825,0.925107,0,32,59,-1,100,800
900,1189,5,4.02674,3.42546,31.2,31.6,61,-1,150,750
900,2079,1,0.675657,0.456513,41,32,59,1,50,850
900,61,1,0.641745,0.411837,7,33,59,1,600,300
900,904,1,0.244469,0.0597651,20,37,59,1,200,700
900,2954,1,0.745747,0.556139,26,38,59,1,0,900
900,1183,4,2.53433,2.12518,19.25,41.25,59.5,0,150,750
900,1184,1,0.693304,0.48067,42,41,59,1,150,750
900,1544,1,1.84612,3.40815,44,41,59,1,100,800
900,1545,3,2.11449,1.67988,56.6667,41.6667,59.3333,1,100,800
900,2105,1,0.648691,0.4208,47,42,59,-1,50,850
900,663,1,0.75804,0.574624,54,42,59,-1,250,650
900,1567,3,1.60335,1.22152,2.33333,45,59.3333,1,100,800
900,1199,2,1.5112,1.25161,26,45,59.5,0,150,750
900,2955,1,0.559825,0.313404,41,46,59,-1,0,900
900,1198,10,6.36704,4.39831,10.5,44.4,61.1,0,150,750
900,2107,1,0.80277,0.644439,12,49,59,1,50,850
900,2956,2,1.22447,0.788337,54.5,49.5,59,-2,0,900
900,2120,2,1.62451,1.33126,12,51,59.5,0,50,850
900,656,2,1.43495,1.20747,16.5,52.5,59.5,0,250,650
900,653,2,1.26228,0.822911,4.5,54.5,59.5,0,250,650
900,1569,2,1.50396,1.29702,9.5,55.5,59,0,100,800
900,62,2,1.32026,0.898167,31,55,59.5,0,600,300
900,2108,3,1.37616,0.804486,46,54.3333,59.6667,1,50,850
900,2109,1,1.1609,1.34769,38,56,59,-1,50,850
900,2137,1,0.872508,0.76127,33,57,59,-1,50,850
900,2957,2,1.81636,1.84042,53.5,59,59,0,0,900
900,2958,2,1.18898,0.719781,29,60.5,59.5,0,0,900
900,2959,1,0.70588,0.498267,2,62,59,1,0,900
900,657,2,1.27958,0.819681,59,63,59.5,0,250,650
900,2960,1,0.596002,0.355218,11,1,60,1,0,900
900,2961,2,2.22173,2.55114,30.5,1.5,60,0,0,900
900,2962,1,0.414969,0.172199,63,2,60,-1,0,900
900,2963,1,0.571005,0.326047,11,3,60,1,0,900
900,658,1,0.755028,0.570068,13,3,60,1,250,650
900,195,6,3.23581,2.18438,27.3333,5.33333,61,2,500,400
900,496,7,4.89559,3.77131,5.42857,5.28571,60.5714,-1,300,600
900,1200,2,1.13016,0.678301,20,5.5,60,0,150,750
900,2144,2,1.43692,1.03761,38,11,60.5,0,50,850
900,2128,2,1.28966,1.11965,3.5,12,60,0,50,850
900,489,4,2.31895,1.37305,61.75,12,60.5,0,300,600
900,901,1,1.19555,1.42934,28,15,60,-1,200,700
900,2112,1,0.547355,0.299597,59,15,60,-1,50,850
900,2964,1,0.778762,0.606471,57,17,60,1,0,900
900,2965,1,0.621188,0.385875,12,18,60,1,0,900
900,2966,1,0.710192,0.504373,41,18,60,-1,0,900
900,488,1,0.823278,0.677786,49,18,60,-1,300,600
900,2967,1,0.740767,0.548736,39,19,60,1,0,900
900,909,1,0.844549,0.713264,47,19,60,-1,200,700
900,2968,2,1.19119,0.709484,41,20.5,60,0,0,900
900,2969,1,0.522842,0.273364,48,21,60,-1,0,900
900,193,1,0.845651,0.715126,25,24,60,1,500,400
900,898,1,0.571705,0.326846,28,25,60,-1,200,700
900,2115,2,2.12851,2.28109,40.5,25,60.5,-2,50,850
900,2970,1,0.612414,0.375051,43,25,60,-1,0,900
900,2971,1,0.415946,0.173011,8,27,60,-1,0,900
900,1202,2,1.13774,0.678784,59,28,60.5,0,150,750
900,2972,2,1.02272,0.587869,6,31,60.5,0,0,900
900,2973,1,0.38706,0.149815,59,31,60,-1,0,900
900,1551,1,0.53912,0.29065,2,32,60,-1,100,800
900,65,7,4.22183,3.23019,62.5714,34.7143,60.7143,-1,600,300
900,2123,1,0.735553,0.541038,12,34,60,1,50,850
900,2974,2,1.96429,1.96417,29,34,60.5,0,0,900
900,264,2,1.18496,0.720631,34.5,34,60.5,0,450,450
900,2975,1,0.763071,0.582277,56,34,60,-1,0,900
900,2130,3,3.28129,3.66836,53.3333,35.3333,60.3333,1,50,850
900,2124,3,2.16451,1.58168,15.6667,38.3333,60.3333,1,50,850
900,2976,1,1.09229,1.19311,30,38,60,-1,0,900
900,2117,1,0.645703,0.416932,37,39,60,1,50,850
900,377,1,0.509126,0.259209,14,41,60,1,350,550
900,2977,3,3.54184,4.24459,37.3333,41,60.3333,1,0,900
900,1192,1,0.783637,0.614087,29,42,60,-1,150,750
900,2978,1,0.280163,0.0784915,31,44,60,1,0,900
900,2979,1,0.39981,0.159848,15,45,60,1,0,900
900,2980,2,2.78098,3.96769,37,45.5,60,2,0,900
900,2981,1,0.53872,0.29022,45,46,60,-1,0,900
900,2118,1,0.620775,0.385361,51,46,60,1,50,850
900,1578,1,0.693656,0.481158,1,49,60,1,100,800
900,2134,1,0.530124,0.281031,34,49,60,-1,50,850
900,493,2,1.88555,1.78228,38,49,60.5,0,300,600
900,2982,1,0.413879,0.171296,45,50,60,1,0,900
900,2983,1,0.741323,0.549559,40,51,60,1,0,900
900,66,1,0.633704,0.40158,21,57,60,1,600,300
900,2126,5,3.79014,3.31294,37,61.2,60.8,-1,50,850
900,2984,1,1.08392,1.17489,52,0,61,1,0,900
900,1570,2,1.07435,0.59546,4.5,2,61.5,0,100,800
900,2985,1,0.647571,0.419348,1,5,61,1,0,900
900,900,2,1.51934,1.16823,8,5.5,61,0,200,700
900,2986,2,1.83492,1.75912,10,6,61.5,0,0,900
900,196,1,0.469302,0.220244,24,7,61,-1,500,400
900,2987,1,0.357746,0.127982,45,8,61,-1,0,900
900,1561,1,1.69409,2.86994,61,9,61,-1,100,800
900,2129,1,1.03046,1.06185,12,10,61,1,50,850
900,2988,5,4.09816,3.54337,27.8,13,61.6,1,0,900
900,2989,1,0.358624,0.128611,44,13,61,-1,0,900
900,487,1,0.564551,0.318718,20,18,61,1,300,600
900,2122,1,0.740828,0.548827,3,22,61,-1,50,850
900,2990,1,0.936934,0.877845,51,22,61,-1,0,900
900,2146,1,0.911024,0.829965,2,24,61,-1,50,850
900,490,1,1.11797,1.24986,18,24,61,1,300,600
900,2991,1,0.612155,0.374733,20,25,61,1,0,900
900,2992,5,2.76192,2.04322,5.6,26.2,61.8,-1,0,900
900,1197,1,0.874374,0.764531,26,28,61,1,150,750
900,2993,1,0.493316,0.243361,56,31,61,-1,0,900
900,491,1,0.190911,0.0364468,21,32,61,1,300,600
900,2994,1,0.890455,0.79291,21,34,61,1,0,900
900,911,2,1.68906,1.42917,37.5,35.5,61.5,0,200,700
900,2995,1,0.679967,0.462355,5,37,61,-1,0,900
900,2996,2,1.49382,1.21796,11.5,37.5,61,0,0,900
900,2997,1,0.704706,0.496611,20,37,61,1,0,900
900,492,1,0.654747,0.428694,61,37,61,1,300,600
900,662,1,0.595858,0.355047,8,40,61,-1,250,650
900,2153,2,1.46028,1.24916,51,42.5,61,0,50,850
900,1568,1,1.16228,1.35089,63,42,61,-1,100,800
900,1576,1,1.31047,1.71734,6,44,61,-1,100,800
900,905,3,2.12513,1.74502,60.3333,47.3333,61.3333,1,200,700
900,2998,1,0.116433,0.0135567,63,49,61,1,0,900
900,2999,1,1.00662,1.01328,10,51,61,1,0,900
900,3000,1,1.8809,3.53777,55,51,61,1,0,900
900,2135,1,0.638427,0.40759,1,52,61,1,50,850
900,2136,1,0.787374,0.619958,18,52,61,1,50,850
900,3001,1,0.982402,0.965114,38,52,61,-1,0,900
900,3002,2,1.08817,0.607405,10,55,61.5,0,0,900
900,3003,1,0.723683,0.523717,12,56,61,1,0,900
900,501,4,3.44817,3.2296,58.75,57.25,61.5,2,300,600
900,2139,1,1.03199,1.065,32,62,61,1,50,850
900,1558,1,0.526524,0.277228,4,0,62,-1,100,800
900,2127,1,0.775107,0.600792,7,1,62,-1,50,850
900,1559,3,1.6871,1.30086,23.6667,1.33333,62.3333,1,100,800
900,1560,2,1.14307,0.730856,47,1,62.5,0,100,800
900,1571,1,0.604076,0.364907,19,4,62,-1,100,800
900,2142,2,0.950853,0.525321,21,5,62.5,0,50,850
900,3004,2,1.20214,0.811282,42,8,62.5,0,0,900
900,3005,1,0.173298,0.0300322,39,9,62,-1,0,900
900,3006,1,0.815502,0.665043,25,11,62,-1,0,900
900,3007,1,0.401437,0.161152,11,13,62,1,0,900
900,3008,1,0.646077,0.417416,59,16,62,1,0,900
900,3009,2,1.05854,0.630802,52.5,17,62.5,0,0,900
900,1565,1,0.620262,0.384725,16,20,62,1,100,800
900,3010,1,0.584383,0.341503,29,26,62,-1,0,900
900,3011,4,2.53093,1.709,49,31,62.5,0,0,900
900,907,1,0.405507,0.164436,60,31,62,1,200,700
900,2131,1,0.244249,0.0596576,52,33,62,1,50,850
900,3012,1,0.803099,0.644967,50,35,62,1,0,900
900,2132,1,1.08902,1.18596,34,38,62,-1,50,850
900,1566,2,1.73085,1.50137,58.5,40.5,62,0,100,800
900,3013,1,0.664782,0.441935,1,43,62,1,0,900
900,3014,1,1.00798,1.01602,61,44,62,1,0,900
900,2133,3,2.1737,2.03721,24,46.3333,62.3333,-1,50,850
900,3015,1,1.0375,1.0764,31,47,62,-1,0,900
900,3016,1,1.11807,1.25009,33,47,62,-1,0,900
900,499,1,1.08361,1.17422,5,48,62,-1,300,600
900,3017,4,3.27123,2.67838,2.25,50.25,62.5,2,0,900
900,3018,2,1.49831,1.12375,34.5,48.5,62.5,0,0,900
900,3019,1,0.735699,0.541253,0,54,62,1,0,900
900,3020,1,0.86549,0.749072,16,54,62,1,0,900
900,3021,1,0.425952,0.181435,45,55,62,-1,0,900
900,3022,1,0.872567,0.761373,31,58,62,1,0,900
900,660,1,1.03918,1.07988,44,59,62,-1,250,650
900,3023,2,1.86263,1.87002,24,60.5,62,0,0,900
900,379,1,1.12182,1.25849,18,61,62,-1,350,550
900,2138,1,0.643998,0.414734,40,61,62,-1,50,850
900,3024,1,0.623451,0.388692,11,62,62,1,0,900
900,3025,1,0.701597,0.492238,12,1,63,1,0,900
900,3026,1,0.761413,0.57975,1,4,63,1,0,900
900,2141,1,0.538543,0.290028,7,4,63,-1,50,850
900,2140,1,0.390081,0.152163,27,4,63,-1,50,850
900,3027,1,0.639792,0.409334,31,4,63,-1,0,900
900,3028,1,0.782298,0.61199,5,5,63,1,0,900
900,3029,1,0.640047,0.40966,23,5,63,-1,0,900
900,3030,1,0.423284,0.179169,6,8,63,1,0,900
900,3031,1,0.654766,0.428718,43,10,63,1,0,900
900,1564,3,2.55031,2.1798,50.3333,11,63,-1,100,800
900,3032,1,0.816823,0.6672,4,11,63,1,0,900
900,3033,1,1.65847,2.75052,14,11,63,-1,0,900
900,3034,1,1.04601,1.09414,26,13,63,1,0,900
900,2145,1,1.4254,2.03176,5,17,63,-1,50,850
900,1573,1,0.875904,0.767209,23,20,63,1,100,800
900,3035,1,1.1593,1.34397,9,21,63,-1,0,900
900,3036,1,0.799972,0.639955,48,21,63,-1,0,900
900,3037,1,0.873602,0.76318,4,23,63,1,0,900
900,2147,1,1.02827,1.05734,47,26,63,-1,50,850
900,3038,1,0.916723,0.84038,57,26,63,-1,0,900
900,2148,1,0.598016,0.357623,23,30,63,1,50,850
900,3039,1,0.775417,0.601271,9,31,63,1,0,900
900,1575,1,0.64533,0.416451,42,32,63,1,100,800
900,2149,1,0.518361,0.268698,37,33,63,-1,50,850
900,2150,2,1.53639,1.19759,25,35.5,63,2,50,850
900,2151,1,0.360224,0.129761,40,35,63,1,50,850
900,3040,1,0.410271,0.168322,40,37,63,1,0,900
900,661,1,1.21392,1.4736,54,40,63,1,250,650
900,3041,1,0.396674,0.15735,6,41,63,-1,0,900
900,3042,1,0.8753,0.76615,40,42,63,-1,0,900
900,2152,2,1.67255,1.48156,19,43.5,63,0,50,850
900,3043,1,0.915119,0.837443,37,43,63,-1,0,900
900,3044,1,0.721518,0.520588,52,43,63,1,0,900
900,3045,1,0.845239,0.714428,7,46,63,-1,0,900
900,1577,1,0.516332,0.266599,55,47,63,-1,100,800
900,3046,1,0.544046,0.295986,2,56,63,-1,0,900
900,1579,1,0.281881,0.0794568,27,58,63,1,100,800
900,2154,1,1.16636,1.3604,57,59,63,1,50,850
900,1580,1,0.361072,0.130373,57,63,63,1,100,800
950,3047,6252,6058.29,6754.26,24.7434,28.1392,-15.833,80,0,950
950,1217,141,131.507,137.158,61.2979,6.49645,-0.723404,3,150,800
950,2181,47,40.3791,38.5764,4.06383,0.0212766,1.04255,-1,50,900
950,2182,1,1.14578,1.31281,44,1,0,-1,50,900
950,1586,12,11.4752,11.7211,52.1667,-0.25,0.333333,-2,100,850
950,2168,15,12.4457,12.0909,12.6667,4.33333,1.46667,1,50,900
950,265,3,2.61978,2.5532,49.3333,3.33333,-0.666667,1,450,500
950,923,4,3.88114,4.51317,6.75,7.25,-0.75,-2,200,750
950,509,1,0.651977,0.425073,23,7,0,-1,300,650
950,1582,10,7.61754,6.40255,37.6,9.6,-1.7,-4,100,850
950,2170,1,0.915192,0.837576,47,8,0,-1,50,900
950,1211,3,2.36445,1.97581,32.3333,9,-0.333333,-1,150,800
950,1583,91,87.9067,95.6803,55.4396,13.2637,-3.06593,-1,100,850
950,3048,3,2.55246,2.21901,57,8.33333,-1,-1,0,950
950,1228,7,7.10429,8.4498,6.28571,10.8571,-0.714286,-1,150,800
950,3049,18,17.1462,18.561,43.2222,9.66667,-0.777778,-2,0,950
950,912,3,2.25919,1.87963,10,11.3333,0.333333,1,200,750
950,3050,3,1.76161,1.24231,12,11.3333,-0.333333,-1,0,950
950,3051,2,1.22536,0.921401,35,13.5,0,-2,0,950
950,3052,5,6.15162,8.94501,38.8,13.8,-1.4,1,0,950
950,1587,2,1.81398,1.76177,46.5,13.5,0,0,100,850
950,510,2,2.03518,2.29486,43,14.5,0,0,300,650
950,2158,16,13.1837,13.1368,64.0625,16.4375,-0.5625,-2,50,900
950,37,1,1.22559,1.50207,4,15,0,1,650,300
950,1204,2,2.03965,2.17004,9,15,-0.5,0,150,800
950,1212,1,0.472872,0.223608,30,16,0,-1,150,800
950,669,50,41.1538,37.3409,57.56,20.84,0.8,-8,250,700
950,3053,7,5.17558,4.76145,6,17.2857,0.857143,3,0,950
950,673,1,0.680436,0.462994,48,18,0,1,250,700
950,955,221,207.286,224.782,32.8733,18.0045,10.8462,7,200,750
950,503,29,25.2127,24.431,35.2069,21.1724,-1.37931,-1,300,650
950,392,24,23.0038,24.1711,13.1667,19.4167,2.08333,0,350,600
950,70,6,5.49813,5.42474,47.1667,21.6667,-0.333333,-2,600,350
950,3054,20,16.5668,17.731,51.85,23,-2.6,-4,0,950
950,2162,3,2.40214,2.0729,17.3333,23,-0.333333,1,50,900
950,1239,31,28.5157,30.8015,40.871,25.2258,2.3871,-3,150,800
950,3055,37,34.4099,36.8139,59.4054,22.8919,-5.16216,-1,0,950
950,305,18,14.3391,13.2312,10.8889,24.5,-1.27778,2,400,550
950,914,2,1.66838,1.40636,27,23,0.5,0,200,750
950,2186,173,153.111,155.317,3.2659,19.4566,3.91329,-15,50,900
950,929,33,35.5691,44.3463,20.1818,25.9394,0.909091,1,200,750
950,938,2,1.67339,1.64745,43,24.5,0,0,200,750
950,3056,1,1.01984,1.04007,62,24,0,-1,0,950
950,307,1,0.763299,0.582625,0,25,0,-1,400,550
950,3057,3,1.99318,1.74235,15,25,-0.333333,-1,0,950
950,915,36,38.5859,47.3051,29.8056,28.9444,-3.11111,2,200,750
950,2173,7,7.00337,7.8342,32.5714,26,0.142857,3,50,900
950,1218,10,8.2944,8.14386,49.2,26.4,1.3,-4,150,800
950,3058,1,1.38699,1.92374,21,28,0,1,0,950
950,681,3,2.06782,1.55526,51.6667,28.6667,0,-1,250,700
950,202,1,1.30845,1.71203,26,29,0,1,500,450
950,387,4,3.3234,2.99298,56.5,29.25,0.75,0,350,600
950,917,2,0.779426,0.318444,9.5,30.5,-0.5,0,200,750
950,3059,4,3.73641,3.70532,18.75,30.5,0.5,-2,0,950
950,3060,5,3.35702,2.30413,22.8,29.6,-0.8,-1,0,950
950,204,2,1.20681,0.782506,47.5,32,0.5,0,500,450
950,3061,2,1.39201,1.22126,2.5,33,0,0,0,950
950,1584,1,0.852443,0.726659,13,33,0,1,100,850
950,121,1,1.06391,1.13191,16,33,0,1,550,400
950,1214,37,38.3275,43.245,37.1622,34.4595,-0.621622,-1,150,800
950,3062,71,71.0393,78.9978,63.8732,35.6197,-4.80282,-1,0,950
950,925,14,13.0071,13.6952,13.2857,36.8571,1.42857,2,200,750
950,504,1,1.26928,1.61108,32,35,0,1,300,650
950,676,3,3.0005,3.28177,58.6667,35,0.666667,-1,250,700
950,124,3,3.0805,3.41539,53.3333,36,0,-1,550,400
950,1208,12,11.1255,12.0985,0.583333,37.8333,1.33333,2,150,800
950,1233,2,2.39886,3.0312,31,37.5,0,0,150,800
950,1606,39,40.9631,49.8679,36.8462,40.0769,2.30769,-5,100,850
950,511,18,12.6567,10.0147,55.8889,38.9444,1.44444,2,300,650
950,666,46,47.2303,55.1148,4.5,44.0217,-1.1087,-2,250,700
950,2163,3,3.58432,4.43033,48.3333,40,-0.333333,1,50,900
950,2164,9,8.8303,10.3628,51.6667,40.8889,-1.11111,1,50,900
950,2165,18,17.4553,18.6982,10.2222,43.1667,-1.38889,0,50,900
950,2189,7,6.18805,6.52803,16.8571,40.4286,1.14286,3,50,900
950,2198,14,13.2668,14.4315,24.0714,39.7143,1.64286,6,50,900
950,670,15,16.1619,20.091,19,43.0667,-0.666667,-1,250,700
950,2174,13,10.11,8.94701,40.5385,44,-0.0769231,-1,50,900
950,3063,1,0.82484,0.680361,28,44,0,-1,0,950
950,3064,8,8.09718,9.50219,45,45,-2.25,-2,0,950
950,2175,15,15.3605,17.3643,13.2667,44.8,1.93333,-3,50,900
950,2176,20,18.0525,20.2274,22.25,46.5,-0.9,4,50,900
950,266,9,8.43124,8.2256,28.7778,48.2222,-0.222222,-1,450,500
950,671,1,1.30307,1.698,27,51,0,1,250,700
950,1209,5,4.36904,4.64375,36.4,51,0.2,1,150,800
950,1615,2,2.1765,2.54064,55,51.5,0.5,-2,100,850
950,1611,3,1.75737,1.25407,7,51.6667,0.666667,-1,100,850
950,1629,183,173.101,185.335,57.1694,54.3279,6.93443,3,100,850
950,3065,3,2.71681,2.66977,20.6667,54,0.666667,1,0,950
950,385,42,40.9931,43.4639,57.1905,56.2619,-0.785714,4,350,600
950,3066,1,1.07458,1.15472,5,54,0,1,0,950
950,931,4,3.65231,3.45665,36.5,54.75,-0.75,0,200,750
950,3067,4,2.88194,2.35094,40.75,55.25,0.5,2,0,950
950,381,9,11.2396,15.3369,45.3333,56.3333,-0.555556,1,350,600
950,667,5,4.7856,5.42879,19.2,57.2,-0.2,1,250,700
950,677,1,0.719669,0.517923,38,58,0,1,250,700
950,1216,1,0.731058,0.534446,8,59,0,1,150,800
950,1617,41,42.8658,50.0383,25.5122,59.6585,3.53659,-1,100,850
950,123,1,0.957684,0.917159,46,60,0,-1,550,400
950,683,13,13.13,15.7167,30.9231,60.7692,2.38462,-1,250,700
950,3068,6,5.362,5.84836,62.5,61,-1.16667,4,0,950
950,205,6,5.39373,4.99793,14.6667,61.5,-1,0,500,450
950,3069,10,10.0927,12.1352,18.5,61.8,-0.6,0,0,950
950,3070,2,1.97541,2.12481,46,62.5,-0.5,0,0,950
950,2202,2,2.80543,3.93773,43,63,0.5,0,50,900
950,3071,2,2.33711,3.01029,29.5,-0.5,1.5,-2,0,950
950,920,4,3.02894,2.45019,14.25,0.25,2,0,200,750
950,508,5,5.22115,5.98497,47,1.2,2.4,1,300,650
950,3072,2,2.07968,2.3803,54,6.5,1,0,0,950
950,1597,2,2.18164,2.40733,27.5,9,1.5,0,100,850
950,3073,1,1.6457,2.70832,40,10,1,1,0,950
950,3074,1,0.874669,0.765046,51,10,1,-1,0,950
950,948,1,0.818432,0.669831,4,11,1,1,200,750
950,3075,1,1.5768,2.4863,46,11,1,-1,0,950
950,1221,1,0.728846,0.531216,50,15,1,1,150,800
950,2171,6,6.58221,7.38515,38.1667,18,2.16667,0,50,900
950,1622,5,5.73295,6.88828,42.4,17.6,1.4,-1,100,850
950,913,1,1.07527,1.15621,16,18,1,1,200,750
950,506,2,1.36607,0.984672,36,17.5,1.5,0,300,650
950,306,1,1.3013,1.69337,47,25,1,-1,400,550
950,678,4,2.64501,1.7864,56.5,26.5,1.75,0,250,700
950,1623,70,71.5274,86.8082,28.4286,27.2571,4.94286,-2,100,850
950,3076,2,1.63987,1.37178,16.5,29,1,0,0,950
950,1213,1,1.5897,2.52713,42,29,1,-1,150,800
950,924,2,1.88171,1.94209,44,30.5,1,0,200,750
950,1590,7,5.82831,5.36271,49.4286,30.2857,2.42857,-1,100,850
950,384,1,1.57034,2.46597,59,32,1,-1,350,600
950,1605,1,0.849756,0.722085,29,33,1,-1,100,850
950,3077,1,0.406717,0.165419,45,33,1,-1,0,950
950,1591,2,0.895539,0.504549,9.5,34.5,1,0,100,850
950,3078,1,0.781796,0.611206,27,34,1,-1,0,950
950,3079,1,0.702255,0.493162,55,34,1,-1,0,950
950,1215,10,9.14688,10.1588,42.4,37.1,2,-4,150,800
950,507,1,0.675281,0.456005,9,38,1,-1,300,650
950,682,14,10.36,8.83303,53.0714,37.4286,2.78571,0,250,700
950,919,1,0.902836,0.815113,21,39,1,1,200,750
950,1607,1,0.70653,0.499184,27,40,1,1,100,850
950,3080,1,1.05221,1.10714,46,40,1,1,0,950
950,685,2,0.767105,0.506542,59,41.5,1,0,250,700
950,33,2,1.34911,0.959471,49,43,1.5,0,650,300
950,3081,2,2.64719,4.15482,35.5,44.5,1,-2,0,950
950,926,5,5.04791,5.47821,61.8,45.6,2,1,200,750
950,2177,4,3.85305,3.8552,16.5,47.25,1.25,0,50,900
950,3082,2,1.40508,1.05295,44,47,1.5,0,0,950
950,3083,1,0.624986,0.390608,55,48,1,1,0,950
950,2178,1,0.817677,0.668596,62,48,1,-1,50,900
950,916,3,3.55781,4.95551,32.6667,49,1.33333,1,200,750
950,3084,6,5.67114,6.09986,62.5,50.8333,1.83333,0,0,950
950,3085,1,1.15719,1.33908,27,54,1,1,0,950
950,1251,9,8.15433,7.98746,4.55556,58.1111,3.11111,1,150,800
950,1616,1,0.974891,0.950412,6,59,1,-1,100,850
950,1602,1,1.65356,2.73426,60,60,1,-1,100,850
950,2284,48,39.5493,36.9816,48.8542,62.9375,8.35417,8,50,900
950,3086,2,2.43232,3.03244,57.5,61.5,1.5,-2,0,950
950,2179,1,0.931326,0.867369,22,63,1,1,50,900
950,1603,8,7.06595,7.17745,17.625,0.125,3.25,0,100,850
950,937,9,10.343,12.6059,21,2,4.33333,-1,200,750
950,267,1,1.27487,1.6253,61,4,2,1,450,500
950,391,1,0.71552,0.511969,47,5,2,-1,350,600
950,2184,1,0.54563,0.297712,29,12,2,-1,50,900
950,2205,1,1.7639,3.11136,7,14,2,-1,50,900
950,1588,1,0.618543,0.382595,20,14,2,1,100,850
950,2208,9,8.77447,9.21327,52.8889,18.1111,3,-1,50,900
950,2159,1,0.910567,0.829133,4,17,2,1,50,900
950,1243,5,4.39833,4.27868,47,16.6,3,-1,150,800
950,2160,1,1.20292,1.44703,22,20,2,1,50,900
950,665,1,1.60117,2.56374,22,22,2,1,250,700
950,2188,2,1.45611,1.12227,52,23,2.5,0,50,900
950,679,4,2.96971,2.31734,44.75,26.75,2.5,-2,250,700
950,2195,3,2.5438,2.41277,11.3333,28.3333,3,-1,50,900
950,207,10,6.50972,5.13,61.2,28.9,4,2,500,450
950,945,1,0.78288,0.612901,53,29,2,1,200,750
950,517,1,0.811828,0.659065,25,31,2,1,300,650
950,75,3,2.13915,1.77071,56,33,2.66667,-1,600,350
950,32,1,0.77848,0.606031,21,34,2,1,650,300
950,3087,1,0.638441,0.407608,23,35,2,1,0,950
950,3088,1,1.57999,2.49636,1,36,2,-1,0,950
950,930,1,1.55965,2.43251,20,36,2,1,200,750
950,1626,40,41.6112,48.4315,30.6,38.6,3.45,-2,100,850
950,2226,1,1.06829,1.14124,35,40,2,-1,50,900
950,390,1,1.19684,1.43242,36,42,2,-1,350,600
950,3089,1,0.32559,0.106009,36,47,2,1,0,950
950,3090,1,1.1802,1.39288,38,47,2,-1,0,950
950,1600,1,0.278512,0.0775692,46,49,2,1,100,850
950,1610,2,1.76208,1.58277,45,51,2.5,0,100,850
950,1601,3,3.27624,3.74193,41,52.3333,2.66667,1,100,850
950,3091,4,3.66153,3.45639,44.25,54.75,2,0,0,950
950,1237,3,3.11324,3.40611,26.3333,56.6667,2,-1,150,800
950,382,2,3.27319,5.42205,29.5,55.5,2.5,2,350,600
950,126,4,3.90123,4.105,36.25,56.75,2.5,0,550,400
950,2201,2,2.16877,2.50544,17.5,59,2.5,0,50,900
950,3092,3,3.67055,4.5228,57.6667,59,2.33333,-1,0,950
950,927,7,8.09552,10.66,63.1429,60.4286,2.57143,-1,200,750
950,1224,1,0.479016,0.229456,15,61,2,-1,150,800
950,1238,1,1.43597,2.06201,46,61,2,1,150,800
950,1225,1,0.641029,0.410918,12,62,2,-1,150,800
950,3093,2,2.17663,2.40493,26,62.5,2,0,0,950
950,2213,7,6.26592,6.06051,10.8571,-0.285714,4.14286,-3,50,900
950,271,1,1.67194,2.79539,58,0,3,-1,450,500
950,1219,4,3.95916,4.46705,62.5,0.5,3.75,2,150,800
950,524,1,1.15462,1.33316,28,2,3,1,300,650
950,1620,1,1.4928,2.22844,59,2,3,1,100,850
950,34,3,1.95417,1.36539,7.66667,5.66667,4,-1,650,300
950,1229,1,1.4343,2.05722,5,8,3,-1,150,800
950,513,6,5.30851,4.95569,11.6667,9.83333,3.83333,-2,300,650
950,69,1,1.25638,1.5785,41,9,3,-1,600,350
950,2221,5,4.83295,5.31003,7.2,11.2,3.6,-1,50,900
950,1621,1,0.56593,0.320277,19,10,3,-1,100,850
950,684,9,7.17749,7.35223,45.1111,11.6667,4.22222,-5,250,700
950,2206,2,1.53223,1.36065,39,12,3.5,-2,50,900
950,1667,3,2.89675,2.89904,10,13.3333,4,1,100,850
950,3094,1,1.39836,1.9554,39,14,3,-1,0,950
950,1604,3,2.40281,2.16072,55.3333,15.6667,3.33333,-1,100,850
950,3095,1,1.71544,2.94273,17,16,3,-1,0,950
950,2192,1,1.56094,2.43653,35,20,3,-1,50,900
950,950,25,21.2762,21.751,39.24,21.12,7.28,-1,200,750
950,3096,2,2.01889,2.23859,46.5,21,3,0,0,950
950,1634,4,2.93691,2.32797,11.75,23.25,3.5,0,100,850
950,2193,1,0.792753,0.628458,39,24,3,-1,50,900
950,1226,1,1.6019,2.56607,62,24,3,-1,150,800
950,2223,1,0.199505,0.0398022,10,26,3,-1,50,900
950,2210,1,0.612521,0.375182,8,28,3,-1,50,900
950,3097,2,1.24621,0.894149,17,29.5,3,0,0,950
950,128,14,10.481,9.10136,34.6429,28.2143,6.92857,2,550,400
950,1231,3,2.5325,2.24077,7.66667,30,3.33333,-1,150,800
950,3098,1,1.19343,1.42429,42,32,3,1,0,950
950,3099,1,0.535242,0.286484,26,33,3,1,0,950
950,692,7,6.03849,5.53515,61,33.2857,4.28571,-1,250,700
950,1625,2,1.33717,0.894776,9,35,3.5,0,100,850
950,3100,5,3.73421,2.97183,58.2,35.2,4.4,-1,0,950
950,1614,1,0.55784,0.311186,28,36,3,-1,100,850
950,3101,1,1.37923,1.90226,38,36,3,1,0,950
950,3102,17,14.4656,14.7046,18.3529,35.8824,4.52941,-1,0,950
950,1234,1,0.961211,0.923926,10,39,3,1,150,800
950,2197,1,0.72298,0.5227,12,39,3,1,50,900
950,269,6,5.43349,5.61226,60.5,40.5,4.66667,0,450,500
950,1636,6,6.63225,7.85153,16.1667,41,4.33333,4,100,850
950,2250,15,16.6492,20.4222,5.13333,41.6,4.73333,-1,50,900
950,2211,6,4.91733,4.22305,52.3333,40.6667,4.16667,-2,50,900
950,934,2,2.53293,3.41866,21,44,3.5,-2,200,750
950,210,4,2.98809,2.7911,24.25,44.5,3.5,0,500,450
950,1235,1,0.967174,0.935426,35,44,3,1,150,800
950,1628,1,0.885877,0.784778,4,45,3,-1,100,850
950,1627,1,1.00615,1.01234,38,45,3,1,100,850
950,2252,9,10.9594,13.5729,6,45.8889,5,-1,50,900
950,2228,2,2.12718,2.30067,1,49.5,3.5,0,50,900
950,933,1,1.53636,2.36041,30,50,3,-1,200,750
950,1609,1,0.979789,0.959987,58,50,3,-1,100,850
950,514,2,2.28666,2.79768,47,52,3.5,0,300,650
950,936,1,1.55915,2.43095,58,52,3,-1,200,750
950,3103,1,0.680197,0.462669,60,54,3,1,0,950
950,2235,1,1.04468,1.09135,59,57,3,1,50,900
950,1659,2,1.48523,1.25204,32,58,3.5,2,100,850
950,2238,1,0.937332,0.878591,48,61,3,1,50,900
950,515,1,1.20624,1.45502,26,2,4,1,300,650
950,1639,1,0.17268,0.0298185,16,3,4,-1,100,850
950,206,2,1.65838,1.37557,37,3,4.5,0,500,450
950,2214,1,0.850583,0.723492,55,3,4,1,50,900
950,312,1,1.04244,1.08668,5,4,4,-1,400,550
950,2183,1,0.806686,0.650742,18,4,4,1,50,900
950,1619,3,4.27502,6.46443,29.3333,4.33333,4,1,100,850
950,942,2,2.42841,2.96349,10.5,5.5,4,0,200,750
950,2240,2,1.91794,1.86798,49.5,5,4,0,50,900
950,1593,1,1.1187,1.2515,19,7,4,1,100,850
950,3104,1,1.26288,1.59485,9,8,4,-1,0,950
950,3105,1,0.645856,0.41713,44,8,4,1,0,950
950,2241,3,3.39122,4.61488,25.3333,9,5,1,50,900
950,2244,1,1.27746,1.6319,52,10,4,-1,50,900
950,3106,1,0.952632,0.907508,37,12,4,-1,0,950
950,1613,1,0.557899,0.311251,22,15,4,-1,100,850
950,1258,64,58.2433,62.328,41.9688,14.9531,9.54688,10,150,800
950,3107,1,1.22688,1.50523,20,17,4,-1,0,950
950,3108,1,0.436277,0.190338,43,18,4,-1,0,950
950,3109,1,0.503501,0.253513,63,18,4,-1,0,950
950,1641,6,5.95922,6.09353,25.5,19.6667,4.5,-2,100,850
950,700,1,0.59383,0.352634,36,22,4,1,250,700
950,944,4,3.42002,3.3986,26,22.5,5.5,0,200,750
950,3110,1,0.953795,0.909725,21,24,4,1,0,950
950,2248,1,0.805019,0.648056,61,26,4,-1,50,900
950,209,1,1.01033,1.02076,0,27,4,-1,500,450
950,3111,1,0.935189,0.874578,51,28,4,1,0,950
950,3112,3,2.66204,2.95873,43.6667,29.3333,4.66667,1,0,950
950,680,3,2.03436,1.404,52.6667,29.6667,4.66667,1,250,700
950,542,2,1.77944,1.60368,55.5,30.5,4.5,-2,300,650
950,1624,9,5.92263,4.60626,49.5556,33.6667,5.11111,1,100,850
950,956,2,1.64099,1.40335,36.5,34.5,4.5,0,200,750
950,1232,1,1.02245,1.04541,3,38,4,1,150,800
950,1662,2,1.60372,1.30688,19,42,4.5,2,100,850
950,308,12,11.574,13.0608,43.3333,41.6667,6.41667,0,400,550
950,3113,1,1.25497,1.57496,33,43,4,1,0,950
950,3114,2,1.84813,1.71649,19,46.5,4,0,0,950
950,518,1,0.624111,0.389515,34,46,4,1,300,650
950,1262,80,67.5655,64.4548,46.5375,45.85,8.45,-10,150,800
950,2199,1,0.550002,0.302502,9,51,4,-1,50,900
950,2261,8,8.08361,9.24954,27.5,50.375,5.625,2,50,900
950,2262,27,22.5793,22.4854,36.8889,52.5926,6.7037,1,50,900
950,311,3,2.53231,2.55228,54.3333,50.6667,4.33333,1,400,550
950,3115,1,0.891666,0.795068,0,52,4,-1,0,950
950,2232,1,0.737741,0.544262,2,54,4,-1,50,900
950,274,4,4.84447,6.17586,19.75,54.75,4.5,2,450,500
950,2234,1,1.1866,1.40801,38,55,4,1,50,900
950,2236,1,1.35288,1.83028,44,56,4,-1,50,900
950,2212,3,2.45528,2.04218,8.66667,58.3333,4,1,50,900
950,3116,1,0.814624,0.663612,46,58,4,1,0,950
950,3117,1,0.442372,0.195693,17,61,4,1,0,950
950,529,2,1.44806,1.11284,20,62,4.5,0,300,650
950,2180,1,0.310087,0.0961539,5,0,5,1,50,900
950,3118,1,1.1616,1.34932,42,1,5,-1,0,950
950,3119,2,1.99803,2.07335,57,1.5,5,0,0,950
950,2265,1,0.555113,0.30815,53,3,5,1,50,900
950,2255,1,0.716134,0.512848,56,5,5,1,50,900
950,525,32,31.1148,33.8114,15.5,5.03125,10.4688,-8,300,650
950,3120,1,1.58097,2.49947,40,6,5,-1,0,950
950,2242,7,7.75742,10.2239,29.5714,7.85714,6.14286,-1,50,900
950,2216,3,1.91741,1.69905,50.6667,6.66667,6,-1,50,900
950,1230,6,5.32406,5.2881,5.83333,8,6.16667,0,150,800
950,2269,6,5.7749,6.70669,43.5,10.3333,6.66667,-2,50,900
950,2305,82,68.2619,67.384,20.2439,15.4268,9.56098,0,50,900
950,1633,2,1.00732,0.570192,37.5,14,5,0,100,850
950,2257,13,13.0103,14.5478,48.0769,14.2308,6.61538,-3,50,900
950,520,1,0.557579,0.310894,57,15,5,-1,300,650
950,2222,3,2.33132,2.72224,52.6667,16.3333,5.33333,1,50,900
950,36,2,1.62753,1.33104,57.5,18.5,5,0,650,300
950,127,8,7.55661,8.25628,19.375,19.5,5.75,-2,550,400
950,1642,2,2.51279,3.82527,12,20.5,5,0,100,850
950,943,1,0.935937,0.875978,16,21,5,-1,200,750
950,939,2,2.32536,3.02702,4,22.5,5,0,200,750
950,2246,1,0.577964,0.334042,8,25,5,1,50,900
950,388,1,1.18696,1.40888,25,25,5,-1,350,600
950,3121,7,5.54835,5.46901,36.8571,24.8571,6.42857,1,0,950
950,3122,1,0.59921,0.359053,53,27,5,1,0,950
950,1645,1,0.545485,0.297553,2,29,5,1,100,850
950,1646,2,1.51055,1.14538,33,29.5,5,0,100,850
950,132,9,8.26624,9.02945,47.4444,29.4444,7.11111,1,550,400
950,3123,1,1.18475,1.40364,19,31,5,1,0,950
950,2259,6,5.17507,4.95779,24.5,31.1667,6.5,2,50,900
950,213,3,3.6641,4.68742,8.66667,33,5.33333,-1,500,450
950,3124,3,2.73058,3.00978,11,34.6667,5.66667,1,0,950
950,2224,10,9.19778,8.89486,5.3,35.9,6,-4,50,900
950,2225,2,2.08988,2.26665,46.5,36,5,0,50,900
950,932,10,12.1561,15.4882,-0.4,37,5.6,4,200,750
950,3125,1,0.447204,0.199992,13,38,5,-1,0,950
950,393,3,2.74648,2.75381,25,37.6667,5.66667,1,350,600
950,1673,51,46.3983,51.6049,12.7451,41.451,8.64706,-1,100,850
950,1244,1,0.933918,0.872202,59,41,5,1,150,800
950,2251,1,1.13924,1.29788,0,42,5,1,50,900
950,1608,1,1.81517,3.29485,9,46,5,-1,100,850
950,2227,2,1.92164,1.85163,13.5,46.5,5.5,0,50,900
950,523,6,5.17286,4.70561,61.3333,47.1667,5.16667,-2,300,650
950,2231,3,3.54243,4.27973,4,49.6667,5,-1,50,900
950,1648,1,0.934505,0.873299,14,49,5,1,100,850
950,1245,9,8.03066,7.84756,32.4444,49.4444,6.44444,-1,150,800
950,2229,2,1.94536,1.92439,16.5,50,5,0,50,900
950,2260,1,1.61723,2.61542,11,51,5,1,50,900
950,3126,1,1.02843,1.05767,62,51,5,1,0,950
950,959,19,15.1353,14.27,20.4737,52.5789,7.84211,-3,200,750
950,935,4,4.38766,5.30587,39,54.75,6.5,2,200,750
950,2233,2,2.41004,3.47299,11.5,56,5,0,50,900
950,2237,3,2.724,2.54522,39.6667,56.6667,5,1,50,900
950,1256,2,1.0336,0.711535,43.5,58,5,0,150,800
950,72,2,2.36387,2.83907,1.5,59,5.5,2,600,350
950,519,1,0.880099,0.774574,41,59,5,1,300,650
950,3127,1,0.450832,0.20325,56,59,5,-1,0,950
950,947,1,1.22369,1.49741,63,59,5,-1,200,750
950,2299,2,1.42711,1.02777,0.5,61,5.5,0,50,900
950,3128,2,3.10718,4.8463,14.5,61,5,0,0,950
950,3129,1,0.861675,0.742484,56,61,5,-1,0,950
950,3130,1,0.860776,0.740935,14,63,5,1,0,950
950,971,124,116.439,125.713,4.55645,1.72581,11.6129,18,200,750
950,1253,1,0.591378,0.349728,44,2,6,-1,150,800
950,2239,1,0.512275,0.262426,18,3,6,1,50,900
950,2266,1,0.0670998,0.00450239,50,4,6,1,50,900
950,2204,5,4.64683,4.35537,35.2,3.8,7.4,1,50,900
950,2268,2,2.15455,2.33657,25,6.5,6,0,50,900
950,1666,2,1.67042,1.602,37.5,7,6.5,0,100,850
950,3131,1,0.944508,0.892095,10,8,6,1,0,950
950,2271,1,0.620704,0.385273,20,8,6,-1,50,900
950,952,31,31.8952,36.158,58.129,10.7097,8.67742,5,200,750
950,1631,3,2.73344,2.55637,54.3333,9.66667,6.66667,1,100,850
950,3132,1,0.530862,0.281815,39,11,6,1,0,950
950,1632,2,2.17734,2.42328,11.5,12.5,6.5,-2,100,850
950,521,1,0.434365,0.188673,7,15,6,-1,300,650
950,698,5,4.80193,4.63717,61.2,15.2,7,1,250,700
950,2273,1,0.740966,0.54903,11,17,6,1,50,900
950,2245,2,1.83724,2.62585,46,19,6.5,0,50,900
950,1686,61,54.5358,56.6002,14.7705,20.6885,10.7705,3,100,850
950,3133,4,3.24564,2.76659,9,22.25,6,0,0,950
950,516,3,3.0388,3.20164,1.33333,24.3333,6,1,300,650
950,2247,2,2.34312,2.77282,44.5,24,6,0,50,900
950,3134,2,1.9526,1.92016,49.5,27.5,6,2,0,950
950,2209,1,0.704548,0.496388,60,27,6,1,50,900
950,1671,2,1.42931,1.022,22,28.5,6,0,100,850
950,3135,1,1.08069,1.16789,11,30,6,-1,0,950
950,3136,1,0.628787,0.395374,14,30,6,-1,0,950
950,3137,2,1.7269,1.49116,35,31,6.5,0,0,950
950,400,105,100.442,109.809,41.6,30.2571,11.5429,-7,350,600
950,3138,1,0.919161,0.844856,32,32,6,1,0,950
950,1249,1,0.685004,0.469231,59,32,6,1,150,800
950,3139,1,0.435021,0.189243,52,35,6,1,0,950
950,3140,2,1.36633,1.05382,49.5,37.5,6.5,0,0,950
950,398,2,2.72672,3.74394,28,39.5,6,0,350,600
950,2277,6,4.69265,4.10518,42.5,38.8333,7.16667,0,50,900
950,1663,2,1.73863,1.51199,2.5,45.5,6,0,100,850
950,133,67,68.9907,81.0246,23,43.8507,9.26866,-9,550,400
950,3141,2,2.38903,3.08636,36,45.5,6.5,0,0,950
950,3142,1,1.14194,1.30402,1,47,6,-1,0,950
950,2281,10,11.2141,14.3077,10.2,48,7.8,-2,50,900
950,1658,3,1.38048,0.692632,24.3333,50.6667,6.66667,1,100,850
950,139,2,3.12571,4.9406,21,53.5,6,-2,550,400
950,3143,2,2.18769,2.47205,22,57.5,6,0,0,950
950,200,1,0.714012,0.509814,13,58,6,1,500,450
950,2263,15,13.607,13.3853,34.5333,55.4667,8.53333,-1,50,900
950,1252,1,0.781645,0.610969,52,60,6,-1,150,800
950,1637,1,0.588217,0.345999,6,61,6,-1,100,850
950,3144,1,0.244146,0.0596075,18,61,6,-1,0,950
950,2253,2,0.877481,0.395621,51,62.5,6,0,50,900
950,3145,2,1.25722,0.85564,53,2,7.5,0,0,950
950,3146,1,0.681672,0.464676,42,4,7,1,0,950
950,131,10,7.46053,6.22152,52.8,5.2,8.6,2,550,400
950,2287,2,1.73975,1.52877,57,5.5,7,0,50,900
950,2215,1,0.677262,0.458684,63,7,7,-1,50,900
950,2270,2,1.78583,1.86365,42.5,7.5,7.5,0,50,900
950,3147,2,1.94078,1.98428,46.5,8.5,7.5,0,0,950
950,2243,1,0.926315,0.85806,36,10,7,1,50,900
950,2303,9,7.87864,8.59163,8.77778,13.1111,9.44444,-3,50,900
950,2258,4,4.83825,6.48221,55.25,15.5,7.75,0,50,900
950,530,2,1.88556,1.84506,57.5,18,7,0,300,650
950,1655,2,1.28905,0.98725,17,20.5,7,0,100,850
950,691,3,1.86326,1.65446,61,21.3333,7.33333,-1,250,700
950,3148,2,1.76812,1.6572,52.5,25.5,7.5,0,0,950
950,3149,1,0.387685,0.1503,20,26,7,1,0,950
950,3150,1,1.37182,1.8819,34,26,7,-1,0,950
950,3151,1,0.612773,0.375491,62,27,7,-1,0,950
950,1672,1,0.426353,0.181777,2,29,7,1,100,850
950,719,1,1.44962,2.1014,55,30,7,-1,250,700
950,2292,1,1.25334,1.57087,4,32,7,-1,50,900
950,548,17,17.4217,19.4912,17.8824,32,10.1176,-3,300,650
950,3152,3,2.92848,3.16006,54.6667,32.3333,7,-1,0,950
950,3153,1,0.805178,0.648312,57,33,7,-1,0,950
950,545,20,20.5995,23.3299,26.4,35.7,9.3,2,300,650
950,3154,8,8.33642,9.5678,8.625,34.375,8.25,-2,0,950
950,3155,2,1.651,1.36408,32,39,7.5,0,0,950
950,134,13,10.5037,10.794,0.846154,39.1538,9,1,550,400
950,975,3,2.79841,2.71087,23.6667,42.6667,7,-1,200,750
950,1657,1,0.702684,0.493764,48,42,7,1,100,850
950,533,2,0.885335,0.401371,56.5,42,7,0,300,650
950,528,7,4.66844,4.42567,31.7143,43.8571,8.28571,-1,300,650
950,2279,18,16.5912,17.7518,38.3333,42.2222,9.27778,0,50,900
950,540,1,0.946408,0.895688,62,45,7,1,300,650
950,1650,3,1.8638,1.28674,25,53.3333,7.33333,1,100,850
950,1693,28,23.2013,23.7624,10.0714,55.4643,8.89286,0,100,850
950,1664,1,1.07188,1.14892,5,58,7,1,100,850
950,1660,4,2.99294,2.32843,45,61,7.25,-2,100,850
950,2317,46,39.3962,37.4335,39.6522,59.4348,10.913,6,50,900
950,2300,1,1.16726,1.3625,10,62,7,1,50,900
950,1694,1,0.175424,0.0307735,58,62,7,-1,100,850
950,1704,71,67.6076,73.8914,23.9296,2.98592,12.7183,-3,100,850
950,141,1,1.00314,1.0063,55,2,8,1,550,400
950,690,1,0.813894,0.662423,49,3,8,1,250,700
950,3156,3,3.57164,4.27982,22.6667,6.66667,8.33333,-1,0,950
950,3157,1,0.473864,0.224547,9,9,8,1,0,950
950,2218,1,0.458039,0.209799,17,9,8,-1,50,900
950,3158,1,1.05009,1.10269,40,9,8,-1,0,950
950,3159,1,0.946069,0.895047,11,11,8,-1,0,950
950,401,1,1.43337,2.05455,19,11,8,-1,350,600
950,1653,1,0.953022,0.908251,7,16,8,-1,100,850
950,1685,1,1.30223,1.69581,52,17,8,1,100,850
950,2290,3,1.97795,1.45071,10.3333,19,8.66667,-1,50,900
950,2309,1,1.25108,1.56521,40,18,8,1,50,900
950,965,1,0.992999,0.986047,60,19,8,1,200,750
950,2274,1,0.942926,0.88911,19,22,8,-1,50,900
950,2275,1,0.841201,0.70762,3,23,8,1,50,900
950,1635,1,1.36734,1.86962,43,23,8,1,100,850
950,3160,10,11.4546,13.6352,53.7,24.7,10.1,2,0,950
950,2311,4,3.30923,2.8968,1.75,24.75,8.5,0,50,900
950,3161,1,0.444597,0.197666,50,24,8,-1,0,950
950,1656,1,0.873492,0.762989,39,26,8,-1,100,850
950,310,6,5.76747,5.98876,14,26.3333,9.16667,2,400,550
950,701,4,3.82387,3.89504,13.75,30.75,8.75,0,250,700
950,2276,6,6.46245,7.30976,61.6667,32.1667,8.33333,2,50,900
950,3162,2,3.7581,7.17085,21,36.5,8,-2,0,950
950,3163,1,0.772156,0.596225,30,36,8,1,0,950
950,961,1,0.620743,0.385322,37,36,8,-1,200,750
950,526,21,21.0857,23.3085,15.0476,36.7619,9.95238,-5,300,650
950,3164,1,0.323548,0.104684,32,37,8,1,0,950
950,2249,2,1.6454,1.35445,34.5,38,8,0,50,900
950,3165,2,1.44788,1.21232,56,37.5,8.5,0,0,950
950,2278,1,1.19192,1.42068,6,40,8,-1,50,900
950,2294,1,0.95882,0.919336,56,40,8,1,50,900
950,1281,2,2.79745,4.00334,18,42,8.5,0,150,800
950,2280,1,0.922456,0.850925,57,45,8,-1,50,900
950,3166,36,36.5519,43.6834,-1.77778,45.3333,9.69444,2,0,950
950,951,1,0.615921,0.379359,58,47,8,1,200,750
950,1682,1,0.869104,0.755342,55,48,8,1,100,850
950,962,1,0.585966,0.343356,61,48,8,1,200,750
950,963,1,0.533934,0.285085,6,51,8,1,200,750
950,1649,1,1.54819,2.3969,61,51,8,1,100,850
950,705,1,0.97147,0.943754,63,56,8,-1,250,700
950,3167,19,16.8658,16.6319,17.3684,63.1579,9.78947,-3,0,950
950,3168,1,0.59717,0.356612,46,63,8,1,0,950
950,721,1,1.09317,1.19503,12,0,9,1,250,700
950,3169,1,0.508516,0.258589,37,0,9,1,0,950
950,547,4,3.76188,3.93088,63,3.75,9,0,300,650
950,2267,1,1.77817,3.16188,0,6,9,-1,50,900
950,699,1,1.23629,1.52842,49,16,9,-1,250,700
950,2329,5,4.7755,4.66827,48.8,18.4,9.6,-1,50,900
950,964,1,1.43422,2.05699,8,19,9,1,200,750
950,3170,2,1.77453,1.70566,54,19,9.5,0,0,950
950,74,1,1.49858,2.24575,62,19,9,1,600,350
950,2330,6,5.21429,4.99838,50.8333,20.3333,10.6667,0,50,900
950,3171,1,1.78114,3.17247,56,20,9,-1,0,950
950,3172,1,0.950652,0.903739,7,21,9,-1,0,950
950,73,1,0.789213,0.622857,17,21,9,1,600,350
950,2291,1,0.962142,0.925717,11,24,9,-1,50,900
950,1643,1,0.307074,0.0942942,32,24,9,-1,100,850
950,3173,2,1.71521,1.4721,63.5,26.5,9,-2,0,950
950,1678,1,0.8792,0.772993,21,29,9,-1,100,850
950,402,2,2.12702,2.52342,57,29,9.5,0,350,600
950,135,1,0.383551,0.147111,62,29,9,1,550,400
950,966,5,4.71549,5.51195,35.4,31.2,9.8,-3,200,750
950,974,1,1.12494,1.2655,51,30,9,1,200,750
950,1283,2,1.97364,1.94799,56,31.5,9.5,2,150,800
950,3174,1,1.59622,2.54792,22,33,9,1,0,950
950,3175,2,1.99103,2.00458,2,34.5,9,0,0,950
950,3176,2,2.50491,3.29145,31.5,34.5,9.5,2,0,950
950,3177,2,1.27471,1.41771,52.5,36,9,0,0,950
950,702,1,0.874178,0.764188,47,37,9,-1,250,700
950,3178,1,0.766005,0.586764,53,41,9,1,0,950
950,3179,1,0.890675,0.793301,4,44,9,-1,0,950
950,2295,1,0.979912,0.960227,32,46,9,-1,50,900
950,2324,12,11.9729,12.922,54.0833,48.4167,10.9167,-2,50,900
950,1702,1,1.18855,1.41266,36,48,9,1,100,850
950,136,1,0.613957,0.376943,33,49,9,-1,550,400
950,970,4,3.12045,2.43508,16,53.5,9.75,0,200,750
950,3180,1,0.467539,0.218593,25,57,9,1,0,950
950,2326,1,0.319459,0.102054,9,60,9,-1,50,900
950,536,9,7.89553,7.95291,21.1111,60.1111,10.2222,1,300,650
950,2301,1,0.722869,0.522539,27,60,9,-1,50,900
950,1263,1,0.871243,0.759064,46,60,9,1,150,800
950,2342,2,1.48742,1.10729,55.5,61.5,9,0,50,900
950,3181,1,0.524098,0.274679,10,62,9,1,0,950
950,3182,1,1.13368,1.28523,12,62,9,1,0,950
950,399,3,2.45793,2.06553,54,-0.333333,11,-1,350,600
950,318,1,0.429654,0.184602,37,2,10,1,400,550
950,1254,1,0.478102,0.228582,58,6,10,1,150,800
950,3183,2,1.29203,0.83581,45.5,7.5,10.5,0,0,950
950,395,4,3.36968,3.03268,22.25,10.5,10.75,0,350,600
950,276,1,1.1032,1.21705,47,11,10,1,450,500
950,2307,1,1.3369,1.78731,53,13,10,1,50,900
950,1668,2,1.499,1.15793,62,13,10.5,0,100,850
950,2306,1,0.583568,0.340552,25,14,10,-1,50,900
950,220,1,1.03681,1.07497,51,14,10,-1,500,450
950,1257,1,0.807656,0.652308,55,14,10,-1,150,800
950,3184,4,5.23301,7.81458,53.25,16.25,11,0,0,950
950,277,1,0.400452,0.160362,58,15,10,-1,450,500
950,3185,4,3.97253,4.04364,62.5,17.25,11.25,0,0,950
950,1736,6,5.49098,6.13329,59.5,17,11.6667,-4,100,850
950,531,1,1.09213,1.19274,2,20,10,1,300,650
950,718,1,0.994179,0.988391,5,20,10,1,250,700
950,3186,1,0.949896,0.902303,48,21,10,1,0,950
950,2322,22,18.4806,16.6222,-0.681818,23.8182,12.5455,-2,50,900
950,3187,1,0.372284,0.138595,52,22,10,1,0,950
950,1267,6,5.59485,5.68658,59.5,21.1667,11.1667,0,150,800
950,539,10,7.81624,6.68744,4.5,23.3,11.4,0,300,650
950,2332,2,0.956711,0.465448,7,25.5,10,0,50,900
950,1677,1,1.17734,1.38614,40,26,10,-1,100,850
950,3188,1,0.631343,0.398595,3,27,10,1,0,950
950,215,1,0.538361,0.289832,18,27,10,1,500,450
950,2350,3,3.10653,3.9416,8.33333,27,11,1,50,900
950,3189,2,1.48333,1.38461,15.5,28,10,0,0,950
950,2333,1,0.334149,0.111655,30,28,10,-1,50,900
950,1688,5,4.09825,3.45207,38.2,27.6,11.4,1,100,850
950,1696,3,3.1395,3.94967,10.3333,30,10,1,100,850
950,1268,1,0.946885,0.896592,53,29,10,-1,150,800
950,1716,1,0.517969,0.268292,5,31,10,1,100,850
950,1689,1,0.741851,0.550343,12,33,10,-1,100,850
950,3190,1,1.00887,1.01781,5,36,10,-1,0,950
950,535,1,1.64273,2.69857,21,37,10,-1,300,650
950,967,1,0.482984,0.233274,24,38,10,1,200,750
950,1700,2,2.38102,2.84405,43.5,38.5,10,0,100,850
950,2313,1,0.699984,0.489977,16,41,10,-1,50,900
950,708,1,0.426499,0.181901,7,45,10,-1,250,700
950,76,3,3.31553,4.41662,12.6667,45.3333,10,-1,600,350
950,2314,1,1.77373,3.14613,3,46,10,1,50,900
950,716,1,1.6743,2.80327,6,48,10,-1,250,700
950,1255,1,0.718361,0.516043,30,49,10,-1,150,800
950,1691,1,0.832575,0.69318,44,49,10,-1,100,850
950,2353,2,1.61726,1.42165,58.5,49.5,10.5,0,50,900
950,2296,2,1.77421,1.61276,19,50.5,10.5,0,50,900
950,3191,4,4.13281,4.62182,27.25,49.5,10.75,-2,0,950
950,2282,2,1.96337,1.97508,42,50.5,10.5,0,50,900
950,1718,18,16.7906,17.6336,9.05556,49.7222,12.8333,2,100,850
950,976,3,1.73042,1.20895,14.6667,51,11,-1,200,750
950,2337,1,1.08999,1.18807,45,51,10,-1,50,900
950,216,3,2.45669,2.08561,12,51.3333,11,1,500,450
950,3192,2,3.21371,5.22285,43,53,10.5,0,0,950
950,2354,1,1.34672,1.81366,46,53,10,1,50,900
950,3193,1,0.978579,0.957617,29,54,10,-1,0,950
950,407,26,28.4069,33.676,20.6154,55.3077,12.6923,2,350,600
950,1674,2,2.95829,4.50629,7,60.5,10.5,0,100,850
950,1264,1,0.735457,0.540897,59,60,10,1,150,800
950,3194,4,3.78044,4.00582,61.25,-1.5,11.25,-2,0,950
950,983,5,3.72856,2.98217,55.2,2,12.2,1,200,750
950,712,1,0.672154,0.45179,11,3,11,1,250,700
950,704,2,2.15373,2.32502,42,3,11.5,0,250,700
950,3195,2,1.83867,1.69077,59.5,3,11,0,0,950
950,149,2,2.2296,2.65965,61.5,4.5,11.5,0,550,400
950,394,1,0.938882,0.881499,28,6,11,1,350,600
950,3196,4,3.21692,2.77853,44.5,6.25,12,0,0,950
950,3197,1,0.439439,0.193107,50,6,11,-1,0,950
950,3198,1,0.792099,0.62742,62,7,11,1,0,950
950,706,7,5.59818,4.7799,3.71429,9,12.4286,-1,250,700
950,1675,2,2.18056,2.53838,53,9.5,11,0,100,850
950,973,2,1.68309,1.63765,63,11,11.5,0,200,750
950,2320,4,3.2419,2.8549,12.75,15.5,11.5,-2,50,900
950,3199,4,2.98979,3.87645,6.5,18.5,12,0,0,950
950,3200,1,0.298439,0.089066,54,21,11,1,0,950
950,410,17,16.4341,19.0531,31.5294,21.6471,13.2941,9,350,600
950,314,1,0.66914,0.447749,36,22,11,-1,400,550
950,1687,8,5.32202,4.03532,41.375,23.5,11.75,-2,100,850
950,2321,1,0.522708,0.273224,12,24,11,-1,50,900
950,2364,1,0.485101,0.235323,33,30,11,1,50,900
950,1284,5,3.07255,2.0239,49.4,31,12.2,1,150,800
950,3201,1,1.71854,2.95337,27,33,11,-1,0,950
950,1697,1,1.02137,1.04319,47,34,11,-1,100,850
950,1269,1,1.15557,1.33535,22,35,11,1,150,800
950,556,24,19.9563,18.3251,45.6667,37.4583,16,2,300,650
950,715,3,2.77216,2.59276,35.3333,37,11.6667,-1,250,700
950,3202,2,2.19493,2.46172,32,39,11.5,2,0,950
950,1726,94,89.1404,98.4003,40.8085,42.3511,15.5426,10,100,850
950,1261,3,2.28226,1.91269,46.3333,44.3333,11.6667,1,150,800
950,3203,1,0.925902,0.857295,9,45,11,-1,0,950
950,543,3,1.99724,1.65779,29.3333,44.3333,12,1,300,650
950,2336,2,2.08633,3.06962,0.5,48,11,0,50,900
950,3204,1,0.852886,0.727414,22,52,11,1,0,950
950,1713,30,29.8247,34.2369,47.5667,55.1,13.2667,-6,100,850
950,1297,1,0.68094,0.46368,43,55,11,1,150,800
950,711,7,5.10129,4.6559,-1.57143,57.4286,11.7143,-1,250,700
950,2325,2,1.64543,1.39127,18.5,56,11,0,50,900
950,1695,3,2.45361,2.51142,28.3333,58,11,-1,100,850
950,413,1,1.04494,1.09189,26,59,11,1,350,600
950,1665,1,0.540754,0.292415,52,59,11,1,100,850
950,2264,1,0.720495,0.519113,38,62,11,-1,50,900
950,1703,1,0.588115,0.345879,45,63,11,1,100,850
950,986,1,1.43737,2.06602,10,0,12,-1,200,750
950,3205,7,5.80135,5.17196,13.2857,-0.285714,12.8571,3,0,950
950,3206,1,1.22727,1.50619,50,0,12,1,0,950
950,3207,1,1.18358,1.40087,56,0,12,-1,0,950
950,3208,1,0.56327,0.317273,52,1,12,-1,0,950
950,534,1,0.549135,0.301549,32,3,12,1,300,650
950,2345,3,2.29323,1.78248,3,6.33333,12.3333,1,50,900
950,3209,4,4.37029,5.0016,-1,6.5,12.75,2,0,950
950,319,16,13.8102,14.1003,49.6875,8.5625,13.4375,-2,400,550
950,280,9,9.99486,12.7482,13.8889,8.66667,13.4444,-1,450,500
950,2327,2,1.91072,2.06532,58,9.5,12,0,50,900
950,3210,1,1.28268,1.64528,61,9,12,-1,0,950
950,3211,1,1.10637,1.22405,35,11,12,-1,0,950
950,140,2,1.16731,0.85136,48.5,15,12,0,550,400
950,2360,1,0.700838,0.491173,47,18,12,1,50,900
950,3212,1,0.614942,0.378153,51,18,12,1,0,950
950,3213,2,2.0297,2.1554,54.5,19.5,12.5,0,0,950
950,3214,4,5.55003,8.18703,56,22,13,0,0,950
950,324,1,0.56525,0.319508,28,23,12,-1,400,550
950,2373,7,6.66813,6.87958,26.8571,25.7143,13.7143,-1,50,900
950,3215,3,2.37176,2.31916,5,27.6667,12.6667,1,0,950
950,1279,9,8.04454,8.24884,61,28.6667,13,-1,150,800
950,3216,3,2.43328,2.36451,14.3333,29.3333,12.3333,1,0,950
950,2349,4,3.15407,2.49837,57.5,28.25,12.75,0,50,900
950,1723,2,1.53607,1.31176,53.5,32,12,0,100,850
950,3217,7,7.55927,8.73469,32.2857,35.5714,12.8571,-3,0,950
950,1280,1,1.41404,1.99951,37,35,12,-1,150,800
950,1000,2,1.4562,1.09261,12.5,36.5,12.5,-2,200,750
950,1699,5,5.20122,5.5253,58,35.6,13.2,-3,100,850
950,2293,1,0.360241,0.129773,63,38,12,-1,50,900
950,1717,8,5.43076,4.28309,17.5,44.875,13.625,0,100,850
950,1270,4,3.31836,2.81573,26,42.25,13.25,0,150,800
950,315,3,2.49296,2.38866,12,45.3333,12.3333,-1,400,550
950,3218,1,0.592718,0.351315,32,45,12,-1,0,950
950,320,5,4.28564,4.20669,63.4,43.2,12.8,3,400,550
950,1690,1,0.315038,0.0992486,40,46,12,1,100,850
950,3219,8,5.82536,4.36874,33.5,49.5,12.625,0,0,950
950,2335,2,1.71151,1.48024,36,48,12.5,0,50,900
950,3220,2,1.89959,1.82404,45,48.5,12,0,0,950
950,546,30,26.1629,25.5659,48.9,46.5,15.4667,4,300,650
950,1701,1,1.31282,1.72351,17,49,12,-1,100,850
950,969,1,1.08851,1.18485,0,51,12,1,200,750
950,1277,1,1.26287,1.59483,48,51,12,-1,150,800
950,3221,1,0.694332,0.482098,6,53,12,1,0,950
950,2339,2,2.14447,2.33092,32,56,12.5,0,50,900
950,1714,2,1.68682,1.62914,14.5,58,12,0,100,850
950,2367,5,5.51729,7.36915,55.6,59.8,12.6,-1,50,900
950,1265,1,0.691615,0.478332,29,61,12,1,150,800
950,2343,2,2.08558,2.19139,59,60.5,12.5,2,50,900
950,3222,12,11.0366,12.2218,44.75,0.25,14,4,0,950
950,3223,1,0.511038,0.261159,44,2,13,-1,0,950
950,713,3,2.14376,1.73506,39.6667,3.33333,14,1,250,700
950,1273,8,6.99973,6.58548,48.125,4.125,14.375,-2,150,800
950,1744,1,0.913652,0.834761,54,5,13,1,100,850
950,722,2,1.92257,1.94146,28.5,5.5,13.5,2,250,700
950,3224,3,3.14524,3.96562,42,6.66667,13.3333,-1,0,950
950,3225,1,0.601018,0.361223,54,7,13,1,0,950
950,3226,2,1.95745,1.9209,37,11.5,13,0,0,950
950,707,1,0.624456,0.389945,19,12,13,-1,250,700
950,551,1,0.714043,0.509857,54,14,13,-1,300,650
950,2371,1,1.07975,1.16585,57,15,13,-1,50,900
950,1705,2,1.74182,1.707,40,20,13.5,0,100,850
950,3227,1,0.919385,0.845269,5,21,13,1,0,950
950,3228,1,0.995572,0.991164,46,21,13,-1,0,950
950,1676,2,1.60931,1.44205,26,22,13.5,0,100,850
950,2347,3,3.52995,4.51658,60,23.3333,13.3333,-1,50,900
950,404,1,0.853092,0.727766,51,25,13,-1,350,600
950,2348,3,2.72822,2.50565,16,26.3333,13.6667,-1,50,900
950,2,1,0.808642,0.653902,19,27,13,-1,700,250
950,710,45,36.948,36.5846,31.5111,29.7333,15.9333,3,250,700
950,3229,3,3.27457,3.62071,8.66667,31.3333,13,1,0,950
950,1698,4,2.73165,2.35025,57.5,31.5,13,-2,100,850
950,1749,13,10.9641,11.3585,3.23077,33.4615,14.0769,3,100,850
950,2351,1,0.848459,0.719883,60,32,13,1,50,900
950,3230,1,1.4004,1.96111,61,35,13,-1,0,950
950,1290,1,1.29807,1.68499,42,36,13,-1,150,800
950,1275,2,1.7303,1.63884,17.5,37.5,13.5,0,150,800
950,979,2,1.76466,1.60088,26.5,39,13,0,200,750
950,3231,1,1.64649,2.71093,58,39,13,1,0,950
950,3232,5,6.31038,8.83966,38.4,41.6,13.2,3,0,950
950,3233,2,1.01191,0.570722,7.5,44,13,0,0,950
950,552,2,1.79562,1.65988,14.5,47.5,13,0,300,650
950,724,1,1.99032,3.96137,0,49,13,-1,250,700
950,2365,3,2.82216,3.56598,57.6667,48.3333,13.6667,1,50,900
950,147,2,1.89068,1.80905,45,51.5,13,0,550,400
950,3234,2,1.59392,1.27477,59,51,13.5,0,0,950
950,3235,1,0.673212,0.453215,28,54,13,1,0,950
950,2341,1,1.01449,1.02918,57,54,13,1,50,900
950,2377,1,0.301189,0.0907146,17,56,13,1,50,900
950,138,2,1.71681,1.47377,54,56,13.5,0,550,400
950,557,1,1.2123,1.46968,26,57,13,-1,300,650
950,555,12,11.8263,12.9866,12,58.8333,15,2,300,650
950,2369,4,3.52659,3.15464,62.25,59.75,14,0,50,900
950,1729,2,1.86551,1.78402,21,63.5,13.5,0,100,850
950,1730,38,40.0494,47.3276,13.1053,2.05263,18.0789,2,100,850
950,409,2,2.78393,4.25013,32.5,1,14,0,350,600
950,980,1,0.965237,0.931683,27,3,14,-1,200,750
950,3236,6,6.52851,8.22022,58.8333,3.66667,14.1667,0,0,950
950,2380,1,1.24441,1.54856,7,4,14,1,50,900
950,3,1,0.703385,0.494751,29,9,14,1,700,250
950,2356,7,7.54411,8.62853,7.57143,11.1429,14.2857,-1,50,900
950,403,1,0.354348,0.125563,28,11,14,1,350,600
950,322,2,1.25741,0.790608,30.5,12,14,0,400,550
950,1293,1,0.384809,0.148078,57,12,14,-1,150,800
950,984,4,3.42021,3.32139,62.5,11.5,15.5,2,200,750
950,2393,1,0.617297,0.381055,24,13,14,1,50,900
950,560,1,0.373322,0.13937,19,14,14,1,300,650
950,3237,2,1.94782,1.89711,36,15.5,14,2,0,950
950,2358,2,2.43666,3.23003,40,15.5,14,0,50,900
950,1734,1,0.62646,0.392453,50,15,14,-1,100,850
950,2381,2,2.03639,2.1339,0.5,16,14,-2,50,900
950,725,2,0.788886,0.313422,15.5,15.5,14.5,-2,250,700
950,2359,1,1.05987,1.12333,42,17,14,1,50,900
950,3238,2,1.79384,1.64029,50,17.5,14,0,0,950
950,282,2,2.22638,3.05544,53.5,16.5,14.5,-2,450,500
950,1706,1,1.26355,1.59656,28,18,14,1,100,850
950,1721,1,0.675432,0.456208,33,18,14,-1,100,850
950,3239,1,0.572279,0.327504,56,19,14,-1,0,950
950,3240,2,0.82343,0.38829,52,20.5,14.5,0,0,950
950,2399,1,0.783343,0.613626,58,21,14,1,50,900
950,2372,1,0.577476,0.333478,4,23,14,1,50,900
950,2331,2,1.20691,0.810856,17,23.5,14,0,50,900
950,2397,22,21.0114,23.1352,31.4091,22.5909,17.5455,-4,50,900
950,988,1,1.50557,2.26675,33,24,14,1,200,750
950,411,2,1.14718,1.00348,54.5,24,14,0,350,600
950,1707,4,3.87735,3.91588,1.25,28,14.75,0,100,850
950,989,3,2.52735,3.07087,21,28.3333,14.3333,-1,200,750
950,3241,1,0.940917,0.885325,6,35,14,-1,0,950
950,3242,5,5.54992,6.88917,9.6,37.2,14.8,3,0,950
950,412,2,1.75133,1.53976,1,37.5,14,-2,350,600
950,1709,1,1.06373,1.13151,28,37,14,1,100,850
950,729,3,1.96877,1.5315,30.3333,38,14.6667,-3,250,700
950,990,2,2.44165,2.99999,47.5,38,14,0,200,750
950,1289,1,0.402085,0.161673,51,38,14,-1,150,800
950,3243,2,2.14357,2.36538,61,38.5,14,0,0,950
950,2375,1,1.15062,1.32393,56,40,14,1,50,900
950,1760,6,5.44747,5.64908,33.8333,42.1667,15.3333,0,100,850
950,219,5,4.42842,4.35086,21.4,42.2,14.4,1,500,450
950,1291,2,1.92788,1.87445,29.5,42,14,-2,150,800
950,1276,1,0.537586,0.288998,52,44,14,1,150,800
950,3244,2,2.33565,3.16348,56.5,44.5,14,0,0,950
950,3245,1,1.36537,1.86424,33,46,14,-1,0,950
950,1282,1,1.13922,1.29781,7,48,14,1,150,800
950,3246,1,0.528626,0.279445,12,49,14,-1,0,950
950,2366,3,3.36892,4.13741,51.6667,49.3333,14,1,50,900
950,321,33,32.2242,36.0281,4.72727,52.697,17.303,5,400,550
950,142,1,0.913394,0.834289,41,52,14,-1,550,400
950,549,1,1.20874,1.46106,53,52,14,1,300,650
950,992,1,0.801693,0.642712,25,53,14,1,200,750
950,737,45,40.2184,40.4689,44.2889,52.7778,17.3333,7,250,700
950,3247,2,1.76187,1.56388,0,55.5,14,0,0,950
950,1712,1,0.579127,0.335388,4,57,14,-1,100,850
950,317,1,1.63341,2.66803,29,58,14,-1,400,550
950,2368,10,7.09999,5.80203,1.8,59.7,15.9,2,50,900
950,1755,19,17.6964,20.0657,15.8947,61.1579,17.6316,3,100,850
950,1296,14,10.1723,7.70083,24.1429,57.7143,16.4286,0,150,800
950,3248,2,0.901478,0.645914,40.5,59,14.5,0,0,950
950,1720,2,1.07145,0.708741,50.5,60.5,14.5,0,100,850
950,2379,3,1.65745,1.09506,9.66667,61,14.3333,-1,50,900
950,2408,1,0.890537,0.793056,8,0,15,1,50,900
950,2388,3,2.40137,2.04262,26.3333,0.333333,15.3333,1,50,900
950,3249,3,2.44587,2.0174,38,-0.333333,15.3333,-1,0,950
950,3250,1,1.08362,1.17423,30,1,15,-1,0,950
950,3251,1,0.612216,0.374808,40,1,15,1,0,950
950,3252,2,2.12103,2.3663,48,1.5,15,0,0,950
950,2389,5,5.36974,6.52563,21.2,1.6,16.2,3,50,900
950,997,10,7.84053,6.88275,62.5,4.6,16.9,0,200,750
950,2390,1,0.854172,0.72961,2,5,15,-1,50,900
950,1266,1,1.17366,1.37747,19,7,15,-1,150,800
950,550,5,3.42798,2.44565,36.6,9.6,15.8,1,300,650
950,154,2,1.75833,1.59467,16,12,15.5,0,550,400
950,1259,4,3.53441,4.11962,42.5,12.75,15.25,2,150,800
950,1766,1,0.947223,0.897231,48,13,15,-1,100,850
950,40,1,0.5181,0.268427,3,14,15,-1,650,300
950,3253,1,1.67812,2.81608,5,14,15,-1,0,950
950,2422,14,12.8754,14.3946,11.2143,14.5714,18.5,2,50,900
950,1306,2,2.77258,4.06893,23.5,15.5,15.5,2,150,800
950,2395,5,3.74722,2.84229,59.6,16.4,15,-1,50,900
950,987,2,2.52349,3.18707,29,22,15.5,0,200,750
950,3254,1,0.895548,0.802007,12,23,15,1,0,950
950,1758,2,1.21177,0.735337,7.5,27,15.5,0,100,850
950,2382,2,1.69276,1.47242,38,27,15.5,0,50,900
950,3255,1,1.67843,2.81714,57,27,15,-1,0,950
950,3256,1,1.43234,2.05159,59,28,15,-1,0,950
950,3257,3,2.1845,1.69556,7.33333,29,15.6667,-1,0,950
950,999,1,0.347469,0.120735,17,29,15,1,200,750
950,2426,3,3.95682,5.55849,7.66667,32.6667,16,-1,50,900
950,1288,2,2.32743,3.13061,19,33.5,15.5,0,150,800
950,1294,1,0.561065,0.314794,15,34,15,1,150,800
950,2384,2,1.57935,1.2552,38,35,15.5,0,50,900
950,982,1,0.661186,0.437167,36,36,15,-1,200,750
950,3258,3,3.14129,3.5538,3.66667,39.3333,15,1,0,950
950,1740,3,2.77465,2.86498,19,38.6667,15.6667,-1,100,850
950,3259,14,12.2956,11.9678,64.2143,38.9286,16.8571,-4,0,950
950,1751,1,0.759164,0.576331,53,40,15,1,100,850
950,2376,4,3.76219,4.14794,15.25,44,15.75,0,50,900
950,2385,2,1.09811,0.616334,63,43.5,15,0,50,900
950,3260,1,1.08155,1.16975,4,44,15,1,0,950
950,3261,1,0.179577,0.0322479,25,44,15,-1,0,950
950,3262,2,1.89179,1.9791,5.5,45.5,15.5,2,0,950
950,39,1,0.962532,0.926468,1,47,15,-1,650,300
950,2386,7,7.24419,8.6322,20.7143,47.2857,15.4286,1,50,900
950,146,1,0.652423,0.425655,37,48,15,-1,550,400
950,1727,1,0.503383,0.253394,16,49,15,-1,100,850
950,1762,4,4.17265,4.46805,46.5,49.25,15.75,0,100,850
950,731,2,2.21352,2.51602,14,50,15.5,0,250,700
950,3263,1,0.798023,0.636841,15,52,15,1,0,950
950,2420,13,14.2317,17.4562,22.3846,53.4615,17.5385,1,50,900
950,2405,3,2.22067,1.64884,39,52,15.6667,-1,50,900
950,3264,3,3.11644,3.24459,17,53.3333,15.3333,1,0,950
950,3265,2,1.86264,1.80766,29,55,15.5,0,0,950
950,2355,1,1.23593,1.52753,38,55,15,1,50,900
950,1292,3,2.35088,1.96231,32.3333,56.3333,15.6667,1,150,800
950,144,1,0.423178,0.179079,20,58,15,1,550,400
950,3266,7,5.9883,6.31941,29.5714,62,16.2857,1,0,950
950,3267,1,0.858067,0.736278,37,61,15,1,0,950
950,717,1,0.91339,0.834281,43,61,15,1,250,700
950,3268,4,3.94054,4.30184,49.25,62.75,15.5,0,0,950
950,148,18,17.2137,17.8741,56.1111,4.55556,17.2778,2,550,400
950,3269,1,0.842986,0.710626,44,4,16,-1,0,950
950,3270,1,0.88797,0.788491,8,5,16,-1,0,950
950,2391,1,0.508809,0.258886,28,5,16,1,50,900
950,145,2,2.2587,2.56742,14.5,6,16,0,550,400
950,2392,1,1.12106,1.25677,16,9,16,-1,50,900
950,326,1,1.25296,1.5699,42,9,16,1,400,550
950,1301,7,5.23867,4.62062,46.1429,7,18.1429,3,150,800
950,558,7,6.71683,8.10308,14.2857,9.57143,17.5714,-1,300,650
950,2410,1,1.31409,1.72682,58,10,16,-1,50,900
950,738,10,7.44057,5.87915,54.2,14.4,16.8,0,250,700
950,1287,1,0.948752,0.900131,27,15,16,-1,150,800
950,1307,2,1.77696,1.58927,43.5,16.5,16,0,150,800
950,2396,2,1.8816,1.92014,1.5,16.5,16.5,0,50,900
950,1746,1,1.19829,1.43591,4,17,16,-1,100,850
950,2532,198,187.738,205.481,17.6212,10.2879,26,0,50,900
950,1747,6,4.65477,3.86965,5.33333,18.1667,17,0,100,850
950,2361,1,0.411941,0.169695,39,18,16,-1,50,900
950,222,1,0.277995,0.0772813,45,18,16,-1,500,450
950,3271,9,7.93245,7.84929,-0.444444,20.4444,17.2222,3,0,950
950,2411,1,1.15217,1.3275,31,19,16,1,50,900
950,2394,2,1.7148,1.58619,19.5,20,16,0,50,900
950,3272,2,1.9872,2.05986,51.5,22,16,0,0,950
950,3273,1,1.62725,2.64795,54,23,16,-1,0,950
950,225,3,3.0039,3.41314,19.3333,24,16.6667,-1,500,450
950,1722,1,0.973868,0.948418,40,25,16,1,100,850
950,80,2,1.96873,2.0638,55,26,16.5,0,600,350
950,3274,1,0.747312,0.558475,12,28,16,-1,0,950
950,2383,6,5.95902,6.26003,53.3333,30,16.1667,2,50,900
950,3275,1,0.586364,0.343822,12,31,16,-1,0,950
950,3276,1,0.480104,0.230499,62,32,16,-1,0,950
950,1285,1,1.14303,1.30652,21,33,16,-1,150,800
950,1715,2,1.43961,1.06743,43.5,33.5,16,-2,100,850
950,1724,3,2.45574,2.15742,48.6667,33,17,1,100,850
950,1725,2,1.78832,1.69282,23,34.5,16,0,100,850
950,3277,1,0.825671,0.681732,31,34,16,1,0,950
950,3278,1,0.522505,0.273011,59,34,16,-1,0,950
950,3279,1,0.677659,0.459222,32,36,16,-1,0,950
950,41,1,1.07748,1.16096,48,36,16,1,650,300
950,3280,3,3.45544,4.1011,60,36.3333,16.3333,-1,0,950
950,1739,1,0.851779,0.725528,40,37,16,-1,100,850
950,1710,8,8.52737,10.1389,49.875,38.875,16.375,2,100,850
950,2352,1,1.78711,3.19376,44,39,16,-1,50,900
950,1010,1,1.12546,1.26666,46,41,16,-1,200,750
950,1796,22,20.4818,20.4699,58.5455,40.5,19.1818,6,100,850
950,1791,21,15.9129,14.0156,27.7619,44.381,18.5714,5,100,850
950,1752,1,0.682491,0.465793,51,42,16,1,100,850
950,3281,1,1.21891,1.48575,38,46,16,-1,0,950
950,3282,4,3.86852,3.92223,19.25,49.5,16.75,2,0,950
950,3283,1,0.647321,0.419024,60,51,16,-1,0,950
950,3284,1,0.393261,0.154655,29,53,16,1,0,950
950,566,1,1.51926,2.30814,56,54,16,1,300,650
950,1753,2,1.79256,1.7764,25,55,16.5,0,100,850
950,1771,6,6.41336,8.34869,53.1667,54.8333,17.3333,-2,100,850
950,995,1,1.42197,2.02199,21,56,16,-1,200,750
950,3285,2,2.30673,2.66156,63,56.5,16,0,0,950
950,3286,1,1.10258,1.21569,39,57,16,-1,0,950
950,720,2,2.19035,2.66858,54,58,16.5,0,250,700
950,2429,44,41.6454,45.704,57.3864,60.4091,18.4545,4,50,900
950,1330,6,4.17274,3.16237,42.8333,57.6667,17.1667,-2,150,800
950,2625,285,259.243,266.385,26.5614,57.3404,33.7789,15,50,900
950,1743,1,1.04356,1.08901,22,63,16,1,100,850
950,1765,1,0.706781,0.49954,41,63,16,-1,100,850
950,3287,1,1.0599,1.12339,35,0,17,1,0,950
950,3288,2,1.90025,1.81985,61.5,1,17.5,0,0,950
950,743,1,1.10605,1.22335,3,6,17,1,250,700
950,581,7,6.99776,7.6082,25.8571,5.71429,18.5714,1,300,650
950,283,2,1.91406,1.84956,20,9.5,17,0,450,500
950,3289,2,1.67668,1.73423,26,12.5,17,0,0,950
950,279,5,4.13395,3.87919,46.2,14.2,18.4,1,450,500
950,1004,3,1.6843,1.00248,61,12,17.6667,-1,200,750
950,2434,1,0.522642,0.273155,6,15,17,1,50,900
950,152,1,0.949091,0.900774,48,15,17,-1,550,400
950,1767,3,3.41318,4.00875,28.3333,17.6667,17.6667,1,100,850
950,2423,1,0.672478,0.452226,19,18,17,1,50,900
950,1735,1,0.921712,0.849552,24,18,17,1,100,850
950,554,1,0.534355,0.285535,62,18,17,-1,300,650
950,3290,1,1.49158,2.22481,47,19,17,-1,0,950
950,3291,1,1.0387,1.0789,47,21,17,-1,0,950
950,2398,1,1.47172,2.16595,43,22,17,-1,50,900
950,5,10,9.04147,9.22106,59.2,23.7,17.8,0,700,250
950,3292,2,1.94106,1.88835,17,23.5,17,0,0,950
950,1748,3,2.9388,3.09161,44.6667,25,17.3333,-1,100,850
950,1737,1,0.667125,0.445056,1,25,17,1,100,850
950,2415,9,7.44403,7.01866,36.1111,26,18.2222,1,50,900
950,2425,4,3.14034,2.48727,0,27.25,17.75,0,50,900
950,406,1,1.91209,3.65608,47,29,17,-1,350,600
950,1784,5,3.57817,2.66184,57.8,29,18.6,-1,100,850
950,1005,1,0.958321,0.918379,19,31,17,-1,200,750
950,1794,1,1.16585,1.35919,21,31,17,-1,100,850
950,1738,3,2.6757,2.40819,14,34.3333,17.6667,-1,100,850
950,2416,21,14.7722,11.437,5.04762,36.5714,18.5714,-9,50,900
950,1328,1,0.490563,0.240652,28,37,17,-1,150,800
950,2441,1,0.853185,0.727925,33,38,17,-1,50,900
950,1295,1,1.41087,1.99055,29,39,17,-1,150,800
950,1750,1,0.229948,0.0528762,3,40,17,1,100,850
950,2404,3,1.94051,1.36684,12.6667,40,17.6667,-1,50,900
950,1321,34,31.3174,33.9107,16.6765,40.7941,21.2647,8,150,800
950,2403,1,0.773058,0.597619,22,40,17,1,50,900
950,3293,1,1.32433,1.75385,3,42,17,-1,0,950
950,3294,1,0.733031,0.537335,13,42,17,-1,0,950
950,1770,3,4.33478,6.59939,42.6667,41.6667,17.6667,-3,100,850
950,1016,1,0.7141,0.509939,31,43,17,-1,200,750
950,2418,1,1.1488,1.31975,54,43,17,1,50,900
950,759,5,5.29841,6.87197,25.2,44.6,18.6,1,250,700
950,3295,1,0.544877,0.296891,30,45,17,1,0,950
950,3296,1,0.705472,0.497691,25,47,17,1,0,950
950,3297,2,2.27993,2.9424,63,47,17.5,0,0,950
950,2428,2,2.22173,2.95155,31,48.5,17,0,50,900
950,224,1,1.38246,1.91119,17,50,17,1,500,450
950,3298,1,0.264887,0.0701649,21,50,17,-1,0,950
950,4,12,9.49633,8.90197,50.1667,51.75,18.5,2,700,250
950,3299,7,6.35675,5.87549,38.8571,53.7143,19.1429,-1,0,950
950,1754,3,2.52355,2.17197,18.6667,57.3333,17,-1,100,850
950,1756,4,2.94092,2.24721,34.5,57.75,17.25,0,100,850
950,2406,1,0.535793,0.287074,45,58,17,-1,50,900
950,1303,6,4.74918,4.02593,6.16667,58.6667,18.5,2,150,800
950,3300,2,2.45213,3.34549,50.5,60,17,0,0,950
950,3301,2,1.63099,1.3412,53,63,17.5,0,0,950
950,1305,1,0.931185,0.867106,27,0,18,1,150,800
950,3302,1,0.930094,0.865075,40,3,18,-1,0,950
950,2409,2,1.46517,1.0948,51.5,3,18,0,50,900
950,3303,4,2.4379,1.72911,43.75,7.5,18.75,0,0,950
950,1316,6,5.77202,5.7654,7,9.5,18.5,-2,150,800
950,2421,2,1.28945,0.831348,21.5,10,18.5,0,50,900
950,3304,1,0.650616,0.423301,4,11,18,-1,0,950
950,3305,4,3.40181,4.23137,34.5,11.5,18.25,0,0,950
950,3306,1,0.154786,0.0239588,47,11,18,1,0,950
950,2433,8,5.73661,5.10836,47.875,9.75,19.625,0,50,900
950,3307,1,1.41572,2.00427,55,11,18,-1,0,950
950,3308,2,1.42966,1.02723,2,12.5,18,0,0,950
950,3309,1,0.927077,0.859471,58,14,18,-1,0,950
950,561,1,1.2202,1.48888,39,15,18,1,300,650
950,1018,1,0.716007,0.512665,50,16,18,1,200,750
950,2412,1,0.645141,0.416207,8,19,18,-1,50,900
950,2467,7,6.65949,7.01418,45.2857,19.4286,19.4286,-1,50,900
950,2414,7,5.22497,4.68687,8,22.1429,18,-1,50,900
950,726,2,1.65656,1.94681,50,21.5,18,0,250,700
950,2413,1,0.799682,0.639491,38,22,18,1,50,900
950,3310,1,1.42979,2.04429,6,24,18,-1,0,950
950,3311,2,2.34164,2.77366,50,25,18.5,0,0,950
950,1326,1,1.71869,2.95389,17,26,18,-1,150,800
950,559,1,0.937953,0.879756,22,26,18,1,300,650
950,419,2,2.49239,3.3835,26.5,26,18.5,0,350,600
950,3312,1,1.7957,3.22453,48,26,18,-1,0,950
950,3313,1,0.405634,0.164539,6,27,18,-1,0,950
950,3314,2,1.84296,1.70047,43,27,18.5,0,0,950
950,330,1,1.46184,2.13698,11,28,18,1,400,550
950,2438,1,0.800951,0.641522,15,30,18,1,50,900
950,740,4,4.61306,5.90042,35.75,31.75,18.5,2,250,700
950,728,2,2.18173,2.38022,43,31.5,18,2,250,700
950,2440,1,0.397319,0.157863,33,33,18,1,50,900
950,1309,3,2.42413,2.15833,51,34,18.3333,-1,150,800
950,2427,1,0.938892,0.881518,42,36,18,1,50,900
950,42,1,0.743472,0.55275,49,36,18,1,650,300
950,82,1,0.554569,0.307547,19,37,18,1,600,350
950,736,3,3.77548,4.8998,23.6667,37.3333,18.3333,-1,250,700
950,2442,1,0.948384,0.899433,30,41,18,-1,50,900
950,3315,3,4.14288,5.95911,-1,44.3333,18.3333,-1,0,950
950,2417,2,2.67069,3.5783,59.5,44,18,0,50,900
950,3316,10,12.838,18.3037,53.2,44.8,19.4,4,0,950
950,3317,2,2.7058,3.98655,60,46,18.5,0,0,950
950,565,1,1.29635,1.68053,36,48,18,-1,300,650
950,3318,1,1.19807,1.43538,57,48,18,1,0,950
950,155,3,2.73955,3.06307,38,49.6667,18.3333,1,550,400
950,2508,75,65.9102,68.5133,57.3333,55.12,23.16,-17,50,900
950,3319,1,0.989,0.978122,62,49,18,1,0,950
950,1763,1,0.848053,0.719194,9,50,18,1,100,850
950,2458,5,3.86691,3.41848,11.8,51.8,18.4,-1,50,900
950,1812,2,2.15405,2.32669,57,53,18.5,0,100,850
950,2444,1,1.31064,1.71778,17,55,18,-1,50,900
950,3320,1,1.12372,1.26276,63,56,18,-1,0,950
950,3321,1,0.639333,0.408746,0,58,18,1,0,950
950,3322,4,4.13369,4.53062,34.5,61.25,18.25,0,0,950
950,1779,1,1.26753,1.60664,48,63,18,-1,100,850
950,3323,8,7.41523,7.79921,41.5,3.875,19.875,0,0,950
950,1341,1,1.47336,2.17078,5,6,19,-1,150,800
950,2450,2,1.47576,1.09035,60.5,6,19,0,50,900
950,3324,3,2.89876,2.99331,19.6667,6.66667,20,1,0,950
950,761,1,0.431807,0.186457,30,8,19,-1,250,700
950,3325,1,0.922113,0.850293,40,8,19,1,0,950
950,3326,1,0.863222,0.745152,1,9,19,-1,0,950
950,2451,3,3.66569,4.71106,28.3333,10,19.3333,-1,50,900
950,223,1,0.745287,0.555453,39,11,19,1,500,450
950,2432,1,0.911282,0.830435,41,14,19,1,50,900
950,2424,14,10.7395,10.1926,58.1429,16.4286,20.4286,-4,50,900
950,1773,5,3.83252,3.21077,41.8,16.4,19,1,100,850
950,85,1,0.597765,0.357323,54,18,19,-1,600,350
950,2454,11,9.36137,10.1416,51,19.6364,21.3636,1,50,900
950,1774,1,0.406884,0.165555,3,20,19,-1,100,850
950,564,1,0.653109,0.426552,14,22,19,-1,300,650
950,2481,9,7.61286,7.86746,17.2222,25.2222,20.8889,1,50,900
950,563,1,0.559012,0.312494,48,24,19,-1,300,650
950,1008,5,4.77942,5.54832,12.4,24.8,19.4,-1,200,750
950,3327,1,1.05958,1.12271,20,25,19,-1,0,950
950,3328,2,1.81438,1.65893,54.5,26.5,19,0,0,950
950,1757,3,2.34229,1.8914,62.3333,25.3333,19.6667,-1,100,850
950,2482,6,4.60032,4.31346,3.33333,29.1667,20.5,0,50,900
950,2469,1,1.56264,2.44185,55,29,19,-1,50,900
950,1313,1,1.52172,2.31563,48,30,19,1,150,800
950,1811,33,27.6296,26.8061,17.7576,31.6061,22.1515,-1,100,850
950,3329,2,1.75658,1.6556,8,32.5,19,0,0,950
950,2470,2,2.0947,2.74487,30,33,19.5,0,50,900
950,1333,1,0.410671,0.168651,39,33,19,1,150,800
950,95,1,0.61267,0.375365,21,34,19,-1,600,350
950,3330,1,0.877971,0.770833,21,36,19,-1,0,950
950,3331,1,0.885249,0.783666,34,37,19,1,0,950
950,2485,12,12.3705,13.9768,21,38.1667,20.6667,4,50,900
950,1776,2,1.607,1.31612,48,41.5,19,0,100,850
950,1011,21,17.1337,15.3153,35.4762,45.8571,20.619,-1,200,750
950,2443,3,2.67062,2.70088,46.6667,45,19.6667,-1,50,900
950,1790,2,1.60352,1.48857,15,44.5,19.5,2,100,850
950,3332,1,0.900785,0.811414,31,47,19,1,0,950
950,1777,1,1.22015,1.48877,14,49,19,1,100,850
950,2489,2,1.56771,1.27905,33,50,19.5,0,50,900
950,1315,3,2.87399,2.83747,17,52.3333,19.3333,1,150,800
950,3333,1,1.02261,1.04573,34,52,19,-1,0,950
950,3334,1,0.399615,0.159692,62,52,19,-1,0,950
950,3335,1,0.654343,0.428164,11,54,19,1,0,950
950,1036,43,40.6379,43.9556,31.6744,53.5814,24.6047,-1,200,750
950,2445,2,1.15926,0.776106,5,56,19.5,0,50,900
950,3336,1,1.04323,1.08832,36,56,19,1,0,950
950,3337,6,7.33142,9.44265,52.3333,57,19.5,2,0,950
950,567,1,0.460844,0.212378,14,57,19,-1,300,650
950,1006,1,1.19755,1.43412,29,58,19,1,200,750
950,2460,6,4.33426,3.39077,46.6667,58.8333,19.6667,0,50,900
950,572,1,0.43164,0.186313,37,59,19,1,300,650
950,2446,6,4.4474,3.82038,10,60.3333,20,0,50,900
950,1014,1,0.493763,0.243802,43,61,19,-1,200,750
950,3338,2,1.86133,1.79417,40,62.5,19,0,0,950
950,1015,1,1.14574,1.31272,45,62,19,1,200,750
950,2447,1,0.838267,0.702691,3,0,20,-1,50,900
950,1792,2,2.28885,3.28922,17.5,0.5,20,0,100,850
950,2449,4,4.54231,6.18785,52.5,-0.25,21,0,50,900
950,751,1,0.329903,0.108836,46,3,20,-1,250,700
950,1815,13,11.2608,11.2015,8.84615,7.30769,22.3846,-3,100,850
950,3339,1,1.97461,3.8991,27,8,20,-1,0,950
950,3340,2,1.8512,1.71936,4,9.5,20,0,0,950
950,3341,2,2.66182,4.00365,59,10,20.5,0,0,950
950,3342,3,2.38796,2.16227,30.3333,10.6667,20.6667,-1,0,950
950,3343,10,8.15273,7.36824,43.2,12.1,20.8,-2,0,950
950,6,2,1.25421,0.850871,39,13.5,20,0,700,250
950,3344,1,0.660715,0.436544,50,13,20,1,0,950
950,2478,2,2.37557,3.32318,62.5,14,20.5,-2,50,900
950,3345,2,1.17072,0.687121,5.5,16,20,0,0,950
950,2436,1,0.99972,0.999439,21,19,20,1,50,900
950,585,57,48.7046,46.74,12.0351,19.9474,28.7193,-1,300,650
950,1312,3,2.26536,1.71803,2,23.6667,20.3333,-1,150,800
950,2437,1,1.09626,1.20178,60,23,20,1,50,900
950,331,5,4.09242,3.86398,50.6,28.8,20,1,400,550
950,420,1,0.999935,0.999869,12,30,20,-1,350,600
950,3346,1,0.906577,0.821882,2,31,20,1,0,950
950,730,4,4.81916,6.47273,44,31,20.25,2,250,700
950,424,9,7.79447,8.31642,60.7778,31.5556,21.2222,-1,350,600
950,1768,6,6.05199,6.52393,53,32.3333,20.6667,0,100,850
950,1334,5,3.78329,3.55957,43.6,33.4,20.6,-1,150,800
950,1769,1,1.03181,1.06463,56,34,20,-1,100,850
950,568,1,0.723489,0.523437,55,36,20,1,300,650
950,416,2,1.57965,1.25165,62.5,36,20,0,350,600
950,2455,15,13.6673,14.7317,13,38.2,22,1,50,900
950,1017,4,3.65389,3.83681,31,37.5,20,2,200,750
950,3347,1,1.25678,1.5795,52,37,20,1,0,950
950,3348,4,2.41458,1.50759,28.75,38.75,20.75,0,0,950
950,1787,2,1.57341,1.24696,1.5,41.5,20.5,0,100,850
950,3349,1,0.641334,0.41131,6,42,20,-1,0,950
950,985,1,1.14426,1.30934,41,44,20,1,200,750
950,1778,1,0.851639,0.72529,8,45,20,1,100,850
950,1314,14,10.61,9.54876,11.8571,49,21.5714,2,150,800
950,1741,1,1.00478,1.00958,43,48,20,1,100,850
950,3350,3,2.3884,2.4041,40.6667,50,20.6667,1,0,950
950,3351,2,2.02055,2.16062,62,49.5,20,2,0,950
950,562,1,0.584066,0.341133,53,50,20,-1,300,650
950,3352,1,1.2558,1.57702,7,51,20,1,0,950
950,3353,2,1.72406,1.87522,15,50.5,20.5,0,0,950
950,1801,1,1.02582,1.05231,26,51,20,1,100,850
950,3354,3,1.95042,1.49169,15.3333,53.6667,20.6667,-1,0,950
950,2459,1,0.530374,0.281297,19,53,20,-1,50,900
950,3355,2,1.72247,1.52636,3.5,54,20,0,0,950
950,1024,1,1.16426,1.35551,30,55,20,1,200,750
950,1802,13,12.3119,12.4305,41.3077,55.6154,21.5385,-1,100,850
950,742,5,4.74091,4.83097,45.8,56.4,21,-1,250,700
950,3356,2,1.89023,2.22955,50,57.5,20,0,0,950
950,1813,10,4.46646,2.72689,37.9,59.5,21.6,0,100,850
950,1339,3,1.64356,1.15901,61.6667,60,21,-1,150,800
950,3357,9,7.14209,7.64604,45.2222,62.1111,22.1111,1,0,950
950,3358,1,1.01026,1.02063,43,63,20,-1,0,950
950,3359,3,2.67459,2.70867,0.666667,-1,21.3333,-1,0,950
950,1803,3,2.08696,1.67737,38.3333,0,21.3333,1,100,850
950,2448,1,0.983605,0.967479,55,1,21,-1,50,900
950,1012,5,3.79168,3.11195,1.2,4.2,22,-1,200,750
950,1300,2,1.98248,2.0536,61.5,4.5,21,0,150,800
950,2496,1,0.34692,0.120353,8,5,21,-1,50,900
950,2464,3,2.01502,1.39144,4.33333,5.33333,22,1,50,900
950,2431,1,1.82193,3.31943,13,6,21,-1,50,900
950,417,5,6.28299,8.61363,57,7,22.2,1,350,600
950,3360,1,0.713894,0.509645,22,8,21,-1,0,950
950,3361,1,0.551395,0.304036,61,9,21,-1,0,950
950,2466,1,0.90593,0.820709,6,10,21,1,50,900
950,753,3,2.05271,1.66884,33.3333,12.6667,21,1,250,700
950,329,1,1.4201,2.01667,8,18,21,1,400,550
950,1782,4,2.33086,2.06221,43.25,17.75,21.75,0,100,850
950,1311,2,1.94571,1.92539,30,19.5,21.5,0,150,800
950,3362,1,0.656072,0.430431,41,19,21,-1,0,950
950,1350,18,16.783,17.4282,53.8333,16.7222,22.8889,4,150,800
950,3363,3,1.75171,1.05579,0,19.6667,21.6667,-1,0,950
950,3364,1,0.575037,0.330668,18,20,21,-1,0,950
950,1818,2,1.91624,1.86394,46,22.5,21,0,100,850
950,2501,4,5.29142,7.2912,21.75,22.75,21.75,0,50,900
950,414,2,1.80048,1.69907,27,23.5,21,0,350,600
950,2499,1,0.314922,0.0991756,56,23,21,1,50,900
950,1317,1,0.558609,0.312044,12,27,21,1,150,800
950,44,1,0.63323,0.40098,41,27,21,1,650,300
950,1327,1,0.78877,0.622158,45,29,21,1,150,800
950,2468,5,3.65967,3.17506,7.8,29.4,22,-1,50,900
950,1810,5,4.20955,3.86751,37.2,29.6,22.8,1,100,850
950,2484,4,5.27461,7.40401,39.5,32,21.75,0,50,900
950,1335,3,2.57187,2.36045,49.3333,32,21.6667,1,150,800
950,1785,13,15.309,19.3692,35,34.7692,22.6923,-3,100,850
950,1759,5,2.94452,1.91092,7.4,37,21.8,1,100,850
950,3365,1,0.456603,0.208486,16,36,21,1,0,950
950,3366,2,1.86219,1.76891,42,36.5,21,0,0,950
950,2503,1,1.06849,1.14168,48,36,21,1,50,900
950,1789,3,1.87723,1.21783,35.6667,40,21,1,100,850
950,2526,18,16.1324,16.9896,54.7222,40.2222,24.6667,0,50,900
950,3367,2,1.19054,1.18048,3.5,40.5,21.5,0,0,950
950,1320,14,14.2573,16.6713,49.8571,40.3571,23.4286,4,150,800
950,2456,2,2.56291,3.2854,22.5,43.5,21,0,50,900
950,2457,4,4.83863,6.20492,45.5,43.25,21.75,2,50,900
950,3368,1,0.570474,0.32544,43,45,21,-1,0,950
950,1797,2,2.14099,2.30302,13,46,21.5,0,100,850
950,3369,2,1.24042,0.864084,38.5,46,21.5,0,0,950
950,1799,4,4.26322,5.47332,52,47.5,21.5,2,100,850
950,3370,3,2.22558,1.66818,16.3333,48,21.6667,-1,0,950
950,3371,1,0.839553,0.70485,8,49,21,1,0,950
950,1800,1,0.669978,0.44887,45,49,21,1,100,850
950,3372,1,0.770334,0.593414,0,50,21,-1,0,950
950,3373,1,1.1139,1.24078,20,50,21,-1,0,950
950,3374,1,0.523627,0.274186,49,50,21,-1,0,950
950,1827,1,1.16277,1.35203,36,56,21,1,100,850
950,3375,1,1.70099,2.89336,20,57,21,1,0,950
950,1835,1,0.862892,0.744583,34,57,21,1,100,850
950,3376,1,1.07932,1.16492,63,57,21,-1,0,950
950,2474,1,0.585121,0.342367,6,58,21,1,50,900
950,2461,3,2.58946,3.65479,13.3333,60,21,-1,50,900
950,151,7,6.86977,7.11689,4.28571,61,21.2857,-1,550,400
950,3377,1,0.580508,0.33699,42,60,21,-1,0,950
950,1048,13,13.8052,16.0048,48.7692,61.6923,23.8462,-1,200,750
950,3378,2,1.89647,1.7985,40.5,62,21.5,0,0,950
950,2476,1,1.03896,1.07944,19,0,22,1,50,900
950,1836,19,14.885,12.9126,45.2105,3.84211,25.6316,-1,100,850
950,3379,1,0.823691,0.678466,8,3,22,-1,0,950
950,3380,1,0.433287,0.187738,54,3,22,1,0,950
950,752,1,1.11611,1.2457,49,4,22,-1,250,700
950,1358,1,0.666393,0.44408,26,5,22,-1,150,800
950,744,1,0.543377,0.295258,4,11,22,1,250,700
950,2452,3,1.89128,1.23776,7.66667,12.3333,22,1,50,900
950,2453,1,0.372349,0.138644,25,12,22,-1,50,900
950,86,1,0.555635,0.308731,48,13,22,1,600,350
950,1354,1,1.79205,3.21144,16,14,22,1,150,800
950,3381,1,1.67401,2.80231,43,15,22,1,0,950
950,92,2,2.28813,2.62672,47.5,15.5,22.5,2,600,350
950,2497,10,11.6488,16.6704,12.2,16.4,23.7,4,50,900
950,2479,1,0.561795,0.315614,9,20,22,-1,50,900
950,3382,1,0.683161,0.466709,28,21,22,1,0,950
950,1019,19,14.7861,13.2635,36.7368,20,24,-3,200,750
950,3383,1,0.915146,0.837493,40,23,22,-1,0,950
950,747,5,3.30639,2.74676,8.2,24,22.6,-1,250,700
950,1783,2,1.28891,0.847983,0,25,22.5,0,100,850
950,81,2,2.12574,2.45895,15,24.5,22.5,0,600,350
950,2517,2,1.309,1.05271,60.5,25,22.5,0,50,900
950,2520,1,0.727446,0.529177,10,26,22,1,50,900
950,2521,15,13.1114,13.0902,44.1333,26.3333,23.7333,-1,50,900
950,739,1,1.60783,2.5851,60,27,22,1,250,700
950,3384,2,1.62976,1.39029,57.5,28,22,0,0,950
950,3385,1,0.602629,0.363162,13,29,22,1,0,950
950,1352,4,4.26014,4.83718,40.25,29.25,23.25,2,150,800
950,570,5,5.49331,6.56485,32.6,30.8,23.4,3,300,650
950,749,12,10.724,10.8311,6.75,33.5,24,0,250,700
950,332,1,1.11357,1.24005,12,32,22,1,400,550
950,1029,9,7.81236,7.8947,57,32.7778,24.2222,1,200,750
950,3386,3,2.80766,2.97223,28.6667,34,22.6667,1,0,950
950,3387,1,0.76687,0.58809,51,34,22,-1,0,950
950,2471,2,1.31067,0.859339,1,35.5,22,0,50,900
950,1825,7,5.61784,5.90135,41.2857,34.1429,22.8571,1,100,850
950,3388,1,0.547927,0.300224,45,37,22,1,0,950
950,1336,9,6.98888,5.89825,59.5556,37.4444,23.3333,-5,150,800
950,3389,1,0.489548,0.239657,1,39,22,-1,0,950
950,1786,2,1.18971,0.750518,55,39.5,22,0,100,850
950,2472,3,2.36231,1.86538,33,40.6667,22,-1,50,900
950,1788,1,0.705161,0.497252,15,44,22,1,100,850
950,2473,1,1.07956,1.16544,31,44,22,-1,50,900
950,3390,1,0.5585,0.311922,48,44,22,1,0,950
950,3391,1,1.80842,3.2704,41,45,22,-1,0,950
950,3392,1,0.935232,0.874659,31,46,22,-1,0,950
950,1022,2,1.38497,1.36473,0.5,46.5,22.5,0,200,750
950,1035,3,2.6069,2.3613,26,47.3333,22.3333,1,200,750
950,83,2,1.84088,1.82529,26.5,51,22,0,600,350
950,2491,6,6.5567,9.08036,43.3333,50.8333,22.8333,0,50,900
950,2492,1,1.34113,1.79863,4,53,22,-1,50,900
950,1346,1,0.319113,0.101833,31,56,22,1,150,800
950,2509,1,0.808374,0.653469,52,56,22,1,50,900
950,2493,3,4.21141,6.14403,7.66667,57.6667,22.6667,1,50,900
950,2475,1,1.18745,1.41005,19,59,22,1,50,900
950,2510,2,1.04998,0.639909,51.5,59.5,22.5,0,50,900
950,2512,1,0.988462,0.977058,19,62,22,1,50,900
950,425,2,1.56084,1.36151,17,1.5,23,0,350,600
950,1348,3,3.27531,3.6027,46.3333,1,23.3333,1,150,800
950,156,1,1.79805,3.23297,54,1,23,1,550,400
950,1324,1,0.887287,0.787277,38,2,23,1,150,800
950,45,1,0.511244,0.26137,21,6,23,-1,650,300
950,1837,26,22.3074,22.0907,62.1923,5.57692,26.4231,2,100,850
950,418,2,1.64898,1.55794,51.5,9,23,0,350,600
950,1045,1,0.607062,0.368524,48,11,23,1,200,750
950,1806,3,3.24375,4.0638,55,12,24,1,100,850
950,746,1,0.412981,0.170553,60,13,23,-1,250,700
950,1807,3,3.96455,6.03652,50.6667,14.3333,23.6667,1,100,850
950,3393,1,0.326181,0.106394,63,15,23,1,0,950
950,745,1,0.500795,0.250796,7,18,23,-1,250,700
950,765,5,4.3634,3.89035,49.8,17.4,24.8,-1,250,700
950,2498,1,0.194148,0.0376936,17,19,23,-1,50,900
950,2516,2,2.0764,2.29749,11,20.5,23,0,50,900
950,1020,1,1.80354,3.25276,46,20,23,1,200,750
950,422,2,2.08257,2.27226,48,21,23.5,0,350,600
950,576,2,1.11499,0.712594,25.5,22,23,-2,300,650
950,1808,2,1.33275,1.0089,56.5,22,23.5,0,100,850
950,2518,2,2.51716,3.19331,48,23.5,23,0,50,900
950,2480,4,2.64859,1.89325,6.5,26.5,23.5,0,50,900
950,748,3,3.54919,4.244,20.3333,25.6667,23.3333,-1,250,700
950,226,2,1.98005,2.01166,48.5,27.5,23,0,500,450
950,1853,8,7.01282,7.08688,63.625,27.125,24.75,2,100,850
950,3394,1,0.732181,0.536088,5,28,23,-1,0,950
950,2439,1,0.247107,0.0610616,28,31,23,-1,50,900
950,3395,2,2.07208,2.22357,54.5,36.5,23,0,0,950
950,3396,1,0.658262,0.433309,4,37,23,-1,0,950
950,734,3,2.34814,2.22634,39.6667,38.3333,23.3333,1,250,700
950,2486,1,1.13572,1.28987,10,42,23,-1,50,900
950,2505,1,1.22215,1.49366,12,42,23,-1,50,900
950,3397,4,4.00586,4.88483,37,43.25,23.25,-2,0,950
950,1798,1,1.49313,2.22945,58,44,23,1,100,850
950,2487,3,3.24901,3.69798,60.3333,44,23.6667,-1,50,900
950,1840,1,0.418399,0.175058,4,45,23,1,100,850
950,3398,1,1.93964,3.7622,43,45,23,-1,0,950
950,3399,1,0.760368,0.57816,62,46,23,1,0,950
950,3400,1,0.430948,0.185716,44,47,23,1,0,950
950,3401,1,0.588444,0.346266,54,47,23,-1,0,950
950,228,1,0.980468,0.961317,34,51,23,1,500,450
950,162,5,3.07333,2.17565,36.8,52.4,23,-1,550,400
950,153,2,2.4865,3.26223,7,52,23.5,0,550,400
950,284,2,1.47935,1.37209,16.5,52,23.5,-2,450,500
950,2490,1,0.644166,0.41495,24,52,23,1,50,900
950,1047,3,2.37373,2.01845,47,54.6667,23.6667,-1,200,750
950,3402,1,0.879253,0.773085,1,55,23,-1,0,950
950,3403,1,0.634704,0.402849,60,56,23,1,0,950
950,227,1,1.70868,2.91959,1,57,23,-1,500,450
950,3404,1,0.477571,0.228074,43,57,23,-1,0,950
950,3405,2,1.93624,1.92898,50,57,23.5,0,0,950
950,1332,3,2.82033,2.72963,11.6667,59,23.3333,1,150,800
950,3406,4,6.28387,10.2042,8.25,60.25,23.75,-2,0,950
950,1331,2,1.60532,1.37271,34.5,60,23.5,0,150,800
950,3407,1,1.67586,2.80851,14,61,23,1,0,950
950,750,1,0.322636,0.104094,22,62,23,1,250,700
950,2494,2,2.17638,2.39007,54.5,62.5,23,0,50,900
950,2463,1,0.723728,0.523782,31,0,24,-1,50,900
950,3408,10,8.31539,7.70859,38,-0.7,24.8,-2,0,950
950,2495,2,1.59115,1.52255,58.5,0.5,24,0,50,900
950,2514,3,1.64445,0.94587,9.33333,2.33333,24,1,50,900
950,3409,2,2.00992,2.11621,50.5,1.5,24.5,0,0,950
950,1822,2,1.7483,1.67528,3.5,2.5,24.5,0,100,850
950,7,1,0.725822,0.526817,51,4,24,1,700,250
950,1340,6,4.75525,4.10138,48.3333,7.83333,24.6667,0,150,800
950,733,1,0.791148,0.625915,13,9,24,1,250,700
950,2465,1,0.515838,0.266089,30,9,24,1,50,900
950,3410,2,1.31146,0.992576,8,12.5,24,0,0,950
950,3411,3,3.91248,5.12808,50.3333,12,24.3333,-1,0,950
950,1342,2,1.23901,0.776069,4,16.5,24,0,150,800
950,2535,3,2.29439,1.91327,57.3333,18.3333,25,3,50,900
950,1351,7,8.04904,9.70371,21.7143,22.2857,24.4286,3,150,800
950,3412,1,0.770316,0.593386,29,22,24,-1,0,950
950,2500,1,0.694281,0.482027,17,23,24,1,50,900
950,1824,1,0.976862,0.954259,41,23,24,1,100,850
950,3413,1,0.71131,0.505962,54,24,24,-1,0,950
950,2519,4,4.39937,5.38294,35.5,26.75,24.25,0,50,900
950,2536,1,0.617909,0.381812,39,27,24,1,50,900
950,1832,1,0.595356,0.354448,28,28,24,-1,100,850
950,3414,3,2.72918,2.75067,32,28,24,-1,0,950
950,2522,2,1.36931,0.964571,54.5,28.5,24.5,0,50,900
950,158,16,14.7871,14.9574,11.5,29.3125,26.5,8,550,400
950,2523,7,5.48052,4.56122,11.4286,32.7143,24.7143,1,50,900
950,1846,12,11.7007,13.4865,38.25,33,26.6667,2,100,850
950,1833,4,4.34907,5.29464,18.75,35.5,24.75,2,100,850
950,164,117,114.978,129.496,46.547,38.4103,29.4188,-19,550,400
950,3415,1,0.843949,0.712249,11,38,24,1,0,950
950,3416,1,0.406974,0.165628,63,41,24,-1,0,950
950,774,1,1.3402,1.79614,45,42,24,-1,250,700
950,571,6,5.85575,6.16933,23.5,47.1667,24.1667,-2,300,650
950,758,1,0.629065,0.395723,33,46,24,1,250,700
950,1821,1,0.89391,0.799076,38,47,24,-1,100,850
950,757,7,5.20939,4.01912,53.8571,45.4286,25.8571,1,250,700
950,1023,1,1.25733,1.58088,34,48,24,1,200,750
950,3417,6,4.82491,4.59479,16,49.5,24.6667,-2,0,950
950,3418,1,0.398811,0.15905,53,49,24,1,0,950
950,760,4,4.1654,4.86713,12.25,52,24.75,2,250,700
950,580,1,0.912882,0.833353,10,56,24,1,300,650
950,1337,2,1.47257,1.08574,53.5,57.5,24,0,150,800
950,3419,3,2.68802,2.56255,-0.333333,61.6667,24.3333,-1,0,950
950,1338,2,1.37753,0.952589,31,61.5,24,0,150,800
950,3420,1,0.678475,0.460328,20,63,24,-1,0,950
950,1044,1,1.54958,2.40118,52,63,24,1,200,750
950,2543,2,1.76105,1.73063,17.5,-0.5,25,0,50,900
950,2513,1,0.756309,0.572004,24,0,25,-1,50,900
950,1040,1,1.08641,1.18029,40,2,25,-1,200,750
950,426,1,0.817366,0.668087,3,5,25,-1,350,600
950,2560,18,16.0893,16.6587,42.6111,6.77778,27,-2,50,900
950,3421,1,0.662028,0.43828,2,8,25,1,0,950
950,1805,1,0.765551,0.586069,59,8,25,-1,100,850
950,3422,2,2.06091,2.14697,4,9,25.5,0,0,950
950,2544,4,3.2108,2.65217,48,11,25.75,0,50,900
950,88,1,1.55388,2.41454,53,10,25,1,600,350
950,2561,1,1.75589,3.08315,12,12,25,-1,50,900
950,1026,1,1.02982,1.06053,42,12,25,-1,200,750
950,2515,4,4.86006,6.30093,59,13.75,25,0,50,900
950,3423,1,1.40026,1.96074,4,14,25,-1,0,950
950,584,9,6.72635,6.67024,41.7778,15.2222,26.4444,1,300,650
950,1349,3,2.55314,2.91239,39,15.6667,26,-1,150,800
950,1031,8,7.21786,6.87146,1.25,17,26,0,200,750
950,3424,1,0.489407,0.23952,30,19,25,1,0,950
950,3425,1,1.42255,2.02364,20,20,25,-1,0,950
950,3426,2,2.65358,3.65792,10,22,25.5,0,0,950
950,3427,12,10.4831,10.2294,48.5833,23.75,26.25,0,0,950
950,3428,1,0.764395,0.584299,61,22,25,-1,0,950
950,754,3,2.9434,2.90694,25,23,25.6667,-1,250,700
950,3429,1,0.40752,0.166073,36,24,25,1,0,950
950,1032,6,4.4022,3.74943,3.83333,26.1667,25.5,-4,200,750
950,3430,1,0.377494,0.142502,9,26,25,-1,0,950
950,3431,6,5.39191,5.36023,51,28.3333,25.1667,-2,0,950
950,2550,15,12.4212,11.2763,25.8667,30.0667,27.2667,3,50,900
950,2549,4,3.56612,3.28562,3.75,32,25.75,0,50,900
950,3432,1,1.81535,3.29548,31,36,25,1,0,950
950,3433,1,1.7771,3.15809,34,36,25,-1,0,950
950,1819,1,0.799347,0.638956,57,38,25,-1,100,850
950,1043,1,0.809925,0.655979,6,39,25,-1,200,750
950,96,1,1.68661,2.84466,35,39,25,-1,600,350
950,46,1,0.773153,0.597765,44,40,25,-1,650,300
950,3434,2,1.50186,1.13249,9.5,41.5,25,0,0,950
950,3435,1,1.38279,1.91212,42,42,25,1,0,950
950,2506,3,2.73361,2.8419,30.3333,43.6667,25.3333,-1,50,900
950,333,1,0.811512,0.658552,14,44,25,1,400,550
950,160,1,0.971129,0.943092,25,44,25,-1,550,400
950,2566,3,2.0586,1.42979,3.33333,45,25.6667,1,50,900
950,3436,1,0.743138,0.552253,51,45,25,-1,0,950
950,1361,12,8.90175,7.63681,8,47.1667,27.6667,-2,150,800
950,48,13,11.1998,11.8823,42.3077,46,27.1538,5,650,300
950,2554,1,1.3658,1.8654,31,48,25,1,50,900
950,2582,5,2.65198,1.63022,35.8,50.2,26.2,3,50,900
950,444,6,5.79102,6.1092,39.5,50.3333,26.5,0,350,600
950,1828,2,1.98347,2.1014,60,51,25.5,0,100,850
950,2556,4,3.11607,2.46493,35.5,52.25,25.5,-2,50,900
950,2527,1,0.515534,0.265776,27,54,25,-1,50,900
950,2528,1,0.52732,0.278067,7,55,25,1,50,900
950,2555,1,0.458155,0.209906,15,55,25,-1,50,900
950,3437,2,1.40796,0.993445,17,55.5,25,0,0,950
950,3438,1,0.82385,0.678729,12,56,25,-1,0,950
950,3439,1,0.153304,0.023502,32,56,25,-1,0,950
950,1025,1,0.964338,0.929947,0,59,25,-1,200,750
950,341,6,4.97279,4.44927,2.66667,58.3333,26,2,400,550
950,2557,2,1.77868,1.594,20,59,25.5,-2,50,900
950,1037,1,0.504228,0.254246,46,59,25,-1,200,750
950,3440,2,1.49401,1.18803,23.5,62,25,-2,0,950
950,2530,1,0.801046,0.641674,3,0,26,-1,50,900
950,91,18,17.2122,19.1425,22.1111,-0.111111,28.6111,0,600,350
950,1041,12,9.6108,8.47518,54.4167,0.166667,26.8333,0,200,750
950,3441,2,1.62315,1.32178,0.5,2,26,0,0,950
950,3442,1,1.04877,1.09992,21,2,26,-1,0,950
950,1322,1,0.571697,0.326837,25,2,26,-1,150,800
950,2559,1,0.689616,0.475571,48,2,26,1,50,900
950,3443,4,2.91814,2.26589,9,3.25,26.75,0,0,950
950,435,5,4.46826,4.57439,20,5.2,26.6,-1,350,600
950,1362,2,1.36685,0.934412,29,4.5,26,0,150,800
950,2531,2,1.79345,1.75939,12.5,6.5,26.5,-2,50,900
950,1042,1,0.352619,0.12434,55,8,26,-1,200,750
950,2547,1,0.780041,0.608463,25,16,26,-1,50,900
950,2548,6,5.81444,6.35816,55.3333,16.8333,26.6667,2,50,900
950,8,3,2.73556,2.50338,39.3333,19.6667,26,-1,700,250
950,764,1,1.14385,1.30838,46,19,26,1,250,700
950,3444,1,0.570579,0.325561,60,19,26,-1,0,950
950,427,5,5.63181,6.61821,2.4,23,27.6,1,350,600
950,1114,299,262.785,267.985,41.1204,11.495,37.0803,5,200,750
950,1368,1,0.807733,0.652432,17,25,26,1,150,800
950,772,3,1.84444,1.1568,31,27.3333,26.3333,-1,250,700
950,768,3,2.61923,2.34775,33.3333,28,26.6667,1,250,700
950,1046,34,31.7157,33.7826,41.1765,28.7353,28.8824,-4,200,750
950,3445,2,1.66454,1.44676,9.5,27.5,26.5,2,0,950
950,2502,1,1.43366,2.05537,16,30,26,-1,50,900
950,3446,3,2.81485,3.62606,31.3333,31.3333,26.3333,1,0,950
950,3447,1,0.737722,0.544234,39,31,26,-1,0,950
950,1826,1,1.01199,1.02413,50,33,26,-1,100,850
950,428,11,9.25905,8.77769,59.9091,34.2727,27.2727,-3,350,600
950,3448,2,1.7267,1.49825,51.5,35.5,26,0,0,950
950,2564,1,0.944828,0.8927,55,35,26,1,50,900
950,1355,2,1.59366,1.47487,1,36.5,26,0,150,800
950,3449,2,1.71846,1.63537,49,36.5,26,0,0,950
950,2538,1,1.11516,1.24358,31,38,26,1,50,900
950,1839,16,13.104,11.9592,4.6875,40.0625,29,2,100,850
950,2578,1,1.29154,1.66808,12,39,26,1,50,900
950,588,1,1.14179,1.30368,38,40,26,1,300,650
950,1034,3,2.02146,1.44094,22.3333,42,26,-1,200,750
950,432,1,0.50201,0.252014,48,42,26,1,350,600
950,2552,1,0.936731,0.877465,60,42,26,1,50,900
950,1856,8,5.8542,4.51371,33,46,28.375,-2,100,850
950,2568,1,0.988147,0.976435,19,49,26,-1,50,900
950,2569,4,4.90643,6.80117,49.75,48.25,27.5,2,50,900
950,755,1,1.10467,1.22029,2,50,26,1,250,700
950,2539,6,6.40247,7.82051,-0.666667,51,27.5,-4,50,900
950,2540,1,0.683929,0.467758,62,52,26,-1,50,900
950,3450,1,0.646105,0.417452,40,57,26,-1,0,950
950,3451,1,1.18429,1.40254,9,58,26,-1,0,950
950,335,1,0.358526,0.128541,59,58,26,1,400,550
950,2612,52,46.939,49.1799,19.2885,65.3654,30.3846,2,50,900
950,3452,1,0.994432,0.988895,3,62,26,-1,0,950
950,2588,18,14.4074,12.9654,27.7778,-1.27778,30.1111,2,50,900
950,2558,6,5.20765,4.90972,43.6667,-0.666667,27.5,2,50,900
950,3453,1,0.457349,0.209168,48,0,27,-1,0,950
950,2585,1,0.733192,0.537571,4,2,27,-1,50,900
950,2573,1,1.24761,1.55654,4,6,27,-1,50,900
950,161,14,10.6658,9.72729,50.7143,7.64286,29.2857,0,550,400
950,3454,1,0.889337,0.79092,16,7,27,-1,0,950
950,2574,2,2.04724,2.13927,49,8,27.5,0,50,900
950,582,2,1.92336,1.85428,61,10.5,27,0,300,650
950,285,17,15.9083,17.0001,7.94118,11.7059,28.7647,-1,450,500
950,2546,1,0.828328,0.686127,59,11,27,1,50,900
950,3455,1,1.14032,1.30033,58,13,27,1,0,950
950,3456,1,0.957523,0.91685,60,13,27,1,0,950
950,3457,1,1.10053,1.21116,56,14,27,1,0,950
950,3458,1,0.779857,0.608177,14,15,27,-1,0,950
950,3459,1,1.36597,1.86587,63,15,27,1,0,950
950,2563,3,2.18246,1.76648,11.6667,16.6667,27.3333,1,50,900
950,1378,2,1.40954,1.59699,4,18.5,27.5,0,150,800
950,587,4,3.04926,2.44278,9,18,27.75,0,300,650
950,3460,1,1.14312,1.30672,16,20,27,-1,0,950
950,2575,6,5.31001,4.84443,50.6667,20.1667,28.3333,2,50,900
950,771,2,0.806241,0.346211,13.5,22,27.5,0,250,700
950,3461,2,1.30671,0.862944,34.5,22,27,0,0,950
950,1851,1,1.28247,1.64472,52,24,27,1,100,850
950,1852,5,2.83632,1.79764,29.4,25.8,28.6,-1,100,850
950,3462,1,0.70641,0.499015,7,28,27,-1,0,950
950,3463,4,2.69301,1.92468,19,29,27.75,0,0,950
950,47,1,1.08714,1.18188,46,29,27,-1,650,300
950,87,3,2.54741,2.21468,60.3333,30.6667,27,-1,600,350
950,3464,1,0.681913,0.465006,2,31,27,1,0,950
950,1073,24,23.0407,24.8325,47.4583,28.5417,30.875,-4,200,750
950,770,1,0.95134,0.905048,6,33,27,-1,250,700
950,90,3,2.88334,2.82678,15.3333,34.6667,27.3333,3,600,350
950,2524,3,2.84821,2.78664,12.6667,35.6667,27,1,50,900
950,1343,5,4.52124,4.40077,9.8,34.8,28.4,-1,150,800
950,2504,2,1.46014,1.11326,17,39.5,27,0,50,900
950,2579,2,1.70952,1.5429,1,42.5,27,0,50,900
950,340,1,0.859317,0.738425,33,42,27,-1,400,550
950,589,1,1.2062,1.45491,58,42,27,-1,300,650
950,1054,3,2.66613,2.4376,24.6667,46,28,1,200,750
950,1857,3,2.21552,1.71055,27.3333,46.6667,27,-1,100,850
950,1842,7,7.0228,8.07817,21.1429,47.5714,27.5714,-1,100,850
950,1834,1,1.27558,1.62711,25,48,27,-1,100,850
950,3465,1,1.31651,1.73321,15,49,27,-1,0,950
950,3466,1,0.337435,0.113863,33,49,27,1,0,950
950,1370,2,2.72338,3.73357,59.5,49,27.5,-2,150,800
950,2572,1,1.21186,1.46861,25,50,27,-1,50,900
950,286,1,0.417291,0.174131,10,51,27,-1,450,500
950,2581,1,0.945566,0.894095,12,51,27,-1,50,900
950,1065,3,3.0473,3.19189,26.3333,52.6667,27.3333,1,200,750
950,3467,2,2.85215,4.0677,14,54.5,27,0,0,950
950,763,1,0.412499,0.170155,57,54,27,1,250,700
950,1057,1,0.246977,0.0609977,18,55,27,1,200,750
950,1858,1,0.600993,0.361193,50,57,27,-1,100,850
950,3468,4,3.28572,2.856,57,57,27.5,2,0,950
950,1058,2,2.03502,2.15307,47.5,58,27,0,200,750
950,1038,4,3.95609,4.56209,16.25,59,27.25,0,200,750
950,1849,1,0.943437,0.890073,44,60,27,-1,100,850
950,2600,1,1.31893,1.73956,4,0,28,1,50,900
950,2586,5,4.23403,4.54451,34.6,1.4,29.2,-1,50,900
950,3469,1,1.19704,1.43291,27,3,28,-1,0,950
950,1357,3,2.3619,2.47222,54.3333,3.33333,28.3333,-1,150,800
950,3470,2,1.34374,0.903004,58,3.5,28.5,0,0,950
950,1030,1,0.670704,0.449844,25,6,28,-1,200,750
950,1816,4,3.42912,3.74977,36.75,8.5,28.5,-2,100,850
950,1359,1,0.955172,0.912353,55,7,28,-1,150,800
950,3471,5,3.30845,2.24066,55.6,10,28.2,1,0,950
950,3472,2,2.09343,2.40388,14.5,13,28,0,0,950
950,775,1,0.916127,0.839288,9,15,28,-1,250,700
950,2533,1,1.22058,1.48982,31,15,28,1,50,900
950,1843,1,1.02925,1.05935,48,15,28,1,100,850
950,2619,3,4.63371,7.26428,60,18,29,1,50,900
950,1862,1,1.32661,1.75991,29,19,28,-1,100,850
950,1325,1,1.46775,2.15429,24,21,28,-1,150,800
950,3473,1,0.855719,0.732254,16,23,28,1,0,950
950,3474,2,1.21675,0.775385,32,24.5,28,0,0,950
950,766,2,1.75064,1.98574,34.5,24.5,28,2,250,700
950,3475,1,1.30922,1.71405,4,25,28,1,0,950
950,1363,6,5.31413,4.8582,54.8333,23.1667,29.1667,2,150,800
950,1364,1,0.708013,0.501283,13,28,28,1,150,800
950,3476,2,1.40787,0.994043,56.5,28,28,0,0,950
950,2592,1,0.575091,0.33073,62,28,28,-1,50,900
950,2593,1,0.709889,0.503942,5,29,28,-1,50,900
950,1344,2,1.84219,1.71149,15.5,31.5,28,0,150,800
950,1074,141,130.355,142.498,58.6809,27.7801,34.3262,19,200,750
950,781,2,1.75061,1.92862,50.5,39.5,28,0,250,700
950,159,5,4.88111,5.11358,7,44.8,28.2,-1,550,400
950,2567,4,3.59882,3.79889,2,45.5,28.5,2,50,900
950,586,1,0.748428,0.560144,15,45,28,-1,300,650
950,2597,2,2.19772,2.72266,1,48.5,28,0,50,900
950,240,7,5.30619,4.75764,36.5714,48.2857,29.4286,-1,500,450
950,2570,5,3.63937,2.92697,11.8,50.2,28.8,-1,50,900
950,2553,2,2.651,4.25398,18.5,49,28,0,50,900
950,2606,1,1.34524,1.80968,42,49,28,-1,50,900
950,338,5,4.9457,5.03776,48.2,50.2,29,-1,400,550
950,2571,2,1.63045,1.38245,8,51,28.5,0,50,900
950,1847,8,7.32464,8.34737,52.75,50.125,29.75,0,100,850
950,3477,1,0.761326,0.579618,9,53,28,-1,0,950
950,3478,1,1.05566,1.11441,3,54,28,-1,0,950
950,1848,1,0.86238,0.7437,55,56,28,1,100,850
950,1868,1,0.773321,0.598025,50,59,28,1,100,850
950,1050,5,3.85947,3.13622,62.6,59.4,28.8,1,200,750
950,1039,4,4.51423,5.69285,52.25,61.75,28.75,0,200,750
950,433,10,11.281,14.215,3.3,0.8,30.4,-2,350,600
950,3479,1,0.555249,0.308301,43,2,29,1,0,950
950,1861,6,5.44043,5.45955,17.6667,4,29.8333,0,100,850
950,1850,6,4.09451,2.85545,32.3333,4,30.6667,-2,100,850
950,165,1,1.003,1.00601,38,4,29,-1,550,400
950,3480,1,0.532194,0.28323,1,7,29,-1,0,950
950,3481,1,0.867536,0.75262,47,9,29,-1,0,950
950,3482,1,0.605988,0.367222,53,9,29,-1,0,950
950,1377,6,4.85802,4.24836,2,11,30.6667,2,150,800
950,1366,1,1.18107,1.39492,22,12,29,1,150,800
950,3483,1,1.02935,1.05957,2,14,29,1,0,950
950,1061,1,0.381902,0.145849,8,23,29,-1,200,750
950,3484,3,2.37231,2.04881,17.6667,24,29.6667,1,0,950
950,1374,3,2.78501,3.00921,10,26,29,1,150,800
950,3485,3,2.02074,1.53015,15.3333,28,30,1,0,950
950,1399,3,2.82973,2.77354,2,27.6667,29.6667,-1,150,800
950,2604,1,0.525233,0.27587,44,32,29,-1,50,900
950,1866,1,0.817698,0.66863,36,33,29,1,100,850
950,1880,2,1.66668,1.38971,4,35,29.5,0,100,850
950,3486,4,3.24334,3.12539,0.5,38.25,29.25,0,0,950
950,1381,15,12.9173,12.8908,57.3333,38.6,31.0667,-1,150,800
950,780,1,0.820947,0.673953,36,40,29,-1,250,700
950,3487,1,1.64955,2.721,1,43,29,1,0,950
950,2580,1,0.651557,0.424526,60,43,29,1,50,900
950,3488,1,0.803631,0.645822,63,44,29,1,0,950
950,595,1,0.928735,0.862549,36,45,29,-1,300,650
950,3489,2,1.03336,0.866221,57.5,44.5,29.5,0,0,950
950,3490,2,2.76339,4.02664,54,46.5,29,0,0,950
950,1393,2,1.53351,1.20608,30,47,29.5,2,150,800
950,2595,9,9.47637,11.6957,23.7778,49.3333,29.5556,3,50,900
950,343,3,2.06206,1.89908,61.3333,47.6667,29.3333,-1,400,550
950,3491,1,0.928174,0.861508,55,49,29,-1,0,950
950,811,3,2.4677,2.12994,37.6667,52.3333,29.6667,-1,250,700
950,2583,2,1.38742,0.965662,31.5,52.5,29.5,0,50,900
950,1055,1,0.91159,0.830997,52,54,29,-1,200,750
950,2599,5,4.6668,4.39512,59.4,57.2,30,1,50,900
950,2584,7,7.38094,8.30645,31.7143,57.7143,29.8571,1,50,900
950,434,1,0.795169,0.632294,2,60,29,1,350,600
950,777,1,0.681596,0.464573,7,62,29,1,250,700
950,3492,1,0.756942,0.572961,37,62,29,-1,0,950
950,437,16,16.76,20.259,62.125,2.75,32.625,2,350,600
950,2641,2,1.34893,0.916559,39,1.5,30.5,0,50,900
950,2589,1,0.824314,0.679494,51,2,30,-1,50,900
950,3493,1,0.999399,0.998798,58,2,30,-1,0,950
950,3494,1,1.1313,1.27984,45,3,30,-1,0,950
950,3495,2,2.34799,2.82471,52,4.5,30,0,0,950
950,2615,1,1.36733,1.86958,35,6,30,1,50,900
950,2601,1,0.720757,0.51949,54,6,30,1,50,900
950,13,4,3.50345,3.84586,40.75,11.75,30.5,0,700,250
950,1844,1,0.844013,0.712358,42,14,30,1,100,850
950,3496,1,0.778912,0.606703,9,15,30,-1,0,950
950,2591,1,0.628788,0.395375,51,16,30,-1,50,900
950,3497,1,0.216925,0.0470567,9,17,30,-1,0,950
950,2590,2,1.96508,2.35498,31,17.5,30,0,50,900
950,2618,6,4.86978,5.10545,2.33333,18.8333,31.1667,-2,50,900
950,3498,3,2.59869,2.2887,13.6667,22.3333,30,-1,0,950
950,1079,1,1.21027,1.46476,47,23,30,-1,200,750
950,3499,2,1.25671,0.902313,51.5,23.5,30.5,0,0,950
950,1069,11,8.21057,7.10624,40,25.0909,32,1,200,750
950,3500,1,0.581055,0.337625,27,26,30,1,0,950
950,438,1,0.59501,0.354037,55,26,30,1,350,600
950,3501,1,0.815077,0.664351,5,27,30,1,0,950
950,3502,1,0.653726,0.427358,60,27,30,1,0,950
950,1863,1,0.90206,0.813712,20,28,30,1,100,850
950,778,1,0.632967,0.400648,63,30,30,-1,250,700
950,3503,1,1.47872,2.18663,9,31,30,1,0,950
950,769,1,1.36552,1.86465,51,31,30,1,250,700
950,1380,1,0.619053,0.383227,13,32,30,-1,150,800
950,1360,1,0.942954,0.889162,62,35,30,-1,150,800
950,2634,1,1.08612,1.17965,4,37,30,1,50,900
950,1375,1,0.479517,0.229937,30,39,30,1,150,800
950,579,1,0.418588,0.175216,54,43,30,-1,300,650
950,3504,1,1.1425,1.3053,39,46,30,1,0,950
950,2596,1,0.816849,0.667242,49,46,30,1,50,900
950,1854,2,1.21444,0.746032,23,47,30.5,0,100,850
950,3505,2,1.99568,2.3674,0,48.5,30,0,0,950
950,1875,1,0.822829,0.677048,14,48,30,1,100,850
950,1394,2,0.962358,0.482081,59,48,30.5,0,150,800
950,1876,1,0.641568,0.41161,32,49,30,-1,100,850
950,3506,2,1.00536,0.598188,15.5,50,30,2,0,950
950,2598,2,1.50293,1.29108,60.5,50.5,30,0,50,900
950,3507,1,1.38751,1.92518,18,51,30,-1,0,950
950,1895,1,1.23804,1.53275,55,51,30,-1,100,850
950,1070,29,26.0241,26.6181,37.5172,50.6552,32.7241,3,200,750
950,2624,3,3.63973,4.4813,58.6667,53,30.3333,1,50,900
950,2626,1,0.416585,0.173543,62,56,30,-1,50,900
950,1887,1,0.92266,0.851301,39,57,30,-1,100,850
950,1877,4,2.61215,1.81705,56.25,57.25,31,2,100,850
950,1066,2,1.99329,2.18198,34.5,60,30.5,-2,200,750
950,591,1,0.591292,0.349626,41,62,30,1,300,650
950,2614,2,1.75245,1.54388,33.5,0.5,31.5,2,50,900
950,783,1,1.00102,1.00203,10,2,31,-1,250,700
950,1071,1,0.649193,0.421452,25,3,31,1,200,750
950,2629,1,0.487561,0.237715,43,3,31,-1,50,900
950,3508,3,2.07669,1.48252,54.3333,3.33333,31.3333,-1,0,950
950,3509,2,2.78683,3.93242,62.5,5,31,2,0,950
950,3510,2,1.73364,1.50993,56,6.5,31,0,0,950
950,3511,2,1.93907,1.94804,37.5,7.5,31.5,2,0,950
950,1372,1,0.64179,0.411894,63,9,31,1,150,800
950,1396,2,2.20271,2.4789,38.5,10,31.5,0,150,800
950,800,1,0.888734,0.789848,47,11,31,-1,250,700
950,3512,1,0.658145,0.433155,38,12,31,-1,0,950
950,1889,1,0.518113,0.268442,61,12,31,1,100,850
950,2616,1,0.839038,0.703984,16,13,31,-1,50,900
950,1383,2,1.31369,0.867164,53,14,31.5,-2,150,800
950,3513,1,0.284779,0.0810992,3,15,31,1,0,950
950,807,1,1.13659,1.29184,48,15,31,-1,250,700
950,3514,1,0.243438,0.0592621,63,16,31,1,0,950
950,2617,1,0.787826,0.62067,17,17,31,-1,50,900
950,3515,1,0.83754,0.701473,7,18,31,1,0,950
950,594,2,1.91562,1.89659,38,17.5,31.5,-2,300,650
950,1072,1,0.720594,0.519256,63,23,31,-1,200,750
950,2632,1,0.767022,0.588323,10,26,31,1,50,900
950,3516,2,1.54742,1.36146,17,26.5,31,0,0,950
950,3517,1,0.814567,0.663519,9,28,31,1,0,950
950,1390,2,1.36872,0.93797,22.5,28.5,31.5,0,150,800
950,1080,1,0.763349,0.582702,51,28,31,-1,200,750
950,2620,2,3.13333,4.94767,3,31,31.5,0,50,900
950,3518,1,1.08829,1.18439,11,31,31,-1,0,950
950,3519,1,1.26711,1.60558,55,31,31,1,0,950
950,3520,2,1.36318,0.931546,0.5,33.5,31.5,2,0,950
950,94,3,1.85258,1.28194,52.3333,34.6667,31,-1,600,350
950,1873,2,1.36668,0.987445,35.5,44,31,0,100,850
950,599,2,1.51106,1.1429,41.5,44.5,31,2,300,650
950,3521,1,1.62385,2.6369,44,44,31,1,0,950
950,3522,1,1.18895,1.41361,1,45,31,-1,0,950
950,3523,1,0.29046,0.0843672,62,45,31,-1,0,950
950,3524,5,3.57947,3.20961,19,49,31.4,-5,0,950
950,2608,4,3.86556,3.82352,49,52,31.75,-2,50,900
950,2607,1,0.793042,0.628915,20,53,31,-1,50,900
950,2690,71,58.1612,54.2312,34.7606,54.3521,36.0845,5,50,900
950,2640,1,0.852035,0.725963,9,56,31,-1,50,900
950,2610,6,5.98382,6.0665,20.8333,58.6667,31.5,2,50,900
950,1885,4,2.25902,1.39612,8.5,59.5,31,0,100,850
950,1059,1,0.855566,0.731994,28,59,31,1,200,750
950,3525,2,2.83794,4.06199,11,60.5,31,0,0,950
950,1060,1,0.845069,0.714142,30,60,31,-1,200,750
950,1870,2,2.05476,2.20069,54.5,61.5,31.5,0,100,850
950,3526,1,0.796943,0.635119,39,62,31,1,0,950
950,2611,2,1.84169,1.855,50.5,62.5,31,-2,50,900
950,2653,1,0.551051,0.303657,41,1,32,1,50,900
950,3527,3,2.88776,3.37637,49,3,32.3333,1,0,950
950,3528,1,1.01187,1.02388,40,5,32,-1,0,950
950,3529,1,0.830337,0.68946,47,5,32,-1,0,950
950,288,50,34.6221,27.11,25.88,5.74,35.12,-8,450,500
950,234,2,1.7575,1.54484,4.5,7,32,0,500,450
950,2644,1,0.838742,0.703488,9,9,32,1,50,900
950,790,1,0.799089,0.638543,28,10,32,1,250,700
950,1067,2,2.15627,2.41353,43,10,32.5,0,200,750
950,3530,1,0.523459,0.27401,45,10,32,-1,0,950
950,1083,2,1.9568,1.91955,9.5,11.5,32.5,2,200,750
950,17,1,0.711423,0.506123,51,14,32,-1,700,250
950,3531,3,2.40612,1.94632,13.3333,15.6667,32.3333,-1,0,950
950,1917,1,1.08095,1.16845,60,15,32,1,100,850
950,3532,1,0.557303,0.310587,62,19,32,-1,0,950
950,166,2,1.92406,2.69406,60,20.5,32.5,0,550,400
950,3533,1,0.742017,0.550589,47,21,32,1,0,950
950,3534,4,3.04827,2.66952,17,22,33,2,0,950
950,1878,5,4.21587,3.58465,37.4,22.2,32.6,1,100,850
950,1900,1,0.618049,0.381984,42,23,32,1,100,850
950,3535,2,1.40748,1.06742,45.5,23.5,32.5,2,0,950
950,3536,5,3.90092,3.17516,19.2,23.8,33.2,5,0,950
950,600,1,0.281128,0.0790329,52,25,32,-1,300,650
950,235,1,0.666302,0.443958,0,28,32,-1,500,450
950,795,1,0.678604,0.460503,2,29,32,1,250,700
950,2633,1,0.787085,0.619502,14,32,32,1,50,900
950,1865,1,0.906549,0.821832,44,35,32,-1,100,850
950,784,12,12.0461,13.489,49.8333,34.25,33.5,0,250,700
950,792,1,1.2037,1.44889,50,44,32,-1,250,700
950,3537,29,24.7782,24.2816,58.6897,47.3793,35.0345,-3,0,950
950,1424,1,0.569285,0.324085,35,47,32,1,150,800
950,1904,6,4.57631,3.81737,51.1667,47,34,0,100,850
950,2648,2,0.940068,0.443696,33,49.5,32,0,50,900
950,2622,1,0.638454,0.407623,6,50,32,-1,50,900
950,51,1,0.504344,0.254363,9,50,32,-1,650,300
950,1081,1,1.71328,2.93534,23,50,32,1,200,750
950,3538,3,2.4178,2.04713,54.3333,50,32.6667,-3,0,950
950,3539,1,1.05363,1.11013,57,51,32,-1,0,950
950,3540,2,1.45094,1.05609,55.5,54,32,0,0,950
950,1907,2,2.44904,3.35071,51.5,56.5,32,2,100,850
950,1082,3,2.80323,3.13704,1,57.3333,32.6667,-1,200,750
950,3541,1,1.32428,1.75373,62,57,32,-1,0,950
950,2627,2,1.21745,0.763418,3.5,60,32,0,50,900
950,345,2,1.72496,1.64599,47,60,32.5,0,400,550
950,3542,4,3.71332,3.59883,0,60.5,33,0,0,950
950,2613,2,1.29554,0.968295,31,62.5,32,0,50,900
950,1395,2,1.48563,1.10411,10,0.5,33,0,150,800
950,3543,1,1.16054,1.34685,50,0,33,-1,0,950
950,3544,3,1.31768,0.661464,57.3333,0.333333,33.6667,1,0,950
950,1376,1,0.802144,0.643435,30,1,33,-1,150,800
950,2652,6,4.07493,2.86207,37.8333,2.16667,34.3333,0,50,900
950,3545,2,1.40946,0.998611,43,1.5,33,-2,0,950
950,2630,2,1.5022,1.47132,3.5,1.5,33.5,2,50,900
950,3546,3,1.56846,0.912803,45.3333,4,33,-1,0,950
950,3547,4,2.37359,1.67045,55,6.5,33.75,0,0,950
950,1898,2,2.08614,2.17605,41,9.5,33,0,100,850
950,3548,6,5.67213,6.05039,46.1667,9,34,0,0,950
950,593,2,1.68496,1.76234,62,9.5,33,2,300,650
950,1908,1,0.478443,0.228908,20,10,33,-1,100,850
950,1909,1,1.15901,1.3433,31,11,33,-1,100,850
950,3549,1,1.20819,1.45973,61,12,33,1,0,950
950,1077,2,2.38105,3.2229,35,13,33.5,0,200,750
950,1093,8,7.99894,8.71732,54.875,15.25,33.875,-2,200,750
950,1384,3,3.95797,5.33966,24.6667,16,33.3333,-1,150,800
950,291,3,2.8803,3.55422,49,14.6667,33.6667,1,450,500
950,18,1,1.87814,3.52742,55,19,33,-1,700,250
950,292,2,1.89059,1.83097,13.5,26,33.5,0,450,500
950,3550,1,0.840435,0.706331,17,26,33,1,0,950
950,1893,2,1.92168,1.85344,47,37.5,33,0,100,850
950,2000,219,203.732,216.842,49.1735,40.2557,43.9772,-1,100,850
950,3551,1,0.350165,0.122615,37,45,33,-1,0,950
950,1905,11,7.66055,6.14504,27.9091,46.8182,34,1,100,850
950,3552,1,0.512041,0.262186,61,46,33,1,0,950
950,3553,1,1.31596,1.73174,19,48,33,-1,0,950
950,1419,2,1.44849,1.05391,1,53,33.5,0,150,800
950,793,1,0.975367,0.951341,9,54,33,1,250,700
950,3554,2,1.48202,1.12258,8.5,57.5,33,0,0,950
950,2628,1,0.718647,0.516453,25,59,33,1,50,900
950,3555,1,0.434961,0.189191,8,60,33,-1,0,950
950,1886,1,1.07939,1.16508,12,60,33,-1,100,850
950,3556,1,0.865011,0.748244,6,62,33,1,0,950
950,799,2,1.88323,1.83735,41.5,62,33,0,250,700
950,1896,3,1.526,0.869887,36.6667,-0.333333,34.3333,1,100,850
950,3557,3,2.4558,2.04661,59.6667,1,34.6667,-1,0,950
950,2654,4,3.57123,3.41226,6.25,5.75,34.5,0,50,900
950,2642,1,0.709207,0.502975,18,5,34,-1,50,900
950,2643,1,0.293272,0.0860087,1,6,34,-1,50,900
950,3558,1,0.450768,0.203191,50,7,34,-1,0,950
950,3559,1,0.453173,0.205366,0,8,34,1,0,950
950,2603,1,0.784579,0.615564,17,8,34,-1,50,900
950,3560,2,1.27868,0.824995,60,8,34.5,0,0,950
950,1076,3,3.33974,4.24811,7,9,34.3333,-1,200,750
950,608,11,8.64267,7.69367,4.54545,9.63636,36.2727,-3,300,650
950,100,2,1.21686,1.1071,17.5,10.5,34.5,0,600,350
950,3561,1,1.16304,1.35265,50,10,34,-1,0,950
950,2670,1,1.05811,1.1196,33,13,34,1,50,900
950,1092,1,1.21817,1.48394,13,14,34,-1,200,750
950,791,1,0.927701,0.860629,37,15,34,-1,250,700
950,1411,3,2.74867,2.99795,52.6667,15.6667,35,-1,150,800
950,1928,1,1.03108,1.06313,58,17,34,1,100,850
950,443,1,0.92207,0.850212,7,18,34,1,350,600
950,1387,1,0.737255,0.543544,46,18,34,1,150,800
950,439,1,1.65668,2.74461,14,21,34,1,350,600
950,1385,1,1.11675,1.24713,6,22,34,1,150,800
950,2658,4,4.67703,5.87901,41,21.5,34.5,0,50,900
950,53,1,1.09519,1.19943,11,27,34,1,650,300
950,3562,1,0.825086,0.680767,19,27,34,1,0,950
950,1952,1,0.557424,0.310722,13,28,34,-1,100,850
950,1389,4,3.31278,3.03177,46.25,30.25,34.75,0,150,800
950,239,3,2.42193,2.57741,53.3333,36,34.6667,1,500,450
950,1412,4,5.0569,6.81602,16.5,39.75,34.75,-2,150,800
950,1874,2,1.53751,1.23903,39,40,34.5,-2,100,850
950,2605,1,0.547638,0.299907,28,42,34,1,50,900
950,2637,5,5.86874,7.67184,62.2,43,35,1,50,900
950,1064,1,0.905306,0.819578,14,43,34,1,200,750
950,2664,3,3.33027,3.7058,2,43.6667,34.6667,-1,50,900
950,2665,3,2.60759,3.08742,34.3333,46.3333,34.3333,-1,50,900
950,3563,1,1.1883,1.41205,6,47,34,1,0,950
950,2647,1,0.53185,0.282864,30,50,34,-1,50,900
950,3564,1,0.441602,0.195012,8,51,34,1,0,950
950,798,1,0.882257,0.778378,23,51,34,1,250,700
950,3565,1,1.62893,2.65341,3,57,34,-1,0,950
950,2649,1,0.722682,0.522269,31,58,34,1,50,900
950,1405,1,0.223641,0.0500151,40,58,34,1,150,800
950,98,5,5.7064,6.55406,19.4,59.6,35.2,-1,600,350
950,2650,1,1.11037,1.23292,60,60,34,-1,50,900
950,3566,1,0.568216,0.32287,62,61,34,-1,0,950
950,348,1,1.79762,3.23145,3,62,34,-1,400,550
950,601,2,1.76339,2.10313,20,62.5,34,0,300,650
950,3567,3,2.61729,2.31379,29,61.6667,34.6667,-1,0,950
950,2675,18,14.2606,13.7311,24.9444,62.3889,36,-4,50,900
950,1085,1,0.571256,0.326333,23,0,35,-1,200,750
950,1097,3,3.21759,3.90309,43,-1,35.6667,-1,200,750
950,2651,1,0.857438,0.7352,12,1,35,-1,50,900
950,596,1,0.879334,0.773228,14,1,35,-1,300,650
950,2677,1,0.601715,0.36206,43,2,35,-1,50,900
950,789,1,0.996876,0.993761,8,3,35,-1,250,700
950,3568,1,0.735871,0.541506,57,3,35,1,0,950
950,15,1,1.58986,2.52765,38,10,35,1,700,250
950,1401,1,0.957096,0.916033,26,11,35,-1,150,800
950,242,1,0.927609,0.860458,6,12,35,-1,500,450
950,1403,1,0.799507,0.639211,25,13,35,1,150,800
950,3569,2,1.7112,1.59603,7.5,14.5,35.5,2,0,950
950,1440,98,95.5698,103.315,12.5918,11.8163,39.3673,-6,150,800
950,3570,1,0.792921,0.628723,28,14,35,1,0,950
950,3571,1,1.15649,1.33747,57,14,35,-1,0,950
950,1086,1,1.20241,1.44579,4,19,35,-1,200,750
950,1094,1,0.622519,0.38753,8,23,35,-1,200,750
950,2681,2,2.28413,3.17739,38,24.5,35,2,50,900
950,1911,3,2.0112,1.61923,43.6667,24,36,-1,100,850
950,814,2,1.23323,0.761419,50,24.5,35.5,0,250,700
950,2662,2,1.77748,1.60168,44.5,27.5,35,0,50,900
950,1919,1,1.11625,1.246,1,29,35,1,100,850
950,2671,1,0.540086,0.291693,42,30,35,-1,50,900
950,2682,1,0.756994,0.573039,49,31,35,-1,50,900
950,817,3,3.31288,4.13023,54,32.3333,35,1,250,700
950,1404,1,0.622829,0.387916,5,35,35,1,150,800
950,796,2,2.44262,3.30634,40,35.5,35,0,250,700
950,810,1,0.594629,0.353584,48,37,35,1,250,700
950,809,2,1.04454,0.549935,12.5,39,35,0,250,700
950,1913,1,1.19864,1.43673,41,39,35,-1,100,850
950,441,2,2.11839,2.45456,42.5,41,35,0,350,600
950,1914,1,0.861635,0.742414,54,42,35,1,100,850
950,3572,7,5.21253,4.13481,53.8571,45.2857,35.5714,-3,0,950
950,1906,1,0.70307,0.494307,3,51,35,-1,100,850
950,3573,1,0.944652,0.892368,56,52,35,-1,0,950
950,19,4,4.3249,5.15763,7.5,54.25,35.75,0,700,250
950,2689,2,1.60457,1.28834,21.5,53.5,35,0,50,900
950,602,2,1.91051,2.01447,51,54,35.5,0,300,650
950,2691,1,1.54955,2.4011,24,57,35,1,50,900
950,2668,1,1.02657,1.05384,47,57,35,1,50,900
950,2692,2,1.81567,1.65143,52,57.5,35,0,50,900
950,3574,1,1.52435,2.32365,27,60,35,-1,0,950
950,442,6,5.41172,5.18207,53.5,59.3333,36.1667,2,350,600
950,1408,1,1.11752,1.24885,11,61,35,-1,150,800
950,3575,3,3.48905,4.1684,45,61.3333,35.3333,1,0,950
950,3576,9,8.12497,7.95554,5.11111,62.1111,36.7778,1,0,950
950,294,1,0.357151,0.127557,57,62,35,-1,450,500
950,172,1,0.766681,0.5878,60,63,35,-1,550,400
950,3577,1,0.634504,0.402596,40,0,36,1,0,950
950,806,1,0.91263,0.832894,45,0,36,-1,250,700
950,3578,1,0.689717,0.47571,6,1,36,1,0,950
950,3579,1,1.0622,1.12826,17,2,36,-1,0,950
950,3580,2,1.56123,1.36751,55,2,36.5,0,0,950
950,2669,4,2.67431,1.80562,28.75,3,36.75,0,50,900
950,2693,7,6.65777,7.21777,47.4286,1.57143,37.1429,-1,50,900
950,606,2,1.60667,1.30344,8.5,6,36.5,0,300,650
950,605,2,1.72899,1.51358,17,7,36.5,0,300,650
950,3581,2,1.71663,1.95184,1.5,8.5,36,0,0,950
950,819,8,5.83126,4.69959,16.125,9.25,37.125,2,250,700
950,1927,1,0.446028,0.198941,27,9,36,-1,100,850
950,171,2,1.57234,1.29612,0.5,12.5,36,0,550,400
950,1402,1,0.730841,0.534129,32,14,36,1,150,800
950,2726,5,3.38821,3.02312,25.6,16.2,37.2,-1,50,900
950,2679,1,1.12112,1.25692,3,16,36,-1,50,900
950,1929,1,0.71614,0.512856,53,18,36,1,100,850
950,243,13,10.8177,9.53441,48.7692,20.0769,38.0769,-1,500,450
950,2713,1,0.866615,0.751022,59,21,36,-1,50,900
950,3582,1,0.954922,0.911877,20,25,36,1,0,950
950,356,1,1.41649,2.00644,7,26,36,-1,400,550
950,446,1,0.67211,0.451731,48,26,36,-1,350,600
950,1940,12,11.3108,11.7258,1,27.25,37.8333,0,100,850
950,3583,1,1.14474,1.31042,36,28,36,1,0,950
950,1931,1,0.776333,0.602693,49,28,36,-1,100,850
950,3584,1,1.70606,2.91066,40,31,36,1,0,950
950,1912,2,1.47304,1.1067,40.5,33,36,-2,100,850
950,1415,2,1.77155,1.63405,53.5,38,36,0,150,800
950,1923,1,0.701274,0.491786,27,42,36,1,100,850
950,2646,1,1.41059,1.98975,9,43,36,1,50,900
950,1933,1,0.248793,0.0618978,56,43,36,1,100,850
950,2687,11,8.36199,6.90099,28.7273,49.0909,37,-1,50,900
950,1936,1,0.875048,0.765709,55,49,36,1,100,850
950,603,1,0.830913,0.690417,62,50,36,1,300,650
950,1089,1,0.994621,0.989271,34,51,36,-1,200,750
950,1095,1,1.16857,1.36555,44,51,36,1,200,750
950,1418,1,1.59232,2.5355,44,53,36,-1,150,800
950,237,3,3.24907,3.8503,18.3333,55.3333,36.6667,1,500,450
950,1420,5,5.24333,5.52514,40.4,55.2,37,1,150,800
950,1103,2,2.08939,2.22719,28,56.5,36.5,-2,200,750
950,3585,1,0.462189,0.213619,58,57,36,1,0,950
950,3586,1,1.31494,1.72907,63,57,36,-1,0,950
950,2705,1,0.731125,0.534544,2,58,36,1,50,900
950,3587,1,0.558644,0.312083,6,59,36,-1,0,950
950,1121,3,2.58439,2.68913,10.6667,60,36.6667,1,200,750
950,1084,1,0.600015,0.360018,35,59,36,1,200,750
950,618,1,0.979167,0.958768,39,62,36,1,300,650
950,2676,2,1.81002,1.84946,35,-0.5,37,2,50,900
950,1107,47,44.6842,50.6794,53.8298,-1.57447,40.1489,-3,200,750
950,827,3,1.70034,1.20373,42,3.33333,37,-1,250,700
950,3588,1,1.19992,1.43982,8,4,37,1,0,950
950,1421,1,0.656888,0.431501,20,4,37,-1,150,800
950,3589,1,0.937538,0.878977,23,4,37,1,0,950
950,3590,2,1.88429,1.84983,15,5.5,37,0,0,950
950,238,1,0.930863,0.866506,41,5,37,1,500,450
950,3591,1,1.09327,1.19523,55,7,37,-1,0,950
950,3592,1,0.178953,0.0320243,21,9,37,1,0,950
950,1949,2,1.46107,1.08148,7,13,37.5,0,100,850
950,2711,2,1.76152,1.57705,61,13,37.5,0,50,900
950,244,2,1.83156,1.68381,1,15,37.5,0,500,450
950,2695,10,9.06966,8.55352,60.1,18.2,37.9,2,50,900
950,1087,3,2.13069,1.55499,55,19.3333,37.3333,1,200,750
950,2712,1,0.781884,0.611343,43,21,37,1,50,900
950,1930,3,3.06481,3.27554,63,22,37.3333,1,100,850
950,820,1,0.315045,0.0992531,10,24,37,1,250,700
950,828,1,1.03437,1.06992,46,24,37,-1,250,700
950,808,25,21.6521,21.7262,51.12,25.84,40.96,-1,250,700
950,2699,5,4.74288,4.62984,49.4,30.4,37.6,-1,50,900
950,2685,1,1.50077,2.25232,0,31,37,1,50,900
950,106,30,28.4978,30.6317,56.9333,33.6,42.4333,4,600,350
950,826,1,0.729707,0.532472,49,35,37,1,250,700
950,449,3,3.7698,5.24496,25.3333,39.6667,37,1,350,600
950,1413,2,2.80528,3.95871,30.5,39.5,37.5,0,150,800
950,2703,2,2.17865,2.40682,1,43.5,37.5,-2,50,900
950,3593,1,1.24006,1.53775,38,44,37,-1,0,950
950,3594,1,1.13928,1.29795,52,46,37,-1,0,950
950,3595,8,9.29562,11.8788,2.5,46.25,38.375,2,0,950
950,3596,1,1.22421,1.4987,50,48,37,-1,0,950
950,3597,3,2.09114,2.09779,2.33333,50,37.6667,1,0,950
950,2688,1,1.68518,2.83982,51,51,37,1,50,900
950,3598,2,1.43587,1.06122,61,53,37.5,0,0,950
950,1099,2,2.18397,2.68797,15.5,58.5,37,0,200,750
950,1104,1,0.787191,0.619669,27,59,37,1,200,750
950,2708,1,0.919084,0.844716,40,59,37,-1,50,900
950,1425,1,1.28867,1.66068,0,60,37,1,150,800
950,2720,1,0.963529,0.928388,3,60,37,1,50,900
950,2707,2,1.38645,0.996493,27,61.5,37,0,50,900
950,2706,1,1.52916,2.33834,50,62,37,1,50,900
950,174,5,4.79698,5.45585,11,0.4,39.4,-3,550,400
950,824,2,1.66473,1.40986,30,1,38.5,0,250,700
950,1108,5,4.2814,4.00034,63,2.4,38.8,1,200,750
950,1090,6,4.12007,3.00356,51.1667,3.83333,38.8333,2,200,750
950,2710,1,0.632563,0.400136,46,4,38,-1,50,900
950,3599,1,1.20702,1.45689,27,8,38,-1,0,950
950,3600,3,2.42373,2.00734,28.6667,9.66667,38.6667,-1,0,950
950,3601,3,2.22537,1.99868,62,9.66667,38.6667,1,0,950
950,2776,43,39.4035,42.2596,52.0465,8.60465,42.9302,-3,50,900
950,2655,1,0.743489,0.552776,42,15,38,-1,50,900
950,1115,2,1.29911,0.846218,48.5,16.5,38,0,200,750
950,1435,23,20.6658,21.7052,47.3043,15.0435,40.7391,-3,150,800
950,813,3,4.54376,7.05944,20.3333,21,38.3333,1,250,700
950,1117,1,0.721063,0.519932,36,21,38,1,200,750
950,3602,2,1.62386,1.63288,61,21,38.5,0,0,950
950,3603,5,3.97701,3.28796,56.2,22.2,38.8,-1,0,950
950,1964,1,0.926953,0.859241,1,23,38,-1,100,850
950,2696,1,0.652033,0.425147,3,23,38,-1,50,900
950,3604,2,2.25939,2.55625,23,23,38.5,0,0,950
950,3605,4,3.45268,3.3626,40,23.5,39.25,0,0,950
950,2697,1,0.901999,0.813602,62,25,38,1,50,900
950,245,1,1.12921,1.27512,44,26,38,-1,500,450
950,1105,1,1.61771,2.61697,27,27,38,1,200,750
950,1910,1,1.49362,2.23089,51,28,38,1,100,850
950,453,1,0.729726,0.5325,5,29,38,-1,350,600
950,1922,1,1.67718,2.81292,2,31,38,1,100,850
950,3606,1,1.03722,1.07582,41,31,38,1,0,950
950,2715,1,1.18733,1.40975,39,32,38,1,50,900
950,1436,2,1.84708,1.77376,22.5,39,38,0,150,800
950,1432,21,18.222,18.5251,7.90476,41.1905,40.0952,7,150,800
950,3607,4,3.34343,2.97171,54.5,40.25,38.75,0,0,950
950,3608,7,7.1537,8.68554,62.8571,40.8571,39.2857,-1,0,950
950,3609,1,1.0703,1.14555,55,43,38,1,0,950
950,1423,2,2.27094,2.59047,6.5,44.5,38,0,150,800
950,3610,1,1.51385,2.29174,53,44,38,-1,0,950
950,3611,1,1.14551,1.31219,55,46,38,1,0,950
950,3612,2,1.93325,1.87557,5.5,48,38.5,-2,0,950
950,2731,8,8.20176,8.92369,43.625,47.375,40.875,0,50,900
950,3613,1,0.770195,0.593201,53,51,38,-1,0,950
950,3614,1,0.833351,0.694474,42,53,38,-1,0,950
950,3615,2,1.6908,1.4412,1.5,57,38,0,0,950
950,355,34,29.9902,30.4163,46.4118,55.4706,42.7647,-2,400,550
950,3616,2,1.19112,0.715315,63,57,38.5,0,0,950
950,1938,2,1.96274,1.9728,37,58,38.5,0,100,850
950,1433,2,2.72704,4.14541,50.5,58.5,38.5,2,150,800
950,1975,1,0.608225,0.369937,37,60,38,-1,100,850
950,1437,2,1.46842,1.29013,41,62.5,38,0,150,800
950,2723,1,0.466997,0.218086,36,0,39,1,50,900
950,1962,1,0.906372,0.82151,57,0,39,1,100,850
950,1438,1,0.426832,0.182186,63,0,39,-1,150,800
950,2724,3,2.13614,1.57704,38.3333,2.66667,39.6667,-1,50,900
950,1963,4,3.24228,2.72006,9,4,39.5,0,100,850
950,3617,1,0.982506,0.965319,56,4,39,-1,0,950
950,2709,1,0.18128,0.0328624,0,5,39,-1,50,900
950,1948,2,1.51506,1.36307,4.5,5,39.5,0,100,850
950,3618,1,0.97921,0.958852,34,6,39,1,0,950
950,3619,1,0.706777,0.499534,31,7,39,1,0,950
950,3620,1,0.566724,0.321177,21,8,39,1,0,950
950,2678,2,2.36099,3.39744,16,12,39.5,0,50,900
950,3621,1,0.745654,0.555999,23,12,39,1,0,950
950,3622,2,1.89065,1.95545,34,12,39.5,0,0,950
950,2745,1,0.211315,0.044654,26,13,39,-1,50,900
950,3623,2,1.43238,1.05399,63,14.5,39,0,0,950
950,1428,1,0.830564,0.689837,6,16,39,1,150,800
950,1410,1,0.1463,0.0214037,53,16,39,1,150,800
950,3624,1,1.13313,1.28398,42,17,39,1,0,950
950,3625,1,0.966354,0.93384,63,17,39,-1,0,950
950,3626,1,1.05658,1.11637,52,18,39,1,0,950
950,3627,1,1.41501,2.00225,41,21,39,1,0,950
950,2729,9,9.55025,11.3114,33.8889,27.6667,39.7778,1,50,900
950,3628,1,0.870336,0.757485,0,32,39,1,0,950
950,825,9,8.70335,9.66736,44.6667,31.8889,40.6667,1,250,700
950,802,1,0.850642,0.723591,11,36,39,-1,250,700
950,1430,1,1.6125,2.60015,58,37,39,1,150,800
950,2716,3,2.12285,2.12795,4,38.6667,39.3333,-1,50,900
950,2730,1,0.88192,0.777783,12,39,39,-1,50,900
950,626,1,1.45814,2.12618,20,40,39,1,300,650
950,2717,2,2.00233,2.06591,4.5,42.5,39.5,2,50,900
950,1441,2,1.80878,1.63887,29,43.5,39,0,150,800
950,1954,3,2.98531,3.1595,44,50,40,-1,100,850
950,3629,3,2.70879,2.70831,46.6667,51,39,1,0,950
950,3630,1,0.943781,0.890722,6,51,39,1,0,950
950,2718,1,0.921998,0.85008,21,51,39,-1,50,900
950,2750,1,1.25079,1.56448,49,51,39,1,50,900
950,3631,1,0.44274,0.196019,59,53,39,1,0,950
950,175,10,7.45429,6.00343,29.5,53.4,41.5,0,550,400
950,3632,4,3.44234,3.43755,6,54.5,39.5,0,0,950
950,1946,1,0.988168,0.976476,15,55,39,1,100,850
950,455,4,3.5106,3.45355,55.75,58,40.25,0,350,600
950,2721,1,0.351725,0.123711,24,58,39,-1,50,900
950,3633,2,2.08786,2.22415,1.5,59,39,0,0,950
950,1961,4,4.20742,4.72875,6.25,58.5,40,-2,100,850
950,1986,2,2.32372,2.79147,10.5,59.5,39,-2,100,850
950,454,1,0.355141,0.126125,21,59,39,-1,350,600
950,1444,2,2.13116,2.34187,40,60.5,39.5,0,150,800
950,352,23,18.7099,17.2504,58.6087,-1.91304,42.6087,-1,400,550
950,2722,2,1.22112,0.745916,3,2,40.5,0,50,900
950,1916,1,0.771222,0.594783,27,3,40,1,100,850
950,450,1,0.747861,0.559296,46,3,40,-1,350,600
950,1427,1,0.456307,0.208216,50,6,40,1,150,800
950,1446,2,1.15871,0.764134,61,6.5,40,0,150,800
950,3634,1,0.886235,0.785413,2,7,40,-1,0,950
950,3635,2,2.8127,4.03025,18,7.5,40,0,0,950
950,1977,1,0.691098,0.477616,23,8,40,-1,100,850
950,2694,2,2.41461,3.38655,7.5,11,40.5,0,50,900
950,3636,1,0.36092,0.130263,7,14,40,-1,0,950
950,3637,1,1.1512,1.32526,38,14,40,1,0,950
950,2733,1,0.58202,0.338748,1,15,40,-1,50,900
950,607,2,1.95811,2.14678,23.5,16,40,0,300,650
950,1100,1,0.989033,0.978187,37,17,40,1,200,750
950,1406,2,0.910008,0.414149,13.5,18,40,0,150,800
950,3638,7,8.05831,10.136,44.1429,19.5714,40.5714,1,0,950
950,619,1,1.9059,3.63245,13,20,40,1,300,650
950,1429,1,0.683875,0.467685,21,20,40,1,150,800
950,812,1,0.467315,0.218383,19,21,40,-1,250,700
950,2748,26,23.7925,24.8846,4.34615,26.3846,42.3846,4,50,900
950,822,3,2.42092,2.10714,7.33333,31,40.6667,1,250,700
950,1458,1,1.18714,1.40929,61,32,40,-1,150,800
950,1431,1,0.284726,0.0810688,9,36,40,1,150,800
950,611,7,8.04119,10.098,13.7143,35.4286,40.7143,1,300,650
950,1973,1,1.81669,3.30037,29,37,40,-1,100,850
950,349,1,0.597586,0.357109,34,39,40,1,400,550
950,173,2,2.51465,3.37033,11,44.5,40,0,550,400
950,3639,2,1.10281,0.608607,56.5,48,40.5,0,0,950
950,2751,8,7.47993,8.8407,19.75,51.25,41.125,2,50,900
950,357,1,0.909603,0.827377,28,52,40,-1,400,550
950,250,1,1.04496,1.09193,4,53,40,-1,500,450
950,241,1,1.81486,3.29373,12,54,40,1,500,450
950,103,8,6.34577,5.99142,30.625,56.625,42.375,0,600,350
950,3640,1,0.502688,0.252696,48,62,40,-1,0,950
950,1994,3,1.99264,1.3563,13,1.33333,42,-1,100,850
950,3641,4,2.35027,2.38932,26.5,0,41.75,-2,0,950
950,2773,12,8.3661,6.46491,48.4167,1.58333,42.1667,0,50,900
950,2741,2,2.23227,2.51208,57,1.5,41.5,0,50,900
950,3642,22,18.6528,18.2079,-0.681818,6.13636,43.1364,0,0,950
950,3643,2,1.85567,1.83845,60.5,4,41,0,0,950
950,3644,2,2.4829,3.09689,58,5.5,41,0,0,950
950,1455,1,1.1338,1.2855,22,11,41,1,150,800
950,2746,1,1.26755,1.60668,48,12,41,1,50,900
950,3645,5,3.98929,3.55329,-1,12,42.4,-1,0,950
950,3646,1,0.619354,0.383599,20,13,41,-1,0,950
950,2762,2,2.91357,4.29241,55.5,16.5,41,0,50,900
950,3647,5,5.58607,7.10316,19,16.8,41.8,-1,0,950
950,293,12,10.1132,10.4478,-0.0833333,20,42.4167,-2,450,500
950,622,2,1.95905,1.95583,50.5,18.5,41.5,-2,300,650
950,104,1,0.466607,0.217722,6,22,41,1,600,350
950,2747,4,3.39394,3.85642,-1.25,25,42,0,50,900
950,3648,1,0.35176,0.123735,37,28,41,1,0,950
950,3649,1,1.54484,2.38652,51,29,41,-1,0,950
950,833,8,6.25026,5.395,10.875,29.5,43.125,-4,250,700
950,3650,4,5.49218,7.83787,0.5,32.75,41.5,0,0,950
950,3651,1,0.576903,0.332817,11,33,41,-1,0,950
950,1972,7,6.7826,6.94485,42.2857,35.1429,42,-1,100,850
950,1969,5,5.03838,6.05633,36.6,34.4,42.6,3,100,850
950,3652,1,0.976791,0.95412,6,44,41,-1,0,950
950,1990,1,0.871575,0.759644,45,45,41,1,100,850
950,1449,1,0.686461,0.471229,47,45,41,-1,150,800
950,3653,6,7.12406,9.06851,62.5,45,41.5,-4,0,950
950,3654,1,0.37035,0.137159,1,46,41,-1,0,950
950,2737,1,0.777697,0.604813,27,46,41,-1,50,900
950,3655,1,1.15246,1.32817,4,47,41,-1,0,950
950,614,2,1.71578,1.5174,41,47.5,41,0,300,650
950,3656,4,3.09503,2.86478,51,48.5,41.5,2,0,950
950,3657,3,2.33288,1.99591,3.66667,49,42,1,0,950
950,620,1,0.647268,0.418956,28,49,41,-1,300,650
950,2719,1,0.938672,0.881105,40,51,41,1,50,900
950,2002,2,1.88251,1.86139,47.5,51,41.5,0,100,850
950,3658,1,0.975975,0.952527,7,52,41,-1,0,950
950,2752,1,0.851875,0.72569,38,52,41,1,50,900
950,3659,3,2.34786,2.09469,22,53.6667,41.6667,-1,0,950
950,845,1,0.713106,0.508521,54,55,41,-1,250,700
950,2754,11,8.87935,8.16862,23.6364,58.4545,42.2727,5,50,900
950,2771,6,5.58281,5.66911,51.8333,57.3333,42.6667,0,50,900
950,1937,1,1.06826,1.14119,46,59,41,-1,100,850
950,2755,7,6.73256,7.05094,5.28571,60.2857,42.1429,3,50,900
950,102,1,1.1544,1.33263,20,0,42,-1,600,350
950,2774,2,1.29941,0.844839,22,0.5,42,0,50,900
950,3660,1,0.977749,0.955993,11,1,42,1,0,950
950,3661,1,0.674757,0.455297,35,1,42,1,0,950
950,835,1,0.633139,0.400866,21,3,42,-1,250,700
950,871,168,163.672,184.623,56.8869,6.45238,50.8631,4,250,700
950,3662,1,0.987466,0.97509,25,5,42,1,0,950
950,3663,1,0.961374,0.92424,54,6,42,-1,0,950
950,1451,1,1.14004,1.29969,31,7,42,1,150,800
950,3664,3,2.48669,2.39892,57.6667,8,42.3333,3,0,950
950,3665,1,1.13663,1.29193,26,11,42,-1,0,950
950,3666,1,0.326699,0.106732,29,11,42,-1,0,950
950,1434,1,0.936195,0.876461,55,11,42,1,150,800
950,3667,5,4.86153,5.42414,25.2,14.2,42.4,1,0,950
950,2785,1,1.53517,2.35676,44,13,42,1,50,900
950,1124,3,3.09772,3.33082,32.3333,16,42.3333,-1,200,750
950,461,10,8.34938,7.72984,53,18.1,43.2,2,350,600
950,451,2,1.40566,0.992537,53,21,42.5,0,350,600
950,2763,1,0.562754,0.316692,39,22,42,-1,50,900
950,354,1,1.07136,1.14782,21,26,42,1,400,550
950,452,9,8.68177,9.11689,58.1111,25.7778,42.8889,-3,350,600
950,2794,1,1.17594,1.38283,57,32,42,1,50,900
950,2735,1,1.16149,1.34905,16,37,42,-1,50,900
950,1970,1,1.76299,3.10813,27,38,42,1,100,850
950,3668,119,104.059,105.853,-2.16807,29.8739,48.6891,-7,0,950
950,2769,1,0.902653,0.814782,11,42,42,1,50,900
950,1442,2,2.87371,4.17917,58.5,42.5,42,-2,150,800
950,3669,1,1.31419,1.7271,4,45,42,-1,0,950
950,2767,2,2.76711,3.94346,42,45,42.5,0,50,900
950,1459,1,0.521621,0.272088,29,46,42,1,150,800
950,3670,1,0.738789,0.54581,47,47,42,1,0,950
950,1974,4,4.37696,5.89448,23,48,43.25,2,100,850
950,2739,1,1.15092,1.32461,30,50,42,-1,50,900
950,2782,2,1.42356,1.03866,17.5,51.5,42,0,50,900
950,361,1,0.387274,0.149981,24,51,42,1,400,550
950,3671,1,0.851699,0.725391,28,51,42,1,0,950
950,1980,2,2.04825,2.13217,51.5,52.5,42.5,-2,100,850
950,1992,3,2.38623,2.04316,4.33333,55,42.3333,3,100,850
950,2770,1,1.1921,1.42111,37,54,42,-1,50,900
950,1460,3,2.48517,2.22999,59.3333,53,42.6667,-1,150,800
950,2753,1,0.95801,0.917784,42,57,42,-1,50,900
950,3672,1,1.78864,3.19924,48,58,42,1,0,950
950,1993,2,0.694087,0.267811,18.5,59.5,42.5,0,100,850
950,3673,1,1.00529,1.01061,44,59,42,-1,0,950
950,3674,1,0.540336,0.291963,8,61,42,-1,0,950
950,3675,2,1.0778,0.580864,11,62.5,42,-2,0,950
950,3676,1,0.899672,0.809409,9,63,42,-1,0,950
950,3677,2,1.14095,0.672928,30.5,0.5,43,0,0,950
950,2758,2,1.50607,1.24539,3.5,1.5,43.5,0,50,900
950,2783,1,0.960371,0.922313,6,4,43,1,50,900
950,1976,4,3.46397,3.32132,10.75,5.5,44.25,0,100,850
950,3678,2,2.21125,2.56723,22.5,5.5,43.5,0,0,950
950,3679,3,2.1585,1.72447,19,6.66667,43.6667,3,0,950
950,3680,2,1.54226,1.36173,24,7.5,43,0,0,950
950,1120,2,1.63051,1.33151,8.5,10.5,43,2,200,750
950,2784,10,10.2314,12.9131,35.3,10.3,44.9,2,50,900
950,615,1,0.724121,0.524351,3,11,43,1,300,650
950,3681,1,1.10677,1.22494,23,12,43,-1,0,950
950,1447,1,0.629718,0.396544,50,13,43,1,150,800
950,1116,1,1.09273,1.19405,57,13,43,1,200,750
950,2760,1,0.594984,0.354006,3,14,43,1,50,900
950,3682,2,1.57118,1.37177,22,15,43.5,0,0,950
950,2786,2,1.56062,1.34171,35,15.5,43,0,50,900
950,2833,52,46.3643,46.8593,65.0192,17.25,46.7885,4,50,900
950,2761,2,1.37573,1.36363,60,17,43.5,0,50,900
950,2005,6,4.79081,4.31508,9.66667,17.3333,44.3333,-2,100,850
950,3683,3,3.23396,3.86786,26.6667,19,44,-1,0,950
950,1457,1,0.495585,0.245604,8,21,43,-1,150,800
950,456,3,3.10468,3.22487,34.3333,21.3333,44,1,350,600
950,21,1,0.70407,0.495714,14,22,43,1,700,250
950,2764,1,0.515967,0.266221,19,22,43,-1,50,900
950,842,3,2.98936,3.24965,49.3333,21.6667,44,1,250,700
950,3684,1,0.935191,0.874581,51,22,43,-1,0,950
950,2791,27,23.7512,23.8954,8.62963,23.9259,45.7037,-1,50,900
950,2788,2,2.68545,4.12106,10.5,22.5,43.5,0,50,900
950,2808,1,0.296246,0.087762,21,23,43,1,50,900
950,1982,3,3.16417,3.68858,43,28.3333,43.6667,-1,100,850
950,178,1,1.06557,1.13544,56,28,43,1,550,400
950,2792,5,4.76675,5.56606,61.6,27.6,44,1,50,900
950,1125,2,1.8392,1.81555,60,30,43.5,0,200,750
950,2793,6,6.08411,7.42939,4.16667,32,44.1667,-2,50,900
950,2779,4,3.04791,2.36214,51.25,30.5,43.75,0,50,900
950,829,1,1.17757,1.38668,40,34,43,-1,250,700
950,105,1,1.69755,2.88167,13,37,43,-1,600,350
950,2766,1,0.906315,0.821406,7,40,43,1,50,900
950,1979,4,4.54423,5.38417,44,42.25,43,2,100,850
950,2781,4,3.77142,3.90094,13,44,43.5,4,50,900
950,2738,1,1.67667,2.81122,11,45,43,-1,50,900
950,1461,1,0.571726,0.32687,8,46,43,-1,150,800
950,2001,1,1.16967,1.36812,31,46,43,1,100,850
950,843,7,5.25065,4.15082,61.5714,53,44.2857,-1,250,700
950,846,5,6.21348,9.18084,16,53,44.8,-3,250,700
950,3685,1,0.834346,0.696134,57,53,43,-1,0,950
950,2815,2,2.83841,4.03038,16.5,55,43,0,50,900
950,2772,3,2.6641,2.45405,34.3333,56,43.3333,-1,50,900
950,3686,1,0.966499,0.93412,53,55,43,-1,0,950
950,1468,1,1.45441,2.1153,1,56,43,1,150,800
950,3687,1,1.48531,2.20614,61,58,43,-1,0,950
950,2802,1,0.514355,0.264561,17,62,43,-1,50,900
950,457,8,7.22489,6.77393,8.25,2.125,45.375,2,350,600
950,2803,2,1.32585,0.896251,10.5,0.5,44,0,50,900
950,1450,2,1.43219,1.13877,20,0.5,44,0,150,800
950,1995,3,1.70678,1.27886,22.3333,1.66667,44.3333,-1,100,850
950,3688,1,0.779326,0.607349,20,3,44,1,0,950
950,3689,1,0.904801,0.818665,27,4,44,1,0,950
950,1439,3,3.9286,5.2045,49.3333,4.33333,44.6667,-1,150,800
950,1128,4,3.39907,2.97429,45.5,7.5,44.75,0,200,750
950,625,5,3.07019,2.44087,43.8,10.2,45.4,-1,300,650
950,3690,3,2.55238,2.32009,20,12,44.3333,1,0,950
950,1456,2,2.5246,3.42599,12,13.5,44,0,150,800
950,3691,2,1.3945,0.988365,43.5,13,44.5,0,0,950
950,2821,1,1.02684,1.0544,5,14,44,-1,50,900
950,1133,1,1.14183,1.30378,8,14,44,-1,200,750
950,3692,5,5.99003,7.65674,55,14.8,44.8,1,0,950
950,855,1,0.642852,0.413258,51,15,44,1,250,700
950,1470,25,21.2895,20.0539,13.56,13.04,46.68,-1,150,800
950,466,1,1.31998,1.74233,19,18,44,-1,350,600
950,2777,2,1.94986,1.92374,4.5,20,44,0,50,900
950,2807,1,0.981335,0.963019,39,22,44,-1,50,900
950,2778,1,0.747938,0.559411,13,25,44,1,50,900
950,837,2,2.3511,2.95628,8.5,28,44,0,250,700
950,247,1,1.68408,2.83613,27,29,44,-1,500,450
950,1968,4,4.29212,4.70639,35.5,32,44.5,2,100,850
950,1966,1,0.929171,0.863359,15,33,44,1,100,850
950,2795,5,4.88423,6.01451,17.4,35.6,44.6,-3,50,900
950,2809,6,5.42868,4.97506,58.6667,37.8333,44.8333,0,50,900
950,2780,2,1.41477,1.10688,62.5,37,44.5,-2,50,900
950,1118,1,1.11299,1.23875,58,42,44,1,200,750
950,3693,2,2.02846,2.0718,6,43.5,44.5,2,0,950
950,864,7,7.86224,10.2885,61.8571,44.2857,45.1429,-1,250,700
950,2827,1,0.567069,0.321567,15,46,44,1,50,900
950,248,2,1.34747,0.923068,54,46,44.5,0,500,450
950,459,3,3.55717,4.86139,42.3333,47,44.6667,-1,350,600
950,3694,1,0.679098,0.461174,26,48,44,1,0,950
950,2828,9,9.18343,10.2397,16.4444,48.5556,45.3333,3,50,900
950,3695,1,0.484197,0.234447,56,49,44,1,0,950
950,3696,1,0.830542,0.6898,29,50,44,-1,0,950
950,2014,6,5.46697,5.27194,31.3333,48.8333,45.1667,0,100,850
950,2023,1,1.5904,2.52937,44,53,44,-1,100,850
950,847,1,0.992953,0.985956,8,60,44,1,250,700
950,1122,1,0.802361,0.643783,0,62,44,-1,200,750
950,3697,1,1.08096,1.16848,20,62,44,-1,0,950
950,3698,2,0.989283,0.504769,4.5,-0.5,45.5,0,0,950
950,3699,1,0.582844,0.339708,1,1,45,1,0,950
950,2831,1,1.22502,1.50066,7,5,45,1,50,900
950,3700,1,1.5484,2.39756,11,8,45,-1,0,950
950,1988,2,2.56251,3.3294,38.5,8,45,0,100,850
950,3701,6,4.64887,3.9423,9.5,9.66667,46.8333,-2,0,950
950,473,2,1.56517,1.9325,40.5,10.5,45.5,-2,350,600
950,3702,1,0.816974,0.667446,20,14,45,1,0,950
950,3703,1,1.34242,1.8021,24,15,45,1,0,950
950,2787,3,3.19754,3.96454,6.33333,17.3333,45.3333,1,50,900
950,1134,1,1.02419,1.04896,46,17,45,1,200,750
950,3704,1,1.16929,1.36724,35,18,45,-1,0,950
950,2822,1,0.584218,0.34131,10,20,45,-1,50,900
950,2010,20,17.7118,18.7056,52.45,21.65,46.65,2,100,850
950,861,1,0.752085,0.565631,14,21,45,-1,250,700
950,2823,1,1.32891,1.76599,45,21,45,1,50,900
950,3705,2,1.57736,1.30721,16.5,22,45,0,0,950
950,2790,5,4.98129,5.24465,61.4,21.8,45.4,3,50,900
950,2020,3,2.64724,3.16678,47.6667,24,45.3333,1,100,850
950,1452,5,4.26068,4.9857,14.6,25.4,46.6,1,150,800
950,3706,1,1.18182,1.39671,23,26,45,1,0,950
950,1497,4,2.98151,2.48888,46.5,28,45.75,0,150,800
950,1467,2,1.61722,1.43567,6.5,30.5,45,0,150,800
950,1989,1,0.36057,0.130011,46,35,45,-1,100,850
950,2011,1,1.65439,2.73699,14,39,45,1,100,850
950,3707,2,1.61511,1.30521,3.5,43.5,45,0,0,950
950,2839,3,2.344,1.91642,27.6667,46.3333,45,1,50,900
950,2811,2,1.59722,1.33271,48,47.5,45.5,0,50,900
950,2812,10,8.07931,7.38738,46.2,51,45.7,0,50,900
950,55,8,8.05475,8.8023,59.625,49.75,46.5,-2,650,300
950,853,10,7.31454,8.21126,55.2,54.3,47.4,-4,250,700
950,2008,2,1.62924,1.65794,35.5,55,45.5,-2,100,850
950,3708,9,7.8893,7.84358,18.2222,59.7778,47.7778,-1,0,950
950,628,2,3.23712,5.35811,23,59.5,45,0,300,650
950,2757,1,0.685498,0.469908,37,59,45,-1,50,900
950,3709,1,0.741057,0.549166,17,61,45,-1,0,950
950,840,3,2.25799,1.72172,25.3333,61.3333,45,-1,250,700
950,1491,4,4.07848,4.21798,7.75,62.25,46.25,2,150,800
950,1126,3,2.58461,2.3301,32.6667,63,45.6667,-1,200,750
950,3710,3,1.59328,0.854662,10.6667,0.333333,46.3333,-1,0,950
950,3711,4,3.32144,3.10854,19.5,0.25,46.75,2,0,950
950,1473,19,15.1728,14.0773,23.2105,2.10526,47.8421,-1,150,800
950,1996,9,6.26721,5.41776,13.6667,3.22222,47.4444,-3,100,850
950,2819,7,5.64905,5.03701,21.4286,5.42857,46.1429,5,50,900
950,3712,1,0.382394,0.146225,54,8,46,1,0,950
950,2805,1,0.539872,0.291462,55,10,46,-1,50,900
950,866,1,0.729487,0.532151,59,10,46,-1,250,700
950,3713,2,1.24175,0.840635,52,11.5,46,0,0,950
950,3714,1,1.62631,2.64487,0,12,46,1,0,950
950,1464,1,0.397724,0.158184,16,12,46,-1,150,800
950,182,1,1.46303,2.14046,57,12,46,-1,550,400
950,3715,1,0.626794,0.392871,5,14,46,-1,0,950
950,873,5,4.39156,4.72878,23,18.2,46.2,1,250,700
950,1475,1,1.07113,1.14731,57,17,46,-1,150,800
950,1480,1,0.878502,0.771765,21,19,46,-1,150,800
950,3716,1,1.1147,1.24255,31,19,46,1,0,950
950,3717,4,3.84659,4.50057,49.5,19.25,47,-2,0,950
950,3718,1,0.560383,0.31403,33,20,46,1,0,950
950,2806,1,0.411403,0.169252,4,22,46,-1,50,900
950,3719,1,0.450206,0.202686,1,23,46,-1,0,950
950,1481,1,0.608453,0.370215,13,23,46,-1,150,800
950,2019,4,2.95988,2.25668,57,26,46.25,-2,100,850
950,2018,2,1.8064,1.85745,24,28,46.5,0,100,850
950,1998,2,1.87419,1.75757,37,33,46.5,0,100,850
950,2849,1,1.65633,2.74343,43,35,46,-1,50,900
950,3720,1,1.37017,1.87738,51,36,46,-1,0,950
950,2041,1,1.24248,1.54377,20,37,46,-1,100,850
950,629,4,2.79014,1.99421,22.75,39.75,47,-2,300,650
950,2810,2,2.12293,2.25341,30.5,41.5,46,0,50,900
950,3721,1,0.778573,0.606177,59,42,46,1,0,950
950,635,3,3.83707,5.18819,12.6667,43,47,1,300,650
950,3722,2,2.06324,3.03162,1.5,45.5,46.5,-2,0,950
950,3723,1,1.6857,2.8416,40,47,46,1,0,950
950,3724,1,0.839701,0.705098,46,48,46,-1,0,950
950,2025,1,0.765642,0.586207,33,52,46,-1,100,850
950,2814,3,2.4208,2.19621,9.66667,52.6667,47,-3,50,900
950,1129,4,2.41972,1.93444,41,53.25,47,-2,200,750
950,2850,4,2.66835,2.28268,44.75,53,47.5,2,50,900
950,3725,2,2.13877,2.33562,15.5,55,46,0,0,950
950,2024,13,9.77136,7.92513,20.6923,55.8462,47.7692,-3,100,850
950,3726,1,0.524069,0.274648,4,56,46,-1,0,950
950,1139,6,5.88691,7.0162,10.8333,58.5,46.5,2,200,750
950,848,1,0.609716,0.371754,27,59,46,-1,250,700
950,2817,5,5.37474,6.45094,49.8,59.6,46.4,1,50,900
950,2016,6,5.53471,5.43126,59.6667,59,46.8333,0,100,850
950,3727,1,0.734014,0.538776,21,60,46,-1,0,950
950,176,2,1.43832,1.44112,53.5,62.5,46.5,0,550,400
950,3728,1,0.554465,0.307431,8,0,47,-1,0,950
950,2818,1,0.775731,0.601759,50,0,47,-1,50,900
950,2891,67,63.9244,71.8486,2.25373,1.34328,54.0597,-7,50,900
950,2832,1,1.03176,1.06453,18,6,47,1,50,900
950,3729,1,0.767875,0.589633,18,8,47,1,0,950
950,3730,2,3.06408,4.70557,0.5,9.5,47,-2,0,950
950,3731,1,0.676695,0.457916,3,10,47,1,0,950
950,3732,1,1.31839,1.73815,21,10,47,1,0,950
950,621,1,1.10653,1.22441,49,11,47,-1,300,650
950,3733,2,1.16741,0.700816,7,12.5,47,0,0,950
950,3734,1,0.958017,0.917797,20,13,47,-1,0,950
950,877,4,4.30267,5.16315,34.75,12.5,48,0,250,700
950,3735,2,1.07274,0.606554,51.5,13.5,47.5,0,0,950
950,470,1,0.766593,0.587666,3,15,47,1,350,600
950,3736,3,3.20155,3.80991,25.6667,17,47,-1,0,950
950,637,1,0.918017,0.842756,48,16,47,1,300,650
950,1495,54,53.0793,60.4948,15.1667,17.8333,49.8333,-8,150,800
950,1465,1,0.960821,0.923177,11,19,47,-1,150,800
950,3737,2,2.61113,3.41174,18,19.5,47,0,0,950
950,1155,7,6.33786,6.29972,25.2857,19.4286,49.1429,-1,200,750
950,54,1,0.675746,0.456632,43,20,47,-1,650,300
950,1981,2,1.62103,1.35455,49.5,26,47,0,100,850
950,2835,10,8.8724,8.6864,3.9,26.3,48.8,0,50,900
950,2021,1,1.35072,1.82445,11,28,47,-1,100,850
950,2027,1,1.74448,3.04321,31,28,47,-1,100,850
950,2040,18,20.7233,26.574,41.6667,34,48.4444,4,100,850
950,2030,30,25.6193,24.0344,61.5333,40.5667,48.9,-4,100,850
950,1471,2,1.52285,1.67516,1.5,40,47.5,0,150,800
950,3738,3,3.45364,4.30141,43.6667,44.3333,47.6667,1,0,950
950,2798,1,1.81559,3.29638,54,44,47,-1,50,900
950,3739,1,0.964362,0.929995,11,45,47,-1,0,950
950,1521,1,0.778633,0.606269,57,48,47,-1,150,800
950,2012,3,3.3721,4.37184,52.3333,48,47.6667,-1,100,850
950,852,1,0.409543,0.167726,28,51,47,-1,250,700
950,3740,2,1.20439,0.803671,18.5,51.5,47.5,0,0,950
950,2859,6,6.30732,7.15179,37,50.8333,48,0,50,900
950,2830,1,0.597713,0.357261,46,59,47,1,50,900
950,2035,1,0.695393,0.483572,25,60,47,-1,100,850
950,108,1,0.695712,0.484015,36,0,48,1,600,350
950,2037,1,0.577425,0.333419,47,1,48,-1,100,850
950,859,2,1.75539,1.56721,53,3.5,48,0,250,700
950,1152,1,1.42992,2.04466,63,3,48,-1,200,750
950,3741,1,0.701381,0.491936,6,4,48,1,0,950
950,3742,1,0.659342,0.434732,25,5,48,-1,0,950
950,3743,1,0.721111,0.520002,15,7,48,-1,0,950
950,2843,1,0.987493,0.975142,51,7,48,1,50,900
950,469,1,1.8538,3.43657,3,8,48,-1,350,600
950,1154,42,40.3217,44.9979,45.0238,12.5952,50.2143,-10,200,750
950,254,1,1.12382,1.26297,18,14,48,-1,500,450
950,2844,1,0.594242,0.353124,38,14,48,1,50,900
950,476,1,0.307332,0.0944528,5,15,48,1,350,600
950,1506,1,1.22257,1.49468,34,16,48,1,150,800
950,3744,7,6.55946,7.31115,56.2857,16.8571,49,-1,0,950
950,2789,1,1.19053,1.41735,59,20,48,-1,50,900
950,2834,1,1.99298,3.97195,7,21,48,-1,50,900
950,362,2,2.12858,2.32733,39.5,22,48.5,0,400,550
950,2863,1,0.230176,0.0529808,50,28,48,-1,50,900
950,2825,5,4.61072,4.37807,15.2,29.4,48.4,-1,50,900
950,856,2,1.8583,1.8788,57.5,29,48,0,250,700
950,3745,1,1.21051,1.46533,17,32,48,1,0,950
950,1488,6,6.37372,7.28311,48.5,35.1667,49.3333,0,150,800
950,624,1,0.718573,0.516347,59,35,48,-1,300,650
950,3746,1,1.85621,3.44552,44,40,48,1,0,950
950,3747,7,8.69956,11.7405,29.1429,41.5714,49,1,0,950
950,360,2,1.81689,1.71538,11,42.5,48,0,400,550
950,2032,8,4.72453,3.05819,44.75,46.5,49.125,0,100,850
950,639,1,0.93941,0.882492,27,49,48,1,300,650
950,3748,5,4.59622,4.96258,58,48.6,49.2,-1,0,950
950,28,2,2.08739,2.43036,29.5,50.5,48.5,0,700,250
950,3749,11,12.4424,16.7566,41.9091,50.0909,50.3636,7,0,950
950,858,2,1.57922,1.29626,52,53,48.5,0,250,700
950,2013,1,0.450241,0.202717,57,53,48,-1,100,850
950,358,1,0.984595,0.969427,2,54,48,1,400,550
950,3750,1,0.903582,0.816461,10,55,48,-1,0,950
950,2053,1,1.11968,1.25369,18,57,48,1,100,850
950,296,1,0.829031,0.687292,57,57,48,1,450,500
950,2867,1,1.13756,1.29405,22,60,48,1,50,900
950,474,3,3.2495,3.5891,31.3333,61.3333,48,1,350,600
950,2852,3,3.34323,4.01341,41,62.3333,48.6667,1,50,900
950,2842,3,3.14411,3.98575,60,62.3333,48.6667,-1,50,900
950,3751,7,5.34221,4.35907,8,0.285714,49,-1,0,950
950,363,1,0.299904,0.0899423,9,7,49,1,400,550
950,2045,4,5.72915,8.41104,47.75,8,49.75,2,100,850
950,3752,1,1.39172,1.93688,0,8,49,1,0,950
950,641,1,0.415614,0.172735,53,11,49,-1,300,650
950,1474,1,0.99567,0.991358,9,12,49,1,150,800
950,860,5,4.89183,5.10812,24.4,12.8,49.2,1,250,700
950,2869,3,3.10778,3.56056,20.3333,18.3333,49.6667,-1,50,900
950,3753,2,1.80189,1.63091,56,26.5,49,0,0,950
950,2861,1,0.688374,0.473859,23,27,49,1,50,900
950,2049,1,1.01338,1.02693,47,27,49,1,100,850
950,2845,1,1.43838,2.06893,38,30,49,-1,50,900
950,179,1,0.718517,0.516267,5,31,49,-1,550,400
950,3754,1,0.557495,0.310801,58,33,49,1,0,950
950,2846,1,0.687854,0.473144,6,34,49,1,50,900
950,2847,2,1.42693,1.40452,54.5,34.5,49.5,0,50,900
950,3755,1,0.804753,0.647628,31,38,49,1,0,950
950,887,69,67.5719,75.6862,42.1304,38.3623,56.2609,-15,250,700
950,1151,2,2.13174,2.27892,56,44,49.5,0,200,750
950,2031,1,0.903364,0.816067,32,46,49,-1,100,850
950,1522,2,2.91038,4.55288,55.5,46.5,49.5,0,150,800
950,3756,3,2.88554,3.17959,16.3333,49,50,1,0,950
950,3757,4,3.78309,3.79123,36.5,49.25,50,2,0,950
950,3758,1,1.45197,2.10822,48,49,49,1,0,950
950,2840,2,1.64801,1.36568,24,53,49.5,0,50,900
950,3759,1,0.360537,0.129987,25,56,49,1,0,950
950,1146,1,0.853509,0.728477,10,58,49,1,200,750
950,2058,2,1.8633,1.80985,29,59,49.5,2,100,850
950,1490,1,0.71603,0.512699,32,59,49,1,150,800
950,3760,4,4.58563,5.889,36.5,59.5,49,0,0,950
950,2034,3,2.1994,1.79044,48,59.3333,49.6667,-1,100,850
950,3761,2,1.59414,1.46494,26,61,49.5,0,0,950
950,2059,3,2.02027,1.41546,28.3333,61,49.6667,-1,100,850
950,2841,1,0.38036,0.144674,54,61,49,-1,50,900
950,368,1,1.40084,1.96235,3,62,49,-1,400,550
950,1147,1,0.777977,0.605248,51,2,50,1,200,750
950,1512,1,1.23803,1.53272,60,2,50,-1,150,800
950,885,4,3.2101,3.77361,0.75,10,50.75,2,250,700
950,3762,1,0.708278,0.501658,22,11,50,-1,0,950
950,2881,1,1.26147,1.5913,50,12,50,-1,50,900
950,3763,1,0.785154,0.616467,32,13,50,-1,0,950
950,876,1,1.00602,1.01208,61,13,50,1,250,700
950,1160,25,19.3248,17.138,9.56,13.24,52.36,-5,200,750
950,631,1,1.26345,1.59632,9,16,50,1,300,650
950,3764,1,0.885378,0.783895,46,18,50,-1,0,950
950,110,1,0.599968,0.359961,52,18,50,-1,600,350
950,1144,1,0.443693,0.196864,28,20,50,-1,200,750
950,1156,2,2.73598,3.8877,21.5,21,50,0,200,750
950,22,2,1.10926,0.726518,15.5,24.5,50.5,0,700,250
950,256,11,10.9936,11.9384,19.5455,25.0909,52.5455,1,500,450
950,2862,4,3.6057,3.26691,16.5,27.75,51,-2,50,900
950,2050,10,6.78318,5.17145,53.8,29.3,51.7,2,100,850
950,3765,1,0.677427,0.458908,56,29,50,1,0,950
950,1482,10,10.7207,13.2365,7.4,29.3,51.9,2,150,800
950,467,3,2.93861,2.88923,48.3333,32.6667,50,1,350,600
950,2029,3,2.32348,1.87441,37.6667,36.3333,51,1,100,850
950,3766,1,1.58175,2.50194,24,39,50,-1,0,950
950,3767,2,2.04556,3.0425,26,39.5,50,0,0,950
950,1173,3,2.35456,1.95773,57,38.6667,50.6667,-1,200,750
950,2837,2,2.6752,3.70683,12.5,40.5,50,-2,50,900
950,184,1,1.12747,1.27119,50,40,50,1,550,400
950,2838,1,1.01517,1.03057,43,41,50,-1,50,900
950,24,2,1.84013,1.96823,1.5,44.5,50,0,700,250
950,2052,9,9.828,12.2939,13.6667,45.1111,51,1,100,850
950,2888,6,5.0845,4.78763,34,46.1667,50.5,0,50,900
950,3768,2,2.43247,3.12994,-0.5,47,50,0,0,950
950,2899,8,5.90307,4.96252,28.5,47.625,52.5,-2,50,900
950,2876,1,0.944695,0.892448,31,48,50,1,50,900
950,3769,5,4.04818,4.35518,45.8,49.4,51,1,0,950
950,867,1,1.86678,3.48486,60,50,50,1,250,700
950,1174,2,1.79968,1.70179,26.5,51.5,50,0,200,750
950,2851,1,0.49437,0.244402,30,53,50,1,50,900
950,3770,1,0.514812,0.265031,5,55,50,-1,0,950
950,3771,2,2.0496,2.10118,34,59,50.5,0,0,950
950,3772,1,1.05489,1.11279,21,61,50,-1,0,950
950,2889,2,1.88216,2.09078,31,62,50.5,0,50,900
950,636,1,1.55095,2.40545,51,62,50,1,300,650
950,644,1,1.71617,2.94525,37,63,50,-1,300,650
950,1498,1,0.932151,0.868906,11,1,51,-1,150,800
950,3773,5,4.62683,4.92965,10,4.8,51,1,0,950
950,632,1,0.974038,0.94875,44,3,51,1,300,650
950,868,3,2.58859,2.3516,17.6667,6,51.6667,-1,250,700
950,1148,3,3.39117,4.07443,26,7,51,1,200,750
950,3774,1,0.826803,0.683604,23,8,51,1,0,950
950,2878,4,4.50082,5.39219,14.5,9.25,52,-2,50,900
950,2880,1,0.36639,0.134241,18,12,51,-1,50,900
950,3775,2,1.80917,1.72459,4,13.5,51,2,0,950
950,2061,7,5.7965,5.4738,27.7143,12.8571,52.4286,-1,100,850
950,2048,1,0.965424,0.932044,21,15,51,1,100,850
950,1535,42,36.7518,38.4526,0.809524,17.8095,54.9048,2,150,800
950,3776,5,5.84263,7.0736,23.2,16.2,51.4,-1,0,950
950,3777,7,7.63755,9.70835,60.1429,14.8571,52.7143,-1,0,950
950,297,1,1.40579,1.97623,61,19,51,-1,450,500
950,1150,6,5.23447,5.23121,11.3333,19.5,51.8333,2,200,750
950,1162,2,1.88292,1.77278,1,22,51.5,0,200,750
950,1187,6,4.88802,5.13077,43.3333,24.8333,51.6667,2,200,750
950,3778,1,0.863955,0.746418,18,24,51,-1,0,950
950,1485,7,6.53031,7.12111,11.8571,26.2857,52,-1,150,800
950,1163,5,4.04486,3.53608,23.6,27.8,51.6,-1,200,750
950,2063,1,1.3673,1.86951,49,27,51,-1,100,850
950,2069,1,1.54169,2.37682,21,29,51,1,100,850
950,2870,35,28.1879,25.446,44.1429,28.2857,53.5143,7,50,900
950,2864,6,7.07505,9.0784,41,30.6667,51.8333,0,50,900
950,3779,1,1.12257,1.26016,4,31,51,1,0,950
950,3780,1,1.20093,1.44223,6,32,51,-1,0,950
950,2885,6,4.52759,3.73992,13.1667,33.1667,52,-4,50,900
950,57,1,1.5436,2.38269,62,32,51,-1,650,300
950,2865,1,1.35164,1.82692,16,33,51,1,50,900
950,2848,1,1.31996,1.74231,1,36,51,-1,50,900
950,2042,2,2.15873,2.35903,11,37.5,51,0,100,850
950,1158,1,0.786055,0.617883,33,37,51,-1,200,750
950,850,1,1.12332,1.26184,13,38,51,-1,250,700
950,471,1,0.249985,0.0624923,50,38,51,1,350,600
950,2064,5,3.87003,3.32207,0.8,41.6,51.6,-3,100,850
950,1489,1,0.431882,0.186522,4,42,51,-1,150,800
950,2874,7,6.65929,7.82436,42.8571,43.2857,51.8571,-3,50,900
950,2908,7,5.33245,4.40179,57.7143,43.2857,52,-1,50,900
950,481,1,0.68456,0.468622,18,51,51,-1,350,600
950,640,1,1.1031,1.21682,12,52,51,-1,300,650
950,3781,3,3.07851,3.16954,15.3333,53,51,1,0,950
950,1532,5,4.91585,5.39167,18.8,54,52.6,-1,150,800
950,3782,10,12.3395,16.7686,44.4,52.5,52.8,0,0,950
950,2026,1,1.55759,2.42608,45,56,51,-1,100,850
950,3783,4,4.1646,4.75409,49.75,55.5,52.25,-2,0,950
950,879,4,3.05363,2.6168,19.75,57.5,51.25,2,250,700
950,1503,3,2.64547,2.55316,27,56.6667,52,-1,150,800
950,3784,1,0.645806,0.417065,32,58,51,1,0,950
950,643,1,0.616419,0.379972,54,58,51,1,300,650
950,1492,2,2.04951,2.74236,12,59.5,51,0,150,800
950,180,3,3.48512,4.56545,59.6667,59.3333,51,-1,550,400
950,3785,5,5.18601,5.81807,54.2,60.2,52.4,1,0,950
950,187,2,1.68146,1.42472,63,60,51.5,2,550,400
950,3786,4,3.62194,3.84396,23,60.25,51.5,0,0,950
950,2036,1,0.793464,0.629585,25,0,52,1,100,850
950,1166,1,1.43403,2.05644,29,7,52,1,200,750
950,3787,1,1.1173,1.24835,63,7,52,-1,0,950
950,1176,54,52.5839,57.4428,2.66667,7.7037,55.6111,-2,200,750
950,1181,36,33.5188,34.8108,47.9167,10.3333,56.0833,-2,200,750
950,475,3,2.13883,1.64022,24.6667,10,52.3333,-1,350,600
950,2068,1,1.43231,2.05152,51,10,52,-1,100,850
950,3788,2,2.0936,2.21567,48.5,13.5,52.5,0,0,950
950,3789,1,0.735935,0.5416,28,17,52,1,0,950
950,258,1,0.594084,0.352936,8,20,52,1,500,450
950,3790,3,2.48068,2.17254,22.3333,21,52.6667,1,0,950
950,188,1,0.540775,0.292437,10,22,52,-1,550,400
950,479,1,1.02388,1.04834,3,24,52,1,350,600
950,1516,1,1.15225,1.32767,12,24,52,-1,150,800
950,1179,54,47.9995,49.1302,38.8148,23.9074,56.4444,-4,200,750
950,2905,2,1.61291,1.31705,9,25.5,52.5,0,50,900
950,2871,1,1.67144,2.7937,7,27,52,-1,50,900
950,2057,1,0.970809,0.942469,36,28,52,1,100,850
950,1509,1,1.13538,1.2891,51,29,52,-1,150,800
950,259,3,4.41476,7.18234,10,31.6667,52.6667,1,500,450
950,29,5,6.68141,9.50674,20.2,32.4,53.2,1,700,250
950,3791,1,0.367578,0.135114,45,34,52,1,0,950
950,3792,7,6.96263,8.28884,62.7143,34.4286,52.8571,1,0,950
950,1518,6,4.42107,3.8447,5.16667,36.1667,53.3333,0,150,800
950,26,1,0.82176,0.675289,60,35,52,1,700,250
950,1501,12,9.74242,9.59045,26.0833,36.75,54.3333,2,150,800
950,1180,1,1.80972,3.27508,40,36,52,-1,200,750
950,478,1,0.308105,0.0949289,53,36,52,-1,350,600
950,1530,23,23.184,28.8263,59,37.3478,54.913,1,150,800
950,3793,1,1.33175,1.77357,48,39,52,-1,0,950
950,1169,3,2.10384,1.52314,50.6667,39.6667,52.3333,1,200,750
950,647,20,19.0349,21.0307,42.6,36.35,54.2,-2,300,650
950,2873,1,1.052,1.1067,10,45,52,-1,50,900
950,3794,7,7.55832,8.78508,-0.857143,45.7143,52.8571,-1,0,950
950,3795,1,1.18,1.3924,2,46,52,-1,0,950
950,3796,1,1.23073,1.5147,58,46,52,1,0,950
950,2043,1,0.691731,0.478492,8,49,52,1,100,850
950,1528,3,2.49145,2.13262,21,51.6667,53,-1,150,800
950,3797,3,2.83487,2.81686,26.6667,53.3333,52.3333,1,0,950
950,1511,4,4.21724,4.60852,40,52.75,53.25,0,150,800
950,3798,1,1.30554,1.70444,21,54,52,-1,0,950
950,2920,3,2.38139,2.21404,24.3333,56,52.6667,-1,50,900
950,1523,5,5.63879,7.0332,42.8,56,53.6,1,150,800
950,3799,1,0.687909,0.473219,25,58,52,1,0,950
950,2066,1,1.61312,2.60214,43,60,52,-1,100,850
950,2890,1,0.721253,0.520206,27,61,52,1,50,900
950,2073,28,24.9836,26.4545,40.5,61.7857,53.8214,2,100,850
950,3800,4,3.01522,2.40933,9,0,53.25,0,0,950
950,2868,3,2.43095,2.3356,13.3333,2.66667,53,1,50,900
950,59,1,1.18994,1.41595,43,3,53,1,650,300
950,3801,1,0.741513,0.549841,51,3,53,1,0,950
950,3802,16,15.688,17.4594,27,5.25,54.3125,0,0,950
950,494,1,0.81126,0.658142,61,4,53,-1,350,600
950,1478,1,0.958292,0.918323,36,8,53,-1,150,800
950,372,1,1.8122,3.28407,22,9,53,-1,400,550
950,189,1,0.318897,0.101696,36,10,53,-1,550,400
950,190,21,20.3884,23.0153,5.28571,14.5238,56.9524,3,550,400
950,3803,1,0.865026,0.748269,18,13,53,1,0,950
950,2895,5,3.61808,2.66398,10,17.6,53.8,1,50,900
950,3804,2,2.11351,2.54978,23,18,53.5,0,0,950
950,1499,1,1.22036,1.48929,49,18,53,-1,150,800
950,2056,1,1.09607,1.20136,52,18,53,-1,100,850
950,646,1,0.744013,0.553555,39,25,53,-1,300,650
950,2077,25,23.1636,23.616,27.24,26.28,54.92,-1,100,850
950,2070,3,3.09535,3.32909,50,31.6667,54,1,100,850
950,477,4,3.09671,2.55512,23.25,32.5,53.75,0,350,600
950,883,1,1.87124,3.50155,48,34,53,1,250,700
950,3805,2,1.70211,1.62258,15,36,53.5,0,0,950
950,3806,1,0.890272,0.792584,61,37,53,-1,0,950
950,3807,1,1.16736,1.36273,13,38,53,-1,0,950
950,2897,1,1.75191,3.0692,16,38,53,-1,50,900
950,1527,1,1.88914,3.56886,9,43,53,-1,150,800
950,2887,1,0.940726,0.884965,32,44,53,-1,50,900
950,2886,10,12.1335,15.8646,37.8,45.3,53.7,2,50,900
950,3808,1,1.15991,1.34539,28,45,53,-1,0,950
950,3809,1,1.20284,1.44681,41,46,53,1,0,950
950,1533,3,2.02468,1.44626,56.6667,46,54,1,150,800
950,3810,1,0.902049,0.813692,34,47,53,1,0,950
950,480,12,11.8214,13.1337,7.83333,45.4167,55.5,-4,350,600
950,2094,17,13.8648,14.7943,60.4706,46,56.4118,-5,100,850
950,3811,4,3.45143,3.07823,14.25,50.75,53.75,2,0,950
950,648,10,9.63921,11.1559,36.4,51.6,55.4,0,300,650
950,299,11,9.59736,9.4911,13.6364,55.3636,54.3636,-3,450,500
950,878,3,2.83446,2.84208,9.66667,56,53.6667,-1,250,700
950,2910,4,1.57779,0.896524,59.25,56.25,53.75,-2,50,900
950,3812,1,1.34859,1.8187,52,57,53,1,0,950
950,1524,1,1.366,1.86596,3,58,53,-1,150,800
950,3813,1,0.692095,0.478995,49,58,53,-1,0,950
950,3814,4,3.40806,3.33962,29.5,60.25,53.25,0,0,950
950,3815,2,1.58071,1.35379,60,59,53.5,-2,0,950
950,2923,2,2.21542,2.45943,49,60,53.5,0,50,900
950,3816,2,3.16897,5.02222,50,62.5,53.5,-2,0,950
950,3817,2,1.47887,1.35389,52,62,53.5,0,0,950
950,3818,1,0.979984,0.960369,61,0,54,1,0,950
950,109,1,1.18632,1.40737,31,1,54,-1,600,350
950,2914,1,1.03472,1.07065,51,1,54,-1,50,900
950,2934,2,1.57057,1.4606,11,2,54.5,0,50,900
950,2090,2,1.29085,0.833264,51,7.5,54.5,0,100,850
950,1513,2,1.54736,1.46673,53,8.5,54.5,0,150,800
950,2936,14,14.3397,15.3373,27.8571,9.78571,56.6429,2,50,900
950,3819,1,0.314265,0.0987625,22,12,54,1,0,950
950,113,1,0.862187,0.743366,39,14,54,1,600,350
950,3820,1,0.938756,0.881262,21,18,54,1,0,950
950,1507,19,20.1698,25.3979,56.1053,19.1053,55.2632,-1,150,800
950,370,1,1.05945,1.12244,17,20,54,1,400,550
950,1168,2,1.63753,1.37102,3.5,22,54,0,200,750
950,882,1,1.06681,1.13809,18,22,54,-1,250,700
950,3821,3,3.86648,5.20106,20,22.6667,54.3333,-1,0,950
950,3822,1,1.22781,1.50752,27,23,54,1,0,950
950,2904,3,2.51644,2.41669,3,24,54,-1,50,900
950,2916,3,3.2993,3.66255,45,24.3333,54.6667,-1,50,900
950,1486,1,0.585356,0.342642,61,24,54,1,150,800
950,3823,1,0.940506,0.884552,5,27,54,1,0,950
950,2084,1,0.693802,0.481362,51,27,54,1,100,850
950,2907,5,5.4664,7.22539,17.8,29.2,54.2,-3,50,900
950,3824,2,0.956663,0.459264,21,28.5,54,0,0,950
950,2896,2,0.585428,0.174359,56.5,28,54,0,50,900
950,2906,1,1.54236,2.37888,11,29,54,-1,50,900
950,1517,6,4.38852,3.6709,25.8333,31.1667,54.8333,2,150,800
950,2085,10,6.4449,5.30164,47,30.9,56.1,4,100,850
950,1526,1,0.365794,0.133806,6,33,54,-1,150,800
950,893,5,4.27774,3.98813,28.8,34.2,55.2,3,250,700
950,2918,5,4.38452,4.49601,55,35.6,54.8,1,50,900
950,896,1,1.05762,1.11857,2,39,54,1,250,700
950,1159,1,0.240258,0.0577238,19,39,54,1,200,750
950,3825,1,1.4292,2.0426,0,40,54,1,0,950
950,1519,1,1.58986,2.52765,59,40,54,-1,150,800
950,3826,1,0.882979,0.779651,0,42,54,1,0,950
950,3827,4,3.90485,4.29527,61.5,42.25,54.5,0,0,950
950,3828,1,1.7172,2.94877,19,52,54,-1,0,950
950,2919,16,16.2819,17.704,23.0625,53.125,56.125,-2,50,900
950,2065,2,1.67213,1.42056,37,54.5,54,0,100,850
950,3829,2,2.85094,4.22111,1,57.5,54,-2,0,950
950,3830,1,0.562503,0.31641,63,57,54,-1,0,950
950,2911,3,1.7987,1.09125,9.33333,59,54.6667,-1,50,900
950,3831,1,1.02603,1.05275,25,60,54,1,0,950
950,3832,3,2.47142,2.63608,57.6667,60.6667,54.6667,-1,0,950
950,2080,1,1.68689,2.8456,62,61,54,1,100,850
950,3833,1,0.964759,0.93076,16,62,54,-1,0,950
950,2912,4,5.44539,8.21569,30,0.75,55.75,0,50,900
950,659,3,2.02495,1.54598,58.6667,1,55.3333,-1,300,650
950,2893,1,0.882882,0.779481,18,4,55,1,50,900
950,3834,1,1.82359,3.32548,34,4,55,-1,0,950
950,3835,2,2.63097,3.46568,25.5,8,55,0,0,950
950,2089,1,0.945152,0.893312,34,9,55,1,100,850
950,3836,2,1.743,1.73294,22,9.5,55.5,0,0,950
950,374,1,1.74749,3.05371,26,10,55,-1,400,550
950,2879,2,2.0699,2.22855,30.5,10,55,0,50,900
950,63,1,0.874443,0.764651,41,11,55,1,650,300
950,2902,1,1.45675,2.12213,61,11,55,-1,50,900
950,651,6,5.6242,7.1622,30,14,55.8333,2,300,650
950,2101,1,1.31934,1.74066,47,13,55,-1,100,850
950,3837,1,1.37767,1.89798,19,15,55,-1,0,950
950,191,1,0.795098,0.632181,45,15,55,-1,550,400
950,3838,1,0.780198,0.608709,30,17,55,1,0,950
950,111,1,1.07638,1.1586,48,19,55,1,600,350
950,1554,7,6.14423,6.95879,1.57143,21.8571,56.1429,-5,150,800
950,872,1,0.984316,0.968879,48,21,55,1,250,700
950,1172,2,1.39477,1.09583,38,22.5,55.5,2,200,750
950,1514,1,0.547214,0.299443,6,25,55,-1,150,800
950,3839,2,1.981,1.96368,9,26.5,55,0,0,950
950,3840,2,3.24602,5.33191,30.5,28.5,55.5,0,0,950
950,2917,1,0.896024,0.802858,60,28,55,-1,50,900
950,2927,1,1.23113,1.51569,15,29,55,1,50,900
950,888,2,1.57703,1.24355,0.5,30,55,0,250,700
950,2872,1,0.770247,0.59328,36,30,55,1,50,900
950,3841,5,5.95744,7.37447,61,30.6,56,1,0,950
950,3842,1,0.86814,0.753666,15,31,55,1,0,950
950,3843,3,2.22045,2.0416,17.6667,32,56,-1,0,950
950,3844,2,1.31678,0.871325,4,33,55.5,0,0,950
950,64,1,0.924043,0.853856,8,33,55,1,650,300
950,194,1,0.5147,0.264916,57,33,55,-1,550,400
950,3845,1,1.16159,1.3493,18,34,55,-1,0,950
950,2071,3,3.15064,3.38371,50.3333,35.6667,55,-1,100,850
950,3846,1,0.894001,0.799238,17,36,55,1,0,950
950,903,1,0.721921,0.52117,11,37,55,1,250,700
950,3847,1,0.666364,0.44404,19,37,55,1,0,950
950,2086,1,0.751647,0.564973,51,38,55,1,100,850
950,889,4,3.11126,2.76667,12.5,39,56,2,250,700
950,652,1,1.02619,1.05307,48,39,55,1,300,650
950,262,1,0.942516,0.888336,53,39,55,1,500,450
950,3848,1,0.935997,0.87609,4,44,55,1,0,950
950,2072,2,1.39179,1.00837,55.5,44,55,0,100,850
950,2955,3,4.20109,6.00765,42,45.3333,55.3333,-3,50,900
950,3849,1,1.08737,1.18237,16,46,55,1,0,950
950,2929,1,1.4181,2.01102,22,48,55,1,50,900
950,2119,7,5.28447,4.46707,46.1429,49,56,1,100,850
950,2088,1,0.979209,0.95885,11,50,55,1,100,850
950,2909,1,0.596729,0.356085,31,54,55,1,50,900
950,301,1,0.381362,0.145437,59,54,55,-1,450,500
950,376,10,9.72761,11.4677,45.7,54.8,56.5,2,400,550
950,3850,2,1.64037,1.41047,25.5,58,55,0,0,950
950,3851,1,1.58155,2.50129,46,58,55,-1,0,950
950,3852,1,0.916321,0.839645,57,58,55,-1,0,950
950,884,1,0.615073,0.378314,7,59,55,1,250,700
950,3853,1,0.147954,0.0218903,59,63,55,-1,0,950
950,2960,5,4.64561,4.6675,10.4,-0.6,57.2,1,50,900
950,3854,1,0.739761,0.547247,27,0,56,-1,0,950
950,482,1,0.927721,0.860667,17,1,56,-1,350,600
950,3855,2,2.88552,4.22076,14.5,1.5,56.5,2,0,950
950,2054,1,0.863469,0.745578,21,3,56,1,100,850
950,1185,1,1.0833,1.17355,20,6,56,1,200,750
950,2100,1,1.24963,1.56157,45,7,56,-1,100,850
950,1196,4,4.80297,6.00803,54,12,57.25,0,200,750
950,1541,2,2.01363,2.02741,25.5,13,56,0,150,800
950,2938,1,0.655878,0.430176,48,15,56,1,50,900
950,2948,1,1.28594,1.65363,53,15,56,-1,50,900
950,373,1,0.639347,0.408765,6,17,56,-1,400,550
950,3856,1,0.92255,0.851099,45,17,56,1,0,950
950,2091,4,3.06499,2.392,20,18.75,57,0,100,850
950,2076,2,1.43388,1.29147,30.5,21,56,0,100,850
950,3857,1,0.944576,0.892223,48,24,56,-1,0,950
950,2942,5,4.53468,4.27793,0.8,26.6,57.4,-1,50,900
950,2079,9,5.92283,4.49863,40,30.8889,57.4444,-1,100,850
950,31,3,2.10413,1.81545,24,34,57,1,700,250
950,61,1,0.381588,0.14561,6,35,56,1,650,300
950,68,1,0.686495,0.471275,60,36,56,1,650,300
950,2117,22,25.3867,32.3656,37.4091,39.6818,59.3182,-4,100,850
950,1183,3,2.33411,1.82209,20.3333,41,56.6667,1,200,750
950,2898,1,0.975154,0.950926,20,44,56,1,50,900
950,2930,1,0.521965,0.272447,33,46,56,1,50,900
950,1520,1,0.80788,0.65267,45,46,56,-1,150,800
950,3858,1,0.931776,0.868206,49,46,56,1,0,950
950,3859,1,1.26315,1.59554,10,47,56,-1,0,950
950,3860,1,0.677691,0.459266,16,48,56,-1,0,950
950,649,1,0.961153,0.923815,31,50,56,1,300,650
950,2921,1,0.896574,0.803844,17,53,56,1,50,900
950,66,10,7.36689,6.26675,20.2,55.6,58.9,0,650,300
950,2957,18,17.3537,19.2088,51.3889,56.2778,57.7778,-2,50,900
950,2922,1,0.695164,0.483252,33,57,56,1,50,900
950,3861,1,1.03488,1.07098,51,57,56,-1,0,950
950,3862,1,1.67054,2.79071,43,58,56,-1,0,950
950,3863,4,4.09965,4.527,20,61.75,57,-2,0,950
950,2945,1,0.728882,0.531269,42,62,56,1,50,900
950,3864,2,0.807812,0.412693,49,62.5,56,0,0,950
950,3865,2,1.34261,0.959926,19.5,1,57,0,0,950
950,2963,40,44.0585,53.3594,10.025,4.675,58.95,-6,50,900
950,303,1,1.20008,1.44019,9,10,57,-1,450,500
950,3866,1,1.05737,1.11804,61,10,57,1,0,950
950,1178,4,3.69791,3.42324,42.25,10.5,57.75,0,200,750
950,2940,2,1.05957,0.58337,8.5,12,57,0,50,900
950,1549,1,0.487484,0.237641,59,16,57,1,150,800
950,2903,2,1.88834,2.19485,60.5,18.5,57,0,50,900
950,909,2,1.1317,0.641986,47.5,19.5,57,0,250,700
950,2950,5,5.33808,6.06221,5,21.4,57.6,-1,50,900
950,2092,12,13.2223,16.8271,33.9167,21,58.0833,2,100,850
950,2969,1,1.19009,1.4163,50,21,57,-1,50,900
950,2925,1,1.3344,1.78062,18,25,57,1,50,900
950,2952,1,1.34838,1.81813,52,25,57,-1,50,900
950,260,8,7.18556,7.55335,32.375,25.75,58.375,0,500,450
950,2953,4,3.24714,3.32558,55,27.25,58.25,0,50,900
950,892,4,3.56843,3.26539,61.5,27.25,58.5,2,250,700
950,1197,5,3.95263,3.59487,25.2,28.4,57.8,-1,200,750
950,2926,1,1.83691,3.37423,51,28,57,-1,50,900
950,30,2,1.56947,1.24157,53,28.5,57,0,700,250
950,378,6,5.15392,4.8052,2.16667,30.5,57,0,400,550
950,3867,1,1.21302,1.47142,56,30,57,-1,0,950
950,3868,3,2.45431,2.05088,52.6667,31.6667,57.3333,-1,0,950
950,3869,1,1.23805,1.53276,37,33,57,-1,0,950
950,2975,2,1.66392,1.39527,55,33,57.5,0,50,900
950,1510,3,4.1529,6.46003,36.6667,35.3333,57,-3,150,800
950,2928,2,1.2356,0.871429,22.5,36.5,57.5,0,50,900
950,2130,3,3.45734,4.24696,54,36.6667,58,3,100,850
950,3870,1,0.912671,0.832968,49,37,57,1,0,950
950,3871,1,0.847974,0.71906,52,38,57,1,0,950
950,377,1,0.730442,0.533546,16,40,57,1,400,550
950,663,1,1.07891,1.16405,51,41,57,1,300,650
950,2980,2,2.00591,2.04925,37.5,44,57,0,50,900
950,3872,1,1.22211,1.49355,21,47,57,1,0,950
950,2134,1,1.01624,1.03275,35,47,57,-1,100,850
950,3873,2,2.32116,2.69532,58,48,57.5,0,0,950
950,115,1,0.35151,0.123559,9,49,57,-1,600,350
950,2931,1,1.21594,1.47851,34,51,57,1,50,900
950,2120,2,1.02083,0.561985,12.5,52.5,57,0,100,850
950,3874,1,1.31814,1.7375,49,52,57,1,0,950
950,3875,1,0.616993,0.380681,51,55,57,1,0,950
950,2109,1,0.62302,0.388153,40,56,57,1,100,850
950,3876,2,1.06678,0.572295,25.5,57.5,57,0,0,950
950,3877,1,0.957449,0.916709,22,58,57,1,0,950
950,2958,5,4.60413,5.01887,28.8,60,57,1,50,900
950,1548,1,0.746428,0.557155,11,60,57,1,150,800
950,3878,1,1.61185,2.59805,49,60,57,-1,0,950
950,3879,1,0.494621,0.24465,53,61,57,-1,0,950
950,3880,4,3.48181,3.25299,16,0,58.75,-2,0,950
950,2933,1,1.04027,1.08216,46,0,58,-1,50,900
950,496,14,11.6445,10.2466,5.35714,4.78571,60.9286,0,350,600
950,112,1,1.19959,1.43902,26,6,58,1,600,350
950,1177,1,0.382939,0.146642,31,10,58,1,200,750
950,489,1,0.486789,0.236964,62,12,58,1,350,600
950,2937,1,1.63119,2.6608,34,14,58,1,50,900
950,901,2,1.73228,1.63049,28.5,16.5,58.5,0,250,700
950,488,1,1.12934,1.27541,48,16,58,-1,350,600
950,3881,1,1.73475,3.00937,34,18,58,-1,0,950
950,2967,9,9.50586,10.9838,39.8889,19,59.3333,1,50,900
950,3882,1,1.06235,1.1286,51,18,58,-1,0,950
950,2941,5,4.2729,3.69945,8.8,21.6,58.8,-1,50,900
950,2102,2,2.10443,2.2608,32,23,58.5,0,100,850
950,193,1,0.622285,0.387239,23,24,58,-1,550,400
950,1555,3,2.93901,3.21407,4.33333,27,58.6667,1,150,800
950,2093,3,3.30557,3.99971,20.6667,30.3333,58,1,100,850
950,904,1,0.611075,0.373412,17,35,58,-1,250,700
950,1198,1,1.18431,1.40258,9,43,58,-1,200,750
950,302,3,2.67397,2.39866,13,43.6667,58.6667,1,450,500
950,3883,9,7.57837,7.24943,36.3333,45.3333,59.6667,-1,0,950
950,3015,9,10.2778,13.7973,31.3333,47.6667,59.2222,1,50,900
950,2979,1,0.691448,0.4781,16,48,58,-1,50,900
950,1539,1,0.787817,0.620655,40,49,58,-1,150,800
950,654,2,1.78787,1.63367,6.5,50.5,58,0,300,650
950,2095,7,6.78973,7.98375,60.7143,50.2857,59,-3,100,850
950,2983,1,0.636799,0.405513,42,53,58,1,50,900
950,62,6,6.47234,8.16757,28.5,56,58.8333,-2,650,300
950,653,2,1.91181,1.86089,1.5,56,58,0,300,650
950,3884,5,4.80755,5.33195,16.4,56.4,58.2,-1,0,950
950,1569,1,0.832214,0.69258,12,57,58,1,150,800
950,3885,1,0.870953,0.75856,18,58,58,1,0,950
950,3886,4,3.32193,3.26239,53.25,59.25,58.75,0,0,950
950,657,9,8.19987,8.79242,57.3333,61.2222,59.4444,1,300,650
950,2098,3,2.57805,2.24506,59,-0.666667,59.3333,1,100,850
950,658,1,1.79854,3.23473,13,1,59,-1,300,650
950,2110,8,5.98699,5.80672,63.375,3.375,60.25,0,100,850
950,1561,1,1.1097,1.23143,61,10,59,-1,150,800
950,3887,1,0.876823,0.768818,31,14,59,-1,0,950
950,3009,2,2.13469,2.31395,53,16.5,59.5,0,50,900
950,3888,1,1.58482,2.51166,8,18,59,1,0,950
950,3889,1,0.541521,0.293245,28,19,59,-1,0,950
950,487,1,1.02648,1.05366,18,20,59,1,350,600
950,2114,5,5.21831,5.7918,44.2,21.6,59.2,-3,100,850
950,2964,1,0.836121,0.699098,55,20,59,1,50,900
950,898,3,2.07768,1.53589,26.6667,21.6667,59.3333,-1,250,700
950,3890,2,1.73415,1.5528,25,24,59.5,0,0,950
950,261,1,0.598839,0.358609,9,29,59,1,500,450
950,198,1,0.91153,0.830887,50,29,59,1,550,400
950,264,5,4.92227,5.08495,34,33.6,59.6,-1,500,450
950,2994,15,14.0636,15.8432,20.8,34.2667,60.6,1,50,900
950,3012,4,4.56899,5.75766,47.75,34.5,59.75,2,50,900
950,895,3,4.15934,6.01994,22.6667,40,60,1,250,700
950,2976,19,19.153,21.3207,30.8421,40.0526,59.9474,7,50,900
950,2124,3,1.98452,1.43044,14.3333,41,59.6667,1,100,850
950,2152,7,5.13172,3.78956,19,41.1429,59.8571,-1,100,850
950,1545,3,1.73203,1.05482,56.6667,41.6667,59.3333,1,150,800
950,2153,12,10.7217,11.2134,52.0833,42.5833,60.0833,-2,100,850
950,1576,1,0.982475,0.965257,7,46,59,-1,150,800
950,3891,1,1.63776,2.68226,17,46,59,-1,0,950
950,3892,1,0.668587,0.447008,19,46,59,-1,0,950
950,493,1,0.37219,0.138525,39,46,59,-1,350,600
950,3893,2,1.29072,0.86838,41,46.5,59,0,0,950
950,2118,3,2.7388,2.90146,48.6667,45.3333,59.6667,-1,100,850
950,3894,2,1.94225,1.8978,51,46,59.5,0,0,950
950,2956,1,0.260453,0.0678356,56,46,59,-1,50,900
950,2107,3,2.93757,3.05589,12.3333,48,59.3333,1,100,850
950,2982,3,2.30267,2.50425,44.6667,49.6667,60,-1,50,900
950,2999,2,2.09966,2.26623,12,51,59.5,0,50,900
950,3001,2,2.50941,3.19436,40,51,59.5,0,50,900
950,2108,1,1.14313,1.30675,47,51,59,1,100,850
950,3895,8,10.2211,14.2076,9.125,50,61.375,-2,0,950
950,656,3,3.01829,3.30039,16.3333,52.6667,59.3333,-1,300,650
950,2125,1,1.64549,2.70764,63,52,59,-1,100,850
950,3896,1,0.681582,0.464553,31,53,59,-1,0,950
950,501,1,0.551546,0.304203,59,56,59,-1,350,600
950,3897,1,1.23941,1.53613,6,58,59,-1,0,950
950,3898,2,1.85874,1.75424,8.5,59,59.5,0,0,950
950,3899,1,1.61582,2.61087,20,59,59,-1,0,950
950,3900,1,0.875018,0.765657,62,59,59,-1,0,950
950,379,1,0.879704,0.773879,18,60,59,1,400,550
950,199,1,0.855778,0.732357,42,60,59,-1,550,400
950,2139,1,1.45176,2.10761,34,61,59,1,100,850
950,1560,1,1.05085,1.10428,47,0,60,1,150,800
950,2984,2,1.62731,1.40577,52,0,60.5,0,50,900
950,484,1,0.59948,0.359376,54,5,60,1,350,600
950,3901,1,0.79123,0.626045,29,9,60,-1,0,950
950,3902,1,1.07703,1.15999,32,12,60,-1,0,950
950,2128,2,1.26128,0.795437,0.5,13.5,60,0,100,850
950,3903,1,1.29198,1.66921,21,15,60,1,0,950
950,3904,1,0.289347,0.0837216,34,16,60,-1,0,950
950,3905,1,0.377256,0.142322,47,17,60,1,0,950
950,3906,1,1.00083,1.00166,49,18,60,-1,0,950
950,3036,4,3.34712,3.02137,46.5,19.25,61,0,50,900
950,1573,1,1.34377,1.80571,23,20,60,1,150,800
950,2990,1,1.20078,1.44188,48,21,60,-1,50,900
950,3907,1,0.478407,0.228874,36,27,60,1,0,950
950,899,3,2.37874,2.19808,34,27.6667,60.6667,1,250,700
950,2115,2,0.892957,0.460927,40,28.5,60,-2,100,850
950,1575,10,10.0748,11.0358,43.4,30.3,61.1,2,150,800
950,1202,2,1.19344,0.783864,59,28,60.5,0,200,750
950,1551,1,1.38379,1.91488,2,29,60,1,150,800
950,1189,1,1.03709,1.07555,34,30,60,1,200,750
950,2123,1,1.54511,2.38736,13,31,60,1,100,850
950,491,1,0.855681,0.73219,23,31,60,1,350,600
950,2149,1,0.930938,0.866645,38,31,60,-1,100,850
950,2973,1,0.67501,0.455639,59,31,60,-1,50,900
950,2150,14,11.7549,11.0561,26.5714,34.8571,62,-4,100,850
950,2993,1,0.654043,0.427772,56,34,60,-1,50,900
950,2131,4,3.75094,3.63962,53.25,35.5,60.25,0,100,850
950,3908,7,6.98609,7.91512,15.8571,37.7143,61,1,0,950
950,1566,1,0.688057,0.473422,59,40,60,1,150,800
950,1568,11,9.86944,10.4552,61.5455,42.3636,61.1818,3,150,800
950,1184,1,0.574902,0.330512,42,43,60,-1,200,750
950,2978,3,2.76089,3.03141,33.6667,43.6667,61,-1,50,900
950,3014,1,0.761351,0.579655,63,44,60,1,50,900
950,3909,1,0.941763,0.886917,15,45,60,1,0,950
950,2981,1,1.56509,2.44951,47,48,60,-1,50,900
950,3910,3,2.16499,1.58505,38.3333,49,60.6667,-1,0,950
950,499,1,0.975558,0.951714,5,51,60,1,350,600
950,3911,5,5.44033,6.06821,36.6,51.8,60.6,1,0,950
950,3912,2,1.66578,1.38866,49,52.5,60.5,2,0,950
950,3913,1,0.495731,0.245749,25,53,60,-1,0,950
950,2944,1,0.948603,0.899848,58,53,60,1,50,900
950,3914,1,1.27606,1.62833,23,57,60,-1,0,950
950,3915,1,0.784682,0.615726,38,4,61,1,0,950
950,2987,2,1.8667,1.76446,44.5,8,61,0,50,900
950,3916,1,0.828508,0.686426,32,10,61,-1,0,950
950,3007,1,0.584142,0.341221,8,12,61,-1,50,900
950,2989,2,1.442,1.30867,44,13,61.5,0,50,900
950,650,1,0.0834799,0.0069689,58,13,61,1,300,650
950,3917,1,1.15106,1.32495,29,18,61,-1,0,950
950,1565,2,1.46359,1.46735,16,20.5,61.5,0,150,800
950,2968,2,1.67898,1.51218,39,21,61.5,0,50,900
950,2146,11,11.3224,13.488,2.36364,23,61.7273,1,100,850
950,3010,1,0.280385,0.0786157,26,26,61,-1,50,900
950,2992,1,0.651734,0.424758,2,27,61,-1,50,900
950,3918,1,0.246361,0.0606936,26,28,61,1,0,950
950,907,5,4.49939,4.26888,57.2,32,61.6,-1,250,700
950,911,1,1.52504,2.32576,38,33,61,1,250,700
950,2995,1,0.572233,0.32745,5,37,61,-1,50,900
950,2954,2,2.05473,2.11939,25.5,37,61,-2,50,900
950,3919,1,0.608445,0.370205,44,37,61,-1,0,950
950,662,3,3.4507,4.33347,9,40.6667,61.6667,1,300,650
950,1192,1,0.39154,0.153303,27,42,61,1,200,750
950,3920,1,0.834062,0.69566,22,43,61,1,0,950
950,3921,2,1.04065,0.684895,51.5,48.5,61.5,0,0,950
950,3922,3,2.81218,2.92687,23,50.3333,62,1,0,950
950,3923,1,0.985514,0.971238,47,51,61,1,0,950
950,2136,1,0.534501,0.285692,18,52,61,1,100,850
950,1579,3,3.12022,4.11421,28.3333,54.6667,61.6667,1,150,800
950,3003,1,0.945315,0.893621,12,56,61,1,50,900
950,660,2,0.870209,0.520659,43.5,58.5,61.5,0,300,650
950,3024,1,0.632053,0.399491,10,60,61,1,50,900
950,3924,7,8.89749,11.6153,11.5714,63.4286,62,-1,0,950
950,2138,1,1.26522,1.60079,43,62,61,-1,100,850
950,3925,1,1.53033,2.3419,46,62,61,1,0,950
950,3926,1,0.831153,0.690816,17,0,62,-1,0,950
950,3027,1,0.83677,0.700184,31,6,62,-1,50,900
950,1540,1,1.04036,1.08236,49,6,62,-1,150,800
950,3927,1,1.5959,2.54689,57,6,62,-1,0,950
950,3928,1,1.25574,1.57688,55,7,62,1,0,950
950,2129,1,1.03867,1.07883,11,13,62,1,100,850
950,2145,2,1.78196,1.59082,2.5,14.5,62,-2,100,850
950,3929,2,1.78938,1.88009,46.5,16.5,62,-2,0,950
950,2966,1,0.350288,0.122702,38,17,62,1,50,900
950,3930,2,1.40877,1.02956,52.5,17,62.5,0,0,950
950,3035,1,1.02699,1.0547,7,18,62,1,50,900
950,3931,1,0.618308,0.382305,41,19,62,-1,0,950
950,3932,1,1.18091,1.39455,44,19,62,-1,0,950
950,490,1,0.487007,0.237176,15,26,62,1,350,600
950,3933,2,1.51272,1.77787,63.5,29.5,62,0,0,950
950,2148,1,0.892203,0.796025,26,31,62,1,100,850
950,3011,4,2.83375,2.08394,49,31,62.5,0,50,900
950,3934,1,1.134,1.28596,60,31,62,1,0,950
950,3935,2,3.08517,4.86999,52.5,32.5,62,0,0,950
950,3936,1,1.1298,1.27645,14,33,62,1,0,950
950,3937,1,0.97505,0.950722,50,35,62,1,0,950
950,2997,2,2.11075,2.48134,21.5,39,62.5,-2,50,900
950,492,1,1.64288,2.69905,63,39,62,1,350,600
950,3938,2,2.1552,2.33198,58.5,40.5,62,0,0,950
950,1199,1,0.974663,0.949967,25,43,62,-1,200,750
950,3939,1,0.602971,0.363574,14,46,62,1,0,950
950,3016,5,3.62393,2.7477,31.8,47.2,62,1,50,900
950,3940,1,1.21518,1.47667,17,47,62,1,0,950
950,3045,2,2.66036,3.66943,5.5,48.5,62,-2,50,900
950,3018,2,1.89429,1.81925,34.5,48.5,62.5,0,50,900
950,3941,1,1.14055,1.30085,12,50,62,1,0,950
950,3020,1,0.463629,0.214952,15,51,62,1,50,900
950,3942,1,1.19069,1.41774,42,51,62,1,0,950
950,905,1,1.23907,1.53531,59,51,62,1,250,700
950,3002,1,0.720264,0.51878,12,52,62,1,50,900
950,3019,1,1.37017,1.87736,0,54,62,1,50,900
950,3943,1,1.38406,1.91562,13,54,62,1,0,950
950,3944,1,0.663283,0.439944,16,54,62,1,0,950
950,3021,1,0.987063,0.974293,42,55,62,-1,50,900
950,3945,1,0.450981,0.203384,13,58,62,1,0,950
950,3046,1,0.625672,0.391466,3,59,62,1,50,900
950,3946,1,0.573994,0.329469,6,59,62,-1,0,950
950,2126,1,0.636102,0.404626,40,59,62,-1,100,850
950,3947,1,1.78459,3.18478,30,63,62,-1,0,950
950,3948,1,1.18368,1.40109,61,63,62,1,0,950
950,2961,1,0.529116,0.279964,31,1,63,-1,50,900
950,3949,1,0.833117,0.694084,56,1,63,-1,0,950
950,3026,1,0.648537,0.420601,1,4,63,1,50,900
950,2140,2,1.31837,0.88347,30.5,4,63,0,100,850
950,3029,1,1.1118,1.2361,23,5,63,-1,50,900
950,3950,1,0.720629,0.519306,33,15,63,-1,0,950
950,3951,1,1.38752,1.92522,41,16,63,-1,0,950
950,3952,1,0.900997,0.811795,18,18,63,-1,0,950
950,2965,1,0.388008,0.150551,12,19,63,-1,50,900
950,3953,1,0.876567,0.76837,39,19,63,1,0,950
950,3954,3,2.5713,2.38119,8.33333,21.3333,63,-1,0,950
950,3955,1,0.526988,0.277717,12,21,63,1,0,950
950,3956,1,1.0642,1.13252,38,26,63,1,0,950
950,3038,1,1.02423,1.04904,57,26,63,-1,50,900
950,3957,1,0.336673,0.113348,35,31,63,1,0,950
950,2151,1,1.11848,1.25099,42,32,63,1,100,850
950,3958,1,0.913646,0.834749,48,34,63,1,0,950
950,3959,1,0.874376,0.764533,46,37,63,1,0,950
950,2996,1,0.987762,0.975673,9,39,63,-1,50,900
950,3040,1,1.28826,1.65961,43,39,63,1,50,900
950,3960,1,0.495451,0.245471,29,40,63,-1,0,950
950,3961,1,0.517223,0.267519,46,40,63,1,0,950
950,3043,1,0.43164,0.186313,37,43,63,-1,50,900
950,1577,1,0.757976,0.574528,55,47,63,-1,150,800
950,3962,3,3.06876,3.34958,12,48,63,-1,0,950
950,3963,1,0.356645,0.127196,19,49,63,-1,0,950
950,3964,1,0.9558,0.913553,42,49,63,1,0,950
950,3965,1,1.07961,1.16555,17,50,63,-1,0,950
950,3966,1,1.66059,2.75757,34,51,63,-1,0,950
950,3967,1,1.05353,1.10992,22,53,63,1,0,950
950,3968,1,0.455576,0.20755,50,55,63,-1,0,950
950,3969,1,1.03543,1.07211,2,56,63,-1,0,950
950,3970,1,1.08082,1.16817,16,59,63,1,0,950
950,3023,1,0.63195,0.399361,27,61,63,1,50,900
950,3971,1,0.829013,0.687262,33,62,63,-1,0,950
1000,3972,257131,443838,811802,-0.52252,-0.571926,-0.483676,-517,0,1000
1050,3972,262036,476695,906215,-0.499225,-0.493306,-0.49858,-540,50,1000
1100,3972,262106,473674,891541,-0.500072,-0.497268,-0.499622,-534,100,1000
1150,3972,262123,467218,866844,-0.50004,-0.498598,-0.49959,-533,150,1000
1200,3972,262128,459633,839440,-0.500042,-0.498894,-0.499748,-530,200,1000
1250,3972,262128,459616,839141,-0.500042,-0.498894,-0.499748,-530,250,1000
1300,3972,262133,468022,868745,-0.500044,-0.499357,-0.499807,-527,300,1000
1350,3972,262133,474997,893770,-0.500044,-0.499357,-0.499807,-527,350,1000
1400,3972,262138,488339,943117,-0.499901,-0.499828,-0.499924,-528,400,1000
1450,3972,262141,500216,987992,-0.499914,-0.499823,-0.500032,-527,450,1000
1500,3972,262142,505050,1.00654e+06,-0.499985,-0.499855,-0.499977,-528,500,1000
1550,3972,262142,503600,1.00092e+06,-0.499985,-0.499855,-0.499977,-528,550,1000
1600,3972,262142,502741,997548,-0.499985,-0.499855,-0.499977,-528,600,1000
1650,3972,262144,499596,985613,-0.5,-0.5,-0.5,-526,650,1000
1700,3972,262144,496511,974106,-0.5,-0.5,-0.5,-526,700,1000
1750,3972,262144,496346,973379,-0.5,-0.5,-0.5,-526,750,1000
1800,3972,262144,494063,964694,-0.5,-0.5,-0.5,-526,800,1000
1850,3972,262144,491566,955108,-0.5,-0.5,-0.5,-526,850,1000
1900,3972,262144,484923,930461,-0.5,-0.5,-0.5,-526,900,1000
1950,3972,262144,487085,938401,-0.5,-0.5,-0.5,-526,950,1000
2000,3972,262144,494065,964473,-0.5,-0.5,-0.5,-526,1000,1000
2050,3972,262144,503788,1.00148e+06,-0.5,-0.5,-0.5,-526,1050,1000
2100,3972,262144,505405,1.00774e+06,-0.5,-0.5,-0.5,-526,1100,1000
2150,3972,262144,506898,1.01356e+06,-0.5,-0.5,-0.5,-526,1150,1000
2200,3972,262144,502278,995792,-0.5,-0.5,-0.5,-526,1200,1000
2250,3972,262144,497067,975849,-0.5,-0.5,-0.5,-526,1250,1000
2300,3972,262144,488587,944028,-0.5,-0.5,-0.5,-526,1300,1000
2350,3972,262144,473712,889389,-0.5,-0.5,-0.5,-526,1350,1000
2400,3972,262144,477241,902439,-0.5,-0.5,-0.5,-526,1400,1000
2450,3972,262144,489012,945491,-0.5,-0.5,-0.5,-526,1450,1000
2500,3972,262144,496970,975462,-0.5,-0.5,-0.5,-526,1500,1000
2550,3972,262144,509931,1.02554e+06,-0.5,-0.5,-0.5,-526,1550,1000
2600,3972,262144,527314,1.09415e+06,-0.5,-0.5,-0.5,-526,1600,1000
2650,3972,262144,548527,1.18136e+06,-0.5,-0.5,-0.5,-526,1650,1000
2700,3972,262144,555038,1.20904e+06,-0.5,-0.5,-0.5,-526,1700,1000
