tick,cluster_id,voxel_count,total_density,total_energy,cx,cy,cz,charge_sum,age_ticks,birth_tick
250,0,1,0.241543,0.0583432,45,12,3,-1,0,250
250,1,1,0.39868,0.158946,20,41,3,1,0,250
250,2,1,0.462878,0.214256,52,2,4,1,0,250
250,3,1,0.530551,0.281484,50,25,6,-1,0,250
250,4,1,0.585438,0.342738,4,12,7,1,0,250
250,5,1,0.463413,0.214752,40,27,7,-1,0,250
250,6,1,0.912896,0.833379,22,32,10,1,0,250
250,7,1,0.825055,0.680715,4,45,10,1,0,250
250,8,1,0.802019,0.643234,35,55,10,-1,0,250
250,9,1,0.881987,0.7779,42,17,11,-1,0,250
250,10,1,0.310386,0.0963393,21,35,11,1,0,250
250,11,1,0.619133,0.383325,10,4,14,1,0,250
250,12,1,0.553297,0.306138,13,55,15,-1,0,250
250,13,1,0.485942,0.236139,45,26,18,1,0,250
250,14,1,0.57613,0.331926,17,23,23,1,0,250
250,15,1,0.347765,0.120941,35,55,25,1,0,250
250,16,1,0.554704,0.307697,29,47,26,1,0,250
250,17,1,0.573252,0.328618,19,49,26,-1,0,250
250,18,1,0.708231,0.501591,17,23,29,1,0,250
250,19,1,0.736911,0.543038,60,55,29,1,0,250
250,20,1,0.179176,0.032104,24,18,32,1,0,250
250,21,1,0.829495,0.688062,32,32,32,1,0,250
250,22,1,0.544578,0.296565,6,62,32,-1,0,250
250,23,1,0.224532,0.0504145,41,11,33,-1,0,250
250,24,1,0.805296,0.648501,26,36,38,-1,0,250
250,25,1,0.625821,0.391652,50,63,39,-1,0,250
250,26,1,1.16453,1.35614,2,20,42,-1,0,250
250,27,1,0.22478,0.0505261,41,10,44,-1,0,250
250,28,1,0.495443,0.245464,34,51,45,1,0,250
250,29,1,0.656501,0.430993,44,31,46,1,0,250
250,30,1,0.969433,0.9398,62,30,53,1,0,250
250,31,1,0.44901,0.20161,30,49,53,-1,0,250
250,32,1,0.601806,0.36217,45,52,55,1,0,250
250,33,1,0.33047,0.10921,60,60,56,1,0,250
250,34,1,0.423575,0.179416,50,16,59,-1,0,250
250,35,2,0.902572,0.453846,42.5,17.5,59,2,0,250
250,36,1,0.734905,0.540085,10,2,60,1,0,250
250,37,1,0.606946,0.368383,51,17,61,-1,0,250
250,38,1,0.312852,0.0978763,15,55,62,1,0,250
250,39,1,0.212412,0.045119,19,60,62,-1,0,250
250,40,1,0.430769,0.185562,24,58,63,-1,0,250
300,41,1,0.549301,0.301732,29,0,2,-1,0,300
300,0,1,0.779834,0.608141,45,12,3,-1,50,250
300,1,1,0.376714,0.141914,20,41,3,1,50,250
300,2,1,0.475121,0.22574,52,2,4,1,50,250
300,3,1,0.371229,0.137811,50,25,6,-1,50,250
300,42,1,0.589473,0.347479,52,41,6,1,0,300
300,4,1,0.270707,0.0732824,4,12,7,1,50,250
300,5,1,0.360027,0.129619,40,27,7,-1,50,250
300,43,1,0.552418,0.305165,39,39,8,1,0,300
300,44,1,0.522442,0.272945,7,63,8,-1,0,300
300,45,1,0.489838,0.239942,61,21,10,1,0,300
300,6,1,0.532884,0.283965,22,32,10,1,50,250
300,7,1,0.422875,0.178823,4,45,10,1,50,250
300,8,1,0.424741,0.180405,35,55,10,-1,50,250
300,9,1,0.545879,0.297984,42,17,11,-1,50,250
300,10,1,0.667645,0.44575,21,35,11,1,50,250
300,11,1,0.188326,0.0354666,10,4,14,1,50,250
300,12,1,0.594714,0.353684,13,55,15,-1,50,250
300,46,1,0.709005,0.502688,30,23,16,1,0,300
300,47,1,0.590337,0.348498,61,14,17,1,0,300
300,13,1,0.360138,0.129699,45,26,18,1,50,250
300,48,1,1.69539,2.87436,20,28,21,-1,0,300
300,49,1,0.441669,0.195071,63,33,21,-1,0,300
300,50,1,0.474188,0.224854,20,30,22,-1,0,300
300,14,1,0.68221,0.465411,17,23,23,1,50,250
300,51,1,0.161061,0.0259407,54,30,24,1,0,300
300,52,1,0.581903,0.338611,17,39,25,1,0,300
300,53,1,1.09579,1.20076,29,42,25,1,0,300
300,15,1,0.616785,0.380424,35,55,25,1,50,250
300,16,1,1.18919,1.41418,29,47,26,1,50,250
300,17,1,0.265441,0.0704587,19,49,26,-1,50,250
300,18,1,0.994398,0.988827,17,23,29,1,50,250
300,19,1,0.385347,0.148492,60,55,29,1,50,250
300,54,1,0.405324,0.164288,16,63,30,1,0,300
300,20,1,0.42486,0.180506,24,18,32,1,50,250
300,21,1,0.3448,0.118887,32,32,32,1,50,250
300,22,1,0.439025,0.192743,6,62,32,-1,50,250
300,55,1,0.806814,0.650949,47,6,33,1,0,300
300,23,1,0.666319,0.443981,41,11,33,-1,50,250
300,56,1,0.811901,0.659184,10,16,37,-1,0,300
300,57,1,0.612098,0.374664,23,18,37,1,0,300
300,24,1,0.482887,0.23318,26,36,38,-1,50,250
300,58,1,1.35957,1.84842,3,26,39,-1,0,300
300,25,1,0.369763,0.136724,50,63,39,-1,50,250
300,26,1,0.476807,0.227345,2,20,42,-1,50,250
300,27,1,0.349033,0.121824,41,10,44,-1,50,250
300,59,1,1.17238,1.37447,17,14,44,1,0,300
300,60,1,0.53893,0.290445,19,33,44,-1,0,300
300,28,1,0.539459,0.291016,34,51,45,1,50,250
300,29,1,0.565618,0.319924,44,31,46,1,50,250
300,61,1,0.424943,0.180576,59,36,47,-1,0,300
300,62,1,0.479966,0.230368,2,24,51,-1,0,300
300,63,1,0.212889,0.0453218,32,61,51,-1,0,300
300,64,1,0.414454,0.171772,35,63,52,-1,0,300
300,30,1,0.686445,0.471206,62,30,53,1,50,250
300,31,1,0.545534,0.297608,30,49,53,-1,50,250
300,65,2,1.28338,0.846916,40,3.5,55,0,0,300
300,32,1,0.199423,0.0397697,45,52,55,1,50,250
300,33,1,0.533999,0.285155,60,60,56,1,50,250
300,34,1,0.345504,0.119373,50,16,59,-1,50,250
300,35,2,0.570972,0.219097,42.5,17.5,59,2,50,250
300,66,1,0.440204,0.19378,57,27,59,1,0,300
300,36,1,0.535321,0.286569,10,2,60,1,50,250
300,37,1,0.6745,0.454951,51,17,61,-1,50,250
300,38,1,0.654075,0.427814,15,55,62,1,50,250
300,39,1,0.204363,0.0417644,19,60,62,-1,50,250
300,40,1,0.901464,0.812637,24,58,63,-1,50,250
350,67,1,0.267201,0.0713964,23,58,1,1,0,350
350,41,1,0.7842,0.614969,29,0,2,-1,50,300
350,0,1,0.440831,0.194332,45,12,3,-1,100,250
350,1,1,0.592856,0.351478,20,41,3,1,100,250
350,2,1,0.259955,0.0675767,52,2,4,1,100,250
350,3,1,0.207303,0.0429744,50,25,6,-1,100,250
350,42,1,0.712132,0.507133,52,41,6,1,50,300
350,4,1,0.0470366,0.00221244,4,12,7,1,100,250
350,5,1,0.731562,0.535183,40,27,7,-1,100,250
350,68,1,0.681027,0.463798,33,37,7,-1,0,350
350,69,1,0.393166,0.154579,45,5,8,-1,0,350
350,43,1,0.672187,0.451836,39,39,8,1,50,300
350,44,1,0.936484,0.877002,7,63,8,-1,50,300
350,45,1,0.906971,0.822596,61,21,10,1,50,300
350,6,1,0.661659,0.437792,22,32,10,1,100,250
350,7,1,0.387531,0.15018,4,45,10,1,100,250
350,8,1,0.799109,0.638575,35,55,10,-1,100,250
350,9,1,1.09402,1.19689,42,17,11,-1,100,250
350,10,1,0.274233,0.075204,21,35,11,1,100,250
350,70,1,0.77527,0.601044,28,52,11,-1,0,350
350,71,1,0.240735,0.0579535,52,47,13,-1,0,350
350,11,1,0.332145,0.11032,10,4,14,1,100,250
350,12,1,0.556036,0.309177,13,55,15,-1,100,250
350,46,1,0.57986,0.336237,30,23,16,1,50,300
350,72,1,0.352669,0.124375,45,40,16,-1,0,350
350,47,1,0.637649,0.406596,61,14,17,1,50,300
350,13,1,1.12,1.2544,45,26,18,1,100,250
350,73,1,0.684084,0.467971,4,42,20,1,0,350
350,74,1,0.863018,0.7448,41,43,20,1,0,350
350,75,1,1.14865,1.31939,41,8,21,1,0,350
350,48,1,0.427906,0.183103,20,28,21,-1,50,300
350,49,1,0.70337,0.494729,63,33,21,-1,50,300
350,50,1,0.335997,0.112894,20,30,22,-1,50,300
350,14,1,0.710343,0.504587,17,23,23,1,100,250
350,76,2,1.07475,0.599405,10.5,27,24,0,0,350
350,51,1,0.223302,0.0498639,54,30,24,1,50,300
350,52,1,0.640759,0.410572,17,39,25,1,50,300
350,53,1,0.50018,0.250181,29,42,25,1,50,300
350,15,1,0.635109,0.403364,35,55,25,1,100,250
350,16,1,0.395727,0.1566,29,47,26,1,100,250
350,17,1,0.578313,0.334446,19,49,26,-1,100,250
350,77,1,0.295911,0.0875632,49,33,27,-1,0,350
350,18,1,0.640972,0.410845,17,23,29,1,100,250
350,19,1,0.475316,0.225925,60,55,29,1,100,250
350,78,1,0.91831,0.843293,18,44,30,1,0,350
350,54,1,0.366538,0.13435,16,63,30,1,50,300
350,20,1,0.474927,0.225555,24,18,32,1,100,250
350,21,1,0.385866,0.148892,32,32,32,1,100,250
350,79,1,0.159915,0.0255727,57,47,32,-1,0,350
350,22,1,0.487376,0.237535,6,62,32,-1,100,250
350,55,1,0.314548,0.0989403,47,6,33,1,50,300
350,23,1,0.740484,0.548316,41,11,33,-1,100,250
350,80,1,0.438851,0.192591,2,10,35,1,0,350
350,56,1,0.231708,0.0536884,10,16,37,-1,50,300
350,57,1,0.568432,0.323115,23,18,37,1,50,300
350,24,1,0.638434,0.407598,26,36,38,-1,100,250
350,81,1,0.350663,0.122964,23,19,39,1,0,350
350,58,1,0.404311,0.163467,3,26,39,-1,50,300
350,25,1,0.522521,0.273028,50,63,39,-1,100,250
350,82,1,0.678929,0.460945,51,6,41,1,0,350
350,26,1,0.659312,0.434692,2,20,42,-1,100,250
350,27,1,0.212799,0.0452834,41,10,44,-1,100,250
350,59,1,0.32889,0.108169,17,14,44,1,50,300
350,60,1,0.624852,0.39044,19,33,44,-1,50,300
350,83,1,0.259881,0.0675382,48,37,44,1,0,350
350,28,1,0.605913,0.367131,34,51,45,1,100,250
350,29,1,0.659377,0.434778,44,31,46,1,100,250
350,61,1,0.737991,0.544631,59,36,47,-1,50,300
350,84,1,0.711166,0.505758,60,52,48,-1,0,350
350,85,1,0.425509,0.181058,33,51,50,1,0,350
350,62,1,0.910419,0.828863,2,24,51,-1,50,300
350,63,1,0.230797,0.0532671,32,61,51,-1,50,300
350,86,1,1.62404,2.63751,31,34,52,-1,0,350
350,64,1,0.681925,0.465022,35,63,52,-1,50,300
350,30,1,0.426868,0.182217,62,30,53,1,100,250
350,31,1,0.461669,0.213138,30,49,53,-1,100,250
350,65,2,1.18275,0.831548,40,3.5,55,0,50,300
350,87,1,0.8356,0.698227,43,16,55,-1,0,350
350,32,1,0.161644,0.0261288,45,52,55,1,100,250
350,33,1,0.51888,0.269237,60,60,56,1,100,250
350,34,1,0.556505,0.309698,50,16,59,-1,100,250
350,35,2,0.619324,0.197855,42.5,17.5,59,2,100,250
350,88,1,0.65964,0.435125,27,25,59,1,0,350
350,66,1,0.536464,0.287794,57,27,59,1,50,300
350,89,1,1.03008,1.06106,5,28,59,1,0,350
350,36,1,0.431091,0.185839,10,2,60,1,100,250
350,37,1,0.536313,0.287632,51,17,61,-1,100,250
350,90,1,0.375393,0.14092,51,22,61,1,0,350
350,38,1,0.354367,0.125576,15,55,62,1,100,250
350,39,1,0.703327,0.494668,19,60,62,-1,100,250
350,40,1,0.374295,0.140097,24,58,63,-1,100,250
400,67,1,0.358546,0.128555,23,58,1,1,50,350
400,41,1,0.408115,0.166558,29,0,2,-1,100,300
400,91,1,0.621211,0.385903,36,19,2,1,0,400
400,0,1,0.327573,0.107304,45,12,3,-1,150,250
400,92,1,0.915932,0.838932,19,16,3,1,0,400
400,1,1,0.56358,0.317622,20,41,3,1,150,250
400,2,1,0.605604,0.366756,52,2,4,1,150,250
400,93,1,0.436723,0.190727,14,39,4,-1,0,400
400,3,1,0.491454,0.241527,50,25,6,-1,150,250
400,42,1,0.945843,0.894619,52,41,6,1,100,300
400,4,1,0.395103,0.156107,4,12,7,1,150,250
400,5,1,0.359093,0.128948,40,27,7,-1,150,250
400,68,1,0.701944,0.492725,33,37,7,-1,50,350
400,69,1,0.736155,0.541924,45,5,8,-1,50,350
400,43,1,0.605739,0.36692,39,39,8,1,100,300
400,44,1,0.740069,0.547702,7,63,8,-1,100,300
400,45,1,0.626684,0.392733,61,21,10,1,100,300
400,6,1,0.908009,0.824481,22,32,10,1,150,250
400,7,1,0.764162,0.583944,4,45,10,1,150,250
400,8,1,0.333111,0.110963,35,55,10,-1,150,250
400,9,1,1.19855,1.43652,42,17,11,-1,150,250
400,10,1,0.59345,0.352183,21,35,11,1,150,250
400,70,1,0.473184,0.223903,28,52,11,-1,50,350
400,94,1,0.97973,0.959871,56,18,13,-1,0,400
400,95,1,0.521432,0.271891,18,42,13,1,0,400
400,71,1,0.606582,0.367941,52,47,13,-1,50,350
400,96,1,0.726698,0.528091,16,50,13,1,0,400
400,97,1,0.759401,0.576689,59,59,13,1,0,400
400,11,1,0.300928,0.0905578,10,4,14,1,150,250
400,12,1,0.447898,0.200613,13,55,15,-1,150,250
400,46,1,0.173184,0.0299925,30,23,16,1,100,300
400,72,1,0.63736,0.406228,45,40,16,-1,50,350
400,98,1,0.0684626,0.00468713,42,47,16,-1,0,400
400,47,1,0.442247,0.195583,61,14,17,1,100,300
400,13,1,0.809292,0.654954,45,26,18,1,150,250
400,73,1,0.885179,0.783542,4,42,20,1,50,350
400,74,1,0.716086,0.51278,41,43,20,1,50,350
400,75,1,0.330096,0.108963,41,8,21,1,50,350
400,48,1,0.208608,0.0435175,20,28,21,-1,100,300
400,49,1,0.438377,0.192174,63,33,21,-1,100,300
400,50,1,0.422792,0.178753,20,30,22,-1,100,300
400,52,1,0.897485,0.805479,18,37,22,1,100,300
400,14,1,0.615599,0.378962,17,23,23,1,150,250
400,99,1,0.680187,0.462655,39,3,24,1,0,400
400,76,2,0.856649,0.380412,10.5,27,24,0,50,350
400,51,1,0.450526,0.202974,54,30,24,1,100,300
400,100,1,0.655768,0.430031,10,7,25,1,0,400
400,101,1,0.27159,0.0737613,17,39,25,1,0,400
400,53,1,0.292473,0.0855403,29,42,25,1,100,300
400,17,1,0.522155,0.272646,20,52,25,1,150,250
400,15,1,0.521065,0.271509,35,55,25,1,150,250
400,16,1,0.283118,0.0801557,29,47,26,1,150,250
400,102,1,0.294168,0.0865346,19,49,26,-1,0,400
400,77,1,0.494575,0.244604,49,33,27,-1,50,350
400,18,1,0.544872,0.296885,17,23,29,1,150,250
400,103,1,0.630422,0.397432,8,49,29,-1,0,400
400,19,1,0.40662,0.16534,60,55,29,1,150,250
400,78,1,0.368019,0.135438,18,44,30,1,50,350
400,54,1,0.424229,0.17997,16,63,30,1,100,300
400,104,1,0.678095,0.459812,25,4,31,-1,0,400
400,105,1,1.02485,1.05033,20,62,31,1,0,400
400,20,1,0.588751,0.346628,24,18,32,1,150,250
400,21,1,0.535021,0.286247,32,32,32,1,150,250
400,79,1,0.666839,0.444674,57,47,32,-1,50,350
400,22,1,0.242763,0.0589338,6,62,32,-1,150,250
400,55,1,0.307213,0.0943797,47,6,33,1,100,300
400,23,1,0.458404,0.210134,41,11,33,-1,150,250
400,80,1,0.584986,0.342208,2,10,35,1,50,350
400,106,1,1.37351,1.88652,34,55,35,1,0,400
400,56,1,0.669535,0.448277,10,16,37,-1,100,300
400,57,1,1.00108,1.00216,23,18,37,1,100,300
400,24,1,0.622156,0.387079,26,36,38,-1,150,250
400,81,1,0.3549,0.125954,23,19,39,1,50,350
400,58,1,0.1964,0.038573,3,26,39,-1,100,300
400,107,1,0.62462,0.39015,31,41,39,1,0,400
400,25,1,0.685249,0.469566,50,63,39,-1,150,250
400,82,1,0.51905,0.269413,51,6,41,1,50,350
400,26,1,0.508183,0.25825,2,20,42,-1,150,250
400,108,1,0.323689,0.104775,56,36,42,1,0,400
400,27,1,0.59134,0.349683,41,10,44,-1,150,250
400,59,2,0.962267,0.471534,16.5,14,44,0,100,300
400,60,1,0.823903,0.678816,19,33,44,-1,100,300
400,83,1,0.519841,0.270235,48,37,44,1,50,350
400,28,1,0.616747,0.380377,34,51,45,1,150,250
400,109,1,0.360005,0.129604,37,3,46,-1,0,400
400,29,1,0.35644,0.127049,44,31,46,1,150,250
400,61,1,0.411182,0.16907,59,36,47,-1,100,300
400,110,2,1.59841,1.47289,38.5,2.5,48.5,0,0,400
400,84,1,0.714927,0.51112,60,52,48,-1,50,350
400,111,1,0.767346,0.58882,29,31,50,-1,0,400
400,112,1,0.932974,0.870441,49,34,50,1,0,400
400,85,1,0.530444,0.281371,33,51,50,1,50,350
400,62,1,0.690616,0.47695,2,24,51,-1,100,300
400,63,1,0.181103,0.0327985,32,61,51,-1,100,300
400,113,1,0.277611,0.0770676,55,29,52,1,0,400
400,86,1,0.424012,0.179786,31,34,52,-1,50,350
400,114,1,0.439475,0.193138,45,43,52,1,0,400
400,64,1,0.528051,0.278837,35,63,52,-1,100,300
400,30,1,0.476678,0.227222,62,30,53,1,150,250
400,31,1,0.460955,0.21248,30,49,53,-1,150,250
400,65,2,0.785527,0.315078,40,3.5,55,0,100,300
400,115,1,0.630854,0.397977,41,9,55,-1,0,400
400,87,1,0.796797,0.634886,43,16,55,-1,50,350
400,116,1,1.08738,1.1824,5,43,55,1,0,400
400,32,1,0.348409,0.121389,45,52,55,1,150,250
400,33,1,0.927516,0.860286,60,60,56,1,150,250
400,117,1,0.639736,0.409263,27,48,58,-1,0,400
400,35,3,1.34183,0.614448,43,17,59,1,150,250
400,34,1,0.773716,0.598636,50,16,59,-1,150,250
400,88,1,0.394101,0.155316,27,25,59,1,50,350
400,66,1,0.329712,0.10871,57,27,59,1,100,300
400,89,1,0.146298,0.021403,5,28,59,1,50,350
400,36,1,0.402806,0.162253,10,2,60,1,150,250
400,37,1,0.462216,0.213644,51,17,61,-1,150,250
400,90,1,0.449116,0.201705,51,22,61,1,50,350
400,38,1,0.411563,0.169384,12,55,61,1,150,250
400,118,1,0.528361,0.279165,15,55,62,1,0,400
400,39,1,0.646742,0.418275,19,60,62,-1,150,250
400,40,1,0.635909,0.40438,24,58,63,-1,150,250
450,67,1,0.488524,0.238656,23,58,1,1,100,350
450,41,1,0.80542,0.648701,29,0,2,-1,150,300
450,91,1,0.729343,0.53194,36,19,2,1,50,400
450,0,1,0.426229,0.181671,45,12,3,-1,200,250
450,92,1,0.504487,0.254507,19,16,3,1,50,400
450,1,1,0.819898,0.672233,20,41,3,1,200,250
450,2,1,0.397551,0.158047,52,2,4,1,200,250
450,93,1,0.486146,0.236338,14,39,4,-1,50,400
450,119,1,0.38485,0.14811,3,60,5,-1,0,450
450,3,1,0.432389,0.18696,50,25,6,-1,200,250
450,42,1,0.762993,0.582159,52,41,6,1,150,300
450,4,1,0.235227,0.0553318,4,12,7,1,200,250
450,5,1,0.606119,0.36738,40,27,7,-1,200,250
450,68,1,0.517714,0.268028,33,37,7,-1,100,350
450,69,1,0.316236,0.100005,45,5,8,-1,100,350
450,43,1,0.393178,0.154589,39,39,8,1,150,300
450,44,1,0.629922,0.396802,7,63,8,-1,150,300
450,120,1,1.06769,1.13996,27,56,9,1,0,450
450,121,1,0.457202,0.209034,56,7,10,-1,0,450
450,45,1,1.08099,1.16855,61,21,10,1,150,300
450,6,1,0.363143,0.131873,22,32,10,1,200,250
450,7,1,0.867063,0.751799,4,45,10,1,200,250
450,8,1,0.740829,0.548828,35,55,10,-1,200,250
450,9,1,0.588552,0.346394,42,17,11,-1,200,250
450,10,1,0.348507,0.121457,21,35,11,1,200,250
450,70,1,0.514555,0.264767,28,52,11,-1,100,350
450,94,1,0.768447,0.59051,56,18,13,-1,50,400
450,95,1,0.275613,0.0759626,18,42,13,1,50,400
450,71,1,0.820821,0.673747,52,47,13,-1,100,350
450,96,1,0.240788,0.0579789,16,50,13,1,50,400
450,97,1,0.605273,0.366355,59,59,13,1,50,400
450,11,1,0.517979,0.268302,10,4,14,1,200,250
450,12,1,0.660634,0.436438,13,55,15,-1,200,250
450,46,1,0.56296,0.316924,30,23,16,1,150,300
450,72,1,0.42973,0.184668,45,40,16,-1,100,350
450,98,1,0.510065,0.260166,42,47,16,-1,50,400
450,47,1,0.315185,0.0993414,61,14,17,1,150,300
450,13,1,0.729424,0.53206,45,26,18,1,200,250
450,73,1,0.381758,0.145739,4,42,20,1,100,350
450,74,1,0.461511,0.212993,41,43,20,1,100,350
450,75,1,0.43981,0.193433,41,8,21,1,100,350
450,48,1,0.34633,0.119944,20,28,21,-1,150,300
450,49,1,0.62654,0.392552,63,33,21,-1,150,300
450,50,1,0.401527,0.161224,20,30,22,-1,150,300
450,52,1,0.360997,0.130319,18,37,22,1,150,300
450,14,1,0.345863,0.119621,17,23,23,1,200,250
450,122,1,0.575267,0.330932,63,59,23,-1,0,450
450,99,1,0.525415,0.276061,39,3,24,1,50,400
450,76,2,0.992523,0.492775,10.5,27,24,0,100,350
450,51,1,0.228098,0.0520286,54,30,24,1,150,300
450,100,1,0.420046,0.176439,10,7,25,1,50,400
450,101,1,0.417611,0.174399,17,39,25,1,50,400
450,53,1,0.288672,0.0833316,29,42,25,1,150,300
450,17,1,0.273868,0.0750039,20,52,25,1,200,250
450,15,1,0.49956,0.24956,35,55,25,1,200,250
450,16,1,0.797384,0.635822,29,47,26,1,200,250
450,102,1,0.39733,0.157871,19,49,26,-1,50,400
450,77,1,0.72986,0.532695,49,33,27,-1,100,350
450,18,1,0.671873,0.451414,17,23,29,1,200,250
450,103,1,0.267155,0.0713719,8,49,29,-1,50,400
450,19,1,0.674539,0.455003,60,55,29,1,200,250
450,54,2,1.05921,0.688194,15.5,63,29.5,0,150,300
450,104,2,1.07361,0.67667,25,4,30.5,0,50,400
450,78,1,0.573257,0.328623,18,44,30,1,100,350
450,123,1,0.287465,0.0826361,41,60,30,-1,0,450
450,105,1,0.342586,0.117366,20,62,31,1,50,400
450,20,1,0.590015,0.348117,24,18,32,1,200,250
450,21,1,0.406545,0.165279,32,32,32,1,200,250
450,79,1,0.102588,0.0105243,57,47,32,-1,100,350
450,22,1,0.392945,0.154406,6,62,32,-1,200,250
450,55,1,0.568065,0.322698,47,6,33,1,150,300
450,23,1,0.50866,0.258735,41,11,33,-1,200,250
450,124,1,0.65249,0.425743,27,12,34,1,0,450
450,80,1,0.879769,0.773994,2,10,35,1,100,350
450,125,1,0.6639,0.440763,6,48,35,-1,0,450
450,106,1,0.663093,0.439693,34,55,35,1,50,400
450,126,1,1.0475,1.09726,46,62,35,-1,0,450
450,127,1,0.448804,0.201425,29,1,36,1,0,450
450,56,1,0.465256,0.216463,10,16,37,-1,150,300
450,57,1,0.330967,0.109539,23,18,37,1,150,300
450,24,1,0.549215,0.301638,26,36,38,-1,200,250
450,128,1,0.946711,0.896262,63,38,38,1,0,450
450,129,1,1.46858,2.15672,26,49,38,-1,0,450
450,130,1,0.647516,0.419276,0,16,39,1,0,450
450,81,1,0.554342,0.307295,23,19,39,1,100,350
450,58,1,0.394168,0.155368,3,26,39,-1,150,300
450,107,1,0.590577,0.348781,31,41,39,1,50,400
450,25,1,0.624946,0.390558,50,63,39,-1,200,250
450,82,1,0.684095,0.467986,51,6,41,1,100,350
450,26,1,0.352826,0.124486,2,20,42,-1,200,250
450,108,1,0.674912,0.455506,56,36,42,1,50,400
450,131,1,0.606236,0.367522,62,42,42,-1,0,450
450,27,1,0.359372,0.129148,41,10,44,-1,200,250
450,59,2,0.885321,0.491291,16.5,14,44,0,150,300
450,60,1,0.290861,0.0846003,19,33,44,-1,150,300
450,83,1,0.300483,0.0902899,48,37,44,1,100,350
450,132,1,1.59375,2.54004,15,53,44,1,0,450
450,133,1,0.106867,0.0114205,9,60,44,1,0,450
450,28,1,0.983353,0.966983,34,51,45,1,200,250
450,109,1,0.909478,0.82715,37,3,46,-1,50,400
450,29,1,0.309027,0.0954977,44,31,46,1,200,250
450,134,1,0.572336,0.327569,46,59,46,1,0,450
450,61,1,0.363033,0.131793,59,36,47,-1,150,300
450,135,1,0.0727597,0.00529397,37,50,47,1,0,450
450,110,2,0.919296,0.481997,38.5,2.5,48.5,0,50,400
450,84,1,0.419794,0.176227,60,52,48,-1,100,350
450,111,1,0.324633,0.105386,29,31,50,-1,50,400
450,112,1,0.427688,0.182917,49,34,50,1,50,400
450,85,1,0.642673,0.413029,33,51,50,1,100,350
450,62,1,0.439706,0.193342,2,24,51,-1,150,300
450,136,1,0.353383,0.124879,48,30,51,-1,0,450
450,137,1,0.681422,0.464336,43,34,51,-1,0,450
450,63,1,0.377096,0.142201,32,61,51,-1,150,300
450,113,1,1.04109,1.08386,55,29,52,1,50,400
450,86,1,0.648967,0.421158,31,34,52,-1,100,350
450,114,1,0.384776,0.148053,45,43,52,1,50,400
450,138,1,0.806726,0.650806,1,60,52,-1,0,450
450,64,1,0.838171,0.702531,35,63,52,-1,150,300
450,30,1,0.302816,0.0916976,62,30,53,1,200,250
450,139,1,0.403886,0.163124,26,43,53,1,0,450
450,31,1,0.288415,0.0831829,30,49,53,-1,200,250
450,65,2,0.609215,0.187828,40,3.5,55,0,150,300
450,115,1,0.772171,0.596247,41,9,55,-1,50,400
450,87,1,0.419446,0.175935,43,16,55,-1,100,350
450,116,1,0.617748,0.381613,5,43,55,1,50,400
450,32,1,0.241167,0.0581615,45,52,55,1,200,250
450,33,1,0.590498,0.348688,60,60,56,1,200,250
450,140,1,0.682071,0.46522,17,8,58,-1,0,450
450,117,1,0.498904,0.248905,27,48,58,-1,50,400
450,35,3,1.56162,1.12077,43,17,59,1,200,250
450,34,1,0.566151,0.320527,50,16,59,-1,200,250
450,88,1,0.644858,0.415841,27,25,59,1,100,350
450,66,1,0.606894,0.368321,57,27,59,1,150,300
450,89,1,0.194054,0.037657,5,28,59,1,100,350
450,141,1,0.407403,0.165977,4,0,60,-1,0,450
450,36,1,0.493224,0.24327,10,2,60,1,200,250
450,142,1,0.609084,0.370984,46,28,60,-1,0,450
450,143,1,0.141914,0.0201397,25,16,61,-1,0,450
450,37,1,0.165425,0.0273653,51,17,61,-1,200,250
450,90,1,0.441581,0.194994,51,22,61,1,100,350
450,38,1,0.473779,0.224466,12,55,61,1,200,250
450,118,1,0.46888,0.219848,15,55,62,1,50,400
450,39,1,0.619186,0.383392,19,60,62,-1,200,250
450,40,1,0.444816,0.197861,24,58,63,-1,200,250
500,67,1,0.796968,0.635159,23,58,1,1,150,350
500,41,1,0.485408,0.235621,29,0,2,-1,200,300
500,91,1,0.559971,0.313567,36,19,2,1,100,400
500,0,1,0.21897,0.0479479,45,12,3,-1,250,250
500,92,1,0.266647,0.0711005,19,16,3,1,100,400
500,1,1,0.553862,0.306763,20,41,3,1,250,250
500,144,1,0.251667,0.0633363,12,0,4,-1,0,500
500,2,1,0.144978,0.0210185,52,2,4,1,250,250
500,93,1,0.514777,0.264996,14,39,4,-1,100,400
500,145,1,0.528409,0.279216,15,42,4,-1,0,500
500,119,1,0.55575,0.308858,3,60,5,-1,50,450
500,3,1,0.512137,0.262284,50,25,6,-1,250,250
500,42,1,0.678315,0.460111,52,41,6,1,200,300
500,146,1,0.771122,0.594629,13,49,6,-1,0,500
500,4,1,0.34174,0.116786,4,12,7,1,250,250
500,5,1,0.116178,0.0134973,40,27,7,-1,250,250
500,68,1,0.838182,0.702548,33,37,7,-1,150,350
500,69,1,0.611326,0.373719,45,5,8,-1,150,350
500,147,1,0.606544,0.367895,13,26,8,-1,0,500
500,43,1,0.764133,0.5839,39,39,8,1,200,300
500,44,1,0.519719,0.270108,7,63,8,-1,200,300
500,148,1,0.72673,0.528137,0,9,9,1,0,500
500,120,1,0.29823,0.0889409,27,56,9,1,50,450
500,121,1,0.301109,0.0906667,56,7,10,-1,50,450
500,45,1,0.365931,0.133905,61,21,10,1,200,300
500,6,1,0.424076,0.17984,22,32,10,1,250,250
500,7,1,0.377282,0.142341,4,45,10,1,250,250
500,8,1,0.417655,0.174436,35,55,10,-1,250,250
500,9,1,0.764603,0.584617,42,17,11,-1,250,250
500,10,1,0.456327,0.208234,21,35,11,1,250,250
500,70,1,0.536984,0.288351,28,52,11,-1,150,350
500,149,1,0.683194,0.466753,48,59,11,1,0,500
500,94,1,0.772178,0.596258,56,18,13,-1,100,400
500,150,1,0.436584,0.190605,19,30,13,-1,0,500
500,95,1,0.774937,0.600527,18,42,13,1,100,400
500,71,1,0.386492,0.149376,52,47,13,-1,150,350
500,96,1,0.222177,0.0493628,16,50,13,1,100,400
500,97,1,0.660136,0.43578,59,59,13,1,100,400
500,11,1,0.343452,0.117959,10,4,14,1,250,250
500,151,1,0.582444,0.339241,40,21,15,1,0,500
500,12,1,0.542929,0.294772,13,55,15,-1,250,250
500,46,1,0.511792,0.261931,30,23,16,1,200,300
500,152,1,0.560152,0.31377,32,33,16,1,0,500
500,72,1,0.121511,0.014765,45,40,16,-1,150,350
500,98,1,0.767126,0.588482,42,47,16,-1,100,400
500,47,1,0.455755,0.207713,61,14,17,1,200,300
500,13,1,0.507718,0.257778,45,26,18,1,250,250
500,153,1,0.515747,0.265995,15,30,19,-1,0,500
500,73,1,0.646334,0.417748,4,42,20,1,150,350
500,74,1,0.307566,0.0945969,41,43,20,1,150,350
500,75,1,0.690959,0.477424,41,8,21,1,150,350
500,48,1,0.766841,0.588045,20,28,21,-1,200,300
500,49,1,0.498346,0.248349,63,33,21,-1,200,300
500,50,1,0.592656,0.351241,20,30,22,-1,200,300
500,52,1,0.202041,0.0408207,18,37,22,1,200,300
500,14,1,0.360423,0.129905,17,23,23,1,250,250
500,122,1,0.766446,0.58744,63,59,23,-1,50,450
500,99,1,0.268311,0.0719907,39,3,24,1,100,400
500,76,2,1.46107,1.23559,10.5,27,24,0,150,350
500,51,1,0.372767,0.138955,54,30,24,1,200,300
500,154,1,0.415294,0.172469,21,63,24,-1,0,500
500,100,1,0.548333,0.300669,10,7,25,1,100,400
500,101,1,0.746426,0.557152,17,39,25,1,100,400
500,53,1,0.557404,0.3107,29,42,25,1,200,300
500,17,1,0.157549,0.0248216,20,52,25,1,250,250
500,15,1,0.402082,0.16167,35,55,25,1,250,250
500,16,1,0.664198,0.441159,29,47,26,1,250,250
500,102,1,0.239567,0.0573923,19,49,26,-1,100,400
500,77,1,0.416019,0.173071,49,33,27,-1,150,350
500,78,1,0.968521,0.938033,19,47,28,1,150,350
500,18,1,0.413811,0.171239,17,23,29,1,250,250
500,103,1,0.630308,0.397288,8,49,29,-1,100,400
500,19,1,0.56491,0.319124,60,55,29,1,250,250
500,54,2,0.902803,0.572372,15.5,63,29.5,0,200,300
500,104,2,0.920084,0.425467,25,4,30.5,0,100,400
500,155,1,0.36803,0.135446,18,44,30,1,0,500
500,123,1,0.234384,0.0549357,41,60,30,-1,50,450
500,105,1,0.384346,0.147722,20,62,31,1,100,400
500,20,1,0.816345,0.666419,24,18,32,1,250,250
500,21,1,0.338357,0.114485,32,32,32,1,250,250
500,156,1,0.387865,0.150439,62,38,32,1,0,500
500,79,1,0.694223,0.481946,57,47,32,-1,150,350
500,22,1,0.451659,0.203995,6,62,32,-1,250,250
500,55,1,0.566115,0.320486,47,6,33,1,200,300
500,23,1,0.467252,0.218324,41,11,33,-1,250,250
500,124,1,0.581284,0.337891,27,12,34,1,50,450
500,80,1,0.496528,0.24654,2,10,35,1,150,350
500,125,1,0.254885,0.0649666,6,48,35,-1,50,450
500,106,1,0.411526,0.169354,34,55,35,1,100,400
500,126,1,0.453565,0.205721,46,62,35,-1,50,450
500,127,1,0.497492,0.247498,29,1,36,1,50,450
500,157,1,0.0509968,0.00260068,50,58,36,-1,0,500
500,56,1,0.82514,0.680856,10,16,37,-1,200,300
500,57,1,0.295602,0.0873804,23,18,37,1,200,300
500,158,1,0.496458,0.24647,21,2,38,1,0,500
500,159,1,0.326789,0.106791,52,2,38,-1,0,500
500,24,1,0.195254,0.0381241,26,36,38,-1,250,250
500,128,1,0.367997,0.135422,63,38,38,1,50,450
500,129,1,0.171801,0.0295154,26,49,38,-1,50,450
500,130,1,0.343397,0.117921,0,16,39,1,50,450
500,81,1,0.380856,0.145051,23,19,39,1,150,350
500,58,1,0.642612,0.41295,3,26,39,-1,200,300
500,107,1,0.816845,0.667235,31,41,39,1,100,400
500,25,1,0.175223,0.0307031,50,63,39,-1,250,250
500,82,1,0.711037,0.505574,51,6,41,1,150,350
500,160,1,0.379668,0.144147,46,16,41,1,0,500
500,26,1,0.505903,0.255938,2,20,42,-1,250,250
500,108,1,0.632811,0.40045,56,36,42,1,100,400
500,131,1,0.544694,0.296692,62,42,42,-1,50,450
500,161,1,1.15575,1.33575,43,47,42,-1,0,500
500,27,1,0.479571,0.229989,41,10,44,-1,250,250
500,162,1,0.727139,0.528731,44,13,44,-1,0,500
500,59,2,0.74716,0.301658,16.5,14,44,0,200,300
500,60,1,0.374847,0.14051,19,33,44,-1,200,300
500,83,1,0.558776,0.31223,48,37,44,1,150,350
500,132,1,0.925082,0.855776,15,53,44,1,50,450
500,133,1,0.458773,0.210473,9,60,44,1,50,450
500,28,1,0.64981,0.422253,34,51,45,1,250,250
500,109,1,0.491027,0.241108,37,3,46,-1,100,400
500,29,1,0.574915,0.330527,44,31,46,1,250,250
500,134,1,0.743513,0.552812,46,59,46,1,50,450
500,163,1,0.990584,0.981257,59,60,46,1,0,500
500,61,1,0.306048,0.0936653,59,36,47,-1,200,300
500,135,1,0.554092,0.307018,37,50,47,1,50,450
500,110,2,1.27255,0.821446,38.5,2.5,48.5,0,100,400
500,84,1,1.02943,1.05973,60,52,48,-1,150,350
500,111,1,0.148396,0.0220212,29,31,50,-1,100,400
500,112,1,0.635262,0.403558,49,34,50,1,100,400
500,85,1,0.215746,0.0465463,33,51,50,1,150,350
500,164,1,0.411244,0.169122,6,11,51,-1,0,500
500,62,1,0.534749,0.285957,2,24,51,-1,200,300
500,136,1,0.376264,0.141574,48,30,51,-1,50,450
500,137,1,0.357042,0.127479,43,34,51,-1,50,450
500,63,1,0.195469,0.0382082,32,61,51,-1,200,300
500,113,1,0.653647,0.427255,55,29,52,1,100,400
500,86,1,0.55302,0.305831,31,34,52,-1,150,350
500,114,1,0.665051,0.442293,45,43,52,1,100,400
500,138,1,0.763829,0.583434,1,60,52,-1,50,450
500,64,1,0.591372,0.349721,35,63,52,-1,200,300
500,30,1,1.10911,1.23011,62,30,53,1,250,250
500,139,1,0.52644,0.277139,26,43,53,1,50,450
500,31,1,0.389403,0.151634,30,49,53,-1,250,250
500,65,2,0.409927,0.117001,40,3.5,55,0,200,300
500,115,1,0.666622,0.444384,41,9,55,-1,100,400
500,87,1,0.529804,0.280692,43,16,55,-1,150,350
500,116,1,0.519759,0.27015,5,43,55,1,100,400
500,32,1,0.545228,0.297274,45,52,55,1,250,250
500,165,1,0.495486,0.245506,41,54,56,-1,0,500
500,33,1,0.21555,0.0464617,60,60,56,1,250,250
500,166,1,0.613963,0.37695,32,27,57,-1,0,500
500,167,1,0.605062,0.3661,20,58,57,-1,0,500
500,140,1,0.660605,0.436399,17,8,58,-1,50,450
500,168,1,0.668785,0.447274,1,34,58,-1,0,500
500,117,1,0.175884,0.0309351,27,48,58,-1,100,400
500,169,1,0.623282,0.38848,54,62,58,-1,0,500
500,35,3,1.94859,1.26788,43,17,59,1,250,250
500,34,1,0.613611,0.376519,50,16,59,-1,250,250
500,88,1,0.420853,0.177117,27,25,59,1,150,350
500,66,1,0.09535,0.00909163,57,27,59,1,200,300
500,89,1,0.36523,0.133393,5,28,59,1,150,350
500,141,1,0.39401,0.155244,4,0,60,-1,50,450
500,36,1,0.844876,0.713815,10,2,60,1,250,250
500,170,1,0.615539,0.378888,56,2,60,1,0,500
500,142,1,0.389474,0.15169,46,28,60,-1,50,450
500,143,1,0.27325,0.0746656,25,16,61,-1,50,450
500,37,1,0.592204,0.350705,51,17,61,-1,250,250
500,90,1,0.617688,0.381539,51,22,61,1,150,350
500,38,1,0.38223,0.1461,12,55,61,1,250,250
500,118,1,0.265631,0.07056,15,55,62,1,100,400
500,39,1,0.47548,0.226081,19,60,62,-1,250,250
500,40,1,0.47998,0.230381,24,58,63,-1,250,250
550,171,1,0.917718,0.842206,11,38,0,-1,0,550
550,172,1,0.571923,0.327095,42,43,0,-1,0,550
550,67,1,0.703985,0.495595,23,58,1,1,200,350
550,41,1,0.255277,0.0651663,29,0,2,-1,250,300
550,91,1,0.492696,0.24275,36,19,2,1,150,400
550,0,1,1.07265,1.15057,45,12,3,-1,300,250
550,92,1,0.458902,0.210591,19,16,3,1,150,400
550,1,1,0.414343,0.17168,20,41,3,1,300,250
550,144,1,0.168013,0.0282283,12,0,4,-1,50,500
550,2,1,0.49542,0.245441,52,2,4,1,300,250
550,93,1,0.734162,0.538993,14,39,4,-1,150,400
550,145,1,0.232748,0.0541714,15,42,4,-1,50,500
550,119,1,0.381262,0.145361,3,60,5,-1,100,450
550,3,1,0.244181,0.0596245,50,25,6,-1,300,250
550,42,1,0.488838,0.238962,52,41,6,1,250,300
550,146,1,0.497631,0.247637,13,49,6,-1,50,500
550,4,1,0.551957,0.304657,4,12,7,1,300,250
550,5,1,0.154264,0.0237973,40,27,7,-1,300,250
550,68,1,0.464192,0.215475,33,37,7,-1,200,350
550,69,1,0.521049,0.271492,45,5,8,-1,200,350
550,147,1,0.447213,0.199999,13,26,8,-1,50,500
550,43,1,0.0418519,0.00175158,39,39,8,1,250,300
550,173,1,0.624495,0.389994,63,41,8,1,0,550
550,44,1,0.702948,0.494135,7,63,8,-1,250,300
550,148,1,0.392606,0.15414,0,9,9,1,50,500
550,120,1,0.495997,0.246013,27,56,9,1,100,450
550,121,1,0.323686,0.104772,56,7,10,-1,100,450
550,45,1,0.322085,0.103739,61,21,10,1,250,300
550,6,1,0.576401,0.332239,22,32,10,1,300,250
550,7,1,0.389953,0.152063,4,45,10,1,300,250
550,8,1,0.402817,0.162262,35,55,10,-1,300,250
550,174,1,0.777888,0.605109,18,63,10,-1,0,550
550,9,1,0.202424,0.0409754,42,17,11,-1,300,250
550,10,1,0.834117,0.695751,21,35,11,1,300,250
550,70,2,1.24175,0.873835,28,52.5,11,0,200,350
550,149,1,0.24709,0.0610536,48,59,11,1,50,500
550,175,1,0.642825,0.413224,3,8,12,1,0,550
550,94,1,0.302744,0.0916538,56,18,13,-1,150,400
550,150,1,0.356499,0.127092,19,30,13,-1,50,500
550,176,1,0.904183,0.817547,54,37,13,1,0,550
550,95,1,0.772888,0.597356,18,42,13,1,150,400
550,71,1,0.609437,0.371413,52,47,13,-1,200,350
550,96,1,0.572014,0.3272,16,50,13,1,150,400
550,97,1,0.532543,0.283602,59,59,13,1,150,400
550,11,1,0.881223,0.776554,10,4,14,1,300,250
550,177,1,0.412509,0.170164,28,31,14,1,0,550
550,151,1,0.909526,0.827237,40,21,15,1,50,500
550,178,1,0.363125,0.13186,10,29,15,-1,0,550
550,12,1,0.365619,0.133677,13,55,15,-1,300,250
550,46,1,0.527199,0.277939,30,23,16,1,250,300
550,152,1,0.419938,0.176348,32,33,16,1,50,500
550,72,1,0.813264,0.661398,45,40,16,-1,200,350
550,98,1,0.64381,0.414491,42,47,16,-1,150,400
550,47,1,0.314456,0.0988828,61,14,17,1,250,300
550,74,1,0.183607,0.0337115,40,42,17,-1,200,350
550,179,1,0.383952,0.147419,56,10,18,-1,0,550
550,13,1,0.607028,0.368483,45,26,18,1,300,250
550,180,1,0.43011,0.184995,9,54,18,1,0,550
550,153,1,0.543294,0.295168,15,30,19,-1,50,500
550,73,1,0.209185,0.0437585,4,42,20,1,200,350
550,181,1,0.593113,0.351783,41,43,20,1,0,550
550,182,1,0.597109,0.356539,3,51,20,1,0,550
550,75,1,1.06349,1.13101,41,8,21,1,200,350
550,48,1,0.841172,0.70757,20,28,21,-1,250,300
550,49,1,0.429449,0.184427,63,33,21,-1,250,300
550,183,1,0.143202,0.0205068,12,40,21,-1,0,550
550,184,1,0.821963,0.675623,4,9,22,1,0,550
550,50,1,0.825873,0.682067,20,30,22,-1,250,300
550,52,1,0.653297,0.426797,18,37,22,1,250,300
550,14,1,0.255237,0.0651459,17,23,23,1,300,250
550,122,1,0.32352,0.104665,63,59,23,-1,100,450
550,99,2,1.67228,1.43145,38.5,3,24.5,0,150,400
550,76,2,1.11205,0.647381,10.5,27,24,0,200,350
550,51,1,0.449077,0.201671,54,30,24,1,250,300
550,154,1,0.393901,0.155158,21,63,24,-1,50,500
550,100,1,0.427468,0.182729,10,7,25,1,150,400
550,77,1,0.773265,0.597939,49,33,25,-1,200,350
550,101,1,0.601886,0.362267,17,39,25,1,150,400
550,53,1,0.679254,0.461386,29,42,25,1,250,300
550,17,1,0.499591,0.249591,20,52,25,1,300,250
550,15,1,0.554553,0.307529,35,55,25,1,300,250
550,16,1,0.201209,0.0404851,29,47,26,1,300,250
550,102,1,0.513847,0.264039,19,49,26,-1,150,400
550,185,1,0.352572,0.124307,49,33,27,-1,0,550
550,186,1,0.295254,0.087175,24,42,28,1,0,550
550,78,1,0.181756,0.0330352,19,47,28,1,200,350
550,187,1,0.423742,0.179557,49,12,29,1,0,550
550,18,1,0.376725,0.141922,17,23,29,1,300,250
550,103,1,0.296771,0.088073,8,49,29,-1,150,400
550,19,1,0.646736,0.418267,60,55,29,1,300,250
550,54,2,0.73774,0.274883,15.5,63,29.5,0,250,300
550,104,2,1.20298,0.724723,25,4,30.5,0,150,400
550,155,1,0.325471,0.105931,18,44,30,1,50,500
550,123,1,0.591656,0.350057,41,60,30,-1,100,450
550,105,1,0.506058,0.256094,20,62,31,1,150,400
550,20,1,0.373331,0.139376,24,18,32,1,300,250
550,21,1,0.698591,0.488029,32,32,32,1,300,250
550,156,1,0.502176,0.252181,62,38,32,1,50,500
550,79,1,0.272007,0.0739881,57,47,32,-1,200,350
550,22,1,0.292376,0.0854839,6,62,32,-1,300,250
550,55,1,0.473974,0.224652,47,6,33,1,250,300
550,23,1,0.326147,0.106372,41,11,33,-1,300,250
550,124,1,0.74604,0.556576,27,12,34,1,100,450
550,80,1,0.703465,0.494863,2,10,35,1,200,350
550,125,1,0.296722,0.0880439,6,48,35,-1,100,450
550,106,1,0.937668,0.879221,34,55,35,1,150,400
550,126,1,0.645665,0.416884,46,62,35,-1,100,450
550,127,1,0.532704,0.283773,29,1,36,1,100,450
550,157,1,0.379684,0.14416,50,58,36,-1,50,500
550,56,1,0.286832,0.0822726,10,16,37,-1,250,300
550,57,1,0.615982,0.379433,23,18,37,1,250,300
550,188,1,0.538598,0.290087,19,40,37,1,0,550
550,158,1,0.215893,0.0466098,21,2,38,1,50,500
550,159,1,0.786287,0.618247,52,2,38,-1,50,500
550,24,1,0.33615,0.112997,26,36,38,-1,300,250
550,128,1,0.340448,0.115905,63,38,38,1,100,450
550,189,1,0.527527,0.278284,53,45,38,1,0,550
550,129,1,0.501922,0.251925,26,49,38,-1,100,450
550,130,1,0.693216,0.480549,0,16,39,1,100,450
550,81,1,0.84625,0.71614,23,19,39,1,200,350
550,58,1,0.300793,0.0904764,3,26,39,-1,250,300
550,107,1,0.501326,0.251328,31,41,39,1,150,400
550,25,1,0.374702,0.140402,50,63,39,-1,300,250
550,190,1,0.31889,0.101691,22,40,40,-1,0,550
550,82,1,0.801668,0.642672,51,6,41,1,200,350
550,160,1,0.199064,0.0396267,46,16,41,1,50,500
550,26,1,0.353885,0.125235,2,20,42,-1,300,250
550,191,1,1.57758,2.48877,25,22,42,-1,0,550
550,108,1,0.183622,0.0337171,56,36,42,1,150,400
550,131,1,0.441013,0.194492,62,42,42,-1,100,450
550,161,1,0.259787,0.0674893,43,47,42,-1,50,500
550,27,1,0.67036,0.449383,41,10,44,-1,300,250
550,162,1,0.378599,0.143337,44,13,44,-1,50,500
550,59,2,0.684536,0.23506,16.5,14,44,0,250,300
550,192,1,0.53232,0.283364,14,26,44,-1,0,550
550,60,1,0.517025,0.267315,19,33,44,-1,250,300
550,83,1,0.725336,0.526113,48,37,44,1,200,350
550,193,1,0.231405,0.0535483,27,41,44,-1,0,550
550,132,1,0.167144,0.0279372,15,53,44,1,100,450
550,133,1,0.601903,0.362287,9,60,44,1,100,450
550,194,1,0.640622,0.410397,3,8,45,-1,0,550
550,28,1,0.223342,0.0498818,34,51,45,1,300,250
550,109,1,0.261738,0.0685066,37,3,46,-1,150,400
550,195,1,0.506595,0.256638,55,29,46,1,0,550
550,29,1,0.972332,0.94543,44,31,46,1,300,250
550,134,1,0.262089,0.0686908,46,59,46,1,100,450
550,163,1,0.758809,0.575791,59,60,46,1,50,500
550,61,1,0.579582,0.335916,59,36,47,-1,250,300
550,135,1,0.346038,0.119742,37,50,47,1,100,450
550,110,2,1.17456,0.731308,38.5,2.5,48.5,0,150,400
550,84,1,0.200102,0.0400409,60,52,48,-1,200,350
550,196,1,0.356947,0.127411,7,4,49,1,0,550
550,136,1,0.788569,0.621841,45,28,50,-1,100,450
550,111,1,0.377041,0.14216,29,31,50,-1,150,400
550,112,1,0.411315,0.16918,49,34,50,1,150,400
550,85,1,0.115528,0.0133468,33,51,50,1,200,350
550,164,1,0.413958,0.171361,6,11,51,-1,50,500
550,62,1,0.720426,0.519014,2,24,51,-1,250,300
550,197,1,0.755997,0.571531,48,30,51,-1,0,550
550,137,1,0.867406,0.752394,44,32,51,-1,100,450
550,198,1,0.34061,0.116015,43,34,51,-1,0,550
550,199,1,0.344235,0.118497,21,42,51,1,0,550
550,114,2,1.50576,1.24913,45.5,42.5,51.5,0,150,400
550,63,1,0.930838,0.866459,32,61,51,-1,250,300
550,113,1,0.379096,0.143714,55,29,52,1,150,400
550,86,1,0.575901,0.331662,31,34,52,-1,200,350
550,138,1,0.609192,0.371114,1,60,52,-1,100,450
550,64,1,0.770829,0.594178,35,63,52,-1,250,300
550,200,1,0.295215,0.0871519,27,20,53,-1,0,550
550,30,1,0.571591,0.326717,60,30,53,1,300,250
550,201,1,0.353539,0.12499,62,30,53,1,0,550
550,139,1,0.554849,0.307857,26,43,53,1,100,450
550,31,1,0.367395,0.134979,30,49,53,-1,300,250
550,202,1,0.401543,0.161237,30,6,54,1,0,550
550,65,2,0.800239,0.324481,40,3.5,55,0,250,300
550,115,1,1.1586,1.34235,41,9,55,-1,150,400
550,87,1,0.967508,0.936072,43,16,55,-1,200,350
550,116,1,0.364354,0.132754,5,43,55,1,150,400
550,32,1,0.753044,0.567075,45,52,55,1,300,250
550,165,1,0.270507,0.0731738,41,54,56,-1,50,500
550,33,1,0.565649,0.319959,60,60,56,1,300,250
550,203,1,0.749536,0.561805,54,17,57,1,0,550
550,166,1,0.354867,0.12593,32,27,57,-1,50,500
550,167,1,0.6609,0.436789,20,58,57,-1,50,500
550,140,1,0.813997,0.662591,17,8,58,-1,100,450
550,168,1,0.511033,0.261155,1,34,58,-1,50,500
550,117,1,0.940095,0.883779,27,48,58,-1,150,400
550,169,1,0.786557,0.618672,54,62,58,-1,50,500
550,35,3,0.850348,0.249881,43,17,59,1,300,250
550,34,1,0.421407,0.177584,50,16,59,-1,300,250
550,88,1,0.417603,0.174392,27,25,59,1,200,350
550,66,1,0.646177,0.417545,57,27,59,1,250,300
550,89,1,0.161619,0.0261206,5,28,59,1,200,350
550,204,1,1.10972,1.23147,40,46,59,1,0,550
550,141,1,0.859357,0.738495,4,0,60,-1,100,450
550,36,1,0.825895,0.682103,10,2,60,1,300,250
550,170,1,0.795329,0.632548,56,2,60,1,50,500
550,142,1,0.371519,0.138026,46,28,60,-1,100,450
550,143,1,0.400421,0.160337,25,16,61,-1,100,450
550,37,1,0.493033,0.243081,51,17,61,-1,300,250
550,90,1,0.6524,0.425626,51,22,61,1,200,350
550,118,2,1.30896,0.857011,14.5,54.5,61.5,0,150,400
550,38,1,0.725679,0.52661,12,55,61,1,300,250
550,39,1,0.40413,0.163321,19,60,62,-1,300,250
550,40,1,0.528763,0.279591,24,58,63,-1,300,250
600,171,1,0.134194,0.018008,11,38,0,-1,50,550
600,172,1,0.532952,0.284038,42,43,0,-1,50,550
600,205,1,0.492638,0.242692,41,46,0,-1,0,600
600,206,1,0.473792,0.224479,53,15,1,1,0,600
600,67,1,0.364286,0.132704,23,58,1,1,250,350
600,41,1,0.471476,0.222289,29,0,2,-1,300,300
600,2,1,0.402234,0.161793,55,1,2,-1,350,250
600,91,1,0.435632,0.189775,36,19,2,1,200,400
600,207,1,0.21898,0.0479522,30,59,2,-1,0,600
600,0,1,0.398642,0.158915,45,12,3,-1,350,250
600,92,1,0.460426,0.211992,19,16,3,1,200,400
600,1,1,0.423556,0.1794,20,41,3,1,350,250
600,208,1,0.234726,0.0550962,8,51,3,-1,0,600
600,209,2,0.553053,0.155132,31.5,57,3,0,0,600
600,144,1,0.434826,0.189074,12,0,4,-1,100,500
600,210,1,0.531343,0.282326,52,2,4,1,0,600
600,93,1,0.223312,0.0498681,14,39,4,-1,200,400
600,145,1,0.793747,0.630035,15,42,4,-1,100,500
600,119,1,0.662919,0.439462,3,60,5,-1,150,450
600,211,1,0.617994,0.381917,22,24,6,-1,0,600
600,3,1,0.647676,0.419485,50,25,6,-1,350,250
600,212,1,0.438391,0.192186,6,36,6,1,0,600
600,42,1,0.247706,0.0613581,52,41,6,1,300,300
600,213,1,0.278646,0.0776438,15,43,6,1,0,600
600,146,1,0.754548,0.569343,13,49,6,-1,100,500
600,4,1,0.579757,0.336118,4,12,7,1,350,250
600,214,1,1.25202,1.56757,32,18,7,1,0,600
600,5,1,0.860657,0.740731,40,27,7,-1,350,250
600,68,1,0.767777,0.589481,33,37,7,-1,250,350
600,69,1,0.410709,0.168682,45,5,8,-1,250,350
600,215,1,0.90723,0.823066,27,10,8,-1,0,600
600,147,1,0.86345,0.745546,13,26,8,-1,100,500
600,43,1,0.250508,0.0627541,39,39,8,1,300,300
600,173,1,0.758907,0.57594,63,41,8,1,50,550
600,44,1,0.295213,0.0871508,7,63,8,-1,300,300
600,148,1,0.356817,0.127318,0,9,9,1,100,500
600,216,1,0.244115,0.0595924,22,25,9,-1,0,600
600,217,1,1.04343,1.08875,33,37,9,-1,0,600
600,120,1,0.406824,0.165506,27,56,9,1,150,450
600,218,1,0.908525,0.825417,8,59,9,1,0,600
600,121,1,0.750725,0.563587,56,7,10,-1,150,450
600,45,1,0.50847,0.258541,61,21,10,1,300,300
600,6,1,0.700249,0.490349,22,32,10,1,350,250
600,7,1,0.268157,0.0719084,4,45,10,1,350,250
600,8,1,0.488606,0.238736,35,55,10,-1,350,250
600,174,1,0.740796,0.548779,18,63,10,-1,50,550
600,9,1,0.514711,0.264928,42,17,11,-1,350,250
600,10,1,1.06052,1.12471,21,35,11,1,350,250
600,70,2,0.858685,0.368688,28,52.5,11,0,250,350
600,149,1,0.573776,0.329219,48,59,11,1,100,500
600,219,2,1.05928,0.570233,8,60.5,11,0,0,600
600,175,1,0.289195,0.0836336,3,8,12,1,50,550
600,220,1,0.619181,0.383385,11,61,12,-1,0,600
600,221,1,0.679379,0.461556,43,6,13,1,0,600
600,94,1,0.412798,0.170402,56,18,13,-1,200,400
600,150,1,0.459365,0.211016,19,30,13,-1,100,500
600,222,1,0.511712,0.261849,21,30,13,-1,0,600
600,176,1,0.306455,0.0939144,54,37,13,1,50,550
600,95,1,0.781976,0.611486,18,42,13,1,200,400
600,71,1,0.77089,0.594271,52,47,13,-1,250,350
600,96,1,0.547481,0.299735,16,50,13,1,200,400
600,97,1,0.776758,0.603353,59,59,13,1,200,400
600,11,1,0.249508,0.0622542,10,4,14,1,350,250
600,177,1,0.323059,0.104367,28,31,14,1,50,550
600,151,1,0.407099,0.16573,40,21,15,1,100,500
600,178,1,0.520702,0.271131,10,29,15,-1,50,550
600,223,1,0.106976,0.0114438,22,31,15,1,0,600
600,12,1,0.18842,0.035502,13,55,15,-1,350,250
600,224,1,0.448239,0.200918,61,19,16,-1,0,600
600,46,1,0.379731,0.144195,30,23,16,1,300,300
600,152,1,0.661165,0.437139,32,33,16,1,100,500
600,72,1,0.676922,0.458224,45,40,16,-1,250,350
600,98,1,0.270751,0.073306,42,47,16,-1,200,400
600,225,1,0.745108,0.555186,41,59,16,1,0,600
600,47,1,0.510592,0.260704,61,14,17,1,300,300
600,74,1,0.397444,0.157962,40,42,17,-1,250,350
600,179,1,0.62859,0.395125,56,10,18,-1,50,550
600,13,1,1.13699,1.29275,45,26,18,1,350,250
600,226,1,0.546683,0.298862,57,48,18,1,0,600
600,180,1,0.471979,0.222765,9,54,18,1,50,550
600,227,1,0.736501,0.542434,7,22,19,-1,0,600
600,153,1,0.792009,0.627279,15,30,19,-1,100,500
600,228,1,0.845116,0.714221,39,0,20,-1,0,600
600,73,1,0.522318,0.272817,4,42,20,1,250,350
600,181,1,0.163113,0.0266059,41,43,20,1,50,550
600,182,1,0.617089,0.380799,3,51,20,1,50,550
600,75,1,0.939402,0.882475,41,8,21,1,250,350
600,48,1,0.536601,0.287941,20,28,21,-1,300,300
600,49,1,0.966079,0.933309,63,33,21,-1,300,300
600,183,1,0.930766,0.866326,12,40,21,-1,50,550
600,184,1,0.44903,0.201628,4,9,22,1,50,550
600,50,1,0.924101,0.853962,20,30,22,-1,300,300
600,52,1,0.116598,0.013595,18,37,22,1,300,300
600,229,1,0.57116,0.326223,1,17,23,-1,0,600
600,230,1,0.490675,0.240762,59,22,23,1,0,600
600,14,1,0.671061,0.450322,17,23,23,1,350,250
600,122,1,0.384463,0.147812,63,59,23,-1,150,450
600,99,2,1.51595,1.16486,38.5,3,24.5,0,200,400
600,76,2,1.45468,1.44038,10.5,27,24,0,250,350
600,51,1,0.372589,0.138822,54,30,24,1,300,300
600,154,1,0.843693,0.711818,21,63,24,-1,100,500
600,100,1,0.41098,0.168905,10,7,25,1,200,400
600,77,1,0.681186,0.464014,49,33,25,-1,250,350
600,101,1,0.333322,0.111104,17,39,25,1,200,400
600,53,1,1.18652,1.40784,29,42,25,1,300,300
600,17,2,1.14508,0.659685,19.5,52,25,0,350,250
600,15,1,0.467477,0.218535,35,55,25,1,350,250
600,16,1,0.598086,0.357707,29,47,26,1,350,250
600,102,1,0.239449,0.057336,19,49,26,-1,200,400
600,185,1,0.183537,0.0336857,49,33,27,-1,50,550
600,186,1,0.690549,0.476858,24,42,28,1,50,550
600,78,1,0.710654,0.505029,19,47,28,1,250,350
600,187,1,0.758768,0.575729,49,12,29,1,50,550
600,18,1,0.523907,0.274478,17,23,29,1,350,250
600,103,1,0.662485,0.438887,8,49,29,-1,200,400
600,19,1,0.427798,0.183011,60,55,29,1,350,250
600,54,2,1.00979,0.510267,15.5,63,29.5,0,300,300
600,104,2,1.06133,0.643342,25,4,30.5,0,200,400
600,155,1,0.449632,0.202169,18,44,30,1,100,500
600,123,1,0.641892,0.412025,41,60,30,-1,150,450
600,105,1,0.591336,0.349679,20,62,31,1,200,400
600,20,1,0.306331,0.0938389,24,18,32,1,350,250
600,21,1,0.375922,0.141317,32,32,32,1,350,250
600,156,1,0.217205,0.0471781,62,38,32,1,100,500
600,79,1,0.289672,0.0839096,57,47,32,-1,250,350
600,22,1,0.797233,0.63558,6,62,32,-1,350,250
600,55,1,0.273974,0.075062,47,6,33,1,300,300
600,23,1,1.15223,1.32762,41,11,33,-1,350,250
600,124,1,0.435282,0.189471,27,12,34,1,150,450
600,231,1,0.613984,0.376977,24,40,34,-1,0,600
600,80,1,0.849539,0.721717,2,10,35,1,250,350
600,125,1,0.524178,0.274762,6,48,35,-1,150,450
600,106,1,0.288477,0.0832192,34,55,35,1,200,400
600,126,1,0.609698,0.371731,46,62,35,-1,150,450
600,127,1,0.72686,0.528326,29,1,36,1,150,450
600,157,1,0.805983,0.649609,50,58,36,-1,100,500
600,56,1,0.741631,0.550017,10,16,37,-1,300,300
600,57,2,1.39369,0.974792,22.5,18,37,0,300,300
600,24,2,0.889043,0.401569,26,36,37.5,0,350,250
600,188,1,0.446855,0.199679,19,40,37,1,50,550
600,158,1,0.763591,0.583072,21,2,38,1,100,500
600,159,1,0.475107,0.225727,52,2,38,-1,100,500
600,232,1,0.799684,0.639494,18,3,38,1,0,600
600,233,1,0.5659,0.320243,12,5,38,-1,0,600
600,82,1,0.28659,0.0821338,53,5,38,-1,250,350
600,234,1,1.58083,2.49902,46,11,38,1,0,600
600,128,1,0.691709,0.478462,63,38,38,1,150,450
600,189,1,0.418615,0.175239,53,45,38,1,50,550
600,129,1,0.641265,0.411221,26,49,38,-1,150,450
600,235,1,0.77599,0.602161,52,15,39,1,0,600
600,130,1,0.549082,0.301492,0,16,39,1,150,450
600,81,1,0.541797,0.293544,23,19,39,1,250,350
600,58,1,0.536009,0.287305,3,26,39,-1,300,300
600,107,1,0.432158,0.186761,31,41,39,1,200,400
600,25,1,0.202331,0.0409377,50,63,39,-1,350,250
600,236,1,0.204394,0.0417767,57,25,40,1,0,600
600,190,1,0.327792,0.107448,22,40,40,-1,50,550
600,237,1,0.656005,0.430343,51,6,41,1,0,600
600,160,1,0.393733,0.155025,46,16,41,1,100,500
600,26,1,0.155985,0.0243312,2,20,42,-1,350,250
600,191,1,0.338657,0.114688,25,22,42,-1,50,550
600,108,1,0.518756,0.269108,56,36,42,1,200,400
600,131,1,0.279912,0.0783506,62,42,42,-1,150,450
600,161,1,0.811999,0.659342,43,47,42,-1,100,500
600,238,1,0.4348,0.189051,11,16,43,1,0,600
600,239,1,0.550112,0.302623,56,1,44,1,0,600
600,27,1,0.142894,0.0204187,41,10,44,-1,350,250
600,162,1,0.200737,0.0402952,44,13,44,-1,100,500
600,59,2,0.775861,0.381982,16.5,14,44,0,300,300
600,240,1,0.658513,0.433639,44,16,44,1,0,600
600,192,1,0.876396,0.768071,14,26,44,-1,50,550
600,60,1,0.878481,0.771729,19,33,44,-1,300,300
600,83,1,0.928131,0.861427,48,37,44,1,250,350
600,193,1,0.124073,0.0153941,27,41,44,-1,50,550
600,132,1,0.100567,0.0101137,15,53,44,1,150,450
600,133,1,0.419861,0.176283,9,60,44,1,150,450
600,194,1,0.267424,0.0715155,3,8,45,-1,50,550
600,241,1,0.296141,0.0876994,62,8,45,1,0,600
600,28,1,0.694986,0.483005,34,51,45,1,350,250
600,109,1,0.508522,0.258594,37,3,46,-1,200,400
600,195,1,0.401537,0.161232,55,29,46,1,50,550
600,29,1,0.568305,0.32297,44,31,46,1,350,250
600,134,1,0.423459,0.179317,46,59,46,1,150,450
600,163,1,0.194134,0.037688,59,60,46,1,100,500
600,61,1,0.530919,0.281875,59,36,47,-1,300,300
600,135,1,0.998493,0.996989,37,50,47,1,150,450
600,110,2,1.20672,0.728117,38.5,2.5,48.5,0,200,400
600,85,2,1.55703,1.55614,35,48.5,48,0,250,350
600,84,1,0.250215,0.0626077,60,52,48,-1,250,350
600,196,1,0.440669,0.194189,7,4,49,1,50,550
600,136,1,0.687334,0.472427,45,28,50,-1,150,450
600,111,1,1.09537,1.19983,29,31,50,-1,200,400
600,112,1,0.361053,0.13036,49,34,50,1,200,400
600,242,1,0.675305,0.456037,33,51,50,1,0,600
600,164,1,0.82934,0.687804,6,11,51,-1,100,500
600,62,1,0.208882,0.0436316,2,24,51,-1,300,300
600,197,1,0.577761,0.333807,48,30,51,-1,50,550
600,137,1,0.717296,0.514514,44,32,51,-1,150,450
600,198,1,0.585458,0.342761,43,34,51,-1,50,550
600,243,1,0.536179,0.287488,24,38,51,-1,0,600
600,199,1,0.547768,0.300049,21,42,51,1,50,550
600,114,2,0.971746,0.498737,45.5,42.5,51.5,0,200,400
600,63,1,0.49181,0.241877,32,61,51,-1,300,300
600,113,1,0.114396,0.0130864,55,29,52,1,200,400
600,86,1,0.793939,0.630339,31,34,52,-1,250,350
600,138,1,0.293779,0.0863059,1,60,52,-1,150,450
600,64,1,0.491545,0.241617,35,63,52,-1,300,300
600,200,1,0.496257,0.246271,27,20,53,-1,50,550
600,30,1,0.363516,0.132144,60,30,53,1,350,250
600,201,1,0.226805,0.0514406,62,30,53,1,50,550
600,139,1,0.738409,0.545248,26,43,53,1,150,450
600,31,1,0.739056,0.546204,30,49,53,-1,350,250
600,202,1,0.313977,0.0985815,30,6,54,1,50,550
600,65,2,1.24679,0.802658,40,3.5,55,0,300,300
600,115,1,0.182153,0.0331798,41,9,55,-1,200,400
600,87,1,0.644167,0.414952,43,16,55,-1,250,350
600,244,1,0.397173,0.157746,29,40,55,-1,0,600
600,116,1,1.14124,1.30242,5,43,55,1,200,400
600,32,1,0.0659067,0.0043437,45,52,55,1,350,250
600,165,1,0.612122,0.374694,41,54,56,-1,100,500
600,167,1,0.700908,0.491272,19,60,56,1,100,500
600,33,1,0.915083,0.837378,60,60,56,1,350,250
600,203,1,0.743247,0.552417,54,17,57,1,50,550
600,166,1,0.577076,0.333017,32,27,57,-1,100,500
600,245,1,0.664213,0.441179,20,58,57,-1,0,600
600,140,1,0.153147,0.0234539,17,8,58,-1,150,450
600,168,1,0.525204,0.27584,1,34,58,-1,100,500
600,117,1,0.207322,0.0429825,27,48,58,-1,200,400
600,169,1,0.519361,0.269736,54,62,58,-1,100,500
600,35,3,1.50007,0.774585,43,17,59,1,350,250
600,34,1,0.56818,0.322828,50,16,59,-1,350,250
600,88,1,0.321178,0.103155,27,25,59,1,250,350
600,66,1,0.504278,0.254296,57,27,59,1,300,300
600,89,1,0.415112,0.172318,5,28,59,1,250,350
600,204,1,0.317829,0.101015,40,46,59,1,50,550
600,246,2,0.51557,0.135172,4.5,63.5,59.5,0,0,600
600,247,1,0.791226,0.626039,24,63,59,1,0,600
600,36,1,0.188228,0.0354297,10,2,60,1,350,250
600,170,1,0.514816,0.265035,56,2,60,1,100,500
600,142,1,0.295753,0.0874697,46,28,60,-1,150,450
600,143,1,0.610361,0.37254,25,16,61,-1,150,450
600,37,1,0.693776,0.481325,51,17,61,-1,350,250
600,90,1,0.733399,0.537874,51,22,61,1,250,350
600,118,2,0.98095,0.575178,14.5,54.5,61.5,0,200,400
600,38,1,0.333319,0.111101,12,55,61,1,350,250
600,39,1,0.414477,0.171791,19,60,62,-1,350,250
600,40,1,0.81635,0.666428,24,58,63,-1,350,250
650,171,1,0.357447,0.127768,11,38,0,-1,100,550
650,172,1,0.373467,0.139478,42,43,0,-1,100,550
650,205,1,0.977884,0.956256,41,46,0,-1,50,600
650,206,1,0.730853,0.534146,53,15,1,1,50,600
650,248,1,0.719428,0.517576,0,23,1,1,0,650
650,67,1,0.269821,0.0728036,23,58,1,1,300,350
650,41,1,0.221726,0.0491622,29,0,2,-1,350,300
650,2,2,1.07468,0.596995,55.5,1,2,0,400,250
650,91,1,0.654975,0.428992,36,19,2,1,250,400
650,207,1,0.207189,0.0429273,30,59,2,-1,50,600
650,0,1,0.686492,0.471271,45,12,3,-1,400,250
650,92,1,0.343156,0.117756,19,16,3,1,250,400
650,249,1,0.35781,0.128028,47,27,3,-1,0,650
650,1,1,0.432647,0.187183,20,41,3,1,400,250
650,208,1,0.750416,0.563124,8,51,3,-1,50,600
650,209,2,1.32541,0.899301,31.5,57,3,0,50,600
650,144,1,0.417139,0.174005,12,0,4,-1,150,500
650,210,1,0.272757,0.0743964,52,2,4,1,50,600
650,93,1,0.734901,0.54008,14,39,4,-1,250,400
650,145,1,0.278894,0.077782,15,42,4,-1,150,500
650,119,1,0.630698,0.39778,3,60,5,-1,200,450
650,250,1,0.421825,0.177937,29,2,6,-1,0,650
650,211,1,0.283327,0.0802742,22,24,6,-1,50,600
650,3,1,0.219205,0.0480509,50,25,6,-1,400,250
650,212,1,0.878814,0.772314,6,36,6,1,50,600
650,42,1,0.494241,0.244275,52,41,6,1,350,300
650,213,1,0.691049,0.477549,15,43,6,1,50,600
650,146,1,0.65739,0.432161,13,49,6,-1,150,500
650,4,1,0.77572,0.601742,4,12,7,1,400,250
650,214,1,0.736885,0.543,32,18,7,1,50,600
650,5,1,0.510183,0.260287,40,27,7,-1,400,250
650,68,1,0.814948,0.664139,33,37,7,-1,300,350
650,69,1,0.578374,0.334517,45,5,8,-1,300,350
650,215,1,0.425043,0.180661,27,10,8,-1,50,600
650,147,1,0.623931,0.389289,13,26,8,-1,150,500
650,251,1,0.39389,0.15515,48,37,8,1,0,650
650,43,1,0.374598,0.140323,39,39,8,1,350,300
650,173,1,0.426003,0.181479,63,41,8,1,100,550
650,44,1,0.694966,0.482978,7,63,8,-1,350,300
650,148,1,0.578577,0.334752,0,9,9,1,150,500
650,9,1,0.758904,0.575935,44,16,9,1,400,250
650,216,1,0.794777,0.631671,22,25,9,-1,50,600
650,217,1,0.550232,0.302755,33,37,9,-1,50,600
650,120,1,0.0829037,0.00687303,27,56,9,1,200,450
650,218,1,0.371784,0.138223,8,59,9,1,50,600
650,121,2,0.732735,0.268617,55.5,7.5,10.5,0,200,450
650,45,1,0.582011,0.338737,61,21,10,1,350,300
650,6,1,0.373566,0.139551,22,32,10,1,400,250
650,7,1,0.158261,0.0250466,4,45,10,1,400,250
650,252,1,0.588421,0.346239,49,51,10,-1,0,650
650,8,1,0.308707,0.0953002,35,55,10,-1,400,250
650,174,1,0.199046,0.0396194,18,63,10,-1,100,550
650,253,1,0.611347,0.373746,42,17,11,-1,0,650
650,10,1,0.720671,0.519367,21,35,11,1,400,250
650,254,1,0.736582,0.542553,12,48,11,-1,0,650
650,70,2,0.947601,0.467904,28,52.5,11,0,300,350
650,149,1,0.348723,0.121607,48,59,11,1,150,500
650,219,2,1.10974,0.61576,8,60.5,11,0,50,600
650,175,1,0.868982,0.755129,3,8,12,1,100,550
650,94,1,0.373831,0.139749,56,20,12,-1,250,400
650,220,1,0.725574,0.526457,11,61,12,-1,50,600
650,221,1,0.182201,0.0331973,43,6,13,1,50,600
650,255,1,0.357119,0.127534,56,18,13,-1,0,650
650,150,2,1.43149,1.66852,19,30.5,13,0,150,500
650,222,1,0.67388,0.454114,21,30,13,-1,50,600
650,176,1,0.840651,0.706694,54,37,13,1,100,550
650,95,1,0.505096,0.255122,18,42,13,1,250,400
650,71,1,0.545059,0.297089,52,47,13,-1,300,350
650,96,1,0.402598,0.162085,16,50,13,1,250,400
650,97,1,0.69732,0.486255,59,59,13,1,250,400
650,256,1,0.307334,0.094454,26,3,14,-1,0,650
650,11,1,0.719802,0.518115,10,4,14,1,400,250
650,177,1,0.440358,0.193915,28,31,14,1,100,550
650,152,1,0.385546,0.148646,34,32,14,1,150,500
650,151,1,0.595539,0.354666,40,21,15,1,150,500
650,178,1,0.946704,0.896248,10,29,15,-1,100,550
650,223,1,0.530145,0.281054,22,31,15,1,50,600
650,257,1,0.44072,0.194234,48,48,15,-1,0,650
650,12,1,0.679701,0.461994,13,55,15,-1,400,250
650,224,1,0.883961,0.781387,61,19,16,-1,50,600
650,46,2,0.837858,0.367778,30,22.5,16.5,0,350,300
650,258,2,1.08181,0.880107,32,32.5,16,0,0,650
650,72,1,0.822243,0.676084,45,40,16,-1,300,350
650,98,1,0.577004,0.332933,42,47,16,-1,250,400
650,259,1,0.470008,0.220908,47,55,16,-1,0,650
650,225,1,0.590987,0.349266,41,59,16,1,50,600
650,47,1,0.57173,0.326876,61,14,17,1,350,300
650,260,1,0.301637,0.0909848,59,32,17,-1,0,650
650,74,1,0.397965,0.158376,40,42,17,-1,300,350
650,179,1,0.298226,0.0889385,56,10,18,-1,100,550
650,13,1,0.351995,0.1239,45,26,18,1,400,250
650,226,1,0.708978,0.50265,57,48,18,1,50,600
650,180,1,0.90451,0.818138,9,54,18,1,100,550
650,261,1,0.753739,0.568122,4,2,19,-1,0,650
650,227,1,0.238456,0.0568615,7,22,19,-1,50,600
650,153,1,0.342245,0.117132,15,30,19,-1,150,500
650,228,1,1.10193,1.21426,39,0,20,-1,50,600
650,73,1,0.407528,0.166079,4,42,20,1,300,350
650,181,1,0.256115,0.065595,41,43,20,1,100,550
650,182,1,0.320085,0.102454,3,51,20,1,100,550
650,75,1,0.435986,0.190084,41,8,21,1,300,350
650,262,1,0.58374,0.340752,33,26,21,-1,0,650
650,48,1,0.482827,0.233122,20,28,21,-1,350,300
650,49,1,0.131029,0.0171685,63,33,21,-1,350,300
650,183,1,0.387522,0.150173,12,40,21,-1,100,550
650,184,1,0.367171,0.134814,4,9,22,1,100,550
650,50,1,0.259539,0.0673606,20,30,22,-1,350,300
650,52,1,0.549551,0.302006,18,37,22,1,350,300
650,229,1,0.763465,0.582878,1,17,23,-1,50,600
650,230,1,0.447861,0.200579,59,22,23,1,50,600
650,14,1,0.329531,0.108591,17,23,23,1,400,250
650,122,1,0.948625,0.899889,63,59,23,-1,200,450
650,99,2,1.19854,0.719956,38.5,3,24.5,0,250,400
650,76,2,0.837781,0.360388,10.5,27,24,0,300,350
650,51,1,0.230932,0.0533297,54,30,24,1,350,300
650,154,1,0.537907,0.289344,21,63,24,-1,150,500
650,100,1,0.280858,0.0788812,10,7,25,1,250,400
650,77,1,0.326503,0.106604,49,33,25,-1,300,350
650,101,1,0.666982,0.444865,17,39,25,1,250,400
650,53,1,0.638762,0.408016,29,42,25,1,350,300
650,17,2,0.70088,0.246606,19.5,52,25,0,400,250
650,15,1,0.244654,0.0598556,35,55,25,1,400,250
650,263,1,1.10318,1.217,44,17,26,-1,0,650
650,16,1,0.558553,0.311982,29,47,26,1,400,250
650,102,1,0.0935079,0.00874373,19,49,26,-1,250,400
650,264,1,0.468193,0.219205,57,50,26,-1,0,650
650,265,1,0.895453,0.801836,51,7,27,-1,0,650
650,185,1,0.494478,0.244509,49,33,27,-1,100,550
650,266,1,0.355741,0.126552,41,43,27,-1,0,650
650,186,1,0.364651,0.132971,24,42,28,1,100,550
650,78,2,1.88611,1.78081,19,46.5,28.5,0,300,350
650,187,1,0.625046,0.390683,49,12,29,1,100,550
650,18,2,1.47999,1.14991,16.5,23,29,0,400,250
650,267,1,1.56609,2.45263,32,46,29,-1,0,650
650,103,1,0.59112,0.349423,8,49,29,-1,250,400
650,19,1,0.712564,0.507747,60,55,29,1,400,250
650,54,2,0.79385,0.427854,15.5,63,29.5,0,350,300
650,104,2,0.524576,0.139035,25,4,30.5,0,250,400
650,155,1,0.375382,0.140912,18,44,30,1,150,500
650,123,1,0.447483,0.200241,41,60,30,-1,200,450
650,268,1,1.10349,1.2177,50,59,31,-1,0,650
650,105,1,0.797889,0.636626,20,62,31,1,250,400
650,20,1,0.584884,0.34209,24,18,32,1,400,250
650,21,1,0.533296,0.284405,32,32,32,1,400,250
650,156,1,0.567407,0.32195,62,38,32,1,150,500
650,79,1,0.949,0.900601,57,47,32,-1,300,350
650,269,1,0.752525,0.566294,41,49,32,1,0,650
650,22,1,0.535084,0.286315,6,62,32,-1,400,250
650,55,1,0.498592,0.248594,47,6,33,1,350,300
650,23,1,0.554163,0.307096,41,11,33,-1,400,250
650,270,1,0.317961,0.101099,27,28,33,1,0,650
650,124,1,0.702234,0.493132,27,12,34,1,200,450
650,231,1,0.32954,0.108597,24,40,34,-1,50,600
650,271,1,0.551517,0.304171,61,50,34,-1,0,650
650,272,1,0.655026,0.429059,61,7,35,-1,0,650
650,80,1,0.989815,0.979734,2,10,35,1,300,350
650,273,1,0.677312,0.458751,40,12,35,-1,0,650
650,274,1,1.04559,1.09326,13,24,35,-1,0,650
650,125,1,0.58557,0.342892,6,48,35,-1,200,450
650,106,1,0.966629,0.934371,34,55,35,1,250,400
650,126,1,0.384023,0.147474,46,62,35,-1,200,450
650,127,1,0.652718,0.42604,29,1,36,1,200,450
650,275,1,0.530197,0.281109,1,8,36,1,0,650
650,276,1,0.75581,0.571249,59,43,36,1,0,650
650,157,1,0.664185,0.441142,50,58,36,-1,150,500
650,56,1,0.406594,0.165319,10,16,37,-1,350,300
650,57,2,0.77958,0.357091,22.5,18,37,0,350,300
650,24,2,1.2704,0.815084,26,36,37.5,0,400,250
650,188,1,0.653499,0.427061,19,40,37,1,100,550
650,158,1,0.79094,0.625586,21,2,38,1,150,500
650,159,1,0.515661,0.265906,52,2,38,-1,150,500
650,232,1,0.323512,0.10466,18,3,38,1,50,600
650,233,1,0.352508,0.124262,12,5,38,-1,50,600
650,82,1,0.0933923,0.00872212,53,5,38,-1,300,350
650,234,1,0.240887,0.0580267,46,11,38,1,50,600
650,128,1,0.296013,0.0876235,63,38,38,1,200,450
650,189,1,0.106687,0.0113821,53,45,38,1,100,550
650,129,1,0.526894,0.277617,26,49,38,-1,200,450
650,277,1,0.461811,0.21327,1,3,39,-1,0,650
650,235,1,0.489564,0.239673,52,15,39,1,50,600
650,130,1,0.365992,0.13395,0,16,39,1,200,450
650,81,1,0.379042,0.143673,23,19,39,1,300,350
650,58,1,0.44887,0.201484,3,26,39,-1,350,300
650,107,1,0.379949,0.144361,31,41,39,1,250,400
650,25,1,0.536877,0.288237,50,63,39,-1,400,250
650,236,1,0.834038,0.695619,57,25,40,1,50,600
650,190,1,0.296541,0.0879367,22,40,40,-1,100,550
650,237,1,0.544173,0.296125,51,6,41,1,50,600
650,278,1,0.665624,0.443055,55,7,41,-1,0,650
650,160,1,0.474495,0.225146,46,16,41,1,150,500
650,279,1,0.298647,0.0891902,36,39,41,1,0,650
650,280,1,1.82725,3.33884,33,3,42,-1,0,650
650,26,1,0.338834,0.114809,2,20,42,-1,400,250
650,191,1,0.629655,0.396466,25,22,42,-1,100,550
650,281,1,0.820154,0.672652,53,23,42,1,0,650
650,108,1,0.473066,0.223792,56,36,42,1,250,400
650,131,1,0.720404,0.518982,62,42,42,-1,200,450
650,161,1,0.653259,0.426747,43,47,42,-1,150,500
650,238,1,0.456581,0.208466,11,16,43,1,50,600
650,282,1,0.474519,0.225168,32,35,43,-1,0,650
650,239,1,0.628319,0.394785,56,1,44,1,50,600
650,27,1,0.60737,0.368899,41,10,44,-1,400,250
650,162,1,0.375613,0.141085,44,13,44,-1,150,500
650,59,2,1.53591,1.38064,16.5,14,44,0,350,300
650,240,1,0.464732,0.215976,44,16,44,1,50,600
650,192,1,0.549504,0.301955,14,26,44,-1,100,550
650,60,1,0.64042,0.410138,19,33,44,-1,350,300
650,83,1,0.524127,0.274709,48,37,44,1,300,350
650,193,1,0.617042,0.380741,27,41,44,-1,100,550
650,132,1,0.698746,0.488246,15,53,44,1,200,450
650,133,1,0.502801,0.252809,9,60,44,1,200,450
650,283,1,1.15279,1.32893,19,60,44,-1,0,650
650,194,2,1.00153,0.511173,3,8.5,45,0,100,550
650,241,1,0.591261,0.349589,62,8,45,1,50,600
650,28,1,0.677789,0.459399,34,51,45,1,400,250
650,109,1,0.865077,0.748358,37,3,46,-1,250,400
650,284,1,0.594529,0.353465,24,29,46,-1,0,650
650,195,1,0.452476,0.204735,55,29,46,1,100,550
650,29,1,0.395507,0.156426,44,31,46,1,400,250
650,285,1,0.756415,0.572163,5,44,46,1,0,650
650,134,1,0.779667,0.607881,46,59,46,1,200,450
650,163,1,0.435519,0.189676,59,60,46,1,150,500
650,61,1,0.476485,0.227038,59,36,47,-1,350,300
650,135,1,0.598023,0.357632,37,50,47,1,200,450
650,110,2,0.641143,0.207964,38.5,2.5,48.5,0,250,400
650,85,2,0.843745,0.3741,35,48.5,48,0,300,350
650,84,1,0.433914,0.188281,60,52,48,-1,300,350
650,196,1,0.564841,0.319045,7,4,49,1,100,550
650,136,1,0.897921,0.806263,45,28,50,-1,200,450
650,111,1,0.253703,0.0643653,29,31,50,-1,250,400
650,112,1,0.847384,0.71806,49,34,50,1,250,400
650,242,1,0.410708,0.168681,33,51,50,1,50,600
650,286,1,0.430206,0.185077,49,61,50,1,0,650
650,164,1,0.912573,0.83279,6,11,51,-1,150,500
650,62,1,0.3871,0.149847,2,24,51,-1,350,300
650,197,1,0.640644,0.410425,48,30,51,-1,100,550
650,137,1,0.644077,0.414835,44,32,51,-1,200,450
650,198,1,0.258267,0.0667021,43,34,51,-1,100,550
650,243,1,0.647517,0.419278,24,38,51,-1,50,600
650,199,1,0.447057,0.19986,21,42,51,1,100,550
650,114,2,1.09827,0.6031,45.5,42.5,51.5,0,250,400
650,63,1,0.751495,0.564745,32,61,51,-1,350,300
650,113,1,0.80194,0.643108,56,27,52,-1,250,400
650,287,1,0.491678,0.241748,55,29,52,1,0,650
650,86,1,0.715089,0.511352,31,34,52,-1,300,350
650,138,1,0.737423,0.543792,1,60,52,-1,200,450
650,64,1,0.484894,0.235122,35,63,52,-1,350,300
650,288,1,0.676412,0.457534,20,4,53,1,0,650
650,200,1,0.157927,0.0249409,27,20,53,-1,100,550
650,30,1,0.605276,0.36636,60,30,53,1,400,250
650,201,1,0.330284,0.109087,62,30,53,1,100,550
650,289,1,0.421044,0.177278,8,38,53,-1,0,650
650,139,1,0.721286,0.520254,26,43,53,1,200,450
650,31,1,0.867728,0.752951,30,49,53,-1,400,250
650,290,1,0.370427,0.137216,33,2,54,-1,0,650
650,202,1,0.268536,0.0721114,30,6,54,1,100,550
650,291,1,0.474706,0.225346,44,60,54,1,0,650
650,65,2,1.19174,0.740338,40,3.5,55,0,350,300
650,115,1,1.23706,1.53031,41,9,55,-1,250,400
650,87,1,0.368793,0.136008,43,16,55,-1,300,350
650,244,1,0.547916,0.300212,29,40,55,-1,50,600
650,116,1,0.377706,0.142662,5,43,55,1,250,400
650,32,1,0.436675,0.190685,45,52,55,1,400,250
650,165,1,0.465502,0.216692,41,54,56,-1,150,500
650,33,3,1.46271,0.8009,60,59,56.3333,-1,400,250
650,167,1,0.519812,0.270205,19,60,56,1,150,500
650,203,1,0.338201,0.11438,54,17,57,1,100,550
650,292,1,0.734367,0.539295,11,21,57,1,0,650
650,166,1,0.843567,0.711605,32,27,57,-1,150,500
650,245,1,0.942362,0.888046,20,58,57,-1,50,600
650,140,1,0.16611,0.0275926,17,8,58,-1,200,450
650,168,1,0.613824,0.37678,1,34,58,-1,150,500
650,117,1,0.562345,0.316232,27,48,58,-1,250,400
650,169,1,0.321882,0.103608,54,62,58,-1,150,500
650,35,3,1.21522,0.589591,43,17,59,1,400,250
650,34,1,0.593279,0.35198,50,16,59,-1,400,250
650,88,1,0.181058,0.0327819,27,25,59,1,300,350
650,66,1,0.588343,0.346148,57,27,59,1,350,300
650,89,1,0.909157,0.826567,5,28,59,1,300,350
650,204,1,0.448901,0.201512,40,46,59,1,100,550
650,246,2,0.858339,0.384451,4.5,63.5,59.5,0,50,600
650,247,1,0.701786,0.492504,24,63,59,1,50,600
650,36,1,0.848937,0.720694,10,2,60,1,400,250
650,170,3,1.44087,0.710662,55,2.33333,61,-1,150,500
650,293,1,0.192686,0.0371278,24,9,60,1,0,650
650,294,1,0.235687,0.0555485,15,21,60,-1,0,650
650,142,1,0.512962,0.26313,46,28,60,-1,200,450
650,143,1,0.539848,0.291436,25,16,61,-1,200,450
650,37,1,0.324609,0.105371,51,17,61,-1,400,250
650,90,1,0.459911,0.211518,51,22,61,1,300,350
650,118,2,1.48196,1.22716,14.5,54.5,61.5,0,250,400
650,38,2,0.802161,0.41379,11.5,55,61,0,400,250
650,39,1,0.543514,0.295408,19,60,62,-1,400,250
650,295,1,0.231537,0.0536096,35,29,63,-1,0,650
650,40,1,1.07624,1.15829,24,58,63,-1,400,250
700,296,1,0.302395,0.0914425,60,1,0,1,0,700
700,171,2,1.24433,0.782009,11,38.5,0,0,150,550
700,172,1,0.441774,0.195164,42,43,0,-1,150,550
700,205,1,0.368364,0.135692,41,46,0,-1,100,600
700,206,1,0.55491,0.307925,53,15,1,1,100,600
700,248,1,0.528325,0.279128,0,23,1,1,50,650
700,67,1,0.58222,0.33898,23,58,1,1,350,350
700,41,1,0.775062,0.600721,29,0,2,-1,400,300
700,2,2,0.938595,0.468076,55.5,1,2,0,450,250
700,91,1,0.257162,0.0661321,36,19,2,1,300,400
700,297,1,0.633166,0.4009,20,36,2,1,0,700
700,298,2,0.490385,0.12677,21,50.5,2,0,0,700
700,207,1,0.536051,0.287351,30,59,2,-1,100,600
700,144,2,1.57178,1.33818,12,0,3.5,0,200,500
700,0,1,0.470972,0.221814,45,12,3,-1,450,250
700,92,1,1.16061,1.347,19,16,3,1,300,400
700,249,1,0.246927,0.060973,47,27,3,-1,50,650
700,1,1,0.636072,0.404588,20,41,3,1,450,250
700,208,1,0.390686,0.152635,8,51,3,-1,100,600
700,209,2,1.25551,0.828987,31.5,57,3,0,100,600
700,299,1,0.814813,0.66392,51,62,3,1,0,700
700,210,1,0.614005,0.377002,52,2,4,1,100,600
700,93,1,0.412971,0.170545,14,39,4,-1,300,400
700,145,1,0.469355,0.220294,15,42,4,-1,200,500
700,300,1,0.816386,0.666487,41,13,5,1,0,700
700,119,1,0.577338,0.333319,3,60,5,-1,250,450
700,250,1,0.601705,0.362048,29,2,6,-1,50,650
700,211,1,0.0306833,0.000941463,22,24,6,-1,100,600
700,3,1,0.644987,0.416008,50,25,6,-1,450,250
700,212,1,0.704185,0.495877,6,36,6,1,100,600
700,42,1,0.351635,0.123647,52,41,6,1,400,300
700,213,1,0.332437,0.110514,15,43,6,1,100,600
700,146,1,0.841513,0.708144,13,49,6,-1,200,500
700,4,1,0.837055,0.70066,4,12,7,1,450,250
700,214,1,0.580697,0.337209,32,18,7,1,100,600
700,5,1,0.605296,0.366384,40,27,7,-1,450,250
700,68,1,0.671069,0.450333,33,37,7,-1,350,350
700,301,1,0.419169,0.175702,57,0,8,1,0,700
700,69,1,0.551133,0.303747,45,5,8,-1,350,350
700,121,1,0.554362,0.307318,57,7,8,-1,250,450
700,215,1,0.771456,0.595145,27,10,8,-1,100,600
700,147,1,0.622209,0.387145,13,26,8,-1,200,500
700,251,1,0.228195,0.0520729,48,37,8,1,50,650
700,43,1,0.623911,0.389265,39,39,8,1,400,300
700,173,1,0.329636,0.10866,63,41,8,1,150,550
700,44,1,0.439195,0.192892,7,63,8,-1,400,300
700,148,1,0.30193,0.0911619,0,9,9,1,200,500
700,9,1,0.622216,0.387152,44,16,9,1,450,250
700,216,2,0.564731,0.160923,22.5,24.5,9,0,100,600
700,302,1,0.476829,0.227366,56,31,9,-1,0,700
700,217,1,0.552087,0.3048,33,37,9,-1,100,600
700,120,1,0.781542,0.610808,27,56,9,1,250,450
700,218,1,0.677602,0.459145,8,59,9,1,100,600
700,303,2,1.42976,1.14639,55.5,7.5,10.5,0,0,700
700,45,1,0.912755,0.833122,61,21,10,1,400,300
700,304,1,0.641219,0.411162,25,28,10,1,0,700
700,6,1,0.671745,0.451242,22,32,10,1,450,250
700,7,1,0.47053,0.221399,4,45,10,1,450,250
700,252,1,0.467198,0.218274,49,51,10,-1,50,650
700,8,1,0.242442,0.0587779,35,55,10,-1,450,250
700,174,1,0.906103,0.821022,18,63,10,-1,150,550
700,253,1,0.372853,0.139019,42,17,11,-1,50,650
700,305,1,0.645906,0.417195,37,33,11,1,0,700
700,10,1,0.481544,0.231884,21,35,11,1,450,250
700,306,1,1.122,1.25888,26,37,11,-1,0,700
700,254,1,0.283609,0.080434,12,48,11,-1,50,650
700,70,2,1.06196,0.608871,28,52.5,11,0,350,350
700,149,1,0.282017,0.0795337,48,59,11,1,200,500
700,219,2,1.47445,1.11131,8,60.5,11,0,100,600
700,307,1,0.353105,0.124683,20,3,12,1,0,700
700,175,1,0.238305,0.0567892,3,8,12,1,150,550
700,94,1,0.823622,0.678353,56,20,12,-1,300,400
700,220,1,0.632593,0.400173,11,61,12,-1,100,600
700,221,1,0.913581,0.834631,43,6,13,1,100,600
700,255,1,0.875032,0.76568,56,18,13,-1,50,650
700,152,1,0.345965,0.119692,36,29,13,1,200,500
700,150,2,1.35426,0.940745,19,30.5,13,0,200,500
700,222,1,0.616512,0.380087,21,30,13,-1,100,600
700,176,1,0.434261,0.188583,54,37,13,1,150,550
700,95,1,1.01521,1.03065,18,42,13,1,300,400
700,71,1,0.357732,0.127972,52,47,13,-1,350,350
700,96,1,0.384016,0.147468,16,50,13,1,300,400
700,97,1,0.536397,0.287721,59,59,13,1,300,400
700,256,1,0.807041,0.651315,26,3,14,-1,50,650
700,11,1,0.993785,0.987609,10,4,14,1,450,250
700,177,1,0.496955,0.246964,28,31,14,1,150,550
700,258,1,0.32611,0.106347,34,32,14,1,50,650
700,151,1,0.367486,0.135046,40,21,15,1,200,500
700,178,1,0.890024,0.792143,10,29,15,-1,150,550
700,223,1,0.3897,0.151866,22,31,15,1,100,600
700,257,1,0.332226,0.110374,48,48,15,-1,50,650
700,12,1,0.247358,0.061186,13,55,15,-1,450,250
700,224,1,0.670858,0.45005,61,19,16,-1,100,600
700,308,1,0.946271,0.895428,35,20,16,1,0,700
700,46,2,0.761136,0.312138,30,22.5,16.5,0,400,300
700,309,2,0.657166,0.226957,32,32.5,16,0,0,700
700,72,1,0.285332,0.0814142,45,40,16,-1,350,350
700,98,1,0.572621,0.327895,42,47,16,-1,300,400
700,259,1,0.688143,0.473541,47,55,16,-1,50,650
700,225,1,0.443109,0.196345,41,59,16,1,100,600
700,310,1,0.642498,0.412804,45,13,17,1,0,700
700,47,1,0.582039,0.33877,61,14,17,1,400,300
700,260,1,0.316427,0.100126,59,32,17,-1,50,650
700,74,1,0.0493821,0.00243859,40,42,17,-1,350,350
700,179,2,1.13239,0.654116,56.5,10,18,0,150,550
700,13,1,0.702126,0.49298,45,26,18,1,450,250
700,226,1,0.745705,0.556076,57,48,18,1,100,600
700,311,1,0.796374,0.634212,62,49,18,1,0,700
700,180,1,0.411067,0.168976,9,54,18,1,150,550
700,312,1,0.493705,0.243745,18,1,19,1,0,700
700,261,1,0.488338,0.238474,4,2,19,-1,50,650
700,227,1,0.73796,0.544585,7,22,19,-1,100,600
700,153,1,0.657726,0.432603,15,30,19,-1,200,500
700,313,1,0.848281,0.719581,54,30,19,-1,0,700
700,228,1,0.491312,0.241388,39,0,20,-1,100,600
700,73,1,0.584168,0.341253,4,42,20,1,350,350
700,181,1,0.958258,0.918258,41,43,20,1,150,550
700,182,1,0.441961,0.195329,3,51,20,1,150,550
700,314,1,0.587641,0.345322,23,61,20,-1,0,700
700,75,1,0.456917,0.208774,41,8,21,1,350,350
700,315,1,0.0571618,0.00326748,9,23,21,1,0,700
700,262,1,0.26738,0.071492,33,26,21,-1,50,650
700,48,1,0.440873,0.194369,20,28,21,-1,400,300
700,49,1,0.64776,0.419592,63,33,21,-1,400,300
700,183,1,0.576587,0.332452,12,40,21,-1,150,550
700,184,1,0.414994,0.17222,4,9,22,1,150,550
700,316,1,1.65436,2.73691,23,19,22,-1,0,700
700,50,1,0.195421,0.0381894,20,30,22,-1,400,300
700,52,1,0.19958,0.0398322,18,37,22,1,400,300
700,317,1,0.309835,0.0959977,42,40,22,1,0,700
700,229,1,1.20961,1.46316,1,17,23,-1,100,600
700,230,1,0.127471,0.0162488,59,22,23,1,100,600
700,14,2,1.04093,0.544945,16.5,23,23,0,450,250
700,122,1,0.536048,0.287347,63,59,23,-1,250,450
700,99,2,1.1342,1.00578,38.5,3,24.5,0,300,400
700,76,2,0.885694,0.406626,10.5,27,24,0,350,350
700,318,1,0.616993,0.380681,6,30,24,-1,0,700
700,51,1,1.00034,1.00068,54,30,24,1,400,300
700,154,1,0.130079,0.0169207,21,63,24,-1,200,500
700,100,1,0.588477,0.346306,10,7,25,1,300,400
700,77,1,0.298181,0.0889122,49,33,25,-1,350,350
700,101,1,0.610028,0.372135,17,39,25,1,300,400
700,53,1,0.17472,0.0305271,29,42,25,1,400,300
700,17,2,1.40661,0.99782,19.5,52,25,0,450,250
700,15,1,0.497849,0.247854,35,55,25,1,450,250
700,263,1,0.410437,0.168458,44,17,26,-1,50,650
700,16,1,0.476736,0.227277,29,47,26,1,450,250
700,102,1,0.517438,0.267742,19,49,26,-1,300,400
700,264,1,0.48656,0.236741,57,50,26,-1,50,650
700,265,1,0.659417,0.434831,51,7,27,-1,50,650
700,185,1,0.609585,0.371594,49,33,27,-1,150,550
700,266,1,0.434002,0.188358,41,43,27,-1,50,650
700,186,1,0.467504,0.21856,24,42,28,1,150,550
700,78,2,0.666776,0.223502,19,46.5,28.5,0,350,350
700,187,1,0.483681,0.233947,49,12,29,1,150,550
700,18,2,1.22946,0.802679,16.5,23,29,0,450,250
700,267,1,0.444752,0.197804,32,46,29,-1,50,650
700,103,1,0.236073,0.0557303,8,49,29,-1,300,400
700,19,1,0.522679,0.273193,60,55,29,1,450,250
700,54,2,1.1772,0.942667,15.5,63,29.5,0,400,300
700,104,2,1.52889,1.25978,25,4,30.5,0,300,400
700,155,1,0.719247,0.517316,18,44,30,1,200,500
700,123,1,0.447359,0.20013,41,60,30,-1,250,450
700,268,1,0.566422,0.320834,50,59,31,-1,50,650
700,105,1,0.268338,0.072005,20,62,31,1,300,400
700,20,1,0.863218,0.745146,24,18,32,1,450,250
700,21,1,0.503286,0.253297,32,32,32,1,450,250
700,156,1,0.463919,0.215221,62,38,32,1,200,500
700,79,1,0.48334,0.233617,57,47,32,-1,350,350
700,269,1,1.05335,1.10955,41,49,32,1,50,650
700,22,1,0.254378,0.0647081,6,62,32,-1,450,250
700,55,1,0.3332,0.111022,47,6,33,1,400,300
700,23,1,0.465269,0.216475,41,11,33,-1,450,250
700,270,1,0.476651,0.227196,27,28,33,1,50,650
700,124,1,0.351186,0.123332,27,12,34,1,250,450
700,231,1,0.382358,0.146198,24,40,34,-1,100,600
700,271,1,0.63721,0.406037,61,50,34,-1,50,650
700,272,2,0.857786,0.368171,61.5,7,35,0,50,650
700,80,1,0.378618,0.143352,2,10,35,1,350,350
700,273,1,0.593445,0.352176,40,12,35,-1,50,650
700,274,1,0.17732,0.0314425,13,24,35,-1,50,650
700,125,1,0.760572,0.57847,6,48,35,-1,250,450
700,106,1,0.857765,0.735761,34,55,35,1,300,400
700,126,1,0.428593,0.183692,46,62,35,-1,250,450
700,319,1,0.23331,0.0544338,19,63,35,1,0,700
700,127,1,0.525116,0.275747,29,1,36,1,250,450
700,275,1,0.567042,0.321537,1,8,36,1,50,650
700,320,1,0.693306,0.480673,19,15,36,-1,0,700
700,276,1,0.897741,0.805939,59,43,36,1,50,650
700,157,1,0.242789,0.0589467,50,58,36,-1,200,500
700,56,1,0.247928,0.0614681,10,16,37,-1,400,300
700,57,2,0.699259,0.304529,22.5,18,37,0,400,300
700,24,2,0.658562,0.227135,26,36,37.5,0,450,250
700,188,1,0.46801,0.219033,19,40,37,1,150,550
700,158,1,0.813404,0.661626,21,2,38,1,200,500
700,159,1,0.380624,0.144875,52,2,38,-1,200,500
700,232,1,0.959064,0.919803,18,3,38,1,100,600
700,233,1,0.630185,0.397133,12,5,38,-1,100,600
700,82,1,0.410474,0.168489,53,5,38,-1,350,350
700,234,1,0.556954,0.310197,46,11,38,1,100,600
700,128,1,0.213726,0.0456787,63,38,38,1,250,450
700,189,1,0.962012,0.925468,53,45,38,1,150,550
700,129,1,0.362082,0.131104,26,49,38,-1,250,450
700,277,1,0.521221,0.271671,1,3,39,-1,50,650
700,321,1,0.535554,0.286818,21,13,39,-1,0,700
700,235,1,0.544545,0.29653,52,15,39,1,100,600
700,130,1,0.476664,0.227209,0,16,39,1,250,450
700,81,1,0.511428,0.261558,23,19,39,1,350,350
700,58,1,0.161331,0.0260276,3,26,39,-1,400,300
700,107,1,0.234588,0.0550314,31,41,39,1,300,400
700,25,1,0.622379,0.387356,50,63,39,-1,450,250
700,236,1,0.652728,0.426054,57,25,40,1,100,600
700,190,1,0.918587,0.843802,22,40,40,-1,150,550
700,322,1,0.882604,0.778989,25,47,40,-1,0,700
700,237,1,0.630772,0.397873,51,6,41,1,100,600
700,278,1,0.459,0.210681,55,7,41,-1,50,650
700,160,1,0.297255,0.0883607,46,16,41,1,200,500
700,60,1,0.656938,0.431567,18,33,41,1,400,300
700,279,1,1.07421,1.15392,36,39,41,1,50,650
700,323,1,0.55873,0.31218,40,2,42,1,0,700
700,280,1,0.460601,0.212153,33,3,42,-1,50,650
700,26,1,0.717008,0.5141,2,20,42,-1,450,250
700,191,1,0.40159,0.161274,25,22,42,-1,150,550
700,281,1,0.676364,0.457469,53,23,42,1,50,650
700,108,1,0.366442,0.13428,56,36,42,1,300,400
700,324,1,0.611795,0.374293,8,39,42,1,0,700
700,131,1,0.707378,0.500384,62,42,42,-1,250,450
700,161,1,0.477064,0.22759,43,47,42,-1,200,500
700,325,1,0.315556,0.0995757,50,9,43,-1,0,700
700,162,1,0.389822,0.151961,46,13,43,1,200,500
700,238,1,0.432365,0.186939,11,16,43,1,100,600
700,282,1,0.653406,0.42694,32,35,43,-1,50,650
700,239,1,0.245014,0.0600318,56,1,44,1,100,600
700,27,1,0.887245,0.787204,41,10,44,-1,450,250
700,59,3,1.45306,0.814741,16.6667,13.6667,44,-1,400,300
700,240,1,0.580792,0.337319,44,13,44,-1,100,600
700,326,1,0.604923,0.365932,44,16,44,1,0,700
700,192,1,0.587355,0.344986,14,26,44,-1,150,550
700,327,1,0.876837,0.768844,19,33,44,-1,0,700
700,83,1,0.774707,0.60017,48,37,44,1,350,350
700,193,1,0.677315,0.458755,27,41,44,-1,150,550
700,132,1,0.332387,0.110481,15,53,44,1,250,450
700,328,1,0.252269,0.0636396,43,55,44,-1,0,700
700,133,1,0.409246,0.167482,9,60,44,1,250,450
700,283,1,0.819446,0.671492,19,60,44,-1,50,650
700,194,2,0.992721,0.546273,3,8.5,45,0,150,550
700,241,1,0.415534,0.172669,62,8,45,1,100,600
700,195,1,1.00424,1.00849,54,26,45,-1,150,550
700,28,1,0.336911,0.113509,34,51,45,1,450,250
700,109,1,0.517867,0.268186,37,3,46,-1,300,400
700,329,1,0.38923,0.1515,44,6,46,1,0,700
700,330,1,0.143236,0.0205165,0,27,46,-1,0,700
700,331,1,0.817131,0.667703,48,27,46,1,0,700
700,284,1,0.109168,0.0119177,24,29,46,-1,50,650
700,332,1,0.52497,0.275594,55,29,46,1,0,700
700,29,1,0.443165,0.196395,44,31,46,1,450,250
700,285,1,0.199711,0.0398845,5,44,46,1,50,650
700,134,2,0.845845,0.373199,45.5,58.5,46.5,0,250,450
700,163,1,0.235184,0.0553113,59,60,46,1,200,500
700,61,1,0.413513,0.170993,59,36,47,-1,400,300
700,135,1,0.419762,0.176201,37,50,47,1,250,450
700,110,2,1.61952,1.31142,38.5,2.5,48.5,0,300,400
700,333,1,0.226611,0.0513527,27,46,48,-1,0,700
700,85,2,1.52813,1.19199,35,48.5,48,0,350,350
700,84,1,0.842607,0.709987,60,52,48,-1,350,350
700,196,1,0.882003,0.777929,7,4,49,1,150,550
700,287,1,0.659655,0.435145,55,30,49,1,50,650
700,136,1,1.01336,1.0269,45,28,50,-1,250,450
700,111,1,0.575614,0.331332,29,31,50,-1,300,400
700,112,1,0.683133,0.466671,49,34,50,1,300,400
700,242,1,0.711269,0.505904,33,51,50,1,100,600
700,286,1,0.218466,0.0477275,49,61,50,1,50,650
700,164,1,0.197579,0.0390376,6,11,51,-1,200,500
700,334,1,0.749487,0.56173,58,20,51,1,0,700
700,62,1,0.543349,0.295229,2,24,51,-1,400,300
700,197,1,0.470883,0.221731,48,30,51,-1,150,550
700,137,1,0.276062,0.0762104,44,32,51,-1,250,450
700,198,1,0.84467,0.713468,43,34,51,-1,150,550
700,243,1,0.926287,0.858008,24,38,51,-1,100,600
700,199,1,0.656781,0.431362,21,42,51,1,150,550
700,114,2,1.34583,0.905974,45.5,42.5,51.5,0,300,400
700,63,1,0.630472,0.397495,32,61,51,-1,400,300
700,335,1,0.578908,0.335134,59,16,52,1,0,700
700,113,1,0.177308,0.031438,56,27,52,-1,300,400
700,336,1,1.05124,1.1051,55,29,52,1,0,700
700,86,1,0.484737,0.23497,31,34,52,-1,350,350
700,138,1,0.304203,0.0925395,1,60,52,-1,250,450
700,64,1,0.450732,0.20316,35,63,52,-1,400,300
700,288,1,0.38189,0.14584,20,4,53,1,50,650
700,200,1,0.860677,0.740764,27,20,53,-1,150,550
700,30,1,0.559372,0.312898,60,30,53,1,450,250
700,201,1,0.750764,0.563646,62,30,53,1,150,550
700,289,1,0.561616,0.315413,8,38,53,-1,50,650
700,139,1,0.710156,0.504322,26,43,53,1,250,450
700,31,1,0.316939,0.10045,30,49,53,-1,450,250
700,290,1,0.800391,0.640626,33,2,54,-1,50,650
700,202,1,0.267949,0.0717968,30,6,54,1,150,550
700,337,1,0.777138,0.603944,32,31,54,-1,0,700
700,291,1,0.358467,0.128498,44,60,54,1,50,650
700,65,2,0.8926,0.463598,40,3.5,55,0,400,300
700,115,1,0.729594,0.532308,41,9,55,-1,300,400
700,87,1,0.117852,0.0138891,43,16,55,-1,350,350
700,338,1,0.433534,0.187952,19,29,55,1,0,700
700,339,1,0.277465,0.0769868,27,31,55,-1,0,700
700,244,1,0.429453,0.18443,29,40,55,-1,100,600
700,116,1,0.611771,0.374264,5,43,55,1,300,400
700,32,1,0.140443,0.0197241,45,52,55,1,450,250
700,340,1,0.377835,0.14276,54,1,56,-1,0,700
700,341,1,0.96479,0.93082,12,45,56,1,0,700
700,165,1,0.567696,0.322279,41,54,56,-1,200,500
700,33,3,1.674,1.00439,60,59,56.3333,-1,450,250
700,167,1,0.278195,0.0773924,19,60,56,1,200,500
700,203,1,0.293195,0.0859632,54,17,57,1,150,550
700,292,1,0.494879,0.244906,11,21,57,1,50,650
700,166,1,1.02816,1.05711,32,27,57,-1,200,500
700,245,1,0.71937,0.517493,20,58,57,-1,100,600
700,140,1,0.745198,0.55532,17,8,58,-1,250,450
700,342,1,0.666765,0.444576,63,8,58,-1,0,700
700,168,1,0.356421,0.127036,1,34,58,-1,200,500
700,117,1,0.543727,0.29564,27,48,58,-1,300,400
700,169,1,0.392279,0.153883,54,62,58,-1,200,500
700,35,3,1.30892,0.616427,43,17,59,1,450,250
700,34,1,0.602687,0.363232,50,16,59,-1,450,250
700,343,1,0.276714,0.0765708,6,22,59,1,0,700
700,88,1,0.351849,0.123798,27,25,59,1,350,350
700,66,1,0.306807,0.0941307,57,27,59,1,400,300
700,89,1,0.858141,0.736406,5,28,59,1,350,350
700,204,1,0.537276,0.288665,40,46,59,1,150,550
700,246,2,0.921902,0.425591,4.5,63.5,59.5,0,100,600
700,247,1,0.932511,0.869576,24,63,59,1,100,600
700,36,1,0.0469946,0.00220849,10,2,60,1,450,250
700,170,4,2.48608,1.66601,55.25,2.25,61,-2,200,500
700,293,1,0.200794,0.0403183,24,9,60,1,50,650
700,294,1,0.361813,0.130909,15,21,60,-1,50,650
700,142,1,0.765458,0.585927,46,28,60,-1,250,450
700,344,1,1.17444,1.3793,26,9,61,-1,0,700
700,143,1,0.766332,0.587265,25,16,61,-1,250,450
700,37,1,0.352071,0.123954,51,17,61,-1,450,250
700,90,1,0.834855,0.696982,51,22,61,1,350,350
700,118,2,0.837798,0.436357,14.5,54.5,61.5,0,300,400
700,38,2,0.619704,0.222918,11.5,55,61,0,450,250
700,345,1,0.642675,0.413032,49,21,62,-1,0,700
700,346,1,0.423653,0.179482,23,26,62,-1,0,700
700,347,1,0.515835,0.266085,45,53,62,-1,0,700
700,39,1,0.78632,0.618299,19,60,62,-1,450,250
700,295,1,0.705814,0.498174,35,29,63,-1,50,650
700,348,1,0.692002,0.478867,22,42,63,1,0,700
700,349,1,0.457124,0.208962,35,54,63,1,0,700
700,40,1,0.62486,0.39045,24,58,63,-1,450,250
750,296,1,0.475084,0.225705,60,1,0,1,50,700
750,171,2,1.06527,0.57567,11,38.5,0,0,200,550
750,172,1,0.45181,0.204132,42,43,0,-1,200,550
750,205,1,0.311068,0.0967634,41,46,0,-1,150,600
750,206,1,0.29211,0.0853283,53,15,1,1,150,600
750,248,1,0.480685,0.231058,0,23,1,1,100,650
750,67,1,0.40381,0.163063,23,58,1,1,400,350
750,41,1,1.09293,1.1945,29,0,2,-1,450,300
750,2,2,1.36451,0.945636,55.5,1,2,0,500,250
750,91,1,0.432636,0.187174,36,19,2,1,350,400
750,350,1,0.571417,0.326517,34,20,2,-1,0,750
750,297,1,0.327634,0.107344,20,36,2,1,50,700
750,351,1,0.247293,0.0611537,45,38,2,-1,0,750
750,298,2,1.04356,0.574397,21,50.5,2,0,50,700
750,207,1,0.158606,0.0251559,30,59,2,-1,150,600
750,144,2,0.74146,0.276597,12,0,3.5,0,250,500
750,0,1,0.438965,0.19269,45,12,3,-1,500,250
750,92,1,0.23685,0.0560978,19,16,3,1,350,400
750,249,1,0.100307,0.0100615,47,27,3,-1,100,650
750,1,2,0.516011,0.147951,19.5,41.5,3.5,0,500,250
750,208,1,0.709253,0.50304,8,51,3,-1,150,600
750,209,2,1.24893,0.795801,31.5,57,3,0,150,600
750,299,1,0.724348,0.52468,51,62,3,1,50,700
750,210,1,0.358913,0.128819,52,2,4,1,150,600
750,68,1,0.677483,0.458983,34,35,4,1,400,350
750,93,2,0.727908,0.265136,14.5,38.5,4.5,0,350,400
750,145,1,0.731708,0.535396,15,42,4,-1,250,500
750,300,1,0.867325,0.752253,41,13,5,1,50,700
750,211,2,0.730566,0.352286,22.5,24,5.5,0,150,600
750,119,1,0.139024,0.0193276,3,60,5,-1,300,450
750,250,1,0.554094,0.30702,29,2,6,-1,100,650
750,3,1,0.361245,0.130498,50,25,6,-1,500,250
750,212,1,0.453792,0.205927,6,36,6,1,150,600
750,42,1,0.466791,0.217894,52,41,6,1,450,300
750,213,1,0.426598,0.181986,15,43,6,1,150,600
750,146,1,0.51583,0.26608,13,49,6,-1,250,500
750,352,1,0.619831,0.384191,39,54,6,1,0,750
750,353,1,0.879676,0.773831,40,0,7,-1,0,750
750,354,1,0.639595,0.409082,33,5,7,-1,0,750
750,4,1,0.0943031,0.00889307,4,12,7,1,500,250
750,214,1,0.316548,0.100202,32,18,7,1,150,600
750,5,1,0.34854,0.12148,40,27,7,-1,500,250
750,355,1,0.644094,0.414856,34,31,7,-1,0,750
750,217,1,0.551797,0.30448,33,37,7,-1,150,600
750,356,1,0.803316,0.645316,54,43,7,-1,0,750
750,301,2,1.22483,0.807142,56.5,0,8,0,50,700
750,69,1,0.756264,0.571936,45,5,8,-1,400,350
750,121,2,0.617148,0.229657,57.5,7.5,8,-2,300,450
750,215,1,0.0899926,0.00809866,27,10,8,-1,150,600
750,147,1,0.230482,0.0531218,13,26,8,-1,250,500
750,251,1,0.58475,0.341932,48,37,8,1,100,650
750,43,1,0.504996,0.255021,39,39,8,1,450,300
750,173,1,0.652318,0.425518,63,41,8,1,200,550
750,44,1,0.543973,0.295907,7,63,8,-1,450,300
750,148,1,0.435094,0.189307,0,9,9,1,250,500
750,9,1,0.641596,0.411645,44,16,9,1,500,250
750,357,1,0.597717,0.357265,33,21,9,1,0,750
750,358,1,0.654422,0.428268,17,24,9,-1,0,750
750,216,2,1.04957,0.562666,22.5,24.5,9,0,150,600
750,359,1,0.442416,0.195732,31,27,9,-1,0,750
750,302,1,0.703702,0.495197,56,31,9,-1,50,700
750,360,1,0.27705,0.076757,33,37,9,-1,0,750
750,120,1,0.414783,0.172045,27,56,9,1,300,450
750,218,1,0.118322,0.0140002,8,59,9,1,150,600
750,303,2,0.519358,0.141678,55.5,7.5,10.5,0,50,700
750,94,1,0.645607,0.416809,56,21,10,-1,350,400
750,45,1,0.408701,0.167037,61,21,10,1,450,300
750,304,1,0.721173,0.520091,25,28,10,1,50,700
750,6,1,0.655509,0.429692,22,32,10,1,500,250
750,7,1,0.425012,0.180635,4,45,10,1,500,250
750,252,1,0.988043,0.976228,49,51,10,-1,100,650
750,8,1,1.15441,1.33267,35,55,10,-1,500,250
750,174,1,0.466371,0.217502,18,63,10,-1,200,550
750,253,1,0.68812,0.473509,42,17,11,-1,100,650
750,361,1,0.320316,0.102603,22,19,11,-1,0,750
750,177,1,0.567995,0.322618,29,32,11,-1,200,550
750,305,1,0.512072,0.262217,37,33,11,1,50,700
750,10,1,0.281794,0.079408,21,35,11,1,500,250
750,306,1,0.473279,0.223993,26,37,11,-1,50,700
750,254,1,0.710952,0.505453,12,48,11,-1,100,650
750,70,2,1.13678,0.646901,28,52.5,11,0,400,350
750,362,1,0.330944,0.109524,37,54,11,1,0,750
750,149,1,0.43497,0.189199,48,59,11,1,250,500
750,219,2,0.990108,0.551657,8,60.5,11,0,150,600
750,307,1,0.558046,0.311415,20,3,12,1,50,700
750,175,1,0.572655,0.327934,3,8,12,1,200,550
750,255,1,0.671044,0.4503,56,20,12,-1,100,650
750,363,1,0.436823,0.190814,52,27,12,1,0,750
750,220,1,0.274669,0.0754429,11,61,12,-1,150,600
750,221,1,0.683692,0.467435,43,6,13,1,150,600
750,364,1,0.68613,0.470775,56,18,13,-1,0,750
750,152,1,0.62671,0.392765,36,29,13,1,250,500
750,150,2,1.16748,0.681502,19,30.5,13,0,250,500
750,222,1,0.569776,0.324644,21,30,13,-1,150,600
750,176,1,0.280645,0.0787619,54,37,13,1,200,550
750,95,1,0.343162,0.11776,18,42,13,1,350,400
750,365,1,0.269591,0.0726795,5,43,13,1,0,750
750,71,1,0.949627,0.901792,52,47,13,-1,400,350
750,96,1,0.44186,0.195241,16,50,13,1,350,400
750,366,1,0.349672,0.12227,19,58,13,1,0,750
750,97,1,0.801466,0.642347,59,59,13,1,350,400
750,367,1,0.724573,0.525007,57,61,13,1,0,750
750,256,1,0.774417,0.599721,26,3,14,-1,100,650
750,11,1,0.544609,0.296599,10,4,14,1,500,250
750,368,1,0.690161,0.476322,28,31,14,1,0,750
750,258,1,0.132132,0.0174588,34,32,14,1,100,650
750,310,1,0.829895,0.688726,45,11,15,-1,50,700
750,151,1,0.790024,0.624138,40,21,15,1,250,500
750,178,1,0.759801,0.577298,10,29,15,-1,200,550
750,223,1,0.562452,0.316352,22,31,15,1,150,600
750,309,3,2.40466,2.03206,31.6667,32,15.6667,1,50,700
750,260,1,0.849699,0.721988,59,33,15,-1,100,650
750,257,1,0.568588,0.323292,48,48,15,-1,100,650
750,12,1,0.482962,0.233252,16,54,15,-1,500,250
750,369,1,0.294292,0.0866079,13,55,15,-1,0,750
750,224,1,0.46763,0.218678,61,19,16,-1,150,600
750,308,1,0.720261,0.518776,35,20,16,1,50,700
750,46,2,1.05473,0.556234,30,22.5,16.5,0,450,300
750,370,1,0.907971,0.82441,38,30,16,1,0,750
750,371,2,0.798559,0.321418,34,32.5,16,0,0,750
750,72,1,0.295204,0.0871454,45,40,16,-1,400,350
750,98,1,0.211343,0.044666,42,47,16,-1,350,400
750,372,1,0.334151,0.111657,35,50,16,-1,0,750
750,259,1,0.305812,0.0935212,47,55,16,-1,100,650
750,225,1,0.544748,0.296751,41,59,16,1,150,600
750,373,1,0.196388,0.0385681,45,13,17,1,0,750
750,47,1,0.690411,0.476667,61,14,17,1,450,300
750,374,1,0.202166,0.040871,11,29,17,-1,0,750
750,375,1,0.278527,0.0775775,59,32,17,-1,0,750
750,74,1,0.46115,0.21266,40,42,17,-1,400,350
750,312,2,0.90084,0.410997,17.5,1.5,18.5,2,50,700
750,179,2,1.30547,0.930865,56.5,10,18,0,200,550
750,376,1,0.624476,0.38997,53,16,18,-1,0,750
750,377,1,0.479528,0.229947,9,17,18,1,0,750
750,13,1,0.713469,0.509038,45,26,18,1,500,250
750,226,1,0.543902,0.29583,57,48,18,1,150,600
750,311,1,0.601328,0.361596,62,49,18,1,50,700
750,180,1,0.484421,0.234664,9,54,18,1,200,550
750,378,1,1.57694,2.48674,55,62,18,1,0,750
750,261,1,0.342151,0.117067,4,2,19,-1,100,650
750,227,1,0.495512,0.245532,7,22,19,-1,150,600
750,379,1,0.62237,0.387345,0,23,19,1,0,750
750,153,1,0.516196,0.266458,15,30,19,-1,250,500
750,313,1,0.553196,0.306026,54,30,19,-1,50,700
750,380,1,0.535812,0.287094,20,48,19,1,0,750
750,228,1,0.987998,0.976141,39,0,20,-1,150,600
750,73,1,0.785494,0.617001,4,42,20,1,400,350
750,181,1,0.762433,0.581304,41,43,20,1,200,550
750,182,1,0.684054,0.46793,3,51,20,1,200,550
750,314,1,0.747314,0.558479,23,61,20,-1,50,700
750,75,1,0.420948,0.177197,41,8,21,1,400,350
750,315,1,0.576127,0.331922,9,23,21,1,50,700
750,262,1,0.403032,0.162435,33,26,21,-1,100,650
750,48,1,0.287899,0.0828861,20,28,21,-1,450,300
750,318,1,0.559082,0.312573,4,30,21,1,50,700
750,381,2,1.53923,1.39883,-0.5,33,21,0,0,750
750,183,1,1.10129,1.21285,12,40,21,-1,200,550
750,184,1,0.69394,0.481552,4,9,22,1,200,550
750,316,1,0.244235,0.0596508,23,19,22,-1,50,700
750,50,1,0.617969,0.381886,20,30,22,-1,450,300
750,52,1,0.464555,0.215811,18,37,22,1,450,300
750,317,1,0.74343,0.552688,42,40,22,1,50,700
750,382,1,0.587932,0.345664,58,47,22,-1,0,750
750,229,1,0.291609,0.0850357,1,17,23,-1,150,600
750,230,1,0.604358,0.365249,59,22,23,1,150,600
750,14,2,1.047,0.603223,16.5,23,23,0,500,250
750,122,2,1.54177,1.19604,63,58.5,23,0,300,450
750,99,3,1.14977,0.5291,39,3.33333,24.6667,-1,350,400
750,383,1,0.261124,0.0681859,40,20,24,-1,0,750
750,76,2,1.23731,1.00343,10.5,27,24,0,400,350
750,384,1,0.426587,0.181977,6,30,24,-1,0,750
750,51,1,0.367232,0.134859,54,30,24,1,450,300
750,154,1,0.276535,0.0764715,21,63,24,-1,250,500
750,100,1,0.437843,0.191706,10,7,25,1,350,400
750,77,1,0.0859682,0.00739053,49,33,25,-1,400,350
750,101,1,0.865475,0.749046,17,39,25,1,350,400
750,53,1,0.762411,0.58127,29,42,25,1,450,300
750,17,2,0.817613,0.334668,19.5,52,25,0,500,250
750,15,1,0.306354,0.0938529,35,55,25,1,500,250
750,263,1,0.351316,0.123423,44,17,26,-1,100,650
750,385,1,0.414961,0.172193,31,25,26,-1,0,750
750,16,1,0.16712,0.027929,29,47,26,1,500,250
750,102,1,0.539652,0.291224,19,49,26,-1,350,400
750,264,1,0.267422,0.0715146,57,50,26,-1,100,650
750,386,1,0.306086,0.0936887,40,7,27,1,0,750
750,265,1,0.268862,0.0722867,51,7,27,-1,100,650
750,185,1,0.305412,0.0932767,49,33,27,-1,200,550
750,266,1,0.220706,0.048711,41,43,27,-1,100,650
750,387,1,0.646746,0.41828,26,62,27,-1,0,750
750,186,2,1.17528,0.690641,23.5,42,28,0,200,550
750,78,2,1.47423,1.17061,19,46.5,28.5,0,400,350
750,388,1,0.392783,0.154278,16,7,29,-1,0,750
750,389,1,0.586374,0.343834,54,7,29,-1,0,750
750,187,1,0.681563,0.464528,49,12,29,1,200,550
750,18,2,1.48951,1.19574,16.5,23,29,0,500,250
750,390,1,0.409328,0.167549,40,36,29,1,0,750
750,391,1,0.448869,0.201483,41,44,29,-1,0,750
750,267,1,0.471667,0.22247,32,46,29,-1,100,650
750,103,1,0.562479,0.316382,8,49,29,-1,350,400
750,19,1,0.604821,0.365809,60,55,29,1,500,250
750,54,2,1.47639,1.13676,15.5,63,29.5,0,450,300
750,104,2,1.05262,0.55567,25,4,30.5,0,350,400
750,155,1,0.223895,0.0501291,18,44,30,1,250,500
750,123,1,0.228089,0.0520244,41,60,30,-1,300,450
750,20,1,0.489607,0.239715,22,17,31,-1,500,250
750,268,1,0.225671,0.0509274,50,59,31,-1,100,650
750,105,1,0.872064,0.760496,20,62,31,1,350,400
750,392,1,0.654254,0.428048,49,12,32,1,0,750
750,393,1,0.275977,0.0761633,24,18,32,1,0,750
750,394,1,0.986589,0.973357,49,21,32,-1,0,750
750,21,1,0.527198,0.277937,32,32,32,1,500,250
750,156,1,0.601806,0.36217,62,38,32,1,250,500
750,79,1,0.727255,0.5289,57,47,32,-1,400,350
750,269,1,0.812528,0.660202,41,49,32,1,100,650
750,22,1,0.616471,0.380036,6,62,32,-1,500,250
750,55,1,0.581547,0.338197,47,6,33,1,450,300
750,23,1,0.23983,0.0575185,41,11,33,-1,500,250
750,270,1,0.299937,0.0899624,27,28,33,1,100,650
750,124,1,0.650913,0.423687,27,12,34,1,300,450
750,231,1,0.510464,0.260573,24,40,34,-1,150,600
750,271,1,0.523761,0.274326,61,50,34,-1,100,650
750,272,2,1.04693,0.548228,61.5,7,35,0,100,650
750,395,1,0.613577,0.376477,10,9,35,1,0,750
750,80,1,0.487095,0.237261,2,10,35,1,400,350
750,273,1,0.379299,0.143868,40,12,35,-1,100,650
750,396,1,0.813202,0.661297,31,22,35,-1,0,750
750,274,1,1.20445,1.4507,13,24,35,-1,100,650
750,125,1,0.291191,0.0847924,6,48,35,-1,300,450
750,106,1,0.434512,0.188801,34,55,35,1,350,400
750,126,1,0.410638,0.168624,46,62,35,-1,300,450
750,319,1,0.480896,0.231261,19,63,35,1,50,700
750,127,1,0.546171,0.298302,29,1,36,1,300,450
750,275,1,0.751108,0.564163,1,8,36,1,100,650
750,320,1,0.472244,0.223014,19,15,36,-1,50,700
750,397,1,0.106481,0.0113382,49,30,36,-1,0,750
750,276,1,0.573788,0.329233,59,43,36,1,100,650
750,157,2,1.3297,0.903461,50.5,58,36,0,250,500
750,56,1,0.327639,0.107347,10,16,37,-1,450,300
750,57,2,1.19994,0.828329,22.5,18,37,0,450,300
750,24,2,0.978457,0.478704,26,36,37.5,0,500,250
750,188,1,0.404022,0.163233,19,40,37,1,200,550
750,232,2,1.10409,0.614125,18,2.5,38,0,150,600
750,158,1,0.403641,0.162926,21,2,38,1,250,500
750,159,1,0.741997,0.55056,52,2,38,-1,250,500
750,233,1,0.550617,0.303179,12,5,38,-1,150,600
750,82,1,0.712101,0.507088,53,5,38,-1,400,350
750,234,1,0.916491,0.839956,46,11,38,1,150,600
750,128,1,0.467215,0.21829,63,38,38,1,300,450
750,189,1,0.768549,0.590668,53,45,38,1,200,550
750,129,1,0.274019,0.0750863,26,49,38,-1,300,450
750,277,1,0.363866,0.132398,1,3,39,-1,100,650
750,398,1,0.834049,0.695638,21,7,39,1,0,750
750,321,1,0.239874,0.0575394,21,13,39,-1,50,700
750,235,1,0.78883,0.622253,52,15,39,1,150,600
750,130,1,0.2221,0.0493282,0,16,39,1,300,450
750,81,1,0.448204,0.200887,23,19,39,1,400,350
750,58,1,0.239724,0.0574677,3,26,39,-1,450,300
750,107,1,0.337295,0.113768,31,41,39,1,350,400
750,25,1,0.667019,0.444915,50,63,39,-1,500,250
750,236,1,0.674799,0.455353,57,25,40,1,150,600
750,190,1,0.684995,0.469218,22,40,40,-1,200,550
750,322,1,0.364529,0.132881,25,47,40,-1,50,700
750,237,1,0.726974,0.528491,51,6,41,1,150,600
750,278,1,0.968252,0.937511,55,7,41,-1,100,650
750,160,1,0.708227,0.501585,46,16,41,1,250,500
750,60,1,0.67967,0.461951,18,33,41,1,450,300
750,279,1,0.378214,0.143046,36,39,41,1,100,650
750,280,1,0.654189,0.427963,33,1,42,-1,100,650
750,323,1,0.546919,0.299121,40,2,42,1,50,700
750,399,1,0.633477,0.401293,33,3,42,-1,0,750
750,27,1,0.210152,0.044164,42,10,42,1,500,250
750,26,1,0.137246,0.0188366,2,20,42,-1,500,250
750,191,1,0.634715,0.402864,25,22,42,-1,200,550
750,281,2,1.44072,1.49873,53,23,42.5,0,100,650
750,108,1,0.626801,0.39288,56,36,42,1,350,400
750,324,1,0.265895,0.0706999,8,39,42,1,50,700
750,131,1,0.281293,0.0791256,62,42,42,-1,300,450
750,161,1,0.282499,0.0798057,43,47,42,-1,250,500
750,325,1,0.653239,0.426721,50,9,43,-1,50,700
750,162,1,0.741712,0.550136,46,13,43,1,250,500
750,238,1,0.501107,0.251108,11,16,43,1,150,600
750,282,1,0.363455,0.132099,32,35,43,-1,100,650
750,239,1,0.662838,0.439355,56,1,44,1,150,600
750,400,1,0.456996,0.208845,41,10,44,-1,0,750
750,59,3,2.12138,1.68689,16.6667,13.6667,44,-1,450,300
750,240,1,0.254357,0.0646973,44,13,44,-1,150,600
750,326,1,1.08111,1.1688,44,16,44,1,50,700
750,192,1,0.466155,0.2173,14,26,44,-1,200,550
750,327,1,0.344469,0.118659,19,33,44,-1,50,700
750,83,1,0.270546,0.0731949,48,37,44,1,400,350
750,193,1,0.243326,0.0592075,27,41,44,-1,200,550
750,132,1,0.34733,0.120638,15,53,44,1,300,450
750,328,1,0.230337,0.0530553,43,55,44,-1,50,700
750,133,1,0.393676,0.15498,9,60,44,1,300,450
750,283,1,0.562348,0.316235,19,60,44,-1,100,650
750,194,2,1.06093,0.698095,3,8.5,45,0,200,550
750,241,1,0.560705,0.31439,62,8,45,1,150,600
750,401,1,0.283295,0.0802562,55,21,45,-1,0,750
750,195,1,0.511279,0.261406,54,26,45,-1,200,550
750,28,1,0.441434,0.194864,34,51,45,1,500,250
750,109,1,0.403609,0.1629,37,3,46,-1,350,400
750,329,1,0.565764,0.320089,44,6,46,1,50,700
750,330,1,0.420507,0.176826,0,27,46,-1,50,700
750,331,1,0.462363,0.21378,48,27,46,1,50,700
750,284,1,0.892327,0.796248,24,29,46,-1,100,650
750,332,1,0.237488,0.0564006,55,29,46,1,50,700
750,29,1,0.770508,0.593682,44,31,46,1,500,250
750,285,1,0.837831,0.701962,5,44,46,1,100,650
750,134,2,0.848284,0.378974,45.5,58.5,46.5,0,300,450
750,163,1,0.146652,0.0215069,59,60,46,1,250,500
750,61,1,0.785634,0.617222,59,36,47,-1,450,300
750,135,1,0.371965,0.138358,37,50,47,1,300,450
750,110,2,0.858639,0.371555,38.5,2.5,48.5,0,350,400
750,402,1,0.235567,0.0554919,4,8,48,-1,0,750
750,333,1,1.09471,1.1984,27,46,48,-1,50,700
750,85,2,1.20336,0.724764,35,48.5,48,0,400,350
750,84,1,0.246388,0.0607073,60,52,48,-1,400,350
750,403,1,0.561906,0.315739,58,59,48,1,0,750
750,196,1,0.538836,0.290345,7,4,49,1,200,550
750,287,1,0.570158,0.32508,55,30,49,1,100,650
750,136,1,0.532637,0.283702,45,28,50,-1,300,450
750,111,1,0.907857,0.824205,29,31,50,-1,350,400
750,112,1,0.570899,0.325925,49,34,50,1,350,400
750,404,1,0.529648,0.280527,2,43,50,1,0,750
750,405,1,0.439498,0.193159,32,47,50,1,0,750
750,242,1,0.633268,0.401029,33,51,50,1,150,600
750,406,1,0.719497,0.517676,52,53,50,1,0,750
750,286,1,0.816001,0.665858,49,61,50,1,100,650
750,164,1,0.374516,0.140263,6,11,51,-1,250,500
750,334,1,0.431256,0.185982,58,20,51,1,50,700
750,62,1,0.643663,0.414302,2,24,51,-1,450,300
750,197,2,2.01005,2.02187,48,30.5,51,0,200,550
750,137,1,0.301844,0.0911097,44,32,51,-1,300,450
750,198,1,0.685438,0.469825,43,34,51,-1,200,550
750,243,1,0.438468,0.192254,24,38,51,-1,150,600
750,199,1,0.553833,0.306731,21,42,51,1,200,550
750,114,2,1.10795,0.693785,45.5,42.5,51.5,0,350,400
750,63,1,0.84284,0.71038,32,61,51,-1,450,300
750,335,1,0.794839,0.63177,59,16,52,1,50,700
750,113,1,0.48654,0.236721,56,27,52,-1,350,400
750,336,1,0.166556,0.0277409,55,29,52,1,50,700
750,30,2,2.00451,2.01241,60,30.5,52.5,0,500,250
750,86,1,1.01452,1.02925,31,34,52,-1,400,350
750,407,1,0.342026,0.116982,18,43,52,1,0,750
750,138,1,0.362993,0.131764,1,60,52,-1,300,450
750,408,1,0.885994,0.784986,53,61,52,-1,0,750
750,64,1,0.689379,0.475243,35,63,52,-1,450,300
750,288,1,0.337467,0.113884,20,4,53,1,100,650
750,200,1,0.519154,0.269521,27,20,53,-1,200,550
750,201,1,0.795075,0.632145,62,30,53,1,200,550
750,409,1,0.517646,0.267958,61,36,53,1,0,750
750,289,1,0.406663,0.165375,8,38,53,-1,100,650
750,410,1,0.517907,0.268228,42,40,53,-1,0,750
750,139,1,0.240134,0.0576646,26,43,53,1,300,450
750,31,1,0.256802,0.0659475,30,49,53,-1,500,250
750,290,1,0.634314,0.402354,33,2,54,-1,100,650
750,202,1,0.331113,0.109636,30,6,54,1,200,550
750,337,1,0.372337,0.138635,32,31,54,-1,50,700
750,291,1,0.543351,0.29523,44,60,54,1,100,650
750,65,3,2.97108,3.59974,39.6667,3,55,-1,450,300
750,115,1,0.303836,0.0923162,41,9,55,-1,350,400
750,87,1,0.622652,0.387695,43,16,55,-1,400,350
750,338,1,1.0176,1.03551,19,29,55,1,50,700
750,339,1,0.721453,0.520494,27,31,55,-1,50,700
750,244,1,0.342345,0.1172,29,40,55,-1,150,600
750,116,1,0.689306,0.475143,5,43,55,1,350,400
750,32,1,0.963333,0.92801,45,52,55,1,500,250
750,340,1,0.673817,0.45403,54,1,56,-1,50,700
750,411,1,0.767472,0.589013,23,10,56,1,0,750
750,341,1,0.389116,0.151411,12,45,56,1,50,700
750,165,1,0.279361,0.0780423,41,54,56,-1,250,500
750,33,3,1.49766,0.749786,60,59,56.3333,-1,500,250
750,167,1,0.324268,0.10515,19,60,56,1,250,500
750,203,1,0.860354,0.740208,54,17,57,1,200,550
750,292,1,0.533815,0.284958,11,21,57,1,100,650
750,166,1,0.350125,0.122588,32,27,57,-1,250,500
750,412,1,0.550015,0.302517,30,30,57,-1,0,750
750,413,2,0.911944,0.417533,57,42,57.5,-2,0,750
750,245,1,0.673363,0.453418,20,58,57,-1,150,600
750,140,1,0.686774,0.471659,17,8,58,-1,300,450
750,342,1,0.526567,0.277273,63,8,58,-1,50,700
750,168,1,0.163889,0.0268597,1,34,58,-1,250,500
750,414,1,0.642167,0.412378,6,41,58,1,0,750
750,117,1,0.632961,0.400639,27,48,58,-1,350,400
750,169,1,0.703257,0.494571,54,62,58,-1,250,500
750,35,3,1.22125,0.520554,43,17,59,1,500,250
750,34,1,0.27982,0.0782991,50,16,59,-1,500,250
750,343,3,1.82595,1.22352,5,22,59,-1,50,700
750,88,1,0.648704,0.420817,27,25,59,1,400,350
750,66,1,0.379003,0.143643,57,27,59,1,450,300
750,89,1,0.546865,0.299061,5,28,59,1,400,350
750,415,1,0.232716,0.0541569,48,45,59,-1,0,750
750,204,1,0.383739,0.147256,40,46,59,1,200,550
750,246,2,0.968111,0.471341,4.5,63.5,59.5,0,150,600
750,247,1,0.377522,0.142523,24,63,59,1,150,600
750,36,1,0.709619,0.503559,10,2,60,1,500,250
750,170,4,1.20237,0.378158,55.25,2.25,61,-2,250,500
750,293,1,0.194209,0.0377171,24,9,60,1,100,650
750,294,1,0.455943,0.207884,15,21,60,-1,100,650
750,142,1,0.0918168,0.00843033,46,28,60,-1,300,450
750,344,1,0.505584,0.255616,26,9,61,-1,50,700
750,143,1,0.133639,0.0178594,25,16,61,-1,300,450
750,416,1,0.414195,0.171557,35,16,61,1,0,750
750,37,1,0.394819,0.155882,51,17,61,-1,500,250
750,90,1,0.288801,0.0834058,51,22,61,1,400,350
750,118,2,0.90599,0.410419,14.5,54.5,61.5,0,350,400
750,38,2,0.976468,0.483453,11.5,55,61,0,500,250
750,345,1,0.394388,0.155542,49,21,62,-1,50,700
750,346,1,0.693031,0.480292,23,26,62,-1,50,700
750,347,1,0.697168,0.486043,45,53,62,-1,50,700
750,39,1,0.635671,0.404078,19,60,62,-1,500,250
750,417,1,0.815491,0.665026,26,11,63,-1,0,750
750,295,1,0.729108,0.531598,35,29,63,-1,100,650
750,348,1,0.32663,0.106687,22,42,63,1,50,700
750,349,1,0.419632,0.176091,35,54,63,1,50,700
750,40,1,0.543189,0.295054,24,58,63,-1,500,250
800,296,1,0.299761,0.0898568,60,1,0,1,100,700
800,171,2,1.14812,0.717914,11,38.5,0,0,250,550
800,172,1,0.870482,0.757739,42,43,0,-1,250,550
800,205,1,0.523758,0.274322,41,46,0,-1,200,600
800,206,1,0.727225,0.528857,53,15,1,1,200,600
800,248,1,0.613133,0.375932,0,23,1,1,150,650
800,418,1,0.326184,0.106396,13,58,1,1,0,800
800,67,1,0.455231,0.207235,23,58,1,1,450,350
800,41,1,0.519052,0.269415,29,0,2,-1,500,300
800,2,2,1.27163,0.831602,55.5,1,2,0,550,250
800,419,1,0.457287,0.209111,2,3,2,-1,0,800
800,420,1,0.649962,0.422451,15,3,2,1,0,800
800,91,1,0.425665,0.181191,36,19,2,1,400,400
800,350,1,0.600984,0.361182,34,20,2,-1,50,750
800,297,1,1.0439,1.08972,20,36,2,1,100,700
800,351,1,0.359188,0.129016,45,38,2,-1,50,750
800,421,1,0.745362,0.555564,51,47,2,1,0,800
800,298,2,1.17135,0.701438,21,50.5,2,0,100,700
800,207,1,0.350221,0.122655,30,59,2,-1,200,600
800,144,2,1.39666,1.00623,12,0,3.5,0,300,500
800,0,1,0.266604,0.0710778,45,12,3,-1,550,250
800,92,1,0.389976,0.152081,19,16,3,1,400,400
800,249,1,0.489972,0.240073,47,27,3,-1,150,650
800,1,2,1.16651,0.879601,19.5,41.5,3.5,0,550,250
800,208,1,0.448415,0.201076,8,51,3,-1,200,600
800,422,1,0.620169,0.38461,41,51,3,1,0,800
800,209,2,1.70196,1.482,31.5,57,3,0,200,600
800,299,2,1.08318,0.589104,50.5,62,3,0,100,700
800,210,2,1.38819,1.08953,51.5,2,4,0,200,600
800,423,1,0.711189,0.50579,47,7,4,-1,0,800
800,424,1,0.313558,0.0983183,34,20,4,-1,0,800
800,425,1,0.345059,0.119065,56,22,4,-1,0,800
800,68,1,0.281914,0.0794756,34,35,4,1,450,350
800,93,2,0.629271,0.263925,14.5,38.5,4.5,0,400,400
800,145,1,0.419198,0.175727,15,42,4,-1,300,500
800,426,1,0.311233,0.096866,50,46,4,-1,0,800
800,300,1,0.430481,0.185314,41,13,5,1,100,700
800,427,1,0.662614,0.439057,14,22,5,-1,0,800
800,211,2,0.770615,0.301288,22.5,24,5.5,0,200,600
800,217,1,0.385549,0.148648,33,38,5,1,200,600
800,428,1,0.996984,0.993978,45,42,5,-1,0,800
800,119,1,0.355526,0.126399,3,60,5,-1,350,450
800,250,1,0.386866,0.149666,29,2,6,-1,150,650
800,429,1,0.69495,0.482956,53,17,6,1,0,800
800,430,1,0.405797,0.164671,41,20,6,1,0,800
800,3,1,0.407801,0.166302,50,25,6,-1,550,250
800,212,1,0.402861,0.162297,6,36,6,1,200,600
800,42,1,0.29583,0.0875157,52,41,6,1,500,300
800,213,1,0.586868,0.344415,15,43,6,1,200,600
800,146,1,0.372997,0.139127,13,49,6,-1,300,500
800,352,1,0.3799,0.144324,39,54,6,1,50,750
800,353,1,1.09412,1.1971,40,0,7,-1,50,750
800,354,2,1.26718,0.803578,33,5.5,7,0,50,750
800,4,1,0.341937,0.116921,4,12,7,1,550,250
800,214,1,0.782855,0.612861,32,18,7,1,200,600
800,304,1,0.30636,0.0938566,26,26,7,1,100,700
800,5,1,0.40163,0.161307,40,27,7,-1,550,250
800,355,1,0.190732,0.0363786,34,31,7,-1,50,750
800,360,1,0.353295,0.124818,33,37,7,-1,50,750
800,431,1,0.634417,0.402485,22,43,7,1,0,800
800,356,1,0.395924,0.156756,54,43,7,-1,50,750
800,432,1,0.272054,0.0740135,25,52,7,1,0,800
800,433,1,0.186693,0.0348543,41,60,7,-1,0,800
800,301,2,1.0464,0.567122,56.5,0,8,0,100,700
800,69,1,0.23613,0.0557573,45,5,8,-1,450,350
800,121,2,0.998146,0.865996,57.5,7.5,8,-2,350,450
800,215,1,0.696197,0.48469,27,10,8,-1,200,600
800,147,1,0.4086,0.166954,13,26,8,-1,300,500
800,251,1,0.310498,0.096409,48,37,8,1,150,650
800,43,1,1.17444,1.37932,39,39,8,1,500,300
800,173,1,0.798446,0.637516,63,41,8,1,250,550
800,149,1,0.654766,0.428718,46,59,8,-1,300,500
800,44,1,0.394728,0.15581,7,63,8,-1,500,300
800,148,1,1.06102,1.12576,0,9,9,1,300,500
800,9,1,0.371595,0.138083,44,16,9,1,550,250
800,357,1,0.161009,0.0259239,33,21,9,1,50,750
800,358,1,0.407284,0.16588,17,24,9,-1,50,750
800,216,2,0.651221,0.27551,22.5,24.5,9,0,200,600
800,359,1,0.424588,0.180275,31,27,9,-1,50,750
800,302,1,0.489628,0.239735,56,31,9,-1,100,700
800,434,1,0.829863,0.688673,33,37,9,-1,0,800
800,120,1,0.486122,0.236314,27,56,9,1,350,450
800,218,1,1.05909,1.12167,8,59,9,1,200,600
800,435,1,0.986826,0.973826,28,59,9,1,0,800
800,303,2,0.861805,0.390617,55.5,7.5,10.5,0,100,700
800,94,1,0.595302,0.354385,56,21,10,-1,400,400
800,45,1,0.655743,0.429999,61,21,10,1,500,300
800,436,1,0.529468,0.280336,25,28,10,1,0,800
800,6,1,0.287365,0.0825787,22,32,10,1,550,250
800,7,1,0.462118,0.213553,4,45,10,1,550,250
800,252,1,0.578045,0.334136,49,51,10,-1,150,650
800,8,1,0.404234,0.163405,35,55,10,-1,550,250
800,174,1,0.484695,0.234929,18,63,10,-1,250,550
800,253,1,0.501461,0.251463,42,17,11,-1,150,650
800,361,1,0.566701,0.32115,22,19,11,-1,50,750
800,437,2,1.23213,0.788727,12.5,27.5,11.5,0,0,800
800,177,1,0.247015,0.0610163,29,32,11,-1,250,550
800,305,1,0.659162,0.434495,37,33,11,1,100,700
800,10,1,0.409592,0.167765,21,35,11,1,550,250
800,306,1,0.301406,0.0908457,26,37,11,-1,100,700
800,254,2,1.00531,0.511066,12,47.5,11,0,150,650
800,70,2,1.3446,0.9156,28,52.5,11,0,450,350
800,362,1,0.283991,0.0806511,37,54,11,1,50,750
800,438,2,1.50213,1.14461,47.5,58.5,11,0,0,800
800,219,2,0.913319,0.41857,8,60.5,11,0,200,600
800,307,1,0.511537,0.26167,20,3,12,1,100,700
800,175,1,0.708815,0.502419,3,8,12,1,250,550
800,439,1,0.341965,0.11694,24,19,12,-1,0,800
800,255,1,0.328003,0.107586,56,20,12,-1,150,650
800,363,1,0.354652,0.125778,52,27,12,1,50,750
800,220,1,0.579748,0.336108,11,61,12,-1,200,600
800,11,2,0.496352,0.145619,9.5,3.5,13.5,0,550,250
800,221,1,0.706496,0.499136,43,6,13,1,200,600
800,364,1,0.361115,0.130404,56,18,13,-1,50,750
800,152,1,0.999307,0.998615,36,29,13,1,300,500
800,150,2,1.27897,0.839285,19,30.5,13,0,300,500
800,222,1,0.18262,0.03335,21,30,13,-1,200,600
800,176,1,0.506859,0.256906,54,37,13,1,250,550
800,95,1,0.517003,0.267292,18,42,13,1,400,400
800,365,1,0.689985,0.47608,5,43,13,1,50,750
800,71,1,0.327193,0.107055,52,47,13,-1,450,350
800,96,1,0.694246,0.481977,16,50,13,1,400,400
800,440,1,0.685855,0.470397,43,56,13,-1,0,800
800,366,1,0.257527,0.06632,19,58,13,1,50,750
800,97,1,0.90119,0.812144,59,59,13,1,400,400
800,367,1,0.543084,0.294941,57,61,13,1,50,750
800,256,1,0.706144,0.49864,26,3,14,-1,150,650
800,441,1,0.821267,0.674479,30,14,14,-1,0,800
800,368,1,0.474091,0.224762,28,31,14,1,50,750
800,258,1,0.178218,0.0317616,34,32,14,1,150,650
800,442,1,0.850387,0.723158,57,57,14,1,0,800
800,310,1,0.179639,0.0322702,45,11,15,-1,100,700
800,151,1,0.287151,0.0824557,40,21,15,1,300,500
800,178,1,1.01734,1.03499,10,29,15,-1,250,550
800,223,1,0.541188,0.292885,22,31,15,1,200,600
800,309,3,1.38616,0.729143,31.6667,32,15.6667,1,100,700
800,260,1,0.472796,0.223536,59,33,15,-1,150,650
800,257,1,0.792391,0.627883,48,48,15,-1,150,650
800,12,1,0.371552,0.138051,16,54,15,-1,550,250
800,369,1,0.594107,0.352963,13,55,15,-1,50,750
800,224,1,0.351894,0.123829,61,19,16,-1,200,600
800,308,1,0.264374,0.0698938,35,20,16,1,100,700
800,46,2,0.953798,0.468383,30,22.5,16.5,0,500,300
800,370,1,0.655873,0.43017,38,30,16,1,50,750
800,443,1,0.371719,0.138175,47,31,16,-1,0,800
800,371,2,0.936063,0.477483,34,32.5,16,0,50,750
800,72,1,0.171037,0.0292535,45,40,16,-1,450,350
800,444,1,0.41713,0.173998,47,40,16,-1,0,800
800,98,1,0.761251,0.579502,42,47,16,-1,400,400
800,372,1,0.695243,0.483362,35,50,16,-1,50,750
800,259,1,0.282306,0.0796966,47,55,16,-1,150,650
800,225,1,0.268923,0.0723198,41,59,16,1,200,600
800,373,1,0.519518,0.269899,45,13,17,1,50,750
800,47,1,0.297458,0.0884812,61,14,17,1,500,300
800,445,1,0.725504,0.526356,17,21,17,1,0,800
800,374,1,0.81947,0.67153,11,29,17,-1,50,750
800,375,1,0.182376,0.033261,59,32,17,-1,50,750
800,446,1,0.856274,0.733205,36,36,17,-1,0,800
800,74,1,0.717852,0.515312,40,42,17,-1,450,350
800,312,2,1.20578,0.744615,17.5,1.5,18.5,2,100,700
800,447,1,0.5797,0.336052,13,8,18,1,0,800
800,179,2,0.618083,0.228223,56.5,10,18,0,250,550
800,376,1,0.899241,0.808634,53,16,18,-1,50,750
800,377,1,0.684932,0.469132,9,17,18,1,50,750
800,448,1,0.643227,0.413741,48,17,18,-1,0,800
800,13,1,0.350284,0.122699,45,26,18,1,550,250
800,449,1,0.608212,0.369922,48,31,18,-1,0,800
800,181,1,0.818428,0.669825,38,43,18,1,250,550
800,226,1,0.480576,0.230954,57,48,18,1,200,600
800,311,1,0.839845,0.705339,62,49,18,1,100,700
800,180,1,0.588837,0.346729,9,54,18,1,250,550
800,378,1,0.210929,0.0444912,55,62,18,1,50,750
800,261,1,0.319322,0.101966,4,2,19,-1,150,650
800,227,1,0.440376,0.193931,7,22,19,-1,200,600
800,379,1,0.618213,0.382187,0,23,19,1,50,750
800,153,1,0.426557,0.181951,15,30,19,-1,300,500
800,313,1,0.3702,0.137048,54,30,19,-1,100,700
800,380,1,0.902456,0.814427,20,48,19,1,50,750
800,450,1,0.722511,0.522022,26,57,19,-1,0,800
800,228,1,0.889794,0.791734,39,0,20,-1,200,600
800,451,1,0.764067,0.583798,14,4,20,-1,0,800
800,184,2,1.32216,1.14388,4.5,10,20,0,250,550
800,381,1,0.198853,0.0395425,2,32,20,-1,50,750
800,73,1,0.891488,0.79475,4,42,20,1,450,350
800,317,1,0.982113,0.964546,41,43,20,1,100,700
800,182,1,0.492059,0.242122,3,51,20,1,250,550
800,314,1,0.519585,0.269969,23,61,20,-1,100,700
800,75,2,1.37741,1.10831,41,8,21.5,0,450,350
800,452,1,0.690844,0.477265,16,10,21,1,0,800
800,315,1,0.543862,0.295786,9,23,21,1,100,700
800,262,1,0.406003,0.164839,33,26,21,-1,150,650
800,48,1,0.669292,0.447951,20,28,21,-1,500,300
800,318,1,0.271321,0.0736152,4,30,21,1,100,700
800,453,2,1.1681,0.87512,-0.5,33,21,0,0,800
800,183,1,0.815993,0.665844,12,40,21,-1,250,550
800,154,1,0.379251,0.143831,20,61,21,-1,300,500
800,454,1,0.419382,0.175881,22,1,22,1,0,800
800,455,1,0.574697,0.330277,4,9,22,1,0,800
800,316,1,0.746238,0.556872,23,19,22,-1,100,700
800,50,1,0.555882,0.309005,20,30,22,-1,500,300
800,52,1,0.127802,0.0163334,18,37,22,1,500,300
800,456,1,0.189874,0.0360521,42,40,22,1,0,800
800,382,1,0.433447,0.187876,58,47,22,-1,50,750
800,229,1,0.41778,0.174541,1,17,23,-1,200,600
800,230,1,0.523318,0.273861,59,22,23,1,200,600
800,14,2,0.949226,0.492382,16.5,23,23,0,550,250
800,122,2,0.703501,0.29258,63,58.5,23,0,350,450
800,99,3,1.52102,1.02823,39,3.33333,24.6667,-1,400,400
800,383,1,0.574075,0.329562,40,20,24,-1,50,750
800,457,1,0.353416,0.124903,6,23,24,-1,0,800
800,76,2,2.17074,2.35661,10.5,27,24,0,450,350
800,384,1,0.641719,0.411803,6,30,24,-1,50,750
800,51,1,0.262705,0.069014,54,30,24,1,500,300
800,458,1,0.67137,0.450738,36,51,24,1,0,800
800,459,1,0.362711,0.131559,21,63,24,-1,0,800
800,100,1,0.858929,0.737759,10,7,25,1,400,400
800,460,1,0.765904,0.586608,56,15,25,-1,0,800
800,461,1,0.953945,0.910012,9,19,25,-1,0,800
800,77,1,0.453418,0.205588,49,33,25,-1,450,350
800,101,1,0.128488,0.0165091,17,39,25,1,400,400
800,53,1,0.484705,0.234939,29,42,25,1,500,300
800,17,2,1.15238,0.688313,19.5,52,25,0,550,250
800,15,1,0.608955,0.370826,35,55,25,1,550,250
800,263,1,0.465742,0.216915,44,17,26,-1,150,650
800,462,1,0.241942,0.0585361,20,23,26,-1,0,800
800,385,1,0.439967,0.193571,31,25,26,-1,50,750
800,16,1,0.658285,0.433339,29,47,26,1,550,250
800,102,1,0.36388,0.132408,19,49,26,-1,400,400
800,264,1,0.676699,0.457921,57,50,26,-1,150,650
800,386,1,0.563645,0.317695,40,7,27,1,50,750
800,265,1,0.720695,0.519401,51,7,27,-1,150,650
800,463,1,0.909101,0.826465,38,8,27,1,0,800
800,464,1,0.50375,0.253764,2,30,27,1,0,800
800,185,1,0.676072,0.457073,49,33,27,-1,250,550
800,266,1,0.317961,0.101099,41,43,27,-1,150,650
800,387,1,0.334515,0.1119,26,62,27,-1,50,750
800,465,1,0.560846,0.314548,43,29,28,-1,0,800
800,186,2,1.33072,0.922462,23.5,42,28,0,250,550
800,78,2,0.61562,0.198275,19,46.5,28.5,0,450,350
800,466,1,0.530759,0.281705,37,55,28,-1,0,800
800,388,1,0.350619,0.122934,16,7,29,-1,50,750
800,389,1,0.458352,0.210087,54,7,29,-1,50,750
800,187,1,0.577091,0.333034,49,12,29,1,250,550
800,18,2,0.806155,0.332446,16.5,23,29,0,550,250
800,390,1,0.345315,0.119242,40,36,29,1,50,750
800,391,1,0.983617,0.967503,43,42,29,-1,50,750
800,467,1,0.487267,0.237429,41,44,29,-1,0,800
800,267,1,0.153079,0.0234332,32,46,29,-1,150,650
800,103,1,0.328077,0.107635,8,49,29,-1,400,400
800,468,1,0.877941,0.77078,44,49,29,-1,0,800
800,19,1,0.416183,0.173208,60,55,29,1,550,250
800,54,2,1.53907,1.19076,15.5,63,29.5,0,500,300
800,469,1,0.435479,0.189642,34,1,30,1,0,800
800,104,2,1.05154,0.568501,25,4,30.5,0,400,400
800,155,1,1.09081,1.18986,18,44,30,1,300,500
800,123,1,0.694724,0.482642,41,60,30,-1,350,450
800,20,1,0.389192,0.151471,22,17,31,-1,550,250
800,393,2,1.59494,1.35797,24,17.5,31.5,0,50,750
800,268,1,0.213225,0.0454647,50,59,31,-1,150,650
800,105,1,0.991518,0.983109,20,62,31,1,400,400
800,392,1,0.514843,0.265063,49,12,32,1,50,750
800,394,1,0.610916,0.373218,49,21,32,-1,50,750
800,21,1,0.471102,0.221937,32,32,32,1,550,250
800,470,1,0.957939,0.917647,2,37,32,1,0,800
800,156,1,0.352638,0.124354,62,38,32,1,300,500
800,79,1,0.479696,0.230108,57,47,32,-1,450,350
800,269,1,0.552338,0.305078,41,49,32,1,150,650
800,471,1,1.14588,1.31304,43,49,32,1,0,800
800,22,1,1.38631,1.92186,6,62,32,-1,550,250
800,472,1,0.486238,0.236427,62,0,33,1,0,800
800,55,1,0.432347,0.186924,47,6,33,1,500,300
800,23,1,0.283911,0.0806052,41,11,33,-1,550,250
800,473,1,0.461352,0.212845,40,16,33,-1,0,800
800,270,1,0.598669,0.358405,27,28,33,1,150,650
800,474,1,0.989911,0.979923,11,62,33,-1,0,800
800,80,1,0.401847,0.161481,4,12,34,-1,450,350
800,124,1,0.313161,0.0980696,27,12,34,1,350,450
800,475,1,0.540735,0.292394,54,30,34,1,0,800
800,231,1,0.383419,0.14701,24,40,34,-1,200,600
800,271,1,0.295621,0.0873918,61,50,34,-1,150,650
800,272,2,1.09945,0.636761,61.5,7,35,0,150,650
800,395,1,0.46282,0.214202,10,9,35,1,50,750
800,275,1,0.212672,0.0452295,2,10,35,1,150,650
800,273,1,0.372141,0.138489,40,12,35,-1,150,650
800,396,1,0.207053,0.042871,31,22,35,-1,50,750
800,274,1,0.275985,0.0761675,13,24,35,-1,150,650
800,125,1,0.551333,0.303968,6,48,35,-1,350,450
800,106,1,0.430075,0.184965,34,55,35,1,400,400
800,126,1,0.527492,0.278248,46,62,35,-1,350,450
800,319,1,0.969844,0.940597,19,63,35,1,100,700
800,127,1,0.876661,0.768535,29,1,36,1,350,450
800,476,1,0.819661,0.671844,1,8,36,1,0,800
800,320,2,1.11255,0.683926,19.5,15,36,0,100,700
800,397,1,0.303616,0.0921828,49,30,36,-1,50,750
800,276,1,0.472066,0.222846,59,43,36,1,150,650
800,157,2,1.39803,1.04913,50.5,58,36,0,300,500
800,56,1,0.690845,0.477266,10,16,37,-1,500,300
800,57,2,1.08735,0.616412,22.5,18,37,0,500,300
800,24,2,1.2758,0.826161,26,36,37.5,0,550,250
800,188,1,0.71905,0.517033,19,40,37,1,250,550
800,477,1,0.252035,0.0635214,34,61,37,-1,0,800
800,232,2,0.552033,0.214999,18,2.5,38,0,200,600
800,158,1,0.757927,0.574453,21,2,38,1,300,500
800,159,1,0.268827,0.072268,52,2,38,-1,300,500
800,233,1,0.610864,0.373154,12,5,38,-1,200,600
800,82,1,0.828746,0.68682,53,5,38,-1,450,350
800,478,1,1.27453,1.62443,47,6,38,1,0,800
800,234,1,0.330444,0.109193,46,11,38,1,200,600
800,128,1,0.638952,0.40826,63,38,38,1,350,450
800,189,1,0.345204,0.119166,53,45,38,1,250,550
800,129,1,0.235176,0.0553076,26,49,38,-1,350,450
800,277,1,0.787992,0.620932,1,3,39,-1,150,650
800,398,1,0.597709,0.357256,21,7,39,1,50,750
800,479,1,0.410163,0.168233,28,7,39,1,0,800
800,321,1,0.270415,0.0731241,21,13,39,-1,100,700
800,235,1,0.673247,0.453261,52,15,39,1,200,600
800,130,1,0.22933,0.0525924,0,16,39,1,350,450
800,480,1,0.429313,0.18431,8,17,39,-1,0,800
800,81,1,0.745906,0.556376,23,19,39,1,450,350
800,481,1,0.295083,0.0870737,37,21,39,-1,0,800
800,58,1,0.413056,0.170615,3,26,39,-1,500,300
800,107,1,0.612438,0.37508,31,41,39,1,400,400
800,25,1,0.539708,0.291285,50,63,39,-1,550,250
800,236,1,0.331666,0.110003,57,25,40,1,200,600
800,190,1,0.802262,0.643624,22,40,40,-1,250,550
800,322,1,0.34022,0.115749,25,47,40,-1,100,700
800,482,1,1.40745,1.98091,28,59,40,-1,0,800
800,237,1,0.385028,0.148246,51,6,41,1,200,600
800,278,1,0.836456,0.699659,55,7,41,-1,150,650
800,483,1,0.472284,0.223052,33,14,41,-1,0,800
800,160,1,0.228536,0.0522286,46,16,41,1,300,500
800,484,1,0.752454,0.566187,37,20,41,-1,0,800
800,60,1,0.351098,0.12327,18,33,41,1,500,300
800,485,1,0.611065,0.3734,17,35,41,-1,0,800
800,279,1,0.287068,0.0824078,36,39,41,1,150,650
800,161,1,0.607906,0.36955,45,46,41,1,300,500
800,280,1,0.608846,0.370694,33,1,42,-1,150,650
800,323,1,0.874952,0.765542,40,2,42,1,100,700
800,399,1,0.165836,0.0275014,33,3,42,-1,50,750
800,27,1,0.545489,0.297558,42,10,42,1,550,250
800,26,1,0.748801,0.560703,2,20,42,-1,550,250
800,191,1,0.920739,0.847761,25,22,42,-1,250,550
800,486,1,0.292664,0.085652,5,23,42,1,0,800
800,281,2,0.931962,0.44783,53,23,42.5,0,150,650
800,487,1,0.780751,0.609573,6,29,42,-1,0,800
800,108,2,1.27368,0.813944,55.5,36,42,0,400,400
800,324,1,0.683634,0.467355,8,39,42,1,100,700
800,131,1,0.530333,0.281253,62,42,42,-1,350,450
800,488,1,0.0886259,0.00785456,43,47,42,-1,0,800
800,325,1,0.969292,0.939527,50,9,43,-1,100,700
800,162,1,0.500474,0.250474,46,13,43,1,300,500
800,240,2,1.11348,0.65668,44,13.5,43.5,0,200,600
800,238,1,0.673206,0.453206,11,16,43,1,200,600
800,282,1,0.489231,0.239347,32,35,43,-1,150,650
800,239,1,0.590607,0.348816,56,1,44,1,200,600
800,400,1,1.1057,1.22256,41,10,44,-1,50,750
800,59,3,1.78323,1.07503,16.6667,13.6667,44,-1,500,300
800,489,1,0.642889,0.413307,19,13,44,-1,0,800
800,326,1,0.226961,0.0515113,44,16,44,1,100,700
800,192,1,0.646807,0.41836,14,26,44,-1,250,550
800,327,1,0.381938,0.145876,19,33,44,-1,100,700
800,83,1,0.791981,0.627233,48,37,44,1,450,350
800,193,1,0.962214,0.925855,27,41,44,-1,250,550
800,132,1,0.884014,0.78148,15,53,44,1,350,450
800,490,1,0.928416,0.861957,22,53,44,1,0,800
800,328,1,0.625935,0.391795,43,55,44,-1,100,700
800,133,1,0.403629,0.162917,9,60,44,1,350,450
800,283,1,0.892204,0.796029,19,60,44,-1,150,650
800,194,2,1.35852,1.01463,3,8.5,45,0,250,550
800,241,1,0.481023,0.231383,62,8,45,1,200,600
800,401,1,0.692443,0.479477,55,21,45,-1,50,750
800,195,2,1.86716,2.18767,54,26.5,45,0,250,550
800,491,1,0.54707,0.299286,14,28,45,-1,0,800
800,28,1,0.132862,0.0176522,34,51,45,1,550,250
800,109,1,0.501364,0.251366,37,3,46,-1,400,400
800,329,1,0.0906521,0.0082178,44,6,46,1,100,700
800,492,1,0.581624,0.338287,43,12,46,1,0,800
800,493,1,0.708098,0.501403,38,15,46,-1,0,800
800,494,1,0.403757,0.16302,60,20,46,-1,0,800
800,330,1,0.522816,0.273336,0,27,46,-1,100,700
800,331,1,0.768291,0.59027,48,27,46,1,100,700
800,284,1,0.464976,0.216202,24,29,46,-1,150,650
800,332,1,0.284494,0.0809371,55,29,46,1,100,700
800,29,2,1.52301,1.22631,43.5,31,46,0,550,250
800,285,1,0.490297,0.240391,5,42,46,1,150,650
800,495,1,0.48291,0.233202,5,44,46,1,0,800
800,134,2,1.08726,0.620132,45.5,58.5,46.5,0,350,450
800,163,1,0.532243,0.283283,59,60,46,1,300,500
800,496,1,0.72478,0.525307,25,11,47,1,0,800
800,61,1,0.261298,0.0682768,59,36,47,-1,500,300
800,135,1,0.454847,0.206886,37,50,47,1,350,450
800,110,3,1.67774,0.967052,38.3333,2.33333,48.3333,-1,400,400
800,402,1,0.460957,0.212481,4,8,48,-1,50,750
800,497,1,0.540105,0.291713,25,42,48,-1,0,800
800,333,1,1.03629,1.0739,27,46,48,-1,100,700
800,85,2,0.556669,0.157003,35,48.5,48,0,450,350
800,84,2,0.969153,0.533061,60.5,52,48,0,450,350
800,403,1,0.570317,0.325261,58,59,48,1,50,750
800,196,1,0.712818,0.508109,7,4,49,1,250,550
800,498,1,0.231686,0.0536784,21,4,49,1,0,800
800,287,1,0.463463,0.214798,55,30,49,1,150,650
800,407,1,0.291487,0.0849648,18,41,49,1,50,750
800,499,1,0.287467,0.0826375,0,28,50,1,0,800
800,136,1,0.772994,0.59752,45,28,50,-1,350,450
800,111,1,0.459846,0.211459,29,31,50,-1,400,400
800,112,1,1.03249,1.06604,49,34,50,1,400,400
800,404,1,0.381638,0.145647,2,43,50,1,50,750
800,405,1,0.74399,0.553522,32,47,50,1,50,750
800,242,1,0.339722,0.115411,33,51,50,1,200,600
800,406,1,0.552855,0.305649,52,53,50,1,50,750
800,286,1,0.569033,0.323799,49,61,50,1,150,650
800,164,1,0.576061,0.331846,6,11,51,-1,300,500
800,334,1,0.173481,0.0300956,58,20,51,1,100,700
800,62,1,0.68335,0.466968,2,24,51,-1,500,300
800,197,2,1.54078,1.188,48,30.5,51,0,250,550
800,137,1,0.0806322,0.00650156,44,32,51,-1,350,450
800,198,1,0.643927,0.414642,43,34,51,-1,250,550
800,243,1,0.862377,0.743695,24,38,51,-1,200,600
800,199,2,1.1912,0.786804,21,41.5,51,0,250,550
800,114,2,1.05759,0.708007,45.5,42.5,51.5,0,400,400
800,63,1,0.134802,0.0181714,32,61,51,-1,500,300
800,335,1,0.46472,0.215964,59,16,52,1,100,700
800,113,1,0.456662,0.20854,56,27,52,-1,400,400
800,336,1,0.409359,0.167575,55,29,52,1,100,700
800,30,2,1.2615,0.843484,60,30.5,52.5,0,550,250
800,86,1,0.651001,0.423802,31,34,52,-1,450,350
800,500,1,0.577362,0.333347,18,43,52,1,0,800
800,138,1,0.689598,0.475545,1,60,52,-1,350,450
800,408,1,0.495623,0.245642,53,61,52,-1,50,750
800,64,1,0.530817,0.281766,35,63,52,-1,500,300
800,288,1,0.307323,0.0944477,20,4,53,1,150,650
800,200,1,0.712703,0.507945,27,20,53,-1,250,550
800,501,1,0.373174,0.139259,11,29,53,1,0,800
800,201,1,0.457405,0.209219,62,30,53,1,250,550
800,409,1,0.769966,0.592848,61,36,53,1,50,750
800,289,1,0.553035,0.305848,8,38,53,-1,150,650
800,410,1,0.366609,0.134402,42,40,53,-1,50,750
800,139,1,0.670506,0.449578,26,43,53,1,350,450
800,31,1,0.344493,0.118675,30,49,53,-1,550,250
800,502,1,0.524753,0.275366,37,56,53,1,0,800
800,290,1,0.427891,0.183091,33,2,54,-1,150,650
800,202,1,0.568569,0.323271,30,6,54,1,250,550
800,337,1,0.665173,0.442455,32,31,54,-1,100,700
800,503,1,0.243724,0.0594015,19,49,54,-1,0,800
800,291,1,0.702148,0.493011,44,60,54,1,150,650
800,65,4,1.80756,1.00657,39.75,2.75,55.25,-2,500,300
800,115,1,0.514769,0.264987,41,9,55,-1,400,400
800,504,1,0.321129,0.103124,57,10,55,-1,0,800
800,87,1,0.705223,0.497339,43,16,55,-1,450,350
800,292,1,0.379026,0.143661,12,19,55,-1,150,650
800,338,1,0.821027,0.674086,19,29,55,1,100,700
800,339,1,0.180907,0.0327273,27,31,55,-1,100,700
800,244,1,0.350025,0.122517,29,40,55,-1,200,600
800,116,1,0.220057,0.0484249,5,43,55,1,400,400
800,32,1,0.336597,0.113298,45,52,55,1,550,250
800,340,1,0.424668,0.180343,54,1,56,-1,100,700
800,411,1,1.02151,1.04349,23,10,56,1,50,750
800,341,1,0.169912,0.0288699,12,45,56,1,100,700
800,165,1,0.559243,0.312753,41,54,56,-1,300,500
800,33,3,1.42932,0.782267,60,59,56.3333,-1,550,250
800,167,1,0.669358,0.448041,19,60,56,1,300,500
800,203,1,0.916835,0.840586,54,17,57,1,250,550
800,505,1,0.568139,0.322782,11,21,57,1,0,800
800,166,1,0.177623,0.0315499,32,27,57,-1,300,500
800,412,1,0.310534,0.0964314,30,30,57,-1,50,750
800,506,1,0.575149,0.330796,1,40,57,1,0,800
800,413,3,0.909334,0.352744,57.3333,42,57.3333,-1,50,750
800,507,1,0.887826,0.788235,47,56,57,-1,0,800
800,245,1,0.414007,0.171402,20,58,57,-1,200,600
800,140,1,0.883422,0.780434,17,8,58,-1,350,450
800,342,1,0.637525,0.406438,63,8,58,-1,100,700
800,168,1,0.628362,0.394839,1,34,58,-1,300,500
800,414,1,0.766251,0.58714,6,41,58,1,50,750
800,117,1,0.391386,0.153183,27,48,58,-1,400,400
800,508,1,0.464263,0.215541,61,50,58,-1,0,800
800,509,1,0.965365,0.93193,41,53,58,1,0,800
800,169,1,0.943378,0.889962,54,62,58,-1,300,500
800,35,3,1.63669,0.897493,43,17,59,1,550,250
800,34,1,0.662782,0.439279,50,16,59,-1,550,250
800,343,3,1.56165,0.924128,5,22,59,-1,100,700
800,88,1,0.729432,0.532071,27,25,59,1,450,350
800,66,1,0.515233,0.265465,57,27,59,1,500,300
800,89,1,0.352587,0.124318,5,28,59,1,450,350
800,415,1,0.588961,0.346875,48,45,59,-1,50,750
800,204,1,0.604293,0.36517,40,46,59,1,250,550
800,38,1,0.439061,0.192774,11,58,59,1,550,250
800,246,2,1.08263,0.652936,4.5,63.5,59.5,0,200,600
800,247,1,0.888683,0.789758,24,63,59,1,200,600
800,36,1,0.338541,0.11461,10,2,60,1,550,250
800,170,4,2.38423,1.67323,55.25,2.25,61,-2,300,500
800,293,1,0.575109,0.33075,24,9,60,1,150,650
800,294,1,0.471274,0.222099,15,21,60,-1,150,650
800,142,1,0.86093,0.741201,46,28,60,-1,350,450
800,510,1,0.554934,0.307952,12,61,60,1,0,800
800,511,1,1.57865,2.49213,29,1,61,-1,0,800
800,344,1,0.213213,0.04546,26,9,61,-1,100,700
800,143,1,0.42214,0.178202,25,16,61,-1,350,450
800,416,1,0.576372,0.332205,35,16,61,1,50,750
800,37,1,0.425598,0.181134,51,17,61,-1,550,250
800,90,1,0.582147,0.338896,51,22,61,1,450,350
800,118,2,0.790006,0.356975,14.5,54.5,61.5,0,400,400
800,512,2,1.27971,0.838389,11.5,55,61,0,0,800
800,345,1,0.703606,0.495061,49,21,62,-1,100,700
800,513,1,0.549852,0.302337,60,22,62,1,0,800
800,346,1,0.361945,0.131004,23,26,62,-1,100,700
800,514,1,0.403056,0.162454,4,49,62,1,0,800
800,347,1,0.472518,0.223273,45,53,62,-1,100,700
800,515,1,0.390928,0.152825,54,53,62,1,0,800
800,39,1,0.572225,0.327442,19,60,62,-1,550,250
800,417,1,0.266812,0.0711886,26,11,63,-1,50,750
800,516,1,0.625992,0.391866,7,26,63,1,0,800
800,295,1,0.185331,0.0343474,35,29,63,-1,150,650
800,517,1,0.768901,0.591209,44,33,63,1,0,800
800,348,1,0.654485,0.42835,22,42,63,1,100,700
800,349,1,0.376754,0.141944,35,54,63,1,100,700
800,40,1,0.624065,0.389457,24,58,63,-1,550,250
800,518,1,0.518114,0.268442,15,59,63,-1,0,800
800,519,1,0.730381,0.533457,35,60,63,1,0,800
850,296,1,0.925976,0.857432,60,1,0,1,150,700
850,520,2,0.770385,0.45301,45,27.5,-0.5,-2,0,850
850,171,2,0.728164,0.277774,11,38.5,0,0,300,550
850,521,1,0.62161,0.386399,63,40,0,1,0,850
850,172,1,0.904484,0.818091,42,43,0,-1,300,550
850,205,1,0.898665,0.807599,41,46,0,-1,250,600
850,2,3,1.53893,0.877486,55.3333,1,1.66667,1,600,250
850,206,1,0.533521,0.284644,53,15,1,1,250,600
850,350,2,1.13844,0.654504,34,20,1.5,0,100,750
850,248,1,0.740876,0.548898,0,23,1,1,200,650
850,418,1,0.261135,0.0681915,13,58,1,1,50,800
850,67,1,0.444745,0.197798,23,58,1,1,500,350
850,41,1,0.655914,0.430223,29,0,2,-1,550,300
850,419,1,0.653025,0.426441,2,3,2,-1,50,800
850,420,1,1.23197,1.51776,15,3,2,1,50,800
850,91,1,0.531656,0.282658,36,19,2,1,450,400
850,297,1,0.442258,0.195592,20,36,2,1,150,700
850,522,1,0.794251,0.630835,37,38,2,1,0,850
850,351,2,1.05722,0.575112,45.5,37.5,2.5,0,100,750
850,145,1,0.773927,0.598963,15,41,2,-1,350,500
850,421,1,0.122012,0.014887,51,47,2,1,50,800
850,298,2,0.883176,0.505011,21,50.5,2,0,150,700
850,207,1,0.539604,0.291172,30,59,2,-1,250,600
850,523,1,0.514466,0.264675,0,63,2,1,0,850
850,144,2,0.582639,0.171442,12,0,3.5,0,350,500
850,0,1,0.326355,0.106507,45,12,3,-1,600,250
850,92,1,0.638846,0.408124,19,16,3,1,450,400
850,524,1,0.711205,0.505813,47,18,3,-1,0,850
850,525,1,0.354687,0.125803,29,24,3,-1,0,850
850,249,1,0.811806,0.659029,47,27,3,-1,200,650
850,1,2,0.620682,0.198971,19.5,41.5,3.5,0,600,250
850,208,1,1.25996,1.58749,8,51,3,-1,250,600
850,422,1,0.594515,0.353448,41,51,3,1,50,800
850,209,2,1.70845,1.61022,31.5,57,3,0,250,600
850,299,2,0.976259,0.49283,50.5,62,3,0,150,700
850,210,2,1.07294,0.575601,51.5,2,4,0,250,600
850,423,1,0.20186,0.0407473,47,7,4,-1,50,800
850,424,1,0.233168,0.0543672,34,20,4,-1,50,800
850,425,1,0.396897,0.157527,56,22,4,-1,50,800
850,427,1,0.927885,0.86097,16,23,4,-1,50,800
850,3,1,0.681924,0.465021,48,25,4,-1,600,250
850,68,1,0.217831,0.0474503,34,35,4,1,500,350
850,93,2,1.21164,0.771446,14.5,38.5,4.5,0,450,400
850,213,1,1.06377,1.13161,15,42,4,-1,250,600
850,426,1,0.835639,0.698293,50,46,4,-1,50,800
850,121,1,0.812858,0.660739,56,6,5,-1,400,450
850,300,1,0.68461,0.46869,41,13,5,1,150,700
850,526,1,0.518557,0.268901,14,22,5,-1,0,850
850,211,3,1.2467,0.529907,22.3333,24,5.33333,1,250,600
850,217,2,1.34448,0.904616,32.5,37.5,5,0,250,600
850,428,1,0.709993,0.50409,45,42,5,-1,50,800
850,527,1,0.283108,0.0801501,7,44,5,-1,0,850
850,119,1,1.00757,1.01519,3,60,5,-1,400,450
850,250,1,0.363184,0.131903,29,2,6,-1,200,650
850,528,1,0.427635,0.182872,59,3,6,1,0,850
850,215,1,0.41329,0.170809,26,10,6,-1,250,600
850,529,1,0.59444,0.353358,36,13,6,-1,0,850
850,429,1,0.434031,0.188382,53,17,6,1,50,800
850,430,1,0.374183,0.140013,41,20,6,1,50,800
850,530,1,0.608312,0.370043,50,25,6,-1,0,850
850,212,1,0.626475,0.392471,6,36,6,1,250,600
850,531,1,0.912509,0.832673,8,38,6,1,0,850
850,42,1,0.653075,0.426506,52,41,6,1,550,300
850,532,1,1.02837,1.05755,15,43,6,1,0,850
850,146,1,0.577832,0.33389,13,49,6,-1,350,500
850,352,1,0.284635,0.0810168,39,54,6,1,100,750
850,353,1,0.568008,0.322633,40,0,7,-1,100,750
850,354,2,1.03957,0.686769,33,5.5,7,0,100,750
850,4,1,0.976698,0.95394,4,12,7,1,600,250
850,214,1,0.594255,0.353139,32,18,7,1,250,600
850,533,1,0.521679,0.272149,53,23,7,-1,0,850
850,147,1,0.830999,0.690559,11,24,7,-1,350,500
850,304,1,0.53754,0.288949,26,26,7,1,150,700
850,5,1,0.824534,0.679857,40,27,7,-1,600,250
850,534,1,1.06451,1.13319,29,31,7,-1,0,850
850,355,1,0.38331,0.146926,34,31,7,-1,100,750
850,360,1,0.574504,0.330055,33,37,7,-1,100,750
850,431,1,0.589236,0.347199,22,43,7,1,50,800
850,356,1,0.734284,0.539173,54,43,7,-1,100,750
850,432,1,0.809643,0.655522,25,52,7,1,50,800
850,433,1,0.282136,0.0796007,41,60,7,-1,50,800
850,301,2,1.3064,0.855371,56.5,0,8,0,150,700
850,535,1,0.598484,0.358183,1,4,8,-1,0,850
850,69,1,0.324009,0.104982,45,5,8,-1,500,350
850,303,2,1.17314,0.708518,57.5,7.5,8,-2,150,700
850,536,1,0.319216,0.101899,27,10,8,-1,0,850
850,537,1,0.784312,0.615145,21,16,8,-1,0,850
850,216,1,0.74002,0.54763,24,22,8,1,250,600
850,437,1,0.713125,0.508547,13,26,8,-1,50,800
850,251,1,0.51676,0.267041,48,37,8,1,200,650
850,43,1,0.538019,0.289464,39,39,8,1,550,300
850,173,1,0.874774,0.765229,63,41,8,1,300,550
850,538,1,0.650641,0.423334,40,56,8,-1,0,850
850,149,1,0.7734,0.598147,46,59,8,-1,350,500
850,539,1,0.772643,0.596977,52,61,8,-1,0,850
850,44,1,1.00198,1.00395,7,63,8,-1,550,300
850,148,1,0.660485,0.436241,0,9,9,1,350,500
850,9,1,0.778967,0.606789,44,16,9,1,600,250
850,357,1,0.205386,0.0421833,33,21,9,1,100,750
850,358,1,0.76358,0.583054,17,24,9,-1,100,750
850,540,2,2.05774,2.36518,22.5,24.5,9,0,0,850
850,359,1,0.461426,0.212914,31,27,9,-1,100,750
850,302,1,0.74785,0.55928,56,31,9,-1,150,700
850,434,1,0.764259,0.584092,33,37,9,-1,50,800
850,541,1,1.07687,1.15965,9,53,9,1,0,850
850,542,1,0.625765,0.391582,15,56,9,-1,0,850
850,120,1,0.635873,0.404335,27,56,9,1,400,450
850,218,1,0.450794,0.203215,8,59,9,1,250,600
850,435,1,0.406146,0.164955,28,59,9,1,50,800
850,543,2,1.7165,1.47538,55.5,7.5,10.5,0,0,850
850,94,1,0.674918,0.455515,56,21,10,-1,450,400
850,45,1,1.26028,1.58829,61,21,10,1,550,300
850,436,1,0.64641,0.417846,25,28,10,1,50,800
850,6,1,0.533277,0.284385,22,32,10,1,600,250
850,544,1,0.157194,0.0247098,24,41,10,1,0,850
850,7,1,0.401204,0.160964,4,45,10,1,600,250
850,545,2,0.813425,0.409031,10.5,51.5,10,-2,0,850
850,252,1,0.772737,0.597123,49,51,10,-1,200,650
850,546,1,0.194959,0.0380091,49,54,10,-1,0,850
850,8,1,0.480474,0.230855,35,55,10,-1,600,250
850,174,1,1.03959,1.08075,18,63,10,-1,300,550
850,367,1,0.807686,0.652357,58,63,10,1,100,750
850,547,1,0.594762,0.353742,18,8,11,1,0,850
850,253,1,0.565398,0.319675,42,17,11,-1,200,650
850,361,1,0.716224,0.512976,22,19,11,-1,100,750
850,548,1,0.624926,0.390532,36,24,11,-1,0,850
850,549,3,0.654642,0.148275,12.6667,27.6667,11.6667,-1,0,850
850,177,1,0.729564,0.532264,29,32,11,-1,300,550
850,305,1,0.403808,0.163061,37,33,11,1,150,700
850,10,1,0.327193,0.107055,21,35,11,1,600,250
850,306,1,0.510766,0.260882,26,37,11,-1,150,700
850,254,2,0.944429,0.46367,12,47.5,11,0,200,650
850,70,2,1.32628,0.89475,28,52.5,11,0,500,350
850,550,1,1.20042,1.44101,25,53,11,1,0,850
850,362,1,0.806731,0.650815,37,54,11,1,100,750
850,551,1,0.342028,0.116983,15,56,11,1,0,850
850,438,2,1.0251,0.647237,47.5,58.5,11,0,50,800
850,219,2,0.959419,0.558352,8,60.5,11,0,250,600
850,307,1,1.22021,1.4889,20,3,12,1,150,700
850,175,1,0.632205,0.399683,3,8,12,1,300,550
850,439,1,0.591028,0.349314,24,19,12,-1,50,800
850,255,1,0.354235,0.125482,56,20,12,-1,200,650
850,363,1,0.333685,0.111346,52,27,12,1,100,750
850,222,2,1.23603,0.772949,21.5,29.5,12.5,0,250,600
850,71,1,0.576051,0.331835,52,44,12,-1,500,350
850,552,1,0.618713,0.382806,5,53,12,-1,0,850
850,220,1,0.413362,0.170868,11,61,12,-1,250,600
850,11,2,1.35173,1.02602,9.5,3.5,13.5,0,600,250
850,221,1,0.871994,0.760373,43,6,13,1,250,600
850,364,2,1.32945,0.891928,56.5,18,13,0,100,750
850,152,1,0.264876,0.0701595,36,29,13,1,350,500
850,150,2,1.71079,1.46502,19,30.5,13,0,350,500
850,176,1,0.477607,0.228108,54,37,13,1,300,550
850,95,1,0.482558,0.232862,18,42,13,1,450,400
850,365,1,0.305487,0.0933222,5,43,13,1,100,750
850,553,1,0.408521,0.166889,52,47,13,-1,0,850
850,96,1,0.510613,0.260726,16,50,13,1,450,400
850,440,1,0.775075,0.600741,43,56,13,-1,50,800
850,366,2,1.49936,1.12587,19,57.5,13,0,100,750
850,97,1,0.539508,0.291069,59,59,13,1,450,400
850,554,1,0.885351,0.783847,15,60,13,1,0,850
850,555,1,0.78393,0.614547,57,61,13,1,0,850
850,256,1,0.54862,0.300984,26,3,14,-1,200,650
850,441,1,0.498588,0.24859,30,14,14,-1,50,800
850,556,1,0.42878,0.183852,52,27,14,1,0,850
850,443,2,1.08139,0.590615,49.5,28.5,14.5,0,50,800
850,368,1,0.5023,0.252305,28,31,14,1,100,750
850,258,1,0.68804,0.473399,34,32,14,1,200,650
850,74,1,0.491006,0.241087,42,42,14,1,500,350
850,442,1,0.64445,0.415316,57,57,14,1,50,800
850,310,1,0.660642,0.436447,45,11,15,-1,150,700
850,151,1,0.669617,0.448386,40,21,15,1,350,500
850,178,1,0.522554,0.273063,10,29,15,-1,300,550
850,223,1,0.492766,0.242818,22,31,15,1,250,600
850,309,3,1.40137,0.84268,31.6667,32,15.6667,1,150,700
850,375,3,1.41122,0.768483,59.3333,32.3333,16,-1,100,750
850,181,1,0.434649,0.18892,36,43,15,-1,300,550
850,257,1,0.331013,0.109569,48,48,15,-1,200,650
850,557,1,0.209067,0.043709,22,52,15,1,0,850
850,12,1,0.800058,0.640093,16,54,15,-1,600,250
850,369,1,0.243163,0.0591283,13,55,15,-1,100,750
850,558,1,0.513177,0.263351,60,59,15,-1,0,850
850,559,1,1.0044,1.00883,2,7,16,1,0,850
850,224,1,0.550792,0.303372,61,19,16,-1,250,600
850,308,1,0.673006,0.452937,35,20,16,1,150,700
850,46,2,0.787185,0.334337,30,22.5,16.5,0,550,300
850,370,1,0.60454,0.365469,38,30,16,1,100,750
850,449,1,0.511767,0.261905,47,31,16,-1,50,800
850,371,2,1.17086,0.75199,34,32.5,16,0,100,750
850,560,1,0.786372,0.618381,42,33,16,-1,0,850
850,72,1,0.582798,0.339654,45,40,16,-1,500,350
850,444,1,0.655578,0.429782,47,40,16,-1,50,800
850,98,1,0.444291,0.197394,42,47,16,-1,450,400
850,372,1,0.619003,0.383165,35,50,16,-1,100,750
850,259,1,0.520147,0.270553,47,55,16,-1,200,650
850,225,1,0.571827,0.326986,41,59,16,1,250,600
850,561,1,0.760947,0.57904,1,0,17,-1,0,850
850,562,1,0.48633,0.236517,47,8,17,-1,0,850
850,373,1,0.573235,0.328598,45,13,17,1,100,750
850,47,1,0.993594,0.987228,61,14,17,1,550,300
850,563,1,1.08559,1.17851,59,16,17,1,0,850
850,445,2,1.19291,0.711604,17,20.5,17,0,50,800
850,374,1,0.531534,0.282528,11,29,17,-1,100,750
850,446,1,0.459194,0.210859,36,36,17,-1,50,800
850,317,1,0.92847,0.862057,40,42,17,-1,150,700
850,564,1,0.570741,0.325746,58,57,17,-1,0,850
850,312,3,2.27204,2.03777,17.3333,1.33333,19,1,150,700
850,447,1,0.449437,0.201993,13,8,18,1,50,800
850,179,2,1.98595,1.97288,56.5,10,18,0,300,550
850,376,1,0.934408,0.873118,53,16,18,-1,100,750
850,377,1,1.11353,1.23996,9,17,18,1,100,750
850,448,1,0.486815,0.236989,48,17,18,-1,50,800
850,13,2,0.71511,0.269847,44.5,26,18,0,600,250
850,565,1,0.544024,0.295962,48,31,18,-1,0,850
850,566,1,0.257298,0.0662021,38,43,18,1,0,850
850,226,1,0.358373,0.128431,57,48,18,1,250,600
850,311,1,0.282739,0.0799414,62,49,18,1,150,700
850,180,1,0.560157,0.313776,9,54,18,1,300,550
850,378,1,0.166935,0.0278674,55,62,18,1,100,750
850,567,1,0.347881,0.121021,27,0,19,-1,0,850
850,261,1,0.832078,0.692354,4,2,19,-1,200,650
850,227,1,0.558068,0.311439,7,22,19,-1,250,600
850,379,1,0.667385,0.445403,0,23,19,1,100,750
850,153,1,0.696033,0.484462,15,30,19,-1,350,500
850,313,1,0.516867,0.267151,54,30,19,-1,150,700
850,568,1,0.22379,0.0500822,30,40,19,1,0,850
850,380,1,0.434943,0.189176,20,48,19,1,100,750
850,450,1,0.474551,0.225198,26,57,19,-1,50,800
850,228,1,0.541297,0.293003,39,0,20,-1,250,600
850,451,1,0.57729,0.333264,14,4,20,-1,50,800
850,184,2,0.907463,0.461283,4.5,10,20,0,300,550
850,381,1,0.896471,0.80366,2,30,20,-1,100,750
850,453,1,0.586741,0.344265,2,32,20,-1,50,800
850,73,1,0.435202,0.189401,4,42,20,1,500,350
850,456,1,0.617153,0.380877,41,43,20,1,50,800
850,182,1,0.884997,0.783219,3,51,20,1,300,550
850,314,1,0.641692,0.411769,23,61,20,-1,150,700
850,75,2,1.02204,0.565734,41,8,21.5,0,500,350
850,452,1,0.549851,0.302336,16,10,21,1,50,800
850,569,1,0.309817,0.0959865,63,21,21,1,0,850
850,315,1,0.666592,0.444345,9,23,21,1,150,700
850,262,1,0.675995,0.45697,33,26,21,-1,200,650
850,48,1,0.593092,0.351758,20,28,21,-1,550,300
850,318,1,0.488544,0.238676,4,30,21,1,150,700
850,570,2,1.61424,1.30519,-0.5,33,21,0,0,850
850,571,1,0.722395,0.521855,49,38,21,1,0,850
850,183,1,1.1466,1.31468,12,40,21,-1,300,550
850,572,1,0.66923,0.447869,12,48,21,-1,0,850
850,154,1,0.674183,0.454522,20,61,21,-1,350,500
850,573,1,1.39042,1.93327,17,62,21,-1,0,850
850,454,1,0.831437,0.691288,22,1,22,1,50,800
850,574,1,0.751512,0.56477,2,2,22,-1,0,850
850,455,1,1.03135,1.06369,4,9,22,1,50,800
850,316,1,0.934209,0.872746,23,19,22,-1,150,700
850,50,1,0.732901,0.537143,20,30,22,-1,550,300
850,52,1,0.901665,0.813,18,37,22,1,550,300
850,575,1,0.568889,0.323634,42,40,22,1,0,850
850,576,1,0.38702,0.149785,38,44,22,-1,0,850
850,577,1,0.563137,0.317123,44,45,22,1,0,850
850,382,1,0.836291,0.699383,58,47,22,-1,100,750
850,229,1,0.992231,0.984523,1,17,23,-1,250,600
850,230,1,0.8342,0.69589,59,22,23,1,250,600
850,14,2,1.31115,0.866713,16.5,23,23,0,600,250
850,122,2,0.807494,0.346255,63,58.5,23,0,400,450
850,459,2,0.606402,0.187097,21,62.5,23.5,0,50,800
850,99,4,2.206,1.29655,39.25,3.75,25,-2,450,400
850,265,1,0.369715,0.136689,50,5,24,-1,200,650
850,578,1,0.542924,0.294766,31,12,24,-1,0,850
850,383,1,0.83109,0.690711,40,20,24,-1,100,750
850,457,2,0.812708,0.439569,6.5,23,24,0,50,800
850,76,2,1.49437,1.12467,10.5,27,24,0,500,350
850,384,1,0.240336,0.0577615,6,30,24,-1,100,750
850,51,1,0.57288,0.328192,54,30,24,1,550,300
850,579,1,0.188752,0.0356274,52,45,24,-1,0,850
850,580,1,0.61207,0.37463,49,48,24,-1,0,850
850,458,1,0.651292,0.424181,36,51,24,1,50,800
850,581,1,0.554445,0.307409,14,63,24,-1,0,850
850,582,1,0.866276,0.750435,22,1,25,1,0,850
850,100,1,0.456572,0.208458,10,7,25,1,450,400
850,583,1,0.579471,0.335786,26,10,25,1,0,850
850,460,1,0.261224,0.0682382,56,15,25,-1,50,800
850,461,1,0.498056,0.248059,9,19,25,-1,50,800
850,77,1,0.292124,0.0853366,49,33,25,-1,500,350
850,101,2,0.467264,0.134171,16.5,39.5,25,0,450,400
850,53,1,0.619631,0.383943,29,42,25,1,550,300
850,17,2,0.681619,0.292583,19.5,52,25,0,600,250
850,15,1,0.314254,0.0987558,35,55,25,1,600,250
850,584,1,0.950835,0.904087,12,59,25,1,0,850
850,263,1,0.875609,0.766691,44,17,26,-1,200,650
850,585,1,0.965947,0.933054,57,20,26,1,0,850
850,462,1,0.808286,0.653327,20,23,26,-1,50,800
850,385,1,0.195021,0.0380332,31,25,26,-1,100,750
850,16,1,0.930037,0.864968,29,47,26,1,600,250
850,586,1,1.7437,3.04048,34,48,26,1,0,850
850,102,1,0.249298,0.0621494,19,49,26,-1,450,400
850,264,1,0.817886,0.668937,57,50,26,-1,200,650
850,587,1,0.659837,0.435385,37,60,26,-1,0,850
850,386,1,1.23767,1.53182,40,7,27,1,100,750
850,389,1,0.76413,0.583895,51,7,27,-1,100,750
850,463,1,0.617007,0.380697,38,8,27,1,50,800
850,464,1,0.403096,0.162486,2,30,27,1,50,800
850,185,1,0.312762,0.0978202,49,33,27,-1,300,550
850,588,1,0.487254,0.237416,9,39,27,-1,0,850
850,266,1,0.40507,0.164082,41,43,27,-1,200,650
850,186,1,1.05344,1.10974,25,45,27,1,300,550
850,468,3,2.28372,1.7552,43.6667,48.6667,28,1,50,800
850,589,1,0.648522,0.420581,22,52,27,1,0,850
850,590,1,1.39426,1.94397,12,57,27,-1,0,850
850,387,2,0.784575,0.464693,26,62.5,27,-2,100,750
850,465,1,0.687665,0.472884,43,29,28,-1,50,800
850,591,1,0.152655,0.0233035,40,30,28,1,0,850
850,592,3,2.37546,2.07538,23.6667,42,28.3333,1,0,850
850,78,3,2.62906,3.01828,19,46.3333,28.3333,1,500,350
850,593,1,0.997782,0.99557,10,54,28,1,0,850
850,466,1,0.794652,0.631472,37,55,28,-1,50,800
850,594,1,0.923843,0.853487,19,58,28,-1,0,850
850,123,1,0.499601,0.249602,42,61,28,1,400,450
850,595,1,0.522271,0.272766,10,63,28,1,0,850
850,469,1,0.170692,0.0291357,31,2,29,1,50,800
850,388,1,0.302918,0.0917595,16,7,29,-1,100,750
850,596,1,0.269193,0.072465,54,7,29,-1,0,850
850,597,1,1.31235,1.72227,19,9,29,-1,0,850
850,598,1,0.749524,0.561786,27,10,29,1,0,850
850,187,1,0.776239,0.602547,51,10,29,-1,300,550
850,392,1,0.579021,0.335266,49,12,29,1,100,750
850,599,1,0.64802,0.41993,33,16,29,1,0,850
850,18,3,3.19234,3.72932,16.3333,22.6667,29.3333,-1,600,250
850,390,1,0.580823,0.337355,40,36,29,1,100,750
850,391,1,0.408902,0.167201,43,42,29,-1,100,750
850,467,2,0.999158,0.568158,41.5,44.5,29,-2,50,800
850,103,1,0.632821,0.400462,6,46,29,-1,450,400
850,267,1,0.307586,0.0946089,32,46,29,-1,200,650
850,79,1,0.791401,0.626315,57,46,29,1,500,350
850,269,1,1.08519,1.17763,40,48,29,-1,200,650
850,600,1,1.58267,2.50485,54,48,29,-1,0,850
850,601,1,0.412289,0.169983,8,49,29,-1,0,850
850,19,1,0.767443,0.588968,60,55,29,1,600,250
850,602,1,0.296652,0.0880023,11,57,29,-1,0,850
850,603,1,0.359116,0.128964,31,58,29,-1,0,850
850,54,2,1.09268,0.671254,15.5,63,29.5,0,550,300
850,604,1,0.485731,0.235934,34,1,30,1,0,850
850,104,3,2.81943,3.46091,25.3333,4,30.6667,1,450,400
850,155,1,0.507603,0.257661,18,44,30,1,350,500
850,605,1,0.460014,0.211613,12,46,30,1,0,850
850,606,1,1.00989,1.01988,59,58,30,1,0,850
850,607,1,0.237927,0.0566094,41,60,30,-1,0,850
850,20,1,0.317424,0.100758,22,17,31,-1,600,250
850,393,2,0.945844,0.474108,24,17.5,31.5,0,100,750
850,608,1,0.719399,0.517534,36,22,31,-1,0,850
850,609,1,0.66336,0.440047,20,40,31,1,0,850
850,610,1,0.496006,0.246022,39,49,31,-1,0,850
850,268,1,0.994786,0.989599,50,59,31,-1,200,650
850,105,1,0.310233,0.0962444,20,62,31,1,450,400
850,611,1,1.05041,1.10335,49,12,32,1,0,850
850,394,1,0.841586,0.708266,49,21,32,-1,100,750
850,21,1,0.243802,0.0594394,32,32,32,1,600,250
850,470,1,0.968069,0.937158,2,37,32,1,50,800
850,156,1,0.794361,0.631009,62,38,32,1,350,500
850,612,1,0.74898,0.560971,35,41,32,1,0,850
850,613,1,0.682529,0.465846,61,42,32,1,0,850
850,614,1,0.599805,0.359766,57,47,32,-1,0,850
850,615,1,0.693563,0.481029,22,49,32,-1,0,850
850,471,1,0.207783,0.0431736,41,49,32,1,50,800
850,616,1,0.676733,0.457968,43,49,32,1,0,850
850,22,1,0.62198,0.386859,6,62,32,-1,600,250
850,472,1,0.540826,0.292493,62,0,33,1,50,800
850,55,1,0.417001,0.17389,47,6,33,1,550,300
850,23,1,0.338594,0.114646,41,11,33,-1,600,250
850,473,1,0.474517,0.225166,40,16,33,-1,50,800
850,270,1,0.540322,0.291948,27,28,33,1,200,650
850,617,1,1.17679,1.38484,32,36,33,1,0,850
850,474,1,0.563983,0.318077,11,62,33,-1,50,800
850,618,1,0.640466,0.410196,27,4,34,1,0,850
850,619,1,0.992187,0.984435,22,9,34,1,0,850
850,80,1,0.303786,0.0922857,4,12,34,-1,500,350
850,124,2,1.44275,1.30064,27,11.5,34.5,0,400,450
850,620,1,0.583945,0.340992,4,16,34,-1,0,850
850,621,1,0.744124,0.55372,34,26,34,-1,0,850
850,475,1,0.204903,0.0419854,54,30,34,1,50,800
850,231,1,0.854038,0.72938,24,40,34,-1,250,600
850,271,1,0.595886,0.35508,61,50,34,-1,200,650
850,622,2,1.22988,0.789663,44.5,54,34,0,0,850
850,272,2,0.880512,0.388606,61.5,7,35,0,200,650
850,395,1,0.947733,0.898198,10,9,35,1,100,750
850,275,1,0.28708,0.0824151,2,10,35,1,200,650
850,273,1,0.593037,0.351693,40,12,35,-1,200,650
850,396,1,0.395949,0.156776,31,22,35,-1,100,750
850,274,1,0.438203,0.192022,13,24,35,-1,200,650
850,125,1,0.426989,0.182319,6,48,35,-1,400,450
850,106,1,0.686056,0.470673,34,55,35,1,450,400
850,126,1,0.284722,0.0810669,45,59,35,-1,400,450
850,623,1,0.617435,0.381227,46,62,35,-1,0,850
850,319,1,0.386864,0.149663,19,63,35,1,150,700
850,127,1,0.726456,0.527738,29,1,36,1,400,450
850,476,1,1.56678,2.4548,1,5,36,1,50,800
850,624,1,0.653796,0.427449,1,8,36,1,0,850
850,320,2,0.773585,0.30154,19.5,15,36,0,150,700
850,625,1,0.55994,0.313533,46,21,36,1,0,850
850,626,1,0.449348,0.201913,32,30,36,-1,0,850
850,397,1,0.709464,0.503339,49,30,36,-1,100,750
850,276,1,0.655507,0.42969,59,43,36,1,200,650
850,157,2,1.08796,0.624982,50.5,58,36,0,350,500
850,56,1,0.285652,0.0815972,10,16,37,-1,550,300
850,57,2,1.81053,1.84185,22.5,18,37,0,550,300
850,24,2,1.00704,0.562454,26,36,37.5,0,600,250
850,128,2,1.47381,1.14028,62.5,37.5,37.5,0,400,450
850,188,1,1.30767,1.71,19,40,37,1,300,550
850,627,1,0.606596,0.367959,0,51,37,1,0,850
850,477,1,0.591563,0.349947,34,61,37,-1,50,800
850,232,2,0.840235,0.353866,18,2.5,38,0,250,600
850,158,1,0.345257,0.119202,21,2,38,1,350,500
850,159,1,0.689065,0.474811,52,2,38,-1,350,500
850,233,1,0.859415,0.738595,12,5,38,-1,250,600
850,82,2,1.39705,1.10346,53,5.5,38,0,500,350
850,478,1,0.560845,0.314547,47,6,38,1,50,800
850,234,1,0.355859,0.126636,46,11,38,1,250,600
850,628,1,0.676865,0.458146,61,15,38,-1,0,850
850,481,1,0.336806,0.113438,34,19,38,1,50,800
850,189,1,0.341191,0.116411,53,45,38,1,300,550
850,129,1,0.752762,0.56665,26,49,38,-1,400,450
850,629,1,0.714337,0.510278,9,53,38,1,0,850
850,630,1,0.950783,0.903989,44,61,38,-1,0,850
850,631,1,0.346005,0.119719,20,62,38,-1,0,850
850,280,1,0.928611,0.862318,34,1,39,-1,200,650
850,277,1,0.269791,0.072787,1,3,39,-1,200,650
850,632,1,0.656881,0.431492,36,3,39,-1,0,850
850,633,1,0.699193,0.488872,9,4,39,1,0,850
850,398,1,1.22502,1.50067,21,7,39,1,100,750
850,479,1,0.408917,0.167213,28,7,39,1,50,800
850,321,1,0.212867,0.0453125,21,13,39,-1,150,700
850,235,2,1.25609,0.812931,51.5,15,39,0,250,600
850,130,1,0.422832,0.178787,0,16,39,1,400,450
850,480,1,0.363738,0.132305,8,17,39,-1,50,800
850,81,1,0.339496,0.115257,23,19,39,1,500,350
850,484,1,0.715044,0.511288,37,21,39,-1,50,800
850,58,1,0.343895,0.118264,3,26,39,-1,550,300
850,107,1,0.765582,0.586116,31,41,39,1,450,400
850,488,1,0.751791,0.56519,42,46,39,-1,50,800
850,25,1,0.847635,0.718484,50,63,39,-1,600,250
850,237,1,0.783204,0.613408,49,4,40,-1,250,600
850,634,1,0.780337,0.608926,33,23,40,1,0,850
850,236,1,0.179368,0.0321727,57,25,40,1,250,600
850,190,1,0.485489,0.235699,22,40,40,-1,300,550
850,322,1,0.421882,0.177985,25,47,40,-1,150,700
850,482,1,0.765447,0.585908,28,59,40,-1,50,800
850,635,1,1.70673,2.91292,52,0,41,1,0,850
850,325,2,1.16232,0.731646,51,6,41.5,0,150,700
850,278,1,1.02959,1.06005,55,7,41,-1,200,650
850,483,1,0.354632,0.125764,33,14,41,-1,50,800
850,160,1,0.942738,0.888755,46,16,41,1,350,500
850,636,1,0.516394,0.266663,37,20,41,-1,0,850
850,60,1,0.273479,0.0747909,18,33,41,1,550,300
850,485,1,0.477366,0.227879,17,35,41,-1,50,800
850,108,3,1.87222,1.30858,55.3333,35.6667,41.6667,-1,450,400
850,279,1,0.900045,0.810081,36,39,41,1,200,650
850,161,1,0.729397,0.53202,45,46,41,1,350,500
850,637,1,0.46971,0.220627,12,53,41,-1,0,850
850,638,1,0.0828806,0.00686919,10,1,42,-1,0,850
850,399,1,0.435284,0.189472,33,1,42,-1,100,750
850,323,2,1.06993,0.588109,40,2,42.5,0,150,700
850,639,1,0.192876,0.0372012,33,3,42,-1,0,850
850,27,1,0.748388,0.560084,42,10,42,1,600,250
850,162,1,0.770276,0.593326,46,10,42,-1,350,500
850,640,1,0.867824,0.753118,40,14,42,-1,0,850
850,26,1,0.509162,0.259246,4,17,42,1,600,250
850,641,1,0.519571,0.269954,2,20,42,-1,0,850
850,191,1,0.249311,0.0621562,25,22,42,-1,300,550
850,486,1,0.586903,0.344455,5,23,42,1,50,800
850,281,2,0.517107,0.133831,53,23,42.5,0,200,650
850,487,1,0.493807,0.243845,6,29,42,-1,50,800
850,324,1,0.33761,0.113981,8,39,42,1,150,700
850,131,1,0.683533,0.467217,62,42,42,-1,400,450
850,642,1,0.691409,0.478046,43,47,42,-1,0,850
850,643,1,0.685135,0.469409,27,48,42,1,0,850
850,644,1,0.629459,0.396218,1,55,42,-1,0,850
850,645,2,1.08949,0.635417,49.5,9.5,43,-2,0,850
850,240,5,3.60948,3.52468,44.8,13.2,43.4,1,250,600
850,238,2,1.78088,1.9639,10.5,16.5,43.5,0,250,600
850,491,1,0.916307,0.839619,13,28,43,1,50,800
850,282,1,0.394231,0.155418,32,35,43,-1,200,650
850,239,1,1.07721,1.16039,56,1,44,1,250,600
850,400,1,0.628039,0.394432,41,10,44,-1,100,750
850,59,3,2.0352,1.66216,16.6667,13.6667,44,-1,550,300
850,489,1,0.538277,0.289743,19,13,44,-1,50,800
850,326,1,0.353387,0.124882,44,16,44,1,150,700
850,192,1,0.806843,0.650995,14,26,44,-1,300,550
850,284,1,0.88951,0.791228,22,27,44,-1,200,650
850,327,1,0.521726,0.272198,19,33,44,-1,150,700
850,83,1,0.0891854,0.00795403,48,37,44,1,500,350
850,646,1,0.267615,0.0716179,18,39,44,-1,0,850
850,647,1,0.352576,0.12431,62,39,44,-1,0,850
850,193,1,0.748943,0.560915,27,41,44,-1,300,550
850,648,1,0.828305,0.68609,53,41,44,-1,0,850
850,649,1,0.70815,0.501476,45,48,44,-1,0,850
850,132,1,0.43787,0.19173,15,53,44,1,400,450
850,490,1,0.445351,0.198338,22,53,44,1,50,800
850,328,1,0.737591,0.54404,43,55,44,-1,150,700
850,650,1,0.476322,0.226882,45,55,44,-1,0,850
850,133,1,0.348947,0.121764,9,60,44,1,400,450
850,283,1,0.547028,0.299239,19,60,44,-1,200,650
850,109,2,1.01649,0.54639,37,3,45.5,0,450,400
850,329,1,0.811165,0.657989,43,3,45,1,150,700
850,194,2,0.486554,0.122123,3,8.5,45,0,300,550
850,241,1,0.200184,0.0400737,62,8,45,1,250,600
850,651,1,0.652424,0.425657,6,13,45,-1,0,850
850,401,1,0.188426,0.0355042,55,21,45,-1,100,750
850,195,2,0.609102,0.239739,54,26.5,45,0,300,550
850,652,1,0.540445,0.292081,14,28,45,-1,0,850
850,653,1,1.03147,1.06394,24,46,45,1,0,850
850,28,1,0.497725,0.247731,34,51,45,1,600,250
850,654,1,0.572659,0.327939,0,0,46,-1,0,850
850,655,1,0.920393,0.847123,44,6,46,1,0,850
850,656,1,0.603587,0.364317,46,9,46,1,0,850
850,492,1,0.934579,0.873438,43,12,46,1,50,800
850,493,1,1.02502,1.05067,38,15,46,-1,50,800
850,657,1,0.785568,0.617118,1,17,46,1,0,850
850,494,1,1.17619,1.38342,60,20,46,-1,50,800
850,658,1,0.543438,0.295325,43,24,46,-1,0,850
850,330,1,1.02328,1.04711,0,27,46,-1,150,700
850,331,1,0.719843,0.518174,48,27,46,1,150,700
850,659,1,0.490673,0.24076,24,29,46,-1,0,850
850,332,1,0.496591,0.246603,55,29,46,1,150,700
850,29,2,0.758302,0.31923,43.5,31,46,0,600,250
850,660,1,0.551617,0.304282,40,37,46,1,0,850
850,285,1,0.727273,0.528926,5,42,46,1,200,650
850,495,1,0.676465,0.457605,5,44,46,1,50,800
850,661,1,0.222161,0.0493555,18,48,46,-1,0,850
850,662,1,0.442115,0.195466,33,55,46,-1,0,850
850,134,2,1.45516,1.05918,45.5,58.5,46.5,0,400,450
850,163,1,0.666563,0.444306,59,60,46,1,350,500
850,663,1,0.634229,0.402246,31,0,47,-1,0,850
850,496,1,0.453912,0.206036,25,11,47,1,50,800
850,664,1,0.66796,0.44617,7,12,47,-1,0,850
850,61,1,0.883042,0.779763,59,36,47,-1,550,300
850,665,1,0.479759,0.230168,52,38,47,-1,0,850
850,135,1,0.977498,0.955503,37,50,47,1,400,450
850,84,3,1.68621,1.01759,60.6667,52.3333,47.6667,1,500,350
850,110,3,1.16859,0.478395,38.3333,2.33333,48.3333,-1,450,400
850,402,1,0.312861,0.0978817,4,8,48,-1,100,750
850,666,1,0.351884,0.123822,61,16,48,1,0,850
850,667,1,0.42104,0.177275,9,24,48,-1,0,850
850,668,1,1.67459,2.80425,38,38,48,1,0,850
850,669,1,1.06127,1.1263,34,41,48,-1,0,850
850,497,2,1.03869,0.626303,25.5,42,48,0,50,800
850,333,1,0.935839,0.875794,27,46,48,-1,150,700
850,85,2,0.942411,0.474278,35,48.5,48,0,500,350
850,670,1,0.631242,0.398466,47,57,48,1,0,850
850,403,1,0.506559,0.256602,58,59,48,1,100,750
850,671,1,0.946536,0.89593,28,63,48,-1,0,850
850,196,1,0.638433,0.407597,7,4,49,1,300,550
850,498,1,0.94316,0.88955,21,4,49,1,50,800
850,672,1,0.594309,0.353203,25,14,49,1,0,850
850,673,1,0.150382,0.0226147,15,18,49,1,0,850
850,674,1,0.577076,0.333017,25,26,49,1,0,850
850,287,1,0.110233,0.0121514,55,30,49,1,200,650
850,407,1,0.506419,0.25646,18,41,49,1,100,750
850,675,1,0.382698,0.146458,29,50,49,-1,0,850
850,676,1,0.403305,0.162655,17,21,50,1,0,850
850,499,1,0.222275,0.0494061,0,28,50,1,50,800
850,136,1,0.414801,0.17206,45,28,50,-1,400,450
850,111,1,0.629244,0.395947,29,31,50,-1,450,400
850,112,1,0.505941,0.255976,49,34,50,1,450,400
850,404,1,0.43175,0.186408,2,43,50,1,100,750
850,405,1,0.647345,0.419056,32,47,50,1,100,750
850,242,1,0.292154,0.0853542,33,51,50,1,250,600
850,406,1,1.30007,1.69019,52,53,50,1,100,750
850,286,1,0.538619,0.29011,49,61,50,1,200,650
850,164,1,0.6485,0.420552,6,11,51,-1,350,500
850,677,1,0.880172,0.774702,31,12,51,-1,0,850
850,334,1,0.612219,0.374812,58,20,51,1,150,700
850,62,1,0.829672,0.688355,2,24,51,-1,550,300
850,197,2,0.941137,0.465133,48,30.5,51,0,300,550
850,137,1,0.227752,0.0518711,44,32,51,-1,400,450
850,198,1,0.845348,0.714614,43,34,51,-1,300,550
850,243,1,0.514214,0.264416,24,38,51,-1,250,600
850,199,2,1.20471,0.72571,21,41.5,51,0,300,550
850,114,2,1.33858,1.01597,45.5,42.5,51.5,0,450,400
850,63,1,0.941629,0.886666,32,61,51,-1,550,300
850,288,2,0.596623,0.200051,20,4.5,52.5,0,200,650
850,335,2,1.71065,1.46317,59,16.5,52,0,150,700
850,113,1,0.567156,0.321666,56,27,52,-1,450,400
850,336,1,0.618481,0.382519,55,29,52,1,150,700
850,30,2,0.935392,0.457121,60,30.5,52.5,0,600,250
850,86,1,0.430482,0.185315,31,34,52,-1,500,350
850,500,1,0.458145,0.209896,18,43,52,1,50,800
850,138,1,0.271793,0.0738713,1,60,52,-1,400,450
850,408,1,0.688237,0.47367,53,61,52,-1,100,750
850,64,1,1.01731,1.03491,35,63,52,-1,550,300
850,200,1,0.577624,0.33365,27,20,53,-1,300,550
850,501,1,0.834361,0.696158,11,29,53,1,50,800
850,201,1,0.767016,0.588313,62,30,53,1,300,550
850,409,1,0.771554,0.595296,61,36,53,1,100,750
850,289,1,0.124967,0.0156166,8,38,53,-1,200,650
850,410,1,0.174569,0.0304743,42,40,53,-1,100,750
850,139,1,0.407813,0.166311,26,43,53,1,400,450
850,31,1,0.783319,0.613589,30,49,53,-1,600,250
850,502,1,0.554511,0.307483,37,56,53,1,50,800
850,290,1,0.586652,0.344161,33,2,54,-1,200,650
850,202,1,0.755427,0.570669,30,6,54,1,300,550
850,678,1,0.594382,0.35329,29,18,54,1,0,850
850,339,2,1.07351,0.586235,27,30.5,54.5,0,150,700
850,337,2,1.53772,1.18555,32,31.5,54,0,150,700
850,679,1,1.00594,1.01191,36,32,54,-1,0,850
850,503,1,0.664923,0.442123,16,47,54,1,50,800
850,680,1,0.654217,0.428,19,49,54,-1,0,850
850,291,1,0.176286,0.0310767,44,60,54,1,200,650
850,681,1,0.320355,0.102627,5,61,54,-1,0,850
850,65,4,2.92885,2.29041,39.75,2.75,55.25,-2,550,300
850,115,1,0.320032,0.102421,41,9,55,-1,450,400
850,504,1,0.617464,0.381262,57,10,55,-1,50,800
850,87,1,0.463344,0.214688,43,16,55,-1,500,350
850,292,1,0.877863,0.770644,12,19,55,-1,200,650
850,338,1,0.508891,0.25897,19,29,55,1,150,700
850,244,1,0.498775,0.248777,29,40,55,-1,250,600
850,116,1,0.752738,0.566614,5,43,55,1,450,400
850,32,1,0.221227,0.0489413,45,52,55,1,600,250
850,340,1,0.541222,0.292922,54,1,56,-1,150,700
850,411,1,0.163451,0.0267162,23,10,56,1,100,750
850,341,1,0.863192,0.7451,12,45,56,1,150,700
850,165,1,0.376978,0.142113,41,54,56,-1,350,500
850,33,3,1.93104,1.43054,60,59,56.3333,-1,600,250
850,167,1,0.656048,0.4304,19,60,56,1,350,500
850,682,1,0.697772,0.486886,15,1,57,-1,0,850
850,203,1,0.385872,0.148897,54,17,57,1,300,550
850,505,1,0.622569,0.387592,11,21,57,1,50,800
850,166,1,0.252937,0.0639774,32,27,57,-1,350,500
850,412,1,0.597541,0.357055,30,30,57,-1,100,750
850,506,1,0.285283,0.0813862,1,40,57,1,50,800
850,413,3,1.52723,0.78996,57.3333,42,57.3333,-1,100,750
850,507,1,0.445576,0.198538,47,56,57,-1,50,800
850,245,1,0.86649,0.750804,20,58,57,-1,250,600
850,683,1,0.904126,0.817443,25,2,58,1,0,850
850,140,1,1.07523,1.15613,17,8,58,-1,400,450
850,342,1,0.502014,0.252018,63,8,58,-1,150,700
850,168,1,0.807663,0.652319,1,34,58,-1,350,500
850,414,2,1.19393,0.716685,6,41,58.5,0,100,750
850,117,1,0.455728,0.207688,27,48,58,-1,450,400
850,508,1,0.86411,0.746686,61,50,58,-1,50,800
850,509,1,0.466683,0.217793,41,53,58,1,50,800
850,169,1,0.626997,0.393125,54,62,58,-1,350,500
850,684,1,1.57062,2.46685,41,2,59,-1,0,850
850,35,3,1.34909,0.677678,43,17,59,1,600,250
850,34,1,0.358678,0.12865,50,16,59,-1,600,250
850,343,3,1.84262,1.36125,5,22,59,-1,150,700
850,88,1,0.490428,0.240519,27,25,59,1,500,350
850,66,1,0.432776,0.187295,57,27,59,1,550,300
850,89,1,0.767732,0.589412,5,28,59,1,500,350
850,415,1,0.268624,0.0721591,48,45,59,-1,100,750
850,204,1,0.602565,0.363085,40,46,59,1,300,550
850,38,1,0.351306,0.123416,11,58,59,1,600,250
850,246,2,1.33306,1.1038,4.5,63.5,59.5,0,250,600
850,247,1,0.562741,0.316677,24,63,59,1,250,600
850,36,1,0.559762,0.313334,10,2,60,1,600,250
850,170,5,2.43085,1.3292,55.2,2.2,60.8,-1,350,500
850,293,1,0.429969,0.184873,24,9,60,1,200,650
850,294,1,0.543977,0.295911,15,21,60,-1,200,650
850,142,1,0.521304,0.271757,46,28,60,-1,400,450
850,510,1,0.303118,0.0918806,12,61,60,1,50,800
850,511,1,0.346377,0.119977,29,1,61,-1,50,800
850,344,1,0.627871,0.394222,26,9,61,-1,150,700
850,143,1,0.815427,0.664922,25,16,61,-1,400,450
850,416,1,0.310027,0.0961168,35,16,61,1,100,750
850,685,1,0.36926,0.136353,39,17,61,-1,0,850
850,37,1,0.635598,0.403985,51,17,61,-1,600,250
850,90,1,0.81548,0.665007,51,22,61,1,500,350
850,686,1,1.18222,1.39764,1,32,61,-1,0,850
850,118,2,1.22624,0.928348,14.5,54.5,61.5,0,450,400
850,512,2,2.09898,2.26071,11.5,55,61,0,50,800
850,345,1,0.652114,0.425253,49,21,62,-1,150,700
850,513,1,0.554998,0.308023,60,22,62,1,50,800
850,346,1,0.376622,0.141844,23,26,62,-1,150,700
850,514,1,0.414544,0.171847,4,49,62,1,50,800
850,347,1,0.62812,0.394535,45,53,62,-1,150,700
850,515,1,0.182405,0.0332716,54,53,62,1,50,800
850,687,1,0.694298,0.48205,61,57,62,-1,0,850
850,39,1,0.784403,0.615288,19,60,62,-1,600,250
850,417,1,0.524362,0.274956,26,11,63,-1,100,750
850,516,1,0.816488,0.666652,7,26,63,1,50,800
850,295,1,0.479452,0.229874,35,29,63,-1,200,650
850,517,1,0.778112,0.605458,44,33,63,1,50,800
850,348,1,0.394666,0.155762,22,42,63,1,150,700
850,688,1,0.265571,0.0705281,50,53,63,1,0,850
850,349,1,0.648614,0.4207,35,54,63,1,150,700
850,40,1,0.945485,0.893943,24,58,63,-1,600,250
850,689,1,0.614614,0.377751,26,58,63,-1,0,850
850,518,1,0.373607,0.139582,15,59,63,-1,50,800
850,519,1,0.400193,0.160154,35,60,63,1,50,800
900,296,1,0.332541,0.110584,60,1,0,1,200,700
900,690,1,0.582841,0.339704,18,13,0,-1,0,900
900,92,1,1.19548,1.42916,19,17,0,1,500,400
900,691,1,0.327637,0.107346,7,18,0,1,0,900
900,692,1,0.548114,0.300429,37,24,0,1,0,900
900,520,2,1.68578,1.42094,45,27.5,-0.5,-2,50,850
900,171,2,1.56915,1.27616,11,38.5,0,0,350,550
900,521,1,0.498807,0.248808,63,40,0,1,50,850
900,172,1,0.469976,0.220877,42,43,0,-1,350,550
900,205,1,0.322862,0.10424,41,46,0,-1,300,600
900,693,1,0.366255,0.134143,44,48,0,-1,0,900
900,2,3,1.39879,0.684003,55.3333,1,1.66667,1,650,250
900,694,1,0.389862,0.151993,35,5,1,-1,0,900
900,206,1,0.517305,0.267605,53,15,1,1,300,600
900,350,4,2.89072,2.23644,34.75,19.75,1.75,2,150,750
900,248,2,1.87323,1.80673,-0.5,23,1,0,250,650
900,695,1,0.549536,0.30199,27,30,1,-1,0,900
900,696,2,1.54519,1.4852,1.5,51,1,0,0,900
900,208,1,0.658128,0.433132,10,51,1,1,300,600
900,418,1,0.685571,0.470008,13,58,1,1,100,800
900,67,1,0.200283,0.0401131,23,58,1,1,550,350
900,41,1,0.980174,0.960742,29,0,2,-1,600,300
900,419,1,0.617425,0.381213,2,3,2,-1,100,800
900,420,1,0.262407,0.0688575,15,3,2,1,100,800
900,697,1,0.740632,0.548536,41,22,2,-1,0,900
900,698,2,1.77702,1.60696,4.5,24,2,0,0,900
900,699,1,0.458533,0.210252,14,27,2,1,0,900
900,525,1,0.562724,0.316658,29,27,2,1,50,850
900,297,1,0.57225,0.32747,20,36,2,1,200,700
900,522,1,0.734642,0.539699,37,38,2,1,50,850
900,351,2,0.872905,0.384635,45.5,37.5,2.5,0,150,750
900,145,1,0.53935,0.290898,15,41,2,-1,400,500
900,426,3,1.82258,1.38543,50.3333,46.3333,3,1,100,800
900,298,2,1.3175,1.134,21,50.5,2,0,200,700
900,207,1,0.602644,0.36318,30,59,2,-1,300,600
900,523,2,1.54679,1.26711,0,62.5,2,0,50,850
900,299,3,1.45241,0.870763,50.3333,62,2.66667,-1,200,700
900,144,2,1.8628,1.7544,12,0,3.5,0,400,500
900,700,1,1.19799,1.43517,14,9,3,1,0,900
900,0,1,0.349315,0.122021,45,12,3,-1,650,250
900,701,1,0.464618,0.21587,19,16,3,1,0,900
900,702,1,0.729033,0.53149,6,18,3,1,0,900
900,524,1,0.665919,0.443448,47,18,3,-1,50,850
900,703,1,0.575263,0.330928,29,24,3,-1,0,900
900,249,1,0.543423,0.295308,47,27,3,-1,250,650
900,704,1,0.27218,0.0740821,21,33,3,1,0,900
900,1,2,1.5153,1.18163,19.5,41.5,3.5,0,650,250
900,705,1,0.424367,0.180087,62,46,3,1,0,900
900,706,1,0.756426,0.57218,8,51,3,-1,0,900
900,422,1,0.421109,0.177333,41,51,3,1,100,800
900,209,2,0.914891,0.424833,31.5,57,3,0,300,600
900,707,1,0.497795,0.2478,37,63,3,-1,0,900
900,210,2,1.12527,0.636228,51.5,2,4,0,300,600
900,423,1,0.709715,0.503695,47,7,4,-1,100,800
900,424,3,2.57685,2.28537,33.6667,20.6667,4,1,100,800
900,425,1,0.696101,0.484557,56,22,4,-1,100,800
900,427,1,0.591788,0.350213,16,23,4,-1,100,800
900,3,2,2.79556,3.99971,48.5,25.5,4,0,650,250
900,5,1,0.574793,0.330387,42,26,4,-1,650,250
900,217,11,7.90671,7.26153,32.8182,36.3636,5.18182,3,300,600
900,93,2,1.02863,0.537448,14.5,38.5,4.5,0,500,400
900,708,1,1.73204,2.99995,32,41,4,1,0,900
900,213,1,0.667024,0.444921,15,42,4,-1,300,600
900,709,1,0.749961,0.562442,49,53,4,-1,0,900
900,710,1,0.611776,0.374269,62,61,4,-1,0,900
900,711,1,0.225507,0.0508534,18,0,5,1,0,900
900,121,1,0.668111,0.446373,56,6,5,-1,450,450
900,300,1,0.278705,0.0776764,41,13,5,1,200,700
900,526,1,0.755557,0.570866,14,22,5,-1,50,850
900,211,3,1.65226,0.981175,22.3333,24,5.33333,1,300,600
900,712,1,1.43167,2.04969,46,25,5,-1,0,900
900,713,1,0.545998,0.298114,59,34,5,1,0,900
900,428,1,0.203161,0.0412744,45,42,5,-1,100,800
900,527,1,0.425998,0.181474,7,44,5,-1,50,850
900,146,2,1.04054,0.546485,13.5,49,5.5,0,400,500
900,119,1,0.162459,0.0263929,3,60,5,-1,450,450
900,714,1,0.262061,0.0686758,48,63,5,-1,0,900
900,250,1,0.550552,0.303107,29,2,6,-1,250,650
900,528,1,0.778892,0.606673,59,3,6,1,50,850
900,354,1,1.12395,1.26326,30,4,6,-1,150,750
900,215,2,0.666281,0.230153,26.5,10,6,0,300,600
900,715,1,0.633163,0.400895,62,11,6,1,0,900
900,529,1,0.691502,0.478174,36,13,6,-1,50,850
900,429,1,0.0761707,0.00580197,53,17,6,1,100,800
900,430,1,0.723222,0.52305,41,20,6,1,100,800
900,533,2,1.2947,0.963458,53,23,6.5,0,50,850
900,716,1,0.428734,0.183813,36,25,6,-1,0,900
900,530,1,1.15591,1.33613,50,25,6,-1,50,850
900,717,1,0.682384,0.465649,53,33,6,1,0,900
900,212,1,0.442549,0.19585,6,36,6,1,300,600
900,531,2,0.786062,0.323053,5.5,38,6,0,50,850
900,718,1,0.44189,0.195266,8,38,6,1,0,900
900,42,1,0.608966,0.37084,52,41,6,1,600,300
900,532,1,0.601658,0.361993,15,43,6,1,50,850
900,719,1,0.850717,0.72372,61,48,6,1,0,900
900,352,1,0.398469,0.158777,39,54,6,1,150,750
900,353,1,0.227782,0.0518846,40,0,7,-1,150,750
900,720,2,1.03916,0.540419,33,5.5,7,0,0,900
900,4,1,0.504403,0.254423,4,12,7,1,650,250
900,721,1,0.628781,0.395365,15,18,7,1,0,900
900,214,1,0.525277,0.275916,32,18,7,1,300,600
900,722,1,0.41588,0.172956,51,18,7,-1,0,900
900,723,1,0.9828,0.965896,2,23,7,1,0,900
900,147,1,0.897586,0.805661,11,24,7,-1,400,500
900,540,1,0.324772,0.105477,22,26,7,1,50,850
900,304,2,1.05465,0.576793,25.5,26,7,0,200,700
900,724,1,0.830433,0.68962,40,27,7,-1,0,900
900,302,1,0.475521,0.22612,54,29,7,-1,200,700
900,534,1,0.59785,0.357424,29,31,7,-1,50,850
900,355,1,0.637888,0.406901,34,31,7,-1,150,750
900,725,1,0.906996,0.822641,27,36,7,-1,0,900
900,431,1,0.578267,0.334393,22,43,7,1,100,800
900,356,1,0.925515,0.856578,54,43,7,-1,150,750
900,432,1,1.13088,1.2789,25,52,7,1,100,800
900,149,3,1.93132,1.27231,46.6667,58.6667,7.66667,-1,400,500
900,433,1,0.751893,0.565343,41,60,7,-1,100,800
900,301,2,0.920233,0.431906,56.5,0,8,0,200,700
900,535,1,0.676557,0.457729,1,4,8,-1,50,850
900,69,1,0.196638,0.0386666,45,5,8,-1,550,350
900,303,6,4.5652,3.7991,57.8333,6.33333,8.33333,-2,200,700
900,726,1,0.650392,0.42301,63,6,8,1,0,900
900,536,1,0.495512,0.245533,27,10,8,-1,50,850
900,537,1,0.571991,0.327174,21,16,8,-1,50,850
900,216,1,0.771636,0.595422,24,22,8,1,300,600
900,437,1,0.437532,0.191434,13,26,8,-1,100,800
900,436,1,0.680583,0.463193,24,29,8,-1,100,800
900,251,1,0.755799,0.571233,48,37,8,1,250,650
900,43,1,0.310252,0.0962562,39,39,8,1,600,300
900,173,1,0.516578,0.266853,63,41,8,1,350,550
900,538,1,0.380258,0.144597,40,56,8,-1,50,850
900,727,1,0.513188,0.263362,40,58,8,-1,0,900
900,539,1,0.803135,0.645025,52,61,8,-1,50,850
900,44,1,0.515424,0.265661,7,63,8,-1,600,300
900,728,1,0.629564,0.396351,31,63,8,-1,0,900
900,148,1,0.38563,0.14871,0,9,9,1,400,500
900,729,1,0.757651,0.574035,28,14,9,-1,0,900
900,9,1,0.854344,0.729903,44,16,9,1,650,250
900,357,1,0.91226,0.832218,33,18,9,1,150,750
900,730,1,0.712014,0.506964,33,21,9,1,0,900
900,358,1,1.02531,1.05125,17,24,9,-1,150,750
900,731,2,1.03956,0.639054,22.5,24.5,9,0,0,900
900,359,1,0.690062,0.476186,31,27,9,-1,150,750
900,732,1,0.703317,0.494655,56,31,9,-1,0,900
900,434,1,0.63588,0.404344,33,37,9,-1,100,800
900,733,2,0.825721,0.364013,62.5,43,9,0,0,900
900,254,1,0.628631,0.395177,9,48,9,1,250,650
900,541,1,0.6366,0.405259,9,53,9,1,50,850
900,734,1,0.510943,0.261062,43,55,9,-1,0,900
900,542,1,0.376995,0.142125,15,56,9,-1,50,850
900,120,1,0.65071,0.423423,27,56,9,1,450,450
900,218,2,0.606709,0.185359,8,58.5,9,0,300,600
900,435,1,0.0821955,0.00675609,28,59,9,1,100,800
900,735,1,0.661789,0.437965,39,2,10,1,0,900
900,543,2,1.44458,1.16862,55.5,7.5,10.5,0,50,850
900,94,1,0.993954,0.987944,56,21,10,-1,500,400
900,45,1,0.802429,0.643893,61,21,10,1,600,300
900,736,1,0.299963,0.0899776,25,28,10,1,0,900
900,6,1,0.639851,0.409409,22,32,10,1,650,250
900,737,1,0.442725,0.196005,51,32,10,1,0,900
900,738,1,0.382097,0.145998,37,38,10,-1,0,900
900,544,1,0.432355,0.186931,24,41,10,1,50,850
900,7,1,0.48829,0.238427,4,45,10,1,650,250
900,545,2,1.11873,0.628485,10.5,51.5,10,-2,50,850
900,252,1,0.441465,0.194891,49,51,10,-1,250,650
900,546,1,0.346249,0.119888,49,54,10,-1,50,850
900,8,1,0.554847,0.307855,35,55,10,-1,650,250
900,174,1,0.428785,0.183857,18,63,10,-1,350,550
900,367,1,0.475509,0.226109,58,63,10,1,150,750
900,547,2,1.03323,0.537596,17.5,7.5,11,0,50,850
900,253,2,0.803998,0.334713,42.5,17,11,0,250,650
900,361,1,0.906441,0.821636,22,19,11,-1,150,750
900,548,1,0.347679,0.120881,36,24,11,-1,50,850
900,549,3,1.92361,1.33189,12.6667,27.6667,11.6667,-1,50,850
900,177,1,0.573047,0.328383,29,32,11,-1,350,550
900,305,1,0.395631,0.156524,37,33,11,1,200,700
900,10,1,0.548526,0.300881,21,35,11,1,650,250
900,306,1,0.710756,0.505173,26,37,11,-1,200,700
900,181,2,2.20523,2.43199,36,42,11.5,0,350,550
900,739,2,1.35894,0.926763,12,47.5,11,0,0,900
900,70,2,0.456593,0.106414,28,52.5,11,0,550,350
900,550,1,0.278291,0.0774459,25,53,11,1,50,850
900,362,1,0.283651,0.080458,37,54,11,1,150,750
900,551,1,0.719066,0.517056,15,56,11,1,50,850
900,438,2,1.51413,1.23246,47.5,58.5,11,0,100,800
900,219,2,0.412275,0.0861783,8,60.5,11,0,300,600
900,307,1,0.24758,0.061296,20,3,12,1,200,700
900,175,1,0.524124,0.274706,3,8,12,1,350,550
900,439,1,0.105013,0.0110277,24,19,12,-1,100,800
900,255,1,0.763129,0.582366,56,20,12,-1,250,650
900,740,1,0.642621,0.412962,51,21,12,-1,0,900
900,363,1,0.284465,0.0809201,52,27,12,1,150,750
900,222,2,1.6875,1.51154,21.5,29.5,12.5,0,300,600
900,741,1,0.386208,0.149157,7,32,12,-1,0,900
900,742,1,0.452669,0.20491,8,35,12,1,0,900
900,743,1,0.978081,0.956643,1,42,12,1,0,900
900,71,1,0.817546,0.668382,52,44,12,-1,550,350
900,744,2,2.08008,2.17644,10.5,49,12.5,0,0,900
900,745,1,1.17759,1.38671,52,52,12,-1,0,900
900,552,1,1.0751,1.15583,5,53,12,-1,50,850
900,746,1,0.711615,0.506396,35,54,12,1,0,900
900,220,1,0.84316,0.710919,11,61,12,-1,300,600
900,11,2,1.17475,0.691599,9.5,3.5,13.5,0,650,250
900,221,1,0.434231,0.188557,43,6,13,1,300,600
900,310,1,0.280483,0.0786705,45,13,13,-1,200,700
900,364,2,1.31252,0.861791,56.5,18,13,0,150,750
900,747,1,0.327601,0.107322,60,22,13,1,0,900
900,152,1,0.759708,0.577156,36,29,13,1,400,500
900,150,2,1.44241,1.04709,19,30.5,13,0,400,500
900,176,1,1.34909,1.82003,54,37,13,1,350,550
900,748,1,0.965978,0.933113,15,38,13,-1,0,900
900,749,1,0.433172,0.187638,38,41,13,1,0,900
900,95,1,0.481214,0.231567,18,42,13,1,500,400
900,365,1,0.345933,0.11967,5,43,13,1,150,750
900,750,1,0.880236,0.774816,0,44,13,-1,0,900
900,553,1,0.560216,0.313842,52,47,13,-1,50,850
900,751,1,0.388763,0.151137,54,49,13,1,0,900
900,96,1,0.629909,0.396786,16,50,13,1,500,400
900,440,1,0.572085,0.327281,43,56,13,-1,100,800
900,366,2,0.867242,0.38846,19,57.5,13,0,150,750
900,97,1,0.578023,0.33411,59,59,13,1,500,400
900,554,1,0.854552,0.73026,15,60,13,1,50,850
900,555,1,0.231924,0.0537885,57,61,13,1,50,850
900,256,1,0.772805,0.597228,26,3,14,-1,250,650
900,441,1,0.716655,0.513595,30,14,14,-1,100,800
900,752,1,0.791685,0.626766,50,15,14,1,0,900
900,753,1,0.358565,0.128569,30,17,14,-1,0,900
900,224,1,1.01243,1.02502,60,19,14,-1,300,600
900,443,5,3.29657,2.28268,50.6,27.8,14.4,-1,100,800
900,368,1,0.466449,0.217574,28,31,14,1,150,750
900,258,1,0.182493,0.0333037,34,32,14,1,250,650
900,754,1,1.82122,3.31686,50,35,14,1,0,900
900,74,1,0.791261,0.626094,42,42,14,1,550,350
900,442,1,0.745318,0.555499,57,57,14,1,100,800
900,562,1,0.487718,0.237869,47,6,15,-1,50,850
900,559,1,1.36774,1.87071,0,9,15,1,50,850
900,179,1,0.380985,0.14515,56,10,15,-1,350,550
900,373,1,0.790526,0.624932,45,11,15,-1,150,750
900,151,1,0.571952,0.327129,40,21,15,1,400,500
900,755,1,0.704545,0.496383,7,25,15,1,0,900
900,178,1,0.279773,0.0782728,10,29,15,-1,350,550
900,223,1,0.345629,0.119459,22,31,15,1,300,600
900,309,3,1.87552,1.22406,31.6667,32,15.6667,1,200,700
900,449,2,1.34116,0.980692,47,31,15.5,0,100,800
900,756,1,0.463599,0.214924,53,32,15,1,0,900
900,375,3,1.46014,0.781266,59.3333,32.3333,16,-1,150,750
900,566,1,0.682839,0.466269,36,43,15,-1,50,850
900,257,1,0.423015,0.178942,48,48,15,-1,250,650
900,557,2,0.648911,0.211053,22,52.5,15,0,50,850
900,12,1,0.245121,0.0600845,16,54,15,-1,650,250
900,369,1,0.248208,0.0616074,13,55,15,-1,150,750
900,558,1,0.2313,0.0534997,60,59,15,-1,50,850
900,757,1,0.669859,0.448711,8,0,16,-1,0,900
900,758,1,0.438168,0.191992,2,7,16,1,0,900
900,759,1,0.656659,0.431202,56,7,16,1,0,900
900,760,1,0.483045,0.233332,38,17,16,1,0,900
900,563,1,0.547876,0.300168,61,19,16,-1,50,850
900,308,1,0.656445,0.43092,35,20,16,1,200,700
900,46,2,0.977153,0.481226,30,22.5,16.5,0,600,300
900,13,1,1.20824,1.45985,42,28,16,-1,650,250
900,761,1,0.823172,0.677612,32,29,16,-1,0,900
900,370,1,1.16816,1.3646,38,30,16,1,150,750
900,371,2,0.459917,0.105867,34,32.5,16,0,150,750
900,565,1,0.648923,0.421101,51,32,16,-1,50,850
900,560,1,0.113106,0.012793,42,33,16,-1,50,850
900,72,1,0.672751,0.452594,45,37,16,-1,550,350
900,444,1,0.527583,0.278344,45,40,16,-1,100,800
900,762,1,0.956653,0.915185,47,40,16,-1,0,900
900,317,2,1.29041,1.08986,40,42,16.5,0,200,700
900,98,1,0.713439,0.508995,42,47,16,-1,500,400
900,372,1,0.791437,0.626373,35,50,16,-1,150,750
900,259,1,0.267697,0.0716615,47,55,16,-1,250,650
900,225,1,1.3644,1.8616,39,57,16,1,300,600
900,763,1,0.884103,0.781638,20,59,16,-1,0,900
900,764,1,0.346562,0.120105,41,59,16,1,0,900
900,561,1,0.561224,0.314973,1,0,17,-1,50,850
900,765,1,0.32033,0.102612,47,8,17,-1,0,900
900,766,1,0.833887,0.695368,45,13,17,1,0,900
900,47,1,0.563278,0.317282,61,14,17,1,600,300
900,767,1,0.51519,0.265421,59,16,17,1,0,900
900,768,1,0.619279,0.383506,5,18,17,-1,0,900
900,445,2,1.30382,0.916833,17,20.5,17,0,100,800
900,374,1,0.481864,0.232193,11,29,17,-1,150,750
900,153,1,0.559803,0.31338,18,30,17,-1,400,500
900,446,1,1.42875,2.04132,36,36,17,-1,100,800
900,769,1,0.749403,0.561605,47,36,17,-1,0,900
900,770,1,0.49969,0.24969,50,53,17,1,0,900
900,564,1,0.633164,0.400897,58,57,17,-1,50,850
900,312,3,1.42785,0.793072,17.3333,1.33333,19,1,200,700
900,447,1,0.979597,0.959609,13,8,18,1,100,800
900,771,2,1.48463,1.16329,56.5,10,18,0,0,900
900,772,1,0.689708,0.475697,38,14,18,1,0,900
900,376,1,0.813916,0.662459,53,16,18,-1,150,750
900,377,1,0.866819,0.751376,9,17,18,1,150,750
900,773,1,0.776961,0.603669,37,17,18,1,0,900
900,448,1,0.627832,0.394173,48,17,18,-1,100,800
900,774,3,1.95574,1.35725,44.6667,26.3333,18,-1,0,900
900,775,1,0.332549,0.110589,42,29,18,-1,0,900
900,776,1,0.233757,0.0546424,48,31,18,-1,0,900
900,456,2,1.22117,0.771602,38.5,43.5,18.5,0,100,800
900,226,1,0.663552,0.440301,57,48,18,1,300,600
900,311,1,0.689592,0.475537,62,49,18,1,200,700
900,180,1,0.847728,0.718642,9,54,18,1,350,550
900,378,1,0.582108,0.338849,55,62,18,1,150,750
900,567,1,0.521558,0.272023,27,0,19,-1,50,850
900,261,1,0.470765,0.22162,4,2,19,-1,250,650
900,777,1,0.713778,0.509479,43,2,19,-1,0,900
900,75,1,0.485722,0.235926,38,8,19,1,550,350
900,778,2,1.29254,0.922204,45,13,19.5,0,0,900
900,779,1,1.06027,1.12416,45,15,19,-1,0,900
900,227,1,0.137794,0.0189872,7,22,19,-1,300,600
900,379,1,0.3355,0.11256,0,23,19,1,150,750
900,780,1,0.653776,0.427423,17,24,19,1,0,900
900,48,1,0.465543,0.21673,19,25,19,1,600,300
900,781,1,0.503263,0.253274,15,30,19,-1,0,900
900,313,1,0.486794,0.236968,54,30,19,-1,200,700
900,568,2,1.29476,0.838324,30,40.5,19,0,50,850
900,380,1,0.873168,0.762422,18,48,19,-1,150,750
900,782,1,0.891412,0.794615,20,48,19,1,0,900
900,450,1,0.712481,0.50763,26,57,19,-1,100,800
900,228,1,0.740274,0.548005,39,0,20,-1,300,600
900,451,2,1.33286,0.993321,14.5,4,20,0,100,800
900,783,1,1.27564,1.62727,45,6,20,1,0,900
900,184,2,1.44042,1.04405,4.5,10,20,0,350,550
900,784,1,0.103636,0.0107404,39,14,20,-1,0,900
900,785,1,0.97311,0.946943,15,28,20,-1,0,900
900,381,1,0.600816,0.36098,2,30,20,-1,150,750
900,453,1,0.542461,0.294264,2,32,20,-1,100,800
900,73,1,0.939857,0.883331,4,42,20,1,550,350
900,575,2,0.697072,0.244321,41,43,20.5,0,50,850
900,576,5,3.18088,2.37097,37,44.6,21.4,1,50,850
900,382,1,0.442175,0.195519,58,46,20,-1,150,750
900,182,1,0.535024,0.286251,3,51,20,1,350,550
900,786,1,0.322659,0.104109,6,59,20,-1,0,900
900,314,1,0.315013,0.0992329,23,61,20,-1,200,700
900,787,1,0.245801,0.060418,9,7,21,-1,0,900
900,788,1,1.21724,1.48168,34,7,21,-1,0,900
900,789,2,1.27824,0.878118,41,8,21.5,0,0,900
900,790,1,0.337293,0.113766,44,9,21,-1,0,900
900,452,1,0.625808,0.391636,16,10,21,1,100,800
900,791,1,0.330735,0.109385,54,15,21,-1,0,900
900,792,1,0.512061,0.262207,62,15,21,1,0,900
900,316,2,1.23629,0.78653,23,19,21.5,0,200,700
900,793,1,0.946094,0.895094,34,20,21,1,0,900
900,569,1,0.431879,0.186519,63,21,21,1,50,850
900,315,2,1.05615,0.557924,9,22.5,21,0,200,700
900,262,2,1.10621,0.611941,33,26.5,21,0,250,650
900,50,1,0.808964,0.654423,20,28,21,-1,600,300
900,318,1,0.195513,0.0382252,4,30,21,1,200,700
900,570,2,0.808289,0.342944,-0.5,33,21,0,50,850
900,571,1,0.131833,0.0173799,49,38,21,1,50,850
900,183,1,0.5814,0.338026,12,40,21,-1,350,550
900,572,1,0.873376,0.762786,12,48,21,-1,50,850
900,794,1,0.337169,0.113683,25,60,21,-1,0,900
900,154,1,0.6697,0.448498,20,61,21,-1,400,500
900,573,1,0.468528,0.219518,17,62,21,-1,50,850
900,795,1,0.891747,0.795213,49,62,21,-1,0,900
900,454,1,0.551733,0.304409,22,1,22,1,100,800
900,574,1,0.284754,0.0810846,2,2,22,-1,50,850
900,455,1,0.527208,0.277948,4,9,22,1,100,800
900,229,1,0.957634,0.917063,0,19,22,-1,300,600
900,796,1,0.715377,0.511764,20,30,22,-1,0,900
900,797,1,0.231415,0.0535528,54,35,22,1,0,900
900,52,1,0.49156,0.241631,18,37,22,1,600,300
900,798,1,0.627319,0.393529,42,40,22,1,0,900
900,577,1,0.330363,0.10914,44,45,22,1,50,850
900,799,1,0.400141,0.160113,58,47,22,-1,0,900
900,800,1,0.712642,0.507859,2,54,22,-1,0,900
900,801,1,0.379391,0.143937,63,63,22,1,0,900
900,802,1,0.678331,0.460133,1,17,23,-1,0,900
900,803,1,1.13687,1.29247,26,20,23,-1,0,900
900,230,1,0.484015,0.23427,59,22,23,1,300,600
900,14,2,1.22189,0.774174,16.5,23,23,0,650,250
900,804,1,0.601515,0.36182,35,23,23,-1,0,900
900,805,1,0.423371,0.179243,37,24,23,1,0,900
900,806,1,0.660271,0.435957,26,25,23,-1,0,900
900,807,1,0.797147,0.635443,33,34,23,-1,0,900
900,122,2,0.778624,0.335329,63,58.5,23,0,450,450
900,459,2,0.682586,0.263323,21,62.5,23.5,0,100,800
900,99,4,2.80915,2.50432,39.25,3.75,25,-2,500,400
900,265,1,0.273906,0.0750244,50,5,24,-1,250,650
900,578,1,0.666928,0.444793,31,12,24,-1,50,850
900,457,1,0.204083,0.0416498,6,20,24,-1,100,800
900,383,1,0.48766,0.237813,40,20,24,-1,150,750
900,808,2,0.419963,0.0961302,6.5,23,24,0,0,900
900,76,2,0.794352,0.452902,10.5,27,24,0,550,350
900,384,2,1.23424,0.788143,6.5,30,24,0,150,750
900,51,1,0.370552,0.137309,54,30,24,1,600,300
900,809,1,0.220508,0.0486239,42,36,24,-1,0,900
900,101,1,0.942731,0.888742,14,39,24,1,500,400
900,810,1,0.952739,0.907711,12,41,24,-1,0,900
900,266,1,0.941116,0.885699,42,43,24,-1,250,650
900,579,1,0.73495,0.540151,52,45,24,-1,50,850
900,580,1,0.773728,0.598655,49,48,24,-1,50,850
900,458,2,1.24437,0.883167,35.5,51.5,24,0,100,800
900,811,1,0.94955,0.901646,48,58,24,-1,0,900
900,812,1,0.277424,0.076964,29,60,24,-1,0,900
900,581,1,0.740603,0.548493,14,63,24,-1,50,850
900,582,1,0.845596,0.715033,22,1,25,1,50,850
900,100,1,0.520265,0.270676,10,7,25,1,500,400
900,583,1,1.3958,1.94826,29,8,25,1,50,850
900,813,1,0.519129,0.269495,26,10,25,1,0,900
900,814,1,0.611842,0.37435,19,14,25,-1,0,900
900,460,1,0.40518,0.164171,56,15,25,-1,100,800
900,461,1,0.821394,0.674689,9,19,25,-1,100,800
900,77,1,0.742661,0.551545,49,33,25,-1,550,350
900,815,2,0.753307,0.283751,16.5,39.5,25,0,0,900
900,53,1,0.770642,0.59389,29,42,25,1,600,300
900,816,1,0.8389,0.703753,40,45,25,1,0,900
900,17,2,1.30762,1.00426,19.5,52,25,0,650,250
900,466,1,0.593252,0.351948,39,54,25,1,100,800
900,15,1,0.643682,0.414326,35,55,25,1,650,250
900,584,1,0.330662,0.109337,12,59,25,1,50,850
900,263,1,0.49495,0.244976,44,17,26,-1,250,650
900,585,1,0.776967,0.603677,57,20,26,1,50,850
900,462,1,0.480566,0.230944,20,23,26,-1,100,800
900,385,1,0.816532,0.666725,31,25,26,-1,150,750
900,591,1,0.375727,0.141171,38,29,26,-1,50,850
900,390,1,0.938465,0.880717,42,35,26,-1,150,750
900,78,1,0.877097,0.7693,20,44,26,1,550,350
900,16,1,0.566962,0.321445,29,47,26,1,650,250
900,586,1,1.32209,1.74792,34,48,26,1,50,850
900,102,1,0.656359,0.430807,19,49,26,-1,500,400
900,264,1,0.28506,0.0812593,57,50,26,-1,250,650
900,587,1,0.774226,0.599426,37,60,26,-1,50,850
900,389,1,0.647595,0.419379,53,6,27,1,150,750
900,386,1,0.399017,0.159215,40,7,27,1,150,750
900,596,1,1.00241,1.00482,51,7,27,-1,50,850
900,463,1,1.312,1.72135,38,8,27,1,100,800
900,187,1,0.793594,0.629791,53,12,27,-1,350,550
900,817,1,0.349167,0.121917,63,29,27,-1,0,900
900,464,1,0.400449,0.160359,2,30,27,1,100,800
900,185,2,1.89909,2.33517,49.5,33,27,0,350,550
900,588,2,1.58838,1.26659,9,39.5,27.5,0,50,850
900,467,1,0.303001,0.0918098,41,43,27,-1,100,800
900,186,1,1.05329,1.10942,25,45,27,1,350,550
900,468,3,1.60086,0.863696,43.6667,48.6667,28,1,100,800
900,818,1,0.586054,0.343459,59,49,27,1,0,900
900,589,2,0.773525,0.313416,21.5,51.5,27,2,50,850
900,590,1,0.372172,0.138512,12,57,27,-1,50,850
900,387,3,1.1569,0.456836,26.3333,62.3333,27,-1,150,750
900,819,1,0.892118,0.795875,32,7,28,-1,0,900
900,465,2,0.913526,0.46746,43.5,29,28,0,100,800
900,820,1,0.21327,0.0454842,40,30,28,1,0,900
900,592,3,1.51006,1.3025,23.6667,42,28.3333,1,50,850
900,155,3,1.74669,1.06219,19,46.3333,28.3333,1,400,500
900,821,1,0.780549,0.609256,0,49,28,1,0,900
900,593,2,1.53586,1.27169,10.5,51.5,28,2,50,850
900,602,2,1.07266,0.679871,10,54.5,28,0,50,850
900,822,1,0.226241,0.0511851,37,55,28,-1,0,900
900,594,1,0.305196,0.0931445,19,58,28,-1,50,850
900,123,1,0.198753,0.0395029,42,61,28,1,450,450
900,595,1,0.809091,0.654628,10,63,28,1,50,850
900,469,1,0.717721,0.515124,31,2,29,1,100,800
900,388,1,1.05558,1.11425,16,7,29,-1,150,750
900,823,1,0.43849,0.192274,54,7,29,-1,0,900
900,597,2,1.41658,1.11252,19.5,9,29,0,50,850
900,598,2,0.784205,0.438825,27,9.5,29,0,50,850
900,392,1,0.218794,0.0478706,51,10,29,-1,150,750
900,611,1,1.14974,1.32191,49,12,29,1,50,850
900,599,1,0.398598,0.15888,33,16,29,1,50,850
900,18,3,2.32359,2.09361,16.3333,22.6667,29.3333,-1,650,250
900,824,1,0.75236,0.566046,55,24,29,1,0,900
900,825,2,0.551366,0.152304,39.5,36,29,0,0,900
900,391,1,0.804302,0.646902,43,42,29,-1,150,750
900,269,2,1.38073,1.01157,41.5,44.5,29,-2,250,650
900,103,1,0.727804,0.529699,6,46,29,-1,500,400
900,267,1,0.308429,0.0951286,32,46,29,-1,250,650
900,79,1,0.286905,0.0823145,57,46,29,1,550,350
900,610,1,0.810852,0.657481,40,48,29,-1,50,850
900,600,1,0.608749,0.370575,54,48,29,-1,50,850
900,601,1,0.506629,0.256673,8,49,29,-1,50,850
900,19,1,0.332555,0.110593,60,55,29,1,650,250
900,826,1,0.7388,0.545825,11,57,29,-1,0,900
900,603,1,0.656276,0.430698,31,58,29,-1,50,850
900,54,2,0.79689,0.318244,15.5,63,29.5,0,600,300
900,604,1,0.739162,0.546361,34,1,30,1,50,850
900,104,3,2.63973,2.62084,25.3333,4,30.6667,1,500,400
900,827,1,0.749775,0.562162,47,10,30,-1,0,900
900,828,1,1.1006,1.21132,61,23,30,-1,0,900
900,829,1,1.04616,1.09444,39,26,30,-1,0,900
900,830,1,1.55229,2.4096,41,27,30,-1,0,900
900,831,1,0.49782,0.247825,53,31,30,1,0,900
900,832,1,0.404159,0.163344,18,44,30,1,0,900
900,605,1,0.792978,0.628813,12,46,30,1,50,850
900,833,1,0.701392,0.491951,24,53,30,-1,0,900
900,834,1,0.938515,0.880811,18,55,30,-1,0,900
900,606,1,0.677072,0.458426,59,58,30,1,50,850
900,607,1,0.521205,0.271654,41,60,30,-1,50,850
900,835,1,0.693667,0.481174,42,1,31,-1,0,900
900,836,1,1.60947,2.59041,37,12,31,-1,0,900
900,20,1,0.575439,0.33113,22,17,31,-1,650,250
900,393,2,0.790683,0.398835,24,17.5,31.5,0,150,750
900,837,1,0.346195,0.119851,16,20,31,1,0,900
900,608,1,0.789685,0.623603,36,22,31,-1,50,850
900,838,1,0.395451,0.156382,13,40,31,-1,0,900
900,609,1,1.00724,1.01453,20,40,31,1,50,850
900,471,1,0.495692,0.245711,39,49,31,-1,100,800
900,268,1,0.618513,0.382559,50,59,31,-1,250,650
900,105,1,0.572477,0.32773,20,62,31,1,500,400
900,839,1,0.587263,0.344878,31,1,32,1,0,900
900,840,1,0.674829,0.455394,49,12,32,1,0,900
900,394,1,0.690609,0.476941,49,21,32,-1,150,750
900,21,1,0.616169,0.379665,32,32,32,1,650,250
900,470,1,0.512008,0.262152,2,37,32,1,100,800
900,156,1,0.425928,0.181415,62,38,32,1,400,500
900,841,1,0.326123,0.106356,3,39,32,1,0,900
900,612,1,0.650837,0.423588,35,41,32,1,50,850
900,613,1,0.632364,0.399884,61,42,32,1,50,850
900,614,1,0.580909,0.337456,57,47,32,-1,50,850
900,615,1,0.365286,0.133434,22,49,32,-1,50,850
900,616,1,0.76029,0.578041,41,49,32,1,50,850
900,842,1,0.772697,0.597061,43,49,32,1,0,900
900,843,1,0.175712,0.0308747,29,50,32,1,0,900
900,22,1,0.659613,0.435089,6,62,32,-1,650,250
900,472,1,0.753355,0.567544,62,0,33,1,100,800
900,55,1,0.481727,0.232061,47,6,33,1,600,300
900,23,1,0.282547,0.079833,41,11,33,-1,650,250
900,844,1,0.348863,0.121706,61,15,33,-1,0,900
900,473,1,0.67848,0.460335,40,16,33,-1,100,800
900,396,1,0.661723,0.437877,30,24,33,-1,150,750
900,845,1,0.620529,0.385056,39,27,33,-1,0,900
900,270,1,0.844771,0.713637,27,28,33,1,250,650
900,621,1,0.371726,0.138181,37,28,33,-1,50,850
900,846,1,0.295502,0.0873214,25,35,33,-1,0,900
900,617,1,0.340127,0.115686,32,36,33,1,50,850
900,847,1,0.881455,0.776963,53,38,33,-1,0,900
900,848,1,0.54672,0.298902,39,39,33,-1,0,900
900,849,1,1.13541,1.28915,62,56,33,1,0,900
900,106,1,0.534141,0.285306,33,57,33,-1,500,400
900,474,1,0.661796,0.437974,11,62,33,-1,100,800
900,618,1,0.618435,0.382461,27,4,34,1,50,850
900,619,1,0.537173,0.288555,22,9,34,1,50,850
900,80,1,0.827013,0.68395,4,12,34,-1,550,350
900,124,2,1.63276,1.33445,27,11.5,34.5,0,450,450
900,620,1,0.523713,0.274276,4,16,34,-1,50,850
900,850,1,0.209256,0.0437882,34,26,34,-1,0,900
900,626,1,1.10365,1.21804,34,28,34,-1,50,850
900,475,1,0.685131,0.469404,54,30,34,1,100,800
900,231,1,0.455624,0.207593,24,40,34,-1,300,600
900,271,1,0.230418,0.0530925,61,50,34,-1,250,650
900,622,2,1.09248,0.602583,44.5,54,34,0,50,850
900,272,2,1.79022,1.60244,61.5,7,35,0,250,650
900,395,1,0.619452,0.38372,10,9,35,1,150,750
900,275,1,0.44659,0.199443,2,10,35,1,250,650
900,273,1,0.44126,0.194711,38,11,35,1,250,650
900,851,1,0.385452,0.148574,40,12,35,-1,0,900
900,320,3,1.46827,1.13091,19.6667,14.6667,35.6667,1,200,700
900,852,1,0.54188,0.293634,31,22,35,-1,0,900
900,274,1,0.772058,0.596074,13,24,35,-1,250,650
900,853,1,0.603999,0.364815,57,28,35,1,0,900
900,854,1,0.238816,0.0570329,42,30,35,-1,0,900
900,397,1,0.673884,0.454119,52,30,35,1,150,750
900,855,1,0.836121,0.699099,13,44,35,1,0,900
900,125,1,0.871605,0.759694,5,45,35,1,450,450
900,856,1,0.627335,0.393549,6,48,35,-1,0,900
900,857,1,0.322406,0.103945,34,55,35,1,0,900
900,477,1,0.539383,0.290935,32,59,35,1,100,800
900,126,1,0.686389,0.47113,45,59,35,-1,450,450
900,858,1,0.411917,0.169676,34,61,35,1,0,900
900,623,1,0.526049,0.276727,46,62,35,-1,50,850
900,859,1,1.03967,1.08091,13,63,35,-1,0,900
900,319,1,1.04854,1.09943,19,63,35,1,200,700
900,127,3,2.24173,1.72456,28.6667,1,36.6667,-1,450,450
900,476,1,1.254,1.57253,0,3,36,1,100,800
900,624,1,0.685933,0.470504,1,5,36,1,50,850
900,860,1,0.701191,0.491669,1,8,36,1,0,900
900,56,1,0.442943,0.196199,11,18,36,1,600,300
900,625,1,0.148741,0.022124,46,21,36,1,50,850
900,861,1,0.58614,0.343561,42,28,36,1,0,900
900,862,1,0.777352,0.604276,4,30,36,-1,0,900
900,863,1,0.404108,0.163303,32,30,36,-1,0,900
900,864,1,0.619761,0.384103,49,30,36,-1,0,900
900,24,1,0.716331,0.51313,25,39,36,-1,650,250
900,276,1,0.377249,0.142316,59,43,36,1,250,650
900,157,2,0.553637,0.154067,50.5,58,36,0,400,500
900,233,2,1.09839,0.62091,12.5,5.5,37.5,0,300,600
900,480,1,0.897955,0.806323,10,16,37,-1,100,800
900,57,2,1.14428,0.706502,22.5,18,37,0,600,300
900,865,2,1.70585,1.8648,24,22.5,37,0,0,900
900,866,1,0.431724,0.186385,61,31,37,1,0,900
900,867,1,0.607865,0.3695,38,34,37,-1,0,900
900,868,2,0.97131,0.507562,26,36,37.5,0,0,900
900,128,3,2.03203,1.59254,62.3333,37.6667,37.3333,1,450,450
900,188,1,0.290096,0.0841557,19,40,37,1,350,550
900,627,1,0.468871,0.21984,0,51,37,1,50,850
900,629,1,0.571766,0.326916,9,51,37,-1,50,850
900,869,1,0.687148,0.472172,34,61,37,-1,0,900
900,631,1,0.959207,0.920078,23,63,37,1,50,850
900,633,1,0.660047,0.435663,7,2,38,-1,50,850
900,232,2,1.47449,1.10261,18,2.5,38,0,300,600
900,158,1,1.06355,1.13114,21,2,38,1,400,500
900,159,1,0.357488,0.127797,52,2,38,-1,400,500
900,82,3,1.25096,0.535475,53.3333,5.66667,38,-1,550,350
900,478,2,0.862908,0.374413,47,6,38.5,0,100,800
900,234,1,0.204339,0.0417545,46,11,38,1,300,600
900,628,1,0.442284,0.195615,61,15,38,-1,50,850
900,481,1,0.827663,0.685026,34,19,38,1,100,800
900,870,1,0.227399,0.0517101,11,31,38,-1,0,900
900,189,1,0.894428,0.800001,53,45,38,1,350,550
900,129,1,0.894695,0.80048,26,49,38,-1,450,450
900,871,1,0.892746,0.796996,6,51,38,-1,0,900
900,872,1,0.52902,0.279862,9,53,38,1,0,900
900,630,1,0.877028,0.769179,44,61,38,-1,50,850
900,873,1,0.811214,0.658068,20,62,38,-1,0,900
900,280,1,0.631302,0.398542,34,1,39,-1,250,650
900,277,1,0.542193,0.293973,1,3,39,-1,250,650
900,632,1,0.465572,0.216757,36,3,39,-1,50,850
900,874,1,0.634621,0.402744,9,4,39,1,0,900
900,875,1,0.633747,0.401635,3,7,39,1,0,900
900,398,1,1.17411,1.37855,21,7,39,1,150,750
900,479,1,0.277839,0.0771948,28,7,39,1,100,800
900,321,1,0.678308,0.460101,21,13,39,-1,200,700
900,235,3,1.58496,0.854099,51,15,39.3333,1,300,600
900,130,1,0.711686,0.506497,0,16,39,1,450,450
900,876,1,0.95801,0.917783,8,17,39,-1,0,900
900,81,1,0.488818,0.238943,23,19,39,1,550,350
900,484,1,0.429388,0.184374,37,21,39,-1,100,800
900,58,1,0.35679,0.127299,3,26,39,-1,600,300
900,877,1,0.620854,0.38546,43,27,39,1,0,900
900,279,1,0.505152,0.255178,37,37,39,1,250,650
900,107,1,0.818944,0.670669,31,41,39,1,500,400
900,488,1,0.707511,0.500572,42,46,39,-1,100,800
900,878,1,0.369441,0.136486,48,52,39,1,0,900
900,25,1,0.92319,0.85228,50,63,39,-1,650,250
900,237,1,0.386305,0.149232,49,4,40,-1,300,600
900,634,1,0.61587,0.379295,33,23,40,1,50,850
900,236,2,1.3246,0.87929,56.5,24.5,40,0,300,600
900,190,1,0.983816,0.967894,22,40,40,-1,350,550
900,322,1,0.541691,0.293429,25,47,40,-1,200,700
900,161,1,1.00788,1.01582,48,48,40,-1,400,500
900,879,1,0.500477,0.250478,38,52,40,-1,0,900
900,880,1,0.598567,0.358282,21,58,40,1,0,900
900,482,2,1.31932,0.897503,28.5,59.5,40.5,0,100,800
900,635,1,0.912273,0.832241,52,0,41,1,50,850
900,325,2,0.667054,0.233777,51,6,41.5,0,200,700
900,278,1,0.43967,0.19331,55,7,41,-1,250,650
900,483,1,0.870712,0.758139,33,14,41,-1,100,800
900,160,1,0.765346,0.585754,46,16,41,1,400,500
900,636,1,0.481594,0.231932,37,20,41,-1,50,850
900,281,1,0.373359,0.139397,50,24,41,1,250,650
900,881,1,0.661309,0.437329,34,30,41,-1,0,900
900,60,1,0.376323,0.141619,18,33,41,1,600,300
900,485,2,1.5542,1.27153,17.5,35,41,0,100,800
900,108,3,1.65687,0.942987,55.3333,35.6667,41.6667,-1,500,400
900,646,1,1.2947,1.67625,19,38,41,1,50,850
900,882,1,0.361091,0.130387,36,39,41,1,0,900
900,642,1,0.555664,0.308763,45,46,41,1,50,850
900,637,1,0.681927,0.465025,12,53,41,-1,50,850
900,638,1,0.123351,0.0152155,10,1,42,-1,50,850
900,399,1,0.949191,0.900963,33,1,42,-1,150,750
900,323,2,1.60673,1.40926,40,2,42.5,0,200,700
900,639,1,0.430615,0.185429,33,3,42,-1,50,850
900,27,1,0.427176,0.18248,42,10,42,1,650,250
900,162,1,0.408201,0.166628,46,10,42,-1,400,500
900,640,1,0.722399,0.521861,42,13,42,1,50,850
900,883,1,0.328455,0.107882,40,14,42,-1,0,900
900,26,1,0.577084,0.333026,4,17,42,1,650,250
900,884,1,0.468561,0.219549,40,17,42,1,0,900
900,641,2,2.01404,2.07546,2.5,20,42,0,50,850
900,191,1,0.780815,0.609672,25,22,42,-1,350,550
900,486,2,1.63185,1.44773,4.5,23,42,0,100,800
900,401,2,1.27116,0.831855,53,23,42.5,0,150,750
900,487,1,0.511808,0.261947,6,29,42,-1,100,800
900,885,1,0.53879,0.290295,15,32,42,1,0,900
900,324,1,0.756967,0.572998,8,39,42,1,200,700
900,886,1,0.987816,0.975781,21,39,42,1,0,900
900,131,1,0.580584,0.337078,62,42,42,-1,450,450
900,887,1,0.892812,0.797113,62,45,42,-1,0,900
900,649,1,0.740617,0.548514,43,47,42,-1,50,850
900,643,1,0.605776,0.366965,27,48,42,1,50,850
900,888,1,0.675902,0.456843,5,52,42,1,0,900
900,644,1,0.376345,0.141636,1,55,42,-1,50,850
900,329,1,1.74833,3.05665,45,3,43,1,200,700
900,645,3,2.35475,2.0558,49.3333,10,43,-1,50,850
900,240,5,3.90986,3.28218,44.8,13.2,43.4,1,300,600
900,889,1,0.535324,0.286572,25,15,43,-1,0,900
900,238,2,1.97359,1.96237,10.5,16.5,43.5,0,300,600
900,890,1,1.02619,1.05306,22,17,43,-1,0,900
900,284,1,0.374786,0.140465,25,25,43,1,250,650
900,491,1,0.215182,0.0463034,13,28,43,1,100,800
900,327,2,1.68898,1.50291,18.5,32.5,43.5,0,200,700
900,282,1,0.601782,0.362142,32,35,43,-1,250,650
900,193,2,1.18059,0.80635,30.5,40.5,43.5,-2,350,550
900,891,1,0.332139,0.110316,11,48,43,-1,0,900
900,132,1,0.350061,0.122543,14,50,43,-1,450,450
900,239,1,0.779371,0.607419,56,1,44,1,300,600
900,892,2,1.16941,0.73793,30,8,44.5,0,0,900
900,893,1,0.311708,0.0971616,36,9,44,-1,0,900
900,400,1,0.212781,0.045276,41,10,44,-1,150,750
900,59,3,1.79541,1.29201,16.6667,13.6667,44,-1,600,300
900,489,1,0.686079,0.470704,19,13,44,-1,100,800
900,651,1,0.750918,0.563879,9,15,44,-1,50,850
900,326,1,0.155459,0.0241676,44,16,44,1,200,700
900,894,1,0.771656,0.595453,47,17,44,1,0,900
900,192,1,0.847662,0.71853,14,26,44,-1,350,550
900,659,1,1.0508,1.10418,22,27,44,-1,50,850
900,895,1,0.462564,0.213966,15,36,44,1,0,900
900,83,1,0.210022,0.0441094,48,37,44,1,550,350
900,896,2,1.80155,1.6263,18,39.5,44,0,0,900
900,647,1,1.37864,1.90065,62,39,44,-1,50,850
900,897,1,0.998572,0.997146,27,41,44,-1,0,900
900,648,1,0.548567,0.300926,53,41,44,-1,50,850
900,898,1,0.774417,0.599722,45,48,44,-1,0,900
900,899,1,0.227048,0.0515509,15,53,44,1,0,900
900,490,1,0.527195,0.277935,22,53,44,1,100,800
900,328,1,0.234647,0.0550594,43,55,44,-1,200,700
900,650,1,0.574364,0.329894,45,55,44,-1,50,850
900,133,1,0.635746,0.404173,9,60,44,1,450,450
900,283,1,0.595486,0.354603,19,60,44,-1,250,650
900,109,2,1.22441,0.759558,37,3,45.5,0,500,400
900,655,1,0.423939,0.179724,43,3,45,1,50,850
900,194,3,1.16572,0.736422,3.33333,8,45,1,350,550
900,241,1,0.628888,0.395501,62,8,45,1,300,600
900,664,1,0.785143,0.616449,6,13,45,-1,50,850
900,900,1,0.434652,0.188923,55,21,45,-1,0,900
900,195,2,1.32654,1.07,54,26.5,45,0,350,550
900,652,1,0.597946,0.357539,14,28,45,-1,50,850
900,901,1,0.510419,0.260527,37,31,45,1,0,900
900,902,1,0.85742,0.73517,10,38,45,-1,0,900
900,668,1,0.825505,0.681458,38,40,45,1,50,850
900,653,1,0.433588,0.187999,24,46,45,1,50,850
900,28,1,1.19345,1.42432,34,51,45,1,650,250
900,654,1,0.576955,0.332878,0,0,46,-1,50,850
900,656,1,0.409715,0.167866,44,6,46,1,50,850
900,903,1,0.562836,0.316785,46,9,46,1,0,900
900,492,1,0.693531,0.480985,43,12,46,1,100,800
900,672,1,1.08474,1.17667,24,15,46,-1,50,850
900,493,1,0.267056,0.0713188,38,15,46,-1,100,800
900,657,1,0.579015,0.335258,1,17,46,1,50,850
900,904,1,0.885827,0.784689,36,20,46,-1,0,900
900,494,1,0.436606,0.190625,60,20,46,-1,100,800
900,658,1,0.69755,0.486576,43,24,46,-1,50,850
900,905,1,0.796477,0.634375,21,26,46,1,0,900
900,330,1,1.18128,1.39542,0,27,46,-1,200,700
900,331,1,0.693067,0.480342,48,27,46,1,200,700
900,906,1,0.264,0.0696962,24,29,46,-1,0,900
900,332,1,0.754762,0.569666,55,29,46,1,200,700
900,29,2,0.916249,0.426218,43.5,31,46,0,650,250
900,660,1,0.380469,0.144757,40,37,46,1,50,850
900,285,1,0.693029,0.48029,5,42,46,1,250,650
900,495,1,0.391598,0.153349,5,44,46,1,100,800
900,661,1,0.757937,0.574469,18,48,46,-1,50,850
900,662,1,0.418474,0.175121,33,55,46,-1,50,850
900,134,2,1.36716,1.12283,45.5,58.5,46.5,0,450,450
900,163,1,1.14453,1.30994,59,60,46,1,400,500
900,907,1,0.502166,0.25217,17,62,46,-1,0,900
900,663,1,0.677677,0.459246,31,0,47,-1,50,850
900,402,1,0.266225,0.0708756,7,7,47,-1,150,750
900,908,1,0.567438,0.321986,26,7,47,1,0,900
900,496,1,1.17947,1.39115,25,11,47,1,100,800
900,909,1,0.502817,0.252825,7,12,47,-1,0,900
900,61,1,0.67457,0.455044,59,36,47,-1,600,300
900,665,1,0.858042,0.736236,52,38,47,-1,50,850
900,910,1,0.922712,0.851398,44,45,47,1,0,900
900,135,1,0.610511,0.372724,37,50,47,1,450,450
900,84,4,2.40521,1.57415,60.5,52.5,47.5,0,550,350
900,110,3,2.0983,1.77196,38.3333,2.33333,48.3333,-1,500,400
900,911,1,0.489388,0.2395,4,8,48,-1,0,900
900,677,1,0.400699,0.16056,33,11,48,1,50,850
900,666,1,0.735649,0.541179,61,16,48,1,50,850
900,912,1,0.396379,0.157116,25,17,48,1,0,900
900,667,1,0.389784,0.151931,9,24,48,-1,50,850
900,674,1,0.612211,0.374802,23,26,48,1,50,850
900,913,1,0.375782,0.141212,38,38,48,1,0,900
900,669,1,0.589584,0.347609,34,41,48,-1,50,850
900,497,2,1.43281,1.03839,25.5,42,48,0,100,800
900,404,1,0.919891,0.8462,4,43,48,-1,150,750
900,333,1,0.846654,0.716823,27,46,48,-1,200,700
900,85,3,1.51119,0.795619,34.6667,48.6667,48,-1,550,350
900,670,1,0.128107,0.0164113,47,57,48,1,50,850
900,914,1,0.741918,0.550443,40,58,48,1,0,900
900,403,1,0.525657,0.276315,58,59,48,1,150,750
900,671,1,0.86307,0.744889,28,63,48,-1,50,850
900,196,1,0.704456,0.496258,7,4,49,1,350,550
900,498,1,0.363703,0.13228,21,4,49,1,100,800
900,915,1,0.738742,0.54574,25,14,49,1,0,900
900,673,1,0.703151,0.494421,15,18,49,1,50,850
900,916,1,0.901061,0.811911,25,26,49,1,0,900
900,287,1,0.311137,0.0968064,55,30,49,1,250,650
900,111,1,0.980391,0.961167,29,33,49,1,500,400
900,917,1,0.690263,0.476463,2,36,49,1,0,900
900,407,1,0.440281,0.193848,18,41,49,1,150,750
900,918,1,0.764564,0.584558,6,42,49,1,0,900
900,919,1,1.01503,1.03028,13,43,49,-1,0,900
900,920,1,0.549052,0.301458,21,48,49,1,0,900
900,675,1,0.599683,0.359619,29,50,49,-1,50,850
900,406,2,1.09734,0.690858,52,53,49.5,0,150,750
900,63,1,0.510454,0.260564,34,59,49,1,600,300
900,921,1,0.467146,0.218225,32,20,50,1,0,900
900,676,1,0.213976,0.0457856,17,21,50,1,50,850
900,499,1,0.632095,0.399544,0,28,50,1,100,800
900,136,1,0.694938,0.482939,45,28,50,-1,450,450
900,922,1,0.380253,0.144593,29,31,50,-1,0,900
900,112,1,0.228178,0.0520654,49,34,50,1,500,400
900,923,1,0.6138,0.37675,2,43,50,1,0,900
900,405,2,0.959535,0.460567,32.5,47,50.5,0,150,750
900,242,1,0.485767,0.23597,33,51,50,1,300,600
900,286,1,0.448065,0.200762,49,61,50,1,250,650
900,64,2,1.23636,0.966342,32.5,61.5,50.5,0,600,300
900,164,1,0.161916,0.0262167,6,11,51,-1,400,500
900,924,1,0.768634,0.590799,31,12,51,-1,0,900
900,925,1,0.335899,0.112828,22,15,51,-1,0,900
900,334,1,0.745337,0.555527,58,20,51,1,200,700
900,926,1,0.748801,0.560703,41,23,51,-1,0,900
900,62,1,0.599375,0.35925,2,24,51,-1,600,300
900,927,2,0.989555,0.57882,36.5,28.5,51,2,0,900
900,337,1,0.486852,0.237024,32,30,51,-1,200,700
900,928,1,1.02795,1.05668,40,30,51,-1,0,900
900,197,2,0.741814,0.300008,48,30.5,51,0,350,550
900,929,1,0.976931,0.954395,5,32,51,1,0,900
900,137,1,0.316888,0.100418,44,32,51,-1,450,450
900,198,1,0.779878,0.608209,43,34,51,-1,350,550
900,930,1,1.33951,1.7943,18,35,51,-1,0,900
900,243,1,0.859728,0.739131,24,38,51,-1,300,600
900,199,3,2.12629,1.53337,21.3333,41.3333,51,1,350,550
900,114,2,1.39892,0.979937,45.5,42.5,51.5,0,500,400
900,931,1,0.764032,0.583745,43,48,51,1,0,900
900,138,2,0.933066,0.45747,1,60,51.5,0,450,450
900,288,2,1.58332,1.28129,20,4.5,52.5,0,250,650
900,115,1,0.887188,0.787103,42,11,52,1,500,400
900,932,1,1.06356,1.13116,27,15,52,1,0,900
900,335,2,1.54564,1.23216,59,16.5,52,0,200,700
900,113,1,0.363614,0.132215,56,27,52,-1,500,400
900,336,1,0.266385,0.0709611,55,29,52,1,200,700
900,30,2,1.61679,1.60672,60,30.5,52.5,0,650,250
900,86,1,0.763526,0.582972,31,34,52,-1,550,350
900,410,1,0.584649,0.341815,44,38,52,1,150,750
900,500,1,0.807266,0.651678,18,43,52,1,100,800
900,502,2,1.99938,2.30149,37,56,52.5,0,100,800
900,408,1,1.07236,1.14996,53,61,52,-1,150,750
900,933,1,1.16798,1.36419,35,63,52,-1,0,900
900,934,1,0.784901,0.616069,54,12,53,-1,0,900
900,87,1,0.583791,0.340812,42,13,53,1,550,350
900,200,1,0.663468,0.44019,27,20,53,-1,350,550
900,501,2,1.18289,0.763752,10.5,29,53.5,0,100,800
900,201,1,0.454086,0.206194,62,30,53,1,350,550
900,935,1,1.19768,1.43445,16,35,53,-1,0,900
900,409,1,0.793723,0.629996,61,36,53,1,150,750
900,289,1,0.55649,0.309682,8,38,53,-1,250,650
900,936,1,0.562651,0.316576,42,40,53,-1,0,900
900,937,1,0.371403,0.13794,48,41,53,-1,0,900
900,139,1,1.2906,1.66565,26,43,53,1,450,450
900,31,1,0.398569,0.158858,30,49,53,-1,650,250
900,290,1,0.312115,0.0974159,33,2,54,-1,250,650
900,202,1,0.755118,0.570203,30,6,54,1,350,550
900,938,1,0.573624,0.329044,11,9,54,1,0,900
900,678,1,0.845232,0.714417,29,18,54,1,50,850
900,339,3,2.38013,1.93087,27.3333,30.6667,54.6667,1,200,700
900,412,2,0.971924,0.684678,32,31.5,54,0,150,750
900,679,1,0.737262,0.543555,36,32,54,-1,50,850
900,939,1,0.316261,0.100021,24,41,54,-1,0,900
900,940,1,0.48718,0.237344,41,45,54,-1,0,900
900,941,1,1.11234,1.23731,35,46,54,1,0,900
900,503,1,0.734335,0.539248,16,47,54,1,100,800
900,680,1,0.147787,0.0218411,19,49,54,-1,50,850
900,942,1,0.902796,0.815041,60,49,54,1,0,900
900,291,1,0.34096,0.116254,44,60,54,1,250,650
900,681,1,0.422768,0.178733,5,61,54,-1,50,850
900,340,1,0.141864,0.0201255,57,0,55,-1,200,700
900,65,5,1.95277,1.10722,39.8,2.6,55.2,-1,600,300
900,943,1,0.602561,0.36308,63,4,55,1,0,900
900,944,2,0.658654,0.224666,27,6.5,55.5,0,0,900
900,945,1,0.73347,0.537978,41,9,55,-1,0,900
900,504,1,0.307056,0.0942837,57,10,55,-1,100,800
900,946,1,0.227099,0.0515738,41,12,55,-1,0,900
900,947,1,0.485892,0.236091,43,16,55,-1,0,900
900,292,1,0.784999,0.616223,12,19,55,-1,250,650
900,338,1,0.993311,0.986666,19,29,55,1,200,700
900,948,1,0.328171,0.107696,46,33,55,-1,0,900
900,244,1,0.693092,0.480377,29,40,55,-1,300,600
900,116,1,0.863065,0.744881,5,43,55,1,500,400
900,32,1,0.357804,0.128024,45,52,55,1,650,250
900,949,1,0.742308,0.551021,54,1,56,-1,0,900
900,411,1,0.371542,0.138043,23,10,56,1,150,750
900,950,1,0.604837,0.365827,26,20,56,-1,0,900
900,951,1,0.532444,0.283497,43,27,56,-1,0,900
900,952,1,0.156826,0.0245944,11,29,56,1,0,900
900,953,1,0.284864,0.0811477,32,38,56,-1,0,900
900,341,1,0.569623,0.32447,12,45,56,1,200,700
900,954,2,1.77648,1.59481,27,54,56.5,2,0,900
900,165,2,2.08214,2.3888,41,54.5,56,0,400,500
900,955,1,0.419877,0.176297,25,57,56,1,0,900
900,33,3,1.54265,0.921309,60,59,56.3333,-1,650,250
900,167,1,0.467967,0.218993,19,60,56,1,400,500
900,682,1,0.741145,0.549296,15,1,57,-1,50,850
900,956,1,0.59557,0.354704,61,1,57,1,0,900
900,342,2,1.02779,0.614832,63,5.5,57.5,0,200,700
900,203,1,0.281297,0.0791278,54,17,57,1,350,550
900,505,1,0.726463,0.527749,11,21,57,1,100,800
900,166,1,0.298634,0.0891822,32,27,57,-1,400,500
900,957,1,0.928607,0.862311,30,30,57,-1,0,900
900,506,1,0.713809,0.509524,1,40,57,1,100,800
900,413,3,2.94155,3.20324,57.3333,42,57.3333,-1,150,750
900,507,1,0.432332,0.186911,47,56,57,-1,100,800
900,245,1,0.985028,0.970279,20,58,57,-1,300,600
900,683,1,0.816421,0.666543,25,2,58,1,50,850
900,958,1,0.506768,0.256813,31,6,58,1,0,900
900,140,1,0.335344,0.112456,17,8,58,-1,450,450
900,959,1,0.736697,0.542722,63,8,58,-1,0,900
900,960,1,1.06657,1.13758,2,13,58,-1,0,900
900,961,1,0.877987,0.770861,13,16,58,-1,0,900
900,962,1,0.275088,0.0756734,15,17,58,-1,0,900
900,168,1,0.970511,0.941891,1,34,58,-1,400,500
900,963,2,2.99818,4.50273,7,34,58.5,2,0,900
900,414,2,1.52937,1.47202,6,41,58.5,0,150,750
900,964,1,0.755378,0.570597,16,43,58,1,0,900
900,117,1,1.13939,1.29822,27,48,58,-1,500,400
900,508,1,0.336011,0.112903,61,50,58,-1,100,800
900,509,2,1.11921,0.679379,41.5,52.5,58,0,100,800
900,965,1,0.0830915,0.00690419,18,60,58,1,0,900
900,169,2,0.758479,0.39093,54.5,62,58,0,400,500
900,684,1,0.767691,0.58935,41,2,59,-1,50,850
900,966,1,0.31998,0.102387,57,9,59,-1,0,900
900,967,1,0.326466,0.10658,55,10,59,-1,0,900
900,35,3,2.28664,1.75696,43,17,59,1,650,250
900,34,1,0.526251,0.27694,50,16,59,-1,650,250
900,968,1,0.954263,0.910619,2,17,59,1,0,900
900,343,3,2.08118,1.76457,5,22,59,-1,200,700
900,88,1,0.657307,0.432052,27,25,59,1,550,350
900,66,1,0.424262,0.179999,57,27,59,1,600,300
900,89,1,1.10438,1.21966,5,28,59,1,550,350
900,969,1,1.15569,1.33563,43,32,59,-1,0,900
900,970,1,0.444559,0.197632,59,34,59,1,0,900
900,971,1,0.251006,0.0630038,28,40,59,-1,0,900
900,415,1,0.855566,0.731994,47,43,59,1,150,750
900,972,1,0.54478,0.296786,48,45,59,-1,0,900
900,204,1,0.377298,0.142354,40,46,59,1,350,550
900,38,1,0.5191,0.269465,11,58,59,1,650,250
900,246,4,3.93402,4.44403,5,63.5,59.75,-2,300,600
900,247,1,0.56705,0.321546,24,63,59,1,300,600
900,36,1,0.337754,0.114077,10,2,60,1,650,250
900,170,6,4.02577,2.77471,55,2.33333,60.8333,0,400,500
900,293,1,0.459836,0.211449,24,9,60,1,250,650
900,294,1,0.840463,0.706378,15,21,60,-1,250,650
900,973,1,0.979952,0.960306,10,23,60,1,0,900
900,974,1,1.23421,1.52329,19,23,60,1,0,900
900,142,1,0.476509,0.227061,46,28,60,-1,450,450
900,39,1,0.335341,0.112453,20,59,60,-1,650,250
900,510,1,0.544853,0.296865,12,61,60,1,100,800
900,511,1,0.625385,0.391106,29,1,61,-1,100,800
900,344,1,0.914009,0.835413,26,9,61,-1,200,700
900,143,1,0.344462,0.118654,25,16,61,-1,450,450
900,416,1,0.302043,0.0912302,35,16,61,1,150,750
900,685,1,1.02035,1.04111,39,17,61,-1,50,850
900,37,1,0.141315,0.0199699,51,17,61,-1,650,250
900,90,1,0.421304,0.177497,51,22,61,1,550,350
900,295,1,0.528785,0.279614,36,29,61,-1,250,650
900,686,1,1.00262,1.00525,1,32,61,-1,50,850
900,975,1,0.695772,0.484098,42,41,61,1,0,900
900,976,1,0.463895,0.215199,59,52,61,1,0,900
900,118,2,1.13665,0.651495,14.5,54.5,61.5,0,500,400
900,512,2,0.95816,0.474569,11.5,55,61,0,100,800
900,687,2,1.18877,0.908624,61,57,61.5,0,50,850
900,977,1,0.413598,0.171063,24,6,62,-1,0,900
900,978,1,0.565002,0.319227,38,9,62,1,0,900
900,979,1,0.440579,0.19411,9,16,62,-1,0,900
900,980,1,0.359408,0.129174,25,20,62,-1,0,900
900,345,1,0.725751,0.526714,49,21,62,-1,200,700
900,513,2,1.46283,1.07407,59.5,22,62,0,100,800
900,346,1,0.52552,0.276172,23,26,62,-1,200,700
900,514,1,0.736545,0.542499,4,49,62,1,100,800
900,981,1,1.03509,1.07142,12,52,62,1,0,900
900,347,1,0.496346,0.246359,45,53,62,-1,200,700
900,515,1,0.698353,0.487696,54,53,62,1,100,800
900,982,1,1.0533,1.10944,19,58,62,-1,0,900
900,519,2,1.16409,0.682597,35,58,62.5,0,100,800
900,983,2,1.66253,1.41513,19.5,60,62,0,0,900
900,984,1,0.643027,0.413484,36,8,63,-1,0,900
900,985,1,0.531392,0.282378,4,10,63,-1,0,900
900,417,1,0.324758,0.105468,26,11,63,-1,150,750
900,516,2,1.47219,1.27943,6.5,26,63,0,100,800
900,986,1,0.802634,0.644221,35,29,63,-1,0,900
900,517,1,0.629604,0.396402,44,33,63,1,100,800
900,987,1,0.948421,0.899502,27,37,63,-1,0,900
900,988,1,0.576196,0.332001,60,39,63,1,0,900
900,348,1,1.34553,1.81046,22,42,63,1,200,700
900,989,1,0.665565,0.442977,6,46,63,1,0,900
900,990,1,0.404946,0.163981,36,48,63,1,0,900
900,688,1,0.694966,0.482978,50,53,63,1,50,850
900,349,1,0.511095,0.261218,35,54,63,1,200,700
900,40,1,0.559397,0.312926,24,58,63,-1,650,250
900,689,1,0.793639,0.629863,26,58,63,-1,50,850
900,518,1,0.187211,0.035048,15,59,63,-1,100,800
900,991,1,0.202549,0.0410261,35,60,63,1,0,900
900,992,1,0.490935,0.241017,17,61,63,1,0,900
950,296,1,0.916975,0.840843,60,1,0,1,250,700
950,419,3,2.56449,2.26608,2,2.66667,1,-1,150,800
950,993,1,0.873504,0.763009,31,10,0,1,0,950
950,994,1,0.723785,0.523864,14,12,0,-1,0,950
950,690,1,0.723777,0.523853,18,13,0,-1,50,900
950,92,1,0.713221,0.508684,19,17,0,1,550,400
950,691,1,0.407635,0.166166,7,18,0,1,50,900
950,692,1,0.668279,0.446597,37,24,0,1,50,900
950,520,3,1.30048,0.606801,45.3333,27.3333,-0.666667,-1,100,850
950,695,2,1.08145,0.603853,27,30,0.5,0,50,900
950,995,1,0.88603,0.785049,59,36,0,1,0,950
950,171,3,1.74844,1.03521,10.6667,38.3333,-0.333333,1,400,550
950,996,1,0.456419,0.208318,6,40,0,1,0,950
950,145,1,1.02106,1.04257,16,40,0,1,450,500
950,521,2,1.45723,1.20675,62.5,40,0,0,100,850
950,172,1,0.675777,0.456675,42,43,0,-1,400,550
950,997,1,0.801543,0.642471,21,44,0,1,0,950
950,205,1,0.490663,0.24075,41,46,0,-1,350,600
950,998,1,1.10829,1.22831,7,48,0,-1,0,950
950,693,1,0.684166,0.468083,44,48,0,-1,50,900
950,999,1,0.617962,0.381877,8,60,0,-1,0,950
950,523,1,0.611195,0.37356,0,63,0,1,100,850
950,299,1,0.532414,0.283465,48,63,0,1,250,700
950,1000,5,4.10226,3.47577,50.6,62.2,1.8,1,0,950
950,2,3,2.64451,2.38484,55.3333,1,1.66667,1,700,250
950,1001,1,0.736728,0.542768,5,4,1,-1,0,950
950,694,1,0.98029,0.960969,35,5,1,-1,50,900
950,206,1,0.652026,0.425138,53,15,1,1,350,600
950,350,5,2.81853,1.67238,34.8,19.6,1.8,1,200,750
950,248,2,1.15665,0.673048,-0.5,23,1,0,300,650
950,1002,1,0.860357,0.740215,0,34,1,-1,0,950
950,1003,1,0.106713,0.0113877,44,34,1,1,0,950
950,422,1,0.269276,0.0725094,40,49,1,-1,150,800
950,696,2,1.29764,0.843184,1.5,51,1,0,50,900
950,208,1,0.464079,0.215369,10,51,1,1,350,600
950,1004,1,0.489579,0.239688,13,52,1,1,0,950
950,418,1,0.546603,0.298775,13,58,1,1,150,800
950,67,1,0.978062,0.956606,23,58,1,1,600,350
950,41,1,0.748101,0.559654,29,0,2,-1,650,300
950,420,1,0.467564,0.218616,15,3,2,1,150,800
950,1005,1,0.670135,0.449081,30,6,2,-1,0,950
950,1006,1,1.08259,1.17201,27,9,2,1,0,950
950,1007,1,0.496796,0.246806,37,17,2,1,0,950
950,697,1,0.518996,0.269357,41,22,2,-1,50,900
950,698,2,0.824225,0.361851,4.5,24,2,0,50,900
950,703,2,1.49569,1.18536,31,24,2.5,0,50,900
950,1008,1,0.653286,0.426783,3,26,2,1,0,950
950,699,1,0.502344,0.252349,14,27,2,1,50,900
950,525,1,0.628222,0.394663,29,27,2,1,100,850
950,249,2,1.02672,0.583286,47,27,2.5,0,300,650
950,1009,1,0.43811,0.19194,46,30,2,-1,0,950
950,297,1,0.436287,0.190346,20,36,2,1,250,700
950,713,1,0.412933,0.170513,59,36,2,1,50,900
950,522,1,0.807464,0.651999,37,38,2,1,100,850
950,351,2,1.27086,0.815109,45.5,37.5,2.5,0,200,750
950,1010,1,0.397577,0.158067,8,39,2,-1,0,950
950,213,1,0.583477,0.340446,15,41,2,-1,350,600
950,426,3,1.8885,1.28243,50.3333,46.3333,3,1,150,800
950,298,2,1.15889,0.775593,21,50.5,2,0,250,700
950,1011,1,0.44009,0.19368,12,54,2,1,0,950
950,1012,1,1.58847,2.52325,7,59,2,1,0,950
950,207,1,0.453257,0.205442,30,59,2,-1,350,600
950,1013,1,0.563374,0.31739,18,61,2,-1,0,950
950,1014,2,1.25935,0.841791,0,62.5,2,0,0,950
950,144,2,1.74648,1.52677,12,0,3.5,0,450,500
950,1015,1,0.787052,0.619452,61,8,3,1,0,950
950,700,1,0.786995,0.619361,14,9,3,1,50,900
950,0,1,0.646417,0.417855,45,12,3,-1,700,250
950,701,1,0.235136,0.0552888,19,16,3,1,50,900
950,702,1,0.428867,0.183927,6,18,3,1,50,900
950,524,1,0.499695,0.249695,47,18,3,-1,100,850
950,1016,1,0.741165,0.549325,6,20,3,1,0,950
950,425,2,1.11262,0.643248,56.5,20,3,0,150,800
950,1017,1,0.310239,0.0962481,29,24,3,-1,0,950
950,3,4,2.48779,1.72933,48.5,25.25,3.5,2,700,250
950,1018,2,2.85503,4.33603,10,29.5,3.5,0,0,950
950,1019,1,0.364507,0.132865,12,31,3,-1,0,950
950,1020,1,0.563269,0.317272,1,32,3,1,0,950
950,704,1,0.67016,0.449115,21,33,3,1,50,900
950,1,3,1.67367,0.987741,19.3333,41.6667,3.33333,1,700,250
950,705,1,0.272026,0.0739984,62,46,3,1,50,900
950,146,1,0.889867,0.791863,11,49,3,-1,450,500
950,706,1,0.0601475,0.00361772,8,51,3,-1,50,900
950,1021,1,0.733916,0.538633,41,51,3,1,0,950
950,209,2,0.904311,0.413043,31.5,57,3,0,350,600
950,1022,1,0.55224,0.304969,14,59,3,-1,0,950
950,707,1,0.581027,0.337592,37,63,3,-1,50,900
950,210,3,1.71687,1.01815,51.6667,2,4.33333,-1,350,600
950,423,1,0.583288,0.340225,47,7,4,-1,150,800
950,121,1,0.540648,0.2923,59,8,4,1,500,450
950,1023,1,0.213405,0.0455418,11,13,4,-1,0,950
950,529,1,0.48459,0.234828,36,13,4,-1,100,850
950,424,3,1.37681,0.645373,33.6667,20.6667,4,1,150,800
950,1024,1,1.1771,1.38556,56,22,4,-1,0,950
950,427,1,0.428528,0.183636,16,23,4,-1,150,800
950,5,1,0.191138,0.0365337,42,26,4,-1,700,250
950,1025,1,0.949666,0.901865,2,35,4,1,0,950
950,217,14,7.49835,4.85546,32.8571,36.6429,5.78571,4,350,600
950,93,2,0.883255,0.39036,14.5,38.5,4.5,0,550,400
950,708,1,0.26207,0.0686808,32,41,4,1,50,900
950,532,1,0.529697,0.280579,15,42,4,-1,100,850
950,527,2,0.740018,0.296039,6.5,44,4.5,0,100,850
950,709,1,0.494542,0.244572,49,53,4,-1,50,900
950,710,1,0.228945,0.052416,62,61,4,-1,50,900
950,711,1,0.421038,0.177273,18,0,5,1,50,900
950,250,3,3.09698,3.93998,29.3333,2,5.66667,1,300,650
950,303,1,0.975706,0.952001,56,6,5,-1,250,700
950,215,1,1.0665,1.13743,24,8,5,1,350,600
950,1026,1,0.670624,0.449737,30,9,5,-1,0,950
950,300,1,0.308716,0.0953056,41,13,5,1,250,700
950,526,1,0.606799,0.368205,14,22,5,-1,100,850
950,211,3,2.52296,2.33224,22.3333,24,5.33333,1,350,600
950,712,1,0.407609,0.166145,46,25,5,-1,50,900
950,147,1,0.884498,0.782337,11,27,5,-1,450,500
950,1027,1,0.433908,0.188276,59,34,5,1,0,950
950,1028,1,1.5983,2.55456,62,38,5,1,0,950
950,428,1,0.399689,0.159751,45,42,5,-1,150,800
950,719,1,0.268677,0.0721872,62,45,5,-1,50,900
950,1029,1,0.323976,0.10496,0,46,5,-1,0,950
950,1030,4,3.52927,3.26871,13.5,49,5.5,-2,0,950
950,1031,1,0.50681,0.256856,55,52,5,1,0,950
950,1032,1,1.06696,1.13841,9,53,5,-1,0,950
950,1033,1,0.590681,0.348904,4,54,5,-1,0,950
950,119,1,0.630721,0.397809,3,60,5,-1,500,450
950,714,1,0.806997,0.651245,48,63,5,-1,50,900
950,528,2,1.52058,1.15611,59,3,6.5,0,100,850
950,354,1,0.395236,0.156212,30,4,6,-1,200,750
950,536,4,3.52035,3.37009,26.75,10,6.75,0,100,850
950,715,1,0.885432,0.78399,62,11,6,1,50,900
950,1034,1,0.529406,0.280271,36,13,6,-1,0,950
950,429,3,1.6968,1.32066,52,17.3333,6.33333,-1,150,800
950,430,1,0.479798,0.230206,41,20,6,1,150,800
950,533,2,1.16073,0.677702,53,23,6.5,0,100,850
950,716,2,1.34625,0.941962,36,25.5,6.5,0,50,900
950,530,2,1.61679,1.31064,50.5,25,6,0,100,850
950,717,1,0.375495,0.140996,53,33,6,1,50,900
950,212,2,1.83019,1.95581,5.5,35.5,6,0,350,600
950,718,5,3.6223,2.99173,7,38.2,6.4,-1,50,900
950,1035,1,0.135943,0.0184805,59,38,6,1,0,950
950,1036,1,0.51123,0.261356,31,41,6,1,0,950
950,42,1,0.183296,0.0335973,52,41,6,1,650,300
950,1037,1,0.650518,0.423174,15,43,6,1,0,950
950,1038,1,0.558258,0.311652,61,48,6,1,0,950
950,352,2,0.509653,0.131675,38.5,54,6,0,200,750
950,1039,1,1.02307,1.04666,34,58,6,1,0,950
950,353,1,0.64346,0.414041,40,0,7,-1,200,750
950,720,2,1.98993,2.04584,33,5.5,7,0,50,900
950,1040,2,1.84861,1.71487,60,9.5,7.5,0,0,950
950,1041,1,0.775102,0.600784,10,10,7,-1,0,950
950,4,2,1.36366,1.0584,4,12,7.5,0,700,250
950,1042,1,1.47315,2.17017,38,13,7,1,0,950
950,721,1,0.994083,0.988201,15,18,7,1,50,900
950,214,1,0.399275,0.159421,32,18,7,1,350,600
950,723,3,1.81417,1.17598,1.66667,22.6667,7.33333,1,50,900
950,437,1,0.328599,0.107977,11,24,7,-1,150,800
950,540,2,2.04089,2.09508,21.5,26,7,0,100,850
950,304,2,1.06187,0.660756,25.5,26,7,0,250,700
950,724,2,1.37029,0.97723,39.5,27.5,7.5,0,50,900
950,302,2,1.60702,1.41879,54.5,29,7,0,250,700
950,355,2,2.21804,2.47756,34.5,30.5,7,0,200,750
950,534,3,1.32162,0.6046,30,31.3333,7,-1,100,850
950,1043,1,0.930646,0.866102,19,33,7,-1,0,950
950,725,1,0.874938,0.765517,30,35,7,1,50,900
950,1044,1,0.934323,0.87296,27,36,7,-1,0,950
950,43,1,0.320229,0.102547,40,37,7,-1,650,300
950,431,1,0.914799,0.836857,22,43,7,1,150,800
950,356,1,0.287666,0.0827517,54,43,7,-1,200,750
950,1045,1,0.883625,0.780794,42,46,7,-1,0,950
950,432,1,0.658417,0.433513,25,52,7,1,150,800
950,149,3,1.24334,0.526182,46.6667,58.6667,7.66667,-1,450,500
950,433,1,0.772617,0.596937,41,60,7,-1,150,800
950,301,2,1.70902,1.46427,56.5,0,8,0,250,700
950,535,1,0.72572,0.526669,1,4,8,-1,100,850
950,1046,1,0.531605,0.282604,30,5,8,1,0,950
950,69,1,0.729,0.531442,45,5,8,-1,600,350
950,543,7,3.29291,1.933,57.8571,6.14286,8.42857,-1,100,850
950,726,1,0.595317,0.354403,63,6,8,1,50,900
950,1047,2,2.64001,3.62637,48,12.5,8.5,0,0,950
950,537,1,0.431299,0.186019,21,16,8,-1,100,850
950,216,1,0.524616,0.275221,24,22,8,1,350,600
950,1048,1,0.402455,0.16197,13,26,8,-1,0,950
950,436,1,0.410762,0.168726,24,29,8,-1,150,800
950,251,1,0.207634,0.043112,48,37,8,1,300,650
950,738,2,1.12995,0.644357,38.5,38.5,8,0,50,900
950,173,1,0.448373,0.201038,63,41,8,1,400,550
950,1049,1,0.207449,0.0430351,39,47,8,-1,0,950
950,538,1,0.150063,0.022519,40,56,8,-1,100,850
950,727,1,0.66586,0.44337,40,58,8,-1,50,900
950,539,1,0.546771,0.298959,52,61,8,-1,100,850
950,44,1,0.602126,0.362556,7,63,8,-1,650,300
950,728,1,0.291571,0.0850135,31,63,8,-1,50,900
950,148,1,0.436838,0.190828,0,9,9,1,450,500
950,1050,1,0.642761,0.413141,4,14,9,-1,0,950
950,729,1,0.504175,0.254193,28,14,9,-1,50,900
950,9,1,0.309346,0.0956947,44,16,9,1,700,250
950,357,1,0.653633,0.427236,33,18,9,1,200,750
950,361,1,0.291689,0.0850827,22,20,9,-1,200,750
950,730,1,0.385505,0.148614,33,21,9,1,50,900
950,1051,1,0.872528,0.761304,43,21,9,1,0,950
950,358,1,0.630227,0.397186,17,24,9,-1,200,750
950,731,3,3.18923,4.09951,22.6667,24.6667,9,1,50,900
950,1052,1,1.10439,1.21969,20,26,9,1,0,950
950,359,1,0.353347,0.124854,31,27,9,-1,200,750
950,732,2,1.60833,1.34236,56.5,30.5,9.5,-2,50,900
950,1053,1,1.17927,1.39068,10,39,9,1,0,950
950,733,2,0.95166,0.455551,62.5,43,9,0,50,900
950,254,1,0.94337,0.889946,9,48,9,1,300,650
950,541,1,0.629964,0.396855,9,53,9,1,100,850
950,734,1,0.79285,0.628611,43,55,9,-1,50,900
950,542,1,0.746967,0.55796,15,56,9,-1,100,850
950,120,1,0.880707,0.775645,27,56,9,1,500,450
950,218,2,2.24736,2.53375,8,58.5,9,0,350,600
950,435,1,0.899325,0.808786,28,59,9,1,150,800
950,735,1,0.418455,0.175105,39,2,10,1,50,900
950,1054,2,1.24916,0.803925,55.5,7.5,10.5,0,0,950
950,1055,1,0.580443,0.336914,16,15,10,1,0,950
950,1056,1,0.715569,0.512039,7,16,10,-1,0,950
950,439,6,4.37173,3.24834,23.5,19.5,10.8333,0,150,800
950,94,1,0.288842,0.0834297,56,21,10,-1,550,400
950,45,2,0.904014,0.703257,61,20.5,10.5,0,650,300
950,548,2,1.17982,0.801414,36,24,10.5,0,100,850
950,1057,1,0.365735,0.133762,61,27,10,-1,0,950
950,736,1,0.612968,0.37573,25,28,10,1,50,900
950,6,2,1.2207,0.770931,21.5,32,10,0,700,250
950,737,1,0.784127,0.614855,51,32,10,1,50,900
950,742,1,0.362555,0.131446,7,34,10,1,50,900
950,1058,1,1.04583,1.09375,6,37,10,-1,0,950
950,1059,1,0.800644,0.641031,37,38,10,-1,0,950
950,544,1,1.03392,1.06899,24,41,10,1,100,850
950,181,1,0.407711,0.166228,38,41,10,-1,400,550
950,7,3,1.22464,0.531876,3.33333,45,10.3333,-1,700,250
950,1060,1,0.368984,0.136149,8,44,10,1,0,950
950,553,1,0.558889,0.312357,51,48,10,-1,100,850
950,545,3,2.17605,1.58529,10.6667,52,10,-1,100,850
950,252,1,0.139612,0.0194916,49,51,10,-1,300,650
950,1061,1,1.63171,2.66249,21,52,10,1,0,950
950,546,1,0.765903,0.586608,49,54,10,-1,100,850
950,8,2,1.95891,1.94101,35,55.5,10,0,700,250
950,438,3,1.78114,1.16873,47.3333,58.3333,10.6667,1,150,800
950,174,1,0.286006,0.0817992,18,63,10,-1,400,550
950,367,1,0.559373,0.312898,58,63,10,1,200,750
950,547,2,1.69187,1.43367,17.5,7.5,11,0,100,850
950,253,2,1.3061,0.921283,42.5,17,11,0,300,650
950,1062,1,0.110667,0.0122472,56,27,11,1,0,950
950,549,3,2.53283,2.25347,12.6667,27.6667,11.6667,-1,100,850
950,222,3,1.33538,0.688906,21.6667,29.3333,12,-1,350,600
950,1063,1,0.502172,0.252176,11,31,11,-1,0,950
950,177,3,2.77688,3.39385,30,31.6667,11,1,400,550
950,741,5,3.84597,4.08705,7.2,32.6,12.2,1,50,900
950,305,1,0.313498,0.0982812,37,33,11,1,250,700
950,10,1,0.632281,0.39978,21,35,11,1,700,250
950,306,1,0.416973,0.173867,26,37,11,-1,250,700
950,1064,1,0.686,0.470596,3,38,11,1,0,950
950,365,1,0.595645,0.354793,5,40,11,1,200,750
950,749,2,0.73952,0.281617,36,42,11.5,0,50,900
950,739,2,0.801153,0.321098,12,47.5,11,0,50,900
950,70,2,1.49181,1.11507,28,52.5,11,0,600,350
950,550,3,1.21768,0.559454,25.3333,53.6667,11.3333,-1,100,850
950,362,1,0.988655,0.977438,37,54,11,1,200,750
950,551,1,0.443403,0.196607,15,56,11,1,100,850
950,219,2,0.721082,0.262186,8,60.5,11,0,350,600
950,11,1,0.49139,0.241464,10,1,12,-1,700,250
950,307,1,0.526941,0.277666,20,3,12,1,250,700
950,1065,1,0.216183,0.046735,13,4,12,-1,0,950
950,175,1,0.341038,0.116307,3,8,12,1,400,550
950,1066,1,0.194137,0.0376891,25,13,12,1,0,950
950,1067,1,0.314551,0.0989425,34,14,12,-1,0,950
950,753,1,0.269844,0.0728156,30,18,12,1,50,900
950,255,1,1.05082,1.10423,56,20,12,-1,300,650
950,740,1,0.693908,0.481508,51,21,12,-1,50,900
950,1068,1,0.475214,0.225829,56,22,12,-1,0,950
950,1069,1,1.26542,1.60129,20,23,12,1,0,950
950,363,1,0.873629,0.763228,52,27,12,1,200,750
950,449,1,0.799304,0.638887,46,32,12,1,150,800
950,150,2,1.37572,0.96032,17,33.5,12.5,2,450,500
950,1070,1,0.773883,0.598896,57,34,12,1,0,950
950,1071,2,0.639002,0.204522,8,35.5,12.5,0,0,950
950,743,1,0.473626,0.224322,1,42,12,1,50,900
950,1072,1,1.01892,1.03819,25,42,12,-1,0,950
950,74,1,0.5442,0.296153,40,43,12,1,600,350
950,71,1,0.523447,0.273997,52,44,12,-1,600,350
950,744,2,1.0915,0.603252,10.5,49,12.5,0,50,900
950,745,1,0.873112,0.762324,52,52,12,-1,50,900
950,552,1,0.828563,0.686517,5,53,12,-1,100,850
950,746,1,0.497643,0.247649,35,54,12,1,50,900
950,220,1,0.510434,0.260543,11,61,12,-1,350,600
950,1073,2,1.37297,1.08449,9.5,3.5,13.5,0,0,950
950,221,1,0.793017,0.628876,43,6,13,1,350,600
950,310,1,0.899115,0.808409,45,13,13,-1,250,700
950,364,3,1.88224,1.30834,56,18.3333,13.3333,-1,200,750
950,747,1,0.976365,0.953289,58,22,13,1,50,900
950,224,1,0.328959,0.108214,60,22,13,1,350,600
950,1074,1,0.608913,0.370776,57,28,13,1,0,950
950,152,2,1.77682,1.57866,36,29.5,13.5,0,450,500
950,223,2,1.89941,1.88869,19,30.5,13,0,350,600
950,1075,1,0.756509,0.572306,61,35,13,1,0,950
950,1076,1,0.331987,0.110216,39,36,13,-1,0,950
950,176,2,1.43306,1.18333,53.5,37,13,0,400,550
950,748,1,1.46882,2.15743,15,38,13,-1,50,900
950,1077,3,2.43224,1.9975,3,38.6667,14,3,0,950
950,1078,1,1.17613,1.38329,29,39,13,1,0,950
950,1079,1,0.919095,0.844736,8,40,13,-1,0,950
950,566,1,0.462746,0.214134,38,41,13,1,100,850
950,95,3,2.36417,1.87123,17,41.6667,13.3333,-1,550,400
950,1080,1,1.148,1.3179,5,43,13,1,0,950
950,1081,1,0.553889,0.306793,13,43,13,-1,0,950
950,750,1,0.563357,0.317371,0,44,13,-1,50,900
950,257,1,0.407364,0.165946,49,47,13,1,300,650
950,751,1,0.540145,0.291757,52,47,13,-1,50,900
950,1082,1,0.560463,0.314118,54,49,13,1,0,950
950,96,1,0.568437,0.323121,16,50,13,1,550,400
950,1083,1,0.549896,0.302386,43,51,13,1,0,950
950,1084,1,1.69318,2.86685,8,56,13,-1,0,950
950,440,1,0.875445,0.766403,43,56,13,-1,150,800
950,366,2,1.24638,0.777289,19,57.5,13,0,200,750
950,97,1,0.714433,0.510414,59,59,13,1,550,400
950,554,2,1.84859,1.72685,14.5,60,13,0,100,850
950,555,1,0.679902,0.462267,57,61,13,1,100,850
950,1085,1,1.07612,1.15803,54,1,14,1,0,950
950,256,1,0.552499,0.305256,26,3,14,-1,300,650
950,1086,1,0.774326,0.599581,13,5,14,1,0,950
950,441,1,0.525059,0.275687,30,14,14,-1,150,800
950,752,1,0.680197,0.462668,50,15,14,1,50,900
950,1087,1,0.291893,0.0852014,0,16,14,1,0,950
950,1088,1,0.40276,0.162216,30,17,14,-1,0,950
950,563,1,0.325673,0.106063,60,19,14,-1,100,850
950,443,5,3.23435,2.22076,50.6,27.8,14.4,-1,150,800
950,375,1,0.94147,0.886365,60,30,14,-1,200,750
950,368,1,0.327186,0.107051,28,31,14,1,200,750
950,371,4,2.41182,1.51635,34,32.25,15.25,0,200,750
950,72,1,0.805531,0.64888,46,35,14,-1,600,350
950,754,1,0.321708,0.103496,50,35,14,1,50,900
950,317,1,0.264887,0.0701651,42,42,14,1,250,700
950,1089,1,0.93326,0.870975,8,45,14,1,0,950
950,12,2,1.42321,1.08842,18.5,53,14,0,700,250
950,442,2,1.10067,0.81311,57,57,14.5,0,150,800
950,1090,1,1.47144,2.16515,9,63,14,-1,0,950
950,562,1,0.211284,0.044641,47,6,15,-1,100,850
950,559,1,0.570823,0.325839,0,9,15,1,100,850
950,179,1,0.36634,0.134205,56,10,15,-1,400,550
950,771,1,0.345742,0.119538,58,10,15,-1,50,900
950,373,1,0.733777,0.538429,45,11,15,-1,200,750
950,151,2,1.35461,0.943272,40,21,15.5,0,450,500
950,308,1,0.245443,0.0602423,36,23,15,1,250,700
950,755,1,0.785063,0.616323,7,25,15,1,50,900
950,178,1,0.795117,0.632211,10,29,15,-1,400,550
950,761,2,0.816034,0.336155,32,29,15.5,0,50,900
950,1091,1,0.616149,0.379639,22,31,15,1,0,950
950,309,4,2.6991,1.98415,31.25,31.75,15.75,0,250,700
950,776,2,1.10731,0.631207,47,31,15.5,0,50,900
950,756,1,0.734402,0.539346,53,32,15,1,50,900
950,1092,4,2.73319,2.12274,59.5,32.25,16.25,0,0,950
950,1093,1,1.11909,1.25237,36,43,15,-1,0,950
950,1094,1,0.192164,0.0369269,48,48,15,-1,0,950
950,557,2,1.40468,0.996792,22,52.5,15,0,100,850
950,369,1,1.05003,1.10256,16,54,15,-1,200,750
950,1095,1,0.781452,0.610667,13,55,15,-1,0,950
950,558,1,0.737681,0.544173,60,59,15,-1,100,850
950,757,1,0.709167,0.502917,8,0,16,-1,50,900
950,758,1,0.658477,0.433592,2,7,16,1,50,900
950,759,1,0.560834,0.314535,56,7,16,1,50,900
950,447,1,1.01505,1.03032,14,11,16,-1,150,800
950,768,1,0.759242,0.576449,3,15,16,1,50,900
950,760,1,0.537089,0.288465,38,17,16,1,50,900
950,767,1,1.27419,1.62355,61,19,16,-1,50,900
950,1096,1,0.485627,0.235833,35,20,16,1,0,950
950,46,2,1.42919,1.18623,30,22.5,16.5,0,650,300
950,1097,1,0.831024,0.6906,48,24,16,-1,0,950
950,13,1,0.091522,0.00837628,42,28,16,-1,700,250
950,370,1,0.454089,0.206197,36,30,16,1,200,750
950,1098,1,0.467206,0.218282,38,30,16,1,0,950
950,565,1,0.583094,0.339999,51,32,16,-1,100,850
950,560,1,0.443872,0.197022,42,33,16,-1,100,850
950,1099,1,1.4241,2.02806,17,37,16,1,0,950
950,769,1,0.667198,0.445153,45,37,16,-1,50,900
950,1100,1,0.679098,0.461174,8,39,16,1,0,950
950,1101,1,0.558694,0.312139,26,40,16,-1,0,950
950,444,1,0.733942,0.538671,45,40,16,-1,150,800
950,762,1,0.734551,0.539565,47,40,16,-1,50,900
950,1102,2,1.32134,0.930345,7.5,41,16.5,0,0,950
950,456,3,1.96971,1.31911,40.3333,42.3333,16.3333,1,150,800
950,1103,1,1.07388,1.15322,26,44,16,1,0,950
950,1104,1,0.446069,0.198977,54,45,16,1,0,950
950,98,1,0.472438,0.223197,42,47,16,-1,550,400
950,372,1,0.835144,0.697466,35,50,16,-1,200,750
950,259,1,0.239416,0.0573202,47,55,16,-1,300,650
950,225,1,0.720767,0.519506,39,57,16,1,350,600
950,763,1,0.853486,0.728438,20,59,16,-1,50,900
950,764,1,0.530993,0.281953,41,59,16,1,50,900
950,561,1,0.861153,0.741585,1,0,17,-1,100,850
950,261,1,1.19013,1.41642,3,0,17,1,300,650
950,1105,1,0.901372,0.812472,8,8,17,-1,0,950
950,765,1,0.387242,0.149956,47,8,17,-1,50,900
950,1106,1,0.788148,0.621177,19,9,17,1,0,950
950,1107,1,0.805927,0.649518,53,10,17,1,0,950
950,778,4,2.74795,2.05116,45,12.75,18.5,0,50,900
950,47,1,0.690463,0.476739,61,14,17,1,650,300
950,1108,1,0.61208,0.374642,59,16,17,1,0,950
950,1109,1,0.925123,0.855853,5,18,17,-1,0,950
950,445,2,1.34227,0.905946,17,20.5,17,0,150,800
950,1110,1,0.850826,0.723905,37,25,17,1,0,950
950,374,1,1.13458,1.28727,11,29,17,-1,200,750
950,781,1,0.76541,0.585852,14,30,17,1,50,900
950,153,1,0.576082,0.33187,18,30,17,-1,450,500
950,446,1,0.719411,0.517553,36,36,17,-1,150,800
950,1111,1,0.479452,0.229874,47,36,17,-1,0,950
950,1112,1,0.165766,0.0274784,18,40,17,-1,0,950
950,1113,1,0.965754,0.932681,11,42,17,1,0,950
950,1114,1,0.65102,0.423827,5,46,17,1,0,950
950,1115,1,0.158815,0.0252223,15,46,17,-1,0,950
950,770,1,0.566005,0.320362,50,53,17,1,50,900
950,564,2,2.05116,2.31648,56.5,54,17,0,100,850
950,1116,1,0.190202,0.0361767,58,57,17,-1,0,950
950,312,4,2.77546,2.5468,17.5,1.25,19.25,0,250,700
950,1117,1,0.363158,0.131884,13,8,18,1,0,950
950,1118,2,1.0231,0.528618,56.5,10,18,0,0,950
950,772,1,0.258081,0.0666056,38,14,18,1,50,900
950,376,1,0.43462,0.188895,53,16,18,-1,200,750
950,377,1,0.35224,0.124073,9,17,18,1,200,750
950,773,1,0.310372,0.0963311,37,17,18,1,50,900
950,448,1,0.462886,0.214263,48,17,18,-1,150,800
950,48,1,0.416791,0.173714,22,26,18,1,650,300
950,774,3,2.03582,1.73594,44.6667,26.3333,18,-1,50,900
950,1119,1,0.432107,0.186716,0,27,18,1,0,950
950,318,1,0.629246,0.395951,5,29,18,1,250,700
950,775,1,0.721095,0.519977,42,29,18,-1,50,900
950,1120,2,2.09219,2.24546,48,30.5,18.5,0,0,950
950,1121,1,0.445804,0.198741,13,35,18,1,0,950
950,575,6,4.17765,3.01343,39.8333,43.3333,19.5,0,100,850
950,226,2,1.46954,1.14603,57,48.5,18,0,350,600
950,311,1,0.420066,0.176456,62,49,18,1,250,700
950,182,1,0.633151,0.40088,3,51,18,1,400,550
950,180,1,0.90165,0.812973,9,54,18,1,400,550
950,378,1,0.804738,0.647603,55,62,18,1,200,750
950,567,1,0.454599,0.20666,27,0,19,-1,100,850
950,574,1,0.412051,0.169786,4,2,19,-1,100,850
950,777,1,0.444512,0.197591,43,2,19,-1,50,900
950,75,1,0.590167,0.348298,38,8,19,1,600,350
950,1122,2,1.82066,1.66288,49.5,8,19,-2,0,950
950,779,1,0.568142,0.322786,47,14,19,-1,50,900
950,766,1,0.551481,0.304131,45,15,19,-1,50,900
950,1123,1,1.02749,1.05573,43,19,19,-1,0,950
950,227,1,0.780492,0.609168,7,22,19,-1,350,600
950,1124,1,1.03944,1.08043,53,22,19,-1,0,950
950,379,1,0.714702,0.510799,0,23,19,1,200,750
950,780,2,1.51136,1.24935,16.5,24,19,0,50,900
950,50,1,0.937778,0.879427,19,25,19,1,650,300
950,785,1,0.702769,0.493885,15,30,19,-1,50,900
950,313,1,0.425199,0.180794,54,30,19,-1,250,700
950,568,3,1.66059,0.974363,30.3333,40.6667,19,-1,100,850
950,1125,1,0.542949,0.294794,3,47,19,1,0,950
950,380,3,2.13529,1.79092,19,48,19,-1,200,750
950,450,1,0.671842,0.451372,26,57,19,-1,150,800
950,228,1,0.380402,0.144706,39,0,20,-1,350,600
950,451,2,1.73389,1.50872,14.5,4,20,0,150,800
950,783,2,1.28709,0.829259,44.5,5.5,20.5,0,50,900
950,184,3,2.17379,1.60774,4.66667,9.66667,20,-1,400,550
950,784,1,0.233532,0.0545373,39,14,20,-1,50,900
950,229,1,0.396576,0.157272,2,19,20,-1,350,600
950,1126,1,0.273337,0.0747132,39,22,20,-1,0,950
950,1127,1,0.470254,0.221139,49,24,20,1,0,950
950,1128,1,0.620988,0.385625,15,28,20,-1,0,950
950,381,1,0.573763,0.329204,2,30,20,-1,200,750
950,453,1,0.856672,0.733888,2,32,20,-1,150,800
950,797,1,0.758391,0.575157,52,35,20,1,50,900
950,73,1,0.545977,0.298091,2,39,20,1,600,350
950,183,2,0.857212,0.368205,12,40,20.5,0,400,550
950,1129,1,0.307397,0.0944929,16,41,20,-1,0,950
950,1130,1,0.941004,0.885489,4,42,20,1,0,950
950,1131,1,0.452466,0.204725,48,42,20,-1,0,950
950,576,5,3.65202,3.06868,37,44.6,21.4,1,100,850
950,382,1,0.897468,0.80545,58,46,20,-1,200,750
950,800,1,0.71286,0.508169,3,51,20,1,50,900
950,1132,2,1.25827,0.793827,52.5,50.5,20.5,0,0,950
950,154,1,1.57116,2.46854,19,58,20,-1,450,500
950,786,1,0.6532,0.42667,6,59,20,-1,50,900
950,314,1,0.82099,0.674025,23,61,20,-1,250,700
950,787,1,0.0898123,0.00806626,9,7,21,-1,50,900
950,788,1,0.372584,0.138819,34,7,21,-1,50,900
950,789,2,1.11393,0.629579,41,8,21.5,0,50,900
950,790,2,0.713368,0.271112,44.5,9,21,0,50,900
950,452,1,0.607227,0.368724,16,10,21,1,150,800
950,791,1,0.832449,0.692971,54,15,21,-1,50,900
950,792,1,0.602026,0.362436,62,15,21,1,50,900
950,316,2,1.19838,0.733145,23,19,21.5,0,250,700
950,793,1,0.543316,0.295192,34,20,21,1,50,900
950,569,1,0.969322,0.939585,63,21,21,1,100,850
950,315,2,0.743689,0.278784,9,22.5,21,0,250,700
950,1133,1,1.23584,1.5273,63,24,21,-1,0,950
950,262,2,0.569523,0.192844,33,26.5,21,0,300,650
950,384,1,0.76246,0.581345,8,28,21,1,200,750
950,796,1,0.391722,0.153446,20,28,21,-1,50,900
950,1134,1,0.84366,0.711763,4,30,21,1,0,950
950,570,2,1.30085,0.98194,-0.5,33,21,0,100,850
950,571,1,0.486433,0.236617,49,38,21,1,100,850
950,572,1,0.681708,0.464726,12,48,21,-1,100,850
950,794,1,0.450471,0.202924,25,60,21,-1,50,900
950,573,2,1.23937,0.794085,19.5,61.5,21.5,0,100,850
950,1135,1,0.536015,0.287312,17,62,21,-1,0,950
950,795,1,0.310491,0.0964044,49,62,21,-1,50,900
950,454,1,1.06273,1.1294,22,1,22,1,150,800
950,1136,1,0.278434,0.0775253,2,2,22,-1,0,950
950,1137,1,0.218361,0.0476814,55,3,22,-1,0,950
950,1138,1,0.543353,0.295232,15,4,22,1,0,950
950,455,1,0.338978,0.114906,4,9,22,1,150,800
950,802,4,2.93638,2.21853,1,18,22.75,-2,50,900
950,1139,1,1.06656,1.13755,52,19,22,-1,0,950
950,230,1,0.896582,0.803859,61,21,22,1,350,600
950,1140,1,0.239111,0.0571741,38,28,22,-1,0,950
950,1141,1,0.654282,0.428085,20,30,22,-1,0,950
950,51,1,1.10218,1.21481,57,30,22,1,650,300
950,1142,2,1.81217,1.9937,54.5,34.5,22,0,0,950
950,52,1,0.884345,0.782065,18,37,22,1,650,300
950,798,1,0.265754,0.070625,42,40,22,1,50,900
950,810,1,0.892388,0.796356,11,42,22,1,50,900
950,577,3,1.64709,1.27017,43,44,23,-1,100,850
950,580,1,0.558375,0.311783,48,47,22,1,100,850
950,799,1,0.317886,0.101052,58,47,22,-1,50,900
950,1143,2,1.43654,1.0652,16,48.5,22,-2,0,950
950,1144,1,0.204124,0.0416667,2,54,22,-1,0,950
950,1145,1,0.668568,0.446983,42,56,22,-1,0,950
950,801,1,0.444705,0.197763,63,63,22,1,50,900
950,578,1,0.673983,0.454253,34,13,23,-1,100,850
950,803,1,0.40579,0.164666,26,20,23,-1,50,900
950,1146,1,0.817393,0.668132,59,22,23,1,0,950
950,14,2,0.803874,0.327813,16.5,23,23,0,700,250
950,804,1,0.852663,0.727035,35,23,23,-1,50,900
950,805,1,1.20992,1.4639,37,24,23,1,50,900
950,806,1,0.261624,0.068447,26,25,23,-1,50,900
950,1147,3,1.94144,1.40489,6.33333,30,23.6667,1,0,950
950,807,1,0.319553,0.102114,33,34,23,-1,50,900
950,1148,1,0.235287,0.05536,6,39,23,1,0,950
950,1149,1,0.926395,0.858208,7,44,23,1,0,950
950,17,1,0.257305,0.066206,21,52,23,1,700,250
950,811,1,0.449211,0.201791,47,56,23,1,50,900
950,122,2,1.61932,1.31354,63,58.5,23,0,500,450
950,1150,1,0.554633,0.307618,57,60,23,1,0,950
950,587,1,0.359281,0.129083,35,61,23,-1,100,850
950,459,2,0.762272,0.319712,21,62.5,23.5,0,150,800
950,99,5,3.16803,2.19824,39,3.6,24.8,-1,550,400
950,1151,1,0.699297,0.489016,3,5,24,-1,0,950
950,265,1,0.41879,0.175385,50,5,24,-1,300,650
950,1152,1,0.924397,0.85451,57,8,24,-1,0,950
950,1153,1,0.770035,0.592954,31,12,24,-1,0,950
950,460,1,0.58863,0.346486,58,14,24,1,150,800
950,457,1,0.400409,0.160327,6,20,24,-1,150,800
950,383,1,0.273667,0.0748938,40,20,24,-1,200,750
950,808,2,1.19362,0.726759,6.5,23,24,0,50,900
950,76,2,1.58974,1.33153,10.5,27,24,0,600,350
950,1154,2,1.17514,0.908083,53.5,30,24,0,0,950
950,1155,1,1.34688,1.81409,4,32,24,1,0,950
950,1156,1,0.426504,0.181906,12,34,24,-1,0,950
950,1157,1,1.16278,1.35206,55,34,24,1,0,950
950,809,1,0.554922,0.307938,42,36,24,-1,50,900
950,1158,1,0.556121,0.30927,4,39,24,1,0,950
950,101,1,0.398996,0.159198,14,39,24,1,550,400
950,1159,1,0.823965,0.678919,41,39,24,1,0,950
950,1160,1,0.642255,0.412491,12,41,24,-1,0,950
950,78,1,0.372319,0.138621,23,44,24,-1,600,350
950,579,1,0.547129,0.29935,52,45,24,-1,100,850
950,1161,1,0.505901,0.255935,49,48,24,-1,0,950
950,458,2,1.39969,1.02137,35.5,51.5,24,0,150,800
950,1162,1,0.566161,0.320538,6,56,24,1,0,950
950,1163,1,1.04107,1.08383,48,58,24,-1,0,950
950,812,1,0.494393,0.244424,29,60,24,-1,50,900
950,1164,1,0.882702,0.779162,37,61,24,1,0,950
950,581,1,0.881718,0.777427,14,63,24,-1,100,850
950,582,2,0.977289,0.492538,21.5,1,25,0,100,850
950,819,1,0.802703,0.644333,32,5,25,-1,50,900
950,100,1,1.11673,1.24709,10,7,25,1,550,400
950,583,1,0.577201,0.333161,29,8,25,1,100,850
950,813,1,0.813615,0.661969,26,10,25,1,50,900
950,814,1,0.272841,0.074442,19,14,25,-1,50,900
950,1165,1,0.453284,0.205466,13,15,25,-1,0,950
950,1166,1,0.792771,0.628486,56,15,25,-1,0,950
950,461,1,0.953353,0.908882,9,19,25,-1,150,800
950,817,1,0.369616,0.136616,63,29,25,-1,50,900
950,77,1,0.857285,0.734938,49,33,25,-1,600,350
950,815,2,1.13743,0.764098,16.5,39.5,25,0,50,900
950,53,1,0.904409,0.817956,29,42,25,1,650,300
950,816,1,0.539288,0.290832,40,45,25,1,50,900
950,1167,1,0.983485,0.967243,4,49,25,1,0,950
950,102,2,1.36089,1.00133,19.5,49.5,25.5,0,550,400
950,589,2,1.07904,0.5862,19.5,52,25,0,100,850
950,466,1,0.955262,0.912525,39,54,25,1,150,800
950,15,2,1.08417,0.622288,35,55,25.5,0,700,250
950,584,2,0.793006,0.318373,11.5,58.5,25,0,100,850
950,1168,1,0.618914,0.383054,2,61,25,-1,0,950
950,1169,1,0.137245,0.0188362,34,0,26,1,0,950
950,1170,1,0.287163,0.0824629,13,9,26,-1,0,950
950,597,1,0.40881,0.167125,20,9,26,-1,100,850
950,263,1,0.662181,0.438484,44,17,26,-1,300,650
950,1171,1,0.875098,0.765797,4,20,26,1,0,950
950,585,1,0.467978,0.219003,57,20,26,1,100,850
950,462,1,0.561829,0.315652,20,23,26,-1,150,800
950,385,1,0.697176,0.486054,31,25,26,-1,200,750
950,464,1,0.636633,0.405302,4,29,26,1,150,800
950,1172,1,1.04052,1.08267,27,29,26,1,0,950
950,591,1,0.663576,0.440333,38,29,26,-1,100,850
950,1173,3,3.24955,3.93145,1.66667,29.6667,27,-1,0,950
950,1174,1,1.53737,2.36351,15,35,26,-1,0,950
950,390,1,0.932064,0.868743,42,35,26,-1,200,750
950,155,1,0.682558,0.465885,20,44,26,1,450,500
950,16,1,0.308545,0.0952,29,47,26,1,700,250
950,586,1,0.917655,0.842091,34,48,26,1,100,850
950,1175,1,0.57786,0.333923,26,50,26,-1,0,950
950,264,1,0.870833,0.758351,57,50,26,-1,300,650
950,1176,1,0.359431,0.129191,42,52,26,1,0,950
950,602,1,0.909233,0.826705,11,55,26,1,100,850
950,1177,1,0.605277,0.366361,37,60,26,-1,0,950
950,1178,1,0.732488,0.536538,4,2,27,-1,0,950
950,1179,1,0.570554,0.325532,50,3,27,-1,0,950
950,469,1,0.490294,0.240389,30,4,27,1,150,800
950,389,1,1.15894,1.34313,53,6,27,1,200,750
950,1180,1,0.571876,0.327042,10,7,27,1,0,950
950,386,1,0.247395,0.0612041,40,7,27,1,200,750
950,596,1,1.01766,1.03564,51,7,27,-1,100,850
950,463,1,0.620969,0.385602,38,8,27,1,150,800
950,187,1,0.68346,0.467118,53,12,27,-1,400,550
950,1181,1,0.916257,0.839527,56,17,27,1,0,950
950,1182,1,0.570327,0.325273,63,29,27,-1,0,950
950,1183,1,0.148057,0.0219209,16,31,27,-1,0,950
950,185,2,0.394798,0.0847271,49.5,33,27,0,400,550
950,588,2,1.0065,0.517032,9,39.5,27.5,0,100,850
950,467,2,1.66288,1.38829,41.5,43,27,0,150,800
950,1184,1,0.622825,0.387911,62,43,27,1,0,950
950,186,1,0.675037,0.455674,25,45,27,1,400,550
950,468,3,2.03774,1.81533,43.6667,48.6667,28,1,150,800
950,818,1,0.816009,0.66587,59,49,27,1,50,900
950,1185,2,1.56993,1.61401,21.5,51.5,27,2,0,950
950,590,1,0.126058,0.0158906,12,57,27,-1,100,850
950,606,1,0.694428,0.48223,57,57,27,1,100,850
950,1186,1,0.496233,0.246247,46,60,27,1,0,950
950,387,3,2.85328,3.22073,26.3333,62.3333,27,-1,200,750
950,1187,1,1.1356,1.2896,51,62,27,-1,0,950
950,54,1,1.19618,1.43084,16,63,27,1,650,300
950,1188,1,0.525259,0.275897,38,63,27,-1,0,950
950,1189,1,0.876152,0.767642,32,7,28,-1,0,950
950,599,1,0.997599,0.995204,30,18,28,1,100,850
950,1190,2,1.32118,0.935823,6.5,28.5,28.5,0,0,950
950,465,2,1.68813,1.43088,43.5,29,28,0,150,800
950,820,1,0.726852,0.528314,40,30,28,1,50,900
950,592,3,2.1559,1.65692,23.6667,42,28.3333,1,100,850
950,832,3,1.21398,0.494411,19,46.3333,28.3333,1,50,900
950,821,1,0.312078,0.0973924,0,49,28,1,50,900
950,593,3,1.68628,1.06045,10.3333,51.3333,28,1,100,850
950,826,2,1.22078,0.751506,10,54.5,28,0,50,900
950,822,1,0.999017,0.998035,37,55,28,-1,50,900
950,594,1,0.811743,0.658926,19,58,28,-1,100,850
950,607,1,0.555057,0.308089,38,59,28,-1,100,850
950,123,2,1.83103,1.72327,41.5,61,28,0,500,450
950,595,2,1.2127,1.16123,10,63,28.5,0,100,850
950,839,2,1.80966,1.64771,30.5,2,29,0,50,900
950,1191,1,0.360452,0.129925,60,2,29,-1,0,950
950,388,1,0.3977,0.158166,16,7,29,-1,200,750
950,823,1,0.487302,0.237463,54,7,29,-1,50,900
950,1192,2,0.910504,0.431498,19.5,9,29,0,0,950
950,598,3,1.58159,0.835288,26.6667,10,29.3333,1,100,850
950,1193,1,0.830881,0.690363,55,9,29,1,0,950
950,392,1,0.996174,0.992363,51,10,29,-1,200,750
950,611,1,0.800804,0.641287,49,12,29,1,100,850
950,1194,1,0.500871,0.250872,33,16,29,1,0,950
950,1195,1,0.534407,0.28559,4,19,29,-1,0,950
950,20,1,0.355008,0.126031,22,20,29,1,700,250
950,18,3,1.93486,1.30079,16.3333,22.6667,29.3333,-1,700,250
950,824,1,0.904151,0.817489,55,24,29,1,50,900
950,1196,1,0.338959,0.114893,27,26,29,-1,0,950
950,830,2,0.988979,0.673794,41,27,29.5,0,50,900
950,1197,1,1.26136,1.59102,54,27,29,1,0,950
950,1198,1,0.352182,0.124032,5,35,29,-1,0,950
950,825,2,1.18506,0.713622,39.5,36,29,0,50,900
950,391,1,0.605659,0.366823,43,42,29,-1,200,750
950,269,2,0.562323,0.195626,41.5,44.5,29,-2,300,650
950,103,1,0.873581,0.763145,6,46,29,-1,550,400
950,267,1,0.57454,0.330096,32,46,29,-1,300,650
950,79,1,0.66785,0.446024,57,46,29,1,600,350
950,601,3,1.63074,0.927766,8.33333,48.6667,29,1,100,850
950,610,1,0.252034,0.0635209,40,48,29,-1,100,850
950,600,1,0.381875,0.145829,54,48,29,-1,100,850
950,614,1,0.543843,0.295765,58,49,29,1,100,850
950,615,1,1.00717,1.0144,20,50,29,-1,100,850
950,1199,1,1.18959,1.41512,6,51,29,1,0,950
950,19,1,0.69563,0.483901,60,55,29,1,700,250
950,1200,1,0.929113,0.86325,11,57,29,-1,0,950
950,603,1,0.36705,0.134726,31,58,29,-1,100,850
950,1201,2,1.31484,0.899747,15.5,63,29.5,0,0,950
950,604,2,1.10024,0.605768,34,0.5,30,0,100,850
950,1202,1,0.381668,0.14567,7,1,30,1,0,950
950,1203,1,0.511558,0.261692,47,2,30,-1,0,950
950,104,3,2.26144,1.84947,25.3333,4,30.6667,1,550,400
950,827,1,0.695562,0.483807,47,10,30,-1,50,900
950,1204,1,0.73076,0.53401,8,13,30,-1,0,950
950,828,1,0.193285,0.0373592,61,23,30,-1,50,900
950,829,1,0.583007,0.339898,39,26,30,-1,50,900
950,1205,1,0.605575,0.366721,14,28,30,-1,0,950
950,1206,1,0.573622,0.329042,63,29,30,1,0,950
950,831,1,0.651612,0.424598,53,31,30,1,50,900
950,617,1,1.22914,1.51079,31,35,30,1,100,850
950,1207,1,0.460265,0.211844,33,36,30,1,0,950
950,609,1,0.45928,0.210938,23,40,30,1,100,850
950,1208,1,0.629874,0.396741,18,44,30,1,0,950
950,605,1,0.346855,0.120309,12,46,30,1,100,850
950,833,1,0.246531,0.0607775,24,53,30,-1,50,900
950,834,1,0.91534,0.837847,18,55,30,-1,50,900
950,1209,1,1.16443,1.35589,59,58,30,1,0,950
950,1210,1,0.195765,0.0383241,41,60,30,-1,0,950
950,835,1,0.737213,0.543483,42,1,31,-1,50,900
950,836,1,0.638901,0.408195,37,12,31,-1,50,900
950,393,1,0.551277,0.303906,22,17,31,-1,200,750
950,1211,2,1.2454,0.775686,24,17.5,31.5,0,0,950
950,837,1,0.624008,0.389386,16,20,31,1,50,900
950,608,1,0.390038,0.15213,36,22,31,-1,100,850
950,1212,1,0.698363,0.487711,58,25,31,-1,0,950
950,1213,1,0.947865,0.898449,14,30,31,-1,0,950
950,1214,1,0.676295,0.457374,41,36,31,-1,0,950
950,1215,1,0.871823,0.760076,57,37,31,-1,0,950
950,838,1,0.720788,0.519535,13,40,31,-1,50,900
950,1216,1,0.980101,0.960599,20,40,31,1,0,950
950,1217,2,1.73006,1.51927,57,47,31.5,0,0,950
950,471,1,0.964239,0.929757,39,49,31,-1,150,800
950,1218,1,0.501764,0.251767,47,49,31,1,0,950
950,1219,1,0.516998,0.267286,3,56,31,-1,0,950
950,268,2,1.03069,0.545595,50.5,59,31,0,300,650
950,105,1,0.867241,0.752107,20,62,31,1,550,400
950,1220,2,0.975405,0.505363,31,1.5,32,0,0,950
950,1221,1,0.870887,0.758445,36,4,32,1,0,950
950,840,1,0.863323,0.745326,49,12,32,1,50,900
950,394,2,1.31294,0.976356,49.5,21,32,0,200,750
950,396,2,1.36315,0.960933,30,24,32.5,0,200,750
950,1222,1,1.5243,2.32349,60,31,32,-1,0,950
950,21,1,0.666262,0.443905,32,32,32,1,700,250
950,470,2,0.784148,0.316452,1.5,36.5,32,0,150,800
950,156,1,0.357645,0.12791,62,38,32,1,450,500
950,841,1,0.339958,0.115572,3,39,32,1,50,900
950,848,2,0.912312,0.528294,39,39,32.5,0,50,900
950,612,1,0.599841,0.359809,35,41,32,1,100,850
950,231,1,0.491306,0.241382,26,42,32,-1,350,600
950,613,1,0.683552,0.467243,61,42,32,1,100,850
950,1223,1,0.965335,0.931872,49,46,32,-1,0,950
950,1224,1,0.710119,0.504269,22,49,32,-1,0,950
950,616,1,0.741518,0.54985,41,49,32,1,100,850
950,842,1,0.279797,0.0782865,43,49,32,1,50,900
950,843,1,0.616305,0.379832,29,50,32,1,50,900
950,1225,1,0.861135,0.741553,49,51,32,-1,0,950
950,22,1,0.315352,0.0994471,6,62,32,-1,700,250
950,1226,1,0.947928,0.898567,58,62,32,-1,0,950
950,472,2,1.30398,0.92022,62,0.5,33.5,0,150,800
950,55,1,0.423793,0.1796,47,6,33,1,650,300
950,23,1,0.86827,0.753893,41,11,33,-1,700,250
950,844,1,0.485075,0.235298,61,15,33,-1,50,900
950,473,1,0.114732,0.0131635,40,16,33,-1,150,800
950,845,1,0.820008,0.672413,39,27,33,-1,50,900
950,270,1,0.694012,0.481653,27,28,33,1,300,650
950,621,1,0.38644,0.149336,37,28,33,-1,100,850
950,397,1,0.749951,0.562426,52,30,33,1,200,750
950,846,1,0.382875,0.146593,25,35,33,-1,50,900
950,1227,1,0.298932,0.0893601,32,36,33,1,0,950
950,847,1,0.86062,0.740666,53,38,33,-1,50,900
950,1228,1,0.808517,0.6537,47,44,33,1,0,950
950,1229,2,1.8767,1.76306,55.5,44.5,33,0,0,950
950,1230,1,0.867642,0.752803,18,47,33,-1,0,950
950,271,2,0.679468,0.290196,61.5,49.5,33.5,0,300,650
950,1231,1,0.34278,0.117498,10,52,33,1,0,950
950,622,4,3.0266,2.79499,45.5,54.5,33.5,0,100,850
950,849,1,0.279849,0.0783155,62,56,33,1,50,900
950,106,1,0.529023,0.279865,33,57,33,-1,550,400
950,474,2,1.24001,0.777757,11.5,62,33,0,150,800
950,1232,1,1.24502,1.55008,27,63,33,1,0,950
950,1233,1,0.45246,0.20472,46,0,34,-1,0,950
950,618,1,1.40905,1.98543,24,2,34,1,100,850
950,1234,2,1.18264,0.721983,26.5,4.5,34,0,0,950
950,1235,1,0.090527,0.00819515,32,8,34,-1,0,950
950,619,1,0.573038,0.328372,22,9,34,1,100,850
950,124,3,0.998863,0.339679,27,11.3333,34.3333,1,500,450
950,80,1,0.857526,0.735352,4,12,34,-1,600,350
950,1236,1,0.707636,0.500749,48,15,34,-1,0,950
950,620,1,0.709195,0.502958,4,16,34,-1,100,850
950,1237,1,1.03832,1.0781,7,18,34,1,0,950
950,850,1,0.72917,0.531689,34,26,34,-1,50,900
950,626,1,0.601681,0.362019,34,28,34,-1,100,850
950,475,1,0.110207,0.0121456,54,30,34,1,150,800
950,1238,1,1.77804,3.16143,13,31,34,1,0,950
950,188,1,0.494356,0.244388,21,39,34,1,400,550
950,24,1,0.408714,0.167048,24,40,34,-1,700,250
950,1239,1,0.960459,0.922481,29,45,34,1,0,950
950,157,1,0.277361,0.076929,49,55,34,-1,450,500
950,1240,1,0.96736,0.935785,12,57,34,1,0,950
950,1241,1,0.847164,0.717687,4,60,34,-1,0,950
950,860,1,0.834647,0.696635,4,7,35,1,50,900
950,272,2,1.31878,1.03437,61.5,7,35,0,300,650
950,395,1,0.880979,0.776123,10,9,35,1,200,750
950,275,1,0.697337,0.486279,2,10,35,1,300,650
950,1242,1,0.33851,0.114589,13,11,35,1,0,950
950,273,1,0.490895,0.240978,38,11,35,1,300,650
950,851,1,0.335943,0.112857,40,12,35,-1,50,900
950,320,3,1.6225,0.908738,19.6667,14.6667,35.6667,1,250,700
950,1243,1,0.843988,0.712316,15,16,35,-1,0,950
950,852,1,0.339022,0.114936,31,22,35,-1,50,900
950,274,1,0.30587,0.0935562,13,24,35,-1,300,650
950,853,1,0.882591,0.778967,57,28,35,1,50,900
950,861,3,2.94228,3.13865,42,29,35.6667,-1,50,900
950,864,3,2.14086,2.14931,51.6667,30.3333,35,-1,50,900
950,854,1,0.438859,0.192597,43,33,35,-1,50,900
950,1244,1,1.10264,1.21582,40,37,35,1,0,950
950,128,1,0.560208,0.313832,61,37,35,1,500,450
950,855,1,0.686284,0.470985,13,44,35,1,50,900
950,125,2,0.561689,0.162897,5,45,35.5,0,500,450
950,856,1,0.974375,0.949406,6,48,35,-1,50,900
950,629,1,0.758115,0.574739,11,53,35,1,100,850
950,857,1,0.875783,0.766996,34,55,35,1,50,900
950,477,1,0.783208,0.613415,32,59,35,1,150,800
950,126,1,0.856188,0.733058,45,59,35,-1,500,450
950,858,1,0.375786,0.141215,34,61,35,1,50,900
950,623,1,0.669951,0.448834,46,62,35,-1,100,850
950,859,1,0.64595,0.417251,13,63,35,-1,50,900
950,319,1,0.502863,0.252871,19,63,35,1,250,700
950,127,3,2.49371,2.31881,28.6667,1,36.6667,-1,500,450
950,1245,1,0.585689,0.343031,40,1,36,-1,0,950
950,476,1,0.329748,0.108734,0,3,36,1,150,800
950,624,2,0.802897,0.333702,1,5,36.5,0,100,850
950,875,1,0.625992,0.391866,1,8,36,1,50,900
950,1246,1,0.60079,0.360948,35,12,36,-1,0,950
950,56,4,2.01777,1.34449,11,17,36.5,-2,650,300
950,625,1,0.684802,0.468954,46,21,36,1,100,850
950,1247,1,0.627951,0.394322,0,22,36,1,0,950
950,862,1,0.442314,0.195642,4,30,36,-1,50,900
950,863,1,1.08085,1.16824,32,30,36,-1,50,900
950,1248,1,0.333434,0.111178,49,30,36,-1,0,950
950,279,1,0.461444,0.212931,37,38,36,-1,300,650
950,868,1,0.924414,0.854541,25,39,36,-1,50,900
950,276,1,0.387694,0.150306,59,43,36,1,300,650
950,1249,1,0.607757,0.369369,59,45,36,1,0,950
950,1250,1,1.02449,1.04957,45,50,36,-1,0,950
950,129,1,1.62273,2.63325,25,52,36,-1,500,450
950,1251,1,0.782157,0.611769,32,55,36,-1,0,950
950,1252,2,1.04612,0.633209,50.5,58,36,0,0,950
950,1253,1,1.17742,1.38631,26,59,36,-1,0,950
950,631,1,0.467933,0.218961,22,60,36,-1,100,850
950,1254,1,1.04839,1.09912,57,60,36,-1,0,950
950,1255,1,0.588494,0.346325,28,63,36,1,0,950
950,280,1,0.353251,0.124786,34,1,37,-1,300,650
950,233,2,1.55068,1.23733,12.5,5.5,37.5,0,350,600
950,57,2,2.1032,2.21792,22.5,18,37,0,650,300
950,865,2,1.20681,0.742657,24,22.5,37,0,50,900
950,1256,1,0.38309,0.146758,27,24,37,1,0,950
950,1257,1,1.22695,1.5054,55,30,37,-1,0,950
950,866,1,0.907743,0.823997,61,31,37,1,50,900
950,1258,1,0.495052,0.245076,14,34,37,-1,0,950
950,867,1,0.503367,0.253379,38,34,37,-1,50,900
950,1259,2,1.1848,0.713227,26,36,37.5,0,0,950
950,1260,7,5.52493,4.71824,61.5714,37.7143,37.5714,-1,0,950
950,1261,1,0.612091,0.374655,2,39,37,-1,0,950
950,1262,1,0.408126,0.166567,19,40,37,1,0,950
950,1263,2,1.5772,1.28185,41,42.5,37,0,0,950
950,627,1,0.485003,0.235228,0,51,37,1,100,850
950,872,1,0.854058,0.729415,9,51,37,-1,50,900
950,869,1,0.740157,0.547833,34,61,37,-1,50,900
950,873,2,1.43883,1.57004,23,62.5,37,0,50,900
950,633,1,0.801271,0.642035,7,2,38,-1,100,850
950,232,2,1.11617,0.654604,18,2.5,38,0,350,600
950,158,1,0.415222,0.172409,21,2,38,1,450,500
950,159,1,0.180474,0.032571,52,2,38,-1,450,500
950,82,3,1.83612,1.4339,53.3333,5.66667,38,-1,600,350
950,632,1,0.823028,0.677375,34,6,38,1,100,850
950,478,2,1.64488,1.39269,47,6,38.5,0,150,800
950,234,1,0.831185,0.690868,46,11,38,1,350,600
950,628,1,0.691642,0.478369,61,15,38,-1,100,850
950,481,1,0.841073,0.707403,34,19,38,1,150,800
950,870,2,1.32679,0.934044,11.5,31,38,0,50,900
950,1264,1,0.916091,0.839222,27,31,38,-1,0,950
950,646,1,0.486162,0.236354,17,39,38,1,100,850
950,189,1,1.21126,1.46715,53,45,38,1,400,550
950,322,1,0.88143,0.776918,26,49,38,-1,250,700
950,871,1,0.68632,0.471035,6,51,38,-1,50,900
950,1265,2,1.04471,0.556686,8.5,52.5,38.5,0,0,950
950,630,1,0.433127,0.187599,44,61,38,-1,100,850
950,1266,1,0.537797,0.289225,62,61,38,-1,0,950
950,1267,3,2.74535,2.66334,20.6667,62,38.3333,1,0,950
950,874,2,1.9944,2.01197,9.5,1.5,39,2,50,900
950,399,1,0.570638,0.325627,34,1,39,-1,200,750
950,277,1,0.336823,0.11345,1,3,39,-1,300,650
950,1268,1,0.928677,0.862442,36,3,39,-1,0,950
950,1269,1,0.687078,0.472077,9,4,39,1,0,950
950,1270,1,0.235768,0.0555863,3,7,39,1,0,950
950,398,2,0.630129,0.208431,20.5,7,39,0,200,750
950,479,1,0.623193,0.38837,28,7,39,1,150,800
950,321,1,0.921645,0.84943,21,13,39,-1,250,700
950,235,3,1.88558,1.28997,51,15,39.3333,1,350,600
950,130,1,0.469257,0.220203,0,16,39,1,500,450
950,876,1,0.149381,0.0223147,8,17,39,-1,50,900
950,81,1,0.575524,0.331228,23,19,39,1,600,350
950,641,1,0.39917,0.159336,3,21,39,-1,100,850
950,1271,1,0.861899,0.742869,10,21,39,-1,0,950
950,484,1,0.766186,0.58704,37,21,39,-1,150,800
950,1272,1,1.2167,1.48037,9,24,39,-1,0,950
950,58,1,1.13239,1.28231,3,26,39,-1,650,300
950,877,1,0.37579,0.141218,43,27,39,1,50,900
950,1273,1,1.64285,2.69896,63,33,39,-1,0,950
950,882,1,0.8736,0.763176,37,37,39,1,50,900
950,1274,1,0.756921,0.57293,45,40,39,-1,0,950
950,107,1,0.935177,0.874556,31,41,39,1,550,400
950,488,2,2.1286,2.30124,42.5,46,39,0,150,800
950,637,1,0.664767,0.441915,13,51,39,-1,100,850
950,878,1,0.267001,0.0712898,48,52,39,1,50,900
950,25,1,0.758816,0.575801,50,63,39,-1,700,250
950,329,1,0.748224,0.559839,44,3,40,1,250,700
950,237,1,0.805913,0.649496,49,4,40,-1,350,600
950,889,2,2.03631,2.89207,26.5,13.5,40.5,0,50,900
950,486,1,0.507982,0.258046,7,22,40,1,150,800
950,634,1,0.473913,0.224594,33,23,40,1,100,850
950,236,2,0.854044,0.369916,56.5,24.5,40,0,350,600
950,1275,1,0.587435,0.34508,18,28,40,1,0,950
950,1276,1,0.610246,0.372401,13,40,40,-1,0,950
950,190,1,0.704832,0.496788,22,40,40,-1,400,550
950,193,1,0.234664,0.0550674,29,41,40,-1,400,550
950,643,1,0.898036,0.806469,25,47,40,-1,100,850
950,887,1,0.650581,0.423256,61,47,40,1,50,900
950,132,1,0.650409,0.423032,15,48,40,-1,500,450
950,161,1,0.40229,0.161837,48,48,40,-1,450,500
950,879,1,1.1533,1.33009,38,52,40,-1,50,900
950,1277,1,0.767245,0.588665,35,55,40,1,0,950
950,880,1,0.542436,0.294237,21,58,40,1,50,900
950,482,2,1.30027,0.881507,28.5,59.5,40.5,0,150,800
950,638,1,0.154459,0.0238577,12,0,41,1,100,850
950,635,1,0.786968,0.619319,52,0,41,1,100,850
950,323,1,0.744744,0.554643,37,2,41,1,250,700
950,1278,1,0.65061,0.423293,63,2,41,1,0,950
950,1279,1,0.583092,0.339996,28,6,41,1,0,950
950,325,2,1.41612,1.04381,51,6,41.5,0,250,700
950,278,1,0.730228,0.533233,55,7,41,-1,300,650
950,483,1,0.704914,0.496903,33,14,41,-1,150,800
950,160,1,0.865438,0.748983,46,16,41,1,450,500
950,1280,1,0.98427,0.968787,32,17,41,-1,0,950
950,26,1,0.547969,0.30027,2,18,41,1,700,250
950,636,1,0.284314,0.0808347,37,20,41,-1,100,850
950,1281,1,0.334587,0.111948,58,23,41,-1,0,950
950,1282,1,0.957534,0.916871,31,24,41,1,0,950
950,281,1,0.420658,0.176953,50,24,41,1,300,650
950,881,1,0.645239,0.416333,34,30,41,-1,50,900
950,60,1,0.540821,0.292488,18,33,41,1,650,300
950,485,2,1.40035,0.995135,17.5,35,41,0,150,800
950,282,1,1.77418,3.14771,32,35,41,-1,300,650
950,108,3,1.38123,0.669823,55.3333,35.6667,41.6667,-1,550,400
950,886,1,0.443884,0.197033,19,38,41,1,50,900
950,1283,1,0.560048,0.313654,36,39,41,1,0,950
950,649,3,2.1747,1.94221,44,46.6667,41.6667,-1,100,850
950,1284,1,1.08036,1.16719,12,53,41,-1,0,950
950,1285,1,0.813771,0.662222,60,61,41,1,0,950
950,1286,1,0.487176,0.23734,36,63,41,-1,0,950
950,1287,1,0.840984,0.707254,10,1,42,-1,0,950
950,639,1,0.227244,0.0516398,33,1,42,-1,100,850
950,1288,2,1.35511,1.02124,40,2,42.5,0,0,950
950,1289,1,0.057052,0.00325493,33,3,42,-1,0,950
950,892,1,1.5785,2.49165,31,7,42,1,50,900
950,27,1,0.545325,0.29738,42,10,42,1,700,250
950,162,1,1.13487,1.28793,46,10,42,-1,450,500
950,1290,2,1.11538,0.696501,29,11.5,42,0,0,950
950,883,2,1.11437,0.624299,40,13.5,42,0,50,900
950,640,1,0.670538,0.449621,42,13,42,1,100,850
950,1291,1,0.363153,0.13188,4,17,42,1,0,950
950,884,1,0.446911,0.199729,40,17,42,1,50,900
950,1292,2,1.50284,1.1296,2.5,20,42,0,0,950
950,191,1,0.664812,0.441975,25,22,42,-1,400,550
950,1293,2,1.47405,1.09927,4.5,23,42,0,0,950
950,401,2,1.48679,1.10596,53,23,42.5,0,200,750
950,487,1,0.410785,0.168744,6,29,42,-1,150,800
950,327,1,0.679292,0.461438,20,30,42,1,250,700
950,885,1,0.495732,0.24575,15,32,42,1,50,900
950,324,1,1.00779,1.01565,8,39,42,1,250,700
950,896,1,0.621218,0.385912,21,39,42,1,50,900
950,131,1,0.411019,0.168936,62,42,42,-1,500,450
950,1294,1,0.954603,0.911268,62,45,42,-1,0,950
950,1295,1,0.954822,0.911685,27,48,42,1,0,950
950,1296,1,1.27769,1.63249,60,48,42,-1,0,950
950,1297,1,0.889495,0.791202,53,49,42,-1,0,950
950,888,2,1.28386,0.828276,4.5,51.5,42.5,0,50,900
950,644,1,0.173382,0.0300612,1,55,42,-1,100,850
950,1298,1,0.313896,0.0985305,63,59,42,-1,0,950
950,655,1,0.551854,0.304542,45,3,43,1,100,850
950,645,3,2.28963,1.78808,49.3333,10,43,-1,100,850
950,489,2,1.03108,0.712424,19,13,43.5,0,150,800
950,240,5,2.82587,1.68323,44.8,13.2,43.4,1,350,600
950,672,1,0.646112,0.417461,25,15,43,-1,100,850
950,238,3,1.83888,1.16752,10.6667,16.3333,43.6667,-1,350,600
950,890,3,2.12333,1.66594,22.6667,16.6667,43,1,50,900
950,192,1,0.372672,0.138885,15,23,43,-1,400,550
950,284,2,1.5181,1.25687,25.5,25.5,43,0,300,650
950,491,1,0.42762,0.182859,13,28,43,1,150,800
950,1299,2,1.4068,0.999833,18.5,32.5,43.5,0,0,950
950,1300,1,1.11754,1.24889,32,35,43,-1,0,950
950,647,3,2.14676,1.99316,61.6667,39,43.3333,-1,100,850
950,897,2,1.34989,0.977044,30.5,40.5,43.5,-2,50,900
950,1301,1,0.256436,0.0657593,13,42,43,-1,0,950
950,891,1,0.582618,0.339444,11,48,43,-1,50,900
950,899,1,0.908248,0.824915,14,50,43,-1,50,900
950,1302,1,1.19242,1.42187,5,54,43,-1,0,950
950,1303,1,0.635243,0.403534,39,58,43,1,0,950
950,133,1,0.716419,0.513256,11,63,43,-1,500,450
950,239,1,0.410628,0.168615,56,1,44,1,350,600
950,1304,2,0.822144,0.403692,30,8,44.5,0,0,950
950,893,1,0.809544,0.655362,36,9,44,-1,50,900
950,400,1,0.22313,0.0497868,41,10,44,-1,200,750
950,59,3,1.44022,0.794295,16.6667,13.6667,44,-1,650,300
950,651,1,0.941727,0.88685,9,15,44,-1,100,850
950,326,1,0.921142,0.848502,44,16,44,1,250,700
950,894,1,0.379766,0.144222,47,17,44,1,50,900
950,330,1,0.583614,0.340605,0,26,44,1,250,700
950,652,1,0.448738,0.201366,14,26,44,-1,100,850
950,659,1,0.526669,0.27738,22,27,44,-1,100,850
950,895,1,0.489525,0.239634,15,36,44,1,50,900
950,83,1,0.639327,0.408739,48,37,44,1,600,350
950,1305,2,0.839102,0.356471,18,39.5,44,0,0,950
950,285,1,0.878613,0.771962,7,40,44,1,300,650
950,1306,1,0.352299,0.124115,27,41,44,-1,0,950
950,648,1,0.559381,0.312907,53,41,44,-1,100,850
950,898,1,0.635216,0.4035,45,48,44,-1,50,900
950,1307,1,0.20945,0.0438695,61,49,44,-1,0,950
950,1308,1,0.838314,0.702771,10,50,44,-1,0,950
950,1309,1,0.546998,0.299207,15,53,44,1,0,950
950,490,1,0.711021,0.50555,22,53,44,1,150,800
950,328,1,0.244749,0.0599022,43,55,44,-1,250,700
950,650,1,0.214413,0.0459729,45,55,44,-1,100,850
950,1310,2,1.34488,0.923093,8.5,60.5,44.5,2,0,950
950,283,1,0.854272,0.72978,19,60,44,-1,300,650
950,1311,1,0.809141,0.654709,45,62,44,1,0,950
950,109,3,2.4943,3.25745,37,3.33333,46,1,550,400
950,656,1,0.378736,0.143441,43,3,45,1,100,850
950,194,3,1.71247,1.06104,3.33333,8,45,1,400,550
950,1312,1,0.603672,0.36442,38,8,45,-1,0,950
950,241,1,0.431826,0.186474,62,8,45,1,350,600
950,1313,2,1.46639,1.0819,58.5,8.5,45.5,2,0,950
950,664,1,1.04895,1.1003,6,13,45,-1,100,850
950,912,2,1.20686,0.747029,24,14.5,45.5,0,50,900
950,1314,1,0.728492,0.530701,57,17,45,1,0,950
950,900,1,0.695834,0.484186,55,21,45,-1,50,900
950,195,2,1.15438,0.764932,54,26.5,45,0,400,550
950,1315,1,0.570767,0.325775,2,28,45,1,0,950
950,1316,1,0.765831,0.586498,14,28,45,-1,0,950
950,901,1,0.615429,0.378753,37,31,45,1,50,900
950,902,1,0.267452,0.0715303,10,38,45,-1,50,900
950,668,1,0.731609,0.535252,38,40,45,1,100,850
950,653,1,0.555627,0.308721,24,46,45,1,100,850
950,28,1,0.255936,0.0655031,34,51,45,1,700,250
950,1317,1,0.835654,0.698318,56,54,45,-1,0,950
950,654,1,0.595098,0.354141,0,0,46,-1,100,850
950,1318,1,0.699003,0.488605,55,2,46,1,0,950
950,110,1,0.796248,0.634011,40,5,46,1,550,400
950,1319,1,0.462558,0.21396,56,5,46,-1,0,950
950,903,1,0.420146,0.176523,44,6,46,1,50,900
950,1320,2,1.82238,1.89127,46,8.5,46,0,0,950
950,492,1,0.559866,0.31345,43,12,46,1,150,800
950,493,1,0.662908,0.439447,38,15,46,-1,150,800
950,657,1,0.978064,0.95661,1,17,46,1,100,850
950,904,1,0.729339,0.531935,36,20,46,-1,50,900
950,494,1,0.798282,0.637255,60,20,46,-1,150,800
950,667,1,0.559886,0.313473,8,23,46,1,100,850
950,658,1,0.841188,0.707597,43,24,46,-1,100,850
950,905,1,0.549551,0.302007,21,26,46,1,50,900
950,1321,1,0.172386,0.029717,0,27,46,-1,0,950
950,331,1,0.395461,0.15639,48,27,46,1,250,700
950,906,1,0.611043,0.373373,24,29,46,-1,50,900
950,332,1,0.424795,0.180451,55,29,46,1,250,700
950,29,2,1.20528,0.7279,43.5,31,46,0,700,250
950,917,1,0.84821,0.719461,3,37,46,1,50,900
950,660,1,0.846286,0.716201,40,37,46,1,100,850
950,404,1,0.2407,0.0579366,3,42,46,1,200,750
950,495,1,0.543806,0.295725,5,42,46,1,150,800
950,918,1,0.476071,0.226644,5,44,46,1,50,900
950,661,1,0.6076,0.369177,18,48,46,-1,100,850
950,1322,1,0.51686,0.267145,5,52,46,1,0,950
950,662,1,0.661632,0.437757,33,55,46,-1,100,850
950,134,4,3.24034,3.43323,45.25,58.25,47,2,500,450
950,163,1,0.868087,0.753575,59,60,46,1,450,500
950,907,1,0.516057,0.266315,17,62,46,-1,50,900
950,663,1,0.390211,0.152264,31,0,47,-1,100,850
950,402,2,1.43399,1.05226,7.5,7,47,0,200,750
950,908,1,0.72079,0.519538,26,7,47,1,50,900
950,1323,1,0.97643,0.953415,13,10,47,1,0,950
950,496,2,1.10262,0.631419,24.5,11,47,0,150,800
950,909,1,0.898878,0.807981,7,12,47,-1,50,900
950,1324,1,1.59117,2.53183,10,22,47,1,0,950
950,1325,1,0.294846,0.0869343,52,23,47,-1,0,950
950,61,1,0.769644,0.592351,59,36,47,-1,650,300
950,665,1,1.08438,1.17587,52,38,47,-1,100,850
950,910,1,0.461834,0.21329,44,45,47,1,50,900
950,135,1,0.912611,0.832859,37,50,47,1,500,450
950,84,4,2.54881,1.73597,60.5,52.5,47.5,0,600,350
950,914,1,0.637041,0.405821,42,56,47,1,50,900
950,1326,1,0.480383,0.230768,0,58,47,1,0,950
950,1327,3,2.01405,1.57891,38.3333,2.33333,48.3333,-1,0,950
950,911,1,0.619732,0.384068,4,8,48,-1,50,900
950,677,1,0.556457,0.309645,33,11,48,1,100,850
950,924,2,0.828347,0.409362,30,12,48.5,2,50,900
950,666,1,0.549462,0.301909,61,16,48,1,100,850
950,915,1,0.514882,0.265103,25,17,48,1,50,900
950,1328,1,0.786365,0.61837,9,24,48,-1,0,950
950,674,1,0.40126,0.161009,23,26,48,1,100,850
950,1329,1,1.72326,2.96962,8,33,48,-1,0,950
950,913,1,0.278691,0.0776685,38,38,48,1,50,900
950,669,1,0.554506,0.307477,34,41,48,-1,100,850
950,497,2,2.12631,2.42846,25.5,42,48,0,150,800
950,923,1,1.17735,1.38615,4,43,48,-1,50,900
950,333,1,0.787213,0.619705,27,46,48,-1,250,700
950,85,4,2.69246,2.1193,35,48.5,48,0,600,350
950,670,1,0.723084,0.522851,47,57,48,1,100,850
950,1330,1,0.269541,0.0726524,40,58,48,1,0,950
950,1331,1,0.451591,0.203935,5,59,48,-1,0,950
950,403,2,1.39232,0.995152,57.5,59,48,0,200,750
950,671,1,0.994233,0.9885,28,63,48,-1,100,850
950,196,1,0.362884,0.131685,7,4,49,1,400,550
950,498,1,0.688765,0.474397,21,4,49,1,150,800
950,925,1,0.540657,0.29231,25,14,49,1,50,900
950,921,1,0.258929,0.0670442,33,17,49,1,50,900
950,673,1,0.65239,0.425613,15,18,49,1,100,850
950,916,1,1.22912,1.51073,25,26,49,1,50,900
950,1332,1,0.992147,0.984356,16,27,49,-1,0,950
950,136,2,0.306446,0.0473096,45,28,49.5,0,500,450
950,287,1,0.763175,0.582436,55,30,49,1,300,650
950,922,2,1.26067,0.817723,29.5,31,49.5,0,50,900
950,928,1,0.681419,0.464331,39,32,49,1,50,900
950,1333,1,0.368264,0.135618,11,33,49,-1,0,950
950,111,1,0.636549,0.405194,29,33,49,1,550,400
950,112,1,0.51849,0.268832,52,33,49,1,550,400
950,1334,1,0.381609,0.145626,2,36,49,1,0,950
950,407,1,0.358478,0.128506,18,41,49,1,200,750
950,1335,2,1.52897,1.17589,6,42,49.5,0,0,950
950,919,2,0.652626,0.226584,13.5,43,49,0,50,900
950,1336,2,2.42501,3.36817,7.5,46,49,0,0,950
950,920,1,0.548398,0.30074,21,48,49,1,50,900
950,675,1,0.487102,0.237268,29,50,49,-1,100,850
950,406,2,0.809158,0.340775,52,53,49.5,0,200,750
950,63,1,0.812613,0.66034,34,59,49,1,650,300
950,1337,1,0.29823,0.0889411,12,62,49,1,0,950
950,1338,1,0.753581,0.567884,1,3,50,-1,0,950
950,1339,1,0.0602587,0.00363111,49,3,50,1,0,950
950,164,1,1.06665,1.13774,7,8,50,-1,450,500
950,1340,1,0.633086,0.400798,59,9,50,1,0,950
950,1341,1,0.283332,0.0802768,22,10,50,1,0,950
950,1342,2,0.936413,0.442789,32.5,9.5,50.5,-2,0,950
950,1343,1,0.514042,0.264239,9,14,50,1,0,950
950,1344,1,0.552743,0.305525,19,17,50,1,0,950
950,1345,2,1.45723,1.07468,31.5,20,50,0,0,950
950,676,1,0.529808,0.280696,17,21,50,1,100,850
950,499,1,0.542376,0.294172,0,28,50,1,150,800
950,197,1,0.637196,0.406019,49,34,50,1,400,550
950,1346,1,0.336804,0.113437,37,37,50,-1,0,950
950,1347,1,0.28747,0.0826389,2,43,50,1,0,950
950,500,1,0.443735,0.196901,20,44,50,1,150,800
950,405,2,1.90314,1.89094,32.5,47,50.5,0,200,750
950,1348,1,0.435726,0.189858,19,48,50,1,0,950
950,1349,1,0.600213,0.360256,25,49,50,-1,0,950
950,242,1,0.534107,0.285271,33,51,50,1,350,600
950,286,1,0.481994,0.232318,49,59,50,1,300,650
950,1350,1,0.763756,0.583324,49,61,50,1,0,950
950,64,3,2.90644,3.06584,32.6667,61.6667,50.6667,1,650,300
950,1351,1,0.257252,0.0661784,6,11,51,-1,0,950
950,1352,1,0.287764,0.0828082,31,12,51,-1,0,950
950,1353,1,1.17357,1.37728,34,13,51,-1,0,950
950,1354,1,0.420713,0.176999,22,15,51,-1,0,950
950,334,2,1.08017,0.792069,58,19.5,51,0,250,700
950,1355,1,0.715193,0.511501,5,21,51,1,0,950
950,926,1,0.616186,0.379685,41,23,51,-1,50,900
950,62,1,0.694365,0.482142,2,24,51,-1,650,300
950,927,2,0.875483,0.383954,36.5,28.5,51,2,50,900
950,337,1,0.985767,0.971737,32,30,51,-1,250,700
950,1356,1,0.529558,0.280432,40,30,51,-1,0,950
950,1357,2,0.995129,0.575111,48,30.5,51,0,0,950
950,929,2,1.03027,0.563375,4.5,32.5,51.5,0,50,900
950,137,1,0.517087,0.267379,44,32,51,-1,500,450
950,198,2,0.721273,0.260147,43.5,34,51,0,400,550
950,930,1,0.757923,0.574448,18,35,51,-1,50,900
950,1358,1,0.67281,0.452673,39,37,51,1,0,950
950,243,1,0.482697,0.232997,24,38,51,-1,350,600
950,1359,1,0.159245,0.0253589,26,38,51,-1,0,950
950,1360,1,0.332715,0.110699,54,38,51,1,0,950
950,199,3,1.42745,0.71501,21.3333,41.3333,51,1,400,550
950,114,2,0.816144,0.334634,45.5,42.5,51.5,0,550,400
950,1361,1,0.331174,0.109676,55,42,51,1,0,950
950,931,1,0.268257,0.0719617,43,48,51,1,50,900
950,1362,1,0.495769,0.245787,0,53,51,-1,0,950
950,408,1,0.669554,0.448303,55,59,51,1,200,750
950,138,2,1.76913,1.71072,1,60,51.5,0,500,450
950,943,1,0.712411,0.50753,62,4,52,1,50,900
950,288,2,1.26511,0.806094,20,4.5,52.5,0,300,650
950,1363,1,0.277137,0.076805,54,6,52,-1,0,950
950,1364,1,0.654391,0.428228,25,8,52,-1,0,950
950,115,1,0.508125,0.258191,42,11,52,1,550,400
950,504,1,0.474687,0.225328,57,11,52,1,150,800
950,932,1,1.05159,1.10584,27,15,52,1,50,900
950,335,2,1.49773,1.17213,59,16.5,52,0,250,700
950,1365,1,0.37477,0.140452,9,20,52,-1,0,950
950,1366,1,0.43009,0.184978,12,22,52,1,0,950
950,113,1,0.704229,0.495939,56,27,52,-1,550,400
950,30,1,0.709511,0.503407,59,28,52,-1,700,250
950,336,1,0.632119,0.399574,55,29,52,1,250,700
950,201,2,1.0474,0.846972,60,30.5,52.5,0,400,550
950,86,4,3.57054,3.75924,32,34,52.25,0,600,350
950,410,1,0.457834,0.209612,44,38,52,1,200,750
950,1367,1,1.12616,1.26825,59,40,52,-1,0,950
950,1368,1,0.5758,0.331546,18,43,52,1,0,950
950,942,1,0.813973,0.662552,59,47,52,1,50,900
950,1369,1,0.197147,0.0388671,19,53,52,1,0,950
950,502,2,1.20487,0.726224,37,56,52.5,0,150,800
950,1370,1,0.739861,0.547395,53,61,52,-1,0,950
950,933,1,0.686735,0.471604,35,63,52,-1,50,900
950,934,1,0.494516,0.244546,54,12,53,-1,50,900
950,946,3,1.48722,0.811274,41.3333,12.3333,54,1,50,900
950,200,1,0.14775,0.02183,27,20,53,-1,400,550
950,1371,1,0.198611,0.0394462,14,22,53,-1,0,950
950,501,2,1.44394,1.12031,10.5,29,53.5,0,150,800
950,1372,1,0.54931,0.301741,62,30,53,1,0,950
950,935,1,1.11381,1.24057,16,35,53,-1,50,900
950,1373,1,0.6508,0.42354,21,35,53,-1,0,950
950,409,1,0.0774977,0.0060059,61,36,53,1,200,750
950,289,1,1.26584,1.60236,8,38,53,-1,300,650
950,936,1,0.387652,0.150274,42,40,53,-1,50,900
950,937,1,0.655802,0.430076,48,41,53,-1,50,900
950,139,1,0.634491,0.402579,26,43,53,1,500,450
950,1374,1,0.639297,0.408701,1,45,53,-1,0,950
950,31,1,0.560369,0.314013,30,49,53,-1,700,250
950,1375,1,0.383937,0.147407,55,51,53,-1,0,950
950,290,1,0.21539,0.0463927,33,2,54,-1,300,650
950,944,5,4.44241,4.05917,28.2,6.4,54.8,-1,50,900
950,938,1,0.619325,0.383563,11,9,54,1,50,900
950,1376,1,0.933391,0.871218,47,9,54,1,0,950
950,1377,1,0.169599,0.0287639,2,11,54,-1,0,950
950,1378,1,0.647599,0.419384,32,15,54,-1,0,950
950,292,2,1.19281,0.711752,12.5,18.5,54.5,0,300,650
950,678,1,0.677008,0.45834,29,18,54,1,100,850
950,166,1,0.552356,0.305097,34,26,54,1,450,500
950,338,1,0.502217,0.252222,22,28,54,1,250,700
950,339,4,2.10069,1.1348,27.5,30.5,55,2,250,700
950,412,2,0.78361,0.394171,32,31.5,54,0,200,750
950,679,1,0.429454,0.18443,36,32,54,-1,100,850
950,1379,1,0.130128,0.0169334,18,36,54,-1,0,950
950,939,1,0.991737,0.983543,24,41,54,-1,50,900
950,116,2,1.15789,0.673907,4.5,42.5,54.5,0,550,400
950,341,1,0.749027,0.561041,10,44,54,-1,250,700
950,940,1,0.476609,0.227157,41,45,54,-1,50,900
950,941,1,0.330032,0.108921,35,46,54,1,50,900
950,503,1,0.623452,0.388692,14,47,54,1,150,800
950,680,1,0.344353,0.118579,16,47,54,1,100,850
950,1380,2,0.723022,0.287835,19.5,49,54,0,0,950
950,1381,1,0.34571,0.119515,22,49,54,1,0,950
950,1382,1,0.781936,0.611424,60,49,54,1,0,950
950,1383,1,0.796227,0.633977,20,51,54,-1,0,950
950,1384,1,1.09433,1.19756,40,51,54,1,0,950
950,291,1,0.831503,0.691397,44,60,54,1,300,650
950,681,1,0.894589,0.80029,5,61,54,-1,100,850
950,340,1,0.520319,0.270732,57,0,55,-1,250,700
950,1385,1,0.405974,0.164815,30,2,55,-1,0,950
950,65,5,3.06204,1.89138,39.8,2.6,55.2,-1,650,300
950,342,1,0.517003,0.267292,63,4,55,1,250,700
950,1386,1,0.841642,0.708361,14,5,55,-1,0,950
950,945,1,0.928511,0.862132,41,9,55,-1,50,900
950,1387,1,0.4066,0.165324,57,10,55,-1,0,950
950,947,1,0.801165,0.641865,43,16,55,-1,50,900
950,1388,1,0.505175,0.255201,46,22,55,-1,0,950
950,1389,1,0.125534,0.0157587,19,29,55,1,0,950
950,1390,1,0.329117,0.108318,53,29,55,-1,0,950
950,948,1,0.723704,0.523747,46,33,55,-1,50,900
950,244,1,0.30725,0.0944025,29,40,55,-1,350,600
950,1391,1,0.564673,0.318856,62,42,55,-1,0,950
950,1392,1,0.84963,0.721872,12,43,55,1,0,950
950,413,1,0.864755,0.747801,59,43,55,1,200,750
950,508,1,0.403903,0.163138,62,51,55,-1,150,800
950,1393,1,1.08087,1.16828,10,52,55,-1,0,950
950,32,1,0.629799,0.396647,45,52,55,1,700,250
950,949,1,0.584869,0.342071,54,1,56,-1,50,900
950,411,1,0.586374,0.343834,23,10,56,1,200,750
950,1394,1,1.77674,3.15681,21,11,56,-1,0,950
950,962,1,0.936289,0.876636,16,17,56,-1,50,900
950,1395,1,0.561058,0.314786,17,20,56,1,0,950
950,950,1,1.12235,1.25966,26,20,56,-1,50,900
950,1396,1,0.582483,0.339286,43,21,56,-1,0,950
950,1397,1,0.826771,0.683549,58,22,56,1,0,950
950,66,1,0.565298,0.319562,58,26,56,-1,650,300
950,951,1,0.372112,0.138468,43,27,56,-1,50,900
950,952,1,1.08415,1.17539,11,29,56,1,50,900
950,1398,1,0.500205,0.250205,41,30,56,-1,0,950
950,953,1,0.34899,0.121794,32,38,56,-1,50,900
950,1399,1,0.709274,0.50307,12,45,56,1,0,950
950,1400,1,0.625204,0.39088,9,47,56,1,0,950
950,1401,1,0.500271,0.250271,9,50,56,1,0,950
950,1402,1,0.365979,0.133941,54,51,56,-1,0,950
950,165,1,0.891231,0.794293,43,53,56,-1,450,500
950,954,5,3.30119,2.47641,26.4,54.2,56.6,1,50,900
950,509,2,1.05754,0.691839,41,54.5,56,0,150,800
950,955,1,0.699775,0.489685,25,57,56,1,50,900
950,33,3,2.47819,2.10718,60,59,56.3333,-1,700,250
950,167,1,0.495994,0.24601,19,60,56,1,450,500
950,1403,1,1.71561,2.94331,10,61,56,1,0,950
950,682,1,0.71154,0.506289,15,1,57,-1,100,850
950,956,1,0.752379,0.566075,61,1,57,1,50,900
950,959,2,1.00028,0.597425,63,5.5,57.5,0,50,900
950,966,1,1.23232,1.51862,59,8,57,1,50,900
950,203,1,0.995218,0.99046,54,17,57,1,400,550
950,505,1,0.933637,0.871679,11,21,57,1,150,800
950,957,2,1.06846,0.60977,32.5,27.5,57,0,50,900
950,1404,1,0.414194,0.171557,30,30,57,-1,0,950
950,1405,1,0.287663,0.0827502,29,32,57,1,0,950
950,1406,1,0.609545,0.371545,19,37,57,-1,0,950
950,1407,1,0.523344,0.273889,51,38,57,-1,0,950
950,506,1,0.307322,0.0944466,1,40,57,1,150,800
950,1408,4,2.06313,1.17753,57.25,42.25,57.25,0,0,950
950,117,2,2.12021,2.27409,27,48,57.5,0,550,400
950,1409,1,0.55427,0.307215,60,52,57,1,0,950
950,507,1,0.576703,0.332586,47,56,57,-1,150,800
950,245,1,0.416578,0.173537,20,58,57,-1,350,600
950,965,1,1.61198,2.59847,15,59,57,-1,50,900
950,246,1,0.0418434,0.00175087,3,62,57,-1,350,600
950,683,1,0.515751,0.265999,25,2,58,1,100,850
950,170,1,0.804064,0.646518,53,3,58,1,450,500
950,958,1,0.589294,0.347267,31,6,58,1,50,900
950,140,1,1.07697,1.15986,17,8,58,-1,500,450
950,1410,1,0.508395,0.258465,63,8,58,-1,0,950
950,960,1,0.452093,0.204388,2,13,58,-1,50,900
950,961,1,0.405452,0.164391,13,16,58,-1,50,900
950,968,1,0.637009,0.405781,5,17,58,-1,50,900
950,1411,1,0.806313,0.65014,15,17,58,-1,0,950
950,343,5,3.82984,3.27725,4.6,22,58.6,1,250,700
950,142,2,0.994336,0.511266,47.5,29.5,58,2,500,450
950,969,1,0.493736,0.243775,45,32,58,1,50,900
950,168,1,1.03808,1.07762,1,34,58,-1,450,500
950,963,2,1.60424,1.39313,7,34,58.5,2,50,900
950,1412,1,0.655956,0.430278,5,35,58,-1,0,950
950,1413,1,0.499664,0.249664,59,38,58,-1,0,950
950,414,3,1.74667,1.08036,5.66667,41.3333,58.6667,-1,200,750
950,971,1,0.396347,0.157091,31,42,58,-1,50,900
950,964,1,0.290396,0.0843297,16,43,58,1,50,900
950,1414,1,0.776019,0.602205,30,48,58,-1,0,950
950,1415,1,1.16476,1.35665,35,48,58,1,0,950
950,1416,1,0.673358,0.453411,61,50,58,-1,0,950
950,1417,2,1.14813,0.680939,41.5,52.5,58,0,0,950
950,1418,1,1.10812,1.22792,36,55,58,1,0,950
950,39,1,0.524741,0.275353,18,60,58,1,700,250
950,1419,1,0.612765,0.375481,30,62,58,1,0,950
950,169,2,1.79358,1.61263,54.5,62,58,0,450,500
950,684,1,0.424167,0.179918,41,2,59,-1,100,850
950,1420,1,1.03079,1.06252,36,4,59,1,0,950
950,967,1,0.639441,0.408884,57,9,59,-1,50,900
950,1421,1,1.35135,1.82614,55,10,59,-1,0,950
950,35,4,3.60258,3.91388,42.75,17.25,59.25,0,700,250
950,34,4,1.95833,0.993497,50.75,16.5,59.75,0,700,250
950,1422,1,0.531809,0.282821,2,17,59,1,0,950
950,974,1,0.450268,0.202741,20,20,59,1,50,900
950,88,1,0.699473,0.489263,27,25,59,1,600,350
950,89,3,1.9888,2.09499,5.33333,27.3333,59,-1,600,350
950,1423,1,0.556773,0.309996,57,27,59,1,0,950
950,1424,1,0.390089,0.15217,43,32,59,-1,0,950
950,1425,1,0.675102,0.455763,11,34,59,1,0,950
950,970,1,0.754272,0.568927,59,34,59,1,50,900
950,1426,1,0.891624,0.794994,28,40,59,-1,0,950
950,415,1,1.05396,1.11083,47,43,59,1,200,750
950,1427,1,0.583285,0.340222,9,44,59,1,0,950
950,972,1,0.699336,0.489071,48,45,59,-1,50,900
950,1428,2,0.875257,0.388321,12.5,45.5,59.5,0,0,950
950,204,1,0.931155,0.867049,40,46,59,1,400,550
950,1429,1,0.901319,0.812377,0,51,59,1,0,950
950,1430,1,0.90614,0.821089,32,55,59,-1,0,950
950,38,1,0.606363,0.367677,11,58,59,1,700,250
950,1431,4,3.30471,3.0345,5,63.5,59.75,-2,0,950
950,247,1,0.776826,0.603459,24,63,59,1,350,600
950,36,3,1.47762,0.820798,10.6667,1.33333,60.3333,-1,700,250
950,511,2,1.01913,0.598545,29.5,1.5,60.5,-2,150,800
950,1432,7,3.78585,2.26986,55.1429,2.42857,60.8571,1,0,950
950,293,2,1.44333,1.04329,23.5,9,60,0,300,650
950,143,2,1.24146,0.841157,25,15.5,60.5,0,500,450
950,294,1,0.52646,0.27716,15,21,60,-1,300,650
950,973,1,0.35983,0.129478,10,23,60,1,50,900
950,1433,1,0.931855,0.868354,19,23,60,1,0,950
950,1434,1,0.626381,0.392353,55,25,60,-1,0,950
950,1435,1,0.519873,0.270268,46,28,60,-1,0,950
950,295,2,1.13784,0.647502,36.5,29,60.5,0,300,650
950,1436,1,0.731248,0.534724,7,32,60,1,0,950
950,517,1,0.911191,0.830269,45,32,60,1,150,800
950,1437,1,0.677969,0.459642,25,34,60,1,0,950
950,1438,1,0.492321,0.24238,1,40,60,-1,0,950
950,1439,1,0.120242,0.0144581,38,51,60,1,0,950
950,1440,1,0.3232,0.104459,28,52,60,-1,0,950
950,983,1,0.626284,0.392232,20,59,60,-1,50,900
950,510,2,1.27576,0.813795,12,61.5,60,0,150,800
950,344,1,0.600634,0.360761,28,8,61,-1,250,700
950,417,1,0.382095,0.145997,26,9,61,-1,200,750
950,1441,1,0.175202,0.0306956,32,11,61,1,0,950
950,979,2,1.06199,0.564536,9.5,15.5,61.5,0,50,900
950,416,1,0.840101,0.705769,35,16,61,1,200,750
950,685,1,1.01264,1.02544,39,17,61,-1,100,850
950,90,1,0.442672,0.195958,51,22,61,1,600,350
950,1442,2,1.13239,0.681269,49,27.5,61,0,0,950
950,686,1,0.614187,0.377226,1,32,61,-1,100,850
950,1443,1,0.368104,0.1355,8,37,61,-1,0,950
950,975,1,0.834404,0.69623,42,41,61,1,50,900
950,348,1,0.777071,0.603839,24,44,61,1,250,700
950,1444,1,0.841388,0.707934,29,49,61,-1,0,950
950,976,1,0.48415,0.234401,59,52,61,1,50,900
950,118,2,1.44136,1.20217,14.5,54.5,61.5,0,550,400
950,512,2,1.45329,1.07639,11.5,55,61,0,150,800
950,687,3,1.53243,0.969133,61,56.6667,61.3333,-1,100,850
950,1445,1,0.395389,0.156332,44,60,61,-1,0,950
950,1446,1,1.07933,1.16495,30,3,62,-1,0,950
950,977,2,1.35348,1.03603,24.5,6,62,0,50,900
950,978,3,2.64547,2.34387,37,8.66667,62.3333,-1,50,900
950,1447,1,0.764943,0.585138,8,14,62,1,0,950
950,980,2,0.813661,0.337854,25.5,20,62,0,50,900
950,345,1,0.637687,0.406645,49,21,62,-1,250,700
950,513,2,1.04005,0.667232,59.5,22,62,0,150,800
950,1448,1,0.563135,0.317121,56,24,62,1,0,950
950,516,4,2.36682,2.36767,6,26,62.5,0,150,800
950,346,1,0.349197,0.121939,23,26,62,-1,250,700
950,1449,1,0.500206,0.250206,31,39,62,1,0,950
950,1450,2,2.57543,3.62577,28,41,62.5,0,0,950
950,1451,2,0.981086,0.485325,30.5,45.5,62,0,0,950
950,514,1,0.533731,0.284869,4,49,62,1,150,800
950,981,1,0.563356,0.31737,12,52,62,1,50,900
950,347,1,0.243831,0.0594538,45,53,62,-1,250,700
950,515,1,0.473195,0.223913,54,53,62,1,150,800
950,1452,1,0.640004,0.409605,31,55,62,1,0,950
950,982,1,0.642327,0.412584,19,58,62,-1,50,900
950,519,2,1.67729,1.40669,35,58,62.5,0,150,800
950,518,2,1.46746,1.16173,14.5,59,62.5,0,150,800
950,992,2,1.12101,0.632459,19.5,60,62,0,50,900
950,1453,1,0.283988,0.0806492,12,61,62,1,0,950
950,985,1,0.501072,0.251073,4,10,63,-1,50,900
950,1454,2,1.24486,0.869223,26.5,11,63,0,0,950
950,1455,1,0.415669,0.172781,16,17,63,1,0,950
950,1456,1,0.984117,0.968485,55,21,63,1,0,950
950,986,1,0.360401,0.129889,35,29,63,-1,50,900
950,1457,1,0.289184,0.0836275,44,33,63,1,0,950
950,987,1,0.776935,0.603628,27,37,63,-1,50,900
950,1458,1,0.578702,0.334896,39,37,63,1,0,950
950,988,1,0.363794,0.132346,60,39,63,1,50,900
950,1459,1,0.800595,0.640952,9,41,63,-1,0,950
950,1460,1,0.694047,0.481701,22,42,63,1,0,950
950,989,1,0.543696,0.295605,6,46,63,1,50,900
950,1461,1,0.994719,0.989467,11,46,63,-1,0,950
950,990,1,0.358753,0.128704,36,48,63,1,50,900
950,1462,1,0.949549,0.901644,37,50,63,-1,0,950
950,688,1,0.610532,0.372749,50,53,63,1,100,850
950,349,1,0.224713,0.0504958,35,54,63,1,250,700
950,1463,1,0.597409,0.356898,6,57,63,1,0,950
950,40,1,0.70485,0.496813,24,58,63,-1,700,250
950,689,1,0.584162,0.341245,26,58,63,-1,100,850
950,991,1,0.713372,0.5089,35,60,63,1,50,900
950,1464,1,0.421532,0.177689,17,61,63,1,0,950
1000,296,2,1.63697,1.39519,59.5,1,0,0,300,700
1000,419,4,2.00987,1.23457,2.25,2.5,0.75,0,200,800
1000,993,1,0.764272,0.584112,31,10,0,1,50,950
1000,994,2,1.26788,0.809117,14.5,12,0,0,50,950
1000,690,1,0.85347,0.728411,18,13,0,-1,100,900
1000,524,1,0.717933,0.515428,46,16,0,1,150,850
1000,1465,1,0.662127,0.438412,1,17,0,1,0,1000
1000,92,1,0.405626,0.164532,19,17,0,1,600,400
1000,691,1,1.13945,1.29835,7,18,0,1,100,900
1000,1466,1,0.488308,0.238444,31,19,0,1,0,1000
1000,1467,1,0.517139,0.267433,44,19,0,1,0,1000
1000,1468,4,1.94862,1.14025,63.25,23.25,1,0,0,1000
1000,692,1,0.673091,0.453051,37,24,0,1,100,900
1000,520,4,2.52867,2.18928,45.5,27.5,-0.5,0,150,850
1000,695,2,1.00215,0.512771,27,30,0.5,0,100,900
1000,995,1,0.627925,0.39429,59,36,0,1,50,950
1000,171,3,1.501,0.778303,10.6667,38.3333,-0.333333,1,450,550
1000,1469,1,1.29387,1.6741,49,38,0,-1,0,1000
1000,996,1,0.521651,0.27212,6,40,0,1,50,950
1000,145,1,0.320382,0.102644,16,40,0,1,500,500
1000,521,2,1.60132,1.2896,62.5,40,0,0,150,850
1000,1470,1,0.224073,0.0502089,30,41,0,-1,0,1000
1000,1471,1,0.786907,0.619222,31,43,0,-1,0,1000
1000,172,1,0.538895,0.290408,42,43,0,-1,450,550
1000,997,1,1.30707,1.70843,21,44,0,1,50,950
1000,205,1,0.600445,0.360534,41,46,0,-1,400,600
1000,998,1,0.395666,0.156552,7,48,0,-1,50,950
1000,693,2,1.74471,1.57746,44.5,48,0,0,100,900
1000,1472,1,1.20821,1.45978,47,54,0,1,0,1000
1000,1473,1,0.905932,0.820712,52,58,0,1,0,1000
1000,1012,1,0.778935,0.60674,4,60,0,-1,50,950
1000,999,1,0.748609,0.560416,8,60,0,-1,50,950
1000,67,1,0.61226,0.374862,26,60,0,-1,650,350
1000,1474,2,1.29862,0.859514,35,60,-0.5,0,0,1000
1000,523,1,0.399786,0.159829,0,63,0,1,150,850
1000,299,2,1.25499,0.789765,47.5,63,-0.5,0,300,700
1000,1000,6,4.07545,2.94595,50.5,62.1667,1.66667,2,50,950
1000,41,2,1.70312,1.45219,29,0,1.5,0,700,300
1000,1475,1,1.01818,1.0367,44,0,1,-1,0,1000
1000,144,2,1.88364,1.79597,10.5,0.5,1.5,2,500,500
1000,2,3,2.31577,1.88447,55.3333,1,1.66667,1,750,250
1000,1001,1,0.794298,0.63091,5,4,1,-1,50,950
1000,694,1,0.606241,0.367528,35,5,1,-1,100,900
1000,206,3,3.20497,3.99515,53.3333,14.6667,1.33333,-1,400,600
1000,1007,1,0.856727,0.733981,36,15,1,1,50,950
1000,350,1,0.839265,0.704366,35,17,1,1,250,750
1000,424,5,2.71387,1.55245,34.8,19.6,1.8,1,200,800
1000,1476,1,0.750188,0.562782,49,33,1,1,0,1000
1000,1002,1,1.06747,1.13949,0,34,1,-1,50,950
1000,1003,1,0.473291,0.224005,44,34,1,1,50,950
1000,213,1,0.929419,0.86382,13,41,1,1,400,600
1000,1,1,0.793495,0.629634,22,42,1,-1,750,250
1000,1477,1,0.402119,0.1617,62,42,1,1,0,1000
1000,422,4,3.0938,2.45067,40.5,50,2,0,200,800
1000,696,2,1.77228,1.63326,1.5,51,1,0,100,900
1000,208,1,0.3781,0.14296,10,51,1,1,400,600
1000,1004,1,0.389417,0.151645,13,52,1,1,50,950
1000,298,1,0.280275,0.0785542,19,52,1,1,300,700
1000,709,1,0.934287,0.872893,49,53,1,1,100,900
1000,418,1,0.396014,0.156827,13,58,1,1,200,800
1000,1478,1,0.750196,0.562794,23,58,1,1,0,1000
1000,420,1,1.00028,1.00057,15,3,2,1,200,800
1000,1005,1,0.553955,0.306867,30,6,2,-1,50,950
1000,1479,1,1.11654,1.24667,40,6,2,1,0,1000
1000,1480,1,0.680193,0.462663,21,8,2,-1,0,1000
1000,1006,1,1.50009,2.25027,27,9,2,1,50,950
1000,1481,2,1.56684,1.27162,51,9.5,2.5,0,0,1000
1000,1482,1,1.6483,2.7169,54,11,2,1,0,1000
1000,1483,1,0.892244,0.7961,28,13,2,1,0,1000
1000,1484,1,0.789683,0.623599,37,17,2,1,0,1000
1000,697,2,1.93133,2.65681,41,22.5,2,0,100,900
1000,698,2,1.81086,1.65182,4.5,24,2,0,100,900
1000,703,2,0.84042,0.462262,31,24,2.5,0,100,900
1000,1485,1,0.489987,0.240087,38,24,2,1,0,1000
1000,1008,1,0.751094,0.564142,3,26,2,1,50,950
1000,699,1,0.984348,0.96894,14,27,2,1,100,900
1000,525,3,1.09983,0.452458,28.3333,26.6667,2.33333,1,150,850
1000,3,7,5.11298,4.98682,48,25.8571,3.14286,3,750,250
1000,1486,1,0.362963,0.131742,57,29,2,-1,0,1000
1000,1009,1,0.835482,0.698031,46,30,2,-1,50,950
1000,1487,1,0.366077,0.134012,33,32,2,-1,0,1000
1000,1488,1,0.771182,0.594721,55,32,2,-1,0,1000
1000,1025,2,0.986458,0.486881,2.5,35.5,2,2,50,950
1000,297,1,0.315815,0.0997392,20,36,2,1,300,700
1000,713,1,0.33105,0.109594,59,36,2,1,100,900
1000,522,2,1.87776,1.76403,37,38.5,2,0,150,850
1000,351,2,0.60303,0.332273,45.5,37.5,2.5,0,250,750
1000,1010,1,0.55739,0.310683,8,39,2,-1,50,950
1000,532,1,0.640922,0.410781,15,41,2,-1,150,850
1000,1489,1,0.471641,0.222446,24,42,2,1,0,1000
1000,426,4,3.31133,3.01837,50,46.25,3,0,200,800
1000,1490,2,1.33728,0.922606,21,50.5,2,0,0,1000
1000,1491,1,0.618917,0.383059,31,53,2,1,0,1000
1000,1011,1,0.340876,0.116196,12,54,2,1,50,950
1000,1014,1,0.745799,0.556217,0,59,2,1,50,950
1000,1492,1,0.491841,0.241908,7,59,2,1,0,1000
1000,209,4,2.10531,1.17308,31,57.75,2.75,0,400,600
1000,1493,1,1.49204,2.22618,50,60,2,-1,0,1000
1000,1013,1,0.489951,0.240052,18,61,2,-1,50,950
1000,710,1,0.598264,0.35792,62,61,2,-1,100,900
1000,1494,2,1.03869,0.722259,0,62.5,2,0,0,1000
1000,714,1,0.794321,0.630945,47,62,2,-1,100,900
1000,1495,2,1.30252,0.937258,12,0,3.5,0,0,1000
1000,1496,2,2.12916,3.57054,23.5,4,3.5,0,0,1000
1000,1015,1,0.70498,0.496997,61,8,3,1,50,950
1000,700,1,0.517149,0.267443,14,9,3,1,100,900
1000,1497,2,1.85183,2.5376,18.5,10,3,0,0,1000
1000,0,1,0.750099,0.562649,45,12,3,-1,750,250
1000,1023,2,1.95901,2.02745,11,13,3.5,0,50,950
1000,1498,1,0.573875,0.329332,30,13,3,-1,0,1000
1000,701,1,0.606097,0.367353,19,16,3,1,100,900
1000,702,3,1.84585,1.25482,5,18,3,-1,100,900
1000,1499,1,0.727955,0.529919,47,18,3,-1,0,1000
1000,1016,1,0.361216,0.130477,6,20,3,1,50,950
1000,425,2,1.48274,1.11673,56.5,20,3,0,200,800
1000,1500,5,4.51036,4.27277,33.4,21,4,-1,0,1000
1000,1017,1,0.619098,0.383282,29,24,3,-1,50,950
1000,1018,2,0.900706,0.638024,10,29.5,3.5,0,50,950
1000,1019,1,0.451322,0.203691,12,31,3,-1,50,950
1000,1020,3,2.24584,1.70297,0,32.3333,3.33333,1,50,950
1000,704,1,0.489516,0.239626,19,33,3,1,100,900
1000,1501,1,0.788842,0.622272,21,33,3,1,0,1000
1000,1502,1,0.504,0.254016,4,38,3,-1,0,1000
1000,1503,1,0.69601,0.48443,19,38,3,1,0,1000
1000,1504,4,1.86372,0.889521,19.25,41.25,3.25,2,0,1000
1000,705,1,0.83549,0.698043,62,46,3,1,100,900
1000,146,2,0.926268,0.429438,11.5,49,3,0,500,500
1000,1031,1,0.407571,0.166114,56,49,3,-1,50,950
1000,1505,1,1.62552,2.6423,58,49,3,-1,0,1000
1000,706,1,0.622288,0.387242,8,51,3,-1,100,900
1000,1506,1,0.438237,0.192051,55,53,3,-1,0,1000
1000,1022,1,0.0862423,0.00743774,12,56,3,1,50,950
1000,1507,1,0.628167,0.394593,53,57,3,1,0,1000
1000,1508,1,1.19195,1.42075,14,59,3,-1,0,1000
1000,1509,1,1.09055,1.18929,41,61,3,-1,0,1000
1000,707,1,0.568375,0.32305,37,63,3,-1,100,900
1000,250,6,4.79988,4.62199,29,1.66667,5,0,350,650
1000,210,3,1.74841,1.26451,51.6667,2,4.33333,-1,400,600
1000,1510,1,0.75327,0.567415,7,4,4,-1,0,1000
1000,423,2,1.16304,0.680095,47.5,7,4,0,200,800
1000,121,1,0.30504,0.0930493,59,8,4,1,550,450
1000,529,2,1.06255,0.635719,36.5,13,4,0,150,850
1000,1511,1,1.70469,2.90596,62,15,4,-1,0,1000
1000,1512,1,1.57545,2.48204,57,17,4,-1,0,1000
1000,1513,1,0.705473,0.497693,36,18,4,-1,0,1000
1000,1514,1,0.0920728,0.00847739,30,20,4,1,0,1000
1000,1515,1,0.616331,0.379864,36,20,4,-1,0,1000
1000,1024,1,0.445759,0.198701,56,22,4,-1,50,950
1000,427,4,2.11834,1.35339,15.5,22.5,4.5,0,200,800
1000,5,1,0.240441,0.0578117,42,26,4,-1,750,250
1000,1516,1,0.735764,0.541349,2,35,4,1,0,1000
1000,217,14,10.0353,8.03034,32.8571,36.6429,5.78571,4,400,600
1000,93,2,1.20794,0.755474,14.5,38.5,4.5,0,600,400
1000,708,1,0.668688,0.447144,32,41,4,1,100,900
1000,1037,1,0.627585,0.393862,15,42,4,-1,50,950
1000,527,2,1.33636,0.971113,6.5,44,4.5,0,150,850
1000,1517,1,0.561224,0.314972,18,45,4,1,0,1000
1000,1021,1,0.905642,0.820187,41,48,4,-1,50,950
1000,1518,1,0.632049,0.399486,18,51,4,-1,0,1000
1000,1519,1,0.922182,0.850419,49,53,4,-1,0,1000
1000,1033,2,1.54843,1.25185,4,54,4.5,0,50,950
1000,352,1,1.05089,1.10437,41,56,4,-1,250,750
1000,119,1,0.782434,0.612203,6,61,4,1,550,450
1000,207,1,0.81195,0.659262,29,61,4,1,400,600
1000,1520,1,0.542371,0.294167,62,61,4,-1,0,1000
1000,711,1,0.582625,0.339452,18,0,5,1,100,900
1000,69,2,2.1169,2.38156,46,3.5,5.5,0,650,350
1000,303,1,0.870586,0.75792,56,6,5,-1,300,700
1000,215,1,0.395184,0.15617,24,8,5,1,400,600
1000,1026,1,0.862976,0.744727,30,9,5,-1,50,950
1000,300,1,0.899814,0.809665,39,10,5,-1,300,700
1000,1042,1,0.366186,0.134092,41,13,5,1,50,950
1000,1521,1,0.438029,0.191869,10,17,5,-1,0,1000
1000,214,1,0.829696,0.688396,34,18,5,-1,400,600
1000,211,3,1.08946,0.431033,22.3333,24,5.33333,1,400,600
1000,712,1,0.780441,0.609088,46,25,5,-1,100,900
1000,147,1,0.419172,0.175705,11,27,5,-1,500,500
1000,1522,2,2.08991,2.31146,42.5,33,5.5,-2,0,1000
1000,1027,1,0.828967,0.687186,59,34,5,1,50,950
1000,1028,1,0.955533,0.913043,62,38,5,1,50,950
1000,428,1,0.258686,0.0669183,45,42,5,-1,200,800
1000,719,1,0.559237,0.312746,62,45,5,-1,100,900
1000,1029,1,0.52815,0.278942,0,46,5,-1,50,950
1000,1030,5,4.22366,4.83967,13.6,49.2,5.6,-1,50,950
1000,1523,1,0.732388,0.536392,55,52,5,1,0,1000
1000,1032,1,0.528616,0.279435,9,53,5,-1,50,950
1000,1524,1,0.500177,0.250177,43,54,5,-1,0,1000
1000,1525,1,0.259029,0.0670958,62,54,5,-1,0,1000
1000,1526,1,0.683947,0.467784,3,60,5,-1,0,1000
1000,1527,1,0.726076,0.527187,48,63,5,-1,0,1000
1000,528,2,1.34492,1.10521,59,3,6.5,0,150,850
1000,354,2,1.48209,1.2793,30,4.5,6,0,250,750
1000,1528,1,0.690945,0.477405,23,6,6,1,0,1000
1000,535,1,0.935038,0.874296,2,7,6,-1,150,850
1000,536,4,2.85901,2.40083,26.75,10,6.75,0,150,850
1000,715,1,0.700559,0.490784,62,11,6,1,100,900
1000,1034,1,0.546813,0.299004,36,13,6,-1,50,950
1000,1529,1,1.18669,1.40823,38,15,6,1,0,1000
1000,429,4,2.46565,1.75366,52.25,17.25,6.5,-2,200,800
1000,721,1,0.784973,0.616183,12,19,6,1,100,900
1000,430,2,2.44009,3.04399,41.5,20.5,6.5,0,200,800
1000,533,2,1.28192,0.83102,53,23,6.5,0,150,850
1000,304,2,2.13005,2.26949,24.5,24,6.5,-2,300,700
1000,716,3,2.83648,3.2144,35.6667,25.6667,6.66667,-1,100,900
1000,530,2,1.2183,0.776803,50.5,25,6,0,150,850
1000,1044,1,0.511053,0.261175,26,33,6,1,50,950
1000,717,1,0.459989,0.21159,53,33,6,1,100,900
1000,212,2,0.855265,0.433389,5.5,35.5,6,0,400,600
1000,43,1,0.906558,0.821847,42,36,6,1,700,300
1000,718,7,4.86171,3.99043,7.14286,38.4286,6.42857,-1,100,900
1000,1035,1,0.301906,0.0911473,59,38,6,1,50,950
1000,1530,1,0.382416,0.146242,5,40,6,-1,0,1000
1000,1036,1,0.722429,0.521904,31,41,6,1,50,950
1000,42,1,0.236011,0.0557012,52,41,6,1,700,300
1000,1531,2,0.798448,0.321522,15,42.5,6.5,0,0,1000
1000,1532,1,0.74107,0.549184,10,45,6,-1,0,1000
1000,356,1,0.883973,0.781409,52,46,6,1,250,750
1000,1038,1,0.501829,0.251833,59,47,6,1,50,950
1000,1533,1,0.308381,0.0950988,61,48,6,1,0,1000
1000,1534,1,0.466727,0.217834,60,51,6,1,0,1000
1000,538,2,1.28043,0.82672,38.5,54,6,0,150,850
1000,1039,1,0.557043,0.310297,34,58,6,1,50,950
1000,435,1,0.794158,0.630687,28,60,6,1,200,800
1000,353,1,0.583965,0.341015,40,0,7,-1,250,750
1000,1535,1,0.314866,0.0991404,33,1,7,-1,0,1000
1000,720,2,1.37689,1.01644,33,5.5,7,0,100,900
1000,1040,3,0.992056,0.337225,60,9.66667,7.33333,1,50,950
1000,1041,1,0.608718,0.370538,10,10,7,-1,50,950
1000,4,2,1.06973,0.676776,4,12,7.5,0,750,250
1000,1536,1,0.366712,0.134478,38,13,7,1,0,1000
1000,1537,1,0.153484,0.0235573,15,18,7,1,0,1000
1000,357,1,0.59467,0.353633,32,18,7,1,250,750
1000,723,5,4.35723,4.46394,2.2,23.4,7.8,1,100,900
1000,437,1,0.584603,0.341761,11,24,7,-1,200,800
1000,1048,2,2.67567,3.60001,15.5,26,7.5,0,50,950
1000,540,2,1.72987,1.6814,21.5,26,7,0,150,850
1000,436,2,1.00146,0.713277,25.5,26,7,0,200,800
1000,1538,1,0.929879,0.864675,46,26,7,1,0,1000
1000,724,2,0.777581,0.442068,39.5,27.5,7.5,0,100,900
1000,302,2,1.14051,0.651753,54.5,29,7,0,300,700
1000,355,3,1.75418,1.26844,35,30.6667,7,-1,250,750
1000,534,3,2.09104,1.49008,30,31.3333,7,-1,150,850
1000,1043,1,0.763556,0.583018,19,33,7,-1,50,950
1000,725,2,1.36147,0.946065,30,35.5,7,0,100,900
1000,1539,1,0.982932,0.966155,27,36,7,-1,0,1000
1000,738,1,0.853044,0.727684,40,37,7,-1,100,900
1000,173,1,0.369796,0.136749,60,42,7,-1,450,550
1000,431,1,0.864743,0.747781,22,43,7,1,200,800
1000,1540,1,0.505506,0.255536,30,43,7,1,0,1000
1000,1541,1,0.354287,0.125519,54,43,7,-1,0,1000
1000,1045,1,1.09779,1.20515,42,46,7,-1,50,950
1000,432,1,0.853141,0.727849,25,52,7,1,200,800
1000,149,3,1.1747,0.530373,46.6667,58.6667,7.66667,-1,500,500
1000,433,1,0.356113,0.126816,41,60,7,-1,200,800
1000,1542,1,0.518789,0.269142,39,62,7,1,0,1000
1000,44,1,0.876959,0.769057,9,63,7,1,700,300
1000,301,2,1.02495,0.527771,56.5,0,8,0,300,700
1000,1543,1,0.78504,0.616287,1,4,8,-1,0,1000
1000,1046,2,1.09601,0.61,30.5,4.5,8.5,2,50,950
1000,1544,1,0.412626,0.170261,45,5,8,-1,0,1000
1000,543,7,5.61953,4.60919,57.8571,6.14286,8.42857,-1,150,850
1000,726,1,0.421991,0.178077,63,6,8,1,100,900
1000,1545,1,1.07512,1.15589,44,7,8,1,0,1000
1000,1546,1,0.765381,0.585808,22,8,8,1,0,1000
1000,537,2,0.955395,0.507547,21.5,12.5,8.5,0,150,850
1000,1047,2,0.816852,0.345054,48,12.5,8.5,0,50,950
1000,1547,1,0.473392,0.2241,21,16,8,-1,0,1000
1000,216,1,0.748525,0.56029,24,22,8,1,400,600
1000,1548,1,0.447488,0.200246,13,26,8,-1,0,1000
1000,736,1,0.729171,0.531691,24,29,8,-1,100,900
1000,251,1,1.04511,1.09225,48,37,8,1,350,650
1000,1059,2,1.15741,0.725766,38.5,38.5,8,0,50,950
1000,733,2,0.952542,0.470666,62.5,41,8,0,100,900
1000,553,2,1.72161,1.539,52,45,8.5,0,150,850
1000,1049,1,0.633765,0.401658,39,47,8,-1,50,950
1000,1549,1,0.454733,0.206782,59,47,8,1,0,1000
1000,541,1,0.484506,0.234746,7,54,8,-1,150,850
1000,120,1,0.578363,0.334503,25,55,8,1,550,450
1000,727,1,0.362877,0.13168,40,56,8,-1,100,900
1000,1550,2,1.25974,0.848258,40.5,58,8,0,0,1000
1000,539,2,1.50572,1.139,52.5,61,8,0,150,850
1000,1551,1,0.773183,0.597812,24,62,8,-1,0,1000
1000,1552,1,0.876421,0.768113,7,63,8,-1,0,1000
1000,728,2,0.783934,0.405573,31.5,62.5,8.5,-2,100,900
1000,11,1,0.355807,0.126599,8,1,9,1,750,250
1000,735,2,1.3788,1.18145,38.5,1.5,9.5,2,100,900
1000,148,1,0.270979,0.0734298,0,9,9,1,500,500
1000,1050,1,0.671129,0.450414,4,14,9,-1,50,950
1000,729,1,0.465252,0.216459,28,14,9,-1,100,900
1000,1067,2,0.877272,0.454488,35.5,15,9,0,50,950
1000,1553,1,0.505253,0.25528,38,15,9,-1,0,1000
1000,9,1,0.143864,0.0206967,44,16,9,1,750,250
1000,730,3,2.29526,1.87834,32,18.3333,9.33333,1,100,900
1000,94,1,0.609067,0.370962,58,19,9,-1,600,400
1000,361,1,0.399579,0.159664,22,20,9,-1,250,750
1000,1554,1,0.989302,0.978719,33,21,9,1,0,1000
1000,1051,1,0.466733,0.21784,43,21,9,1,50,950
1000,358,1,0.418721,0.175327,17,24,9,-1,250,750
1000,731,3,1.62108,0.954968,22.6667,24.6667,9,1,100,900
1000,1052,1,1.0156,1.03144,20,26,9,1,50,950
1000,359,1,0.790737,0.625265,31,27,9,-1,250,750
1000,732,3,3.31703,4.10824,57,30.6667,9.66667,-1,100,900
1000,10,1,0.838562,0.703186,20,36,9,-1,750,250
1000,1053,1,0.57561,0.331327,10,39,9,1,50,950
1000,1555,2,1.8807,1.82601,62.5,43,9,0,0,1000
1000,1556,1,1.4696,2.15973,57,47,9,1,0,1000
1000,254,1,0.709724,0.503708,9,48,9,1,350,650
1000,545,5,3.1875,2.48979,10.2,52.2,9.6,1,150,850
1000,734,1,0.427245,0.182539,43,55,9,-1,100,900
1000,542,1,0.708212,0.501564,15,56,9,-1,150,850
1000,550,1,0.640583,0.410346,27,56,9,1,150,850
1000,218,2,1.29132,0.839122,8,58.5,9,0,400,600
1000,1557,2,1.95416,1.9534,27.5,59.5,9,0,0,1000
1000,1065,1,0.595667,0.354819,16,3,10,1,50,950
1000,1558,2,2.05354,2.19023,47.5,6,10,0,0,1000
1000,1054,2,0.956446,0.46681,55.5,7.5,10.5,0,50,950
1000,1559,1,0.473494,0.224197,50,8,10,1,0,1000
1000,1055,1,0.663925,0.440796,16,15,10,1,50,950
1000,1056,2,1.40491,1.0261,6.5,16.5,10.5,-2,50,950
1000,439,7,3.8902,2.28663,23.5714,19.2857,11,1,200,800
1000,1560,1,0.817496,0.668299,8,21,10,1,0,1000
1000,255,2,1.2385,0.776167,56.5,21,10,0,350,650
1000,45,2,1.05381,0.574415,61,20.5,10.5,0,700,300
1000,548,3,2.14919,1.83665,35.6667,24.3333,10.3333,1,150,850
1000,1561,1,0.597035,0.356451,7,25,10,1,0,1000
1000,1057,1,0.25803,0.0665794,61,27,10,-1,50,950
1000,1562,1,0.829741,0.688471,25,28,10,1,0,1000
1000,150,1,0.877053,0.769222,17,31,10,-1,500,500
1000,6,3,1.99429,1.63198,21.3333,32.3333,10,1,750,250
1000,737,1,0.57615,0.331948,51,32,10,1,100,900
1000,742,1,0.708136,0.501456,7,34,10,1,100,900
1000,1058,1,0.608416,0.37017,6,37,10,-1,50,950
1000,181,1,0.727738,0.529602,37,38,10,-1,450,550
1000,1563,2,1.79472,1.70602,48.5,39,10,0,0,1000
1000,544,1,1.33703,1.78765,24,41,10,1,150,850
1000,566,2,2.07689,2.16295,38.5,41,10,0,150,850
1000,7,3,2.33665,1.85055,3.33333,45,10.3333,-1,750,250
1000,1060,1,0.398524,0.158821,8,44,10,1,50,950
1000,1564,1,0.628206,0.394642,18,45,10,-1,0,1000
1000,751,1,0.449949,0.202454,51,48,10,-1,100,900
1000,252,1,0.923079,0.852076,49,51,10,-1,350,650
1000,1061,1,0.790772,0.625321,21,52,10,1,50,950
1000,362,2,1.1652,0.688003,38,52,10.5,0,250,750
1000,1565,1,0.79302,0.628881,58,53,10,1,0,1000
1000,546,1,0.389015,0.151332,49,54,10,-1,150,850
1000,8,3,1.75814,1.046,34.6667,56,10,1,750,250
1000,438,4,2.30459,1.71083,47,58.5,10.5,0,200,800
1000,220,1,0.227742,0.0518663,11,60,10,-1,400,600
1000,174,1,0.68038,0.462917,18,63,10,-1,450,550
1000,367,1,1.22477,1.50007,58,63,10,1,250,750
1000,1566,1,0.405282,0.164253,35,4,11,1,0,1000
1000,1567,1,0.293918,0.0863878,50,4,11,-1,0,1000
1000,547,3,1.60653,0.958743,17.3333,7.66667,11,1,150,850
1000,1568,1,0.414697,0.171973,26,7,11,1,0,1000
1000,1569,1,0.559155,0.312654,15,9,11,1,0,1000
1000,1570,1,0.355937,0.126691,53,9,11,1,0,1000
1000,1571,1,0.591198,0.349515,6,12,11,1,0,1000
1000,1572,1,0.220372,0.0485637,0,13,11,1,0,1000
1000,1066,1,1.2195,1.48718,25,16,11,1,50,950
1000,1573,3,2.02447,1.68482,35,15,11.6667,1,0,1000
1000,253,2,1.07593,0.652867,42.5,17,11,0,350,650
1000,1574,1,0.64389,0.414594,6,23,11,-1,0,1000
1000,1575,1,0.232014,0.0538305,24,25,11,-1,0,1000
1000,549,4,2.37376,1.73756,12.25,27.25,11.5,0,150,850
1000,1062,1,0.572511,0.327769,56,27,11,1,50,950
1000,1576,1,1.0101,1.0203,45,28,11,-1,0,1000
1000,222,5,3.26743,2.30111,21.6,29.8,12.2,1,400,600
1000,1063,1,0.920941,0.848132,11,31,11,-1,50,950
1000,177,4,2.57508,1.67581,30,31.5,11,0,450,550
1000,741,7,3.82559,2.14637,7,33,12.7143,3,100,900
1000,305,1,0.716174,0.512905,37,33,11,1,300,700
1000,306,1,0.610289,0.372452,27,34,11,1,300,700
1000,1577,1,0.555036,0.308065,21,35,11,1,0,1000
1000,1578,1,0.694204,0.481919,26,37,11,-1,0,1000
1000,1064,1,0.490886,0.240969,3,38,11,1,50,950
1000,1078,1,0.760842,0.578881,28,38,11,-1,50,950
1000,365,1,0.565611,0.319916,5,40,11,1,250,750
1000,71,1,0.668801,0.447295,50,41,11,-1,650,350
1000,749,2,1.21765,0.905607,36,42,11.5,0,100,900
1000,1579,1,0.758679,0.575593,61,42,11,1,0,1000
1000,1089,1,0.483373,0.233649,8,46,11,1,50,950
1000,739,2,1.06999,0.573484,12,47.5,11,0,100,900
1000,70,2,1.24362,0.801855,28,52.5,11,0,650,350
1000,552,2,0.951096,0.485842,5,53,11.5,0,150,850
1000,1580,4,3.26898,2.78896,25.75,54,11.25,-2,0,1000
1000,1581,1,0.59034,0.348502,30,53,11,1,0,1000
1000,746,1,0.715047,0.511292,37,54,11,1,100,900
1000,551,2,2.22757,2.94353,15,56,11.5,0,150,850
1000,219,2,1.4841,1.10252,8,60.5,11,0,400,600
1000,1073,1,0.685149,0.469428,10,1,12,-1,50,950
1000,307,1,0.616181,0.379679,20,3,12,1,300,700
1000,1086,2,1.80964,1.79374,13.5,4,12,0,50,950
1000,175,1,0.436473,0.190509,3,8,12,1,450,550
1000,1582,1,0.585025,0.342255,25,13,12,1,0,1000
1000,753,1,1.17764,1.38684,30,18,12,1,100,900
1000,1583,1,1.13139,1.28005,38,19,12,-1,0,1000
1000,1068,1,0.521357,0.271813,56,20,12,-1,50,950
1000,1584,1,1.35374,1.8326,31,21,12,1,0,1000
1000,740,1,0.650023,0.42253,51,21,12,-1,100,900
1000,747,3,2.08666,1.81775,57,22,12.3333,1,100,900
1000,755,1,0.31696,0.100464,8,23,12,-1,100,900
1000,1069,1,0.929333,0.86366,20,23,12,1,50,950
1000,363,1,0.417281,0.174124,52,27,12,1,250,750
1000,178,1,0.945396,0.893773,8,30,12,1,450,550
1000,449,1,0.692898,0.480108,46,32,12,1,200,800
1000,223,2,1.10891,0.763627,17,33.5,12.5,2,400,600
1000,1070,1,0.79457,0.631342,57,34,12,1,50,950
1000,1071,1,0.269606,0.0726875,5,35,12,1,50,950
1000,1585,3,2.78278,2.82711,8.33333,35.6667,12.6667,1,0,1000
1000,743,1,0.607654,0.369243,1,42,12,1,100,900
1000,1072,2,0.876453,0.388652,25,41.5,12.5,0,50,950
1000,74,4,2.09214,1.28343,38.75,42.25,12.5,2,650,350
1000,1586,1,0.819132,0.670977,48,43,12,1,0,1000
1000,1587,1,1.00692,1.01389,52,44,12,-1,0,1000
1000,317,1,0.713858,0.509593,41,45,12,-1,300,700
1000,1588,1,0.790273,0.624531,38,48,12,1,0,1000
1000,744,2,1.01553,0.518737,10.5,49,12.5,0,100,900
1000,745,1,0.349003,0.121803,52,52,12,-1,100,900
1000,1589,1,0.689762,0.475771,35,54,12,1,0,1000
1000,440,1,0.835729,0.698443,45,55,12,1,200,800
1000,1095,1,0.199049,0.0396205,12,57,12,-1,50,950
1000,1090,1,0.444957,0.197987,11,61,12,-1,50,950
1000,554,4,2.24247,1.43787,14.75,60,12.75,0,150,850
1000,1590,2,0.706041,0.261257,9.5,3.5,13.5,0,0,1000
1000,221,1,0.567478,0.322032,43,6,13,1,400,600
1000,179,1,0.419771,0.176208,55,11,13,1,450,550
1000,310,1,0.486353,0.236539,45,13,13,-1,300,700
1000,1591,1,1.3114,1.71978,24,15,13,-1,0,1000
1000,1592,1,0.471296,0.22212,41,15,13,1,0,1000
1000,1593,1,0.497325,0.247332,5,17,13,-1,0,1000
1000,752,1,0.390515,0.152502,50,17,13,-1,100,900
1000,364,3,2.23166,1.80805,56,18.3333,13.3333,-1,250,750
1000,563,1,0.390107,0.152183,63,18,13,-1,150,850
1000,224,1,0.580886,0.337429,60,22,13,1,400,600
1000,1074,1,0.859435,0.738628,57,28,13,1,50,950
1000,152,3,2.1533,1.55938,36.3333,29.3333,13.6667,-1,500,500
1000,1091,2,1.30826,0.880964,19,30.5,13,0,50,950
1000,1594,2,0.99688,0.603817,14.5,32,13,0,0,1000
1000,1092,6,3.97079,2.799,59.8333,33,15.3333,2,50,950
1000,1076,1,0.494986,0.245011,39,36,13,-1,50,950
1000,176,2,0.802069,0.580614,53.5,37,13,0,450,550
1000,1075,1,0.772988,0.597511,59,37,13,-1,50,950
1000,748,1,0.828574,0.686536,15,38,13,-1,100,900
1000,1077,4,2.49731,1.75777,3,38.5,14.25,2,50,950
1000,1595,1,0.956431,0.91476,29,39,13,1,0,1000
1000,1079,1,0.320969,0.103021,8,40,13,-1,50,950
1000,95,4,2.89904,2.1722,16.5,41.25,13.75,-2,600,400
1000,1080,1,0.759854,0.577377,5,43,13,1,50,950
1000,1081,1,0.738374,0.545196,13,43,13,-1,50,950
1000,750,1,0.465307,0.216511,0,44,13,-1,100,900
1000,257,1,0.589371,0.347358,49,47,13,1,350,650
1000,1082,1,0.529842,0.280733,52,47,13,-1,50,950
1000,1596,1,0.63619,0.404738,54,49,13,1,0,1000
1000,96,1,0.288957,0.0834963,16,50,13,1,600,400
1000,1083,3,1.54315,0.986284,42.6667,51,13.3333,-1,50,950
1000,1597,1,0.821552,0.674948,33,52,13,1,0,1000
1000,1084,1,0.508397,0.258467,8,56,13,-1,50,950
1000,1598,1,0.731085,0.534486,43,56,13,-1,0,1000
1000,366,2,1.23443,0.924733,19,57.5,13,0,250,750
1000,1599,2,1.25209,0.996208,32.5,57.5,13.5,-2,0,1000
1000,1600,1,0.393889,0.155148,11,59,13,-1,0,1000
1000,225,1,0.895482,0.801889,38,59,13,-1,400,600
1000,97,1,0.543917,0.295845,59,59,13,1,600,400
1000,555,1,0.923018,0.851962,57,61,13,1,150,850
1000,1085,1,1.00233,1.00466,54,1,14,1,50,950
1000,256,1,0.511643,0.261778,26,3,14,-1,350,650
1000,1601,1,1.02311,1.04676,13,5,14,1,0,1000
1000,559,1,0.611105,0.373449,2,10,14,-1,150,850
1000,1602,1,0.977629,0.955758,24,13,14,1,0,1000
1000,441,1,0.515646,0.26589,30,14,14,-1,200,800
1000,1603,1,0.838553,0.703171,50,15,14,1,0,1000
1000,1087,1,0.841673,0.708413,0,16,14,1,50,950
1000,1088,2,2.40642,3.92883,30,17.5,14,0,50,950
1000,767,1,0.224841,0.0505535,60,19,14,-1,100,900
1000,1604,1,0.746883,0.557834,55,26,14,1,0,1000
1000,443,6,4.00392,2.8102,50.5,28,14.5,0,200,800
1000,1605,1,0.955927,0.913796,8,28,14,1,0,1000
1000,375,1,0.383952,0.147419,60,30,14,-1,250,750
1000,368,1,0.969296,0.939534,28,31,14,1,250,750
1000,309,6,2.38333,1.03031,31.1667,31.5,15.3333,2,300,700
1000,371,4,2.25608,1.28176,34,32.25,15.25,0,250,750
1000,1606,1,0.793925,0.630317,27,34,14,-1,0,1000
1000,72,1,0.531504,0.282496,46,35,14,-1,650,350
1000,754,1,0.922254,0.850553,50,35,14,1,100,900
1000,1111,2,1.64329,1.35293,48,37,14.5,2,50,950
1000,456,1,0.0426494,0.00181897,42,42,14,1,200,800
1000,1607,1,0.501949,0.251953,8,45,14,1,0,1000
1000,98,2,1.57349,1.70673,41.5,46,14,0,600,400
1000,12,4,2.68527,1.98077,18.5,53,14.75,-2,750,250
1000,369,2,0.997173,0.500685,16,54,14.5,0,250,750
1000,1608,1,0.870282,0.75739,29,55,14,1,0,1000
1000,442,2,1.03772,0.545011,57,57,14.5,0,200,800
1000,1609,1,0.65916,0.434492,9,63,14,-1,0,1000
1000,1610,1,0.582553,0.339368,12,2,15,-1,0,1000
1000,562,1,0.382232,0.146101,47,6,15,-1,150,850
1000,758,2,1.22477,1.16229,-0.5,9,15,0,100,900
1000,771,1,0.659059,0.434359,56,10,15,-1,100,900
1000,1118,1,0.547239,0.299471,58,10,15,-1,50,950
1000,373,1,0.405291,0.164261,45,11,15,-1,250,750
1000,1611,1,0.544293,0.296255,51,18,15,1,0,1000
1000,445,1,0.560957,0.314673,19,20,15,-1,200,800
1000,46,1,0.867952,0.753341,30,20,15,1,700,300
1000,151,2,1.38497,0.998514,40,21,15.5,0,500,500
1000,1612,1,0.716396,0.513223,8,22,15,1,0,1000
1000,1613,1,0.217945,0.0474998,3,23,15,1,0,1000
1000,308,2,1.38135,0.961959,35.5,23.5,15,0,300,700
1000,1614,4,1.52743,0.598597,6.75,25.25,15.25,0,0,1000
1000,1097,3,2.24641,1.9547,48.6667,24.6667,15.6667,-1,50,950
1000,374,2,1.22843,0.914366,10.5,29,15,0,250,750
1000,761,2,1.40004,1.0165,32,29,15.5,0,100,900
1000,1098,3,2.04171,1.43653,38.6667,30,16,1,50,950
1000,13,2,1.23981,0.799179,42,28.5,15.5,0,750,250
1000,153,4,2.29839,1.35593,19.25,30.5,16,0,500,500
1000,1615,1,0.339106,0.114993,22,31,15,1,0,1000
1000,776,2,1.64626,1.37997,47,31,15.5,0,100,900
1000,565,2,1.48681,1.11052,51,32,15.5,0,150,850
1000,756,1,1.13205,1.28153,53,32,15,1,100,900
1000,769,2,1.41454,1.24385,45,37,15.5,0,100,900
1000,1093,1,0.846355,0.716317,36,43,15,-1,50,950
1000,1094,1,0.552002,0.304706,48,48,15,-1,50,950
1000,557,2,1.43391,1.08657,22,52.5,15,0,150,850
1000,372,1,0.386682,0.149523,36,53,15,-1,250,750
1000,1616,1,0.854851,0.73077,13,55,15,-1,0,1000
1000,763,2,1.49521,1.13244,20,59,15.5,0,100,900
1000,558,1,0.597678,0.357219,60,59,15,-1,150,850
1000,757,1,1.08376,1.17453,8,0,16,-1,100,900
1000,777,1,1.07293,1.15117,44,1,16,1,100,900
1000,1617,2,1.34771,0.948305,1.5,6.5,16,0,0,1000
1000,759,2,1.3269,0.950414,55.5,6.5,16.5,0,100,900
1000,1105,3,2.2924,2.11025,8.33333,9,16.6667,-1,50,950
1000,447,1,0.174737,0.0305329,14,11,16,-1,200,800
1000,768,3,1.13946,0.46911,2.33333,15.3333,16,1,100,900
1000,1618,1,0.964785,0.93081,20,17,16,1,0,1000
1000,760,1,0.421838,0.177947,38,17,16,1,100,900
1000,1109,2,1.43879,1.0811,5,18,16.5,0,50,950
1000,1108,1,0.2292,0.0525329,61,19,16,-1,50,950
1000,1096,2,2.11115,2.37248,34.5,20,16,0,50,950
1000,1619,3,1.83212,1.16793,29.6667,22.3333,16.3333,1,0,1000
1000,1620,1,0.389685,0.151854,60,23,16,-1,0,1000
1000,370,1,0.995116,0.990255,36,30,16,1,250,750
1000,1621,1,0.620024,0.38443,27,32,16,1,0,1000
1000,560,1,0.742967,0.552001,42,33,16,-1,150,850
1000,1099,1,0.513291,0.263467,17,37,16,1,50,950
1000,1100,1,0.56761,0.322181,8,39,16,1,50,950
1000,1101,1,0.579524,0.335848,26,40,16,-1,50,950
1000,444,1,0.431053,0.185807,45,40,16,-1,200,800
1000,762,2,1.92268,1.85036,47.5,40.5,16.5,-2,100,900
1000,1102,2,2.01427,2.07378,7.5,41,16.5,0,50,950
1000,575,3,2.16006,1.57977,40.3333,42.3333,16.3333,1,150,850
1000,1103,1,0.60272,0.363271,26,44,16,1,50,950
1000,1104,1,0.433731,0.188123,54,45,16,1,50,950
1000,1622,1,0.688257,0.473697,27,46,16,-1,0,1000
1000,1623,1,0.426309,0.181739,42,47,16,-1,0,1000
1000,1624,2,1.71721,1.79787,35.5,50,16,0,0,1000
1000,259,1,0.465674,0.216852,47,55,16,-1,350,650
1000,770,1,0.798589,0.637744,49,55,16,1,100,900
1000,764,2,1.22015,0.757655,39,57.5,16,0,100,900
1000,1625,1,0.617557,0.381377,22,58,16,-1,0,1000
1000,1626,1,0.677762,0.459362,41,59,16,1,0,1000
1000,378,1,0.619156,0.383354,55,60,16,-1,250,750
1000,561,3,1.95241,1.31239,2,0,17,-1,150,850
1000,765,2,1.65003,1.36309,47.5,8,17,0,100,900
1000,1106,1,0.233052,0.0543131,19,9,17,1,50,950
1000,1627,1,0.538389,0.289862,17,10,17,-1,0,1000
1000,1107,1,0.569029,0.323794,53,10,17,1,50,950
1000,778,5,2.68579,1.49038,44.8,12.8,18.6,-1,100,900
1000,47,1,0.50215,0.252155,61,14,17,1,700,300
1000,1628,1,0.879442,0.773418,59,16,17,1,0,1000
1000,1629,2,0.865827,0.424433,17,20.5,17,0,0,1000
1000,50,1,0.945223,0.893446,20,23,17,1,700,300
1000,1110,2,1.14609,0.750709,37.5,25,17.5,0,50,950
1000,781,1,1.04896,1.10031,11,29,17,-1,100,900
1000,785,2,0.703577,0.249868,13.5,30,17,0,100,900
1000,446,1,0.89078,0.793488,36,36,17,-1,200,800
1000,1630,1,0.691967,0.478819,47,36,17,-1,0,1000
1000,1112,1,0.304991,0.0930197,18,40,17,-1,50,950
1000,1113,2,0.788831,0.311475,10.5,42.5,17,0,50,950
1000,1114,1,0.684057,0.467934,5,46,17,1,50,950
1000,1115,1,0.587535,0.345198,15,46,17,-1,50,950
1000,1631,1,0.399002,0.159203,50,53,17,1,0,1000
1000,564,2,1.77975,1.60305,56.5,54,17,0,150,850
1000,1116,1,0.33943,0.115212,58,57,17,-1,50,950
1000,312,7,4.7788,4.09602,17.1429,1,19,-1,300,700
1000,1632,1,0.64475,0.415703,10,3,18,1,0,1000
1000,1633,3,1.71766,1.09228,35,3,18.6667,1,0,1000
1000,1634,1,0.722496,0.522001,32,4,18,-1,0,1000
1000,1635,1,0.777573,0.60462,20,7,18,1,0,1000
1000,1117,1,0.236625,0.0559913,13,8,18,1,50,950
1000,1122,5,1.92596,0.854703,50.2,8.2,18.8,-1,50,950
1000,1636,2,1.39654,1.13108,56.5,10,18,0,0,1000
1000,1637,1,0.475556,0.226154,26,11,18,1,0,1000
1000,772,1,0.461567,0.213044,38,14,18,1,100,900
1000,766,2,3.0006,4.53799,45,15,18.5,0,100,900
1000,376,1,0.796158,0.633868,53,16,18,-1,250,750
1000,377,3,2.20474,2.00384,8,17.3333,18,-1,250,750
1000,773,2,1.46862,1.07856,36.5,17,18,0,100,900
1000,448,1,0.239729,0.05747,48,17,18,-1,200,800
1000,793,1,0.46465,0.2159,33,21,18,-1,100,900
1000,227,2,0.675347,0.231216,7,22,18.5,0,400,600
1000,48,1,0.883196,0.780036,22,26,18,1,700,300
1000,774,3,1.39528,0.68557,44.6667,26.3333,18,-1,100,900
1000,1119,1,0.860642,0.740705,0,27,18,1,50,950
1000,318,2,0.693115,0.258354,5,29,18.5,0,300,700
1000,775,1,0.483795,0.234057,42,29,18,-1,100,900
1000,1120,4,3.32389,2.85489,48.25,30.75,19,-2,50,950
1000,1121,1,0.364764,0.133053,13,35,18,1,50,950
1000,1638,1,0.734822,0.539964,7,39,18,1,0,1000
1000,1639,1,1.03064,1.06222,62,40,18,1,0,1000
1000,577,11,8.65521,7.14318,41.2727,43.5455,21,-1,150,850
1000,1125,1,0.677361,0.458818,2,44,18,1,50,950
1000,226,2,1.19222,0.720156,57,48.5,18,0,400,600
1000,311,2,1.43534,1.35503,62,48.5,18,0,300,700
1000,182,1,0.382493,0.146301,3,51,18,1,450,550
1000,180,1,0.585174,0.342428,9,54,18,1,450,550
1000,1640,1,0.858458,0.736949,17,55,18,-1,0,1000
1000,314,3,2.48911,2.19813,25.3333,61,18.3333,1,300,700
1000,1641,2,0.588423,0.17527,55,62.5,18.5,0,0,1000
1000,1642,1,0.575833,0.331584,63,62,18,1,0,1000
1000,567,2,1.36585,0.952697,27.5,0,19,0,150,850
1000,574,1,0.358204,0.12831,4,2,19,-1,150,850
1000,1643,1,1.15837,1.34182,43,2,19,-1,0,1000
1000,75,2,1.44383,1.05654,38,8,19.5,0,650,350
1000,1644,1,0.697581,0.486619,31,9,19,1,0,1000
1000,790,1,0.25243,0.0637207,45,10,19,1,100,900
1000,1645,1,0.925587,0.856711,48,10,19,-1,0,1000
1000,779,1,0.966571,0.934259,47,12,19,-1,100,900
1000,1646,1,0.229506,0.0526731,47,14,19,-1,0,1000
1000,1647,1,1.00079,1.00158,58,15,19,-1,0,1000
1000,791,1,0.378062,0.142931,56,16,19,-1,100,900
1000,1123,1,0.758346,0.575089,43,19,19,-1,50,950
1000,1648,1,0.819232,0.671141,58,20,19,-1,0,1000
1000,1124,1,0.244826,0.0599398,53,22,19,-1,50,950
1000,379,2,0.768934,0.338299,-0.5,23,19,0,250,750
1000,780,2,1.86,1.85094,16.5,24,19,0,100,900
1000,796,1,0.265976,0.0707431,19,25,19,1,100,900
1000,262,1,0.429615,0.184569,32,26,19,1,350,650
1000,1140,2,1.26903,0.8239,36.5,26.5,19.5,0,50,950
1000,1128,1,1.00791,1.01588,13,27,19,1,50,950
1000,384,1,0.362031,0.131067,11,29,19,-1,250,750
1000,313,2,1.07586,0.597155,54,29.5,19,0,300,700
1000,1649,1,0.542467,0.294271,15,30,19,-1,0,1000
1000,568,3,1.80985,1.10017,30.3333,40.6667,19,-1,150,850
1000,1650,1,0.842767,0.710256,3,47,19,1,0,1000
1000,380,3,1.74559,1.02301,19,48,19,-1,250,750
1000,450,1,0.86729,0.752193,26,57,19,-1,200,800
1000,1651,1,0.608693,0.370507,10,63,19,1,0,1000
1000,228,1,0.543042,0.294895,39,0,20,-1,400,600
1000,451,2,1.45077,1.22425,14.5,4,20,0,200,800
1000,1652,1,0.879535,0.773582,27,4,20,-1,0,1000
1000,783,2,1.37498,0.946464,44.5,5.5,20.5,0,100,900
1000,184,3,2.03157,1.70009,4.66667,9.66667,20,-1,450,550
1000,784,1,0.976547,0.953644,39,14,20,-1,100,900
1000,1653,5,1.79676,0.986221,31.4,18.6,20.8,-1,0,1000
1000,229,1,0.590397,0.348569,2,19,20,-1,400,600
1000,1126,1,0.522286,0.272783,39,22,20,-1,50,950
1000,1127,2,0.961979,0.46804,49,24,20.5,0,50,950
1000,1654,1,0.60815,0.369846,13,25,20,1,0,1000
1000,1655,2,1.42862,1.03566,15.5,28,20,0,0,1000
1000,1134,3,1.36843,0.749472,3,30,20.6667,-1,50,950
1000,1656,1,0.347588,0.120817,26,31,20,1,0,1000
1000,453,1,0.222177,0.0493625,2,32,20,-1,200,800
1000,797,1,0.599717,0.359661,52,35,20,1,100,900
1000,73,1,0.977248,0.955013,2,39,20,1,650,350
1000,183,2,1.18465,0.734677,12,40,20.5,0,450,550
1000,1129,1,0.712265,0.507321,16,41,20,-1,50,950
1000,1130,2,1.41598,1.01452,3.5,42,20,0,50,950
1000,1131,1,0.551849,0.304537,48,42,20,-1,50,950
1000,576,5,3.98648,3.28876,37,44.6,21.4,1,150,850
1000,580,1,0.731921,0.535708,48,45,20,-1,150,850
1000,382,1,0.842524,0.709847,58,46,20,-1,250,750
1000,800,1,0.55901,0.312492,3,51,20,1,100,900
1000,1132,2,1.15078,0.860896,52.5,50.5,20.5,0,50,950
1000,1144,1,0.715069,0.511323,1,53,20,-1,50,950
1000,1145,1,1.06037,1.12439,39,55,20,1,50,950
1000,154,1,1.03133,1.06365,19,58,20,-1,500,500
1000,786,1,0.791726,0.62683,6,59,20,-1,100,900
1000,794,3,1.79252,1.08776,25.3333,59.3333,20.6667,1,100,900
1000,573,4,4.04187,4.53465,23,61.25,20.25,2,150,850
1000,1657,1,0.43545,0.189617,0,62,20,1,0,1000
1000,1135,2,1.85181,1.7159,17,62,20.5,-2,50,950
1000,454,2,1.44638,1.07765,24.5,0.5,21.5,-2,200,800
1000,99,1,0.673324,0.453365,38,4,21,1,600,400
1000,787,2,1.4183,1.00697,9.5,7,21,0,100,900
1000,788,1,0.391895,0.153582,34,7,21,-1,100,900
1000,789,2,2.0762,2.6764,41,8,21.5,0,100,900
1000,1658,2,0.951339,0.471929,44.5,9,21,0,0,1000
1000,452,1,0.16397,0.0268862,16,10,21,1,200,800
1000,1659,1,0.700039,0.490054,54,15,21,-1,0,1000
1000,792,1,0.420925,0.177178,62,15,21,1,100,900
1000,316,2,1.42109,1.02842,23,19,21.5,0,300,700
1000,804,1,0.451917,0.204229,34,20,21,1,100,900
1000,14,1,0.872629,0.761482,17,21,21,-1,750,250
1000,569,1,0.307758,0.094715,63,21,21,1,150,850
1000,315,2,1.91322,2.51275,9,22.5,21,0,300,700
1000,1660,1,1.43765,2.06683,15,23,21,-1,0,1000
1000,1133,2,0.772534,0.301987,63,24.5,21,0,50,950
1000,1661,2,1.40153,1.08806,33,26.5,21,0,0,1000
1000,1662,1,0.850587,0.723498,58,26,21,1,0,1000
1000,1147,1,0.596348,0.355631,8,28,21,1,50,950
1000,1141,1,1.02664,1.05399,20,28,21,-1,50,950
1000,1663,1,0.735878,0.541517,41,28,21,-1,0,1000
1000,51,3,1.93106,1.8166,56,29,21.6667,1,700,300
1000,570,2,1.25055,0.787302,-0.5,33,21,0,150,850
1000,571,1,0.49006,0.240159,49,38,21,1,150,850
1000,572,1,0.578254,0.334377,12,48,21,-1,150,850
1000,1664,1,0.887977,0.788503,9,50,21,-1,0,1000
1000,1665,1,0.813401,0.661621,42,50,21,1,0,1000
1000,1666,1,0.400951,0.160761,10,52,21,1,0,1000
1000,1667,1,0.689754,0.47576,16,57,21,-1,0,1000
1000,1668,1,0.684751,0.468884,14,58,21,1,0,1000
1000,459,2,2.12733,2.26735,19.5,61.5,21.5,0,200,800
1000,795,2,1.72701,2.09016,49.5,62,21,0,100,900
1000,582,1,0.999546,0.999092,22,1,22,1,150,850
1000,1136,1,0.650455,0.423091,2,2,22,-1,50,950
1000,1137,1,1.09432,1.19755,55,3,22,-1,50,950
1000,1138,1,0.488332,0.238468,15,4,22,1,50,950
1000,265,1,0.260087,0.0676451,52,4,22,-1,350,650
1000,455,2,0.935769,0.531726,4,8.5,22,0,200,800
1000,578,1,1.08253,1.17187,32,16,22,-1,150,850
1000,1669,2,0.959312,0.487612,34,17.5,22.5,0,0,1000
1000,802,4,1.90008,1.01542,1,18,22.75,-2,100,900
1000,1670,1,0.211895,0.0448996,47,19,22,1,0,1000
1000,1139,2,1.09051,0.597546,52.5,19,22,0,50,950
1000,230,1,0.239326,0.057277,61,21,22,1,400,600
1000,806,3,1.60974,1.06547,26.3333,25.6667,22.6667,1,100,900
1000,1671,1,0.776286,0.60262,29,26,22,-1,0,1000
1000,1672,1,0.746054,0.556597,38,28,22,-1,0,1000
1000,1673,2,0.976964,0.479461,20.5,30,22,0,0,1000
1000,1674,1,0.855326,0.731582,33,30,22,-1,0,1000
1000,1155,1,0.402833,0.162274,3,34,22,-1,50,950
1000,1142,3,2.23231,1.76856,54.6667,34.6667,22,1,50,950
1000,52,1,0.545078,0.29711,18,37,22,1,700,300
1000,1159,2,1.48672,1.15065,39.5,39,22,0,50,950
1000,798,1,0.731504,0.535098,42,40,22,1,100,900
1000,810,1,1.04223,1.08624,11,42,22,1,100,900
1000,1675,1,0.566749,0.321205,46,42,22,1,0,1000
1000,1161,1,0.981302,0.962954,48,47,22,1,50,950
1000,799,1,0.736305,0.542145,58,47,22,-1,100,900
1000,1143,2,1.65335,1.46717,16,48.5,22,-2,50,950
1000,1676,1,0.609828,0.37189,33,49,22,-1,0,1000
1000,1677,1,0.753295,0.567454,2,54,22,-1,0,1000
1000,1678,1,0.285516,0.0815192,42,56,22,-1,0,1000
1000,122,1,0.446196,0.199091,61,57,22,-1,550,450
1000,584,1,0.250209,0.0626046,11,60,22,1,150,850
1000,801,1,0.240644,0.0579095,63,63,22,1,100,900
1000,1679,1,0.800271,0.640433,27,0,23,1,0,1000
1000,1169,1,0.691843,0.478646,35,1,23,1,50,950
1000,1152,1,0.494951,0.244977,59,7,23,-1,50,950
1000,597,1,0.269758,0.0727692,18,8,23,1,150,850
1000,1170,1,0.928761,0.862597,15,10,23,-1,50,950
1000,1680,1,0.925864,0.857223,41,10,23,-1,0,1000
1000,460,3,1.71289,1.14921,58.3333,10.3333,23,-1,200,800
1000,814,1,0.328882,0.108164,18,13,23,-1,100,900
1000,1153,2,1.57496,1.27303,34.5,13,23,0,50,950
1000,1681,1,0.5073,0.257354,19,17,23,1,0,1000
1000,803,1,0.186686,0.0348516,26,20,23,-1,100,900
1000,1682,3,1.89304,1.26739,16.3333,22.6667,23,1,0,1000
1000,1146,1,1.00466,1.00935,59,22,23,1,50,950
1000,805,3,1.85553,1.34637,36,23.3333,23.3333,1,100,900
1000,385,1,0.708664,0.502205,33,26,23,-1,250,750
1000,464,4,2.02152,1.15543,6.5,29.75,24,2,200,800
1000,1156,1,1.34378,1.80575,13,31,23,1,50,950
1000,807,1,1.02309,1.0467,33,34,23,-1,100,900
1000,1148,1,0.816263,0.666286,6,39,23,1,50,950
1000,1683,1,0.640937,0.410801,20,39,23,1,0,1000
1000,1149,1,0.550736,0.30331,7,44,23,1,50,950
1000,1684,1,0.592645,0.351228,61,51,23,1,0,1000
1000,17,1,0.311382,0.0969589,21,52,23,1,750,250
1000,466,1,0.418807,0.175399,39,52,23,-1,200,800
1000,1176,1,0.548504,0.300857,41,54,23,-1,50,950
1000,1685,4,4.96592,6.81152,52.75,54.75,23.5,-2,0,1000
1000,811,1,0.608123,0.369813,47,56,23,1,100,900
1000,1686,2,2.02535,2.33841,63,58.5,23,0,0,1000
1000,1150,1,1.03522,1.07169,57,60,23,1,50,950
1000,587,2,1.53028,1.21576,35,61,23.5,0,150,850
1000,1687,6,4.36718,3.36154,21.6667,63.6667,24.1667,0,0,1000
1000,386,7,5.02611,3.91526,39.2857,3.71429,25,-1,250,750
1000,1151,1,0.513359,0.263538,3,5,24,-1,50,950
1000,1179,1,0.573254,0.32862,50,5,24,-1,50,950
1000,1688,1,0.254256,0.0646459,63,7,24,-1,0,1000
1000,1689,1,0.612026,0.374576,57,8,24,-1,0,1000
1000,1690,1,0.908262,0.824939,31,12,24,-1,0,1000
1000,1166,1,0.599363,0.359236,58,14,24,1,50,950
1000,263,2,1.13193,0.684579,41.5,15,24.5,0,350,650
1000,1691,1,0.3301,0.108966,47,15,24,1,0,1000
1000,1181,2,1.02359,0.546564,56,15,24.5,0,50,950
1000,457,1,0.447555,0.200306,6,20,24,-1,200,800
1000,383,1,0.682341,0.465589,40,20,24,-1,250,750
1000,1692,1,0.499046,0.249047,44,21,24,1,0,1000
1000,1693,1,0.766313,0.587235,61,22,24,1,0,1000
1000,808,2,1.0145,0.516484,6.5,23,24,0,100,900
1000,1694,1,0.679336,0.461497,0,24,24,-1,0,1000
1000,76,2,1.02835,0.647541,10.5,27,24,0,650,350
1000,1154,2,1.06313,0.634014,53.5,30,24,0,50,950
1000,1695,1,0.682924,0.466385,4,32,24,1,0,1000
1000,1174,1,0.799529,0.639246,12,34,24,-1,50,950
1000,1157,2,2.02237,2.10064,54.5,34,24.5,2,50,950
1000,1696,1,0.379613,0.144106,29,35,24,-1,0,1000
1000,809,2,1.03334,0.550211,42.5,36,24,0,100,900
1000,1158,1,1.15239,1.32801,4,39,24,1,50,950
1000,815,7,6.44295,7.0598,16,39.2857,24.4286,-1,100,900
1000,1697,1,0.553193,0.306023,41,39,24,1,0,1000
1000,1160,1,0.358037,0.12819,12,41,24,-1,50,950
1000,1698,1,0.946286,0.895458,18,41,24,1,0,1000
1000,78,2,1.36099,0.926969,23,43.5,24.5,0,650,350
1000,579,1,0.630537,0.397577,52,45,24,-1,150,850
1000,1699,1,0.674659,0.455165,49,48,24,-1,0,1000
1000,1175,1,0.642922,0.413348,25,50,24,1,50,950
1000,458,2,0.945424,0.502967,35.5,51.5,24,0,200,800
1000,1162,1,0.852392,0.726573,6,56,24,1,50,950
1000,1163,1,0.660285,0.435976,48,58,24,-1,50,950
1000,812,1,0.344847,0.11892,29,60,24,-1,100,900
1000,1164,1,0.662998,0.439566,37,61,24,1,50,950
1000,581,1,0.866765,0.751281,14,63,24,-1,150,850
1000,1700,1,0.341781,0.116814,50,2,25,-1,0,1000
1000,1701,1,0.992842,0.985735,22,5,25,-1,0,1000
1000,819,1,1.03825,1.07796,32,5,25,-1,100,900
1000,100,1,0.668217,0.446513,10,7,25,1,600,400
1000,583,1,0.441516,0.194936,29,8,25,1,150,850
1000,813,2,1.54438,1.22809,26,10,25.5,0,100,900
1000,1702,1,0.942228,0.887794,5,11,25,-1,0,1000
1000,1703,1,0.485131,0.235352,19,14,25,-1,0,1000
1000,1165,1,0.780057,0.60849,13,15,25,-1,50,950
1000,461,1,0.870862,0.758401,12,18,25,-1,200,800
1000,1704,2,1.05974,0.5622,9.5,18.5,25.5,0,0,1000
1000,1705,1,0.378644,0.143371,34,19,25,1,0,1000
1000,1706,1,0.767217,0.588622,38,19,25,1,0,1000
1000,1707,1,0.206086,0.0424716,61,19,25,1,0,1000
1000,1708,1,1.18522,1.40474,16,27,25,-1,0,1000
1000,465,1,1.08984,1.18775,45,27,25,-1,200,800
1000,817,1,0.614609,0.377745,63,29,25,-1,100,900
1000,77,1,0.661538,0.437632,49,33,25,-1,650,350
1000,155,1,1.28965,1.6632,22,41,25,1,500,500
1000,53,2,1.25612,0.891857,28.5,41.5,25.5,2,700,300
1000,1709,1,0.287811,0.0828352,18,44,25,1,0,1000
1000,816,1,0.966884,0.934865,40,45,25,1,100,900
1000,1167,1,0.547347,0.299589,4,49,25,1,50,950
1000,102,2,0.799433,0.343922,19.5,49.5,25.5,0,600,400
1000,264,2,1.05125,0.565097,57.5,50.5,25.5,0,350,650
1000,589,2,1.08417,0.601514,19.5,52,25,0,150,850
1000,822,1,0.715794,0.512362,39,54,25,1,100,900
1000,15,2,0.928778,0.545417,35,55,25.5,0,750,250
1000,590,2,1.50161,1.39177,11.5,58.5,25,0,150,850
1000,1710,1,0.549442,0.301886,29,58,25,-1,0,1000
1000,1168,1,1.31372,1.72585,2,61,25,-1,50,950
1000,1711,1,0.684045,0.467917,34,0,26,1,0,1000
1000,1189,1,0.448087,0.200782,32,8,26,-1,50,950
1000,463,4,2.70419,2.0915,34.25,8.5,26.25,0,200,800
1000,1712,4,4.51797,5.4792,38.75,7.75,27,0,0,1000
1000,1180,1,0.793353,0.629409,13,9,26,-1,50,950
1000,1192,2,1.54414,1.36781,20.5,9,26,0,50,950
1000,1713,1,0.354636,0.125767,31,14,26,1,0,1000
1000,1714,1,0.916749,0.840429,1,15,26,-1,0,1000
1000,1715,1,0.479376,0.229801,47,15,26,1,0,1000
1000,1716,2,1.47872,1.2435,44,17.5,26,0,0,1000
1000,585,5,4.93107,5.81235,55.4,16.8,26.8,1,150,850
1000,1171,2,0.986392,0.608075,4,20,26.5,0,50,950
1000,1717,1,0.620722,0.385296,44,20,26,1,0,1000
1000,1718,1,0.610998,0.373318,57,20,26,1,0,1000
1000,462,2,0.531081,0.146384,20.5,23,26,0,200,800
1000,1719,1,0.604466,0.365379,31,25,26,-1,0,1000
1000,1173,1,0.839853,0.705354,4,29,26,1,50,950
1000,1172,1,0.426504,0.181906,27,29,26,1,50,950
1000,591,1,0.41953,0.176005,38,29,26,-1,150,850
1000,1720,3,2.0398,1.47423,1.66667,29.6667,27,-1,0,1000
1000,1721,1,0.908554,0.825471,15,35,26,-1,0,1000
1000,390,1,0.602548,0.363064,42,35,26,-1,250,750
1000,185,1,0.558038,0.311406,50,36,26,-1,450,550
1000,832,2,0.913571,0.434964,19.5,43.5,26.5,2,100,900
1000,821,1,0.864611,0.747551,0,46,26,-1,100,900
1000,16,3,1.75746,1.28359,28.6667,47,26.3333,-1,750,250
1000,586,2,0.946672,0.524367,34,48,26.5,0,150,850
1000,1722,1,0.617861,0.381752,26,50,26,-1,0,1000
1000,1723,2,1.45469,1.09933,41.5,52.5,26.5,0,0,1000
1000,826,4,3.198,2.77929,10.25,54.75,27.25,2,100,900
1000,1177,1,0.551895,0.304588,37,60,26,-1,50,950
1000,1187,2,1.83851,1.84856,51,62,26.5,0,50,950
1000,1724,1,1.12079,1.25618,58,62,26,-1,0,1000
1000,1188,2,1.81181,1.74271,38,63,26.5,0,50,950
1000,1191,1,0.839592,0.704915,58,0,27,-1,50,950
1000,1178,1,0.936761,0.877522,4,2,27,-1,50,950
1000,1725,1,0.813245,0.661367,50,3,27,-1,0,1000
1000,469,1,0.6622,0.438508,30,4,27,1,200,800
1000,1726,1,0.77761,0.604677,11,5,27,1,0,1000
1000,1727,1,1.10774,1.22708,20,6,27,-1,0,1000
1000,389,1,1.0551,1.11323,53,6,27,1,250,750
1000,1728,3,1.79677,1.53929,9,7.66667,27.3333,1,0,1000
1000,596,1,0.664447,0.44149,51,7,27,-1,150,850
1000,1193,1,0.36397,0.132474,58,10,27,-1,50,950
1000,187,1,0.18156,0.0329639,53,12,27,-1,450,550
1000,20,5,4.10689,3.69007,21,18.8,28.2,-1,750,250
1000,1195,1,0.787173,0.619641,6,21,27,-1,50,950
1000,18,1,0.170404,0.0290376,15,21,27,-1,750,250
1000,830,1,0.590221,0.348361,41,27,27,1,100,900
1000,1182,1,0.406949,0.165607,63,29,27,-1,50,950
1000,1183,1,0.930812,0.866411,16,31,27,-1,50,950
1000,1729,1,0.188516,0.0355381,27,31,27,1,0,1000
1000,1730,2,1.85289,1.76722,49.5,33,27,0,0,1000
1000,1731,1,0.893549,0.79843,45,36,27,-1,0,1000
1000,588,2,1.84594,1.77008,9,39.5,27.5,0,150,850
1000,1732,1,1.57091,2.46774,50,39,27,-1,0,1000
1000,467,2,1.17047,0.74571,41.5,43,27,0,200,800
1000,1184,1,0.485758,0.235961,62,43,27,1,50,950
1000,267,1,0.689381,0.475246,32,44,27,-1,350,650
1000,186,1,0.442992,0.196242,25,45,27,1,450,550
1000,605,2,1.43927,1.36775,13.5,45.5,27.5,2,150,850
1000,468,4,2.69428,1.86602,43.5,48.25,27.75,0,200,800
1000,610,1,0.816567,0.666782,41,48,27,1,150,850
1000,818,1,0.485416,0.235628,59,49,27,1,100,900
1000,1185,2,1.1368,0.70141,21.5,51.5,27,2,50,950
1000,1733,1,0.380105,0.14448,46,54,27,1,0,1000
1000,594,1,0.78077,0.609601,21,55,27,1,150,850
1000,1200,1,0.751564,0.564849,12,57,27,-1,50,950
1000,606,1,0.57796,0.334037,57,57,27,1,150,850
1000,1734,2,2.23633,3.15455,19,58,27.5,0,0,1000
1000,1186,2,0.881614,0.393999,46.5,60,27.5,0,50,950
1000,54,1,0.908,0.824464,18,61,27,-1,700,300
1000,1735,1,0.552349,0.305089,56,61,27,-1,0,1000
1000,387,3,1.44853,0.780159,26.3333,62.3333,27,-1,250,750
1000,1736,1,0.600059,0.360071,2,63,27,-1,0,1000
1000,1201,1,1.26241,1.59368,14,63,27,1,50,950
1000,1737,5,4.00094,3.43901,16,63,29,3,0,1000
1000,1738,1,0.90338,0.816095,42,5,28,-1,0,1000
1000,1739,1,0.537066,0.28844,32,7,28,-1,0,1000
1000,392,1,1.50166,2.25499,53,10,28,1,250,750
1000,1740,1,0.369894,0.136821,43,15,28,1,0,1000
1000,1741,1,0.313069,0.0980119,12,16,28,-1,0,1000
1000,1742,1,0.892117,0.795872,13,18,28,-1,0,1000
1000,599,2,1.56807,1.25571,30,18,28.5,0,150,850
1000,837,4,1.9024,1.0669,16.75,22.5,29,0,100,900
1000,1190,4,1.55648,0.742188,6.5,28.5,28.5,0,50,950
1000,820,2,0.840659,0.440557,43.5,29,28,0,100,900
1000,1743,1,0.559896,0.313484,40,30,28,1,0,1000
1000,1744,1,0.612786,0.375506,59,31,28,1,0,1000
1000,1745,1,1.63027,2.6578,0,41,28,-1,0,1000
1000,592,3,2.0993,1.58464,23.6667,42,28.3333,1,150,850
1000,1208,3,2.51672,2.36289,19,46.3333,28.3333,1,50,950
1000,1746,2,1.57901,1.24678,32,46,28.5,0,0,1000
1000,1747,1,0.736654,0.542659,29,48,28,-1,0,1000
1000,1748,1,0.815391,0.664862,0,49,28,1,0,1000
1000,593,3,2.72236,2.98464,10.3333,51.3333,28,1,150,850
1000,615,1,0.994103,0.988242,19,52,28,-1,150,850
1000,1749,1,0.392538,0.154086,37,55,28,-1,0,1000
1000,1209,2,0.924614,0.546865,55.5,58,28.5,0,50,950
1000,607,1,0.513795,0.263985,38,59,28,-1,150,850
1000,123,2,1.32867,0.984456,41.5,61,28,0,550,450
1000,595,2,1.42254,1.01519,10,63,28.5,0,150,850
1000,835,1,0.687612,0.472811,41,1,29,-1,100,900
1000,839,3,0.862906,0.297098,30.6667,2.33333,29,-1,100,900
1000,1750,1,0.473783,0.22447,60,2,29,-1,0,1000
1000,1751,1,0.78934,0.623058,0,3,29,1,0,1000
1000,1752,1,0.441852,0.195233,11,7,29,-1,0,1000
1000,388,2,1.46187,1.25231,16,7.5,29,0,250,750
1000,823,3,1.7613,1.04803,54.3333,8,29,1,100,900
1000,1753,4,1.90173,1.08807,20.25,8.75,29.5,-2,0,1000
1000,598,3,1.94513,1.36936,26.6667,10,29.3333,1,150,850
1000,1754,1,0.893952,0.799151,5,10,29,1,0,1000
1000,611,2,1.19807,0.802248,51,9.5,29.5,-2,150,850
1000,1204,5,4.24349,3.87736,8.6,12.2,29.8,-1,50,950
1000,827,1,0.821415,0.674722,49,12,29,1,100,900
1000,1755,1,1.11728,1.24832,62,12,29,-1,0,1000
1000,1756,1,1.05263,1.10804,29,16,29,1,0,1000
1000,1194,2,1.53964,1.34141,32.5,16,29,0,50,950
1000,1757,1,0.719815,0.518134,4,19,29,-1,0,1000
1000,1758,1,1.53753,2.36398,58,19,29,-1,0,1000
1000,1759,1,1.13605,1.29062,43,24,29,-1,0,1000
1000,824,1,0.691629,0.478351,55,24,29,1,100,900
1000,1196,1,1.28397,1.64859,27,26,29,-1,50,950
1000,829,3,1.40214,0.772945,41,27,30,1,100,900
1000,1197,1,0.953413,0.908996,54,27,29,1,50,950
1000,831,1,0.575738,0.331474,50,30,29,1,100,900
1000,1198,1,0.654934,0.428938,5,35,29,-1,50,950
1000,825,2,1.0489,0.848422,39.5,36,29,0,100,900
1000,841,1,1.18496,1.40412,1,39,29,1,100,900
1000,391,1,0.69454,0.482385,43,42,29,-1,250,750
1000,269,2,1.46351,1.09573,41.5,44.5,29,-2,350,650
1000,103,1,0.167182,0.0279498,6,46,29,-1,600,400
1000,79,1,1.1018,1.21396,57,46,29,1,650,350
1000,601,3,3.13302,3.3917,8.33333,48.6667,29,1,150,850
1000,471,2,1.05812,0.569613,40.5,48,29,0,200,800
1000,600,1,0.918854,0.844293,54,48,29,-1,150,850
1000,614,2,1.9923,2.30044,57.5,49,29,0,150,850
1000,1224,1,0.947192,0.897173,20,50,29,-1,50,950
1000,1199,2,1.35046,1.12957,5.5,51,29,0,50,950
1000,19,1,0.558499,0.311921,58,55,29,1,750,250
1000,1760,1,0.583127,0.340037,60,55,29,1,0,1000
1000,602,1,0.522771,0.27329,11,57,29,-1,150,850
1000,603,1,0.251894,0.0634506,31,58,29,-1,150,850
1000,1761,1,0.622269,0.387219,62,58,29,1,0,1000
1000,1762,1,0.473521,0.224222,32,61,29,-1,0,1000
1000,1210,1,0.598542,0.358252,44,61,29,1,50,950
1000,604,2,1.56042,1.26244,34,0.5,30,0,150,850
1000,1202,8,5.74355,4.29965,7,-1.5,30.5,0,50,950
1000,1203,1,0.620235,0.384691,47,2,30,-1,50,950
1000,104,3,3.15465,3.82594,25.3333,4,30.6667,1,600,400
1000,1763,1,0.38621,0.149158,2,5,30,1,0,1000
1000,1764,3,2.47035,2.57954,18.3333,6,30.6667,1,0,1000
1000,840,1,0.547821,0.300107,47,10,30,-1,100,900
1000,1765,1,0.564677,0.31886,16,13,30,-1,0,1000
1000,1766,4,2.32449,1.44035,51.5,16,30.25,-2,0,1000
1000,394,1,0.48149,0.231833,50,18,30,-1,250,750
1000,1767,1,0.562545,0.316457,27,22,30,1,0,1000
1000,1768,1,1.01496,1.03014,53,22,30,1,0,1000
1000,828,1,0.308405,0.0951137,61,23,30,-1,100,900
1000,1769,1,0.43038,0.185227,2,26,30,-1,0,1000
1000,845,1,0.830634,0.689953,39,26,30,-1,100,900
1000,1205,1,0.325428,0.105904,12,28,30,1,50,950
1000,1213,1,0.755362,0.570571,14,28,30,-1,50,950
1000,1206,1,0.655117,0.429178,63,29,30,1,50,950
1000,397,2,1.33877,0.942294,53,30.5,30,0,250,750
1000,1207,3,2.09682,1.61699,32,35.6667,30,1,50,950
1000,609,2,1.37357,1.01195,22.5,39.5,30,0,150,850
1000,1770,1,0.627037,0.393175,18,44,30,1,0,1000
1000,1771,1,0.614646,0.37779,12,46,30,1,0,1000
1000,843,1,0.833317,0.694418,32,51,30,-1,100,900
1000,833,1,1.04986,1.10221,26,52,30,-1,100,900
1000,1772,1,1.00985,1.01981,24,53,30,-1,0,1000
1000,834,1,0.825355,0.681211,18,55,30,-1,100,900
1000,1773,1,0.713081,0.508485,59,58,30,1,0,1000
1000,1774,2,1.22329,0.76569,41.5,60,30,0,0,1000
1000,1226,1,0.307621,0.0946306,58,62,30,-1,50,950
1000,1775,1,0.578878,0.3351,42,1,31,-1,0,1000
1000,1776,1,1.18382,1.40143,13,5,31,1,0,1000
1000,619,1,0.715908,0.512524,23,8,31,-1,150,850
1000,836,1,0.462406,0.213819,37,12,31,-1,100,900
1000,1777,1,0.44021,0.193785,58,12,31,-1,0,1000
1000,80,1,0.696655,0.485328,4,13,31,-1,650,350
1000,844,2,1.13923,0.665432,61.5,16,31,0,100,900
1000,393,1,0.57829,0.334419,22,17,31,-1,250,750
1000,1211,2,1.71806,1.5684,24,17.5,31.5,0,50,950
1000,473,3,1.57844,0.881424,40,16.3333,32,1,200,800
1000,1778,1,1.28096,1.64086,16,20,31,1,0,1000
1000,608,1,0.289984,0.0840909,36,22,31,-1,150,850
1000,1212,1,1.09633,1.20194,58,25,31,-1,50,950
1000,1238,1,0.525497,0.276147,14,30,31,-1,50,950
1000,1214,2,1.30092,0.924764,41,35.5,31,0,50,950
1000,1215,1,0.49082,0.240904,57,37,31,-1,50,950
1000,1216,2,1.09026,0.66948,20,39.5,31,0,50,950
1000,838,2,1.1206,0.64122,13.5,40.5,31,0,100,900
1000,612,2,0.717874,0.273175,34.5,40.5,31.5,2,150,850
1000,1230,1,0.102328,0.010471,20,45,31,1,50,950
1000,1217,2,1.68887,1.47564,57,47,31.5,0,50,950
1000,616,1,0.36109,0.130386,39,49,31,-1,150,850
1000,1218,1,0.790418,0.62476,47,49,31,1,50,950
1000,1779,1,0.623684,0.388981,36,52,31,1,0,1000
1000,1219,2,1.58723,1.29942,3.5,56,31,0,50,950
1000,268,2,0.900308,0.408738,50.5,59,31,0,350,650
1000,105,1,0.156541,0.0245051,20,62,31,1,600,400
1000,618,1,0.46619,0.217333,24,1,32,-1,150,850
1000,1220,2,0.68677,0.252197,31,1.5,32,0,50,950
1000,1780,1,1.2174,1.48207,5,2,32,-1,0,1000
1000,1781,1,0.480399,0.230783,29,2,32,-1,0,1000
1000,1221,1,0.349652,0.122256,36,4,32,1,50,950
1000,272,3,1.56847,0.879301,59.6667,5.33333,32.6667,-1,350,650
1000,1236,1,1.01738,1.03506,49,12,32,1,50,950
1000,1782,2,1.35457,0.938184,49.5,21,32,0,0,1000
1000,1783,1,0.533584,0.284712,23,23,32,1,0,1000
1000,396,2,0.772415,0.348303,30,24,32.5,0,250,750
1000,1784,1,0.762842,0.581928,22,26,32,1,0,1000
1000,1785,2,1.72759,1.49247,45.5,26,32,0,0,1000
1000,621,1,1.12774,1.2718,37,31,32,-1,150,850
1000,1222,1,0.717632,0.514996,60,31,32,-1,50,950
1000,21,1,0.547533,0.299792,32,32,32,1,750,250
1000,470,3,2.14868,1.58199,1.66667,36.3333,32,-1,200,800
1000,156,1,0.447865,0.200583,62,38,32,1,500,500
1000,1786,1,0.565526,0.31982,3,39,32,1,0,1000
1000,848,2,1.10033,0.606444,39,39,32.5,0,100,900
1000,231,1,0.613069,0.375854,26,42,32,-1,400,600
1000,1787,2,1.13373,0.753105,39.5,42,32,0,0,1000
1000,613,3,2.82863,2.77406,61,43,32,1,150,850
1000,1788,1,0.41165,0.169456,38,45,32,-1,0,1000
1000,1223,1,1.3254,1.7567,49,46,32,-1,50,950
1000,1789,2,0.914352,0.545773,18,47,32.5,0,0,1000
1000,1790,1,1.05597,1.11508,22,49,32,-1,0,1000
1000,842,2,0.717634,0.257508,41,49.5,32,0,100,900
1000,1791,1,0.603445,0.364145,43,49,32,1,0,1000
1000,1792,1,0.16169,0.0261436,29,50,32,1,0,1000
1000,1225,1,0.519276,0.269648,49,51,32,-1,50,950
1000,1793,1,0.638398,0.407552,38,57,32,1,0,1000
1000,1240,1,0.383481,0.147058,10,58,32,-1,50,950
1000,1794,1,0.924365,0.854451,23,61,32,-1,0,1000
1000,1795,1,0.415256,0.172438,58,62,32,-1,0,1000
1000,472,2,1.4003,0.998784,62,0.5,33.5,0,200,800
1000,1796,1,0.946513,0.895886,33,2,33,-1,0,1000
1000,1245,1,0.521196,0.271645,40,2,33,-1,50,950
1000,1797,1,0.848395,0.719774,51,3,33,-1,0,1000
1000,1798,1,0.388104,0.150625,42,4,33,-1,0,1000
1000,1235,1,0.509533,0.259624,34,5,33,1,50,950
1000,55,1,0.305006,0.0930287,47,6,33,1,700,300
1000,23,1,0.998878,0.997758,42,9,33,-1,750,250
1000,1799,1,1.07345,1.1523,18,11,33,1,0,1000
1000,851,2,1.14811,0.684274,41.5,11,33,0,100,900
1000,1800,1,0.430212,0.185083,43,14,33,1,0,1000
1000,1801,1,0.460834,0.212368,61,15,33,-1,0,1000
1000,620,3,2.12697,1.57437,5,16,33.3333,-1,150,850
1000,1802,1,0.545609,0.297689,39,27,33,-1,0,1000
1000,270,1,0.976701,0.953945,27,28,33,1,350,650
1000,626,1,0.318509,0.101448,37,28,33,-1,150,850
1000,861,1,0.834689,0.696706,41,29,33,-1,100,900
1000,864,7,4.40637,3.07372,52.1429,30.1429,34.1429,-1,100,900
1000,846,1,0.805511,0.648847,25,35,33,-1,100,900
1000,1803,1,0.447655,0.200395,6,36,33,1,0,1000
1000,1227,1,0.537121,0.288499,32,36,33,1,50,950
1000,847,2,1.14449,0.701153,53.5,38.5,33,0,100,900
1000,855,1,0.445261,0.198257,10,44,33,1,100,900
1000,1228,1,0.339592,0.115323,47,44,33,1,50,950
1000,1229,2,1.55514,1.62891,55.5,44.5,33,0,50,950
1000,271,2,1.33404,0.898834,61.5,49.5,33.5,0,350,650
1000,1231,2,2.1165,2.29894,10,51.5,33,0,50,950
1000,1804,1,1.60171,2.56549,61,52,33,1,0,1000
1000,622,5,4.25569,4.69093,45.2,54.2,33.4,1,150,850
1000,849,1,0.815844,0.665602,62,56,33,1,100,900
1000,106,1,0.824567,0.67991,33,57,33,-1,600,400
1000,1241,2,0.968711,0.752089,4,60.5,33.5,0,50,950
1000,474,2,1.60788,1.29437,11.5,62,33,0,200,800
1000,1805,2,1.39454,0.974019,22.5,63,33,0,0,1000
1000,1232,1,0.110639,0.012241,27,63,33,1,50,950
1000,1806,1,0.35791,0.1281,39,0,34,1,0,1000
1000,1233,1,0.794785,0.631683,46,0,34,-1,50,950
1000,1807,1,0.751479,0.564721,4,1,34,1,0,1000
1000,1234,2,1.42122,1.04232,23.5,2,34,0,50,950
1000,1808,2,1.54827,1.20797,26.5,4.5,34,0,0,1000
1000,1809,2,1.28818,0.981291,18,5,34.5,0,0,1000
1000,395,3,2.03279,1.75484,9.33333,8.66667,34.3333,1,250,750
1000,1242,1,0.681562,0.464527,12,8,34,-1,50,950
1000,1810,1,0.913984,0.835367,32,8,34,-1,0,1000
1000,1811,1,0.583178,0.340097,22,9,34,1,0,1000
1000,1812,4,1.64294,0.680839,61.75,7.75,34.75,0,0,1000
1000,124,3,3.2668,3.70609,27,11.3333,34.3333,1,550,450
1000,275,1,0.625778,0.391598,4,12,34,-1,350,650
1000,1243,2,0.995349,0.695152,15,15.5,34.5,0,50,950
1000,1813,3,1.19533,0.521175,48.3333,16,34.6667,1,0,1000
1000,1237,1,0.760133,0.577802,7,18,34,1,50,950
1000,57,1,0.536155,0.287463,23,19,34,1,700,300
1000,1247,1,0.200912,0.0403658,1,23,34,-1,50,950
1000,1814,1,1.12184,1.25851,62,25,34,-1,0,1000
1000,850,1,0.314102,0.0986604,34,26,34,-1,100,900
1000,863,1,0.726206,0.527375,34,28,34,-1,100,900
1000,1815,1,0.843672,0.711782,13,31,34,1,0,1000
1000,1816,1,0.780482,0.609152,57,33,34,-1,0,1000
1000,1817,1,0.66827,0.446585,53,35,34,1,0,1000
1000,868,1,0.457809,0.209589,28,38,34,-1,100,900
1000,188,1,0.586947,0.344507,21,39,34,1,450,550
1000,24,1,0.961436,0.924359,26,39,34,-1,750,250
1000,1818,1,0.762963,0.582113,24,40,34,-1,0,1000
1000,1819,1,0.147282,0.0216921,18,43,34,1,0,1000
1000,1239,1,0.694329,0.482092,29,45,34,1,50,950
1000,157,1,0.608612,0.370409,49,55,34,-1,500,500
1000,1820,1,0.250065,0.0625327,12,57,34,1,0,1000
1000,478,1,0.643988,0.414721,47,5,35,-1,200,800
1000,860,1,0.713159,0.508595,4,7,35,1,100,900
1000,1821,3,2.58409,2.46547,26.6667,8,35.3333,-1,0,1000
1000,875,2,1.30429,0.984369,2,10,35.5,0,100,900
1000,1822,1,0.626923,0.393033,13,11,35,1,0,1000
1000,273,1,0.250464,0.062732,38,11,35,1,350,650
1000,1823,1,0.92405,0.853869,58,11,35,-1,0,1000
1000,1824,1,0.865971,0.749906,40,12,35,-1,0,1000
1000,320,5,3.37034,2.54911,19.2,14.4,35.6,1,300,700
1000,1825,1,0.719373,0.517497,28,16,35,1,0,1000
1000,1826,1,0.386289,0.149219,42,18,35,-1,0,1000
1000,484,2,1.42701,1.03173,36.5,20.5,35.5,0,200,800
1000,625,2,1.49855,1.16001,44,20,35.5,-2,150,850
1000,852,1,0.507253,0.257306,31,22,35,-1,100,900
1000,274,1,1.02542,1.05148,13,24,35,-1,350,650
1000,1827,1,0.430415,0.185257,49,25,35,1,0,1000
1000,1828,1,0.457901,0.209673,46,27,35,1,0,1000
1000,853,2,1.75,1.53882,57,28.5,35,0,100,900
1000,1829,3,2.45,2.04273,42,29,35.6667,-1,0,1000
1000,1258,1,0.915069,0.837351,15,33,35,1,50,950
1000,854,1,0.714328,0.510264,43,33,35,-1,100,900
1000,128,3,2.8805,3.83371,58.3333,35.6667,35,1,550,450
1000,1244,1,0.285916,0.0817477,40,37,35,1,50,950
1000,1260,1,1.25207,1.56767,61,37,35,1,50,950
1000,1830,2,1.33037,0.898811,13,43.5,35.5,0,0,1000
1000,125,2,1.24503,1.03119,5,45,35.5,0,550,450
1000,856,1,0.670235,0.449215,6,48,35,-1,100,900
1000,1831,1,0.267667,0.0716455,51,52,35,-1,0,1000
1000,629,1,0.544033,0.295972,11,53,35,1,150,850
1000,857,1,1.18283,1.39909,34,55,35,1,100,900
1000,477,1,0.879281,0.773135,32,59,35,1,200,800
1000,126,1,0.522869,0.273392,45,59,35,-1,550,450
1000,858,2,1.77968,1.88727,33.5,61,35,0,100,900
1000,859,1,0.417855,0.174603,10,62,35,-1,100,900
1000,623,1,0.690463,0.47674,46,62,35,-1,150,850
1000,1832,1,0.434313,0.188628,13,63,35,-1,0,1000
1000,319,1,0.529418,0.280283,19,63,35,1,300,700
1000,127,3,2.95504,2.91676,28.6667,1,36.6667,-1,550,450
1000,1833,1,0.641898,0.412033,40,1,36,-1,0,1000
1000,476,2,0.86643,0.521636,-0.5,3,36,0,200,800
1000,232,1,0.500402,0.250402,16,3,36,-1,400,600
1000,624,2,1.55942,1.21693,1,5,36.5,0,150,850
1000,233,1,0.8972,0.804968,16,6,36,-1,400,600
1000,1270,1,0.427759,0.182978,1,8,36,1,50,950
1000,1834,1,0.403036,0.162438,14,9,36,-1,0,1000
1000,1246,1,0.794052,0.630518,35,12,36,-1,50,950
1000,1835,1,1.10136,1.213,38,16,36,-1,0,1000
1000,56,6,3.27114,2.23007,11.5,17,36.5,0,700,300
1000,1836,1,0.794801,0.631709,60,19,36,-1,0,1000
1000,1837,1,0.244949,0.0599998,46,21,36,1,0,1000
1000,1838,1,0.28959,0.0838626,0,22,36,1,0,1000
1000,641,1,0.813713,0.662128,4,22,36,1,150,850
1000,1271,1,0.923065,0.852049,9,22,36,-1,50,950
1000,862,1,0.642072,0.412257,4,30,36,-1,100,900
1000,1839,1,0.820857,0.673806,32,30,36,-1,0,1000
1000,1840,1,1.17447,1.37937,44,30,36,-1,0,1000
1000,1248,1,0.73204,0.535883,49,30,36,-1,50,950
1000,279,1,0.371379,0.137923,37,38,36,-1,350,650
1000,1259,1,0.660785,0.436637,25,39,36,-1,50,950
1000,276,2,2.02481,2.19067,58.5,43,36.5,2,350,650
1000,1249,1,0.704119,0.495783,59,45,36,1,50,950
1000,627,2,1.34106,1.14265,0,50.5,36.5,0,150,850
1000,1250,1,0.390264,0.152306,45,50,36,-1,50,950
1000,871,1,0.823972,0.67893,6,51,36,-1,100,900
1000,129,1,0.317316,0.100689,25,52,36,-1,550,450
1000,1251,1,0.283331,0.0802765,32,55,36,-1,50,950
1000,1252,2,1.18606,0.706321,50.5,58,36,0,50,950
1000,1253,1,0.634363,0.402417,26,59,36,-1,50,950
1000,1841,1,1.55691,2.42395,8,60,36,-1,0,1000
1000,631,1,0.813962,0.662534,22,60,36,-1,150,850
1000,1254,1,1.05275,1.10827,57,60,36,-1,50,950
1000,1255,1,0.393561,0.154891,28,63,36,1,50,950
1000,280,1,0.344213,0.118483,34,1,37,-1,350,650
1000,399,1,1.1763,1.38368,34,3,37,1,250,750
1000,1842,2,2.3982,2.92947,12.5,5.5,37.5,0,0,1000
1000,234,2,1.51929,1.1579,45.5,10.5,37.5,2,400,600
1000,876,1,0.703052,0.494282,5,18,37,1,100,900
1000,81,2,1.00496,0.544874,22.5,18,37,0,650,350
1000,865,2,1.77076,1.60671,24,22.5,37,0,100,900
1000,1256,1,0.405786,0.164662,27,24,37,1,50,950
1000,1257,1,0.29849,0.089096,55,30,37,-1,50,950
1000,866,1,0.812497,0.660151,61,31,37,1,100,900
1000,1843,1,0.46189,0.213343,48,33,37,-1,0,1000
1000,1844,1,0.659363,0.43476,14,34,37,-1,0,1000
1000,867,2,1.90922,1.84117,38.5,34,37,0,100,900
1000,1845,2,1.15012,0.661898,26,36,37.5,0,0,1000
1000,1846,1,0.4771,0.227624,55,37,37,-1,0,1000
1000,1847,10,7.43461,5.89167,61.6,37.7,37.7,0,0,1000
1000,1261,1,0.51046,0.26057,2,39,37,-1,50,950
1000,1262,1,0.637414,0.406296,19,40,37,1,50,950
1000,193,1,0.933549,0.871513,28,41,37,-1,450,550
1000,1263,3,1.97954,1.31177,41.3333,42.3333,37,1,50,950
1000,872,1,0.305392,0.0932644,9,51,37,-1,100,900
1000,1848,1,0.0987276,0.00974715,1,60,37,-1,0,1000
1000,869,1,1.37461,1.88957,34,61,37,-1,100,900
1000,873,2,1.53925,1.25324,23,62.5,37,0,100,900
1000,633,1,0.651504,0.424457,7,0,38,-1,150,850
1000,874,6,5.86113,7.40025,8.5,1.83333,38.8333,0,100,900
1000,158,2,1.64508,1.35589,18,2.5,38,0,500,500
1000,1849,1,0.709494,0.503382,21,2,38,1,0,1000
1000,159,1,1.2095,1.4629,52,2,38,-1,500,500
1000,82,3,1.03267,0.372204,53.3333,5.66667,38,-1,650,350
1000,632,2,1.28315,0.840398,34,6,38.5,0,150,850
1000,237,2,1.51994,1.15729,47,6,38.5,0,400,600
1000,278,1,0.445588,0.198548,56,7,38,1,350,650
1000,1850,1,0.39653,0.157236,1,8,38,1,0,1000
1000,398,3,1.59368,0.865488,20.3333,7.33333,38.6667,-1,250,750
1000,1851,1,0.881314,0.776715,39,11,38,1,0,1000
1000,889,3,1.71892,1.03648,24,14.3333,38.6667,1,100,900
1000,628,3,1.6872,0.966747,61.6667,14.6667,38,-1,150,850
1000,481,1,0.49064,0.240727,34,19,38,1,200,800
1000,877,1,0.444781,0.19783,43,24,38,1,100,900
1000,870,2,0.692133,0.241399,11.5,31,38,0,100,900
1000,1264,1,1.12652,1.26905,27,31,38,-1,50,950
1000,1852,1,0.709858,0.503898,24,34,38,-1,0,1000
1000,646,2,0.828558,0.500826,17.5,36,38,2,150,850
1000,1276,1,0.87253,0.761308,15,38,38,-1,50,950
1000,886,1,0.770671,0.593933,17,39,38,1,100,900
1000,189,1,0.567772,0.322365,53,45,38,1,450,550
1000,1853,1,0.67204,0.451637,11,47,38,-1,0,1000
1000,322,1,0.519404,0.269781,26,49,38,-1,300,700
1000,1265,1,0.689548,0.475477,6,51,38,-1,50,950
1000,1854,2,2.08495,2.17352,8.5,52.5,38.5,0,0,1000
1000,630,2,2.34682,3.1466,44,61.5,38,0,150,850
1000,1266,1,1.03336,1.06783,62,61,38,-1,50,950
1000,1267,4,3.11006,3.32436,20.5,62,38.5,2,50,950
1000,1268,1,0.985784,0.97177,34,1,39,-1,50,950
1000,277,1,0.653049,0.426473,1,3,39,-1,350,650
1000,323,1,0.648234,0.420207,36,3,39,-1,300,700
1000,1269,1,0.545049,0.297078,9,4,39,1,50,950
1000,1855,1,0.591148,0.349456,3,7,39,1,0,1000
1000,479,1,0.654121,0.427874,28,7,39,1,200,800
1000,1856,3,1.99715,1.35216,59,11.3333,39.3333,1,0,1000
1000,321,2,0.629067,0.197938,21.5,13,39,0,300,700
1000,483,1,0.500234,0.250234,34,13,39,1,200,800
1000,235,3,1.64508,1.24864,51,15,39.3333,1,400,600
1000,130,2,1.27166,0.808729,-0.5,16,39.5,2,550,450
1000,1857,1,0.651579,0.424555,8,17,39,-1,0,1000
1000,1858,1,0.722614,0.522171,23,19,39,1,0,1000
1000,1292,1,0.25504,0.0650452,3,21,39,-1,50,950
1000,1272,1,0.956161,0.914243,10,21,39,-1,50,950
1000,1859,1,0.502123,0.252128,20,21,39,-1,0,1000
1000,636,1,0.639489,0.408947,37,21,39,-1,150,850
1000,1281,1,0.569715,0.324576,61,22,39,1,50,950
1000,1860,1,0.271495,0.0737094,40,23,39,-1,0,1000
1000,486,2,1.00611,0.520924,9.5,24,39,0,200,800
1000,58,1,0.539127,0.290658,3,26,39,-1,700,300
1000,1861,1,0.322849,0.104232,43,27,39,1,0,1000
1000,881,1,0.948111,0.898914,36,29,39,1,100,900
1000,1862,1,0.724493,0.52489,38,30,39,1,0,1000
1000,1273,1,1.11494,1.24309,63,33,39,-1,50,950
1000,882,1,0.459516,0.211155,37,37,39,1,100,900
1000,1274,1,0.197614,0.0390511,45,40,39,-1,50,950
1000,107,3,1.63349,0.9785,30,41,39.3333,-1,600,400
1000,1863,1,1.05245,1.10764,6,43,39,1,0,1000
1000,488,2,1.13315,0.689057,42.5,46,39,0,200,800
1000,637,1,1.07804,1.16217,13,51,39,-1,150,850
1000,878,1,0.748822,0.560734,48,52,39,1,100,900
1000,25,2,2.37853,3.22064,50.5,63,39,0,750,250
1000,635,1,0.547243,0.299475,55,2,40,-1,150,850
1000,329,1,0.611076,0.373414,44,3,40,1,300,700
1000,325,5,2.44866,1.41483,50.2,5.4,40.6,-1,300,700
1000,1864,1,0.895314,0.801588,1,7,40,1,0,1000
1000,672,4,2.4564,1.56957,26.5,13.75,40.25,-2,150,850
1000,1280,3,1.87552,1.19058,32.3333,16.6667,40.3333,1,50,950
1000,160,2,0.65605,0.215966,46,16.5,40.5,0,500,500
1000,1293,1,0.55942,0.312951,7,22,40,1,50,950
1000,401,1,0.621835,0.386679,52,22,40,-1,250,750
1000,634,1,0.620225,0.384679,33,23,40,1,150,850
1000,236,2,1.46914,1.10337,56.5,24.5,40,0,400,600
1000,1282,1,0.683397,0.467032,29,26,40,-1,50,950
1000,1275,2,1.5664,1.79413,17.5,28.5,40,0,50,950
1000,1865,1,1.72533,2.97676,24,28,40,-1,0,1000
1000,1866,1,0.614865,0.378059,0,30,40,-1,0,1000
1000,487,1,0.482364,0.232675,7,30,40,-1,200,800
1000,282,1,0.74222,0.55089,32,33,40,1,350,650
1000,1867,1,0.832755,0.693481,42,35,40,-1,0,1000
1000,1301,1,0.615297,0.378591,13,40,40,-1,50,950
1000,190,1,0.235791,0.0555973,22,40,40,-1,450,550
1000,1868,1,0.426941,0.182279,16,42,40,1,0,1000
1000,643,1,0.96015,0.921888,25,47,40,-1,150,850
1000,887,6,4.35025,4.07477,61,47,41.3333,2,100,900
1000,132,1,0.635617,0.404008,15,48,40,-1,550,450
1000,161,1,0.769281,0.591793,48,48,40,-1,500,500
1000,879,1,0.868687,0.754617,38,52,40,-1,100,900
1000,1869,1,1.07037,1.14569,45,53,40,1,0,1000
1000,1277,2,1.08205,0.591586,34.5,54.5,40,0,50,950
1000,1870,1,0.926431,0.858275,62,55,40,-1,0,1000
1000,482,1,1.33619,1.7854,30,56,40,1,200,800
1000,880,2,1.43432,1.08404,19,57,40.5,0,100,900
1000,1303,1,0.274299,0.07524,39,57,40,-1,50,950
1000,1871,1,0.656677,0.431225,21,58,40,1,0,1000
1000,1872,2,0.769714,0.299201,28.5,59.5,40.5,0,0,1000
1000,638,3,3.29538,3.77486,11.6667,-0.333333,42,-1,150,850
1000,1873,1,0.512812,0.262976,52,0,41,1,0,1000
1000,1288,1,0.762944,0.582083,37,2,41,1,50,950
1000,1278,2,0.869443,0.38076,63,1.5,41.5,0,50,950
1000,1289,3,1.53805,0.886451,33.3333,3,41.6667,1,50,950
1000,1874,1,0.98096,0.962282,17,5,41,1,0,1000
1000,1279,1,0.505457,0.255487,28,6,41,1,50,950
1000,1875,2,1.15665,0.672735,55.5,7.5,41,0,0,1000
1000,645,1,0.791547,0.626546,50,10,41,1,150,850
1000,1876,1,0.109635,0.0120199,33,14,41,-1,0,1000
1000,1877,1,0.588682,0.346547,36,16,41,-1,0,1000
1000,890,6,4.49561,3.63377,22.5,17,42.5,0,100,900
1000,26,2,1.40798,0.997731,2,18,41.5,0,750,250
1000,1878,2,1.62381,1.3184,54,19,41.5,0,0,1000
1000,1879,1,0.626032,0.391916,37,20,41,-1,0,1000
1000,1880,1,1.58435,2.51016,21,21,41,1,0,1000
1000,191,2,1.2818,0.833473,25.5,21.5,41.5,0,450,550
1000,1881,2,1.31251,1.37034,57.5,22.5,41,0,0,1000
1000,284,1,0.94946,0.901474,27,24,41,-1,350,650
1000,1882,1,0.484968,0.235194,31,24,41,1,0,1000
1000,281,1,0.882614,0.779007,50,24,41,1,350,650
1000,1883,1,0.485698,0.235903,34,30,41,-1,0,1000
1000,1884,3,2.72534,2.86586,36,32.6667,41.3333,-1,0,1000
1000,60,1,1.01183,1.02381,18,33,41,1,700,300
1000,485,2,0.967083,0.468016,17.5,35,41,0,200,800
1000,1300,1,0.734566,0.539587,32,35,41,-1,50,950
1000,108,3,2.38873,1.9583,55.3333,35.6667,41.6667,-1,600,400
1000,896,1,0.210991,0.0445173,19,38,41,1,100,900
1000,1283,1,0.379181,0.143778,36,39,41,1,50,950
1000,1885,1,0.0800652,0.00641044,12,42,41,-1,0,1000
1000,1886,1,0.674955,0.455564,0,45,41,1,0,1000
1000,649,5,3.97173,3.32678,44.4,46.6,41.6,-3,150,850
1000,1296,1,0.722932,0.522631,62,50,41,-1,50,950
1000,1284,1,0.631608,0.398929,12,53,41,-1,50,950
1000,1302,1,0.530419,0.281345,8,55,41,-1,50,950
1000,283,1,1.11611,1.24571,19,59,41,-1,350,650
1000,1285,1,0.7507,0.563551,60,61,41,1,50,950
1000,1286,1,0.507648,0.257707,36,63,41,-1,50,950
1000,1287,1,1.23679,1.52964,10,1,42,-1,50,950
1000,639,1,1.03199,1.065,33,1,42,-1,150,850
1000,1887,2,1.51379,1.15059,40,2,42.5,0,0,1000
1000,1888,1,0.634456,0.402534,36,5,42,-1,0,1000
1000,892,1,0.827384,0.684564,31,7,42,1,100,900
1000,27,1,0.41909,0.175637,42,10,42,1,750,250
1000,162,1,0.629071,0.39573,46,10,42,-1,500,500
1000,1313,1,0.19575,0.0383181,58,10,42,1,50,950
1000,1290,2,0.887635,0.528513,29,11.5,42,0,50,950
1000,883,2,1.05111,0.566736,40,13.5,42,0,100,900
1000,640,1,0.508187,0.258254,42,13,42,1,150,850
1000,1889,1,0.325761,0.10612,62,13,42,1,0,1000
1000,1291,1,0.567795,0.322392,4,17,42,1,50,950
1000,884,1,0.347867,0.121011,40,17,42,1,100,900
1000,1890,3,2.72046,3.4586,2.33333,20.3333,42.3333,1,0,1000
1000,1891,2,1.86575,1.77096,4.5,23,42,0,0,1000
1000,1892,2,2.26657,2.62134,21.5,22.5,42.5,0,0,1000
1000,900,2,1.46481,1.16812,53,23,42.5,0,100,900
1000,1893,1,0.879742,0.773945,6,29,42,-1,0,1000
1000,327,1,0.755757,0.571168,20,30,42,1,300,700
1000,885,2,1.7222,2.02144,14.5,32,42,0,100,900
1000,324,1,0.262614,0.0689659,8,39,42,1,300,700
1000,1305,1,0.575309,0.330981,21,39,42,1,50,950
1000,897,4,2.66578,2.00047,30.75,40.25,43,0,100,900
1000,131,1,0.928136,0.861436,62,42,42,-1,550,450
1000,648,1,0.92296,0.851855,54,44,42,1,150,850
1000,1295,3,2.46297,2.12727,27.6667,47.3333,43,1,50,950
1000,1297,1,0.5943,0.353193,53,49,42,-1,50,950
1000,888,3,2.31051,2.32931,4.33333,51.6667,42.6667,1,100,900
1000,644,1,0.559364,0.312888,1,55,42,-1,150,850
1000,1894,2,2.42214,2.95136,2,57.5,42.5,0,0,1000
1000,1298,1,0.793368,0.629433,63,59,42,-1,50,950
1000,1895,1,0.44499,0.198016,25,0,43,1,0,1000
1000,655,1,0.831909,0.692072,45,3,43,1,150,850
1000,194,1,0.70799,0.50125,2,5,43,-1,450,550
1000,1304,4,3.74475,3.52444,29.25,8,44,-2,50,950
1000,1896,4,3.98861,4.25575,49.25,10.5,43.25,0,0,1000
1000,489,2,0.973687,0.491021,19,13,43.5,0,200,800
1000,1897,1,0.568791,0.323523,33,13,43,1,0,1000
1000,240,5,4.20119,3.76763,44.8,13.2,43.4,1,400,600
1000,912,1,0.542535,0.294345,25,15,43,-1,100,900
1000,238,3,1.70364,1.03463,10.6667,16.3333,43.6667,-1,400,600
1000,326,3,1.46517,0.719905,43.6667,16.3333,44,-1,300,700
1000,192,1,1.16227,1.35088,15,23,43,-1,450,550
1000,1898,1,0.405627,0.164533,48,24,43,1,0,1000
1000,659,2,1.027,0.6032,25.5,25.5,43,0,150,850
1000,195,1,0.637564,0.406488,52,26,43,1,450,550
1000,491,1,0.300342,0.0902054,13,28,43,1,200,800
1000,1299,2,1.13867,0.802019,18.5,32.5,43.5,0,50,950
1000,1899,1,0.762371,0.58121,32,35,43,-1,0,1000
1000,647,3,2.17487,1.59542,61.6667,39,43.3333,-1,150,850
1000,1900,1,0.577847,0.333907,57,41,43,-1,0,1000
1000,1901,1,0.742212,0.550878,13,42,43,-1,0,1000
1000,891,1,0.671466,0.450867,11,48,43,-1,100,900
1000,653,1,0.187629,0.0352048,23,49,43,1,150,850
1000,1902,1,0.157336,0.0247546,25,49,43,1,0,1000
1000,899,1,0.629753,0.396589,14,50,43,-1,100,900
1000,1322,1,0.974604,0.949852,5,54,43,-1,50,950
1000,650,2,2.12428,2.60861,45,55,43.5,0,150,850
1000,1903,1,1.05462,1.11223,47,56,43,-1,0,1000
1000,1904,1,0.580125,0.336545,39,58,43,1,0,1000
1000,239,1,0.386023,0.149014,56,1,44,1,400,600
1000,893,1,0.310274,0.0962698,36,6,44,-1,100,900
1000,1312,1,0.273555,0.0748325,36,9,44,-1,50,950
1000,400,2,1.57197,1.50903,38,8.5,44.5,-2,250,750
1000,492,1,0.449576,0.202119,41,10,44,-1,200,800
1000,59,3,1.68244,1.00922,16.6667,13.6667,44,-1,700,300
1000,651,1,0.535437,0.286693,9,15,44,-1,150,850
1000,493,1,0.476632,0.227178,40,16,44,1,200,800
1000,1905,1,1.75755,3.08899,28,17,44,1,0,1000
1000,894,1,0.606497,0.367839,47,17,44,1,100,900
1000,1314,2,1.70157,2.66131,54,17,44.5,0,50,950
1000,657,1,0.964149,0.929584,3,18,44,1,150,850
1000,330,1,0.916875,0.84066,0,26,44,1,300,700
1000,652,1,0.488446,0.23858,14,26,44,-1,150,850
1000,905,1,1.50889,2.27676,22,27,44,-1,100,900
1000,895,1,0.344301,0.118543,15,36,44,1,100,900
1000,83,2,1.82508,1.66781,47.5,37.5,44,0,650,350
1000,902,2,1.44759,1.45093,10,38,44.5,0,100,900
1000,1906,2,1.45373,1.19131,18,39.5,44,0,0,1000
1000,285,1,0.701628,0.492281,7,40,44,1,350,650
1000,1907,2,1.10669,0.637405,20.5,40.5,44.5,0,0,1000
1000,1306,1,0.625747,0.391559,27,41,44,-1,50,950
1000,1908,1,0.137128,0.018804,53,41,44,-1,0,1000
1000,1909,1,0.371297,0.137862,8,46,44,-1,0,1000
1000,918,1,0.753639,0.567972,4,47,44,1,100,900
1000,898,1,0.581191,0.337784,45,48,44,-1,100,900
1000,1307,1,0.493803,0.243841,61,49,44,-1,50,950
1000,1308,1,0.301126,0.0906769,10,50,44,-1,50,950
1000,1309,1,0.654125,0.42788,15,53,44,1,50,950
1000,490,1,0.693513,0.48096,22,53,44,1,200,800
1000,1910,2,1.58541,1.27752,13,53.5,44.5,0,0,1000
1000,328,1,0.405482,0.164416,43,55,44,-1,300,700
1000,1911,1,0.921618,0.849379,2,56,44,1,0,1000
1000,1310,2,1.54201,1.26291,8.5,60.5,44.5,2,50,950
1000,907,1,0.375279,0.140834,19,60,44,-1,100,900
1000,1912,1,0.607647,0.369235,5,61,44,1,0,1000
1000,1311,2,1.69602,1.44053,44.5,61.5,44,0,50,950
1000,109,4,2.06811,1.12302,36.75,3.5,46.25,0,600,400
1000,656,1,0.937085,0.878127,43,3,45,1,150,850
1000,911,3,1.86449,1.20505,3.33333,8,45,1,100,900
1000,1913,1,0.827554,0.684845,52,7,45,-1,0,1000
1000,241,1,0.69959,0.489426,62,8,45,1,400,600
1000,1914,2,1.936,1.87405,58.5,8.5,45.5,2,0,1000
1000,496,1,0.790195,0.624409,23,10,45,-1,200,800
1000,664,1,0.563844,0.31792,6,13,45,-1,150,850
1000,915,2,0.99927,0.614899,24,14.5,45.5,0,100,900
1000,1915,1,0.563726,0.317787,57,17,45,1,0,1000
1000,1916,1,0.560771,0.314464,55,21,45,-1,0,1000
1000,658,2,0.853407,0.431093,43,24,45.5,0,150,850
1000,332,2,1.88813,1.79333,54,26.5,45,0,300,700
1000,1315,1,0.675447,0.456229,2,28,45,1,50,950
1000,1316,1,0.783658,0.614119,14,28,45,-1,50,950
1000,901,1,0.278844,0.0777541,37,31,45,1,100,900
1000,1917,1,0.513683,0.26387,23,34,45,-1,0,1000
1000,1918,1,1.08158,1.16982,49,35,45,-1,0,1000
1000,668,1,0.861851,0.742788,38,40,45,1,150,850
1000,1919,1,0.783689,0.614168,24,46,45,1,0,1000
1000,1920,1,0.463858,0.215164,36,46,45,1,0,1000
1000,1921,1,0.775485,0.601377,27,49,45,-1,0,1000
1000,28,2,0.752039,0.296504,34,50.5,45,0,750,250
1000,1317,1,0.239079,0.0571588,56,54,45,-1,50,950
1000,1922,1,0.816347,0.666422,37,55,45,1,0,1000
1000,1923,2,2.08001,2.31954,17,62.5,45.5,0,0,1000
1000,654,1,0.695672,0.483959,0,0,46,-1,150,850
1000,1318,2,0.689973,0.249836,55.5,2,46.5,2,50,950
1000,110,2,2.38668,3.2338,39.5,4.5,46.5,0,600,400
1000,1319,1,0.489824,0.239927,56,5,46,-1,50,950
1000,903,1,0.677423,0.458901,44,6,46,1,100,900
1000,1323,1,0.311082,0.0967718,15,7,46,1,50,950
1000,1320,2,0.981432,0.526149,46,8.5,46,0,50,950
1000,1924,1,0.613387,0.376243,43,12,46,1,0,1000
1000,1925,1,0.570625,0.325613,38,15,46,-1,0,1000
1000,1926,1,0.266409,0.0709736,1,17,46,1,0,1000
1000,904,1,0.201196,0.04048,36,20,46,-1,100,900
1000,494,1,0.524359,0.274953,60,20,46,-1,200,800
1000,667,1,0.863907,0.746335,8,23,46,1,150,850
1000,674,1,0.447135,0.199929,21,26,46,1,150,850
1000,1321,1,0.629917,0.396795,0,27,46,-1,50,950
1000,331,1,0.733263,0.537674,48,27,46,1,300,700
1000,906,2,1.69709,1.77095,24,29.5,46.5,0,100,900
1000,287,1,0.659442,0.434864,55,29,46,1,350,650
1000,29,2,0.620259,0.19458,43.5,31,46,0,750,250
1000,917,1,0.452409,0.204674,3,37,46,1,100,900
1000,660,1,0.826338,0.682835,40,37,46,1,150,850
1000,495,5,3.72935,2.84589,4.2,42.8,46.6,3,200,800
1000,661,1,0.624925,0.390531,18,48,46,-1,150,850
1000,1927,2,1.28076,0.828815,4.5,51.5,46.5,2,0,1000
1000,1928,1,1.23388,1.52246,29,55,46,-1,0,1000
1000,662,1,0.522095,0.272583,33,55,46,-1,150,850
1000,1326,1,0.976389,0.953336,2,57,46,-1,50,950
1000,134,6,3.12443,1.72743,45.1667,58.5,47.1667,0,550,450
1000,403,4,2.65434,1.82934,58.25,59.5,47.25,0,250,750
1000,663,1,0.69429,0.482038,31,0,47,-1,150,850
1000,402,2,1.69744,1.48853,7.5,7,47,0,250,750
1000,908,1,0.802193,0.643513,26,7,47,1,100,900
1000,1929,2,1.84978,1.73919,3.5,8.5,47.5,0,0,1000
1000,1930,1,0.32543,0.105905,11,9,47,1,0,1000
1000,1931,1,0.750491,0.563236,13,10,47,1,0,1000
1000,1932,1,0.722288,0.5217,3,11,47,-1,0,1000
1000,925,2,1.13981,0.665396,24.5,11,47,0,100,900
1000,909,1,0.250095,0.0625476,7,12,47,-1,100,900
1000,1933,1,0.626472,0.392467,40,17,47,-1,0,1000
1000,1934,2,1.56306,1.22424,0.5,20,47.5,2,0,1000
1000,1324,1,0.394522,0.155648,10,22,47,1,50,950
1000,1325,1,0.62067,0.385231,52,23,47,-1,50,950
1000,1329,1,0.422018,0.1781,5,34,47,1,50,950
1000,928,1,0.511319,0.261447,41,34,47,-1,100,900
1000,61,1,0.36018,0.12973,59,36,47,-1,700,300
1000,665,1,0.942173,0.88769,52,38,47,-1,150,850
1000,910,1,1.23359,1.52173,44,45,47,1,100,900
1000,135,1,1.22146,1.49197,37,50,47,1,550,450
1000,84,4,3.06789,2.62586,60.5,52.5,47.5,0,650,350
1000,914,1,1.16795,1.36412,42,56,47,1,100,900
1000,1935,2,1.47314,1.08838,-0.5,58,47,0,0,1000
1000,1327,3,2.94195,3.12051,38.3333,2.33333,48.3333,-1,50,950
1000,1341,1,0.633826,0.401735,22,10,48,1,50,950
1000,1342,6,3.54151,2.31073,33.5,10,49.8333,2,50,950
1000,924,5,3.22476,2.18704,30.2,11.8,49.4,-1,100,900
1000,1354,1,0.437479,0.191388,22,13,48,1,50,950
1000,677,1,0.605856,0.367061,35,13,48,1,150,850
1000,1936,1,0.693053,0.480322,49,14,48,1,0,1000
1000,666,1,0.338706,0.114722,61,16,48,1,150,850
1000,1937,1,0.660408,0.436139,25,17,48,1,0,1000
1000,1938,1,0.474485,0.225136,62,19,48,1,0,1000
1000,1328,2,0.834476,0.45604,9.5,24,48,0,50,950
1000,1939,1,0.946781,0.896394,35,24,48,-1,0,1000
1000,916,2,1.88122,2.10554,22.5,26,48,0,100,900
1000,1940,1,0.944069,0.891267,33,26,48,1,0,1000
1000,1333,1,0.517325,0.267625,8,33,48,-1,50,950
1000,913,1,0.501853,0.251857,40,36,48,1,100,900
1000,1346,1,0.397702,0.158167,38,38,48,1,50,950
1000,669,1,0.460869,0.2124,34,41,48,-1,150,850
1000,497,2,1.11319,0.619663,25.5,42,48,0,200,800
1000,333,1,1.33032,1.76976,27,46,48,-1,300,700
1000,85,5,4.69748,5.06473,35,48.2,48.2,1,650,350
1000,670,1,0.902083,0.813753,47,57,48,1,150,850
1000,1331,1,0.908012,0.824485,8,58,48,1,50,950
1000,1941,1,0.507923,0.257986,12,58,48,-1,0,1000
1000,1330,1,0.744729,0.554622,40,58,48,1,50,950
1000,1942,1,1.08976,1.18758,5,59,48,-1,0,1000
1000,671,1,0.288215,0.0830681,28,63,48,-1,150,850
1000,196,1,0.645979,0.417289,7,4,49,1,450,550
1000,498,2,2.0206,2.04565,20.5,4,49,0,200,800
1000,164,2,1.55324,1.24576,6.5,8.5,49.5,0,500,500
1000,932,1,0.421377,0.177559,25,14,49,1,100,900
1000,1943,1,0.536027,0.287325,3,16,49,-1,0,1000
1000,921,1,0.203607,0.041456,33,17,49,1,100,900
1000,673,1,0.923249,0.85239,15,18,49,1,150,850
1000,1345,1,0.75312,0.56719,31,22,49,1,50,950
1000,1944,1,0.450874,0.203287,25,26,49,1,0,1000
1000,1332,1,0.784408,0.615296,16,27,49,-1,50,950
1000,136,2,1.30953,0.86034,45,28,49.5,0,550,450
1000,1356,1,1.2151,1.47646,38,30,49,1,50,950
1000,336,2,0.78358,0.307781,54.5,30,49,0,300,700
1000,922,2,1.56235,1.25923,29.5,31,49.5,0,100,900
1000,1945,1,0.510605,0.260717,39,32,49,1,0,1000
1000,137,1,0.550869,0.303457,44,32,49,-1,550,450
1000,1946,1,1.09443,1.19777,11,33,49,-1,0,1000
1000,111,1,0.53979,0.291373,29,33,49,1,600,400
1000,112,2,1.13726,0.654087,52,33,49.5,0,600,400
1000,198,1,1.20357,1.44859,43,35,49,-1,450,550
1000,1334,1,0.664164,0.441114,2,36,49,1,50,950
1000,407,1,0.592206,0.350708,18,41,49,1,250,750
1000,1335,2,1.91177,1.93579,6,42,49.5,0,50,950
1000,919,2,1.56378,1.23088,13.5,43,49,0,100,900
1000,1336,2,1.32887,0.959371,7.5,46,49,0,50,950
1000,920,2,0.793935,0.35106,21,48.5,49.5,0,100,900
1000,675,1,0.705143,0.497227,29,50,49,-1,150,850
1000,1947,2,1.27749,0.863699,12.5,51.5,49.5,0,0,1000
1000,406,3,1.67422,1.02039,51.6667,53,50,-1,250,750
1000,63,1,0.363046,0.131803,34,59,49,1,700,300
1000,1337,2,1.98098,1.98744,12,62,49.5,0,50,950
1000,1338,1,0.85879,0.737521,1,3,50,-1,50,950
1000,1339,2,1.37179,0.942475,49,2.5,50.5,0,50,950
1000,1340,1,0.452315,0.204589,59,9,50,1,50,950
1000,1948,1,0.314575,0.0989576,22,10,50,1,0,1000
1000,1343,2,1.14168,0.652877,8.5,14,50,0,50,950
1000,1344,1,0.573369,0.328752,19,17,50,1,50,950
1000,334,5,3.26468,2.30719,57.8,19.6,50.8,-1,300,700
1000,1949,2,1.15445,0.756358,31.5,20,50,0,0,1000
1000,676,1,0.484434,0.234676,17,21,50,1,150,850
1000,1950,1,0.444797,0.197844,48,24,50,1,0,1000
1000,1951,1,0.539945,0.291541,22,26,50,1,0,1000
1000,927,5,4.21637,3.75276,35.8,28,51,-1,100,900
1000,499,1,1.0667,1.13784,0,28,50,1,200,800
1000,337,2,0.823388,0.353606,32,30,50.5,0,300,700
1000,1373,1,0.873371,0.762776,22,34,50,-1,50,950
1000,197,1,0.442982,0.196233,49,34,50,1,450,550
1000,930,5,4.41454,4.07158,18.2,34.4,51,1,100,900
1000,1358,1,0.463189,0.214544,37,37,50,-1,50,950
1000,1347,1,0.664068,0.440987,2,43,50,1,50,950
1000,500,1,0.760081,0.577723,20,44,50,1,200,800
1000,405,2,1.49168,1.161,32.5,47,50.5,0,250,750
1000,1348,1,0.470046,0.220944,19,48,50,1,50,950
1000,1952,1,0.896391,0.803516,37,48,50,-1,0,1000
1000,1349,1,0.752038,0.565562,25,49,50,-1,50,950
1000,242,1,0.993003,0.986055,34,49,50,-1,400,600
1000,1953,1,0.90841,0.825208,27,50,50,1,0,1000
1000,1954,1,0.649411,0.421735,33,51,50,1,0,1000
1000,1955,1,0.626717,0.392775,48,55,50,-1,0,1000
1000,286,1,0.432134,0.18674,49,59,50,1,350,650
1000,1956,1,0.582618,0.339443,25,60,50,-1,0,1000
1000,1350,1,0.503265,0.253276,49,61,50,1,50,950
1000,64,3,2.17965,1.65293,32.6667,61.6667,50.6667,1,700,300
1000,933,1,0.476008,0.226584,35,63,50,-1,100,900
1000,1957,1,0.651568,0.424541,49,63,50,1,0,1000
1000,288,1,0.793058,0.628941,21,7,51,-1,350,650
1000,1351,1,0.625429,0.391162,6,11,51,-1,50,950
1000,934,2,1.10021,0.612954,54.5,12,51,-2,100,900
1000,1353,1,0.39457,0.155686,34,13,51,-1,50,950
1000,1958,1,0.726183,0.527342,24,14,51,1,0,1000
1000,1959,1,0.707715,0.50086,22,15,51,-1,0,1000
1000,1355,1,0.722977,0.522696,5,21,51,1,50,950
1000,926,1,0.392982,0.154435,41,23,51,-1,100,900
1000,62,1,0.868573,0.754419,2,24,51,-1,700,300
1000,338,1,0.383876,0.147361,21,28,51,1,300,700
1000,1960,1,0.396688,0.157361,40,30,51,-1,0,1000
1000,1357,2,1.16092,0.686661,48,30.5,51,0,50,950
1000,929,4,3.49626,3.34081,4.5,32.5,51.75,2,100,900
1000,1961,1,0.99484,0.989706,8,32,51,-1,0,1000
1000,1962,1,0.813261,0.661393,44,32,51,-1,0,1000
1000,1963,2,1.27164,0.825963,43.5,34,51,0,0,1000
1000,1964,1,0.722899,0.522582,39,37,51,1,0,1000
1000,243,1,1.04509,1.09222,24,38,51,-1,400,600
1000,1359,1,0.532158,0.283192,26,38,51,-1,50,950
1000,1360,1,0.309212,0.0956121,54,38,51,1,50,950
1000,937,1,0.401227,0.160983,51,40,51,-1,100,900
1000,199,3,1.24461,0.599193,21.3333,41.3333,51,1,450,550
1000,114,2,1.38261,0.962838,45.5,42.5,51.5,0,600,400
1000,1361,2,1.06985,0.575111,54.5,42,51.5,0,50,950
1000,931,1,0.820725,0.67359,43,48,51,1,100,900
1000,1965,1,0.704281,0.496012,51,49,51,1,0,1000
1000,1362,1,0.606073,0.367324,0,53,51,-1,50,950
1000,408,1,0.697502,0.48651,55,59,51,1,250,750
1000,138,2,2.14162,2.31015,1,60,51.5,0,550,450
1000,340,1,0.568938,0.323691,57,0,52,1,300,700
1000,1966,1,1.27776,1.63267,6,1,52,-1,0,1000
1000,1967,1,1.06214,1.12815,8,2,52,-1,0,1000
1000,1385,1,0.460747,0.212288,29,4,52,1,50,950
1000,943,1,0.722785,0.522419,62,4,52,1,100,900
1000,1968,2,0.959733,0.613686,20,4.5,52.5,0,0,1000
1000,1363,1,0.365486,0.13358,54,6,52,-1,50,950
1000,1364,1,0.997707,0.995419,25,8,52,-1,50,950
1000,1377,1,1.04257,1.08695,2,9,52,-1,50,950
1000,115,1,0.564311,0.318446,42,11,52,1,600,400
1000,504,1,0.383149,0.146803,57,11,52,1,200,800
1000,1969,1,0.398381,0.158707,27,15,52,1,0,1000
1000,335,2,1.29754,0.922616,59,16.5,52,0,300,700
1000,1378,1,0.432925,0.187424,34,17,52,1,50,950
1000,1970,1,1.72569,2.978,19,19,52,-1,0,1000
1000,1365,1,0.257527,0.06632,9,20,52,-1,50,950
1000,1366,1,0.488807,0.238932,12,22,52,1,50,950
1000,1971,2,1.21845,0.761045,9.5,24,52,0,0,1000
1000,113,1,0.836668,0.700013,56,27,52,-1,600,400
1000,30,1,0.652894,0.426271,59,28,52,-1,750,250
1000,1972,1,1.64718,2.71319,4,29,52,1,0,1000
1000,1390,1,0.715313,0.511672,55,29,52,1,50,950
1000,201,2,1.60348,1.32503,60,30.5,52.5,0,450,550
1000,86,4,2.44628,1.68813,32,34,52.25,0,650,350
1000,409,1,0.569536,0.324371,59,36,52,-1,250,750
1000,410,1,0.685262,0.469584,44,38,52,1,250,750
1000,1367,1,0.885772,0.784592,59,40,52,-1,50,950
1000,1973,2,1.30511,0.994704,48,41,52.5,0,0,1000
1000,1368,1,0.902368,0.814268,18,43,52,1,50,950
1000,1374,2,1.49041,1.1437,1.5,44.5,52.5,0,50,950
1000,942,1,0.817583,0.668443,59,47,52,1,100,900
1000,1974,1,1.63757,2.68164,26,48,52,-1,0,1000
1000,508,1,0.398763,0.159012,63,51,52,1,200,800
1000,1369,1,0.562869,0.316822,19,53,52,1,50,950
1000,1384,1,1.24592,1.55231,39,53,52,-1,50,950
1000,502,2,1.51183,1.19397,37,56,52.5,0,200,800
1000,1370,2,2.11923,2.92249,53,61.5,52,0,50,950
1000,1975,1,1.15979,1.34512,35,63,52,-1,0,1000
1000,1976,2,1.01796,0.522955,48.5,1.5,53.5,0,0,1000
1000,945,1,0.618659,0.382739,40,8,53,-1,100,900
1000,1977,1,0.612274,0.374879,16,12,53,-1,0,1000
1000,1978,1,0.451117,0.203506,54,12,53,-1,0,1000
1000,946,3,1.6456,1.00541,41.3333,12.3333,54,1,100,900
1000,1979,1,0.426945,0.182282,39,16,53,-1,0,1000
1000,200,1,1.00335,1.00671,27,20,53,-1,450,550
1000,1371,2,1.55451,1.2788,14.5,21.5,53,0,50,950
1000,1389,1,0.928349,0.861832,19,28,53,1,50,950
1000,501,3,2.38111,1.92402,10.3333,29,53.3333,1,200,800
1000,1980,1,0.8875,0.787657,53,29,53,-1,0,1000
1000,1372,1,0.708102,0.501409,62,30,53,1,50,950
1000,935,1,0.757856,0.574346,16,35,53,-1,100,900
1000,1379,1,0.683127,0.466663,21,35,53,-1,50,950
1000,1406,2,2.11926,2.24778,18.5,36,53.5,-2,50,950
1000,1981,1,0.36717,0.134814,61,36,53,1,0,1000
1000,289,1,0.247911,0.06146,8,38,53,-1,350,650
1000,1982,1,0.653007,0.426418,53,38,53,1,0,1000
1000,936,1,0.858184,0.73648,42,40,53,-1,100,900
1000,139,1,0.449634,0.20217,26,43,53,1,550,450
1000,940,1,0.590096,0.348213,43,47,53,1,100,900
1000,31,1,0.837335,0.70113,30,49,53,-1,750,250
1000,1383,2,1.5806,1.29081,20,51,53.5,0,50,950
1000,1375,1,0.947231,0.897246,55,51,53,-1,50,950
1000,1983,1,0.324387,0.105227,8,55,53,1,0,1000
1000,1984,2,0.997545,0.515325,4.5,56.5,53.5,0,0,1000
1000,1985,1,0.70955,0.503461,57,59,53,1,0,1000
1000,33,1,0.423516,0.179366,60,60,53,-1,750,250
1000,1986,2,1.62344,1.57084,1,62,53.5,0,0,1000
1000,1403,1,0.761106,0.579282,10,62,53,1,50,950
1000,1987,1,0.286844,0.0822794,39,62,53,-1,0,1000
1000,290,1,0.442916,0.196174,33,2,54,-1,350,650
1000,1988,3,1.82491,1.23739,21,4.66667,54.6667,-1,0,1000
1000,944,5,3.05223,2.47343,28.2,6.4,54.8,-1,100,900
1000,938,1,0.984003,0.968262,11,9,54,1,100,900
1000,1376,1,0.603794,0.364567,47,9,54,1,50,950
1000,1989,1,0.678067,0.459775,43,10,54,1,0,1000
1000,1990,2,1.62491,1.32037,2.5,11,54,0,0,1000
1000,1991,1,0.726825,0.528274,32,15,54,-1,0,1000
1000,1992,1,1.0672,1.13892,48,16,54,-1,0,1000
1000,1993,1,1.00588,1.01179,61,17,54,1,0,1000
1000,292,2,1.0291,0.553418,12.5,18.5,54.5,0,350,650
1000,678,1,0.686608,0.47143,29,18,54,1,150,850
1000,1397,1,0.64674,0.418273,56,20,54,-1,50,950
1000,1994,1,0.499765,0.249765,5,24,54,1,0,1000
1000,166,1,0.55589,0.309013,34,26,54,1,500,500
1000,1995,2,1.73705,1.67875,22,28,54.5,0,0,1000
1000,1996,1,1.04213,1.08603,17,29,54,-1,0,1000
1000,339,5,2.78794,1.78398,27.2,30.4,55.2,3,300,700
1000,1997,1,1.14184,1.30381,51,30,54,-1,0,1000
1000,412,2,1.43004,1.17843,32,31.5,54,0,250,750
1000,679,1,0.307996,0.0948618,36,32,54,-1,150,850
1000,939,1,0.445409,0.19839,24,41,54,-1,100,900
1000,1998,1,1.01591,1.03207,50,41,54,-1,0,1000
1000,116,2,1.59179,1.27348,4.5,42.5,54.5,0,600,400
1000,1999,1,0.412829,0.170428,43,42,54,-1,0,1000
1000,341,1,0.349175,0.121923,10,44,54,-1,300,700
1000,941,2,1.32735,1.01394,35,45.5,54,0,100,900
1000,2000,1,0.521321,0.271775,41,45,54,-1,0,1000
1000,503,1,0.716289,0.51307,14,47,54,1,200,800
1000,680,1,0.670735,0.449886,16,47,54,1,150,850
1000,1400,1,0.75227,0.565911,9,48,54,-1,50,950
1000,1380,2,1.17568,0.866883,19.5,49,54,0,50,950
1000,1381,1,0.811365,0.658314,22,49,54,1,50,950
1000,1382,2,1.09181,0.84254,60,49.5,54,0,50,950
1000,165,2,2.00482,2.06992,40,51,54.5,0,500,500
1000,291,2,1.38897,0.967244,44,59.5,54,0,350,650
1000,681,1,0.786806,0.619063,5,61,54,-1,150,850
1000,949,1,0.897839,0.806115,57,0,55,-1,100,900
1000,2001,1,0.545867,0.297971,30,2,55,-1,0,1000
1000,65,5,4.22031,3.8638,39.8,2.6,55.2,-1,700,300
1000,2002,1,0.311498,0.0970311,49,4,55,1,0,1000
1000,342,3,2.07801,1.53163,62.6667,4,55.3333,-1,300,700
1000,1386,1,0.0905646,0.00820196,14,5,55,-1,50,950
1000,2003,1,0.613997,0.376992,38,9,55,1,0,1000
1000,2004,1,0.663646,0.440426,41,9,55,-1,0,1000
1000,1387,1,0.381594,0.145614,57,10,55,-1,50,950
1000,2005,1,0.361145,0.130425,9,11,55,-1,0,1000
1000,947,1,1.01228,1.02471,43,16,55,-1,100,900
1000,1388,2,1.43237,1.02692,46.5,22.5,55,0,50,950
1000,2006,1,0.967016,0.93512,19,29,55,1,0,1000
1000,2007,1,0.646791,0.418338,53,29,55,-1,0,1000
1000,948,1,0.405849,0.164714,46,33,55,-1,100,900
1000,2008,1,0.575534,0.331239,12,36,55,-1,0,1000
1000,953,2,2.78905,4.0968,32,38,55.5,0,100,900
1000,244,1,0.275859,0.0760983,29,40,55,-1,400,600
1000,1391,2,0.993303,0.589313,62.5,41.5,55,-2,50,950
1000,1392,1,0.468757,0.219733,12,43,55,1,50,950
1000,413,1,0.565054,0.319286,59,43,55,1,250,750
1000,2009,1,0.394222,0.155411,42,47,55,1,0,1000
1000,1409,1,0.633969,0.401917,62,51,55,-1,50,950
1000,1393,1,0.673317,0.453356,10,52,55,-1,50,950
1000,32,1,0.307921,0.094815,45,52,55,1,750,250
1000,2010,1,0.842882,0.710449,53,59,55,1,0,1000
1000,2011,4,1.92244,0.944688,60,59,56,0,0,1000
1000,170,2,1.24627,0.785522,54,1.5,56,0,500,500
1000,2012,1,0.798306,0.637292,49,6,56,1,0,1000
1000,958,1,0.242121,0.0586224,32,7,56,1,100,900
1000,411,1,0.632876,0.400532,23,10,56,1,250,750
1000,1394,1,0.263944,0.0696663,21,11,56,-1,50,950
1000,2013,1,0.621131,0.385803,29,16,56,1,0,1000
1000,961,3,1.80102,1.14171,13.3333,16.3333,57,-1,100,900
1000,962,2,1.5828,1.25329,16.5,17,56,0,100,900
1000,1395,1,0.791393,0.626302,17,20,56,1,50,950
1000,950,2,1.51784,1.20204,26,19.5,56.5,0,100,900
1000,1396,1,0.421496,0.177659,43,21,56,-1,50,950
1000,66,2,0.810921,0.443253,58,22.5,56,0,700,300
1000,2014,1,0.643336,0.413882,50,26,56,1,0,1000
1000,1423,1,0.870745,0.758196,58,26,56,-1,50,950
1000,951,1,0.937837,0.879538,43,27,56,-1,100,900
1000,952,1,0.677939,0.459601,11,29,56,1,100,900
1000,1398,1,0.848945,0.720708,41,30,56,-1,50,950
1000,2015,1,0.865181,0.748537,53,31,56,1,0,1000
1000,1413,1,0.111764,0.0124913,60,40,56,-1,50,950
1000,1399,1,0.14713,0.0216472,12,45,56,1,50,950
1000,1401,1,0.84079,0.706927,9,47,56,1,50,950
1000,2016,1,0.665375,0.442723,9,50,56,1,0,1000
1000,1402,1,0.844354,0.712934,54,51,56,-1,50,950
1000,509,1,0.782616,0.612489,43,53,56,-1,200,800
1000,954,5,2.59734,1.44765,26.4,54.2,56.6,1,100,900
1000,1417,2,1.29732,1.2384,41,54.5,56,0,50,950
1000,2017,1,0.298427,0.0890589,59,55,56,1,0,1000
1000,955,1,0.895666,0.802217,25,57,56,1,100,900
1000,167,1,0.825954,0.682201,19,60,56,1,500,500
1000,2018,1,0.795771,0.633251,10,61,56,1,0,1000
1000,2019,1,0.505076,0.255102,46,61,56,-1,0,1000
1000,682,1,0.423173,0.179075,15,1,57,-1,150,850
1000,956,1,0.997177,0.994362,61,1,57,1,100,900
1000,959,3,1.51697,0.884751,63.3333,5,57.6667,-1,100,900
1000,2020,1,0.406788,0.165476,1,8,57,-1,0,1000
1000,966,1,1.03103,1.06302,59,8,57,1,100,900
1000,203,1,0.990927,0.981936,54,17,57,1,450,550
1000,2021,1,0.776699,0.603261,51,20,57,1,0,1000
1000,505,1,0.682579,0.465915,11,21,57,1,200,800
1000,2022,1,0.619585,0.383886,51,23,57,-1,0,1000
1000,957,3,2.73887,3.3016,32.3333,27.6667,57,1,100,900
1000,1404,1,0.980092,0.960581,30,30,57,-1,50,950
1000,1405,1,0.379519,0.144035,29,32,57,1,50,950
1000,2023,1,1.1186,1.25126,50,33,57,1,0,1000
1000,2024,1,0.588973,0.346889,19,37,57,-1,0,1000
1000,1407,1,0.702252,0.493157,51,38,57,-1,50,950
1000,2025,2,0.822099,0.339562,59,38,57.5,0,0,1000
1000,2026,1,0.520114,0.270519,63,39,57,-1,0,1000
1000,506,1,0.152092,0.0231319,1,40,57,1,200,800
1000,2027,1,0.441347,0.194788,50,41,57,-1,0,1000
1000,1408,4,3.87827,3.91101,57.25,42.25,57.25,0,50,950
1000,2028,1,0.789545,0.623381,15,48,57,1,0,1000
1000,117,2,1.3838,0.963608,27,48,57.5,0,600,400
1000,2029,1,0.798041,0.636869,4,52,57,-1,0,1000
1000,1416,1,0.540401,0.292033,60,52,57,1,50,950
1000,507,1,0.67249,0.452243,47,56,57,-1,200,800
1000,245,1,0.714162,0.510028,20,58,57,-1,400,600
1000,2030,1,1.60618,2.57981,7,59,57,1,0,1000
1000,965,1,0.834506,0.696401,15,59,57,-1,100,900
1000,246,1,0.865118,0.748429,3,62,57,-1,400,600
1000,36,1,0.567175,0.321687,11,1,58,-1,750,250
1000,683,1,1.15984,1.34522,25,2,58,1,150,850
1000,2031,1,0.607596,0.369173,2,3,58,-1,0,1000
1000,2032,3,2.01575,1.46386,26.6667,4,58,1,0,1000
1000,1420,3,2.44759,2.12234,35.3333,3.66667,58.6667,-1,50,950
1000,1432,1,1.14526,1.31162,53,3,58,1,50,950
1000,2033,1,1.05781,1.11896,31,6,58,1,0,1000
1000,140,1,0.537441,0.288843,17,8,58,-1,550,450
1000,1410,1,1.22482,1.50017,63,8,58,-1,50,950
1000,967,5,4.02709,3.56122,56.2,9.6,58.8,1,100,900
1000,2034,1,0.695861,0.484223,40,11,58,1,0,1000
1000,2035,2,1.3978,0.984834,49.5,12,58,0,0,1000
1000,960,1,0.531856,0.282871,2,13,58,-1,100,900
1000,968,1,0.481639,0.231976,5,17,58,-1,100,900
1000,1411,1,0.413503,0.170985,15,17,58,-1,50,950
1000,294,1,1.03691,1.07519,15,19,58,-1,350,650
1000,343,8,5.05372,3.73025,4.75,22.125,58.875,0,300,700
1000,1433,2,0.892123,0.404796,17.5,23,58.5,0,50,950
1000,1442,2,1.57025,1.32412,48.5,25.5,58,2,50,950
1000,89,5,3.65658,2.77105,5,27.8,59,1,650,350
1000,142,3,1.0141,0.381029,47.3333,29.6667,58.3333,1,550,450
1000,517,6,6.13462,7.06252,44.3333,32.1667,59.3333,0,200,800
1000,168,1,1.01675,1.03378,1,34,58,-1,500,500
1000,963,2,1.42925,1.08431,7,34,58.5,2,100,900
1000,1412,1,0.296891,0.088144,5,35,58,-1,50,950
1000,2036,1,1.21732,1.48186,32,35,58,1,0,1000
1000,414,3,2.42183,1.96306,5.66667,41.3333,58.6667,-1,250,750
1000,971,1,0.961216,0.923935,31,42,58,-1,100,900
1000,964,1,0.517213,0.26751,16,43,58,1,100,900
1000,2037,1,1.65198,2.72905,60,43,58,1,0,1000
1000,1414,1,0.70216,0.493028,30,48,58,-1,50,950
1000,1415,1,0.197035,0.0388226,35,48,58,1,50,950
1000,1440,1,0.608695,0.370509,26,50,58,-1,50,950
1000,2038,1,0.940629,0.884783,61,50,58,-1,0,1000
1000,2039,2,1.2225,0.783382,41.5,52.5,58,0,0,1000
1000,1418,1,0.540089,0.291696,36,55,58,1,50,950
1000,39,2,1.59001,1.27602,17.5,59.5,58,0,750,250
1000,1419,1,0.78475,0.615833,30,62,58,1,50,950
1000,169,2,1.44075,1.4136,54.5,62,58,0,500,500
1000,2040,1,1.71443,2.93928,0,1,59,1,0,1000
1000,2041,5,3.87978,3.07003,9.8,1.2,59.8,-3,0,1000
1000,511,6,4.55148,3.70509,30,1.83333,59.8333,2,200,800
1000,684,2,1.59982,1.37994,41.5,2,59,0,150,850
1000,2042,1,0.898948,0.808107,58,6,59,-1,0,1000
1000,2043,1,1.14586,1.31299,60,7,59,-1,0,1000
1000,1441,1,0.749281,0.561422,32,8,59,1,50,950
1000,2044,1,1.53677,2.36167,4,9,59,-1,0,1000
1000,2045,1,0.417335,0.174169,45,10,59,-1,0,1000
1000,2046,1,0.877383,0.769801,45,12,59,-1,0,1000
1000,35,5,3.56985,2.88076,42.8,17.2,59.4,-1,750,250
1000,34,4,2.39878,1.64437,50.75,16.5,59.75,0,750,250
1000,1422,1,0.666738,0.444539,2,17,59,1,50,950
1000,979,1,1.10599,1.22322,10,17,59,-1,100,900
1000,974,2,1.42212,1.04895,19.5,20.5,59.5,2,100,900
1000,2047,2,2.04005,2.08237,15.5,21,59.5,0,0,1000
1000,88,1,0.846283,0.716195,27,25,59,1,650,350
1000,2048,2,1.76301,1.68256,27,27.5,59,0,0,1000
1000,1434,1,0.738263,0.545032,57,27,59,1,50,950
1000,2049,1,0.533055,0.284148,53,31,59,1,0,1000
1000,1437,1,0.501127,0.251128,27,32,59,1,50,950
1000,2050,1,0.369708,0.136684,29,32,59,1,0,1000
1000,1425,1,0.864143,0.746742,11,34,59,1,50,950
1000,970,1,0.587247,0.344859,59,34,59,1,100,900
1000,1426,1,0.301289,0.0907753,28,40,59,-1,50,950
1000,972,3,1.29461,0.585936,47.6667,44,59,1,100,900
1000,1427,1,0.537665,0.289084,9,44,59,1,50,950
1000,2051,1,0.58074,0.337259,52,44,59,1,0,1000
1000,1428,2,1.46119,1.07841,12.5,45.5,59.5,0,50,950
1000,204,1,0.823882,0.678781,40,46,59,1,450,550
1000,1429,1,0.792282,0.627711,0,51,59,1,50,950
1000,2052,1,0.952755,0.907742,52,51,59,-1,0,1000
1000,1430,2,2.07219,2.15521,32.5,55,59,0,50,950
1000,2053,1,0.795747,0.633213,1,56,59,-1,0,1000
1000,2054,1,0.639483,0.408939,42,57,59,1,0,1000
1000,38,1,0.758529,0.575367,11,58,59,1,750,250
1000,687,3,2.81801,3.34186,61,59.6667,59.3333,1,150,850
1000,247,1,0.871387,0.759316,25,61,59,1,400,600
1000,1431,4,2.51682,1.73576,5,63.5,59.75,-2,50,950
1000,2055,1,0.499389,0.24939,24,63,59,1,0,1000
1000,2056,9,4.88125,3.12322,55.1111,2.44444,60.8889,-1,0,1000
1000,2057,1,1.31413,1.72694,8,4,60,1,0,1000
1000,978,1,0.803765,0.646038,37,6,60,-1,100,900
1000,344,2,0.591843,0.248932,28,8,60.5,-2,300,700
1000,293,2,1.02997,0.574645,23.5,9,60,0,350,650
1000,143,2,0.68647,0.259196,25,15.5,60.5,0,550,450
1000,416,1,0.74223,0.550905,34,19,60,-1,250,750
1000,2058,1,1.70277,2.89943,63,20,60,1,0,1000
1000,973,3,1.11753,0.432324,9.66667,22.6667,60,-1,100,900
1000,2059,1,0.69375,0.481289,19,23,60,1,0,1000
1000,2060,1,0.849319,0.721342,31,24,60,1,0,1000
1000,1448,1,0.600275,0.36033,55,25,60,-1,50,950
1000,1435,2,1.99924,2.65583,46.5,28,60,0,50,950
1000,295,3,1.48358,0.86957,36,29.3333,60.3333,-1,350,650
1000,1436,1,0.954117,0.910339,7,32,60,1,50,950
1000,2061,1,0.331533,0.109914,25,34,60,1,0,1000
1000,1443,1,0.78426,0.615064,10,37,60,1,50,950
1000,1438,1,0.627421,0.393658,1,40,60,-1,50,950
1000,1439,2,1.3175,0.917235,38,51,60.5,0,50,950
1000,2062,1,0.808364,0.653452,19,52,60,-1,0,1000
1000,1444,1,0.209622,0.0439412,28,52,60,-1,50,950
1000,2063,1,1.03096,1.06288,4,54,60,-1,0,1000
1000,983,1,0.435027,0.189249,20,59,60,-1,100,900
1000,1445,2,1.40752,0.990775,44.5,60,60.5,0,50,950
1000,510,2,1.3572,0.936618,12,61.5,60,0,200,800
1000,1453,1,0.511117,0.261241,10,63,60,-1,50,950
1000,2064,1,0.827076,0.684055,51,6,61,1,0,1000
1000,2065,1,1.48551,2.20675,35,8,61,-1,0,1000
1000,417,1,0.67837,0.460186,26,9,61,-1,250,750
1000,2066,1,0.78594,0.617702,32,11,61,1,0,1000
1000,2067,1,1.17288,1.37564,18,12,61,-1,0,1000
1000,1447,4,1.89071,1.1626,8.75,15,61.75,0,50,950
1000,2068,1,0.409014,0.167292,33,15,61,-1,0,1000
1000,2069,1,0.30712,0.0943228,35,16,61,1,0,1000
1000,685,1,0.556314,0.309485,39,17,61,-1,150,850
1000,2070,1,0.607981,0.369641,48,17,61,1,0,1000
1000,345,3,1.72938,1.40581,50,21.3333,61.6667,1,300,700
1000,2071,2,1.06335,0.723953,49,27.5,61,0,0,1000
1000,686,1,0.765406,0.585846,1,32,61,-1,150,850
1000,2072,1,1.39036,1.93311,14,34,61,1,0,1000
1000,2073,1,0.211876,0.0448915,8,37,61,-1,0,1000
1000,975,1,0.482403,0.232713,42,41,61,1,100,900
1000,348,2,1.10963,0.681592,24,44,61.5,0,300,700
1000,2074,1,0.992921,0.985893,62,46,61,1,0,1000
1000,1451,1,0.380799,0.145008,29,49,61,-1,50,950
1000,118,1,1.08626,1.17995,15,52,61,1,600,400
1000,976,1,0.308912,0.0954269,59,52,61,1,100,900
1000,512,2,1.46441,1.26638,14.5,54.5,61.5,0,200,800
1000,981,2,1.75412,1.54206,11.5,55,61,0,100,900
1000,2075,3,2.56432,2.20027,61,56.6667,61.3333,-1,0,1000
1000,2076,1,1.07359,1.15259,45,58,61,1,0,1000
1000,2077,1,0.820126,0.672606,47,58,61,1,0,1000
1000,2078,1,0.956122,0.91417,1,59,61,1,0,1000
1000,2079,1,0.643725,0.414382,47,61,61,-1,0,1000
1000,1446,2,0.820387,0.347741,29.5,3.5,62.5,-2,50,950
1000,977,2,1.11833,0.626986,24.5,6,62,0,100,900
1000,2080,1,0.805141,0.648252,39,6,62,1,0,1000
1000,2081,1,0.382619,0.146397,30,7,62,1,0,1000
1000,2082,3,2.23623,1.76345,37,8.66667,62.3333,-1,0,1000
1000,2083,1,1.02996,1.06083,27,16,62,-1,0,1000
1000,980,2,0.76865,0.295513,25.5,20,62,0,100,900
1000,2084,1,0.641861,0.411986,13,21,62,1,0,1000
1000,513,2,1.25728,0.800983,59.5,22,62,0,200,800
1000,1456,1,1.04102,1.08372,56,24,62,1,50,950
1000,516,5,3.35719,2.7055,6,25.8,62.6,-1,200,800
1000,346,1,0.5394,0.290952,23,26,62,-1,300,700
1000,2085,1,0.455415,0.207402,7,31,62,-1,0,1000
1000,2086,1,0.799037,0.63846,0,35,62,-1,0,1000
1000,2087,1,0.379674,0.144153,11,36,62,-1,0,1000
1000,1449,3,2.20425,1.95152,30.3333,38.6667,62.3333,-1,50,950
1000,1450,2,1.23467,0.800309,28,41,62.5,0,50,950
1000,2088,2,0.901068,0.422523,30.5,45.5,62,0,0,1000
1000,514,1,0.697952,0.487136,4,49,62,1,200,800
1000,2089,1,0.69629,0.484819,12,52,62,1,0,1000
1000,347,1,1.06932,1.14344,45,53,62,-1,300,700
1000,515,1,0.704377,0.496147,54,53,62,1,200,800
1000,1452,2,1.64282,1.40317,30.5,55,62,0,50,950
1000,982,1,0.489205,0.239322,19,58,62,-1,100,900
1000,519,2,1.04766,0.548801,35,58,62.5,0,200,800
1000,518,3,1.62266,1.2529,14.6667,59,62.3333,1,200,800
1000,1463,1,0.280723,0.0788053,4,60,62,-1,50,950
1000,992,2,1.64616,1.41403,19.5,60,62,0,100,900
1000,2090,1,0.674803,0.45536,30,60,62,-1,0,1000
1000,2091,2,1.34231,0.910868,8.5,61,62,0,0,1000
1000,2092,1,0.53619,0.287499,12,61,62,1,0,1000
1000,2093,1,0.539474,0.291032,36,0,63,-1,0,1000
1000,2094,1,1.69118,2.8601,57,2,63,-1,0,1000
1000,985,1,0.705925,0.49833,4,10,63,-1,100,900
1000,1454,2,1.73037,1.50451,26.5,11,63,0,50,950
1000,2095,1,0.649676,0.422079,5,13,63,-1,0,1000
1000,2096,1,0.559822,0.3134,48,15,63,1,0,1000
1000,1455,1,1.25322,1.57056,16,17,63,1,50,950
1000,2097,1,0.349938,0.122457,42,17,63,-1,0,1000
1000,2098,1,0.788382,0.621547,55,21,63,1,0,1000
1000,2099,1,0.805052,0.648109,44,23,63,1,0,1000
1000,90,1,0.360866,0.130225,51,24,63,-1,650,350
1000,2100,1,0.911208,0.8303,26,28,63,-1,0,1000
1000,986,1,0.629428,0.39618,35,29,63,-1,100,900
1000,1457,2,1.02394,0.529127,44,33.5,63,0,50,950
1000,987,1,1.01371,1.02761,27,37,63,-1,100,900
1000,1458,1,0.332223,0.110372,39,37,63,1,50,950
1000,988,1,0.316038,0.0998801,60,39,63,1,100,900
1000,1459,1,0.399036,0.159229,9,41,63,-1,50,950
1000,1460,1,0.48928,0.239395,22,42,63,1,50,950
1000,989,1,0.764123,0.583884,6,46,63,1,100,900
1000,1461,1,0.679737,0.462043,11,46,63,-1,50,950
1000,990,1,0.344761,0.11886,36,48,63,1,100,900
1000,2101,1,0.65244,0.425678,32,50,63,-1,0,1000
1000,1462,1,0.63541,0.403746,37,50,63,-1,50,950
1000,688,1,0.942323,0.887974,50,53,63,1,150,850
1000,349,1,0.645105,0.41616,35,54,63,1,300,700
1000,2102,2,1.58516,1.29091,5.5,57,63,0,0,1000
1000,2103,1,0.505157,0.255183,56,57,63,1,0,1000
1000,40,1,0.80754,0.652122,24,58,63,-1,750,250
1000,689,1,0.700891,0.491248,26,58,63,-1,150,850
1000,1464,1,0.256248,0.0656628,17,61,63,1,50,950
1000,2104,1,0.769981,0.592871,58,61,63,1,0,1000
1050,419,5,3.64257,2.76108,2.4,2.2,0.6,-1,250,800
1050,296,2,1.42316,1.01376,59.5,1,0,0,350,700
1050,1001,2,1.3292,0.934098,5,4,0.5,0,100,950
1050,2105,9,5.82813,4.72865,37.6667,7.66667,-1.22222,-1,0,1050
1050,1480,4,3.49255,3.13188,19.5,8.5,0,-2,50,1000
1050,690,1,0.95208,0.906457,17,10,0,-1,150,900
1050,993,2,1.88491,1.78162,30.5,10,0.5,0,100,950
1050,994,3,1.64853,0.983477,14.6667,12,0.333333,-1,100,950
1050,2106,1,0.736921,0.543053,49,12,0,1,0,1050
1050,92,2,1.60842,1.31441,18,13.5,0.5,-2,650,400
1050,2107,1,0.64357,0.414182,26,16,0,1,0,1050
1050,524,1,0.401968,0.161579,46,16,0,1,200,850
1050,1465,1,0.461558,0.213036,1,17,0,1,50,1000
1050,2108,2,1.17986,0.696032,16,17,-0.5,0,0,1050
1050,701,1,0.844061,0.712439,19,17,0,1,150,900
1050,691,2,2.6141,3.79804,7,18,0.5,0,150,900
1050,1466,1,0.445703,0.198651,31,19,0,1,50,1000
1050,1467,1,0.63723,0.406062,44,19,0,1,50,1000
1050,424,1,0.616716,0.380339,36,21,0,1,250,800
1050,2109,1,0.805689,0.649135,12,22,0,-1,0,1050
1050,1468,7,4.55173,3.31768,63,22.5714,0.142857,3,50,1000
1050,1485,4,3.92904,4.85977,38,23.75,1.25,0,50,1000
1050,2110,1,1.56198,2.43978,60,25,0,1,0,1050
1050,520,6,5.50978,5.72282,45.3333,27.6667,-0.666667,2,200,850
1050,695,2,1.932,2.11865,27,30,0.5,0,150,900
1050,1476,1,0.41956,0.176031,47,32,0,1,50,1000
1050,1487,1,0.663542,0.440289,31,34,0,-1,50,1000
1050,1025,9,6.91204,5.86506,1.66667,35.1111,1.77778,1,100,950
1050,2111,1,0.478137,0.228615,15,36,0,-1,0,1050
1050,1470,7,5.52865,5.23653,30.2857,37.8571,-1.42857,1,50,1000
1050,995,1,0.946756,0.896347,59,36,0,1,100,950
1050,713,3,1.4857,0.744611,57,36.3333,1,-1,150,900
1050,171,21,14.8536,12.1059,10.1905,37.7143,-1.19048,3,500,550
1050,1469,2,1.30487,0.873243,49.5,38,0,0,50,1000
1050,996,2,0.728981,0.267078,6,40,0.5,0,100,950
1050,532,11,7.9477,6.67048,15.1818,40.4545,2.63636,1,200,850
1050,521,2,1.62751,1.43781,62.5,40,0,0,200,850
1050,1471,1,1.2082,1.45976,30,41,0,-1,50,1000
1050,997,8,4.93328,3.3468,21.75,42.625,-0.625,0,100,950
1050,2112,1,0.821337,0.674594,31,43,0,-1,0,1050
1050,172,1,0.350451,0.122816,42,43,0,-1,500,550
1050,998,4,2.29471,1.56667,6.25,46.75,-0.25,-2,100,950
1050,205,1,0.988927,0.977976,41,46,0,-1,450,600
1050,693,2,1.27928,0.820539,44.5,48,0,0,150,900
1050,696,1,1.25954,1.58644,4,49,0,1,150,900
1050,1490,2,1.86377,1.80967,22,52.5,-0.5,2,50,1000
1050,1506,1,0.557592,0.310909,55,52,0,-1,50,1000
1050,1472,2,1.16309,0.676389,47,54,0.5,0,50,1000
1050,2113,4,3.61042,3.40722,55.5,56,-1,0,0,1050
1050,1012,3,2.41141,1.9974,5.33333,57.3333,-0.666667,-1,100,950
1050,209,2,0.998221,0.508876,31.5,58,0,0,450,600
1050,1473,1,0.93762,0.879131,52,58,0,1,50,1000
1050,710,3,2.88255,2.84526,62.3333,57.3333,0.666667,-1,150,900
1050,1492,1,1.04248,1.08676,4,60,0,-1,50,1000
1050,999,5,3.59189,2.78558,8.6,60.6,-1.2,-1,100,950
1050,2114,6,3.88785,3.14274,11.6667,61,-2.33333,-2,0,1050
1050,1478,2,1.41134,1.23611,22,60,0.5,0,50,1000
1050,67,2,1.17296,0.691229,26,60.5,0,0,700,350
1050,1474,3,3.00424,3.30991,32.6667,60,-1,-1,50,1000
1050,2115,2,1.13544,0.670088,35,60,-0.5,0,0,1050
1050,1520,3,3.96896,5.62239,61.6667,60.6667,1,-1,50,1000
1050,299,4,3.0055,2.5604,47.75,62.5,-0.5,-2,350,700
1050,523,1,0.950698,0.903826,0,63,0,1,200,850
1050,1000,6,3.55684,2.57961,50.5,62.1667,1.66667,2,100,950
1050,2116,1,1.78521,3.18697,62,63,0,1,0,1050
1050,144,1,0.536263,0.287578,13,0,1,1,550,500
1050,41,2,2.46567,3.03982,29,0,1.5,0,750,300
1050,1475,1,0.8045,0.647221,44,0,1,-1,50,1000
1050,1495,2,1.54714,1.21932,10.5,0.5,1.5,2,50,1000
1050,2,3,2.03587,1.84539,55.3333,1,1.66667,1,800,250
1050,2117,1,0.807686,0.652356,54,4,1,1,0,1050
1050,1496,1,0.985101,0.970424,21,5,1,1,50,1000
1050,694,2,0.806826,0.330567,34.5,5.5,1.5,-2,150,900
1050,1481,4,3.40871,3.61814,51.25,9.25,2.5,-2,50,1000
1050,0,1,0.460717,0.21226,43,14,1,1,800,250
1050,206,3,2.40002,2.0055,53.3333,14.6667,1.33333,-1,450,600
1050,1007,1,0.306122,0.0937108,36,15,1,1,100,950
1050,350,1,0.436406,0.190451,35,17,1,1,300,750
1050,1515,5,3.77227,3.0976,34.8,19.6,1.8,1,50,1000
1050,525,4,4.70609,5.9442,28.25,26.5,2,0,200,850
1050,1008,2,1.29801,0.846966,2.5,26.5,1.5,0,100,950
1050,2118,2,0.924099,0.427037,2,29,1.5,0,0,1050
1050,1486,1,0.211801,0.0448598,59,30,1,1,50,1000
1050,1019,1,0.317101,0.100553,13,31,1,1,100,950
1050,2119,1,0.626536,0.392548,49,33,1,1,0,1050
1050,2120,1,1.12655,1.26912,10,34,1,1,0,1050
1050,1003,1,1.33167,1.77333,44,34,1,1,100,950
1050,2121,1,0.641176,0.411106,41,37,1,-1,0,1050
1050,1502,5,3.97357,3.62355,4.4,37.6,2.4,-3,50,1000
1050,1010,2,2.19657,2.70537,8,39,1.5,0,100,950
1050,213,1,0.804079,0.646543,13,41,1,1,450,600
1050,1489,3,3.02429,3.0943,24.3333,41,1.66667,3,50,1000
1050,1477,2,1.15153,0.725738,61.5,42,1,0,50,1000
1050,2122,1,0.739883,0.547428,44,45,1,-1,0,1050
1050,2123,2,2.84197,4.19038,37.5,46,1,0,0,1050
1050,1031,1,0.385461,0.14858,57,46,1,-1,100,950
1050,422,4,3.58915,3.37575,40.5,50,2,0,250,800
1050,709,1,1.74665,3.0508,48,50,1,-1,150,900
1050,2124,3,2.0326,1.39413,1.66667,50.6667,1.33333,-1,0,1050
1050,2125,1,0.925434,0.856428,4,51,1,1,0,1050
1050,208,6,2.96421,1.67455,10.3333,50,2.16667,0,450,600
1050,1004,1,0.50775,0.25781,13,52,1,1,100,950
1050,298,1,0.227931,0.0519523,19,52,1,1,350,700
1050,1519,1,0.691981,0.478838,49,53,1,1,50,1000
1050,418,8,6.14248,5.05611,13.375,58.75,1.625,-2,250,800
1050,2126,2,1.29671,0.864018,23,58,1.5,0,0,1050
1050,1509,1,0.721914,0.52116,40,59,1,1,50,1000
1050,2127,1,0.993417,0.986877,58,62,1,1,0,1050
1050,2128,6,4.64349,3.95058,0,-1,2.5,-2,0,1050
1050,420,1,0.525688,0.276348,15,3,2,1,250,800
1050,1005,1,0.457182,0.209015,29,4,2,-1,100,950
1050,2129,1,0.73983,0.547348,30,6,2,-1,0,1050
1050,1479,1,0.310815,0.096606,40,6,2,1,50,1000
1050,1497,1,0.685892,0.470447,21,8,2,-1,50,1000
1050,700,4,2.60465,1.76163,14,9,2.75,0,150,900
1050,1006,1,0.963619,0.928562,27,9,2,1,100,950
1050,1482,2,1.43099,1.07317,53.5,11,2,0,50,1000
1050,2130,1,0.700715,0.491001,1,12,2,-1,0,1050
1050,1483,1,0.567404,0.321947,28,13,2,1,50,1000
1050,2131,1,0.634771,0.402935,17,16,2,1,0,1050
1050,1484,1,0.612667,0.375361,37,17,2,1,50,1000
1050,702,10,7.54619,7.85841,4.8,18.4,3.8,2,150,900
1050,2132,1,1.54185,2.37729,17,18,2,1,0,1050
1050,697,2,1.5565,1.28296,41,22.5,2,0,150,900
1050,698,3,2.2399,2.0067,5,24.3333,2.33333,-1,150,900
1050,703,4,2.93095,2.26433,30.25,24,2.75,0,150,900
1050,3,8,5.89518,4.97553,47.875,25.75,3,2,800,250
1050,5,1,0.514603,0.264817,41,26,2,-1,800,250
1050,699,1,0.899797,0.809635,14,27,2,1,150,900
1050,2133,1,0.477359,0.227872,22,29,2,1,0,1050
1050,1488,1,0.84714,0.717646,57,29,2,-1,50,1000
1050,2134,1,0.611123,0.373471,37,30,2,-1,0,1050
1050,1009,1,0.621395,0.386131,46,30,2,-1,100,950
1050,2135,1,1.57271,2.4734,33,32,2,-1,0,1050
1050,2136,1,0.536966,0.288333,55,32,2,-1,0,1050
1050,1503,3,2.04293,1.52006,19.3333,37,2.66667,1,50,1000
1050,1027,1,0.615853,0.379275,59,36,2,1,100,950
1050,522,2,1.77361,1.6689,37,38.5,2,0,200,850
1050,351,5,5.14266,5.39078,44.8,38.2,2.8,1,300,750
1050,2137,1,0.880687,0.775609,4,40,2,1,0,1050
1050,2138,1,1.04221,1.08619,50,41,2,-1,0,1050
1050,426,1,0.969766,0.940446,48,43,2,1,250,800
1050,1517,2,1.29148,0.88612,20.5,44.5,2.5,2,50,1000
1050,2139,1,0.444789,0.197838,17,46,2,1,0,1050
1050,2140,1,0.5727,0.327985,32,47,2,1,0,1050
1050,356,5,3.23707,2.42132,49.8,46.4,3,1,300,750
1050,1518,2,1.6567,1.69446,21,50.5,2,0,50,1000
1050,1491,2,1.56712,1.22818,31,52.5,2,0,50,1000
1050,1011,1,0.460584,0.212137,12,54,2,1,100,950
1050,2141,1,0.479645,0.230059,16,55,2,1,0,1050
1050,2142,2,1.82349,1.79178,23,56,2.5,-2,0,1050
1050,2143,1,0.43417,0.188503,46,56,2,-1,0,1050
1050,1014,1,0.7284,0.530567,0,59,2,1,100,950
1050,119,1,0.60729,0.368801,7,59,2,1,600,450
1050,2144,4,3.14785,2.55975,31,57.75,2.75,0,0,1050
1050,2145,1,0.817105,0.667661,38,59,2,-1,0,1050
1050,1493,1,0.47702,0.227548,50,60,2,-1,50,1000
1050,1013,4,3.15503,2.58911,18.5,62,2.25,-2,100,950
1050,2146,3,3.65673,5.29639,59.3333,60.6667,2.66667,1,0,1050
1050,714,1,0.785761,0.61742,47,62,2,-1,150,900
1050,2147,2,1.14764,0.829936,12,0,3.5,0,0,1050
1050,2148,1,0.809648,0.65553,37,1,3,-1,0,1050
1050,69,1,1.13505,1.28834,44,3,3,1,700,350
1050,210,4,3.51813,3.21734,52,2.25,4,-2,450,600
1050,1510,1,0.523025,0.273556,9,4,3,1,50,1000
1050,1528,2,1.18938,0.846148,23.5,4,3.5,0,50,1000
1050,423,2,1.6609,1.5557,50,4.5,3.5,0,250,800
1050,2149,1,0.525619,0.276276,9,6,3,1,0,1050
1050,121,5,2.81365,1.68131,59.4,7.6,3.8,1,600,450
1050,1041,4,1.68805,0.810455,8.5,8.25,4,-2,100,950
1050,300,1,0.804947,0.64794,41,9,3,1,350,700
1050,2150,1,0.570488,0.325457,16,10,3,-1,0,1050
1050,2151,2,1.94453,1.89106,18.5,10,3,0,0,1050
1050,2152,3,1.87304,1.19877,45,13,3.33333,1,0,1050
1050,1023,3,1.8917,1.32404,10.6667,13,3.33333,1,100,950
1050,1498,1,0.75037,0.563054,30,13,3,-1,50,1000
1050,2153,1,0.205729,0.0423245,19,16,3,1,0,1050
1050,2154,1,0.457574,0.209374,24,18,3,-1,0,1050
1050,1499,1,0.513308,0.263485,47,18,3,-1,50,1000
1050,721,2,1.77757,1.58932,13.5,20,3,0,150,900
1050,2155,1,0.330451,0.109198,26,20,3,1,0,1050
1050,425,2,1.6663,1.38829,56.5,20,3,0,250,800
1050,1500,6,3.35817,2.5488,33.5,21.1667,4,0,50,1000
1050,1024,1,1.26798,1.60778,58,22,3,-1,100,950
1050,2156,1,0.298026,0.0888193,6,27,3,-1,0,1050
1050,1018,2,1.46111,1.19557,10,29.5,3.5,0,100,950
1050,2157,1,0.763724,0.583275,29,29,3,1,0,1050
1050,2158,3,2.07221,1.66041,32.6667,29,4,1,0,1050
1050,2159,1,0.819688,0.671888,54,29,3,-1,0,1050
1050,2160,1,0.93744,0.878794,12,31,3,-1,0,1050
1050,2161,1,0.424157,0.179909,58,31,3,1,0,1050
1050,1020,3,2.42945,2.06453,0,32.3333,3.33333,1,100,950
1050,704,6,4.72498,4.19246,19.5,33.1667,4.66667,-2,150,900
1050,1501,1,1.33629,1.78566,21,33,3,1,50,1000
1050,2162,1,1.07532,1.15632,50,35,3,-1,0,1050
1050,1028,2,1.63805,1.48934,61.5,35,3.5,0,100,950
1050,1530,1,0.600872,0.361047,6,40,3,-1,50,1000
1050,1504,8,5.29741,4.30103,18.625,40.75,3.375,0,50,1000
1050,2163,1,0.835228,0.697606,40,40,3,-1,0,1050
1050,2164,1,0.796194,0.633924,62,40,3,-1,0,1050
1050,705,3,2.68425,2.59483,62,45.6667,4,-1,150,900
1050,1505,1,1.22538,1.50155,56,49,3,-1,50,1000
1050,1038,1,0.599767,0.359721,58,49,3,-1,100,950
1050,1032,4,2.57494,1.782,8.75,52.25,4,-2,100,950
1050,2165,2,1.2155,0.740759,18,51,3.5,0,0,1050
1050,1523,1,0.612453,0.375099,55,53,3,-1,50,1000
1050,1033,1,0.341667,0.116737,7,56,3,-1,100,950
1050,1022,1,0.911571,0.830962,12,56,3,1,100,950
1050,1507,3,2.51138,2.10338,53.3333,56,3.66667,1,50,1000
1050,2166,2,1.82093,1.65831,41.5,61,3,0,0,1050
1050,707,1,0.685977,0.470564,37,63,3,-1,150,900
1050,2167,1,0.718769,0.516628,50,0,4,1,0,1050
1050,250,6,3.65347,2.4587,29,1.66667,5,0,400,650
1050,2168,1,0.7543,0.568969,7,4,4,-1,0,1050
1050,2169,2,1.34848,0.920346,6,6.5,4,0,0,1050
1050,535,1,0.523007,0.273537,2,7,4,-1,200,850
1050,2170,4,2.81104,2.29864,48.5,7.5,4.75,0,0,1050
1050,215,2,0.969101,0.474237,23.5,8,4.5,0,450,600
1050,1545,2,1.66564,1.41704,44,8,4.5,0,50,1000
1050,1026,2,1.96229,2.40828,30,9,4.5,0,100,950
1050,536,1,0.53966,0.291233,24,10,4,1,200,850
1050,2171,1,0.685919,0.470485,26,13,4,-1,0,1050
1050,1034,5,3.45544,2.51292,36.2,13.4,5,-1,100,950
1050,2172,1,0.791465,0.626416,51,13,4,-1,0,1050
1050,1511,1,0.951193,0.904768,62,15,4,-1,50,1000
1050,1512,1,0.227097,0.0515729,57,17,4,-1,50,1000
1050,1513,3,1.68699,1.12445,37,18,4,1,50,1000
1050,1514,1,0.410361,0.168396,30,20,4,1,50,1000
1050,214,1,0.780945,0.609876,36,20,4,-1,450,600
1050,430,1,0.541302,0.293008,42,20,4,-1,250,800
1050,2173,1,0.759937,0.577504,56,22,4,-1,0,1050
1050,427,5,3.58626,2.91449,15.8,22.6,4.6,1,250,800
1050,716,1,1.01816,1.03665,36,23,4,1,150,900
1050,533,1,0.882031,0.777978,53,24,4,-1,200,850
1050,147,3,2.30932,2.48105,13.6667,25,4.66667,1,550,500
1050,2174,1,0.711529,0.506273,42,26,4,-1,0,1050
1050,530,1,0.820314,0.672915,51,28,4,-1,200,850
1050,2175,1,0.428569,0.183671,38,29,4,-1,0,1050
1050,2176,1,0.869907,0.756738,0,30,4,-1,0,1050
1050,1044,1,0.715556,0.512021,27,32,4,1,100,950
1050,534,1,0.684221,0.468159,31,32,4,1,200,850
1050,1522,4,2.35937,1.43387,42.5,33,5,0,50,1000
1050,717,2,1.7706,1.57083,50,33,4.5,0,150,900
1050,2177,1,0.662214,0.438527,56,33,4,-1,0,1050
1050,2178,1,1.19721,1.43332,23,34,4,-1,0,1050
1050,217,26,18.88,17.0854,32.5769,36.4231,6.26923,2,450,600
1050,738,2,2.39487,2.8883,39,36.5,4,0,150,900
1050,43,1,0.534348,0.285528,41,36,4,1,750,300
1050,1516,1,0.581081,0.337656,2,38,4,1,50,1000
1050,1059,2,0.929873,0.433829,37,38.5,4.5,0,100,950
1050,1035,1,1.29146,1.66787,56,39,4,1,100,950
1050,708,1,0.690212,0.476392,32,41,4,1,150,900
1050,428,7,4.25922,2.98847,46.7143,42.7143,4.71429,3,250,800
1050,527,2,1.69194,1.44909,6.5,44,4.5,0,200,850
1050,2179,1,0.921406,0.848989,18,45,4,1,0,1050
1050,1029,1,0.5042,0.254218,3,47,4,-1,100,950
1050,1021,1,1.79675,3.22832,39,47,4,1,100,950
1050,1045,1,0.594622,0.353576,41,48,4,-1,100,950
1050,2180,1,1.11187,1.23625,46,48,4,1,0,1050
1050,2181,1,0.708923,0.502571,33,52,4,1,0,1050
1050,706,1,0.478068,0.228549,11,53,4,1,150,900
1050,2182,1,0.613591,0.376494,49,53,4,-1,0,1050
1050,2183,2,1.27107,0.916565,4,54,4.5,0,0,1050
1050,352,1,0.460035,0.211632,41,56,4,-1,300,750
1050,1039,1,1.24858,1.55896,36,57,4,1,100,950
1050,2184,2,1.87542,2.01421,21,58,4.5,0,0,1050
1050,1526,1,0.344695,0.118815,6,61,4,1,50,1000
1050,207,1,0.393178,0.154589,29,61,4,1,450,600
1050,2185,1,0.862696,0.744245,62,61,4,-1,0,1050
1050,2186,1,0.415276,0.172454,44,63,4,-1,0,1050
1050,711,1,0.789471,0.623264,18,0,5,1,150,900
1050,2187,1,0.941901,0.887177,23,0,5,1,0,1050
1050,1544,5,4.26453,3.70547,45.8,4.2,6.6,-1,50,1000
1050,2188,1,0.855024,0.731067,40,5,5,1,0,1050
1050,303,1,0.446768,0.199602,56,6,5,-1,350,700
1050,1042,1,0.170405,0.0290378,39,10,5,-1,100,950
1050,1536,1,0.724125,0.524356,41,13,5,1,50,1000
1050,1537,1,0.52424,0.274827,14,16,5,1,50,1000
1050,2189,1,0.537122,0.2885,42,16,5,1,0,1050
1050,1521,10,6.5905,5.10944,9.5,19.1,5.8,2,50,1000
1050,357,1,0.632476,0.400026,34,18,5,-1,300,750
1050,304,1,1.09821,1.20606,26,22,5,1,350,700
1050,211,7,6.02868,6.35275,23.2857,24,5.85714,-1,450,600
1050,712,1,0.789346,0.623067,46,25,5,-1,150,900
1050,437,1,1.07739,1.16077,11,27,5,-1,250,800
1050,2190,2,1.68013,1.41446,59,34,5.5,0,0,1050
1050,2191,1,0.990733,0.981552,55,35,5,1,0,1050
1050,2192,1,0.688928,0.474622,62,38,5,1,0,1050
1050,2193,2,0.466647,0.108881,41.5,40,5,0,0,1050
1050,173,2,1.25,0.851482,58,40,5.5,0,500,550
1050,1532,8,6.32804,5.32056,10.75,44.5,5.5,2,50,1000
1050,2194,1,0.558409,0.311821,0,46,5,-1,0,1050
1050,2195,1,0.918113,0.842931,8,46,5,-1,0,1050
1050,2196,1,0.526501,0.277204,56,47,5,1,0,1050
1050,2197,1,0.454087,0.206195,50,48,5,1,0,1050
1050,1030,7,4.42561,3.02846,13.4286,49.4286,5.57143,-1,100,950
1050,2198,1,0.811297,0.658203,2,52,5,1,0,1050
1050,2199,1,0.920294,0.846941,55,52,5,1,0,1050
1050,1524,1,0.962806,0.926996,43,54,5,-1,50,1000
1050,1525,4,4.32233,4.73976,62.75,53.5,5.75,0,50,1000
1050,433,2,1.20843,0.736568,43,58.5,5.5,0,250,800
1050,2200,1,0.597687,0.357229,3,60,5,-1,0,1050
1050,1527,1,0.278321,0.0774624,48,63,5,-1,50,1000
1050,528,2,1.38944,0.982069,59,3,6.5,0,200,850
1050,1046,6,4.01881,3.14895,29.8333,5,7.5,0,100,950
1050,1546,1,0.681347,0.464234,23,6,6,1,50,1000
1050,1543,1,0.751997,0.565499,2,7,6,-1,50,1000
1050,2201,1,0.234396,0.0549415,13,9,6,1,0,1050
1050,2202,2,1.60394,1.42471,10,10,6.5,0,0,1050
1050,2203,6,3.79239,2.51433,26.8333,10.3333,7.16667,-2,0,1050
1050,1040,7,6.08659,6.07789,61,10.2857,6.85714,-1,100,950
1050,1529,2,2.05566,2.22727,37.5,15.5,6,2,50,1000
1050,1547,1,1.13432,1.28668,21,16,6,-1,50,1000
1050,429,4,3.08479,2.56322,52.25,17.25,6.5,-2,250,800
1050,2204,2,1.48167,1.10775,36.5,19,6,0,0,1050
1050,1051,3,2.38235,1.96723,41.3333,20.3333,6.66667,1,100,950
1050,2205,1,1.65217,2.72966,60,21,6,-1,0,1050
1050,2206,1,0.945752,0.894447,41,23,6,1,0,1050
1050,1538,1,0.52479,0.275405,46,23,6,1,50,1000
1050,2207,2,1.14703,0.690993,53,23,6.5,0,0,1050
1050,1548,2,1.22193,0.971861,11,24.5,6.5,0,50,1000
1050,548,4,3.13143,3.068,35.75,25.75,7,0,200,850
1050,2208,2,1.23265,0.905155,50.5,25,6,0,0,1050
1050,2209,1,0.57127,0.326349,46,29,6,1,0,1050
1050,1043,1,0.611591,0.374044,19,31,6,1,100,950
1050,212,1,1.06611,1.1366,7,32,6,1,450,600
1050,177,7,4.75346,3.69075,30.2857,31.7143,7.57143,-3,500,550
1050,1539,1,0.979857,0.96012,26,33,6,1,50,1000
1050,2210,1,0.908836,0.825982,53,33,6,1,0,1050
1050,718,6,4.27735,3.12116,5.66667,35,6.16667,2,150,900
1050,2211,3,2.01137,1.37045,12,36,6.66667,-1,0,1050
1050,725,3,3.61745,4.7311,27.6667,36,6.66667,-1,150,900
1050,2212,5,3.75351,3.16575,41,36.4,6.6,1,0,1050
1050,1053,7,6.04133,6.03984,7.14286,38.4286,6.42857,-1,100,950
1050,2213,1,0.909689,0.827535,59,38,6,1,0,1050
1050,93,1,0.699317,0.489045,11,39,6,1,650,400
1050,2214,2,1.43823,1.20848,5.5,40.5,6,0,0,1050
1050,2215,1,0.862345,0.743638,11,41,6,1,0,1050
1050,1036,1,0.870523,0.75781,31,41,6,1,100,950
1050,42,1,0.952771,0.907772,52,41,6,1,750,300
1050,1531,2,1.26924,0.908525,15,42.5,6.5,0,50,1000
1050,733,2,1.44744,1.15116,59.5,42.5,6.5,0,150,900
1050,2216,1,0.770988,0.594423,2,45,6,1,0,1050
1050,553,1,0.323158,0.104431,52,46,6,1,200,850
1050,1549,1,0.646545,0.41802,59,47,6,1,50,1000
1050,2217,1,1.29105,1.66682,47,48,6,1,0,1050
1050,1533,1,0.61997,0.384362,61,48,6,1,50,1000
1050,1534,1,0.560615,0.314289,60,51,6,1,50,1000
1050,2218,1,0.919935,0.846281,45,53,6,1,0,1050
1050,538,2,1.84786,1.77974,38.5,54,6,0,200,850
1050,120,1,0.868615,0.754491,22,56,6,-1,600,450
1050,2219,1,0.664126,0.441063,30,56,6,1,0,1050
1050,149,4,3.16432,2.54865,46.5,58.25,7.25,0,550,500
1050,2220,1,0.19023,0.0361874,34,58,6,1,0,1050
1050,218,1,0.460737,0.212279,10,59,6,1,450,600
1050,435,1,0.741316,0.549549,28,60,6,1,250,800
1050,2221,1,1.0845,1.17615,0,62,6,-1,0,1050
1050,1551,1,1.20114,1.44274,25,62,6,1,50,1000
1050,1535,4,2.0322,1.13519,31.5,-1.25,8,0,50,1000
1050,353,1,0.539681,0.291256,40,0,7,-1,300,750
1050,2222,1,1.13064,1.27834,0,1,7,1,0,1050
1050,2223,1,0.49502,0.245045,33,1,7,-1,0,1050
1050,2224,1,0.800151,0.640241,44,2,7,1,0,1050
1050,720,2,1.30969,0.979013,33,5.5,7,0,150,900
1050,148,1,0.686978,0.471939,2,9,7,1,550,500
1050,1047,2,2.11815,2.25427,45.5,11.5,7.5,0,100,950
1050,2225,1,1.56931,2.46272,51,11,7,-1,0,1050
1050,4,2,1.41718,1.00432,4,12,7.5,0,800,250
1050,1553,1,0.972019,0.94482,38,13,7,1,50,1000
1050,2226,1,0.656541,0.431047,8,15,7,-1,0,1050
1050,2227,1,1.21857,1.48491,10,16,7,-1,0,1050
1050,2228,1,1.59936,2.55794,60,16,7,-1,0,1050
1050,2229,3,2.53092,2.33447,14.6667,18,7.33333,-1,0,1050
1050,361,1,1.06232,1.12853,20,18,7,1,300,750
1050,730,1,0.466906,0.218001,32,18,7,1,150,900
1050,723,6,3.61879,2.40144,2.33333,23.8333,8,2,150,900
1050,1048,5,3.5937,3.00604,14.2,26,7.6,1,100,950
1050,1052,4,3.76813,3.93885,19,25.5,8.25,0,100,950
1050,540,2,1.24487,0.783923,21.5,26,7,0,200,850
1050,436,3,1.6266,0.965724,25.6667,25.6667,7.33333,-1,250,800
1050,2230,1,0.672748,0.45259,46,26,7,1,0,1050
1050,724,3,2.35818,2.00697,39,27.6667,7.66667,-1,150,900
1050,2231,1,0.718409,0.516111,5,28,7,-1,0,1050
1050,359,1,0.66968,0.448471,33,28,7,-1,300,750
1050,736,2,1.56566,1.22739,24.5,29,7.5,0,150,900
1050,302,2,1.53135,1.1742,54.5,29,7,0,350,700
1050,150,1,0.190239,0.036191,15,30,7,-1,550,500
1050,355,3,2.02559,1.49869,35,30.6667,7,-1,300,750
1050,732,1,0.46507,0.21629,59,31,7,1,150,900
1050,2232,1,0.826711,0.683452,3,33,7,1,0,1050
1050,10,1,0.826724,0.683472,19,33,7,-1,800,250
1050,305,2,1.09242,0.597894,37,34,7.5,0,350,700
1050,2233,1,1.01217,1.0245,14,36,7,-1,0,1050
1050,1555,8,6.65834,6.31577,62.875,41.625,8.625,-4,50,1000
1050,7,2,2.02503,2.05294,4,43.5,7,-2,800,250
1050,431,1,0.562817,0.316763,22,43,7,1,250,800
1050,1540,1,0.711533,0.506279,30,43,7,1,50,1000
1050,1541,1,0.929255,0.863514,54,43,7,-1,50,1000
1050,2234,2,1.32522,0.885772,23.5,45.5,7,0,0,1050
1050,1049,1,0.551941,0.304639,36,45,7,1,100,950
1050,2235,3,2.59039,2.32022,42.3333,46,7,1,0,1050
1050,432,1,1.12759,1.27147,23,49,7,1,250,800
1050,2236,1,1.32156,1.74651,39,49,7,-1,0,1050
1050,2237,2,1.06405,0.716529,25,51.5,7,0,0,1050
1050,2238,1,1.1573,1.33935,32,53,7,1,0,1050
1050,550,2,1.56973,1.23454,24.5,55.5,7.5,0,200,850
1050,542,4,2.17248,1.40984,14.75,56.5,8.25,2,200,850
1050,2239,1,1.55196,2.40858,1,58,7,1,0,1050
1050,539,2,1.04453,0.553054,55.5,59,7.5,0,200,850
1050,1550,1,0.552311,0.305047,41,60,7,-1,50,1000
1050,1542,2,1.50353,1.1455,38.5,62,7,0,50,1000
1050,44,4,4.04667,4.18171,8.25,63,7.5,-2,750,300
1050,301,2,1.69654,1.44169,56.5,0,8,0,350,700
1050,11,1,0.769822,0.592626,10,1,8,-1,800,250
1050,2240,1,0.337654,0.11401,1,4,8,-1,0,1050
1050,543,7,5.23123,4.22698,57.8571,6.14286,8.42857,-1,200,850
1050,726,1,1.04318,1.08822,63,6,8,1,150,900
1050,1558,2,2.09267,2.39548,44,7,8.5,0,50,1000
1050,2241,1,0.639564,0.409042,60,7,8,1,0,1050
1050,2242,1,0.68835,0.473826,22,8,8,1,0,1050
1050,2243,2,0.8394,0.357174,7.5,9,8.5,0,0,1050
1050,2244,1,0.415297,0.172472,57,11,8,-1,0,1050
1050,537,2,1.42721,1.18214,21.5,12.5,8.5,0,200,850
1050,1067,1,0.469353,0.220292,34,12,8,1,100,950
1050,715,1,0.684217,0.468153,59,12,8,-1,150,900
1050,2245,2,1.37545,0.94635,48,12.5,8.5,0,0,1050
1050,1050,1,0.564254,0.318382,1,14,8,1,100,950
1050,729,2,0.918606,0.484497,28,14,8.5,0,150,900
1050,1056,6,4.50084,3.46005,6.5,15.6667,9.5,-2,100,950
1050,1055,1,0.628692,0.395254,14,16,8,-1,100,950
1050,2246,1,0.328718,0.108055,21,16,8,-1,0,1050
1050,216,1,0.407914,0.166394,24,22,8,1,450,600
1050,549,1,0.948271,0.899218,13,28,8,-1,200,850
1050,737,1,0.542118,0.293892,50,30,8,-1,150,900
1050,1070,2,1.95758,1.91634,56,33,8.5,0,100,950
1050,2247,6,3.90925,2.88786,57.5,31.1667,9.16667,0,0,1050
1050,251,1,0.473464,0.224168,48,37,8,1,400,650
1050,181,4,3.38925,2.93973,38.5,38.75,8.25,0,500,550
1050,751,2,1.45846,1.15306,52,45,8.5,0,150,900
1050,1556,1,0.599141,0.35897,58,45,8,-1,50,1000
1050,2248,1,0.642172,0.412385,55,46,8,-1,0,1050
1050,2249,2,1.78748,1.64541,39.5,47,8,0,0,1050
1050,2250,1,0.17415,0.0303282,59,47,8,1,0,1050
1050,252,1,0.645907,0.417196,48,48,8,1,400,650
1050,362,1,0.288044,0.0829696,35,52,8,-1,300,750
1050,541,1,0.837589,0.701555,7,54,8,-1,200,850
1050,1565,1,0.299563,0.0897378,57,55,8,1,50,1000
1050,727,1,0.657057,0.431723,40,56,8,-1,150,900
1050,2251,2,1.30632,0.88238,40.5,58,8,0,0,1050
1050,2252,2,1.19775,0.779362,52.5,61,8,0,0,1050
1050,2253,1,0.420316,0.176666,24,62,8,-1,0,1050
1050,2254,1,0.534835,0.286049,62,63,8,-1,0,1050
1050,1073,1,0.696677,0.485359,8,1,9,1,100,950
1050,735,2,1.53609,1.23388,38.5,1.5,9.5,2,150,900
1050,2255,1,0.703361,0.494717,1,2,9,-1,0,1050
1050,1065,1,0.66829,0.446611,13,3,9,-1,100,950
1050,1559,4,2.53342,1.72818,47.25,6,9.75,0,50,1000
1050,2256,2,1.60772,1.2926,0,9,9.5,0,0,1050
1050,1568,1,0.271179,0.073538,25,9,9,-1,50,1000
1050,2257,1,0.941825,0.887033,48,9,9,1,0,1050
1050,1571,1,0.675122,0.455789,4,14,9,-1,50,1000
1050,1573,2,1.6118,1.30157,35.5,15,9,0,50,1000
1050,2258,1,0.742314,0.551031,38,15,9,-1,0,1050
1050,9,1,0.520272,0.270683,44,16,9,1,800,250
1050,2259,1,0.37922,0.143808,10,17,9,-1,0,1050
1050,1554,3,1.91336,1.28937,32,18.3333,9.33333,1,50,1000
1050,94,2,1.0672,0.876211,58.5,19,9,0,650,400
1050,439,1,1.03977,1.08112,22,20,9,-1,250,800
1050,1584,1,0.530227,0.281141,33,21,9,1,50,1000
1050,2260,1,0.658818,0.434041,43,21,9,1,0,1050
1050,2261,2,2.20493,2.44211,28.5,23,9.5,-2,0,1050
1050,358,1,1.26745,1.60643,17,24,9,-1,300,750
1050,731,3,2.15517,1.65805,22.6667,24.6667,9,1,150,900
1050,1057,2,1.31452,0.906885,61.5,24.5,9,0,100,950
1050,1561,8,5.95972,4.92256,6.625,24,10.375,-4,50,1000
1050,2262,1,0.952268,0.906813,31,27,9,-1,0,1050
1050,2263,2,1.60338,1.3337,61,27,9.5,0,0,1050
1050,1063,1,0.663546,0.440293,13,30,9,1,100,950
1050,306,2,1.83238,1.69899,26.5,31.5,9,-2,350,700
1050,1058,2,1.20477,0.725753,6.5,36.5,9.5,0,100,950
1050,1577,1,0.600981,0.361178,20,36,9,-1,50,1000
1050,2264,1,0.457146,0.208982,62,38,9,1,0,1050
1050,1079,7,5.14902,4.41348,8.71429,39.8571,11.4286,1,100,950
1050,1579,3,1.29107,0.570794,60,44,9.66667,1,50,1000
1050,1564,5,3.52025,2.65694,18.2,45.8,9.4,-1,50,1000
1050,2265,1,1.19191,1.42065,57,47,9,1,0,1050
1050,254,1,0.484786,0.235017,9,48,9,1,400,650
1050,2266,1,0.573506,0.328909,53,49,9,1,0,1050
1050,2267,1,0.841623,0.70833,0,51,9,-1,0,1050
1050,746,3,2.8628,3.01196,38.3333,51.6667,10,-1,150,900
1050,545,5,3.35967,2.42759,10.2,52.2,9.6,1,200,850
1050,734,2,1.71796,1.5641,43,55.5,9.5,0,150,900
1050,1580,1,0.337363,0.113814,27,56,9,1,50,1000
1050,219,2,0.923356,0.468346,8,58.5,9,0,450,600
1050,8,1,1.13663,1.29192,32,58,9,-1,800,250
1050,2268,2,1.72771,1.55338,62.5,58,9.5,2,0,1050
1050,1557,2,1.32186,0.877549,27.5,59.5,9,0,50,1000
1050,728,2,1.28302,1.00745,34,59.5,9,0,150,900
1050,1086,1,0.66487,0.442052,16,3,10,1,100,950
1050,2269,1,0.398515,0.158814,55,3,10,1,0,1050
1050,1054,2,1.13353,0.68691,55.5,7.5,10.5,0,100,950
1050,1570,3,3.15454,3.94551,49.6667,8.33333,11,1,50,1000
1050,179,3,3.14918,4.14386,52.6667,9,11,-1,500,550
1050,1572,1,0.264054,0.0697243,0,11,10,-1,50,1000
1050,2270,1,0.473753,0.224442,53,11,10,1,0,1050
1050,2271,2,1.85418,2.46598,16.5,14.5,10.5,0,0,1050
1050,2272,1,0.996663,0.993338,14,16,10,-1,0,1050
1050,752,1,0.909639,0.827443,51,16,10,-1,150,900
1050,2273,1,0.446181,0.199078,16,18,10,-1,0,1050
1050,1066,8,6.75917,6.06928,23.625,19.125,11.25,0,100,950
1050,45,3,2.12487,1.53023,61,20.3333,10.3333,-1,750,300
1050,1560,1,0.808824,0.654197,8,21,10,1,50,1000
1050,255,2,1.4285,1.02096,56.5,21,10,0,400,650
1050,2274,1,0.947823,0.898369,63,22,10,-1,0,1050
1050,2275,3,1.59531,0.909239,35.6667,24.3333,10.3333,1,0,1050
1050,363,1,0.994787,0.989601,53,24,10,-1,300,750
1050,2276,1,0.937666,0.879217,3,28,10,-1,0,1050
1050,1562,1,0.942631,0.888554,25,28,10,1,50,1000
1050,1576,4,3.0089,2.49137,46,28.5,10.75,0,50,1000
1050,2277,1,0.516792,0.267074,50,29,10,-1,0,1050
1050,2278,1,1.28876,1.66091,38,30,10,-1,0,1050
1050,223,1,0.763648,0.583159,17,31,10,-1,450,600
1050,449,1,1.61177,2.5978,49,31,10,-1,250,800
1050,6,3,3.37004,3.7989,21.3333,32.3333,10,1,800,250
1050,2279,3,1.80928,1.21364,50.6667,32,11,1,0,1050
1050,2280,1,0.981463,0.96327,1,34,10,-1,0,1050
1050,742,1,1.05489,1.11279,7,34,10,1,150,900
1050,1076,1,0.45563,0.207599,40,34,10,1,100,950
1050,566,1,0.972898,0.946531,37,38,10,-1,200,850
1050,1563,2,1.56712,1.26273,48.5,39,10,0,50,1000
1050,544,1,1.06979,1.14446,24,41,10,1,200,850
1050,74,2,1.39877,0.993072,38.5,41,10,0,700,350
1050,1080,3,3.55595,4.34894,3.33333,45,10.3333,-1,100,950
1050,1060,2,2.49823,3.23478,8,44,10.5,2,100,950
1050,2281,1,0.627834,0.394175,45,47,10,-1,0,1050
1050,1082,1,0.450788,0.20321,51,48,10,-1,100,950
1050,739,2,1.26757,0.921789,14,48.5,10.5,-2,150,900
1050,1581,1,1.63067,2.65907,30,50,10,1,50,1000
1050,1597,1,0.392326,0.15392,33,51,10,1,50,1000
1050,546,1,1.19113,1.41879,49,51,10,-1,200,850
1050,1061,1,0.620964,0.385596,19,52,10,-1,100,950
1050,2282,1,0.924639,0.854956,21,52,10,1,0,1050
1050,2283,2,0.891059,0.421516,57.5,53,10,0,0,1050
1050,2284,1,0.732944,0.537206,49,54,10,-1,0,1050
1050,1589,3,2.11243,1.49528,34.6667,56,10,1,50,1000
1050,438,1,0.760132,0.577801,48,56,10,-1,250,800
1050,2285,1,0.609916,0.371998,52,57,10,-1,0,1050
1050,2286,5,3.40951,2.43044,47.2,58.4,10.6,-1,0,1050
1050,220,1,0.740961,0.549023,11,60,10,-1,450,600
1050,1090,3,2.08393,2.41141,8,61,10.6667,1,100,950
1050,174,2,1.34458,0.968193,18.5,62.5,10,0,500,550
1050,367,1,0.714207,0.510092,56,63,10,1,300,750
1050,555,1,0.833752,0.695143,58,63,10,1,200,850
1050,1590,4,3.61479,3.48572,10.25,0.75,11.5,-2,50,1000
1050,256,1,0.641358,0.411341,28,4,11,1,400,650
1050,1566,1,0.554224,0.307164,35,4,11,1,50,1000
1050,1567,1,0.75238,0.566076,50,4,11,-1,50,1000
1050,2287,2,1.58897,1.26261,31,5.5,11,0,0,1050
1050,2288,2,1.32991,1.02427,38,6.5,11,2,0,1050
1050,547,5,4.05156,3.37407,17.6,8,11.4,-1,200,850
1050,2289,1,0.133621,0.0178547,26,7,11,1,0,1050
1050,1569,2,1.91673,1.88633,15,9,11.5,0,50,1000
1050,2290,1,1.19053,1.41735,6,12,11,1,0,1050
1050,1582,5,3.13803,2.40098,23.8,12.4,11.8,1,50,1000
1050,2291,1,1.18969,1.41535,0,13,11,1,0,1050
1050,310,1,1.09691,1.20322,48,14,11,-1,350,700
1050,1591,1,0.923051,0.852023,25,16,11,1,50,1000
1050,2292,5,4.06273,3.47737,34.8,14.8,11.8,1,0,1050
1050,253,2,1.13908,0.648942,42.5,17,11,0,400,650
1050,2293,1,0.846705,0.716909,16,25,11,1,0,1050
1050,1575,3,2.2268,1.8349,24.3333,25.3333,11.3333,1,50,1000
1050,2294,7,6.02645,5.23706,12.5714,27.1429,11.8571,-1,0,1050
1050,1062,4,2.79729,2.18472,55.5,26.5,11,-2,100,950
1050,1091,14,15.6568,19.4576,20.1429,30.2857,13.8571,4,100,950
1050,741,2,2.33134,2.73492,4.5,31.5,11,-2,150,900
1050,1071,18,14.1326,12.3575,6.83333,33.0556,12.7222,0,100,950
1050,178,1,0.75076,0.563641,11,31,11,-1,500,550
1050,368,4,3.82122,4.25573,30,31.5,11,0,300,750
1050,2295,1,0.494708,0.244736,37,33,11,1,0,1050
1050,1606,2,1.50032,1.1989,27,34,11.5,0,50,1000
1050,2296,2,1.33937,0.983952,21,34.5,11.5,0,0,1050
1050,1064,3,2.22986,2.3092,1,37.6667,12,1,100,950
1050,1578,1,0.391879,0.153569,26,37,11,-1,50,1000
1050,365,1,0.595455,0.354567,3,38,11,1,300,750
1050,1078,2,1.95614,1.96368,28.5,38,11,0,100,950
1050,1077,2,1.7706,1.90294,4.5,40,11,0,100,950
1050,748,1,0.556357,0.309533,15,40,11,1,150,900
1050,71,1,0.939558,0.882768,50,41,11,-1,700,350
1050,749,2,1.38601,0.962056,36,42,11.5,0,150,900
1050,2297,1,0.599904,0.359885,61,42,11,1,0,1050
1050,1587,4,2.10012,1.11004,53.25,43.75,11.25,-2,50,1000
1050,1081,1,0.893654,0.798618,14,44,11,1,100,950
1050,1089,1,1.23368,1.52198,8,46,11,1,100,950
1050,317,1,1.08436,1.17584,39,46,11,-1,350,700
1050,744,2,1.48354,1.17543,12,47.5,11,0,150,900
1050,257,2,1.25899,0.865132,48.5,49,11,0,400,650
1050,70,2,2.06326,2.39901,28,52.5,11,0,700,350
1050,552,2,1.48217,1.46792,5,53,11.5,0,200,850
1050,2298,6,4.34136,3.51401,25.5,53.8333,11.1667,0,0,1050
1050,1608,1,0.3158,0.0997294,30,53,11,1,50,1000
1050,2299,1,0.907291,0.823176,37,54,11,1,0,1050
1050,551,8,6.4545,5.60223,13.375,56,11.375,0,200,850
1050,2300,1,1.03788,1.07719,59,55,11,1,0,1050
1050,554,9,7.8677,7.97555,14.8889,59.7778,12.2222,-1,200,850
1050,2301,1,1.14945,1.32123,58,1,12,-1,0,1050
1050,2302,1,0.761541,0.579945,63,1,12,1,0,1050
1050,2303,2,1.22888,0.761824,3.5,2.5,12,0,0,1050
1050,307,5,3.52898,2.74306,19.8,2.6,12.8,1,350,700
1050,1610,5,2.45997,1.31257,9.4,3.6,13,1,50,1000
1050,1601,2,1.71221,1.48316,13.5,4,12,0,50,1000
1050,175,1,0.810056,0.656191,3,8,12,1,500,550
1050,2304,1,0.373908,0.139807,33,9,12,1,0,1050
1050,2305,1,0.667303,0.445293,40,9,12,-1,0,1050
1050,753,1,0.869023,0.7552,30,18,12,1,150,900
1050,1583,1,0.493903,0.243941,38,19,12,-1,50,1000
1050,1068,1,0.803614,0.645795,56,20,12,-1,100,950
1050,46,1,1.54521,2.38768,31,21,12,1,750,300
1050,740,2,1.17328,0.697976,51.5,21,12,0,150,900
1050,747,4,3.00536,2.27402,57,22,12.5,0,150,900
1050,1069,1,0.846795,0.717061,20,23,12,1,100,950
1050,1613,1,0.314704,0.0990386,3,25,12,1,50,1000
1050,443,1,0.80804,0.652929,52,27,12,1,250,800
1050,2306,1,0.332754,0.110725,3,30,12,1,0,1050
1050,152,1,1.6132,2.60242,38,31,12,1,550,500
1050,72,1,0.855978,0.732699,46,32,12,1,700,350
1050,1594,2,1.39849,0.983198,17,33.5,12.5,2,50,1000
1050,2307,4,4.50522,5.3722,3.75,34.5,12,2,0,1050
1050,1075,2,1.30749,1.1846,57.5,34,12.5,0,100,950
1050,2308,2,1.16384,0.720791,59,37,12.5,0,0,1050
1050,1585,2,1.49889,1.13272,10.5,38,12,0,50,1000
1050,2309,1,0.740952,0.54901,61,38,12,1,0,1050
1050,2310,22,20.0616,20.9338,66.5909,40.2273,13.6364,-4,0,1050
1050,743,2,1.23926,0.815244,1,42,12.5,0,150,900
1050,1072,3,2.94465,4.13586,24.6667,41,12.6667,-1,100,950
1050,456,6,3.16071,1.92066,39,42.5,12.6667,0,250,800
1050,1586,1,0.796143,0.633844,48,43,12,1,50,1000
1050,98,1,0.618417,0.382439,41,45,12,-1,650,400
1050,2311,1,0.117438,0.0137918,57,45,12,-1,0,1050
1050,1596,2,2.31066,2.6713,57.5,47.5,12,0,50,1000
1050,96,5,4.37652,4.83256,16,48.8,12.8,1,650,400
1050,2312,1,1.58654,2.5171,29,48,12,-1,0,1050
1050,1588,1,0.600987,0.361185,38,48,12,1,50,1000
1050,2313,2,1.66792,1.39142,10.5,49,12.5,0,0,1050
1050,2314,2,2.19303,3.2276,13,50.5,12,0,0,1050
1050,745,3,1.62884,1.19495,54,49.3333,12.6667,-1,150,900
1050,2315,1,0.586285,0.34373,52,52,12,-1,0,1050
1050,372,1,0.384926,0.148168,35,54,12,1,300,750
1050,440,3,2.25135,1.72211,44,55.3333,12.3333,-1,250,800
1050,2316,1,0.16678,0.0278155,54,58,12,1,0,1050
1050,2317,1,0.866658,0.751096,23,59,12,1,0,1050
1050,2318,2,2.43875,3.01832,0.5,61.5,12.5,2,0,1050
1050,1600,1,0.451702,0.204035,11,61,12,-1,50,1000
1050,225,1,1.45374,2.11336,41,61,12,1,450,600
1050,378,7,6.5411,7.41841,56.1429,61.1429,13,-1,300,750
1050,2319,1,0.734504,0.539496,3,62,12,1,0,1050
1050,2320,1,0.940632,0.884788,37,5,13,1,0,1050
1050,221,1,0.758725,0.575664,43,6,13,1,450,600
1050,2321,1,1.18242,1.39811,43,8,13,1,0,1050
1050,771,1,0.663141,0.439757,55,8,13,-1,150,900
1050,1118,4,2.35856,1.50207,55.5,10.25,14,0,100,950
1050,2322,3,2.16201,1.60357,7.33333,12.3333,13,1,0,1050
1050,373,1,0.473104,0.223827,45,13,13,-1,300,750
1050,1602,1,0.503394,0.253405,24,15,13,-1,50,1000
1050,1592,1,0.660228,0.435901,41,15,13,1,50,1000
1050,1593,1,0.458573,0.21029,5,17,13,-1,50,1000
1050,1603,1,0.725148,0.52584,50,17,13,-1,50,1000
1050,1088,1,0.820705,0.673557,27,18,13,1,100,950
1050,364,5,2.68175,1.82695,56,18.4,13.6,1,300,750
1050,563,1,0.748552,0.560331,63,18,13,-1,200,850
1050,2323,2,1.44849,1.0535,0.5,20.5,13,0,0,1050
1050,445,1,0.721658,0.520791,22,20,13,-1,250,800
1050,767,1,0.369505,0.136534,62,20,13,1,150,900
1050,308,1,0.250271,0.0626357,36,21,13,-1,350,700
1050,2324,1,1.27722,1.63128,18,22,13,-1,0,1050
1050,224,2,1.16954,0.684296,60.5,22.5,13,0,450,600
1050,2325,1,0.481988,0.232312,27,23,13,-1,0,1050
1050,1619,1,0.43413,0.188469,30,24,13,1,50,1000
1050,2326,1,1.18141,1.39574,61,26,13,1,0,1050
1050,2327,1,0.644948,0.415958,38,27,13,-1,0,1050
1050,1074,2,1.67453,1.6837,57,27.5,13,0,100,950
1050,1098,12,8.62573,7.03743,37.4167,29.5,15.25,0,100,950
1050,1621,1,0.414715,0.171989,26,30,13,1,50,1000
1050,2328,2,0.878419,0.418715,14.5,32,13,0,0,1050
1050,371,1,0.54544,0.297505,36,33,13,1,300,750
1050,1092,9,7.23171,6.31671,59.7778,32.8889,15.2222,3,100,950
1050,2329,1,0.568326,0.322994,39,36,13,-1,0,1050
1050,176,2,1.16803,0.703878,53.5,37,13,0,500,550
1050,95,1,0.762327,0.581143,15,38,13,-1,650,400
1050,1595,4,3.02523,2.68674,28.5,38.5,13.5,0,50,1000
1050,769,10,7.24784,5.77287,45.5,37.8,14.9,-2,150,900
1050,1112,9,6.19399,4.5357,16.8889,40.8889,13.8889,-3,100,950
1050,2330,1,1.19371,1.42495,13,43,13,-1,0,1050
1050,750,1,1.01558,1.03141,0,44,13,-1,150,900
1050,2331,1,0.719757,0.51805,3,45,13,-1,0,1050
1050,1094,3,1.17246,0.509756,48.3333,47.6667,14,1,100,950
1050,2332,1,0.639415,0.408852,52,47,13,-1,0,1050
1050,1083,4,2.65434,1.82218,43,51,13.5,-2,100,950
1050,2333,2,1.31711,0.869154,28.5,52,13,0,0,1050
1050,2334,2,1.16206,0.68329,32.5,52,13,0,0,1050
1050,1598,1,0.391748,0.153467,42,53,13,-1,50,1000
1050,1616,1,0.463307,0.214653,14,54,13,-1,50,1000
1050,1084,1,1.01392,1.02804,8,56,13,-1,100,950
1050,366,2,2.31047,2.6769,19,57.5,13,0,300,750
1050,1599,2,0.901547,0.498797,32.5,57.5,13.5,-2,50,1000
1050,764,2,0.815726,0.336597,38.5,58.5,13,0,150,900
1050,97,2,2.04158,2.19255,59.5,58.5,13,0,650,400
1050,1095,1,0.261895,0.0685889,11,59,13,-1,100,950
1050,1609,3,2.02056,1.61195,9.33333,63,13.3333,1,50,1000
1050,561,3,2.04427,1.51792,2,0.666667,14.3333,-1,200,850
1050,1085,1,0.916889,0.840686,54,1,14,1,100,950
1050,2335,1,0.270474,0.0731562,22,2,14,-1,0,1050
1050,2336,1,0.460837,0.212371,26,3,14,-1,0,1050
1050,2337,2,1.63304,1.36685,6.5,5.5,14.5,0,0,1050
1050,2338,1,0.469448,0.220381,13,5,14,1,0,1050
1050,2339,1,0.281184,0.0790643,52,6,14,1,0,1050
1050,2340,1,0.254072,0.0645526,35,9,14,-1,0,1050
1050,559,1,0.690655,0.477004,2,10,14,-1,200,850
1050,2341,4,3.79754,3.88327,46.25,11.75,14.5,0,0,1050
1050,2342,1,1.21068,1.46575,24,13,14,1,0,1050
1050,47,1,0.648696,0.420806,59,13,14,-1,750,300
1050,441,1,0.675288,0.456013,30,14,14,-1,250,800
1050,1611,2,1.2208,1.29827,49.5,15,14,0,50,1000
1050,1087,3,1.68927,1.03914,0,15.6667,15,-1,100,950
1050,1618,1,0.431883,0.186523,20,17,14,-1,50,1000
1050,2343,4,2.81141,2.05861,29.75,18.5,14.25,2,0,1050
1050,1096,1,0.277104,0.0767867,33,17,14,-1,100,950
1050,1612,1,0.908879,0.826062,9,19,14,-1,50,1000
1050,1108,1,0.761237,0.579482,60,19,14,-1,100,950
1050,755,1,0.852646,0.727005,11,24,14,-1,150,900
1050,1604,2,1.48997,1.15545,55,26,14.5,0,50,1000
1050,1097,7,7.13628,7.66518,50.2857,28,14.4286,1,100,950
1050,1605,1,0.663183,0.439812,8,28,14,1,50,1000
1050,761,1,0.800836,0.641338,30,29,14,1,150,900
1050,375,1,0.610239,0.372392,60,30,14,-1,300,750
1050,309,1,1.09574,1.20064,28,31,14,1,350,700
1050,2344,6,5.79718,5.77005,31.1667,31.5,15.3333,2,0,1050
1050,370,5,3.7818,3.12444,34,32.4,15.6,1,300,750
1050,2345,1,0.900596,0.811073,27,34,14,-1,0,1050
1050,754,1,0.860802,0.74098,50,35,14,1,150,900
1050,1111,4,2.00516,1.05029,47.75,36.75,15.5,0,100,950
1050,1093,4,2.98631,2.32133,36.5,41.5,14.75,-2,100,950
1050,575,1,1.12493,1.26546,42,42,14,1,200,850
1050,762,1,0.676649,0.457853,50,42,14,-1,150,900
1050,1607,2,1.60596,1.32541,7.5,45,14,0,50,1000
1050,1623,2,0.819255,0.373643,41.5,46,14,0,50,1000
1050,2346,1,1.14018,1.30001,21,48,14,1,0,1050
1050,369,1,0.535588,0.286855,13,52,14,-1,300,750
1050,12,7,4.36035,2.94069,19,52.5714,15,-1,800,250
1050,2347,1,0.431809,0.186459,53,53,14,1,0,1050
1050,1640,2,1.04011,0.577457,16,54,14.5,0,50,1000
1050,2348,2,1.88585,1.79047,29,54.5,14,0,0,1050
1050,442,2,1.3544,0.932103,57,57,14.5,0,250,800
1050,2349,1,0.398295,0.158639,32,60,14,-1,0,1050
1050,1632,1,0.354427,0.125618,12,2,15,-1,50,1000
1050,562,1,0.696204,0.4847,47,6,15,-1,200,850
1050,758,2,1.05374,0.5558,-0.5,9,15,0,150,900
1050,1105,1,1.68895,2.85255,6,9,15,1,100,950
1050,1636,4,2.61961,1.74444,58.5,10.5,15,2,50,1000
1050,1107,1,0.858355,0.736774,52,13,15,-1,100,950
1050,2350,2,1.12459,0.639736,11.5,16,15.5,0,0,1050
1050,2351,1,0.66816,0.446437,51,18,15,1,0,1050
1050,2352,1,0.907316,0.823222,63,18,15,1,0,1050
1050,1629,1,1.13707,1.29294,19,20,15,-1,50,1000
1050,151,2,1.09515,0.629445,40,21,15.5,0,550,500
1050,1614,2,1.98002,2.20075,7.5,22,15,0,50,1000
1050,2353,1,0.376563,0.1418,3,23,15,1,0,1050
1050,1110,3,1.43445,0.722553,35.6667,23.6667,15,1,100,950
1050,2354,6,5.34928,5.13935,48.6667,24.5,16,2,0,1050
1050,1620,1,0.662883,0.439413,62,24,15,1,50,1000
1050,2355,4,3.16001,2.67301,6.75,25.25,15.25,0,0,1050
1050,13,2,1.69114,1.43568,41.5,25,15,0,800,250
1050,2356,1,0.705394,0.49758,15,26,15,-1,0,1050
1050,374,2,1.47752,1.10789,10.5,29,15,0,300,750
1050,2357,2,1.92671,1.87605,32,29,15.5,0,0,1050
1050,775,2,1.90072,1.90525,42,28.5,15.5,0,150,900
1050,1615,1,0.828099,0.685747,22,31,15,1,50,1000
1050,1120,7,6.83482,7.72425,47.8571,30.8571,17.7143,-1,100,950
1050,565,5,2.89147,2.00713,51.6,31.8,15.4,-1,200,850
1050,785,1,1.0284,1.05761,15,33,15,1,150,900
1050,1630,1,0.821468,0.674809,48,34,15,1,50,1000
1050,2358,2,2.35824,2.89982,56.5,34,15,0,0,1050
1050,2359,1,0.773814,0.598788,62,34,15,-1,0,1050
1050,1101,1,0.634719,0.402868,23,41,15,-1,100,950
1050,1104,8,7.65639,8.44102,51.875,43.125,16.625,2,100,950
1050,1102,10,6.75357,6.02962,8.3,40.8,17.1,0,100,950
1050,1113,1,0.444798,0.197845,11,45,15,1,100,950
1050,1125,2,1.14331,0.667473,0.5,46,15,0,100,950
1050,1622,1,1.67107,2.79247,30,48,15,1,50,1000
1050,226,1,1.77516,3.15118,55,48,15,1,450,600
1050,2360,3,1.67032,1.21134,7,52,15,1,0,1050
1050,557,3,1.6816,0.995218,22,52.6667,15.3333,-1,200,850
1050,1624,3,2.28987,2.13057,35.6667,52.6667,15.3333,1,50,1000
1050,2361,1,0.535302,0.286548,13,55,15,-1,0,1050
1050,2362,1,0.383732,0.14725,63,56,15,-1,0,1050
1050,1625,5,3.67244,2.8179,21.2,58.6,15.8,1,50,1000
1050,558,1,0.826831,0.68365,60,59,15,-1,200,850
1050,757,1,0.422082,0.178154,8,0,16,-1,150,900
1050,777,2,2.72568,3.93425,44,1,16.5,0,150,900
1050,1617,3,1.94854,1.35082,1.66667,6,16,1,50,1000
1050,759,2,0.418898,0.124889,55.5,6.5,16.5,0,150,900
1050,1122,9,6.22492,5.20075,49.3333,8.33333,17.8889,-3,100,950
1050,2363,3,2.20684,1.6789,8.33333,9,16.6667,-1,0,1050
1050,1627,2,1.59475,1.27575,17,10,16.5,0,50,1000
1050,447,1,0.542171,0.29395,14,11,16,-1,250,800
1050,768,3,1.79721,1.09668,2.33333,15.3333,16,1,150,900
1050,2364,1,1.20641,1.45542,24,16,16,-1,0,1050
1050,2365,2,1.272,0.89362,20,17.5,16,0,0,1050
1050,760,2,1.16827,0.686786,37.5,17,16,0,150,900
1050,1109,2,1.52622,1.30211,5,18,16.5,0,100,950
1050,791,2,1.32381,0.886135,56,17.5,16.5,0,150,900
1050,1628,1,0.433581,0.187992,61,19,16,-1,50,1000
1050,793,2,1.53805,1.21034,34.5,20,16,0,150,900
1050,2366,4,2.29771,1.47697,29.25,22.25,16.25,0,0,1050
1050,2367,1,0.711959,0.506886,60,23,16,-1,0,1050
1050,2368,1,1.04083,1.08332,28,25,16,-1,0,1050
1050,781,1,1.30845,1.71205,9,27,16,1,150,900
1050,2369,1,0.713349,0.508867,63,27,16,-1,0,1050
1050,2370,1,1.14053,1.30082,26,28,16,1,0,1050
1050,2371,1,0.628243,0.394689,59,28,16,-1,0,1050
1050,2372,1,0.519924,0.270321,57,30,16,-1,0,1050
1050,453,2,1.69619,1.50555,1,32,16.5,0,250,800
1050,2373,2,1.31674,0.868973,27,32.5,16,0,0,1050
1050,560,1,0.9859,0.971999,42,33,16,-1,200,850
1050,2374,1,1.0028,1.00561,6,34,16,1,0,1050
1050,2375,1,0.393137,0.154556,4,36,16,1,0,1050
1050,1099,1,1.01282,1.02581,17,37,16,1,100,950
1050,1100,1,0.520556,0.270978,8,39,16,1,100,950
1050,2376,1,0.563091,0.317071,26,40,16,-1,0,1050
1050,444,5,2.94734,2.03945,48.4,40.8,16.4,1,250,800
1050,2377,6,3.12027,2.00682,40.5,42.1667,16.8333,0,0,1050
1050,1103,1,0.749199,0.561299,26,44,16,1,100,950
1050,2378,1,0.861435,0.742071,46,44,16,-1,0,1050
1050,2379,2,1.42069,1.09569,62.5,44.5,16,0,0,1050
1050,2380,1,0.60487,0.365868,54,45,16,1,0,1050
1050,2381,1,0.912103,0.831933,27,46,16,-1,0,1050
1050,2382,1,0.8515,0.725053,46,46,16,-1,0,1050
1050,2383,2,1.94845,1.96147,42,47.5,16,0,0,1050
1050,2384,4,3.13603,2.48197,36.25,50.25,16.5,0,0,1050
1050,1631,1,1.10205,1.21451,48,50,16,1,50,1000
1050,2385,1,0.855455,0.731803,52,50,16,-1,0,1050
1050,182,1,0.760322,0.57809,2,53,16,1,500,550
1050,564,3,2.48161,2.18702,56.3333,54,16.6667,1,200,850
1050,450,3,2.51813,2.58399,28.3333,56,16.3333,-1,250,800
1050,770,5,2.98116,2.05641,48.6,55,16.6,-3,150,900
1050,1626,2,1.56066,1.50603,39,57.5,16,0,50,1000
1050,2386,1,0.425853,0.181351,41,59,16,1,0,1050
1050,1641,1,0.874798,0.765271,55,60,16,-1,50,1000
1050,574,5,1.94512,0.848544,2.6,0.6,17.6,-1,200,850
1050,1106,1,0.563169,0.31716,19,9,17,1,100,950
1050,2387,2,1.8158,1.70125,52.5,10,17,0,0,1050
1050,2388,3,2.43895,3.07025,56.3333,10,17.6667,1,0,1050
1050,778,5,3.15925,2.24998,44.8,12.8,18.6,-1,150,900
1050,779,4,2.24975,1.58175,47.5,13,18.25,-2,150,900
1050,1647,12,9.16912,7.69129,59.3333,14.8333,18.5,-6,50,1000
1050,2389,1,0.234581,0.0550284,33,14,17,1,0,1050
1050,2390,1,0.890121,0.792316,61,14,17,1,0,1050
1050,376,5,3.4937,2.70422,52.2,16.2,17.6,1,300,750
1050,50,2,1.05228,0.565057,17,20.5,17,0,750,300
1050,379,1,0.838001,0.702245,2,22,17,1,300,750
1050,227,5,4.27617,3.84878,7.6,21.8,17.8,-1,450,600
1050,796,1,0.965248,0.931704,20,23,17,1,150,900
1050,1140,3,1.83269,1.12153,37.6667,25,17.3333,1,100,950
1050,774,4,2.28459,1.44592,44.25,26.25,17.75,0,150,900
1050,384,4,2.83628,2.33017,12.5,29.5,17,0,300,750
1050,446,1,1.19169,1.42012,36,36,17,-1,250,800
1050,797,2,1.34445,0.987196,50,36.5,17.5,0,150,900
1050,2391,1,0.806248,0.650036,55,37,17,1,0,1050
1050,1639,1,0.708089,0.501391,63,38,17,1,50,1000
1050,73,1,0.823885,0.678786,3,39,17,1,700,350
1050,2392,1,0.88098,0.776126,22,39,17,-1,0,1050
1050,568,1,1.04236,1.08651,33,39,17,1,200,850
1050,1129,1,1.12237,1.2597,18,40,17,-1,100,950
1050,2393,1,0.580236,0.336674,28,41,17,-1,0,1050
1050,1114,1,0.688254,0.473694,5,46,17,1,100,950
1050,2394,1,0.849691,0.721976,9,46,17,1,0,1050
1050,1115,1,0.32039,0.10265,15,46,17,-1,100,950
1050,382,3,2.04353,1.56051,57.3333,49,17.6667,1,300,750
1050,180,3,1.35329,0.785725,8.33333,53,17.6667,1,500,550
1050,311,1,0.310027,0.0961168,61,52,17,1,350,700
1050,259,1,0.102842,0.0105765,50,53,17,1,400,650
1050,1116,1,0.697621,0.486675,58,57,17,-1,100,950
1050,2395,1,0.92104,0.848315,45,59,17,-1,0,1050
1050,312,10,7.42961,5.85518,17.4,1.2,19.3,0,350,700
1050,2396,2,2.11185,2.24427,10,2.5,18,0,0,1050
1050,1633,5,3.40572,2.38928,34,3.4,18.4,1,50,1000
1050,1652,1,1.69095,2.85933,26,6,18,-1,50,1000
1050,1635,1,0.581205,0.337799,20,7,18,1,50,1000
1050,1117,1,0.912508,0.832672,13,8,18,1,100,950
1050,2397,1,0.275714,0.0760179,1,9,18,1,0,1050
1050,1637,1,0.530233,0.281147,26,11,18,1,50,1000
1050,784,5,3.95778,5.00607,39.2,14,19.2,-1,150,900
1050,377,1,1.27854,1.63466,7,15,18,-1,300,750
1050,2398,1,1.0932,1.19508,10,15,18,-1,0,1050
1050,766,2,0.816324,0.346012,45,15,18.5,0,150,900
1050,2399,3,2.11417,1.88164,8,17.3333,18,-1,0,1050
1050,773,2,1.60113,1.34753,36.5,17,18,0,150,900
1050,448,1,1.49862,2.24586,48,17,18,-1,250,800
1050,2400,1,1.17058,1.37026,12,20,18,1,0,1050
1050,1123,1,0.977958,0.956402,46,20,18,-1,100,950
1050,804,1,0.634265,0.402292,33,21,18,-1,150,900
1050,48,1,0.780076,0.608518,22,26,18,1,750,300
1050,1133,3,1.55761,1.05879,63.3333,26.6667,18,-1,100,950
1050,318,2,1.44595,1.05092,5,29,18.5,0,350,700
1050,1663,1,0.792018,0.627293,42,29,18,-1,50,1000
1050,1121,1,0.720836,0.519605,13,35,18,1,100,950
1050,2401,4,2.34474,1.54491,30,40.25,18.75,-2,0,1050
1050,2402,2,2.05527,2.1328,61.5,39.5,18,0,0,1050
1050,1638,1,0.690468,0.476746,5,40,18,1,50,1000
1050,2403,1,0.606855,0.368273,17,42,18,-1,0,1050
1050,577,17,13.2159,11.1607,41.6471,43.5294,20.8824,-1,200,850
1050,1650,4,4.50219,5.63786,1,45,18.5,0,50,1000
1050,799,8,5.83047,5.65274,60.375,47.625,19,4,150,900
1050,800,2,1.31389,1.00156,0.5,49,18,2,150,900
1050,1665,1,0.848556,0.720047,43,49,18,1,50,1000
1050,1132,1,0.513665,0.263852,53,50,18,1,100,950
1050,1144,3,2.37188,1.92185,2.66667,51,19,1,100,950
1050,2404,2,2.18481,2.48025,19.5,54,18,0,0,1050
1050,2405,1,0.655191,0.429275,52,54,18,-1,0,1050
1050,1667,1,0.924871,0.855387,17,55,18,-1,50,1000
1050,2406,1,0.608978,0.370854,59,55,18,1,0,1050
1050,2407,1,1.10351,1.21774,62,57,18,1,0,1050
1050,2408,1,0.544385,0.296355,51,58,18,-1,0,1050
1050,314,3,1.54743,1.00449,25.3333,61,18.3333,1,350,700
1050,2409,1,1.1071,1.22568,39,61,18,-1,0,1050
1050,2410,1,1.08973,1.18752,33,62,18,-1,0,1050
1050,2411,2,0.734567,0.281436,55,62.5,18.5,0,0,1050
1050,1642,1,0.570567,0.325547,63,62,18,1,50,1000
1050,567,2,1.90613,2.0827,27.5,0,19,0,200,850
1050,1643,3,2.4819,2.1718,44,2,19,1,50,1000
1050,2412,1,0.998877,0.997756,28,6,19,1,0,1050
1050,75,3,2.59011,2.40521,38.3333,8,19.3333,-1,700,350
1050,1644,1,0.509757,0.259853,31,9,19,1,50,1000
1050,790,2,1.55142,1.22195,44.5,10,19,0,150,900
1050,1645,1,0.370134,0.136999,48,10,19,-1,50,1000
1050,184,3,1.64994,1.17941,5.66667,12,19.6667,-1,500,550
1050,1659,1,0.908856,0.82602,56,16,19,-1,50,1000
1050,316,1,0.614418,0.377509,25,19,19,-1,350,700
1050,2413,1,0.676738,0.457974,43,19,19,-1,0,1050
1050,1653,1,0.233344,0.0544494,29,20,19,1,50,1000
1050,1648,1,1.4475,2.09525,58,20,19,-1,50,1000
1050,1124,1,0.682876,0.46632,53,22,19,-1,100,950
1050,1694,6,7.59179,9.92145,-0.5,24,20.3333,2,50,1000
1050,315,1,0.560618,0.314293,9,23,19,1,350,700
1050,780,2,1.08294,0.681712,16.5,24,19,0,150,900
1050,1141,1,0.446152,0.199052,19,25,19,1,100,950
1050,262,1,0.702981,0.494182,32,26,19,1,400,650
1050,1672,2,1.68387,1.4528,36.5,26.5,19.5,0,50,1000
1050,1128,2,1.18377,0.700875,13,27,19.5,0,100,950
1050,313,3,2.4523,2.44573,53.6667,29,19,-1,350,700
1050,1147,1,0.965393,0.931984,11,29,19,-1,100,950
1050,1649,1,0.911695,0.831187,15,30,19,-1,50,1000
1050,2414,1,1.32483,1.75517,0,38,19,1,0,1050
1050,2415,1,0.60001,0.360011,26,38,19,1,0,1050
1050,183,4,2.25828,1.54006,11.75,39.75,20,0,500,550
1050,1131,1,0.485157,0.235378,46,39,19,-1,100,950
1050,580,2,1.41673,1.07955,51,44,19.5,0,200,850
1050,2416,1,0.278053,0.0773137,3,47,19,1,0,1050
1050,380,10,5.61034,3.98856,17.7,48,20.2,-4,300,750
1050,2417,1,0.762504,0.581412,37,49,19,1,0,1050
1050,1143,2,1.34109,1.0718,16.5,51,19.5,-2,100,950
1050,1677,6,4.63974,4.23746,2.33333,54.8333,19.5,2,50,1000
1050,794,1,0.471619,0.222425,26,57,19,-1,150,900
1050,573,7,7.8714,9.84332,22.5714,60.7143,20,1,200,850
1050,1657,5,3.62184,3.08269,-0.4,60.4,20,1,50,1000
1050,1651,2,0.730778,0.272701,10,63,19.5,0,50,1000
1050,2418,1,0.444824,0.197869,8,0,20,-1,0,1050
1050,228,1,1.41368,1.9985,39,0,20,-1,450,600
1050,451,2,1.33987,0.956514,14.5,4,20,0,250,800
1050,2419,1,0.517794,0.268111,27,4,20,-1,0,1050
1050,788,1,1.0056,1.01122,35,5,20,-1,150,900
1050,783,4,4.75428,6.40798,44,5.5,20.25,2,150,900
1050,1152,3,1.73594,1.02279,58.3333,4.66667,20.6667,1,100,950
1050,455,3,1.67172,1.00628,4.66667,9.66667,20,-1,250,800
1050,460,2,1.19188,0.754364,58,11.5,20,0,250,800
1050,578,5,3.62082,2.77842,31.4,18.6,20.8,-1,200,850
1050,229,1,0.768538,0.590651,2,19,20,-1,450,600
1050,1126,1,0.827361,0.684527,39,22,20,-1,100,950
1050,1127,2,1.36258,1.06057,49,24,20.5,0,100,950
1050,1654,1,1.14925,1.32078,13,25,20,1,50,1000
1050,1655,2,1.93542,1.88514,15.5,28,20,0,50,1000
1050,1656,1,0.939575,0.882801,26,28,20,1,50,1000
1050,1134,3,2.78568,2.6676,3,30,20.6667,-1,100,950
1050,2420,1,0.310755,0.0965686,26,31,20,1,0,1050
1050,570,1,0.421825,0.177936,2,32,20,-1,200,850
1050,1156,1,0.816308,0.666359,11,32,20,-1,100,950
1050,1142,1,1.49923,2.24771,52,35,20,1,100,950
1050,1130,1,1.00659,1.01322,2,39,20,1,100,950
1050,2421,1,1.23367,1.52194,24,39,20,-1,0,1050
1050,2422,5,2.997,2.04199,56,39.8,21.2,-3,0,1050
1050,2423,1,0.9754,0.951405,16,41,20,-1,0,1050
1050,2424,2,0.754856,0.34589,3.5,42,20,0,0,1050
1050,1675,1,1.01206,1.02427,48,42,20,-1,50,1000
1050,576,6,3.78929,2.65487,37,44.3333,21.6667,0,200,850
1050,1161,1,0.564096,0.318204,48,45,20,-1,100,950
1050,572,2,2.14383,2.65883,12,48,20.5,0,200,850
1050,2425,2,1.90469,1.8265,52.5,50.5,20.5,0,0,1050
1050,1684,1,0.418949,0.175518,60,51,20,1,50,1000
1050,2426,1,0.208444,0.0434491,62,51,20,1,0,1050
1050,1676,2,1.70395,1.47177,32.5,51.5,20.5,2,50,1000
1050,1145,1,0.712418,0.50754,39,55,20,1,100,950
1050,1678,1,0.445168,0.198175,43,56,20,1,50,1000
1050,154,1,0.861719,0.742559,19,58,20,-1,550,500
1050,786,1,0.448671,0.201306,6,59,20,-1,150,900
1050,2427,5,3.71117,2.83735,24.8,59.2,21.4,1,0,1050
1050,2428,1,0.732383,0.536384,32,61,20,-1,0,1050
1050,1135,2,1.58323,1.25444,17,62,20.5,-2,100,950
1050,801,1,0.455982,0.207919,61,63,20,1,150,900
1050,582,23,14.7659,11.2332,23.2609,0.26087,22.8696,-1,200,850
1050,1137,3,3.48068,4.07432,54.6667,3.33333,21.6667,1,100,950
1050,99,1,0.638552,0.407748,38,4,21,1,650,400
1050,787,2,0.888822,0.399927,9.5,7,21,0,150,900
1050,2429,1,0.379824,0.144266,34,7,21,-1,0,1050
1050,789,3,2.80263,2.74146,40.6667,8,21.3333,-1,150,900
1050,1658,3,3.06846,3.16554,44,9.33333,21.3333,1,50,1000
1050,452,5,4.01717,3.64477,15.6,10.2,22,-1,250,800
1050,2430,1,0.452631,0.204875,23,11,21,-1,0,1050
1050,2431,1,0.927209,0.859717,54,15,21,-1,0,1050
1050,803,2,1.29573,0.842247,23,19,21.5,0,150,900
1050,1669,5,3.98864,3.25307,34.2,18.2,22,1,50,1000
1050,14,2,1.89319,1.79919,17,21.5,21,0,800,250
1050,569,6,5.48533,5.2681,64.5,18.8333,22.3333,0,200,850
1050,808,2,1.38183,1.0049,9,22.5,21,0,150,900
1050,1660,1,0.613858,0.376821,15,23,21,-1,50,1000
1050,1661,8,7.38832,7.65043,32.375,26.5,21.5,-2,50,1000
1050,2432,1,0.613138,0.375938,50,26,21,-1,0,1050
1050,1662,1,0.416523,0.173492,58,26,21,1,50,1000
1050,1119,1,0.156342,0.0244428,2,28,21,1,100,950
1050,464,1,0.732071,0.535928,8,28,21,1,250,800
1050,1673,2,1.75558,1.71765,20.5,28,21,0,50,1000
1050,2433,1,0.695677,0.483967,41,28,21,-1,0,1050
1050,51,4,2.73512,2.31912,55.75,29,21.75,0,750,300
1050,1674,3,2.54069,2.17056,33.3333,29.6667,22,1,50,1000
1050,1155,2,1.34424,0.903912,-0.5,33,21,0,100,950
1050,571,1,1.08715,1.1819,46,36,21,-1,200,850
1050,52,2,2.3853,3.14465,17.5,37.5,21.5,2,750,300
1050,2434,1,0.551411,0.304054,49,38,21,1,0,1050
1050,2435,1,0.699434,0.489208,1,45,21,1,0,1050
1050,579,1,0.783525,0.613912,52,47,21,1,200,850
1050,1175,2,1.5266,1.24978,25.5,48.5,21.5,-2,100,950
1050,1666,4,3.16639,2.71007,10,51,21,-2,50,1000
1050,2436,1,0.718007,0.515535,42,50,21,1,0,1050
1050,1685,3,2.1904,1.88148,51,56,21,1,50,1000
1050,1668,2,1.14815,0.682958,16.5,57,21,0,50,1000
1050,584,3,1.99494,1.4662,14,58.3333,21.6667,1,200,850
1050,812,1,1.00932,1.01872,29,59,21,1,150,900
1050,459,2,1.177,0.697664,19.5,61.5,21.5,0,250,800
1050,795,2,1.45885,1.41859,49.5,62,21,0,150,900
1050,2437,1,0.496835,0.246845,45,63,21,1,0,1050
1050,1136,1,1.20068,1.44164,2,2,22,-1,100,950
1050,2438,2,1.7463,1.54277,44,2,22.5,0,0,1050
1050,1138,1,0.729842,0.53267,15,4,22,1,100,950
1050,265,1,0.470117,0.22101,52,4,22,-1,400,650
1050,1689,1,0.692514,0.479575,57,7,22,1,50,1000
1050,2439,2,1.31445,0.951759,4,8.5,22,0,0,1050
1050,2440,5,3.65186,3.06875,58.8,10.2,22.6,-1,0,1050
1050,1688,1,0.612437,0.375079,62,9,22,1,50,1000
1050,2441,3,3.27423,4.28926,53.3333,10.3333,23,-1,0,1050
1050,814,2,2.0297,2.1018,18,12.5,22.5,0,150,900
1050,1691,1,1.79204,3.21139,48,13,22,1,50,1000
1050,263,8,5.6645,4.38946,42.75,15.625,24.375,2,400,650
1050,2442,1,0.565834,0.320168,32,16,22,-1,0,1050
1050,1670,1,0.364129,0.13259,47,19,22,1,50,1000
1050,1139,2,0.928344,0.455427,52.5,19,22,0,100,950
1050,1692,3,3.07824,3.40354,44,20.3333,23,1,50,1000
1050,230,1,0.648705,0.420818,61,21,22,1,450,600
1050,2443,1,1.23898,1.53508,24,22,22,-1,0,1050
1050,2444,1,0.642616,0.412956,1,24,22,-1,0,1050
1050,806,4,1.62252,0.720553,26.5,25.25,22.5,2,150,900
1050,1671,1,1.31227,1.72204,29,26,22,-1,50,1000
1050,2445,1,1.27049,1.61414,38,28,22,-1,0,1050
1050,2446,2,1.06458,0.5675,20.5,30,22,0,0,1050
1050,807,1,0.601374,0.361651,35,33,22,-1,150,900
1050,1695,1,0.646578,0.418063,3,34,22,-1,50,1000
1050,1157,3,1.48709,0.851223,54.6667,34.6667,22,1,100,950
1050,2447,6,5.33307,6.0145,53.3333,34.5,23.6667,0,0,1050
1050,1696,3,2.73903,2.56273,29.3333,35.3333,23,1,50,1000
1050,2448,2,1.36589,1.00336,56.5,37,22,0,0,1050
1050,1159,2,1.9202,1.96901,39.5,39,22,0,100,950
1050,1698,1,0.890652,0.79326,18,40,22,1,50,1000
1050,798,1,0.680499,0.463079,42,40,22,1,150,900
1050,1697,1,0.219097,0.0480033,40,41,22,1,50,1000
1050,810,1,0.500047,0.250047,11,42,22,1,150,900
1050,2449,1,0.566646,0.321087,46,42,22,1,0,1050
1050,1149,1,0.505289,0.255317,8,46,22,-1,100,950
1050,1699,3,2.01626,1.53489,48.6667,47.6667,23,1,50,1000
1050,2450,1,1.0731,1.15154,58,47,22,-1,0,1050
1050,458,5,4.59617,4.76666,34.6,50.2,23,-1,250,800
1050,17,1,0.846993,0.717397,19,52,22,1,800,250
1050,2451,1,0.803931,0.646304,2,54,22,-1,0,1050
1050,1176,2,2.53958,3.24284,42.5,55.5,22,0,100,950
1050,122,1,1.15735,1.33947,61,57,22,-1,600,450
1050,590,1,0.435512,0.18967,11,60,22,1,200,850
1050,1168,5,3.61742,3.1293,-0.2,61.8,22.2,1,100,950
1050,1169,1,0.307024,0.094264,35,1,23,1,100,950
1050,2452,1,0.855229,0.731417,59,7,23,-1,0,1050
1050,1151,1,0.214829,0.0461517,1,8,23,1,100,950
1050,597,2,1.27422,0.811851,17.5,8,23.5,2,200,850
1050,1680,3,2.82304,3.02147,41.3333,11,23,-1,50,1000
1050,1702,1,0.333649,0.111322,4,11,23,-1,50,1000
1050,1153,2,1.53715,1.21552,34.5,13,23,0,100,950
1050,1681,1,0.526952,0.277678,17,16,23,-1,50,1000
1050,1703,1,0.189284,0.0358285,19,17,23,1,50,1000
1050,457,3,3.63073,4.76406,6,19.6667,23.6667,1,250,800
1050,461,1,1.44039,2.07473,14,20,23,-1,250,800
1050,2453,1,0.66836,0.446706,26,20,23,-1,0,1050
1050,1704,10,9.04183,9.33416,8.1,20.8,24.2,0,50,1000
1050,1682,3,2.63237,2.38667,16.3333,22.6667,23,1,50,1000
1050,1146,1,0.529149,0.279998,59,22,23,1,100,950
1050,805,5,3.05189,2.23748,35.8,23.6,23.4,1,150,900
1050,817,2,1.7429,1.53985,60,27,23.5,0,150,900
1050,465,1,0.894131,0.79947,43,29,23,-1,250,800
1050,1173,7,5.18564,4.12668,6.85714,29.8571,24.5714,3,100,950
1050,1174,2,0.733501,0.269014,13,30.5,23,0,100,950
1050,2454,1,1.05788,1.1191,33,34,23,-1,0,1050
1050,185,2,1.12426,0.632003,49,37,23.5,2,500,550
1050,2455,1,0.713306,0.508805,26,38,23,1,0,1050
1050,1148,1,0.663865,0.440717,6,39,23,1,100,950
1050,1683,1,0.521279,0.271732,20,39,23,1,50,1000
1050,815,11,6.42716,4.42616,16.2727,39.5455,24.2727,1,150,900
1050,2456,1,0.500901,0.250902,7,44,23,1,0,1050
1050,78,1,0.743118,0.552224,22,46,23,1,700,350
1050,2457,1,0.638953,0.408261,43,49,23,1,0,1050
1050,2458,1,1.17882,1.38962,46,49,23,1,0,1050
1050,2459,1,0.99159,0.983251,51,49,23,1,0,1050
1050,1664,1,0.897969,0.806349,11,50,23,1,50,1000
1050,264,1,0.409565,0.167744,56,51,23,-1,400,650
1050,2460,1,0.859442,0.73864,61,51,23,1,0,1050
1050,2461,1,0.950025,0.902548,9,52,23,1,0,1050
1050,589,21,11.3464,7.9258,19.5238,51.2857,26.4762,-1,200,850
1050,466,1,0.595233,0.354303,39,52,23,-1,250,800
1050,1162,1,0.656109,0.430479,7,53,23,1,100,950
1050,2462,1,0.795574,0.632939,16,53,23,-1,0,1050
1050,822,1,0.655919,0.430229,41,54,23,-1,150,900
1050,2463,4,2.54226,1.79717,52.75,54.75,23.5,-2,0,1050
1050,15,5,4.69525,5.36698,34.6,55.6,24.4,1,800,250
1050,811,1,0.641489,0.411508,47,56,23,1,150,900
1050,2464,1,0.954045,0.910201,8,57,23,1,0,1050
1050,1163,2,1.05626,0.643564,48,58,23.5,0,100,950
1050,1686,2,1.13533,0.649125,63,58.5,23,0,50,1000
1050,1150,1,1.0326,1.06626,57,60,23,1,100,950
1050,1164,13,12.1877,13.2734,36.7692,61.3846,24.7692,-5,100,950
1050,2465,1,0.559056,0.312543,54,61,23,1,0,1050
1050,2466,1,0.878183,0.771206,53,63,23,-1,0,1050
1050,2467,1,1.1903,1.41682,9,0,24,1,0,1050
1050,386,9,5.65314,3.88449,39.3333,3.55556,24.8889,1,300,750
1050,2468,1,0.850933,0.724087,3,5,24,-1,0,1050
1050,819,2,1.22321,0.754895,31.5,5,24.5,0,150,900
1050,1179,1,0.746486,0.557242,50,5,24,-1,100,950
1050,2469,1,0.981733,0.9638,61,6,24,1,0,1050
1050,2470,1,1.01098,1.02207,63,7,24,-1,0,1050
1050,1193,1,0.321976,0.103668,57,8,24,-1,100,950
1050,2471,2,2.00889,2.02688,63,9.5,24.5,0,0,1050
1050,1690,1,0.547917,0.300213,31,12,24,-1,50,1000
1050,585,16,13.947,14.4183,56.0625,15.9375,26.6875,0,200,850
1050,1715,1,0.683034,0.466535,47,15,24,1,50,1000
1050,383,2,1.51818,1.15743,40.5,20,24,0,300,750
1050,1693,1,0.741648,0.550042,61,22,24,1,50,1000
1050,2472,1,0.683605,0.467315,0,24,24,-1,0,1050
1050,2473,1,0.666597,0.444351,48,26,24,1,0,1050
1050,76,2,1.93319,1.95653,10.5,27,24,0,700,350
1050,1154,2,0.786023,0.317865,53.5,30,24,0,100,950
1050,2474,1,0.469604,0.220528,4,32,24,1,0,1050
1050,1721,1,0.145922,0.0212933,12,34,24,-1,50,1000
1050,77,2,1.61758,1.43008,49,33.5,24.5,0,700,350
1050,2475,1,1.48434,2.20326,36,35,24,-1,0,1050
1050,809,4,2.83208,2.08092,43,36.5,24.5,2,150,900
1050,1731,1,1.10995,1.23198,46,37,24,1,50,1000
1050,1158,1,0.211093,0.0445604,4,39,24,1,100,950
1050,2476,1,0.754833,0.569772,41,39,24,1,0,1050
1050,1160,1,0.81415,0.66284,12,41,24,-1,100,950
1050,467,1,0.622631,0.387669,41,41,24,1,250,800
1050,2477,1,0.627052,0.393195,35,42,24,-1,0,1050
1050,2478,1,0.381506,0.145547,54,43,24,1,0,1050
1050,155,3,2.04116,1.42688,23,43.3333,25,-1,550,500
1050,2479,3,3.00855,3.08012,51.6667,45.6667,24.6667,-1,0,1050
1050,2480,1,0.512422,0.262577,11,47,24,1,0,1050
1050,1722,1,0.279641,0.0781991,25,50,24,1,50,1000
1050,2481,1,0.239064,0.0571514,1,56,24,1,0,1050
1050,2482,1,0.41964,0.176098,4,56,24,1,0,1050
1050,2483,2,2.71679,3.85806,6.5,55.5,24.5,2,0,1050
1050,1710,1,0.777274,0.604154,29,56,24,1,50,1000
1050,2484,1,0.241569,0.0583557,29,60,24,-1,0,1050
1050,581,2,1.61804,1.8435,16.5,61,24,0,200,850
1050,1201,1,0.705278,0.497417,14,63,24,-1,100,950
1050,2485,1,0.393582,0.154907,43,1,25,1,0,1050
1050,1700,2,1.48953,1.38459,50.5,2.5,25,0,50,1000
1050,1701,1,0.717208,0.514387,22,5,25,-1,50,1000
1050,2486,1,0.666919,0.444781,25,5,25,-1,0,1050
1050,100,1,1.31835,1.73804,10,7,25,1,650,400
1050,583,1,1.13253,1.28262,29,8,25,1,200,850
1050,1192,1,0.465689,0.216866,18,10,25,1,100,950
1050,813,2,1.74694,1.52658,26,10,25.5,0,150,900
1050,2487,1,0.577502,0.333508,5,11,25,-1,0,1050
1050,2488,1,0.881886,0.777724,5,14,25,-1,0,1050
1050,2489,1,0.625546,0.391308,19,14,25,-1,0,1050
1050,1165,2,1.47998,1.11626,13.5,15.5,25,0,100,950
1050,1705,1,0.459919,0.211525,36,16,25,1,50,1000
1050,1742,1,1.06508,1.1344,12,18,25,-1,50,1000
1050,2490,1,0.980677,0.961726,34,19,25,1,0,1050
1050,1706,1,0.842486,0.709783,38,19,25,1,50,1000
1050,2491,1,1.2461,1.55277,48,19,25,1,0,1050
1050,1707,3,2.74201,2.71995,61,19.6667,25.3333,1,50,1000
1050,1719,1,1.12477,1.2651,28,23,25,-1,50,1000
1050,1708,1,1.09519,1.19943,16,27,25,-1,50,1000
1050,591,1,0.519312,0.269684,37,27,25,-1,200,850
1050,820,1,0.842354,0.709561,45,27,25,-1,150,900
1050,1182,3,2.14247,1.94838,63.3333,29.3333,26,-1,100,950
1050,2492,1,0.777565,0.604608,34,32,25,1,0,1050
1050,1732,2,0.64108,0.263472,50.5,36,25.5,-2,50,1000
1050,832,1,0.361954,0.131011,22,41,25,1,150,900
1050,2493,3,1.50581,0.98984,3.66667,41.3333,26,1,0,1050
1050,53,2,1.09161,0.799382,28.5,41.5,25.5,2,750,300
1050,2494,3,2.65489,4.01336,52,42.3333,25.3333,-1,0,1050
1050,1709,1,0.569455,0.324278,18,44,25,1,50,1000
1050,816,1,0.735776,0.541366,40,45,25,1,150,900
1050,468,1,0.345222,0.119178,46,48,25,-1,250,800
1050,1167,2,2.29029,2.6235,3.5,49.5,25,0,100,950
1050,818,1,0.461608,0.213082,61,49,25,-1,150,900
1050,2495,1,1.4723,2.16765,49,50,25,1,0,1050
1050,2496,2,0.844072,0.465786,51.5,51.5,25,0,0,1050
1050,614,2,2.20621,2.47118,57.5,50.5,25.5,0,200,850
1050,2497,1,0.450788,0.20321,7,53,25,1,0,1050
1050,2498,1,0.41406,0.171446,4,54,25,1,0,1050
1050,1723,1,0.552273,0.305006,39,54,25,1,50,1000
1050,1200,7,5.47669,4.38681,11.7143,59.5714,26.2857,1,100,950
1050,2499,1,0.608457,0.37022,29,58,25,-1,0,1050
1050,1736,1,1.04543,1.09291,2,61,25,-1,50,1000
1050,1724,2,1.16272,0.879191,58,62,25.5,0,50,1000
1050,1711,2,2.36194,3.23048,33.5,0,26,0,50,1000
1050,1178,2,1.84369,1.73,4.5,2.5,26.5,0,100,950
1050,1763,2,1.51119,1.20899,2,5,26.5,0,50,1000
1050,1189,1,0.313965,0.098574,32,8,26,-1,100,950
1050,463,4,2.45452,1.77444,34.25,8.5,26.25,0,250,800
1050,1712,4,2.90075,2.29847,38.75,7.75,27,0,50,1000
1050,1180,1,0.90621,0.821217,13,9,26,-1,100,950
1050,1727,2,1.36391,0.950733,20.5,9,26,0,50,1000
1050,1713,1,0.259241,0.067206,31,14,26,1,50,1000
1050,1714,2,2.32775,2.83342,1.5,15,26,0,50,1000
1050,1716,1,0.461716,0.213182,47,15,26,1,50,1000
1050,1166,1,0.569978,0.324875,59,16,26,-1,100,950
1050,1171,4,2.77302,2.02904,3.75,19.75,26.25,-2,100,950
1050,1718,2,1.46852,1.10948,57,19.5,26,0,50,1000
1050,1717,2,2.27205,4.09077,44,20.5,26,2,50,1000
1050,2500,1,0.690337,0.476565,10,23,26,-1,0,1050
1050,462,2,1.20239,0.724568,20.5,23,26,0,250,800
1050,385,1,0.513238,0.263413,31,25,26,-1,300,750
1050,1720,1,0.663883,0.440741,4,29,26,1,50,1000
1050,1172,1,0.754433,0.56917,27,29,26,1,100,950
1050,1743,1,0.818582,0.670076,38,29,26,-1,50,1000
1050,2501,3,1.87346,1.32108,1.66667,29.6667,27,-1,0,1050
1050,2502,1,0.731087,0.534488,33,34,26,1,0,1050
1050,2503,1,0.776462,0.602893,15,35,26,-1,0,1050
1050,390,2,1.75526,1.7251,42.5,35,26,0,300,750
1050,2504,1,0.714038,0.509851,56,38,26,-1,0,1050
1050,2505,3,1.90814,1.48375,50.3333,39,26.3333,1,0,1050
1050,2506,2,0.990503,0.604471,59,39.5,26,0,0,1050
1050,588,1,0.780599,0.609335,8,41,26,-1,200,850
1050,1208,2,1.52605,1.17679,19.5,43.5,26.5,2,100,950
1050,267,2,1.82686,1.70796,32.5,44,26.5,0,400,650
1050,2507,1,0.625788,0.39161,54,44,26,1,0,1050
1050,821,2,2.21448,2.46895,0.5,46,26,0,150,900
1050,610,7,4.52061,3.52972,43.8571,47.4286,27,1,200,850
1050,16,4,2.45561,2.16568,28.5,46.5,26.5,0,800,250
1050,605,2,1.44499,1.06091,12.5,48,26,0,200,850
1050,102,1,0.839836,0.705325,22,48,26,-1,650,400
1050,586,3,2.26578,1.75696,34.3333,48.3333,26.6667,1,200,850
1050,2508,1,1.14924,1.32075,26,50,26,-1,0,1050
1050,2509,2,0.878463,0.462112,41.5,52.5,26.5,0,0,1050
1050,826,4,2.28656,1.35381,10.25,54.75,27.25,2,150,900
1050,1187,3,2.29934,1.85829,51,62.3333,26.3333,-1,100,950
1050,2510,3,2.47511,2.13411,2.66667,-0.666667,27,-1,0,1050
1050,1191,1,0.479204,0.229636,58,0,27,-1,100,950
1050,1750,1,0.40964,0.167805,63,1,27,-1,50,1000
1050,1725,2,1.3813,0.966057,50,3.5,27,0,50,1000
1050,469,1,0.566254,0.320643,30,4,27,1,250,800
1050,1726,1,0.38254,0.146337,11,5,27,1,50,1000
1050,1753,1,0.680958,0.463704,20,6,27,-1,50,1000
1050,389,1,0.735507,0.54097,53,6,27,1,300,750
1050,1728,3,2.08,2.12901,9,7.66667,27.3333,1,50,1000
1050,596,1,0.654086,0.427828,51,7,27,-1,200,850
1050,2511,1,0.374892,0.140544,41,10,27,1,0,1050
1050,2512,1,0.457497,0.209304,58,10,27,-1,0,1050
1050,1204,1,0.627279,0.393479,11,12,27,-1,100,950
1050,187,1,0.849606,0.721831,53,12,27,-1,500,550
1050,2513,1,0.965633,0.932448,58,12,27,-1,0,1050
1050,1181,1,1.38898,1.92928,54,14,27,-1,100,950
1050,20,5,3.8364,3.88806,21,18.8,28.2,-1,800,250
1050,2514,1,0.351478,0.123537,0,18,27,-1,0,1050
1050,18,1,0.875235,0.766036,15,19,27,-1,800,250
1050,1758,1,0.385542,0.148643,55,19,27,-1,50,1000
1050,1195,1,0.2638,0.0695907,6,21,27,-1,100,950
1050,837,1,0.469755,0.220669,15,21,27,-1,150,900
1050,828,1,1.20516,1.45242,61,23,27,1,150,900
1050,830,2,1.63034,1.32999,40.5,26.5,27,2,150,900
1050,2515,1,0.858871,0.737659,58,27,27,-1,0,1050
1050,1197,1,0.395002,0.156027,53,29,27,1,100,950
1050,1183,1,0.841422,0.70799,16,31,27,-1,100,950
1050,1729,2,1.50254,1.45732,26.5,31,27,0,50,1000
1050,2516,1,0.503032,0.253042,46,31,27,-1,0,1050
1050,1730,3,3.17062,3.72735,49.3333,33.3333,27.3333,-1,50,1000
1050,1198,1,0.449507,0.202057,2,36,27,1,100,950
1050,2517,1,0.899347,0.808826,45,36,27,-1,0,1050
1050,2518,2,1.10486,0.638549,9,39.5,27.5,0,0,1050
1050,2519,1,1.16754,1.36315,20,41,27,-1,0,1050
1050,269,2,1.99656,2.11339,41.5,43,27,0,400,650
1050,1184,1,0.796337,0.634153,62,43,27,1,100,950
1050,186,1,0.73979,0.547289,25,45,27,1,500,550
1050,79,1,1.13591,1.2903,60,45,27,-1,700,350
1050,1771,2,1.82222,1.94706,13.5,45.5,27.5,2,50,1000
1050,1770,5,3.22903,2.3537,18.4,46.6,28,-1,50,1000
1050,471,6,5.12594,4.47849,40.1667,48,28.1667,2,250,800
1050,2520,1,0.636632,0.4053,59,49,27,1,0,1050
1050,1733,1,0.658528,0.433659,46,54,27,1,50,1000
1050,594,1,0.744916,0.5549,21,55,27,1,200,850
1050,602,1,0.580452,0.336924,12,57,27,-1,200,850
1050,606,1,1.0328,1.06667,57,57,27,1,200,850
1050,1734,3,2.63019,2.59802,19.3333,58,27.6667,1,50,1000
1050,1209,3,2.92597,2.85761,55.3333,58,28,-1,100,950
1050,1186,2,1.37236,0.984883,46.5,60,27.5,0,100,950
1050,2521,1,0.702651,0.493719,49,60,27,1,0,1050
1050,595,1,1.09953,1.20896,8,61,27,-1,200,850
1050,54,1,0.775502,0.601404,18,61,27,-1,750,300
1050,1735,1,0.603397,0.364088,56,61,27,-1,50,1000
1050,387,3,1.92547,1.65097,26.3333,62.3333,27,-1,300,750
1050,1737,10,8.41739,8.7713,15.5,63.1,28.8,2,50,1000
1050,835,1,1.73734,3.01834,44,1,28,-1,150,900
1050,1738,1,1.08502,1.17726,42,3,28,-1,50,1000
1050,104,6,3.10981,2.22989,24.6667,4.33333,29.6667,0,650,400
1050,2522,1,0.64222,0.412446,42,5,28,-1,0,1050
1050,1739,1,0.856684,0.733908,32,7,28,-1,50,1000
1050,392,1,0.520668,0.271095,53,10,28,1,300,750
1050,1755,2,2.36341,2.80983,62.5,11.5,28.5,-2,50,1000
1050,2523,1,0.43771,0.19159,55,12,28,-1,0,1050
1050,1740,1,0.421961,0.178051,43,15,28,1,50,1000
1050,1741,1,0.923809,0.853423,12,16,28,-1,50,1000
1050,2524,1,0.665611,0.443038,13,18,28,-1,0,1050
1050,599,2,1.01891,0.549703,30,18,28.5,0,200,850
1050,2525,1,0.773193,0.597827,40,18,28,1,0,1050
1050,2526,2,2.09048,2.3068,58,19,28.5,0,0,1050
1050,1757,1,0.957459,0.916727,1,20,28,-1,50,1000
1050,1778,7,5.56184,4.62342,17,22.4286,30,1,50,1000
1050,608,1,0.651258,0.424137,34,23,28,-1,200,850
1050,1190,4,2.79818,2.31107,6.5,28.5,28.5,0,100,950
1050,1196,1,0.814668,0.663684,26,29,28,1,100,950
1050,829,2,0.928981,0.488776,43.5,29,28,0,150,900
1050,1744,1,0.860712,0.740825,60,29,28,-1,50,1000
1050,2527,1,0.525041,0.275668,40,30,28,1,0,1050
1050,2528,2,1.61729,1.53359,59.5,31,28,0,0,1050
1050,2529,1,0.354248,0.125492,7,34,28,-1,0,1050
1050,1207,5,4.17765,4.33658,31,35.2,29.4,1,100,950
1050,1745,1,0.771201,0.594751,0,41,28,-1,50,1000
1050,2530,1,0.630509,0.397542,29,41,28,1,0,1050
1050,2531,1,1.06918,1.14315,56,41,28,1,0,1050
1050,592,3,2.03013,1.56729,23.6667,42,28.3333,1,200,850
1050,2532,2,1.9978,2.05305,48.5,43,28,0,0,1050
1050,600,2,2.70689,3.7414,55,45.5,28,0,200,850
1050,1746,7,4.50745,3.20194,31,46.4286,28.5714,-3,50,1000
1050,1217,3,3.46674,4.56455,58,46.6667,28.3333,1,100,950
1050,103,1,0.986767,0.973709,6,48,28,-1,650,400
1050,2533,2,0.78931,0.341647,63.5,48.5,28,0,0,1050
1050,601,12,8.37358,6.85518,6.58333,49.1667,29.4167,-2,200,850
1050,593,3,2.04529,1.60302,10.3333,51.3333,28,1,200,850
1050,833,1,0.536044,0.287343,28,51,28,-1,150,900
1050,843,1,1.24794,1.55736,31,53,28,1,150,900
1050,2534,3,2.16229,2.01345,51,54.6667,28.6667,-1,0,1050
1050,1749,1,0.560904,0.314613,37,55,28,-1,50,1000
1050,603,1,0.82466,0.680064,33,59,28,-1,200,850
1050,607,1,0.969597,0.940119,38,59,28,-1,200,850
1050,123,2,0.792913,0.355978,41.5,61,28,0,600,450
1050,1761,1,0.534959,0.286181,62,61,28,1,50,1000
1050,2535,2,0.971468,0.618045,10,63,28.5,0,0,1050
1050,1188,1,1.23363,1.52185,41,63,28,-1,100,950
1050,1775,2,0.602048,0.211256,41.5,1,29,0,50,1000
1050,839,3,2.84644,2.75373,30.6667,2.33333,29,-1,150,900
1050,2536,1,0.44617,0.199067,60,2,29,-1,0,1050
1050,1751,1,0.896345,0.803434,0,3,29,1,50,1000
1050,1752,1,0.708483,0.501949,11,7,29,-1,50,1000
1050,388,2,1.79992,1.8758,16,7.5,29,0,300,750
1050,1764,1,0.227661,0.0518296,19,7,29,-1,50,1000
1050,823,11,5.71708,3.47077,52.7273,8.63636,29.4545,1,150,900
1050,619,5,3.14604,2.2231,20.4,9,29.6,-1,200,850
1050,598,3,1.05214,0.387439,26.6667,10,29.3333,1,200,850
1050,1754,1,0.491823,0.24189,5,10,29,1,50,1000
1050,2537,5,3.07411,2.02814,8.6,12.2,29.8,-1,0,1050
1050,827,1,0.918179,0.843052,49,12,29,1,150,900
1050,393,6,4.08791,4.66403,23.1667,16.8333,30.6667,0,300,750
1050,1756,1,0.798324,0.637322,29,16,29,1,50,1000
1050,1194,2,0.83513,0.360249,32.5,16,29,0,100,950
1050,1766,9,5.1998,3.16554,51,16.5556,29.8889,1,50,1000
1050,2538,2,1.89244,1.80567,4.5,19.5,29.5,-2,0,1050
1050,2539,1,0.968609,0.938204,13,22,29,1,0,1050
1050,1769,1,0.854857,0.73078,4,24,29,-1,50,1000
1050,1759,1,0.851415,0.724908,43,24,29,-1,50,1000
1050,824,1,0.723307,0.523173,55,24,29,1,150,900
1050,2540,2,1.34184,0.928822,27.5,26.5,29,0,0,1050
1050,845,6,3.91117,2.90436,40.1667,26.5,29.6667,2,150,900
1050,1785,1,0.310782,0.0965851,45,27,29,1,50,1000
1050,397,1,0.608333,0.370069,54,27,29,1,300,750
1050,831,1,0.503996,0.254012,50,30,29,1,150,900
1050,2541,1,1.0317,1.06441,4,33,29,-1,0,1050
1050,1803,2,1.18039,0.841995,5.5,35.5,29.5,0,50,1000
1050,2542,1,0.827122,0.684131,45,35,29,-1,0,1050
1050,825,2,1.61231,1.33721,39.5,36,29,0,150,900
1050,2543,1,0.731256,0.534735,47,36,29,-1,0,1050
1050,609,1,0.810228,0.656469,25,37,29,1,200,850
1050,841,1,0.652666,0.425973,1,39,29,1,150,900
1050,838,2,1.63563,1.5613,14.5,40,29,0,150,900
1050,391,3,1.89041,1.51134,43.6667,42.3333,29,1,300,750
1050,2544,2,1.6352,1.37006,16,43.5,29.5,0,0,1050
1050,2545,3,2.58277,2.2531,41.6667,44.3333,29,-1,0,1050
1050,613,1,0.820626,0.673427,62,45,29,1,200,850
1050,2546,1,0.654616,0.428522,6,46,29,-1,0,1050
1050,1747,1,0.426674,0.18205,27,48,29,1,50,1000
1050,2547,1,0.619788,0.384137,54,48,29,-1,0,1050
1050,1218,1,0.706015,0.498458,50,49,29,1,100,950
1050,2548,2,1.26128,0.802914,57.5,49,29,0,0,1050
1050,2549,1,1.02168,1.04383,53,52,29,1,0,1050
1050,2550,1,0.57847,0.334627,0,53,29,1,0,1050
1050,2551,1,0.944692,0.892443,12,53,29,1,0,1050
1050,615,1,0.666996,0.444884,17,53,29,1,200,850
1050,2552,1,1.0111,1.02232,47,54,29,1,0,1050
1050,19,2,1.21299,0.759023,58,54.5,29,0,800,250
1050,1760,1,0.823103,0.677498,60,55,29,1,50,1000
1050,1240,1,0.911266,0.830406,11,57,29,-1,100,950
1050,1762,1,0.709083,0.502798,31,58,29,-1,50,1000
1050,1773,1,0.885883,0.78479,62,58,29,1,50,1000
1050,2553,1,0.413696,0.171144,32,61,29,-1,0,1050
1050,1774,4,3.25631,2.68095,42.5,60.5,29.75,0,50,1000
1050,1232,2,1.56883,1.27846,27.5,62,29.5,0,100,950
1050,604,2,1.16136,0.869557,34,0.5,30,0,200,850
1050,1202,12,11.1623,12.7056,7.25,-1.91667,30.8333,-2,100,950
1050,1203,1,1.26454,1.59906,47,2,30,-1,100,950
1050,2554,4,1.98446,1.0268,2,5,30.75,0,0,1050
1050,1809,3,1.49417,1.06471,18.3333,6,30.6667,1,50,1000
1050,1221,1,0.42622,0.181663,37,7,30,1,100,950
1050,23,5,3.24187,2.21366,43,7,31.2,-1,800,250
1050,840,1,0.960441,0.922447,47,10,30,-1,150,900
1050,2555,1,1.3294,1.7673,30,11,30,-1,0,1050
1050,80,2,1.58542,1.25707,4,13,30.5,0,700,350
1050,1765,1,0.53983,0.291416,16,13,30,-1,50,1000
1050,1211,1,0.626718,0.392775,26,16,30,1,100,950
1050,1767,1,0.420362,0.176705,27,22,30,1,50,1000
1050,1768,1,1.05344,1.10973,53,22,30,1,50,1000
1050,1212,2,1.5231,1.34932,61.5,23.5,30,0,100,950
1050,2556,1,0.786676,0.618859,2,26,30,-1,0,1050
1050,2557,1,1.086,1.17939,18,26,30,-1,0,1050
1050,396,1,0.765182,0.585504,30,26,30,-1,300,750
1050,1205,1,0.567345,0.321881,12,28,30,1,100,950
1050,1213,1,0.25257,0.0637914,14,28,30,-1,100,950
1050,1206,1,0.711105,0.50567,63,29,30,1,100,950
1050,2558,2,1.60253,1.34103,53,30.5,30,0,0,1050
1050,2559,1,0.587288,0.344907,55,30,30,-1,0,1050
1050,2560,1,0.691354,0.47797,7,31,30,-1,0,1050
1050,2561,1,1.30971,1.71533,45,33,30,-1,0,1050
1050,1216,3,1.5132,0.844214,23,39.6667,30.3333,-1,100,950
1050,2562,1,0.51004,0.260141,7,40,30,1,0,1050
1050,1230,1,0.751615,0.564925,18,44,30,1,100,950
1050,2563,1,0.778363,0.605849,12,46,30,1,0,1050
1050,2564,1,0.780368,0.608974,63,48,30,-1,0,1050
1050,1790,1,0.48065,0.231024,25,49,30,1,50,1000
1050,1779,1,0.852456,0.726681,36,50,30,-1,50,1000
1050,1792,1,0.579804,0.336173,32,51,30,-1,50,1000
1050,1772,3,2.46506,2.2122,25,52.6667,30,-1,50,1000
1050,1225,1,0.350011,0.122508,50,53,30,1,100,950
1050,834,1,0.541097,0.292785,18,55,30,-1,150,900
1050,2565,1,0.994867,0.98976,24,56,30,-1,0,1050
1050,2566,1,0.891867,0.795427,43,57,30,1,0,1050
1050,1226,3,2.0785,1.56741,58.6667,58.3333,30.6667,-1,100,950
1050,105,1,1.02277,1.04607,20,59,30,1,650,400
1050,1210,1,0.797672,0.636281,46,59,30,-1,100,950
1050,1795,1,0.365495,0.133586,58,62,30,-1,50,1000
1050,1245,2,1.25936,0.793271,42,1.5,31,0,100,950
1050,1781,2,1.33972,0.917671,29,2,31.5,0,50,1000
1050,272,1,0.955112,0.912238,59,2,31,1,400,650
1050,1776,1,1.85869,3.45471,11,5,31,1,50,1000
1050,2567,1,0.986812,0.973798,13,5,31,1,0,1050
1050,1811,1,0.646939,0.41853,23,8,31,-1,50,1000
1050,836,1,0.567411,0.321955,37,12,31,-1,150,900
1050,1777,1,0.955523,0.913024,58,12,31,-1,50,1000
1050,620,1,0.765991,0.586743,7,15,31,-1,200,850
1050,844,2,1.52091,1.23046,61.5,16,31,0,150,900
1050,473,3,1.85796,1.24581,40,16.3333,32,1,250,800
1050,2568,2,1.8996,1.81031,16,19.5,31.5,0,0,1050
1050,2569,1,0.776995,0.603721,36,22,31,-1,0,1050
1050,2570,1,0.71523,0.511554,8,24,31,-1,0,1050
1050,2571,1,1.03825,1.07797,58,25,31,-1,0,1050
1050,2572,1,0.664377,0.441397,56,28,31,-1,0,1050
1050,1238,1,0.578553,0.334724,14,30,31,-1,100,950
1050,1214,3,2.4446,1.99385,40.6667,35.3333,31,1,100,950
1050,847,1,0.62038,0.384871,51,37,31,-1,150,900
1050,1215,1,0.440349,0.193907,57,37,31,-1,100,950
1050,188,2,1.29882,0.926328,20,39.5,31,0,500,550
1050,2573,2,1.47268,1.19709,13.5,40.5,31,0,0,1050
1050,612,4,2.52738,1.89184,34.25,40.5,31.75,0,200,850
1050,2574,1,0.528347,0.27915,47,40,31,1,0,1050
1050,2575,6,3.40518,2.26467,60,43.6667,31.8333,2,0,1050
1050,1789,1,0.833756,0.695149,20,45,31,1,50,1000
1050,1229,2,1.49289,1.3925,57,47,31.5,0,100,950
1050,616,7,4.7082,3.61852,39.8571,49.1429,31.5714,3,200,850
1050,1223,2,1.79439,1.6146,47.5,48.5,31.5,0,100,950
1050,2576,1,0.14614,0.0213569,36,52,31,1,0,1050
1050,1219,2,1.59804,1.27825,3.5,56,31,0,100,950
1050,268,1,0.446537,0.199395,49,57,31,1,400,650
1050,2577,2,1.64171,1.36346,50.5,59,31,0,0,1050
1050,1794,1,0.761791,0.580326,25,61,31,-1,50,1000
1050,1805,3,2.30832,1.84862,20.3333,61.6667,32,1,50,1000
1050,618,1,0.940529,0.884594,24,1,32,-1,200,850
1050,1220,2,1.62882,1.32693,31,1.5,32,0,100,950
1050,1807,2,1.48335,1.22604,1,2,32.5,0,50,1000
1050,1780,1,0.923192,0.852284,5,2,32,-1,50,1000
1050,1796,2,1.56138,1.21898,33,2,32.5,0,50,1000
1050,1235,1,0.811678,0.658821,36,4,32,1,100,950
1050,1812,4,3.21609,2.60905,59.5,5.5,32.5,0,50,1000
1050,1808,1,0.539448,0.291004,26,6,32,-1,50,1000
1050,1242,1,0.892578,0.796695,14,8,32,-1,100,950
1050,1236,2,1.72628,1.66369,49,11.5,32.5,0,100,950
1050,2578,1,0.59617,0.355419,9,13,32,-1,0,1050
1050,1237,4,2.81499,2.04347,5,16,33,0,100,950
1050,1782,2,1.72473,1.48889,49.5,21,32,0,50,1000
1050,1783,4,3.41831,3.34952,22.75,22.25,32.25,0,50,1000
1050,2579,1,0.6621,0.438376,38,22,32,-1,0,1050
1050,852,3,2.91837,2.84522,30,24.3333,33,1,150,900
1050,1784,2,1.0426,0.595646,22.5,26.5,32,2,50,1000
1050,1828,2,1.06739,0.569808,45.5,26,32,0,50,1000
1050,2580,1,0.426549,0.181944,49,28,32,1,0,1050
1050,2581,1,0.707364,0.500363,19,29,32,-1,0,1050
1050,864,8,7.14344,7.73862,52,30,33.875,-2,150,900
1050,621,1,0.47868,0.229135,37,31,32,-1,200,850
1050,1222,1,1.36156,1.85384,60,31,32,-1,100,950
1050,21,2,1.08531,0.643491,31.5,32.5,32.5,2,800,250
1050,2582,1,0.934985,0.874198,49,32,32,-1,0,1050
1050,470,5,4.08202,3.49277,2.4,36.4,32.4,1,250,800
1050,156,1,1.00021,1.00041,62,38,32,1,550,500
1050,1786,1,0.678709,0.460645,3,39,32,1,50,1000
1050,1244,11,8.02047,6.18768,39.1818,37.1818,34.6364,-3,100,950
1050,231,1,0.605639,0.366798,26,42,32,-1,450,600
1050,1787,2,0.956506,0.468788,39.5,42,32,0,50,1000
1050,1788,1,0.540012,0.291613,35,44,32,1,50,1000
1050,2583,1,0.485719,0.235923,38,45,32,-1,0,1050
1050,1228,1,1.20931,1.46244,49,46,32,-1,100,950
1050,2584,2,1.5093,1.15806,18,47,32.5,0,0,1050
1050,842,1,0.608059,0.369736,41,47,32,1,150,900
1050,1224,1,0.678408,0.460238,22,49,32,-1,100,950
1050,1791,1,0.344395,0.118608,43,49,32,1,50,1000
1050,2585,1,0.466452,0.217577,29,50,32,1,0,1050
1050,1231,3,1.62162,0.997903,10,51.3333,32.6667,1,100,950
1050,1831,1,0.72832,0.53045,49,51,32,-1,50,1000
1050,157,1,0.975833,0.952251,52,54,32,-1,550,500
1050,622,8,6.04062,5.01858,45,54.375,33.25,0,200,850
1050,1793,1,0.529993,0.280893,36,56,32,1,50,1000
1050,2586,2,1.48396,1.10645,38,57,32.5,0,0,1050
1050,1820,1,0.857524,0.735347,10,58,32,-1,50,1000
1050,2587,1,0.548033,0.30034,23,61,32,-1,0,1050
1050,2588,1,0.771609,0.595381,58,62,32,-1,0,1050
1050,1255,2,2.01925,3.14323,26.5,63,32.5,2,100,950
1050,472,2,1.79575,1.61567,62,0.5,33.5,0,250,800
1050,1798,2,0.979134,0.480806,40.5,2,33,0,50,1000
1050,1797,1,0.675924,0.456873,51,3,33,-1,50,1000
1050,2589,1,0.861679,0.742491,42,4,33,-1,0,1050
1050,1810,1,0.521354,0.27181,34,5,33,1,50,1000
1050,55,4,3.0411,2.88164,46.75,6,34,-2,750,300
1050,2590,4,1.33142,0.506909,32,8.5,33.5,2,0,1050
1050,851,1,0.686556,0.471359,42,9,33,-1,150,900
1050,1799,2,1.55012,1.29369,18,11,33.5,0,50,1000
1050,1824,2,1.5718,1.33531,41.5,11,33,0,50,1000
1050,2591,1,0.796988,0.63519,0,14,33,1,0,1050
1050,1800,1,1.05409,1.11111,43,14,33,1,50,1000
1050,1801,1,0.92627,0.857977,61,15,33,-1,50,1000
1050,1825,1,0.41358,0.171048,27,17,33,1,50,1000
1050,1826,1,0.575527,0.331231,43,17,33,1,50,1000
1050,625,11,9.53265,8.65887,44.8182,19.8182,35,5,200,850
1050,2592,1,0.621306,0.386021,56,18,33,-1,0,1050
1050,641,2,1.46708,1.08058,6.5,21.5,33,-2,200,850
1050,1247,3,2.6359,2.40582,1,23.3333,33.3333,1,100,950
1050,1814,3,2.05036,1.97149,62.3333,25.3333,33.6667,1,50,1000
1050,1802,1,0.843713,0.711851,39,27,33,-1,50,1000
1050,270,1,0.853793,0.728962,27,28,33,1,400,650
1050,626,1,0.741387,0.549655,37,28,33,-1,200,850
1050,861,1,0.878517,0.771792,41,29,33,-1,150,900
1050,1227,1,0.993506,0.987055,35,34,33,1,100,950
1050,846,1,0.864781,0.747846,25,35,33,-1,150,900
1050,2593,1,0.548613,0.300976,6,36,33,1,0,1050
1050,2594,3,1.70991,1.25947,32,35.6667,34,1,0,1050
1050,1817,2,0.963362,0.481062,53.5,38.5,33,0,50,1000
1050,855,2,1.07681,0.616295,9.5,44,33,0,150,900
1050,2595,1,1.31759,1.73605,47,44,33,1,0,1050
1050,2596,2,1.15663,0.773609,55.5,44.5,33,0,0,1050
1050,2597,1,0.457325,0.209146,20,47,33,-1,0,1050
1050,627,1,0.926528,0.858454,1,49,33,-1,200,850
1050,271,2,1.46902,1.10781,61.5,49.5,33.5,0,400,650
1050,2598,2,0.408031,0.0877208,16.5,50,33,0,0,1050
1050,1804,1,1.12897,1.27456,61,52,33,1,50,1000
1050,849,2,1.36756,1.06652,62,55.5,33.5,0,150,900
1050,106,1,0.823013,0.67735,33,57,33,-1,650,400
1050,2599,2,2.60065,3.63417,40,58,33.5,0,0,1050
1050,2600,1,0.3004,0.0902402,60,58,33,1,0,1050
1050,1252,1,1.18433,1.40263,51,59,33,1,100,950
1050,1241,3,1.47253,0.74386,4,60.6667,33.6667,-1,100,950
1050,474,4,2.66621,2.02852,12.25,62.5,33.75,0,250,800
1050,623,1,0.729408,0.532036,44,62,33,-1,200,850
1050,873,3,1.94858,1.30999,23,63,33.3333,1,150,900
1050,232,1,0.967751,0.936542,16,0,34,1,450,600
1050,1806,1,1.04911,1.10064,39,0,34,1,50,1000
1050,1233,1,0.476876,0.227411,46,0,34,-1,100,950
1050,2601,1,0.266185,0.0708546,4,1,34,1,0,1050
1050,1234,2,1.3734,0.956596,23.5,2,34,0,100,950
1050,1821,2,0.886986,0.478035,26.5,4.5,34,0,50,1000
1050,233,5,4.53391,5.3049,16.8,5.6,35.2,1,450,600
1050,624,1,1.1639,1.35466,0,6,34,1,200,850
1050,395,3,2.12851,1.58529,9.33333,8.66667,34.3333,1,300,750
1050,1834,1,1.00064,1.00128,12,8,34,-1,50,1000
1050,2602,1,0.988192,0.976524,22,9,34,1,0,1050
1050,2603,5,4.12274,3.79111,61.8,7.8,35,-1,0,1050
1050,124,3,1.38327,0.700707,27,11.3333,34.3333,1,600,450
1050,275,1,0.765667,0.586246,4,12,34,-1,400,650
1050,2604,2,2.17816,3.0019,7.5,14,34,0,0,1050
1050,1243,2,1.19467,0.908038,15,15.5,34.5,0,100,950
1050,1813,3,2.67403,2.74304,48.3333,16,34.6667,1,50,1000
1050,876,1,0.741635,0.550022,7,18,34,1,150,900
1050,57,4,4.38596,5.70018,23.5,19.5,34.25,0,750,300
1050,484,1,0.418899,0.175477,33,20,34,1,250,800
1050,850,1,0.999214,0.998428,34,26,34,-1,150,900
1050,2605,1,0.626214,0.392145,24,28,34,-1,0,1050
1050,863,1,0.858074,0.736291,34,28,34,-1,150,900
1050,1248,1,0.738471,0.54534,51,28,34,-1,100,950
1050,1815,2,1.05509,0.670245,13,31,34.5,0,50,1000
1050,1816,1,0.714022,0.509827,57,33,34,-1,50,1000
1050,2606,1,0.48276,0.233057,53,35,34,1,0,1050
1050,868,1,0.204724,0.0419118,28,38,34,-1,150,900
1050,1262,1,0.367063,0.134735,18,39,34,1,100,950
1050,1818,1,0.131352,0.0172532,21,39,34,1,50,1000
1050,24,2,1.30098,0.850501,26,39.5,34,0,800,250
1050,1259,1,0.536244,0.287558,24,40,34,-1,100,950
1050,1819,1,1.17121,1.37174,16,42,34,1,50,1000
1050,2607,1,1.21069,1.46576,18,43,34,1,0,1050
1050,1239,1,0.713185,0.508632,29,45,34,1,100,950
1050,129,3,1.25688,0.621948,25.3333,51.6667,35,-1,600,450
1050,2608,1,0.549853,0.302338,4,54,34,1,0,1050
1050,629,1,0.667131,0.445064,9,54,34,-1,200,850
1050,2609,3,2.01386,1.8514,51,53,34.6667,-1,0,1050
1050,2610,1,0.683169,0.466719,49,55,34,-1,0,1050
1050,1251,1,0.944964,0.892957,30,56,34,1,100,950
1050,2611,1,0.457733,0.209519,12,57,34,1,0,1050
1050,1841,2,1.20858,0.790973,10,57.5,34.5,0,50,1000
1050,126,2,0.577932,0.19241,43,58,34.5,0,600,450
1050,280,4,3.02696,2.4534,34.5,0.75,35.75,-2,400,650
1050,1833,1,0.814247,0.662998,37,1,35,-1,50,1000
1050,476,3,2.18817,1.63763,-0.333333,2.66667,35.6667,-1,250,800
1050,478,1,0.786246,0.618183,46,2,35,-1,250,800
1050,860,2,2.54844,3.65479,4,7.5,35,0,150,900
1050,2612,3,2.08048,1.80001,26.6667,8,35.3333,-1,0,1050
1050,1822,3,1.52316,0.774955,14.3333,9,35.6667,1,50,1000
1050,875,2,1.41997,1.0082,2,10,35.5,0,150,900
1050,2613,1,0.210334,0.0442402,13,11,35,1,0,1050
1050,273,1,0.672597,0.452386,38,11,35,1,400,650
1050,1823,1,0.926674,0.858725,58,11,35,-1,50,1000
1050,1851,1,0.895391,0.801725,40,12,35,-1,50,1000
1050,2614,1,0.749285,0.561428,42,12,35,1,0,1050
1050,320,5,3.88931,3.2582,19.2,14.4,35.6,1,350,700
1050,2615,1,0.182395,0.0332681,44,15,35,1,0,1050
1050,2616,1,0.448369,0.201035,28,16,35,1,0,1050
1050,2617,1,0.616523,0.3801,16,18,35,1,0,1050
1050,2618,1,0.688714,0.474327,42,18,35,-1,0,1050
1050,1836,3,1.77598,1.38461,60.6667,19.3333,35.3333,1,50,1000
1050,636,2,1.07015,0.580607,36.5,20.5,35.5,0,200,850
1050,2619,1,0.725037,0.525679,31,22,35,-1,0,1050
1050,274,1,1.29374,1.67377,13,24,35,-1,400,650
1050,1827,1,1.44165,2.07837,49,25,35,1,50,1000
1050,2620,2,1.4799,1.10018,46.5,26.5,35,0,0,1050
1050,2621,1,0.568654,0.323367,37,27,35,1,0,1050
1050,853,2,1.3311,0.936751,57,28.5,35,0,150,900
1050,1829,3,2.19563,1.65522,42,29,35.6667,-1,50,1000
1050,1258,6,3.4951,2.33657,14.5,34,35.6667,2,100,950
1050,854,1,0.67677,0.458017,43,33,35,-1,150,900
1050,128,3,2.87429,2.77478,58.3333,35.6667,35,1,600,450
1050,1260,1,0.705297,0.497444,61,37,35,1,100,950
1050,2622,3,2.39644,2.29592,51.3333,39,35.6667,-1,0,1050
1050,1263,1,0.423581,0.179421,41,41,35,1,100,950
1050,2623,1,0.960746,0.923032,54,41,35,-1,0,1050
1050,2624,5,3.26924,2.29331,48,42.4,35.6,1,0,1050
1050,1830,2,1.61348,1.3018,13,43.5,35.5,0,50,1000
1050,125,3,2.04247,1.80109,5,45.3333,35.3333,-1,600,450
1050,2625,2,1.55757,1.23514,40,46,35.5,-2,0,1050
1050,2626,1,0.894234,0.799655,42,46,35,-1,0,1050
1050,856,1,1.12631,1.26857,6,48,35,-1,150,900
1050,2627,1,0.809544,0.655362,41,48,35,1,0,1050
1050,2628,1,0.523018,0.273548,31,49,35,-1,0,1050
1050,872,1,0.639438,0.408881,11,53,35,1,150,900
1050,2629,1,0.885707,0.784476,53,53,35,1,0,1050
1050,857,4,2.66039,1.98533,32.75,55,35.5,2,150,900
1050,1253,2,1.46176,1.21965,26,59,35.5,0,100,950
1050,858,7,4.09573,2.9194,33.4286,60.7143,35.5714,1,150,900
1050,2630,1,0.766599,0.587674,45,59,35,-1,0,1050
1050,2631,3,1.66577,1.00912,51,58.3333,35.6667,-1,0,1050
1050,1254,1,1.09639,1.20207,54,61,35,1,100,950
1050,859,1,0.691159,0.477701,10,62,35,-1,150,900
1050,630,1,1.19688,1.43252,46,62,35,-1,200,850
1050,319,1,0.603702,0.364456,19,63,35,1,350,700
1050,2632,1,0.912379,0.832436,41,63,35,-1,0,1050
1050,127,5,4.89456,5.63951,29.2,1.2,37,-3,600,450
1050,2633,1,0.889024,0.790363,40,1,36,-1,0,1050
1050,158,1,0.533585,0.284713,16,3,36,-1,550,500
1050,1270,2,1.08502,0.701666,1,5,36.5,0,100,950
1050,1850,1,1.41876,2.01288,1,8,36,1,50,1000
1050,1246,1,0.709707,0.503684,36,9,36,-1,100,950
1050,483,1,0.328069,0.10763,35,12,36,-1,250,800
1050,2634,1,1.26132,1.59093,53,14,36,1,0,1050
1050,2635,1,1.06258,1.12907,56,14,36,1,0,1050
1050,1835,2,1.08992,0.688372,38.5,16,36,0,50,1000
1050,628,1,0.714013,0.509814,63,16,36,1,200,850
1050,56,6,5.18518,5.28635,11.5,17,36.5,0,750,300
1050,1838,1,0.58119,0.337782,0,22,36,1,50,1000
1050,1292,1,1.18371,1.40117,4,22,36,1,100,950
1050,1271,1,0.568886,0.323632,9,22,36,-1,100,950
1050,862,2,1.93366,1.88432,4.5,30,36,0,150,900
1050,1839,1,0.687404,0.472524,32,30,36,-1,50,1000
1050,1840,1,0.186773,0.0348842,44,30,36,-1,50,1000
1050,1843,1,0.847856,0.71886,49,30,36,-1,50,1000
1050,2636,1,0.899028,0.808252,7,32,36,-1,0,1050
1050,1264,3,2.5864,2.52649,29,32.3333,37,-3,100,950
1050,866,1,0.591789,0.350214,61,34,36,1,150,900
1050,1845,3,2.20688,1.78702,25.6667,36.3333,37,-1,50,1000
1050,1846,2,1.1205,0.635918,54.5,37,36.5,0,50,1000
1050,193,1,0.950644,0.903724,25,39,36,-1,500,550
1050,107,3,2.46542,2.24945,28,41.3333,36.3333,-1,650,400
1050,2637,1,0.292146,0.0853494,30,42,36,-1,0,1050
1050,276,7,5.84229,5.26162,57.5714,43.1429,36.8571,-1,400,650
1050,2638,1,1.73098,2.99629,0,45,36,-1,0,1050
1050,1249,1,0.347323,0.120633,59,45,36,1,100,950
1050,322,1,0.797117,0.635396,27,46,36,-1,350,700
1050,2639,4,2.3457,1.44571,0.75,50.25,36.5,2,0,1050
1050,1250,1,0.467558,0.218611,45,50,36,-1,100,950
1050,871,1,0.710211,0.504399,6,51,36,-1,150,900
1050,2640,1,1.10074,1.21162,44,54,36,-1,0,1050
1050,2641,1,0.576302,0.332124,6,56,36,-1,0,1050
1050,2642,1,1.15142,1.32576,8,60,36,-1,0,1050
1050,631,1,0.780019,0.60843,22,60,36,-1,200,850
1050,2643,2,1.02878,0.539739,57.5,60,36,0,0,1050
1050,2644,1,0.725812,0.526803,28,63,36,1,0,1050
1050,874,14,11.3109,10.0128,8,1.78571,38.5,4,150,900
1050,399,1,0.785462,0.616951,34,3,37,1,300,750
1050,1842,3,3.40545,3.91676,13,6,37.6667,-1,50,1000
1050,398,5,3.53549,3.04405,20,7.4,38,-1,300,750
1050,2645,1,0.882724,0.779201,43,7,37,1,0,1050
1050,234,8,6.86638,6.64376,45.625,9.375,38.75,2,450,600
1050,2646,1,0.726679,0.528063,10,11,37,1,0,1050
1050,2647,1,0.918132,0.842967,1,12,37,1,0,1050
1050,1857,5,4.39095,4.52572,7.8,16.6,37.6,3,50,1000
1050,2648,1,1.1635,1.35373,5,18,37,1,0,1050
1050,81,2,1.26443,0.803517,22.5,18,37,0,700,350
1050,865,2,1.713,1.51628,24,22.5,37,0,150,900
1050,401,5,3.26266,2.67334,52.8,22,38.4,1,300,750
1050,1256,1,1.09296,1.19457,27,24,37,1,100,950
1050,881,1,0.836523,0.699771,37,26,37,1,150,900
1050,1257,3,3.57022,4.63398,56,29.6667,37,-1,100,950
1050,1866,1,0.303395,0.0920484,1,30,37,1,50,1000
1050,870,3,2.1169,1.52565,11.3333,31,37.6667,1,150,900
1050,1273,2,2.01458,2.03429,60.5,31,37,0,100,950
1050,2649,2,0.463666,0.108295,47.5,33,37.5,0,0,1050
1050,867,3,2.6073,2.37876,39,34,37.3333,-1,150,900
1050,1847,11,7.44905,5.65508,61.3636,37.6364,37.6364,1,50,1000
1050,1261,1,0.877658,0.770283,2,39,37,-1,100,950
1050,886,1,0.639944,0.409528,19,40,37,1,150,900
1050,2650,3,1.59961,0.898358,41.3333,42.3333,37,1,0,1050
1050,132,2,2.30163,2.89396,15,45.5,37.5,-2,600,450
1050,2651,1,1.20709,1.45706,33,46,37,1,0,1050
1050,161,1,0.729276,0.531844,50,48,37,1,550,500
1050,2652,1,0.640249,0.409919,61,48,37,-1,0,1050
1050,643,2,1.20865,0.741452,26,49,37.5,0,200,850
1050,1854,4,2.94282,2.28955,8.5,52,38,0,50,1000
1050,2653,1,1.18581,1.40615,20,54,37,-1,0,1050
1050,2654,1,0.534528,0.28572,10,55,37,-1,0,1050
1050,1870,4,1.90084,0.924694,62,55.5,38.5,0,50,1000
1050,477,1,0.945105,0.893223,31,57,37,-1,250,800
1050,1848,2,1.4752,1.08865,1.5,60,37,0,50,1000
1050,2655,3,1.46264,0.746203,44,61.3333,37.6667,1,0,1050
1050,1267,2,1.73945,1.97335,23,62.5,37,0,100,950
1050,635,1,0.282921,0.0800446,56,0,38,-1,200,850
1050,1268,1,1.58861,2.5237,36,1,38,1,100,950
1050,1849,2,1.80373,1.75655,18,2.5,38,0,50,1000
1050,2656,3,1.93894,1.58345,21,2.33333,39,1,0,1050
1050,159,2,1.81764,1.72342,52.5,2,38,0,550,500
1050,2657,1,0.849512,0.72167,21,5,38,-1,0,1050
1050,82,3,2.61313,2.36687,53.3333,5.66667,38,-1,700,350
1050,632,2,1.27611,0.941377,34,6,38.5,0,200,850
1050,237,2,1.95496,1.96259,47,6,38.5,0,450,600
1050,278,1,0.755497,0.570776,56,7,38,1,400,650
1050,1864,3,2.38952,2.6659,1,7.66667,39,1,50,1000
1050,2658,1,0.544705,0.296703,39,11,38,1,0,1050
1050,889,3,2.0967,1.51404,24,14.3333,38.6667,1,150,900
1050,235,6,5.22644,5.18924,52.3333,14,39,2,450,600
1050,2659,3,1.85375,1.17514,61.6667,14.6667,38,-1,0,1050
1050,2660,1,0.661869,0.438071,41,16,38,1,0,1050
1050,481,1,0.621326,0.386046,34,19,38,1,250,800
1050,1272,3,3.13202,3.39439,10.3333,21.3333,39,1,100,950
1050,1879,5,5.16379,5.69944,37.2,20.6,39.6,-1,50,1000
1050,1860,2,1.97276,1.99382,40.5,23.5,38.5,0,50,1000
1050,877,1,0.84556,0.714972,43,24,38,1,150,900
1050,2661,2,1.6707,1.42444,39,26,38.5,0,0,1050
1050,486,2,1.73376,1.69774,9.5,27,38,0,250,800
1050,2662,1,0.491255,0.241332,21,31,38,1,0,1050
1050,2663,1,0.436105,0.190188,27,31,38,-1,0,1050
1050,2664,2,1.1289,0.906252,63,32.5,38.5,0,0,1050
1050,1852,1,0.366888,0.134606,24,34,38,-1,50,1000
1050,646,4,3.036,2.31855,16.75,35.75,38,0,200,850
1050,1300,3,2.20166,1.63123,33,37.6667,39,1,100,950
1050,1276,3,3.17868,4.23791,16,38.3333,38,-1,100,950
1050,1863,1,0.826133,0.682496,4,42,38,-1,50,1000
1050,2665,6,3.88272,2.77368,30.1667,42,39.1667,0,0,1050
1050,189,1,0.700292,0.490409,53,45,38,1,500,550
1050,2666,1,0.511751,0.261889,27,46,38,1,0,1050
1050,2667,1,0.501009,0.25101,51,46,38,1,0,1050
1050,1853,1,0.566743,0.321198,11,47,38,-1,50,1000
1050,1265,1,0.596081,0.355313,7,48,38,-1,100,950
1050,2668,1,0.507207,0.257259,6,51,38,-1,0,1050
1050,482,1,0.436118,0.190199,29,53,38,-1,250,800
1050,1285,1,0.52856,0.279375,58,61,38,-1,100,950
1050,1266,1,0.530711,0.281655,62,61,38,-1,100,950
1050,2669,4,2.96599,2.24655,20.5,62,38.5,2,0,1050
1050,323,1,0.661047,0.436983,34,1,39,-1,350,700
1050,277,1,0.89295,0.797359,1,3,39,-1,400,650
1050,1288,2,1.64274,1.34936,36,3.5,39,0,100,950
1050,1855,1,0.671105,0.450382,3,7,39,1,50,1000
1050,479,1,0.375481,0.140986,28,7,39,1,250,800
1050,1279,1,0.634801,0.402972,26,8,39,1,100,950
1050,1856,4,2.10776,1.44733,58.75,11.5,39.25,0,50,1000
1050,1876,2,1.15311,0.713182,34,12.5,39,0,50,1000
1050,321,2,1.36545,0.957701,21.5,13,39,0,350,700
1050,672,6,6.47185,7.65689,26.3333,13.8333,40,0,200,850
1050,1877,1,0.427137,0.182446,38,15,39,1,50,1000
1050,130,2,1.17036,0.802725,-0.5,16,39.5,2,600,450
1050,1858,1,1.04073,1.08313,23,19,39,1,50,1000
1050,2670,1,1.08397,1.17498,15,20,39,-1,0,1050
1050,191,1,0.703389,0.494756,27,20,39,-1,500,550
1050,1890,1,0.897076,0.804745,3,21,39,-1,50,1000
1050,1859,1,0.655638,0.429862,20,21,39,-1,50,1000
1050,1281,1,0.386258,0.149195,61,22,39,1,100,950
1050,1293,2,1.22554,0.752149,9.5,24,39,0,100,950
1050,58,1,0.825292,0.681106,3,26,39,-1,750,300
1050,1861,2,1.27092,0.811794,42.5,27,39,0,50,1000
1050,1862,1,0.507823,0.257884,36,29,39,1,50,1000
1050,487,2,1.95644,1.99868,7,30,39.5,0,250,800
1050,2671,1,0.575292,0.330961,38,30,39,1,0,1050
1050,882,1,0.958145,0.918043,37,37,39,1,150,900
1050,896,1,0.819576,0.671705,19,40,39,1,150,900
1050,1274,1,0.746252,0.556891,45,40,39,-1,100,950
1050,1301,2,1.62711,1.32754,12.5,40.5,39.5,0,100,950
1050,1868,1,0.739437,0.546767,14,42,39,-1,50,1000
1050,2672,1,0.648406,0.42043,6,43,39,1,0,1050
1050,488,1,1.08113,1.16884,42,44,39,-1,250,800
1050,649,2,1.54436,1.54881,42.5,46,39,0,200,850
1050,2673,1,0.516723,0.267002,44,49,39,1,0,1050
1050,637,1,0.655542,0.429736,13,51,39,-1,200,850
1050,1296,3,3.83435,5.24743,62.3333,50.3333,40,-1,100,950
1050,878,2,1.32192,0.931702,48.5,52,39.5,0,150,900
1050,644,1,1.07634,1.1585,0,53,39,-1,200,850
1050,2674,1,1.67,2.78889,27,53,39,1,0,1050
1050,1284,3,2.18667,1.75313,12.3333,53.3333,40,-1,100,950
1050,2675,1,0.858338,0.736743,3,55,39,-1,0,1050
1050,2676,1,0.647068,0.418697,57,56,39,1,0,1050
1050,1303,2,1.90491,1.92512,39,57,39.5,0,100,950
1050,283,3,4.398,6.50495,18,61.3333,39.3333,1,400,650
1050,25,2,0.902762,0.576074,50.5,63,39,0,800,250
1050,639,1,0.531311,0.282292,30,0,40,-1,200,850
1050,1873,1,0.555648,0.308745,55,2,40,-1,50,1000
1050,2677,1,0.451157,0.203542,23,3,40,1,0,1050
1050,329,1,0.551814,0.304498,44,3,40,1,350,700
1050,325,5,2.30816,1.14133,50.2,5.4,40.6,-1,350,700
1050,1875,1,0.552584,0.305349,59,7,40,1,50,1000
1050,2678,1,1.56187,2.43942,39,8,40,-1,0,1050
1050,2679,2,2.1528,3.228,16.5,11.5,40.5,0,0,1050
1050,162,1,0.69306,0.480332,47,11,40,1,550,500
1050,645,1,1.00192,1.00385,52,12,40,-1,200,850
1050,1280,3,2.27155,1.86007,32.3333,16.6667,40.3333,1,100,950
1050,1889,1,0.374687,0.14039,61,16,40,1,50,1000
1050,160,2,1.09591,0.695275,46,16.5,40.5,0,550,500
1050,1891,1,0.432863,0.18737,5,21,40,-1,50,1000
1050,2680,1,0.684807,0.46896,7,22,40,1,0,1050
1050,284,4,2.38953,1.50986,26.75,23.75,40.25,2,400,650
1050,1882,7,5.56704,5.61931,30.8571,23.7143,41.2857,1,50,1000
1050,634,1,0.727922,0.52987,33,23,40,1,200,850
1050,236,3,3.14639,3.30942,56,24,40.3333,1,450,600
1050,900,1,0.555342,0.308405,54,25,40,1,150,900
1050,1282,1,1.01403,1.02826,29,26,40,-1,100,950
1050,2681,1,0.737604,0.54406,32,26,40,-1,0,1050
1050,1275,3,1.7102,1.18539,17.3333,28.3333,40,-1,100,950
1050,1865,1,0.785264,0.61664,24,28,40,-1,50,1000
1050,2682,1,1.20673,1.4562,62,28,40,1,0,1050
1050,2683,1,0.406796,0.165483,0,30,40,-1,0,1050
1050,2684,1,0.373833,0.139751,8,32,40,1,0,1050
1050,282,2,0.680928,0.272237,31.5,33,40,0,400,650
1050,1867,1,0.32967,0.108682,45,34,40,-1,50,1000
1050,2685,2,1.88669,1.79979,41.5,35,40.5,0,0,1050
1050,108,1,0.682012,0.465141,53,38,40,-1,650,400
1050,190,1,0.756027,0.571577,22,40,40,-1,500,550
1050,2686,1,0.482992,0.233281,16,42,40,1,0,1050
1050,2687,1,0.708513,0.50199,28,44,40,-1,0,1050
1050,2688,3,3.22976,3.56953,39.3333,45.3333,41,-1,0,1050
1050,1902,1,0.838244,0.702652,25,47,40,-1,50,1000
1050,887,7,3.70801,2.09555,61,47,41.2857,1,150,900
1050,899,1,0.767749,0.589438,15,48,40,-1,150,900
1050,2689,1,0.73837,0.545191,48,48,40,-1,0,1050
1050,2690,2,1.77931,1.83929,33.5,50,40,0,0,1050
1050,2691,1,0.620193,0.384639,31,52,40,1,0,1050
1050,879,1,0.580968,0.337524,38,52,40,-1,150,900
1050,1869,2,1.95821,1.92719,45,53,40.5,0,50,1000
1050,1277,2,1.72449,1.49751,34.5,54.5,40,0,100,950
1050,2692,1,0.19679,0.0387262,53,55,40,-1,0,1050
1050,1872,1,0.17342,0.0300746,30,56,40,1,50,1000
1050,1871,6,5.13642,4.67154,19.8333,58,40.3333,-2,50,1000
1050,2693,2,0.946885,0.449199,28.5,59.5,40.5,0,0,1050
1050,2694,1,1.00725,1.01456,45,62,40,-1,0,1050
1050,638,5,3.44741,2.80548,11.8,-0.6,41.8,-3,200,850
1050,2695,2,0.847744,0.35968,36,-0.5,41,0,0,1050
1050,2696,2,1.04437,0.738496,52.5,-0.5,41,0,0,1050
1050,1887,2,1.83391,1.76403,37.5,1.5,41.5,0,50,1000
1050,1278,2,1.27893,0.887122,63,1.5,41.5,0,100,950
1050,1289,3,1.37006,0.657825,33.3333,3,41.6667,1,100,950
1050,1874,3,2.66124,2.46944,16.6667,5,41.3333,-1,50,1000
1050,2697,1,0.942405,0.888126,20,5,41,-1,0,1050
1050,892,1,1.14621,1.3138,28,6,41,1,150,900
1050,1269,1,0.643998,0.414733,10,7,41,-1,100,950
1050,1313,3,2.32746,2.0215,55.6667,7.66667,41.3333,-1,100,950
1050,1896,1,1.06573,1.13578,50,10,41,1,50,1000
1050,1897,2,1.26088,0.834924,33.5,14,41,0,50,1000
1050,2698,1,0.748678,0.560519,36,16,41,-1,0,1050
1050,890,8,6.94236,6.37448,22.625,17.5,42.75,0,150,900
1050,26,2,1.81336,1.67352,2,18,41.5,0,800,250
1050,884,1,1.07576,1.15727,43,18,41,1,150,900
1050,1878,2,0.932367,0.436662,54,19,41.5,0,50,1000
1050,1880,1,0.539012,0.290534,21,21,41,1,50,1000
1050,2699,4,3.42459,3.00192,25.75,21.25,41.5,-2,0,1050
1050,1881,2,1.43028,1.02311,57.5,22.5,41,0,50,1000
1050,2700,3,2.66293,2.37801,4.33333,23,41.6667,1,0,1050
1050,2701,1,0.282067,0.079562,43,24,41,-1,0,1050
1050,281,3,2.27051,1.87678,51,25,42,1,400,650
1050,1883,1,0.919309,0.845129,34,30,41,-1,50,1000
1050,2702,2,1.19669,0.790678,46.5,30.5,41.5,0,0,1050
1050,1884,3,1.93857,1.46214,36,32.6667,41.3333,-1,50,1000
1050,60,2,1.22231,0.749865,18.5,33,41,0,750,300
1050,485,3,2.97842,3.55725,17.6667,35.3333,41,-1,250,800
1050,1899,2,1.98646,2.233,32.5,35,41,0,50,1000
1050,2703,5,2.6218,1.61146,55.4,36,42,-1,0,1050
1050,1305,2,1.66894,1.48801,18.5,38,41,0,100,950
1050,1283,1,0.928118,0.861402,36,39,41,1,100,950
1050,1885,1,0.487553,0.237708,12,42,41,-1,50,1000
1050,897,1,0.976143,0.952856,33,42,41,-1,150,900
1050,1901,1,1.05455,1.11207,12,44,41,-1,50,1000
1050,1886,1,0.816974,0.667447,0,45,41,1,50,1000
1050,898,9,3.87243,1.76144,44.6667,46.8889,42,-1,150,900
1050,1308,1,0.913898,0.83521,8,50,41,1,100,950
1050,1297,1,1.92343,3.69959,52,52,41,-1,100,950
1050,1302,1,0.584636,0.3418,8,55,41,-1,100,950
1050,2704,1,0.833594,0.69488,10,55,41,1,0,1050
1050,2705,1,0.460339,0.211912,51,58,41,1,0,1050
1050,1298,2,1.17186,0.691098,60,60.5,41,0,100,950
1050,2706,1,0.645425,0.416573,50,61,41,1,0,1050
1050,1287,1,1.25511,1.5753,10,1,42,-1,100,950
1050,2707,2,1.22389,0.809398,33.5,1,42,0,0,1050
1050,2708,2,1.61814,1.31115,40,2,42.5,0,0,1050
1050,1888,5,3.75235,2.92729,37.8,6,42.2,-1,50,1000
1050,1304,10,5.56022,3.62207,29.5,7.7,43.5,2,100,950
1050,27,1,0.876761,0.76871,42,10,42,1,800,250
1050,240,1,0.920379,0.847098,46,10,42,-1,450,600
1050,2709,1,0.881852,0.777664,52,10,42,-1,0,1050
1050,1914,1,0.464364,0.215634,58,10,42,1,50,1000
1050,1290,2,1.06862,0.571179,29,11.5,42,0,100,950
1050,883,2,1.84486,1.70873,40,13.5,42,0,150,900
1050,640,2,1.6672,1.4292,42,13,42.5,0,200,850
1050,2710,1,0.642222,0.412449,53,13,42,-1,0,1050
1050,2711,1,0.557359,0.310649,62,13,42,1,0,1050
1050,59,1,0.819283,0.671225,18,16,42,1,750,300
1050,1291,5,3.54576,2.6489,3.8,17,43.2,-1,100,950
1050,493,1,0.535967,0.287261,40,17,42,1,250,800
1050,657,1,0.814664,0.663678,0,18,42,1,200,850
1050,2712,3,2.33272,1.92631,2.33333,20.3333,42.3333,1,0,1050
1050,2713,1,1.11348,1.23983,31,20,42,1,0,1050
1050,1892,5,3.25976,2.41659,21.4,22.6,43,1,50,1000
1050,195,2,1.04748,0.548667,53,23,42.5,0,500,550
1050,905,10,7.5696,6.68609,22.6,26.9,42.8,0,150,900
1050,2714,1,0.403131,0.162515,41,27,42,-1,0,1050
1050,1893,1,1.15932,1.34403,6,29,42,-1,50,1000
1050,491,2,1.30549,0.876072,12.5,28.5,42.5,0,250,800
1050,2715,1,0.533924,0.285074,57,29,42,-1,0,1050
1050,885,2,1.70198,1.45131,14.5,32,42,0,150,900
1050,2716,1,0.836709,0.700082,54,32,42,-1,0,1050
1050,2717,1,0.490394,0.240486,40,33,42,1,0,1050
1050,2718,1,0.668148,0.446421,24,38,42,1,0,1050
1050,324,1,0.467711,0.218754,8,39,42,1,350,700
1050,1907,4,2.80064,2.08904,21.25,38.5,42.75,0,50,1000
1050,2719,10,6.93666,6.37927,31,40,43.3,0,0,1050
1050,1906,1,0.342137,0.117058,20,41,42,1,50,1000
1050,1900,2,1.64857,1.48164,56.5,41,42.5,-2,50,1000
1050,2720,1,0.0966734,0.00934574,16,42,42,1,0,1050
1050,131,2,1.4188,1.02013,62.5,42,42,0,600,450
1050,648,2,1.3337,0.90807,54,43.5,42,0,200,850
1050,2721,2,1.21684,0.797225,45.5,44,42,0,0,1050
1050,1295,3,1.83169,1.52259,27.6667,47.3333,43,1,100,950
1050,2722,1,0.874547,0.764832,16,49,42,-1,0,1050
1050,2723,1,0.872252,0.760823,53,49,42,-1,0,1050
1050,1309,2,1.97737,1.96379,16,51.5,42,0,100,950
1050,2724,2,0.785283,0.339844,42.5,51,42,0,0,1050
1050,888,3,1.81201,1.21342,4.33333,51.6667,42.6667,1,150,900
1050,2725,3,2.60324,2.27891,28.6667,52,42.3333,1,0,1050
1050,1894,5,3.73326,3.42129,1.6,57,42.4,-1,50,1000
1050,880,1,0.688465,0.473984,17,57,42,-1,150,900
1050,2726,1,0.28053,0.0786972,63,59,42,-1,0,1050
1050,1895,1,0.536147,0.287454,25,0,43,1,50,1000
1050,2727,1,1.12327,1.26173,20,2,43,1,0,1050
1050,655,1,1.00644,1.01291,45,3,43,1,200,850
1050,241,2,0.746233,0.358568,61,4.5,43.5,2,450,600
1050,194,1,1.30694,1.70808,2,5,43,-1,500,550
1050,2728,5,4.01965,3.47847,49.4,10.4,43.2,1,0,1050
1050,489,2,0.699057,0.244466,19,13,43.5,0,250,800
1050,2729,1,0.589752,0.347807,33,13,43,1,0,1050
1050,1924,5,2.86955,1.87882,44.8,13.2,43.4,1,50,1000
1050,912,1,1.20374,1.44898,25,15,43,-1,150,900
1050,1905,1,1.24443,1.54861,29,15,43,1,50,1000
1050,238,5,4.22633,3.61305,11,16.6,43.6,1,450,600
1050,326,6,4.95936,4.77571,43.8333,16.6667,44,-2,350,700
1050,192,1,1.05715,1.11757,15,23,43,-1,500,550
1050,1898,2,1.47576,1.09614,48,23.5,43,0,50,1000
1050,332,4,2.65558,1.96652,54.25,25.5,44.25,-2,350,700
1050,2730,1,0.574992,0.330616,63,28,43,1,0,1050
1050,1299,4,3.92733,4.3614,18.5,33,43.5,0,100,950
1050,2731,1,0.886478,0.785842,33,32,43,-1,0,1050
1050,2732,1,0.631464,0.398747,32,35,43,-1,0,1050
1050,668,3,2.50761,2.21851,35,39.3333,43.3333,1,200,850
1050,647,3,2.05338,1.5316,61.6667,39,43.3333,-1,200,850
1050,2733,1,0.303806,0.092298,13,42,43,-1,0,1050
1050,1920,1,1.00734,1.01474,33,45,43,1,50,1000
1050,891,1,0.323525,0.104669,11,48,43,-1,150,900
1050,2734,1,1.266,1.60275,40,48,43,-1,0,1050
1050,653,1,0.332793,0.110751,23,49,43,1,200,850
1050,1921,1,0.878507,0.771775,25,49,43,1,50,1000
1050,1910,1,0.453106,0.205305,14,50,43,-1,50,1000
1050,28,1,0.507781,0.257842,36,50,43,1,800,250
1050,2735,1,1.13728,1.29342,52,52,43,-1,0,1050
1050,1922,1,0.801864,0.642986,36,53,43,-1,50,1000
1050,1322,1,0.328507,0.107917,5,54,43,-1,100,950
1050,650,2,0.769008,0.374641,45,55,43.5,0,200,850
1050,1903,1,0.899354,0.808838,47,56,43,-1,50,1000
1050,2736,4,3.17955,2.63166,53.5,57.5,43.5,2,0,1050
1050,1904,1,0.603962,0.36477,39,58,43,1,50,1000
1050,1286,3,2.68032,2.45447,37.6667,61.6667,43,1,100,950
1050,2737,3,3.6882,5.08956,14.6667,1.33333,45,1,0,1050
1050,663,1,0.618532,0.382582,29,1,44,-1,200,850
1050,239,1,0.954776,0.911597,56,1,44,1,450,600
1050,2738,1,0.211767,0.0448452,24,2,44,-1,0,1050
1050,2739,1,0.907612,0.823759,23,5,44,-1,0,1050
1050,893,1,0.969711,0.940339,36,6,44,-1,150,900
1050,911,1,0.904414,0.817964,1,7,44,1,150,900
1050,1312,1,0.742702,0.551606,36,9,44,-1,100,950
1050,400,2,1.59349,1.32026,38,8.5,44.5,-2,300,750
1050,492,3,2.47244,2.76392,40.6667,10,44.3333,1,250,800
1050,664,3,2.22759,1.66955,7,13.3333,44.3333,-1,200,850
1050,2740,3,1.86371,1.45358,16.6667,13.6667,44,-1,0,1050
1050,651,1,1.02281,1.04614,9,15,44,-1,200,850
1050,1925,3,2.89513,3.08029,39.3333,15.6667,44,-1,50,1000
1050,2741,2,1.35296,0.916147,27.5,17,44,0,0,1050
1050,894,1,0.196005,0.0384179,47,17,44,1,150,900
1050,1314,4,1.89946,1.06985,53.5,17,44.5,0,100,950
1050,1916,3,2.74177,2.53139,55.3333,20.6667,44.6667,1,50,1000
1050,330,1,0.303346,0.0920189,0,26,44,1,350,700
1050,652,1,0.506249,0.256289,14,26,44,-1,200,850
1050,895,4,3.42009,3.91468,14.25,35.25,44.5,0,150,900
1050,83,2,1.7686,1.74706,47.5,37.5,44,0,700,350
1050,902,2,1.23434,0.76458,10,38,44.5,0,150,900
1050,2742,2,1.18144,0.707389,18,39.5,44,0,0,1050
1050,285,1,0.346113,0.119794,7,40,44,1,400,650
1050,2743,1,1.04457,1.09112,13,40,44,-1,0,1050
1050,2744,2,1.64371,1.67446,20.5,40.5,44.5,0,0,1050
1050,1306,1,0.842091,0.709117,27,41,44,-1,100,950
1050,1908,1,0.736492,0.542421,53,41,44,-1,50,1000
1050,918,1,0.565527,0.319821,1,45,44,1,150,900
1050,1909,1,0.613207,0.376022,8,46,44,-1,50,1000
1050,2745,2,1.17449,0.704893,3.5,46.5,44.5,0,0,1050
1050,2746,2,1.38556,0.961879,27,49,44.5,0,0,1050
1050,1307,1,0.592373,0.350906,61,49,44,-1,100,950
1050,2747,1,0.376084,0.141439,10,50,44,-1,0,1050
1050,2748,4,3.24465,3.30551,13.75,53.25,44.5,2,0,1050
1050,490,1,1.13393,1.28579,22,53,44,1,250,800
1050,328,1,0.921063,0.848357,43,55,44,-1,350,700
1050,1317,3,1.99713,1.42959,56.3333,54.6667,44.6667,1,100,950
1050,1911,1,0.516228,0.266491,2,56,44,1,50,1000
1050,1310,4,3.14502,2.48635,8.25,60,44.25,2,100,950
1050,907,2,0.762924,0.297108,19,59.5,44,0,150,900
1050,403,8,6.55478,6.06871,58.75,59.25,46,-2,300,750
1050,1912,1,0.627469,0.393717,5,61,44,1,50,1000
1050,1311,2,1.1139,0.627349,44.5,61.5,44,0,100,950
1050,656,1,0.480255,0.230645,41,0,45,-1,200,850
1050,109,4,2.38045,1.73312,36.75,3.5,46.25,0,650,400
1050,903,1,0.863275,0.745244,43,3,45,1,150,900
1050,2749,1,0.597907,0.357493,3,4,45,1,0,1050
1050,110,5,1.90646,0.824782,39.2,4.8,46.2,-1,650,400
1050,1929,4,3.32608,2.90171,3.25,7.75,45,2,50,1000
1050,1913,1,1.1064,1.22411,52,7,45,-1,50,1000
1050,2750,2,1.28999,0.83382,61.5,8,45,0,0,1050
1050,496,2,1.0165,0.527132,23,9.5,45,0,250,800
1050,2751,4,1.42662,0.611065,58.5,8.5,45.75,0,0,1050
1050,915,2,1.58316,1.33697,24,14.5,45.5,0,150,900
1050,1915,1,0.876782,0.768746,57,17,45,1,50,1000
1050,658,2,1.32966,0.884725,43,24,45.5,0,200,850
1050,2752,1,0.707226,0.500168,17,25,45,1,0,1050
1050,1315,1,0.365999,0.133955,5,27,45,-1,100,950
1050,1321,5,4.46608,4.24398,1.4,28,45.8,-3,100,950
1050,1316,1,1.28068,1.64013,14,28,45,-1,100,950
1050,29,1,0.423235,0.179128,45,29,45,1,800,250
1050,901,1,1.13427,1.28658,37,31,45,1,150,900
1050,1917,2,2.17922,2.39186,22.5,34.5,45.5,0,50,1000
1050,1918,2,0.794223,0.39093,48.5,35.5,45.5,0,50,1000
1050,1346,1,0.656288,0.430714,38,40,45,1,100,950
1050,2753,1,0.681424,0.464338,40,41,45,1,0,1050
1050,1919,1,0.2665,0.0710224,24,46,45,1,50,1000
1050,2754,1,0.358876,0.128792,36,46,45,1,0,1050
1050,2755,1,0.678822,0.460799,53,47,45,-1,0,1050
1050,661,1,0.23492,0.0551874,20,48,45,1,200,850
1050,135,2,1.37251,1.01362,34,50.5,45,0,600,450
1050,914,1,1.29174,1.6686,43,53,45,1,150,900
1050,662,3,2.5283,2.46658,32.6667,54.3333,45.6667,-1,200,850
1050,2756,6,5.04175,4.32345,36.1667,54.8333,46.1667,0,0,1050
1050,2757,1,0.977869,0.956227,25,56,45,1,0,1050
1050,1330,1,1.01316,1.0265,39,60,45,-1,100,950
1050,2758,2,2.9799,4.64844,55.5,60.5,45.5,0,0,1050
1050,1923,3,1.45523,0.749547,17.3333,62.3333,45.6667,1,50,1000
1050,2759,1,1.10991,1.2319,57,63,45,-1,0,1050
1050,654,2,1.6383,1.34262,0.5,0,46,0,200,850
1050,2760,3,2.59782,2.63486,7,0.333333,46.6667,1,0,1050
1050,1327,1,0.388507,0.150937,37,1,46,-1,100,950
1050,1318,3,2.07773,1.741,55.3333,2,46.6667,1,100,950
1050,1319,1,0.657877,0.432803,56,5,46,-1,100,950
1050,2761,1,0.659634,0.435116,35,6,46,1,0,1050
1050,1320,2,1.57642,1.28224,44,6,46.5,0,100,950
1050,1323,1,0.558693,0.312137,15,7,46,1,100,950
1050,2762,3,2.41034,1.93683,45.6667,8.66667,46,1,0,1050
1050,1932,1,0.830098,0.689062,5,10,46,1,50,1000
1050,2763,1,1.71138,2.92883,49,10,46,1,0,1050
1050,909,2,1.98188,1.96399,7.5,11.5,46.5,0,150,900
1050,2764,2,1.2934,0.883607,43.5,12.5,46.5,0,0,1050
1050,1933,1,0.529029,0.279872,38,15,46,-1,50,1000
1050,2765,1,0.45034,0.202806,42,15,46,1,0,1050
1050,1926,1,1.16378,1.35439,1,17,46,1,50,1000
1050,1937,1,0.94699,0.89679,27,17,46,1,50,1000
1050,2766,3,1.90129,1.32806,40.3333,17.3333,46.6667,1,0,1050
1050,1324,1,1.57997,2.4963,10,20,46,1,100,950
1050,904,1,1.20106,1.44254,36,20,46,-1,150,900
1050,494,1,0.438919,0.19265,60,20,46,-1,250,800
1050,667,4,3.37085,3.03516,8.5,22.25,46.5,0,200,850
1050,1345,1,0.439273,0.192961,29,22,46,1,100,950
1050,674,1,0.779123,0.607032,21,26,46,1,200,850
1050,331,2,1.47542,1.10135,47.5,26.5,46,0,350,700
1050,136,1,1.2046,1.45106,44,27,46,1,600,450
1050,2767,1,0.376495,0.141748,18,29,46,-1,0,1050
1050,906,2,1.58145,1.59949,24,29.5,46.5,0,150,900
1050,287,1,0.428559,0.183663,55,29,46,1,400,650
1050,137,3,2.13676,1.69524,43.3333,30.6667,46.3333,-1,600,450
1050,2768,1,0.966834,0.934769,35,34,46,-1,0,1050
1050,61,2,1.03224,0.582125,59.5,36,46.5,0,750,300
1050,917,1,0.42742,0.182688,3,37,46,1,150,900
1050,913,10,7.43062,6.10141,38.9,36.9,47.6,-2,150,900
1050,2769,1,0.714634,0.510702,29,39,46,-1,0,1050
1050,2770,1,1.11672,1.24706,60,40,46,-1,0,1050
1050,495,9,4.5747,2.61918,4.66667,42.7778,47.3333,1,250,800
1050,1348,3,2.55013,3.18838,18.6667,49,46.6667,-1,100,950
1050,2771,1,1.01284,1.02584,9,50,46,1,0,1050
1050,2772,1,0.646442,0.417887,21,51,46,1,0,1050
1050,1927,2,1.86865,1.74666,4.5,51.5,46.5,2,50,1000
1050,2773,1,0.958129,0.918011,22,54,46,1,0,1050
1050,1928,1,0.974541,0.949731,29,55,46,-1,50,1000
1050,1935,2,0.528143,0.140435,-0.5,56,46.5,-2,50,1000
1050,1326,1,0.748777,0.560668,2,57,46,-1,100,950
1050,134,7,5.92145,5.5815,45,58.7143,47.1429,-1,600,450
1050,2774,1,0.644391,0.415239,31,0,47,-1,0,1050
1050,2775,1,0.421485,0.177649,44,2,47,1,0,1050
1050,2776,1,0.251417,0.0632107,16,5,47,1,0,1050
1050,402,2,2.00576,2.02563,7.5,7,47,0,300,750
1050,908,1,0.814617,0.663601,26,7,47,1,150,900
1050,1342,2,2.31179,2.89953,33,7,47.5,2,100,950
1050,164,3,2.38614,2.03502,3,8.66667,47.6667,-1,550,500
1050,1930,1,0.701992,0.492792,11,9,47,1,50,1000
1050,1931,2,0.822931,0.345244,13,9.5,47.5,0,50,1000
1050,924,1,0.291515,0.0849813,31,10,47,-1,150,900
1050,2777,1,0.260387,0.0678015,3,11,47,-1,0,1050
1050,925,2,0.950522,0.452011,24.5,11,47,0,150,900
1050,673,3,2.80016,2.61511,13.6667,18.3333,47,-1,200,850
1050,2778,1,1.09006,1.18822,29,18,47,1,0,1050
1050,1934,4,2.28694,1.51566,0.25,20.25,48.5,2,50,1000
1050,1949,1,0.317279,0.100666,32,22,47,-1,50,1000
1050,1325,1,0.215982,0.0466481,52,23,47,-1,100,950
1050,2779,1,1.56741,2.45678,26,30,47,1,0,1050
1050,1356,3,2.28299,1.80159,35.6667,30.6667,47.6667,-1,100,950
1050,1333,2,1.90107,1.81277,8,32.5,47.5,0,100,950
1050,1329,1,0.521789,0.272263,5,34,47,1,100,950
1050,2780,2,1.40593,1.0391,16.5,34.5,47,2,0,1050
1050,928,1,0.383827,0.147323,41,34,47,-1,150,900
1050,665,1,0.306074,0.0936812,53,35,47,-1,200,850
1050,2781,1,1.74124,3.03193,22,37,47,1,0,1050
1050,2782,1,0.700116,0.490163,52,38,47,-1,0,1050
1050,2783,1,0.275832,0.0760831,56,43,47,1,0,1050
1050,910,1,0.486096,0.23629,44,45,47,1,150,900
1050,333,2,1.64628,1.39031,29.5,47,47,0,350,700
1050,2784,1,0.427843,0.18305,61,47,47,1,0,1050
1050,85,7,3.68019,2.07933,34.8571,48.5714,48,1,700,350
1050,84,1,0.317019,0.100501,60,49,47,-1,700,350
1050,1952,1,0.887201,0.787125,37,50,47,1,50,1000
1050,1349,2,0.579223,0.175788,23.5,51,47,0,100,950
1050,675,2,1.6061,1.30877,28.5,51.5,47,0,200,850
1050,2785,4,3.39051,3.1222,60.5,52.5,47.5,0,0,1050
1050,2786,2,1.54159,1.68451,38,55.5,47,0,0,1050
1050,2787,1,0.472406,0.223168,42,56,47,1,0,1050
1050,2788,4,2.52552,1.65106,-1.5,57.75,47.75,0,0,1050
1050,1941,2,1.08118,0.626731,12,58,47.5,0,50,1000
1050,2789,1,1.11122,1.23481,17,58,47,-1,0,1050
1050,1337,1,1.3129,1.72371,13,63,47,-1,100,950
1050,2790,3,2.00873,1.35866,38.3333,2.33333,48.3333,-1,0,1050
1050,1341,1,0.946235,0.895361,19,8,48,-1,100,950
1050,2791,1,0.312143,0.0974331,46,8,48,-1,0,1050
1050,1948,1,0.408701,0.167036,22,10,48,1,50,1000
1050,1353,18,13.2297,10.5247,32.2222,10.7222,49.7778,2,100,950
1050,1354,4,3.44717,3.93349,22.5,13,48.5,0,100,950
1050,677,1,0.960676,0.922898,35,13,48,1,200,850
1050,1936,1,0.620957,0.385588,49,14,48,1,50,1000
1050,2792,1,0.861352,0.741928,52,14,48,1,0,1050
1050,2793,2,1.88371,1.81381,43.5,15.5,48,0,0,1050
1050,2794,2,1.24532,0.810418,46,16.5,48,0,0,1050
1050,666,1,0.541081,0.292769,61,16,48,1,200,850
1050,932,1,0.683158,0.466705,25,17,48,1,150,900
1050,1938,1,0.469605,0.220529,63,17,48,1,50,1000
1050,1365,3,2.97603,3.37008,9,18.6667,48.6667,1,100,950
1050,2795,1,0.814883,0.664034,62,19,48,1,0,1050
1050,1944,1,1.09366,1.19609,24,23,48,1,50,1000
1050,1328,2,1.09683,0.650538,9.5,24,48,0,100,950
1050,1939,1,0.790404,0.624739,35,24,48,-1,50,1000
1050,2796,1,0.815595,0.665195,7,25,48,-1,0,1050
1050,1951,6,4.73089,4.06936,21.5,25.8333,49,2,50,1000
1050,1940,3,3.51035,4.36711,33,26,49,1,50,1000
1050,2797,1,1.33047,1.77016,62,29,48,1,0,1050
1050,1332,1,0.703672,0.495154,15,30,48,-1,100,950
1050,1359,1,0.856332,0.733305,26,36,48,1,100,950
1050,2798,1,1.12555,1.26687,16,37,48,1,0,1050
1050,669,2,1.4883,1.12153,34,40.5,48,0,200,850
1050,1347,1,0.690836,0.477254,3,41,48,-1,100,950
1050,497,2,1.42696,1.24353,25.5,42,48,0,250,800
1050,407,2,1.32305,0.892849,17.5,43,48.5,2,300,750
1050,2799,1,1.01701,1.03432,40,45,48,1,0,1050
1050,2800,1,0.384003,0.147458,27,46,48,-1,0,1050
1050,2801,1,0.451171,0.203556,63,46,48,-1,0,1050
1050,931,1,0.748855,0.560784,41,47,48,-1,150,900
1050,2802,1,0.719764,0.51806,46,49,48,-1,0,1050
1050,1947,1,0.830775,0.690187,10,51,48,1,50,1000
1050,670,1,0.303898,0.0923543,47,57,48,1,200,850
1050,1331,1,0.960199,0.921982,8,58,48,1,100,950
1050,2803,2,1.69891,1.51327,40.5,57.5,48.5,0,0,1050
1050,1942,1,1.2234,1.4967,5,59,48,-1,50,1000
1050,2804,1,0.332191,0.110351,12,60,48,-1,0,1050
1050,671,1,0.514461,0.264671,28,63,48,-1,200,850
1050,196,1,0.912009,0.831761,7,4,49,1,500,550
1050,2805,2,2.03671,2.20421,13.5,4,49,0,0,1050
1050,498,2,1.28119,0.841954,20.5,4,49,0,250,800
1050,2806,1,0.333473,0.111205,42,6,49,1,0,1050
1050,1364,3,2.25697,1.79583,27,9,49,-1,100,950
1050,1340,1,0.984974,0.970174,57,8,49,1,100,950
1050,1351,2,2.47989,3.07514,6.5,8.5,49.5,0,100,950
1050,2807,1,0.696029,0.484457,16,9,49,1,0,1050
1050,934,1,0.90468,0.818446,52,12,49,1,150,900
1050,2808,1,0.602175,0.362615,37,13,49,1,0,1050
1050,1958,1,0.736951,0.543096,25,14,49,1,50,1000
1050,1943,1,1.02647,1.05365,3,16,49,-1,50,1000
1050,921,1,0.715452,0.511872,33,17,49,1,150,900
1050,676,1,0.652973,0.426374,15,18,49,1,200,850
1050,2809,1,0.591485,0.349854,31,22,49,1,0,1050
1050,916,1,0.80989,0.655921,25,26,49,1,150,900
1050,2810,1,0.791131,0.625888,16,27,49,-1,0,1050
1050,2811,2,1.25643,0.80843,45,28,49.5,0,0,1050
1050,1945,1,0.232211,0.0539218,38,30,49,1,50,1000
1050,336,2,1.05058,0.557839,54.5,30,49,0,350,700
1050,922,3,1.68597,1.30214,29.6667,31,49.6667,1,150,900
1050,1960,1,0.477564,0.228068,39,32,49,1,50,1000
1050,1962,1,0.570356,0.325306,44,32,49,-1,50,1000
1050,1946,1,1.07671,1.1593,11,33,49,-1,50,1000
1050,111,1,1.21801,1.48355,29,33,49,1,650,400
1050,112,2,1.13839,0.688029,52,33,49.5,0,650,400
1050,197,2,1.33394,1.26112,48.5,34,49.5,0,500,550
1050,930,11,9.10212,8.11802,18.3636,34.7273,50.5455,-1,150,900
1050,198,1,0.335828,0.11278,43,35,49,-1,500,550
1050,1334,1,0.328105,0.107653,2,36,49,1,100,950
1050,1368,1,1.11235,1.23733,18,41,49,1,100,950
1050,919,2,1.55061,1.21049,13.5,43,49,0,150,900
1050,1336,2,1.13302,0.685008,7.5,46,49,0,100,950
1050,920,2,1.23447,0.924589,21,48.5,49.5,0,150,900
1050,1953,1,0.491789,0.241857,29,50,49,-1,50,1000
1050,242,3,2.09592,1.57905,37,49,49.6667,1,450,600
1050,2812,3,1.54654,0.869665,12.3333,52,49.6667,1,0,1050
1050,2813,1,0.660628,0.436429,5,53,49,-1,0,1050
1050,406,3,2.14959,1.71659,51.6667,53,50,-1,300,750
1050,2814,1,1.27827,1.63397,31,55,49,-1,0,1050
1050,2815,1,0.803719,0.645965,43,56,49,-1,0,1050
1050,63,1,0.640032,0.409641,34,59,49,1,750,300
1050,64,5,2.84285,1.72473,32.4,61.2,50.4,-1,750,300
1050,1403,3,2.72852,2.52013,12,62,50,1,100,950
1050,1966,1,0.790794,0.625355,4,2,50,-1,50,1000
1050,2816,3,1.71009,1.09654,15.3333,3,50.6667,-1,0,1050
1050,1339,3,3.51397,4.13629,49,2.33333,50.3333,1,100,950
1050,1338,1,0.49209,0.242152,1,3,50,-1,100,950
1050,2817,2,1.40956,1.0117,44,4.5,50,0,0,1050
1050,504,1,0.939552,0.882758,59,9,50,1,250,800
1050,288,3,2.07605,1.58601,21,10,50,1,400,650
1050,1343,2,1.85246,1.71586,8.5,14,50,0,100,950
1050,1959,3,1.13226,0.50304,21.6667,15,50.3333,1,50,1000
1050,1344,5,3.88334,3.60903,19.2,18.2,50.6,1,100,950
1050,335,2,1.03104,0.706019,61,18,50.5,0,350,700
1050,334,6,5.4039,5.182,57.6667,19.5,50.6667,0,350,700
1050,2818,2,1.73593,1.69027,31.5,20,50,0,0,1050
1050,1970,1,0.723627,0.523636,17,21,50,1,50,1000
1050,2819,4,2.71288,1.92759,23.5,24.25,51,0,0,1050
1050,62,2,1.1207,0.647414,2,24,50.5,0,750,300
1050,1950,1,0.361805,0.130903,48,24,50,1,50,1000
1050,2820,2,1.60503,1.2901,44.5,25,50,0,0,1050
1050,30,1,0.210721,0.0444032,60,25,50,-1,800,250
1050,499,3,3.03408,3.35911,-0.333333,27.3333,50,-1,250,800
1050,927,5,2.70755,1.5539,35.8,28,51,-1,150,900
1050,337,2,1.44161,1.06183,32,30,50.5,0,350,700
1050,1357,5,4.22667,3.72577,47.4,30.8,50.8,-1,100,950
1050,1373,3,2.9278,2.9526,25.6667,33.6667,51,-3,100,950
1050,86,1,0.547474,0.299728,31,33,50,1,700,350
1050,1379,1,0.520038,0.27044,22,34,50,-1,100,950
1050,1358,1,0.768529,0.590636,36,34,50,1,100,950
1050,1964,1,1.11402,1.24105,37,37,50,-1,50,1000
1050,2821,1,1.09731,1.20408,19,38,50,1,0,1050
1050,1374,2,1.6717,1.71901,2,42.5,50,0,100,950
1050,2822,1,0.567523,0.322083,30,43,50,-1,0,1050
1050,500,1,0.97598,0.952536,20,44,50,1,250,800
1050,2823,1,0.791123,0.625875,63,44,50,-1,0,1050
1050,2824,2,1.07074,0.576992,3,46.5,50,2,0,1050
1050,405,1,0.673651,0.453805,30,47,50,1,300,750
1050,1954,5,3.48309,2.53848,33.4,48,50.4,1,50,1000
1050,2825,1,0.595105,0.35415,19,48,50,1,0,1050
1050,1974,2,1.2344,0.762214,24.5,49.5,50.5,0,50,1000
1050,2826,1,0.294988,0.0870179,6,50,50,-1,0,1050
1050,2827,1,0.440252,0.193822,27,50,50,1,0,1050
1050,1375,1,0.659382,0.434785,55,50,50,1,100,950
1050,2828,2,1.52866,1.42142,33,51,50.5,0,0,1050
1050,1955,1,0.856049,0.732819,48,55,50,-1,50,1000
1050,286,5,3.9538,4.03099,48.4,59.8,50.2,-1,400,650
1050,1956,1,0.738439,0.545292,25,60,50,-1,50,1000
1050,933,1,0.634983,0.403203,35,63,50,-1,150,900
1050,1957,1,0.702012,0.492821,49,63,50,1,50,1000
1050,1385,1,0.931178,0.867092,27,3,51,1,100,950
1050,1967,1,0.191085,0.0365136,7,4,51,1,50,1000
1050,2829,1,0.828647,0.686657,48,5,51,-1,0,1050
1050,943,1,0.952431,0.907126,63,6,51,1,150,900
1050,1968,1,0.604263,0.365134,21,7,51,-1,50,1000
1050,2830,1,0.865239,0.748638,30,7,51,-1,0,1050
1050,2831,1,0.366003,0.133958,6,11,51,-1,0,1050
1050,2832,1,0.367535,0.135082,8,11,51,-1,0,1050
1050,115,1,0.58596,0.34335,39,11,51,1,650,400
1050,1978,2,1.00991,0.526256,54.5,12,51,-2,50,1000
1050,2833,3,4.06696,6.2782,35,13,51,-1,0,1050
1050,1969,3,1.14569,0.437573,24.3333,14.3333,51.3333,-1,50,1000
1050,1993,4,3.54639,3.26142,59,16.5,52,0,50,1000
1050,2834,1,0.84269,0.710127,62,16,51,1,0,1050
1050,2835,3,1.95106,1.6786,22.6667,20,51.6667,-1,0,1050
1050,200,1,0.30978,0.0959636,26,19,51,1,500,550
1050,1355,1,0.448936,0.201544,5,21,51,1,100,950
1050,926,1,0.513316,0.263493,41,23,51,-1,150,900
1050,338,1,0.719942,0.518316,21,28,51,1,350,700
1050,2836,1,0.560087,0.313697,40,30,51,-1,0,1050
1050,929,4,2.64305,1.81453,4.5,32.5,51.75,2,150,900
1050,1961,1,0.718821,0.516704,8,32,51,-1,50,1000
1050,1963,1,0.897183,0.804937,44,32,51,-1,50,1000
1050,201,4,3.49646,3.29782,60,30.75,52.25,0,500,550
1050,2837,2,1.76991,1.569,43.5,34,51,0,0,1050
1050,2838,2,0.506416,0.198235,38.5,36.5,51.5,0,0,1050
1050,243,1,0.721322,0.520305,24,38,51,-1,450,600
1050,2839,2,1.3881,1.12599,26.5,38,51,0,0,1050
1050,1360,1,0.381246,0.145349,54,38,51,1,100,950
1050,2840,1,0.97279,0.946321,35,39,51,1,0,1050
1050,937,2,1.11356,0.670333,51,39.5,51,0,150,900
1050,199,1,1.32742,1.76205,24,40,51,1,500,550
1050,936,1,0.37334,0.139383,42,40,51,-1,150,900
1050,1367,3,1.656,1.1572,59.3333,40.3333,51.6667,1,100,950
1050,2841,1,0.328085,0.107639,19,41,51,1,0,1050
1050,2842,4,3.16192,2.60639,21,41.75,51.25,2,0,1050
1050,114,2,1.15524,0.780429,45.5,42.5,51.5,0,650,400
1050,1361,9,6.45472,5.64548,53.4444,40.2222,52.4444,-1,100,950
1050,2843,1,0.646879,0.418452,14,43,51,1,0,1050
1050,942,1,0.28504,0.0812479,56,46,51,1,150,900
1050,940,2,0.94723,0.505327,43,48.5,51.5,0,150,900
1050,1965,2,1.12913,0.729979,51,49,51.5,0,50,1000
1050,1362,1,0.562633,0.316556,0,53,51,-1,100,950
1050,2844,2,1.81892,1.70954,58,53.5,51.5,0,0,1050
1050,1983,1,0.951186,0.904754,10,57,51,1,50,1000
1050,33,1,0.627814,0.394151,62,58,51,-1,800,250
1050,502,2,1.53974,1.47996,35,59,51.5,0,250,800
1050,408,1,0.771591,0.595353,55,59,51,1,300,750
1050,138,2,0.80597,0.328352,1,60,51.5,0,600,450
1050,1987,1,0.778636,0.606274,39,62,51,-1,50,1000
1050,1985,1,0.698937,0.488513,58,62,51,1,50,1000
1050,340,1,1.08083,1.1682,57,0,52,1,350,700
1050,949,1,0.379482,0.144007,59,0,52,1,150,900
1050,2845,1,0.470651,0.221512,6,1,52,-1,0,1050
1050,2846,1,0.517718,0.268032,24,1,52,1,0,1050
1050,2847,1,0.464545,0.215802,8,2,52,-1,0,1050
1050,1386,1,0.462901,0.214277,12,4,52,-1,100,950
1050,2001,1,0.716734,0.513708,29,4,52,1,50,1000
1050,342,1,1.14286,1.30613,62,4,52,1,350,700
1050,1988,2,1.3449,0.945053,20,4.5,52.5,0,50,1000
1050,945,1,0.700324,0.490454,42,6,52,1,150,900
1050,1363,1,0.544434,0.296409,54,6,52,-1,100,950
1050,2848,1,0.786093,0.617942,25,8,52,-1,0,1050
1050,1377,1,1.32072,1.74429,2,9,52,-1,100,950
1050,946,10,5.68052,4.69502,41.8,11,53.8,0,150,900
1050,1387,1,0.731085,0.534485,57,11,52,1,100,950
1050,1991,2,1.31246,0.874795,31,14.5,52,0,50,1000
1050,2849,1,0.485621,0.235828,55,14,52,-1,0,1050
1050,2850,1,0.401644,0.161318,27,15,52,1,0,1050
1050,1378,6,4.05876,2.94591,34.1667,17.3333,52.5,-2,100,950
1050,2851,1,1.63758,2.68168,63,19,52,1,0,1050
1050,1366,1,0.595627,0.354771,9,20,52,-1,100,950
1050,1371,1,0.905366,0.819687,12,22,52,1,100,950
1050,1971,2,1.55576,1.22959,9.5,24,52,0,50,1000
1050,2852,1,0.459448,0.211093,30,26,52,-1,0,1050
1050,113,1,0.701178,0.491651,56,27,52,-1,650,400
1050,1372,1,0.472661,0.223409,59,28,52,-1,100,950
1050,1972,2,1.63497,1.37188,3.5,29,52,0,50,1000
1050,1390,3,1.33405,0.607844,54,29,52.3333,-1,100,950
1050,679,1,0.914846,0.836943,39,33,52,-1,200,850
1050,412,4,3.02269,2.61588,32,34,52.25,0,300,750
1050,409,1,0.725245,0.52598,59,36,52,-1,300,750
1050,410,2,1.82508,1.76226,44,38,52.5,0,300,750
1050,1391,1,0.98679,0.973755,62,40,52,1,100,950
1050,1973,2,1.00234,0.638762,48,41,52.5,0,50,1000
1050,139,3,1.81988,1.12007,26.3333,42.3333,52.6667,-1,600,450
1050,2853,1,1.01158,1.02329,18,43,52,1,0,1050
1050,413,1,1.65913,2.75271,59,43,52,-1,300,750
1050,116,5,4.23457,3.68563,1.6,44.6,52.8,-1,650,400
1050,680,1,0.781215,0.610298,16,44,52,1,200,850
1050,2854,1,0.506009,0.256045,30,45,52,1,0,1050
1050,1380,1,0.650626,0.423315,20,46,52,1,100,950
1050,1400,2,1.11751,0.850801,11,47.5,52.5,2,100,950
1050,2855,1,0.147244,0.0216808,53,47,52,-1,0,1050
1050,1382,6,4.3745,4.47167,59.1667,48,53.3333,0,100,950
1050,1383,5,4.62648,4.75867,19.4,48.6,53,1,100,950
1050,2856,1,0.821272,0.674488,26,48,52,-1,0,1050
1050,2857,1,0.884071,0.781582,37,49,52,1,0,1050
1050,508,1,0.714775,0.510903,63,51,52,1,250,800
1050,1402,2,1.07894,0.590609,55,51.5,52.5,0,100,950
1050,1369,1,0.629168,0.395853,19,53,52,1,100,950
1050,1384,1,0.980536,0.961452,39,53,52,-1,100,950
1050,2858,1,0.742972,0.552008,60,53,52,-1,0,1050
1050,2859,3,1.48685,0.882149,37,56.3333,52.3333,1,0,1050
1050,2860,1,0.202497,0.0410052,23,60,52,-1,0,1050
1050,1370,2,0.763074,0.291626,53,61.5,52,0,100,950
1050,1975,1,0.408122,0.166563,35,63,52,-1,50,1000
1050,2861,1,1.26044,1.58871,2,0,53,-1,0,1050
1050,290,2,1.26805,0.828331,33.5,1.5,53.5,0,400,650
1050,1976,2,2.24626,2.5515,48.5,1.5,53.5,0,50,1000
1050,2862,2,1.77358,1.90715,15.5,2,53,0,0,1050
1050,2863,1,0.477388,0.2279,9,4,53,-1,0,1050
1050,2864,1,0.907945,0.824364,1,6,53,1,0,1050
1050,944,6,2.40898,1.05404,28.1667,6.33333,54.5,-2,150,900
1050,2004,1,0.942979,0.889209,40,8,53,-1,50,1000
1050,1394,1,0.297796,0.0886825,20,9,53,-1,100,950
1050,2865,2,1.27499,0.8145,33,9.5,53,0,0,1050
1050,1977,2,1.63656,1.34061,16.5,12.5,53,0,50,1000
1050,2866,1,0.699405,0.489167,54,12,53,-1,0,1050
1050,2867,2,1.60806,1.47271,61,14,53.5,2,0,1050
1050,2868,1,0.592245,0.350755,63,14,53,1,0,1050
1050,1979,1,0.671635,0.451093,39,16,53,-1,50,1000
1050,947,1,0.993363,0.98677,44,16,53,-1,150,900
1050,2869,2,0.726516,0.349573,41.5,17.5,53.5,2,0,1050
1050,678,2,1.3045,0.885669,27,20.5,53,0,200,850
1050,2870,4,3.40799,2.98759,15,21.75,53,0,0,1050
1050,1994,3,2.7667,2.63524,4.66667,23.3333,53.3333,1,50,1000
1050,1389,1,0.789635,0.623523,19,26,53,1,100,950
1050,1996,5,4.92466,5.17817,17.8,29,54.2,3,50,1000
1050,166,1,1.02107,1.04259,34,28,53,1,550,500
1050,501,3,1.32533,0.72223,10.3333,29,53.3333,1,250,800
1050,2871,1,0.260434,0.0678258,62,30,53,1,0,1050
1050,948,1,1.13536,1.28903,44,34,53,1,150,900
1050,2872,1,0.904867,0.818785,46,34,53,1,0,1050
1050,935,1,0.919181,0.844895,16,35,53,-1,150,900
1050,1406,5,3.78528,3.04362,20,35.6,53.2,-1,100,950
1050,1981,1,0.422497,0.178504,61,36,53,1,50,1000
1050,2873,1,0.629374,0.396112,41,37,53,-1,0,1050
1050,289,1,0.991307,0.982689,8,38,53,-1,400,650
1050,953,1,0.62871,0.395276,32,38,53,1,150,900
1050,2874,1,1.35237,1.8289,33,40,53,-1,0,1050
1050,1999,6,4.35832,3.64844,42.6667,41.5,53.6667,2,50,1000
1050,341,2,1.96613,2.27793,9.5,44.5,53.5,0,350,700
1050,2000,1,0.260491,0.0678557,43,45,53,1,50,1000
1050,2009,1,0.308735,0.0953173,43,47,53,1,50,1000
1050,31,1,0.499658,0.249658,30,49,53,-1,800,250
1050,1381,2,1.80532,1.71279,20,51,53.5,0,100,950
1050,165,1,0.477558,0.228062,41,53,53,-1,550,500
1050,1984,1,0.537758,0.289184,8,55,53,1,50,1000
1050,2875,2,1.40825,0.993823,4.5,56.5,53.5,0,0,1050
1050,955,2,1.38784,1.3298,25.5,56,53,2,150,900
1050,2876,1,0.596753,0.356114,57,59,53,1,0,1050
1050,1350,1,0.896682,0.804038,50,60,53,-1,100,950
1050,2011,1,0.958745,0.919192,60,60,53,-1,50,1000
1050,1986,2,2.6955,3.8835,1,62,53.5,0,50,1000
1050,2018,1,0.814115,0.662784,10,62,53,1,50,1000
1050,2877,1,0.49913,0.24913,39,62,53,-1,0,1050
1050,681,1,1.01755,1.03541,4,63,53,1,200,850
1050,2878,1,0.465332,0.216534,24,0,54,1,0,1050
1050,2879,3,2.08867,1.69417,57.3333,-0.333333,54.3333,-1,0,1050
1050,2880,3,1.9883,1.45911,30.3333,2.33333,54.3333,-1,0,1050
1050,2881,3,1.71975,0.997038,21,4.66667,54.6667,-1,0,1050
1050,2882,1,0.671828,0.451353,18,8,54,-1,0,1050
1050,938,1,0.84366,0.711763,11,9,54,1,150,900
1050,1376,2,1.96444,1.94749,47.5,9.5,54,0,100,950
1050,2883,1,0.168066,0.0282463,62,9,54,-1,0,1050
1050,2020,8,5.5049,4.28218,1.875,9.5,55.625,0,50,1000
1050,411,1,0.218635,0.0478014,21,12,54,-1,300,750
1050,2013,1,1.2188,1.48546,32,15,54,-1,50,1000
1050,961,16,10.3963,7.54285,14.5,17.3125,55.6875,2,150,900
1050,1992,1,1.00071,1.00143,48,16,54,-1,50,1000
1050,2884,2,2.04396,2.09133,60.5,16.5,54,0,0,1050
1050,950,2,1.32185,0.895236,28.5,18,54,0,150,900
1050,2885,3,3.16817,3.35653,28.6667,20.6667,54.3333,1,0,1050
1050,1397,1,0.721637,0.520759,56,20,54,-1,100,950
1050,2886,1,0.545576,0.297653,15,24,54,1,0,1050
1050,2887,1,0.394326,0.155493,23,24,54,1,0,1050
1050,957,12,8.26919,6.37464,32.8333,26.75,55.4167,0,150,900
1050,1995,2,1.73317,1.50916,22,28,54.5,0,50,1000
1050,2014,1,0.40544,0.164381,48,28,54,-1,50,1000
1050,2888,1,0.647449,0.41919,5,29,54,-1,0,1050
1050,339,8,6.03671,4.82579,27.375,30.625,55.375,2,350,700
1050,1997,1,0.133752,0.0178896,51,30,54,-1,50,1000
1050,1404,2,0.94388,0.451728,32,31.5,54,0,100,950
1050,2889,1,0.429425,0.184406,13,32,54,-1,0,1050
1050,2890,1,0.6376,0.406533,36,32,54,-1,0,1050
1050,2015,2,1.80373,1.63438,51.5,32,54,0,50,1000
1050,939,2,1.8973,1.80232,24,40.5,54,0,150,900
1050,1998,2,1.55355,1.47864,50.5,41,54.5,0,50,1000
1050,1413,7,4.88092,3.58313,62.8571,42,54.4286,1,100,950
1050,2891,2,1.53753,1.19624,4.5,42.5,54.5,0,0,1050
1050,941,2,1.54901,1.36275,35,45.5,54,0,150,900
1050,2892,3,2.24893,1.72144,41.3333,46,54.3333,1,0,1050
1050,1399,1,0.823533,0.678206,11,46,54,1,100,950
1050,2893,1,0.290839,0.0845871,49,46,54,-1,0,1050
1050,503,1,0.477208,0.227728,14,47,54,1,250,800
1050,2028,1,0.753036,0.567064,16,47,54,1,50,1000
1050,2894,2,1.3343,0.890321,51,47.5,54.5,2,0,1050
1050,1401,1,0.803695,0.645925,9,48,54,-1,100,950
1050,2895,1,0.493822,0.24386,22,49,54,1,0,1050
1050,509,2,1.70846,1.49196,40,51,54.5,0,250,800
1050,2896,1,1.04617,1.09448,0,52,54,-1,0,1050
1050,1393,4,3.67729,3.44511,9.25,52,55.25,0,100,950
1050,2017,6,3.95145,2.77891,59.6667,58.6667,55.5,0,50,1000
1050,291,2,0.98305,0.487153,44,59.5,54,0,400,650
1050,2897,1,0.8235,0.678152,33,60,54,-1,0,1050
1050,246,1,0.383069,0.146742,5,61,54,-1,450,600
1050,2898,1,1.02373,1.04802,4,0,55,-1,0,1050
1050,65,5,2.62846,1.51691,39.8,2.6,55.2,-1,750,300
1050,170,1,1.64991,2.7222,57,2,55,-1,550,500
1050,2002,2,0.889907,0.412261,49,4,55.5,0,50,1000
1050,959,3,2.10957,1.52279,62.6667,4,55.3333,-1,150,900
1050,2899,1,0.279624,0.0781897,14,5,55,-1,0,1050
1050,2003,3,1.55805,0.810439,38,8,56,-1,50,1000
1050,966,2,1.2973,1.02649,57.5,10,55,0,150,900
1050,2005,1,0.582463,0.339263,9,11,55,-1,50,1000
1050,2900,1,0.922,0.850084,42,14,55,-1,0,1050
1050,2901,1,0.502362,0.252368,34,16,55,1,0,1050
1050,2902,1,0.820491,0.673206,43,16,55,-1,0,1050
1050,1388,2,1.84218,1.69768,46.5,22.5,55,0,100,950
1050,2007,1,0.571246,0.326322,53,29,55,-1,50,1000
1050,2023,3,2.0044,1.65965,46.6667,32.6667,55.3333,1,50,1000
1050,168,1,0.732453,0.536488,2,34,55,-1,550,500
1050,2903,3,2.69268,2.41853,24,34.3333,55,-1,0,1050
1050,1407,1,1.00983,1.01976,51,35,55,1,100,950
1050,2008,2,1.73247,1.51791,12.5,36,55,0,50,1000
1050,2036,1,0.394894,0.155941,33,36,55,1,50,1000
1050,506,1,0.685831,0.470364,1,37,55,-1,250,800
1050,244,3,2.21246,1.72206,32.3333,38,55.6667,1,450,600
1050,2904,1,0.343944,0.118297,29,40,55,-1,0,1050
1050,2905,1,1.41476,2.00154,38,40,55,1,0,1050
1050,2906,1,0.526714,0.277428,26,41,55,-1,0,1050
1050,1392,2,0.845315,0.377064,12,43,55.5,0,100,950
1050,1408,1,0.356979,0.127434,59,43,55,1,100,950
1050,1409,1,0.645387,0.416525,62,51,55,-1,100,950
1050,2029,1,0.903993,0.817202,3,52,55,-1,50,1000
1050,32,2,0.774825,0.318441,45,52.5,55.5,0,800,250
1050,954,6,4.78464,4.03611,26.1667,54,56.3333,0,150,900
1050,2010,1,0.674533,0.454995,53,59,55,1,50,1000
1050,2907,1,0.222182,0.0493649,36,61,55,-1,0,1050
1050,682,1,0.605319,0.366411,18,1,56,1,200,850
1050,1432,2,0.851201,0.362534,54,1.5,56,0,100,950
1050,2908,1,0.648644,0.420739,8,3,56,-1,0,1050
1050,2042,2,1.82492,1.73603,58,4.5,56.5,0,50,1000
1050,2012,4,3.23916,3.0377,48.5,6,56.5,-2,50,1000
1050,958,1,0.633926,0.401862,32,7,56,1,150,900
1050,2909,3,2.57561,2.24707,22,10.3333,56,-1,0,1050
1050,2910,1,1.13591,1.2903,35,10,56,1,0,1050
1050,2911,2,1.16705,0.68126,28.5,16,56.5,0,0,1050
1050,1396,1,0.611636,0.374099,45,18,56,1,100,950
1050,2912,1,0.742206,0.55087,36,19,56,1,0,1050
1050,294,4,3.35634,2.9722,16,19.25,57.25,2,400,650
1050,2913,2,1.53041,1.17173,26,19.5,56.5,0,0,1050
1050,2914,1,1.03171,1.06442,43,21,56,-1,0,1050
1050,66,2,1.59516,1.53357,58,22.5,56,0,750,300
1050,2915,1,0.627766,0.394091,35,23,56,1,0,1050
1050,2916,1,0.358157,0.128277,33,25,56,1,0,1050
1050,1442,1,0.859062,0.737987,50,26,56,1,100,950
1050,1423,2,1.80148,1.73755,58.5,26,56.5,0,100,950
1050,951,1,0.878268,0.771355,43,27,56,-1,150,900
1050,952,1,0.659735,0.43525,11,29,56,1,150,900
1050,1398,1,0.959958,0.92152,41,30,56,-1,100,950
1050,2917,1,0.889074,0.790453,10,31,56,-1,0,1050
1050,2049,1,0.85176,0.725495,53,31,56,1,50,1000
1050,2918,1,0.764372,0.584264,14,34,56,1,0,1050
1050,2919,2,1.70746,1.4813,40,35.5,56,0,0,1050
1050,2025,1,1.10977,1.23159,60,40,56,-1,50,1000
1050,414,1,1.80738,3.26662,5,41,56,1,300,750
1050,1428,1,0.520941,0.27138,12,45,56,1,100,950
1050,2920,1,0.781473,0.610699,33,45,56,1,0,1050
1050,2051,1,0.687169,0.472201,52,46,56,1,50,1000
1050,2016,2,1.88365,1.79526,9,47,56.5,0,50,1000
1050,2921,1,1.15966,1.34482,9,50,56,1,0,1050
1050,2922,1,0.92043,0.847192,49,50,56,1,0,1050
1050,2052,1,0.57949,0.335809,54,51,56,-1,50,1000
1050,1417,1,0.693174,0.48049,43,53,56,-1,100,950
1050,2039,2,1.38666,0.969215,41,54.5,56,0,50,1000
1050,1416,2,2.30029,2.99458,59,54.5,56,0,100,950
1050,2923,1,0.0935217,0.00874631,61,56,56,1,0,1050
1050,2924,3,2.28002,1.92877,25.3333,57,56.6667,1,0,1050
1050,245,2,1.48448,1.10196,20,58,56.5,0,450,600
1050,687,1,0.4572,0.209032,63,59,56,1,200,850
1050,167,1,0.39672,0.157386,19,60,56,1,550,500
1050,2030,1,0.422869,0.178819,10,61,56,1,50,1000
1050,2019,1,0.986638,0.973454,46,61,56,-1,50,1000
1050,965,1,0.345582,0.119427,16,62,56,-1,150,900
1050,2925,3,1.42983,0.683565,39.6667,62,57,-3,0,1050
1050,511,3,1.72891,1.31869,31.6667,1,57.6667,1,250,800
1050,2926,1,0.328949,0.108208,15,1,57,-1,0,1050
1050,956,1,0.496834,0.246844,61,1,57,1,150,900
1050,2927,1,1.13755,1.29402,18,3,57,1,0,1050
1050,1446,26,17.3471,12.9449,29.2308,2.80769,60.1154,0,100,950
1050,2033,1,0.787472,0.620111,30,3,57,-1,50,1000
1050,1420,4,2.83145,2.07855,35.25,3.5,58.25,0,100,950
1050,978,1,1.01746,1.03522,35,5,57,-1,150,900
1050,2043,1,0.223806,0.0500893,60,5,57,1,50,1000
1050,1410,7,4.88223,3.58948,64.8571,4.57143,57.8571,-1,100,950
1050,967,1,1.12138,1.2575,59,8,57,1,150,900
1050,2045,3,2.57143,2.31635,44.6667,9.66667,58,1,50,1000
1050,2046,1,0.931043,0.866842,44,14,57,1,50,1000
1050,35,1,0.847401,0.718089,43,17,57,1,800,250
1050,203,3,2.12392,1.57199,53.6667,17.3333,58,1,500,550
1050,2928,5,3.83632,3.53512,29.4,19.8,57.6,3,0,1050
1050,2021,2,1.23427,0.796988,50.5,20,57,0,50,1000
1050,505,1,0.360738,0.130132,11,21,57,1,250,800
1050,2022,2,1.46403,1.09519,50.5,22.5,57,0,50,1000
1050,1433,1,0.826657,0.683361,18,25,57,-1,100,950
1050,89,1,0.286955,0.0823429,6,26,57,1,700,350
1050,2929,1,0.592509,0.351067,8,27,57,1,0,1050
1050,295,1,0.848852,0.72055,36,28,57,1,400,650
1050,1405,1,0.407339,0.165925,30,30,57,-1,100,950
1050,2930,1,0.44669,0.199532,50,33,57,1,0,1050
1050,2931,1,0.538001,0.289445,30,36,57,-1,0,1050
1050,2932,1,0.592346,0.350874,44,36,57,1,0,1050
1050,2024,1,1.55191,2.40843,19,37,57,-1,50,1000
1050,2933,3,2.31942,1.90142,58.6667,37.6667,57.3333,1,0,1050
1050,2027,1,1.14887,1.3199,51,38,57,-1,50,1000
1050,1438,3,1.62618,0.881689,0,39.3333,57,1,100,950
1050,2934,1,0.507085,0.257135,19,40,57,-1,0,1050
1050,2935,2,1.9539,1.948,37.5,40,57,0,0,1050
1050,2936,1,0.807591,0.652202,50,41,57,-1,0,1050
1050,971,2,1.66815,1.45752,30.5,42,57.5,0,150,900
1050,2037,9,7.60133,8.70794,57.8889,42.1111,58,-3,50,1000
1050,2937,1,0.953252,0.908689,21,44,57,-1,0,1050
1050,2938,1,0.602025,0.362435,60,46,57,1,0,1050
1050,2939,2,1.17943,0.719424,15,47.5,57,0,0,1050
1050,117,2,0.760682,0.292509,27,48,57.5,0,650,400
1050,2063,2,1.40484,1.01256,4.5,52,57,0,50,1000
1050,2038,2,1.30107,1.30522,59.5,52,57.5,2,50,1000
1050,507,1,0.674577,0.455054,47,56,57,-1,250,800
1050,2940,1,0.372793,0.138974,7,59,57,1,0,1050
1050,39,1,0.435384,0.189559,15,59,57,-1,800,250
1050,983,5,4.01372,3.26648,17.2,59.6,57.6,-1,150,900
1050,1431,1,0.928861,0.862782,3,62,57,-1,100,950
1050,1419,2,0.929752,0.527407,29.5,62,57.5,0,100,950
1050,169,3,2.47267,2.06389,54,62,57.6667,-1,550,500
1050,1453,2,2.46636,3.93036,11,63,57.5,0,100,950
1050,2941,2,0.907601,0.555606,19.5,63,57.5,0,0,1050
1050,684,1,1.15709,1.33886,44,0,58,-1,200,850
1050,2041,7,4.00937,2.57634,10.2857,1.14286,59.4286,-3,50,1000
1050,683,1,0.631689,0.39903,25,2,58,1,200,850
1050,2056,13,9.13864,7.35365,54.7692,2.46154,60.5385,-1,50,1000
1050,1441,4,2.08963,1.25482,31.25,6.75,59,0,100,950
1050,2044,1,0.993933,0.987902,7,8,58,-1,50,1000
1050,140,1,0.302571,0.0915489,17,8,58,-1,600,450
1050,2942,1,0.302291,0.09138,63,8,58,-1,0,1050
1050,2035,1,0.389176,0.151458,47,9,58,1,50,1000
1050,2943,5,3.51796,2.86403,56.2,9.6,58.8,1,0,1050
1050,2034,1,1.0015,1.003,40,11,58,1,50,1000
1050,2944,2,1.45514,1.21167,49.5,12,58,0,0,1050
1050,960,3,2.81171,2.72139,2.66667,13.3333,58,-1,150,900
1050,143,2,1.61509,1.30427,24.5,13,58.5,0,600,450
1050,1411,1,0.343827,0.118217,15,14,58,-1,100,950
1050,968,4,2.44955,1.51663,5.25,16,58.25,0,150,900
1050,2083,5,2.78606,1.74129,24.6,15.4,59.4,-1,50,1000
1050,2068,1,0.581029,0.337594,33,16,58,-1,50,1000
1050,962,1,0.415847,0.172929,15,17,58,-1,150,900
1050,974,1,0.725777,0.526753,20,17,58,1,150,900
1050,34,6,7.15689,8.84674,50.6667,16.6667,59.3333,0,800,250
1050,2945,1,0.409342,0.167561,57,19,58,-1,0,1050
1050,1395,1,0.30744,0.0945196,18,20,58,1,100,950
1050,2946,1,0.931429,0.86756,45,20,58,1,0,1050
1050,343,10,7.18402,5.56866,4.6,22.1,58.9,0,350,700
1050,2060,1,0.64518,0.416257,31,22,58,1,50,1000
1050,1448,1,0.737744,0.544267,54,22,58,1,100,950
1050,2059,2,1.31955,1.04153,17.5,23,58.5,0,50,1000
1050,88,1,0.831208,0.690906,28,23,58,1,700,350
1050,2947,3,1.75222,1.02651,35.3333,25,59,1,0,1050
1050,1435,3,2.82708,2.88495,48,25.3333,58,1,100,950
1050,2948,3,3.32452,3.90874,1.66667,27,59,-1,0,1050
1050,2949,1,1.05452,1.11202,62,27,58,1,0,1050
1050,2950,9,7.12158,6.34005,4.88889,28,59.1111,1,0,1050
1050,2951,1,0.905256,0.819488,10,28,58,-1,0,1050
1050,142,3,2.30169,1.81028,47.3333,29.6667,58.3333,1,600,450
1050,517,7,5.2494,4.19747,44.5714,32.1429,59.7143,1,250,800
1050,686,1,0.820787,0.673692,1,34,58,-1,200,850
1050,963,2,1.54308,1.19092,7,34,58.5,2,150,900
1050,2952,1,0.628222,0.394663,48,34,58,1,0,1050
1050,1412,1,0.372841,0.13901,5,35,58,-1,100,950
1050,2953,2,2.80252,4.06811,32.5,34.5,58.5,0,0,1050
1050,2954,1,0.891229,0.794289,22,36,58,-1,0,1050
1050,2955,1,0.623574,0.388845,32,37,58,1,0,1050
1050,2956,2,1.88617,1.78697,36,38,58.5,0,0,1050
1050,2073,1,0.393437,0.154793,7,39,58,-1,50,1000
1050,2957,4,2.85503,2.06002,5.75,41.5,58.75,0,0,1050
1050,964,1,0.265941,0.0707246,16,43,58,1,150,900
1050,2958,2,1.24764,0.817071,4.5,44,58,0,0,1050
1050,2959,1,0.921902,0.849903,44,46,58,-1,0,1050
1050,972,1,0.594024,0.352864,47,47,58,1,150,900
1050,1414,1,0.383302,0.14692,30,48,58,-1,100,950
1050,1415,1,1.20785,1.4589,35,48,58,1,100,950
1050,1440,1,0.85661,0.73378,26,50,58,-1,100,950
1050,2960,1,0.613866,0.376831,61,50,58,-1,0,1050
1050,2961,3,3.02952,4.21115,64,51,59,-1,0,1050
1050,2962,2,1.13584,0.869153,41.5,52.5,58,0,0,1050
1050,1418,1,0.880635,0.775518,36,55,58,1,100,950
1050,2963,1,0.628933,0.395556,57,58,58,1,0,1050
1050,2964,1,0.467371,0.218436,63,63,58,1,0,1050
1050,2965,1,0.446973,0.199785,58,0,59,-1,0,1050
1050,2040,1,0.591597,0.349987,0,1,59,1,50,1000
1050,2966,2,1.00317,0.519315,41.5,2,59,0,0,1050
1050,2064,1,0.600144,0.360172,50,3,59,-1,50,1000
1050,2057,4,3.42473,3.29041,8.5,4.75,60,0,50,1000
1050,2967,1,0.973853,0.94839,12,6,59,1,0,1050
1050,2968,1,0.74272,0.551633,58,6,59,-1,0,1050
1050,2969,1,0.797955,0.636732,60,7,59,-1,0,1050
1050,293,1,0.866652,0.751086,21,8,59,-1,400,650
1050,344,5,3.35205,2.39833,28.8,8.6,60.2,-1,350,700
1050,2970,1,0.987649,0.975451,4,9,59,-1,0,1050
1050,2971,1,0.614498,0.377607,51,9,59,1,0,1050
1050,2972,2,0.854021,0.649643,45.5,12,59,0,0,1050
1050,2097,5,2.70294,1.81643,42.8,17.2,59.4,-1,50,1000
1050,1422,1,0.532047,0.283074,2,17,59,1,100,950
1050,979,1,0.264619,0.0700232,10,17,59,-1,150,900
1050,973,1,0.423543,0.179389,9,19,59,1,150,900
1050,2047,3,1.68123,0.980349,19,20.6667,59.6667,1,50,1000
1050,345,1,1.0365,1.07433,49,20,59,1,350,700
1050,2084,3,1.2152,0.564578,15.6667,21,59.6667,1,50,1000
1050,2973,5,2.32112,1.18174,9.2,22.8,59.6,-1,0,1050
1050,2048,4,3.20529,2.73163,26.5,24.75,59.5,0,50,1000
1050,2974,1,0.658383,0.433468,12,26,59,1,0,1050
1050,2975,2,2.29304,2.63492,27,27.5,59,0,0,1050
1050,1434,1,0.402048,0.161643,57,27,59,1,100,950
1050,2976,1,0.77129,0.594888,41,28,59,1,0,1050
1050,2050,1,1.45004,2.10262,32,30,59,1,50,1000
1050,2977,1,0.571054,0.326103,53,31,59,1,0,1050
1050,1437,2,1.46543,1.08026,26.5,32,59.5,2,100,950
1050,2978,1,1.41139,1.99202,29,32,59,1,0,1050
1050,1425,1,0.553145,0.30597,9,33,59,-1,100,950
1050,1443,2,1.66615,1.39243,11,34,59.5,0,100,950
1050,970,1,0.979268,0.958967,59,34,59,1,150,900
1050,2979,1,1.11438,1.24183,57,35,59,-1,0,1050
1050,2980,1,0.82257,0.676621,38,37,59,1,0,1050
1050,2981,1,0.320855,0.102948,11,39,59,-1,0,1050
1050,1426,2,0.998734,0.503777,28,40.5,59.5,0,100,950
1050,2982,5,3.44069,2.76211,36,44.4,59.8,-1,0,1050
1050,2983,3,1.63248,0.950644,47.6667,44,59,1,0,1050
1050,1427,2,1.59688,1.2899,9,44,59.5,0,100,950
1050,2984,1,1.02096,1.04235,52,44,59,1,0,1050
1050,2985,5,4.32986,3.8788,13.4,45.4,59.8,-1,0,1050
1050,2986,1,0.605569,0.366714,10,46,59,-1,0,1050
1050,204,1,0.696362,0.48492,40,46,59,1,500,550
1050,2987,1,0.644458,0.415326,53,47,59,-1,0,1050
1050,2988,2,1.41057,1.14215,12,48,59.5,0,0,1050
1050,2062,1,0.564578,0.318748,21,49,59,-1,50,1000
1050,1444,1,0.929134,0.86329,28,50,59,1,100,950
1050,1439,3,1.77242,1.44102,38.3333,50.6667,60,-1,100,950
1050,2989,1,0.786858,0.619145,52,51,59,-1,0,1050
1050,515,1,0.442979,0.19623,55,51,59,-1,250,800
1050,2990,3,2.03992,1.45,19.3333,52,59.6667,1,0,1050
1050,689,8,6.63014,6.27126,27.375,56.375,60.75,-2,200,850
1050,1430,4,3.72061,4.58233,33,55,59.5,0,100,950
1050,2078,19,17.0407,18.03,0.0526316,60.1579,61.0526,-7,50,1000
1050,2054,2,1.17115,0.6933,41.5,57,59,0,50,1000
1050,38,6,4.10807,3.3625,9.83333,58.1667,59.8333,0,800,250
1050,2075,5,3.69935,2.94159,60.8,59.6,59.4,1,50,1000
1050,247,1,0.386611,0.149468,25,61,59,1,450,600
1050,2055,3,2.49152,2.18099,23,62,59.3333,1,50,1000
1050,2991,4,1.94491,1.40649,5,63.5,59.75,-2,0,1050
1050,2080,1,0.437356,0.19128,37,6,60,-1,50,1000
1050,2992,1,0.75401,0.568531,7,8,60,-1,0,1050
1050,417,2,1.29708,0.842617,23.5,9,60,0,300,750
1050,2993,1,0.521578,0.272044,47,9,60,-1,0,1050
1050,1447,2,1.38545,1.02536,10,12.5,60,0,100,950
1050,2067,4,1.77311,1.10702,17.25,12.75,60.25,-2,50,1000
1050,2994,1,0.738559,0.545469,53,14,60,-1,0,1050
1050,980,2,2.33759,2.73863,23,18,60.5,0,150,900
1050,2995,1,1.58358,2.50771,26,19,60,1,0,1050
1050,416,1,0.5882,0.345979,34,19,60,-1,300,750
1050,2058,1,0.678816,0.460791,63,20,60,1,50,1000
1050,2996,1,0.953049,0.908303,19,23,60,1,0,1050
1050,2997,3,2.34814,1.86883,31.3333,23,60.6667,1,0,1050
1050,1456,1,0.684439,0.468456,55,25,60,-1,100,950
1050,2071,7,7.20431,8.43424,47.7143,27.5714,60.5714,-1,50,1000
1050,2998,1,0.751353,0.564531,11,29,60,-1,0,1050
1050,986,5,3.89766,3.07737,36.2,29.2,60.6,1,150,900
1050,1436,2,2.68049,3.62754,5,32,60.5,0,100,950
1050,2085,1,0.793146,0.62908,7,32,60,1,50,1000
1050,2999,1,0.68167,0.464673,56,33,60,1,0,1050
1050,2061,3,2.84229,3.04373,24.3333,34,60.3333,1,50,1000
1050,3000,1,0.580034,0.336439,27,34,60,1,0,1050
1050,3001,2,1.99408,2.03879,57,37,60.5,0,0,1050
1050,3002,1,0.978027,0.956536,21,38,60,1,0,1050
1050,3003,1,0.90097,0.811747,1,40,60,-1,0,1050
1050,975,8,5.98625,5.52504,40.5,39.875,61.125,0,150,900
1050,1461,1,0.195271,0.0381307,11,44,60,-1,100,950
1050,2074,2,1.99434,1.99327,61.5,46.5,60.5,0,50,1000
1050,118,1,0.770532,0.593719,16,49,60,1,650,400
1050,1451,1,0.499203,0.249204,28,52,60,-1,100,950
1050,2102,2,1.96328,1.984,4.5,54.5,60.5,0,50,1000
1050,982,1,0.75032,0.562981,19,56,60,1,150,900
1050,3004,5,3.10129,1.97088,61.2,56.6,61.2,1,0,1050
1050,992,1,1.04296,1.08777,20,59,60,-1,150,900
1050,3005,1,0.416135,0.173169,54,59,60,1,0,1050
1050,1445,2,1.75118,1.65762,44.5,60,60.5,0,100,950
1050,510,1,1.0802,1.16684,10,63,60,-1,250,800
1050,3006,1,0.892771,0.797041,14,5,61,-1,0,1050
1050,977,3,2.20896,2.07712,24,6,61.6667,1,150,900
1050,3007,1,0.891541,0.794846,51,6,61,1,0,1050
1050,3008,1,0.639731,0.409255,10,8,61,1,0,1050
1050,2065,1,0.489265,0.23938,35,8,61,-1,50,1000
1050,1454,1,0.78484,0.615973,26,9,61,-1,100,950
1050,2066,1,1.15783,1.34057,32,11,61,1,50,1000
1050,3009,6,4.83223,4.55444,9.16667,15.1667,61.8333,-2,0,1050
1050,2069,3,2.06648,1.43401,34,15.6667,61,-1,50,1000
1050,685,1,1.01772,1.03575,39,17,61,-1,200,850
1050,2070,1,0.360567,0.130008,48,17,61,1,50,1000
1050,3010,2,1.18623,0.741627,63.5,17.5,61,2,0,1050
1050,1455,1,0.569406,0.324223,16,19,61,1,100,950
1050,90,3,2.3065,1.79717,50,21.3333,61.6667,1,700,350
1050,2100,1,0.988758,0.977642,27,27,61,-1,50,1000
1050,2086,1,0.926409,0.858233,1,32,61,-1,50,1000
1050,2072,1,0.556421,0.309604,11,32,61,-1,50,1000
1050,1457,2,1.14282,0.654997,41.5,32.5,61.5,0,100,950
1050,2087,3,2.96242,3.07065,13.6667,33.6667,61.3333,1,50,1000
1050,3011,1,0.63395,0.401892,56,35,61,-1,0,1050
1050,1458,4,3.18723,3.69173,37.75,36.5,62.25,0,100,950
1050,3012,1,0.866992,0.751675,55,38,61,1,0,1050
1050,3013,1,0.418138,0.17484,5,40,61,1,0,1050
1050,3014,1,0.769504,0.592137,0,43,61,-1,0,1050
1050,348,2,0.960705,0.502175,24,44,61.5,0,350,700
1050,3015,1,0.467789,0.218826,56,47,61,1,0,1050
1050,2101,1,0.975253,0.951118,29,49,61,-1,50,1000
1050,2089,1,1.62295,2.63397,12,50,61,1,50,1000
1050,3016,1,0.778536,0.606119,23,51,61,1,0,1050
1050,3017,1,0.219354,0.0481162,55,51,61,-1,0,1050
1050,512,1,0.530982,0.281942,15,52,61,1,250,800
1050,976,1,0.500164,0.250164,59,52,61,1,150,900
1050,981,2,0.674493,0.244934,14.5,54.5,61.5,0,150,900
1050,3018,2,1.93507,1.87263,11.5,55,61,0,0,1050
1050,1452,3,1.59599,1.00417,30.3333,55.3333,61.6667,-1,100,950
1050,3019,2,1.90125,2.02972,52,56.5,61.5,0,0,1050
1050,2076,1,0.811254,0.658134,45,58,61,1,50,1000
1050,2077,1,0.683624,0.467341,47,58,61,1,50,1000
1050,40,1,0.828108,0.685763,25,59,61,1,800,250
1050,2079,1,0.833532,0.694776,47,61,61,-1,50,1000
1050,3020,1,0.289643,0.0838929,22,0,62,1,0,1050
1050,3021,1,0.959033,0.919745,42,0,62,-1,0,1050
1050,3022,1,0.682781,0.46619,1,1,62,-1,0,1050
1050,3023,2,1.39278,0.983145,7.5,6,62.5,2,0,1050
1050,2081,1,0.700425,0.490595,30,7,62,1,50,1000
1050,3024,1,1.64604,2.70945,0,9,62,-1,0,1050
1050,2095,2,1.12646,0.706112,7,12,62.5,0,50,1000
1050,3025,1,0.712335,0.507422,25,14,62,-1,0,1050
1050,3026,1,0.46856,0.219548,27,16,62,-1,0,1050
1050,3027,1,1.63444,2.67139,19,20,62,1,0,1050
1050,3028,2,1.43429,1.29318,25.5,20,62,0,0,1050
1050,3029,1,0.728716,0.531027,13,21,62,1,0,1050
1050,3030,1,0.983648,0.967563,28,22,62,-1,0,1050
1050,513,4,3.3913,3.06784,59.5,22.5,62.25,0,250,800
1050,2099,3,2.60464,2.88147,43,23.3333,62.3333,3,50,1000
1050,516,1,0.570627,0.325615,4,24,62,1,250,800
1050,3031,2,1.57299,1.53515,51,24,62.5,0,0,1050
1050,2098,2,1.76531,1.76318,55.5,24,62,0,50,1000
1050,3032,6,5.11897,4.57816,6.16667,25.6667,62.6667,0,0,1050
1050,346,1,0.787216,0.619709,23,26,62,-1,350,700
1050,3033,1,1.06787,1.14034,52,27,62,1,0,1050
1050,3034,1,0.472822,0.223561,10,30,62,-1,0,1050
1050,3035,2,1.30453,1.13879,7,31.5,62,0,0,1050
1050,3036,1,0.788208,0.621272,0,35,62,-1,0,1050
1050,3037,1,0.847373,0.718041,46,36,62,1,0,1050
1050,3038,1,0.153301,0.0235011,45,39,62,-1,0,1050
1050,1450,3,1.97486,1.41454,28.3333,41,62.3333,-1,100,950
1050,3039,1,0.611456,0.373879,14,43,62,1,0,1050
1050,1460,1,0.62336,0.388578,19,43,62,-1,100,950
1050,3040,1,1.24926,1.56066,55,44,62,1,0,1050
1050,2088,1,0.670554,0.449643,27,45,62,-1,50,1000
1050,3041,2,1.73044,1.54976,30.5,45.5,62,0,0,1050
1050,3042,1,0.36498,0.133211,42,46,62,-1,0,1050
1050,514,1,0.19217,0.0369291,4,49,62,1,250,800
1050,3043,1,0.839793,0.705253,12,52,62,1,0,1050
1050,347,2,2.06859,2.77834,45.5,53,62,0,350,700
1050,3044,1,0.794499,0.631228,54,53,62,1,0,1050
1050,3045,1,1.10659,1.22455,9,54,62,-1,0,1050
1050,3046,1,0.91652,0.840009,19,56,62,1,0,1050
1050,3047,2,1.90001,1.96873,42.5,57,62,0,0,1050
1050,1464,1,0.648148,0.420096,19,58,62,-1,100,950
1050,519,2,1.37429,1.00978,35,58,62.5,0,250,800
1050,518,3,1.68678,0.970546,14.6667,59,62.3333,1,250,800
1050,1463,1,0.64369,0.414337,4,60,62,-1,100,950
1050,3048,2,1.35275,0.976216,19.5,60,62,0,0,1050
1050,2090,1,0.685257,0.469578,30,60,62,-1,50,1000
1050,2093,2,1.51894,1.32899,36.5,0,63,0,50,1000
1050,2094,1,0.932798,0.870112,57,2,63,-1,50,1000
1050,3049,1,1.62281,2.63351,61,3,63,1,0,1050
1050,3050,1,1.01033,1.02078,3,4,63,1,0,1050
1050,3051,1,0.354636,0.125766,53,8,63,1,0,1050
1050,3052,1,0.587805,0.345515,11,9,63,-1,0,1050
1050,985,1,0.272239,0.0741143,4,10,63,-1,150,900
1050,3053,2,1.17183,0.687287,26.5,11,63,0,0,1050
1050,3054,1,0.916867,0.840645,63,11,63,-1,0,1050
1050,3055,1,0.762917,0.582042,5,13,63,-1,0,1050
1050,3056,1,0.541494,0.293216,30,13,63,1,0,1050
1050,3057,1,0.811975,0.659303,55,14,63,-1,0,1050
1050,2096,1,1.02778,1.05633,48,15,63,1,50,1000
1050,3058,1,0.83513,0.697442,5,17,63,-1,0,1050
1050,3059,1,0.316719,0.100311,42,17,63,-1,0,1050
1050,3060,1,0.346501,0.120063,55,21,63,1,0,1050
1050,3061,1,0.692649,0.479763,11,24,63,1,0,1050
1050,3062,1,0.962729,0.926847,21,28,63,1,0,1050
1050,3063,1,0.592,0.350464,26,28,63,-1,0,1050
1050,3064,2,1.50077,1.33276,35,29.5,63,0,0,1050
1050,3065,2,1.55753,1.24821,44,33.5,63,0,0,1050
1050,987,1,0.634154,0.402151,27,37,63,-1,150,900
1050,988,1,0.646185,0.417555,60,39,63,1,150,900
1050,3066,1,0.385057,0.148269,21,40,63,-1,0,1050
1050,3067,1,0.198926,0.0395717,25,41,63,1,0,1050
1050,3068,1,0.642476,0.412776,11,46,63,-1,0,1050
1050,990,1,1.0864,1.18026,36,46,63,1,150,900
1050,1462,2,1.8405,1.7366,35.5,48,63,0,100,950
1050,3069,1,0.277675,0.0771032,32,50,63,-1,0,1050
1050,3070,1,0.625838,0.391674,37,50,63,-1,0,1050
1050,3071,2,1.14448,0.657559,56.5,50,63,0,0,1050
1050,349,1,0.530123,0.281031,32,53,63,1,350,700
1050,688,1,0.56235,0.316237,50,53,63,1,200,850
1050,3072,1,0.840565,0.70655,35,54,63,1,0,1050
1050,3073,1,0.948563,0.899772,24,58,63,-1,0,1050
1050,3074,1,0.712402,0.507516,17,61,63,1,0,1050
1050,2104,1,0.825199,0.680953,58,61,63,1,50,1000
1050,3075,1,0.727455,0.529191,58,63,63,1,0,1050
1100,711,11,9.94256,9.63732,17.9091,-1.27273,1.63636,1,200,900
1100,152,8598,8380.24,9404.08,35.9135,29.1655,12.3999,-50,600,500
1100,1475,2,1.73486,1.51931,44,0,0.5,0,100,1000
1100,3076,16,13.9245,13.5442,63.9375,-0.875,2.375,2,0,1100
1100,419,9,9.40992,11.1975,2.44444,2.11111,1,1,300,800
1100,3077,1,0.14451,0.0208833,21,1,0,1,0,1100
1100,3078,8,6.82319,6.17611,47.125,2.125,-0.375,0,0,1100
1100,296,36,32.0575,33.4195,56.8333,2.19444,-2.5,0,400,700
1100,423,1,1.26687,1.60496,50,3,0,1,300,800
1100,1001,2,1.63954,1.34626,5,4,0.5,0,150,950
1100,420,2,1.43924,1.21241,17,4,-0.5,2,300,800
1100,694,10,9.35138,10.1451,34.2,6.5,3.1,0,200,900
1100,1496,4,4.40254,4.86391,18,5.75,1,-2,100,1000
1100,2105,23,17.4346,15.1151,37.087,7.65217,-1.08696,1,50,1050
1100,2188,24,20.7069,20.6756,41.375,4.70833,3.29167,2,50,1050
1100,3079,16,18.4235,24.0988,7.875,5.125,-2.75,-4,0,1100
1100,1006,17,18.8286,25.1315,25.1176,6.82353,0.705882,1,150,950
1100,2117,1,1.12292,1.26094,54,6,0,-1,50,1050
1100,3080,3,2.38788,2.03777,61.3333,6.66667,0.333333,-1,0,1100
1100,3081,2,2.00483,2.04438,2,7.5,0,2,0,1100
1100,3082,1,1.10866,1.22913,4,7,0,1,0,1100
1100,3083,1,0.89374,0.798772,61,9,0,1,0,1100
1100,3084,3,2.48727,2.57713,34.6667,10.6667,0,1,0,1100
1100,3085,1,0.38335,0.146957,44,10,0,1,0,1100
1100,1482,2,1.53663,1.22965,55.5,10,-0.5,2,100,1000
1100,2106,3,2.07038,1.53885,48.6667,12,0.666667,1,50,1050
1100,3086,1,0.763345,0.582696,57,12,0,-1,0,1100
1100,691,11,9.49542,9.33175,5.63636,16.6364,-0.363636,3,200,900
1100,2107,1,0.757259,0.573441,26,16,0,1,50,1050
1100,1499,7,5.63353,4.68766,46.5714,17,1.85714,-1,100,1000
1100,1466,7,7.05569,7.6761,30.2857,18,0.142857,-1,100,1000
1100,2109,62,55.5278,58.3921,9.41935,22.7742,-1.80645,-12,50,1050
1100,721,1,0.505153,0.25518,11,20,0,1,200,900
1100,3087,1,0.550381,0.302919,9,21,0,-1,0,1100
1100,3088,5,4.77786,5.8178,55.4,25.4,0.6,1,0,1100
1100,699,2,1.89708,1.79954,15.5,26,-0.5,2,200,900
1100,3089,1,1.05427,1.11149,33,26,0,-1,0,1100
1100,3090,1,0.484674,0.234909,17,28,0,1,0,1100
1100,2133,8,8.55041,9.52655,21.25,28.125,0.25,2,50,1050
1100,2134,7,6.07007,6.37954,37.7143,29.8571,0,1,50,1050
1100,3091,1,0.450373,0.202836,8,29,0,-1,0,1100
1100,1486,1,0.70574,0.49807,62,29,0,1,100,1000
1100,2118,3,2.23468,1.79735,3.66667,30,0,-1,50,1050
1100,1019,9,8.40569,9.52975,12.2222,31,1.11111,1,150,950
1100,3092,1,1.13651,1.29165,15,31,0,1,0,1100
1100,3093,1,1.01741,1.03512,23,31,0,-1,0,1100
1100,1487,1,0.875215,0.766002,30,31,0,1,100,1000
1100,695,1,1.29164,1.66834,25,33,0,-1,200,900
1100,177,102,92.336,95.1357,32.1275,33.6373,6.7451,-2,550,550
1100,1522,17,18.2642,22.0465,42.4118,33.3529,3.64706,3,100,1000
1100,2111,1,0.421091,0.177318,15,36,0,-1,50,1050
1100,1470,20,14.3334,11.4978,29.45,38.85,-1.1,2,100,1000
1100,1003,1,0.987049,0.974266,45,36,0,1,150,950
1100,1469,2,1.67335,1.52816,49.5,38,0,0,100,1000
1100,1504,63,54.2768,57.8858,18.2381,40.9048,3.74603,5,100,1000
1100,997,19,15.9641,14.6529,23,41.5789,0.315789,-3,150,950
1100,1477,17,16.1589,17.1208,60.8824,42.1176,-0.764706,-3,100,1000
1100,2112,1,0.0816248,0.00666261,33,41,0,1,50,1050
1100,522,2,1.20669,0.73132,36,41,-0.5,-2,250,850
1100,2137,1,0.635398,0.40373,3,42,0,1,50,1050
1100,213,1,0.385667,0.148739,11,43,0,-1,500,600
1100,1491,202,178.82,183.276,29.7277,51.1782,-1.40099,22,100,1000
1100,172,1,0.543572,0.29547,42,43,0,-1,550,550
1100,426,4,3.57078,3.44927,47.5,43.25,0,0,300,800
1100,2123,1,1.27793,1.6331,35,44,0,-1,50,1050
1100,696,18,16.5193,17.2072,4.33333,48.9444,0.277778,0,200,900
1100,205,1,0.93598,0.876059,41,46,0,-1,500,600
1100,1031,2,1.74483,1.68285,57,46,0.5,0,150,950
1100,3094,52,51.372,57.0627,42.2692,53.0577,-8,-2,0,1100
1100,709,1,0.481899,0.232227,51,49,0,-1,200,900
1100,1038,1,0.809025,0.654522,60,49,0,1,150,950
1100,706,70,64.4363,68.224,10.8429,52.0429,3.18571,-8,200,900
1100,1506,17,18.8529,23.2771,56.7647,50.9412,-2.35294,1,100,1000
1100,1518,41,31.6684,29.5639,19.9024,50.5122,3.31707,1,100,1000
1100,3095,2,1.23328,0.809768,26,51.5,0.5,0,0,1100
1100,2113,2,1.91324,1.90707,55.5,52.5,-0.5,-2,50,1050
1100,1523,1,1.68973,2.85518,53,53,0,1,100,1000
1100,2143,7,5.7073,4.8729,46.2857,55.4286,0.571429,-1,50,1050
1100,3096,2,0.972096,0.562316,28,55,0.5,0,0,1100
1100,3097,6,6.52489,7.62376,55.8333,56,-1,0,0,1100
1100,3098,63,56.759,57.7096,63.8571,59.9841,-3.20635,-7,0,1100
1100,2126,1,0.742102,0.550716,20,57,0,1,50,1050
1100,1492,1,0.90994,0.82799,3,58,0,-1,100,1000
1100,2114,71,60.3841,57.7234,10.7183,60.169,-0.464789,-7,50,1050
1100,1473,1,0.325947,0.106241,52,58,0,1,100,1000
1100,1509,19,18.206,18.9396,39.3158,60.2105,1.89474,1,100,1000
1100,1012,1,1.03756,1.07652,4,60,0,-1,150,950
1100,1478,3,1.5473,0.829461,21.6667,60,0.333333,1,100,1000
1100,2146,18,14.983,14.594,60.8889,60.2222,2.5,0,50,1050
1100,2166,1,1.58142,2.50089,40,61,0,-1,50,1050
1100,2127,3,3.48992,4.34038,57.6667,61.3333,0,1,50,1050
1100,2115,1,1.76882,3.12874,36,62,0,-1,50,1050
1100,3099,1,1.61327,2.60265,43,62,0,-1,0,1100
1100,1000,31,27.5796,28.7042,50.1935,62.129,1.77419,-9,150,950
1100,67,3,3.12044,3.44756,24.6667,63,-0.333333,-3,750,350
1100,41,3,1.95579,1.7923,28.6667,0,1.33333,-1,800,300
1100,144,1,0.491033,0.241113,16,1,1,-1,600,500
1100,2,5,5.26486,6.95446,55.6,1,2.4,-1,850,250
1100,1528,2,2.61938,3.99503,23.5,2,1.5,0,100,1000
1100,210,1,1.80151,3.24544,53,2,1,-1,500,600
1100,3100,9,9.0522,9.48613,52.7778,3,3,-1,0,1100
1100,1497,1,0.736128,0.541885,21,5,1,1,100,1000
1100,524,1,1.04925,1.10093,46,14,1,1,250,850
1100,3101,2,2.2263,2.61365,17.5,24.5,1,2,0,1100
1100,2156,1,0.797614,0.636188,9,26,1,-1,50,1050
1100,525,4,5.00954,6.32061,28.25,26.5,2,0,250,850
1100,1018,1,0.718411,0.516114,11,27,1,-1,150,950
1100,2159,1,0.77686,0.603512,53,28,1,1,50,1050
1100,1501,1,0.64713,0.418778,20,30,1,-1,100,1000
1100,2178,2,2.11702,2.2958,21.5,33,1,2,50,1050
1100,2120,1,1.03803,1.07751,10,34,1,1,50,1050
1100,2163,13,10.6004,10.1701,40.1538,39.3077,1.84615,3,50,1050
1100,532,2,1.71298,1.90046,12.5,40.5,1.5,0,250,850
1100,2138,4,4.44318,5.61944,53.25,42.75,1.75,2,50,1050
1100,3102,6,5.24159,4.72668,24.3333,48.5,3,4,0,1100
1100,422,12,11.2854,11.535,41.1667,49.3333,2.75,-6,300,800
1100,2140,2,1.51361,1.32768,30.5,50,1,0,50,1050
1100,1519,1,1.03043,1.06179,48,50,1,-1,100,1000
1100,1472,2,2.17231,2.52447,49,53,1.5,0,100,1000
1100,3103,2,2.43093,3.38069,57.5,53,1.5,0,0,1100
1100,2125,1,0.677239,0.458652,5,54,1,1,50,1050
1100,352,1,1.19626,1.43103,40,54,1,1,350,750
1100,1524,2,1.56423,1.43627,42.5,53.5,1.5,-2,100,1000
1100,550,27,27.5332,32.3803,25.0741,56,5.14815,-1,250,850
1100,2144,3,3.85566,5.54425,28.3333,57.3333,1.66667,-1,50,1050
1100,2145,1,0.987785,0.97572,36,58,1,1,50,1050
1100,3104,3,2.93483,3.11741,58,58,1,-3,0,1100
1100,2167,4,2.8839,2.23867,49.75,2,2.25,0,50,1050
1100,3105,1,0.559328,0.312848,58,3,2,-1,0,1100
1100,3106,1,0.90077,0.811387,63,4,2,-1,0,1100
1100,535,1,1.60892,2.58861,0,6,2,-1,250,850
1100,700,6,5.08071,4.69391,13.8333,9,2.66667,0,200,900
1100,1023,1,0.937214,0.87837,11,11,2,1,150,950
1100,1481,2,1.11505,0.62263,53.5,11,2,0,100,1000
1100,3107,10,11.1101,12.8782,57.3,11.7,3.8,-2,0,1100
1100,3108,1,1.24801,1.55752,5,14,2,-1,0,1100
1100,1511,5,2.64011,1.48559,62.6,14.8,3.6,3,100,1000
1100,703,7,8.11399,10.2524,30.7143,24.2857,2.57143,-3,200,900
1100,716,2,2.21377,2.57932,34,24,2.5,-2,200,900
1100,3109,5,7.36255,11.1276,19.6,25.4,3,1,0,1100
1100,3110,1,1.09886,1.20749,16,27,2,1,0,1100
1100,2160,3,2.1244,1.77987,9.66667,29.3333,3,-1,50,1050
1100,2175,1,1.5812,2.50019,39,30,2,-1,50,1050
1100,3111,1,0.860617,0.740661,15,32,2,1,0,1100
1100,1044,2,1.67681,1.40762,25,35,2.5,0,150,950
1100,738,1,0.737813,0.544368,39,36,2,1,200,900
1100,1503,1,0.62763,0.393919,17,38,2,1,100,1000
1100,1059,2,1.48048,1.10865,37,38.5,2,0,150,950
1100,351,8,8.15947,9.14231,45.125,37.5,3.25,0,350,750
1100,1530,1,0.536529,0.287863,4,40,2,1,100,1000
1100,3112,1,1.03326,1.06763,0,42,2,-1,0,1100
1100,527,2,1.8943,1.99453,8.5,44,2,-2,250,850
1100,2139,2,1.1394,0.662687,17,45.5,2,2,50,1050
1100,1517,1,0.819024,0.6708,24,46,2,-1,100,1000
1100,356,1,1.60833,2.58674,53,46,2,-1,350,750
1100,3113,1,1.39514,1.94641,32,47,2,1,0,1100
1100,1505,3,2.59878,2.36782,58.3333,48.3333,2.33333,1,100,1000
1100,2182,1,1.63768,2.68201,47,52,2,-1,50,1050
1100,3114,1,0.695313,0.48346,29,53,2,1,0,1100
1100,3115,1,0.964366,0.930001,1,55,2,-1,0,1100
1100,2141,2,1.88739,1.80289,15.5,55,2,0,50,1050
1100,2219,3,2.95807,3.63738,30.6667,55,2.33333,-1,50,1050
1100,1507,6,5.00691,4.53099,52.8333,56,3.16667,0,100,1000
1100,3116,1,0.84772,0.71863,41,56,2,-1,0,1100
1100,119,1,0.613803,0.376754,7,59,2,1,650,450
1100,209,5,3.78018,2.98854,31,58,2.6,1,500,600
1100,1013,1,1.34742,1.81553,22,62,2,-1,150,950
1100,714,2,1.5984,1.2782,46.5,61.5,2.5,0,200,900
1100,707,3,2.987,3.06157,37.6667,63,2.66667,1,200,900
1100,3117,1,1.4907,2.22218,56,63,2,-1,0,1100
1100,3118,1,0.706659,0.499367,33,0,3,-1,0,1100
1100,2148,3,2.27288,1.85868,36.6667,2,3.33333,-1,50,1050
1100,1046,38,37.2434,39.9373,29.5263,3.86842,6.94737,6,150,950
1100,3119,1,0.833548,0.694802,20,3,3,1,0,1100
1100,1546,16,14.0245,14.6594,21.5,4.8125,5.75,-6,100,1000
1100,2170,2,2.35217,2.76836,50,4.5,3.5,0,50,1050
1100,1545,4,3.21871,2.8781,44.5,8,4,0,100,1000
1100,1041,2,1.70055,1.47427,6.5,11,3,0,150,950
1100,1042,1,0.874504,0.764757,39,12,3,-1,150,950
1100,2152,3,3.02512,3.33135,45,13,3.33333,1,50,1050
1100,1536,1,1.74179,3.03384,40,15,3,1,100,1000
1100,702,1,1.34699,1.81439,8,17,3,1,200,900
1100,1514,2,1.67207,1.53298,30.5,18,3.5,2,100,1000
1100,427,2,1.96494,2.18907,13.5,20,3,0,300,800
1100,2205,2,1.92021,2.48728,63,20.5,3.5,0,50,1050
1100,211,1,0.867878,0.753211,24,26,3,-1,500,600
1100,2110,1,0.19767,0.0390733,59,26,3,1,50,1050
1100,2158,1,1.70897,2.92059,35,27,3,-1,50,1050
1100,1539,65,60.1931,62.304,25.5385,34.1231,8.35385,-7,100,1000
1100,3120,1,0.829093,0.687395,5,30,3,-1,0,1100
1100,2135,1,0.722891,0.522571,35,31,3,1,50,1050
1100,212,3,2.48581,2.50841,9,32.3333,3,1,500,600
1100,2162,2,1.92254,1.93024,50.5,35,3,0,50,1050
1100,2193,4,3.46335,4.04169,41.75,39.25,4.25,0,50,1050
1100,1035,9,9.99908,12.8532,56.5556,39.3333,5,1,150,950
1100,2164,2,2.70235,3.81982,62.5,40,3,0,50,1050
1100,1029,2,1.70442,1.45338,2.5,46.5,3.5,0,150,950
1100,705,8,9.67807,12.4109,63.5,45.375,5.125,0,200,900
1100,2196,1,0.684762,0.468899,56,49,3,-1,50,1050
1100,2181,1,1.58494,2.51203,30,50,3,-1,50,1050
1100,2218,1,0.938758,0.881267,44,52,3,1,50,1050
1100,2199,1,0.648898,0.421069,55,53,3,-1,50,1050
1100,3121,1,1.44705,2.09395,44,54,3,1,0,1100
1100,2183,3,2.26166,1.81387,3.66667,54.3333,4,-1,50,1050
1100,3122,1,0.524964,0.275587,27,55,3,-1,0,1100
1100,3123,1,0.909306,0.826837,57,55,3,1,0,1100
1100,1033,1,0.481766,0.232099,7,56,3,-1,150,950
1100,1022,1,1.64175,2.69536,9,56,3,-1,150,950
1100,2184,4,2.96388,2.28627,20.25,58,3.75,0,50,1050
1100,433,1,0.758178,0.574833,44,60,3,-1,300,800
1100,3124,1,0.786291,0.618254,58,0,4,-1,0,1100
1100,3125,3,2.90355,3.06526,17.3333,0.333333,4.66667,-1,0,1100
1100,2222,1,0.799685,0.639496,0,2,4,1,50,1050
1100,69,1,0.812013,0.659365,41,2,4,1,750,350
1100,3126,1,0.840876,0.707072,19,5,4,1,0,1100
1100,1047,30,31.0762,35.8612,45.8333,11.3,8.43333,4,150,950
1100,1512,1,1.61133,2.5964,57,17,4,-1,100,1000
1100,3127,2,0.965976,0.528193,49,19.5,4,0,0,1100
1100,436,26,24.9828,27.3219,24.7308,24.6538,6.11538,2,300,800
1100,698,1,1.04765,1.09756,2,24,4,1,200,900
1100,548,12,11.646,12.67,35.6667,25.6667,6.41667,0,250,850
1100,1488,2,2.19224,2.45405,56.5,26,4,0,100,1000
1100,359,1,1.00352,1.00705,32,27,4,-1,350,750
1100,724,2,1.53092,1.37012,38.5,29,4,0,200,900
1100,3128,2,1.74451,1.53631,23.5,31,4,0,0,1100
1100,704,2,2.11851,2.26081,23,34.5,4,-2,200,900
1100,43,6,5.0161,4.40364,38,37.1667,4.16667,0,800,300
1100,1516,1,1.07315,1.15165,2,38,4,1,100,1000
1100,1489,1,0.593302,0.352007,24,41,4,-1,100,1000
1100,708,1,0.834875,0.697017,32,41,4,1,200,900
1100,1540,3,2.14295,1.80162,27.3333,41.3333,4.66667,-1,100,1000
1100,3129,1,0.994853,0.989733,36,42,4,1,0,1100
1100,3130,2,1.36592,1.36433,41.5,42.5,4.5,-2,0,1100
1100,751,44,44.6046,50.1585,50.9318,45.0455,7.81818,6,200,900
1100,2195,4,3.60956,3.63338,7.25,43.5,4.5,0,50,1050
1100,1036,1,1.10979,1.23163,30,43,4,-1,150,950
1100,733,1,0.834081,0.695692,59,44,4,-1,200,900
1100,1531,8,7.44302,7.8114,15.25,43.125,6.25,0,100,1000
1100,1532,15,14.5462,15.5961,10.2,44.8667,5.53333,-1,100,1000
1100,553,3,1.95315,1.51184,53,46,5,-1,250,850
1100,1030,1,0.594014,0.352853,13,47,4,-1,150,950
1100,1021,1,0.988983,0.978087,36,47,4,1,150,950
1100,1045,1,1.00195,1.00391,39,47,4,1,150,950
1100,1534,2,2.26485,2.5653,57,51,4.5,0,100,1000
1100,3131,1,0.808386,0.653488,29,52,4,-1,0,1100
1100,538,1,1.11444,1.24199,38,53,4,-1,250,850
1100,3132,1,0.503097,0.253106,49,53,4,-1,0,1100
1100,1525,8,7.9746,9.36476,62.375,53.75,5.5,0,100,1000
1100,2198,1,0.971734,0.944268,1,55,4,-1,50,1050
1100,149,15,10.7361,8.54843,44.1333,57.7333,5.86667,1,600,500
1100,207,1,1.14966,1.32171,31,60,4,1,500,600
1100,539,1,0.451543,0.203891,54,60,4,-1,250,850
1100,1526,4,2.77181,2.39334,4.5,60.5,4.5,0,100,1000
1100,218,2,2.18314,2.53896,9.5,61,4,0,500,600
1100,435,4,4.75969,5.79759,28.5,61.75,4.75,0,300,800
1100,2185,2,1.37543,0.964366,61.5,60.5,4.5,0,50,1050
1100,2186,1,0.91939,0.845279,44,63,4,-1,50,1050
1100,2147,2,1.30378,1.36731,12,2.5,5,0,50,1050
1100,3133,1,1.12212,1.25914,37,5,5,-1,0,1100
1100,303,1,1.25357,1.57143,53,7,5,1,400,700
1100,1034,1,1.59864,2.55564,35,10,5,-1,150,950
1100,1537,2,1.81626,1.6942,15,13,5.5,0,100,1000
1100,1498,1,1.07209,1.14939,30,13,5,-1,100,1000
1100,1055,1,1.15134,1.32559,14,16,5,1,150,950
1100,2189,1,1.10081,1.21178,42,16,5,1,50,1050
1100,2228,1,0.380428,0.144725,60,17,5,-1,50,1050
1100,3134,1,1.29417,1.67488,0,19,5,1,0,1100
1100,1051,17,22.0359,31.1644,39.8824,19.8824,7.47059,1,150,950
1100,1521,1,0.81505,0.664307,11,21,5,-1,100,1000
1100,304,3,3.4397,4.57734,26.3333,22,5.66667,-1,400,700
1100,723,1,0.282512,0.0798128,0,23,5,-1,200,900
1100,2206,2,0.971549,0.488341,40.5,23,5.5,0,50,1050
1100,1485,1,0.977733,0.955961,38,24,5,-1,100,1000
1100,2230,4,3.43566,3.77317,46,25.25,6.25,0,50,1050
1100,736,2,1.9053,1.82255,25.5,28.5,5,2,200,900
1100,732,2,2.79631,4.08342,58.5,27.5,5.5,0,200,900
1100,355,1,0.936929,0.877836,36,32,5,1,350,750
1100,2211,9,8.8758,9.90882,12.3333,35,6.33333,1,50,1050
1100,2191,5,4.40011,4.14369,53.8,35,5.4,-1,50,1050
1100,2233,1,0.636515,0.405152,14,36,5,-1,50,1050
1100,3135,3,3.04924,3.44625,17,36.3333,5,-1,0,1100
1100,2192,1,0.733396,0.53787,62,38,5,1,50,1050
1100,1049,2,2.571,3.56976,34,47,5.5,0,150,950
1100,1549,1,0.75801,0.57458,56,47,5,1,100,1000
1100,2179,1,0.586122,0.343539,18,48,5,-1,50,1050
1100,1032,1,1.0874,1.18244,6,50,5,-1,150,950
1100,2237,1,0.371559,0.138056,25,51,5,-1,50,1050
1100,3136,1,0.780098,0.608554,27,51,5,-1,0,1100
1100,3137,4,2.96033,2.39092,55,52.25,5.75,-2,0,1100
1100,2124,1,0.483667,0.233934,2,52,5,1,50,1050
1100,2165,1,1.24889,1.55972,18,54,5,-1,50,1050
1100,3138,1,0.941323,0.886088,43,54,5,-1,0,1100
1100,541,2,1.41576,1.11976,6,55.5,5.5,-2,250,850
1100,3139,2,1.51839,1.26938,50,56,5.5,0,0,1100
1100,2239,4,2.90356,2.38099,0.75,57.75,6.5,0,50,1050
1100,3140,2,2.18716,2.55676,46.5,59,5,0,0,1100
1100,2220,2,2.12687,2.91133,35.5,61,5.5,2,50,1050
1100,3141,1,1.94811,3.79511,32,62,5,1,0,1100
1100,3142,1,0.535528,0.28679,34,63,5,1,0,1100
1100,11,5,5.92259,7.37168,8.4,-0.8,7.2,-3,850,250
1100,3143,17,15.8779,16.8204,64.2353,1.58824,7.76471,3,0,1100
1100,353,7,7.39766,8.80371,40.8571,0.428571,6.85714,-1,350,750
1100,250,1,0.663154,0.439773,26,2,6,-1,450,650
1100,2201,7,6.78943,7.54979,13.2857,9,7.85714,3,50,1050
1100,2202,1,0.671307,0.450653,13,11,6,1,50,1050
1100,715,1,0.584809,0.342002,60,13,6,-1,200,900
1100,429,4,3.69272,3.65261,52.25,17.25,6.5,-2,300,800
1100,2207,6,5.84113,6.36618,52.3333,22.6667,6.5,0,50,1050
1100,2174,1,0.901444,0.812602,41,25,6,1,50,1050
1100,3144,4,3.15455,3.13992,39,27.25,7.25,0,0,1100
1100,2231,6,5.51498,5.16542,5.83333,28.5,6.33333,2,50,1050
1100,2176,2,2.47223,3.29891,3,29.5,6,0,50,1050
1100,150,1,0.727884,0.529814,13,31,6,1,600,500
1100,718,3,2.72703,2.84267,6,32,6,-1,200,900
1100,3145,1,0.529978,0.280877,11,32,6,1,0,1100
1100,3146,1,1.10989,1.23185,45,33,6,-1,0,1100
1100,2232,10,8.1289,7.28651,4.7,35.6,6.3,2,50,1050
1100,251,1,1.57367,2.47645,49,37,6,1,450,650
1100,1053,7,4.04617,2.47641,7.14286,38.4286,6.42857,-1,150,950
1100,2213,11,7.83989,6.9986,60.3636,37.7273,7.54545,-1,50,1050
1100,93,3,4.07631,5.74879,11.3333,39.3333,7,-1,700,400
1100,2214,3,2.80304,2.65679,5.33333,40.6667,6,-1,50,1050
1100,431,1,0.934712,0.873687,23,40,6,-1,300,800
1100,2215,2,1.27998,0.824689,10.5,41,6,0,50,1050
1100,42,2,1.56794,1.39007,51.5,41,6,0,800,300
1100,3147,1,0.855958,0.732664,34,43,6,-1,0,1100
1100,173,2,1.56158,1.22365,59.5,42.5,6.5,0,550,550
1100,1556,1,1.26856,1.60925,57,44,6,-1,100,1000
1100,2234,5,5.18067,5.41637,23.4,45.6,7,3,50,1050
1100,7,2,2.35218,2.7997,5.5,47,6,0,850,250
1100,2250,1,0.955557,0.913089,59,47,6,1,50,1050
1100,1533,3,3.31508,3.81946,61.3333,48,6.66667,-1,100,1000
1100,254,3,2.70249,2.74544,9,49.3333,6,-3,450,650
1100,2236,1,0.65004,0.422552,37,50,6,-1,50,1050
1100,3148,2,1.77319,1.57235,60,51,6.5,0,0,1100
1100,432,3,3.17581,3.43461,24.6667,52,6.66667,-1,300,800
1100,727,4,3.89059,4.02524,39,53.5,6,0,200,900
1100,734,33,29.7974,30.2705,42.0606,55.6061,9.57576,-5,200,900
1100,2238,4,4.14567,4.47156,31,54.5,6.5,2,50,1050
1100,3149,1,1.75012,3.06292,33,55,6,1,0,1100
1100,3150,1,1.3455,1.81037,52,55,6,-1,0,1100
1100,542,4,3.05647,2.42482,17.25,54.75,7.25,0,250,850
1100,120,1,0.63515,0.403416,22,56,6,-1,650,450
1100,2200,1,0.780876,0.609767,3,57,6,1,50,1050
1100,1039,1,0.758776,0.575742,38,57,6,-1,150,950
1100,8,1,0.934925,0.874085,30,58,6,1,850,250
1100,1651,783,749.481,812.162,10.129,62.2759,17.0817,3,100,1000
1100,3151,2,2.41835,3.22205,15,59.5,6.5,0,0,1100
1100,3152,1,0.408613,0.166965,18,60,6,-1,0,1100
1100,1557,1,1.12036,1.2552,28,60,6,1,100,1000
1100,1542,5,3.20331,2.62987,38.4,61.4,7.4,-3,100,1000
1100,1073,1,0.46743,0.218491,5,0,7,-1,150,950
1100,3153,1,0.922731,0.851433,15,0,7,-1,0,1100
1100,2187,6,7.2016,8.95664,22,0.666667,7.66667,0,50,1050
1100,2224,2,2.09151,2.19078,43.5,1.5,7,0,50,1050
1100,3154,1,0.904934,0.818906,49,1,7,1,0,1100
1100,1065,17,16.3156,17.7947,13.9412,3.35294,10.0588,3,150,950
1100,720,2,1.44093,1.07626,33,5.5,7,0,200,900
1100,2288,2,1.76629,1.56403,38,5,7.5,0,50,1050
1100,2242,1,1.44281,2.08169,19,8,7,1,50,1050
1100,3155,1,0.899099,0.808379,33,8,7,1,0,1100
1100,2257,1,1.54696,2.3931,48,8,7,-1,50,1050
1100,2243,1,1.16576,1.359,8,11,7,1,50,1050
1100,2225,1,0.771645,0.595436,51,11,7,-1,50,1050
1100,4,2,1.83631,1.82524,4,12,7.5,0,850,250
1100,1040,1,0.792454,0.627984,62,13,7,1,150,950
1100,9,5,4.13637,3.4731,46,15.8,8.4,1,850,250
1100,752,1,0.649645,0.422038,50,15,7,-1,200,900
1100,94,1,0.483608,0.233877,60,16,7,-1,700,400
1100,253,3,2.66421,2.83898,42.6667,17.6667,7.66667,-1,450,650
1100,3156,1,0.472118,0.222896,1,19,7,-1,0,1100
1100,1548,3,2.61006,2.33368,11.6667,21.6667,8,-1,100,1000
1100,2261,1,1.08744,1.18253,29,23,7,-1,50,1050
1100,540,2,1.3084,0.879455,21.5,26,7,0,250,850
1100,2262,1,0.776778,0.603384,31,26,7,1,50,1050
1100,1562,4,5.16023,6.85677,24.75,28.5,8.5,0,100,1000
1100,2278,1,1.72143,2.96334,38,31,7,-1,50,1050
1100,2247,1,1.13136,1.27999,59,31,7,1,50,1050
1100,3157,3,3.92361,5.81195,14.3333,37,7.66667,-3,0,1100
1100,1577,1,0.608431,0.370189,22,36,7,1,100,1000
1100,3158,1,0.681497,0.464439,20,37,7,1,0,1100
1100,1541,1,0.450664,0.203098,54,40,7,1,100,1000
1100,3159,13,10.907,10.2193,-0.615385,41.4615,8.38462,-3,0,1100
1100,3160,7,5.90739,5.28176,29,42.5714,7.28571,-1,0,1100
1100,2216,2,1.22866,0.768986,4,43.5,7,-2,50,1050
1100,3161,1,0.967591,0.936231,6,45,7,1,0,1100
1100,3162,3,1.73127,1.00335,35,45,7.33333,3,0,1100
1100,2265,9,7.48473,7.01436,57.5556,46.3333,8.22222,1,50,1050
1100,1564,17,13.835,14.2963,18.2353,46.3529,9.41176,-1,100,1000
1100,3163,2,2.05891,2.13714,23.5,49,7.5,0,0,1100
1100,1581,1,0.892837,0.797158,29,49,7,1,100,1000
1100,2249,1,1.51235,2.2872,39,49,7,-1,50,1050
1100,2235,1,0.848769,0.720409,41,49,7,-1,50,1050
1100,3164,1,0.878773,0.772243,43,49,7,-1,0,1100
1100,1580,3,3.33898,4.53193,27.6667,52.6667,7,-1,100,1000
1100,362,1,0.176233,0.0310581,37,52,7,1,350,750
1100,2267,1,0.939258,0.882206,1,53,7,-1,50,1050
1100,3165,1,1.01304,1.02626,14,53,7,1,0,1100
1100,3166,1,0.89197,0.795611,53,53,7,-1,0,1100
1100,1565,1,0.995168,0.99036,55,55,7,-1,100,1000
1100,3167,6,6.34314,8.26362,4.16667,59.3333,7.33333,0,0,1100
1100,220,1,0.233166,0.0543666,13,59,7,-1,500,600
1100,2253,1,0.90061,0.811098,22,59,7,-1,50,1050
1100,2252,4,4.33504,4.7216,55.5,59.25,7.75,2,50,1050
1100,1550,1,0.850676,0.72365,41,60,7,-1,100,1000
1100,2221,1,0.899571,0.809228,3,63,7,-1,50,1050
1100,2301,23,18.7822,17.3316,56.8696,-1.21739,11.1739,1,50,1050
1100,1590,1,1.08491,1.17702,10,1,8,-1,100,1000
1100,2240,4,2.6618,1.92672,4.5,4.5,8.5,2,50,1050
1100,1543,1,0.734469,0.539445,2,6,8,1,100,1000
1100,3168,1,0.669243,0.447887,12,6,8,-1,0,1100
1100,3169,1,0.970681,0.942222,35,7,8,1,0,1100
1100,3170,5,4.52752,4.62446,20.8,8.2,9,1,0,1100
1100,1558,1,0.438007,0.19185,41,8,8,1,100,1000
1100,1568,4,3.16108,2.8162,25,9.5,8.5,0,100,1000
1100,1067,1,0.603006,0.363616,31,10,8,1,150,950
1100,1573,3,2.30863,1.91137,33,12.3333,8.66667,1,100,1000
1100,1050,1,0.875166,0.765916,1,14,8,1,150,950
1100,45,7,6.40198,7.21723,60,18.2857,8.85714,-3,800,300
1100,1057,1,1.0976,1.20473,59,25,8,-1,150,950
1100,742,1,0.33886,0.114826,8,31,8,1,200,900
1100,1063,1,1.21069,1.46578,11,31,8,-1,150,950
1100,223,1,0.583509,0.340483,16,33,8,1,500,600
1100,2280,1,0.587814,0.345526,1,35,8,-1,50,1050
1100,3171,1,0.816488,0.666653,49,35,8,-1,0,1100
1100,3172,1,0.953509,0.909179,18,37,8,-1,0,1100
1100,1563,1,1.15686,1.33834,50,37,8,1,100,1000
1100,74,1,0.665362,0.442707,36,42,8,1,750,350
1100,3173,1,0.778064,0.605383,34,43,8,-1,0,1100
1100,3174,1,0.88533,0.783809,49,44,8,1,0,1100
1100,1588,21,22.0338,25.6129,38.2381,46.8571,11.7143,1,100,1000
1100,1089,1,1.66785,2.78173,7,47,8,1,150,950
1100,1080,1,0.624272,0.389716,4,48,8,-1,150,950
1100,546,3,2.06649,1.71343,48.3333,50.3333,9,1,250,850
1100,3175,7,5.86338,5.64847,1.14286,51.2857,9.14286,-1,0,1100
1100,746,7,6.2571,5.94567,38.7143,51.5714,9.71429,3,200,900
1100,1597,2,2.70432,3.82389,35.5,52,8.5,0,100,1000
1100,3176,1,1.24641,1.55353,7,54,8,-1,0,1100
1100,2283,1,0.497022,0.247031,57,55,8,1,50,1050
1100,2268,2,1.98686,1.99132,62,56,8.5,0,50,1050
1100,3177,3,2.25071,1.81554,52.3333,61.3333,8,-1,0,1100
1100,2254,1,0.510686,0.2608,62,61,8,-1,50,1050
1100,1527,1,0.794271,0.630867,48,62,8,-1,100,1000
1100,3178,1,1.03645,1.07423,13,63,8,-1,0,1100
1100,3179,1,0.716229,0.512985,8,1,9,1,0,1100
1100,1567,2,1.22082,0.906635,50.5,1,9,0,100,1000
1100,1086,1,0.363402,0.132061,18,2,9,-1,150,950
1100,2269,1,0.478147,0.228624,53,3,9,-1,50,1050
1100,2289,1,0.399226,0.159382,25,6,9,1,50,1050
1100,1054,1,0.408216,0.16664,53,6,9,-1,150,950
1100,2290,2,2.06146,2.14005,8.5,12,9.5,0,50,1050
1100,2259,3,4.1404,6.12386,9.66667,14,9.66667,1,50,1050
1100,753,6,5.54159,5.74674,31.1667,14.8333,10.5,0,200,900
1100,1056,1,0.31872,0.101583,4,18,9,-1,150,950
1100,1584,1,1.73859,3.02269,35,19,9,-1,100,1000
1100,740,1,1.03254,1.06615,53,19,9,1,200,900
1100,3180,1,0.622186,0.387115,48,20,9,-1,0,1100
1100,1554,3,2.47307,2.13953,33.3333,21,10,1,100,1000
1100,363,10,8.98831,9.48422,51.6,21.8,10.8,0,350,750
1100,747,21,19.7652,22.0531,56.7143,21.6667,12.0476,-3,200,900
1100,1619,6,3.8811,2.73695,29.3333,23.3333,9.5,2,100,1000
1100,731,3,2.33827,1.83671,22.6667,24.6667,9,1,200,900
1100,1062,5,4.91997,5.21574,53.8,24,10.4,1,150,950
1100,3181,2,1.8189,1.8523,30.5,27.5,9.5,0,0,1100
1100,2263,6,6.2851,7.98079,61.6667,28.1667,10.5,0,50,1050
1100,3182,1,0.133418,0.0178003,63,27,9,1,0,1100
1100,549,2,1.19186,0.714785,13,30,9.5,0,250,850
1100,3183,1,0.717583,0.514925,14,34,9,1,0,1100
1100,3184,1,0.664428,0.441464,46,35,9,1,0,1100
1100,1076,1,1.19588,1.43013,39,36,9,1,150,950
1100,176,3,1.57117,0.928944,53.3333,37,9.66667,1,550,550
1100,1578,2,1.53761,1.49268,25.5,38.5,9.5,-2,100,1000
1100,544,1,0.57119,0.326258,21,41,9,-1,250,850
1100,1081,1,1.55429,2.41582,13,43,9,-1,150,950
1100,3185,1,0.918875,0.844331,24,44,9,1,0,1100
1100,3186,7,7.29309,8.35692,62.4286,47.4286,10.4286,-3,0,1100
1100,739,7,5.03259,4.36989,13.5714,48.5714,10.1429,-1,200,900
1100,2266,6,3.43475,2.72863,52.3333,48.3333,9.66667,0,50,1050
1100,2312,4,2.56315,1.94966,30.25,49.75,9.75,0,50,1050
1100,2248,1,0.339093,0.114984,56,49,9,-1,50,1050
1100,1061,1,0.533116,0.284212,16,51,9,-1,150,950
1100,70,1,1.11446,1.24203,28,52,9,1,750,350
1100,1084,7,5.2718,4.35837,7.28571,55.8571,10.5714,1,150,950
1100,2286,18,15.225,15.0178,48.1667,57.4444,10.2778,-2,50,1050
1100,2251,2,1.89856,1.89498,38.5,57,9.5,2,50,1050
1100,219,3,3.18268,3.44114,8.33333,59,9,-1,500,600
1100,554,1,0.98381,0.967881,16,58,9,-1,250,850
1100,2317,1,0.497543,0.247549,24,58,9,1,50,1050
1100,97,9,6.51529,5.36512,62.3333,58.1111,10.3333,1,700,400
1100,3187,1,1.22092,1.49064,14,61,9,1,0,1100
1100,174,1,0.842209,0.709317,21,61,9,-1,550,550
1100,2319,1,0.795658,0.633072,1,63,9,-1,50,1050
1100,3188,1,1.41152,1.99237,3,63,9,-1,0,1100
1100,3189,1,1.2911,1.66694,45,63,9,-1,0,1100
1100,256,2,1.89728,1.80921,25,2.5,10.5,0,450,650
1100,301,2,1.27515,0.875472,55,2.5,10,0,400,700
1100,1559,3,2.21982,1.843,50.3333,4,10.6667,1,100,1000
1100,307,1,0.703265,0.494581,20,5,10,1,400,700
1100,3190,27,23.2644,23.1334,24.5185,6.37037,12.3333,-5,0,1100
1100,1570,4,3.14451,2.77754,49.75,8,10.75,0,100,1000
1100,1569,1,1.26338,1.59612,12,9,10,1,100,1000
1100,2287,4,3.1407,2.99988,29,8.75,10.75,-2,50,1050
1100,3191,1,1.32543,1.75677,12,11,10,1,0,1100
1100,3192,5,5.42576,7.13963,60.2,11.4,10.4,1,0,1100
1100,2272,2,1.77958,1.72249,13.5,12.5,10.5,0,50,1050
1100,2292,2,1.52368,1.2924,35,12,10.5,0,50,1050
1100,1571,1,1.1177,1.24925,2,14,10,1,100,1000
1100,1603,2,1.35133,0.917462,51,16.5,10.5,0,100,1000
1100,3193,1,0.803727,0.645977,56,16,10,1,0,1100
1100,2229,1,1.16294,1.35244,12,18,10,1,50,1050
1100,1068,1,0.790469,0.624841,55,18,10,1,150,950
1100,2260,7,5.26563,4.38785,45.7143,20.5714,11,1,50,1050
1100,2325,1,0.766784,0.587958,27,21,10,-1,50,1050
1100,1069,1,1.02597,1.05261,20,22,10,-1,150,950
1100,3194,1,1.85298,3.43353,12,23,10,-1,0,1100
1100,255,2,1.69759,1.44588,58,24.5,10.5,-2,450,650
1100,2276,1,0.68156,0.464524,3,28,10,-1,50,1050
1100,2327,4,2.95164,2.26839,38.75,29.25,10.5,-2,50,1050
1100,178,2,2.3517,2.96639,11,31,10.5,0,550,550
1100,72,1,0.72326,0.523106,45,33,10,-1,750,350
1100,1606,2,1.7444,2.07671,29,34.5,10,0,100,1000
1100,3195,1,0.20842,0.043439,18,37,10,-1,0,1100
1100,3196,1,0.613638,0.376552,56,39,10,1,0,1100
1100,1072,1,0.860347,0.740197,24,41,10,1,150,950
1100,2311,5,5.99838,7.65009,56.6,44.8,11.2,3,50,1050
1100,3197,1,1.54615,2.39059,29,46,10,1,0,1100
1100,3198,2,1.67818,1.65159,34,46,10.5,0,0,1100
1100,2282,1,1.21477,1.47568,22,49,10,1,50,1050
1100,2334,2,1.60734,1.32447,32.5,51,10.5,0,50,1050
1100,552,1,0.855338,0.731603,7,53,10,-1,250,850
1100,1608,2,1.31404,0.890015,30,53,10.5,2,100,1000
1100,2300,2,1.941,1.94124,57.5,53,10,0,50,1050
1100,3199,1,0.750097,0.562645,4,55,10,-1,0,1100
1100,3200,2,1.71945,1.81713,58.5,55.5,10.5,2,0,1100
1100,2285,2,2.04818,2.31386,52.5,56.5,10.5,-2,50,1050
1100,1090,1,1.30666,1.70735,6,58,10,1,150,950
1100,2316,1,1.02042,1.04126,56,59,10,1,50,1050
1100,3201,3,1.44926,0.789537,18.3333,62.3333,10,-1,0,1100
1100,3202,1,0.583575,0.340559,47,63,10,1,0,1100
1100,3203,3,2.30725,2.33817,50,-0.666667,11.3333,1,0,1100
1100,2336,1,0.409974,0.168079,28,4,11,1,50,1050
1100,1566,1,0.679245,0.461374,35,4,11,1,100,1000
1100,735,1,1.39212,1.938,40,4,11,1,200,900
1100,2320,20,19.6153,22.4211,36.15,6.4,12.45,-2,50,1050
1100,547,16,16.9894,19.9599,16.6875,8.375,11.6875,0,250,850
1100,2305,5,5.66216,7.77965,40.2,8.8,11.4,3,50,1050
1100,2270,1,0.476807,0.227345,55,10,11,1,50,1050
1100,175,2,2.53565,3.5518,4,11,11.5,-2,550,550
1100,3204,2,1.2463,0.830282,40,11,11.5,0,0,1100
1100,1645,75,66.0535,64.442,47.28,10.32,16.7867,3,100,1000
1100,310,5,5.248,5.68314,46.8,17,11.8,-1,400,700
1100,1560,1,0.967195,0.935466,9,19,11,-1,100,1000
1100,3205,1,0.768028,0.589867,49,19,11,-1,0,1100
1100,3206,2,2.05065,2.76208,54,22,11.5,0,0,1100
1100,755,7,6.46767,7.73215,13.5714,21.8571,12.1429,1,200,900
1100,1613,2,1.9146,1.85771,3.5,25,11.5,0,100,1000
1100,2293,1,1.18744,1.41001,16,25,11,1,50,1050
1100,1575,9,9.98912,11.9311,24.2222,24.6667,12.8889,1,100,1000
1100,358,1,0.714847,0.511006,17,27,11,-1,350,750
1100,368,1,1.34085,1.79787,33,32,11,-1,350,750
1100,2328,1,0.578027,0.334116,13,35,11,1,50,1050
1100,3207,1,1.30011,1.69027,32,35,11,1,0,1100
1100,1078,1,1.11711,1.24793,26,37,11,-1,150,950
1100,2308,9,6.84236,5.70573,58.7778,37.8889,12.6667,-1,50,1050
1100,1595,2,0.832353,0.368088,28.5,38,11,0,100,1000
1100,3208,1,0.850527,0.723396,21,43,11,1,0,1100
1100,744,2,1.36344,0.933148,12,47.5,11,0,200,900
1100,317,2,1.78475,1.61818,36,47.5,11.5,2,400,700
1100,1596,5,3.48636,2.6112,57.8,47.4,11.8,1,100,1000
1100,745,9,7.25845,6.63418,53.5556,48.8889,12.5556,-3,200,900
1100,2360,8,6.58658,5.96553,6.125,52.25,13.75,0,50,1050
1100,2299,4,2.74601,2.22131,37.25,54.75,12.25,0,50,1050
1100,3209,4,3.53405,3.19841,0.75,55,11.25,0,0,1100
1100,728,1,1.71526,2.94211,35,60,11,-1,200,900
1100,764,16,16.4561,19.3145,39,59.8125,13,-6,200,900
1100,225,1,0.179985,0.0323945,40,63,11,-1,500,600
1100,1601,1,0.867048,0.751772,16,1,12,1,100,1000
1100,2302,1,0.763728,0.583281,63,1,12,1,50,1050
1100,2335,9,7.81588,7.59714,19.7778,2.88889,12.7778,-3,50,1050
1100,3210,1,0.957543,0.916889,30,2,12,-1,0,1100
1100,3211,11,11.1765,12.5438,39.9091,2,13.9091,-1,0,1100
1100,2338,2,1.67042,1.42062,11.5,7.5,12.5,0,50,1050
1100,2322,1,1.42515,2.03105,8,9,12,1,50,1050
1100,2304,1,1.01907,1.03851,30,11,12,-1,50,1050
1100,2341,1,1.72173,2.96435,48,12,12,-1,50,1050
1100,1611,2,1.58114,1.35957,50.5,14,12,-2,100,1000
1100,47,1,0.902413,0.814349,59,14,12,1,800,300
1100,2399,55,48.116,49.6641,8.16364,18.4364,16.7818,-1,50,1050
1100,364,1,1.71896,2.95482,54,18,12,1,350,750
1100,1612,1,0.48051,0.23089,7,19,12,-1,100,1000
1100,2323,6,4.85425,4.63102,1.16667,20,13.1667,0,50,1050
1100,2324,13,12.088,12.5216,18.8462,21.5385,13.0769,1,50,1050
1100,1621,1,1.26506,1.60037,27,27,12,1,100,1000
1100,13,1,0.364184,0.13263,42,27,12,-1,850,250
1100,2306,8,6.20725,5.18814,2.75,29.125,12.75,-2,50,1050
1100,375,1,0.263099,0.0692211,63,31,12,1,350,750
1100,1075,1,0.842936,0.710542,60,32,12,1,150,950
1100,3212,4,3.4147,3.36532,53.5,37.25,12.75,2,0,1100
1100,1101,6,5.38961,5.05573,24.1667,41,13.3333,-2,150,950
1100,1622,1,0.776802,0.603422,29,48,12,-1,100,1000
1100,3213,1,0.355021,0.12604,31,48,12,-1,0,1100
1100,2313,5,5.02358,5.81878,11,48.6,13.2,-1,50,1050
1100,1083,12,9.74813,8.87161,42.9167,52,13.6667,4,150,950
1100,3214,1,0.823753,0.678569,57,51,12,-1,0,1100
1100,3215,1,1.21472,1.47554,62,51,12,1,0,1100
1100,2315,1,0.748719,0.560579,52,52,12,-1,50,1050
1100,372,1,1.19808,1.43541,35,54,12,1,350,750
1100,1599,2,2.40976,2.92488,33.5,55.5,12.5,0,100,1000
1100,3216,1,1.25471,1.57429,5,57,12,-1,0,1100
1100,442,1,0.805995,0.649628,58,57,12,1,300,800
1100,3217,1,0.924169,0.854088,3,58,12,1,0,1100
1100,3218,2,1.11849,0.631416,23.5,58.5,12,2,0,1100
1100,378,1,1.26137,1.59106,54,58,12,1,350,750
1100,2318,1,1.00804,1.01614,3,62,12,1,50,1050
1100,3219,2,2.51719,3.40136,22.5,2,13.5,0,0,1100
1100,3220,1,1.06825,1.14116,34,4,13,1,0,1100
1100,221,3,2.10061,1.68145,42.6667,7,13.3333,1,500,600
1100,771,1,0.522003,0.272487,55,6,13,-1,200,900
1100,2389,8,7.42704,7.74905,32.125,13.25,15.5,0,50,1050
1100,1618,1,1.1511,1.32503,20,14,13,-1,100,1000
1100,441,3,2.95288,3.49915,30.3333,14,13.3333,1,300,800
1100,1107,1,1.08037,1.16719,55,14,13,1,150,950
1100,1602,2,1.84891,1.88565,27,15,13.5,0,100,1000
1100,1592,2,2.30254,2.70595,41,14.5,13.5,2,100,1000
1100,1593,3,2.70886,2.48486,5.33333,16.6667,13.3333,1,100,1000
1100,1614,2,1.41576,1.00267,9,19,13.5,0,100,1000
1100,445,1,0.812989,0.660951,22,20,13,-1,300,800
1100,3221,4,2.61326,1.95372,11,23.25,14,0,0,1100
1100,2355,1,1.57807,2.49032,8,25,13,-1,50,1050
1100,2354,3,2.99916,3.12876,45.6667,25.3333,13.6667,1,50,1050
1100,761,1,0.894743,0.800565,30,27,13,1,200,900
1100,2357,1,1.03089,1.06273,32,27,13,1,50,1050
1100,1098,2,1.42867,1.1331,38.5,27,13,0,150,950
1100,785,2,2.01012,2.1065,14.5,32,13,0,200,900
1100,371,1,1.69898,2.88652,36,33,13,1,350,750
1100,2329,6,5.3167,5.75797,40.1667,36.6667,14.1667,2,50,1050
1100,566,1,1.24578,1.55196,35,37,13,-1,250,850
1100,1113,6,6.08997,7.54881,10.8333,44.3333,14.3333,-2,150,950
1100,1579,1,0.730131,0.533091,59,45,13,1,100,1000
1100,1607,1,1.07235,1.14993,7,48,13,1,100,1000
1100,3222,1,1.16547,1.35831,33,48,13,1,0,1100
1100,2333,6,5.45971,5.37405,29.5,50.3333,13.5,0,50,1050
1100,1624,5,5.84052,7.2971,33,50.6,14,-1,100,1000
1100,3223,2,1.39559,0.998917,32.5,52,13,0,0,1100
1100,770,13,10.4579,9.20749,48.6923,54.7692,15.8462,-1,200,900
1100,2298,1,0.627944,0.394314,25,56,13,1,50,1050
1100,2362,1,0.627253,0.393446,60,56,13,1,50,1050
1100,3224,1,1.35392,1.83309,62,56,13,1,0,1100
1100,558,3,3.22308,4.23167,59.3333,59,13,-1,250,850
1100,3225,1,0.766212,0.587081,5,59,13,-1,0,1100
1100,3226,1,0.483417,0.233692,26,59,13,1,0,1100
1100,2349,3,3.97121,5.47681,33,60,13.3333,-1,50,1050
1100,366,1,0.961327,0.92415,20,61,13,-1,350,750
1100,3227,2,2.61811,3.49149,23.5,61,13,0,0,1100
1100,3228,1,0.361061,0.130365,48,61,13,-1,0,1100
1100,3229,1,0.592759,0.351363,25,0,14,1,0,1100
1100,3230,1,0.68838,0.473867,35,1,14,-1,0,1100
1100,1085,2,1.00649,0.522125,54,1,14.5,0,150,950
1100,3231,3,2.64921,2.89043,23,6.33333,15,3,0,1100
1100,2339,3,2.96901,3.1986,51.6667,6.33333,14.3333,-1,50,1050
1100,1117,6,5.69714,6.12978,14.8333,6.66667,15,2,150,950
1100,3232,2,1.32369,1.24497,30.5,9,14,0,0,1100
1100,1105,3,3.60753,4.80408,6,9.66667,14.6667,1,150,950
1100,3233,1,1.31429,1.72736,29,11,14,1,0,1100
1100,2342,4,3.18416,2.81311,24.5,12.75,14.25,0,50,1050
1100,447,7,6.95122,7.66086,14.8571,14.1429,14.8571,-3,300,800
1100,2365,1,1.06463,1.13345,20,17,14,-1,50,1050
1100,1096,2,3.01023,4.56976,33,17.5,14,0,150,950
1100,2350,1,1.11836,1.25073,11,18,14,-1,50,1050
1100,308,1,1.04922,1.10087,36,19,14,1,400,700
1100,3234,5,5.60042,6.51924,24.6,20.4,15.2,-1,0,1100
1100,796,44,43.1,49.1684,21.5682,22.5455,19.2045,-4,200,900
1100,1127,18,18.2177,19.939,49.3889,25.4444,17.3333,-2,150,950
1100,1604,3,2.30446,1.90352,55,25.6667,14.6667,-1,100,1000
1100,1605,2,1.72303,1.63714,7.5,28,14,0,100,1000
1100,309,2,1.48158,1.37057,28,28.5,14,2,400,700
1100,1092,3,2.72197,3.63235,59.6667,30.3333,14.3333,1,150,950
1100,2369,1,0.571346,0.326436,63,30,14,-1,50,1050
1100,2373,1,1.44927,2.10037,28,31,14,1,50,1050
1100,560,1,1.83009,3.34922,41,32,14,-1,250,850
1100,2296,1,0.724583,0.52502,22,35,14,-1,50,1050
1100,95,1,1.42179,2.02149,14,36,14,-1,700,400
1100,1623,2,1.64929,1.4053,41.5,46,14,0,100,1000
1100,2347,2,1.05908,0.608939,53.5,52.5,14,0,50,1050
1100,450,7,6.34395,5.9743,28.5714,55.7143,15.4286,-1,300,800
1100,564,2,2.40367,3.08009,57.5,55,14,2,250,850
1100,1116,4,4.26786,5.0163,57.5,57,15.5,0,150,950
1100,1095,2,2.49842,3.23197,9,59.5,14.5,0,150,950
1100,2395,5,4.00539,3.4247,45,59.2,15.2,-3,50,1050
1100,3235,1,0.788056,0.621032,20,63,14,-1,0,1100
1100,777,9,7.24912,6.93996,44,1.22222,17.3333,3,200,900
1100,3236,1,0.738933,0.546022,51,1,15,-1,0,1100
1100,3237,3,3.54087,4.55404,23.6667,2.66667,16,1,0,1100
1100,3238,7,6.57129,6.65254,31.7143,5,15.4286,3,0,1100
1100,2340,1,0.167418,0.0280287,37,6,15,-1,50,1050
1100,759,7,6.99239,7.49012,55.1429,6.42857,16.2857,-1,200,900
1100,1652,61,61.4108,70.5825,25.9016,8.40984,18.377,-1,100,1000
1100,75,6,3.69024,2.4013,37.6667,10.3333,16.1667,-2,750,350
1100,784,18,17.4509,18.9022,39.2778,14.6667,17.6667,4,200,900
1100,377,1,0.707962,0.501211,8,14,15,-1,350,750
1100,760,3,3.43588,4.72941,35.6667,13.6667,15.3333,1,200,900
1100,2400,1,0.690229,0.476417,14,19,15,-1,50,1050
1100,2353,1,1.0481,1.09851,3,23,15,1,50,1050
1100,3239,1,0.671919,0.451475,45,23,15,1,0,1100
1100,2356,4,3.38967,3.4396,13,23.5,16.5,-2,50,1050
1100,2366,8,7.04274,7.52101,29,23.5,16.25,0,50,1050
1100,3240,1,0.967965,0.936956,15,26,15,-1,0,1100
1100,3241,1,1.03985,1.0813,2,28,15,1,0,1100
1100,374,3,2.87682,3.48523,10.6667,28.6667,15,1,350,750
1100,384,1,1.04145,1.08462,15,30,15,1,350,750
1100,453,4,4.82683,6.2065,1.5,31.75,15.75,-2,300,800
1100,2344,4,5.28893,7.21205,30.25,35,16,0,50,1050
1100,1585,1,0.390677,0.152629,12,37,15,-1,100,1000
1100,2330,1,0.699864,0.489809,12,41,15,1,50,1050
1100,1125,2,1.48742,1.13924,0.5,46,15,0,150,950
1100,2346,3,2.29536,1.77053,23,46,16,-1,50,1050
1100,3242,1,0.824899,0.680459,32,47,15,-1,0,1100
1100,226,2,2.08245,2.7365,55,47.5,15,0,500,600
1100,2385,1,1.45389,2.11379,54,50,15,1,50,1050
1100,311,7,6.23491,6.86133,60.4286,51.1429,16.7143,3,400,700
1100,2348,1,1.03976,1.08111,27,53,15,-1,50,1050
1100,1626,1,0.93417,0.872674,39,55,15,-1,100,1000
1100,2386,2,2.16536,2.46342,41.5,56,15.5,0,50,1050
1100,3243,1,0.872136,0.760621,8,57,15,1,0,1100
1100,2361,1,1.35111,1.82551,12,58,15,-1,50,1050
1100,2410,4,5.37906,8.48452,34.5,60,15.25,2,50,1050
1100,1641,9,9.52975,11.2642,54.6667,61.2222,16.6667,3,100,1000
1100,3244,3,3.77726,5.39832,34,62.6667,15.3333,-1,0,1100
1100,3245,2,2.14768,2.42692,43,62,15.5,2,0,1100
1100,1643,5,3.81066,3.89953,41.8,-0.2,16.8,3,100,1000
1100,3246,1,0.928061,0.861297,60,1,16,1,0,1100
1100,2396,5,6.65333,9.1601,9.4,2.4,17.2,-1,50,1050
1100,3247,1,0.640993,0.410872,29,3,16,1,0,1100
1100,1635,1,0.836408,0.699578,20,4,16,1,100,1000
1100,3248,1,1.39889,1.95688,43,4,16,1,0,1100
1100,3249,1,1.00721,1.01447,53,4,16,1,0,1100
1100,3250,1,0.923464,0.852786,55,4,16,1,0,1100
1100,3251,1,0.683655,0.467384,60,4,16,1,0,1100
1100,1617,7,7.81271,9.88458,1.71429,6.28571,16.2857,-1,100,1000
1100,2387,3,2.75985,3.24996,52.6667,9.66667,16.6667,-1,50,1050
1100,1627,4,2.8104,2.11999,16.75,9.75,16.5,0,100,1000
1100,1153,35,33.3454,37.1861,33.2857,11.1429,22.5714,11,150,950
1100,1644,1,0.338131,0.114332,31,11,16,1,100,1000
1100,2398,2,1.45047,1.1832,10,13.5,16,0,50,1050
1100,2364,1,0.834389,0.696205,27,14,16,1,50,1050
1100,3252,1,1.31615,1.73226,22,16,16,-1,0,1100
1100,1109,1,0.634047,0.402015,7,17,16,-1,150,950
1100,1629,2,1.31804,0.880973,20,17.5,16,0,100,1000
1100,793,1,0.733098,0.537433,33,18,16,1,200,900
1100,773,1,1.2395,1.53637,37,19,16,-1,200,900
1100,2372,3,2.93106,3.44385,56.3333,29.3333,16.3333,-1,50,1050
1100,1121,1,0.410107,0.168188,12,32,16,1,150,950
1100,1615,3,2.28684,2.00851,19.6667,33,17,1,100,1000
1100,3253,11,12.4366,14.9449,43.5455,32.8182,17.7273,-1,0,1100
1100,2392,4,4.01315,4.59091,21.75,38.25,16.75,0,50,1050
1100,2401,26,21.9958,22.4425,29.7692,40.7308,17.4615,4,50,1050
1100,568,1,0.964632,0.930515,32,42,16,-1,250,850
1100,1103,2,0.966296,0.477487,26,44,16.5,0,150,950
1100,2381,3,3.31906,4.37105,28,45.6667,16,-3,50,1050
1100,2380,1,1.04637,1.09489,54,45,16,1,50,1050
1100,2383,2,1.42599,1.01916,42,47.5,16,0,50,1050
1100,2379,1,1.04377,1.08946,63,48,16,1,50,1050
1100,2384,1,0.826935,0.683822,39,50,16,1,50,1050
1100,1132,1,0.50921,0.259294,52,50,16,-1,150,950
1100,12,1,1.73236,3.00106,18,51,16,1,850,250
1100,2406,4,3.15274,2.75127,56.25,54.25,16.75,2,50,1050
1100,2407,1,0.588347,0.346152,61,54,16,1,50,1050
1100,2405,3,3.04537,3.48425,54,54,17,-1,50,1050
1100,1667,1,0.809149,0.654722,16,57,16,-1,100,1000
1100,1164,52,45.307,46.7076,36.0385,61.8654,23.3462,-4,150,950
1100,3254,2,0.908651,0.678898,39,57.5,16,0,0,1100
1100,2408,1,0.611675,0.374146,48,57,16,-1,50,1050
1100,2409,2,1.89339,1.93906,41,59,16.5,0,50,1050
1100,314,1,0.356517,0.127105,24,60,16,-1,400,700
1100,3255,2,1.6191,1.37389,12.5,61,16.5,0,0,1100
1100,3256,1,0.821892,0.675506,48,63,16,-1,0,1100
1100,3257,2,1.66529,1.40888,51.5,0,17,0,0,1100
1100,228,4,3.01986,2.47661,39.75,2.75,17.25,2,500,600
1100,3258,1,0.868806,0.754825,62,2,17,1,0,1100
1100,574,1,0.906759,0.822212,5,3,17,1,250,850
1100,1106,12,9.04716,7.88918,19.3333,6.91667,18.8333,0,150,950
1100,3259,2,1.39685,1.03644,39.5,7.5,17,0,0,1100
1100,3260,2,0.71321,0.264214,62.5,6.5,17.5,2,0,1100
1100,2429,6,6.63155,8.53179,31.1667,8.33333,18.6667,-2,50,1050
1100,790,8,5.5709,4.21516,43,10.25,17.875,0,200,900
1100,3261,1,0.956702,0.915278,21,14,17,-1,0,1100
1100,3262,1,0.847332,0.717971,29,14,17,1,0,1100
1100,316,9,10.9962,15.3801,26.8889,16.2222,19.4444,1,400,700
1100,151,3,1.98187,1.40973,40.3333,18.6667,17,-1,600,500
1100,50,8,9.59918,11.9901,17.125,19.875,17.625,0,800,300
1100,1653,3,3.38041,3.9454,26.3333,20.6667,18,-1,100,1000
1100,1660,35,31.5958,31.4261,13.3714,21.4286,21.3143,-3,100,1000
1100,379,2,1.27867,1.00674,2,22,17.5,0,350,750
1100,1123,2,1.3023,0.927356,45,22.5,17,0,150,950
1100,1141,5,4.57165,4.58432,19.4,22.6,17.8,-1,150,950
1100,804,8,8.59004,9.80079,33.875,23.375,18.125,0,200,900
1100,3263,2,1.49732,1.19946,56,24.5,17,0,0,1100
1100,1655,3,2.87666,2.77495,17,27.3333,17.3333,-1,100,1000
1100,2370,3,2.59358,2.49274,28.3333,28,17.3333,1,50,1050
1100,1649,14,11.9942,11.1756,13.7857,29.2143,18.5714,0,100,1000
1100,3264,3,2.9894,3.15674,42.3333,35.6667,17,-1,0,1100
1100,1099,2,1.50778,1.16367,20.5,36,17,2,150,950
1100,3265,1,0.395311,0.156271,33,39,17,1,0,1100
1100,1093,3,3.80178,5.1229,35.6667,40.3333,18,1,150,950
1100,2403,3,3.12289,3.29081,14.6667,42.6667,17,-3,50,1050
1100,2417,1,1.59157,2.5331,39,47,17,-1,50,1050
1100,3266,1,0.831204,0.6909,30,48,17,1,0,1100
1100,1676,1,0.572849,0.328156,33,51,17,-1,100,1000
1100,1665,1,0.238122,0.0567021,43,52,17,1,100,1000
1100,382,1,1.00762,1.0153,58,52,17,1,350,750
1100,1145,1,0.612693,0.375393,38,53,17,1,150,950
1100,2404,7,7.7928,9.81366,19.5714,55,17.5714,-1,50,1050
1100,180,1,0.557592,0.310908,7,56,17,-1,550,550
1100,3267,1,1.72622,2.97985,9,57,17,1,0,1100
1100,1685,3,3.01449,3.47578,51.3333,58,17.6667,1,100,1000
1100,794,2,2.19202,3.0647,28.5,59,17.5,0,200,900
1100,2428,1,1.59182,2.53388,30,61,17,-1,50,1050
1100,3268,3,1.93149,1.24434,39.3333,61,17.3333,1,0,1100
1100,3269,2,2.27559,2.61464,45.5,62,17,0,0,1100
1100,312,1,0.618007,0.381933,20,1,18,-1,400,700
1100,567,2,2.60042,3.4941,28.5,2,18,0,250,850
1100,1633,7,5.35777,4.50875,34.1429,3.14286,18.5714,-1,100,1000
1100,3270,1,1.18471,1.40354,19,4,18,-1,0,1100
1100,3271,2,1.2274,0.835532,2,5,18.5,0,0,1100
1100,783,1,0.810374,0.656705,41,5,18,1,200,900
1100,184,12,10.8888,10.4639,5.25,13.3333,20.75,-2,550,550
1100,3272,3,2.89629,3.0429,31,11.3333,18.3333,3,0,1100
1100,768,1,0.614151,0.377181,1,13,18,1,200,900
1100,3273,1,1.52425,2.32332,21,16,18,-1,0,1100
1100,578,1,1.05944,1.12241,31,17,18,-1,250,850
1100,3274,3,3.13923,3.49836,36,17.3333,18.3333,-1,0,1100
1100,2413,1,0.608112,0.3698,42,22,18,-1,50,1050
1100,1119,1,0.784809,0.615925,2,26,18,1,150,950
1100,318,1,0.646273,0.417668,2,28,18,1,400,700
1100,2371,1,1.27362,1.62212,59,29,18,-1,50,1050
1100,51,42,42.0642,50.8217,55.9762,28,21.0238,-8,800,300
1100,2374,1,1.78526,3.18714,7,36,18,1,50,1050
1100,2421,2,2.33473,2.85889,22.5,36,18.5,0,50,1050
1100,2402,1,1.04374,1.08939,60,37,18,1,50,1050
1100,1175,2,1.76566,1.56128,25,49.5,18.5,-2,150,950
1100,3275,5,6.49715,9.49456,33.8,54.2,19,-1,0,1100
1100,259,1,1.1402,1.30006,52,54,18,-1,450,650
1100,1668,1,0.977735,0.955965,17,55,18,-1,100,1000
1100,3276,1,1.30975,1.71544,36,55,18,-1,0,1100
1100,3277,2,1.59397,1.28508,59,55,18.5,0,0,1100
1100,154,1,0.921721,0.84957,17,57,18,-1,600,500
1100,812,2,1.67608,1.63296,30.5,57,18,0,200,900
1100,3278,4,3.79611,3.70599,32.5,61.25,18.75,0,0,1100
1100,1657,1,0.515012,0.265237,2,62,18,1,100,1000
1100,3279,1,1.06538,1.13504,38,63,18,-1,0,1100
1100,3280,2,2.24545,2.55252,27.5,0,19,0,0,1100
1100,3281,2,1.70406,1.50555,39.5,0.5,19.5,0,0,1100
1100,3282,1,0.739683,0.547131,22,3,19,1,0,1100
1100,3283,1,1.19413,1.42594,22,5,19,1,0,1100
1100,455,1,1.09765,1.20483,4,6,19,-1,300,800
1100,388,254,234.729,253.172,16.248,8.85039,29.0591,-20,350,750
1100,2430,1,0.793823,0.630154,21,13,19,-1,50,1050
1100,3284,1,0.292288,0.0854322,34,14,19,-1,0,1100
1100,1703,14,11.1295,10.6564,18.2143,16.5,21.7143,0,100,1000
1100,448,1,0.677338,0.458787,46,18,19,1,300,800
1100,3285,2,1.24918,0.807319,29,20.5,19,0,0,1100
1100,1674,35,36.902,46.3104,33.0286,28.9429,21.6286,-5,100,1000
1100,1128,2,1.98483,1.97942,13,27,19.5,0,150,950
1100,464,1,0.665097,0.442353,8,30,19,1,300,800
1100,313,1,0.903587,0.81647,57,31,19,1,400,700
1100,1156,2,1.28881,1.02222,11,32,19.5,0,150,950
1100,570,1,0.911798,0.831375,4,33,19,-1,250,850
1100,2420,12,14.7427,20.3344,26.5,32.75,20.3333,4,50,1050
1100,1142,1,1.15549,1.33515,51,33,19,-1,150,950
1100,446,1,0.438872,0.192609,37,34,19,1,300,800
1100,3286,3,3.48632,4.32556,19.3333,34,20,1,0,1100
1100,3287,1,1.07846,1.16308,30,36,19,-1,0,1100
1100,1638,1,1.71204,2.93108,5,37,19,1,100,1000
1100,571,12,11.444,12.9148,45.75,37.4167,20.0833,4,250,850
1100,2415,4,2.86887,2.07681,25,38.5,19.5,-2,50,1050
1100,576,27,26.076,28.4203,35.1481,42.8148,21.5185,-1,250,850
1100,798,1,1.41172,1.99296,42,40,19,1,200,900
1100,2424,4,2.30034,1.62838,3.5,41.25,19.75,2,50,1050
1100,3288,1,1.33538,1.78323,63,43,19,1,0,1100
1100,3289,1,0.963376,0.928094,20,44,19,1,0,1100
1100,3290,3,1.61739,0.897832,26.3333,45.3333,19.6667,1,0,1100
1100,3291,1,0.694954,0.482961,31,45,19,1,0,1100
1100,2416,1,1.09723,1.20392,3,47,19,1,50,1050
1100,1144,1,0.608731,0.370554,4,49,19,1,150,950
1100,572,12,13.1987,15.8703,11.0833,49.5833,20.5,2,250,850
1100,2425,2,2.63811,3.71923,50,51.5,19.5,-2,50,1050
1100,3292,2,2.32996,2.74861,53.5,57.5,19.5,2,0,1100
1100,584,32,27.7055,28.6959,12.7812,57.8125,21.4688,-2,250,850
1100,786,4,3.02817,2.54302,6,60.5,19.5,-2,200,900
1100,801,1,0.83323,0.694273,59,62,19,-1,200,900
1100,590,7,6.97333,8.16227,11.8571,62.4286,20.7143,1,250,850
1100,3293,1,0.580264,0.336706,36,63,19,-1,0,1100
1100,795,1,0.747443,0.558671,49,63,19,-1,200,900
1100,2418,2,3.09989,4.89497,8,0.5,20,0,50,1050
1100,3294,1,0.86292,0.74463,6,2,20,1,0,1100
1100,788,1,0.585361,0.342647,33,2,20,-1,200,900
1100,787,1,0.712365,0.507464,9,4,20,1,200,900
1100,1152,5,3.90569,3.54337,58,4.6,20.4,1,150,950
1100,99,4,3.62064,3.35791,34.75,6.25,20.5,0,700,400
1100,2438,5,4.45811,4.31446,44.2,5.2,20.4,3,50,1050
1100,1151,2,2.27644,3.24873,0,6,20.5,0,150,950
1100,451,1,0.903889,0.817015,16,6,20,1,300,800
1100,1742,92,78.0892,74.9944,10.75,18.7609,25.2935,-8,100,1000
1100,3295,2,1.70123,1.46317,22,14.5,20.5,-2,0,1100
1100,3296,1,0.396487,0.157202,13,16,20,1,0,1100
1100,1659,1,0.806784,0.650901,58,17,20,1,100,1000
1100,227,2,2.16572,2.38966,5.5,23.5,20,0,500,600
1100,1654,1,0.851338,0.724777,13,25,20,1,100,1000
1100,806,35,28.4145,26.6269,27.4286,24.5143,23.4,1,200,900
1100,315,1,0.826433,0.682991,8,26,20,-1,400,700
1100,1656,1,1.65597,2.74224,27,26,20,-1,100,1000
1100,2432,1,0.488666,0.238795,52,26,20,-1,50,1050
1100,1671,2,1.71626,1.674,29,28,20.5,2,100,1000
1100,1662,1,1.43034,2.04589,59,28,20,-1,100,1000
1100,2446,1,1.04931,1.10106,18,31,20,1,50,1050
1100,1120,1,0.781388,0.610568,49,33,20,1,150,950
1100,2434,1,1.10957,1.23115,51,39,20,1,50,1050
1100,2423,1,1.23239,1.51878,16,41,20,-1,50,1050
1100,3297,4,4.10179,4.46138,17.75,43.75,20.5,2,0,1100
1100,2459,2,1.87325,1.7581,52.5,50.5,20.5,0,50,1050
1100,1176,9,6.457,5.48012,43,54.8889,21.2222,3,150,950
1100,2464,1,1.20422,1.45015,8,57,20,1,50,1050
1100,1678,1,0.687471,0.472616,41,58,20,1,100,1000
1100,1150,1,0.515955,0.26621,56,58,20,-1,150,950
1100,2427,9,6.84175,6.11209,24.4444,59.3333,21.5556,-3,50,1050
1100,3298,1,0.504443,0.254463,59,60,20,1,0,1100
1100,2466,5,5.24999,6.02861,49.8,61.8,21,-1,50,1050
1100,1136,3,3.02184,3.21091,2.33333,2,21.6667,1,150,950
1100,3299,1,0.797053,0.635293,31,2,21,-1,0,1100
1100,3300,1,0.208734,0.04357,38,4,21,1,0,1100
1100,2468,1,0.942212,0.887763,5,5,21,-1,50,1050
1100,3301,1,0.403013,0.16242,24,8,21,1,0,1100
1100,3302,2,1.0685,0.631349,11.5,10,21,-2,0,1100
1100,2397,1,0.85277,0.727217,1,11,21,-1,50,1050
1100,3303,2,1.82925,1.69165,35.5,11.5,21.5,0,0,1100
1100,3304,1,0.820616,0.673411,28,17,21,-1,0,1100
1100,14,2,2.16042,2.40338,17,21.5,21,0,850,250
1100,808,2,1.6888,1.42789,9,22.5,21,0,200,900
1100,1147,1,0.796279,0.63406,8,28,21,1,150,950
1100,1661,1,1.12753,1.27132,31,29,21,1,100,1000
1100,1134,1,1.24229,1.5433,0,30,21,-1,150,950
1100,2445,2,2.49123,3.30521,38.5,30,21,0,50,1050
1100,817,1,0.530789,0.281737,60,30,21,1,200,900
1100,1673,4,3.43544,3.01464,20.5,30,22,0,100,1000
1100,1155,6,6.15967,6.78931,-2,34.6667,21.1667,0,150,950
1100,1696,6,5.13811,4.50783,29.6667,35.6667,22.5,-2,100,1000
1100,1148,1,0.981747,0.963827,6,40,21,-1,150,950
1100,3305,1,0.874197,0.764221,33,44,21,1,0,1100
1100,3306,2,1.86972,2.2464,60.5,44,21,0,0,1100
1100,3307,1,0.589838,0.347909,31,45,21,1,0,1100
1100,2435,1,1.09456,1.19807,3,46,21,-1,50,1050
1100,577,1,0.756464,0.572238,40,46,21,-1,250,850
1100,3308,1,1.59827,2.55446,3,48,21,-1,0,1100
1100,1722,5,3.83586,3.95864,26.4,48.4,21.4,-1,100,1000
1100,3309,1,1.6244,2.63868,24,52,21,-1,0,1100
1100,2462,1,1.35258,1.82948,15,54,21,1,50,1050
1100,3310,1,0.872418,0.761114,24,54,21,-1,0,1100
1100,1710,1,0.606596,0.367959,29,56,21,1,100,1000
1100,2463,3,1.75902,1.47597,51,56,21,1,50,1050
1100,3311,2,1.45981,1.08396,16.5,57,21,0,0,1100
1100,2484,6,6.2876,6.94298,28.8333,59.3333,22.1667,-2,50,1050
1100,2437,1,0.556928,0.310169,45,63,21,1,50,1050
1100,2467,2,2.0866,2.21728,6.5,0,22,0,50,1050
1100,3312,1,1.21609,1.47888,15,0,22,1,0,1100
1100,3313,3,3.84808,5.3457,53.3333,-0.666667,23,1,0,1100
1100,3314,1,1.29786,1.68443,57,0,22,1,0,1100
1100,2485,2,1.47586,1.12695,44,2,22.5,0,50,1050
1100,3315,1,1.0552,1.11344,9,3,22,-1,0,1100
1100,789,1,1.32178,1.74709,42,5,22,1,200,900
1100,386,1,0.509701,0.259795,40,6,22,1,350,750
1100,1658,1,0.563405,0.317426,44,7,22,-1,100,1000
1100,3316,1,0.883529,0.780624,46,7,22,1,0,1100
1100,1691,1,1.3778,1.89832,45,11,22,-1,100,1000
1100,2441,3,2.42972,1.99243,53.3333,10.3333,23,-1,50,1050
1100,3317,3,2.81054,2.67954,8.66667,12.3333,23,-1,0,1100
1100,1715,1,0.663184,0.439814,48,13,22,1,100,1000
1100,2431,1,0.265038,0.0702454,51,13,22,1,50,1050
1100,457,1,1.61823,2.61866,6,17,22,-1,300,800
1100,1670,2,2.84986,4.14826,47.5,18.5,22.5,0,100,1000
1100,1692,1,0.79773,0.636373,45,24,22,-1,100,1000
1100,76,1,1.03232,1.06568,13,25,22,1,750,350
1100,2433,2,1.87007,1.75042,38.5,28,22,0,50,1050
1100,1172,3,2.37215,1.92376,29,30.6667,23,-1,150,950
1100,465,2,1.67946,1.43968,42.5,32,22,0,300,800
1100,807,1,1.4638,2.14272,37,33,22,-1,200,900
1100,1695,1,0.885571,0.784235,3,34,22,-1,100,1000
1100,2475,2,2.0974,2.41068,36.5,35,22,0,50,1050
1100,3318,1,1.03228,1.06561,32,40,22,1,0,1100
1100,1675,1,0.961999,0.925443,50,42,22,1,100,1000
1100,1149,1,0.730692,0.533911,8,46,22,-1,150,950
1100,2480,1,1.0576,1.11853,14,47,22,1,50,1050
1100,1167,1,1.45259,2.11002,4,50,22,1,150,950
1100,3319,1,1.17064,1.37039,27,56,22,-1,0,1100
1100,122,1,1.15194,1.32696,61,57,22,-1,650,450
1100,3320,2,2.00211,2.58412,8,59,22.5,2,0,1100
1100,459,2,1.51441,1.22861,20.5,59,22,0,300,800
1100,2465,2,1.23762,0.795388,54,60.5,22.5,0,50,1050
1100,1138,1,0.584006,0.341062,12,3,23,1,150,950
1100,2469,1,1.13253,1.28262,60,3,23,-1,50,1050
1100,1689,1,1.62843,2.6518,57,5,23,-1,100,1000
1100,2439,2,2.35204,3.43973,3.5,5.5,23.5,0,50,1050
1100,2452,3,2.34982,1.99777,60,6.66667,23.3333,1,50,1050
1100,1702,3,3.06238,3.2001,1.33333,10.3333,23,1,100,1000
1100,1690,1,1.05234,1.10743,31,10,23,1,100,1000
1100,3321,1,1.23628,1.52838,11,12,23,1,0,1100
1100,452,1,1.01284,1.02584,15,13,23,-1,300,800
1100,814,1,0.674526,0.454985,20,13,23,-1,200,900
1100,1680,1,0.913462,0.834412,38,13,23,-1,100,1000
1100,2488,1,1.13356,1.28496,8,15,23,-1,50,1050
1100,3322,1,1.00646,1.01296,23,15,23,-1,0,1100
1100,2473,4,4.62081,6.64873,46,25.5,24,2,50,1050
1100,1173,14,10.4474,9.41787,7,29.8571,24.7857,-2,150,950
1100,1174,2,0.938254,0.449606,13,30.5,23,0,150,950
1100,3323,1,0.841736,0.708519,25,31,23,1,0,1100
1100,3324,1,1.37016,1.87733,27,32,23,1,0,1100
1100,2474,1,0.564901,0.319113,7,34,23,-1,50,1050
1100,1721,5,5.61861,6.76493,12.4,33.4,23.8,-1,100,1000
1100,2454,1,0.278664,0.0776538,35,37,23,-1,50,1050
1100,2455,3,2.34986,1.89681,25,38,23.3333,-1,50,1050
1100,1158,2,2.36317,2.79751,6,39.5,23,0,150,950
1100,1161,1,0.758788,0.575759,49,44,23,1,150,950
1100,78,1,0.787388,0.619979,25,45,23,1,750,350
1100,16,1,0.705706,0.498021,29,46,23,1,850,250
1100,3325,1,1.06292,1.12979,33,46,23,-1,0,1100
1100,821,2,1.37531,0.945734,1.5,47.5,23.5,2,200,900
1100,605,8,7.43448,7.42105,11.25,48.125,24.625,0,250,850
1100,2495,1,0.817519,0.668337,49,52,23,1,50,1050
1100,17,3,4.09568,5.77489,16.3333,54,23,-1,850,250
1100,3326,1,1.23309,1.52051,24,54,23,-1,0,1100
1100,3327,6,5.93222,6.21884,52.8333,55,23.3333,-2,0,1100
1100,811,2,1.12233,0.722918,46.5,56,23.5,0,200,900
1100,2483,1,0.503676,0.253689,8,57,23,1,50,1050
1100,3328,2,1.57876,1.58777,54.5,57,23,0,0,1100
1100,1163,3,1.89607,1.42882,48.3333,58,23.6667,1,150,950
1100,1686,2,1.69647,1.44955,63,58.5,23,0,100,1000
1100,1724,1,0.877769,0.770479,57,60,23,1,100,1000
1100,2499,2,1.47662,1.46749,31,61,23.5,0,50,1050
1100,3329,2,1.51738,1.9413,43.5,63,23,0,0,1100
1100,3330,2,1.91406,1.86441,9,0.5,24,0,0,1100
1100,3331,1,0.539378,0.290929,46,1,24,-1,0,1100
1100,1712,30,23.7354,21.5182,39.7,6.16667,26.1333,4,100,1000
1100,2486,1,1.12311,1.26138,26,3,24,-1,50,1050
1100,819,3,2.74853,2.66163,31.3333,5,24.6667,-1,200,900
1100,583,10,7.09977,6.87477,27.8,8.4,25.3,0,250,850
1100,3332,2,2.34225,2.83489,47.5,9,24,0,0,1100
1100,1716,1,1.52661,2.33053,47,15,24,1,100,1000
1100,3333,1,0.923553,0.852951,51,15,24,-1,0,1100
1100,1171,1,1.01812,1.03657,4,18,24,-1,150,950
1100,803,1,0.270294,0.0730587,21,19,24,1,200,900
1100,1707,1,0.660508,0.436271,63,20,24,-1,100,1000
1100,820,1,0.538488,0.28997,42,26,24,-1,200,900
1100,3334,1,0.686444,0.471205,48,26,24,1,0,1100
1100,3335,3,2.94757,2.95467,10,27,24,1,0,1100
1100,1183,16,9.09178,6.29398,15.375,28.875,27.0625,-2,150,950
1100,3336,2,2.60663,3.61451,49.5,28.5,24.5,-2,0,1100
1100,1154,2,2.35191,2.92358,53.5,30,24,0,150,950
1100,2501,1,1.04697,1.09615,0,31,24,-1,50,1050
1100,1743,1,0.699195,0.488873,39,31,24,1,100,1000
1100,1720,1,1.22264,1.49485,4,32,24,1,100,1000
1100,3337,1,1.37504,1.89073,0,34,24,-1,0,1100
1100,1198,1,1.0164,1.03306,0,36,24,-1,150,950
1100,588,1,1.12558,1.26692,8,40,24,1,250,850
1100,2477,2,2.23773,2.51434,35,42.5,24,0,50,1050
1100,53,2,1.51431,1.3522,29.5,44.5,24.5,2,800,300
1100,1709,1,0.703307,0.49464,18,46,24,-1,100,1000
1100,816,1,0.494479,0.244509,37,46,24,-1,200,900
1100,264,1,0.819571,0.671696,54,50,24,-1,450,650
1100,3338,4,2.9461,2.38558,28.5,55,24,0,0,1100
1100,1736,2,2.58189,3.40061,2.5,58.5,24.5,-2,100,1000
1100,3339,2,2.31857,2.83348,29,58,24.5,0,0,1100
1100,3340,1,1.42347,2.02626,21,60,24,-1,0,1100
1100,1201,1,1.3195,1.74107,14,63,24,-1,150,950
1100,3341,1,0.921147,0.848512,40,0,25,1,0,1100
1100,3342,7,8.77425,11.6829,26.2857,1.28571,26.7143,1,0,1100
1100,3343,103,94.0824,99.2598,45.1456,-5.27184,31.5146,-3,0,1100
1100,1191,1,0.918023,0.842767,60,1,25,-1,150,950
1100,1202,81,68.0172,67.8319,10,-2.82716,29.8889,-7,150,950
1100,1700,2,1.77326,1.61879,50.5,2.5,25,0,100,1000
1100,1726,3,2.45283,2.05354,9.66667,3.66667,25,-1,100,1000
1100,1137,1,1.08684,1.18123,54,3,25,1,150,950
1100,3344,1,1.16926,1.36716,59,3,25,-1,0,1100
1100,1750,2,2.14993,2.70276,62.5,3,25,0,100,1000
1100,463,2,1.56222,1.22115,34.5,6,25,0,300,800
1100,1728,4,4.07322,4.39562,6,7,26.5,0,100,1000
1100,1179,2,2.0273,2.10945,47.5,7,25,0,150,950
1100,1189,2,1.20265,0.985846,32,8,25.5,0,150,950
1100,2487,1,1.08943,1.18687,5,11,25,-1,50,1050
1100,1727,2,1.36489,1.16513,23,10.5,25.5,0,100,1000
1100,2511,1,0.769165,0.591616,42,11,25,1,50,1050
1100,3345,1,0.837206,0.700915,48,11,25,1,0,1100
1100,1714,1,0.686037,0.470647,5,14,25,-1,100,1000
1100,2489,1,0.944611,0.892289,19,14,25,-1,50,1050
1100,1706,1,0.748151,0.559729,38,19,25,1,100,1000
1100,2453,1,1.23023,1.51346,25,20,25,1,50,1050
1100,1778,19,19.7383,24.7613,17.5263,23.0526,28.2105,1,100,1000
1100,2443,1,1.16609,1.35977,25,22,25,-1,50,1050
1100,828,2,2.50967,3.84741,59.5,25,25,0,200,900
1100,2516,2,1.87489,2.0416,47,28.5,25,-2,50,1050
1100,829,1,0.918967,0.8445,45,29,25,-1,200,900
1100,2515,1,1.43842,2.06906,59,29,25,-1,50,1050
1100,2529,17,17.4669,20.4919,6.29412,33.6471,27.5882,1,50,1050
1100,390,1,0.848989,0.720782,44,33,25,1,350,750
1100,3346,3,2.14691,2.17914,24,34.6667,25.6667,1,0,1100
1100,3347,10,10.0246,10.6073,34.5,40.2,26.1,2,0,1100
1100,3348,2,2.07974,2.59078,37,38,25.5,0,0,1100
1100,1160,1,1.57822,2.49077,13,43,25,1,150,950
1100,269,2,1.4251,1.04009,39.5,45,25,0,450,650
1100,2496,8,6.5505,5.77805,50,50.25,25.75,2,50,1050
1100,1723,1,0.795878,0.633423,39,54,25,1,100,1000
1100,1733,3,3.41741,3.96831,45.3333,54,26,1,100,1000
1100,3349,1,0.677306,0.458744,61,55,25,-1,0,1100
1100,3350,2,2.48623,3.15716,25,55.5,25.5,0,0,1100
1100,15,1,1.19404,1.42573,36,58,25,-1,850,250
1100,606,42,38.2218,41.7127,56.9048,56.5714,28.119,-8,250,850
1100,581,1,0.800618,0.640989,16,59,25,1,250,850
1100,54,1,0.755107,0.570187,18,59,25,-1,800,300
1100,595,1,1.06552,1.13534,8,61,25,-1,250,850
1100,123,1,0.510864,0.260982,41,61,25,-1,650,450
1100,1735,4,4.14806,4.34709,57.25,61.5,26.25,0,100,1000
1100,3351,1,0.953475,0.909114,45,63,25,-1,0,1100
1100,1711,2,2.69315,3.67567,33.5,0,26,0,100,1000
1100,1725,1,0.531581,0.282578,52,1,26,1,100,1000
1100,469,2,1.1616,0.740686,29.5,4,26.5,0,300,800
1100,1763,3,2.31639,2.15488,2.33333,5,26.6667,-1,100,1000
1100,389,1,1.21968,1.48762,55,5,26,1,350,750
1100,3352,1,0.71452,0.510539,27,6,26,-1,0,1100
1100,2470,1,0.466412,0.21754,60,7,26,-1,50,1050
1100,1192,1,0.869043,0.755236,16,11,26,-1,150,950
1100,1194,7,6.80465,7.13218,31.7143,15.5714,27.5714,3,150,950
1100,1705,1,1.38184,1.90949,34,14,26,1,100,1000
1100,3353,1,0.914651,0.836586,63,16,26,1,0,1100
1100,20,1,0.715552,0.512014,23,19,26,1,850,250
1100,462,1,1.11958,1.25346,19,20,26,-1,300,800
1100,383,1,0.654103,0.427851,40,21,26,1,350,750
1100,2500,6,6.9039,8.67445,8.66667,22,27.1667,-2,50,1050
1100,608,13,12.5714,13.0926,34.2308,23.1538,28.3077,1,250,850
1100,3354,1,0.417341,0.174173,22,25,26,-1,0,1100
1100,385,2,2.94936,4.84178,31.5,25.5,26,-2,350,750
1100,1197,1,1.58704,2.51871,52,26,26,1,150,950
1100,1744,2,1.68212,1.41485,61,27,26.5,0,100,1000
1100,2540,2,2.38952,2.95259,30,27.5,26.5,-2,50,1050
1100,3355,1,1.0432,1.08827,32,28,26,-1,0,1100
1100,1196,1,1.1685,1.36539,27,29,26,1,150,950
1100,3356,4,2.95314,3.01984,21.25,30.5,27.5,0,0,1100
1100,1729,1,0.47896,0.229402,24,31,26,-1,100,1000
1100,2561,4,5.66448,8.3634,46,30.75,27,2,50,1050
1100,1730,1,1.56506,2.44941,51,31,26,-1,100,1000
1100,3357,2,1.73132,1.50859,19.5,32,26,0,0,1100
1100,2528,1,0.876515,0.768278,59,34,26,-1,50,1050
1100,2541,5,5.56965,6.84521,2.2,35.8,27,-3,50,1050
1100,2518,4,3.10171,2.58884,9.25,38.75,26.75,0,50,1050
1100,2530,1,1.72779,2.98524,28,38,26,1,50,1050
1100,1731,1,0.907054,0.822747,46,40,26,1,100,1000
1100,391,1,1.28906,1.66167,44,43,26,1,350,750
1100,267,4,2.81541,2.17062,32.5,43.75,26.75,2,450,650
1100,586,1,1.00698,1.014,36,45,26,1,250,850
1100,2508,1,0.840183,0.705908,27,48,26,1,50,1050
1100,818,1,0.520159,0.270565,62,51,26,1,200,900
1100,2509,8,8.36944,10.2133,42.375,52.625,26.75,-2,50,1050
1100,1186,1,1.86361,3.47306,43,59,26,-1,150,950
1100,387,5,5.27373,6.26997,27,62,26.6,-1,350,750
1100,3358,2,2.85305,4.63484,20.5,62,26,0,0,1100
1100,1187,3,2.56244,2.34328,51,62.3333,26.3333,-1,150,950
1100,3359,17,12.0503,9.48272,15.3529,-0.764706,28.9412,-1,0,1100
1100,2536,3,2.52958,2.13574,59,1,27,1,50,1050
1100,839,8,7.17796,7.79343,30.25,2.625,28.875,2,200,900
1100,3360,2,2.63654,3.48628,62.5,1.5,27,0,0,1100
1100,596,2,0.994024,0.513519,50,3.5,27,0,250,850
1100,1776,11,8.44989,6.75719,11.4545,5.09091,30.3636,-5,100,1000
1100,823,33,26.5399,25.9994,52.303,9.09091,30.0606,-5,200,900
1100,2512,1,1.24107,1.54025,58,10,27,-1,50,1050
1100,1204,9,8.32925,9.02125,12.5556,11.5556,27.6667,-1,150,950
1100,1754,1,1.48969,2.21917,5,13,27,-1,100,1000
1100,827,2,3.76583,7.09132,47,13,27.5,-2,200,900
1100,1765,7,7.06023,7.63059,16,14.4286,28.8571,-1,100,1000
1100,3361,1,0.406315,0.165092,24,14,27,-1,0,1100
1100,2514,5,3.0358,2.37839,0.6,19,27.2,-1,50,1050
1100,2490,1,0.687532,0.4727,34,21,27,-1,50,1050
1100,3362,2,1.72605,1.48991,23.5,22.5,27,0,0,1100
1100,1769,1,1.30198,1.69514,4,23,27,-1,100,1000
1100,830,1,1.1465,1.31447,40,23,27,-1,200,900
1100,1195,1,0.731441,0.535007,6,24,27,-1,150,950
1100,824,3,3.42365,4.72054,54.3333,24.3333,28,1,200,900
1100,3363,2,2.68715,3.88698,48.5,25.5,27.5,0,0,1100
1100,1190,9,8.47693,8.93871,6.55556,28.4444,28.5556,-1,150,950
1100,1708,1,0.615549,0.3789,17,26,27,1,100,1000
1100,3364,1,1.2573,1.5808,58,27,27,-1,0,1100
1100,397,1,0.988116,0.976374,53,29,27,1,350,750
1100,2492,1,1.91321,3.66037,33,30,27,-1,50,1050
1100,1182,1,0.171044,0.0292562,63,33,27,1,150,950
1100,2503,3,2.32123,1.82095,17.6667,34,27.6667,-1,50,1050
1100,2502,2,1.97224,2.00873,34.5,36.5,27,0,50,1050
1100,3365,1,0.530352,0.281273,12,37,27,1,0,1100
1100,1745,4,3.19669,3.64621,0.75,41.25,27.5,0,100,1000
1100,1184,1,1.13065,1.27837,62,43,27,1,150,950
1100,186,2,1.93681,1.9503,25,45,27.5,0,550,550
1100,613,6,6.30971,7.55526,61.5,44.8333,27.8333,0,250,850
1100,1746,1,0.4523,0.204576,34,46,27,1,100,1000
1100,2520,1,1.08952,1.18705,59,49,27,1,50,1050
1100,594,4,3.44631,3.25405,21.75,54.75,27.5,0,250,850
1100,1760,2,1.59486,1.38711,62,54.5,27,-2,100,1000
1100,2481,1,0.775969,0.602129,1,57,27,1,50,1050
1100,2534,2,1.7796,1.74105,49.5,57,27.5,0,50,1050
1100,1734,5,4.13345,3.63986,18.6,58.4,27.4,1,100,1000
1100,2553,14,12.9025,14.7975,31.7143,60.5714,28.2857,-4,50,1050
1100,1737,1,1.00387,1.00775,18,61,27,-1,100,1000
1100,1761,1,1.34006,1.79577,60,61,27,1,100,1000
1100,3366,1,1.05125,1.10513,54,0,28,1,0,1100
1100,3367,1,0.904165,0.817514,22,1,28,1,0,1100
1100,835,1,1.19377,1.42508,44,1,28,-1,200,900
1100,1738,3,2.26412,1.74234,42.6667,3,28.3333,-1,100,1000
1100,1739,2,1.5397,1.18616,32,7.5,28,0,100,1000
1100,1221,1,1.61042,2.59344,34,7,28,1,150,950
1100,840,1,0.13559,0.0183847,49,10,28,1,200,900
1100,619,2,1.31473,0.932535,20.5,12.5,28.5,-2,250,850
1100,3368,2,1.34605,0.994459,49,12,28.5,0,0,1100
1100,80,5,4.44274,4.29335,3.8,12.8,29.4,-1,750,350
1100,1740,1,0.789805,0.623792,45,13,28,-1,100,1000
1100,836,1,1.08907,1.18608,38,14,28,-1,200,900
1100,2538,18,15.5187,16.4942,5.16667,21.2778,30.5,-2,50,1050
1100,2619,36,35.5437,40.436,30.75,21.0833,32.8889,8,50,1050
1100,2539,7,6.22091,6.10711,11.7143,21.5714,29.7143,1,50,1050
1100,1767,11,9.04227,9.15741,26.5455,21.6364,30.1818,-1,100,1000
1100,2557,1,0.816048,0.665934,21,27,28,1,50,1050
1100,396,1,1.51769,2.30339,29,29,28,-1,350,750
1100,1222,10,9.0128,8.50549,60,30.7,29.5,0,150,950
1100,864,88,82.2901,87.5309,53.2614,31.2614,34.6477,-12,200,900
1100,2543,2,1.51589,1.14959,47,36,28.5,0,50,1050
1100,2504,1,1.0603,1.12424,57,36,28,1,50,1050
1100,3369,1,1.19717,1.43321,10,37,28,1,0,1100
1100,825,7,7.79925,10.0162,38.5714,36,29,3,200,900
1100,841,2,1.61396,1.32661,1,38.5,28.5,0,200,900
1100,1207,3,2.82545,3.09315,31.6667,38.3333,28.3333,-1,150,950
1100,3370,1,1.29056,1.66553,37,38,28,1,0,1100
1100,3371,3,2.39393,1.92465,28,40.6667,28,-1,0,1100
1100,1225,3,1.93596,1.31355,51,54.6667,28.6667,-1,150,950
1100,615,1,0.613144,0.375946,16,55,28,1,250,850
1100,2565,5,7.64562,12.4258,24.4,55.6,29.2,1,50,1050
1100,2566,11,9.02083,8.52506,42.8182,55.2727,29.3636,3,50,1050
1100,105,1,0.762312,0.581119,21,61,28,1,700,400
1100,1773,1,0.5218,0.272275,62,61,28,1,100,1000
1100,3372,1,1.4795,2.18891,36,63,28,-1,0,1100
1100,604,8,9.86125,13.4061,35.125,0.375,30,-2,250,850
1100,272,4,3.89018,3.9765,58.25,1,30.25,0,450,650
1100,1775,2,2.32038,2.70807,41.5,1,29,0,100,1000
1100,3373,2,2.77848,4.11567,60.5,2.5,29,0,0,1100
1100,1751,1,0.876662,0.768535,0,3,29,1,100,1000
1100,2554,1,1.48396,2.20214,3,3,29,1,50,1050
1100,2567,3,3.52939,4.19463,13,2.66667,29.6667,1,50,1050
1100,3374,1,0.279293,0.0780046,1,7,29,-1,0,1100
1100,1752,2,1.04366,0.56435,11,7.5,29,0,100,1000
1100,3375,1,0.471582,0.22239,49,7,29,1,0,1100
1100,23,2,1.75804,1.54536,41.5,9,29,0,850,250
1100,2555,6,4.41369,3.58155,29.6667,11.5,29.3333,0,50,1050
1100,1236,4,3.75906,4.84994,46.75,10.75,29.5,-2,150,950
1100,393,32,26.4139,26.0222,24.2812,16.9062,32.2188,0,350,750
1100,3376,1,0.903988,0.817194,36,16,29,1,0,1100
1100,599,1,1.73706,3.01737,32,20,29,-1,250,850
1100,2569,2,1.87531,1.79743,36.5,20.5,29.5,0,50,1050
1100,2570,5,3.93428,3.80119,8.8,24,30.4,1,50,1050
1100,1205,6,4.69055,4.17953,12.5,24.5,30.6667,0,150,950
1100,2571,1,1.24169,1.54181,57,25,29,1,50,1050
1100,3377,3,2.64979,2.44614,18.3333,25.6667,29.6667,1,0,1100
1100,2556,3,2.88896,2.85586,2.33333,26.6667,29.3333,-1,50,1050
1100,2572,1,0.873464,0.76294,54,27,29,1,50,1050
1100,2559,1,0.873486,0.762978,57,27,29,1,50,1050
1100,2581,1,0.481427,0.231772,19,28,29,1,50,1050
1100,838,2,1.68997,1.43249,14.5,40,29,0,200,900
1100,188,4,3.62937,3.56846,20,40,30.25,0,550,550
1100,1218,2,1.81819,1.72468,50,49,29.5,0,150,950
1100,2552,1,1.25026,1.56314,46,52,29,-1,50,1050
1100,2549,1,0.584088,0.341158,53,52,29,1,50,1050
1100,1219,2,2.35582,2.85908,3.5,53.5,29,2,150,950
1100,3378,1,1.43296,2.05336,47,54,29,1,0,1100
1100,1762,1,1.13019,1.27733,32,56,29,1,100,1000
1100,3379,2,2.11645,2.4299,62.5,57.5,29.5,2,0,1100
1100,1232,3,2.54792,2.29936,28,62.3333,30,1,150,950
1100,618,6,4.65299,4.40221,23.5,1.5,32.3333,-2,250,850
1100,3380,1,0.0217999,0.000475238,16,2,30,1,0,1100
1100,1809,3,2.1358,1.82929,20.6667,3,30,-3,100,1000
1100,1203,1,0.997137,0.994282,47,2,30,-1,150,950
1100,1807,5,3.17706,2.23502,2,5.2,30.8,1,100,1000
1100,851,14,14.1396,16.8788,42.5,8.28571,32,0,200,900
1100,1235,1,0.587155,0.344752,37,7,30,1,150,950
1100,3381,1,1.04318,1.08823,35,13,30,1,0,1100
1100,3382,1,0.908729,0.825788,18,15,30,1,0,1100
1100,1237,31,26.2525,24.8173,5.54839,17.4516,33.4839,3,150,950
1100,1756,1,0.830718,0.690092,28,18,30,-1,100,1000
1100,1247,25,20.8475,20.5772,-0.28,22.4,32.8,-3,150,950
1100,2526,1,0.796341,0.634159,59,21,30,-1,50,1050
1100,3383,2,2.49928,3.13303,1,24,30.5,-2,0,1100
1100,852,1,1.43572,2.0613,30,26,30,-1,200,900
1100,3384,1,1.39417,1.94372,35,26,30,1,0,1100
1100,1213,3,2.87289,2.86984,12,27.6667,30.6667,-1,150,950
1100,1238,1,0.785082,0.616354,14,28,30,-1,150,950
1100,2605,26,23.7453,26.6947,23.5769,28.5769,33.0385,0,50,1050
1100,1785,1,0.709037,0.502734,43,29,30,-1,100,1000
1100,1206,1,0.674584,0.455064,63,29,30,1,150,950
1100,3385,1,0.961799,0.925058,22,34,30,-1,0,1100
1100,470,1,0.846833,0.717126,3,36,30,1,300,800
1100,3386,1,0.551419,0.304063,10,37,30,1,0,1100
1100,609,1,0.529582,0.280457,23,37,30,1,250,850
1100,1216,6,6.88096,8.40098,23.3333,39.8333,30.5,0,150,950
1100,2562,1,0.936788,0.877571,7,40,30,1,50,1050
1100,231,3,2.67456,3.39229,28.6667,41,30.3333,-1,500,600
1100,2546,1,1.26932,1.61117,8,45,30,1,50,1050
1100,3387,1,1.04603,1.09417,1,46,30,-1,0,1100
1100,1789,1,0.64934,0.421642,22,46,30,-1,100,1000
1100,2627,37,42.0957,51.9386,40.7568,47.1892,34.1351,9,50,1050
1100,1792,1,1.52431,2.32352,30,50,30,1,100,1000
1100,1831,3,3.0676,3.79492,49.6667,53,30.3333,1,100,1000
1100,834,1,1.09205,1.19257,18,55,30,-1,200,900
1100,3388,1,1.68389,2.8355,22,56,30,-1,0,1100
1100,1805,3,2.47445,2.24647,20.3333,58.6667,30.6667,-1,100,1000
1100,607,1,1.3898,1.93153,36,60,30,-1,250,850
1100,1794,6,4.50082,3.6844,25.6667,61.8333,31.5,2,100,1000
1100,1795,1,0.42058,0.176887,58,62,30,-1,100,1000
1100,1781,2,2.34329,2.89057,29,2,31.5,0,100,1000
1100,3389,1,0.450716,0.203145,16,4,31,1,0,1100
1100,2589,1,0.989293,0.9787,40,4,31,1,50,1050
1100,1824,1,1.08464,1.17645,42,9,31,-1,100,1000
1100,275,1,1.08982,1.18772,3,10,31,-1,450,650
1100,3390,1,1.1701,1.36913,44,10,31,1,0,1100
1100,273,6,5.15645,4.66682,37.6667,13.1667,31.8333,-2,450,650
1100,473,5,4.16715,3.60398,40,16.4,32.2,-1,300,800
1100,2568,3,2.8589,2.81943,16,19.3333,31.3333,1,50,1050
1100,2579,1,1.11545,1.24423,41,21,31,1,50,1050
1100,1759,1,1.19714,1.43316,43,23,31,-1,100,1000
1100,3391,1,1.63781,2.68243,28,24,31,1,0,1100
1100,1212,1,0.499075,0.249076,58,25,31,-1,150,950
1100,1814,16,14.285,16.9757,62.5625,27,33.0625,2,100,1000
1100,3392,1,1.60483,2.57548,4,28,31,1,0,1100
1100,2560,1,1.69416,2.87017,6,28,31,1,50,1050
1100,3393,1,1.13777,1.29453,56,28,31,-1,0,1100
1100,3394,2,3.59277,6.45671,9.5,29,31,2,0,1100
1100,1215,2,1.45521,1.10668,57.5,34,31,0,150,950
1100,3395,1,1.23921,1.53564,60,34,31,1,0,1100
1100,2573,1,0.882168,0.778221,15,38,31,-1,50,1050
1100,3396,5,3.54129,3.63755,13.4,40.8,31,-1,0,1100
1100,2574,1,1.68095,2.82559,47,40,31,1,50,1050
1100,125,16,18.3749,24.567,4,43.5625,34,4,650,450
1100,2595,1,1.22385,1.49782,48,42,31,1,50,1050
1100,2563,4,3.68598,3.74338,13.25,45.5,32,0,50,1050
1100,1223,3,2.77555,2.78055,47,48.6667,31.3333,1,150,950
1100,2576,4,4.14564,5.13374,35.5,52,32.25,2,50,1050
1100,2550,1,0.983886,0.968031,2,54,31,-1,50,1050
1100,3397,1,0.877656,0.770281,16,55,31,1,0,1100
1100,2608,2,1.31284,1.30493,3.5,56,31,0,50,1050
1100,3398,1,0.452119,0.204412,2,58,31,-1,0,1100
1100,631,10,10.1757,12.3884,20.4,60.1,33.4,-2,250,850
1100,2588,10,8.60654,7.91128,60.8,64.5,33,0,50,1050
1100,873,7,7.76336,11.6543,23,62.8571,33.1429,-1,200,900
1100,1796,18,15.5102,15.5839,33.5556,1.33333,34.0556,6,100,1000
1100,476,2,2.25239,2.62574,1,2,32.5,0,300,800
1100,1797,3,4.36813,6.54096,51.3333,2.66667,32.6667,1,100,1000
1100,1810,7,6.96929,7.03443,32.4286,4.28571,32.7143,-1,100,1000
1100,3399,1,0.828591,0.686564,36,4,32,1,0,1100
1100,860,1,0.654021,0.427744,5,6,32,-1,200,900
1100,2590,13,13.577,15.5397,29.9231,7.84615,33,-1,50,1050
1100,3400,1,1.21167,1.46814,37,7,32,1,0,1100
1100,1242,1,0.833393,0.694543,14,8,32,-1,150,950
1100,395,1,1.63037,2.6581,8,9,32,-1,350,750
1100,1777,2,2.44619,3.00617,58,9.5,32.5,0,100,1000
1100,3401,1,1.61995,2.62423,32,12,32,-1,0,1100
1100,3402,1,1.04255,1.08691,32,14,32,1,0,1100
1100,1826,5,5.2236,5.55095,42.4,17.2,33.4,-1,100,1000
1100,844,1,1.26922,1.61093,63,19,32,1,200,900
1100,1768,1,1.10704,1.22553,53,21,32,1,100,1000
1100,1783,16,13.7907,13.8142,24.5625,23,34.25,0,100,1000
1100,3403,2,1.53833,1.19888,38.5,22,32,0,0,1100
1100,2580,1,0.716402,0.513232,49,28,32,1,50,1050
1100,3404,3,2.88136,2.90175,19.3333,29,32.3333,1,0,1100
1100,3405,1,0.746927,0.5579,63,30,32,1,0,1100
1100,2636,2,1.57286,1.35846,8,32,32.5,0,50,1050
1100,3406,3,2.73784,2.83645,18.6667,32,32.6667,-1,0,1100
1100,1227,3,3.39962,4.98904,34.3333,34.3333,32.3333,1,150,950
1100,1818,1,0.854941,0.730924,22,41,32,1,100,1000
1100,2544,1,1.37635,1.89433,16,44,32,-1,50,1050
1100,842,1,0.407011,0.165658,43,47,32,1,200,900
1100,1229,2,1.64619,1.3554,58,49.5,32,0,150,950
1100,271,5,4.60685,4.42048,61.4,49.6,33.2,1,450,650
1100,2609,1,0.7844,0.615283,49,51,32,-1,50,1050
1100,1231,2,1.69638,1.48786,12.5,52,32,-2,150,950
1100,1772,2,2.60761,3.41434,24,53.5,32,0,100,1000
1100,629,1,1.25775,1.58193,8,54,32,-1,250,850
1100,157,3,4.41814,6.87589,52.6667,53,32.6667,1,600,500
1100,3407,1,0.287164,0.0824629,20,55,32,-1,0,1100
1100,1793,1,0.544654,0.296648,36,56,32,1,100,1000
1100,1252,2,1.62534,1.34378,52.5,56,32,0,150,950
1100,3408,3,3.448,4.73305,17.3333,57.6667,32.3333,1,0,1100
1100,1251,1,1.60437,2.574,27,57,32,-1,150,950
1100,1820,2,2.30614,2.71274,10.5,58,32,0,100,1000
1100,2587,1,1.12742,1.27108,23,61,32,-1,50,1050
1100,858,1,0.486076,0.23627,33,61,32,-1,200,900
1100,1226,3,3.17523,3.77215,58.6667,61.6667,32,1,150,950
1100,1233,2,1.77491,1.73061,46,0,33.5,0,150,950
1100,2601,2,1.39015,0.972238,3.5,1.5,33.5,0,50,1050
1100,1798,2,1.46721,1.13633,40.5,2,33,0,100,1000
1100,1821,3,2.6208,2.29183,27,4.33333,33.6667,1,100,1000
1100,1245,1,0.627206,0.393388,42,4,33,-1,150,950
1100,3409,13,12.1849,13.5223,55.3846,8,34,1,0,1100
1100,2602,4,3.0627,2.95885,20.5,6.75,33.25,0,50,1050
1100,3410,2,2.07505,2.20122,39,6,33.5,0,0,1100
1100,55,6,4.43336,3.59192,46.5,6.5,33.6667,0,800,300
1100,3411,1,0.778501,0.606064,52,6,33,-1,0,1100
1100,1799,7,7.31122,8.75457,18,10.7143,34.2857,1,100,1000
1100,2591,2,2.15107,2.31568,0,13.5,33,0,50,1050
1100,2634,1,0.444035,0.197167,52,13,33,-1,50,1050
1100,1800,1,1.4189,2.01326,43,14,33,1,100,1000
1100,625,32,29.5347,30.941,44.6875,20.1562,35.6875,2,250,850
1100,2592,2,1.67002,1.43453,56,18.5,33,0,50,1050
1100,484,1,0.427253,0.182545,35,20,33,-1,300,800
1100,636,1,1.36901,1.87418,37,20,33,-1,250,850
1100,57,2,1.27602,0.887204,20,21,33.5,0,800,300
1100,3412,3,3.39332,4.28268,10,27.6667,33.6667,1,0,1100
1100,853,3,2.23049,1.70782,57,29,33,1,200,900
1100,1847,104,88.3061,85.8113,59.75,38.6923,39.2596,14,100,1000
1100,1262,1,1.58388,2.50867,17,37,33,1,150,950
1100,2593,1,1.02054,1.04151,7,38,33,1,50,1050
1100,3413,1,1.19154,1.41976,9,40,33,-1,0,1100
1100,2626,2,2.35735,3.35877,44.5,44.5,33.5,0,50,1050
1100,2597,4,3.31726,3.09166,20.75,46.5,33.75,0,50,1050
1100,1791,4,4.3346,4.77452,45.75,47.75,33.5,0,100,1000
1100,2596,1,1.12368,1.26265,55,48,33,1,50,1050
1100,2598,6,4.73432,3.88051,16.5,50.5,33.1667,-4,50,1050
1100,1804,2,2.05915,2.63497,61.5,52,33.5,0,100,1000
1100,3414,1,1.18372,1.4012,21,53,33,1,0,1100
1100,849,6,5.49875,5.77718,61.6667,55.1667,33.1667,2,200,900
1100,106,1,1.27862,1.63486,33,57,33,-1,700,400
1100,2586,1,0.474243,0.224906,36,58,33,-1,50,1050
1100,2600,1,0.985004,0.970232,60,58,33,1,50,1050
1100,3415,1,0.500067,0.250067,50,63,33,-1,0,1100
1100,1806,3,2.89598,2.97852,39.3333,0.333333,35,-1,100,1000
1100,1234,3,3.6437,5.82052,26,1.66667,34.3333,-1,150,950
1100,478,2,1.19013,0.766447,46,2,34.5,0,300,800
1100,2657,3,2.42996,2.23984,22.3333,4.33333,34.3333,1,50,1050
1100,624,1,0.380667,0.144907,0,6,34,1,250,850
1100,1246,1,0.644263,0.415075,37,8,34,1,150,950
1100,3416,6,5.35733,4.96338,22,9.5,35,0,0,1100
1100,124,4,3.09783,2.66223,27,11,34.25,0,650,450
1100,875,1,0.926519,0.858438,4,12,34,-1,200,900
1100,2613,2,1.09745,0.602199,14,13,34.5,0,50,1050
1100,1243,7,5.31597,4.62288,15.5714,16,35,1,150,950
1100,3417,5,5.37839,6.30153,32,16,35.2,1,0,1100
1100,56,1,1.02724,1.05522,11,17,34,-1,800,300
1100,2616,1,1.26184,1.59224,30,18,34,-1,50,1050
1100,1860,39,37.2236,41.8287,41.2051,22.8974,38.7949,-1,100,1000
1100,274,2,2.48811,3.16919,15.5,23,34.5,-2,450,650
1100,1248,1,0.685554,0.469984,49,27,34,-1,150,950
1100,3418,1,0.774696,0.600153,8,30,34,-1,0,1100
1100,1816,1,0.941686,0.886773,59,31,34,1,100,1000
1100,1817,3,1.94774,1.307,56,38.6667,34.3333,-1,100,1000
1100,1276,5,4.38371,3.98987,15.2,39,35.4,-1,150,950
1100,2624,1,1.05474,1.11248,48,40,34,-1,50,1050
1100,2638,1,0.80727,0.651685,0,42,34,1,50,1050
1100,1788,1,1.02533,1.05129,33,45,34,-1,100,1000
1100,3419,1,0.970001,0.940903,36,50,34,-1,0,1100
1100,2629,1,1.78441,3.18411,54,50,34,1,50,1050
1100,129,4,3.26989,2.74131,25.75,51.5,34.75,0,650,450
1100,3420,1,1.61423,2.60575,23,53,34,1,0,1100
1100,3421,4,5.16286,6.91613,59.5,52.5,35,-2,0,1100
1100,2610,3,2.23618,1.71186,51,53,34.6667,-1,50,1050
1100,2653,1,1.36248,1.85635,19,55,34,-1,50,1050
1100,3422,3,4.1285,6.10018,24.6667,54.3333,35,1,0,1100
1100,477,24,16.3657,12.8156,32.3333,59.4583,36,-4,300,800
1100,2641,2,2.16923,2.36447,6,57.5,34,0,50,1050
1100,126,2,1.91588,1.83533,43,58,34.5,0,650,450
1100,2643,1,0.812069,0.659456,56,59,34,-1,50,1050
1100,2599,1,0.777929,0.605173,39,60,34,-1,50,1050
1100,1254,3,2.8015,3.09333,54,61.3333,35,-1,150,950
1100,2633,3,1.95394,1.37895,41.6667,-0.666667,35,-1,50,1050
1100,1833,1,1.29029,1.66484,37,1,35,-1,100,1000
1100,1270,3,1.76274,1.16865,-0.333333,2.66667,35.6667,-1,150,950
1100,874,1,1.04684,1.09587,8,3,35,-1,200,900
1100,399,2,1.68743,1.43095,36.5,4,35,0,350,750
1100,3423,2,1.39032,0.989505,49.5,4,35,0,0,1100
1100,2645,1,0.493293,0.243338,44,5,35,-1,50,1050
1100,1850,2,2.06229,2.18318,4,7.5,35,0,100,1000
1100,2612,4,2.83901,2.15789,27,8.25,35.5,0,50,1050
1100,398,1,0.474594,0.22524,19,9,35,-1,350,750
1100,2647,3,1.68174,1.06598,2.33333,10,35.3333,-1,50,1050
1100,1823,6,4.48166,3.49231,59,11.3333,35.6667,2,100,1000
1100,3424,1,1.63609,2.6768,0,11,35,1,0,1100
1100,1851,1,0.657885,0.432813,38,11,35,1,100,1000
1100,483,6,5.16537,4.96463,34.3333,12.6667,35.6667,0,300,800
1100,2614,4,2.44953,1.66431,41,12.25,35.25,-2,50,1050
1100,2635,1,0.475924,0.226504,54,12,35,-1,50,1050
1100,320,11,8.69006,7.96554,19.4545,14.5455,36.1818,1,400,700
1100,3425,2,0.734722,0.289367,30.5,14,35.5,2,0,1100
1100,2615,2,2.23925,2.62913,44.5,15,35,0,50,1050
1100,3426,1,0.65692,0.431544,2,16,35,1,0,1100
1100,3427,11,7.04001,5.31926,11.9091,17.0909,36.6364,-1,0,1100
1100,81,1,0.331793,0.110086,24,16,35,-1,750,350
1100,1825,3,3.66315,4.69085,28.3333,16,36,-1,100,1000
1100,3428,1,0.561295,0.315052,21,18,35,1,0,1100
1100,2617,1,0.634152,0.402148,14,19,35,1,50,1050
1100,1836,9,7.63907,7.21718,60.4444,19.4444,35.7778,-1,100,1000
1100,481,5,3.99507,3.36975,36.6,20,36,-1,300,800
1100,1271,4,3.73304,3.67908,9.25,22.25,35.5,0,150,950
1100,865,2,0.788123,0.354142,22,22,35.5,2,200,900
1100,3429,1,1.18705,1.4091,13,24,35,-1,0,1100
1100,3430,1,0.414458,0.171775,59,24,35,-1,0,1100
1100,870,29,27.9072,30.4582,13.4828,29.6207,37.7586,5,200,900
1100,1257,3,3.97973,5.47504,57,29,35,-1,150,950
1100,2662,1,0.991476,0.983026,19,32,35,1,50,1050
1100,3431,3,3.45521,4.11627,7.66667,32.6667,35.6667,-1,0,1100
1100,867,1,1.74926,3.05992,37,33,35,-1,200,900
1100,3432,1,0.65053,0.42319,39,33,35,-1,0,1100
1100,854,3,3.82155,5.83055,45.3333,34,35.3333,-1,200,900
1100,1263,2,1.19691,1.1861,43,38,35.5,-2,150,950
1100,2622,4,4.25106,4.70952,51.25,39.25,36,-2,50,1050
1100,2623,2,1.9244,1.85759,54.5,41,35,0,50,1050
1100,3433,8,9.31485,11.7816,48.25,42.375,35.75,0,0,1100
1100,2651,1,1.05696,1.11717,35,44,35,1,50,1050
1100,482,3,4.28991,6.4426,28,52,35.6667,1,300,800
1100,3434,1,1.03991,1.08141,37,53,35,-1,0,1100
1100,3435,1,0.943158,0.889547,53,53,35,1,0,1100
1100,857,4,3.54447,3.27991,32.75,55,35.5,2,200,900
1100,2611,1,1.77923,3.16564,15,56,35,-1,50,1050
1100,3436,1,1.17722,1.38585,36,57,35,-1,0,1100
1100,3437,1,1.52868,2.33687,18,58,35,-1,0,1100
1100,1253,3,3.3661,3.80972,26.3333,59,35.3333,-1,150,950
1100,1267,1,1.1346,1.28731,24,60,35,-1,150,950
1100,1285,7,6.73364,7.04698,57.7143,60.2857,36.2857,-1,150,950
1100,859,2,2.54336,3.31204,10,62,35.5,0,200,900
1100,630,1,1.05734,1.11797,46,62,35,-1,250,850
1100,3438,1,0.759829,0.57734,48,62,35,-1,0,1100
1100,319,3,2.3054,1.82363,19.3333,62.6667,35.6667,-1,400,700
1100,3439,3,2.70113,2.9862,-1,-0.666667,36.3333,3,0,1100
1100,1287,59,51.9035,52.7816,10.2712,0.881356,40.5424,-7,150,950
1100,3440,5,5.23253,5.82435,23,-1.4,36.6,1,0,1100
1100,472,1,0.339145,0.11502,60,0,36,1,300,800
1100,127,8,6.56507,6.09168,29.5,1,37.5,-2,650,450
1100,635,1,0.253595,0.0643102,58,1,36,1,250,850
1100,3441,1,1.3857,1.92017,24,3,36,-1,0,1100
1100,1864,13,9.05963,7.35899,1.76923,7,38.7692,-3,100,1000
1100,632,1,1.76627,3.1197,37,6,36,1,250,850
1100,1855,1,0.867707,0.752915,1,8,36,1,100,1000
1100,3442,1,0.400461,0.160369,34,9,36,1,0,1100
1100,2658,4,4.50669,6.33707,36.5,9.25,36.25,2,50,1050
1100,1889,32,27.5834,28.4623,62.0625,16.0312,40.625,0,100,1000
1100,235,25,22.4919,23.7615,52.32,13.72,38.72,3,500,600
1100,3443,2,1.88462,1.83422,55.5,14.5,36.5,0,0,1100
1100,1835,2,1.84508,1.84558,38.5,16,36,0,100,1000
1100,628,1,0.725576,0.52646,63,16,36,1,250,850
1100,2618,1,1.18242,1.39812,40,19,36,1,50,1050
1100,401,18,15.0273,14.038,52,21.6111,37.9444,6,350,750
1100,3444,1,0.747341,0.558519,58,21,36,1,0,1100
1100,1890,29,23.6647,21.047,3.13793,20.931,40.7586,5,100,1000
1100,862,1,0.222955,0.0497088,5,28,36,1,200,900
1100,1275,3,3.65959,4.95556,19,28,36.6667,1,150,950
1100,1866,2,2.65877,3.59712,4.5,30,36,0,100,1000
1100,2671,1,1.69637,2.87766,38,31,36,-1,50,1050
1100,866,1,0.92608,0.857623,61,34,36,1,200,900
1100,2649,1,1.31036,1.71705,48,36,36,-1,50,1050
1100,868,1,1.6229,2.63379,29,38,36,1,200,900
1100,2637,1,1.67773,2.81476,31,39,36,-1,50,1050
1100,1274,2,2.46953,3.27091,45,40,36.5,0,150,950
1100,193,4,4.23445,5.1299,24.75,41,37.25,2,550,550
1100,107,3,2.67063,2.41334,28,41.3333,36.3333,-1,700,400
1100,1265,2,1.76074,1.55052,8,46,36.5,0,150,950
1100,1249,1,1.59274,2.53681,56,47,36,-1,150,950
1100,3445,1,1.05683,1.11689,21,48,36,1,0,1100
1100,2628,1,1.23649,1.52892,34,48,36,-1,50,1050
1100,1853,1,1.1694,1.3675,10,49,36,1,100,1000
1100,3446,1,1.10722,1.22593,37,50,36,-1,0,1100
1100,1869,12,12.4073,14.7509,44.5833,53.8333,40.25,-2,100,1000
1100,3447,1,0.937903,0.879662,6,56,36,-1,0,1100
1100,1870,1,0.936934,0.877845,63,58,36,-1,100,1000
1100,474,3,2.87337,2.98763,13.3333,60,36,3,300,800
1100,1848,4,2.68752,1.86618,1.5,59.75,36.75,0,100,1000
1100,2642,4,4.75646,6.19934,8.5,59.25,37.25,-2,50,1050
1100,2669,1,1.4315,2.04919,22,60,36,-1,50,1050
1100,2644,2,1.38141,0.970912,28,63,36.5,0,50,1050
1100,3448,1,0.617449,0.381243,58,63,36,1,0,1100
1100,1873,5,3.40108,3.29494,56.6,-0.6,38.2,1,100,1000
1100,3449,1,0.871306,0.759175,59,3,37,1,0,1100
1100,2656,3,3.60807,4.38124,21.3333,5,37.6667,1,50,1050
1100,3450,1,0.860232,0.74,40,5,37,1,0,1100
1100,1875,2,1.78845,1.783,60,6,37.5,0,100,1000
1100,3451,7,6.18441,5.88645,19.8571,7.71429,37.8571,-1,0,1100
1100,234,2,1.65662,1.37909,43,7,37.5,2,500,600
1100,82,4,3.58828,3.70407,53,6,37.75,-2,750,350
1100,2646,2,2.23608,2.50458,7,10.5,37,0,50,1050
1100,162,28,30.287,35.743,45.5714,9.42857,39.9286,10,600,500
1100,3452,3,1.67998,1.07031,10,11,37.3333,-1,0,1100
1100,1876,1,0.416508,0.173479,31,11,37,1,100,1000
1100,3453,3,2.44941,2.06416,0.666667,11.6667,38,1,0,1100
1100,1857,2,2.81031,4.15216,5,14.5,37.5,0,100,1000
1100,2648,8,8.87378,10.2825,8,16.75,37.75,0,50,1050
1100,889,1,1.0375,1.0764,25,16,37,1,200,900
1100,2659,2,1.85587,2.23066,59,16.5,37,0,50,1050
1100,1858,4,3.84534,3.74373,22.75,18.25,37.75,2,100,1000
1100,191,1,1.52421,2.32322,25,18,37,1,550,550
1100,1859,10,10.4699,11.8496,22.2,21.9,37.8,2,100,1000
1100,634,1,1.16796,1.36414,33,23,37,-1,250,850
1100,1893,23,17.348,14.8599,5.04348,27.2609,41.3913,1,100,1000
1100,486,5,5.44491,6.44268,8.8,26.8,37.6,1,300,800
1100,1282,2,1.47577,1.46559,28.5,26.5,37.5,-2,150,950
1100,2682,1,0.782995,0.613081,62,28,37,1,50,1050
1100,2663,2,1.11022,0.708751,28.5,29,37.5,-2,50,1050
1100,2683,9,9.48775,11.8684,2.11111,31.6667,39.2222,1,50,1050
1100,3454,1,0.423536,0.179383,19,31,37,-1,0,1100
1100,1843,2,2.0854,2.21641,47.5,33,37.5,0,100,1000
1100,882,3,3.98721,5.42552,39,34,37.3333,-1,200,900
1100,2664,4,4.16876,4.54303,62.75,33.5,38,2,50,1050
1100,2672,3,2.22923,1.74947,7.66667,40.6667,38,-1,50,1050
1100,1846,2,1.97426,1.97138,54.5,39.5,37.5,-2,100,1000
1100,276,1,0.891924,0.795529,56,41,37,1,450,650
1100,3455,7,7.34266,8.69727,47,44.7143,37.7143,-1,0,1100
1100,132,2,0.991893,0.526637,17.5,48,37,0,650,450
1100,643,4,5.11018,7.10424,25.5,48.75,37.75,2,250,850
1100,1854,1,0.175445,0.0307811,7,54,37,-1,100,1000
1100,3456,2,2.12553,2.2652,17,54.5,37.5,0,0,1100
1100,3457,3,2.12545,1.55766,21,54.3333,37,-1,0,1100
1100,3458,1,0.28513,0.081299,14,56,37,1,0,1100
1100,3459,5,4.70296,4.57792,62.2,55.2,39,1,0,1100
1100,3460,1,1.02197,1.04442,23,58,37,-1,0,1100
1100,1303,1,0.294302,0.0866139,37,58,37,1,150,950
1100,2630,1,0.648012,0.419919,42,58,37,1,50,1050
1100,283,8,10.2949,13.9581,15.875,60.25,37.625,-2,450,650
1100,1266,2,1.94505,1.89277,61.5,60.5,37.5,0,150,950
1100,3461,1,0.371056,0.137683,38,61,37,1,0,1100
1100,2694,16,13.8642,14.9794,44.6875,62.125,39.5625,4,50,1050
1100,25,2,1.36564,0.939474,49.5,61,37,0,850,250
1100,3462,1,0.852302,0.726419,51,63,37,1,0,1100
1100,1268,2,1.14125,0.715483,36.5,0.5,38,0,150,950
1100,2696,12,10.8671,12.2554,52,-0.583333,40.5,0,50,1050
1100,277,3,2.22365,1.74515,1,3,39,1,450,650
1100,1849,3,2.10324,1.72543,17.6667,2,38.3333,-1,100,1000
1100,2677,7,6.66575,7.14868,20.4286,2.42857,39,-1,50,1050
1100,159,2,2.19427,2.5265,52.5,2,38,0,600,500
1100,1288,2,1.54696,1.4033,34,6,38.5,0,150,950
1100,237,2,1.58974,1.26556,47,6,38.5,0,500,600
1100,1313,16,15.3478,18.0004,56.375,7.125,40.0625,-8,150,950
1100,2603,1,0.952343,0.906956,62,6,38,-1,50,1050
1100,1269,1,0.750743,0.563615,9,7,38,1,150,950
1100,2678,1,0.753054,0.56709,40,7,38,1,50,1050
1100,3463,1,0.73064,0.533835,45,7,38,1,0,1100
1100,1290,2,1.68337,1.48222,28.5,11,38.5,0,150,950
1100,3464,1,0.661776,0.437947,39,11,38,1,0,1100
1100,3465,1,0.580642,0.337145,7,13,38,1,0,1100
1100,3466,1,1.60007,2.56022,44,13,38,-1,0,1100
1100,2679,1,0.544444,0.29642,16,14,38,1,50,1050
1100,672,3,1.34549,0.688905,24,14.3333,38.6667,1,250,850
1100,2660,6,4.89181,4.51693,41.6667,16.8333,39.8333,0,50,1050
1100,1280,1,0.933507,0.871435,34,19,38,1,150,950
1100,2699,32,28.2852,28.6588,26.875,21.6875,40.6562,10,50,1050
1100,3467,1,1.77599,3.15413,47,20,38,-1,0,1100
1100,1878,1,0.364361,0.132759,55,20,38,-1,100,1000
1100,1272,5,4.91623,5.6619,10.8,21.2,39.8,1,150,950
1100,1281,2,1.79785,1.73181,61.5,25.5,38.5,0,150,950
1100,58,1,0.919148,0.844832,1,27,38,1,800,300
1100,487,3,2.47056,2.04385,7.33333,30,39,-1,300,800
1100,3468,2,1.93066,1.87113,52.5,30,38,0,0,1100
1100,60,6,4.1444,3.07489,20.5,31.5,38.8333,-2,800,300
1100,1264,2,1.9493,1.98101,27,31.5,38,0,150,950
1100,3469,1,0.928781,0.862634,49,31,38,1,0,1100
1100,1845,1,1.94632,3.78815,29,35,38,1,100,1000
1100,3470,2,1.50544,1.25054,10,37.5,38,-2,0,1100
1100,2686,1,1.20185,1.44445,18,44,38,1,50,1050
1100,2690,17,15.0377,13.8726,32.2353,49.6471,40.1765,5,50,1050
1100,637,4,4.92892,6.80102,15,51,39.5,0,250,850
1100,3471,1,0.791524,0.62651,18,51,38,-1,0,1100
1100,3472,1,1.64835,2.71705,23,51,38,1,0,1100
1100,3473,1,0.568428,0.32311,56,52,38,1,0,1100
1100,2674,1,0.566802,0.321265,29,53,38,-1,50,1050
1100,2676,3,2.07533,1.45066,56.3333,56,38.6667,1,50,1050
1100,1871,43,41.0975,42.5736,19.1628,60.2093,40.0233,-3,100,1000
1100,1298,4,3.89461,3.92463,58.5,57.75,39,2,150,950
1100,3474,1,1.73031,2.99398,13,60,38,1,0,1100
1100,3475,1,1.09922,1.20828,55,60,38,-1,0,1100
1100,3476,1,1.60308,2.56986,22,0,39,-1,0,1100
1100,1278,2,2.51384,3.40936,62.5,0,39,0,150,950
1100,323,1,1.36158,1.8539,34,1,39,-1,400,700
1100,1887,3,2.32487,1.83592,36.3333,3.66667,39.3333,1,100,1000
1100,3477,2,1.82721,1.72755,60,2.5,39.5,0,0,1100
1100,1888,2,1.02892,0.633233,39,4.5,39,0,100,1000
1100,1279,3,1.6608,0.92048,26,7.66667,39.3333,-1,150,950
1100,479,1,0.874905,0.765458,28,7,39,1,300,800
1100,892,1,0.655074,0.429122,31,7,39,1,200,900
1100,2761,167,145.441,148.744,36.9042,7.1497,47.2874,13,50,1050
1100,3478,2,1.95137,1.94694,63,8.5,39.5,0,0,1100
1100,3479,8,7.95545,9.3118,9.125,8.375,40,2,0,1100
1100,1856,4,4.17674,4.66535,58.75,11.5,39.25,0,100,1000
1100,1897,3,1.83789,1.56541,33.6667,12.6667,39,1,100,1000
1100,321,3,2.51152,2.26138,21.6667,13,39.3333,-1,400,700
1100,1877,2,0.931757,0.445686,38,14.5,39,0,100,1000
1100,912,7,3.75109,2.22137,26.2857,13.8571,40,-1,200,900
1100,160,3,2.69188,2.64031,46,16.6667,40,1,600,500
1100,3480,1,0.531756,0.282764,57,19,39,-1,0,1100
1100,1880,24,19.5199,18.2865,18.5833,22.3333,41.625,6,100,1000
1100,1882,18,14.3744,12.8555,32.1111,23.6111,40.6667,-4,100,1000
1100,3481,5,4.81985,5.87698,61.4,22,40,1,0,1100
1100,1293,5,4.55449,4.27386,10.6,24.8,39.6,1,150,950
1100,3482,1,1.02411,1.0488,21,25,39,-1,0,1100
1100,2681,8,7.91555,9.36784,31,26.625,39.375,2,50,1050
1100,1865,2,2.8536,4.6471,24,28,39.5,0,100,1000
1100,3483,2,1.98786,1.98895,4,29,39.5,2,0,1100
1100,1867,5,4.07339,4.1131,44.8,34.6,39.4,-1,100,1000
1100,1261,1,0.597862,0.357439,2,37,39,1,150,950
1100,324,2,2.16298,3.60434,8.5,37.5,39.5,-2,400,700
1100,1283,2,2.5012,3.1478,36.5,37,39,0,150,950
1100,108,3,1.57038,0.856459,53,38.6667,39.6667,-1,700,400
1100,3484,1,1.08256,1.17193,45,40,39,-1,0,1100
1100,3485,6,5.25114,4.88909,49.8333,40.5,39.6667,4,0,1100
1100,1901,1,0.677334,0.458782,12,44,39,1,100,1000
1100,488,4,3.20779,3.11335,42.5,44,39,0,300,800
1100,2688,4,4.79217,6.3251,36,44.75,39.75,0,50,1050
1100,3486,2,2.40445,3.05289,8,46,39.5,-2,0,1100
1100,661,44,40.8566,46.05,18.9773,49.5,43.6136,0,250,850
1100,3487,1,1.36022,1.85019,37,48,39,1,0,1100
1100,2673,2,1.91933,1.8641,44,49.5,39,0,50,1050
1100,879,1,0.532119,0.283151,38,50,39,1,200,900
1100,1284,1,0.617038,0.380736,13,51,39,-1,150,950
1100,3488,3,2.7169,2.75131,38.3333,52,39.6667,1,0,1100
1100,2724,1,1.23613,1.52802,41,52,39,1,50,1050
1100,878,3,3.06049,3.67544,48.6667,52.3333,39.6667,1,200,900
1100,2725,1,0.809632,0.655504,27,53,39,1,50,1050
1100,3489,1,1.60235,2.56753,47,54,39,1,0,1100
1100,2692,2,1.88591,1.79294,53,55,39.5,0,50,1050
1100,3490,1,0.943417,0.890035,24,57,39,-1,0,1100
1100,1904,3,2.02309,1.47751,39,57.3333,39.3333,-1,100,1000
1100,1277,8,6.52189,5.76907,34,58.25,39.5,2,150,950
1100,2706,2,1.9317,1.95645,47.5,59.5,39.5,-2,50,1050
1100,2726,2,2.15236,2.33991,62.5,59.5,39.5,-2,50,1050
1100,3491,1,0.798221,0.637157,32,63,39,1,0,1100
1100,2695,8,10.8789,16.2881,37,0.875,41,0,50,1050
1100,329,3,3.58824,4.30566,43,2,40.3333,3,400,700
1100,3492,4,2.6656,2.15041,55.75,1.75,40,0,0,1100
1100,2697,1,1.04827,1.09887,23,3,40,1,50,1050
1100,1874,2,1.25652,0.799754,14,4.5,40.5,0,100,1000
1100,325,6,6.42695,7.82217,50.5,5.5,40.8333,-2,400,700
1100,3493,7,6.104,5.63041,17,4.71429,41.8571,1,0,1100
1100,3494,2,1.5975,1.53224,5,6,40.5,-2,0,1100
1100,3495,1,1.33052,1.77029,43,6,40,1,0,1100
1100,1896,15,15.1689,17.2788,50.1333,9.73333,41.7333,-3,100,1000
1100,3496,11,7.75149,6.28597,14.6364,10.3636,40.6364,-1,0,1100
1100,640,1,0.986308,0.972803,44,12,40,1,250,850
1100,3497,2,1.75376,1.56137,2.5,12.5,40.5,0,0,1100
1100,3498,2,1.14718,0.708715,6,14,40.5,0,0,1100
1100,2765,62,57.7298,60.0365,41.9194,15.7742,44.7742,-4,50,1050
1100,3499,1,0.586603,0.344103,14,15,40,-1,0,1100
1100,1905,1,1.02846,1.05772,29,15,40,1,100,1000
1100,3500,1,1.09288,1.1944,57,15,40,-1,0,1100
1100,2713,5,4.19907,3.7722,31.8,17,40.6,1,50,1050
1100,890,14,12.6952,13.0836,22.2857,18.1429,42.0714,4,200,900
1100,3501,1,0.798207,0.637134,58,17,40,1,0,1100
1100,1879,1,1.22567,1.50227,35,20,40,1,100,1000
1100,195,33,28.3719,27.8725,54.3636,24.2121,42.1212,7,550,550
1100,2680,2,2.18041,2.41238,7,22,40.5,2,50,1050
1100,1892,1,0.613641,0.376555,21,23,40,-1,100,1000
1100,3502,2,1.36108,0.928333,0.5,25,40,0,0,1100
1100,1861,1,1.57527,2.48147,46,27,40,-1,100,1000
1100,900,1,0.471771,0.222568,53,27,40,-1,200,900
1100,2702,9,7.95607,9.23306,50.1111,29.4444,41.7778,1,50,1050
1100,2715,4,3.33589,2.93585,57.75,28.5,41.25,0,50,1050
1100,2730,1,0.827554,0.684845,62,28,40,1,50,1050
1100,3503,5,6.91444,10.2019,27,28.8,40.6,-1,0,1100
1100,3504,1,1.1255,1.26676,0,30,40,-1,0,1100
1100,2684,2,1.9991,2.05389,7.5,32.5,40.5,2,50,1050
1100,885,1,0.651416,0.424343,16,32,40,-1,200,900
1100,3505,4,4.46997,5.10779,46.25,30.75,41.5,0,0,1100
1100,3506,1,1.63675,2.67894,5,34,40,-1,0,1100
1100,2685,4,2.97369,2.33739,40.75,34.25,41.25,0,50,1050
1100,2718,1,0.522506,0.273012,25,39,40,1,50,1050
1100,190,3,3.80122,5.23845,22,40.3333,40,1,550,550
1100,2650,2,1.77964,1.70505,41,41,40.5,0,50,1050
1100,1906,4,4.15907,4.88714,20.75,43.75,40.25,0,100,1000
1100,2687,4,5.23638,7.16451,27.5,44,40.75,2,50,1050
1100,2734,4,3.83149,3.81607,39.5,45.5,41,0,50,1050
1100,1308,1,0.719202,0.517251,10,50,40,-1,150,950
1100,1302,36,30.8488,30.7148,8.94444,54.3056,42.3056,0,150,950
1100,1922,2,1.46583,1.08354,34.5,54.5,40,0,100,1000
1100,880,1,0.759267,0.576486,16,56,40,-1,200,900
1100,1872,1,0.414219,0.171577,30,56,40,1,100,1000
1100,1903,11,10.5044,11.8232,47.7273,55.4545,42.5455,3,100,1000
1100,1894,1,1.47015,2.16134,1,59,40,1,100,1000
1100,2693,4,2.23837,1.39719,28.25,60,41,-2,50,1050
1100,1912,2,1.29746,0.907632,5,61.5,40.5,-2,100,1000
1100,3507,5,3.4095,2.44485,63.2,1.4,41.8,-1,0,1100
1100,3508,2,2.67163,4.12853,49,2,41.5,0,0,1100
1100,1289,4,2.94048,2.33197,33.25,3.25,42,2,150,950
1100,2727,1,0.853311,0.728139,20,5,41,-1,50,1050
1100,1304,19,16.5903,16.0197,28.8421,6.89474,43.2105,-1,150,950
1100,3509,1,0.416445,0.173426,24,11,41,1,0,1100
1100,489,1,0.662738,0.439222,19,13,41,1,300,800
1100,2729,2,1.59931,1.52579,33.5,14,41,0,50,1050
1100,1291,10,9.61503,9.85994,4.2,16.2,42.9,0,150,950
1100,2710,2,1.10276,0.608111,53,15,41.5,0,50,1050
1100,2698,1,0.969607,0.940137,36,16,41,-1,50,1050
1100,238,3,2.6683,2.52759,13,17.3333,41.3333,1,500,600
1100,1314,2,2.03093,2.10774,54,19,41.5,0,150,950
1100,884,2,1.9957,2.0062,42,20.5,41.5,0,200,900
1100,3510,2,1.59263,1.29461,9,23.5,41,0,0,1100
1100,491,1,0.80895,0.654401,14,27,41,-1,300,800
1100,1316,12,9.75578,8.27788,13,28.9167,42.9167,0,150,950
1100,3511,3,2.36996,1.90253,22.6667,31.3333,42,1,0,1100
1100,3512,2,2.08739,2.6652,7,35,41.5,0,0,1100
1100,2703,6,5.57363,5.58501,55.3333,36.1667,42.1667,0,50,1050
1100,668,1,0.871653,0.75978,36,39,41,1,250,850
1100,1863,1,0.744842,0.554789,2,42,41,1,100,1000
1100,897,1,0.523759,0.274324,33,42,41,-1,200,900
1100,1909,2,2.65652,3.72719,9.5,44.5,41.5,-2,100,1000
1100,898,16,12.8752,11.3012,44.8125,47,42.5625,0,200,900
1100,891,1,0.918686,0.843984,11,47,41,-1,200,900
1100,28,1,0.691134,0.477666,38,50,41,1,850,250
1100,914,6,6.79597,8.58226,42.3333,50.6667,42,-2,200,900
1100,2689,1,0.317208,0.100621,46,50,41,1,50,1050
1100,1297,1,0.663558,0.44031,52,52,41,-1,150,950
1100,3513,2,1.92748,1.89617,25,53.5,41,0,0,1100
1100,2735,8,7.71965,9.18983,54.25,53.25,42,0,50,1050
1100,1309,1,1.37963,1.90337,15,54,41,1,150,950
1100,1911,9,5.80555,4.06726,1.22222,57.1111,42.1111,1,100,1000
1100,3514,2,2.2087,2.53787,58.5,56,41,0,0,1100
1100,2705,7,4.94806,3.82331,50.1429,59.1429,41.7143,-1,50,1050
1100,3515,1,0.836058,0.698993,61,58,41,1,0,1100
1100,1311,1,0.595133,0.354183,44,59,41,1,150,950
1100,3516,2,2.44312,3.17044,60,60.5,41,0,0,1100
1100,3517,2,1.9021,1.82518,23,62.5,41,0,0,1100
1100,3518,1,0.468134,0.21915,27,63,41,-1,0,1100
1100,3519,3,2.4897,2.41071,19.3333,1.33333,42.6667,1,0,1100
1100,2707,2,1.02572,0.526707,33.5,1,42,0,50,1050
1100,2708,4,3.48493,3.45675,40.5,1.25,43.5,0,50,1050
1100,239,1,0.778273,0.605709,56,3,42,1,500,600
1100,2738,1,0.71869,0.516515,25,4,42,-1,50,1050
1100,1312,1,0.767185,0.588572,36,8,42,-1,150,950
1100,3520,1,0.801864,0.642986,26,9,42,1,0,1100
1100,664,5,4.0771,3.82615,9.4,10.8,42.8,1,250,850
1100,1914,2,2.08925,2.26748,58,10,42.5,2,100,1000
1100,3521,2,1.04734,0.717589,29,11.5,42,0,0,1100
1100,2711,1,0.817652,0.668555,62,13,42,1,50,1050
1100,3522,1,1.43428,2.05717,55,14,42,1,0,1100
1100,59,1,0.805931,0.649525,18,16,42,1,800,300
1100,2741,5,4.72387,5.1251,27.8,16.2,43.2,1,50,1050
1100,493,2,1.67176,1.43925,38,16.5,42,0,300,800
1100,1925,1,0.701828,0.492562,40,17,42,1,100,1000
1100,3523,1,0.59278,0.351389,53,17,42,1,0,1100
1100,1915,2,2.78509,4.18515,57,17,42.5,2,100,1000
1100,657,1,1.19878,1.43708,0,18,42,1,250,850
1100,3524,2,2.18516,2.81315,50.5,19,42,0,0,1100
1100,894,1,0.740443,0.548256,47,20,42,1,200,900
1100,3525,1,0.76369,0.583223,62,24,42,1,0,1100
1100,2714,1,0.82705,0.684012,38,27,42,-1,50,1050
1100,3526,2,1.36648,0.949268,14.5,32,42,0,0,1100
1100,1918,1,0.689795,0.475817,48,34,42,1,100,1000
1100,3527,1,0.843322,0.711191,3,36,42,1,0,1100
1100,647,1,0.807325,0.651774,61,37,42,-1,250,850
1100,3528,1,1.64167,2.69508,4,38,42,1,0,1100
1100,83,2,1.10626,0.761723,45.5,37.5,42.5,2,750,350
1100,2719,42,39.2183,40.46,30.1667,39.8571,44.881,4,50,1050
1100,1908,15,12.771,12.0832,52.3333,40.7333,43.9333,3,100,1000
1100,2744,1,1.0686,1.1419,20,41,42,1,50,1050
1100,1306,2,2.42511,2.94862,24.5,41,42,2,150,950
1100,2753,1,0.540603,0.292252,39,41,42,1,50,1050
1100,2721,2,2.15479,2.37066,45.5,44,42,0,50,1050
1100,3529,1,1.31731,1.7353,48,44,42,-1,0,1100
1100,2723,1,0.493577,0.243619,52,46,42,-1,50,1050
1100,2746,14,11.679,11.3257,27.4286,48.5,44.1429,0,50,1050
1100,3530,1,1.05089,1.10437,38,48,42,-1,0,1100
1100,2747,8,9.783,13.5711,10.625,49.375,42.75,-4,50,1050
1100,3531,1,1.27146,1.6166,48,49,42,1,0,1100
1100,2755,2,2.01419,2.02912,53.5,49,42,0,50,1050
1100,490,1,1.04043,1.08249,22,52,42,-1,300,800
1100,2691,3,2.26039,1.72083,28.6667,52,42.3333,1,50,1050
1100,135,3,1.75225,1.13248,35.6667,52.6667,42.3333,1,650,450
1100,3532,1,1.06312,1.13022,40,53,42,1,0,1100
1100,1928,2,2.26785,2.83992,29.5,54.5,42.5,0,100,1000
1100,662,1,1.26195,1.59253,32,55,42,1,250,850
1100,3533,1,0.591624,0.350019,30,57,42,1,0,1100
1100,3534,1,1.2079,1.45901,35,57,42,1,0,1100
1100,1330,3,3.9028,5.73517,38,58.3333,42.6667,-1,150,950
1100,1310,1,0.275503,0.0759016,11,60,42,-1,150,950
1100,1895,4,3.29253,3.71223,24,-1,44.25,2,100,1000
1100,2739,3,2.56907,2.73687,24.3333,2.33333,44,1,50,1050
1100,655,1,0.925268,0.85612,45,3,43,1,250,850
1100,3535,2,2.04518,2.36151,48,3.5,43.5,2,0,1100
1100,241,6,4.37047,3.74918,60.6667,4.33333,43.6667,0,500,600
1100,194,1,0.687368,0.472475,2,5,43,-1,550,550
1100,3536,3,2.24816,1.68724,7.66667,6.33333,43,-1,0,1100
1100,1323,2,2.6617,3.80184,13,5.5,43.5,-2,150,950
1100,1929,1,0.491474,0.241547,5,7,43,-1,100,1000
1100,27,1,0.585855,0.343227,42,7,43,-1,850,250
1100,2751,1,1.3984,1.95553,58,8,43,1,50,1050
1100,909,13,13.6569,16.5798,5.46154,13.3846,45.8462,-1,200,900
1100,2740,5,3.38779,2.47456,16.4,13.8,44,-1,50,1050
1100,3537,2,1.2756,0.94658,19,13,43.5,0,0,1100
1100,3538,4,4.9674,6.9054,32.25,13.25,44.25,0,0,1100
1100,651,17,18.2972,21.324,10.8235,16.5294,44.1765,-3,250,850
1100,915,3,2.45213,2.09855,25.6667,14,43.6667,-1,200,900
1100,3539,1,0.806957,0.65118,34,16,43,1,0,1100
1100,192,1,1.00089,1.00178,15,23,43,-1,550,550
1100,1898,2,2.32615,3.16873,48,23.5,43,0,100,1000
1100,3540,5,4.41153,4.26626,60,24.4,43.6,1,0,1100
1100,3541,6,4.54316,4.08693,28.6667,25.5,43.8333,0,0,1100
1100,3542,1,1.00829,1.01665,35,25,43,1,0,1100
1100,2701,1,1.03003,1.06097,40,25,43,-1,50,1050
1100,652,2,1.61474,1.30908,14,26,43.5,0,250,850
1100,1315,1,0.983849,0.96796,8,27,43,1,150,950
1100,3543,1,0.74184,0.550327,63,28,43,1,0,1100
1100,3544,1,1.05744,1.11819,60,31,43,-1,0,1100
1100,2731,2,2.80934,4.10824,33.5,32.5,43.5,0,50,1050
1100,1917,1,0.843876,0.712127,24,33,43,1,100,1000
1100,913,66,56.2986,56.9037,39.4091,36.2727,46.0606,2,200,900
1100,3545,2,1.51728,1.43443,45.5,34,43.5,0,0,1100
1100,2716,2,2.06219,2.15284,51.5,34,43,0,50,1050
1100,3546,1,0.396123,0.156914,26,35,43,-1,0,1100
1100,3547,7,6.56968,6.58009,48.8571,35.2857,44.8571,1,0,1100
1100,1346,1,0.608714,0.370533,37,37,43,1,150,950
1100,2782,2,2.0078,2.21097,53,37,43.5,0,50,1050
1100,3548,4,2.90359,2.20763,47.5,38.25,43.75,2,0,1100
1100,285,1,1.52658,2.33046,9,42,43,-1,450,650
1100,1920,1,0.202653,0.0410683,33,45,43,1,100,1000
1100,3549,1,0.937123,0.8782,11,46,43,-1,0,1100
1100,648,1,1.48531,2.20616,54,47,43,-1,250,850
1100,2771,6,8.73008,14.0125,7,49.1667,43.8333,0,50,1050
1100,1910,5,4.94003,5.70072,13.6,48.6,43.4,-1,100,1000
1100,3550,1,1.34879,1.81924,40,48,43,-1,0,1100
1100,3551,2,1.38158,1.11923,49.5,48.5,43.5,0,0,1100
1100,1952,3,2.49899,2.34123,35.6667,50,43.3333,-1,100,1000
1100,1322,2,1.86765,1.74722,5.5,54,43,0,150,950
1100,2736,1,0.633733,0.401618,50,56,43,-1,50,1050
1100,1942,52,49.6288,54.8687,7.03846,60.5,46.5769,4,100,1000
1100,3552,5,4.74061,4.94246,53.2,57.6,43.8,1,0,1100
1100,403,14,13.8275,14.55,59.0714,58.8571,45.7143,-2,350,750
1100,3553,3,2.53453,2.2472,24.6667,60.3333,44,1,0,1100
1100,3554,2,1.27796,0.841944,33,60,43.5,0,0,1100
1100,1286,8,6.63446,6.3928,38.375,61.5,43.75,0,150,950
1100,2759,1,1.08973,1.18752,57,63,43,-1,50,1050
1100,654,1,0.63773,0.4067,3,0,44,1,250,850
1100,663,1,1.12697,1.27007,29,1,44,-1,250,850
1100,3555,1,1.60888,2.58851,50,1,44,1,0,1100
1100,1318,1,0.665477,0.442859,56,1,44,1,150,950
1100,3556,1,1.0163,1.03287,23,5,44,-1,0,1100
1100,1913,1,1.13027,1.27751,49,6,44,-1,100,1000
1100,164,22,24.6449,29.9209,2.13636,8.22727,46.2727,0,600,500
1100,400,2,1.41689,1.08323,36,9.5,44,0,350,750
1100,2709,1,0.729534,0.53222,52,10,44,-1,50,1050
1100,3557,1,1.20385,1.44926,56,11,44,-1,0,1100
1100,3558,1,0.798045,0.636875,58,12,44,1,0,1100
1100,1933,1,0.899991,0.809984,35,14,44,-1,100,1000
1100,3559,1,0.849725,0.722033,55,15,44,1,0,1100
1100,3560,3,2.84772,3.19438,21,16.6667,44.6667,-1,0,1100
1100,326,1,0.537238,0.288625,47,17,44,1,400,700
1100,1916,5,3.8823,3.26505,53.6,17.2,44.6,1,100,1000
1100,3561,1,0.729353,0.531956,51,18,44,1,0,1100
1100,1926,2,1.51078,1.22299,1,19,44.5,0,100,1000
1100,2712,1,1.28783,1.65851,5,19,44,-1,50,1050
1100,673,2,1.93262,1.88079,13,19,44.5,0,250,850
1100,3562,1,0.924707,0.855083,49,19,44,-1,0,1100
1100,3563,3,2.07322,1.49218,16.3333,19,44.6667,1,0,1100
1100,3564,4,2.67117,1.96704,55.25,20.5,44.75,0,0,1100
1100,3565,1,0.884601,0.782519,10,25,44,-1,0,1100
1100,330,1,1.11672,1.24706,0,26,44,1,400,700
1100,136,1,0.702586,0.493627,44,27,44,1,650,450
1100,3566,1,0.891665,0.795067,61,27,44,1,0,1100
1100,1321,12,10.1427,10.0705,2.16667,28.9167,46.1667,-2,150,950
1100,2767,5,3.86089,4.55053,17.6,29.2,45.2,1,50,1050
1100,29,1,1.10863,1.22906,43,29,44,-1,850,250
1100,1883,2,2.85727,4.28754,33,30.5,44.5,2,100,1000
1100,906,15,16.939,22.1548,24.4,30.6,47,-1,200,900
1100,3567,1,1.27611,1.62845,29,32,44,-1,0,1100
1100,3568,1,0.708875,0.502504,53,32,44,1,0,1100
1100,917,7,7.60494,9.9391,2.85714,36.7143,45.4286,3,200,900
1100,61,11,12.089,14.0047,59.5455,35.5455,46.8182,-1,800,300
1100,2742,2,1.54676,1.22614,18,39.5,44,0,50,1050
1100,2743,1,1.00449,1.009,13,40,44,-1,50,1050
1100,1907,4,3.59771,3.46694,20.25,39.5,45,0,100,1000
1100,2770,4,4.43718,4.95923,60,43.25,44.75,-2,50,1050
1100,3569,2,1.67278,1.63601,8,45.5,44,0,0,1100
1100,2783,1,1.20563,1.45355,55,45,44,-1,50,1050
1100,2745,1,0.634352,0.402402,3,49,44,1,50,1050
1100,1307,2,1.98215,2.11009,61.5,49,44,0,150,950
1100,1317,3,3.38865,4.81984,55.6667,51.3333,44.3333,-1,150,950
1100,3570,5,5.80642,7.73967,56.4,54.6,44.6,-1,0,1100
1100,2756,9,9.26052,10.3675,36.2222,54.6667,46,-1,50,1050
1100,1935,13,11.5793,11.6433,0.307692,56.6154,46.2308,-3,100,1000
1100,2757,1,0.978559,0.957578,23,56,44,1,50,1050
1100,3571,1,0.332983,0.110878,27,57,44,-1,0,1100
1100,3572,1,1.5007,2.25209,24,58,44,1,0,1100
1100,907,1,1.68852,2.8511,17,59,44,-1,200,900
1100,1923,2,1.81694,1.76942,19,59.5,44,0,100,1000
1100,3573,1,1.53574,2.3585,5,61,44,1,0,1100
1100,671,4,4.78534,6.3279,29.25,61.25,45.5,2,250,850
1100,3574,3,2.83259,2.78642,44.6667,61.6667,44.3333,-1,0,1100
1100,2758,1,0.518583,0.268929,59,61,44,1,50,1050
1100,2749,4,3.38901,3.27928,2.5,3.75,46.25,0,50,1050
1100,1341,1,1.00618,1.0124,19,7,45,1,150,950
1100,3575,1,0.960426,0.922417,52,7,45,-1,0,1100
1100,2750,2,1.79529,1.64917,61.5,8,45,0,50,1050
1100,2807,3,3.18678,3.40594,17,10,45.3333,-1,50,1050
1100,496,2,1.65978,1.4556,23,9.5,45,0,300,800
1100,2762,8,9.13518,10.7208,46.125,8.625,46.75,-4,50,1050
1100,1340,4,3.57086,3.2681,58.5,8.5,45.75,0,150,950
1100,1354,12,11.1418,11.1402,23.1667,13.6667,46.75,0,150,950
1100,2792,1,0.931042,0.86684,53,14,45,1,50,1050
1100,3576,8,8.42448,10.3389,18,16,46.5,2,0,1100
1100,3577,3,2.76947,2.57815,56.6667,17.3333,45.3333,-1,0,1100
1100,3578,2,1.75034,1.56963,45,20.5,45.5,0,0,1100
1100,494,2,1.98951,2.03307,60,20,45.5,0,300,800
1100,1325,1,0.545879,0.297984,51,22,45,1,150,950
1100,2700,2,0.873418,0.567972,4,23.5,45.5,0,50,1050
1100,667,43,38.1997,38.2332,8.60465,21.7674,48.3721,-5,250,850
1100,1949,2,3.37937,5.71059,32.5,24,45.5,-2,100,1000
1100,658,3,2.293,1.89344,42.6667,24.3333,45.3333,1,250,850
1100,331,8,7.3177,8.49493,47.75,26,46,0,400,700
1100,3579,1,1.0889,1.18571,63,24,45,1,0,1100
1100,2752,2,1.79411,1.87303,17.5,25,45.5,0,50,1050
1100,281,1,0.506813,0.256859,50,26,45,-1,450,650
1100,3580,3,2.33184,1.83009,58.3333,26.3333,45.3333,-1,0,1100
1100,3581,1,0.854868,0.7308,37,27,45,-1,0,1100
1100,3582,1,0.484166,0.234416,33,28,45,-1,0,1100
1100,3583,1,0.669087,0.447678,30,29,45,1,0,1100
1100,2811,39,38.5848,44.215,44.7179,28.9231,49.0513,-1,50,1050
1100,3584,1,0.957551,0.916905,48,29,45,1,0,1100
1100,1299,1,1.36381,1.85997,20,30,45,-1,150,950
1100,927,44,40.4092,42.5839,36.3864,27.2045,48.8636,-6,200,900
1100,3585,2,1.45063,1.2387,47.5,31.5,45,2,0,1100
1100,1329,14,16.1948,20.9028,4.35714,34.3571,47.7857,-2,150,950
1100,3586,1,0.952881,0.907983,62,35,45,-1,0,1100
1100,3587,1,0.823812,0.678666,6,36,45,1,0,1100
1100,665,1,0.422988,0.178919,55,37,45,1,250,850
1100,3588,2,1.74026,1.75622,60,40,45.5,0,0,1100
1100,3589,1,1.0339,1.06894,40,41,45,1,0,1100
1100,3590,1,0.687863,0.473156,42,42,45,1,0,1100
1100,407,1,1.57875,2.49245,19,44,45,1,350,750
1100,85,35,31.2987,34.0261,34.1143,47.8571,47.7714,1,750,350
1100,1919,1,1.13758,1.2941,24,46,45,1,100,1000
1100,2754,1,0.461361,0.212854,36,46,45,1,50,1050
1100,3591,1,1.0508,1.10419,53,47,45,-1,0,1100
1100,3592,4,4.0184,4.18204,56.25,47.5,46,0,0,1100
1100,2722,1,1.28485,1.65085,15,50,45,1,50,1050
1100,3593,1,0.754655,0.569505,53,50,45,-1,0,1100
1100,328,3,2.46593,2.14668,44,52.6667,46,1,400,700
1100,2785,1,1.30832,1.7117,63,53,45,-1,50,1050
1100,2814,5,3.97064,3.517,32.4,55,46,-1,50,1050
1100,84,8,8.98733,10.7516,60.25,52.875,47.375,2,750,350
1100,2773,1,1.51542,2.29651,25,56,45,1,50,1050
1100,3594,2,0.934159,0.467954,29,55.5,45.5,0,0,1100
1100,2789,1,0.661069,0.437012,20,57,45,1,50,1050
1100,3595,2,1.16055,0.965634,55.5,60.5,45.5,0,0,1100
1100,134,2,1.15178,0.691609,47,61,45.5,2,650,450
1100,3596,1,0.707509,0.500569,21,63,45,1,0,1100
1100,3597,1,1.18241,1.3981,57,63,45,-1,0,1100
1100,3598,2,2.02894,2.10038,0.5,0,46,0,0,1100
1100,1319,6,4.83744,4.82293,55.5,2,46.6667,-2,150,950
1100,2776,5,2.95682,2.01707,15.8,4.8,47,-1,50,1050
1100,1320,1,1.61996,2.62427,47,5,46,-1,150,950
1100,3599,1,1.11561,1.24459,56,5,46,-1,0,1100
1100,893,1,0.813342,0.661526,35,6,46,1,200,900
1100,1931,4,2.6741,2.0149,13.75,8.5,47,2,100,1000
1100,402,5,4.53819,4.3308,7,7,47.2,1,350,750
1100,2832,32,36.1983,46.4189,8.0625,11.125,48.5,-2,50,1050
1100,1936,15,14.1837,15.4507,48.7333,12.0667,47.8667,-3,100,1000
1100,2764,4,3.45451,3.09794,43.5,12.5,47,-2,50,1050
1100,3600,1,0.593401,0.352125,57,14,46,1,0,1100
1100,1943,5,5.45077,6.56754,1.8,16.6,46.6,-3,100,1000
1100,904,2,2.77456,4.01458,34.5,17.5,46,2,200,900
1100,3601,2,2.80473,4.10063,4,17.5,46.5,0,0,1100
1100,1937,1,1.38338,1.91374,25,18,46,-1,100,1000
1100,2778,2,0.830321,0.411175,31.5,18,46,2,50,1050
1100,1324,1,0.530131,0.281039,10,20,46,1,150,950
1100,3602,1,1.04669,1.09556,36,20,46,-1,0,1100
1100,3603,1,0.569536,0.324372,20,21,46,1,0,1100
1100,1345,2,2.23568,2.61906,29,22,46.5,0,150,950
1100,2797,2,1.87821,1.83428,61.5,25.5,46.5,2,50,1050
1100,137,1,0.934506,0.873302,44,27,46,1,650,450
1100,287,2,1.38595,1.1052,55,29,46.5,0,450,650
1100,1946,16,14.5031,14.3926,11.625,30.6875,47.4375,6,100,1000
1100,1333,2,2.9762,4.5022,9.5,34,46.5,2,150,950
1100,2769,1,1.42448,2.02914,30,36,46,1,50,1050
1100,3604,1,1.63968,2.68855,62,38,46,-1,0,1100
1100,3605,3,3.85944,5.40845,48.6667,39.3333,47,-1,0,1100
1100,497,3,2.25641,1.99021,24,40.6667,46,-1,300,800
1100,669,1,1.61972,2.62351,34,40,46,1,250,850
1100,3606,3,4.0239,6.1459,9.66667,41.6667,46.6667,-1,0,1100
1100,2733,1,0.618317,0.382316,12,41,46,-1,50,1050
1100,3607,1,0.835855,0.698654,44,41,46,1,0,1100
1100,1368,2,3.29268,5.42091,16.5,43.5,46.5,-2,150,950
1100,919,2,1.89346,2.2072,13.5,45,46.5,-2,200,900
1100,910,4,4.80497,6.0147,43.5,45,47,-2,200,900
1100,3608,2,1.77417,1.57551,48.5,44.5,46.5,0,0,1100
1100,3609,1,0.991428,0.98293,15,47,46,-1,0,1100
1100,1947,1,1.05665,1.1165,9,48,46,1,100,1000
1100,3610,1,0.583706,0.340713,9,50,46,1,0,1100
1100,2784,3,4.29499,6.57428,60.6667,49.3333,46.6667,-1,50,1050
1100,3611,4,3.29576,2.9789,41.25,51.25,46.75,0,0,1100
1100,3612,1,0.567702,0.322285,50,51,46,1,0,1100
1100,1927,6,5.54716,5.63077,3.66667,51,47.3333,-2,100,1000
1100,1965,27,31.478,41.1448,51,50.2222,49.0741,5,100,1000
1100,1349,1,0.860401,0.74029,25,54,46,1,150,950
1100,2815,31,26.7363,27.0141,43.3226,57.3871,47.6452,-5,50,1050
1100,3613,2,1.11957,0.672391,29.5,58.5,46.5,2,0,1100
1100,3614,1,0.415714,0.172818,49,61,46,1,0,1100
1100,3615,1,1.06205,1.12796,61,62,46,-1,0,1100
1100,2774,1,1.28233,1.64437,31,0,47,-1,50,1050
1100,2862,79,69.8437,72.8199,17.1646,1.64557,54.1392,-3,50,1050
1100,3616,1,0.951841,0.906002,62,1,47,-1,0,1100
1100,3617,1,0.593958,0.352786,60,3,47,1,0,1100
1100,498,2,3.35937,5.67322,22.5,5,47,-2,300,800
1100,908,2,2.17023,2.37364,25.5,7,47.5,0,200,900
1100,492,1,0.205777,0.0423443,42,9,47,1,300,800
1100,2777,1,0.79202,0.627295,3,11,47,-1,50,1050
1100,1364,9,7.48851,6.93183,26,10,48.2222,-1,150,950
1100,3618,3,1.82601,1.58845,0.333333,12,48,1,0,1100
1100,1343,1,0.268783,0.0722444,11,14,47,-1,150,950
1100,666,1,0.541636,0.29337,62,14,47,-1,250,850
1100,676,6,4.07555,2.94508,13.8333,18.3333,47.8333,0,250,850
1100,1934,6,4.76854,4.03753,0.666667,20.6667,49.1667,4,100,1000
1100,1944,1,0.877842,0.770606,24,21,47,1,100,1000
1100,3619,1,1.00772,1.0155,22,22,47,1,0,1100
1100,2809,1,1.10901,1.22989,32,22,47,-1,50,1050
1100,3620,1,0.985591,0.971389,52,23,47,-1,0,1100
1100,3621,1,1.30383,1.69998,29,24,47,-1,0,1100
1100,957,60,56.91,60.0049,32.9833,26.3667,54.3333,4,200,900
1100,2796,1,1.27088,1.61513,6,27,47,-1,50,1050
1100,1356,1,0.37009,0.136966,34,29,47,1,150,950
1100,1960,1,1.45664,2.1218,41,30,47,-1,100,1000
1100,1357,2,1.87883,1.97441,47.5,30,47,0,150,950
1100,112,18,16.552,17.0587,51.3889,30.6667,49.8889,-2,700,400
1100,336,1,1.16007,1.34577,53,31,47,-1,400,700
1100,3622,1,0.641922,0.412064,56,32,47,-1,0,1100
1100,3623,1,0.890554,0.793087,52,33,47,1,0,1100
1100,1334,3,2.85544,2.78346,-0.666667,35,47.6667,-1,150,950
1100,3624,5,4.16563,3.79116,53.6,35,47.2,1,0,1100
1100,3625,2,1.48898,1.44155,57,35.5,47,2,0,1100
1100,1359,1,0.551958,0.304658,28,36,47,1,150,950
1100,1360,6,5.59479,6.18338,52.5,38.6667,47.8333,0,150,950
1100,2781,2,1.95119,2.00562,23,39.5,47.5,0,50,1050
1100,1347,1,1.22728,1.50621,1,40,47,-1,150,950
1100,3626,1,1.46425,2.14402,13,43,47,-1,0,1100
1100,413,16,14.2361,13.6954,57.375,42.75,49.0625,0,350,750
1100,1336,8,9.94718,13.3252,10.625,45.75,47.75,-2,150,950
1100,2800,7,5.06005,4.67372,27.7143,46.5714,47.4286,3,50,1050
1100,2801,1,0.740812,0.548803,61,47,47,1,50,1050
1100,1974,3,3.5269,5.22865,23.6667,49,47.3333,-1,100,1000
1100,333,1,0.77177,0.595629,30,49,47,1,400,700
1100,2802,2,1.17339,0.747745,46,49,47.5,0,50,1050
1100,3627,1,0.535919,0.28721,63,49,47,-1,0,1100
1100,242,1,0.262874,0.0691027,37,50,47,1,500,600
1100,2772,3,2.12893,1.56577,23.6667,51.3333,47.3333,1,50,1050
1100,675,3,2.21125,2.02037,28.6667,51.6667,47.3333,-1,250,850
1100,1955,4,4.24436,5.73809,47.75,54.25,48.5,0,100,1000
1100,2786,2,1.78739,1.59886,38,55.5,47,0,50,1050
1100,3628,4,3.68437,3.6881,17.75,57.5,47.25,0,0,1100
1100,63,1,0.916778,0.840483,35,57,47,1,800,300
1100,1941,6,6.34906,7.34936,12.1667,59,47.6667,0,100,1000
1100,3629,1,0.857194,0.734782,21,60,47,-1,0,1100
1100,3630,1,0.813804,0.662277,52,61,47,-1,0,1100
1100,3631,3,2.14587,1.65028,27.6667,63,47.6667,-1,0,1100
1100,1337,1,0.711633,0.506421,13,63,47,-1,150,950
1100,3632,1,1.32446,1.75418,52,63,47,-1,0,1100
1100,3633,1,0.73594,0.541608,58,63,47,-1,0,1100
1100,1339,1,1.06169,1.12719,49,4,48,-1,150,950
1100,2791,2,1.77171,2.1462,48.5,7,48,0,50,1050
1100,288,9,9.57782,12.2256,20.8889,9,49.8889,-1,450,650
1100,1948,1,0.747146,0.558227,22,10,48,1,100,1000
1100,677,5,3.81332,3.16658,35.6,13.2,48.6,-1,250,850
1100,3634,3,2.88803,2.80505,16,14.3333,49,1,0,1100
1100,934,1,0.428935,0.183985,52,14,48,1,200,900
1100,921,2,2.11112,2.24218,31.5,15,48.5,-2,200,900
1100,2794,5,4.92893,5.13603,46,16.8,48.2,1,50,1050
1100,932,2,1.53481,1.17787,25,16.5,48,0,200,900
1100,1938,5,3.71423,2.8607,61.4,16.2,48.4,1,100,1000
1100,3635,7,6.05297,6.86256,36.5714,19.2857,49.4286,1,0,1100
1100,335,5,4.95629,5.15067,61.4,18.4,49.4,-1,400,700
1100,3636,1,0.822094,0.675839,44,20,48,1,0,1100
1100,3637,1,0.725354,0.526139,14,23,48,-1,0,1100
1100,2810,1,1.06102,1.12577,18,24,48,1,50,1050
1100,62,1,0.84573,0.715259,1,25,48,1,800,300
1100,499,9,5.31438,3.26935,-0.222222,27.8889,50.3333,1,300,800
1100,113,7,7.75123,9.94523,53,25.4286,50.4286,-1,700,400
1100,3638,3,2.14728,1.67768,61.6667,29,48.3333,-1,0,1100
1100,3639,4,3.45304,3.02487,11.5,33.25,49.25,2,0,1100
1100,2768,1,0.955609,0.913189,33,35,48,1,50,1050
1100,2839,1,0.904228,0.817629,26,36,48,1,50,1050
1100,1367,2,1.91998,2.3286,58.5,38.5,48.5,2,150,950
1100,2840,2,1.85229,1.75719,34,40.5,48,0,50,1050
1100,936,1,0.808915,0.654344,43,40,48,1,200,900
1100,199,3,2.69054,2.41431,25.3333,42,48.3333,-1,550,550
1100,937,6,6.93793,9.64866,50.6667,43,49.1667,2,200,900
1100,2799,2,1.4695,1.08231,39.5,44.5,48,0,50,1050
1100,2823,9,8.0163,7.78875,62.7778,44.3333,49.6667,-1,50,1050
1100,3640,1,0.841371,0.707905,51,45,48,-1,0,1100
1100,3641,2,2.07772,2.33374,59.5,45,48.5,-2,0,1100
1100,3642,2,1.18633,1.03737,47.5,46,48.5,0,0,1100
1100,3643,1,0.73149,0.535077,63,46,48,-1,0,1100
1100,2826,23,25.0595,31.1383,6.26087,49.6522,50.1304,7,50,1050
1100,931,3,2.14644,2.19556,41.6667,48,48,-1,200,900
1100,2812,12,10.7288,10.8833,10.8333,51.4167,49.0833,-6,50,1050
1100,508,5,4.97293,5.48816,62,50.6,49.6,3,300,800
1100,3644,2,0.830258,0.376486,27.5,54,48,0,0,1100
1100,3645,1,1.65596,2.74221,56,55,48,1,0,1100
1100,3646,1,1.04093,1.08353,25,56,48,1,0,1100
1100,406,2,2.65756,3.79692,51,56.5,48.5,0,350,750
1100,1956,1,1.09744,1.20437,25,59,48,-1,100,1000
1100,408,1,1.19898,1.43754,54,61,48,1,350,750
1100,3647,1,0.463374,0.214715,42,63,48,-1,0,1100
1100,340,2,1.64316,1.35102,54.5,0,49,0,400,700
1100,949,1,0.396621,0.157308,61,0,49,-1,200,900
1100,3648,3,1.83179,1.41957,20.3333,1.66667,49,1,0,1100
1100,1338,2,1.49738,1.23449,1,3,49.5,0,150,950
1100,342,1,0.745205,0.555331,63,3,49,1,400,700
1100,196,1,0.211523,0.044742,7,4,49,1,550,550
1100,1988,2,1.25885,0.808255,20.5,4,49,0,100,1000
1100,1363,1,0.430167,0.185043,54,4,49,-1,150,950
1100,504,3,3.02223,3.227,58,8.66667,49.6667,1,300,800
1100,3649,2,1.78622,1.7158,16,9,49.5,0,0,1100
1100,115,1,1.60835,2.58679,40,9,49,1,700,400
1100,1977,2,2.13585,2.76,17.5,11.5,49.5,2,100,1000
1100,2849,1,1.80585,3.2611,57,15,49,1,50,1050
1100,3650,2,1.93817,1.90943,3.5,16,49,0,0,1100
1100,3651,1,1.63596,2.67637,51,16,49,1,0,1100
1100,1978,16,17.0674,20.7201,55.125,13.5,50.8125,0,100,1000
1100,1355,2,1.88369,1.99617,3,19,49.5,0,150,950
1100,926,2,1.81798,2.79722,39.5,21,49,0,200,900
1100,334,1,0.676479,0.457624,55,21,49,-1,400,700
1100,2818,11,11.3743,13.8686,30.7273,21.7273,49.8182,-3,50,1050
1100,30,1,0.852421,0.726622,63,24,49,1,850,250
1100,1940,1,1.6128,2.60112,33,28,49,-1,100,1000
1100,1945,1,0.558401,0.311812,40,30,49,-1,100,1000
1100,1390,2,1.72087,1.50659,54.5,30,49,0,150,950
1100,679,4,2.97155,2.46825,39.25,32.5,50.5,0,250,850
1100,1358,10,7.81239,6.66141,36.1,33.9,50,-4,150,950
1100,3652,1,0.555756,0.308865,63,33,49,-1,0,1100
1100,197,9,8.49922,9.75166,47.8889,34.3333,49.8889,-1,550,550
1100,3653,1,0.842255,0.709393,52,37,49,1,0,1100
1100,243,2,2.90813,4.51705,26,38.5,49,0,500,600
1100,3654,1,1.28087,1.64063,0,39,49,-1,0,1100
1100,1361,89,82.6328,87.2182,51.764,39.4382,53.4382,11,150,950
1100,2843,1,1.0337,1.06853,16,41,49,1,50,1050
1100,341,6,5.57597,5.39431,10.6667,43.1667,50,2,400,700
1100,3655,2,1.88072,1.79828,13.5,43,49,0,0,1100
1100,2822,1,1.12513,1.26591,27,44,49,-1,50,1050
1100,1954,3,3.4001,4.93591,33,44.3333,49.3333,3,100,1000
1100,1383,15,14.772,18.192,19.6,48.2,52.4667,-1,150,950
1100,920,10,11.7268,15.5749,22.5,49.5,50.5,0,200,900
1100,1953,2,3.01233,4.56354,29.5,49.5,49,0,100,1000
1100,1348,1,0.86764,0.752799,16,50,49,-1,150,950
1100,2857,4,2.83891,2.10624,37,48.5,50,2,50,1050
1100,2827,2,1.14752,0.698632,26.5,50.5,49.5,0,50,1050
1100,2813,1,1.42426,2.02852,5,53,49,-1,50,1050
1100,3656,1,0.805548,0.648908,31,55,49,-1,0,1100
1100,3657,1,1.05787,1.11909,33,56,49,-1,0,1100
1100,502,1,0.816598,0.666833,34,59,49,1,300,800
1100,2860,1,0.889767,0.791686,23,60,49,-1,50,1050
1100,64,6,5.34951,4.93352,32.5,61.1667,50.5,-2,800,300
1100,286,23,20.1665,19.6516,48.3913,60.6087,51.6522,5,450,650
1100,1403,3,1.01401,0.376432,12,62,50,1,150,950
1100,290,10,9.38546,10.4105,34.6,0.1,52.5,0,450,650
1100,2847,1,0.531897,0.282915,10,1,50,-1,50,1050
1100,3658,3,2.43501,2.26218,58.3333,2,50,1,0,1100
1100,1966,1,0.655218,0.42931,4,2,50,-1,100,1000
1100,2002,23,22.8921,25.8601,49.2609,3.78261,55.4348,5,100,1000
1100,2829,2,2.25964,2.56893,47.5,5,50.5,0,50,1050
1100,1968,1,1.65648,2.74394,23,6,50,1,100,1000
1100,3659,1,0.646975,0.418576,18,7,50,-1,0,1100
1100,2848,4,2.92918,2.50971,24.75,8.5,50.75,0,50,1050
1100,3660,2,1.45859,1.17608,50.5,9,50,2,0,1100
1100,3661,2,2.46347,3.24471,13.5,12,50,0,0,1100
1100,946,20,18.8981,20.3816,42.15,11.8,52.9,2,200,900
1100,3662,1,0.990522,0.981134,0,18,50,1,0,1100
1100,1397,3,2.91379,2.98368,55,19.3333,50.6667,1,150,950
1100,1993,7,6.59625,6.91865,57.5714,19.7143,50.8571,1,100,1000
1100,3663,3,2.09815,1.837,43.6667,20.3333,50.6667,-1,0,1100
1100,1970,1,0.69074,0.477122,17,21,50,1,100,1000
1100,1994,1,0.58506,0.342295,4,23,50,1,100,1000
1100,1389,2,1.60186,1.31589,19,23,50.5,0,150,950
1100,3664,3,2.70769,2.98035,1.66667,24,50.3333,1,0,1100
1100,1950,2,1.40854,1.11242,48,24,50.5,0,100,1000
1100,1372,2,0.915306,0.47176,60.5,25,50,0,150,950
1100,501,1,0.625834,0.391668,11,28,50,1,300,800
1100,929,13,13.5316,14.9369,4.84615,31.8462,51.6923,-3,200,900
1100,409,37,33.4686,34.2814,59.1622,35.3784,52.027,1,350,750
1100,2798,1,1.2851,1.65148,13,36,50,-1,50,1050
1100,2873,33,23.9202,20.498,42.0909,35.4242,54.0909,1,50,1050
1100,3665,1,1.68389,2.83547,14,40,50,1,0,1100
1100,1374,1,0.549433,0.301877,0,42,50,-1,150,950
1100,2854,1,0.853354,0.728212,30,43,50,-1,50,1050
1100,3666,3,2.0758,1.6744,40,45.3333,50.3333,1,0,1100
1100,114,1,0.660884,0.436768,46,46,50,-1,700,400
1100,2855,2,1.64532,1.57515,50.5,46,50,2,50,1050
1100,1375,27,27.5378,31.9396,55.037,49.1111,52.0741,-7,150,950
1100,405,2,1.07148,0.57579,29.5,47,50,0,350,750
1100,2828,2,0.965871,0.494321,33,51,50.5,0,50,1050
1100,31,5,3.81747,3.50015,29.6,52,50.6,1,850,250
1100,1362,2,1.88776,1.85562,0,53,50.5,0,150,950
1100,1384,1,0.94402,0.891174,37,53,50,1,150,950
1100,1369,1,0.518203,0.268535,18,54,50,-1,150,950
1100,2859,1,1.07074,1.14648,38,55,50,1,50,1050
1100,33,2,1.43687,1.04266,62.5,55,50,0,850,250
1100,3667,3,3.59486,4.84546,17.3333,56.6667,50.6667,-1,0,1100
1100,2803,1,0.508826,0.258904,37,57,50,1,50,1050
1100,138,6,5.93088,6.7911,-0.5,59,50.8333,2,650,450
1100,3668,1,0.800016,0.640025,25,60,50,-1,0,1100
1100,1987,3,1.88731,1.29998,39.3333,62,50.6667,1,100,1000
1100,1957,3,2.83734,2.99295,45.3333,62.6667,50.3333,1,100,1000
1100,2845,6,4.10726,2.94582,7.33333,0.833333,51.3333,0,50,1050
1100,2790,1,1.60519,2.57663,41,1,51,1,50,1050
1100,1385,2,2.42673,3.03711,26.5,3,51,0,150,950
1100,3669,1,1.24565,1.55164,39,3,51,-1,0,1100
1100,1967,3,2.29415,1.8705,6.33333,4.33333,51.6667,1,100,1000
1100,2863,3,1.60597,1.14915,9,4,52,-3,50,1050
1100,1410,23,21.0395,21.4139,64.2174,3.78261,57.1739,-5,150,950
1100,943,1,1.30631,1.70646,63,6,51,1,200,900
1100,1386,1,0.825359,0.681217,13,7,51,-1,150,950
1100,2830,1,0.555377,0.308443,30,7,51,-1,50,1050
1100,2817,4,4.31869,5.2311,45.25,6.5,52.25,0,50,1050
1100,2004,1,0.819165,0.671031,39,8,51,1,100,1000
1100,938,1,1.88332,3.5469,12,9,51,-1,200,900
1100,3670,5,3.7848,2.93277,27,9.6,52,-1,0,1100
1100,2883,2,2.57795,3.34701,60.5,10,51.5,-2,50,1050
1100,2831,1,0.783328,0.613603,6,11,51,-1,50,1050
1100,1351,1,0.721614,0.520727,8,11,51,-1,150,950
1100,2808,1,1.06048,1.12461,39,11,51,1,50,1050
1100,1376,1,0.83758,0.701541,49,11,51,1,150,950
1100,411,1,0.248458,0.0617314,19,12,51,1,350,750
1100,2867,42,38.0588,40.809,60.119,14.3571,53.6905,-10,50,1050
1100,3671,2,1.45646,1.06152,13.5,17,51,0,0,1100
1100,2869,1,0.467162,0.21824,41,18,51,1,50,1050
1100,3672,1,1.61046,2.59357,53,18,51,-1,0,1100
1100,3673,2,2.17264,2.37066,5,20.5,51,0,0,1100
1100,3674,1,0.137556,0.0189217,40,20,51,1,0,1100
1100,1992,13,13.1338,16.0861,47.5385,17.8462,52.9231,1,100,1000
1100,2851,4,4.04912,4.21352,63.25,19.5,52.5,0,50,1050
1100,3675,1,0.824202,0.67931,41,23,51,-1,0,1100
1100,2820,2,2.94826,4.71087,43,23,51.5,0,50,1050
1100,3676,3,2.81858,2.93315,37.6667,25.6667,51.3333,1,0,1100
1100,2014,3,2.99631,3.58027,47.3333,26,51.6667,1,100,1000
1100,3677,6,5.1272,5.03711,9.16667,28.1667,52.3333,0,0,1100
1100,3678,1,1.56354,2.44467,50,27,51,-1,0,1100
1100,201,3,2.85328,2.81315,58.6667,28,51.6667,1,550,550
1100,916,1,1.26062,1.58916,26,29,51,1,200,900
1100,922,1,1.16871,1.36589,29,29,51,-1,200,900
1100,2836,1,1.47752,2.18306,40,30,51,-1,50,1050
1100,1961,1,0.925929,0.857344,8,32,51,-1,100,1000
1100,3679,1,1.64665,2.71145,1,36,51,1,0,1100
1100,953,1,1.63761,2.68175,29,37,51,-1,200,900
1100,2838,2,2.17812,2.37806,38.5,36.5,51.5,0,50,1050
1100,289,1,0.806276,0.650082,8,38,51,-1,450,650
1100,1373,8,8.40871,9.58939,26.875,37,52.5,-4,150,950
1100,506,4,3.27387,2.77915,2.75,39,52.25,2,300,800
1100,2874,13,11.6991,12.1157,34.4615,40,52.2308,3,50,1050
1100,1964,1,0.937315,0.87856,38,39,51,-1,100,1000
1100,1999,4,4.21703,4.96404,42.25,41.5,51,0,100,1000
1100,3680,4,2.50055,2.8431,10.5,40.75,52.5,2,0,1100
1100,139,9,7.43708,6.63928,25.4444,41.6667,53.3333,1,650,450
1100,680,1,1.06542,1.13511,14,43,51,1,250,850
1100,3681,3,2.86913,3.45848,30,45,51.6667,-1,0,1100
1100,1401,37,41.0754,52.8318,9.7027,47.973,53.5946,-1,150,950
1100,940,4,2.38357,2.11612,43.75,49,51.25,0,200,900
1100,1381,2,1.83691,1.84244,20.5,51,51,2,150,950
1100,3682,1,0.638007,0.407053,38,51,51,-1,0,1100
1100,2844,2,1.58892,1.26575,58,53.5,51.5,0,50,1050
1100,3683,1,1.22901,1.51047,20,56,51,-1,0,1100
1100,1983,1,0.700103,0.490144,10,57,51,1,100,1000
1100,3684,2,2.397,2.90062,15.5,58.5,51,0,0,1100
1100,3685,1,1.40176,1.96493,20,58,51,-1,0,1100
1100,2876,5,4.56651,4.44241,55,59,51.2,-3,50,1050
1100,2897,2,0.789528,0.320724,35,59,51.5,0,50,1050
1100,2011,1,1.2478,1.55701,63,61,51,1,100,1000
1100,933,1,0.70127,0.49178,37,62,51,1,200,900
1100,1370,4,3.20224,2.95633,52.5,61.75,51.75,0,150,950
1100,1985,2,1.7783,2.13282,56,62,51.5,0,100,1000
1100,3686,1,1.14323,1.30697,58,62,51,1,0,1100
1100,2879,4,2.67291,1.83797,58.25,0.75,52.25,2,50,1050
1100,2861,2,1.01067,0.513175,2,0.5,52.5,-2,50,1050
1100,2846,3,2.65973,2.37869,23.6667,1.66667,52,-1,50,1050
1100,2001,2,2.42617,3.31283,28.5,4,52.5,0,100,1000
1100,2881,2,1.69302,1.43711,20,4.5,52.5,0,50,1050
1100,945,2,2.03402,2.09443,41.5,6,52,0,200,900
1100,3687,2,1.50725,1.20475,54,6.5,52,0,0,1100
1100,1377,2,2.51384,3.19123,2.5,9,52,0,150,950
1100,3688,1,1.12671,1.26947,7,9,52,-1,0,1100
1100,3689,1,0.523233,0.273773,45,10,52,-1,0,1100
1100,3690,4,2.8483,2.11706,16,11.75,52.5,0,0,1100
1100,3691,1,0.465201,0.216412,50,15,52,-1,0,1100
1100,3692,1,1.18572,1.40593,16,16,52,1,0,1100
1100,3693,1,0.779215,0.607176,5,18,52,-1,0,1100
1100,1366,2,2.25439,2.58845,9,20.5,52,0,150,950
1100,1378,1,1.14726,1.31622,34,21,52,1,150,950
1100,1371,2,2.27894,2.61398,12,22,52.5,0,150,950
1100,2819,1,0.618783,0.382893,21,23,52,-1,50,1050
1100,3694,1,0.287726,0.082786,59,23,52,-1,0,1100
1100,3695,1,0.915808,0.838704,63,24,52,1,0,1100
1100,3696,6,5.90697,6.29513,4.5,23.8333,53.1667,0,0,1100
1100,1972,3,2.07098,1.83208,2,25.6667,52.6667,1,100,1000
1100,2886,2,2.73971,4.14902,12.5,26.5,52.5,0,50,1050
1100,338,2,2.21175,2.44614,23.5,28,52,0,400,700
1100,3697,1,1.67348,2.80055,45,28,52,-1,0,1100
1100,2888,2,1.68135,1.86531,3.5,29,52,0,50,1050
1100,86,1,0.489552,0.239661,29,31,52,1,750,350
1100,3698,1,1.24458,1.54897,55,31,52,1,0,1100
1100,1406,1,1.86081,3.46262,22,38,52,-1,150,950
1100,1973,2,2.11819,2.72698,49,38,52.5,0,100,1000
1100,939,1,0.781675,0.611015,26,40,52,-1,200,900
1100,2891,1,0.866097,0.750124,3,41,52,-1,50,1050
1100,3699,1,1.84056,3.38766,29,43,52,1,0,1100
1100,941,1,1.00336,1.00673,34,43,52,-1,200,900
1100,1382,12,11.6798,12.0625,59.25,47.5,54.1667,2,150,950
1100,2856,2,1.58571,1.26853,26.5,48,52,0,50,1050
1100,3700,2,1.53381,1.23229,30,49,52.5,0,0,1100
1100,3701,1,1.07143,1.14796,37,49,52,1,0,1100
1100,503,1,0.414982,0.17221,15,50,52,-1,300,800
1100,3702,8,6.76148,6.4795,17.75,52.5,52.625,0,0,1100
1100,2858,1,0.561068,0.314797,60,53,52,-1,50,1050
1100,2875,1,0.796332,0.634144,2,55,52,-1,50,1050
1100,3703,4,3.37858,3.20534,37.25,56.25,52.25,0,0,1100
1100,2010,6,4.83362,4.70322,52.6667,57,52.6667,0,100,1000
1100,3704,3,2.56942,3.00866,2,58,52.3333,1,0,1100
1100,3705,3,2.88646,3.37964,23.3333,59.6667,52,1,0,1100
1100,246,5,4.64686,5.21722,6.4,60,53.2,1,500,600
1100,3706,1,0.463088,0.21445,28,61,52,1,0,1100
1100,65,9,9.37432,11.0798,40.4444,3.11111,54.4444,-3,800,300
1100,3707,4,3.57352,3.77559,36.25,5,53,2,0,1100
1100,3708,5,4.53167,4.36571,21.2,5,54.2,1,0,1100
1100,2864,1,1.34274,1.80296,1,6,53,1,50,1050
1100,2005,7,8.67458,11.3865,11.2857,8.28571,54.2857,-1,100,1000
1100,2003,1,1.35484,1.83559,40,8,53,-1,100,1000
1100,1394,1,0.960913,0.923353,20,9,53,-1,150,950
1100,3709,3,4.51284,6.95852,62.6667,9,53.6667,1,0,1100
1100,2865,2,2.10288,2.45561,31,10,53.5,0,50,1050
1100,2882,1,0.894046,0.799318,19,11,53,1,50,1050
1100,2909,3,2.32572,1.8284,21,11.6667,53.3333,-1,50,1050
1100,3710,2,2.07422,2.23877,49,12,53.5,0,0,1100
1100,2866,1,0.923912,0.853614,54,12,53,-1,50,1050
1100,3711,2,2.96341,4.47811,5,13,53.5,0,0,1100
1100,3712,1,1.47149,2.16529,7,13,53,1,0,1100
1100,1979,2,1.57656,1.28069,39,16.5,53,0,100,1000
1100,947,1,0.923714,0.853248,44,16,53,-1,200,900
1100,35,9,9.47857,10.7479,41.2222,17,55.7778,1,850,250
1100,3713,4,3.47607,3.2094,2.5,19.5,53.75,0,0,1100
1100,2884,1,0.443764,0.196927,61,19,53,-1,50,1050
1100,2885,1,0.639133,0.408491,32,20,53,1,50,1050
1100,951,7,6.27669,6.63574,43.7143,25,54,-1,200,900
1100,1442,5,5.7571,7.06183,47.8,28,54.2,1,150,950
1100,1995,3,2.72926,2.55121,23.3333,31,54,1,100,1000
1100,1996,5,6.52084,9.13312,17.6,32,53.6,1,100,1000
1100,2023,6,4.85363,4.69244,46.3333,33.1667,54.3333,0,100,1000
1100,935,1,0.636404,0.405011,16,35,53,-1,200,900
1100,168,1,0.646515,0.417981,1,36,53,1,600,500
1100,1407,1,0.581132,0.337714,54,36,53,-1,150,950
1100,3714,3,2.98158,3.35533,8.33333,38,53.3333,-1,0,1100
1100,244,12,10.7415,12.0748,31.5,40,55.9167,2,500,600
1100,2000,29,25.4793,25.727,42.4828,44.2414,54.2069,-3,100,1000
1100,2905,11,10.4583,11.1293,38,40.8182,55.1818,-1,50,1050
1100,3715,2,2.99359,4.4848,37.5,44.5,53,0,0,1100
1100,2920,7,7.10465,7.73595,34.7143,45.1429,54.4286,3,50,1050
1100,3716,1,0.959363,0.920378,31,47,53,1,0,1100
1100,2009,1,0.761697,0.580182,46,47,53,1,100,1000
1100,2895,2,2.10092,2.25411,20,51,53.5,0,50,1050
1100,3717,1,0.912367,0.832413,32,52,53,1,0,1100
1100,1393,1,0.897214,0.804993,12,53,53,1,150,950
1100,1984,3,4.24232,6.22721,7.66667,54.6667,53.3333,1,100,1000
1100,3718,1,0.876918,0.768984,31,55,53,-1,0,1100
1100,3719,3,3.25626,3.84197,4.66667,56.6667,53.3333,1,0,1100
1100,955,3,2.53903,2.20728,25.3333,56,53.3333,1,200,900
1100,3720,1,0.798655,0.637849,11,58,53,-1,0,1100
1100,2017,1,1.29096,1.66659,57,59,53,1,100,1000
1100,687,2,1.17451,0.769516,60.5,60.5,53.5,0,250,850
1100,2907,4,6.33713,10.4956,36.5,61.25,54.25,2,50,1050
1100,2877,2,1.12438,0.633105,39,61.5,53,0,50,1050
1100,1986,2,1.75141,1.56226,1,62,53.5,0,100,1000
1100,681,5,4.87342,5.15588,4,63.4,54,-1,250,850
1100,2018,1,1.29377,1.67385,10,62,53,1,100,1000
1100,2878,1,0.976362,0.953283,24,0,54,1,50,1050
1100,3721,1,0.953305,0.908791,44,0,54,1,0,1100
1100,170,7,5.66188,4.94912,58.4286,-0.714286,54.5714,1,600,500
1100,1432,1,0.437127,0.19108,52,3,54,-1,150,950
1100,3722,1,1.31138,1.71971,3,5,54,-1,0,1100
1100,3723,1,0.720357,0.518914,41,6,54,-1,0,1100
1100,2012,1,0.59585,0.355037,48,6,54,-1,100,1000
1100,2899,1,0.843812,0.712019,16,7,54,-1,50,1050
1100,3724,1,0.757026,0.573089,18,8,54,-1,0,1100
1100,2035,5,6.61057,9.06988,46.8,8.8,54.6,-1,100,1000
1100,3725,1,1.03781,1.07705,51,10,54,-1,0,1100
1100,2020,17,16.8282,18.6755,1.11765,9.58824,56.7059,-1,100,1000
1100,3726,2,2.29697,2.67536,9,11,54.5,-2,0,1100
1100,2910,1,1.14507,1.31119,34,12,54,1,50,1050
1100,3727,4,3.72556,3.97813,9.5,15.5,54.25,-2,0,1100
1100,3728,1,0.942163,0.887671,51,16,54,1,0,1100
1100,2021,1,0.777508,0.604519,52,18,54,-1,100,1000
1100,505,2,2.49867,3.39585,8.5,20.5,54,0,300,800
1100,66,2,1.99075,2.3306,56,20.5,54,0,800,300
1100,2852,2,0.825897,0.417053,28.5,24.5,54,2,50,1050
1100,1971,1,0.813948,0.662512,8,25,54,-1,100,1000
1100,3729,1,0.251591,0.0632979,12,25,54,-1,0,1100
1100,1436,60,57.5382,62.3219,4.66667,31.0333,57.2167,6,150,950
1100,3730,1,0.191637,0.0367246,15,28,54,1,0,1100
1100,3731,1,1.12188,1.25861,5,29,54,-1,0,1100
1100,1404,2,1.03318,0.565147,32,31.5,54,0,150,950
1100,1997,1,0.563439,0.317463,49,31,54,1,100,1000
1100,2889,1,0.756231,0.571885,13,32,54,-1,50,1050
1100,2890,1,0.946492,0.895848,36,32,54,-1,50,1050
1100,2015,3,2.43118,2.21634,51.3333,32.3333,54,1,100,1000
1100,1981,2,2.33534,3.30559,60,33,54.5,0,100,1000
1100,2028,1,0.785103,0.616387,15,44,54,1,100,1000
1100,2893,1,1.02851,1.05784,47,44,54,1,50,1050
1100,2894,24,23.4941,26.9029,50.0833,47.4167,55.625,-2,50,1050
1100,2939,1,0.793616,0.629827,16,47,54,1,50,1050
1100,3732,2,1.90646,1.8752,30,51.5,54,0,0,1100
1100,3733,1,1.05959,1.12273,56,57,54,-1,0,1100
1100,39,1,0.842333,0.709525,13,58,54,1,850,250
1100,2924,2,1.71296,1.47558,23,58,54.5,0,50,1050
1100,2923,15,14.8294,15.7804,59.7333,57.1333,55.9333,1,50,1050
1100,3734,1,0.895209,0.801399,27,60,54,-1,0,1100
1100,3735,1,0.802041,0.64327,33,60,54,-1,0,1100
1100,1419,1,1.13768,1.29432,30,62,54,-1,150,950
1100,2925,1,1.74497,3.0449,41,62,54,1,50,1050
1100,3736,3,3.23268,4.71464,26,62.3333,55,-1,0,1100
1100,2041,35,32.6723,34.3775,10.1429,0.685714,58.1714,-5,100,1000
1100,511,2,1.21284,0.831162,33,-0.5,55,0,300,800
1100,3737,1,0.713557,0.509164,38,0,55,1,0,1100
1100,1976,1,0.387955,0.150509,47,0,55,-1,100,1000
1100,2042,1,0.612839,0.375572,57,2,55,-1,100,1000
1100,3738,1,1.02039,1.0412,1,4,55,-1,0,1100
1100,683,2,2.10739,2.23464,24,4.5,55.5,0,250,850
1100,3739,1,1.46303,2.14047,53,5,55,-1,0,1100
1100,958,1,0.347669,0.120874,34,6,55,1,200,900
1100,978,1,1.62799,2.65034,36,6,55,1,200,900
1100,2043,5,4.25437,4.02884,58.6,4.8,56.6,1,100,1000
1100,2034,13,11.791,12.8562,38.0769,8.15385,56.1538,1,100,1000
1100,967,1,0.992175,0.984412,59,8,55,1,200,900
1100,3740,1,0.999875,0.999749,25,9,55,-1,0,1100
1100,944,2,1.36896,0.956396,28.5,9.5,55.5,0,200,900
1100,960,1,1.69279,2.86553,3,13,55,-1,200,900
1100,1411,3,1.96803,1.30136,13.3333,13.6667,55.3333,3,150,950
1100,2900,1,0.565676,0.319989,40,14,55,1,50,1050
1100,2046,5,5.6134,6.81634,42.6,13.8,56.4,1,100,1000
1100,2902,2,1.88575,1.77817,43.5,16,55,0,50,1050
1100,3741,1,1.51245,2.28751,57,16,55,-1,0,1100
1100,2912,1,1.13226,1.28201,39,19,55,1,50,1050
1100,2914,6,6.63194,8.4114,43.6667,20.1667,55.3333,0,50,1050
1100,1448,1,0.358638,0.128622,53,20,55,-1,150,950
1100,1398,3,1.85458,1.15763,40.6667,30,55.3333,1,150,950
1100,166,1,1.23851,1.5339,34,31,55,1,600,500
1100,2917,3,2.56697,2.26153,10.3333,31.3333,55.6667,-1,50,1050
1100,2008,4,2.72677,1.96312,12.5,36,55,0,100,1000
1100,2036,3,1.65487,0.951223,32.6667,35.6667,55.3333,-1,100,1000
1100,2930,2,1.47997,1.21648,50.5,35,55,0,50,1050
1100,1412,1,0.267012,0.0712951,7,36,55,1,150,950
1100,1438,2,2.53543,3.27034,1,37.5,55,0,150,950
1100,2936,2,1.81744,1.71248,48,39,55.5,0,50,1050
1100,2904,1,1.61596,2.61134,29,40,55,-1,50,1050
1100,2937,2,1.5167,1.15039,21,43.5,55,0,50,1050
1100,2037,23,20.0849,19.4546,57.8696,42.2174,58.0435,1,100,1000
1100,3742,1,0.910384,0.8288,4,48,55,1,0,1100
1100,2029,9,9.63381,11.9131,4,52.1111,55.6667,1,100,1000
1100,2052,12,11.705,13.7201,56.5833,51.4167,56.5833,2,100,1000
1100,1409,1,0.988212,0.976563,62,51,55,-1,150,950
1100,32,2,1.06631,0.568657,45,52.5,55.5,0,850,250
1100,2896,1,0.112503,0.0126569,0,54,55,-1,50,1050
1100,3743,1,1.28352,1.64742,52,54,55,1,0,1100
1100,2039,1,0.813368,0.661567,39,55,55,-1,100,1000
1100,507,2,1.7153,1.47821,48.5,56,55.5,0,300,800
1100,3744,4,3.49231,3.59408,53.75,58.5,55,0,0,1100
1100,983,19,16.1225,15.1955,18.4211,59.2632,57.1053,-3,200,900
1100,954,7,7.24283,7.83003,27.1429,57.4286,56.1429,1,200,900
1100,1350,1,0.477166,0.227688,51,60,55,-1,150,950
1100,169,1,0.41006,0.168149,53,62,55,-1,600,500
1100,2019,3,2.37755,2.13535,49.3333,62.6667,56,-1,100,1000
1100,3745,2,1.32864,0.929264,54,1.5,56,0,0,1100
1100,2908,3,3.39896,4.60746,9,3,56.3333,1,50,1050
1100,2967,1,1.35444,1.83449,11,5,56,1,50,1050
1100,3746,1,0.535681,0.286954,46,6,56,-1,0,1100
1100,140,2,1.93371,2.32824,19.5,7,56,0,650,450
1100,3747,4,3.24166,2.79095,22,10.5,56,0,0,1100
1100,3748,2,1.78153,1.60802,35,10.5,56,0,0,1100
1100,3749,2,2.12212,3.19301,32.5,11,56,2,0,1100
1100,2911,3,2.07494,1.55463,28.3333,16,56.3333,1,50,1050
1100,2901,1,1.20576,1.45385,37,16,56,1,50,1050
1100,3750,2,1.94775,1.92407,36,19,56.5,0,0,1100
1100,2945,1,0.391649,0.153389,58,20,56,1,50,1050
1100,2887,1,1.16012,1.34589,22,22,56,1,50,1050
1100,1423,2,2.34511,2.80469,58,22.5,56,0,150,950
1100,2948,2,2.50558,3.66797,1,25,56.5,-2,50,1050
1100,2949,1,1.57223,2.47191,63,25,56,-1,50,1050
1100,3751,3,2.68776,2.49151,43.6667,27.3333,56,-1,0,1100
1100,2976,2,1.41546,1.30342,43,30,56.5,-2,50,1050
1100,3752,8,6.75934,6.90009,57,31,56.5,0,0,1100
1100,948,1,0.752662,0.5665,44,33,56,1,200,900
1100,2918,2,2.40496,2.8946,14,34,56.5,0,50,1050
1100,2954,2,0.835197,0.413623,21,34,56.5,0,50,1050
1100,2932,1,1.05752,1.11835,46,35,56,1,50,1050
1100,2934,5,5.12495,5.5675,19.4,38.8,56.6,1,50,1050
1100,414,5,4.97051,5.14314,4,39,56.4,3,350,750
1100,3753,1,1.05224,1.10722,43,41,56,-1,0,1100
1100,2906,1,1.76976,3.13206,27,43,56,1,50,1050
1100,2051,1,0.745286,0.555451,51,44,56,1,100,1000
1100,971,2,2.16843,2.35494,32.5,45,56,2,200,900
1100,2016,2,1.77108,1.59771,6,48,56.5,0,100,1000
1100,1415,14,13.8414,16.2204,33,47.6429,57.5,-2,150,950
1100,509,2,1.59061,1.26527,37.5,49.5,56.5,-2,300,800
1100,1440,1,1.39131,1.93574,24,50,56,1,150,950
1100,2990,1,1.55403,2.415,19,52,56,1,50,1050
1100,3754,2,1.69674,1.62654,31,53,56.5,2,0,1100
1100,3755,1,0.428521,0.18363,7,55,56,1,0,1100
1100,245,2,1.39626,1.11814,22,55,56.5,0,500,600
1100,3756,1,0.256594,0.0658407,3,56,56,1,0,1100
1100,291,2,1.81614,1.74088,45,56.5,56,0,450,650
1100,2940,1,0.13655,0.0186459,4,59,56,1,50,1050
1100,2963,1,0.26355,0.0694584,57,59,56,1,50,1050
1100,3757,2,1.33737,1.25752,63,59.5,56,0,0,1100
1100,2030,3,2.91507,3.06215,10,60.3333,56.3333,-1,100,1000
1100,3758,7,6.98146,7.1714,40.1429,62.4286,56.7143,-1,0,1100
1100,3759,2,1.44086,1.14929,55,62.5,56,0,0,1100
1100,2040,1,1.30373,1.69971,1,0,57,1,100,1000
1100,684,7,7.4201,9.15698,44.8571,-0.142857,58.2857,3,250,850
1100,2926,1,0.856241,0.733149,15,1,57,-1,50,1050
1100,2966,1,1.58257,2.50453,42,2,57,1,50,1050
1100,1420,8,8.27119,9.63825,35.25,3.625,58,2,150,950
1100,1441,1,0.642251,0.412487,29,6,57,-1,150,950
1100,2968,22,21.7766,25.4154,58.0909,8.09091,58.5,6,50,1050
1100,2045,17,18.8872,22.5864,45.6471,8.94118,58.4118,1,100,1000
1100,3760,16,14.2414,14.2215,38.75,12.375,57.8125,6,0,1100
1100,2972,1,0.925706,0.856932,44,12,57,1,50,1050
1100,2944,4,2.73409,2.20012,49.5,12.25,57.75,0,50,1050
1100,968,5,4.83059,4.89214,2.8,13.4,57.6,-1,200,900
1100,979,5,4.74242,4.63074,10,15.8,58.4,-3,200,900
1100,961,1,1.40489,1.97371,13,19,57,1,200,900
1100,974,1,0.832986,0.693867,22,20,57,1,200,900
1100,685,30,29.6936,32.517,40.2667,17.5,59.7667,-4,250,850
1100,2058,2,2.1758,2.88598,60.5,20,57,-2,100,1000
1100,3761,1,0.612824,0.375554,0,21,57,-1,0,1100
1100,973,1,0.635358,0.40368,11,21,57,1,200,900
1100,3762,1,1.6953,2.87405,61,22,57,-1,0,1100
1100,1433,2,1.77651,1.60601,18,25.5,57,0,150,950
1100,1405,1,0.608513,0.370288,30,30,57,-1,150,950
1100,3763,1,1.20581,1.45398,14,32,57,-1,0,1100
1100,1425,1,0.422762,0.178728,9,34,57,-1,150,950
1100,970,1,0.72549,0.526336,62,35,57,-1,200,900
1100,3002,5,3.9024,3.45452,23.2,36.4,58,1,50,1050
1100,3000,55,48.4098,49.5137,28.7636,33.4545,60.1636,-9,50,1050
1100,2027,2,1.55502,1.2376,50.5,36,57,0,100,1000
1100,2933,6,6.57883,8.02135,58.1667,37.6667,57.3333,2,50,1050
1100,2931,1,1.40301,1.96842,27,38,57,1,50,1050
1100,3764,4,3.47434,4.10762,21.5,44.75,57.25,-2,0,1100
1100,117,3,3.03221,3.11692,24,47,57.3333,-1,700,400
1100,1439,1,1.63337,2.66791,36,51,57,1,150,950
1100,3765,1,0.471924,0.222712,22,53,57,-1,0,1100
1100,3766,1,0.533712,0.284849,47,56,57,-1,0,1100
1100,38,1,0.727477,0.529223,12,57,57,1,850,250
1100,2054,9,11.0891,14.3808,40.4444,56.4444,58.6667,-1,100,1000
1100,3767,2,1.25672,0.795089,6.5,58.5,57.5,0,0,1100
1100,965,1,0.714658,0.510737,15,59,57,-1,200,900
1100,1431,1,1.15728,1.3393,3,62,57,-1,150,950
1100,3768,1,1.01821,1.03674,32,62,57,-1,0,1100
1100,3005,4,5.03375,6.80618,54.25,61.75,57.75,0,50,1050
1100,2093,16,18.7821,25.5473,36.6875,-0.4375,60.875,0,100,1000
1100,3769,1,0.960755,0.92305,25,2,58,1,0,1100
1100,2064,1,0.597238,0.356693,52,5,58,-1,100,1000
1100,3008,2,2.26556,2.56905,11.5,6,58.5,0,50,1050
1100,2044,1,0.631276,0.398509,7,8,58,-1,100,1000
1100,3770,5,5.17285,6.17648,17,8.2,58.4,-1,0,1100
1100,2992,1,1.33411,1.77985,10,9,58,1,50,1050
1100,2068,1,1.13982,1.2992,30,14,58,1,100,1000
1100,2069,1,0.651245,0.42412,33,16,58,-1,100,1000
1100,3771,2,1.95708,2.5473,59,17,58.5,0,0,1100
1100,203,1,0.611757,0.374247,57,19,58,-1,550,550
1100,343,15,14.0128,14.121,4.2,22.3333,58.8667,1,400,700
1100,2946,1,1.31225,1.722,46,22,58,-1,50,1050
1100,2022,1,1.01658,1.03343,54,22,58,1,100,1000
1100,2996,1,0.88846,0.78936,21,25,58,1,50,1050
1100,986,23,23.1179,26.0455,35.3043,28.2609,60.7391,11,200,900
1100,2950,5,4.28314,4.33901,2,26.8,58.8,-1,50,1050
1100,3772,2,1.67634,1.43278,62,27,58.5,0,0,1100
1100,3773,2,0.951591,0.453783,17.5,28,58,0,0,1100
1100,3774,1,0.879799,0.774047,63,31,58,-1,0,1100
1100,3775,1,0.453747,0.205886,20,32,58,-1,0,1100
1100,2024,1,0.589565,0.347587,16,35,58,-1,100,1000
1100,2980,32,27.3625,26.2452,39.5938,37.4375,60.7188,6,50,1050
1100,2979,2,1.77186,1.58863,59,34.5,58.5,0,50,1050
1100,3003,1,0.709192,0.502954,2,38,58,-1,50,1050
1100,2956,2,0.469417,0.15779,36,38,58.5,0,50,1050
1100,2935,1,0.792797,0.628527,35,41,58,-1,50,1050
1100,964,1,0.830281,0.689366,16,43,58,1,200,900
1100,2984,1,1.16181,1.34981,54,45,58,-1,50,1050
1100,2959,1,0.700347,0.490486,44,46,58,-1,50,1050
1100,972,11,8.81729,7.56569,47.4545,46.7273,59.1818,1,200,900
1100,3776,1,1.0458,1.09369,1,49,58,1,0,1100
1100,2921,1,1.10852,1.22881,10,50,58,-1,50,1050
1100,2960,1,1.38964,1.9311,61,50,58,-1,50,1050
1100,2989,3,2.35766,1.92596,51.6667,51.3333,58.6667,1,50,1050
1100,2961,5,4.69265,5.89841,64,50.6,59.6,1,50,1050
1100,2062,5,4.0733,3.60065,18.6,51.8,59.2,1,100,1000
1100,3777,3,2.87093,3.51787,47,53,58,1,0,1100
1100,512,1,1.71466,2.94006,13,53,58,-1,300,800
1100,1418,1,1.54391,2.38367,36,53,58,1,150,950
1100,982,1,0.916707,0.840351,17,54,58,1,200,900
1100,981,1,1.09669,1.20272,14,55,58,-1,200,900
1100,1430,2,1.42661,1.10941,32,57.5,58,-2,150,950
1100,3778,2,2.22623,2.64852,57,58,58.5,0,0,1100
1100,247,1,0.656938,0.431567,27,59,58,-1,500,600
1100,3779,2,2.23373,2.53953,40,59.5,58,0,0,1100
1100,3780,1,1.1966,1.43186,53,59,58,1,0,1100
1100,2079,1,0.851307,0.724724,49,60,58,-1,100,1000
1100,3781,1,0.88865,0.789699,57,61,58,1,0,1100
1100,3782,5,5.10105,6.3623,4.8,-0.4,59.6,-1,0,1100
1100,3783,2,1.23445,0.795787,49.5,0,59.5,0,0,1100
1100,2965,2,2.18953,2.48368,58.5,0,59,0,50,1050
1100,3021,2,1.28489,0.827221,41.5,2,59,0,50,1050
1100,293,1,1.34482,1.80853,21,5,59,-1,450,650
1100,2971,8,6.59312,5.98694,50.5,8.25,60.375,-2,50,1050
1100,2970,1,0.80791,0.652719,4,9,59,-1,50,1050
1100,3784,1,0.73121,0.534668,43,12,59,1,0,1100
1100,2993,2,1.40184,1.09508,45.5,12,59,0,50,1050
1100,416,6,4.28081,3.33224,33.6667,15.1667,60.5,0,350,750
1100,3026,4,5.56281,8.22828,27.5,16,60.5,0,50,1050
1100,3785,2,1.8291,1.77279,34.5,18.5,59.5,0,0,1100
1100,90,1,0.841654,0.708381,50,23,59,1,750,350
1100,2974,1,0.935507,0.875173,12,26,59,1,50,1050
1100,2975,1,0.919134,0.844807,24,28,59,-1,50,1050
1100,3786,1,1.04497,1.09196,41,28,59,1,0,1100
1100,2998,2,2.23322,2.53403,11,29.5,59.5,0,50,1050
1100,2050,1,1.05167,1.10602,32,30,59,1,100,1000
1100,517,1,0.860211,0.739962,42,30,59,-1,300,800
1100,3787,1,0.736199,0.541989,18,32,59,1,0,1100
1100,963,1,0.962553,0.926509,9,33,59,-1,200,900
1100,3011,5,4.16359,3.84491,56.6,35,60.2,-1,50,1050
1100,2981,3,4.58612,7.31376,11.6667,38.6667,59,1,50,1050
1100,3788,1,1.67641,2.81035,16,39,59,1,0,1100
1100,3066,2,1.72999,1.65767,20.5,38.5,59.5,0,50,1050
1100,3789,1,0.534498,0.285688,24,39,59,-1,0,1100
1100,3038,1,0.799072,0.638516,46,39,59,1,50,1050
1100,3790,2,1.80864,1.74983,48,39.5,59,0,0,1100
1100,1426,2,1.83322,1.77653,28,40.5,59.5,0,150,950
1100,3014,2,2.1616,2.50044,0.5,42.5,59,0,50,1050
1100,3039,1,0.387579,0.150217,14,42,59,-1,50,1050
1100,2987,3,3.19344,4.17649,52,44.6667,59.6667,-1,50,1050
1100,2958,1,1.60796,2.58555,5,46,59,1,50,1050
1100,2074,3,3.7717,4.75111,61.6667,46.6667,60,1,100,1000
1100,3016,2,2.14681,2.43162,21.5,48.5,59.5,-2,50,1050
1100,3070,6,4.92114,4.68628,37.6667,50.3333,60.6667,-2,50,1050
1100,3791,5,3.20253,2.1415,23.4,51,60.6,-3,0,1100
1100,3019,1,0.827593,0.684911,52,56,59,-1,50,1050
1100,2077,2,1.95902,2.01623,48.5,58.5,59.5,0,100,1000
1100,2090,1,1.51388,2.29184,30,60,59,-1,100,1000
1100,40,3,2.39944,2.11286,25,61,60,1,850,250
1100,2055,3,2.07085,1.59226,23,62,59.3333,1,100,1000
1100,3050,1,0.541524,0.293248,5,3,60,-1,50,1050
1100,3020,1,0.946029,0.894971,22,3,60,1,50,1050
1100,2080,4,3.76917,3.63658,38.5,3.25,60.75,0,100,1000
1100,2065,1,0.214059,0.0458213,37,6,60,-1,100,1000
1100,3024,1,0.768451,0.590517,0,7,60,1,50,1050
1100,3006,1,1.54005,2.37176,14,7,60,1,50,1050
1100,3023,4,4.06569,4.23293,8.5,8.25,60.5,0,50,1050
1100,3792,1,0.750707,0.563561,38,22,60,1,0,1100
1100,513,4,4.23329,4.74377,62,23.25,60.5,-2,300,800
1100,2947,2,1.4023,1.04258,33,26.5,60,2,50,1050
1100,2085,10,7.07515,5.569,6.3,32.3,61,0,100,1000
1100,3001,2,1.63045,1.34062,57,37,60.5,0,50,1050
1100,3793,1,0.890185,0.79243,50,40,60,1,0,1100
1100,988,1,0.831793,0.69188,60,40,60,-1,200,900
1100,1460,4,3.62078,4.21264,18.75,44.25,61.25,2,150,950
1100,118,2,2.07309,2.14891,16,49,60.5,0,700,400
1100,2962,2,1.90883,2.84729,40,53,60.5,-2,50,1050
1100,347,2,1.30084,0.907034,47,53.5,60,2,400,700
1100,2102,2,1.94308,2.11873,4.5,54.5,60.5,0,100,1000
1100,3046,3,2.89866,3.51854,18.6667,55.6667,61,1,50,1050
1100,3044,1,1.67101,2.79227,55,56,60,-1,50,1050
1100,3004,6,6.08082,6.38715,61,56.3333,61.3333,2,50,1050
1100,518,1,0.797683,0.636299,13,59,60,-1,300,800
1100,3794,1,1.06735,1.13924,54,59,60,1,0,1100
1100,3795,1,1.06642,1.13726,32,60,60,-1,0,1100
1100,1445,5,3.85712,3.31259,44.6,59.6,60.6,-1,150,950
1100,3796,4,4.56892,6.0654,47.25,61.5,60.75,0,0,1100
1100,3797,3,2.92364,2.97957,24.6667,-0.333333,61,1,0,1100
1100,3049,1,1.09615,1.20155,61,2,61,-1,50,1050
1100,3022,1,0.590998,0.349278,0,3,61,-1,50,1050
1100,3798,3,2.64535,2.78529,16,4,61,-1,0,1100
1100,977,2,2.10053,2.26407,24.5,3.5,61,0,200,900
1100,3799,1,1.01886,1.03807,14,5,61,-1,0,1100
1100,3007,1,1.34986,1.82211,51,6,61,1,50,1050
1100,985,2,2.5711,3.55549,2,8.5,61.5,0,200,900
1100,2943,1,0.637254,0.406093,56,9,61,1,50,1050
1100,3054,1,0.507817,0.257878,61,10,61,-1,50,1050
1100,417,1,1.57739,2.48817,23,11,61,-1,350,750
1100,2994,2,2.34302,2.86404,52.5,11,61,0,50,1050
1100,3800,1,1.38267,1.91177,38,12,61,1,0,1100
1100,3801,1,1.28306,1.64624,40,12,61,1,0,1100
1100,3056,1,0.574387,0.32992,30,16,61,-1,50,1050
1100,3802,1,1.78263,3.17778,36,18,61,-1,0,1100
1100,1455,1,1.19913,1.43792,16,19,61,1,150,950
1100,2072,3,2.2764,1.82354,10.6667,31,61.3333,-1,100,1000
1100,2086,1,0.924915,0.855468,1,32,61,-1,100,1000
1100,2087,9,9.35745,10.6236,14.5556,32.7778,61.7778,3,100,1000
1100,3036,2,1.23423,0.922844,0,35.5,61.5,0,50,1050
1100,3012,4,5.22766,7.81809,55,38.25,61.75,0,50,1050
1100,3067,1,0.448234,0.200913,25,39,61,-1,50,1050
1100,3803,2,1.89249,1.946,19,40.5,61.5,-2,0,1100
1100,3804,1,0.888658,0.789712,35,40,61,-1,0,1100
1100,3805,3,2.93307,4.41679,45,41.3333,61.6667,1,0,1100
1100,3806,1,1.32737,1.76192,0,43,61,-1,0,1100
1100,348,7,6.23908,6.05748,24.7143,43.5714,61.4286,1,400,700
1100,3040,1,0.737678,0.544168,57,43,61,-1,50,1050
1100,3041,2,1.41968,1.51866,33,47,61.5,2,50,1050
1100,3015,1,0.913325,0.834162,56,47,61,1,50,1050
1100,514,1,1.25551,1.5763,2,48,61,-1,300,800
1100,3807,1,0.884338,0.782054,19,50,61,-1,0,1100
1100,3808,1,0.824558,0.679895,47,51,61,-1,0,1100
1100,3018,8,7.14015,6.63562,14.5,54.125,61.625,0,50,1050
1100,976,1,0.75445,0.569194,59,52,61,1,200,900
1100,3809,3,2.18986,1.65248,45.3333,53,61.6667,1,0,1100
1100,3045,7,6.73924,7.24919,10.5714,54.7143,61.8571,1,50,1050
1100,3810,1,1.68751,2.84769,57,55,61,1,0,1100
1100,3811,2,1.70433,2.64444,52,56.5,61.5,0,0,1100
1100,1452,1,1.55287,2.4114,32,58,61,-1,150,950
1100,2076,3,2.43853,2.09024,46.6667,58,62,1,100,1000
1100,3812,3,2.06557,1.43909,7,0,62.3333,-1,0,1100
1100,3813,1,0.639462,0.408912,16,0,62,-1,0,1100
1100,3814,2,2.4356,2.96773,22,-0.5,62,0,0,1100
1100,3815,1,0.516763,0.267044,42,0,62,-1,0,1100
1100,3816,2,2.02231,2.0835,40,1,62.5,0,0,1100
1100,1446,1,0.431769,0.186425,27,3,62,-1,150,950
1100,3817,1,0.173083,0.0299577,44,4,62,1,0,1100
1100,3818,1,1.37198,1.88233,3,6,62,1,0,1100
1100,3819,1,0.598833,0.358601,15,7,62,-1,0,1100
1100,3820,1,1.14,1.2996,47,8,62,1,0,1100
1100,3821,1,0.910027,0.828149,0,9,62,-1,0,1100
1100,3055,3,2.84496,2.70232,4,9.66667,62.3333,1,50,1050
1100,2096,3,2.14598,1.5553,47,13.3333,62.3333,3,100,1000
1100,3025,2,1.83472,1.68717,25.5,14,62,0,50,1050
1100,3058,1,0.628333,0.394802,5,19,62,1,50,1050
1100,2973,1,0.555401,0.30847,8,21,62,1,50,1050
1100,3029,1,0.440603,0.194131,15,23,62,1,50,1050
1100,516,2,1.40145,1.07791,3.5,24,62,0,300,800
1100,346,1,0.925549,0.856641,23,26,62,-1,400,700
1100,3034,1,0.71869,0.516515,8,28,62,-1,50,1050
1100,3064,1,0.480158,0.230551,32,29,62,1,50,1050
1100,1458,2,1.25823,0.827143,38,33,62.5,0,150,950
1100,987,1,1.1653,1.35793,30,35,62,-1,200,900
1100,3037,1,0.576159,0.33196,46,36,62,1,50,1050
1100,3822,1,0.199137,0.0396554,16,38,62,1,0,1100
1100,3823,2,1.45126,1.05548,45,38.5,62,0,0,1100
1100,3824,1,1.02524,1.05111,58,39,62,1,0,1100
1100,3825,4,2.64541,1.88166,50.75,42.5,62.25,0,0,1100
1100,2985,2,1.74709,1.55341,13.5,43,62,0,50,1050
1100,3826,1,1.31912,1.74008,32,43,62,1,0,1100
1100,3827,3,2.27049,1.81915,54.3333,44,62.3333,-1,0,1100
1100,3042,1,0.44735,0.200122,39,45,62,-1,50,1050
1100,3828,2,1.49164,1.2462,44,45.5,62,0,0,1100
1100,204,1,0.742177,0.550827,42,46,62,-1,550,550
1100,3829,1,0.935971,0.876042,40,47,62,-1,0,1100
1100,3830,1,0.698323,0.487655,2,50,62,-1,0,1100
1100,3831,1,0.618758,0.382862,40,50,62,-1,0,1100
1100,3832,1,1.2308,1.51486,62,50,62,1,0,1100
1100,3833,3,2.94223,3.47174,24.3333,53,62.6667,1,0,1100
1100,3834,1,1.00849,1.01705,63,52,62,1,0,1100
1100,3017,1,0.846953,0.717329,54,53,62,1,50,1050
1100,688,2,1.6371,1.3403,50.5,53.5,62.5,2,250,850
1100,1464,2,2.94508,4.41634,21.5,55,62,2,150,950
1100,3047,4,3.38123,3.26656,42.75,56.75,62.25,-2,50,1050
1100,1463,1,1.03065,1.06223,4,60,62,-1,150,950
1100,2094,2,2.00644,2.14758,57.5,-0.5,63,2,100,1000
1100,3835,1,0.987346,0.974852,3,4,63,1,0,1100
1100,3836,1,0.890957,0.793805,42,4,63,-1,0,1100
1100,3052,1,0.614878,0.378075,10,7,63,1,50,1050
1100,3837,2,1.70057,1.50312,10.5,9,63,0,0,1100
1100,3051,1,1.31058,1.71762,53,11,63,1,50,1050
1100,3838,2,1.08637,0.592924,43.5,12,63,0,0,1100
1100,2070,1,0.849099,0.720969,48,15,63,1,100,1000
1100,3839,1,1.61063,2.59412,36,17,63,-1,0,1100
1100,3009,2,2.06774,2.13804,9.5,18.5,63,2,50,1050
1100,3060,1,1.00614,1.01231,55,19,63,-1,50,1050
1100,2098,1,0.593067,0.351729,55,21,63,1,100,1000
1100,3031,1,1.5875,2.52016,48,23,63,-1,50,1050
1100,3063,1,1.95714,3.83038,24,29,63,1,50,1050
1100,3840,1,0.850629,0.72357,49,36,63,1,0,1100
1100,3013,1,1.3576,1.84308,4,37,63,-1,50,1050
1100,1450,2,1.39598,1.06289,27,37.5,63,0,150,950
1100,975,1,0.620954,0.385584,42,37,63,1,200,900
1100,3841,1,1.2063,1.45517,13,38,63,1,0,1100
1100,3842,1,0.908181,0.824792,60,39,63,1,0,1100
1100,3843,1,1.01,1.02009,1,40,63,-1,0,1100
1100,3844,2,1.02027,0.589043,21.5,40,63,0,0,1100
1100,3845,1,1.11556,1.24448,52,40,63,1,0,1100
1100,3846,1,1.64027,2.69048,63,43,63,-1,0,1100
1100,3068,1,1.21212,1.46925,13,45,63,-1,50,1050
1100,3847,1,1.64469,2.70501,51,45,63,1,0,1100
1100,3848,1,0.958544,0.918806,4,46,63,1,0,1100
1100,1461,1,1.17587,1.38266,11,46,63,-1,150,950
1100,2088,1,0.970126,0.941144,24,47,63,1,100,1000
1100,3849,1,1.26316,1.59556,15,48,63,1,0,1100
1100,3850,1,0.413512,0.170992,49,49,63,1,0,1100
1100,3851,2,2.46857,3.04975,17.5,50,63,0,0,1100
1100,3852,1,1.29995,1.68987,39,53,63,1,0,1100
1100,3853,1,1.11103,1.23438,41,53,63,-1,0,1100
1100,689,1,1.87338,3.50957,26,54,63,1,250,850
1100,519,1,1.41358,1.99819,38,57,63,1,300,800
1100,3074,1,1.0058,1.01163,17,61,63,1,50,1050
1150,3854,258645,456708,853540,-0.512869,-0.485983,-0.5107,-983,0,1150
1200,3854,262064,482923,928520,-0.494658,-0.499164,-0.501149,-990,50,1150
1250,3854,262124,482882,924843,-0.498386,-0.500069,-0.500423,-994,100,1150
1300,3854,262132,480363,914698,-0.498989,-0.50029,-0.500156,-996,150,1150
1350,3854,262136,484991,931076,-0.499294,-0.500126,-0.500195,-998,200,1150
1400,3854,262138,488376,943432,-0.499439,-0.500137,-0.500042,-996,250,1150
1450,3854,262139,488543,943983,-0.499537,-0.500063,-0.500151,-995,300,1150
1500,3854,262140,488843,945203,-0.499638,-0.500061,-0.500114,-994,350,1150
1550,3854,262141,484086,927279,-0.499746,-0.50009,-0.500051,-993,400,1150
1600,3854,262142,488476,943416,-0.499825,-0.500092,-0.499992,-992,450,1150
1650,3854,262142,492115,957201,-0.499825,-0.500092,-0.499992,-992,500,1150
1700,3854,262142,493800,963595,-0.499825,-0.500092,-0.499992,-992,550,1150
1750,3854,262142,496668,974309,-0.499825,-0.500092,-0.499992,-992,600,1150
1800,3854,262142,505250,1.00724e+06,-0.499825,-0.500092,-0.499992,-992,650,1150
1850,3854,262142,516347,1.05027e+06,-0.499825,-0.500092,-0.499992,-992,700,1150
1900,3854,262143,522140,1.07346e+06,-0.499914,-0.50009,-0.499933,-991,750,1150
1950,3854,262144,528902,1.10069e+06,-0.5,-0.5,-0.5,-992,800,1150
2000,3854,262144,534946,1.12545e+06,-0.5,-0.5,-0.5,-992,850,1150
2050,3854,262144,541416,1.15195e+06,-0.5,-0.5,-0.5,-992,900,1150
2100,3854,262144,549899,1.18686e+06,-0.5,-0.5,-0.5,-992,950,1150
2150,3854,262144,549274,1.18448e+06,-0.5,-0.5,-0.5,-992,1000,1150
2200,3854,262144,554541,1.20697e+06,-0.5,-0.5,-0.5,-992,1050,1150
2250,3854,262144,551190,1.19293e+06,-0.5,-0.5,-0.5,-992,1100,1150
2300,3854,262144,565584,1.25379e+06,-0.5,-0.5,-0.5,-992,1150,1150
2350,3854,262144,572921,1.28575e+06,-0.5,-0.5,-0.5,-992,1200,1150
2400,3854,262144,574015,1.29054e+06,-0.5,-0.5,-0.5,-992,1250,1150
2450,3854,262144,572806,1.28559e+06,-0.5,-0.5,-0.5,-992,1300,1150
2500,3854,262144,575738,1.29814e+06,-0.5,-0.5,-0.5,-992,1350,1150
2550,3854,262144,586629,1.34658e+06,-0.5,-0.5,-0.5,-992,1400,1150
2600,3854,262144,597825,1.3972e+06,-0.5,-0.5,-0.5,-992,1450,1150
2650,3854,262144,603167,1.42139e+06,-0.5,-0.5,-0.5,-992,1500,1150
2700,3854,262144,608700,1.44747e+06,-0.5,-0.5,-0.5,-992,1550,1150
