backend_label,actual_backend,L,arm,seed,dx,dy,dz,n,tick,source_before_real,source_before_imag,expected_loss_real,expected_loss_imag,predicted_next_real,predicted_next_imag,source_after_real,source_after_imag,source_hazard,expected_removals,removal_variance,actual_removed,occupancy_before,occupancy_after,eligible_sites,mean_site_probability,min_site_probability,max_site_probability,mean_local_energy,max_local_energy,history_evaporation,history_other,history_required,history_enabled,toggles_valid,structural_valid,execution_valid
windows_msvc_cpu,cpu,32,isolated,0,1,0,0,1,0,0.0625,-0.63457314922559527,0.0062499999999997766,-0.063457314922570437,0.056250000000000223,-0.57111583430302482,0.057531877738941972,-0.57208831785605307,0.10000000000001699,3276.7999999981153,2949.1200000006443,3228,32768,29540,32768,0.099999999999942482,0.10000000000000001,0.10000000000000001,0,0,3228,0,1,1,1,1,1
windows_msvc_cpu,cpu,32,isolated,0,1,0,0,1,1,0.057531877738941972,-0.57208831785605307,0.0057531877738940494,-0.057208831785614617,0.051778689965047919,-0.51487948607043843,0.051295264518842365,-0.51371539326821114,0.10000000000001609,2953.9999999984088,2658.6000000001745,2998,29540,26542,29540,0.099999999999946132,0.10000000000000001,0.10000000000000001,0,0,2998,0,1,1,1,1,1
windows_msvc_cpu,cpu,32,isolated,0,1,0,0,1,2,0.051295264518842365,-0.51371539326821114,0.0051295264518841548,-0.051371539326816526,0.046165738066958208,-0.4623438539413946,0.046864373889280928,-0.4620799251752073,0.099999999999991138,2654.1999999986815,2388.7799999997383,2679,26542,23863,26542,0.099999999999950323,0.10000000000000001,0.10000000000000001,0,0,2679,0,1,1,1,1,1
windows_msvc_cpu,cpu,32,isolated,0,1,0,0,1,3,0.046864373889280928,-0.4620799251752073,0.0046864373889279401,-0.046207992517521487,0.042177936500352987,-0.41587193265768579,0.042725387198388684,-0.41494573315003436,0.10000000000000159,2386.2999999989252,2147.6699999993484,2405,23863,21458,23863,0.099999999999954958,0.10000000000000001,0.10000000000000001,0,0,2405,0,1,1,1,1,1
windows_msvc_cpu,cpu,32,isolated,0,1,0,0,1,4,0.042725387198388684,-0.41494573315003436,0.0042725387198386819,-0.041494573315007638,0.038452848478550003,-0.37345115983502675,0.03882953483143517,-0.37363118357422437,0.10000000000001,2145.7999999991439,1931.2199999992933,2165,21458,19293,21458,0.099999999999960107,0.10000000000000001,0.10000000000000001,0,0,2165,0,1,1,1,1,1
windows_msvc_cpu,cpu,32,isolated,0,1,0,0,1,5,0.03882953483143517,-0.37363118357422437,0.0038829534831434096,-0.037363118357428213,0.034946581348291761,-0.33626806521679614,0.03506919729694162,-0.33597775510921646,0.10000000000001527,1929.2999999993408,1736.3699999994706,1949,19293,17344,19293,0.099999999999965838,0.10000000000000001,0.10000000000000001,0,0,1949,0,1,1,1,1,1
windows_msvc_cpu,cpu,32,isolated,0,1,0,0,1,6,0.03506919729694162,-0.33597775510921646,0.0035069197296940992,-0.033597775510921732,0.031562277567247519,-0.30237997959829471,0.032432358499611333,-0.30236414296390685,0.10000000000000023,1734.3999999995181,1560.9599999996301,1718,17344,15626,17344,0.099999999999972208,0.10000000000000001,0.10000000000000001,0,0,1718,0,1,1,1,1,1
windows_msvc_cpu,cpu,32,isolated,0,1,0,0,1,7,0.032432358499611333,-0.30236414296390685,0.0032432358499611185,-0.030236414296386769,0.029189122649650213,-0.27212772866752005,0.028795837248997903,-0.27234288747449903,0.099999999999987196,1562.5999999996743,1406.3399999997707,1540,15626,14086,15626,0.099999999999979161,0.10000000000000001,0.10000000000000001,0,0,1540,0,1,1,1,1,1
windows_msvc_cpu,cpu,32,isolated,0,1,0,0,1,8,0.028795837248997903,-0.27234288747449903,0.0028795837248997798,-0.027234288747447148,0.025916253524098123,-0.24510859872705187,0.025399104596009928,-0.24542392817324979,0.099999999999989986,1408.5999999998144,1267.7399999998968,1383,14086,12703,14086,0.099999999999986822,0.10000000000000001,0.10000000000000001,0,0,1383,0,1,1,1,1,1
windows_msvc_cpu,cpu,32,isolated,0,1,0,0,1,9,0.025399104596009928,-0.24542392817324979,0.0025399104596009942,-0.024542392817323073,0.022859194136408932,-0.22088153535592672,0.02193944650986273,-0.21992658809904453,0.099999999999992317,1270.2999999999402,1143.27000000001,1314,12703,11389,12703,0.099999999999995287,0.10000000000000001,0.10000000000000001,0,0,1314,0,1,1,1,1,1
windows_msvc_cpu,cpu,32,isolated,0,1,0,0,1,10,0.02193944650986273,-0.21992658809904453,0.002193944650986285,-0.021992658809903046,0.019745501858876444,-0.1979339292891415,0.019063436869045793,-0.19761353409540702,0.099999999999993663,1138.9000000000597,1025.0100000001175,1184,11389,10205,11389,0.10000000000000524,0.10000000000000001,0.10000000000000001,0,0,1184,0,1,1,1,1,1
windows_msvc_cpu,cpu,32,isolated,0,1,0,0,1,11,0.019063436869045793,-0.19761353409540702,0.001906343686904581,-0.019761353409539547,0.017157093182141214,-0.17785218068586747,0.017571228142005506,-0.17862145007142716,0.099999999999994232,1020.5000000001635,918.4500000000811,984,10205,9221,10205,0.10000000000001602,0.10000000000000001,0.10000000000000001,0,0,984,0,1,1,1,1,1
windows_msvc_cpu,cpu,32,isolated,0,1,0,0,1,12,0.017571228142005506,-0.17862145007142716,0.0017571228142005311,-0.017862145007141821,0.015814105327804976,-0.16075930506428535,0.015820773380312552,-0.1592645816827612,0.099999999999995023,922.10000000014111,829.89000000004978,969,9221,8252,9221,0.1000000000000153,0.10000000000000001,0.10000000000000001,0,0,969,0,1,1,1,1,1
windows_msvc_cpu,cpu,32,isolated,0,1,0,0,1,13,0.015820773380312552,-0.1592645816827612,0.0015820773380312366,-0.015926458168275256,0.014238696042281316,-0.14333812351448594,0.015054490295126489,-0.14449884708270488,0.099999999999994621,825.20000000011908,742.68000000001894,779,8252,7473,8252,0.10000000000001442,0.10000000000000001,0.10000000000000001,0,0,779,0,1,1,1,1,1
windows_msvc_cpu,cpu,32,isolated,0,1,0,0,1,14,0.015054490295126489,-0.14449884708270488,0.0015054490295126452,-0.014449884708269583,0.013549041265613845,-0.13004896237443531,0.013178754102136092,-0.13024559501969263,0.099999999999993788,747.30000000010136,672.56999999999414,752,7473,6721,7473,0.10000000000001356,0.10000000000000001,0.10000000000000001,0,0,752,0,1,1,1,1,1
windows_msvc_cpu,cpu,32,isolated,0,1,0,0,1,15,0.013178754102136092,-0.13024559501969263,0.0013178754102135975,-0.013024559501968375,0.011860878691922495,-0.11722103551772425,0.011877536891039809,-0.11707614315992516,0.099999999999993247,672.10000000008426,604.8899999999702,692,6721,6029,6721,0.10000000000001254,0.10000000000000001,0.10000000000000001,0,0,692,0,1,1,1,1,1
windows_msvc_cpu,cpu,32,isolated,0,1,0,0,1,16,0.011877536891039809,-0.11707614315992516,0.0011877536891039735,-0.011707614315991674,0.010689783201935836,-0.1053685288439335,0.010270101321427,-0.10549601607275272,0.099999999999992872,602.90000000006853,542.60999999994817,606,6029,5423,6029,0.10000000000001137,0.10000000000000001,0.10000000000000001,0,0,606,0,1,1,1,1,1
windows_msvc_cpu,cpu,32,isolated,0,1,0,0,1,17,0.010270101321427,-0.10549601607275272,0.0010270101321427046,-0.010549601607274731,0.009243091189284295,-0.094946414465477982,0.0091343744461278333,-0.094694249824429547,0.099999999999994926,542.30000000005475,488.06999999994395,545,5423,4878,5423,0.10000000000001009,0.10000000000000001,0.10000000000000001,0,0,545,0,1,1,1,1,1
windows_msvc_cpu,cpu,32,isolated,0,1,0,0,1,18,0.0091343744461278333,-0.094694249824429547,0.00091343744461278215,-0.0094694249824424075,0.0082209370015150513,-0.085224824841987137,0.0087486053205245926,-0.085322977289763735,0.099999999999994274,487.80000000004242,439.01999999995758,489,4878,4389,4878,0.10000000000000869,0.10000000000000001,0.10000000000000001,0,0,489,0,1,1,1,1,1
windows_msvc_cpu,cpu,32,isolated,0,1,0,0,1,19,0.0087486053205245926,-0.085322977289763735,0.00087486053205245058,-0.0085322977289759919,0.007873744788472142,-0.07679067956078775,0.0080509929680039807,-0.077062407070270053,0.099999999999995565,438.9000000000313,395.00999999996981,429,4389,3960,4389,0.10000000000000712,0.10000000000000001,0.10000000000000001,0,0,429,0,1,1,1,1,1
windows_msvc_cpu,cpu,32,isolated,0,1,0,0,1,20,0.0080509929680039807,-0.077062407070270053,0.00080509929680039056,-0.0077062407070267631,0.0072458936712035899,-0.069356166363243293,0.0075015766493838091,-0.069893065726719966,0.099999999999996883,396.00000000002154,356.39999999998054,380,3960,3580,3960,0.10000000000000545,0.10000000000000001,0.10000000000000001,0,0,380,0,1,1,1,1,1
windows_msvc_cpu,cpu,32,isolated,0,1,0,0,1,21,0.0075015766493838091,-0.069893065726719966,0.00075015766493837172,-0.0069893065726717588,0.006751418984445437,-0.062903759154048208,0.0067030478948602191,-0.062467691270088291,0.099999999999996605,358.0000000000129,322.19999999999004,382,3580,3198,3580,0.1000000000000036,0.10000000000000001,0.10000000000000001,0,0,382,0,1,1,1,1,1
windows_msvc_cpu,cpu,32,isolated,0,1,0,0,1,22,0.0067030478948602191,-0.062467691270088291,0.00067030478948601957,-0.006246769127008835,0.0060327431053741991,-0.056220922143079458,0.0057435918391105147,-0.056627352235145194,0.10000000000000009,319.80000000000422,287.8199999999996,315,3198,2883,3198,0.10000000000000132,0.10000000000000001,0.10000000000000001,0,0,315,0,1,1,1,1,1
windows_msvc_cpu,cpu,32,isolated,0,1,0,0,1,23,0.0057435918391105147,-0.056627352235145194,0.00057435918391105455,-0.00566273522351459,0.00516923265519946,-0.050964617011630603,0.0052134794312701134,-0.051200420199119648,0.10000000000000123,288.29999999999706,259.47000000000747,288,2883,2595,2883,0.099999999999998979,0.10000000000000001,0.10000000000000001,0,0,288,0,1,1,1,1,1
windows_msvc_cpu,cpu,32,isolated,0,1,0,0,1,24,0.0052134794312701134,-0.051200420199119648,0.00052134794312701726,-0.0051200420199119514,0.0046921314881430958,-0.046080378179207696,0.0052510796979982491,-0.046006473352186127,0.09999999999999977,259.49999999999051,233.55000000000757,262,2595,2333,2595,0.099999999999996342,0.10000000000000001,0.10000000000000001,0,0,262,0,1,1,1,1,1
windows_msvc_cpu,cpu,32,isolated,0,1,0,0,1,25,0.0052510796979982491,-0.046006473352186127,0.00052510796979983074,-0.0046006473352185936,0.004725971728198418,-0.041405826016967531,0.004545615806802049,-0.041552630064561072,0.099999999999999589,233.29999999999103,209.97000000000668,231,2333,2102,2333,0.099999999999996161,0.10000000000000001,0.10000000000000001,0,0,231,0,1,1,1,1,1
windows_msvc_cpu,cpu,32,isolated,0,1,0,0,1,26,0.004545615806802049,-0.041552630064561072,0.00045456158068020469,-0.0041552630064561492,0.0040910542261218446,-0.037397367058104924,0.0044219305304369653,-0.037555516324289259,0.10000000000000099,210.19999999999234,189.18000000000589,195,2102,1907,2102,0.099999999999996356,0.10000000000000001,0.10000000000000001,0,0,195,0,1,1,1,1,1
windows_msvc_cpu,cpu,32,isolated,0,1,0,0,1,27,0.0044219305304369653,-0.037555516324289259,0.00044219305304369347,-0.0037555516324289805,0.0039797374773932722,-0.033799964691860279,0.0035565926073484674,-0.034070070608914059,0.10000000000000142,190.69999999999345,171.63000000000523,179,1907,1728,1907,0.099999999999996564,0.10000000000000001,0.10000000000000001,0,0,179,0,1,1,1,1,1
windows_msvc_cpu,cpu,32,isolated,0,1,0,0,1,28,0.0035565926073484674,-0.034070070608914059,0.00035565926073484623,-0.0034070070608914699,0.003200933346613621,-0.03066306354802259,0.0034367267147429135,-0.030426463132843088,0.10000000000000187,172.79999999999447,155.52000000000461,179,1728,1549,1728,0.0999999999999968,0.10000000000000001,0.10000000000000001,0,0,179,0,1,1,1,1,1
windows_msvc_cpu,cpu,32,isolated,0,1,0,0,1,29,0.0034367267147429135,-0.030426463132843088,0.0003436726714742924,-0.003042646313284355,0.0030930540432686209,-0.027383816819558732,0.0030804503583506081,-0.027054092909226526,0.1000000000000015,154.89999999999549,139.410000000004,165,1549,1384,1549,0.099999999999997091,0.10000000000000001,0.10000000000000001,0,0,165,0,1,1,1,1,1
windows_msvc_cpu,cpu,32,isolated,0,1,0,0,1,30,0.0030804503583506081,-0.027054092909226526,0.00030804503583505992,-0.0027054092909226924,0.002772405322515548,-0.024348683618303835,0.0026541213107096925,-0.02442334685418214,0.10000000000000143,138.39999999999642,124.56000000000346,130,1384,1254,1384,0.09999999999999741,0.10000000000000001,0.10000000000000001,0,0,130,0,1,1,1,1,1
windows_msvc_cpu,cpu,32,isolated,0,1,0,0,1,31,0.0026541213107096925,-0.02442334685418214,0.00026541213107096775,-0.0024423346854182538,0.0023887091796387246,-0.021981012168763886,0.0023983014626273481,-0.022114412135071964,0.1000000000000016,125.39999999999715,112.86000000000301,112,1254,1142,1254,0.09999999999999773,0.10000000000000001,0.10000000000000001,0,0,112,0,1,1,1,1,1
windows_msvc_cpu,cpu,32,coupled,0,1,0,0,1,0,0.0625,-0.63457314922559527,0.0061954043502147355,-0.062902995987874022,0.056304595649785266,-0.5716701532377213,0.057267317936532072,-0.57269147529732678,0.099126469603445982,3135.2000853783129,2832.2647853064846,3087,32768,29681,32768,0.095678713543039334,0.070982009395745213,0.10000000000000001,0.012770366987580484,0.087568230771977076,3087,0,1,1,1,1,1
windows_msvc_cpu,cpu,32,coupled,0,1,0,0,1,1,0.057267317936532072,-0.57269147529732678,0.0053368922106712471,-0.053009778127608348,0.051930425725860825,-0.51968169716971846,0.051410672965307436,-0.51892806938335689,0.092568779091210571,2452.9169320074056,2230.7995742485127,2478,29681,27203,29681,0.082642664735265173,0.01675103113216353,0.10000000000000001,0.073336659962843234,0.45648994374651009,2478,0,1,1,1,1,1
windows_msvc_cpu,cpu,32,coupled,0,1,0,0,1,2,0.051410672965307436,-0.51892806938335689,0.0043809063999942542,-0.043442354460129548,0.047029766565313179,-0.47548571492322733,0.047989289475143374,-0.47515987417846217,0.083730124812642193,1894.4375694564981,1733.7002834357575,1921,27203,25282,27203,0.069640759087471901,0.0013254833062357088,0.099955932586786034,0.19259559778023649,1.1045916990394695,1921,0,1,1,1,1,1
windows_msvc_cpu,cpu,32,coupled,0,1,0,0,1,3,0.047989289475143374,-0.47515987417846217,0.0037099942913093706,-0.036426100526058179,0.044279295183834,-0.43873377365240401,0.044460294571705417,-0.43819171547822366,0.076667268902431099,1513.2976916391303,1389.9677879804472,1525,25282,23757,25282,0.059856723820865848,4.3610359946335078e-05,0.098665180619551429,0.37543613584119112,1.9769016157972139,1525,0,1,1,1,1,1
windows_msvc_cpu,cpu,32,coupled,0,1,0,0,1,4,0.044460294571705417,-0.43819171547822366,0.0031093052379897825,-0.030690875723219255,0.041350989333715636,-0.4075008397550044,0.041442615282113432,-0.40764785099620815,0.070038761526236185,1225.7548961711957,1129.2944157265515,1228,23757,22529,23757,0.051595525368152366,9.0041025252066587e-07,0.095927572677238407,0.63982794327234338,2.9682609823685016,1228,0,1,1,1,1,1
windows_msvc_cpu,cpu,32,coupled,0,1,0,0,1,5,0.041442615282113432,-0.40764785099620815,0.0026083864293518226,-0.026111638061584466,0.03883422885276161,-0.3815362129346237,0.039418643622533139,-0.38101188722957946,0.064042996150868226,1004.6701285654083,926.52886773131593,1025,22529,21504,22529,0.044594528321958732,9.9773353752165323e-09,0.096318308388033777,0.99535360809834528,4.118621850670916,1025,0,1,1,1,1,1
windows_msvc_cpu,cpu,32,coupled,0,1,0,0,1,6,0.039418643622533139,-0.38101188722957946,0.002156210570570668,-0.021189984209650698,0.037262433051962474,-0.35982190301992878,0.037024424977414816,-0.3597253713953803,0.055605333933055896,789.28154647332997,730.58485990947941,791,21504,20713,21504,0.036703940963231492,6.2989264661130407e-11,0.094202720137937027,1.4662850295535537,5.4127154326827185,791,0,1,1,1,1,1
windows_msvc_cpu,cpu,32,coupled,0,1,0,0,1,7,0.037024424977414816,-0.3597253713953803,0.0017343806169224812,-0.017006319418347418,0.035290044360492337,-0.3427190519770329,0.035193501413975481,-0.34232680814394473,0.04727131657163252,616.12204445607892,572.07466958764849,630,20713,20083,20713,0.029745669118721525,2.6907137074698774e-13,0.091986207572324216,2.040036413335756,6.8066133042595549,630,0,1,1,1,1,1
windows_msvc_cpu,cpu,32,coupled,0,1,0,0,1,8,0.035193501413975481,-0.34232680814394473,0.0013764268286382319,-0.013405268160462384,0.033817074585337246,-0.32892153998348234,0.033985533569681856,-0.32869441130922089,0.039158758100508909,474.55616400235607,442.00640888775894,481,20083,19602,20083,0.023629744759366432,1.2734402876934419e-15,0.092397681542685225,2.7129722377303818,8.1743262275608384,481,0,1,1,1,1,1
windows_msvc_cpu,cpu,32,coupled,0,1,0,0,1,9,0.033985533569681856,-0.32869441130922089,0.0010542224409095262,-0.010318990882504587,0.032931311128772331,-0.31837542042671629,0.033088315459170695,-0.31798539258251507,0.031389916432532264,358.24808949105164,334.70439399873646,370,19602,19232,19602,0.0182760988414984,4.3844610232568766e-18,0.090577932677728873,3.4765289928933862,9.6233254586779999,370,0,1,1,1,1,1
windows_msvc_cpu,cpu,32,coupled,0,1,0,0,1,10,0.033088315459170695,-0.31798539258251507,0.00077123487244626756,-0.0075484428995196938,0.032317080586724424,-0.3104369496829954,0.032028205220783479,-0.30982279010394398,0.023733726684410265,257.87642709870022,241.84247184896068,280,19232,18952,19232,0.013408716051305128,8.807437889435946e-21,0.09161893012219291,4.3286400255535273,11.209987457113193,280,0,1,1,1,1,1
windows_msvc_cpu,cpu,32,coupled,0,1,0,0,1,11,0.032028205220783479,-0.30982279010394398,0.00050496663296922589,-0.0049960692934352905,0.031523238587814251,-0.30482672081050871,0.031418385151246342,-0.30450441999461825,0.016121771994622173,168.50837148201822,159.133946824112,179,18952,18773,18952,0.0088913239490300867,2.9424535808880455e-23,0.087555194465012531,5.2663203252687163,12.666680130486252,179,0,1,1,1,1,1
windows_msvc_cpu,cpu,32,coupled,0,1,0,0,1,12,0.031418385151246342,-0.30450441999461825,0.00030415848681988904,-0.0030007950283649108,0.031114226664426453,-0.30150362496625333,0.031077181019759502,-0.30140050845013522,0.0098528541164185739,100.31672268697383,95.555784103877556,104,18773,18669,18773,0.0053436703077277921,2.6295235810091821e-26,0.080053743079885636,6.2587020957275614,14.460283115124442,104,0,1,1,1,1,1
windows_msvc_cpu,cpu,32,coupled,0,1,0,0,1,13,0.031077181019759502,-0.30140050845013522,0.0001659293523863173,-0.0016206378102681029,0.030911251667373185,-0.29977987063986711,0.030982150870205453,-0.30034409841537602,0.0053766269438024275,53.860942929001439,51.920520849079992,35,18669,18634,18669,0.0028850470260325372,4.0732568750517006e-29,0.064391239053282895,7.2895692321770502,16.113344805000551,35,0,1,1,1,1,1
windows_msvc_cpu,cpu,32,coupled,0,1,0,0,1,14,0.030982150870205453,-0.30034409841537602,8.7119469142551769e-05,-0.00083343857144099569,0.030895031401062902,-0.29951065984393505,0.030904752976339253,-0.299498402028472,0.0027753350737079298,27.631235391804299,27.011230533859436,28,18634,18606,18634,0.0014828397226470055,3.4332434527141332e-32,0.042810524172103265,8.3336707114530171,17.921893134168613,28,0,1,1,1,1,1
windows_msvc_cpu,cpu,32,coupled,0,1,0,0,1,15,0.030904752976339253,-0.299498402028472,4.8521456523069631e-05,-0.00045944438209186611,0.030856231519816184,-0.29903895764638011,0.030839262450760151,-0.29892501829786755,0.0015344253245523829,15.221196394628324,15.015515250040931,19,18606,18587,18606,0.00081807999541160502,4.9210064913409606e-35,0.028172242194153676,9.3934298407678281,19.594789310423206,19,0,1,1,1,1,1
windows_msvc_cpu,cpu,32,coupled,0,1,0,0,1,16,0.030839262450760151,-0.29892501829786755,3.7772959047399402e-05,-0.00035898599494865112,0.030801489491712752,-0.29856603230291889,0.030803540345898783,-0.29865387841498103,0.0012011750255516967,11.889798477920134,11.759547418958828,9,18587,18578,18587,0.00063968356797332196,3.1152156837387462e-38,0.023528509504019999,10.440884076213285,21.476479138062917,9,0,1,1,1,1,1
windows_msvc_cpu,cpu,32,coupled,0,1,0,0,1,17,0.030803540345898783,-0.29865387841498103,4.577394584671151e-05,-0.00043923069045363988,0.03075776640005207,-0.29821464772452738,0.030761864556893909,-0.29820021945005087,0.0014708624401611888,14.545245586574115,14.351998447082323,15,18578,18563,18578,0.00078292849534794464,1.7088562244090977e-41,0.026067505105060736,11.444939133417472,23.394770582302115,15,0,1,1,1,1,1
windows_msvc_cpu,cpu,32,coupled,0,1,0,0,1,18,0.030761864556893909,-0.29820021945005087,6.8633720893447684e-05,-0.00066033672661342392,0.030693230836000462,-0.29753988272343745,0.030702327715458371,-0.29750417902023985,0.0022145833304177322,21.867538593660171,21.436833882467401,23,18563,18540,18563,0.0011780174860561423,4.6500252003176878e-44,0.039391097336807165,12.392157107436201,24.903886078621994,23,0,1,1,1,1,1
windows_msvc_cpu,cpu,32,coupled,0,1,0,0,1,19,0.030702327715458371,-0.29750417902023985,9.8141425682501246e-05,-0.00094312688736832213,0.030604186289775868,-0.29656105213287154,0.030630883505735746,-0.29671893140287947,0.0031704082593589007,31.237802221548232,30.369029882609766,26,18540,18514,18540,0.0016848868512161937,4.8385232290096008e-46,0.04592358890066614,13.261313177067013,26.070317085935045,26,0,1,1,1,1,1
windows_msvc_cpu,cpu,32,coupled,0,1,0,0,1,20,0.030630883505735746,-0.29671893140287947,0.00011456071411616829,-0.0010968487108361249,0.030516322791619577,-0.29562208269204332,0.030505856138721189,-0.29557157755496394,0.003697049739939767,36.343923459468783,35.171269230046114,38,18514,18476,18514,0.0019630508512190115,1.4423169279418523e-48,0.05532870892850722,14.030795778681711,27.556137354172396,38,0,1,1,1,1,1
windows_msvc_cpu,cpu,32,coupled,0,1,0,0,1,21,0.030505856138721189,-0.29557157755496394,0.00010855366323105436,-0.0010330592971716421,0.030397302475490134,-0.29453851825779231,0.030345564260330773,-0.2943079721925882,0.0034957914306923887,34.257333572697064,33.211229929535733,42,18476,18434,18476,0.0018541531485547231,1.4714829728863386e-51,0.054608880887362855,14.678110762395063,29.315897626848813,42,0,1,1,1,1,1
windows_msvc_cpu,cpu,32,coupled,0,1,0,0,1,22,0.030345564260330773,-0.2943079721925882,9.6954944787561479e-05,-0.00092078096122460984,0.030248609315543212,-0.29338719123136359,0.030250305314033894,-0.29331261984859125,0.0031293291840589605,30.563143215999141,29.73816050849749,33,18434,18401,18434,0.0016579767395030454,2.8378039292297722e-54,0.051644257925450271,15.164894617027842,30.912976054547638,33,0,1,1,1,1,1
windows_msvc_cpu,cpu,32,coupled,0,1,0,0,1,23,0.030250305314033894,-0.29331261984859125,9.7132709205460314e-05,-0.00091479458498988945,0.030153172604828433,-0.29239782526360136,0.030143367796192384,-0.29246983286070721,0.0031198077432669467,30.382498538165777,29.564367514546671,28,18401,18373,18401,0.0016511330111497081,1.284533463764747e-56,0.050815120303402773,15.450293270545627,32.292071280002361,28,0,1,1,1,1,1
windows_msvc_cpu,cpu,32,coupled,0,1,0,0,1,24,0.030143367796192384,-0.29246983286070721,0.00010839541455762561,-0.0010238379411689857,0.030034972381634759,-0.29144599491953821,0.029959947571455509,-0.29106060864464683,0.0035016637229533395,34.002344736646663,32.955699563438699,47,18373,18326,18373,0.0018506691741493855,1.2688269543780214e-57,0.05530307222879749,15.509421362871489,32.883506271382451,47,0,1,1,1,1,1
windows_msvc_cpu,cpu,32,coupled,0,1,0,0,1,25,0.029959947571455509,-0.29106060864464683,0.00011823317807674765,-0.0011218584670377981,0.029841714393378762,-0.28993875017760906,0.029823012836153295,-0.28988390999201918,0.00385534544243473,37.260367334442371,35.967364322484407,39,18326,18287,18326,0.0020331969515683932,3.4272817647856095e-59,0.055776602484265518,15.331932853134026,33.806213961140976,39,0,1,1,1,1,1
windows_msvc_cpu,cpu,32,coupled,0,1,0,0,1,26,0.029823012836153295,-0.28988390999201918,0.0001248865861155516,-0.0011938943884231598,0.029698126250037742,-0.28869001560359603,0.029710350430910887,-0.28892196209065563,0.0041192492297985016,39.679426409636847,38.215790940715777,32,18287,18255,18287,0.0021698160665848333,3.7973904773452888e-58,0.065259828674757145,14.864181472754197,33.191722393038084,32,0,1,1,1,1,1
windows_msvc_cpu,cpu,32,coupled,0,1,0,0,1,27,0.029710350430910887,-0.28892196209065563,0.00012836812910912897,-0.0012148679024667061,0.029581982301801757,-0.28770709418818891,0.029597916822411252,-0.28781444040463267,0.0042060425221190729,40.440486427525421,38.98572899010027,37,18255,18218,18255,0.0022153101302396835,1.6624398327156441e-56,0.063154651643952994,14.099250686763,32.22618230381034,37,0,1,1,1,1,1
windows_msvc_cpu,cpu,32,coupled,0,1,0,0,1,28,0.029597916822411252,-0.28781444040463267,0.00012994050856640968,-0.0012206035625208615,0.029467976313844842,-0.28659383684211182,0.029390910657842755,-0.28656012709151241,0.0042425011496885923,40.705850539790951,39.313716085823714,42,18218,18176,18218,0.0022343753726968354,3.251339649746247e-52,0.061826481160292414,13.071137494450422,29.701636339769387,42,0,1,1,1,1,1
windows_msvc_cpu,cpu,32,coupled,0,1,0,0,1,29,0.029390910657842755,-0.28656012709151241,0.00013358986334563593,-0.0012630703808605491,0.029257320794497121,-0.28529705671065186,0.0292432125379673,-0.28521076525829064,0.0044091297981011203,42.163703173197753,40.68713288139142,45,18176,18131,18176,0.0023197459932437145,5.3661562764418509e-47,0.064791394377887515,11.843398445562809,26.632164819634085,45,0,1,1,1,1,1
windows_msvc_cpu,cpu,32,coupled,0,1,0,0,1,30,0.0292432125379673,-0.28521076525829064,0.00013571338397864262,-0.0012938255666453088,0.029107499153988657,-0.28391693969164533,0.029166272237586381,-0.28397415915380253,0.0045374708624396944,43.203506328732395,41.615429396145473,41,18131,18090,18131,0.0023828529219972641,3.5599430382078677e-41,0.068030957484876919,10.498161667879996,23.207259931745149,41,0,1,1,1,1,1
windows_msvc_cpu,cpu,32,coupled,0,1,0,0,1,31,0.029166272237586381,-0.28397415915380253,0.00014088954194981722,-0.0013551727695002198,0.029025382695636565,-0.28261898638430233,0.029054753816057786,-0.28271865053275708,0.0047727788825554082,45.277069700459904,43.517282886517947,42,18090,18048,18090,0.0025028783692902104,8.1286898685751218e-35,0.068746413370701906,9.1102972316728952,19.466561351903962,42,0,1,1,1,1,1
windows_msvc_cpu,cpu,32,isolated,1,1,0,0,1,0,0.0625,-0.63457314922559527,0.0062499999999997766,-0.063457314922570437,0.056250000000000223,-0.57111583430302482,0.056013439507052773,-0.57089164186619434,0.10000000000001699,3276.7999999981153,2949.1200000006443,3278,32768,29490,32768,0.099999999999942482,0.10000000000000001,0.10000000000000001,0,0,3278,0,1,1,1,1,1
windows_msvc_cpu,cpu,32,isolated,1,1,0,0,1,1,0.056013439507052773,-0.57089164186619434,0.0056013439507050632,-0.057089164186628502,0.050412095556347708,-0.51380247767956588,0.049917085919310572,-0.51322217198772857,0.1000000000000157,2948.9999999984134,2654.1000000001673,3003,29490,26487,29490,0.099999999999946201,0.10000000000000001,0.10000000000000001,0,0,3003,0,1,1,1,1,1
windows_msvc_cpu,cpu,32,isolated,1,1,0,0,1,2,0.049917085919310572,-0.51322217198772857,0.0049917085919308334,-0.051322217198768172,0.044925377327379737,-0.4618999547889604,0.043876021352611247,-0.46221050057916097,0.099999999999990929,2648.6999999986865,2383.8299999997303,2664,26487,23823,26487,0.099999999999950406,0.10000000000000001,0.10000000000000001,0,0,2664,0,1,1,1,1,1
windows_msvc_cpu,cpu,32,isolated,1,1,0,0,1,3,0.043876021352611247,-0.46221050057916097,0.0043876021352608364,-0.046221050057917032,0.039488419217350412,-0.41598945052124392,0.038631365736142328,-0.41474262089327724,0.10000000000000195,2382.2999999989288,2144.0699999993426,2470,23823,21353,23823,0.099999999999955042,0.10000000000000001,0.10000000000000001,0,0,2470,0,1,1,1,1,1
windows_msvc_cpu,cpu,32,isolated,1,1,0,0,1,4,0.038631365736142328,-0.41474262089327724,0.0038631365736141511,-0.041474262089332171,0.034768229162528176,-0.37326835880394504,0.035006476914187082,-0.37377841605795314,0.10000000000001062,2135.2999999991534,1921.7699999993019,2125,21353,19228,21353,0.099999999999960357,0.10000000000000001,0.10000000000000001,0,0,2125,0,1,1,1,1,1
windows_msvc_cpu,cpu,32,isolated,1,1,0,0,1,5,0.035006476914187082,-0.37377841605795314,0.0035006476914186914,-0.037377841605801189,0.031505829222768393,-0.33640057445215193,0.031028754079208701,-0.3372442092824085,0.10000000000001558,1922.7999999993467,1730.5199999994759,1901,19228,17327,19228,0.099999999999966019,0.10000000000000001,0.10000000000000001,0,0,1901,0,1,1,1,1,1
windows_msvc_cpu,cpu,32,isolated,1,1,0,0,1,6,0.031028754079208701,-0.3372442092824085,0.0031028754079208249,-0.033724420928241267,0.027925878671287877,-0.30351978835416726,0.027867609688457549,-0.3047379915037593,0.1000000000000012,1732.6999999995196,1559.4299999996315,1684,17327,15643,17327,0.099999999999972278,0.10000000000000001,0.10000000000000001,0,0,1684,0,1,1,1,1,1
windows_msvc_cpu,cpu,32,isolated,1,1,0,0,1,7,0.027867609688457549,-0.3047379915037593,0.0027867609688457333,-0.030473799150372211,0.025080848719611817,-0.27426419235338706,0.02532279000769495,-0.27357525956778012,0.09999999999998789,1564.2999999996728,1407.8699999997693,1601,15643,14042,15643,0.099999999999979078,0.10000000000000001,0.10000000000000001,0,0,1601,0,1,1,1,1,1
windows_msvc_cpu,cpu,32,isolated,1,1,0,0,1,8,0.02532279000769495,-0.27357525956778012,0.0025322790007695369,-0.027357525956775305,0.022790511006925415,-0.2462177336110048,0.02154405450712599,-0.24609478445682886,0.099999999999990208,1404.1999999998184,1263.7799999999004,1414,14042,12628,14042,0.099999999999987071,0.10000000000000001,0.10000000000000001,0,0,1414,0,1,1,1,1,1
windows_msvc_cpu,cpu,32,isolated,1,1,0,0,1,9,0.02154405450712599,-0.24609478445682886,0.0021544054507126181,-0.024609478445680972,0.019389649056413372,-0.22148530601114788,0.020097314892916236,-0.22173128933226111,0.099999999999992276,1262.799999999947,1136.5200000000161,1260,12628,11368,12628,0.099999999999995801,0.10000000000000001,0.10000000000000001,0,0,1260,0,1,1,1,1,1
windows_msvc_cpu,cpu,32,isolated,1,1,0,0,1,10,0.020097314892916236,-0.22173128933226111,0.0020097314892916617,-0.022173128933224796,0.018087583403624576,-0.19955816039903632,0.01885424894692481,-0.20120858728456914,0.099999999999994121,1136.8000000000616,1023.1200000001181,1057,11368,10311,11368,0.10000000000000542,0.10000000000000001,0.10000000000000001,0,0,1057,0,1,1,1,1,1
windows_msvc_cpu,cpu,32,isolated,1,1,0,0,1,11,0.01885424894692481,-0.20120858728456914,0.0018854248946924797,-0.020120858728455784,0.01696882405223233,-0.18108772855611335,0.016416218296255173,-0.18037059265267744,0.099999999999994413,1031.1000000001577,927.99000000008448,1072,10311,9239,10311,0.1000000000000153,0.10000000000000001,0.10000000000000001,0,0,1072,0,1,1,1,1,1
windows_msvc_cpu,cpu,32,isolated,1,1,0,0,1,12,0.016416218296255173,-0.18037059265267744,0.0016416218296255111,-0.018037059265266844,0.014774596466629661,-0.16233353338741058,0.014029876829612715,-0.16104106469690477,0.099999999999995065,923.90000000014152,831.51000000005035,972,9239,8267,9239,0.10000000000001531,0.10000000000000001,0.10000000000000001,0,0,972,0,1,1,1,1,1
windows_msvc_cpu,cpu,32,isolated,1,1,0,0,1,13,0.014029876829612715,-0.16104106469690477,0.0014029876829612818,-0.016104106469689749,0.012626889146651433,-0.14493695822721503,0.012163007579205975,-0.14511021394020804,0.099999999999995523,826.70000000011942,744.03000000001941,825,8267,7442,8267,0.10000000000001444,0.10000000000000001,0.10000000000000001,0,0,825,0,1,1,1,1,1
windows_msvc_cpu,cpu,32,isolated,1,1,0,0,1,14,0.012163007579205975,-0.14511021394020804,0.001216300757920595,-0.014511021394019956,0.01094670682128538,-0.13059919254618807,0.010997361799424916,-0.13104553935232066,0.099999999999994177,744.20000000010066,669.77999999999315,731,7442,6711,7442,0.10000000000001352,0.10000000000000001,0.10000000000000001,0,0,731,0,1,1,1,1,1
windows_msvc_cpu,cpu,32,isolated,1,1,0,0,1,15,0.010997361799424916,-0.13104553935232066,0.0010997361799425097,-0.013104553935231317,0.0098976256194824065,-0.11794098541708935,0.010096088643727984,-0.1172326970223037,0.099999999999994343,671.10000000008404,603.98999999996988,707,6711,6004,6711,0.10000000000001252,0.10000000000000001,0.10000000000000001,0,0,707,0,1,1,1,1,1
windows_msvc_cpu,cpu,32,isolated,1,1,0,0,1,16,0.010096088643727984,-0.1172326970223037,0.0010096088643728126,-0.011723269702229477,0.0090864797793551704,-0.10550942732007422,0.0089987242521574039,-0.10529099592526686,0.099999999999992456,600.40000000006796,540.35999999994738,611,6004,5393,6004,0.10000000000001132,0.10000000000000001,0.10000000000000001,0,0,611,0,1,1,1,1,1
windows_msvc_cpu,cpu,32,isolated,1,1,0,0,1,17,0.0089987242521574039,-0.10529099592526686,0.00089987242521575228,-0.010529099592526082,0.0080988518269416512,-0.094761896332740778,0.0071189893862403514,-0.094272381254874207,0.099999999999994316,539.30000000005407,485.3699999999447,565,5393,4828,5393,0.10000000000001003,0.10000000000000001,0.10000000000000001,0,0,565,0,1,1,1,1,1
windows_msvc_cpu,cpu,32,isolated,1,1,0,0,1,18,0.0071189893862403514,-0.094272381254874207,0.00071189893862404305,-0.0094272381254868233,0.0064070904476163084,-0.084845143129387388,0.0062608967473664675,-0.084592399232455068,0.099999999999993719,482.80000000004128,434.51999999995883,490,4828,4338,4828,0.10000000000000855,0.10000000000000001,0.10000000000000001,0,0,490,0,1,1,1,1,1
windows_msvc_cpu,cpu,32,isolated,1,1,0,0,1,19,0.0062608967473664675,-0.084592399232455068,0.00062608967473665807,-0.0084592399232450675,0.0056348070726298096,-0.076133159309209997,0.0057277597140844346,-0.07597183202018859,0.099999999999994843,433.80000000003014,390.41999999997108,443,4338,3895,4338,0.10000000000000694,0.10000000000000001,0.10000000000000001,0,0,443,0,1,1,1,1,1
windows_msvc_cpu,cpu,32,isolated,1,1,0,0,1,20,0.0057277597140844346,-0.07597183202018859,0.00057277597140845073,-0.0075971832020185898,0.0051549837426759842,-0.06837464881817,0.0053510723563217838,-0.067900015069053271,0.099999999999996494,389.50000000002007,350.54999999998216,411,3895,3484,3895,0.10000000000000515,0.10000000000000001,0.10000000000000001,0,0,411,0,1,1,1,1,1
windows_msvc_cpu,cpu,32,isolated,1,1,0,0,1,21,0.0053510723563217838,-0.067900015069053271,0.00053510723563217864,-0.006790001506905125,0.0048159651206896052,-0.061110013562148145,0.0041527453629634139,-0.061305349465157935,0.099999999999997036,348.40000000001072,313.55999999999244,339,3484,3145,3484,0.10000000000000307,0.10000000000000001,0.10000000000000001,0,0,339,0,1,1,1,1,1
windows_msvc_cpu,cpu,32,isolated,1,1,0,0,1,22,0.0041527453629634139,-0.061305349465157935,0.00041527453629633442,-0.006130534946515818,0.0037374708266670795,-0.055174814518642118,0.0040404609306541241,-0.055468718894945097,0.10000000000000039,314.50000000000301,283.05000000000092,294,3145,2851,3145,0.10000000000000096,0.10000000000000001,0.10000000000000001,0,0,294,0,1,1,1,1,1
windows_msvc_cpu,cpu,32,isolated,1,1,0,0,1,23,0.0040404609306541241,-0.055468718894945097,0.00040404609306540518,-0.0055468718894945614,0.003636414837588719,-0.049921847005450534,0.0032284763310763145,-0.049368946202469843,0.10000000000000092,285.09999999999633,256.59000000000827,305,2851,2546,2851,0.099999999999998715,0.10000000000000001,0.10000000000000001,0,0,305,0,1,1,1,1,1
windows_msvc_cpu,cpu,32,isolated,1,1,0,0,1,24,0.0032284763310763145,-0.049368946202469843,0.00032284763310762527,-0.0049368946202469691,0.0029056286979686893,-0.044432051582222874,0.0031028656603757023,-0.044166146014857674,0.099999999999999672,254.59999999998982,229.1400000000074,266,2546,2280,2546,0.099999999999995995,0.10000000000000001,0.10000000000000001,0,0,266,0,1,1,1,1,1
windows_msvc_cpu,cpu,32,isolated,1,1,0,0,1,25,0.0031028656603757023,-0.044166146014857674,0.00031028656603756589,-0.0044166146014857988,0.0027925790943381362,-0.039749531413371876,0.0027457717967658128,-0.039973578226853781,0.10000000000000071,227.99999999999133,205.2000000000065,224,2280,2056,2280,0.099999999999996203,0.10000000000000001,0.10000000000000001,0,0,224,0,1,1,1,1,1
windows_msvc_cpu,cpu,32,isolated,1,1,0,0,1,26,0.0027457717967658128,-0.039973578226853781,0.00027457717967657648,-0.0039973578226854302,0.0024711946170892364,-0.035976220404168355,0.0021738830757148716,-0.03586729633587904,0.1000000000000013,205.5999999999926,185.04000000000573,205,2056,1851,2056,0.099999999999996397,0.10000000000000001,0.10000000000000001,0,0,205,0,1,1,1,1,1
windows_msvc_cpu,cpu,32,isolated,1,1,0,0,1,27,0.0021738830757148716,-0.03586729633587904,0.00021738830757148572,-0.0035867296335879715,0.0019564947681433857,-0.032280566702291069,0.0019842037197634987,-0.032344539690778364,0.10000000000000188,185.09999999999377,166.59000000000503,179,1851,1672,1851,0.099999999999996633,0.10000000000000001,0.10000000000000001,0,0,179,0,1,1,1,1,1
windows_msvc_cpu,cpu,32,isolated,1,1,0,0,1,28,0.0019842037197634987,-0.032344539690778364,0.00019842037197634885,-0.0032344539690778783,0.0017857833477871498,-0.029110085721700485,0.0020540712301936877,-0.028667464959865392,0.10000000000000128,167.19999999999479,150.48000000000442,182,1672,1490,1672,0.099999999999996883,0.10000000000000001,0.10000000000000001,0,0,182,0,1,1,1,1,1
windows_msvc_cpu,cpu,32,isolated,1,1,0,0,1,29,0.0020540712301936877,-0.028667464959865392,0.00020540712301936827,-0.0028667464959865638,0.0018486641071743194,-0.025800718463878828,0.001605744853136856,-0.025497223793330519,0.10000000000000084,148.99999999999582,134.1000000000038,164,1490,1326,1490,0.099999999999997202,0.10000000000000001,0.10000000000000001,0,0,164,0,1,1,1,1,1
windows_msvc_cpu,cpu,32,isolated,1,1,0,0,1,30,0.001605744853136856,-0.025497223793330519,0.00016057448531368336,-0.0025497223793330918,0.0014451703678231725,-0.022947501413997429,0.0012175823816672341,-0.023003813007451676,0.10000000000000153,132.59999999999675,119.34000000000326,127,1326,1199,1326,0.099999999999997549,0.10000000000000001,0.10000000000000001,0,0,127,0,1,1,1,1,1
windows_msvc_cpu,cpu,32,isolated,1,1,0,0,1,31,0.0012175823816672341,-0.023003813007451676,0.00012175823816671994,-0.0023003813007451985,0.0010958241435005142,-0.020703431706706479,0.0012350005193036196,-0.020467379199308095,0.10000000000000131,119.89999999999746,107.91000000000282,126,1199,1073,1199,0.099999999999997882,0.10000000000000001,0.10000000000000001,0,0,126,0,1,1,1,1,1
windows_msvc_cpu,cpu,32,coupled,1,1,0,0,1,0,0.0625,-0.63457314922559527,0.0061954043502147355,-0.062902995987874022,0.056304595649785266,-0.5716701532377213,0.055967985977364063,-0.57139541705096986,0.099126469603445982,3135.2000853783129,2832.2647853064846,3157,32768,29611,32768,0.095678713543039334,0.070982009395745213,0.10000000000000001,0.012770366987580484,0.087568230771977076,3157,0,1,1,1,1,1
windows_msvc_cpu,cpu,32,coupled,1,1,0,0,1,1,0.055967985977364063,-0.57139541705096986,0.0051560973112322753,-0.05280709971273604,0.050811888666131788,-0.51858831733823385,0.051585516475055646,-0.51748556063265816,0.092415012164874757,2444.5189859455163,2223.4785764293847,2506,29611,27105,29611,0.082554421868410943,0.016991968737970611,0.10000000000000001,0.073474813203113651,0.45284126746434444,2506,0,1,1,1,1,1
windows_msvc_cpu,cpu,32,coupled,1,1,0,0,1,2,0.051585516475055646,-0.51748556063265816,0.0043100642126074722,-0.04327752514085504,0.04727545226244817,-0.47420803549180313,0.047015293966302593,-0.47434439832353342,0.083629628268227257,1886.6540509354047,1726.7498620471072,1903,27105,25202,27105,0.069605388339251228,0.0013566328682308544,0.099986777736492727,0.19197940757395776,1.0986569694076755,1903,0,1,1,1,1,1
windows_msvc_cpu,cpu,32,coupled,1,1,0,0,1,3,0.047015293966302593,-0.47434439832353342,0.003636576679849251,-0.036346807575087119,0.043378717286453344,-0.4379975907484463,0.042838202766466479,-0.43648265538712322,0.076632392336763167,1508.5662631138912,1385.6952430938779,1577,25202,23625,25202,0.059858989886274548,4.4331211505406132e-05,0.09872275292562345,0.37315217620718372,1.9727130205110173,1577,0,1,1,1,1,1
windows_msvc_cpu,cpu,32,coupled,1,1,0,0,1,4,0.042838202766466479,-0.43648265538712322,0.0030090209851328857,-0.030530427383679622,0.039829181781333593,-0.4059522280034436,0.039824426466032348,-0.40715900907572938,0.069949299575131463,1217.2536538365159,1121.6266980277478,1171,23625,22454,23625,0.051523964183556231,8.8468055452599418e-07,0.096209159582555964,0.63676685863926863,2.9727637378561003,1171,0,1,1,1,1,1
windows_msvc_cpu,cpu,32,coupled,1,1,0,0,1,5,0.039824426466032348,-0.40715900907572938,0.0025603604312404967,-0.02605529496741725,0.037264066034791848,-0.38110371410831212,0.036559775415506229,-0.38276134585817484,0.063995749243346306,1002.1295860171496,924.37834581133097,947,22454,21507,22454,0.044630336956317337,1.3051155351000092e-08,0.096248242278636764,0.98739126295637236,4.0500068041365287,947,0,1,1,1,1,1
windows_msvc_cpu,cpu,32,coupled,1,1,0,0,1,6,0.036559775415506229,-0.38276134585817484,0.0020550580998116006,-0.021368933863044424,0.034504717315694627,-0.36139241199513039,0.034653320095502371,-0.36259093265884329,0.055831807264620177,795.39931451657651,736.27253293754745,751,21507,20756,21507,0.036983275887691285,6.5883321124773856e-11,0.094242758158626636,1.4479088197430805,5.4012384815782521,751,0,1,1,1,1,1
windows_msvc_cpu,cpu,32,coupled,1,1,0,0,1,7,0.034653320095502371,-0.36259093265884329,0.0016878857359287906,-0.017247238109486633,0.032965434359573581,-0.34534369454935665,0.032924124027697899,-0.34490458956302761,0.04757698427220116,623.68749381480279,578.99793681926712,636,20756,20120,20756,0.030048539883156811,3.2495601765144319e-13,0.092289067077467937,2.0109877981492978,6.7583986242225542,636,0,1,1,1,1,1
windows_msvc_cpu,cpu,32,coupled,1,1,0,0,1,8,0.032924124027697899,-0.34490458956302761,0.0013448521549617931,-0.013643898120252955,0.031579271872736105,-0.33126069144277465,0.031481757815757336,-0.33123660992710491,0.039570106389409748,481.91903773242581,448.58370720663777,483,20120,19637,20120,0.023952238455885975,1.2410656891291564e-15,0.09350865599374103,2.6763304488576845,8.1809055742485324,483,0,1,1,1,1,1
windows_msvc_cpu,cpu,32,coupled,1,1,0,0,1,9,0.031481757815757336,-0.33123660992710491,0.0010024520312478422,-0.010504215801098955,0.030479305784509494,-0.32073239412600596,0.030621278345853715,-0.32179195293864143,0.031713287573485925,363.65814545127097,339.50127018821178,326,19637,19311,19637,0.018519027623938023,3.2361765713499525e-18,0.091681615297861799,3.4327882206075762,9.7009117280732458,326,0,1,1,1,1,1
windows_msvc_cpu,cpu,32,coupled,1,1,0,0,1,10,0.030621278345853715,-0.32179195293864143,0.00073707743395873195,-0.0077346302701172759,0.029884200911894983,-0.31405732266852415,0.030036112890785744,-0.31452661454143555,0.02403643169826291,263.53815902973469,247.02279749438819,248,19311,19063,19311,0.013647048782027585,1.2348250822217994e-20,0.090082173193766144,4.2689113570024873,11.123652201878835,248,0,1,1,1,1,1
windows_msvc_cpu,cpu,32,coupled,1,1,0,0,1,11,0.030036112890785744,-0.31452661454143555,0.00050442615579188643,-0.0052176385529027732,0.029531686734993859,-0.3093089759885328,0.029574668538821264,-0.3094787537252538,0.01659071559833188,175.63517034282074,165.78190606695009,170,19063,18893,19063,0.0092134066171547374,4.015865549989888e-23,0.087021655435016776,5.1904793115572021,12.587219834354986,170,0,1,1,1,1,1
windows_msvc_cpu,cpu,32,coupled,1,1,0,0,1,12,0.029574668538821264,-0.3094787537252538,0.00031199364543526463,-0.0031766518426098907,0.029262674893386,-0.3063021018826439,0.029267136134041066,-0.30641970552288611,0.010267100792035752,106.03102538911004,100.98888967314444,102,18893,18791,18893,0.0056121857507600717,1.3753594972016346e-25,0.080985221937788995,6.1750728096569807,14.037572466965887,102,0,1,1,1,1,1
windows_msvc_cpu,cpu,32,coupled,1,1,0,0,1,13,0.029267136134041066,-0.30641970552288611,0.00016629642512913642,-0.0017152513881704811,0.029100839708911929,-0.30470445413471564,0.02910089057150686,-0.30494423627375561,0.0055984810353853854,56.935583072307956,54.934694553510589,49,18791,18742,18791,0.003029938963988503,7.1410934176733636e-29,0.059829015433892622,7.2064544466479212,15.969905799672004,49,0,1,1,1,1,1
windows_msvc_cpu,cpu,32,coupled,1,1,0,0,1,14,0.02910089057150686,-0.30494423627375561,8.2373041750799912e-05,-0.00086796766776460628,0.029018517529756059,-0.30407626860599102,0.029017767790239773,-0.30400755100467136,0.0028461742152195392,28.740546543768673,28.133365944915973,31,18742,18711,18742,0.0015334834352667096,7.8411580921076398e-32,0.047115600111723152,8.2625882139074776,17.710887238225624,31,0,1,1,1,1,1
windows_msvc_cpu,cpu,32,coupled,1,1,0,0,1,15,0.029017767790239773,-0.30400755100467136,4.4493884521404596e-05,-0.00047357094605370248,0.028973273905718369,-0.30353398005861765,0.028982045685378391,-0.30352278807491001,0.0015575399207376859,15.669151747138892,15.472471031695317,16,18711,18695,18711,0.00083742994747148158,1.6795110138590217e-34,0.03455999608378086,9.3328902136746308,19.281153975195089,16,0,1,1,1,1,1
windows_msvc_cpu,cpu,32,coupled,1,1,0,0,1,16,0.028982045685378391,-0.30352278807491001,3.5192417368393167e-05,-0.00037200639368646806,0.028946853268009998,-0.30315078168122356,0.028940369896373448,-0.30322171700060513,0.001225526695238497,12.307145555856446,12.18330066328847,10,18695,18685,18695,0.00065831214527180769,2.2366311059916674e-37,0.022956688995207124,10.389202277202179,20.972838914588138,10,0,1,1,1,1,1
windows_msvc_cpu,cpu,32,coupled,1,1,0,0,1,17,0.028940369896373448,-0.30322171700060513,4.3874936605333757e-05,-0.00046039210808119342,0.028896494959768114,-0.30276132489252394,0.028892740423224938,-0.30270760926613172,0.0015183142154624176,15.231569762640468,15.043411018944349,17,18685,18668,18685,0.00081517633195828034,1.3421235532929756e-40,0.025981553899169525,11.405420774628251,22.868198315601717,17,0,1,1,1,1,1
windows_msvc_cpu,cpu,32,coupled,1,1,0,0,1,18,0.028892740423224938,-0.30270760926613172,6.6429572670927481e-05,-0.00069435253054237378,0.02882631085055401,-0.30201325673558932,0.028809388845215077,-0.30204443196127201,0.0022938545051186371,22.973440970436823,22.551498542097967,22,18668,18646,18668,0.0012306321496912804,3.5484963428169294e-43,0.031670648152146985,12.367897683134169,24.384666233688311,22,0,1,1,1,1,1
windows_msvc_cpu,cpu,32,coupled,1,1,0,0,1,19,0.028809388845215077,-0.30204443196127201,9.4510005838265962e-05,-0.00098907405757171123,0.02871487883937681,-0.3010553579037003,0.028672682906655891,-0.30068695085220765,0.0032746513464273455,32.728367234226383,31.876338288309153,45,18646,18601,18646,0.0017552486986070141,8.0702766324589265e-46,0.043896607341023297,13.252009365923456,25.939613022291567,45,0,1,1,1,1,1
windows_msvc_cpu,cpu,32,coupled,1,1,0,0,1,20,0.028672682906655891,-0.30068695085220765,0.00010840476543663916,-0.0011413854770043067,0.02856427814121925,-0.29954556537520333,0.028601238696933127,-0.29962587225830906,0.003795789616963838,37.777455339932075,36.624693513747431,35,18601,18566,18601,0.0020309367958675382,5.8224261413155427e-49,0.051992606407940761,14.051737272293298,27.787898831324974,35,0,1,1,1,1,1
windows_msvc_cpu,cpu,32,coupled,1,1,0,0,1,21,0.028601238696933127,-0.29962587225830906,0.00010291634826247724,-0.0010799884680010895,0.028498322348670651,-0.29854588379030794,0.028488576291691024,-0.298510163692907,0.0036044012196017614,35.767818179741141,34.730391757443073,37,18566,18529,18566,0.0019265225778165001,1.3966035880651137e-51,0.049306855635755598,14.714266765865773,29.329241311471876,37,0,1,1,1,1,1
windows_msvc_cpu,cpu,32,coupled,1,1,0,0,1,22,0.028488576291691024,-0.298510163692907,9.230567454128793e-05,-0.00097196171008547873,0.028396270617149735,-0.29753820198282155,0.028375685089706105,-0.29745434004485427,0.0032558983240638787,32.214671729678109,31.375659167311738,35,18529,18494,18529,0.0017386082211494473,1.3107958323156599e-54,0.049938376389195384,15.213534867281025,31.110316947883497,35,0,1,1,1,1,1
windows_msvc_cpu,cpu,32,coupled,1,1,0,0,1,23,0.028375685089706105,-0.29745434004485427,9.239509906567454e-05,-0.00097669529505199182,0.02828328999064043,-0.29647764474980226,0.028316605841756045,-0.29679111767096955,0.0032832664547234988,32.384127733323567,31.533660282956394,22,18494,18472,18494,0.0017510613027643326,8.8224845022876458e-57,0.048906805992368033,15.515780894176338,32.38805373445598,22,0,1,1,1,1,1
windows_msvc_cpu,cpu,32,coupled,1,1,0,0,1,24,0.028316605841756045,-0.29679111767096955,0.00010476804032215543,-0.0010964279509362818,0.028211837801433888,-0.29569468972003327,0.028239207947889717,-0.29579166062002765,0.0036943253759041386,36.355254651434436,35.273646685281108,33,18472,18439,18472,0.0019681276879295385,2.6527977125394503e-58,0.051468715818230037,15.582506925472174,33.283367139616168,33,0,1,1,1,1,1
windows_msvc_cpu,cpu,32,coupled,1,1,0,0,1,25,0.028239207947889717,-0.29579166062002765,0.00011901023367480771,-0.0012305317456883973,0.028120197714214909,-0.29456112887433927,0.028072733588612741,-0.29443593867108281,0.0041606197781398156,40.806849719415659,39.415523563091909,45,18439,18394,18439,0.002213072819535531,1.3642579253924474e-59,0.058176520274646371,15.406476971656854,34.041562024891533,45,0,1,1,1,1,1
windows_msvc_cpu,cpu,32,coupled,1,1,0,0,1,26,0.028072733588612741,-0.29443593867108281,0.00012365699918173893,-0.0012926965211674201,0.027949076589431,-0.29314324214991538,0.027995564491489214,-0.29310545681990485,0.004390547185027991,42.886796543314404,41.334098772221964,44,18394,18350,18394,0.002331564452719061,4.6215831900665237e-59,0.059868415145241341,14.958864815634492,33.729829595044897,44,0,1,1,1,1,1
windows_msvc_cpu,cpu,32,coupled,1,1,0,0,1,27,0.027995564491489214,-0.29310545681990485,0.00012136438443813539,-0.0012670566671756866,0.027874200107051078,-0.29183840015272916,0.027853820055757643,-0.29169447344372518,0.0043229804241532582,42.087109985147322,40.617454976525693,47,18350,18303,18350,0.0022935754760298266,6.3464870311616852e-57,0.061125324191550826,14.218738680905608,32.47221328329406,47,0,1,1,1,1,1
windows_msvc_cpu,cpu,32,coupled,1,1,0,0,1,28,0.027853820055757643,-0.29169447344372518,0.00011716710962704755,-0.0012305156013249466,0.027736652946130595,-0.29046395784240026,0.027741157650515512,-0.2906104552298609,0.004218399948951396,40.929084409631905,39.582921043049986,36,18303,18267,18303,0.0022361954001875049,4.0108031891488594e-53,0.065079204227697515,13.212320070228856,30.2362940970567,36,0,1,1,1,1,1
windows_msvc_cpu,cpu,32,coupled,1,1,0,0,1,29,0.027741157650515512,-0.2906104552298609,0.00011959525830466453,-0.0012575935415936495,0.027621562392210846,-0.28935286168826724,0.027658034869248425,-0.28958456277322697,0.0043272729005617199,41.860400805461964,40.461473725131299,34,18267,18233,18267,0.0022915859640587925,3.0125998371301942e-47,0.059517812418800997,11.992295541592002,26.779662421868522,34,0,1,1,1,1,1
windows_msvc_cpu,cpu,32,coupled,1,1,0,0,1,30,0.027658034869248425,-0.28958456277322697,0.00012801214882806786,-0.0013316021609546991,0.027530022720420357,-0.28825296061227229,0.027522921715358212,-0.28866350800059537,0.004598590697848212,44.334360006705658,42.727163237529304,31,18233,18202,18233,0.0024315450011904599,1.4132185785885764e-40,0.067173897911045194,10.649665354635305,22.855010673843292,31,0,1,1,1,1,1
windows_msvc_cpu,cpu,32,coupled,1,1,0,0,1,31,0.027522921715358212,-0.28866350800059537,0.0001367205105364937,-0.0014233628504148048,0.027386201204821718,-0.28724014515018059,0.02738712217123964,-0.28698540017641588,0.0049312022524883549,47.411718003758494,45.5754553212575,56,18202,18146,18202,0.0026047532141390229,6.934260248269807e-34,0.066113338372742345,9.2632576519398757,18.918873759854165,56,0,1,1,1,1,1
windows_msvc_cpu,cpu,32,isolated,2,1,0,0,1,0,0.0625,-0.63457314922559527,0.0062499999999997766,-0.063457314922570437,0.056250000000000223,-0.57111583430302482,0.055320559836631006,-0.57153746542656414,0.10000000000001699,3276.7999999981153,2949.1200000006443,3301,32768,29467,32768,0.099999999999942482,0.10000000000000001,0.10000000000000001,0,0,3301,0,1,1,1,1,1
windows_msvc_cpu,cpu,32,isolated,2,1,0,0,1,1,0.055320559836631006,-0.57153746542656414,0.0055320559836628778,-0.057153746542665536,0.049788503852968125,-0.51438371888389856,0.052779870209302013,-0.51261714921651247,0.10000000000001577,2946.6999999984155,2652.0300000001639,3019,29467,26448,29467,0.099999999999946229,0.10000000000000001,0.10000000000000001,0,0,3019,0,1,1,1,1,1
windows_msvc_cpu,cpu,32,isolated,2,1,0,0,1,2,0.052779870209302013,-0.51261714921651247,0.0052779870209299553,-0.051261714921646932,0.047501883188372056,-0.46135543429486553,0.047037897781155219,-0.46114494700541975,0.099999999999991623,2644.7999999986901,2380.3199999997246,2648,26448,23800,26448,0.099999999999950476,0.10000000000000001,0.10000000000000001,0,0,2648,0,1,1,1,1,1
windows_msvc_cpu,cpu,32,isolated,2,1,0,0,1,3,0.047037897781155219,-0.46114494700541975,0.0047037897781153958,-0.046114494700543074,0.042334108003039821,-0.41503045230487667,0.042608914933963016,-0.41534267437069899,0.10000000000000234,2379.9999999989309,2141.9999999993393,2364,23800,21436,23800,0.099999999999955083,0.10000000000000001,0.10000000000000001,0,0,2364,0,1,1,1,1,1
windows_msvc_cpu,cpu,32,isolated,2,1,0,0,1,4,0.042608914933963016,-0.41534267437069899,0.0042608914933962069,-0.041534267437074217,0.038348023440566807,-0.37380840693362477,0.037735821176044071,-0.37304062013465766,0.10000000000001025,2143.5999999991459,1929.2399999992952,2179,21436,19257,21436,0.099999999999960162,0.10000000000000001,0.10000000000000001,0,0,2179,0,1,1,1,1,1
windows_msvc_cpu,cpu,32,isolated,2,1,0,0,1,5,0.037735821176044071,-0.37304062013465766,0.003773582117604314,-0.037304062013471584,0.033962239058439758,-0.33573655812118608,0.034874505933422839,-0.33527974450309134,0.10000000000001542,1925.6999999993441,1733.1299999994735,1953,19257,17304,19257,0.099999999999965936,0.10000000000000001,0.10000000000000001,0,0,1953,0,1,1,1,1,1
windows_msvc_cpu,cpu,32,isolated,2,1,0,0,1,6,0.034874505933422839,-0.33527974450309134,0.0034874505933422542,-0.03352797445030907,0.031387055340080586,-0.30175177005278225,0.030243078106879463,-0.30123275438283426,0.099999999999999811,1730.3999999995217,1557.3599999996334,1791,17304,15513,17304,0.099999999999972361,0.10000000000000001,0.10000000000000001,0,0,1791,0,1,1,1,1,1
windows_msvc_cpu,cpu,32,isolated,2,1,0,0,1,7,0.030243078106879463,-0.30123275438283426,0.0030243078106879334,-0.030123275438279432,0.027218770296191529,-0.27110947894455484,0.027345384199025335,-0.27077109635529306,0.099999999999986863,1551.2999999996846,1396.16999999978,1594,15513,13919,15513,0.099999999999979675,0.10000000000000001,0.10000000000000001,0,0,1594,0,1,1,1,1,1
windows_msvc_cpu,cpu,32,isolated,2,1,0,0,1,8,0.027345384199025335,-0.27077109635529306,0.0027345384199025415,-0.027077109635526508,0.024610845779122793,-0.24369398671976655,0.023599151507250761,-0.24357221248402114,0.099999999999989778,1391.8999999998296,1252.7099999999105,1412,13919,12507,13919,0.099999999999987751,0.10000000000000001,0.10000000000000001,0,0,1412,0,1,1,1,1,1
windows_msvc_cpu,cpu,32,isolated,2,1,0,0,1,9,0.023599151507250761,-0.24357221248402114,0.0023599151507250546,-0.024357221248400243,0.021239236356525706,-0.21921499123562088,0.021662992694595543,-0.21901348162244308,0.099999999999992401,1250.699999999958,1125.630000000026,1243,12507,11264,12507,0.099999999999996647,0.10000000000000001,0.10000000000000001,0,0,1243,0,1,1,1,1,1
windows_msvc_cpu,cpu,32,isolated,2,1,0,0,1,10,0.021662992694595543,-0.21901348162244308,0.0021662992694595645,-0.021901348162242856,0.019496693425135977,-0.19711213346020023,0.019221818115636162,-0.19827297782606809,0.099999999999993441,1126.400000000071,1013.7600000001148,1070,11264,10194,11264,0.10000000000000631,0.10000000000000001,0.10000000000000001,0,0,1070,0,1,1,1,1,1
windows_msvc_cpu,cpu,32,isolated,2,1,0,0,1,11,0.019221818115636162,-0.19827297782606809,0.0019221818115636375,-0.019827297782605662,0.017299636304072524,-0.17844568004346242,0.017316292625634683,-0.17847590772115451,0.099999999999994288,1019.4000000001632,917.46000000008075,1008,10194,9186,10194,0.10000000000001601,0.10000000000000001,0.10000000000000001,0,0,1008,0,1,1,1,1,1
windows_msvc_cpu,cpu,32,isolated,2,1,0,0,1,12,0.017316292625634683,-0.17847590772115451,0.0017316292625634683,-0.017847590772114581,0.015584663363071216,-0.16062831694903992,0.016103333312635568,-0.16025915543280073,0.099999999999995176,918.60000000014031,826.74000000004867,941,9186,8245,9186,0.10000000000001527,0.10000000000000001,0.10000000000000001,0,0,941,0,1,1,1,1,1
windows_msvc_cpu,cpu,32,isolated,2,1,0,0,1,13,0.016103333312635568,-0.16025915543280073,0.001610333331263567,-0.016025915543279298,0.014492999981372,-0.14423323988952141,0.01498570479658164,-0.14374935971433425,0.099999999999995232,824.50000000011892,742.05000000001871,834,8245,7411,8245,0.10000000000001442,0.10000000000000001,0.10000000000000001,0,0,834,0,1,1,1,1,1
windows_msvc_cpu,cpu,32,isolated,2,1,0,0,1,14,0.01498570479658164,-0.14374935971433425,0.0014985704796581685,-0.014374935971432509,0.013487134316923471,-0.12937442374290176,0.013551354803661281,-0.12922389476087986,0.099999999999993719,741.10000000009995,666.98999999999216,733,7411,6678,7411,0.10000000000001348,0.10000000000000001,0.10000000000000001,0,0,733,0,1,1,1,1,1
windows_msvc_cpu,cpu,32,isolated,2,1,0,0,1,15,0.013551354803661281,-0.12922389476087986,0.0013551354803661439,-0.012922389476086983,0.012196219323295138,-0.11630150528479288,0.012517457611071224,-0.11579050614604458,0.099999999999992331,667.80000000008329,601.01999999996883,707,6678,5971,6678,0.10000000000001247,0.10000000000000001,0.10000000000000001,0,0,707,0,1,1,1,1,1
windows_msvc_cpu,cpu,32,isolated,2,1,0,0,1,16,0.012517457611071224,-0.11579050614604458,0.0012517457611071195,-0.011579050614603585,0.011265711849964104,-0.104211455531441,0.011421156021864207,-0.10418092397035877,0.099999999999992553,597.10000000006721,537.38999999994633,588,5971,5383,5971,0.10000000000001126,0.10000000000000001,0.10000000000000001,0,0,588,0,1,1,1,1,1
windows_msvc_cpu,cpu,32,isolated,2,1,0,0,1,17,0.011421156021864207,-0.10418092397035877,0.0011421156021864218,-0.010418092397035275,0.010279040419677785,-0.093762831573323505,0.010266201252140989,-0.093204541887062509,0.099999999999994288,538.30000000005384,484.46999999994495,544,5383,4839,5383,0.10000000000001,0.10000000000000001,0.10000000000000001,0,0,544,0,1,1,1,1,1
windows_msvc_cpu,cpu,32,isolated,2,1,0,0,1,18,0.010266201252140989,-0.093204541887062509,0.0010266201252141032,-0.009320454188705668,0.0092395811269268859,-0.083884087698356841,0.0094923459938926202,-0.083781410157642205,0.09999999999999383,483.90000000004153,435.50999999995855,487,4839,4352,4839,0.10000000000000858,0.10000000000000001,0.10000000000000001,0,0,487,0,1,1,1,1,1
windows_msvc_cpu,cpu,32,isolated,2,1,0,0,1,19,0.0094923459938926202,-0.083781410157642205,0.00094923459938926606,-0.0083781410157637709,0.0085431113945033544,-0.075403269141878435,0.0081888300337868893,-0.074794878968070785,0.099999999999994704,435.20000000003046,391.67999999997073,477,4352,3875,4352,0.100000000000007,0.10000000000000001,0.10000000000000001,0,0,477,0,1,1,1,1,1
windows_msvc_cpu,cpu,32,isolated,2,1,0,0,1,20,0.0081888300337868893,-0.074794878968070785,0.00081888300337869659,-0.0074794878968067737,0.0073699470304081924,-0.067315391071264011,0.0075596818891188978,-0.066450623620677635,0.099999999999995967,387.50000000001961,348.74999999998266,410,3875,3465,3875,0.10000000000000506,0.10000000000000001,0.10000000000000001,0,0,410,0,1,1,1,1,1
windows_msvc_cpu,cpu,32,isolated,2,1,0,0,1,21,0.0075596818891188978,-0.066450623620677635,0.0007559681889118949,-0.0066450623620676096,0.0068037137002070029,-0.059805561258610022,0.0072240303153558033,-0.059403636348201498,0.09999999999999773,346.50000000001029,311.84999999999292,366,3465,3099,3465,0.10000000000000298,0.10000000000000001,0.10000000000000001,0,0,366,0,1,1,1,1,1
windows_msvc_cpu,cpu,32,isolated,2,1,0,0,1,22,0.0072240303153558033,-0.059403636348201498,0.0007224030315355908,-0.0059403636348201684,0.0065016272838202124,-0.053463272713381332,0.0066437933031710372,-0.053041599889620095,0.10000000000000034,309.90000000000197,278.91000000000207,313,3099,2786,3099,0.10000000000000063,0.10000000000000001,0.10000000000000001,0,0,313,0,1,1,1,1,1
windows_msvc_cpu,cpu,32,isolated,2,1,0,0,1,23,0.0066437933031710372,-0.053041599889620095,0.00066437933031711295,-0.0053041599889620218,0.0059794139728539244,-0.047737439900658075,0.0061882411567576292,-0.04725225542452087,0.10000000000000026,278.59999999999485,250.74000000000822,308,2786,2478,2786,0.099999999999998146,0.10000000000000001,0.10000000000000001,0,0,308,0,1,1,1,1,1
windows_msvc_cpu,cpu,32,isolated,2,1,0,0,1,24,0.0061882411567576292,-0.04725225542452087,0.0006188241156757728,-0.0047252255424520585,0.0055694170410818568,-0.042527029882068815,0.0059645729278747488,-0.0422380349722285,0.099999999999999437,247.79999999999021,223.02000000000717,269,2478,2209,2478,0.09999999999999605,0.10000000000000001,0.10000000000000001,0,0,269,0,1,1,1,1,1
windows_msvc_cpu,cpu,32,isolated,2,1,0,0,1,25,0.0059645729278747488,-0.0422380349722285,0.00059645729278748241,-0.0042238034972228982,0.0053681156350872663,-0.0380142314750056,0.005034454949785108,-0.038459663489281558,0.10000000000000114,220.89999999999173,198.81000000000626,201,2209,2008,2209,0.099999999999996259,0.10000000000000001,0.10000000000000001,0,0,201,0,1,1,1,1,1
windows_msvc_cpu,cpu,32,isolated,2,1,0,0,1,26,0.005034454949785108,-0.038459663489281558,0.00050344549497851416,-0.0038459663489282254,0.0045310094548065942,-0.034613697140353332,0.0044111833888034651,-0.034754075652643254,0.1000000000000018,200.79999999999288,180.72000000000557,201,2008,1807,2008,0.099999999999996453,0.10000000000000001,0.10000000000000001,0,0,201,0,1,1,1,1,1
windows_msvc_cpu,cpu,32,isolated,2,1,0,0,1,27,0.0044111833888034651,-0.034754075652643254,0.00044111833888034761,-0.0034754075652644032,0.0039700650499231178,-0.03127866808737885,0.0041430617903342295,-0.030894520716544485,0.10000000000000223,180.69999999999402,162.63000000000488,201,1807,1606,1807,0.099999999999996689,0.10000000000000001,0.10000000000000001,0,0,201,0,1,1,1,1,1
windows_msvc_cpu,cpu,32,isolated,2,1,0,0,1,28,0.0041430617903342295,-0.030894520716544485,0.00041430617903342499,-0.0030894520716545056,0.0037287556113008045,-0.02780506864488998,0.003531209722127704,-0.028041895584982938,0.10000000000000182,160.59999999999516,144.5400000000042,161,1606,1445,1606,0.099999999999996994,0.10000000000000001,0.10000000000000001,0,0,161,0,1,1,1,1,1
windows_msvc_cpu,cpu,32,isolated,2,1,0,0,1,29,0.003531209722127704,-0.028041895584982938,0.00035312097221276999,-0.0028041895584983243,0.0031780887499149339,-0.025237706026484612,0.003187022156276044,-0.02560818644417321,0.10000000000000106,144.49999999999608,130.05000000000365,129,1445,1316,1445,0.099999999999997286,0.10000000000000001,0.10000000000000001,0,0,129,0,1,1,1,1,1
windows_msvc_cpu,cpu,32,isolated,2,1,0,0,1,30,0.003187022156276044,-0.02560818644417321,0.00031870221562760282,-0.0025608186444173622,0.0028683199406484413,-0.023047367799755848,0.0026128755453054958,-0.023274866302916985,0.10000000000000156,131.59999999999681,118.44000000000322,119,1316,1197,1316,0.099999999999997577,0.10000000000000001,0.10000000000000001,0,0,119,0,1,1,1,1,1
windows_msvc_cpu,cpu,32,isolated,2,1,0,0,1,31,0.0026128755453054958,-0.023274866302916985,0.00026128755453054851,-0.0023274866302917308,0.0023515879907749474,-0.020947379672625253,0.0022640015873422199,-0.020674692625386393,0.10000000000000138,119.69999999999747,107.73000000000282,129,1197,1068,1197,0.099999999999997882,0.10000000000000001,0.10000000000000001,0,0,129,0,1,1,1,1,1
windows_msvc_cpu,cpu,32,coupled,2,1,0,0,1,0,0.0625,-0.63457314922559527,0.0061954043502147355,-0.062902995987874022,0.056304595649785266,-0.5716701532377213,0.055287961745459441,-0.57220748617387385,0.099126469603445982,3135.2000853783129,2832.2647853064846,3138,32768,29630,32768,0.095678713543039334,0.070982009395745213,0.10000000000000001,0.012770366987580484,0.087568230771977076,3138,0,1,1,1,1,1
windows_msvc_cpu,cpu,32,coupled,2,1,0,0,1,1,0.055287961745459441,-0.57220748617387385,0.0050940592340665359,-0.052951155892957,0.050193902511392906,-0.51925633028091689,0.052095651969183407,-0.51790894033727874,0.092534669780393666,2446.2096059305022,2224.8441310761045,2492,29630,27138,29630,0.082558542218376718,0.016991968737970615,0.10000000000000001,0.073668480327860081,0.45284126746434439,2492,0,1,1,1,1,1
windows_msvc_cpu,cpu,32,coupled,2,1,0,0,1,2,0.052095651969183407,-0.51790894033727874,0.0044387996593779839,-0.043346079841857267,0.047656852309805424,-0.47456286049542146,0.047702521323038607,-0.47449387233025381,0.083709532700844955,1888.4707816336788,1728.377010052779,1883,27138,25255,27138,0.069587691857678491,0.001343837350208497,0.099933906162977384,0.19255939588787582,1.1010781589159022,1883,0,1,1,1,1,1
windows_msvc_cpu,cpu,32,coupled,2,1,0,0,1,3,0.047702521323038607,-0.47449387233025381,0.0037512475822824034,-0.036387363068135913,0.043951273740756205,-0.43810650926211792,0.044649116012286341,-0.43844944286914156,0.076706215048831017,1511.8617016371052,1388.6251668254874,1488,25255,23767,25255,0.059863856726870134,4.3308328906202288e-05,0.098706597604166529,0.37395963330552667,1.9786772242843982,1488,0,1,1,1,1,1
windows_msvc_cpu,cpu,32,coupled,2,1,0,0,1,4,0.044649116012286341,-0.43844944286914156,0.003191532305160393,-0.030774986062382572,0.041457583707125947,-0.40767445680675901,0.040767950251275414,-0.40709137056429606,0.070203739209437371,1229.2149191726862,1132.284263617104,1259,23767,22508,23767,0.051719397449096906,7.9686999917305048e-07,0.097189313430003643,0.63609899276052195,2.9994715970753827,1259,0,1,1,1,1,1
windows_msvc_cpu,cpu,32,coupled,2,1,0,0,1,5,0.040767950251275414,-0.40709137056429606,0.0026391334597169686,-0.026145259974218949,0.038128816791558447,-0.3809461105900771,0.038447806114994598,-0.38005883532692536,0.0642296230833624,1006.4121674138892,927.87125375222479,1039,22508,21469,22508,0.044713531518299682,1.0738173790949871e-08,0.095933494550202433,0.99176609725344667,4.0998460153936467,1039,0,1,1,1,1,1
windows_msvc_cpu,cpu,32,coupled,2,1,0,0,1,6,0.038447806114994598,-0.38005883532692536,0.0021175882363374233,-0.021184757451170037,0.036330217878657173,-0.35887407787575532,0.036221196557339991,-0.35838291070841127,0.055734007215387828,789.51799009123943,730.69445754572394,812,21469,20657,21469,0.036774791098385551,9.3152764878863157e-11,0.094380141873542697,1.4634252201300504,5.3127474824490086,812,0,1,1,1,1,1
windows_msvc_cpu,cpu,32,coupled,2,1,0,0,1,7,0.036221196557339991,-0.35838291070841127,0.0017150345311254327,-0.01697906625472816,0.034506162026214558,-0.3414038444536831,0.034655706277128884,-0.34167008143609379,0.047376603079950709,614.99934348576437,570.94248919346239,605,20657,20052,20657,0.029771958342729554,5.3422640787887683e-13,0.092964164069349361,2.0393756524806319,6.6313859869949896,605,0,1,1,1,1,1
windows_msvc_cpu,cpu,32,coupled,2,1,0,0,1,8,0.034655706277128884,-0.34167008143609379,0.0013522026597787356,-0.013432716844471625,0.033303503617350148,-0.32823736459162217,0.033349038728994085,-0.32786496516746477,0.039311854548569614,475.00283228814897,442.29051048838045,486,20052,19566,20052,0.023688551380817324,1.236907873508183e-15,0.091835707115162882,2.7102955189969942,8.1817629595184442,486,0,1,1,1,1,1
windows_msvc_cpu,cpu,32,coupled,2,1,0,0,1,9,0.033349038728994085,-0.32786496516746477,0.0010651211665638686,-0.010354661081276155,0.032283917562430216,-0.31751030408618863,0.032389011355573469,-0.31775349791993185,0.03158574131642429,359.08325564568565,335.23993283556155,350,19566,19216,19566,0.018352410081042915,3.1790260664682364e-18,0.09144569812249026,3.4745578936007293,9.7054640003957946,350,0,1,1,1,1,1
windows_msvc_cpu,cpu,32,coupled,2,1,0,0,1,10,0.032389011355573469,-0.31775349791993185,0.00080115725642733112,-0.00762823960552026,0.031587854099146134,-0.31012525831441157,0.031629921173961184,-0.31065523607338064,0.024014277176260663,260.39856010759547,244.04166252039352,244,19216,18972,19216,0.013551132395274536,4.670143639931538e-21,0.091364587133289793,4.3219879203566824,11.372073213459487,244,0,1,1,1,1,1
windows_msvc_cpu,cpu,32,coupled,2,1,0,0,1,11,0.031629921173961184,-0.31065523607338064,0.0005381657242205163,-0.0051563845973058636,0.031091755449740667,-0.30549885147607475,0.031045508625667153,-0.30577681062072487,0.016602683859352606,173.81199630585502,164.05481272428489,165,18972,18807,18972,0.0091615009648879937,1.3050425783489846e-23,0.086716922529246954,5.2468443785784826,12.874397081185284,165,0,1,1,1,1,1
windows_msvc_cpu,cpu,32,coupled,2,1,0,0,1,12,0.031045508625667153,-0.30577681062072487,0.00032395672612968733,-0.0031631551776240842,0.030721551899537465,-0.30261365544310076,0.030757201261244222,-0.30251158298855635,0.010345574357894806,105.66320365608838,100.60963757529476,109,18807,18698,18807,0.0056182912562390804,4.8245717976863242e-27,0.078427276315566702,6.2286920670415222,14.893511910674881,109,0,1,1,1,1,1
windows_msvc_cpu,cpu,32,coupled,2,1,0,0,1,13,0.030757201261244222,-0.30251158298855635,0.00017742089191939592,-0.0017163069399682483,0.030579780369324825,-0.30079527604858808,0.030638585171858777,-0.30091169788009925,0.0056744957813819217,57.017748752538907,54.985127995843484,53,18698,18645,18698,0.0030494036128216337,1.3093930911568444e-29,0.059986445726308096,7.2547087115010385,16.403297183359779,53,0,1,1,1,1,1
windows_msvc_cpu,cpu,32,coupled,2,1,0,0,1,14,0.030638585171858777,-0.30091169788009925,9.0943716418487576e-05,-0.00086569520816012779,0.03054764145544029,-0.30004600267193909,0.03051996908247322,-0.29997968117015378,0.0028778452795091419,28.696007963524718,28.078137097966824,31,18645,18614,18645,0.0015390725644153778,2.6100615834240885e-32,0.041816103609547815,8.3010933186322209,17.991931527574508,31,0,1,1,1,1,1
windows_msvc_cpu,cpu,32,coupled,2,1,0,0,1,15,0.03051996908247322,-0.29997968117015378,5.0256285307201748e-05,-0.00047373799079511865,0.030469712797166017,-0.29950594317935864,0.030460432241037682,-0.29940571105284269,0.0015799244721105669,15.693779089386904,15.492049626336499,19,18614,18595,18614,0.0008431169597822555,1.369609180787503e-34,0.026936105566586856,9.3591637818860693,19.333268502945472,19,0,1,1,1,1,1
windows_msvc_cpu,cpu,32,coupled,2,1,0,0,1,16,0.030460432241037682,-0.29940571105284269,3.8954387107821011e-05,-0.00036776102253748314,0.03042147785392986,-0.2990379500303052,0.030442571188607003,-0.29907177685358682,0.0012288211328486808,12.180377794106018,12.055051320854334,11,18595,18584,18595,0.00065503510589438115,4.831528935349848e-37,0.022125514436287481,10.404196182950788,20.776061080904679,11,0,1,1,1,1,1
windows_msvc_cpu,cpu,32,coupled,2,1,0,0,1,17,0.030442571188607003,-0.29907177685358682,4.7754969974239828e-05,-0.00045165451469154802,0.030394816218632763,-0.29862012233889529,0.030365173294740803,-0.29831646042764504,0.0015107876310389279,14.957927005640313,14.768794855698504,25,18584,18559,18584,0.00080488199556824755,2.2866615387304734e-40,0.027022988284795248,11.407688739034215,22.732062085073519,25,0,1,1,1,1,1
windows_msvc_cpu,cpu,32,coupled,2,1,0,0,1,18,0.030365173294740803,-0.29831646042764504,7.1123703893954018e-05,-0.00067806522029260755,0.030294049590846851,-0.29763839520735241,0.030269914348443953,-0.2974713504274476,0.0022736835752572029,22.455165417603592,22.033858280377782,28,18559,18531,18559,0.0012099340167898913,4.075772051861802e-43,0.035576947136252132,12.360603805707836,24.349271352722393,28,0,1,1,1,1,1
windows_msvc_cpu,cpu,32,coupled,2,1,0,0,1,19,0.030269914348443953,-0.2974713504274476,0.00010031248516751166,-0.00096815757112873012,0.030169601863276441,-0.29650319285631888,0.030186562770434286,-0.29683869070071228,0.0032552324125618474,32.062363212659747,31.209939642995362,21,18531,18510,18531,0.0017302014577011357,4.2946772741287197e-46,0.043304187109167148,13.234690043119661,26.100780182747823,21,0,1,1,1,1,1
windows_msvc_cpu,cpu,32,coupled,2,1,0,0,1,20,0.030186562770434286,-0.29683869070071228,0.00011849403827396804,-0.0011471988208796998,0.030068068732160318,-0.29569149187983257,0.030067717884306039,-0.29575410863465373,0.0038653423238690994,38.001981089942269,36.805533123358529,36,18510,18474,18510,0.0020530513824928293,6.6042245748235343e-49,0.055192110855783176,14.003096280865959,27.755708775595632,36,0,1,1,1,1,1
windows_msvc_cpu,cpu,32,coupled,2,1,0,0,1,21,0.030067717884306039,-0.29575410863465373,0.00011187381040212337,-0.0010775070047880704,0.029955844073903917,-0.29467660162986564,0.029942690517291037,-0.29460792756015108,0.0036440454395524611,35.71700309347834,34.659396629924807,38,18474,18436,18474,0.0019333659788610123,1.5361486929579307e-51,0.050525728415094479,14.652542772039133,29.304909505270054,38,0,1,1,1,1,1
windows_msvc_cpu,cpu,32,coupled,2,1,0,0,1,22,0.029942690517291037,-0.29460792756015108,9.9710630901935992e-05,-0.00095635828355311711,0.0298429798863891,-0.29365156927659797,0.02983002811204874,-0.29358377172912387,0.0032470641080213311,31.728371176736431,30.898148264718159,34,18436,18402,18436,0.001721000823212,1.1665574214467937e-53,0.046803529654144992,15.139829755018846,30.551809796438057,34,0,1,1,1,1,1
windows_msvc_cpu,cpu,32,coupled,2,1,0,0,1,23,0.02983002811204874,-0.29358377172912387,0.00010061000456470425,-0.00095552718729253279,0.029729418107484036,-0.29262824454183134,0.029729273075093484,-0.29277206617155904,0.0032559068356449285,31.718638351962312,30.886789093301807,27,18402,18375,18402,0.0017236516874232319,1.4081511280083759e-55,0.046692762361441459,15.429136924245315,31.680304445073869,27,0,1,1,1,1,1
windows_msvc_cpu,cpu,32,coupled,2,1,0,0,1,24,0.029729273075093484,-0.29277206617155904,0.00011334875756746546,-0.0010798100097205805,0.029615924317526018,-0.29169225616183847,0.029592567136533965,-0.29175027842187012,0.0036894979290365243,35.841599336962851,34.762781976778818,34,18375,18341,18375,0.001950563229222468,3.0204462430342681e-57,0.053377927662283303,15.491053134329567,32.661915180474111,34,0,1,1,1,1,1
windows_msvc_cpu,cpu,32,coupled,2,1,0,0,1,25,0.029592567136533965,-0.29175027842187012,0.00012862105705477051,-0.0012314865090289411,0.029463946079479195,-0.29051879191284119,0.029485629618692371,-0.29054362604331169,0.0042223061076522529,40.876333739690523,39.442808347984808,40,18341,18301,18341,0.0022286862079325294,1.860231748268359e-58,0.061679395173926649,15.307157130498485,33.374044710848352,40,0,1,1,1,1,1
windows_msvc_cpu,cpu,32,coupled,2,1,0,0,1,26,0.029485629618692371,-0.29054362604331169,0.00013983912006271536,-0.0013253597043611216,0.029345790498629655,-0.28921826633895059,0.029354877364276638,-0.28918555854754141,0.0045634994935399263,44.023151243703978,42.353861851431176,45,18301,18256,18301,0.0024055052316105121,3.4608632488886412e-58,0.062522314293866885,14.846037361263573,33.215431031031457,45,0,1,1,1,1,1
windows_msvc_cpu,cpu,32,coupled,2,1,0,0,1,27,0.029354877364276638,-0.28918555854754141,0.00014134101485093877,-0.0013236448105874632,0.029213536349425698,-0.28786191373695397,0.029200767966772335,-0.28780513781851286,0.0045795719007864335,44.032226505317539,42.404569912985941,46,18256,18210,18256,0.00241193177614579,5.2924448880239902e-56,0.061895943183150254,14.097831925318724,31.930324268326984,46,0,1,1,1,1,1
windows_msvc_cpu,cpu,32,coupled,2,1,0,0,1,28,0.029200767966772335,-0.28780513781851286,0.00013822582855903327,-0.0012841632754967971,0.029062542138213302,-0.28652097454301606,0.029118102778990823,-0.28684375376934407,0.0044646878249087908,42.796940095406711,41.332925848189177,32,18210,18178,18210,0.0023501889124330978,3.667924571818617e-52,0.060542938598299928,13.082654269747762,29.67083452833117,32,0,1,1,1,1,1
windows_msvc_cpu,cpu,32,coupled,2,1,0,0,1,29,0.029118102778990823,-0.28684375376934407,0.00014309812270061695,-0.0013266095558789638,0.028975004656290205,-0.28551714421346508,0.028941551425369035,-0.28559230478621905,0.0046278040980636294,44.248436386287239,42.706711381180867,42,18178,18136,18178,0.0024341751780331852,1.0147761547591097e-46,0.067187026241480374,11.852632570377112,26.469380415966825,42,0,1,1,1,1,1
windows_msvc_cpu,cpu,32,coupled,2,1,0,0,1,30,0.028941551425369035,-0.28559230478621905,0.0001483780795386844,-0.0013925606194049181,0.028793173345830349,-0.28419974416681415,0.028835071501013238,-0.28433043604945191,0.0048785930713235535,46.446314287120188,44.697666229787494,42,18136,18094,18136,0.0025610010083326087,5.3600655664717556e-40,0.067462558706414821,10.508502562211991,22.514412842654881,42,0,1,1,1,1,1
windows_msvc_cpu,cpu,32,coupled,2,1,0,0,1,31,0.028835071501013238,-0.28433043604945191,0.00015444326270822918,-0.0014656730755461392,0.028680628238305007,-0.28286476297390578,0.028615929171415342,-0.28295524773175679,0.0051568719391492466,48.900964260742597,46.93304191664383,46,18094,18048,18094,0.0027026066243363875,1.7413393247330569e-33,0.069256090127319869,9.1223991503028792,18.683625737503331,46,0,1,1,1,1,1
windows_msvc_cpu,cpu,32,isolated,3,1,0,0,1,0,0.0625,-0.63457314922559527,0.0062499999999997766,-0.063457314922570437,0.056250000000000223,-0.57111583430302482,0.058288005429576961,-0.56970123720542909,0.10000000000001699,3276.7999999981153,2949.1200000006443,3350,32768,29418,32768,0.099999999999942482,0.10000000000000001,0.10000000000000001,0,0,3350,0,1,1,1,1,1
windows_msvc_cpu,cpu,32,isolated,3,1,0,0,1,1,0.058288005429576961,-0.56970123720542909,0.0058288005429574241,-0.056970123720551866,0.052459204886619537,-0.51273111348487721,0.050972495710878321,-0.51442048220157688,0.10000000000001549,2941.7999999984199,2647.6200000001568,2905,29418,26513,29418,0.099999999999946285,0.10000000000000001,0.10000000000000001,0,0,2905,0,1,1,1,1,1
windows_msvc_cpu,cpu,32,isolated,3,1,0,0,1,2,0.050972495710878321,-0.51442048220157688,0.0050972495710875773,-0.0514420482201529,0.045875246139790743,-0.46297843398142396,0.047832611346533396,-0.4642703986825284,0.099999999999990721,2651.2999999986841,2386.169999999734,2588,26513,23925,26513,0.099999999999950365,0.10000000000000001,0.10000000000000001,0,0,2588,0,1,1,1,1,1
windows_msvc_cpu,cpu,32,isolated,3,1,0,0,1,3,0.047832611346533396,-0.4642703986825284,0.0047832611346530227,-0.046427039868253646,0.043049350211880374,-0.41784335881427476,0.043492039015046266,-0.41845661183660771,0.10000000000000166,2392.4999999989195,2153.2499999993574,2382,23925,21543,23925,0.099999999999954833,0.10000000000000001,0.10000000000000001,0,0,2382,0,1,1,1,1,1
windows_msvc_cpu,cpu,32,isolated,3,1,0,0,1,4,0.043492039015046266,-0.41845661183660771,0.0043492039015043506,-0.041845661183664722,0.039142835113541913,-0.37661095065294298,0.038703784060159244,-0.37487486635397682,0.10000000000000929,2154.2999999991362,1938.8699999992864,2229,21543,19314,21543,0.099999999999959899,0.10000000000000001,0.10000000000000001,0,0,2229,0,1,1,1,1,1
windows_msvc_cpu,cpu,32,isolated,3,1,0,0,1,5,0.038703784060159244,-0.37487486635397682,0.0038703784060158761,-0.037487486635403446,0.034833405654143369,-0.33738737971857335,0.034690081291530631,-0.33867097938339863,0.10000000000001522,1931.3999999993389,1738.2599999994688,1871,19314,17443,19314,0.099999999999965769,0.10000000000000001,0.10000000000000001,0,0,1871,0,1,1,1,1,1
windows_msvc_cpu,cpu,32,isolated,3,1,0,0,1,6,0.034690081291530631,-0.33867097938339863,0.0034690081291530611,-0.03386709793834046,0.031221073162377568,-0.30480388144505816,0.030959528964654405,-0.30381592453121792,0.10000000000000174,1744.2999999995091,1569.869999999622,1785,17443,15658,17443,0.099999999999971848,0.10000000000000001,0.10000000000000001,0,0,1785,0,1,1,1,1,1
windows_msvc_cpu,cpu,32,isolated,3,1,0,0,1,7,0.030959528964654405,-0.30381592453121792,0.0030959528964654448,-0.030381592453117914,0.027863576068188959,-0.27343433207810003,0.028189926967347744,-0.27274134182548776,0.099999999999987349,1565.7999999996714,1409.2199999997681,1592,15658,14066,15658,0.099999999999979008,0.10000000000000001,0.10000000000000001,0,0,1592,0,1,1,1,1,1
windows_msvc_cpu,cpu,32,isolated,3,1,0,0,1,8,0.028189926967347744,-0.27274134182548776,0.0028189926967347751,-0.02727413418254597,0.025370934270612967,-0.24546720764294178,0.023315326653183442,-0.24538643980116312,0.099999999999989819,1406.5999999998162,1265.9399999998984,1407,14066,12659,14066,0.099999999999986933,0.10000000000000001,0.10000000000000001,0,0,1407,0,1,1,1,1,1
windows_msvc_cpu,cpu,32,isolated,3,1,0,0,1,9,0.023315326653183442,-0.24538643980116312,0.0023315326653183832,-0.024538643980114436,0.020983793987865058,-0.22084779582104869,0.020313947739821543,-0.22188924277865216,0.099999999999992456,1265.8999999999442,1139.3100000000136,1234,12659,11425,12659,0.099999999999995592,0.10000000000000001,0.10000000000000001,0,0,1234,0,1,1,1,1,1
windows_msvc_cpu,cpu,32,isolated,3,1,0,0,1,10,0.020313947739821543,-0.22188924277865216,0.0020313947739821815,-0.022188924277863797,0.01828255296583936,-0.19970031850078837,0.017903521008222231,-0.20068851386375228,0.099999999999993677,1142.5000000000564,1028.2500000001146,1070,11425,10355,11425,0.10000000000000493,0.10000000000000001,0.10000000000000001,0,0,1070,0,1,1,1,1,1
windows_msvc_cpu,cpu,32,isolated,3,1,0,0,1,11,0.017903521008222231,-0.20068851386375228,0.0017903521008222438,-0.020068851386374039,0.016113168907399986,-0.18061966247737823,0.016222555832848189,-0.18024172277264291,0.099999999999994149,1035.5000000001537,931.95000000008588,1052,10355,9303,10355,0.10000000000001484,0.10000000000000001,0.10000000000000001,0,0,1052,0,1,1,1,1,1
windows_msvc_cpu,cpu,32,isolated,3,1,0,0,1,12,0.016222555832848189,-0.18024172277264291,0.0016222555832848481,-0.018024172277263328,0.014600300249563341,-0.16221755049537959,0.015780227638580561,-0.16270394452195666,0.099999999999994732,930.30000000014297,837.27000000005239,919,9303,8384,9303,0.10000000000001537,0.10000000000000001,0.10000000000000001,0,0,919,0,1,1,1,1,1
windows_msvc_cpu,cpu,32,isolated,3,1,0,0,1,13,0.015780227638580561,-0.16270394452195666,0.0015780227638580741,-0.016270394452194817,0.014202204874722487,-0.14643355006976183,0.013031417622523859,-0.14591219927804633,0.099999999999994815,838.40000000012208,754.56000000002314,850,8384,7534,8384,0.10000000000001456,0.10000000000000001,0.10000000000000001,0,0,850,0,1,1,1,1,1
windows_msvc_cpu,cpu,32,isolated,3,1,0,0,1,14,0.013031417622523859,-0.14591219927804633,0.0013031417622523978,-0.014591219927803753,0.011728275860271462,-0.13132097935024256,0.01180553016426205,-0.13031597400834216,0.099999999999994038,753.40000000010275,678.05999999999608,764,7534,6770,7534,0.10000000000001363,0.10000000000000001,0.10000000000000001,0,0,764,0,1,1,1,1,1
windows_msvc_cpu,cpu,32,isolated,3,1,0,0,1,15,0.01180553016426205,-0.13031597400834216,0.0011805530164262412,-0.013031597400833298,0.010624977147835809,-0.11728437660750886,0.010609316085187635,-0.11758855400178433,0.099999999999993039,677.00000000008538,609.29999999997176,657,6770,6113,6770,0.10000000000001261,0.10000000000000001,0.10000000000000001,0,0,657,0,1,1,1,1,1
windows_msvc_cpu,cpu,32,isolated,3,1,0,0,1,16,0.010609316085187635,-0.11758855400178433,0.0010609316085187657,-0.011758855400177605,0.0095483844766688693,-0.10582969860160674,0.0099127352248692211,-0.1066829974355539,0.099999999999993011,611.30000000007044,550.16999999995085,585,6113,5528,6113,0.10000000000001152,0.10000000000000001,0.10000000000000001,0,0,585,0,1,1,1,1,1
windows_msvc_cpu,cpu,32,isolated,3,1,0,0,1,17,0.0099127352248692211,-0.1066829974355539,0.00099127352248692762,-0.010668299743554823,0.0089214617023822933,-0.096014697691999079,0.0093608473699341357,-0.095341561794429056,0.099999999999994718,552.80000000005714,497.51999999994132,594,5528,4934,5528,0.10000000000001033,0.10000000000000001,0.10000000000000001,0,0,594,0,1,1,1,1,1
windows_msvc_cpu,cpu,32,isolated,3,1,0,0,1,18,0.0093608473699341357,-0.095341561794429056,0.00093608473699341812,-0.0095341561794423362,0.0084247626329407178,-0.085807405614986718,0.0084205011733635531,-0.085446303638676349,0.099999999999994094,493.40000000004369,444.05999999995618,517,4934,4417,4934,0.10000000000000886,0.10000000000000001,0.10000000000000001,0,0,517,0,1,1,1,1,1
windows_msvc_cpu,cpu,32,isolated,3,1,0,0,1,19,0.0084205011733635531,-0.085446303638676349,0.000842050117336366,-0.0085446303638672342,0.0075784510560271872,-0.07690167327480911,0.0072379675086487599,-0.076843244717690051,0.09999999999999537,441.70000000003193,397.52999999996911,441,4417,3976,4417,0.10000000000000724,0.10000000000000001,0.10000000000000001,0,0,441,0,1,1,1,1,1
windows_msvc_cpu,cpu,32,isolated,3,1,0,0,1,20,0.0072379675086487599,-0.076843244717690051,0.00072379675086489757,-0.0076843244717687007,0.0065141707577838623,-0.069158920245921351,0.0059829924289411182,-0.06918329970477384,0.099999999999996106,397.60000000002191,357.83999999998014,403,3976,3573,3976,0.10000000000000552,0.10000000000000001,0.10000000000000001,0,0,403,0,1,1,1,1,1
windows_msvc_cpu,cpu,32,isolated,3,1,0,0,1,21,0.0059829924289411182,-0.06918329970477384,0.00059829924289412284,-0.0069183299704771491,0.0053846931860469949,-0.062264969734296689,0.0059472712856097768,-0.062208870362128431,0.099999999999996633,357.30000000001274,321.56999999999022,363,3573,3210,3573,0.10000000000000357,0.10000000000000001,0.10000000000000001,0,0,363,0,1,1,1,1,1
windows_msvc_cpu,cpu,32,isolated,3,1,0,0,1,22,0.0059472712856097768,-0.062208870362128431,0.00059472712856098908,-0.0062208870362128492,0.0053525441570487879,-0.055987983325915584,0.0051665121752497911,-0.056461222746701734,0.10000000000000012,321.00000000000449,288.8999999999993,298,3210,2912,3210,0.10000000000000139,0.10000000000000001,0.10000000000000001,0,0,298,0,1,1,1,1,1
windows_msvc_cpu,cpu,32,isolated,3,1,0,0,1,23,0.0051665121752497911,-0.056461222746701734,0.00051665121752499034,-0.0056461222746701919,0.004649860957724801,-0.050815100472031541,0.0043750031053103522,-0.050319627483849452,0.10000000000000032,291.19999999999771,262.08000000000675,308,2912,2604,2912,0.099999999999999215,0.10000000000000001,0.10000000000000001,0,0,308,0,1,1,1,1,1
windows_msvc_cpu,cpu,32,isolated,3,1,0,0,1,24,0.0043750031053103522,-0.050319627483849452,0.00043750031053103601,-0.0050319627483849123,0.003937502794779316,-0.045287664735464542,0.00361248226341126,-0.045795067473417085,0.099999999999999353,260.39999999999071,234.3600000000076,244,2604,2360,2604,0.099999999999996439,0.10000000000000001,0.10000000000000001,0,0,244,0,1,1,1,1,1
windows_msvc_cpu,cpu,32,isolated,3,1,0,0,1,25,0.00361248226341126,-0.045795067473417085,0.00036124822634111658,-0.0045795067473417177,0.0032512340370701434,-0.041215560726075365,0.0031989457884588172,-0.041240613815150449,0.10000000000000017,235.99999999999088,212.40000000000677,229,2360,2131,2360,0.099999999999996134,0.10000000000000001,0.10000000000000001,0,0,229,0,1,1,1,1,1
windows_msvc_cpu,cpu,32,isolated,3,1,0,0,1,26,0.0031989457884588172,-0.041240613815150449,0.00031989457884587931,-0.0041240613815150913,0.0028790512096129378,-0.037116552433635361,0.0029365793916062339,-0.03714048988903474,0.10000000000000112,213.09999999999218,191.79000000000599,210,2131,1921,2131,0.099999999999996328,0.10000000000000001,0.10000000000000001,0,0,210,0,1,1,1,1,1
windows_msvc_cpu,cpu,32,isolated,3,1,0,0,1,27,0.0029365793916062339,-0.03714048988903474,0.0002936579391606168,-0.0037140489889035456,0.0026429214524456169,-0.033426440900131194,0.0022085086914636343,-0.033365409477694612,0.10000000000000191,192.09999999999337,172.89000000000527,206,1921,1715,1921,0.09999999999999655,0.10000000000000001,0.10000000000000001,0,0,206,0,1,1,1,1,1
windows_msvc_cpu,cpu,32,isolated,3,1,0,0,1,28,0.0022085086914636343,-0.033365409477694612,0.00022085086914636005,-0.0033365409477695124,0.001987657822317274,-0.030028868529925101,0.0015888621903613817,-0.030030043055375922,0.10000000000000153,171.49999999999454,154.35000000000457,177,1715,1538,1715,0.099999999999996814,0.10000000000000001,0.10000000000000001,0,0,177,0,1,1,1,1,1
windows_msvc_cpu,cpu,32,isolated,3,1,0,0,1,29,0.0015888621903613817,-0.030030043055375922,0.0001588862190361379,-0.0030030043055376222,0.0014299759713252438,-0.027027038749838299,0.00087228104919545297,-0.026987171981862301,0.100000000000001,153.79999999999555,138.42000000000397,160,1538,1378,1538,0.099999999999997105,0.10000000000000001,0.10000000000000001,0,0,160,0,1,1,1,1,1
windows_msvc_cpu,cpu,32,isolated,3,1,0,0,1,30,0.00087228104919545297,-0.026987171981862301,8.7228104919540679e-05,-0.0026987171981862719,0.0007850529442759123,-0.024288454783676028,0.00088204953714249345,-0.023908801987867254,0.10000000000000155,137.79999999999646,124.02000000000344,151,1378,1227,1378,0.099999999999997424,0.10000000000000001,0.10000000000000001,0,0,151,0,1,1,1,1,1
windows_msvc_cpu,cpu,32,isolated,3,1,0,0,1,31,0.00088204953714249345,-0.023908801987867254,8.8204953714244688e-05,-0.0023908801987867624,0.00079384458342824878,-0.021517921789080491,0.0008609643480014383,-0.021357533894835544,0.10000000000000153,122.6999999999973,110.43000000000292,134,1227,1093,1227,0.099999999999997799,0.10000000000000001,0.10000000000000001,0,0,134,0,1,1,1,1,1
windows_msvc_cpu,cpu,32,coupled,3,1,0,0,1,0,0.0625,-0.63457314922559527,0.0061954043502147355,-0.062902995987874022,0.056304595649785266,-0.5716701532377213,0.058089149342556323,-0.57044705426940567,0.099126469603445982,3135.2000853783129,2832.2647853064846,3179,32768,29589,32768,0.095678713543039334,0.070982009395745213,0.10000000000000001,0.012770366987580484,0.087568230771977076,3179,0,1,1,1,1,1
windows_msvc_cpu,cpu,32,coupled,3,1,0,0,1,1,0.058089149342556323,-0.57044705426940567,0.0054300844113467908,-0.052711228347028675,0.052659064931209532,-0.51773582592237699,0.05194825181560471,-0.51955964776065,0.092414400551786374,2441.9887205294231,2221.1962918405829,2397,29589,27192,29589,0.082530288976627231,0.016751031132163526,0.10000000000000001,0.073613733708490212,0.45648994374651014,2397,0,1,1,1,1,1
windows_msvc_cpu,cpu,32,coupled,3,1,0,0,1,2,0.05194825181560471,-0.51955964776065,0.0043800269565561923,-0.043501906576145707,0.047568224859048519,-0.47605774118450428,0.049040943087798952,-0.47690953738490155,0.083734224460068396,1895.254054372376,1734.4947771538616,1875,27192,25317,27192,0.069698957574741691,0.0013543028088760962,0.099929501460702577,0.19153636276093211,1.099096161923121,1875,0,1,1,1,1,1
windows_msvc_cpu,cpu,32,coupled,3,1,0,0,1,3,0.049040943087798952,-0.47690953738490155,0.0037766596230945156,-0.036684135568947653,0.045264283464704437,-0.44022540181595388,0.046090540555498216,-0.44045582032751751,0.076921472182963399,1521.7432664747696,1397.4128429519394,1527,25317,23790,25317,0.06010756671306907,4.5772483845848175e-05,0.098648578431459355,0.37155006940670976,1.9645387774772187,1527,0,1,1,1,1,1
windows_msvc_cpu,cpu,32,coupled,3,1,0,0,1,4,0.046090540555498216,-0.44045582032751751,0.0032038624795762954,-0.03097751276848594,0.042886678075921919,-0.40947830755903158,0.043093636035656704,-0.40850935478315681,0.070321716281394955,1234.8664780652607,1137.3996481020454,1268,23790,22522,23790,0.051906955782482583,8.8848569164177518e-07,0.097339726663628029,0.63232085249483383,2.9716671875145755,1268,0,1,1,1,1,1
windows_msvc_cpu,cpu,32,coupled,3,1,0,0,1,5,0.043093636035656704,-0.40850935478315681,0.0027008731318594026,-0.026221075621504632,0.0403927629037973,-0.3822882791616522,0.040305628019753847,-0.38329904385142399,0.064170561601685536,1008.768138388883,930.29009933573127,972,22522,21550,22522,0.044790344480458349,1.3941645812092927e-08,0.09572799142603175,0.98522088621548876,4.0331433709791247,972,0,1,1,1,1,1
windows_msvc_cpu,cpu,32,coupled,3,1,0,0,1,6,0.040305628019753847,-0.38329904385142399,0.0021893575961428077,-0.021248633755811559,0.038116270423611043,-0.36205041009561245,0.03795978727233193,-0.36185138553984525,0.055423958212887536,791.58160325308802,733.07760134401815,796,21550,20754,21550,0.036732324976941441,9.389797779550785e-11,0.094434683617872869,1.4490257223142731,5.3107117050565664,796,0,1,1,1,1,1
windows_msvc_cpu,cpu,32,coupled,3,1,0,0,1,7,0.03795978727233193,-0.36185138553984525,0.0017620269790460229,-0.016992828860606102,0.036197760293285905,-0.34485855667923915,0.036290457499540241,-0.34402413559105716,0.046954889687201407,615.45684267286902,571.8264804434915,645,20754,20109,20754,0.029654854132835549,4.7718658421639837e-13,0.09400545035523869,2.0187859550099838,6.660234123412101,645,0,1,1,1,1,1
windows_msvc_cpu,cpu,32,coupled,3,1,0,0,1,8,0.036290457499540241,-0.34402413559105716,0.0013952370215377854,-0.013313815229965262,0.034895220478002455,-0.33071032036109188,0.034879670071575261,-0.3304048427952242,0.03869744231523279,470.78932081550312,438.78679367336531,480,20109,19629,20109,0.023411871341961467,1.8298495662055818e-15,0.091113156473854706,2.6911059133522444,8.0817074585184763,480,0,1,1,1,1,1
windows_msvc_cpu,cpu,32,coupled,3,1,0,0,1,9,0.034879670071575261,-0.3304048427952242,0.0010649226953413451,-0.010257474687190488,0.033814747376233918,-0.32014736810803368,0.033960806198588295,-0.32065437529158097,0.031039507250556628,355.42763287425237,332.07978763345011,337,19629,19292,19629,0.018107271530605349,3.4091358701824991e-18,0.090893260585058047,3.4541602697952043,9.6876092160940974,337,0,1,1,1,1,1
windows_msvc_cpu,cpu,32,coupled,3,1,0,0,1,10,0.033960806198588295,-0.32065437529158097,0.00078541444825104458,-0.0076174662970778639,0.033175391750337249,-0.31303690899450309,0.033083583560775467,-0.31320796423971969,0.023749026587574995,259.74128058550781,243.47877454958612,255,19292,19037,19292,0.013463678238933642,9.9843918317369628e-21,0.08985587437398182,4.299822102069438,11.177942013882465,255,0,1,1,1,1,1
windows_msvc_cpu,cpu,32,coupled,3,1,0,0,1,11,0.033083583560775467,-0.31320796423971969,0.00053086905832619772,-0.0051306564995254765,0.032552714502449273,-0.30807730774019421,0.032570377632930733,-0.30829196289993799,0.016377296851444199,172.85497997464373,163.18596865026748,166,19037,18871,19037,0.0090799485199686784,5.7628274779151133e-24,0.087039765012694073,5.2309732356708851,13.08323421220005,166,0,1,1,1,1,1
windows_msvc_cpu,cpu,32,coupled,3,1,0,0,1,12,0.032570377632930733,-0.30829196289993799,0.00032455221695689015,-0.0031200643289098565,0.032245825415973844,-0.30517189857102811,0.032275430194135674,-0.30490292832966298,0.010118765243900117,104.22098661351028,99.285124471709594,113,18871,18758,18871,0.0055228120721482849,4.6230658283061293e-27,0.077047731493946461,6.2204054592991032,14.904412189570861,113,0,1,1,1,1,1
windows_msvc_cpu,cpu,32,coupled,3,1,0,0,1,13,0.032275430194135674,-0.30490292832966298,0.0001754933092170438,-0.0016885650105638776,0.032099936884918627,-0.30321436331909912,0.032055830271052507,-0.30303715828416683,0.0055369257074190398,56.095167455613193,54.113672064249187,62,18758,18696,18758,0.0029904663319977182,9.5271326811565673e-30,0.065748702765029296,7.2595747780992754,16.48454487892521,62,0,1,1,1,1,1
windows_msvc_cpu,cpu,32,coupled,3,1,0,0,1,14,0.032055830271052507,-0.30303715828416683,8.8409314538663128e-05,-0.00085738096313202534,0.031967420956513844,-0.30217977732103479,0.031966525008899196,-0.30188980443625213,0.0028285040150887392,28.414324677373056,27.803421603123304,38,18696,18658,18696,0.0015198076956232914,2.7660274277631495e-32,0.038628870975427589,8.3235863424267436,17.977103206310911,38,0,1,1,1,1,1
windows_msvc_cpu,cpu,32,coupled,3,1,0,0,1,15,0.031966525008899196,-0.30188980443625213,4.8484803329775495e-05,-0.00046974772661482675,0.031918040205569424,-0.30142005670963729,0.031930802904037853,-0.30152711181899061,0.0015555882062511608,15.557187332571157,15.358718409881071,12,18658,18646,18658,0.00083380787504401099,4.3366720628171603e-35,0.025085570022419595,9.3992098995682518,19.627084970930373,12,0,1,1,1,1,1
windows_msvc_cpu,cpu,32,coupled,3,1,0,0,1,16,0.031930802904037853,-0.30152711181899061,3.8594274003355531e-05,-0.00037117282327201254,0.031892208630034495,-0.30115593899571858,0.031901263280062847,-0.3012260182101732,0.0012307294019031029,12.291121618467789,12.163002819352959,10,18646,18636,18646,0.00065918275332338243,3.6364438061571127e-38,0.02489505059234157,10.453628318839952,21.436952545913378,10,0,1,1,1,1,1
windows_msvc_cpu,cpu,32,coupled,3,1,0,0,1,17,0.031901263280062847,-0.3012260182101732,4.7712603668516067e-05,-0.00045536733513575262,0.031853550676394331,-0.30077065087503746,0.031895309595919311,-0.30095194639375444,0.001511534813386453,15.079679236410726,14.887957754481736,9,18636,18627,18636,0.00080916930867196428,2.0095820516498161e-41,0.032072664575206321,11.468345304853543,23.353354715713067,9,0,1,1,1,1,1
windows_msvc_cpu,cpu,32,coupled,3,1,0,0,1,18,0.031895309595919311,-0.30095194639375444,7.2486813242465378e-05,-0.00069106511206578518,0.031822822782676848,-0.30026088128168865,0.031823865386196651,-0.29998242053423102,0.0022960016637486522,22.885993070433894,22.453963994014234,32,18627,18595,18627,0.0012286462162685292,2.3991862803780319e-44,0.033066281888941479,12.424044921913517,25.072956026447095,32,0,1,1,1,1,1
windows_msvc_cpu,cpu,32,coupled,3,1,0,0,1,19,0.031823865386196651,-0.29998242053423102,0.00010245464027727482,-0.00097470499400304086,0.031721410745919373,-0.29900771554022798,0.031734560124043382,-0.29916724172545206,0.0032488756340848047,32.284750199018227,31.421731144772622,27,18595,18568,18595,0.0017362059800493804,9.0515244933367178e-47,0.045797233987878827,13.313604950061221,26.49858823139888,27,0,1,1,1,1,1
windows_msvc_cpu,cpu,32,coupled,3,1,0,0,1,20,0.031734560124043382,-0.29916724172545206,0.00011807310784505547,-0.0011205560072432143,0.031616487016198326,-0.29804668571820886,0.031609532757028783,-0.29814195819003658,0.0037453064423955489,37.128916443104671,35.984356913948773,34,18568,18534,18568,0.0019996185072762101,1.5325212526940952e-49,0.05435390796565908,14.098637952698079,28.128930067716539,34,0,1,1,1,1,1
windows_msvc_cpu,cpu,32,coupled,3,1,0,0,1,21,0.031609532757028783,-0.29814195819003658,0.00011252618467494546,-0.0010569136348780104,0.031497006572353839,-0.29708504455515855,0.031502595239187609,-0.29717710088965243,0.0035451667194097412,35.045900312239105,34.025592590749774,32,18534,18502,18534,0.0018908978262781432,2.9232763721990276e-53,0.050876417369388187,14.753590134777633,30.31710271737791,32,0,1,1,1,1,1
windows_msvc_cpu,cpu,32,coupled,3,1,0,0,1,22,0.031502595239187609,-0.29717710088965243,0.00010283696250296014,-0.0009488203970287899,0.031399758276684647,-0.29622828049262362,0.031437333510351356,-0.29663538497607345,0.0031935734802853678,31.491856035390413,30.675899316604575,18,18502,18484,18502,0.0017020784799151665,4.9805292920476628e-56,0.047471380549262379,15.238075258836659,31.945843901701934,18,0,1,1,1,1,1
windows_msvc_cpu,cpu,32,coupled,3,1,0,0,1,23,0.031437333510351356,-0.29663538497607345,0.00010666389716783647,-0.00097795115254016834,0.031330669613183516,-0.29565743382353327,0.03135398193234161,-0.29591234528837612,0.0032978794898506523,32.471796739267646,31.605579045781866,24,18484,18460,18484,0.0017567516089194788,8.5854203982025596e-57,0.048992071045280694,15.512939503757552,32.39501283634614,24,0,1,1,1,1,1
windows_msvc_cpu,cpu,32,coupled,3,1,0,0,1,24,0.03135398193234161,-0.29591234528837612,0.0001184675938820379,-0.0010937642649294765,0.031235514338459572,-0.29481858102344666,0.031217733587268197,-0.29492220282120041,0.0036971561265348456,36.312966509964816,35.214453836964893,33,18460,18427,18460,0.0019671162789796758,7.7783419846201958e-59,0.055630292696074585,15.568848527246193,33.596819035229359,33,0,1,1,1,1,1
windows_msvc_cpu,cpu,32,coupled,3,1,0,0,1,25,0.031217733587268197,-0.29492220282120041,0.00013071387771041907,-0.0012134309138114264,0.031087019709557778,-0.29370877190738898,0.031146518174288332,-0.29410758786461555,0.0041152163480855531,40.286504819208325,38.914591284513016,27,18427,18400,18427,0.0021862758354158746,1.4664756761890675e-59,0.056817142491546173,15.381590964444388,34.023102384222909,27,0,1,1,1,1,1
windows_msvc_cpu,cpu,32,coupled,3,1,0,0,1,26,0.031146518174288332,-0.29410758786461555,0.00014180342224891302,-0.0013012692878380536,0.03100471475203942,-0.29280631857677747,0.031021719604016104,-0.29308462734151358,0.0044258900593274241,43.231184119397369,41.660584751405167,34,18400,18366,18400,0.0023495208760542048,2.161836763084233e-59,0.059462441143845683,14.90870852355398,33.923946969189423,34,0,1,1,1,1,1
windows_msvc_cpu,cpu,32,coupled,3,1,0,0,1,27,0.031021719604016104,-0.29308462734151358,0.00014277983897098491,-0.001290946551767814,0.030878939765045119,-0.29179368078974577,0.030867839003254269,-0.29163963060148251,0.0044068811516325785,42.946850964369283,41.440630698564121,48,18366,18318,18366,0.0023383889232478101,2.1046504548893789e-57,0.065278802348798487,14.152945656582723,32.754212937079366,48,0,1,1,1,1,1
windows_msvc_cpu,cpu,32,coupled,3,1,0,0,1,28,0.030867839003254269,-0.29163963060148251,0.00014325795952359249,-0.0012713066286236898,0.030724581043730676,-0.29036832397285883,0.030755634191497492,-0.29052739528729443,0.0043622920309119911,42.365390746578719,40.940183037423751,37,18318,18281,18318,0.0023127738151860859,4.0001578206120383e-53,0.059940976099688327,13.142438772790211,30.236973118346395,37,0,1,1,1,1,1
windows_msvc_cpu,cpu,32,coupled,3,1,0,0,1,29,0.030755634191497492,-0.29052739528729443,0.0001477640885006868,-0.0013039847544200618,0.030607870102996804,-0.28922341053287437,0.030584578928533276,-0.28951485451783482,0.0044918400161817083,43.492198750416691,42.006292901173197,34,18281,18247,18281,0.0023790929790720797,2.4905651575451627e-47,0.06479307707391764,11.920239826823829,26.828280933326404,34,0,1,1,1,1,1
windows_msvc_cpu,cpu,32,coupled,3,1,0,0,1,30,0.030584578928533276,-0.28951485451783482,0.00015431372758716185,-0.0013760878778943432,0.030430265200946115,-0.28813876663994048,0.030501456147265966,-0.28845961725648933,0.0047563092014081092,45.898709447050265,44.217926957376392,35,18247,18212,18247,0.0025154112701841545,1.6265698429528939e-40,0.068902542840253891,10.576796995275588,22.819087593415809,35,0,1,1,1,1,1
windows_msvc_cpu,cpu,32,coupled,3,1,0,0,1,31,0.030501456147265966,-0.28845961725648933,0.00016429567721535743,-0.0014685082561205968,0.030337160470050608,-0.28699110900036873,0.030311853441642694,-0.28656154793823663,0.0050941312774833896,49.001123409098938,47.073626511703388,63,18212,18149,18212,0.0026905953991378725,5.3617596071986391e-34,0.067652214134841362,9.194790097306921,18.98458170979324,63,0,1,1,1,1,1
windows_msvc_cpu,cpu,32,isolated,4,1,0,0,1,0,0.0625,-0.63457314922559527,0.0062499999999997766,-0.063457314922570437,0.056250000000000223,-0.57111583430302482,0.055506443425273611,-0.57050455379577103,0.10000000000001699,3276.7999999981153,2949.1200000006443,3250,32768,29518,32768,0.099999999999942482,0.10000000000000001,0.10000000000000001,0,0,3250,0,1,1,1,1,1
windows_msvc_cpu,cpu,32,isolated,4,1,0,0,1,1,0.055506443425273611,-0.57050455379577103,0.0055506443425271008,-0.057050455379585918,0.049955799082746513,-0.51345409841618506,0.049665796126145412,-0.51436552274073755,0.10000000000001527,2951.7999999984108,2656.6200000001713,2935,29518,26583,29518,0.09999999999994616,0.10000000000000001,0.10000000000000001,0,0,2935,0,1,1,1,1,1
windows_msvc_cpu,cpu,32,isolated,4,1,0,0,1,2,0.049665796126145412,-0.51436552274073755,0.0049665796126144119,-0.05143655227406875,0.044699216513531002,-0.46292897046666881,0.042698492558422771,-0.46108487435344231,0.099999999999990347,2658.2999999986778,2392.4699999997442,2750,26583,23833,26583,0.099999999999950254,0.10000000000000001,0.10000000000000001,0,0,2750,0,1,1,1,1,1
windows_msvc_cpu,cpu,32,isolated,4,1,0,0,1,3,0.042698492558422771,-0.46108487435344231,0.004269849255842291,-0.046108487435345756,0.03842864330258048,-0.41497638691809657,0.038350114725664144,-0.41414711670243493,0.10000000000000327,2383.2999999989279,2144.9699999993441,2395,23833,21438,23833,0.099999999999955014,0.10000000000000001,0.10000000000000001,0,0,2395,0,1,1,1,1,1
windows_msvc_cpu,cpu,32,isolated,4,1,0,0,1,4,0.038350114725664144,-0.41414711670243493,0.003835011472566402,-0.041414711670248572,0.034515103253097743,-0.37273240503218635,0.03488575698183155,-0.37435364188140019,0.10000000000001215,2143.7999999991457,1929.419999999295,2138,21438,19300,21438,0.099999999999960149,0.10000000000000001,0.10000000000000001,0,0,2138,0,1,1,1,1,1
windows_msvc_cpu,cpu,32,isolated,4,1,0,0,1,5,0.03488575698183155,-0.37435364188140019,0.0034885756981831474,-0.037435364188145921,0.031397181283648407,-0.33691827769325428,0.030844234168629754,-0.33577149552396279,0.10000000000001562,1929.9999999993402,1736.99999999947,1963,19300,17337,19300,0.099999999999965811,0.10000000000000001,0.10000000000000001,0,0,1963,0,1,1,1,1,1
windows_msvc_cpu,cpu,32,isolated,4,1,0,0,1,6,0.030844234168629754,-0.33577149552396279,0.0030844234168629961,-0.033577149552396289,0.027759810751766759,-0.30219434597156652,0.028053349867815724,-0.30358761914886767,0.10000000000000003,1733.6999999995187,1560.3299999996307,1682,17337,15655,17337,0.099999999999972236,0.10000000000000001,0.10000000000000001,0,0,1682,0,1,1,1,1,1
windows_msvc_cpu,cpu,32,isolated,4,1,0,0,1,7,0.028053349867815724,-0.30358761914886767,0.0028053349867815875,-0.03035876191488272,0.025248014881034137,-0.27322885723398493,0.026460977471016018,-0.27461156660857872,0.09999999999998678,1565.4999999996717,1408.9499999997684,1512,15655,14143,15655,0.099999999999979022,0.10000000000000001,0.10000000000000001,0,0,1512,0,1,1,1,1,1
windows_msvc_cpu,cpu,32,isolated,4,1,0,0,1,8,0.026460977471016018,-0.27461156660857872,0.0026460977471015838,-0.027461156660855097,0.023814879723914432,-0.24715040994772361,0.023533646783425163,-0.2462919273727652,0.099999999999989986,1414.2999999998092,1272.8699999998921,1427,14143,12716,14143,0.099999999999986502,0.10000000000000001,0.10000000000000001,0,0,1427,0,1,1,1,1,1
windows_msvc_cpu,cpu,32,isolated,4,1,0,0,1,9,0.023533646783425163,-0.2462919273727652,0.0023533646783424952,-0.024629192737274468,0.021180282105082666,-0.22166273463549074,0.022534699535782035,-0.22209014618589523,0.099999999999991748,1271.599999999939,1144.4400000000089,1225,12716,11491,12716,0.099999999999995204,0.10000000000000001,0.10000000000000001,0,0,1225,0,1,1,1,1,1
windows_msvc_cpu,cpu,32,isolated,4,1,0,0,1,10,0.022534699535782035,-0.22209014618589523,0.0022534699535781549,-0.022209014618588034,0.02028122958220388,-0.19988113156730719,0.020841171574578113,-0.19927420280386454,0.099999999999993344,1149.1000000000504,1034.1900000001092,1160,11491,10331,11491,0.10000000000000439,0.10000000000000001,0.10000000000000001,0,0,1160,0,1,1,1,1,1
windows_msvc_cpu,cpu,32,isolated,4,1,0,0,1,11,0.020841171574578113,-0.19927420280386454,0.0020841171574578015,-0.019927420280385244,0.018757054417120313,-0.1793467825234793,0.019503794325590611,-0.18006973114909319,0.099999999999993996,1033.1000000001559,929.79000000008512,997,10331,9334,10331,0.10000000000001509,0.10000000000000001,0.10000000000000001,0,0,997,0,1,1,1,1,1
windows_msvc_cpu,cpu,32,isolated,4,1,0,0,1,12,0.019503794325590611,-0.18006973114909319,0.0019503794325590651,-0.018006973114908374,0.017553414893031548,-0.16206275803418482,0.017002773839768455,-0.16128479555121916,0.099999999999994815,933.40000000014368,840.06000000005338,986,9334,8348,9334,0.1000000000000154,0.10000000000000001,0.10000000000000001,0,0,986,0,1,1,1,1,1
windows_msvc_cpu,cpu,32,isolated,4,1,0,0,1,13,0.017002773839768455,-0.16128479555121916,0.0017002773839768488,-0.016128479555121113,0.015302496455791606,-0.14515631599609805,0.015741234400805368,-0.14506596469568564,0.099999999999995065,834.80000000012126,751.32000000002199,841,8348,7507,8348,0.10000000000001452,0.10000000000000001,0.10000000000000001,0,0,841,0,1,1,1,1,1
windows_msvc_cpu,cpu,32,isolated,4,1,0,0,1,14,0.015741234400805368,-0.14506596469568564,0.0015741234400805414,-0.01450659646956769,0.014167110960724826,-0.13055936822611794,0.013626853986732773,-0.13009524284439358,0.099999999999994038,750.70000000010214,675.62999999999522,764,7507,6743,7507,0.10000000000001361,0.10000000000000001,0.10000000000000001,0,0,764,0,1,1,1,1,1
windows_msvc_cpu,cpu,32,isolated,4,1,0,0,1,15,0.013626853986732773,-0.13009524284439358,0.0013626853986732873,-0.013009524284438433,0.012264168588059485,-0.11708571855995514,0.011553943305923891,-0.11649731867031188,0.099999999999992956,674.30000000008476,606.8699999999709,699,6743,6044,6743,0.10000000000001256,0.10000000000000001,0.10000000000000001,0,0,699,0,1,1,1,1,1
windows_msvc_cpu,cpu,32,isolated,4,1,0,0,1,16,0.011553943305923891,-0.11649731867031188,0.0011553943305923991,-0.011649731867030331,0.010398548975331491,-0.10484758680328155,0.010829254165016657,-0.10533024263532115,0.099999999999992734,604.40000000006887,543.95999999994865,572,6044,5472,6044,0.1000000000000114,0.10000000000000001,0.10000000000000001,0,0,572,0,1,1,1,1,1
windows_msvc_cpu,cpu,32,isolated,4,1,0,0,1,17,0.010829254165016657,-0.10533024263532115,0.0010829254165016741,-0.010533024263531518,0.0097463287485149829,-0.094797218371789629,0.0091433724942228834,-0.094375398709969111,0.099999999999994413,547.20000000005587,492.47999999994272,562,5472,4910,5472,0.10000000000001021,0.10000000000000001,0.10000000000000001,0,0,562,0,1,1,1,1,1
windows_msvc_cpu,cpu,32,isolated,4,1,0,0,1,18,0.0091433724942228834,-0.094375398709969111,0.00091433724942229834,-0.0094375398709963167,0.0082290352448005852,-0.084937858838972799,0.0082000243798653824,-0.084837651546554024,0.099999999999993774,491.00000000004314,441.89999999995678,507,4910,4403,4910,0.10000000000000879,0.10000000000000001,0.10000000000000001,0,0,507,0,1,1,1,1,1
windows_msvc_cpu,cpu,32,isolated,4,1,0,0,1,19,0.0082000243798653824,-0.084837651546554024,0.00082000243798654711,-0.008483765154654991,0.007380021941878835,-0.076353886391899037,0.0063553115928148612,-0.076873657448225816,0.099999999999995204,440.30000000003162,396.26999999996946,436,4403,3967,4403,0.10000000000000718,0.10000000000000001,0.10000000000000001,0,0,436,0,1,1,1,1,1
windows_msvc_cpu,cpu,32,isolated,4,1,0,0,1,20,0.0063553115928148612,-0.076873657448225816,0.00063553115928149657,-0.0076873657448223052,0.0057197804335333644,-0.069186291703403513,0.0057852215857756382,-0.069101494444075789,0.099999999999996439,396.7000000000217,357.02999999998036,393,3967,3574,3967,0.10000000000000547,0.10000000000000001,0.10000000000000001,0,0,393,0,1,1,1,1,1
windows_msvc_cpu,cpu,32,isolated,4,1,0,0,1,21,0.0057852215857756382,-0.069101494444075789,0.0005785221585775667,-0.0069101494444073451,0.0052066994271980716,-0.062191344999668441,0.0046981240599374844,-0.061454539887583766,0.099999999999996647,357.40000000001277,321.65999999999019,390,3574,3184,3574,0.10000000000000357,0.10000000000000001,0.10000000000000001,0,0,390,0,1,1,1,1,1
windows_msvc_cpu,cpu,32,isolated,4,1,0,0,1,22,0.0046981240599374844,-0.061454539887583766,0.00046981240599374498,-0.0061454539887583837,0.0042283116539437397,-0.055309085898825383,0.0041331250492942489,-0.054985916092171468,0.10000000000000012,318.4000000000039,286.55999999999995,320,3184,2864,3184,0.10000000000000123,0.10000000000000001,0.10000000000000001,0,0,320,0,1,1,1,1,1
windows_msvc_cpu,cpu,32,isolated,4,1,0,0,1,23,0.0041331250492942489,-0.054985916092171468,0.00041331250492941337,-0.0054985916092171834,0.0037198125443648356,-0.049487324482954287,0.00361335833497059,-0.049657587513580168,0.10000000000000064,286.39999999999662,257.76000000000795,284,2864,2580,2864,0.099999999999998826,0.10000000000000001,0.10000000000000001,0,0,284,0,1,1,1,1,1
windows_msvc_cpu,cpu,32,isolated,4,1,0,0,1,24,0.00361335833497059,-0.049657587513580168,0.00036133583349705231,-0.0049657587513580017,0.0032520225014735379,-0.044691828762222163,0.0032045789996884601,-0.045289434390572633,0.099999999999999686,257.99999999999017,232.20000000000752,232,2580,2348,2580,0.099999999999996189,0.10000000000000001,0.10000000000000001,0,0,232,0,1,1,1,1,1
windows_msvc_cpu,cpu,32,isolated,4,1,0,0,1,25,0.0032045789996884601,-0.045289434390572633,0.00032045789996883888,-0.0045289434390572815,0.0028841210997196214,-0.040760490951515349,0.0026441522391731976,-0.040732462890561615,0.10000000000000038,234.79999999999094,211.32000000000673,225,2348,2123,2348,0.099999999999996148,0.10000000000000001,0.10000000000000001,0,0,225,0,1,1,1,1,1
windows_msvc_cpu,cpu,32,isolated,4,1,0,0,1,26,0.0026441522391731976,-0.040732462890561615,0.00026441522391731454,-0.0040732462890562069,0.0023797370152558832,-0.036659216601505409,0.0028387966078970749,-0.03663955987500693,0.10000000000000112,212.29999999999222,191.07000000000596,205,2123,1918,2123,0.099999999999996342,0.10000000000000001,0.10000000000000001,0,0,205,0,1,1,1,1,1
windows_msvc_cpu,cpu,32,isolated,4,1,0,0,1,27,0.0028387966078970749,-0.03663955987500693,0.00028387966078970053,-0.0036639559875007647,0.0025549169471073743,-0.032975603887506165,0.0030057611916206295,-0.033066688671365481,0.10000000000000192,191.79999999999339,172.62000000000526,176,1918,1742,1918,0.09999999999999655,0.10000000000000001,0.10000000000000001,0,0,176,0,1,1,1,1,1
windows_msvc_cpu,cpu,32,isolated,4,1,0,0,1,28,0.0030057611916206295,-0.033066688671365481,0.00030057611916205922,-0.0033066688671365909,0.0027051850724585701,-0.02976001980422889,0.0022435757293127454,-0.029810101211689127,0.10000000000000127,174.19999999999439,156.78000000000466,170,1742,1572,1742,0.099999999999996786,0.10000000000000001,0.10000000000000001,0,0,170,0,1,1,1,1,1
windows_msvc_cpu,cpu,32,isolated,4,1,0,0,1,29,0.0022435757293127454,-0.029810101211689127,0.00022435757293127575,-0.0029810101211689547,0.0020192181563814695,-0.026829091090520171,0.0016826834104547135,-0.027068370266611508,0.10000000000000142,157.19999999999536,141.48000000000408,146,1572,1426,1572,0.09999999999999705,0.10000000000000001,0.10000000000000001,0,0,146,0,1,1,1,1,1
windows_msvc_cpu,cpu,32,isolated,4,1,0,0,1,30,0.0016826834104547135,-0.027068370266611508,0.00016826834104547827,-0.0027068370266611864,0.0015144150694092352,-0.024361533239950321,0.0011951513972311514,-0.024102550076935104,0.10000000000000132,142.59999999999619,128.34000000000358,157,1426,1269,1426,0.099999999999997327,0.10000000000000001,0.10000000000000001,0,0,157,0,1,1,1,1,1
windows_msvc_cpu,cpu,32,isolated,4,1,0,0,1,31,0.0011951513972311514,-0.024102550076935104,0.00011951513972311492,-0.0024102550076935511,0.0010756362575080364,-0.021692295069241554,0.0013621126887099753,-0.021292761369032399,0.10000000000000167,126.89999999999706,114.21000000000306,146,1269,1123,1269,0.099999999999997688,0.10000000000000001,0.10000000000000001,0,0,146,0,1,1,1,1,1
windows_msvc_cpu,cpu,32,coupled,4,1,0,0,1,0,0.0625,-0.63457314922559527,0.0061954043502147355,-0.062902995987874022,0.056304595649785266,-0.5716701532377213,0.055591765870632415,-0.57107290431915458,0.099126469603445982,3135.2000853783129,2832.2647853064846,3115,32768,29653,32768,0.095678713543039334,0.070982009395745213,0.10000000000000001,0.012770366987580484,0.087568230771977076,3115,0,1,1,1,1,1
windows_msvc_cpu,cpu,32,coupled,4,1,0,0,1,1,0.055591765870632415,-0.57107290431915458,0.0051278438945226573,-0.052765253371412538,0.050463921976109757,-0.518307650947742,0.050339814442885683,-0.51884326566455818,0.092395241732586522,2445.7919446347755,2224.645798604266,2434,29653,27219,29653,0.082480421698808745,0.016991968737970611,0.10000000000000001,0.073999344574160186,0.45284126746434444,2434,0,1,1,1,1,1
windows_msvc_cpu,cpu,32,coupled,4,1,0,0,1,2,0.050339814442885683,-0.51884326566455818,0.0041693250239150503,-0.043362122439644726,0.046170489418970631,-0.47548114322491347,0.045109588721684662,-0.47374655315665143,0.083567604193810638,1892.8402146532717,1732.4896617422426,1965,27219,25254,27219,0.069541137244324619,0.0013418840989990188,0.099889867875607691,0.19305117994133383,1.1014497833520491,1965,0,1,1,1,1,1
windows_msvc_cpu,cpu,32,coupled,4,1,0,0,1,3,0.045109588721684662,-0.47374655315665143,0.0034362318923304644,-0.036253216172146677,0.041673356829354198,-0.43749333698450477,0.040948456345766188,-0.43666657874160947,0.076521357426376405,1507.5047200233466,1384.7520362964549,1539,25254,23715,25254,0.059693700800797757,4.5151717856990514e-05,0.099016452834967794,0.37723265756959795,1.9680274661724428,1539,0,1,1,1,1,1
windows_msvc_cpu,cpu,32,coupled,4,1,0,0,1,4,0.040948456345766188,-0.43666657874160947,0.0027994528791818419,-0.030456093647240411,0.038149003466584348,-0.40621048509436908,0.038690814103734372,-0.40813003541673176,0.069734750619385291,1216.8559610416896,1121.3567440383074,1155,23715,22560,23715,0.05131165764460003,8.4393508609069276e-07,0.09635507268723853,0.64459036031091133,2.9848104457539684,1155,0,1,1,1,1,1
windows_msvc_cpu,cpu,32,coupled,4,1,0,0,1,5,0.038690814103734372,-0.40813003541673176,0.0024519037511754535,-0.026158729043566843,0.036238910352558919,-0.3819713063731649,0.036299455624696692,-0.38134734757846023,0.064087670037009756,1006.9055376092673,928.49436726423301,1033,22560,21527,22560,0.044632337659985255,1.2082043210775236e-08,0.096227767409592227,1.0001446925671462,4.0697196215478053,1033,0,1,1,1,1,1
windows_msvc_cpu,cpu,32,coupled,4,1,0,0,1,6,0.036299455624696692,-0.38134734757846023,0.0020026755219114253,-0.02127157239557383,0.034296780102785265,-0.36007577518288642,0.034455250287150255,-0.36094824962518779,0.055774576269117519,793.05434706803703,733.99049861962783,759,21527,20768,21527,0.036839984534214568,7.1352960086439399e-11,0.093986682368054394,1.4732522285718421,5.3808621084375376,759,0,1,1,1,1,1
windows_msvc_cpu,cpu,32,coupled,4,1,0,0,1,7,0.034455250287150255,-0.36094824962518779,0.0016459106799951175,-0.017159946540283178,0.032809339607155139,-0.3437883030849046,0.033030917516535405,-0.34498919393466199,0.04754335396625272,621.96752328218543,577.37201302518451,580,20768,20188,20768,0.029948359171908003,4.8991114666201476e-13,0.093819547466675049,2.0458572925200076,6.653510480985922,580,0,1,1,1,1,1
windows_msvc_cpu,cpu,32,coupled,4,1,0,0,1,8,0.033030917516535405,-0.34498919393466199,0.0013289748754228953,-0.013715470555704967,0.031701942641112507,-0.331273723378957,0.031941397498921234,-0.33108642783905751,0.039760574760732019,485.19756737363741,451.55911692028053,490,20188,19698,20188,0.024033959152646989,1.8390424983438634e-15,0.091830261963946627,2.7121234817112247,8.0804271133112859,490,0,1,1,1,1,1
windows_msvc_cpu,cpu,32,coupled,4,1,0,0,1,9,0.031941397498921234,-0.33108642783905751,0.0010242741647978062,-0.010592365765526603,0.030917123334123428,-0.32049406207353093,0.030565296466871266,-0.32058137778797774,0.031993438752415948,367.29514586627914,342.73804577617449,366,19698,19332,19698,0.018646316675108091,6.4528484517265369e-18,0.091388086030831178,3.4741066733531998,9.5245893674568052,366,0,1,1,1,1,1
windows_msvc_cpu,cpu,32,coupled,4,1,0,0,1,10,0.030565296466871266,-0.32058137778797774,0.00073166047006706684,-0.0077713486283324468,0.029833635996804199,-0.31281002915964529,0.030148603331943861,-0.31285341037778702,0.024238685723998222,265.05106620849074,248.32335433758846,263,19332,19069,19332,0.013710483457919033,5.5941857816069619e-21,0.090263029361647401,4.3205398020624806,11.325947231398244,263,0,1,1,1,1,1
windows_msvc_cpu,cpu,32,coupled,4,1,0,0,1,11,0.030148603331943861,-0.31285341037778702,0.00049208114785090048,-0.0051619927422627632,0.029656522184092961,-0.30769141763552427,0.029776455449602272,-0.30773454669733435,0.016498080511910953,173.84506341059972,164.04679894942379,172,19069,18897,19069,0.0091166324091771847,1.4311704879341433e-23,0.087703609176452854,5.2477976217204283,12.850826178168203,172,0,1,1,1,1,1
windows_msvc_cpu,cpu,32,coupled,4,1,0,0,1,12,0.029776455449602272,-0.30773454669733435,0.00030195485725006288,-0.0031185768050370913,0.02947450059235221,-0.30461596989229728,0.029610209887068053,-0.30478239035663596,0.01013404599182249,104.11744233570441,99.129808725963628,98,18897,18799,18897,0.0055097339437849609,1.1287085204452012e-26,0.077452832934333415,6.2316544990897329,14.676359883875381,98,0,1,1,1,1,1
windows_msvc_cpu,cpu,32,coupled,4,1,0,0,1,13,0.029610209887068053,-0.30478239035663596,0.00016523598350115436,-0.0016912300216152475,0.029444973903566898,-0.3030911603350207,0.029427018459073893,-0.30337666192630358,0.0055492690796365741,56.152399119502448,54.133609489839372,47,18799,18752,18799,0.0029869886227726181,3.9172824765230576e-29,0.061381098857072172,7.2570927554235709,16.123320414626036,47,0,1,1,1,1,1
windows_msvc_cpu,cpu,32,coupled,4,1,0,0,1,14,0.029427018459073893,-0.30337666192630358,8.4399031631397537e-05,-0.0008699845262715118,0.029342619427442495,-0.30250667740003206,0.029325805828633259,-0.30234903284406339,0.002867675039804723,28.814329127759088,28.177725599348733,34,18752,18718,18752,0.0015366003161134325,4.2801725653818696e-32,0.043062218929235146,8.3052167869709894,17.865560271850399,34,0,1,1,1,1,1
windows_msvc_cpu,cpu,32,coupled,4,1,0,0,1,15,0.029325805828633259,-0.30234903284406339,4.5783922215371145e-05,-0.00047269673548505458,0.029280021906417888,-0.30187633610857834,0.029296037407915441,-0.30201627141822046,0.0015633935969694096,15.644921590752562,15.439748520230605,11,18718,18707,18718,0.00083582228821201844,6.5749054923027159e-35,0.028534272635837632,9.3698597625959277,19.520761280913124,11,0,1,1,1,1,1
windows_msvc_cpu,cpu,32,coupled,4,1,0,0,1,16,0.029296037407915441,-0.30201627141822046,3.5941202285643396e-05,-0.00036722859973611232,0.029260096205629797,-0.30164904281848437,0.029248407934766931,-0.30156319883999655,0.0012160248790923367,12.15306483641255,12.025620810167714,15,18707,18692,18707,0.00064965332957783457,3.0349055224807633e-38,0.024078205513313661,10.4178563587821,21.483152098691928,15,0,1,1,1,1,1
windows_msvc_cpu,cpu,32,coupled,4,1,0,0,1,17,0.029248407934766931,-0.30156319883999655,4.4216382167663636e-05,-0.00044442988186235108,0.029204191552599266,-0.30111876895813422,0.029206732145761988,-0.30110953987506633,0.0014741078356618998,14.709699573401329,14.524938311640723,15,18692,18677,18692,0.00078695161424145775,9.6717852540536897e-41,0.027714670999696135,11.432032947127723,22.951903906528127,15,0,1,1,1,1,1
windows_msvc_cpu,cpu,32,coupled,4,1,0,0,1,18,0.029206732145761988,-0.30110953987506633,6.7283670483189029e-05,-0.00067032706720633302,0.029139448475278801,-0.30043921280786001,0.029117426883608535,-0.30041643137878743,0.002226912556568891,22.189146501332797,21.776189315504272,23,18677,18654,18677,0.0011880466081990039,1.062470780684624e-43,0.03268886228021127,12.391271030794071,24.692770713869784,23,0,1,1,1,1,1
windows_msvc_cpu,cpu,32,coupled,4,1,0,0,1,19,0.029117426883608535,-0.30041643137878743,9.5371040876970895e-05,-0.00096332445185608759,0.029022055842731563,-0.29945310692693133,0.028992628313336502,-0.2993336084728484,0.0032072703320276943,31.887844073796007,31.035491340178417,36,18654,18618,18654,0.0017094373364316504,2.0385722972909248e-46,0.045161282745548176,13.277280143955306,26.291153985388586,36,0,1,1,1,1,1
windows_msvc_cpu,cpu,32,coupled,4,1,0,0,1,20,0.028992628313336502,-0.2993336084728484,0.00010885645435802067,-0.001124703159899229,0.028883771858978481,-0.29820890531294919,0.028891415682895921,-0.2981533914999821,0.0037573313816218696,37.232842742397374,36.062947074417622,39,18618,18579,18618,0.0019998304190781704,6.6329262555751761e-49,0.053151751582026764,14.074510526022893,27.754600824617953,39,0,1,1,1,1,1
windows_msvc_cpu,cpu,32,coupled,4,1,0,0,1,21,0.028891415682895921,-0.2981533914999821,0.00010205129701912006,-0.0010618543163344023,0.028789364385876801,-0.29709153718364772,0.028760663428480326,-0.29676480642608649,0.0035611646802139563,35.171446947556731,34.122097503986673,46,18579,18533,18579,0.0018930753510714641,2.2695339697340788e-52,0.05134041125913448,14.745795486613984,29.793483770570031,46,0,1,1,1,1,1
windows_msvc_cpu,cpu,32,coupled,4,1,0,0,1,22,0.028760663428480326,-0.29676480642608649,9.0801796735158805e-05,-0.00094897585712817531,0.028669861631745168,-0.29581583056895833,0.028689219218757563,-0.29570607337901383,0.0031973595476369149,31.457852953374772,30.620009392875062,35,18533,18498,18533,0.0016973966952665393,5.1817196413785909e-55,0.049789413221320411,15.259021340261476,31.347434484560072,35,0,1,1,1,1,1
windows_msvc_cpu,cpu,32,coupled,4,1,0,0,1,23,0.028689219218757563,-0.29570607337901383,9.2458264052057171e-05,-0.00095448869038207353,0.028596760954705504,-0.29475158468863177,0.028606096437490475,-0.29468135369579268,0.0032277818370232462,31.660544751611791,30.810408269327439,34,18498,18464,18498,0.0017115658315283702,2.7186716940898285e-57,0.050724454382503163,15.567499544429579,32.688808551834626,34,0,1,1,1,1,1
windows_msvc_cpu,cpu,32,coupled,4,1,0,0,1,24,0.028606096437490475,-0.29468135369579268,0.00010412236744772993,-0.0010764518539104736,0.028501974070042745,-0.2936049018418822,0.028523202452966162,-0.29371647386089633,0.0036528130750614349,35.706537741826757,34.604145169753572,32,18464,18432,18464,0.0019338462815114146,7.5870352297124351e-59,0.049501041815241439,15.649798706842903,33.603181370823592,32,0,1,1,1,1,1
windows_msvc_cpu,cpu,32,coupled,4,1,0,0,1,25,0.028523202452966162,-0.29371647386089633,0.00011775003907237761,-0.0012114366724422243,0.028405452413893785,-0.29250503718845411,0.028381000423749012,-0.29205670383508947,0.0041245451238224144,40.188535556386668,38.769808899754473,55,18432,18377,18432,0.002180367597460214,1.38522627856101e-59,0.056031925737156145,15.474719114766989,34.037665041400061,55,0,1,1,1,1,1
windows_msvc_cpu,cpu,32,coupled,4,1,0,0,1,26,0.028381000423749012,-0.29205670383508947,0.00012595412767130848,-0.0012866546566301968,0.028255046296077703,-0.29077004917845928,0.028250705762818979,-0.29073145439524506,0.0044057998783687824,42.715262778661923,41.09002959973747,44,18377,18333,18377,0.0023243871566992393,4.3690600297567283e-59,0.059394987801965921,15.028708438106682,33.744185538806697,44,0,1,1,1,1,1
windows_msvc_cpu,cpu,32,coupled,4,1,0,0,1,27,0.028250705762818979,-0.29073145439524506,0.0001247325484831488,-0.0012862193453428378,0.028125973214335829,-0.28944523504990222,0.028108046140116253,-0.28928535248533843,0.0044239973997878728,42.759397278874005,41.180426216677361,48,18333,18285,18333,0.0023323731674507174,2.0633806122762648e-57,0.064028998197797449,14.276625010259176,32.759272617782294,48,0,1,1,1,1,1
windows_msvc_cpu,cpu,32,coupled,4,1,0,0,1,28,0.028108046140116253,-0.28928535248533843,0.00012013445097000195,-0.0012557344953240312,0.027987911689146251,-0.28802961799001442,0.028042555614537057,-0.28834927613747341,0.0043401913535137003,41.819040477694145,40.380098478740415,31,18285,18254,18285,0.00228706811472213,1.0930192526089212e-53,0.062684604504634325,13.25418097027659,30.568445691952711,31,0,1,1,1,1,1
windows_msvc_cpu,cpu,32,coupled,4,1,0,0,1,29,0.028042555614537057,-0.28834927613747341,0.00012501768969509943,-0.0012945098759019333,0.027917537924841959,-0.2870547662615715,0.027923939525151362,-0.28714494677122981,0.0044890887017779895,43.152619547364907,41.646337834533895,40,18254,18214,18254,0.0023640089595357129,3.7827183766061862e-47,0.06040757349763564,12.012544264258018,26.721502394536955,40,0,1,1,1,1,1
windows_msvc_cpu,cpu,32,coupled,4,1,0,0,1,30,0.027923939525151362,-0.28714494677122981,0.00013009987650262238,-0.0013305321428240845,0.02779383964864874,-0.28581441462840573,0.027846999224770609,-0.28582030625260563,0.0046338984525609037,44.364419996411904,42.713455146528432,44,18214,18170,18214,0.0024357318544203309,2.7847043253220083e-41,0.067688616139315635,10.656460006508404,23.270009457384585,44,0,1,1,1,1,1
windows_msvc_cpu,cpu,32,coupled,4,1,0,0,1,31,0.027846999224770609,-0.28582030625260563,0.00013854776375140371,-0.0013901209898201882,0.027708451461019204,-0.28443018526278546,0.027746015391072833,-0.28461424026075494,0.0048646690529964799,46.378816896308443,44.538391271668772,40,18170,18130,18170,0.0025524940504297439,5.6597641482292657e-34,0.069802111150016347,9.2594827543370659,18.970762151537983,40,0,1,1,1,1,1
windows_msvc_cpu,cpu,32,isolated,5,1,0,0,1,0,0.0625,-0.63457314922559527,0.0062499999999997766,-0.063457314922570437,0.056250000000000223,-0.57111583430302482,0.055069953453087808,-0.57102462945610277,0.10000000000001699,3276.7999999981153,2949.1200000006443,3283,32768,29485,32768,0.099999999999942482,0.10000000000000001,0.10000000000000001,0,0,3283,0,1,1,1,1,1
windows_msvc_cpu,cpu,32,isolated,5,1,0,0,1,1,0.055069953453087808,-0.57102462945610277,0.0055069953453086313,-0.057102462945619104,0.049562958107779179,-0.51392216651048361,0.049174996227520043,-0.51377124174442912,0.10000000000001528,2948.4999999984138,2653.6500000001665,2936,29485,26549,29485,0.099999999999946201,0.10000000000000001,0.10000000000000001,0,0,2936,0,1,1,1,1,1
windows_msvc_cpu,cpu,32,isolated,5,1,0,0,1,2,0.049174996227520043,-0.51377124174442912,0.0049174996227518411,-0.051377124174438335,0.044257496604768201,-0.46239411756999077,0.045195332972023397,-0.46092256882337812,0.099999999999991138,2654.8999999986809,2389.4099999997393,2727,26549,23822,26549,0.099999999999950309,0.10000000000000001,0.10000000000000001,0,0,2727,0,1,1,1,1,1
windows_msvc_cpu,cpu,32,isolated,5,1,0,0,1,3,0.045195332972023397,-0.46092256882337812,0.0045195332972021423,-0.046092256882338964,0.040675799674821253,-0.41483031194103914,0.041170733214533489,-0.41556043457536046,0.10000000000000245,2382.1999999989289,2143.9799999993425,2349,23822,21473,23822,0.099999999999955042,0.10000000000000001,0.10000000000000001,0,0,2349,0,1,1,1,1,1
windows_msvc_cpu,cpu,32,isolated,5,1,0,0,1,4,0.041170733214533489,-0.41556043457536046,0.004117073321453322,-0.041556043457540368,0.037053659893080168,-0.37400439111782008,0.035491795300769999,-0.37527832684877188,0.10000000000001029,2147.2999999991425,1932.5699999992921,2119,21473,19354,21473,0.099999999999960065,0.10000000000000001,0.10000000000000001,0,0,2119,0,1,1,1,1,1
windows_msvc_cpu,cpu,32,isolated,5,1,0,0,1,5,0.035491795300769999,-0.37527832684877188,0.003549179530076968,-0.037527832684882828,0.031942615770693031,-0.33775049416388903,0.033102851809803158,-0.33817531421935682,0.10000000000001487,1935.3999999993353,1741.8599999994656,1907,19354,17447,19354,0.099999999999965658,0.10000000000000001,0.10000000000000001,0,0,1907,0,1,1,1,1,1
windows_msvc_cpu,cpu,32,isolated,5,1,0,0,1,6,0.033102851809803158,-0.33817531421935682,0.0033102851809802356,-0.033817531421935859,0.029792566628822924,-0.30435778279742098,0.031822034814109085,-0.30361953723626089,0.10000000000000049,1744.6999999995087,1570.2299999996217,1761,17447,15686,17447,0.099999999999971834,0.10000000000000001,0.10000000000000001,0,0,1761,0,1,1,1,1,1
windows_msvc_cpu,cpu,32,isolated,5,1,0,0,1,7,0.031822034814109085,-0.30361953723626089,0.0031822034814107843,-0.030361953723622079,0.0286398313326983,-0.27325758351263879,0.028509582968179528,-0.27245278876635864,0.099999999999986905,1568.5999999996689,1411.7399999997658,1592,15686,14094,15686,0.099999999999978884,0.10000000000000001,0.10000000000000001,0,0,1592,0,1,1,1,1,1
windows_msvc_cpu,cpu,32,isolated,5,1,0,0,1,8,0.028509582968179528,-0.27245278876635864,0.0028509582968178422,-0.027245278876633021,0.025658624671361686,-0.24520750988972562,0.024610499112988994,-0.24527271115180396,0.099999999999989653,1409.3999999998136,1268.4599999998961,1411,14094,12683,14094,0.09999999999998678,0.10000000000000001,0.10000000000000001,0,0,1411,0,1,1,1,1,1
windows_msvc_cpu,cpu,32,isolated,5,1,0,0,1,9,0.024610499112988994,-0.24527271115180396,0.0024610499112988999,-0.024527271115178512,0.022149449201690093,-0.22074544003662544,0.022470793087232516,-0.22022158508561651,0.099999999999992387,1268.299999999942,1141.4700000000116,1298,12683,11385,12683,0.099999999999995426,0.10000000000000001,0.10000000000000001,0,0,1298,0,1,1,1,1,1
windows_msvc_cpu,cpu,32,isolated,5,1,0,0,1,10,0.022470793087232516,-0.22022158508561651,0.0022470793087232561,-0.022022158508560381,0.020223713778509261,-0.19819942657705614,0.019287641890539976,-0.19701169931566939,0.099999999999994288,1138.50000000006,1024.6500000001179,1182,11385,10203,11385,0.10000000000000528,0.10000000000000001,0.10000000000000001,0,0,1182,0,1,1,1,1,1
windows_msvc_cpu,cpu,32,isolated,5,1,0,0,1,11,0.019287641890539976,-0.19701169931566939,0.0019287641890539736,-0.019701169931565912,0.017358877701486003,-0.17731052938410347,0.016562473491660762,-0.17725578405829401,0.099999999999994815,1020.3000000001634,918.27000000008104,1047,10203,9156,10203,0.10000000000001602,0.10000000000000001,0.10000000000000001,0,0,1047,0,1,1,1,1,1
windows_msvc_cpu,cpu,32,isolated,5,1,0,0,1,12,0.016562473491660762,-0.17725578405829401,0.0016562473491660823,-0.017725578405828654,0.014906226142494679,-0.15953020565246534,0.015856976548414285,-0.15929244795806768,0.099999999999995828,915.60000000013963,824.04000000004771,924,9156,8232,9156,0.10000000000001524,0.10000000000000001,0.10000000000000001,0,0,924,0,1,1,1,1,1
windows_msvc_cpu,cpu,32,isolated,5,1,0,0,1,13,0.015856976548414285,-0.15929244795806768,0.0015856976548414739,-0.015929244795806118,0.014271278893572811,-0.14336320316226156,0.013984795748569583,-0.1440724109872327,0.099999999999995981,823.20000000011862,740.8800000000183,782,8232,7450,8232,0.10000000000001441,0.10000000000000001,0.10000000000000001,0,0,782,0,1,1,1,1,1
windows_msvc_cpu,cpu,32,isolated,5,1,0,0,1,14,0.013984795748569583,-0.1440724109872327,0.0013984795748569912,-0.014407241098722406,0.012586316173712591,-0.12966516988851029,0.013077356558321283,-0.12991830169424715,0.099999999999994094,745.00000000010084,670.49999999999341,730,7450,6720,7450,0.10000000000001354,0.10000000000000001,0.10000000000000001,0,0,730,0,1,1,1,1,1
windows_msvc_cpu,cpu,32,isolated,5,1,0,0,1,15,0.013077356558321283,-0.12991830169424715,0.0013077356558321321,-0.012991830169423874,0.011769620902489151,-0.11692647152482327,0.011750271246944662,-0.1168623274963507,0.099999999999993608,672.00000000008424,604.79999999997017,671,6720,6049,6720,0.10000000000001254,0.10000000000000001,0.10000000000000001,0,0,671,0,1,1,1,1,1
windows_msvc_cpu,cpu,32,isolated,5,1,0,0,1,16,0.011750271246944662,-0.1168623274963507,0.0011750271246944533,-0.011686232749634163,0.010575244122250209,-0.10517609474671653,0.010251628566247787,-0.10553950617699569,0.099999999999992303,604.90000000006899,544.40999999994881,584,6049,5465,6049,0.1000000000000114,0.10000000000000001,0.10000000000000001,0,0,584,0,1,1,1,1,1
windows_msvc_cpu,cpu,32,isolated,5,1,0,0,1,17,0.010251628566247787,-0.10553950617699569,0.0010251628566247703,-0.010553950617698924,0.0092264657096230163,-0.094985555559296761,0.009210534488906295,-0.094528246822103437,0.099999999999993955,546.50000000005571,491.8499999999429,581,5465,4884,5465,0.10000000000001019,0.10000000000000001,0.10000000000000001,0,0,581,0,1,1,1,1,1
windows_msvc_cpu,cpu,32,isolated,5,1,0,0,1,18,0.009210534488906295,-0.094528246822103437,0.00092105344889063009,-0.0094528246822097057,0.0082894810400156657,-0.085075422139893733,0.0085041012066693501,-0.08520392701434909,0.099999999999993303,488.40000000004255,439.55999999995743,479,4884,4405,4884,0.10000000000000871,0.10000000000000001,0.10000000000000001,0,0,479,0,1,1,1,1,1
windows_msvc_cpu,cpu,32,isolated,5,1,0,0,1,19,0.0085041012066693501,-0.08520392701434909,0.00085041012066693793,-0.0085203927014344538,0.0076536910860024124,-0.076683534312914636,0.0082330344500959746,-0.077315021481153962,0.099999999999994718,440.50000000003166,396.44999999996941,417,4405,3988,4405,0.10000000000000719,0.10000000000000001,0.10000000000000001,0,0,417,0,1,1,1,1,1
windows_msvc_cpu,cpu,32,isolated,5,1,0,0,1,20,0.0082330344500959746,-0.077315021481153962,0.00082330344500959867,-0.0077315021481151004,0.0074097310050863759,-0.069583519333038857,0.0081068082881411273,-0.069179508030699707,0.099999999999996217,398.80000000002218,358.91999999997984,415,3988,3573,3988,0.10000000000000556,0.10000000000000001,0.10000000000000001,0,0,415,0,1,1,1,1,1
windows_msvc_cpu,cpu,32,isolated,5,1,0,0,1,21,0.0081068082881411273,-0.069179508030699707,0.00081068082881411286,-0.0069179508030697218,0.0072961274593270143,-0.062261557227629986,0.0068910796257683716,-0.062032282037366854,0.099999999999996439,357.30000000001274,321.56999999999022,381,3573,3192,3573,0.10000000000000357,0.10000000000000001,0.10000000000000001,0,0,381,0,1,1,1,1,1
windows_msvc_cpu,cpu,32,isolated,5,1,0,0,1,22,0.0068910796257683716,-0.062032282037366854,0.00068910796257684755,-0.0062032282037366862,0.006201971663191524,-0.055829053833630168,0.005802319883435169,-0.055127656175648139,0.10000000000000003,319.20000000000408,287.27999999999975,349,3192,2843,3192,0.10000000000000128,0.10000000000000001,0.10000000000000001,0,0,349,0,1,1,1,1,1
windows_msvc_cpu,cpu,32,isolated,5,1,0,0,1,23,0.005802319883435169,-0.055127656175648139,0.00058023198834352351,-0.0055127656175648545,0.0052220878950916452,-0.049614890558083283,0.0047592394575149766,-0.049535861403752386,0.10000000000000073,284.29999999999615,255.87000000000842,297,2843,2546,2843,0.099999999999998646,0.10000000000000001,0.10000000000000001,0,0,297,0,1,1,1,1,1
windows_msvc_cpu,cpu,32,isolated,5,1,0,0,1,24,0.0047592394575149766,-0.049535861403752386,0.00047592394575150045,-0.0049535861403752256,0.0042833155117634764,-0.044582275263377158,0.0044471436378415554,-0.045082449519788854,0.099999999999999742,254.59999999998982,229.1400000000074,238,2546,2308,2546,0.099999999999995995,0.10000000000000001,0.10000000000000001,0,0,238,0,1,1,1,1,1
windows_msvc_cpu,cpu,32,isolated,5,1,0,0,1,25,0.0044471436378415554,-0.045082449519788854,0.00044471436378415999,-0.0045082449519789139,0.0040024292740573958,-0.040574204567809941,0.0042233370223937515,-0.040786983989999318,0.10000000000000063,230.79999999999117,207.72000000000659,224,2308,2084,2308,0.099999999999996175,0.10000000000000001,0.10000000000000001,0,0,224,0,1,1,1,1,1
windows_msvc_cpu,cpu,32,isolated,5,1,0,0,1,26,0.0042233370223937515,-0.040786983989999318,0.00042233370223937944,-0.0040786983989999836,0.003801003320154372,-0.036708285590999333,0.0036531788199469718,-0.036260907132005651,0.10000000000000127,208.39999999999245,187.56000000000583,238,2084,1846,2084,0.09999999999999637,0.10000000000000001,0.10000000000000001,0,0,238,0,1,1,1,1,1
windows_msvc_cpu,cpu,32,isolated,5,1,0,0,1,27,0.0036531788199469718,-0.036260907132005651,0.00036531788199469536,-0.0036260907132006424,0.0032878609379522767,-0.032634816418805009,0.0032912507376884601,-0.032277505951710986,0.10000000000000209,184.5999999999938,166.14000000000502,195,1846,1651,1846,0.099999999999996647,0.10000000000000001,0.10000000000000001,0,0,195,0,1,1,1,1,1
windows_msvc_cpu,cpu,32,isolated,5,1,0,0,1,28,0.0032912507376884601,-0.032277505951710986,0.00032912507376884356,-0.0032277505951711395,0.0029621256639196167,-0.029049755356539846,0.0030680017760612061,-0.029417097591107864,0.10000000000000125,165.09999999999491,148.59000000000435,151,1651,1500,1651,0.099999999999996911,0.10000000000000001,0.10000000000000001,0,0,151,0,1,1,1,1,1
windows_msvc_cpu,cpu,32,isolated,5,1,0,0,1,29,0.0030680017760612061,-0.029417097591107864,0.0003068001776061174,-0.0029417097591108205,0.0027612015984550889,-0.026475387831997044,0.0027590802465265198,-0.026090950269398991,0.10000000000000113,149.99999999999577,135.00000000000384,171,1500,1329,1500,0.099999999999997174,0.10000000000000001,0.10000000000000001,0,0,171,0,1,1,1,1,1
windows_msvc_cpu,cpu,32,isolated,5,1,0,0,1,30,0.0027590802465265198,-0.026090950269398991,0.00027590802465265112,-0.0026090950269399391,0.0024831722218738687,-0.023481855242459052,0.0021157645689049713,-0.023360806928723884,0.10000000000000152,132.89999999999674,119.61000000000327,133,1329,1196,1329,0.099999999999997549,0.10000000000000001,0.10000000000000001,0,0,133,0,1,1,1,1,1
windows_msvc_cpu,cpu,32,isolated,5,1,0,0,1,31,0.0021157645689049713,-0.023360806928723884,0.00021157645689049323,-0.0023360806928724204,0.001904188112014478,-0.021024726235851464,0.0016407576138128745,-0.020513721200071149,0.10000000000000134,119.59999999999748,107.64000000000281,141,1196,1055,1196,0.099999999999997896,0.10000000000000001,0.10000000000000001,0,0,141,0,1,1,1,1,1
windows_msvc_cpu,cpu,32,coupled,5,1,0,0,1,0,0.0625,-0.63457314922559527,0.0061954043502147355,-0.062902995987874022,0.056304595649785266,-0.5716701532377213,0.055304435606882266,-0.57157008042988311,0.099126469603445982,3135.2000853783129,2832.2647853064846,3137,32768,29631,32768,0.095678713543039334,0.070982009395745213,0.10000000000000001,0.012770366987580484,0.087568230771977076,3137,0,1,1,1,1,1
windows_msvc_cpu,cpu,32,coupled,5,1,0,0,1,1,0.055304435606882266,-0.57157008042988311,0.0050795476051414459,-0.052851352374070244,0.050224888001740818,-0.51871872805581287,0.048982843480414942,-0.5186474813844536,0.092461217782663641,2446.6687996500336,2225.3456324149042,2452,29631,27179,29631,0.082571253067734246,0.016751031132163526,0.10000000000000001,0.073512619995976206,0.45648994374651014,2452,0,1,1,1,1,1
windows_msvc_cpu,cpu,32,coupled,5,1,0,0,1,2,0.048982843480414942,-0.5186474813844536,0.0040541558163213103,-0.0433512103946,0.044928687664093629,-0.47529627098985361,0.044767849703703039,-0.47394811395082542,0.083577882935602268,1890.2946766624354,1730.1891956812538,1964,27179,25215,27179,0.069549824374054797,0.0013566926660262329,0.099960338454094591,0.1926601953025795,1.0986457080611258,1964,0,1,1,1,1,1
windows_msvc_cpu,cpu,32,coupled,5,1,0,0,1,3,0.044767849703703039,-0.47394811395082542,0.0033907769090421669,-0.036296289269351661,0.041377072794660873,-0.43765182468147379,0.04139795203979095,-0.43907338583329114,0.076575391458225894,1506.8309948945891,1384.1860617575344,1436,25215,23779,25215,0.059759309732087609,4.6840291237593651e-05,0.09930671680123275,0.37547606984100057,1.9586469730398357,1436,0,1,1,1,1,1
windows_msvc_cpu,cpu,32,coupled,5,1,0,0,1,4,0.04139795203979095,-0.43907338583329114,0.002935771739805716,-0.030759675672117563,0.038462180299985237,-0.40831371016117357,0.03734028928817415,-0.40859651056555801,0.070063464938401057,1227.9757006167952,1131.2912703829084,1215,23779,22564,23779,0.051641183423053752,8.4776746556195828e-07,0.096697603457089915,0.63788605462441006,2.9836528623383738,1215,0,1,1,1,1,1
windows_msvc_cpu,cpu,32,coupled,5,1,0,0,1,5,0.03734028928817415,-0.40859651056555801,0.0024989759935343143,-0.026193844738350396,0.034841313294639839,-0.38240266582720761,0.034466362337050832,-0.38251458421025225,0.06413020897834229,1008.8455465119653,930.26462730247079,1005,22564,21559,22564,0.044710403585887487,9.75424256051214e-09,0.096789336499155235,0.99227600862760734,4.1243994753352951,1005,0,1,1,1,1,1
windows_msvc_cpu,cpu,32,coupled,5,1,0,0,1,6,0.034466362337050832,-0.38251458421025225,0.0020066578750312656,-0.021301848339389275,0.032459704462019567,-0.361212735870863,0.032928872813271629,-0.36006179508542951,0.055709373031185713,793.98354378102567,734.84369360398136,833,21559,20726,21559,0.036828403162531921,8.531096516732178e-11,0.093882986436036792,1.4622398042098301,5.3352148698927078,833,0,1,1,1,1,1
windows_msvc_cpu,cpu,32,coupled,5,1,0,0,1,7,0.032928872813271629,-0.36006179508542951,0.0016534213308450694,-0.017046886359405829,0.03127545148242656,-0.34301490872602369,0.030981727257703793,-0.34167803409316333,0.047368119916411232,617.90993112526508,573.55903098481542,666,20726,20060,20726,0.029813274685190828,3.8662352025829557e-13,0.093663952833820466,2.04048500967476,6.7140039610084461,666,0,1,1,1,1,1
windows_msvc_cpu,cpu,32,coupled,5,1,0,0,1,8,0.030981727257703793,-0.34167803409316333,0.0012831269669723716,-0.013374191938101927,0.02969860029073142,-0.32830384215506142,0.029330981881832922,-0.32815857090807565,0.039161209727664098,473.49731614193303,440.85292543461418,483,20060,19577,20060,0.023604053646158175,1.9196229335141747e-15,0.092693087484683523,2.7211470133568305,8.0694706714123008,483,0,1,1,1,1,1
windows_msvc_cpu,cpu,32,coupled,5,1,0,0,1,9,0.029330981881832922,-0.32815857090807565,0.00098150041309979564,-0.01034747426601537,0.028349481468733125,-0.31781109664206031,0.02836779000994279,-0.31761263443714038,0.031547237772711699,358.92649572058269,335.05998484537815,366,19577,19211,19577,0.018334090806588481,4.5201677126704679e-18,0.091404930609881418,3.4885389055714584,9.6155374555445565,366,0,1,1,1,1,1
windows_msvc_cpu,cpu,32,coupled,5,1,0,0,1,10,0.02836779000994279,-0.31761263443714038,0.00073863764311871269,-0.0075693834813449568,0.027629152366824079,-0.31004325095579544,0.027626120534444652,-0.30953992464025137,0.023849580204613287,258.37567476829622,242.17239427880443,276,19211,18935,19211,0.013449361031091366,8.1996929327079941e-21,0.091664764202094851,4.3425798394016217,11.228255092146822,276,0,1,1,1,1,1
windows_msvc_cpu,cpu,32,coupled,5,1,0,0,1,11,0.027626120534444652,-0.30953992464025137,0.00049189866858861291,-0.0050585676622838379,0.02713422186585604,-0.30448135697796752,0.027249880688324603,-0.30492158857462154,0.016353777940270361,170.44385280414568,160.81483306568336,155,18935,18780,18935,0.0090015237815762178,1.5407537790198035e-23,0.08734925380964749,5.2789979464102226,12.831976211229003,155,0,1,1,1,1,1
windows_msvc_cpu,cpu,32,coupled,5,1,0,0,1,12,0.027249880688324603,-0.30492158857462154,0.00029260806833703869,-0.0030822877425480556,0.026957272619987566,-0.3018393008320735,0.026943712271470563,-0.30232012463401947,0.010113447808215152,102.91472074415655,97.974473855100825,87,18780,18693,18780,0.0054800170790285704,2.669076058029776e-26,0.079528993343933541,6.2616976155065602,14.456468702241727,87,0,1,1,1,1,1
windows_msvc_cpu,cpu,32,coupled,5,1,0,0,1,13,0.026943712271470563,-0.30232012463401947,0.00015603212825510308,-0.0016629631947926683,0.026787680143215462,-0.30065716143922683,0.026824867385342094,-0.30047729420848723,0.0055029580689999772,55.201746132677812,53.238473767106974,61,18693,18632,18693,0.0029530704612784364,4.0816498227785879e-29,0.066411880717750477,7.2845549118684563,16.112818905537416,61,0,1,1,1,1,1
windows_msvc_cpu,cpu,32,coupled,5,1,0,0,1,14,0.026824867385342094,-0.30047729420848723,7.7752932840244717e-05,-0.00083251121084921881,0.026747114452501847,-0.29964478299763803,0.026741515807332205,-0.29957114905203946,0.0027716407184554736,27.566247284164714,26.973617883077321,30,18632,18602,18632,0.0014795109104854397,1.0841909678949152e-32,0.03954087610427312,8.3362721499644188,18.21639127888999,30,0,1,1,1,1,1
windows_msvc_cpu,cpu,32,coupled,5,1,0,0,1,15,0.026741515807332205,-0.29957114905203946,4.1892817486439556e-05,-0.00045847962673303393,0.026699622989845767,-0.29911266942530645,0.026711747386614387,-0.29911631731369637,0.0015307388354072831,15.166912133536858,14.972187532495131,15,18602,18587,18602,0.00081533771280168038,2.0683679798814711e-35,0.026916426086305054,9.3940230421292252,19.816237691961224,15,0,1,1,1,1,1
windows_msvc_cpu,cpu,32,coupled,5,1,0,0,1,16,0.026711747386614387,-0.29911631731369637,3.2791487960832891e-05,-0.00036290831227829079,0.026678955898653555,-0.29875340900141806,0.026646256861035188,-0.29860396873934181,0.0012133816216687264,12.001643154665903,11.875445567576687,17,18587,18570,18587,0.00064570092831903495,1.447007418079979e-38,0.029338031407224574,10.434379268432254,21.672390499725786,17,0,1,1,1,1,1
windows_msvc_cpu,cpu,32,coupled,5,1,0,0,1,17,0.026646256861035188,-0.29860396873934181,4.001471886285796e-05,-0.00044394233138608682,0.026606242142172328,-0.29816002640795575,0.026592673703743117,-0.29809044739157448,0.0014868444649046044,14.680517670413577,14.490749717254578,17,18570,18553,18570,0.00079055022457800626,1.2618080775869317e-41,0.028689476801369154,11.438141388972573,23.472255793274911,17,0,1,1,1,1,1
windows_msvc_cpu,cpu,32,coupled,5,1,0,0,1,18,0.026592673703743117,-0.29809044739157448,6.1317949852369267e-05,-0.00067213934018317762,0.026531355753890748,-0.2974183080513913,0.026515275809876806,-0.29712150791875763,0.0022552194818416769,22.229770794379441,21.802237805613338,32,18553,18521,18553,0.001198176618033711,1.5283835172606219e-43,0.038307862707065418,12.384966233648289,24.599870418840929,32,0,1,1,1,1,1
windows_msvc_cpu,cpu,32,coupled,5,1,0,0,1,19,0.026515275809876806,-0.29712150791875763,8.7346405669517781e-05,-0.00094449006954276616,0.026427929404207288,-0.29617701784921485,0.026431924231866914,-0.29645833061389743,0.0031797124401142288,31.245574200499927,30.401904638365803,22,18521,18499,18521,0.0016870349441444807,1.4050775063644915e-45,0.046796045111115521,13.260841382635293,25.797945396091144,22,0,1,1,1,1,1
windows_msvc_cpu,cpu,32,coupled,5,1,0,0,1,20,0.026431924231866914,-0.29645833061389743,0.00010219656924244129,-0.0011141753271013963,0.026329727662624473,-0.29534415528679603,0.026372387390431278,-0.29558035748874906,0.0037591391552060068,36.868078439185439,35.697235593621912,29,18499,18470,18499,0.0019929768332983102,3.1003088701761912e-48,0.053564984824509013,14.028462004859268,27.360621972252588,29,0,1,1,1,1,1
windows_msvc_cpu,cpu,32,coupled,5,1,0,0,1,21,0.026372387390431278,-0.29558035748874906,9.4535395196898618e-05,-0.0010512327890298018,0.026277851995234379,-0.29452912469971926,0.026294989496564967,-0.29473348832843216,0.0035567263948798836,34.801727999983292,33.760049832676529,28,18470,18442,18470,0.0018842299945849102,8.582359533282708e-51,0.050689960018571317,14.66803226329997,28.865353542470288,28,0,1,1,1,1,1
windows_msvc_cpu,cpu,32,coupled,5,1,0,0,1,22,0.026294989496564967,-0.29473348832843216,8.3034938271981165e-05,-0.00094238127030627547,0.026211954558292987,-0.29379110705812589,0.026211637918555079,-0.29385668797669673,0.0031970888742333596,31.219762303556482,30.390846891987675,29,18442,18413,18442,0.0016928620704672207,6.5287959603836281e-54,0.050243373179462474,15.143509244858127,30.700102273029721,29,0,1,1,1,1,1
windows_msvc_cpu,cpu,32,coupled,5,1,0,0,1,23,0.026211637918555079,-0.29385668797669673,8.3125261309532959e-05,-0.00094991170194797436,0.026128512657245546,-0.29290677627474876,0.026075160776738691,-0.29283605046590827,0.0032320843814436641,31.481853057633309,30.640632365074662,34,18413,18379,18413,0.0017097622906442898,2.0960792772536767e-57,0.048566272108885249,15.427243006221927,32.755255550738603,34,0,1,1,1,1,1
windows_msvc_cpu,cpu,32,coupled,5,1,0,0,1,24,0.026075160776738691,-0.29283605046590827,9.153565952226888e-05,-0.0010559459905300438,0.02598362511721642,-0.29178010447537822,0.025967994462154562,-0.29159538472349844,0.0036051779047262893,34.992439055476041,33.927605201069355,41,18379,18338,18379,0.0019039359625374634,3.442128462189692e-58,0.053105550113239808,15.494711889827924,33.21681784919064,41,0,1,1,1,1,1
windows_msvc_cpu,cpu,32,coupled,5,1,0,0,1,25,0.025967994462154562,-0.29159538472349844,0.00010350560474797046,-0.0011837227233538431,0.025864488857406592,-0.29041166200014462,0.025848920779283292,-0.29029602937166438,0.0040588910795459551,39.232664015225005,37.856270868585142,43,18338,18295,18338,0.0021394189123800306,1.0903990323012014e-59,0.056619339373564032,15.316951554090668,34.098809298196159,43,0,1,1,1,1,1
windows_msvc_cpu,cpu,32,coupled,5,1,0,0,1,26,0.025848920779283292,-0.29029602937166438,0.00010829374189287016,-0.0012555604125339651,0.025740627037390423,-0.28904046895913044,0.025694811381779016,-0.288578742509848,0.0043240368378713381,41.637074926144557,40.075526039458147,57,18295,18238,18295,0.0022758718188655128,1.51097830502754e-59,0.065029449871120026,14.855492473035056,34.015464378064678,57,0,1,1,1,1,1
windows_msvc_cpu,cpu,32,coupled,5,1,0,0,1,27,0.025694811381779016,-0.288578742509848,0.0001065673338897808,-0.001242394386712682,0.025588244047889234,-0.2873363481231353,0.025564287924106192,-0.28737675869043006,0.0043039768361715436,41.263194190117403,39.770512142489991,40,18238,18198,18238,0.0022624846030330848,3.0700413889665393e-57,0.063756853922424625,14.11135194504558,32.657754122574914,40,0,1,1,1,1,1
windows_msvc_cpu,cpu,32,coupled,5,1,0,0,1,28,0.025564287924106192,-0.28737675869043006,0.00010467074431328334,-0.0012497357806023636,0.02545961717979291,-0.28612702290982767,0.025428497172518185,-0.28602739685720852,0.004346774188582531,41.573193285201782,40.137174292163373,45,18198,18153,18198,0.0022844924324212433,1.4233499249142742e-52,0.061342507275684757,13.085156323923545,29.91268638575211,45,0,1,1,1,1,1
windows_msvc_cpu,cpu,32,coupled,5,1,0,0,1,29,0.025428497172518185,-0.28602739685720852,0.00010677913455016223,-0.001287812976648059,0.025321718037968025,-0.28473958388056048,0.025357510556281011,-0.2848230674909647,0.0045000335354366539,42.881654685265865,41.36900306162282,40,18153,18113,18153,0.0023622351504030115,1.6975786949929731e-46,0.061819873464868419,11.858852558643244,26.337920943872351,40,0,1,1,1,1,1
windows_msvc_cpu,cpu,32,coupled,5,1,0,0,1,30,0.025357510556281011,-0.2848230674909647,0.00011347420959434686,-0.0013563010812946785,0.025244036346686663,-0.28346676640967,0.025251030631925232,-0.28326184177098745,0.0047596510366324203,45.178843840831426,43.464887445138437,52,18113,18061,18113,0.0024942772506393986,5.205777700063026e-40,0.070482743802175202,10.509765903428733,22.521875019433939,52,0,1,1,1,1,1
windows_msvc_cpu,cpu,32,coupled,5,1,0,0,1,31,0.025251030631925232,-0.28326184177098745,0.0001176318839740818,-0.001404155567611295,0.02513339874795115,-0.28185768620337615,0.025169051834372069,-0.28215952996178578,0.004954739852646591,46.805214449326115,44.9412309077929,37,18061,18024,18061,0.0025915073611276294,1.5828620280808737e-33,0.07537985374905648,9.1260631428699206,18.708004751094119,37,0,1,1,1,1,1
windows_msvc_cpu,cpu,32,isolated,6,1,0,0,1,0,0.0625,-0.63457314922559527,0.0062499999999997766,-0.063457314922570437,0.056250000000000223,-0.57111583430302482,0.058574099582541672,-0.57170830769908532,0.10000000000001699,3276.7999999981153,2949.1200000006443,3266,32768,29502,32768,0.099999999999942482,0.10000000000000001,0.10000000000000001,0,0,3266,0,1,1,1,1,1
windows_msvc_cpu,cpu,32,isolated,6,1,0,0,1,1,0.058574099582541672,-0.57170830769908532,0.0058574099582539702,-0.057170830769917871,0.052716689624287702,-0.5145374769291674,0.052528873611192309,-0.5140922989448462,0.10000000000001612,2950.1999999984123,2655.180000000169,2938,29502,26564,29502,0.099999999999946187,0.10000000000000001,0.10000000000000001,0,0,2938,0,1,1,1,1,1
windows_msvc_cpu,cpu,32,isolated,6,1,0,0,1,2,0.052528873611192309,-0.5140922989448462,0.0052528873611190378,-0.051409229894479547,0.047275986250073274,-0.46268306905036666,0.047687029121073782,-0.46245488738291141,0.099999999999990194,2656.3999999986795,2390.7599999997415,2666,26564,23898,26564,0.099999999999950295,0.10000000000000001,0.10000000000000001,0,0,2666,0,1,1,1,1,1
windows_msvc_cpu,cpu,32,isolated,6,1,0,0,1,3,0.047687029121073782,-0.46245488738291141,0.0047687029121072366,-0.046245488738292012,0.042918326208966545,-0.41620939864461937,0.042701190747437875,-0.41596116056799087,0.10000000000000184,2389.799999998922,2150.8199999993535,2362,23898,21536,23898,0.099999999999954889,0.10000000000000001,0.10000000000000001,0,0,2362,0,1,1,1,1,1
windows_msvc_cpu,cpu,32,isolated,6,1,0,0,1,4,0.042701190747437875,-0.41596116056799087,0.0042701190747437365,-0.041596116056803224,0.038431071672694141,-0.37436504451118763,0.037291368670051755,-0.3738059501186895,0.10000000000000984,2153.5999999991368,1938.239999999287,2187,21536,19349,21536,0.099999999999959913,0.10000000000000001,0.10000000000000001,0,0,2187,0,1,1,1,1,1
windows_msvc_cpu,cpu,32,isolated,6,1,0,0,1,5,0.037291368670051755,-0.3738059501186895,0.0037291368670051075,-0.03738059501187458,0.033562231803046648,-0.33642535510681493,0.034120438030842054,-0.33542733320599355,0.1000000000000149,1934.8999999993357,1741.409999999466,1981,19349,17368,19349,0.099999999999965672,0.10000000000000001,0.10000000000000001,0,0,1981,0,1,1,1,1,1
windows_msvc_cpu,cpu,32,isolated,6,1,0,0,1,6,0.034120438030842054,-0.33542733320599355,0.0034120438030840524,-0.033542733320599198,0.030708394227758,-0.30188459988539434,0.030285823730077686,-0.30256043987644954,0.099999999999999478,1736.7999999995159,1563.1199999996281,1744,17368,15624,17368,0.099999999999972125,0.10000000000000001,0.10000000000000001,0,0,1744,0,1,1,1,1,1
windows_msvc_cpu,cpu,32,isolated,6,1,0,0,1,7,0.030285823730077686,-0.30256043987644954,0.0030285823730076492,-0.030256043987640997,0.027257241357070035,-0.27230439588880856,0.027076778245141986,-0.27132952691364615,0.09999999999998703,1562.3999999996745,1406.1599999997709,1615,15624,14009,15624,0.099999999999979161,0.10000000000000001,0.10000000000000001,0,0,1615,0,1,1,1,1,1
windows_msvc_cpu,cpu,32,isolated,6,1,0,0,1,8,0.027076778245141986,-0.27132952691364615,0.0027076778245141227,-0.02713295269136182,0.024369100420627864,-0.24419657422228433,0.023779345014518311,-0.24375810303698331,0.099999999999989791,1400.8999999998214,1260.8099999999031,1424,14009,12585,14009,0.099999999999987252,0.10000000000000001,0.10000000000000001,0,0,1424,0,1,1,1,1,1
windows_msvc_cpu,cpu,32,isolated,6,1,0,0,1,9,0.023779345014518311,-0.24375810303698331,0.0023779345014518778,-0.02437581030369643,0.021401410513066432,-0.21938229273328688,0.020754829602390921,-0.21922513836871399,0.099999999999992303,1258.4999999999509,1132.6500000000196,1267,12585,11318,12585,0.099999999999996092,0.10000000000000001,0.10000000000000001,0,0,1267,0,1,1,1,1,1
windows_msvc_cpu,cpu,32,isolated,6,1,0,0,1,10,0.020754829602390921,-0.21922513836871399,0.0020754829602391113,-0.021922513836869991,0.01867934664215181,-0.197302624531844,0.019354205946460704,-0.19741445544885816,0.099999999999993636,1131.8000000000661,1018.6200000001165,1128,11318,10190,11318,0.10000000000000585,0.10000000000000001,0.10000000000000001,0,0,1128,0,1,1,1,1,1
windows_msvc_cpu,cpu,32,isolated,6,1,0,0,1,11,0.019354205946460704,-0.19741445544885816,0.0019354205946460869,-0.01974144554488463,0.017418785351814618,-0.17767300990397353,0.01789294566264894,-0.17736827789005638,0.099999999999994052,1019.0000000001631,917.10000000008063,1047,10190,9143,10190,0.10000000000001601,0.10000000000000001,0.10000000000000001,0,0,1047,0,1,1,1,1,1
windows_msvc_cpu,cpu,32,isolated,6,1,0,0,1,12,0.01789294566264894,-0.17736827789005638,0.0017892945662649356,-0.017736827789004719,0.016103651096384005,-0.15963145010105168,0.016590966587445768,-0.16026560348989299,0.099999999999994885,914.30000000013933,822.8700000000473,879,9143,8264,9143,0.10000000000001524,0.10000000000000001,0.10000000000000001,0,0,879,0,1,1,1,1,1
windows_msvc_cpu,cpu,32,isolated,6,1,0,0,1,13,0.016590966587445768,-0.16026560348989299,0.0016590966587446494,-0.016026560348988497,0.014931869928701118,-0.14423904314090449,0.015887126726816348,-0.1435707768410599,0.099999999999995093,826.40000000011935,743.76000000001932,831,8264,7433,8264,0.10000000000001444,0.10000000000000001,0.10000000000000001,0,0,831,0,1,1,1,1,1
windows_msvc_cpu,cpu,32,isolated,6,1,0,0,1,14,0.015887126726816348,-0.1435707768410599,0.0015887126726816933,-0.01435707768410511,0.014298414054134654,-0.1292136991569548,0.014812115211420705,-0.12842962775076947,0.099999999999993996,743.30000000010045,668.96999999999287,780,7433,6653,7433,0.10000000000001351,0.10000000000000001,0.10000000000000001,0,0,780,0,1,1,1,1,1
windows_msvc_cpu,cpu,32,isolated,6,1,0,0,1,15,0.014812115211420705,-0.12842962775076947,0.0014812115211420957,-0.012842962775075999,0.013330903690278608,-0.11558666497569346,0.013547180629057336,-0.11496956017582924,0.099999999999992734,665.30000000008272,598.76999999996804,671,6653,5982,6653,0.10000000000001244,0.10000000000000001,0.10000000000000001,0,0,671,0,1,1,1,1,1
windows_msvc_cpu,cpu,32,isolated,6,1,0,0,1,16,0.013547180629057336,-0.11496956017582924,0.0013547180629057136,-0.01149695601758206,0.012192462566151623,-0.10347260415824718,0.011629742853581607,-0.10383666356845141,0.099999999999992567,598.20000000006746,538.37999999994668,564,5982,5418,5982,0.10000000000001127,0.10000000000000001,0.10000000000000001,0,0,564,0,1,1,1,1,1
windows_msvc_cpu,cpu,32,isolated,6,1,0,0,1,17,0.011629742853581607,-0.10383666356845141,0.0011629742853581622,-0.010383666356844547,0.010466768568223445,-0.093452997211606853,0.010298129112282266,-0.093094595300802024,0.099999999999994357,541.80000000005464,487.61999999994407,567,5418,4851,5418,0.10000000000001008,0.10000000000000001,0.10000000000000001,0,0,567,0,1,1,1,1,1
windows_msvc_cpu,cpu,32,isolated,6,1,0,0,1,18,0.010298129112282266,-0.093094595300802024,0.0010298129112282313,-0.0093094595300795974,0.0092683162010540349,-0.083785135770722427,0.0098975243863281305,-0.082999824476393189,0.09999999999999358,485.1000000000418,436.58999999995825,506,4851,4345,4851,0.10000000000000862,0.10000000000000001,0.10000000000000001,0,0,506,0,1,1,1,1,1
windows_msvc_cpu,cpu,32,isolated,6,1,0,0,1,19,0.0098975243863281305,-0.082999824476393189,0.00098975243863281149,-0.008299982447638932,0.0089077719476953199,-0.074699842028754251,0.0090126150057325861,-0.075775520057606932,0.099999999999995412,434.5000000000303,391.04999999997091,389,4345,3956,4345,0.10000000000000697,0.10000000000000001,0.10000000000000001,0,0,389,0,1,1,1,1,1
windows_msvc_cpu,cpu,32,isolated,6,1,0,0,1,20,0.0090126150057325861,-0.075775520057606932,0.00090126150057325168,-0.0075775520057604429,0.0081113535051593345,-0.068197968051846483,0.0084419789077075334,-0.068892935218426654,0.09999999999999673,395.60000000002145,356.03999999998064,350,3956,3606,3956,0.10000000000000542,0.10000000000000001,0.10000000000000001,0,0,350,0,1,1,1,1,1
windows_msvc_cpu,cpu,32,isolated,6,1,0,0,1,21,0.0084419789077075334,-0.068892935218426654,0.00084419789077074816,-0.0068892935218424264,0.0075977810169367849,-0.062003641696584226,0.0073218431419801991,-0.061902038780333318,0.099999999999996578,360.60000000001349,324.53999999998939,373,3606,3233,3606,0.10000000000000374,0.10000000000000001,0.10000000000000001,0,0,373,0,1,1,1,1,1
windows_msvc_cpu,cpu,32,isolated,6,1,0,0,1,22,0.0073218431419801991,-0.061902038780333318,0.00073218431419801579,-0.0061902038780333379,0.0065896588277821831,-0.05571183490229998,0.0064199071870580373,-0.055780247894147927,0.10000000000000009,323.30000000000501,290.96999999999872,339,3233,2894,3233,0.10000000000000155,0.10000000000000001,0.10000000000000001,0,0,339,0,1,1,1,1,1
windows_msvc_cpu,cpu,32,isolated,6,1,0,0,1,23,0.0064199071870580373,-0.055780247894147927,0.00064199071870580792,-0.0055780247894148616,0.0057779164683522295,-0.050202223104733067,0.0056938526378340357,-0.050410288903822736,0.10000000000000123,289.39999999999731,260.4600000000072,289,2894,2605,2894,0.099999999999999076,0.10000000000000001,0.10000000000000001,0,0,289,0,1,1,1,1,1
windows_msvc_cpu,cpu,32,isolated,6,1,0,0,1,24,0.0056938526378340357,-0.050410288903822736,0.00056938526378340999,-0.0050410288903822691,0.0051244673740506261,-0.045369260013440466,0.0047850220673859275,-0.044794697668384606,0.099999999999999922,260.49999999999073,234.45000000000761,283,2605,2322,2605,0.099999999999996439,0.10000000000000001,0.10000000000000001,0,0,283,0,1,1,1,1,1
windows_msvc_cpu,cpu,32,isolated,6,1,0,0,1,25,0.0047850220673859275,-0.044794697668384606,0.00047850220673859196,-0.0044794697668384831,0.0043065198606473355,-0.040315227901546125,0.0042698241917643615,-0.040471257020908688,0.10000000000000049,232.19999999999109,208.98000000000664,234,2322,2088,2322,0.099999999999996161,0.10000000000000001,0.10000000000000001,0,0,234,0,1,1,1,1,1
windows_msvc_cpu,cpu,32,isolated,6,1,0,0,1,26,0.0042698241917643615,-0.040471257020908688,0.00042698241917643668,-0.0040471257020909231,0.0038428417725879247,-0.036424131318817762,0.0034884165213635628,-0.036435762019525961,0.10000000000000132,208.79999999999242,187.92000000000584,217,2088,1871,2088,0.09999999999999637,0.10000000000000001,0.10000000000000001,0,0,217,0,1,1,1,1,1
windows_msvc_cpu,cpu,32,isolated,6,1,0,0,1,27,0.0034884165213635628,-0.036435762019525961,0.00034884165213636104,-0.0036435762019526646,0.0031395748692272019,-0.032792185817573295,0.0037178241710375697,-0.033446882356825511,0.10000000000000188,187.09999999999366,168.3900000000051,154,1871,1717,1871,0.099999999999996605,0.10000000000000001,0.10000000000000001,0,0,154,0,1,1,1,1,1
windows_msvc_cpu,cpu,32,isolated,6,1,0,0,1,28,0.0037178241710375697,-0.033446882356825511,0.00037178241710376182,-0.0033446882356826056,0.0033460417539338079,-0.030102194121142907,0.0032966399750214595,-0.029956226666773753,0.10000000000000163,171.69999999999453,154.53000000000458,190,1717,1527,1717,0.099999999999996814,0.10000000000000001,0.10000000000000001,0,0,190,0,1,1,1,1,1
windows_msvc_cpu,cpu,32,isolated,6,1,0,0,1,29,0.0032966399750214595,-0.029956226666773753,0.00032966399750214643,-0.0029956226666774063,0.0029669759775193131,-0.026960604000096346,0.0028102099813925216,-0.027504176705881608,0.10000000000000103,152.69999999999561,137.43000000000393,129,1527,1398,1527,0.099999999999997133,0.10000000000000001,0.10000000000000001,0,0,129,0,1,1,1,1,1
windows_msvc_cpu,cpu,32,isolated,6,1,0,0,1,30,0.0028102099813925216,-0.027504176705881608,0.00028102099813924957,-0.0027504176705881937,0.0025291889832532721,-0.024753759035293414,0.0022538422756638362,-0.02493140993164502,0.10000000000000117,139.79999999999634,125.8200000000035,128,1398,1270,1398,0.099999999999997383,0.10000000000000001,0.10000000000000001,0,0,128,0,1,1,1,1,1
windows_msvc_cpu,cpu,32,isolated,6,1,0,0,1,31,0.0022538422756638362,-0.02493140993164502,0.00022538422756637893,-0.0024931409931645415,0.0020284580480974574,-0.022438268938480478,0.0022319675587654645,-0.02195459084560366,0.10000000000000156,126.99999999999706,114.30000000000307,146,1270,1124,1270,0.099999999999997688,0.10000000000000001,0.10000000000000001,0,0,146,0,1,1,1,1,1
windows_msvc_cpu,cpu,32,coupled,6,1,0,0,1,0,0.0625,-0.63457314922559527,0.0061954043502147355,-0.062902995987874022,0.056304595649785266,-0.5716701532377213,0.058655971311198624,-0.57221780777126141,0.099126469603445982,3135.2000853783129,2832.2647853064846,3135,32768,29633,32768,0.095678713543039334,0.070982009395745213,0.10000000000000001,0.012770366987580484,0.087568230771977076,3135,0,1,1,1,1,1
windows_msvc_cpu,cpu,32,coupled,6,1,0,0,1,1,0.058655971311198624,-0.57221780777126141,0.0054562505860524047,-0.052941680684822495,0.05319972072514622,-0.51927612708643889,0.052523368752288732,-0.5185560103474518,0.092525366043345533,2447.4391514126305,2225.9805964648185,2448,29633,27185,29633,0.082591676556967919,0.01675103113216353,0.10000000000000001,0.07341074239726815,0.45648994374651009,2448,0,1,1,1,1,1
windows_msvc_cpu,cpu,32,coupled,6,1,0,0,1,2,0.052523368752288732,-0.5185560103474518,0.0043804545845466539,-0.043409418459925471,0.048142914167742079,-0.47514659188752634,0.047612841388884761,-0.47512531404772063,0.08370894290295916,1892.7559159402331,1732.2790305662293,1905,27185,25280,27185,0.069625010702234064,0.0013603453201880122,0.099951526913671165,0.19212798552500981,1.0979587659215815,1905,0,1,1,1,1,1
windows_msvc_cpu,cpu,32,coupled,6,1,0,0,1,3,0.047612841388884761,-0.47512531404772063,0.0035671049714395596,-0.036431956769998039,0.044045736417445198,-0.43869335727772257,0.044326903751252297,-0.4383289964689519,0.07666113180411302,1513.8394340269676,1390.5072349739291,1514,25280,23766,25280,0.059882889004231311,4.6713446689437858e-05,0.098924318813351148,0.37353950850068912,1.9593397891533506,1514,0,1,1,1,1,1
windows_msvc_cpu,cpu,32,coupled,6,1,0,0,1,4,0.044326903751252297,-0.4383289964689519,0.0030056034781053239,-0.030670447252639448,0.041321300273146976,-0.40765854921631245,0.040237880564325201,-0.40771537769796717,0.069949368733000172,1225.6775591687433,1129.3484844248667,1231,23766,22535,23766,0.051572732439987515,1.0591463555829908e-06,0.096534341994979733,0.63664771448418067,2.9267772703531483,1231,0,1,1,1,1,1
windows_msvc_cpu,cpu,32,coupled,6,1,0,0,1,5,0.040237880564325201,-0.40771537769796717,0.0024714682327441695,-0.026008321921695117,0.037766412331581033,-0.38170705577627206,0.037573046273362345,-0.38100666887982565,0.063767536565731128,1000.9987673833892,923.41489322203245,1028,22535,21507,22535,0.044419736737669815,1.5422785360067849e-08,0.094702049289541165,0.99253086227285447,4.0073475025306573,1028,0,1,1,1,1,1
windows_msvc_cpu,cpu,32,coupled,6,1,0,0,1,6,0.037573046273362345,-0.38100666887982565,0.0020529385256008647,-0.021079069168726369,0.03552010774776148,-0.35992759971109928,0.035753070492769073,-0.36126642206995174,0.055318064685081526,785.16737394389668,726.97654911809832,736,21507,20771,21507,0.036507526570135153,1.1239732758826448e-10,0.095282200657156979,1.465370652190485,5.26476627011054,736,0,1,1,1,1,1
windows_msvc_cpu,cpu,32,coupled,6,1,0,0,1,7,0.035753070492769073,-0.36126642206995174,0.001682930354674752,-0.017055456499013699,0.034070140138094319,-0.34421096557093805,0.034167268503531509,-0.3434847778403467,0.047208839500397851,617.52458648468928,573.41028575626956,639,20771,20132,20771,0.029730132708328406,2.7660361536795698e-13,0.092501655433113339,2.0367783972895861,6.799559473952133,639,0,1,1,1,1,1
windows_msvc_cpu,cpu,32,coupled,6,1,0,0,1,8,0.034167268503531509,-0.3434847778403467,0.0013330857170377602,-0.013432024944312223,0.032834182786493749,-0.33005275289603447,0.032763252097584197,-0.32973683922513458,0.039104284402723233,475.19809881509661,442.64443904967868,486,20132,19646,20132,0.023604117763515627,1.0009994188022573e-15,0.092395820488021377,2.7128951083820914,8.2358290456835697,486,0,1,1,1,1,1
windows_msvc_cpu,cpu,32,coupled,6,1,0,0,1,9,0.032763252097584197,-0.32973683922513458,0.0010130682065598547,-0.010346107402254444,0.031750183891024346,-0.31939073182288014,0.031667564508965351,-0.31942325561716356,0.031372404396550237,358.59284597772597,334.94669783315038,359,19646,19287,19646,0.018252715360771964,3.1088660909654466e-18,0.090347793487843775,3.4799819918206105,9.711165766800093,359,0,1,1,1,1,1
windows_msvc_cpu,cpu,32,coupled,6,1,0,0,1,10,0.031667564508965351,-0.31942325561716356,0.00074608586422510084,-0.0076529752035503079,0.03092147864474025,-0.31177028041361327,0.030950462676814641,-0.31181022349094084,0.023954847509589622,260.97334181457796,244.6197091471432,259,19287,19028,19287,0.013531048987119716,6.0227827927917499e-21,0.090768270839345522,4.3318385710913256,11.307086412627376,259,0,1,1,1,1,1
windows_msvc_cpu,cpu,32,coupled,6,1,0,0,1,11,0.030950462676814641,-0.31181022349094084,0.00050731212926953951,-0.0051369588844328365,0.030443150547545102,-0.30667326460650801,0.030447571332588016,-0.3067498653429479,0.01647381764798482,173.07914567199552,163.37266526843868,171,19028,18857,19028,0.0090960240525538947,1.0945499719374291e-23,0.089284280638332866,5.26451025627094,12.919336149575923,171,0,1,1,1,1,1
windows_msvc_cpu,cpu,32,coupled,6,1,0,0,1,12,0.030447571332588016,-0.3067498653429479,0.00030636649249841849,-0.0031062934234950645,0.030141204840089596,-0.30364357191945285,0.030153090279808881,-0.30351463563974618,0.010125842361412419,103.75964596685272,98.887896862867819,108,18857,18749,18857,0.0055024471531448646,2.3253496956765225e-26,0.077812800253056841,6.2526043528531741,14.491691302853251,108,0,1,1,1,1,1
windows_msvc_cpu,cpu,32,coupled,6,1,0,0,1,13,0.030153090279808881,-0.30351463563974618,0.0001657619291875338,-0.0016684824151815111,0.029987328350621349,-0.30184615322456465,0.029909446823408351,-0.30146578266001128,0.0054972071561144777,55.419267745524976,53.485043187697514,68,18749,18681,18749,0.0029558519251973426,2.6437090996370989e-29,0.059427538852464448,7.2844300884909581,16.223783713885386,68,0,1,1,1,1,1
windows_msvc_cpu,cpu,32,coupled,6,1,0,0,1,14,0.029909446823408351,-0.30146578266001128,8.3666639044764339e-05,-0.00084216532540881412,0.029825780184363587,-0.30062361733460247,0.029808234192967801,-0.30040763599964482,0.0027936052163137805,27.903300034431521,27.29938021796486,35,18681,18646,18681,0.0014936727174365142,3.4182389829791379e-32,0.04603836400114595,8.3430537709064865,17.923012169631651,35,0,1,1,1,1,1
windows_msvc_cpu,cpu,32,coupled,6,1,0,0,1,15,0.029808234192967801,-0.30040763599964482,4.6614242737012163e-05,-0.0004656547292178574,0.029761619950230789,-0.29994198127042698,0.029760604719819291,-0.29989352826517096,0.0015502100532581822,15.417615347926734,15.215306316641982,17,18646,18629,18646,0.00082685913053345134,1.1364390916327628e-34,0.03045997089010721,9.4090837493057631,19.380949838630514,17,0,1,1,1,1,1
windows_msvc_cpu,cpu,32,coupled,6,1,0,0,1,16,0.029760604719819291,-0.29989352826517096,3.6804504357820653e-05,-0.00036570229147203014,0.02972380021546147,-0.29952782597369892,0.029718928930814348,-0.2995009044564908,0.0012196085972173553,12.106233886469784,11.977878528332715,13,18629,18616,18629,0.00064985956768853857,2.8558725511779949e-38,0.023053443489511761,10.458675628569646,21.498686738210669,13,0,1,1,1,1,1
windows_msvc_cpu,cpu,32,coupled,6,1,0,0,1,17,0.029718928930814348,-0.2995009044564908,4.4710830992728822e-05,-0.00044337078404882544,0.029674218099821618,-0.29905753367244198,0.029683206825952966,-0.29898562394860417,0.001480600318009535,14.67704845511615,14.489313331285517,17,18616,18599,18616,0.00078841042410378976,1.2892935659890988e-41,0.026569727424933534,11.468630788801372,23.46675025795248,17,0,1,1,1,1,1
windows_msvc_cpu,cpu,32,coupled,6,1,0,0,1,18,0.029683206825952966,-0.29898562394860417,6.7566669712034808e-05,-0.00066616012791152973,0.029615640156240932,-0.29831946382069263,0.029611762616230202,-0.29844334418283103,0.0022285377838063627,22.054324624373553,21.63699621750288,18,18599,18581,18599,0.0011857801292743456,6.8500599873045223e-44,0.037301780546719933,12.423214692174936,24.804912425637344,18,0,1,1,1,1,1
windows_msvc_cpu,cpu,32,coupled,6,1,0,0,1,19,0.029611762616230202,-0.29844334418283103,9.7676327844841096e-05,-0.00096384794315854919,0.029514086288385363,-0.29747949623967246,0.029499100210988071,-0.29754125866430392,0.0032302567931894203,31.913736323922659,31.048398705118963,30,18581,18551,18581,0.0017175467587278758,1.4917091910248583e-46,0.044888443055662981,13.297181356514008,26.37095102472907,30,0,1,1,1,1,1
windows_msvc_cpu,cpu,32,coupled,6,1,0,0,1,20,0.029499100210988071,-0.29754125866430392,0.00011362171821097342,-0.0011206698076937696,0.029385478492777097,-0.29642058885661016,0.029374072843973236,-0.29639390481638844,0.0037672649402104635,37.117721660876754,35.94582669207341,38,18551,18513,18551,0.0020008474832018089,5.9027713676256347e-49,0.052648335352898382,14.0789367717577,27.784397334303328,38,0,1,1,1,1,1
windows_msvc_cpu,cpu,32,coupled,6,1,0,0,1,21,0.029374072843973236,-0.29639390481638844,0.0001049419682024243,-0.0010433765670200981,0.029269130875770811,-0.29535052824936836,0.029244006979786019,-0.29522239350606977,0.0035207456006907116,34.576238139091608,33.554023173520335,39,18513,18474,18513,0.001867673426191952,1.6004200266888758e-51,0.047570254289247216,14.736254565173548,29.294437487931653,39,0,1,1,1,1,1
windows_msvc_cpu,cpu,32,coupled,6,1,0,0,1,22,0.029244006979786019,-0.29522239350606977,9.399689795084977e-05,-0.00092979771530752654,0.029150010081835171,-0.29429259579076222,0.029155159311118138,-0.29425692728446695,0.0031501114761303905,30.838946399735693,30.03345286318482,32,18474,18442,18474,0.00166931614159011,1.5162158132635741e-54,0.049469189964510017,15.229391094085406,31.073121632482568,32,0,1,1,1,1,1
windows_msvc_cpu,cpu,32,coupled,6,1,0,0,1,23,0.029155159311118138,-0.29425692728446695,9.5676218019341333e-05,-0.00093731908249329913,0.029059483093098797,-0.29331960820197367,0.029077761417251814,-0.29338071331943805,0.0031863120930672203,31.10583651027288,30.283880454671074,29,18442,18413,18442,0.0016866845521241124,3.3220398298636549e-57,0.045529554590240419,15.520873243738341,32.637598892081883,29,0,1,1,1,1,1
windows_msvc_cpu,cpu,32,coupled,6,1,0,0,1,24,0.029077761417251814,-0.29338071331943805,0.00010828772316669186,-0.0010614661994945941,0.028969473694085122,-0.29231924711994345,0.028970823899410473,-0.29238768398775467,0.0036190817435037981,35.22497126303044,34.148482753583075,33,18413,18380,18413,0.001913049001413699,3.1203952195545401e-58,0.059534722905343319,15.584071999318841,33.241889354777562,33,0,1,1,1,1,1
windows_msvc_cpu,cpu,32,coupled,6,1,0,0,1,25,0.028970823899410473,-0.29238768398775467,0.00012097566912798307,-0.0011972057829672334,0.028849848230282488,-0.29119047820478744,0.028917240742118398,-0.29136005490551359,0.0040953728500828408,39.729410745261013,38.338208546909812,34,18380,18346,18380,0.0021615566237900442,2.2663237923351834e-60,0.057924036491355219,15.395349471106282,34.500179274527994,34,0,1,1,1,1,1
windows_msvc_cpu,cpu,32,coupled,6,1,0,0,1,26,0.028917240742118398,-0.29136005490551359,0.0001288824722688093,-0.0012819697027328495,0.028788358269849591,-0.29007808520278072,0.028786259690960016,-0.28991045720988007,0.0044005060193469296,42.566655541225096,40.975403492723188,48,18346,18298,18346,0.002320214517672795,1.1401239113971165e-59,0.059844459769267722,14.922796985680259,34.087416089483369,48,0,1,1,1,1,1
windows_msvc_cpu,cpu,32,coupled,6,1,0,0,1,27,0.028786259690960016,-0.28991045720988007,0.00012682890165752658,-0.0012698195421888281,0.028659430789302491,-0.28864063766769121,0.02865596503002998,-0.28849600058248748,0.0043802927966890819,42.222201519064562,40.701675813490702,47,18298,18251,18298,0.0023074763099281102,4.7977425403385323e-57,0.05974117088498257,14.169694251559978,32.543688645158134,47,0,1,1,1,1,1
windows_msvc_cpu,cpu,32,coupled,6,1,0,0,1,28,0.02865596503002998,-0.28849600058248748,0.00012506294905905859,-0.0012535763128803709,0.028530902080970921,-0.28724242426960711,0.028543531421530651,-0.28720185510747592,0.0043453984914122307,41.756026180606128,40.335442944863708,43,18251,18208,18251,0.0022878760714813507,2.1053401922748257e-53,0.064325765852953701,13.149148703440796,30.400962288977119,43,0,1,1,1,1,1
windows_msvc_cpu,cpu,32,coupled,6,1,0,0,1,29,0.028543531421530651,-0.28720185510747592,0.00012934076454135067,-0.0012912210714832973,0.028414190656989302,-0.28591063403599265,0.028454454956119986,-0.28624110251403795,0.0044962131267507182,43.052561737431574,41.556670577731644,32,18208,18176,18208,0.0023644860356673756,6.1305160080534929e-48,0.06320040932533745,11.921943968286401,27.186433456476024,32,0,1,1,1,1,1
windows_msvc_cpu,cpu,32,coupled,6,1,0,0,1,30,0.028454454956119986,-0.28624110251403795,0.00013440433297008122,-0.0013556966304164076,0.028320050623149906,-0.28488540588362155,0.028276988415527032,-0.28471273991901153,0.0047360808916403156,45.207003316993607,43.527299792260784,51,18176,18125,18176,0.0024871810803803701,1.9216833897284814e-41,0.062791727782739323,10.566661566909374,23.364781639585317,51,0,1,1,1,1,1
windows_msvc_cpu,cpu,32,coupled,6,1,0,0,1,31,0.028276988415527032,-0.28471273991901153,0.0001379467256628867,-0.001405944321147529,0.028139041689864145,-0.28330679559786398,0.028211955483433408,-0.2835993769004363,0.0049375320586677518,46.904800106722995,45.06204882592651,37,18125,18088,18125,0.002587851040370924,7.7309895445432566e-35,0.068103710865537723,9.1799831271030161,19.479377562884181,37,0,1,1,1,1,1
windows_msvc_cpu,cpu,32,isolated,7,1,0,0,1,0,0.0625,-0.63457314922559527,0.0062499999999997766,-0.063457314922570437,0.056250000000000223,-0.57111583430302482,0.054203020191010726,-0.5696832660669493,0.10000000000001699,3276.7999999981153,2949.1200000006443,3348,32768,29420,32768,0.099999999999942482,0.10000000000000001,0.10000000000000001,0,0,3348,0,1,1,1,1,1
windows_msvc_cpu,cpu,32,isolated,7,1,0,0,1,1,0.054203020191010726,-0.5696832660669493,0.0054203020191007749,-0.056968326606703368,0.048782718171909947,-0.51271493946024593,0.049445625859148759,-0.51304909339847848,0.10000000000001463,2941.9999999984198,2647.8000000001571,2952,29420,26468,29420,0.099999999999946285,0.10000000000000001,0.10000000000000001,0,0,2952,0,1,1,1,1,1
windows_msvc_cpu,cpu,32,isolated,7,1,0,0,1,2,0.049445625859148759,-0.51304909339847848,0.0049445625859146072,-0.051304909339843073,0.044501063273234151,-0.46174418405863543,0.043291613294435899,-0.46053711064973107,0.099999999999990735,2646.7999999986882,2382.1199999997275,2724,26468,23744,26468,0.099999999999950434,0.10000000000000001,0.10000000000000001,0,0,2724,0,1,1,1,1,1
windows_msvc_cpu,cpu,32,isolated,7,1,0,0,1,3,0.043291613294435899,-0.46053711064973107,0.0043291613294434601,-0.046053711064974696,0.038962451964992442,-0.41448339958475638,0.03935092218597204,-0.4158003732103967,0.10000000000000338,2374.399999998936,2136.9599999993311,2329,23744,21415,23744,0.099999999999955194,0.10000000000000001,0.10000000000000001,0,0,2329,0,1,1,1,1,1
windows_msvc_cpu,cpu,32,isolated,7,1,0,0,1,4,0.03935092218597204,-0.4158003732103967,0.0039350922185969724,-0.041580037321044254,0.035415829967375065,-0.37422033588935244,0.035422238922331289,-0.37377208965337139,0.10000000000001087,2141.4999999991478,1927.3499999992969,2165,21415,19250,21415,0.099999999999960204,0.10000000000000001,0.10000000000000001,0,0,2165,0,1,1,1,1,1
windows_msvc_cpu,cpu,32,isolated,7,1,0,0,1,5,0.035422238922331289,-0.37377208965337139,0.0035422238922330805,-0.037377208965342919,0.031880015030098206,-0.33639488068802847,0.031127957400766199,-0.33559590216327356,0.1000000000000153,1924.9999999993447,1732.4999999994741,1952,19250,17298,19250,0.099999999999965963,0.10000000000000001,0.10000000000000001,0,0,1952,0,1,1,1,1,1
windows_msvc_cpu,cpu,32,isolated,7,1,0,0,1,6,0.031127957400766199,-0.33559590216327356,0.0031127957400766109,-0.033559590216327193,0.02801516166068959,-0.30203631194694636,0.028370098451195026,-0.301460442581234,0.09999999999999952,1729.7999999995222,1556.8199999996339,1747,17298,15551,17298,0.099999999999972375,0.10000000000000001,0.10000000000000001,0,0,1747,0,1,1,1,1,1
windows_msvc_cpu,cpu,32,isolated,7,1,0,0,1,7,0.028370098451195026,-0.301460442581234,0.0028370098451194698,-0.030146044258119432,0.025533088606075557,-0.27131439832311455,0.024364214798703109,-0.27137709766964391,0.099999999999986947,1555.0999999996811,1399.5899999997769,1555,15551,13996,15551,0.099999999999979494,0.10000000000000001,0.10000000000000001,0,0,1555,0,1,1,1,1,1
windows_msvc_cpu,cpu,32,isolated,7,1,0,0,1,8,0.024364214798703109,-0.27137709766964391,0.0024364214798703212,-0.027137709766961567,0.021927793318832788,-0.24423938790268235,0.022403102817862758,-0.24455095688597314,0.099999999999989694,1399.5999999998226,1259.6399999999041,1387,13996,12609,13996,0.099999999999987321,0.10000000000000001,0.10000000000000001,0,0,1387,0,1,1,1,1,1
windows_msvc_cpu,cpu,32,isolated,7,1,0,0,1,9,0.022403102817862758,-0.24455095688597314,0.0022403102817862828,-0.024455095688595507,0.020162792536076474,-0.22009586119737765,0.019704455189932593,-0.22095935742932862,0.099999999999992664,1260.8999999999487,1134.8100000000177,1239,12609,11370,12609,0.099999999999995925,0.10000000000000001,0.10000000000000001,0,0,1239,0,1,1,1,1,1
windows_msvc_cpu,cpu,32,isolated,7,1,0,0,1,10,0.019704455189932593,-0.22095935742932862,0.001970445518993265,-0.02209593574293145,0.017734009670939327,-0.19886342168639717,0.018946262959052378,-0.20030380012341073,0.099999999999993663,1137.0000000000614,1023.3000000001182,1085,11370,10285,11370,0.1000000000000054,0.10000000000000001,0.10000000000000001,0,0,1085,0,1,1,1,1,1
windows_msvc_cpu,cpu,32,isolated,7,1,0,0,1,11,0.018946262959052378,-0.20030380012341073,0.0018946262959052564,-0.020030380012339869,0.017051636663147123,-0.18027342011107086,0.017415140928185448,-0.18046290274212196,0.09999999999999408,1028.5000000001601,925.65000000008365,1008,10285,9277,10285,0.10000000000001556,0.10000000000000001,0.10000000000000001,0,0,1008,0,1,1,1,1,1
windows_msvc_cpu,cpu,32,isolated,7,1,0,0,1,12,0.017415140928185448,-0.18046290274212196,0.0017415140928185582,-0.01804629027421125,0.01567362683536689,-0.1624166124679107,0.015237327328510231,-0.16119093472531079,0.099999999999994815,927.70000000014238,834.93000000005156,988,9277,8289,9277,0.10000000000001535,0.10000000000000001,0.10000000000000001,0,0,988,0,1,1,1,1,1
windows_msvc_cpu,cpu,32,isolated,7,1,0,0,1,13,0.015237327328510231,-0.16119093472531079,0.0015237327328510436,-0.01611909347253028,0.013713594595659188,-0.1450718412527805,0.014654050496197966,-0.14546756593022023,0.099999999999995093,828.90000000011992,746.01000000002011,804,8289,7485,8289,0.10000000000001447,0.10000000000000001,0.10000000000000001,0,0,804,0,1,1,1,1,1
windows_msvc_cpu,cpu,32,isolated,7,1,0,0,1,14,0.014654050496197966,-0.14546756593022023,0.0014654050496198127,-0.014546756593021194,0.013188645446578154,-0.13092080933719905,0.014434515591558856,-0.13149983891303987,0.099999999999994357,748.50000000010164,673.64999999999452,719,7485,6766,7485,0.10000000000001358,0.10000000000000001,0.10000000000000001,0,0,719,0,1,1,1,1,1
windows_msvc_cpu,cpu,32,isolated,7,1,0,0,1,15,0.014434515591558856,-0.13149983891303987,0.0014434515591558968,-0.013149983891303211,0.012991064032402959,-0.11834985502173666,0.013408949403582657,-0.11735080967416014,0.099999999999994163,676.60000000008529,608.93999999997163,699,6766,6067,6766,0.10000000000001261,0.10000000000000001,0.10000000000000001,0,0,699,0,1,1,1,1,1
windows_msvc_cpu,cpu,32,isolated,7,1,0,0,1,16,0.013408949403582657,-0.11735080967416014,0.0013408949403582665,-0.01173508096741515,0.012068054463224391,-0.10561572870674499,0.011027467988095011,-0.10505529543476781,0.09999999999999272,606.70000000006939,546.02999999994938,636,6067,5431,6067,0.10000000000001144,0.10000000000000001,0.10000000000000001,0,0,636,0,1,1,1,1,1
windows_msvc_cpu,cpu,32,isolated,7,1,0,0,1,17,0.011027467988095011,-0.10505529543476781,0.0011027467988095048,-0.010505529543476201,0.0099247211892855066,-0.094549765891291604,0.009662044407374816,-0.094661102431663813,0.099999999999994538,543.10000000005493,488.78999999994375,538,5431,4893,5431,0.10000000000001011,0.10000000000000001,0.10000000000000001,0,0,538,0,1,1,1,1,1
windows_msvc_cpu,cpu,32,isolated,7,1,0,0,1,18,0.009662044407374816,-0.094661102431663813,0.00096620444073748993,-0.0094661102431657651,0.0086958399666373261,-0.085194992188498048,0.0092033696647518086,-0.085771131094137573,0.099999999999993566,489.30000000004276,440.3699999999572,451,4893,4442,4893,0.10000000000000873,0.10000000000000001,0.10000000000000001,0,0,451,0,1,1,1,1,1
windows_msvc_cpu,cpu,32,isolated,7,1,0,0,1,19,0.0092033696647518086,-0.085771131094137573,0.00092033696647519003,-0.008577113109413316,0.008283032698276618,-0.07719401798472425,0.0083277751897103923,-0.077365412604456701,0.099999999999994926,444.2000000000325,399.77999999996848,436,4442,4006,4442,0.10000000000000732,0.10000000000000001,0.10000000000000001,0,0,436,0,1,1,1,1,1
windows_msvc_cpu,cpu,32,isolated,7,1,0,0,1,20,0.0083277751897103923,-0.077365412604456701,0.0008327775189710425,-0.0077365412604453792,0.0074949976707393501,-0.069628871344011328,0.0071544056414736875,-0.070044723801852032,0.099999999999996286,400.60000000002259,360.53999999997939,375,4006,3631,4006,0.10000000000000564,0.10000000000000001,0.10000000000000001,0,0,375,0,1,1,1,1,1
windows_msvc_cpu,cpu,32,isolated,7,1,0,0,1,21,0.0071544056414736875,-0.070044723801852032,0.00071544056414737434,-0.0070044723801849602,0.0064389650773263134,-0.063040251421667068,0.0063636660761046951,-0.063353123778696049,0.099999999999996564,363.10000000001406,326.78999999998877,343,3631,3288,3631,0.10000000000000388,0.10000000000000001,0.10000000000000001,0,0,343,0,1,1,1,1,1
windows_msvc_cpu,cpu,32,isolated,7,1,0,0,1,22,0.0063636660761046951,-0.063353123778696049,0.0006363666076104771,-0.0063353123778695534,0.0057272994684942182,-0.057017811400826499,0.0049242943136821758,-0.057031049352052957,0.099999999999999187,328.80000000000626,295.91999999999734,333,3288,2955,3288,0.10000000000000191,0.10000000000000001,0.10000000000000001,0,0,333,0,1,1,1,1,1
windows_msvc_cpu,cpu,32,isolated,7,1,0,0,1,23,0.0049242943136821758,-0.057031049352052957,0.00049242943136821845,-0.0057031049352053624,0.0044318648823139569,-0.051327944416847592,0.0039771657471870574,-0.050628532571810256,0.10000000000000117,295.49999999999869,265.95000000000567,335,2955,2620,2955,0.099999999999999561,0.10000000000000001,0.10000000000000001,0,0,335,0,1,1,1,1,1
windows_msvc_cpu,cpu,32,isolated,7,1,0,0,1,24,0.0039771657471870574,-0.050628532571810256,0.00039771657471870215,-0.0050628532571810221,0.0035794491724683553,-0.045565679314629237,0.0036330111541674299,-0.045723834531817394,0.099999999999999936,261.99999999999108,235.80000000000766,255,2620,2365,2620,0.099999999999996592,0.10000000000000001,0.10000000000000001,0,0,255,0,1,1,1,1,1
windows_msvc_cpu,cpu,32,isolated,7,1,0,0,1,25,0.0036330111541674299,-0.045723834531817394,0.00036330111541673965,-0.0045723834531817536,0.0032697100387506905,-0.041151451078635638,0.0031908578705634252,-0.041124207773188481,0.10000000000000032,236.49999999999085,212.85000000000679,235,2365,2130,2365,0.099999999999996134,0.10000000000000001,0.10000000000000001,0,0,235,0,1,1,1,1,1
windows_msvc_cpu,cpu,32,isolated,7,1,0,0,1,26,0.0031908578705634252,-0.041124207773188481,0.00031908578705633768,-0.0041124207773189014,0.0028717720835070874,-0.037011786995869579,0.0026266782852058927,-0.036890264466100907,0.1000000000000013,212.99999999999218,191.70000000000599,223,2130,1907,2130,0.099999999999996328,0.10000000000000001,0.10000000000000001,0,0,223,0,1,1,1,1,1
windows_msvc_cpu,cpu,32,isolated,7,1,0,0,1,27,0.0026266782852058927,-0.036890264466100907,0.00026266782852059074,-0.0036890264466101562,0.0023640104566853021,-0.03320123801949075,0.0023905791492485205,-0.033830489512920885,0.10000000000000177,190.69999999999345,171.63000000000523,167,1907,1740,1907,0.099999999999996564,0.10000000000000001,0.10000000000000001,0,0,167,0,1,1,1,1,1
windows_msvc_cpu,cpu,32,isolated,7,1,0,0,1,28,0.0023905791492485205,-0.033830489512920885,0.00023905791492485179,-0.0033830489512921436,0.002151521234323669,-0.030447440561628743,0.0025439723322039937,-0.030047027773903594,0.10000000000000163,173.9999999999944,156.60000000000466,194,1740,1546,1740,0.099999999999996786,0.10000000000000001,0.10000000000000001,0,0,194,0,1,1,1,1,1
windows_msvc_cpu,cpu,32,isolated,7,1,0,0,1,29,0.0025439723322039937,-0.030047027773903594,0.00025439723322039781,-0.0030047027773903888,0.0022895750989835959,-0.027042324996513205,0.002225957718677739,-0.027497753876909337,0.10000000000000096,154.5999999999955,139.14000000000399,141,1546,1405,1546,0.099999999999997091,0.10000000000000001,0.10000000000000001,0,0,141,0,1,1,1,1,1
windows_msvc_cpu,cpu,32,isolated,7,1,0,0,1,30,0.002225957718677739,-0.027497753876909337,0.00022259577186777295,-0.002749775387690969,0.0020033619468099659,-0.024747978489218368,0.0021507800572019373,-0.02455645881072303,0.10000000000000128,140.49999999999631,126.45000000000353,142,1405,1263,1405,0.099999999999997369,0.10000000000000001,0.10000000000000001,0,0,142,0,1,1,1,1,1
windows_msvc_cpu,cpu,32,isolated,7,1,0,0,1,31,0.0021507800572019373,-0.02455645881072303,0.00021507800572019006,-0.0024556458810723381,0.0019357020514817473,-0.022100812929650691,0.0015144832152874071,-0.022314457894039692,0.10000000000000139,126.2999999999971,113.67000000000304,106,1263,1157,1263,0.099999999999997702,0.10000000000000001,0.10000000000000001,0,0,106,0,1,1,1,1,1
windows_msvc_cpu,cpu,32,coupled,7,1,0,0,1,0,0.0625,-0.63457314922559527,0.0061954043502147355,-0.062902995987874022,0.056304595649785266,-0.5716701532377213,0.055344820274664863,-0.57015727283100681,0.099126469603445982,3135.2000853783129,2832.2647853064846,3198,32768,29570,32768,0.095678713543039334,0.070982009395745213,0.10000000000000001,0.012770366987580484,0.087568230771977076,3198,0,1,1,1,1,1
windows_msvc_cpu,cpu,32,coupled,7,1,0,0,1,1,0.055344820274664863,-0.57015727283100681,0.005200163916065704,-0.052662799397586856,0.05014465635859916,-0.51749447343341992,0.050855861226882446,-0.51769709336284209,0.092380269860499506,2438.5569172291994,2218.1779186431495,2437,29570,27133,29570,0.082467261319891766,0.016513509900926523,0.10000000000000001,0.073892817125204277,0.46013862002867584,2437,0,1,1,1,1,1
windows_msvc_cpu,cpu,32,coupled,7,1,0,0,1,2,0.050855861226882446,-0.51769709336284209,0.0043687113154373359,-0.043269670789581501,0.046487149911445112,-0.47442742257326059,0.045756346925342431,-0.47358494567744053,0.083603258320269463,1886.857281938836,1727.0182765303714,1933,27133,25200,27133,0.069541048978691483,0.0013184328812582415,0.099911884592941147,0.19269874793314681,1.1059543219720069,1933,0,1,1,1,1,1
windows_msvc_cpu,cpu,32,coupled,7,1,0,0,1,3,0.045756346925342431,-0.47358494567744053,0.0036635811275252165,-0.036228484944529502,0.042092765797817212,-0.43735646073291101,0.042516222174044299,-0.43821849503383659,0.076531393930391253,1504.6003993644772,1382.1994878870964,1466,25200,23734,25200,0.059706365054145921,4.7266619454085294e-05,0.09913525081754393,0.37553283686482403,1.9563320711789829,1466,0,1,1,1,1,1
windows_msvc_cpu,cpu,32,coupled,7,1,0,0,1,4,0.042516222174044299,-0.43821849503383659,0.0030968118751135529,-0.030669108404085509,0.039419410298930743,-0.4075493866297511,0.039874213920709459,-0.40745449511009768,0.070012483153706631,1224.4044314482619,1128.1230753492334,1233,23734,22501,23734,0.051588625240088559,1.0050387614179606e-06,0.097377749551384188,0.63780489957222009,2.9401745348421038,1233,0,1,1,1,1,1
windows_msvc_cpu,cpu,32,coupled,7,1,0,0,1,5,0.039874213920709459,-0.40745449511009768,0.0026481214048999775,-0.026168145262247342,0.037226092515809481,-0.38128634984785031,0.037425868009322655,-0.38070798146687668,0.064244238441123175,1007.1578231497936,928.60867704045506,1027,22501,21474,22501,0.044760580558632662,1.3347542020176319e-08,0.097339845957934684,0.99090765332867725,4.0442695845794114,1027,0,1,1,1,1,1
windows_msvc_cpu,cpu,32,coupled,7,1,0,0,1,6,0.037425868009322655,-0.38070798146687668,0.0021325358093317376,-0.021223370090609352,0.035293332199990916,-0.3594846113762673,0.035447811971105317,-0.35932181233426275,0.055758914166803369,790.96977145664664,732.06264799725432,797,21474,20677,21474,0.036833834937908476,1.1560751504219841e-10,0.094770419400781666,1.459473338244053,5.2575714146484493,797,0,1,1,1,1,1
windows_msvc_cpu,cpu,32,coupled,7,1,0,0,1,7,0.035447811971105317,-0.35932181233426275,0.0016981183823007006,-0.017039526311851617,0.033749693588804613,-0.34228228602241112,0.033859037079494905,-0.34234330441580985,0.047426011600640083,617.31834076875145,573.12929175123611,615,20677,20062,20677,0.029855314637943196,4.4435782341537655e-13,0.091846502871282543,2.0312750678227127,6.6784449260628529,615,0,1,1,1,1,1
windows_msvc_cpu,cpu,32,coupled,7,1,0,0,1,8,0.033859037079494905,-0.34234330441580985,0.0013222748683700321,-0.013416345158895941,0.032536762211124871,-0.3289269592569139,0.032430082213500078,-0.32847882211478824,0.039188409245501682,474.44162516901997,441.86570290227922,493,20062,19569,20062,0.023648770071230184,1.0730763804561087e-15,0.093365273897403983,2.7004379241238952,8.2180645117789322,493,0,1,1,1,1,1
windows_msvc_cpu,cpu,32,coupled,7,1,0,0,1,9,0.032430082213500078,-0.32847882211478824,0.0010168776367174537,-0.010372038747439527,0.031413204576782622,-0.31810678336734871,0.031564071820708403,-0.31806899852388898,0.03157385055591095,359.19048462154683,335.28669270430237,359,19569,19210,19569,0.018355076121495572,4.0235280941085364e-18,0.092397478584720583,3.4632329989221873,9.6452741382161449,359,0,1,1,1,1,1
windows_msvc_cpu,cpu,32,coupled,7,1,0,0,1,10,0.031564071820708403,-0.31806899852388898,0.00076302073277802359,-0.007641869957685286,0.030801051087930381,-0.31042712856620369,0.03109797125598119,-0.31150373750742372,0.024027266725946794,260.51878114706454,244.08992115972757,224,19210,18986,19210,0.013561623172673844,1.4518007871698156e-20,0.09023133502262469,4.310392881805214,11.082294360553739,224,0,1,1,1,1,1
windows_msvc_cpu,cpu,32,coupled,7,1,0,0,1,11,0.03109797125598119,-0.31150373750742372,0.00053138464268961375,-0.005205247616938768,0.030566586613291577,-0.30629848989048497,0.030710061630847673,-0.30621964944411934,0.016713788656999795,175.31920188408881,165.41573615655523,178,18986,18808,18986,0.0092341305111181306,2.3443918315763183e-23,0.087610917358721271,5.2282363017651097,12.724732417937185,178,0,1,1,1,1,1
windows_msvc_cpu,cpu,32,coupled,7,1,0,0,1,12,0.030710061630847673,-0.30621964944411934,0.00032423287161765087,-0.0031873805552512331,0.030385828759230023,-0.30303226888886808,0.030308185466742049,-0.30243864418941918,0.010410289117789354,106.43310366790305,101.32861912121926,126,18808,18682,18808,0.0056589272473364025,2.5073989895818905e-26,0.078899143872986077,6.210698834857749,14.472433470973513,126,0,1,1,1,1,1
windows_msvc_cpu,cpu,32,coupled,7,1,0,0,1,13,0.030308185466742049,-0.30243864418941918,0.0001716431689348095,-0.0016950527261238003,0.030136542297807239,-0.30074359146329538,0.030147893588351241,-0.30105765960819508,0.0056051999500402582,56.296074785975307,54.303398893588096,46,18682,18636,18682,0.0030133858679999631,2.5940947328101026e-29,0.062777398296096451,7.2417817744085076,16.228624080605211,46,0,1,1,1,1,1
windows_msvc_cpu,cpu,32,coupled,7,1,0,0,1,14,0.030147893588351241,-0.30105765960819508,8.5708932633708421e-05,-0.00086844936703893438,0.030062184655717535,-0.30018921024115613,0.030076678175371171,-0.30021135430007234,0.0028842471228821185,28.768050399488963,28.147598823250945,28,18636,18608,18636,0.0015436816054673194,6.5334318912724428e-32,0.047217313538658358,8.284767701900309,17.757502793918057,28,0,1,1,1,1,1
windows_msvc_cpu,cpu,32,coupled,7,1,0,0,1,15,0.030076678175371171,-0.30021135430007234,4.7532732582659911e-05,-0.00048163418551709262,0.030029145442788511,-0.29972972011455523,0.029987601709960354,-0.29954991362081906,0.0016040792016650096,15.943425620947414,15.737519311895525,22,18608,18586,18608,0.00085680490224351966,1.8732176336737373e-34,0.033090088269748373,9.3404670040923552,19.253265781337422,22,0,1,1,1,1,1
windows_msvc_cpu,cpu,32,coupled,7,1,0,0,1,16,0.029987601709960354,-0.29954991362081906,3.709917124974679e-05,-0.00037838915218423979,0.029950502538710608,-0.29917152446863482,0.029939972236811843,-0.29915787619884537,0.0012629339284408205,12.522573794859843,12.391589694885148,13,18586,18573,18586,0.00067376378967286363,2.8009888829170503e-37,0.020936745363500948,10.386764734806425,20.915352796872295,13,0,1,1,1,1,1
windows_msvc_cpu,cpu,32,coupled,7,1,0,0,1,17,0.029939972236811843,-0.29915787619884537,4.5479585456412668e-05,-0.00046484588539833725,0.02989449265135543,-0.29869303031344702,0.029892342763663364,-0.29867428604249657,0.0015535027308556471,15.382828305263921,15.185794819938577,16,18573,18557,18573,0.00082823605800161099,3.7252589441632166e-40,0.025974105367788415,11.392729438445157,22.607370958457754,16,0,1,1,1,1,1
windows_msvc_cpu,cpu,32,coupled,7,1,0,0,1,18,0.029892342763663364,-0.29867428604249657,6.8189813593217286e-05,-0.0006995178676585137,0.029824152950070147,-0.29797476817483803,0.029826852238084164,-0.29800934957751696,0.0023414720412110166,23.148645225345426,22.709464187382572,22,18557,18535,18557,0.0012474346729183287,5.4681555835119453e-43,0.034065186394623422,12.343276333634444,24.274187104710304,22,0,1,1,1,1,1
windows_msvc_cpu,cpu,32,coupled,7,1,0,0,1,19,0.029826852238084164,-0.29800934957751696,9.6803776532319974e-05,-0.00099964591100607176,0.029730048461551844,-0.29700970366651086,0.02974945434421784,-0.29691833979219989,0.003353331292226292,33.082878190023408,32.191232542250773,36,18535,18499,18535,0.0017848868729443436,1.2768656753441951e-45,0.043130459953035979,13.217709670992917,25.822391899562863,36,0,1,1,1,1,1
windows_msvc_cpu,cpu,32,coupled,7,1,0,0,1,20,0.02974945434421784,-0.29691833979219989,0.0001137432811108958,-0.0011576252463917304,0.029635711063106945,-0.29576071454580816,0.029588704872341623,-0.29531674059264773,0.0038980504098130812,38.32866983465879,37.120883551988285,53,18499,18446,18499,0.0020719319873862799,6.2683561200351403e-49,0.053716160311267962,14.001276440798872,27.769044273265862,53,0,1,1,1,1,1
windows_msvc_cpu,cpu,32,coupled,7,1,0,0,1,21,0.029588704872341623,-0.29531674059264773,0.00010753948279663464,-0.0010832554985774614,0.029481165389544987,-0.29423348509407027,0.029434137881351772,-0.29392932829216473,0.0036677797846229251,35.892812006090509,34.817342920427592,46,18446,18400,18446,0.0019458317253654184,3.4428931253003727e-51,0.051329448610227438,14.667822663310488,29.098718967637261,46,0,1,1,1,1,1
windows_msvc_cpu,cpu,32,coupled,7,1,0,0,1,22,0.029434137881351772,-0.29392932829216473,9.7234503486683671e-05,-0.00096722938425182741,0.029336903377865087,-0.29296209890791292,0.029344832619198319,-0.29302259674901077,0.0032908136999635048,32.079038731881845,31.219546189411847,30,18400,18370,18400,0.0017434260180370568,4.93942617432595e-54,0.050036028724743609,15.16610401042292,30.771377697657677,30,0,1,1,1,1,1
windows_msvc_cpu,cpu,32,coupled,7,1,0,0,1,23,0.029344832619198319,-0.29302259674901077,9.7886584255050296e-05,-0.00096923489232449036,0.02924694603494327,-0.29205336185668629,0.02926148104118843,-0.2922983842879005,0.003307992054101845,32.160722562162725,31.297040506278105,24,18370,18346,18370,0.0017507197910812588,6.7636675395894736e-57,0.045684476032567936,15.455875484128795,32.455947690309159,24,0,1,1,1,1,1
windows_msvc_cpu,cpu,32,coupled,7,1,0,0,1,24,0.02926148104118843,-0.2922983842879005,0.00010875202767089324,-0.0010765622503952441,0.029152729013517537,-0.29122182203750524,0.029155001116832675,-0.29118558512151832,0.0036834254569189928,35.721487692469005,34.637396125897382,37,18346,18309,18346,0.00194709951447013,5.3048479554058665e-58,0.053341248830417465,15.516629622985043,33.106309678857514,37,0,1,1,1,1,1
windows_msvc_cpu,cpu,32,coupled,7,1,0,0,1,25,0.029155001116832675,-0.29118558512151832,0.00012240209631887415,-0.0012015021722164532,0.029032599020513802,-0.28998408294930189,0.029024248862417053,-0.29013152063358488,0.0041269573734636781,39.874625407752639,38.493821071805506,35,18309,18274,18309,0.0021778701954095056,6.9974753363717482e-59,0.057531910066584202,15.33296752604277,33.623848485484544,35,0,1,1,1,1,1
windows_msvc_cpu,cpu,32,coupled,7,1,0,0,1,26,0.029024248862417053,-0.29013152063358488,0.00013027959696672696,-0.0012860465118314747,0.028893969265450327,-0.28884547412175343,0.028905403976288584,-0.28898590341127678,0.004433187871079821,42.70565336179633,41.125163382333064,38,18274,18236,18274,0.0023369625348471233,1.5176971937347915e-58,0.061656495512013215,14.86350628234559,33.426039064332954,38,0,1,1,1,1,1
windows_msvc_cpu,cpu,32,coupled,7,1,0,0,1,27,0.028905403976288584,-0.28898590341127678,0.00013192072094698798,-0.001292162031668436,0.028773483255341598,-0.28769374137960835,0.028804420142590804,-0.28792890698981244,0.0044722833715259685,42.97227739732152,41.428411580509199,35,18236,18201,18236,0.0023564530268327219,9.2604306619617406e-57,0.060153891139630836,14.106280501726829,32.375675911592438,35,0,1,1,1,1,1
windows_msvc_cpu,cpu,32,coupled,7,1,0,0,1,28,0.028804420142590804,-0.28792890698981244,0.00013410688431942042,-0.001293344399715732,0.028670313258271383,-0.2866355625900967,0.028591689090622045,-0.2864955703803751,0.0044935119169225938,43.088211725098262,41.606528758999822,48,18201,18153,18201,0.0023673540863193374,6.9526195962584064e-53,0.059823632529363159,13.079639138709261,30.095741132513783,48,0,1,1,1,1,1
windows_msvc_cpu,cpu,32,coupled,7,1,0,0,1,29,0.028591689090622045,-0.2864955703803751,0.00013744936200250227,-0.0013228469247159626,0.028454239728619542,-0.28517272345565914,0.028415357741212451,-0.28494005165186498,0.0046192116219005552,44.110552419958637,42.563652867518663,52,18153,18101,18153,0.0024299318250404142,2.5206792166713399e-47,0.063026778018010973,11.856790913512997,26.825210243166666,52,0,1,1,1,1,1
windows_msvc_cpu,cpu,32,coupled,7,1,0,0,1,30,0.028415357741212451,-0.28494005165186498,0.00014332429691411147,-0.0013674935379743326,0.02827203344429834,-0.28357255811389065,0.028332234959945364,-0.28376391685143282,0.0048016416893259025,45.614164249416859,43.900084809117836,39,18101,18062,18101,0.0025199803463574863,1.3966088980924494e-40,0.069822641769915927,10.514877210154404,22.858031277434819,39,0,1,1,1,1,1
windows_msvc_cpu,cpu,32,coupled,7,1,0,0,1,31,0.028332234959945364,-0.28376391685143282,0.0001500552664758298,-0.0014306416557541724,0.028182179693469533,-0.28233327519567863,0.028155226012837972,-0.28184811779003549,0.0050441747925187826,47.743622024151875,45.843061485900208,64,18062,17998,18062,0.0026433186814390362,6.9949155886037331e-34,0.068134305479499821,9.1237545821774688,18.916648639939904,64,0,1,1,1,1,1
windows_msvc_cpu,cpu,32,locked_control,0,1,0,0,1,0,0.0625,-0.63457314922559527,0,0,0.0625,-0.63457314922559527,0.0625,-0.63457314922559527,0,0,0,0,32768,32768,0,0,0,0,0,0,0,0,1,1,1,1,1
windows_msvc_cpu,cpu,32,locked_control,0,1,0,0,1,1,0.0625,-0.63457314922559527,0,0,0.0625,-0.63457314922559527,0.0625,-0.63457314922559527,0,0,0,0,32768,32768,0,0,0,0,0,0,0,0,1,1,1,1,1
windows_msvc_cpu,cpu,32,locked_control,0,1,0,0,1,2,0.0625,-0.63457314922559527,0,0,0.0625,-0.63457314922559527,0.0625,-0.63457314922559527,0,0,0,0,32768,32768,0,0,0,0,0,0,0,0,1,1,1,1,1
windows_msvc_cpu,cpu,32,locked_control,0,1,0,0,1,3,0.0625,-0.63457314922559527,0,0,0.0625,-0.63457314922559527,0.0625,-0.63457314922559527,0,0,0,0,32768,32768,0,0,0,0,0,0,0,0,1,1,1,1,1
windows_msvc_cpu,cpu,32,locked_control,0,1,0,0,1,4,0.0625,-0.63457314922559527,0,0,0.0625,-0.63457314922559527,0.0625,-0.63457314922559527,0,0,0,0,32768,32768,0,0,0,0,0,0,0,0,1,1,1,1,1
windows_msvc_cpu,cpu,32,locked_control,0,1,0,0,1,5,0.0625,-0.63457314922559527,0,0,0.0625,-0.63457314922559527,0.0625,-0.63457314922559527,0,0,0,0,32768,32768,0,0,0,0,0,0,0,0,1,1,1,1,1
windows_msvc_cpu,cpu,32,locked_control,0,1,0,0,1,6,0.0625,-0.63457314922559527,0,0,0.0625,-0.63457314922559527,0.0625,-0.63457314922559527,0,0,0,0,32768,32768,0,0,0,0,0,0,0,0,1,1,1,1,1
windows_msvc_cpu,cpu,32,locked_control,0,1,0,0,1,7,0.0625,-0.63457314922559527,0,0,0.0625,-0.63457314922559527,0.0625,-0.63457314922559527,0,0,0,0,32768,32768,0,0,0,0,0,0,0,0,1,1,1,1,1
windows_msvc_cpu,cpu,32,locked_control,0,1,0,0,1,8,0.0625,-0.63457314922559527,0,0,0.0625,-0.63457314922559527,0.0625,-0.63457314922559527,0,0,0,0,32768,32768,0,0,0,0,0,0,0,0,1,1,1,1,1
windows_msvc_cpu,cpu,32,locked_control,0,1,0,0,1,9,0.0625,-0.63457314922559527,0,0,0.0625,-0.63457314922559527,0.0625,-0.63457314922559527,0,0,0,0,32768,32768,0,0,0,0,0,0,0,0,1,1,1,1,1
windows_msvc_cpu,cpu,32,locked_control,0,1,0,0,1,10,0.0625,-0.63457314922559527,0,0,0.0625,-0.63457314922559527,0.0625,-0.63457314922559527,0,0,0,0,32768,32768,0,0,0,0,0,0,0,0,1,1,1,1,1
windows_msvc_cpu,cpu,32,locked_control,0,1,0,0,1,11,0.0625,-0.63457314922559527,0,0,0.0625,-0.63457314922559527,0.0625,-0.63457314922559527,0,0,0,0,32768,32768,0,0,0,0,0,0,0,0,1,1,1,1,1
windows_msvc_cpu,cpu,32,locked_control,0,1,0,0,1,12,0.0625,-0.63457314922559527,0,0,0.0625,-0.63457314922559527,0.0625,-0.63457314922559527,0,0,0,0,32768,32768,0,0,0,0,0,0,0,0,1,1,1,1,1
windows_msvc_cpu,cpu,32,locked_control,0,1,0,0,1,13,0.0625,-0.63457314922559527,0,0,0.0625,-0.63457314922559527,0.0625,-0.63457314922559527,0,0,0,0,32768,32768,0,0,0,0,0,0,0,0,1,1,1,1,1
windows_msvc_cpu,cpu,32,locked_control,0,1,0,0,1,14,0.0625,-0.63457314922559527,0,0,0.0625,-0.63457314922559527,0.0625,-0.63457314922559527,0,0,0,0,32768,32768,0,0,0,0,0,0,0,0,1,1,1,1,1
windows_msvc_cpu,cpu,32,locked_control,0,1,0,0,1,15,0.0625,-0.63457314922559527,0,0,0.0625,-0.63457314922559527,0.0625,-0.63457314922559527,0,0,0,0,32768,32768,0,0,0,0,0,0,0,0,1,1,1,1,1
windows_msvc_cpu,cpu,32,locked_control,0,1,0,0,1,16,0.0625,-0.63457314922559527,0,0,0.0625,-0.63457314922559527,0.0625,-0.63457314922559527,0,0,0,0,32768,32768,0,0,0,0,0,0,0,0,1,1,1,1,1
windows_msvc_cpu,cpu,32,locked_control,0,1,0,0,1,17,0.0625,-0.63457314922559527,0,0,0.0625,-0.63457314922559527,0.0625,-0.63457314922559527,0,0,0,0,32768,32768,0,0,0,0,0,0,0,0,1,1,1,1,1
windows_msvc_cpu,cpu,32,locked_control,0,1,0,0,1,18,0.0625,-0.63457314922559527,0,0,0.0625,-0.63457314922559527,0.0625,-0.63457314922559527,0,0,0,0,32768,32768,0,0,0,0,0,0,0,0,1,1,1,1,1
windows_msvc_cpu,cpu,32,locked_control,0,1,0,0,1,19,0.0625,-0.63457314922559527,0,0,0.0625,-0.63457314922559527,0.0625,-0.63457314922559527,0,0,0,0,32768,32768,0,0,0,0,0,0,0,0,1,1,1,1,1
windows_msvc_cpu,cpu,32,locked_control,0,1,0,0,1,20,0.0625,-0.63457314922559527,0,0,0.0625,-0.63457314922559527,0.0625,-0.63457314922559527,0,0,0,0,32768,32768,0,0,0,0,0,0,0,0,1,1,1,1,1
windows_msvc_cpu,cpu,32,locked_control,0,1,0,0,1,21,0.0625,-0.63457314922559527,0,0,0.0625,-0.63457314922559527,0.0625,-0.63457314922559527,0,0,0,0,32768,32768,0,0,0,0,0,0,0,0,1,1,1,1,1
windows_msvc_cpu,cpu,32,locked_control,0,1,0,0,1,22,0.0625,-0.63457314922559527,0,0,0.0625,-0.63457314922559527,0.0625,-0.63457314922559527,0,0,0,0,32768,32768,0,0,0,0,0,0,0,0,1,1,1,1,1
windows_msvc_cpu,cpu,32,locked_control,0,1,0,0,1,23,0.0625,-0.63457314922559527,0,0,0.0625,-0.63457314922559527,0.0625,-0.63457314922559527,0,0,0,0,32768,32768,0,0,0,0,0,0,0,0,1,1,1,1,1
windows_msvc_cpu,cpu,32,locked_control,0,1,0,0,1,24,0.0625,-0.63457314922559527,0,0,0.0625,-0.63457314922559527,0.0625,-0.63457314922559527,0,0,0,0,32768,32768,0,0,0,0,0,0,0,0,1,1,1,1,1
windows_msvc_cpu,cpu,32,locked_control,0,1,0,0,1,25,0.0625,-0.63457314922559527,0,0,0.0625,-0.63457314922559527,0.0625,-0.63457314922559527,0,0,0,0,32768,32768,0,0,0,0,0,0,0,0,1,1,1,1,1
windows_msvc_cpu,cpu,32,locked_control,0,1,0,0,1,26,0.0625,-0.63457314922559527,0,0,0.0625,-0.63457314922559527,0.0625,-0.63457314922559527,0,0,0,0,32768,32768,0,0,0,0,0,0,0,0,1,1,1,1,1
windows_msvc_cpu,cpu,32,locked_control,0,1,0,0,1,27,0.0625,-0.63457314922559527,0,0,0.0625,-0.63457314922559527,0.0625,-0.63457314922559527,0,0,0,0,32768,32768,0,0,0,0,0,0,0,0,1,1,1,1,1
windows_msvc_cpu,cpu,32,locked_control,0,1,0,0,1,28,0.0625,-0.63457314922559527,0,0,0.0625,-0.63457314922559527,0.0625,-0.63457314922559527,0,0,0,0,32768,32768,0,0,0,0,0,0,0,0,1,1,1,1,1
windows_msvc_cpu,cpu,32,locked_control,0,1,0,0,1,29,0.0625,-0.63457314922559527,0,0,0.0625,-0.63457314922559527,0.0625,-0.63457314922559527,0,0,0,0,32768,32768,0,0,0,0,0,0,0,0,1,1,1,1,1
windows_msvc_cpu,cpu,32,locked_control,0,1,0,0,1,30,0.0625,-0.63457314922559527,0,0,0.0625,-0.63457314922559527,0.0625,-0.63457314922559527,0,0,0,0,32768,32768,0,0,0,0,0,0,0,0,1,1,1,1,1
windows_msvc_cpu,cpu,32,locked_control,0,1,0,0,1,31,0.0625,-0.63457314922559527,0,0,0.0625,-0.63457314922559527,0.0625,-0.63457314922559527,0,0,0,0,32768,32768,0,0,0,0,0,0,0,0,1,1,1,1,1
windows_msvc_cpu,cpu,32,isolated,0,1,1,0,2,0,0.12499999999999997,-0.62841743651560877,0.012500000000000747,-0.062841743651570525,0.11249999999999923,-0.5655756928640383,0.11176443568502091,-0.56726054331883224,0.10000000000001498,3276.7999999981153,2949.1200000006443,3228,32768,29540,32768,0.099999999999942482,0.10000000000000001,0.10000000000000001,0,0,3228,0,1,1,1,1,1
windows_msvc_cpu,cpu,32,isolated,0,1,1,0,2,1,0.11176443568502091,-0.56726054331883224,0.011176443568502508,-0.056726054331890506,0.10058799211651841,-0.51053448898694176,0.10207046693651209,-0.50926049701605569,0.10000000000001251,2953.9999999984088,2658.6000000001745,2998,29540,26542,29540,0.099999999999946132,0.10000000000000001,0.10000000000000001,0,0,2998,0,1,1,1,1,1
windows_msvc_cpu,cpu,32,isolated,0,1,1,0,2,2,0.10207046693651209,-0.50926049701605569,0.01020704669365138,-0.050926049701611215,0.091863420242860705,-0.4583344473144445,0.092076897355098997,-0.45764308022269601,0.10000000000001072,2654.1999999986815,2388.7799999997383,2679,26542,23863,26542,0.099999999999950323,0.10000000000000001,0.10000000000000001,0,0,2679,0,1,1,1,1,1
windows_msvc_cpu,cpu,32,isolated,0,1,1,0,2,3,0.092076897355098997,-0.45764308022269601,0.0092076897355098976,-0.045764308022272916,0.082869207619589103,-0.41187877220042307,0.082807021561595529,-0.41167451855977905,0.10000000000000696,2386.2999999989252,2147.6699999993484,2405,23863,21458,23863,0.099999999999954958,0.10000000000000001,0.10000000000000001,0,0,2405,0,1,1,1,1,1
windows_msvc_cpu,cpu,32,isolated,0,1,1,0,2,4,0.082807021561595529,-0.41167451855977905,0.008280702156159345,-0.041167451855979691,0.074526319405436178,-0.37050706670379935,0.074385438858813394,-0.37055567392903788,0.10000000000000407,2145.7999999991439,1931.2199999992933,2165,21458,19293,21458,0.099999999999960107,0.10000000000000001,0.10000000000000001,0,0,2165,0,1,1,1,1,1
windows_msvc_cpu,cpu,32,isolated,0,1,1,0,2,5,0.07438543885881338,-0.37055567392903788,0.007438543885881008,-0.037055567392903957,0.066946894972932366,-0.33350010653613393,0.067199482615850251,-0.33378492924390113,0.10000000000000027,1929.2999999993408,1736.3699999994706,1949,19293,17344,19293,0.099999999999965838,0.10000000000000001,0.10000000000000001,0,0,1949,0,1,1,1,1,1
windows_msvc_cpu,cpu,32,isolated,0,1,1,0,2,6,0.067199482615850237,-0.33378492924390113,0.0067199482615847789,-0.033378492924388832,0.060479534354265459,-0.3004064363195123,0.060191925233171857,-0.30056797854134559,0.099999999999996175,1734.3999999995181,1560.9599999996301,1718,17344,15626,17344,0.099999999999972208,0.10000000000000001,0.10000000000000001,0,0,1718,0,1,1,1,1,1
windows_msvc_cpu,cpu,32,isolated,0,1,1,0,2,7,0.060191925233171857,-0.30056797854134559,0.0060191925233170065,-0.030056797854132525,0.05417273270985485,-0.27051118068721308,0.054419035135584638,-0.27056415651797083,0.099999999999993372,1562.5999999996743,1406.3399999997707,1540,15626,14086,15626,0.099999999999979161,0.10000000000000001,0.10000000000000001,0,0,1540,0,1,1,1,1,1
windows_msvc_cpu,cpu,32,isolated,0,1,1,0,2,8,0.054419035135584638,-0.27056415651797083,0.0054419035135583466,-0.027056415651794674,0.048977131622026292,-0.24350774086617616,0.047436957404700421,-0.24464423425247386,0.099999999999991374,1408.5999999998144,1267.7399999998968,1383,14086,12703,14086,0.099999999999986822,0.10000000000000001,0.10000000000000001,0,0,1383,0,1,1,1,1,1
windows_msvc_cpu,cpu,32,isolated,0,1,1,0,2,9,0.047436957404700414,-0.24464423425247386,0.0047436957404699857,-0.024464423425244828,0.042693261664230431,-0.22017981082722904,0.04292520635860763,-0.21910089470397079,0.099999999999989875,1270.2999999999402,1143.27000000001,1314,12703,11389,12703,0.099999999999995287,0.10000000000000001,0.10000000000000001,0,0,1314,0,1,1,1,1,1
windows_msvc_cpu,cpu,32,isolated,0,1,1,0,2,10,0.04292520635860763,-0.21910089470397079,0.0042925206358607046,-0.021910089470395046,0.038632685722746925,-0.19719080523357574,0.038995146808458565,-0.19610391821055537,0.099999999999991027,1138.9000000000597,1025.0100000001175,1184,11389,10205,11389,0.10000000000000524,0.10000000000000001,0.10000000000000001,0,0,1184,0,1,1,1,1,1
windows_msvc_cpu,cpu,32,isolated,0,1,1,0,2,11,0.038995146808458565,-0.19610391821055537,0.003899514680845797,-0.019610391821054073,0.035095632127612769,-0.1764935263895013,0.0352409396434211,-0.17729968452516998,0.099999999999992747,1020.5000000001635,918.4500000000811,984,10205,9221,10205,0.10000000000001602,0.10000000000000001,0.10000000000000001,0,0,984,0,1,1,1,1,1
windows_msvc_cpu,cpu,32,isolated,0,1,1,0,2,12,0.0352409396434211,-0.17729968452516998,0.0035240939643420739,-0.017729968452515989,0.031716845679079023,-0.15956971607265399,0.031038614153723533,-0.15875506225606292,0.099999999999994496,922.10000000014111,829.89000000004978,969,9221,8252,9221,0.1000000000000153,0.10000000000000001,0.10000000000000001,0,0,969,0,1,1,1,1,1
windows_msvc_cpu,cpu,32,isolated,0,1,1,0,2,13,0.03103861415372354,-0.15875506225606292,0.0031038614153723388,-0.015875506225605664,0.0279347527383512,-0.14287955603045727,0.027145115103116388,-0.14399872488276322,0.099999999999996161,825.20000000011908,742.68000000001894,779,8252,7473,8252,0.10000000000001442,0.10000000000000001,0.10000000000000001,0,0,779,0,1,1,1,1,1
windows_msvc_cpu,cpu,32,isolated,0,1,1,0,2,14,0.027145115103116402,-0.14399872488276322,0.0027145115103116451,-0.014399872488275752,0.024430603592804755,-0.12959885239448746,0.024036914826394248,-0.12901032555454039,0.099999999999996189,747.30000000010136,672.56999999999414,752,7473,6721,7473,0.10000000000001356,0.10000000000000001,0.10000000000000001,0,0,752,0,1,1,1,1,1
windows_msvc_cpu,cpu,32,isolated,0,1,1,0,2,15,0.024036914826394265,-0.12901032555454039,0.002403691482639437,-0.012901032555453419,0.021633223343754827,-0.11610929299908698,0.020924254110324652,-0.11593562215023996,0.09999999999999537,672.10000000008426,604.8899999999702,692,6721,6029,6721,0.10000000000001254,0.10000000000000001,0.10000000000000001,0,0,692,0,1,1,1,1,1
windows_msvc_cpu,cpu,32,isolated,0,1,1,0,2,16,0.020924254110324662,-0.11593562215023996,0.0020924254110325402,-0.011593562215023374,0.018831828699292123,-0.10434205993521659,0.020215800847513923,-0.10418963675842301,0.099999999999994912,602.90000000006853,542.60999999994817,606,6029,5423,6029,0.10000000000001137,0.10000000000000001,0.10000000000000001,0,0,606,0,1,1,1,1,1
windows_msvc_cpu,cpu,32,isolated,0,1,1,0,2,17,0.020215800847513933,-0.10418963675842301,0.002021580084751463,-0.010418963675841697,0.018194220762762468,-0.093770673082581316,0.018106660596170596,-0.093751234182400639,0.099999999999994538,542.30000000005475,488.06999999994395,545,5423,4878,5423,0.10000000000001009,0.10000000000000001,0.10000000000000001,0,0,545,0,1,1,1,1,1
windows_msvc_cpu,cpu,32,isolated,0,1,1,0,2,18,0.01810666059617061,-0.093751234182400639,0.0018106660596171203,-0.0093751234182394561,0.01629599453655349,-0.084376110764161183,0.015901001635145535,-0.08464507588497959,0.099999999999993858,487.80000000004242,439.01999999995758,489,4878,4389,4878,0.10000000000000869,0.10000000000000001,0.10000000000000001,0,0,489,0,1,1,1,1,1
windows_msvc_cpu,cpu,32,isolated,0,1,1,0,2,19,0.015901001635145549,-0.08464507588497959,0.0015901001635146045,-0.0084645075884973546,0.014310901471630944,-0.076180568296482232,0.014320883813131766,-0.076505796668895482,0.099999999999993205,438.9000000000313,395.00999999996981,429,4389,3960,4389,0.10000000000000712,0.10000000000000001,0.10000000000000001,0,0,429,0,1,1,1,1,1
windows_msvc_cpu,cpu,32,isolated,0,1,1,0,2,20,0.014320883813131784,-0.076505796668895482,0.0014320883813132216,-0.0076505796668889662,0.012888795431818562,-0.068855217002006516,0.013316548279425165,-0.06915903805898975,0.099999999999992747,396.00000000002154,356.39999999998054,380,3960,3580,3960,0.10000000000000545,0.10000000000000001,0.10000000000000001,0,0,380,0,1,1,1,1,1
windows_msvc_cpu,cpu,32,isolated,0,1,1,0,2,21,0.01331654827942518,-0.06915903805898975,0.0013316548279425566,-0.0069159038058985278,0.011984893451482624,-0.06224313425309122,0.012016895143351953,-0.061755067183822565,0.099999999999993844,358.0000000000129,322.19999999999004,382,3580,3198,3580,0.1000000000000036,0.10000000000000001,0.10000000000000001,0,0,382,0,1,1,1,1,1
windows_msvc_cpu,cpu,32,isolated,0,1,1,0,2,22,0.012016895143351964,-0.061755067183822565,0.0012016895143352249,-0.006175506718381951,0.010815205629016739,-0.055579560465440617,0.01150508061331826,-0.055430314543562786,0.099999999999995301,319.80000000000422,287.8199999999996,315,3198,2883,3198,0.10000000000000132,0.10000000000000001,0.10000000000000001,0,0,315,0,1,1,1,1,1
windows_msvc_cpu,cpu,32,isolated,0,1,1,0,2,23,0.011505080613318269,-0.055430314543562786,0.0011505080613318491,-0.0055430314543560765,0.01035457255198642,-0.049887283089206709,0.010485299062397573,-0.0499426688815377,0.099999999999996592,288.29999999999706,259.47000000000747,288,2883,2595,2883,0.099999999999998979,0.10000000000000001,0.10000000000000001,0,0,288,0,1,1,1,1,1
windows_msvc_cpu,cpu,32,isolated,0,1,1,0,2,24,0.010485299062397599,-0.049942668881537693,0.0010485299062397712,-0.0049942668881536659,0.0094367691561578274,-0.044948401993384027,0.0088703191903703061,-0.045067534666690084,0.099999999999998063,259.49999999999051,233.55000000000757,262,2595,2333,2595,0.099999999999996342,0.10000000000000001,0.10000000000000001,0,0,262,0,1,1,1,1,1
windows_msvc_cpu,cpu,32,isolated,0,1,1,0,2,25,0.0088703191903703356,-0.045067534666690084,0.00088703191903703889,-0.0045067534666689947,0.0079832872713332965,-0.040560781200021087,0.0083170932132515096,-0.040475730733433621,0.099999999999999728,233.29999999999103,209.97000000000668,231,2333,2102,2333,0.099999999999996161,0.10000000000000001,0.10000000000000001,0,0,231,0,1,1,1,1,1
windows_msvc_cpu,cpu,32,isolated,0,1,1,0,2,26,0.0083170932132515408,-0.040475730733433621,0.00083170932132515835,-0.0040475730733434126,0.0074853838919263825,-0.036428157660090207,0.0078097701534262758,-0.036593927244900112,0.10000000000000121,210.19999999999234,189.18000000000589,195,2102,1907,2102,0.099999999999996356,0.10000000000000001,0.10000000000000001,0,0,195,0,1,1,1,1,1
windows_msvc_cpu,cpu,32,isolated,0,1,1,0,2,27,0.0078097701534263,-0.036593927244900105,0.00078097701534263425,-0.0036593927244900847,0.0070287931380836662,-0.032934534520410022,0.0072121079941082971,-0.03308463448712242,0.10000000000000196,190.69999999999345,171.63000000000523,179,1907,1728,1907,0.099999999999996564,0.10000000000000001,0.10000000000000001,0,0,179,0,1,1,1,1,1
windows_msvc_cpu,cpu,32,isolated,0,1,1,0,2,28,0.0072121079941083206,-0.03308463448712242,0.00072121079941083474,-0.0033084634487123041,0.0064908971946974862,-0.029776171038410116,0.0066945076956202235,-0.029570650796382419,0.10000000000000182,172.79999999999447,155.52000000000461,179,1728,1549,1728,0.0999999999999968,0.10000000000000001,0.10000000000000001,0,0,179,0,1,1,1,1,1
windows_msvc_cpu,cpu,32,isolated,0,1,1,0,2,29,0.0066945076956202425,-0.029570650796382415,0.0006694507695620272,-0.0029570650796382982,0.0060250569260582153,-0.026613585716744118,0.0061978517112367317,-0.026403665909188474,0.10000000000000184,154.89999999999549,139.410000000004,165,1549,1384,1549,0.099999999999997091,0.10000000000000001,0.10000000000000001,0,0,165,0,1,1,1,1,1
windows_msvc_cpu,cpu,32,isolated,0,1,1,0,2,30,0.0061978517112367638,-0.026403665909188471,0.0006197851711236776,-0.0026403665909188866,0.0055780665401130858,-0.023763299318269586,0.0052859604286413136,-0.02401200832556305,0.10000000000000142,138.39999999999642,124.56000000000346,130,1384,1254,1384,0.09999999999999741,0.10000000000000001,0.10000000000000001,0,0,130,0,1,1,1,1,1
windows_msvc_cpu,cpu,32,isolated,0,1,1,0,2,31,0.00528596042864135,-0.024012008325563047,0.0005285960428641353,-0.0024012008325563321,0.0047573643857772149,-0.021610807493006715,0.0047566710216253852,-0.022007938062630628,0.10000000000000107,125.39999999999715,112.86000000000301,112,1254,1142,1254,0.09999999999999773,0.10000000000000001,0.10000000000000001,0,0,112,0,1,1,1,1,1
windows_msvc_cpu,cpu,32,coupled,0,1,1,0,2,0,0.12499999999999997,-0.62841743651560877,0.011532425182291009,-0.057977416558908326,0.11346757481770896,-0.57044001995670046,0.1134141499215845,-0.57229571360081166,0.092259401458330184,2752.9662459848582,2511.120975521741,2690,32768,30078,32768,0.084013862487330879,0.056482487606658874,0.10000000000000001,0.05108146795032284,0.14594705128662847,2690,0,1,1,1,1,1
windows_msvc_cpu,cpu,32,coupled,0,1,1,0,2,1,0.1134141499215845,-0.57229571360081166,0.0084077143978218642,-0.042577795418539226,0.10500643552376263,-0.52971791818227243,0.10566309483717451,-0.5293020453400199,0.074388213925181995,1739.1795903391085,1599.5137501970842,1758,30078,28320,30078,0.057822314992323577,0.0090486376955159886,0.099929501460702577,0.22055074426655746,0.61383347774163166,1758,0,1,1,1,1,1
windows_msvc_cpu,cpu,32,coupled,0,1,1,0,2,2,0.10566309483717451,-0.5293020453400199,0.0054169207048321514,-0.027187621269675458,0.10024617413234235,-0.50211442407034446,0.099684568707298832,-0.50195056093134849,0.051361244116266636,1015.0615854431855,944.06287750995978,1013,28320,27307,28320,0.035842570107457117,0.0005899524076737843,0.097165222509028537,0.52653380133650451,1.3114099431814894,1013,0,1,1,1,1,1
windows_msvc_cpu,cpu,32,coupled,0,1,1,0,2,3,0.099684568707298832,-0.50195056093134849,0.0028614783342059275,-0.014384391925646162,0.096823090373092904,-0.48756616900570232,0.096558781961911561,-0.48821572302404909,0.028658823601155931,509.55613868326543,481.74148386398514,490,27307,26817,27307,0.018660275339043669,1.6762181392667281e-05,0.083685880622418662,0.98896975960096567,2.2211951320379795,490,0,1,1,1,1,1
windows_msvc_cpu,cpu,32,coupled,0,1,1,0,2,4,0.096558781961911561,-0.48821572302404909,0.0010695178253799398,-0.0053885749950989929,0.095489264136531624,-0.4828271480289501,0.095433839473728008,-0.48264251591195695,0.011038753026190009,186.51965906059365,181.38121164084544,193,26817,26624,26817,0.0069552768415778671,2.7376911848740777e-07,0.050897418656126958,1.5976236995072013,3.2724407372784192,193,0,1,1,1,1,1
windows_msvc_cpu,cpu,32,coupled,0,1,1,0,2,5,0.095433839473728008,-0.48264251591195695,0.0003372286370511073,-0.0016996668067445612,0.095096610836676906,-0.4809428491052124,0.095115458575958878,-0.48099351268956458,0.0035220388375967289,58.340524853762233,57.752700691861556,57,26624,26567,26624,0.0021912757231731606,2.8733177821295692e-09,0.021771086344006475,2.2883894269504053,4.4366705456825652,57,0,1,1,1,1,1
windows_msvc_cpu,cpu,32,coupled,0,1,1,0,2,6,0.095115458575958878,-0.48099351268956458,0.00018892840002974635,-0.00095324166411286254,0.094926530175929127,-0.48004027102545171,0.094916922859705058,-0.4801221225797711,0.0019819870185041077,32.586850325145662,32.388740359058588,30,26567,26537,26567,0.0012265912720723327,1.6519024627061709e-11,0.013247978693354093,2.9340002761113007,5.7546789088565129,30,0,1,1,1,1,1
windows_msvc_cpu,cpu,32,coupled,0,1,1,0,2,7,0.094916922859705058,-0.4801221225797711,0.00025491598893109943,-0.0012904950069774878,0.09466200687077396,-0.47883162757279363,0.094683351428818188,-0.47870373907604141,0.0026877656995011267,44.017324875928672,43.646677838202777,48,26537,26489,26537,0.0016587151854365102,2.6725434538795396e-13,0.017219973516369814,3.4056720041798938,6.8083444796957338,48,0,1,1,1,1,1
windows_msvc_cpu,cpu,32,coupled,0,1,1,0,2,8,0.094683351428818188,-0.47870373907604141,0.00045129701204981083,-0.0022807532045665208,0.094232054416768379,-0.47642298587147491,0.094169494280866989,-0.47608988716471157,0.0047645090122717332,77.763915118350084,76.611818638848462,89,26489,26400,26489,0.0029357059578825205,2.5073753156017007e-14,0.027546736580665129,3.5884012828493663,7.4129350876493776,89,0,1,1,1,1,1
windows_msvc_cpu,cpu,32,coupled,0,1,1,0,2,9,0.094169494280866989,-0.47608988716471157,0.00067194285704885715,-0.0033956148075569483,0.093497551423818132,-0.47269427235715461,0.093659193046218073,-0.47294459563050589,0.0071324168430047952,115.86782059273267,113.31761482504946,107,26400,26293,26400,0.0043889325982095712,4.1162364581102605e-14,0.038866454366541861,3.3929635376456839,7.286287073376462,107,0,1,1,1,1,1
windows_msvc_cpu,cpu,32,coupled,0,1,1,0,2,10,0.093659193046218073,-0.47294459563050589,0.00070177183009063036,-0.0035370475596476396,0.092957421216127448,-0.46940754807085827,0.093057241195865517,-0.4698056010576262,0.0074793078965404072,121.13843404646835,118.4252279642798,108,26293,26185,26293,0.0046072503725884586,1.9827306100766107e-12,0.039314220330950042,2.8608484997963055,6.296331278688319,108,0,1,1,1,1,1
windows_msvc_cpu,cpu,32,coupled,0,1,1,0,2,11,0.093057241195865517,-0.4698056010576262,0.0006916695775847487,-0.0034955080580863292,0.092365571618280767,-0.46631009299953985,0.092263865455863445,-0.46609897752593488,0.0074400418402316461,120.82492803638829,118.36595242081015,128,26185,26057,26185,0.0046142802381664424,9.4548316564279716e-10,0.043151852286333156,2.1367593729968406,4.7206565315557913,128,0,1,1,1,1,1
windows_msvc_cpu,cpu,32,coupled,0,1,1,0,2,12,0.092263865455863445,-0.46609897752593488,0.0010141468646931433,-0.0051558848718435673,0.091249718591170301,-0.46094309265409134,0.091359804995384708,-0.46111742052669885,0.011059142762482814,181.12407618782231,176.43723618499644,174,26057,25883,26057,0.0069510717345750593,6.6651772881923315e-07,0.049707424903158298,1.3985978134570001,3.0451087817702498,174,0,1,1,1,1,1
windows_msvc_cpu,cpu,32,coupled,0,1,1,0,2,13,0.091359804995384708,-0.46111742052669885,0.0018608870410302216,-0.0094905254896002558,0.089498917954354482,-0.45162689503709857,0.089456369791574619,-0.45142271775518333,0.020573542756413796,351.40019171677801,338.95088980827876,357,25883,25526,25883,0.013576486176902909,0.00010774751773197788,0.065250265781529787,0.79088597938561944,1.745810267665139,357,0,1,1,1,1,1
windows_msvc_cpu,cpu,32,coupled,0,1,1,0,2,14,0.089456369791574619,-0.45142271775518333,0.0034503893590342081,-0.017670860383908412,0.086005980432540416,-0.43375185737127492,0.085662871310038954,-0.43293922915317751,0.039123122794079986,743.50072219397373,709.76859999727571,768,25526,24758,25526,0.029127192752251577,0.0024106217772590457,0.081668769184150766,0.39605892248640939,0.95178008982828866,768,0,1,1,1,1,1
windows_msvc_cpu,cpu,32,coupled,0,1,1,0,2,15,0.085662871310038954,-0.43293922915317751,0.0044009399112835881,-0.022433410720093493,0.081261931398755372,-0.41050581843308404,0.080534880459666197,-0.41058417619327392,0.051799904525833072,1079.5518454587975,1024.8718893638772,1083,24758,23675,24758,0.043604162107553017,0.011948608892101352,0.090243605014797584,0.23310707338015557,0.54280657760852846,1083,0,1,1,1,1,1
windows_msvc_cpu,cpu,32,coupled,0,1,1,0,2,16,0.080534880459666197,-0.41058417619327392,0.0042595078211791889,-0.021737626029006994,0.076275372638487007,-0.38884655016426695,0.075903065574727993,-0.38860226938691855,0.052941204173960664,1186.6989522677775,1124.9149229903232,1192,23675,22483,23675,0.050124559757878669,0.023015363258584047,0.08735770024380525,0.18117630802434848,0.37531963410385932,1192,0,1,1,1,1,1
windows_msvc_cpu,cpu,32,coupled,0,1,1,0,2,17,0.075903065574727993,-0.38860226938691855,0.0041106014992945477,-0.021258637654964777,0.071792464075433451,-0.36734363173195378,0.072421818014333672,-0.36792688257921791,0.054685195404676749,1240.1692784582742,1170.0690904596386,1216,22483,21267,22483,0.055160311277777617,0.02280275489949201,0.085689323361021613,0.15536236776242551,0.37769075259448243,1216,0,1,1,1,1,1
windows_msvc_cpu,cpu,32,coupled,0,1,1,0,2,18,0.072421818014333672,-0.36792688257921791,0.0042396697447411799,-0.02188558362124619,0.068182148269592485,-0.3460412989579717,0.06778990045932104,-0.3465099861831385,0.059448370145332448,1239.2834633952625,1165.2708989299654,1230,21267,20037,21267,0.0582726037238568,0.024958384299808987,0.087018717950208491,0.14132850938687425,0.35461256891861909,1230,0,1,1,1,1,1
windows_msvc_cpu,cpu,32,coupled,0,1,1,0,2,19,0.06778990045932104,-0.3465099861831385,0.0044867840826052323,-0.023268711697073383,0.063303116376715804,-0.3232412744860651,0.063694273983286434,-0.32385561540011337,0.067116060650603951,1301.574496825134,1215.1986588805221,1279,20037,18758,20037,0.064958551520942959,0.023505347665194631,0.092503431084996535,0.11322724201216341,0.36993744405409856,1279,0,1,1,1,1,1
windows_msvc_cpu,cpu,32,coupled,0,1,1,0,2,20,0.06369427398328642,-0.32385561540011337,0.0045230226214985217,-0.023283999478782642,0.059171251361787899,-0.30057161592133075,0.057500040348232744,-0.30092331525961735,0.071863285213432451,1330.1211979799314,1234.8596269416507,1332,18758,17426,18758,0.070909542487468349,0.031189695964478088,0.09192424283392206,0.089178062407987452,0.29766906254766223,1332,0,1,1,1,1,1
windows_msvc_cpu,cpu,32,coupled,0,1,1,0,2,21,0.057500040348232744,-0.30092331525961735,0.0040078791932528371,-0.021254477524365351,0.053492161154979907,-0.27966883773525197,0.054236848596535707,-0.27965383371220737,0.070598163848419548,1142.1983080334949,1064.8752663560324,1158,17426,16268,17426,0.065545639161798161,0.028495607312053445,0.096099936800367214,0.11240796072798619,0.32074964388278243,1158,0,1,1,1,1,1
windows_msvc_cpu,cpu,32,coupled,0,1,1,0,2,22,0.054236848596535707,-0.27965383371220737,0.0029204192916007302,-0.015355387071833681,0.051316429304934977,-0.26429844664037366,0.051948752022703173,-0.26387579210754342,0.054870022107661037,719.08849751417154,679.32612854107072,718,16268,15550,16268,0.044202636926123161,0.0054720233824538883,0.08998370974921989,0.24710627711840835,0.74233713248005784,718,0,1,1,1,1,1
windows_msvc_cpu,cpu,32,coupled,0,1,1,0,2,23,0.051948752022703173,-0.26387579210754342,0.0020453959715561586,-0.010551249942573006,0.049903356051147013,-0.25332454216497041,0.049717374247786252,-0.25307389561682525,0.03996282194570773,427.27125034671531,404.78189896215025,439,15550,15111,15550,0.027477250826155326,0.00032978361587541875,0.090017753084108351,0.49158156086909971,1.4600053180182029,439,0,1,1,1,1,1
windows_msvc_cpu,cpu,32,coupled,0,1,1,0,2,24,0.049717374247786252,-0.25307389561682525,0.0013245472844506687,-0.0067801860332665324,0.048392826963335585,-0.24629370958355873,0.048474788263938667,-0.24668598435513303,0.026785762873531845,255.69652045309556,243.960248081614,247,15111,14864,15111,0.016921217685996661,3.8442259000783123e-05,0.083527180197998707,0.80565852632516155,2.0091286903959964,247,0,1,1,1,1,1
windows_msvc_cpu,cpu,32,coupled,0,1,1,0,2,25,0.048474788263938653,-0.24668598435513303,0.00060816629449291079,-0.0030774812469680831,0.047866621969445744,-0.24360850310816495,0.047946671588425346,-0.24370250975938806,0.012477928114676781,113.24995409779257,110.32172497149146,113,14864,14751,14864,0.0076190765673972392,5.9938372489339713e-06,0.063802093118506778,1.1487516180472943,2.4839412742127296,113,0,1,1,1,1,1
windows_msvc_cpu,cpu,32,coupled,0,1,1,0,2,26,0.047946671588425346,-0.24370250975938806,0.00030013414014643739,-0.0015236876740704938,0.04764653744827891,-0.24217882208531757,0.047690239461680287,-0.24243062522093028,0.0062525241563058656,54.616880645043686,53.703789468210488,45,14751,14706,14751,0.0037025883428271769,1.7387621158545742e-06,0.044510093713458536,1.4469723153945848,2.8001273593578042,45,0,1,1,1,1,1
windows_msvc_cpu,cpu,32,coupled,0,1,1,0,2,27,0.047690239461680273,-0.24243062522093028,0.00025438631154691002,-0.0012932485463660113,0.047435853150133364,-0.24113737667456428,0.047353835290775914,-0.24117464811109965,0.0053344959440072151,45.356506898393924,44.562183141555792,45,14706,14661,14706,0.003084217795348424,4.7101560045236077e-07,0.043308547821799208,1.646426836973927,3.1338092997664706,45,0,1,1,1,1,1
windows_msvc_cpu,cpu,32,coupled,0,1,1,0,2,28,0.047353835290775907,-0.24117464811109965,0.00033932854886051868,-0.0017285923087376732,0.047014506741915388,-0.23944605580236197,0.046973776299765783,-0.23928983408975593,0.0071673295133276001,60.276360626654771,58.813812547715763,65,14661,14596,14661,0.0041113403333097858,2.0187786070555409e-07,0.049126244399585073,1.7113996699389042,3.350269241369487,65,0,1,1,1,1,1
windows_msvc_cpu,cpu,32,coupled,0,1,1,0,2,29,0.04697377629976577,-0.23928983408975593,0.00051228958389500708,-0.0026048657962669465,0.046461486715870762,-0.23668496829348898,0.046482265463265657,-0.23651960977311867,0.010886562653883476,91.800485815546097,88.809345159965389,97,14596,14499,14596,0.0062894276387740547,1.2317896530992877e-07,0.060516728104122425,1.6313839516288997,3.4764884928784463,97,0,1,1,1,1,1
windows_msvc_cpu,cpu,32,coupled,0,1,1,0,2,30,0.046482265463265643,-0.23651960977311867,0.00076144084010197556,-0.0038608925145876493,0.045720824623163667,-0.23265871725853102,0.04582723668796803,-0.23287428487896705,0.01632591332319357,139.52729907638567,134.16588028380235,132,14499,14367,14499,0.0096232360215453248,5.6332344881171411e-07,0.073308116416891236,1.3916137326103732,3.0880857732543685,132,0,1,1,1,1,1
windows_msvc_cpu,cpu,32,coupled,0,1,1,0,2,31,0.045827236687968023,-0.23287428487896705,0.0010650592890614958,-0.0053706429266098402,0.044762177398906526,-0.2275036419523572,0.044875113886283048,-0.22799357317191726,0.02306906173643929,201.45658168924692,192.72344341427464,182,14367,14185,14367,0.014022174545085746,1.2044369010826407e-05,0.080929762618191708,0.9977380171498591,2.3056423414518994,182,0,1,1,1,1,1
windows_msvc_cpu,cpu,32,isolated,1,1,1,0,2,0,0.12499999999999997,-0.62841743651560877,0.012500000000000747,-0.062841743651570525,0.11249999999999923,-0.5655756928640383,0.11310268170053574,-0.56589597286382864,0.10000000000001498,3276.7999999981153,2949.1200000006443,3278,32768,29490,32768,0.099999999999942482,0.10000000000000001,0.10000000000000001,0,0,3278,0,1,1,1,1,1
windows_msvc_cpu,cpu,32,isolated,1,1,1,0,2,1,0.11310268170053574,-0.56589597286382864,0.01131026817005403,-0.056589597286390091,0.10179241353048171,-0.50930637557743852,0.10009438458709607,-0.50864230054331372,0.10000000000001243,2948.9999999984134,2654.1000000001673,3003,29490,26487,29490,0.099999999999946201,0.10000000000000001,0.10000000000000001,0,0,3003,0,1,1,1,1,1
windows_msvc_cpu,cpu,32,isolated,1,1,1,0,2,2,0.10009438458709607,-0.50864230054331372,0.010009438458709772,-0.050864230054336677,0.090084946128386301,-0.45777807048897706,0.087743699449862003,-0.45784114079901478,0.10000000000001011,2648.6999999986865,2383.8299999997303,2664,26487,23823,26487,0.099999999999950406,0.10000000000000001,0.10000000000000001,0,0,2664,0,1,1,1,1,1
windows_msvc_cpu,cpu,32,isolated,1,1,1,0,2,3,0.087743699449862003,-0.45784114079901478,0.0087743699449860692,-0.04578411407990466,0.078969329504875937,-0.4120570267191101,0.078632101685950861,-0.41038606595185395,0.10000000000000664,2382.2999999989288,2144.0699999993426,2470,23823,21353,23823,0.099999999999955042,0.10000000000000001,0.10000000000000001,0,0,2470,0,1,1,1,1,1
windows_msvc_cpu,cpu,32,isolated,1,1,1,0,2,4,0.078632101685950861,-0.41038606595185395,0.0078632101685947968,-0.041038606595187148,0.070768891517356061,-0.3693474593566668,0.070277788326760418,-0.37005801724849291,0.10000000000000399,2135.2999999991534,1921.7699999993019,2125,21353,19228,21353,0.099999999999960357,0.10000000000000001,0.10000000000000001,0,0,2125,0,1,1,1,1,1
windows_msvc_cpu,cpu,32,isolated,1,1,1,0,2,5,0.070277788326760418,-0.37005801724849291,0.0070277788326758078,-0.037005801724849484,0.063250009494084616,-0.33305221552364345,0.063620967444954407,-0.33295060397146597,0.10000000000000041,1922.7999999993467,1730.5199999994759,1901,19228,17327,19228,0.099999999999966019,0.10000000000000001,0.10000000000000001,0,0,1901,0,1,1,1,1,1
windows_msvc_cpu,cpu,32,isolated,1,1,1,0,2,6,0.063620967444954393,-0.33295060397146597,0.0063620967444952435,-0.033295060397145484,0.057258870700459152,-0.2996555435743205,0.056578531506557388,-0.29990520404927978,0.099999999999996661,1732.6999999995196,1559.4299999996315,1684,17327,15643,17327,0.099999999999972278,0.10000000000000001,0.10000000000000001,0,0,1684,0,1,1,1,1,1
windows_msvc_cpu,cpu,32,isolated,1,1,1,0,2,7,0.056578531506557374,-0.29990520404927978,0.0056578531506556,-0.029990520404925981,0.050920678355901777,-0.26991468364435378,0.050026719527716056,-0.26921687439819186,0.099999999999993469,1564.2999999996728,1407.8699999997693,1601,15643,14042,15643,0.099999999999979078,0.10000000000000001,0.10000000000000001,0,0,1601,0,1,1,1,1,1
windows_msvc_cpu,cpu,32,isolated,1,1,1,0,2,8,0.050026719527716049,-0.26921687439819186,0.0050026719527715242,-0.026921687439816704,0.045024047574944527,-0.24229518695837515,0.046507634604044328,-0.24153718207820679,0.099999999999991027,1404.1999999998184,1263.7799999999004,1414,14042,12628,14042,0.099999999999987071,0.10000000000000001,0.10000000000000001,0,0,1414,0,1,1,1,1,1
windows_msvc_cpu,cpu,32,isolated,1,1,1,0,2,9,0.046507634604044334,-0.24153718207820679,0.0046507634604043635,-0.024153718207818167,0.041856871143639972,-0.21738346387038862,0.042164484738815705,-0.21674021687157044,0.099999999999989916,1262.799999999947,1136.5200000000161,1260,12628,11368,12628,0.099999999999995801,0.10000000000000001,0.10000000000000001,0,0,1260,0,1,1,1,1,1
windows_msvc_cpu,cpu,32,isolated,1,1,1,0,2,10,0.042164484738815719,-0.21674021687157044,0.0042164484738815263,-0.021674021687154984,0.03794803626493419,-0.19506619518441545,0.039270171577300068,-0.19651298947743451,0.099999999999990805,1136.8000000000616,1023.1200000001181,1057,11368,10311,11368,0.10000000000000542,0.10000000000000001,0.10000000000000001,0,0,1057,0,1,1,1,1,1
windows_msvc_cpu,cpu,32,isolated,1,1,1,0,2,11,0.039270171577300082,-0.19651298947743451,0.0039270171577299806,-0.019651298947741879,0.035343154419570103,-0.17686169052969264,0.03434398170033446,-0.1762450756132932,0.099999999999992262,1031.1000000001577,927.99000000008448,1072,10311,9239,10311,0.1000000000000153,0.10000000000000001,0.10000000000000001,0,0,1072,0,1,1,1,1,1
windows_msvc_cpu,cpu,32,isolated,1,1,1,0,2,12,0.034343981700334474,-0.1762450756132932,0.003434398170033433,-0.017624507561328207,0.03090958353030104,-0.15862056805196498,0.030860440852234602,-0.1578902033309347,0.099999999999993899,923.90000000014152,831.51000000005035,972,9239,8267,9239,0.10000000000001531,0.10000000000000001,0.10000000000000001,0,0,972,0,1,1,1,1,1
windows_msvc_cpu,cpu,32,isolated,1,1,1,0,2,13,0.030860440852234626,-0.1578902033309347,0.0030860440852234663,-0.015789020333092721,0.027774396767011159,-0.14210118299784197,0.028317914572560887,-0.14207388529520987,0.099999999999995426,826.70000000011942,744.03000000001941,825,8267,7442,8267,0.10000000000001444,0.10000000000000001,0.10000000000000001,0,0,825,0,1,1,1,1,1
windows_msvc_cpu,cpu,32,isolated,1,1,1,0,2,14,0.028317914572560901,-0.14207388529520987,0.0028317914572561038,-0.014207388529520333,0.025486123115304796,-0.12786649676568954,0.025205286335607133,-0.12857396414141625,0.099999999999995579,744.20000000010066,669.77999999999315,731,7442,6711,7442,0.10000000000001352,0.10000000000000001,0.10000000000000001,0,0,731,0,1,1,1,1,1
windows_msvc_cpu,cpu,32,isolated,1,1,1,0,2,15,0.02520528633560714,-0.12857396414141625,0.0025205286335607461,-0.012857396414140992,0.022684757702046393,-0.11571656772727526,0.022409456137963635,-0.11527657845102166,0.099999999999995301,671.10000000008404,603.98999999996988,707,6711,6004,6711,0.10000000000001252,0.10000000000000001,0.10000000000000001,0,0,707,0,1,1,1,1,1
windows_msvc_cpu,cpu,32,isolated,1,1,1,0,2,16,0.022409456137963642,-0.11527657845102166,0.0022409456137964172,-0.011527657845101543,0.020168510524167224,-0.10374892060592011,0.019849502650044253,-0.10388643360088058,0.099999999999994885,600.40000000006796,540.35999999994738,611,6004,5393,6004,0.10000000000001132,0.10000000000000001,0.10000000000000001,0,0,611,0,1,1,1,1,1
windows_msvc_cpu,cpu,32,isolated,1,1,1,0,2,17,0.019849502650044263,-0.10388643360088058,0.0019849502650044993,-0.010388643360087445,0.017864552385039763,-0.093497790240793133,0.018235982544054109,-0.093005910204720169,0.099999999999994441,539.30000000005407,485.3699999999447,565,5393,4828,5393,0.10000000000001003,0.10000000000000001,0.10000000000000001,0,0,565,0,1,1,1,1,1
windows_msvc_cpu,cpu,32,isolated,1,1,1,0,2,18,0.018235982544054122,-0.093005910204720169,0.0018235982544054748,-0.0093005910204713958,0.016412384289648647,-0.083705319184248769,0.01625018291318291,-0.083393418245538475,0.099999999999993691,482.80000000004128,434.51999999995883,490,4828,4338,4828,0.10000000000000855,0.10000000000000001,0.10000000000000001,0,0,490,0,1,1,1,1,1
windows_msvc_cpu,cpu,32,isolated,1,1,1,0,2,19,0.016250182913182924,-0.083393418245538475,0.0016250182913183423,-0.0083393418245532418,0.014625164621864582,-0.07505407642098523,0.014206115480777678,-0.074770732045854452,0.099999999999993122,433.80000000003014,390.41999999997108,443,4338,3895,4338,0.10000000000000694,0.10000000000000001,0.10000000000000001,0,0,443,0,1,1,1,1,1
windows_msvc_cpu,cpu,32,isolated,1,1,1,0,2,20,0.014206115480777699,-0.074770732045854452,0.0014206115480778091,-0.0074770732045848906,0.01278550393269989,-0.06729365884126956,0.012952206702623835,-0.066840140368893561,0.099999999999992942,389.50000000002007,350.54999999998216,411,3895,3484,3895,0.10000000000000515,0.10000000000000001,0.10000000000000001,0,0,411,0,1,1,1,1,1
windows_msvc_cpu,cpu,32,isolated,1,1,1,0,2,21,0.012952206702623861,-0.066840140368893561,0.0012952206702624178,-0.0066840140368889358,0.011656986032361443,-0.060156126332004622,0.011933755934020483,-0.060245025592665792,0.099999999999994038,348.40000000001072,313.55999999999244,339,3484,3145,3484,0.10000000000000307,0.10000000000000001,0.10000000000000001,0,0,339,0,1,1,1,1,1
windows_msvc_cpu,cpu,32,isolated,1,1,1,0,2,22,0.011933755934020504,-0.060245025592665792,0.0011933755934020768,-0.0060245025592662697,0.010740380340618427,-0.054220523033399526,0.010310844801846892,-0.054644402204640848,0.099999999999995134,314.50000000000301,283.05000000000092,294,3145,2851,3145,0.10000000000000096,0.10000000000000001,0.10000000000000001,0,0,294,0,1,1,1,1,1
windows_msvc_cpu,cpu,32,isolated,1,1,1,0,2,23,0.010310844801846918,-0.054644402204640848,0.0010310844801847006,-0.0054644402204638851,0.0092797603216622174,-0.049179961984176963,0.0091484710245917523,-0.049129943175414123,0.099999999999996508,285.09999999999633,256.59000000000827,305,2851,2546,2851,0.099999999999998715,0.10000000000000001,0.10000000000000001,0,0,305,0,1,1,1,1,1
windows_msvc_cpu,cpu,32,isolated,1,1,1,0,2,24,0.00914847102459178,-0.049129943175414123,0.00091484710245918403,-0.0049129943175412975,0.0082336239221325967,-0.044216948857872827,0.0085385171598283821,-0.043801531454643231,0.099999999999997771,254.59999999998982,229.1400000000074,266,2546,2280,2546,0.099999999999995995,0.10000000000000001,0.10000000000000001,0,0,266,0,1,1,1,1,1
windows_msvc_cpu,cpu,32,isolated,1,1,1,0,2,25,0.0085385171598284064,-0.043801531454643231,0.00085385171598284526,-0.0043801531454643067,0.0076846654438455612,-0.039421378309178925,0.0079037106378627101,-0.039676665023215041,0.099999999999999686,227.99999999999133,205.2000000000065,224,2280,2056,2280,0.099999999999996203,0.10000000000000001,0.10000000000000001,0,0,224,0,1,1,1,1,1
windows_msvc_cpu,cpu,32,isolated,1,1,1,0,2,26,0.0079037106378627431,-0.039676665023215041,0.00079037106378627639,-0.0039676665023215514,0.0071133395740764667,-0.035708998520893487,0.0069539261096418772,-0.035821641673927068,0.10000000000000117,205.5999999999926,185.04000000000573,205,2056,1851,2056,0.099999999999996397,0.10000000000000001,0.10000000000000001,0,0,205,0,1,1,1,1,1
windows_msvc_cpu,cpu,32,isolated,1,1,1,0,2,27,0.0069539261096419232,-0.035821641673927068,0.00069539261096419251,-0.0035821641673927738,0.0062585334986777303,-0.032239477506534296,0.0061200322837321004,-0.032233181200286544,0.10000000000000181,185.09999999999377,166.59000000000503,179,1851,1672,1851,0.099999999999996633,0.10000000000000001,0.10000000000000001,0,0,179,0,1,1,1,1,1
windows_msvc_cpu,cpu,32,isolated,1,1,1,0,2,28,0.0061200322837321446,-0.032233181200286544,0.00061200322837321386,-0.0032233181200287198,0.0055080290553589303,-0.029009863080257825,0.0058850286450081134,-0.028734668300824238,0.10000000000000196,167.19999999999479,150.48000000000442,182,1672,1490,1672,0.099999999999996883,0.10000000000000001,0.10000000000000001,0,0,182,0,1,1,1,1,1
windows_msvc_cpu,cpu,32,isolated,1,1,1,0,2,29,0.0058850286450081619,-0.028734668300824235,0.00058850286450081487,-0.0028734668300824818,0.005296525780507347,-0.025861201470741751,0.0050848397514139995,-0.025587357623463043,0.10000000000000193,148.99999999999582,134.1000000000038,164,1490,1326,1490,0.099999999999997202,0.10000000000000001,0.10000000000000001,0,0,164,0,1,1,1,1,1
windows_msvc_cpu,cpu,32,isolated,1,1,1,0,2,30,0.0050848397514140515,-0.025587357623463043,0.00050848397514140242,-0.0025587357623463479,0.0045763557762726493,-0.023028621861116694,0.0049401717157865344,-0.023085568439681382,0.10000000000000164,132.59999999999675,119.34000000000326,127,1326,1199,1326,0.099999999999997549,0.10000000000000001,0.10000000000000001,0,0,127,0,1,1,1,1,1
windows_msvc_cpu,cpu,32,isolated,1,1,1,0,2,31,0.0049401717157865864,-0.023085568439681382,0.00049401717157865593,-0.0023085568439681673,0.0044461545442079304,-0.020777011595713216,0.004216173183601883,-0.020835019637890459,0.10000000000000117,119.89999999999746,107.91000000000282,126,1199,1073,1199,0.099999999999997882,0.10000000000000001,0.10000000000000001,0,0,126,0,1,1,1,1,1
windows_msvc_cpu,cpu,32,coupled,1,1,1,0,2,0,0.12499999999999997,-0.62841743651560877,0.011532425182291009,-0.057977416558908326,0.11346757481770896,-0.57044001995670046,0.11437748131018276,-0.57067397086520844,0.092259401458330184,2752.9662459848582,2511.120975521741,2754,32768,30014,32768,0.084013862487330879,0.056482487606658874,0.10000000000000001,0.05108146795032284,0.14594705128662847,2754,0,1,1,1,1,1
windows_msvc_cpu,cpu,32,coupled,1,1,1,0,2,1,0.11437748131018276,-0.57067397086520844,0.0084543277690106774,-0.04240104075089611,0.10592315354117209,-0.52827293011431231,0.10549476744125511,-0.5277388038804478,0.074285111509028418,1732.9922546444629,1594.0689213432183,1755,30014,28259,30014,0.057739463405226323,0.009178788316392527,0.099929501460702577,0.22071563872170846,0.61018480145946608,1755,0,1,1,1,1,1
windows_msvc_cpu,cpu,32,coupled,1,1,1,0,2,2,0.10549476744125511,-0.5277388038804478,0.0053761845249167221,-0.027045564291037934,0.10011858291633838,-0.50069323958940992,0.099664699454020622,-0.50057339829002712,0.051237007176921,1010.083453918702,939.60676630198088,1016,28259,27243,28259,0.035743779111741467,0.00057894995395824252,0.097783901820952895,0.52642639243314004,1.3162197894190222,1016,0,1,1,1,1,1
windows_msvc_cpu,cpu,32,coupled,1,1,1,0,2,3,0.099664699454020622,-0.50057339829002712,0.0028483043881865977,-0.014326419310226317,0.096816395065834018,-0.48624697897980079,0.097024367458501876,-0.48553326105954392,0.028618448309194439,507.66433041027511,480.00750728823175,533,27243,26710,27243,0.018634670572634258,1.7116625920724922e-05,0.083939678598131076,0.98692819921319419,2.2158489583781349,533,0,1,1,1,1,1
windows_msvc_cpu,cpu,32,coupled,1,1,1,0,2,4,0.097024367458501876,-0.48553326105954392,0.0010669848939050433,-0.0053679451498575672,0.095957382564596835,-0.48016531590968636,0.095861329789613661,-0.48053017871502801,0.011053518589146209,185.86250931803249,180.72471249970897,175,26710,26535,26710,0.0069585364776500371,3.2093754472059692e-07,0.053585583176729137,1.5940271591253903,3.2318273890709497,175,0,1,1,1,1,1
windows_msvc_cpu,cpu,32,coupled,1,1,1,0,2,5,0.095861329789613661,-0.48053017871502801,0.00033781430422605215,-0.0016991772562061475,0.095523515485387608,-0.47883100145882185,0.095504627941692302,-0.47908919029167862,0.0035355854308240504,58.337591668684766,57.74626493936708,50,26535,26485,26535,0.002198514854670615,3.7202169164631094e-09,0.022362997655263325,2.2798707928486706,4.3706732713784646,50,0,1,1,1,1,1
windows_msvc_cpu,cpu,32,coupled,1,1,1,0,2,6,0.095504627941692302,-0.47908919029167862,0.00019010890583999048,-0.00095456596116917983,0.095314519035852308,-0.47813462433050946,0.095341127940071504,-0.47827186630119584,0.001992387693012636,32.641143702844047,32.441184559976541,28,26485,26457,26485,0.0012324388787179176,2.3956243622449785e-11,0.014859628345470317,2.9201924791282337,5.659708432780012,28,0,1,1,1,1,1
windows_msvc_cpu,cpu,32,coupled,1,1,1,0,2,7,0.095341127940071504,-0.47827186630119584,0.00025754249167827777,-0.0012945641477839444,0.095083585448393224,-0.47697730215341189,0.095074298751202671,-0.47699146053859393,0.0027065442685598336,44.169609817577985,43.794540142095521,44,26457,26413,26457,0.0016694867073960762,3.3560433441289025e-13,0.016853835031423067,3.3868677508141363,6.7501607883719617,44,0,1,1,1,1,1
windows_msvc_cpu,cpu,32,coupled,1,1,1,0,2,8,0.095074298751202671,-0.47699146053859393,0.00045430109310561198,-0.0022910871565804429,0.09461999765809706,-0.47470037338201349,0.094712263033328054,-0.47486620829531195,0.0048022551721986148,78.124277771199232,76.958403180798612,72,26413,26341,26413,0.0029577964552000616,3.5648334648982022e-14,0.028007992874332355,3.5663818898542665,7.3230324038014514,72,0,1,1,1,1,1
windows_msvc_cpu,cpu,32,coupled,1,1,1,0,2,9,0.094712263033328054,-0.47486620829531195,0.00067903768314813101,-0.0034244054227151755,0.094033225350179925,-0.47144180287259679,0.094001648125774301,-0.47159888168812464,0.00720970557031325,116.86343774303462,114.27417514751748,112,26341,26229,26341,0.0044365604093631458,6.7860568156072267e-14,0.038701893732081577,3.3688292045266679,7.1585588333777164,112,0,1,1,1,1,1
windows_msvc_cpu,cpu,32,coupled,1,1,1,0,2,10,0.094001648125774301,-0.47159888168812464,0.00070577046832090255,-0.0035646425834428628,0.093295877657453397,-0.46803423910468178,0.093251430758647516,-0.46797058013206072,0.0075567000835809256,122.08743217158256,119.33885534594172,125,26229,26104,26229,0.0046546735358413424,3.3214244131779516e-12,0.04016191532143279,2.8398308490523005,6.1645182435103107,125,0,1,1,1,1,1
windows_msvc_cpu,cpu,32,coupled,1,1,1,0,2,11,0.093251430758647516,-0.46797058013206072,0.00069950070930527687,-0.0035226443477156212,0.092551930049342243,-0.46444793578434512,0.092569506864135453,-0.46442489291868633,0.0075264882127379111,121.81329701763501,119.31863910402605,122,26104,25982,26104,0.004666460964512527,1.7338615547400912e-09,0.039236641974416279,2.1208699275097018,4.5657236581474354,122,0,1,1,1,1,1
windows_msvc_cpu,cpu,32,coupled,1,1,1,0,2,12,0.092569506864135453,-0.46442489291868633,0.0010309518560279345,-0.005195036774966558,0.091538555008107522,-0.45922985614371975,0.09171055989419899,-0.45938643087078757,0.011184088268239061,182.64455605501129,177.89035323189748,178,25982,25804,25982,0.007029657303325814,1.1940132169817025e-06,0.049268909376379247,1.3870908636207053,2.8961548278269307,178,0,1,1,1,1,1
windows_msvc_cpu,cpu,32,coupled,1,1,1,0,2,13,0.09171055989419899,-0.45938643087078757,0.0018925308077796309,-0.0095324046268024896,0.089818029086419365,-0.44985402624398507,0.089710047352429267,-0.45021693230703563,0.020745912292905073,353.524095543378,340.96956688832694,346,25804,25458,25804,0.013700360236528368,0.00016892524823513807,0.065009885550117233,0.78417164335204836,1.6309243682031502,346,0,1,1,1,1,1
windows_msvc_cpu,cpu,32,coupled,1,1,1,0,2,14,0.089710047352429267,-0.45021693230703563,0.0035236384033439801,-0.017730160038897057,0.086186408949085289,-0.43248677226813859,0.086199057521847436,-0.43247647881431134,0.039377426495960939,747.59857921336334,713.60463197044214,751,25458,24707,25458,0.029365958803258832,0.0030400005434076003,0.081026050923912241,0.39240234425861181,0.89251288295848974,751,0,1,1,1,1,1
windows_msvc_cpu,cpu,32,coupled,1,1,1,0,2,15,0.086199057521847436,-0.43247647881431134,0.0044472658911291181,-0.022512079950557092,0.081751791630718315,-0.40996439886375424,0.082531565817415761,-0.40939163050822575,0.052036272216236072,1084.1456418205391,1029.0293248638548,1085,24707,23622,24707,0.043880100450096701,0.013423407015826994,0.086420232857565546,0.23111798643795328,0.513071129020643,1085,0,1,1,1,1,1
windows_msvc_cpu,cpu,32,coupled,1,1,1,0,2,16,0.082531565817415761,-0.40939163050822575,0.0043066136916849445,-0.021801314295705764,0.078224952125730815,-0.38759031621251999,0.078736585221368657,-0.38756628924160419,0.053211107895509223,1190.0342537106014,1127.7059720783957,1213,23622,22409,23622,0.050378217496850453,0.024048923926463014,0.088665106591653622,0.18001685889385455,0.36409631345047783,1213,0,1,1,1,1,1
windows_msvc_cpu,cpu,32,coupled,1,1,1,0,2,17,0.078736585221368657,-0.38756628924160419,0.0042538725963580451,-0.02130063979705581,0.074482712625010605,-0.36626564944454837,0.074829125669924196,-0.36469196020624367,0.05492299590410387,1240.3366855033028,1169.9658675289772,1316,22409,21093,22409,0.055349934646941087,0.024940369010967901,0.087716130293022027,0.15453602083418458,0.35479705287582119,1316,0,1,1,1,1,1
windows_msvc_cpu,cpu,32,coupled,1,1,1,0,2,18,0.074829125669924196,-0.36469196020624367,0.0043913115016009944,-0.021802157467825916,0.070437814168323204,-0.34288980273841774,0.069641195750299381,-0.34361898521046053,0.059738037605285302,1234.5673493569009,1160.478756698908,1200,21093,19893,21093,0.058529718359498453,0.023703714464655773,0.088184385296955423,0.14025915823239291,0.36779033935720079,1200,0,1,1,1,1,1
windows_msvc_cpu,cpu,32,coupled,1,1,1,0,2,19,0.069641195750299367,-0.34361898521046053,0.0046910571656436154,-0.02308934948624625,0.064950138584655759,-0.32052963572421428,0.063729984486141894,-0.3198936494992905,0.067201166402918969,1294.9267123342256,1208.7554829007424,1329,19893,18564,19893,0.065094591682211114,0.026233685756748077,0.091884056884280571,0.11277690379921521,0.3418802624456645,1329,0,1,1,1,1,1
windows_msvc_cpu,cpu,32,coupled,1,1,1,0,2,20,0.06372998448614188,-0.3198936494992905,0.0045820192144195382,-0.022868741791955589,0.059147965271722343,-0.29702490770733492,0.059264044499482325,-0.29658728644083643,0.071504183001428162,1310.7734813012285,1217.20058764538,1330,18564,17234,18564,0.070608353873153867,0.033637129954952209,0.090793590240420954,0.090408271105048427,0.27836850986184347,1330,0,1,1,1,1,1
windows_msvc_cpu,cpu,32,coupled,1,1,1,0,2,21,0.059264044499482312,-0.29658728644083643,0.0041317178646505456,-0.020892005305280882,0.055132326634831766,-0.27569528113555553,0.054050219269415431,-0.27510920289078977,0.070413531311772928,1128.645971560293,1052.3873714072795,1149,17234,16085,17234,0.065489495854722815,0.02902443884280205,0.092017999914575904,0.11244938909501113,0.31605159636640978,1149,0,1,1,1,1,1
windows_msvc_cpu,cpu,32,coupled,1,1,1,0,2,22,0.054050219269415431,-0.27510920289078977,0.0029770442398667032,-0.015042724833861655,0.05107317502954873,-0.26006647805692812,0.050801717431726977,-0.25960267484629851,0.05469397502365874,710.65139455571523,671.62897117656712,735,16085,15350,16085,0.044181000594076175,0.0061295321380179556,0.0894056845994462,0.24562821184067513,0.71334647946806518,735,0,1,1,1,1,1
windows_msvc_cpu,cpu,32,coupled,1,1,1,0,2,23,0.050801717431726977,-0.25960267484629851,0.0020994446192700799,-0.01036343181769917,0.048702272812456898,-0.24923924302859934,0.048707835852252447,-0.24891530987294325,0.039972210987141647,422.55840485576022,400.49590702119929,434,15350,14916,15350,0.027528234844023468,0.00056571739690939877,0.089526093436039178,0.48553922435977698,1.3221271146101741,434,0,1,1,1,1,1
windows_msvc_cpu,cpu,32,coupled,1,1,1,0,2,24,0.048707835852252447,-0.24891530987294325,0.0013695603525852237,-0.0067240729531894044,0.047338275499667223,-0.24219123691975383,0.047418749586920515,-0.24241889041332537,0.027054224550602819,254.97986072009675,243.28938318333468,245,14916,14671,14916,0.017094385942618445,4.099625372460165e-05,0.084441603188341666,0.79116898489771226,1.9926946008770099,245,0,1,1,1,1,1
windows_msvc_cpu,cpu,32,coupled,1,1,1,0,2,25,0.047418749586920515,-0.24241889041332537,0.00062950504979442904,-0.0031125412572590959,0.046789244537126087,-0.23930634915606627,0.046831743606454909,-0.23979291609660694,0.012855581004987496,114.98117753114086,111.94760540569446,96,14671,14575,14671,0.0078373101718451944,5.4100284200153246e-06,0.061266368157514045,1.1247091765929256,2.5101234329814268,96,0,1,1,1,1,1
windows_msvc_cpu,cpu,32,coupled,1,1,1,0,2,26,0.046831743606454923,-0.23979291609660694,0.00031000330835231736,-0.0015560810372598735,0.046521740298102604,-0.23823683505934706,0.046585482772385958,-0.23838571188525945,0.0064940554808251925,55.991413306611562,55.032814986197813,50,14575,14525,14575,0.0038416064018258361,5.8412051799769326e-07,0.055872658153524969,1.4132379462593199,3.078823336301034,50,0,1,1,1,1,1
windows_msvc_cpu,cpu,32,coupled,1,1,1,0,2,27,0.046585482772385972,-0.23838571188525945,0.00025574543865521153,-0.0013077652915380945,0.046329737333730761,-0.23707794659372136,0.046279051123944176,-0.23655393825004251,0.005486064485243059,45.965625848198826,45.153681309847713,64,14525,14461,14525,0.0031645869775007796,3.0588869122841393e-07,0.041524257427576976,1.6092986724166773,3.2440974512064642,64,0,1,1,1,1,1
windows_msvc_cpu,cpu,32,coupled,1,1,1,0,2,28,0.04627905112394419,-0.23655393825004251,0.00033453069681557772,-0.0017296794228808417,0.045944520427128613,-0.23482425882716165,0.045992420705288917,-0.23511759585131875,0.0073089118437132897,60.396232922284426,58.919958632600164,50,14461,14411,14461,0.0041764907628991377,2.6635659354053322e-07,0.050922718378746318,1.6749815075930625,3.2794537662952434,50,0,1,1,1,1,1
windows_msvc_cpu,cpu,32,coupled,1,1,1,0,2,29,0.045992420705288931,-0.23511759585131875,0.00050331779905406996,-0.0026120027946708604,0.045489102906234861,-0.23250559305664789,0.045293240662655117,-0.23216847632137388,0.01110323386684642,92.181018808152871,89.174180247058359,105,14411,14306,14411,0.0063965733681321819,1.7382381718095801e-07,0.062910304148444202,1.5962459051393991,3.3884960917061413,105,0,1,1,1,1,1
windows_msvc_cpu,cpu,32,coupled,1,1,1,0,2,30,0.045293240662655131,-0.23216847632137388,0.00074559967857140653,-0.0038753824373658832,0.044547640984083724,-0.22829309388400801,0.044468141414698167,-0.22837663386030863,0.016683661865010805,140.28337507223426,134.85449430285712,136,14306,14170,14306,0.0098059118602148929,6.762313698242565e-07,0.071971020160144256,1.3614920622836044,3.0414121873138011,136,0,1,1,1,1,1
windows_msvc_cpu,cpu,32,coupled,1,1,1,0,2,31,0.044468141414698181,-0.22837663386030863,0.0010401203269535663,-0.0053609989546453789,0.043428021087744614,-0.22301563490566326,0.043382476896774734,-0.22263814559840514,0.023471302407846652,201.7575056914651,192.93272654988957,213,14170,13957,14170,0.014238356082672201,1.2865670590202946e-05,0.082155883440350311,0.97455457264965184,2.2887887393755229,213,0,1,1,1,1,1
windows_msvc_cpu,cpu,32,isolated,2,1,1,0,2,0,0.12499999999999997,-0.62841743651560877,0.012500000000000747,-0.062841743651570525,0.11249999999999923,-0.5655756928640383,0.11038311132515818,-0.56543623697564582,0.10000000000001498,3276.7999999981153,2949.1200000006443,3301,32768,29467,32768,0.099999999999942482,0.10000000000000001,0.10000000000000001,0,0,3301,0,1,1,1,1,1
windows_msvc_cpu,cpu,32,isolated,2,1,1,0,2,1,0.11038311132515818,-0.56543623697564582,0.011038311132516253,-0.056543623697572105,0.099344800192641927,-0.50889261327807367,0.099469503256279984,-0.50650556881485331,0.10000000000001297,2946.6999999984155,2652.0300000001639,3019,29467,26448,29467,0.099999999999946229,0.10000000000000001,0.10000000000000001,0,0,3019,0,1,1,1,1,1
windows_msvc_cpu,cpu,32,isolated,2,1,1,0,2,2,0.099469503256279984,-0.50650556881485331,0.0099469503256282236,-0.050650556881490692,0.089522552930651755,-0.45585501193336264,0.090608741512424942,-0.4560691862128407,0.10000000000001028,2644.7999999986901,2380.3199999997246,2648,26448,23800,26448,0.099999999999950476,0.10000000000000001,0.10000000000000001,0,0,2648,0,1,1,1,1,1
windows_msvc_cpu,cpu,32,isolated,2,1,1,0,2,3,0.090608741512424942,-0.4560691862128407,0.0090608741512424578,-0.045606918621287296,0.081547867361182483,-0.41046226759155341,0.081600081630931215,-0.41106912512447408,0.10000000000000679,2379.9999999989309,2141.9999999993393,2364,23800,21436,23800,0.099999999999955083,0.10000000000000001,0.10000000000000001,0,0,2364,0,1,1,1,1,1
windows_msvc_cpu,cpu,32,isolated,2,1,1,0,2,4,0.081600081630931215,-0.41106912512447408,0.0081600081630928915,-0.041106912512449065,0.073440073467838318,-0.369962212612025,0.073748592101559263,-0.36888830483433227,0.10000000000000377,2143.5999999991459,1929.2399999992952,2179,21436,19257,21436,0.099999999999960162,0.10000000000000001,0.10000000000000001,0,0,2179,0,1,1,1,1,1
windows_msvc_cpu,cpu,32,isolated,2,1,1,0,2,5,0.073748592101559263,-0.36888830483433227,0.0073748592101556187,-0.036888830483433319,0.06637373289140365,-0.33199947435089894,0.067665212325241433,-0.33145131487823182,0.10000000000000007,1925.6999999993441,1733.1299999994735,1953,19257,17304,19257,0.099999999999965936,0.10000000000000001,0.10000000000000001,0,0,1953,0,1,1,1,1,1
windows_msvc_cpu,cpu,32,isolated,2,1,1,0,2,6,0.067665212325241433,-0.33145131487823182,0.0067665212325238562,-0.033145131487821916,0.060898691092717575,-0.29830618339040993,0.060214755951868593,-0.29716319985630946,0.099999999999996175,1730.3999999995217,1557.3599999996334,1791,17304,15513,17304,0.099999999999972361,0.10000000000000001,0.10000000000000001,0,0,1791,0,1,1,1,1,1
windows_msvc_cpu,cpu,32,isolated,2,1,1,0,2,7,0.060214755951868579,-0.29716319985630946,0.0060214755951866423,-0.029716319985628757,0.054193280356681937,-0.26744687987068072,0.054463385661974444,-0.26693173837218581,0.099999999999992789,1551.2999999996846,1396.16999999978,1594,15513,13919,15513,0.099999999999979675,0.10000000000000001,0.10000000000000001,0,0,1594,0,1,1,1,1,1
windows_msvc_cpu,cpu,32,isolated,2,1,1,0,2,8,0.05446338566197443,-0.26693173837218581,0.0054463385661972759,-0.02669317383721612,0.049017047095777151,-0.2402385645349697,0.049105428285789648,-0.24011108957453589,0.099999999999991041,1391.8999999998296,1252.7099999999105,1412,13919,12507,13919,0.099999999999987751,0.10000000000000001,0.10000000000000001,0,0,1412,0,1,1,1,1,1
windows_msvc_cpu,cpu,32,isolated,2,1,1,0,2,9,0.049105428285789655,-0.24011108957453589,0.0049105428285788691,-0.024011108957451073,0.044194885457210786,-0.21609998061708482,0.044060631995860203,-0.21582137564938927,0.099999999999989861,1250.699999999958,1125.630000000026,1243,12507,11264,12507,0.099999999999996647,0.10000000000000001,0.10000000000000001,0,0,1243,0,1,1,1,1,1
windows_msvc_cpu,cpu,32,isolated,2,1,1,0,2,10,0.044060631995860217,-0.21582137564938927,0.0044060631995859641,-0.021582137564936942,0.039654568796274256,-0.19423923808445234,0.040532396052532789,-0.19532461762244088,0.099999999999991124,1126.400000000071,1013.7600000001148,1070,11264,10194,11264,0.10000000000000631,0.10000000000000001,0.10000000000000001,0,0,1070,0,1,1,1,1,1
windows_msvc_cpu,cpu,32,isolated,2,1,1,0,2,11,0.040532396052532796,-0.19532461762244088,0.004053239605253247,-0.019532461762242621,0.036479156447279545,-0.17579215586019825,0.037037617910030678,-0.17588323944648485,0.099999999999992761,1019.4000000001632,917.46000000008075,1008,10194,9186,10194,0.10000000000001601,0.10000000000000001,0.10000000000000001,0,0,1008,0,1,1,1,1,1
windows_msvc_cpu,cpu,32,isolated,2,1,1,0,2,12,0.037037617910030685,-0.17588323944648485,0.0037037617910030312,-0.017588323944647474,0.033333856119027651,-0.15829491550183739,0.034326445456782075,-0.15780937129661385,0.099999999999994454,918.60000000014031,826.74000000004867,941,9186,8245,9186,0.10000000000001527,0.10000000000000001,0.10000000000000001,0,0,941,0,1,1,1,1,1
windows_msvc_cpu,cpu,32,isolated,2,1,1,0,2,13,0.034326445456782081,-0.15780937129661385,0.0034326445456781935,-0.015780937129660746,0.030893800911103889,-0.1420284341669531,0.031381080662163392,-0.14163980960084713,0.09999999999999612,824.50000000011892,742.05000000001871,834,8245,7411,8245,0.10000000000001442,0.10000000000000001,0.10000000000000001,0,0,834,0,1,1,1,1,1
windows_msvc_cpu,cpu,32,isolated,2,1,1,0,2,14,0.031381080662163406,-0.14163980960084713,0.0031381080662163346,-0.014163980960084106,0.028242972595947071,-0.12747582864076301,0.028431175632998705,-0.12734375554255864,0.099999999999995912,741.10000000009995,666.98999999999216,733,7411,6678,7411,0.10000000000001348,0.10000000000000001,0.10000000000000001,0,0,733,0,1,1,1,1,1
windows_msvc_cpu,cpu,32,isolated,2,1,1,0,2,15,0.028431175632998715,-0.12734375554255864,0.0028431175632998773,-0.01273437555425525,0.025588058069698837,-0.11460937998830339,0.025420740899167925,-0.11385358953796851,0.099999999999995412,667.80000000008329,601.01999999996883,707,6678,5971,6678,0.10000000000001247,0.10000000000000001,0.10000000000000001,0,0,707,0,1,1,1,1,1
windows_msvc_cpu,cpu,32,isolated,2,1,1,0,2,16,0.025420740899167939,-0.11385358953796851,0.0025420740899168115,-0.011385358953796247,0.022878666809251127,-0.10246823058417226,0.023886677788464997,-0.1025640408917113,0.099999999999994996,597.10000000006721,537.38999999994633,588,5971,5383,5971,0.10000000000001126,0.10000000000000001,0.10000000000000001,0,0,588,0,1,1,1,1,1
windows_msvc_cpu,cpu,32,isolated,2,1,1,0,2,17,0.023886677788465004,-0.1025640408917113,0.0023886677788465243,-0.010256404089170513,0.021498010009618478,-0.092307636802540782,0.021535302756891743,-0.092360225146475142,0.099999999999994343,538.30000000005384,484.46999999994495,544,5383,4839,5383,0.10000000000001,0.10000000000000001,0.10000000000000001,0,0,544,0,1,1,1,1,1
windows_msvc_cpu,cpu,32,isolated,2,1,1,0,2,18,0.02153530275689175,-0.092360225146475142,0.0021535302756892122,-0.0092360225146469136,0.019381772481202538,-0.083124202631828223,0.019804613779660678,-0.082975390656748194,0.099999999999993927,483.90000000004153,435.50999999995855,487,4839,4352,4839,0.10000000000000858,0.10000000000000001,0.10000000000000001,0,0,487,0,1,1,1,1,1
windows_msvc_cpu,cpu,32,isolated,2,1,1,0,2,19,0.019804613779660682,-0.082975390656748194,0.0019804613779661217,-0.0082975390656742087,0.017824152401694559,-0.074677851591073985,0.01803446388796625,-0.074061786904074972,0.099999999999993178,435.20000000003046,391.67999999997073,477,4352,3875,4352,0.100000000000007,0.10000000000000001,0.10000000000000001,0,0,477,0,1,1,1,1,1
windows_msvc_cpu,cpu,32,isolated,2,1,1,0,2,20,0.01803446388796625,-0.074061786904074972,0.0018034463887966763,-0.0074061786904069749,0.016231017499169574,-0.066655608213667991,0.01622510203794272,-0.066487050874035114,0.099999999999993511,387.50000000001961,348.74999999998266,410,3875,3465,3875,0.10000000000000506,0.10000000000000001,0.10000000000000001,0,0,410,0,1,1,1,1,1
windows_msvc_cpu,cpu,32,isolated,2,1,1,0,2,21,0.016225102037942727,-0.066487050874035114,0.0016225102037943154,-0.0066487050874031364,0.014602591834148412,-0.059838345786631976,0.014558697476968963,-0.059347409014407687,0.099999999999994801,346.50000000001029,311.84999999999292,366,3465,3099,3465,0.10000000000000298,0.10000000000000001,0.10000000000000001,0,0,366,0,1,1,1,1,1
windows_msvc_cpu,cpu,32,isolated,2,1,1,0,2,22,0.014558697476968967,-0.059347409014407687,0.0014558697476969292,-0.0059347409014405047,0.013102827729272038,-0.053412668112967181,0.01330707537601078,-0.053376932299400666,0.099999999999995925,309.90000000000197,278.91000000000207,313,3099,2786,3099,0.10000000000000063,0.10000000000000001,0.10000000000000001,0,0,313,0,1,1,1,1,1
windows_msvc_cpu,cpu,32,isolated,2,1,1,0,2,23,0.013307075376010783,-0.053376932299400666,0.0013307075376011042,-0.005337693229939904,0.011976367838409678,-0.048039239069460761,0.011567033599950134,-0.047689048544061266,0.099999999999997244,278.59999999999485,250.74000000000822,308,2786,2478,2786,0.099999999999998146,0.10000000000000001,0.10000000000000001,0,0,308,0,1,1,1,1,1
windows_msvc_cpu,cpu,32,isolated,2,1,1,0,2,24,0.011567033599950139,-0.047689048544061266,0.0011567033599950353,-0.0047689048544060529,0.010410330239955103,-0.042920143689655216,0.010567831808978108,-0.042329922614342874,0.099999999999998646,247.79999999999021,223.02000000000717,269,2478,2209,2478,0.09999999999999605,0.10000000000000001,0.10000000000000001,0,0,269,0,1,1,1,1,1
windows_msvc_cpu,cpu,32,isolated,2,1,1,0,2,25,0.010567831808978119,-0.042329922614342874,0.001056783180897824,-0.0042329922614343036,0.0095110486280802937,-0.038096930352908571,0.0096295409862336648,-0.03838812917254885,0.10000000000000041,220.89999999999173,198.81000000000626,201,2209,2008,2209,0.099999999999996259,0.10000000000000001,0.10000000000000001,0,0,201,0,1,1,1,1,1
windows_msvc_cpu,cpu,32,isolated,2,1,1,0,2,26,0.0096295409862336787,-0.03838812917254885,0.00096295409862337306,-0.0038388129172549587,0.0086665868876103051,-0.034549316255293894,0.0087098296937353891,-0.034877624587749408,0.10000000000000184,200.79999999999288,180.72000000000557,201,2008,1807,2008,0.099999999999996453,0.10000000000000001,0.10000000000000001,0,0,201,0,1,1,1,1,1
windows_msvc_cpu,cpu,32,isolated,2,1,1,0,2,27,0.0087098296937354065,-0.034877624587749408,0.00087098296937354451,-0.0034877624587750064,0.0078388467243618622,-0.031389862128974398,0.0078558757250107997,-0.030869105630254232,0.10000000000000178,180.69999999999402,162.63000000000488,201,1807,1606,1807,0.099999999999996689,0.10000000000000001,0.10000000000000001,0,0,201,0,1,1,1,1,1
windows_msvc_cpu,cpu,32,isolated,2,1,1,0,2,28,0.007855875725010824,-0.030869105630254232,0.00078558757250108725,-0.0030869105630254821,0.0070702881525097367,-0.027782195067228749,0.0072760761119875879,-0.027645258998575041,0.10000000000000182,160.59999999999516,144.5400000000042,161,1606,1445,1606,0.099999999999996994,0.10000000000000001,0.10000000000000001,0,0,161,0,1,1,1,1,1
windows_msvc_cpu,cpu,32,isolated,2,1,1,0,2,29,0.0072760761119876113,-0.027645258998575038,0.00072760761119876512,-0.0027645258998575464,0.0065484685007888462,-0.024880733098717491,0.0070905832527819812,-0.025191593498510276,0.10000000000000146,144.49999999999608,130.05000000000365,129,1445,1316,1445,0.099999999999997286,0.10000000000000001,0.10000000000000001,0,0,129,0,1,1,1,1,1
windows_msvc_cpu,cpu,32,isolated,2,1,1,0,2,30,0.0070905832527820099,-0.025191593498510273,0.00070905832527820339,-0.00251915934985106,0.0063815249275038068,-0.022672434148659212,0.0060901599659699875,-0.023018720035258906,0.10000000000000123,131.59999999999681,118.44000000000322,119,1316,1197,1316,0.099999999999997577,0.10000000000000001,0.10000000000000001,0,0,119,0,1,1,1,1,1
windows_msvc_cpu,cpu,32,isolated,2,1,1,0,2,31,0.0060901599659700222,-0.023018720035258906,0.00060901599659700237,-0.0023018720035259152,0.0054811439693730202,-0.020716848031732991,0.0055396555670665735,-0.020506838838488181,0.100000000000001,119.69999999999747,107.73000000000282,129,1197,1068,1197,0.099999999999997882,0.10000000000000001,0.10000000000000001,0,0,129,0,1,1,1,1,1
windows_msvc_cpu,cpu,32,coupled,2,1,1,0,2,0,0.12499999999999997,-0.62841743651560877,0.011532425182291009,-0.057977416558908326,0.11346757481770896,-0.57044001995670046,0.11156194848223441,-0.57067248805554449,0.092259401458330184,2752.9662459848582,2511.120975521741,2749,32768,30019,32768,0.084013862487330879,0.056482487606658874,0.10000000000000001,0.05108146795032284,0.14594705128662847,2749,0,1,1,1,1,1
windows_msvc_cpu,cpu,32,coupled,2,1,1,0,2,1,0.11156194848223441,-0.57067248805554449,0.0083357942288658088,-0.042405211751433421,0.1032261542533686,-0.52826727630411108,0.10318940395488081,-0.52639502786288761,0.074322588828047473,1732.0964725396921,1593.1339178202697,1791,30019,28228,30019,0.057700005747682873,0.009178788316392527,0.099929501460702577,0.22128654686296756,0.61018480145946608,1791,0,1,1,1,1,1
windows_msvc_cpu,cpu,32,coupled,2,1,1,0,2,2,0.10318940395488081,-0.52639502786288761,0.0053409362937238579,-0.026923440301011074,0.097848467661156957,-0.49947158756187654,0.098032244663108989,-0.50019203743484264,0.051169474097655113,1005.8199577156128,935.69615273564625,985,28228,27243,28228,0.035631995101162418,0.00059773204601944305,0.097340974580424469,0.52818070792747063,1.3080628207347154,985,0,1,1,1,1,1
windows_msvc_cpu,cpu,32,coupled,2,1,1,0,2,3,0.098032244663108989,-0.50019203743484264,0.0028457478937214671,-0.014383228127153459,0.095186496769387521,-0.48580880930768916,0.095279825949767236,-0.48646817971677608,0.028765520913498599,509.51293165198405,481.6460904040905,490,27243,26753,27243,0.018702526581212936,1.8452048700496441e-05,0.083506719850327066,0.98700384370842065,2.1966550976917669,490,0,1,1,1,1,1
windows_msvc_cpu,cpu,32,coupled,2,1,1,0,2,4,0.095279825949767236,-0.48646817971677608,0.0010731453829218108,-0.0054452839898713459,0.094206680566845419,-0.48102289572690476,0.09400306203150724,-0.48125157307488009,0.011196075777646976,188.44448376880547,183.1969319663248,182,26753,26571,26753,0.0070438636328189535,3.1908346968534066e-07,0.051888700333492091,1.5906519860930517,3.233307660441743,182,0,1,1,1,1,1
windows_msvc_cpu,cpu,32,coupled,2,1,1,0,2,5,0.09400306203150724,-0.48125157307488009,0.00033548348297914103,-0.0017173454302303074,0.093667578548528099,-0.47953422764464976,0.093551153654580027,-0.47915348966422744,0.0035685115013825409,58.914410929067778,58.316717068803676,72,26571,26499,26571,0.0022172447754720474,2.9551446755518519e-09,0.021590936541510272,2.2762603700957498,4.4294962768272947,72,0,1,1,1,1,1
windows_msvc_cpu,cpu,32,coupled,2,1,1,0,2,6,0.093551153654580027,-0.47915348966422744,0.00018566317834551964,-0.00095639582609869224,0.093365490476234506,-0.47819709383812875,0.093309459565451058,-0.47832584789130694,0.0019955929830456328,32.670842249732331,32.471416616843271,29,26499,26470,26499,0.0012329084965369385,2.4895539590674366e-11,0.013270274315503481,2.9189711602869202,5.649882300260801,29,0,1,1,1,1,1
windows_msvc_cpu,cpu,32,coupled,2,1,1,0,2,7,0.093309459565451058,-0.47832584789130694,0.0002506792827750554,-0.001294565346037292,0.093058780282676001,-0.47703128254526966,0.093089344662759616,-0.47712305678920042,0.0027057207064509819,44.124695567739124,43.750865987401632,41,26470,26429,26470,0.0016669699874476435,3.4800166578853284e-13,0.017283274598331011,3.3875754132636957,6.7408929806673648,41,0,1,1,1,1,1
windows_msvc_cpu,cpu,32,coupled,2,1,1,0,2,8,0.093089344662759616,-0.47712305678920042,0.00044650967992271572,-0.0022999037190879097,0.092642834982836902,-0.47482315307011252,0.092552130371719846,-0.47424383872399922,0.004819485282027915,78.363006285217494,77.192153108576846,98,26429,26331,26429,0.0029650386425978089,3.7730064430744334e-14,0.028500039862197426,3.5685977203657959,7.3085320122579773,98,0,1,1,1,1,1
windows_msvc_cpu,cpu,32,coupled,2,1,1,0,2,9,0.092552130371719846,-0.47424383872399922,0.00066868668089065737,-0.0034342918151543671,0.091883443690829195,-0.47080954690884486,0.091841515464165982,-0.47109393640468383,0.0072410054907578692,117.12201291722202,114.51349536536782,108,26331,26223,26331,0.0044480655089902408,8.2329200232805469e-14,0.037188163436718012,3.3750995091311564,7.1091797401213981,108,0,1,1,1,1,1
windows_msvc_cpu,cpu,32,coupled,2,1,1,0,2,10,0.091841515464165982,-0.47109393640468383,0.00069496029241400577,-0.003580856928072665,0.091146555171751978,-0.46751307947661119,0.091167714227896268,-0.4676759912616183,0.0075999003739225628,122.55287546434093,119.77411505494035,117,26223,26106,26223,0.0046734879862845944,4.0799732850033394e-12,0.038467556913958707,2.8452322177710587,6.1119644099486532,117,0,1,1,1,1,1
windows_msvc_cpu,cpu,32,coupled,2,1,1,0,2,11,0.091167714227896268,-0.4676759912616183,0.00068030361235835277,-0.0035282749800941461,0.090487410615537917,-0.46414771628152413,0.090366215829652249,-0.46431132281110893,0.0075412643208655518,121.87759956322297,119.37545177194473,117,26106,25989,26106,0.0046685665963082422,1.9531607297182594e-09,0.039658589662537387,2.1236984221059876,4.535295111423185,117,0,1,1,1,1,1
windows_msvc_cpu,cpu,32,coupled,2,1,1,0,2,12,0.090366215829652249,-0.46431132281110893,0.00099665649746455659,-0.0051939698008751922,0.089369559332187695,-0.45911735301023371,0.08963834477397635,-0.45943730808649486,0.011180653595605152,182.37699528837987,177.63505033198209,169,25989,25820,25989,0.0070174687478694788,1.1074045784293642e-06,0.051250122169941896,1.3876600252789668,2.915393626166872,169,0,1,1,1,1,1
windows_msvc_cpu,cpu,32,coupled,2,1,1,0,2,13,0.08963834477397635,-0.45943730808649486,0.0018374718958355689,-0.0095502869892679174,0.087800872878140784,-0.44988702109722695,0.08807474176625367,-0.44953241029328861,0.020776352836076369,353.81062531759898,341.23164282479217,363,25820,25457,25820,0.013702967673028621,0.00014555969057690872,0.067204992549451267,0.78336855295893737,1.6689594536848644,363,0,1,1,1,1,1
windows_msvc_cpu,cpu,32,coupled,2,1,1,0,2,14,0.08807474176625367,-0.44953241029328861,0.0034584392511167309,-0.017702181342258632,0.084616302515136937,-0.43183022895102996,0.084467945570149847,-0.43232323082347796,0.039374958591890094,747.15580367139205,713.23891153020361,727,25457,24730,25457,0.029349719278445693,0.0031257970351474748,0.081584533397958486,0.39175408552033364,0.88540213391329081,727,0,1,1,1,1,1
windows_msvc_cpu,cpu,32,coupled,2,1,1,0,2,15,0.084467945570149847,-0.43232323082347796,0.0044348711089355645,-0.022438618903296608,0.080033074461214285,-0.40988461192018133,0.080673766087126841,-0.40908692615003134,0.051924518807449485,1083.4408100706137,1028.5522989632611,1124,24730,23606,24730,0.043810788923195051,0.014447478105169427,0.088164214224266957,0.23109277609951176,0.49428739391383236,1124,0,1,1,1,1,1
windows_msvc_cpu,cpu,32,coupled,2,1,1,0,2,16,0.080673766087126841,-0.40908692615003134,0.0043750786516008498,-0.021639998882382896,0.076298687435525994,-0.38744692726764846,0.076236553136816418,-0.38681013924682656,0.052948206157026473,1185.4574384436576,1123.7240412253736,1210,23606,22396,23606,0.050218479981515615,0.024588505838391575,0.086379244583318859,0.18047448794081342,0.35842724584077978,1210,0,1,1,1,1,1
windows_msvc_cpu,cpu,32,coupled,2,1,1,0,2,17,0.076236553136816418,-0.38681013924682656,0.0042624662641151138,-0.021146146434061073,0.071974086872701307,-0.36566399281276546,0.072103515625306938,-0.36569710491869151,0.054714504791035949,1236.8468945955906,1166.9592619952928,1241,22396,21155,22396,0.055226241051776682,0.023348062020436301,0.083499611472819091,0.15482615697457605,0.37165280915184196,1241,0,1,1,1,1,1
windows_msvc_cpu,cpu,32,coupled,2,1,1,0,2,18,0.072103515625306938,-0.36569710491869151,0.0043477288974637096,-0.02178920476468094,0.067755786727843229,-0.34390790015401057,0.068350290177017464,-0.34350792491540455,0.059609440390708084,1234.5192790609674,1160.8301062644543,1254,21155,19901,21155,0.058355910142328875,0.024129742143799888,0.0851544460041012,0.14068736730085585,0.36323915333436163,1254,0,1,1,1,1,1
windows_msvc_cpu,cpu,32,coupled,2,1,1,0,2,19,0.06835029017701745,-0.34350792491540455,0.0045832423657247321,-0.023075466403486181,0.063767047811292721,-0.32043245851191837,0.064143578810443913,-0.32014804916281869,0.067171337931976619,1292.3482678125074,1206.6876308460905,1311,19901,18590,19901,0.064938860751344529,0.020711870933507726,0.090565180691577332,0.11316600124841918,0.40226251466488894,1311,0,1,1,1,1,1
windows_msvc_cpu,cpu,32,coupled,2,1,1,0,2,20,0.064143578810443899,-0.32014804916281869,0.0045725319932945433,-0.023000823556242823,0.059571046817149358,-0.29714722560657586,0.060650334721220209,-0.29632429907457503,0.071822782291311532,1316.7034559564486,1222.5023501812964,1361,18590,17229,18590,0.070828588270922463,0.035222020758211063,0.091285843360721805,0.089476892278125456,0.26660541922551384,1361,0,1,1,1,1,1
windows_msvc_cpu,cpu,32,coupled,2,1,1,0,2,21,0.060650334721220202,-0.29632429907457503,0.0042805431059420793,-0.020954925591734907,0.056369791615278123,-0.27536937348284013,0.055634013936638332,-0.27480901905705252,0.070710610196409979,1132.9191212373034,1056.0926246275053,1162,17229,16067,17229,0.065756522214713758,0.029209583565867388,0.092835159787182833,0.11135582524211769,0.31442700902505194,1162,0,1,1,1,1,1
windows_msvc_cpu,cpu,32,coupled,2,1,1,0,2,22,0.055634013936638319,-0.27480901905705252,0.0030729832963555461,-0.015093036488908772,0.052561030640282773,-0.25971598256814377,0.052656000027100643,-0.25971686503415581,0.054934264853781271,712.36670015372044,673.11260146180859,699,16067,15368,16067,0.04433725649802206,0.0069437622870084249,0.088984169576363403,0.24447806313991596,0.68148017624715718,699,0,1,1,1,1,1
windows_msvc_cpu,cpu,32,coupled,2,1,1,0,2,23,0.052656000027100629,-0.25971686503415581,0.0021326016839615363,-0.010426288843963379,0.050523398343139091,-0.24929057619019243,0.049873651053234248,-0.24906864850915295,0.040158876095657721,424.34210028522921,402.0634759248295,431,15368,14937,15368,0.027612057540683837,0.00063504419484358698,0.089680269497658074,0.48532578886828642,1.2925922717188929,431,0,1,1,1,1,1
windows_msvc_cpu,cpu,32,coupled,2,1,1,0,2,24,0.049873651053234234,-0.24906864850915295,0.0013908175264047424,-0.0067717503026130102,0.048482833526829493,-0.24229689820653993,0.048662533105962878,-0.24138166404695968,0.027215217393639111,256.48590239012157,244.63066790528757,293,14937,14644,14937,0.017171179111610202,5.5778652424869528e-05,0.086582906252355762,0.79325498028946728,1.9140259680761331,293,0,1,1,1,1,1
windows_msvc_cpu,cpu,32,coupled,2,1,1,0,2,25,0.048662533105962864,-0.24138166404695968,0.000651755415624426,-0.003099146475857142,0.048010777690338437,-0.23828251757110255,0.048023204591487172,-0.23823870409828454,0.012860839403463262,114.56085656755926,111.53089384528707,114,14644,14530,14644,0.0078230576732832048,8.5005829314242089e-06,0.066828880075149977,1.1303453160188031,2.3946716732994751,114,0,1,1,1,1,1
windows_msvc_cpu,cpu,32,coupled,2,1,1,0,2,26,0.048023204591487172,-0.23823870409828454,0.00032474204059002027,-0.0015312111367468764,0.047698462550897151,-0.23670749296153767,0.047733785384543093,-0.23688847898255794,0.0064402935948601608,55.192486568539195,54.252832354762688,49,14530,14481,14530,0.0037985193784266479,1.1307313353182257e-06,0.042677077076484,1.4205175105250265,2.9100677546453557,49,0,1,1,1,1,1
windows_msvc_cpu,cpu,32,coupled,2,1,1,0,2,27,0.047733785384543079,-0.23688847898255794,0.00026917883980651525,-0.0012892881970389025,0.047464606544736561,-0.23559919078551902,0.047308790064006727,-0.23547036702477611,0.0054502657202168568,45.412223255635844,44.608375512909411,50,14481,14431,14481,0.0031359866898443369,3.3883205051956371e-07,0.039775868116763008,1.615157324885979,3.2179649072478771,50,0,1,1,1,1,1
windows_msvc_cpu,cpu,32,coupled,2,1,1,0,2,28,0.047308790064006713,-0.23547036702477611,0.00034837590829416199,-0.0017066864061232414,0.046960414155712553,-0.23376368061865288,0.046878957320747594,-0.23366172476319966,0.0072524843064496781,59.715248804311955,58.254962795789154,64,14431,14367,14431,0.0041379841178235711,3.1710760362678347e-07,0.048238926662489537,1.6781382178891961,3.2348946657476665,64,0,1,1,1,1,1
windows_msvc_cpu,cpu,32,coupled,2,1,1,0,2,29,0.046878957320747587,-0.23366172476319966,0.00052355436625931397,-0.0025812990153017759,0.04635540295448827,-0.23108042574789789,0.0463747121727301,-0.23115723079498318,0.0110518464524523,91.304487958825931,88.319951105500934,91,14367,14276,14367,0.0063551533346436926,3.1564641149658535e-07,0.063780697635366299,1.5981486575129367,3.2360746609437951,91,0,1,1,1,1,1
windows_msvc_cpu,cpu,32,coupled,2,1,1,0,2,30,0.046374712172730086,-0.23115723079498318,0.00078303919017340287,-0.0038589250808750489,0.045591672982556682,-0.22729830571410814,0.04564250014156198,-0.2276646111425924,0.016701334705865233,140.00752685087906,134.56615571397495,126,14276,14150,14276,0.0098071957726869607,3.7400495615109153e-07,0.077173949158010111,1.3623046726087626,3.1927313844846039,126,0,1,1,1,1,1
windows_msvc_cpu,cpu,32,coupled,2,1,1,0,2,31,0.045642500141561966,-0.2276646111425924,0.0010705785787913954,-0.0053360904078019857,0.044571921562770574,-0.22232852073479042,0.044591104213258133,-0.22168827921701295,0.02343905387561112,201.28599285769135,192.49481578320885,222,14150,13928,14150,0.014225158505843912,8.4717777986835218e-06,0.083070059037307006,0.97469456861551818,2.3955389049042988,222,0,1,1,1,1,1
windows_msvc_cpu,cpu,32,isolated,3,1,1,0,2,0,0.12499999999999997,-0.62841743651560877,0.012500000000000747,-0.062841743651570525,0.11249999999999923,-0.5655756928640383,0.11123891808823608,-0.56452224469534129,0.10000000000001498,3276.7999999981153,2949.1200000006443,3350,32768,29418,32768,0.099999999999942482,0.10000000000000001,0.10000000000000001,0,0,3350,0,1,1,1,1,1
windows_msvc_cpu,cpu,32,isolated,3,1,1,0,2,1,0.11123891808823608,-0.56452224469534129,0.011123891808824034,-0.056452224469541422,0.10011502627941204,-0.50807002022579983,0.10214316308673532,-0.50800991542355034,0.10000000000001261,2941.7999999984199,2647.6200000001568,2905,29418,26513,29418,0.099999999999946285,0.10000000000000001,0.10000000000000001,0,0,2905,0,1,1,1,1,1
windows_msvc_cpu,cpu,32,isolated,3,1,1,0,2,2,0.10214316308673532,-0.50800991542355034,0.01021431630867373,-0.05080099154236023,0.091928846778061596,-0.45720892388119011,0.093594614514539889,-0.45802904251187809,0.1000000000000099,2651.2999999986841,2386.169999999734,2588,26513,23925,26513,0.099999999999950365,0.10000000000000001,0.10000000000000001,0,0,2588,0,1,1,1,1,1
windows_msvc_cpu,cpu,32,isolated,3,1,1,0,2,3,0.093594614514539889,-0.45802904251187809,0.00935946145145399,-0.045802904251191039,0.084235153063085905,-0.41222613826068705,0.084075321868496797,-0.41227455929073364,0.10000000000000676,2392.4999999989195,2153.2499999993574,2382,23925,21543,23925,0.099999999999954833,0.10000000000000001,0.10000000000000001,0,0,2382,0,1,1,1,1,1
windows_msvc_cpu,cpu,32,isolated,3,1,1,0,2,4,0.084075321868496797,-0.41227455929073364,0.0084075321868494791,-0.041227455929074862,0.075667789681647321,-0.3710471033616588,0.075124141822885446,-0.3693520596513904,0.10000000000000339,2154.2999999991362,1938.8699999992864,2229,21543,19314,21543,0.099999999999959899,0.10000000000000001,0.10000000000000001,0,0,2229,0,1,1,1,1,1
windows_msvc_cpu,cpu,32,isolated,3,1,1,0,2,5,0.075124141822885446,-0.3693520596513904,0.0075124141822882524,-0.03693520596513903,0.067611727640597197,-0.33241685368625135,0.068485321044311778,-0.33336672688261809,0.099999999999999811,1931.3999999993389,1738.2599999994688,1871,19314,17443,19314,0.099999999999965769,0.10000000000000001,0.10000000000000001,0,0,1871,0,1,1,1,1,1
windows_msvc_cpu,cpu,32,isolated,3,1,1,0,2,6,0.068485321044311778,-0.33336672688261809,0.006848532104430905,-0.033336672688260516,0.061636788939880872,-0.30003005419435758,0.060773089741417458,-0.29944145581066334,0.099999999999996106,1744.2999999995091,1569.869999999622,1785,17443,15658,17443,0.099999999999971848,0.10000000000000001,0.10000000000000001,0,0,1785,0,1,1,1,1,1
windows_msvc_cpu,cpu,32,isolated,3,1,1,0,2,7,0.060773089741417458,-0.29944145581066334,0.0060773089741415105,-0.02994414558106414,0.054695780767275951,-0.26949731022959922,0.055404034879609744,-0.26960777414604603,0.099999999999992789,1565.7999999996714,1409.2199999997681,1592,15658,14066,15658,0.099999999999979008,0.10000000000000001,0.10000000000000001,0,0,1592,0,1,1,1,1,1
windows_msvc_cpu,cpu,32,isolated,3,1,1,0,2,8,0.055404034879609744,-0.26960777414604603,0.0055404034879607718,-0.026960777414602136,0.049863631391648969,-0.24264699673144391,0.049767408076475894,-0.24291219125738533,0.099999999999991054,1406.5999999998162,1265.9399999998984,1407,14066,12659,14066,0.099999999999986933,0.10000000000000001,0.10000000000000001,0,0,1407,0,1,1,1,1,1
windows_msvc_cpu,cpu,32,isolated,3,1,1,0,2,9,0.04976740807647588,-0.24291219125738533,0.0049767408076474831,-0.024291219125736011,0.044790667268828396,-0.21862097213164933,0.04615660836265878,-0.21939584515357871,0.099999999999989958,1265.8999999999442,1139.3100000000136,1234,12659,11425,12659,0.099999999999995592,0.10000000000000001,0.10000000000000001,0,0,1234,0,1,1,1,1,1
windows_msvc_cpu,cpu,32,isolated,3,1,1,0,2,10,0.04615660836265878,-0.21939584515357871,0.0046156608362657968,-0.021939584515355878,0.041540947526392979,-0.19745626063822283,0.041499653582283358,-0.19876446619565724,0.099999999999991221,1142.5000000000564,1028.2500000001146,1070,11425,10355,11425,0.10000000000000493,0.10000000000000001,0.10000000000000001,0,0,1070,0,1,1,1,1,1
windows_msvc_cpu,cpu,32,isolated,3,1,1,0,2,11,0.041499653582283358,-0.19876446619565724,0.0041499653582282702,-0.01987644661956417,0.037349688224055086,-0.17888801957609307,0.036815927955091608,-0.17883533539118773,0.099999999999992428,1035.5000000001537,931.95000000008588,1052,10355,9303,10355,0.10000000000001484,0.10000000000000001,0.10000000000000001,0,0,1052,0,1,1,1,1,1
windows_msvc_cpu,cpu,32,isolated,3,1,1,0,2,12,0.036815927955091622,-0.17883533539118773,0.0036815927955091117,-0.017883533539117737,0.033134335159582508,-0.16095180185207,0.033288912483533335,-0.16155644471664946,0.099999999999994371,930.30000000014297,837.27000000005239,919,9303,8384,9303,0.10000000000001537,0.10000000000000001,0.10000000000000001,0,0,919,0,1,1,1,1,1
windows_msvc_cpu,cpu,32,isolated,3,1,1,0,2,13,0.033288912483533349,-0.16155644471664946,0.0033288912483533297,-0.016155644471664281,0.029960021235180018,-0.14540080024498517,0.028791519863450198,-0.1450875101545224,0.099999999999996037,838.40000000012208,754.56000000002314,850,8384,7534,8384,0.10000000000001456,0.10000000000000001,0.10000000000000001,0,0,850,0,1,1,1,1,1
windows_msvc_cpu,cpu,32,isolated,3,1,1,0,2,14,0.028791519863450219,-0.1450875101545224,0.0028791519863450533,-0.014508751015451644,0.025912367877105165,-0.13057875913907074,0.026315009156113584,-0.13021231612960732,0.099999999999996078,753.40000000010275,678.05999999999608,764,7534,6770,7534,0.10000000000001363,0.10000000000000001,0.10000000000000001,0,0,764,0,1,1,1,1,1
windows_msvc_cpu,cpu,32,isolated,3,1,1,0,2,15,0.026315009156113591,-0.13021231612960732,0.0026315009156113937,-0.013021231612960118,0.023683508240502197,-0.1171910845166472,0.023446180519513114,-0.11756582874731492,0.099999999999995495,677.00000000008538,609.29999999997176,657,6770,6113,6770,0.10000000000001261,0.10000000000000001,0.10000000000000001,0,0,657,0,1,1,1,1,1
windows_msvc_cpu,cpu,32,isolated,3,1,1,0,2,16,0.023446180519513127,-0.11756582874731492,0.0023446180519513583,-0.011756582874730874,0.021101562467561768,-0.10580924587258404,0.021382607465073405,-0.10635941755727525,0.09999999999999501,611.30000000007044,550.16999999995085,585,6113,5528,6113,0.10000000000001152,0.10000000000000001,0.10000000000000001,0,0,585,0,1,1,1,1,1
windows_msvc_cpu,cpu,32,isolated,3,1,1,0,2,17,0.021382607465073412,-0.10635941755727525,0.0021382607465073923,-0.010635941755726915,0.019244346718566018,-0.09572347580154833,0.017756625292755967,-0.095416085688005636,0.099999999999994565,552.80000000005714,497.51999999994132,594,5528,4934,5528,0.10000000000001033,0.10000000000000001,0.10000000000000001,0,0,594,0,1,1,1,1,1
windows_msvc_cpu,cpu,32,isolated,3,1,1,0,2,18,0.017756625292755977,-0.095416085688005636,0.0017756625292756636,-0.0095416085687999551,0.015980962763480315,-0.085874477119205678,0.015423287771398094,-0.085592049323173269,0.099999999999993955,493.40000000004369,444.05999999995618,517,4934,4417,4934,0.10000000000000886,0.10000000000000001,0.10000000000000001,0,0,517,0,1,1,1,1,1
windows_msvc_cpu,cpu,32,isolated,3,1,1,0,2,19,0.015423287771398104,-0.085592049323173255,0.0015423287771398591,-0.0085592049323167402,0.013880958994258246,-0.077032844390856517,0.013858340056088785,-0.077179334267969302,0.099999999999993469,441.70000000003193,397.52999999996911,441,4417,3976,4417,0.10000000000000724,0.10000000000000001,0.10000000000000001,0,0,441,0,1,1,1,1,1
windows_msvc_cpu,cpu,32,isolated,3,1,1,0,2,20,0.013858340056088792,-0.077179334267969302,0.0013858340056089199,-0.0077179334267963619,0.012472506050479872,-0.069461400841172943,0.012156718919369692,-0.069437869110573328,0.09999999999999297,397.60000000002191,357.83999999998014,403,3976,3573,3976,0.10000000000000552,0.10000000000000001,0.10000000000000001,0,0,403,0,1,1,1,1,1
windows_msvc_cpu,cpu,32,isolated,3,1,1,0,2,21,0.012156718919369713,-0.069437869110573314,0.0012156718919370017,-0.0069437869110568779,0.010941047027432711,-0.062494082199516438,0.010986829516881498,-0.06255097491180478,0.099999999999993733,357.30000000001274,321.56999999999022,363,3573,3210,3573,0.10000000000000357,0.10000000000000001,0.10000000000000001,0,0,363,0,1,1,1,1,1
windows_msvc_cpu,cpu,32,isolated,3,1,1,0,2,22,0.010986829516881515,-0.06255097491180478,0.0010986829516881748,-0.0062550974911801359,0.0098881465651933405,-0.05629587742062464,0.010133765328562597,-0.056559393515458439,0.099999999999994746,321.00000000000449,288.8999999999993,298,3210,2912,3210,0.10000000000000139,0.10000000000000001,0.10000000000000001,0,0,298,0,1,1,1,1,1
windows_msvc_cpu,cpu,32,isolated,3,1,1,0,2,23,0.010133765328562614,-0.056559393515458439,0.0010133765328562768,-0.0056559393515456004,0.0091203887957063377,-0.050903454163912842,0.0093146811149037601,-0.05037130273555418,0.099999999999995856,291.19999999999771,262.08000000000675,308,2912,2604,2912,0.099999999999999215,0.10000000000000001,0.10000000000000001,0,0,308,0,1,1,1,1,1
windows_msvc_cpu,cpu,32,isolated,3,1,1,0,2,24,0.0093146811149037809,-0.05037130273555418,0.00093146811149038286,-0.0050371302735552816,0.0083832130034133985,-0.045334172461998896,0.0085776512867251058,-0.045283336433213417,0.09999999999999741,260.39999999999071,234.3600000000076,244,2604,2360,2604,0.099999999999996439,0.10000000000000001,0.10000000000000001,0,0,244,0,1,1,1,1,1
windows_msvc_cpu,cpu,32,isolated,3,1,1,0,2,25,0.0085776512867251301,-0.045283336433213417,0.00085776512867251722,-0.0045283336433212858,0.0077198861580526131,-0.040755002789892129,0.0074688771883392666,-0.04101228065390973,0.099999999999998826,235.99999999999088,212.40000000000677,229,2360,2131,2360,0.099999999999996134,0.10000000000000001,0.10000000000000001,0,0,229,0,1,1,1,1,1
windows_msvc_cpu,cpu,32,isolated,3,1,1,0,2,26,0.0074688771883392934,-0.04101228065390973,0.00074688771883393379,-0.0041012280653910018,0.0067219894695053593,-0.036911052588518727,0.0068390331452840621,-0.036863730956291002,0.10000000000000069,213.09999999999218,191.79000000000599,210,2131,1921,2131,0.099999999999996328,0.10000000000000001,0.10000000000000001,0,0,210,0,1,1,1,1,1
windows_msvc_cpu,cpu,32,isolated,3,1,1,0,2,27,0.0068390331452840908,-0.036863730956291002,0.00068390331452841267,-0.0036863730956291636,0.0061551298307556783,-0.033177357860661838,0.0059779255784101395,-0.033051062316046619,0.10000000000000167,192.09999999999337,172.89000000000527,206,1921,1715,1921,0.09999999999999655,0.10000000000000001,0.10000000000000001,0,0,206,0,1,1,1,1,1
windows_msvc_cpu,cpu,32,isolated,3,1,1,0,2,28,0.0059779255784101889,-0.033051062316046619,0.00059779255784101935,-0.0033051062316047258,0.0053801330205691692,-0.029745956084441891,0.0053902052422241421,-0.029598740948837434,0.10000000000000188,171.49999999999454,154.35000000000457,177,1715,1538,1715,0.099999999999996814,0.10000000000000001,0.10000000000000001,0,0,177,0,1,1,1,1,1
windows_msvc_cpu,cpu,32,isolated,3,1,1,0,2,29,0.0053902052422241881,-0.029598740948837434,0.00053902052422241892,-0.0029598740948838017,0.0048511847180017689,-0.026638866853953634,0.0053062636136154123,-0.026484480861652102,0.10000000000000191,153.79999999999555,138.42000000000397,160,1538,1378,1538,0.099999999999997105,0.10000000000000001,0.10000000000000001,0,0,160,0,1,1,1,1,1
windows_msvc_cpu,cpu,32,isolated,3,1,1,0,2,30,0.0053062636136154539,-0.026484480861652102,0.00053062636136154526,-0.0026484480861652532,0.0047756372522539088,-0.023836032775486848,0.0045142503512567581,-0.023495497707263904,0.10000000000000157,137.79999999999646,124.02000000000344,151,1378,1227,1378,0.099999999999997424,0.10000000000000001,0.10000000000000001,0,0,151,0,1,1,1,1,1
windows_msvc_cpu,cpu,32,isolated,3,1,1,0,2,31,0.0045142503512568214,-0.023495497707263904,0.00045142503512567899,-0.0023495497707264204,0.004062825316131142,-0.021145947936537485,0.0039750154210123007,-0.021094529472742936,0.10000000000000119,122.6999999999973,110.43000000000292,134,1227,1093,1227,0.099999999999997799,0.10000000000000001,0.10000000000000001,0,0,134,0,1,1,1,1,1
windows_msvc_cpu,cpu,32,coupled,3,1,1,0,2,0,0.12499999999999997,-0.62841743651560877,0.011532425182291009,-0.057977416558908326,0.11346757481770896,-0.57044001995670046,0.11304389688530476,-0.56964094293478407,0.092259401458330184,2752.9662459848582,2511.120975521741,2795,32768,29973,32768,0.084013862487330879,0.056482487606658874,0.10000000000000001,0.05108146795032284,0.14594705128662847,2795,0,1,1,1,1,1
windows_msvc_cpu,cpu,32,coupled,3,1,1,0,2,1,0.11304389688530476,-0.56964094293478407,0.008355313853583457,-0.042302453861457874,0.10468858303172131,-0.52733848907332614,0.10489642290266628,-0.52704440734784841,0.074248368522039518,1728.5159524418923,1590.0194088000931,1731,29973,28242,29973,0.057669100605274491,0.009178788316392527,0.099929501460702577,0.22116719847155822,0.61018480145946608,1731,0,1,1,1,1,1
windows_msvc_cpu,cpu,32,coupled,3,1,1,0,2,2,0.10489642290266628,-0.52704440734784841,0.0053748832857402765,-0.02701390233522873,0.099521539616926002,-0.5000305050126197,0.09892571874645964,-0.50031059806435219,0.051254865312236997,1008.8766053065538,938.5585506470303,1003,28242,27239,28242,0.035722562329387218,0.0005993618805403369,0.097295696393622635,0.52648153400117836,1.3073671197700774,1003,0,1,1,1,1,1
windows_msvc_cpu,cpu,32,coupled,3,1,1,0,2,3,0.09892571874645964,-0.50031059806435219,0.0028418545095650902,-0.014386395791200891,0.096083864236894551,-0.48592420227315131,0.095931185076348707,-0.48519959140463409,0.028753884134585603,509.45020380986421,481.65807524123613,535,27239,26704,27239,0.018702970146109041,1.6127479816676784e-05,0.084296275119683448,0.98514455477209772,2.2310572717267134,535,0,1,1,1,1,1
windows_msvc_cpu,cpu,32,coupled,3,1,1,0,2,4,0.095931185076348707,-0.48519959140463409,0.0010618524274687707,-0.0053938939206061923,0.094869332648879937,-0.4798056974840279,0.094806242588165252,-0.47954876963204568,0.011115051628855342,186.65125476831057,181.49439453535319,196,26704,26508,26704,0.006989636562623973,2.2993046976942991e-07,0.050541142977454372,1.591272458120141,3.3170261505179472,196,0,1,1,1,1,1
windows_msvc_cpu,cpu,32,coupled,3,1,1,0,2,5,0.094806242588165252,-0.47954876963204568,0.00033577982703982342,-0.001711319552032964,0.094470462761125432,-0.47783745008001272,0.094517834212858851,-0.47785470219200959,0.0035675936114189905,58.71978600950402,58.124789862212836,58,26508,26450,26508,0.0022151722502453605,2.5000507922820266e-09,0.022027837153930412,2.2771960467350736,4.4722238556618015,58,0,1,1,1,1,1
windows_msvc_cpu,cpu,32,coupled,3,1,1,0,2,6,0.094517834212858851,-0.47785470219200959,0.00018931783636846194,-0.00096170005115724176,0.094328516376490396,-0.47689300214085234,0.09440282645406653,-0.47705825007283054,0.002012176938668649,32.870593679529414,32.668370060399674,27,26450,26423,26450,0.0012427445625530968,1.7256781380754209e-11,0.013637488613267882,2.9183868819951755,5.7435158399076425,27,0,1,1,1,1,1
windows_msvc_cpu,cpu,32,coupled,3,1,1,0,2,7,0.09440282645406653,-0.47705825007283054,0.00025758871758238522,-0.0013045849242638797,0.094145237736484144,-0.47575366514856665,0.09413421930854661,-0.47582994107479137,0.0027344176029008914,44.499921942466813,44.118879102813686,42,26423,26381,26423,0.0016841358643025703,1.1976039803255954e-13,0.019187711489250785,3.384987870348851,7.0134297693692833,42,0,1,1,1,1,1
windows_msvc_cpu,cpu,32,coupled,3,1,1,0,2,8,0.09413421930854661,-0.47582994107479137,0.00045535746205471132,-0.0023092265688690506,0.093678861846491893,-0.47352071450592231,0.093760505019127569,-0.47370701184382369,0.0048524577524856677,78.728263314578086,77.54460887681428,72,26381,26309,26381,0.0029842789626844351,1.7200572006219966e-14,0.0281753816585565,3.5634906791756027,7.5092245938316386,72,0,1,1,1,1,1
windows_msvc_cpu,cpu,32,coupled,3,1,1,0,2,9,0.093760505019127569,-0.47370701184382369,0.00067755017401257102,-0.0034374918242088331,0.093082954845115001,-0.47026952001961486,0.093088481739508913,-0.47050698211469377,0.0072554399043015987,117.28733996602324,114.67879236656277,110,26309,26199,26309,0.0044580691005368213,2.4192857809337035e-14,0.03887297714358634,3.364722883462353,7.4220725366860574,110,0,1,1,1,1,1
windows_msvc_cpu,cpu,32,coupled,3,1,1,0,2,10,0.093088481739508913,-0.47050698211469377,0.00070205200896164208,-0.0035731220236612771,0.092386429730547268,-0.46693386009103249,0.092321251930884363,-0.46685418839588128,0.0075922207552078548,122.3491349764398,119.58859752677522,125,26199,26074,26199,0.0046699925560685449,1.7843510919363005e-12,0.040325982270061483,2.8342326690325574,6.3232652746890006,125,0,1,1,1,1,1
windows_msvc_cpu,cpu,32,coupled,3,1,1,0,2,11,0.092321251930884363,-0.46685418839588128,0.00069268813004525463,-0.0035233006551096176,0.091628563800839113,-0.46333088774077164,0.091751547006875947,-0.46358406776767791,0.0075452460755497134,121.80973822723158,119.31354494958951,113,26074,25961,26074,0.004671693573185226,1.8874872993442894e-09,0.039002078073396347,2.1150891766550566,4.5440335649202623,113,0,1,1,1,1,1
windows_msvc_cpu,cpu,32,coupled,3,1,1,0,2,12,0.091751547006875947,-0.46358406776767791,0.001029246032275241,-0.0052211968676256276,0.090722300974600711,-0.45836287090005229,0.09090689023575689,-0.45821578161720367,0.011260981972076254,183.58394535501378,178.7966896772212,187,25961,25774,25961,0.0070715282675942294,1.2698543824009619e-06,0.051149264509662645,1.3807748175796311,2.8804210901982841,187,0,1,1,1,1,1
windows_msvc_cpu,cpu,32,coupled,3,1,1,0,2,13,0.09090689023575689,-0.45821578161720367,0.0018888062342152542,-0.0095953319102629955,0.089018084001541639,-0.44862044970694065,0.089093932556541827,-0.44746091674206212,0.020934457522184761,356.20865173514403,343.51277279513022,394,25774,25380,25774,0.013820464488831537,0.00015981698929933626,0.068394032646528422,0.77966590791885304,1.6450855037242866,394,0,1,1,1,1,1
windows_msvc_cpu,cpu,32,coupled,3,1,1,0,2,14,0.089093932556541827,-0.44746091674206212,0.0034851339665782741,-0.017659491875743373,0.08560879858996355,-0.42980142486631873,0.085551226618198056,-0.42958911331680322,0.039452710100167585,747.00063879871777,713.09619828669997,740,25380,24640,25380,0.029432649282849398,0.0025522956292878922,0.081407020426587207,0.39093437844791312,0.93718933641588975,740,0,1,1,1,1,1
windows_msvc_cpu,cpu,32,coupled,3,1,1,0,2,15,0.085551226618198056,-0.42958911331680322,0.0044034246075201839,-0.022274135143056747,0.081147802010677866,-0.40731497817374646,0.080862378137909141,-0.40799298189237498,0.051835415042424796,1077.7524918884267,1023.2176654528615,1057,24640,23583,24640,0.043739955027939391,0.012057739017634008,0.089092134418628552,0.23162908115758682,0.54048368782961842,1057,0,1,1,1,1,1
windows_msvc_cpu,cpu,32,coupled,3,1,1,0,2,16,0.080862378137909141,-0.40799298189237498,0.004216163139353535,-0.021597997488263094,0.076646214998555603,-0.38639498440411191,0.075693792316843533,-0.38741753266623213,0.052907047578737362,1182.4272702769647,1120.8097080755729,1157,23583,22426,23583,0.050138967488316359,0.023361661791770131,0.088135543293459614,0.18117912030126088,0.37150403366793061,1157,0,1,1,1,1,1
windows_msvc_cpu,cpu,32,coupled,3,1,1,0,2,17,0.075693792316843533,-0.38741753266623213,0.0040794466652214877,-0.021249415008639878,0.071614345651622044,-0.36616811765759227,0.07116985251756193,-0.36562962378428338,0.054813764985791977,1237.6953674212202,1167.6848412595725,1284,22426,21142,22426,0.055190197423580674,0.019266828380051174,0.085589544329251754,0.15525283828675554,0.42074022983741444,1284,0,1,1,1,1,1
windows_msvc_cpu,cpu,32,coupled,3,1,1,0,2,18,0.07116985251756193,-0.36562962378428338,0.0041834319830691014,-0.021813194835855681,0.06698642053449283,-0.34381642894842768,0.06652811609966916,-0.34302855753313999,0.059627202451324225,1232.2022213213454,1158.5734626865051,1264,21142,19878,21142,0.058282197584019743,0.019040994241828937,0.086312445582059888,0.14136458881010139,0.42375264072455454,1264,0,1,1,1,1,1
windows_msvc_cpu,cpu,32,coupled,3,1,1,0,2,19,0.066528116099669146,-0.34302855753313999,0.0044225653067923639,-0.023030840421838152,0.062105550792876781,-0.31999771711130182,0.062947563238399007,-0.32172858594206982,0.067115680361773095,1289.1963351661329,1203.6910407556504,1217,19878,18661,19878,0.064855434911265372,0.025448905902519699,0.09208566677850924,0.11378850401475163,0.34963994575227531,1217,0,1,1,1,1,1
windows_msvc_cpu,cpu,32,coupled,3,1,1,0,2,20,0.062947563238398993,-0.32172858594206982,0.0044965885401727626,-0.023094937384905031,0.05845097469822623,-0.29863364855716479,0.058344853637536533,-0.29777243096510825,0.071771009161757757,1319.2220409442218,1224.9482313228814,1379,18661,17282,18661,0.07069407003613,0.038834920249740772,0.092538456172382239,0.090072378576210921,0.2416570557921861,1379,0,1,1,1,1,1
windows_msvc_cpu,cpu,32,coupled,3,1,1,0,2,21,0.058344853637536533,-0.29777243096510825,0.004058303291385369,-0.020957358130479609,0.054286550346151166,-0.27681507283462864,0.056320036230568651,-0.27779142551323116,0.070350013223767549,1126.307067137446,1050.4028170387348,1069,17282,16213,17282,0.065172264039893874,0.023717386136086625,0.093142482594879214,0.11403660431186746,0.3676430209388109,1069,0,1,1,1,1,1
windows_msvc_cpu,cpu,32,coupled,3,1,1,0,2,22,0.056320036230568651,-0.27779142551323116,0.0030086871952984401,-0.015206237098285284,0.053311349035270211,-0.26258518841494588,0.053008343428438395,-0.26308611429261219,0.054687707465597951,713.52760927448844,674.21258433887635,675,16213,15538,16213,0.044009597808825539,0.0059631030281622416,0.089658130829108409,0.24824698544423457,0.72037951506217823,675,0,1,1,1,1,1
windows_msvc_cpu,cpu,32,coupled,3,1,1,0,2,23,0.053008343428438395,-0.26308611429261219,0.00206994063302848,-0.010484486734443308,0.050938402795409912,-0.2526016275581689,0.0506054185732491,-0.25270467732397622,0.039820608585075065,425.18382752612956,402.89337640328137,425,15538,15113,15538,0.027364128428763648,0.0005484434674533484,0.08964124422713543,0.49178287824733335,1.3300500314191335,425,0,1,1,1,1,1
windows_msvc_cpu,cpu,32,coupled,3,1,1,0,2,24,0.050605418573249114,-0.25270467732397622,0.0013351992200597758,-0.0067761645728222578,0.049270219353189336,-0.24592851275115396,0.049556780761978773,-0.24644178285428123,0.026797978439647343,255.64469900384108,243.91539177772853,235,15113,14878,15113,0.01691554946098333,3.1347730846528814e-05,0.086164050221083033,0.8031337580428648,2.0612529799568264,235,0,1,1,1,1,1
windows_msvc_cpu,cpu,32,coupled,3,1,1,0,2,25,0.049556780761978787,-0.24644178285428123,0.00061430716596831366,-0.0031059548580634963,0.04894247359601047,-0.24333582799621772,0.048905037222200548,-0.24341190185342526,0.012595147286991635,114.2868091296837,111.29377119856305,113,14878,14765,14878,0.0076815976024790771,5.3228639822371983e-06,0.067326873595285677,1.1446096841190572,2.5142733475691981,113,0,1,1,1,1,1
windows_msvc_cpu,cpu,32,coupled,3,1,1,0,2,26,0.048905037222200548,-0.24341190185342526,0.00030616546268808853,-0.0015544991781011666,0.048598871759512462,-0.2418574026753241,0.048614065828052826,-0.24198295619616955,0.0063814064233800689,55.74482986324162,54.792935892489695,52,14765,14713,14765,0.003775471037131163,1.0186058053107125e-06,0.043837685039190312,1.4427687516739893,2.936748714734811,52,0,1,1,1,1,1
windows_msvc_cpu,cpu,32,coupled,3,1,1,0,2,27,0.04861406582805284,-0.24198295619616955,0.00025480545869276588,-0.0013108468470931082,0.048359260369360071,-0.24067210934907646,0.048370593782272722,-0.24052409098944402,0.005410287429072581,45.982794226083335,45.169613584436249,50,14713,14663,14713,0.0031253173537744402,3.2346801919463217e-07,0.040001076892990074,1.6452510598392263,3.2298208299329616,50,0,1,1,1,1,1
windows_msvc_cpu,cpu,32,coupled,3,1,1,0,2,28,0.048370593782272736,-0.24052409098944402,0.00033118614092464296,-0.001713770209488953,0.048039407641348092,-0.23881032077995507,0.047904218045512363,-0.23843553593447678,0.00711433204427552,59.779418560380954,58.340985816682924,73,14663,14590,14663,0.0040768886694660675,1.6826414100638831e-07,0.050963470462955934,1.7154417795204338,3.3968014238220721,73,0,1,1,1,1,1
windows_msvc_cpu,cpu,32,coupled,3,1,1,0,2,29,0.047904218045512377,-0.23843553593447678,0.0004964814542897084,-0.0025528157112578772,0.047407736591222667,-0.23588272022321891,0.047499023954762541,-0.23576485912233766,0.010693235856921952,90.05492718076114,87.184553658212721,93,14590,14497,14590,0.0061723733502920593,1.257432728848262e-07,0.059824893041895713,1.6379830898229115,3.471224335869572,93,0,1,1,1,1,1
windows_msvc_cpu,cpu,32,coupled,3,1,1,0,2,30,0.047499023954762555,-0.23576485912233766,0.00075172262498446275,-0.0038086748741232171,0.046747301329778092,-0.23195618424821443,0.046722146271851069,-0.23210337189148542,0.016141735739200823,137.83290978265475,132.59146538652922,132,14497,14365,14497,0.0095076850232913533,2.9869944986045398e-07,0.073716706024997955,1.396596656996445,3.2501739156874376,132,0,1,1,1,1,1
windows_msvc_cpu,cpu,32,coupled,3,1,1,0,2,31,0.046722146271851082,-0.23210337189148542,0.0010554765694469994,-0.0053044256372905881,0.045666669702404086,-0.22679894625419483,0.045800270370508045,-0.22690548741359257,0.022843469988882346,199.29605310530218,190.68436556471727,193,14365,14172,14365,0.013873724546140075,7.8380362079525503e-06,0.08416147493354191,1.0010341915669481,2.4154039230526245,193,0,1,1,1,1,1
windows_msvc_cpu,cpu,32,isolated,4,1,1,0,2,0,0.12499999999999997,-0.62841743651560877,0.012500000000000747,-0.062841743651570525,0.11249999999999923,-0.5655756928640383,0.11163920527756444,-0.56648480808540258,0.10000000000001498,3276.7999999981153,2949.1200000006443,3250,32768,29518,32768,0.099999999999942482,0.10000000000000001,0.10000000000000001,0,0,3250,0,1,1,1,1,1
windows_msvc_cpu,cpu,32,isolated,4,1,1,0,2,1,0.11163920527756444,-0.56648480808540258,0.011163920527756888,-0.056648480808547362,0.10047528474980755,-0.50983632727685524,0.10013468595038366,-0.51111531177710656,0.10000000000001223,2951.7999999984108,2656.6200000001713,2935,29518,26583,29518,0.09999999999994616,0.10000000000000001,0.10000000000000001,0,0,2935,0,1,1,1,1,1
windows_msvc_cpu,cpu,32,isolated,4,1,1,0,2,2,0.10013468595038366,-0.51111531177710656,0.010013468595038509,-0.051111531177716274,0.090121217355345146,-0.46000378059939029,0.089054992559305338,-0.45974870737313445,0.10000000000001066,2658.2999999986778,2392.4699999997442,2750,26583,23833,26583,0.099999999999950254,0.10000000000000001,0.10000000000000001,0,0,2750,0,1,1,1,1,1
windows_msvc_cpu,cpu,32,isolated,4,1,1,0,2,3,0.089054992559305338,-0.45974870737313445,0.0089054992559304321,-0.045974870737316861,0.080149493303374911,-0.41377383663581757,0.080321330301423161,-0.41374538807356076,0.10000000000000711,2383.2999999989279,2144.9699999993441,2395,23833,21438,23833,0.099999999999955014,0.10000000000000001,0.10000000000000001,0,0,2395,0,1,1,1,1,1
windows_msvc_cpu,cpu,32,isolated,4,1,1,0,2,4,0.080321330301423161,-0.41374538807356076,0.0080321330301420159,-0.041374538807357926,0.07228919727128115,-0.37237084926620284,0.072351937309658818,-0.37245532284525423,0.10000000000000418,2143.7999999991457,1929.419999999295,2138,21438,19300,21438,0.099999999999960149,0.10000000000000001,0.10000000000000001,0,0,2138,0,1,1,1,1,1
windows_msvc_cpu,cpu,32,isolated,4,1,1,0,2,5,0.072351937309658818,-0.37245532284525423,0.0072351937309656214,-0.037245532284525817,0.065116743578693195,-0.33520979056072842,0.065068666601935152,-0.33446537351333272,0.10000000000000089,1929.9999999993402,1736.99999999947,1963,19300,17337,19300,0.099999999999965811,0.10000000000000001,0.10000000000000001,0,0,1963,0,1,1,1,1,1
windows_msvc_cpu,cpu,32,isolated,4,1,1,0,2,6,0.065068666601935138,-0.33446537351333272,0.0065068666601932976,-0.033446537351332184,0.058561799941741842,-0.30101883616200054,0.0579662982037377,-0.30240219644380745,0.09999999999999673,1733.6999999995187,1560.3299999996307,1682,17337,15655,17337,0.099999999999972236,0.10000000000000001,0.10000000000000001,0,0,1682,0,1,1,1,1,1
windows_msvc_cpu,cpu,32,isolated,4,1,1,0,2,7,0.057966298203737693,-0.30240219644380745,0.0057966298203736121,-0.030240219644378837,0.052169668383364079,-0.27216197679942861,0.053358227982247285,-0.27302874841390529,0.09999999999999383,1565.4999999996717,1408.9499999997684,1512,15655,14143,15655,0.099999999999979022,0.10000000000000001,0.10000000000000001,0,0,1512,0,1,1,1,1,1
windows_msvc_cpu,cpu,32,isolated,4,1,1,0,2,8,0.053358227982247271,-0.27302874841390529,0.0053358227982245954,-0.027302874841388207,0.048022405184022676,-0.24572587357251707,0.048353517762501255,-0.24554334368698635,0.099999999999991721,1414.2999999998092,1272.8699999998921,1427,14143,12716,14143,0.099999999999986502,0.10000000000000001,0.10000000000000001,0,0,1427,0,1,1,1,1,1
windows_msvc_cpu,cpu,32,isolated,4,1,1,0,2,9,0.048353517762501241,-0.24554334368698635,0.0048353517762500103,-0.024554334368696046,0.043518165986251231,-0.2209890093182903,0.043195447802949552,-0.22207592059579565,0.099999999999989778,1271.599999999939,1144.4400000000089,1225,12716,11491,12716,0.099999999999995204,0.10000000000000001,0.10000000000000001,0,0,1225,0,1,1,1,1,1
windows_msvc_cpu,cpu,32,isolated,4,1,1,0,2,10,0.043195447802949538,-0.22207592059579565,0.004319544780294839,-0.022207592059577477,0.038875903022654701,-0.19986832853621816,0.039267224415171574,-0.199546691236762,0.099999999999990846,1149.1000000000504,1034.1900000001092,1160,11491,10331,11491,0.10000000000000439,0.10000000000000001,0.10000000000000001,0,0,1160,0,1,1,1,1,1
windows_msvc_cpu,cpu,32,isolated,4,1,1,0,2,11,0.039267224415171567,-0.199546691236762,0.0039267224415170873,-0.019954669123674638,0.03534050197365448,-0.17959202211308736,0.035912871573739104,-0.18037834015664592,0.099999999999992401,1033.1000000001559,929.79000000008512,997,10331,9334,10331,0.10000000000001509,0.10000000000000001,0.10000000000000001,0,0,997,0,1,1,1,1,1
windows_msvc_cpu,cpu,32,isolated,4,1,1,0,2,12,0.035912871573739111,-0.18037834015664592,0.0035912871573738486,-0.018037834015663484,0.032321584416365262,-0.16234050614098244,0.031760371205123712,-0.16093599118426635,0.09999999999999401,933.40000000014368,840.06000000005338,986,9334,8348,9334,0.1000000000000154,0.10000000000000001,0.10000000000000001,0,0,986,0,1,1,1,1,1
windows_msvc_cpu,cpu,32,isolated,4,1,1,0,2,13,0.031760371205123712,-0.16093599118426635,0.0031760371205123241,-0.016093599118426002,0.028584334084611387,-0.14484239206584035,0.028657410108563319,-0.14464647706169675,0.099999999999996161,834.80000000012126,751.32000000002199,841,8348,7507,8348,0.10000000000001452,0.10000000000000001,0.10000000000000001,0,0,841,0,1,1,1,1,1
windows_msvc_cpu,cpu,32,isolated,4,1,1,0,2,14,0.028657410108563319,-0.14464647706169675,0.0028657410108563286,-0.014464647706169126,0.025791669097706992,-0.13018182935552763,0.025403282588531233,-0.13018246467515998,0.099999999999996342,750.70000000010214,675.62999999999522,764,7507,6743,7507,0.10000000000001361,0.10000000000000001,0.10000000000000001,0,0,764,0,1,1,1,1,1
windows_msvc_cpu,cpu,32,isolated,4,1,1,0,2,15,0.02540328258853124,-0.13018246467515998,0.0025403282588531391,-0.013018246467515409,0.022862954329678102,-0.11716421820764457,0.022383662056292202,-0.11717638390220782,0.099999999999995662,674.30000000008476,606.8699999999709,699,6743,6044,6743,0.10000000000001256,0.10000000000000001,0.10000000000000001,0,0,699,0,1,1,1,1,1
windows_msvc_cpu,cpu,32,isolated,4,1,1,0,2,16,0.022383662056292213,-0.11717638390220782,0.0022383662056292856,-0.011717638390220208,0.020145295850662926,-0.10545874551198761,0.020171053528133445,-0.10601386470687021,0.09999999999999537,604.40000000006887,543.95999999994865,572,6044,5472,6044,0.1000000000000114,0.10000000000000001,0.10000000000000001,0,0,572,0,1,1,1,1,1
windows_msvc_cpu,cpu,32,isolated,4,1,1,0,2,17,0.020171053528133458,-0.10601386470687021,0.0020171053528134208,-0.010601386470686454,0.018153948175320039,-0.095412478236183762,0.017948541553150153,-0.094830167722928418,0.09999999999999494,547.20000000005587,492.47999999994272,562,5472,4910,5472,0.10000000000001021,0.10000000000000001,0.10000000000000001,0,0,562,0,1,1,1,1,1
windows_msvc_cpu,cpu,32,isolated,4,1,1,0,2,18,0.01794854155315016,-0.094830167722928418,0.0017948541553150918,-0.00948301677229226,0.016153687397835067,-0.085347150950636164,0.015912482259782892,-0.085290854603051705,0.099999999999994232,491.00000000004314,441.89999999995678,507,4910,4403,4910,0.10000000000000879,0.10000000000000001,0.10000000000000001,0,0,507,0,1,1,1,1,1
windows_msvc_cpu,cpu,32,isolated,4,1,1,0,2,19,0.015912482259782906,-0.085290854603051705,0.0015912482259783549,-0.0085290854603045693,0.014321234033804552,-0.076761769142747141,0.014806417466298419,-0.07703328239265593,0.099999999999993316,440.30000000003162,396.26999999996946,436,4403,3967,4403,0.10000000000000718,0.10000000000000001,0.10000000000000001,0,0,436,0,1,1,1,1,1
windows_msvc_cpu,cpu,32,isolated,4,1,1,0,2,20,0.014806417466298431,-0.07703328239265593,0.0014806417466298922,-0.0077033282392650051,0.013325775719668538,-0.069329954153390924,0.013410919228789776,-0.069447352833153606,0.099999999999992761,396.7000000000217,357.02999999998036,393,3967,3574,3967,0.10000000000000547,0.10000000000000001,0.10000000000000001,0,0,393,0,1,1,1,1,1
windows_msvc_cpu,cpu,32,isolated,4,1,1,0,2,21,0.01341091922878979,-0.069447352833153606,0.0013410919228790169,-0.0069447352833148946,0.012069827305910772,-0.062502617549838713,0.011978581013303262,-0.061778574157162515,0.099999999999993622,357.40000000001277,321.65999999999019,390,3574,3184,3574,0.10000000000000357,0.10000000000000001,0.10000000000000001,0,0,390,0,1,1,1,1,1
windows_msvc_cpu,cpu,32,isolated,4,1,1,0,2,22,0.011978581013303275,-0.061778574157162515,0.0011978581013303538,-0.0061778574157159358,0.010780722911972922,-0.055600716741446579,0.010846046637665072,-0.055610047432448358,0.099999999999995134,318.4000000000039,286.55999999999995,320,3184,2864,3184,0.10000000000000123,0.10000000000000001,0.10000000000000001,0,0,320,0,1,1,1,1,1
windows_msvc_cpu,cpu,32,isolated,4,1,1,0,2,23,0.010846046637665087,-0.055610047432448358,0.0010846046637665227,-0.00556100474324462,0.0097614419738985651,-0.050049042689203738,0.0095431472056861748,-0.050167604413171044,0.099999999999996314,286.39999999999662,257.76000000000795,284,2864,2580,2864,0.099999999999998826,0.10000000000000001,0.10000000000000001,0,0,284,0,1,1,1,1,1
windows_msvc_cpu,cpu,32,isolated,4,1,1,0,2,24,0.0095431472056861991,-0.050167604413171044,0.00095431472056862587,-0.0050167604413169789,0.008588832485117574,-0.045150843971854066,0.0085995980925789497,-0.045540396870634867,0.099999999999997619,257.99999999999017,232.20000000000752,232,2580,2348,2580,0.099999999999996189,0.10000000000000001,0.10000000000000001,0,0,232,0,1,1,1,1,1
windows_msvc_cpu,cpu,32,isolated,4,1,1,0,2,25,0.0085995980925789757,-0.045540396870634867,0.00085995980925790178,-0.0045540396870634306,0.0077396382833210741,-0.040986357183571437,0.0074604492057320573,-0.041354529654308379,0.099999999999998826,234.79999999999094,211.32000000000673,225,2348,2123,2348,0.099999999999996148,0.10000000000000001,0.10000000000000001,0,0,225,0,1,1,1,1,1
windows_msvc_cpu,cpu,32,isolated,4,1,1,0,2,26,0.0074604492057320868,-0.041354529654308372,0.00074604492057321256,-0.0041354529654308607,0.0067144042851588741,-0.037219076688877514,0.0065363185262196626,-0.037358936406426277,0.10000000000000056,212.29999999999222,191.07000000000596,205,2123,1918,2123,0.099999999999996342,0.10000000000000001,0.10000000000000001,0,0,205,0,1,1,1,1,1
windows_msvc_cpu,cpu,32,isolated,4,1,1,0,2,27,0.0065363185262196956,-0.03735893640642627,0.00065363185262197346,-0.0037358936406426927,0.0058826866735977226,-0.033623042765783574,0.0058520361046468421,-0.033843467738556073,0.1000000000000017,191.79999999999339,172.62000000000526,176,1918,1742,1918,0.09999999999999655,0.10000000000000001,0.10000000000000001,0,0,176,0,1,1,1,1,1
windows_msvc_cpu,cpu,32,isolated,4,1,1,0,2,28,0.0058520361046469115,-0.033843467738556073,0.00058520361046468972,-0.0033843467738556752,0.005266832494182222,-0.030459120964700399,0.0056660310285004626,-0.030579603083920652,0.10000000000000195,174.19999999999439,156.78000000000466,170,1742,1572,1742,0.099999999999996786,0.10000000000000001,0.10000000000000001,0,0,170,0,1,1,1,1,1
windows_msvc_cpu,cpu,32,isolated,4,1,1,0,2,29,0.0056660310285005277,-0.030579603083920649,0.00056660310285005133,-0.0030579603083921289,0.0050994279256504765,-0.027521642775528519,0.00507698427455857,-0.027780133609850297,0.10000000000000202,157.19999999999536,141.48000000000408,146,1572,1426,1572,0.09999999999999705,0.10000000000000001,0.10000000000000001,0,0,146,0,1,1,1,1,1
windows_msvc_cpu,cpu,32,isolated,4,1,1,0,2,30,0.0050769842745586333,-0.027780133609850297,0.00050769842745586129,-0.0027780133609850806,0.0045692858471027718,-0.025002120248865216,0.0048732953457633352,-0.024729629388965099,0.10000000000000177,142.59999999999619,128.34000000000358,157,1426,1269,1426,0.099999999999997327,0.10000000000000001,0.10000000000000001,0,0,157,0,1,1,1,1,1
windows_msvc_cpu,cpu,32,isolated,4,1,1,0,2,31,0.0048732953457633968,-0.024729629388965096,0.00048732953457633751,-0.0024729629388965464,0.0043859658111870588,-0.02225666645006855,0.0043492762987238911,-0.021820215348272862,0.10000000000000141,126.89999999999706,114.21000000000306,146,1269,1123,1269,0.099999999999997688,0.10000000000000001,0.10000000000000001,0,0,146,0,1,1,1,1,1
windows_msvc_cpu,cpu,32,coupled,4,1,1,0,2,0,0.12499999999999997,-0.62841743651560877,0.011532425182291009,-0.057977416558908326,0.11346757481770896,-0.57044001995670046,0.11237807343452198,-0.57134657775086917,0.092259401458330184,2752.9662459848582,2511.120975521741,2739,32768,30029,32768,0.084013862487330879,0.056482487606658874,0.10000000000000001,0.05108146795032284,0.14594705128662847,2739,0,1,1,1,1,1
windows_msvc_cpu,cpu,32,coupled,4,1,1,0,2,1,0.11237807343452198,-0.57134657775086917,0.0083862464097568847,-0.04248297372511764,0.1039918270247651,-0.5288636040257515,0.10414782001779407,-0.53021697182318217,0.074365907980722651,1734.8952986737845,1595.6853003946699,1686,30029,28343,30029,0.057773995093868741,0.009178788316392527,0.099929501460702577,0.22068730290861932,0.61018480145946608,1686,0,1,1,1,1,1
windows_msvc_cpu,cpu,32,coupled,4,1,1,0,2,2,0.10414782001779407,-0.53021697182318217,0.0053937802396768035,-0.027264291269363802,0.098754039778117267,-0.50295268055381837,0.098560987206602432,-0.50329077999475258,0.051434703442554346,1017.1706882691873,946.10823340758861,1015,28343,27328,28343,0.035887897832593135,0.00058090683280830535,0.097274732580832468,0.52510766819296251,1.3153576707775914,1015,0,1,1,1,1,1
windows_msvc_cpu,cpu,32,coupled,4,1,1,0,2,3,0.098560987206602432,-0.50329077999475258,0.0028656959148185184,-0.014492705559470144,0.095695291291783918,-0.48879807443528245,0.095843138431918259,-0.48889421967716606,0.028806211160256501,512.87482162291417,484.91344456446973,511,27328,26817,27328,0.018767374913016471,1.8071693456278444e-05,0.08446837572097661,0.98447915724483381,2.2019766323286394,511,0,1,1,1,1,1
windows_msvc_cpu,cpu,32,coupled,4,1,1,0,2,4,0.095843138431918259,-0.48889421967716606,0.0010675730507782909,-0.0053989428077270384,0.094775565381139973,-0.48349527686943905,0.094727825880845107,-0.48314922234148405,0.011046709119659629,186.75744200048052,181.66666749399701,199,26817,26618,26817,0.0069641437148256899,2.8644563041251691e-07,0.050775001099334298,1.5930290312952271,3.2608762489305603,199,0,1,1,1,1,1
windows_msvc_cpu,cpu,32,coupled,4,1,1,0,2,5,0.094727825880845107,-0.48314922234148405,0.00033314038126869034,-0.0016943178857844311,0.094394685499576414,-0.48145490445569961,0.094412504449147741,-0.48135037140832404,0.0035071911048497025,58.120341612675283,57.546536164559221,61,26618,26557,26618,0.002183497693766447,2.8074050096328094e-09,0.020033454045734762,2.2847322883115582,4.4425996968834145,61,0,1,1,1,1,1
windows_msvc_cpu,cpu,32,coupled,4,1,1,0,2,6,0.094412504449147741,-0.48135037140832404,0.0001869883080693841,-0.00095373390053969849,0.094225516141078353,-0.48039663750778433,0.094169032403367686,-0.48042688453396942,0.0019813409047269282,32.585968336104912,32.390890175334739,32,26557,26525,26557,0.0012270199320745909,1.1870972897254571e-11,0.013383489326516394,2.9323413566633159,5.8390976472479981,32,0,1,1,1,1,1
windows_msvc_cpu,cpu,32,coupled,4,1,1,0,2,7,0.094169032403367686,-0.48042688453396942,0.00025385673626354964,-0.0012987435823589239,0.093915175667104139,-0.47912814095161049,0.09385371097167039,-0.47920786758518408,0.0027030320771625716,44.278713119333801,43.908441988507143,42,26525,26483,26525,0.0016693200044989181,1.5379682690115559e-13,0.01836984497672094,3.4049058052379495,6.9495212002113833,42,0,1,1,1,1,1
windows_msvc_cpu,cpu,32,coupled,4,1,1,0,2,8,0.09385371097167039,-0.47920786758518408,0.00045005546860088128,-0.0023057839416601158,0.093403655503069505,-0.47690208364352399,0.093468318110707077,-0.47711777894465429,0.0048110523750521132,78.573640589215131,77.416212387700952,71,26483,26412,26483,0.0029669463651857846,1.8149139752734658e-14,0.029462948991193373,3.5869455568077613,7.495509657366318,71,0,1,1,1,1,1
windows_msvc_cpu,cpu,32,coupled,4,1,1,0,2,9,0.093468318110707077,-0.47711777894465429,0.0006704535463912647,-0.0034229187038418885,0.09279786456431581,-0.47369486024081242,0.092831330545721388,-0.47418079235708105,0.0071741180502734453,116.74500280811753,114.20761370503965,101,26412,26311,26412,0.0044201500381689206,3.8013050280395232e-14,0.03731137999035266,3.3894362647993592,7.3066229036639836,101,0,1,1,1,1,1
windows_msvc_cpu,cpu,32,coupled,4,1,1,0,2,10,0.092831330545721388,-0.47418079235708105,0.00069227838693353768,-0.0035308725117853203,0.092139052158787857,-0.47064991984529575,0.092144072781256095,-0.47063880754676835,0.0074466684731631016,120.84140988129369,118.19190190173347,121,26311,26190,26311,0.00459280946681212,2.30397000521192e-12,0.037989955166337325,2.8576766778079516,6.2579669455523046,121,0,1,1,1,1,1
windows_msvc_cpu,cpu,32,coupled,4,1,1,0,2,11,0.092144072781256095,-0.47063880754676835,0.00067577519984962067,-0.0034594258949741069,0.091468297581406469,-0.46717938165179423,0.091567256030643362,-0.46756049447257059,0.0073498775603014297,119.44389705198925,117.06853398261259,106,26190,26084,26190,0.0045606680814047063,1.6140966636361433e-09,0.038557249392929323,2.1364934923535697,4.5840106344174369,106,0,1,1,1,1,1
windows_msvc_cpu,cpu,32,coupled,4,1,1,0,2,12,0.091567256030643362,-0.46756049447257059,0.00099930324523650818,-0.0051381945931666465,0.090567952785406858,-0.46242229987940392,0.090671047550624093,-0.4622462109314292,0.010986559751093179,180.21504171316784,175.62124543033156,186,26084,25898,26084,0.0069090262886508137,1.1096139597495855e-06,0.050569543232378125,1.398477502451809,2.9148844025357077,186,0,1,1,1,1,1
windows_msvc_cpu,cpu,32,coupled,4,1,1,0,2,13,0.090671047550624093,-0.4622462109314292,0.0018411979327261228,-0.0095153155716940566,0.088829849617897971,-0.45273089535973515,0.088615885097969249,-0.45317808273716126,0.020574628592641499,351.42609298071739,339.00840309458209,339,25898,25559,25898,0.013569622865886068,0.00014233795684471181,0.063500276903415268,0.79190455811451943,1.6746778823827801,339,0,1,1,1,1,1
windows_msvc_cpu,cpu,32,coupled,4,1,1,0,2,14,0.088615885097969249,-0.45317808273716126,0.003428923667324035,-0.017793317445763467,0.085186961430645219,-0.4353847652913978,0.085628835699204917,-0.43448488399963814,0.039242449051798668,745.12167528054829,711.14925805197799,777,25559,24782,25559,0.029153005801500383,0.0027191331058286266,0.080751562585124503,0.39707075198126424,0.92101161335207538,777,0,1,1,1,1,1
windows_msvc_cpu,cpu,32,coupled,4,1,1,0,2,15,0.085628835699204917,-0.43448488399963814,0.0043936359807660395,-0.022657862344702823,0.081235199718438872,-0.41182702165493534,0.081627379043922227,-0.41234855274573229,0.052117440593936665,1083.6558200082013,1028.3568253550711,1043,24782,23739,24782,0.043727536922290422,0.012460813858522091,0.087349678872840675,0.2332090628423788,0.53208257072395249,1043,0,1,1,1,1,1
windows_msvc_cpu,cpu,32,coupled,4,1,1,0,2,16,0.081627379043922227,-0.41234855274573229,0.0043260433013618694,-0.02209889912496658,0.077301335742560359,-0.39024965362076569,0.077734520685416086,-0.39140431466170317,0.053570316319095687,1198.6447785287642,1135.663951886421,1140,23739,22599,23739,0.050492639897584742,0.02162837311558798,0.088929521861868283,0.17955336881329675,0.39119996985708527,1140,0,1,1,1,1,1
windows_msvc_cpu,cpu,32,coupled,4,1,1,0,2,17,0.077734520685416086,-0.39140431466170317,0.0043210110257657286,-0.021765601099094797,0.073413509659650364,-0.36963871356260836,0.075143197856726129,-0.3690336950279085,0.055608152965059172,1261.640498425242,1189.5525340204329,1267,22599,21332,22599,0.055827271048508431,0.021314642378303293,0.087563991473841335,0.15213134354770791,0.39493315313392208,1267,0,1,1,1,1,1
windows_msvc_cpu,cpu,32,coupled,4,1,1,0,2,18,0.075143197856726129,-0.3690336950279085,0.0045230753140316918,-0.022263657369928015,0.070620122542694438,-0.34677003765798048,0.068510966079302266,-0.34682758709553896,0.060324157263007584,1257.7769546661712,1181.7602382445082,1281,21332,20051,21332,0.05896197987371888,0.021639961056844251,0.089887948246700947,0.1383843325944884,0.39106312037046664,1281,0,1,1,1,1,1
windows_msvc_cpu,cpu,32,coupled,4,1,1,0,2,19,0.068510966079302266,-0.34682758709553896,0.0046761859377541575,-0.023434928539801451,0.063834780141548114,-0.32339265855573751,0.064443872565494859,-0.32330325565015494,0.067595121794890412,1311.3557476040519,1223.6449048731486,1318,20051,18733,20051,0.065401014792481768,0.024294915768612667,0.091345949873674059,0.11168202781788066,0.36149621157643819,1318,0,1,1,1,1,1
windows_msvc_cpu,cpu,32,coupled,4,1,1,0,2,20,0.064443872565494859,-0.32330325565015494,0.0046335513306772578,-0.023212344252494067,0.059810321234817602,-0.30009091139766086,0.059938961651104676,-0.30002250923712542,0.071801375602433437,1326.6295614892804,1231.6411607004554,1342,18733,17391,18733,0.070817784737590372,0.036086664718901144,0.092211621791855242,0.089654984199566468,0.26040925072584181,1342,0,1,1,1,1,1
windows_msvc_cpu,cpu,32,coupled,4,1,1,0,2,21,0.059938961651104676,-0.30002250923712542,0.004200967211998842,-0.021099545228796895,0.055737994439105834,-0.2789229640083285,0.056477186239187037,-0.27889962148390279,0.070317363150478041,1134.6563121462962,1058.1474312409464,1127,17391,16264,17391,0.06524387971630706,0.02835824286465153,0.093690358809398369,0.11368569808827021,0.3219842327606246,1127,0,1,1,1,1,1
windows_msvc_cpu,cpu,32,coupled,4,1,1,0,2,22,0.056477186239187037,-0.27889962148390279,0.0031477219986516627,-0.015260841179546162,0.053329464240535376,-0.26363878030435661,0.052941067361963121,-0.26300622216297487,0.054758077208334505,716.37746415959521,676.84806484666615,746,16264,15518,16264,0.044046818996531921,0.004844724707614218,0.091351348555278836,0.24852487990109939,0.77344531712243914,746,0,1,1,1,1,1
windows_msvc_cpu,cpu,32,coupled,4,1,1,0,2,23,0.052941067361963121,-0.26300622216297487,0.0021831580234526349,-0.010505590518603723,0.050757909338510487,-0.25250063164437114,0.050932367508578713,-0.25343888868705178,0.039994626045634925,426.14286030349069,403.73309114532526,395,15518,15123,15518,0.027461197338799502,0.00043903371301809636,0.091805164676369955,0.49227186383696481,1.3868990131659684,395,0,1,1,1,1,1
windows_msvc_cpu,cpu,32,coupled,4,1,1,0,2,24,0.050932367508578713,-0.25343888868705178,0.0014212895093583956,-0.0068651320212359153,0.049511077999220318,-0.24657375666581585,0.049512768321824913,-0.24646793748515194,0.027119653768111544,259.10326170661449,247.12759599949672,261,15123,14862,15123,0.017133059690974971,4.0855253577548676e-05,0.088598502097306811,0.8014747555552042,1.9935748393898511,261,0,1,1,1,1,1
windows_msvc_cpu,cpu,32,coupled,4,1,1,0,2,25,0.049512768321824913,-0.24646793748515194,0.00064614744220120254,-0.00311837152272978,0.048866620879623707,-0.24334956596242216,0.048781052737887388,-0.24354099764262535,0.012667674177315904,114.88134577154246,111.88794841119243,108,14862,14754,14862,0.0077298711998077278,3.872710523872042e-06,0.069748270617431357,1.1427883986609773,2.595534280474272,108,0,1,1,1,1,1
windows_msvc_cpu,cpu,32,coupled,4,1,1,0,2,26,0.048781052737887388,-0.24354099764262535,0.0003165049977632332,-0.0015475727262605639,0.048464547740124153,-0.24199342491636477,0.048612985991326678,-0.24223101792346213,0.006359626364038853,55.566820932011971,54.640657409093009,46,14754,14708,14754,0.0037662207490858053,6.1352989816689086e-07,0.046376449999393922,1.4377798874875987,3.0662731501086178,46,0,1,1,1,1,1
windows_msvc_cpu,cpu,32,coupled,4,1,1,0,2,27,0.048612985991326692,-0.24223101792346213,0.00026967335981800976,-0.0013188659189838059,0.048343312631508685,-0.24091215200447832,0.048431462716570506,-0.24130914674628681,0.0054486374184439046,46.328562350405299,45.521158768657237,32,14708,14676,14708,0.0031498886558611163,3.0739833907631631e-07,0.041719233604237328,1.6358975064538637,3.2428396274254858,32,0,1,1,1,1,1
windows_msvc_cpu,cpu,32,coupled,4,1,1,0,2,28,0.04843146271657052,-0.24130914674628681,0.00036268083735323188,-0.0017699251326599563,0.048068781879217287,-0.23953922161362687,0.048019923924229657,-0.2397629390606284,0.0073406367094671536,61.813455489636318,60.315647045489584,55,14676,14621,14676,0.0042118735002477734,1.5662929020226838e-07,0.048192952134990558,1.7005875191785114,3.4151082347812416,55,0,1,1,1,1,1
windows_msvc_cpu,cpu,32,coupled,4,1,1,0,2,29,0.048019923924229671,-0.2397629390606284,0.00054574755830925784,-0.0026833538286352753,0.047474176365920412,-0.23707958523199313,0.047365680211122169,-0.23702114561623416,0.011198380060226682,94.64150482592278,91.551211614170171,97,14621,14524,14621,0.0064729843940854103,2.2534931428219341e-07,0.064462237090479463,1.6204348419767762,3.3221679883587871,97,0,1,1,1,1,1
windows_msvc_cpu,cpu,32,coupled,4,1,1,0,2,30,0.047365680211122183,-0.23702114561623416,0.00080561373884787378,-0.0039414757055569877,0.046560066472274307,-0.23307966991067719,0.046765262610796471,-0.2336715951676013,0.016643776143414973,142.4838343814188,136.98903615721972,119,14524,14405,14524,0.0098102337084424954,4.75080155759988e-07,0.075747996902095382,1.3822966192771842,3.1316140311568619,119,0,1,1,1,1,1
windows_msvc_cpu,cpu,32,coupled,4,1,1,0,2,31,0.046765262610796478,-0.2336715951676013,0.0011111615625332609,-0.0054308767913136772,0.045654101048263215,-0.22824071837628762,0.045966065587592607,-0.22863709704028998,0.023261476756892843,203.72871811065292,194.8924554984213,185,14405,14220,14405,0.014142916911534392,9.0212827744645975e-06,0.079172471699566385,0.99060227337808837,2.3794822234680826,185,0,1,1,1,1,1
windows_msvc_cpu,cpu,32,isolated,5,1,1,0,2,0,0.12499999999999997,-0.62841743651560877,0.012500000000000747,-0.062841743651570525,0.11249999999999923,-0.5655756928640383,0.11402557083431165,-0.56573241754316561,0.10000000000001498,3276.7999999981153,2949.1200000006443,3283,32768,29485,32768,0.099999999999942482,0.10000000000000001,0.10000000000000001,0,0,3283,0,1,1,1,1,1
windows_msvc_cpu,cpu,32,isolated,5,1,1,0,2,1,0.11402557083431165,-0.56573241754316561,0.011402557083431636,-0.056573241754323988,0.10262301375088002,-0.50915917578884162,0.10319002408474999,-0.50887497635134982,0.10000000000001277,2948.4999999984138,2653.6500000001665,2936,29485,26549,29485,0.099999999999946201,0.10000000000000001,0.10000000000000001,0,0,2936,0,1,1,1,1,1
windows_msvc_cpu,cpu,32,isolated,5,1,1,0,2,2,0.10319002408474998,-0.50887497635134982,0.010319002408475251,-0.0508874976351405,0.092871021676274729,-0.45798747871620932,0.093464700591097474,-0.45661331311333236,0.10000000000001051,2654.8999999986809,2389.4099999997393,2727,26549,23822,26549,0.099999999999950309,0.10000000000000001,0.10000000000000001,0,0,2727,0,1,1,1,1,1
windows_msvc_cpu,cpu,32,isolated,5,1,1,0,2,3,0.093464700591097474,-0.45661331311333236,0.0093464700591098047,-0.045661331311336512,0.084118230531987664,-0.41095198180199588,0.085206135188008986,-0.41195556979769621,0.1000000000000069,2382.1999999989289,2143.9799999993425,2349,23822,21473,23822,0.099999999999955042,0.10000000000000001,0.10000000000000001,0,0,2349,0,1,1,1,1,1
windows_msvc_cpu,cpu,32,isolated,5,1,1,0,2,4,0.085206135188008986,-0.41195556979769621,0.0085206135188007816,-0.041195556979771383,0.076685521669208209,-0.37076001281792481,0.07743028223526105,-0.37087018392032062,0.10000000000000407,2147.2999999991425,1932.5699999992921,2119,21473,19354,21473,0.099999999999960065,0.10000000000000001,0.10000000000000001,0,0,2119,0,1,1,1,1,1
windows_msvc_cpu,cpu,32,isolated,5,1,1,0,2,5,0.07743028223526105,-0.37087018392032062,0.0077430282235258375,-0.037087018392032246,0.069687254011735214,-0.33378316552828835,0.070703974075370782,-0.3344016794335255,0.10000000000000032,1935.3999999993353,1741.8599999994656,1907,19354,17447,19354,0.099999999999965658,0.10000000000000001,0.10000000000000001,0,0,1907,0,1,1,1,1,1
windows_msvc_cpu,cpu,32,isolated,5,1,1,0,2,6,0.070703974075370782,-0.3344016794335255,0.0070703974075368211,-0.033440167943351251,0.063633576667833966,-0.30096151149017425,0.06287468288285368,-0.3003519667879303,0.09999999999999612,1744.6999999995087,1570.2299999996217,1761,17447,15686,17447,0.099999999999971834,0.10000000000000001,0.10000000000000001,0,0,1761,0,1,1,1,1,1
windows_msvc_cpu,cpu,32,isolated,5,1,1,0,2,7,0.06287468288285368,-0.3003519667879303,0.0062874682882851337,-0.030035196678790965,0.056587214594568544,-0.27031677010913935,0.055376047020839453,-0.26990311540419892,0.099999999999993247,1568.5999999996689,1411.7399999997658,1592,15686,14094,15686,0.099999999999978884,0.10000000000000001,0.10000000000000001,0,0,1592,0,1,1,1,1,1
windows_msvc_cpu,cpu,32,isolated,5,1,1,0,2,8,0.055376047020839453,-0.26990311540419892,0.0055376047020837598,-0.02699031154041736,0.049838442318755692,-0.24291280386378156,0.050867591747249419,-0.24212809303165109,0.099999999999990874,1409.3999999998136,1268.4599999998961,1411,14094,12683,14094,0.09999999999998678,0.10000000000000001,0.10000000000000001,0,0,1411,0,1,1,1,1,1
windows_msvc_cpu,cpu,32,isolated,5,1,1,0,2,9,0.050867591747249419,-0.24212809303165109,0.0050867591747248099,-0.024212809303162441,0.045780832572524612,-0.21791528372848865,0.044479824957861729,-0.21747908604081201,0.099999999999989334,1268.299999999942,1141.4700000000116,1298,12683,11385,12683,0.099999999999995426,0.10000000000000001,0.10000000000000001,0,0,1298,0,1,1,1,1,1
windows_msvc_cpu,cpu,32,isolated,5,1,1,0,2,10,0.044479824957861729,-0.21747908604081201,0.004447982495786049,-0.021747908604079085,0.040031842462075681,-0.19573117743673293,0.038734472167639457,-0.19507318372963531,0.099999999999990555,1138.50000000006,1024.6500000001179,1182,11385,10203,11385,0.10000000000000528,0.10000000000000001,0.10000000000000001,0,0,1182,0,1,1,1,1,1
windows_msvc_cpu,cpu,32,isolated,5,1,1,0,2,11,0.038734472167639443,-0.19507318372963531,0.003873447216763862,-0.019507318372961976,0.034861024950875584,-0.17556586535667335,0.035615299617387082,-0.17541703038850362,0.099999999999992262,1020.3000000001634,918.27000000008104,1047,10203,9156,10203,0.10000000000001602,0.10000000000000001,0.10000000000000001,0,0,1047,0,1,1,1,1,1
windows_msvc_cpu,cpu,32,isolated,5,1,1,0,2,12,0.035615299617387075,-0.17541703038850362,0.0035615299617386621,-0.017541703038849332,0.032053769655648413,-0.15787532734965429,0.031638019969870979,-0.15798307425660765,0.099999999999994302,915.60000000013963,824.04000000004771,924,9156,8232,9156,0.10000000000001524,0.10000000000000001,0.10000000000000001,0,0,924,0,1,1,1,1,1
windows_msvc_cpu,cpu,32,isolated,5,1,1,0,2,13,0.031638019969870979,-0.15798307425660765,0.0031638019969870796,-0.015798307425660168,0.028474217972883898,-0.1421847668309475,0.028483688893687926,-0.14305597450561991,0.099999999999996342,823.20000000011862,740.8800000000183,782,8232,7450,8232,0.10000000000001441,0.10000000000000001,0.10000000000000001,0,0,782,0,1,1,1,1,1
windows_msvc_cpu,cpu,32,isolated,5,1,1,0,2,14,0.028483688893687929,-0.14305597450561991,0.0028483688893688056,-0.014305597450561426,0.025635320004319125,-0.12875037705505848,0.025302162318576491,-0.12903429046663287,0.099999999999996217,745.00000000010084,670.49999999999341,730,7450,6720,7450,0.10000000000001354,0.10000000000000001,0.10000000000000001,0,0,730,0,1,1,1,1,1
windows_msvc_cpu,cpu,32,isolated,5,1,1,0,2,15,0.025302162318576498,-0.12903429046663287,0.0025302162318576794,-0.012903429046662699,0.022771946086718817,-0.11613086141997017,0.022531994542858917,-0.11592457765439314,0.099999999999995662,672.00000000008424,604.79999999997017,671,6720,6049,6720,0.10000000000001254,0.10000000000000001,0.10000000000000001,0,0,671,0,1,1,1,1,1
windows_msvc_cpu,cpu,32,isolated,5,1,1,0,2,16,0.022531994542858924,-0.11592457765439314,0.0022531994542859526,-0.011592457765438739,0.020278795088572971,-0.1043321198889544,0.02045214950563537,-0.10452047432086893,0.099999999999995329,604.90000000006899,544.40999999994881,584,6049,5465,6049,0.1000000000000114,0.10000000000000001,0.10000000000000001,0,0,584,0,1,1,1,1,1
windows_msvc_cpu,cpu,32,isolated,5,1,1,0,2,17,0.02045214950563538,-0.10452047432086893,0.0020452149505636075,-0.010452047432086312,0.018406934555071773,-0.094068426888782614,0.018122808235026537,-0.093632156197428776,0.099999999999994788,546.50000000005571,491.8499999999429,581,5465,4884,5465,0.10000000000001019,0.10000000000000001,0.10000000000000001,0,0,581,0,1,1,1,1,1
windows_msvc_cpu,cpu,32,isolated,5,1,1,0,2,18,0.018122808235026558,-0.093632156197428776,0.0018122808235027188,-0.0093632156197422916,0.016310527411523838,-0.084268940577686482,0.015756966711785364,-0.08454340490245163,0.09999999999999408,488.40000000004255,439.55999999995743,479,4884,4405,4884,0.10000000000000871,0.10000000000000001,0.10000000000000001,0,0,479,0,1,1,1,1,1
windows_msvc_cpu,cpu,32,isolated,5,1,1,0,2,19,0.015756966711785381,-0.08454340490245163,0.0015756966711785931,-0.0084543404902445666,0.014181270040606788,-0.076089064412207058,0.013837310337669894,-0.076537578250400085,0.099999999999993289,440.50000000003166,396.44999999996941,417,4405,3988,4405,0.10000000000000719,0.10000000000000001,0.10000000000000001,0,0,417,0,1,1,1,1,1
windows_msvc_cpu,cpu,32,isolated,5,1,1,0,2,20,0.01383731033766991,-0.076537578250400085,0.001383731033767033,-0.0076537578250394332,0.012453579303902876,-0.068883820425360648,0.012745523038552893,-0.068166758660292245,0.099999999999992831,398.80000000002218,358.91999999997984,415,3988,3573,3988,0.10000000000000556,0.10000000000000001,0.10000000000000001,0,0,415,0,1,1,1,1,1
windows_msvc_cpu,cpu,32,isolated,5,1,1,0,2,21,0.012745523038552911,-0.068166758660292245,0.0012745523038553259,-0.0068166758660287968,0.011470970734697584,-0.061350082794263447,0.010889883539702227,-0.061067715190330454,0.099999999999994038,357.30000000001274,321.56999999999022,381,3573,3192,3573,0.10000000000000357,0.10000000000000001,0.10000000000000001,0,0,381,0,1,1,1,1,1
windows_msvc_cpu,cpu,32,isolated,5,1,1,0,2,22,0.010889883539702251,-0.061067715190330454,0.0010889883539702428,-0.0061067715190327313,0.0098008951857320083,-0.054960943671297724,0.010375752834241981,-0.054133837560231796,0.099999999999995079,319.20000000000408,287.27999999999975,349,3192,2843,3192,0.10000000000000128,0.10000000000000001,0.10000000000000001,0,0,349,0,1,1,1,1,1
windows_msvc_cpu,cpu,32,isolated,5,1,1,0,2,23,0.010375752834242002,-0.054133837560231796,0.0010375752834242164,-0.0054133837560229889,0.0093381775508177851,-0.048720453804208808,0.0088743617261793067,-0.04836299016919967,0.099999999999996661,284.29999999999615,255.87000000000842,297,2843,2546,2843,0.099999999999998646,0.10000000000000001,0.10000000000000001,0,0,297,0,1,1,1,1,1
windows_msvc_cpu,cpu,32,isolated,5,1,1,0,2,24,0.0088743617261793327,-0.04836299016919967,0.00088743617261794101,-0.004836299016919874,0.0079869255535613918,-0.043526691152279792,0.0078277383338967513,-0.043917455731670864,0.099999999999998174,254.59999999998982,229.1400000000074,238,2546,2308,2546,0.099999999999995995,0.10000000000000001,0.10000000000000001,0,0,238,0,1,1,1,1,1
windows_msvc_cpu,cpu,32,isolated,5,1,1,0,2,25,0.0078277383338967773,-0.043917455731670864,0.00078277383338968437,-0.0043917455731670718,0.0070449645005070931,-0.039525710158503792,0.0072204348323196893,-0.039684611616042122,0.0999999999999997,230.79999999999117,207.72000000000659,224,2308,2084,2308,0.099999999999996175,0.10000000000000001,0.10000000000000001,0,0,224,0,1,1,1,1,1
windows_msvc_cpu,cpu,32,isolated,5,1,1,0,2,26,0.0072204348323197257,-0.039684611616042122,0.00072204348323197604,-0.0039684611616042772,0.0064983913490877492,-0.035716150454437844,0.0066789103929482587,-0.035137371753103747,0.1000000000000016,208.39999999999245,187.56000000000583,238,2084,1846,2084,0.09999999999999637,0.10000000000000001,0.10000000000000001,0,0,238,0,1,1,1,1,1
windows_msvc_cpu,cpu,32,isolated,5,1,1,0,2,27,0.0066789103929482986,-0.035137371753103747,0.00066789103929483235,-0.0035137371753104448,0.0060110193536534661,-0.031623634577793304,0.0056488717376364534,-0.031596737619097662,0.10000000000000193,184.5999999999938,166.14000000000502,195,1846,1651,1846,0.099999999999996647,0.10000000000000001,0.10000000000000001,0,0,195,0,1,1,1,1,1
windows_msvc_cpu,cpu,32,isolated,5,1,1,0,2,28,0.0056488717376364985,-0.031596737619097662,0.00056488717376364955,-0.0031596737619098351,0.0050839845638728492,-0.028437063857187826,0.0049790566758967578,-0.02865555449765014,0.10000000000000211,165.09999999999491,148.59000000000435,151,1651,1500,1651,0.099999999999996911,0.10000000000000001,0.10000000000000001,0,0,151,0,1,1,1,1,1
windows_msvc_cpu,cpu,32,isolated,5,1,1,0,2,29,0.0049790566758968011,-0.028655554497650136,0.00049790566758968024,-0.0028655554497650664,0.0044811510083071207,-0.025789999047885068,0.0047456659024218192,-0.025236742964564282,0.1000000000000018,149.99999999999577,135.00000000000384,171,1500,1329,1500,0.099999999999997174,0.10000000000000001,0.10000000000000001,0,0,171,0,1,1,1,1,1
windows_msvc_cpu,cpu,32,isolated,5,1,1,0,2,30,0.0047456659024218738,-0.025236742964564282,0.00047456659024218623,-0.0025236742964564662,0.0042710993121796879,-0.022713068668107815,0.0040896415566373549,-0.022633072726987433,0.10000000000000146,132.89999999999674,119.61000000000327,133,1329,1196,1329,0.099999999999997549,0.10000000000000001,0.10000000000000001,0,0,133,0,1,1,1,1,1
windows_msvc_cpu,cpu,32,isolated,5,1,1,0,2,31,0.0040896415566374321,-0.022633072726987433,0.00040896415566373786,-0.0022633072726987685,0.0036806774009736942,-0.020369765454288664,0.0039930485962949543,-0.019802442737801074,0.10000000000000105,119.59999999999748,107.64000000000281,141,1196,1055,1196,0.099999999999997896,0.10000000000000001,0.10000000000000001,0,0,141,0,1,1,1,1,1
windows_msvc_cpu,cpu,32,coupled,5,1,1,0,2,0,0.12499999999999997,-0.62841743651560877,0.011532425182291009,-0.057977416558908326,0.11346757481770896,-0.57044001995670046,0.11498546684426969,-0.57072164066398201,0.092259401458330184,2752.9662459848582,2511.120975521741,2753,32768,30015,32768,0.084013862487330879,0.056482487606658874,0.10000000000000001,0.05108146795032284,0.14594705128662847,2753,0,1,1,1,1,1
windows_msvc_cpu,cpu,32,coupled,5,1,1,0,2,1,0.11498546684426969,-0.57072164066398201,0.0085426505001539067,-0.042435754845639675,0.10644281634411579,-0.52828588581834235,0.10603814047221666,-0.52853531642756413,0.074352167853441981,1735.1419915087185,1595.9404300657059,1708,30015,28307,30015,0.057809161802722588,0.009178788316392527,0.099929501460702577,0.22029823787784514,0.61018480145946608,1708,0,1,1,1,1,1
windows_msvc_cpu,cpu,32,coupled,5,1,1,0,2,2,0.10603814047221666,-0.52853531642756413,0.0054086834814966742,-0.027059317677952062,0.10062945699071998,-0.50147599874961202,0.10027231893095,-0.50031682220059481,0.051189455968379094,1010.8578811230947,940.42195384570971,1062,28307,27245,28307,0.035710526764513889,0.00057767543640462775,0.096867788669025012,0.52691177404533418,1.3167828567465167,1062,0,1,1,1,1,1
windows_msvc_cpu,cpu,32,coupled,5,1,1,0,2,3,0.10027231893095,-0.50031682220059481,0.0028790127158911782,-0.014336740233897721,0.097393306215058817,-0.48598008196669706,0.097382125279724743,-0.48596789152028852,0.028657509470782605,508.11441663409681,480.45633564247169,510,27245,26735,27245,0.018649822596223043,1.7862767922765669e-05,0.086132359753195303,0.98766172310855826,2.204947561692844,510,0,1,1,1,1,1
windows_msvc_cpu,cpu,32,coupled,5,1,1,0,2,4,0.097382125279724743,-0.48596789152028852,0.0010818063004150494,-0.0053762474043187996,0.096300318979309699,-0.48059164411596972,0.096195730467747792,-0.48040355928990613,0.011064740761081162,186.20342829154788,181.0779993817977,194,26735,26541,26735,0.0069647813088291703,3.261541535975265e-07,0.050339695659293505,1.5939967918701925,3.2277079421743102,194,0,1,1,1,1,1
windows_msvc_cpu,cpu,32,coupled,5,1,1,0,2,5,0.096195730467747792,-0.48040355928990613,0.00034263420326966626,-0.0017019602275804933,0.095853096264478133,-0.47870159906232562,0.095920778620636887,-0.47913406127373859,0.0035435071331644339,58.451802177404986,57.862763386780621,44,26541,26497,26541,0.0022023210194568777,3.2101446795412279e-09,0.021251174835274802,2.2808341966717696,4.4083496253197687,44,0,1,1,1,1,1
windows_msvc_cpu,cpu,32,coupled,5,1,1,0,2,6,0.095920778620636887,-0.47913406127373859,0.00019329236459233586,-0.00096335221220600776,0.095727486256044547,-0.47817070906153258,0.0955757553442598,-0.47781282015057519,0.0020107849414097304,32.947612967636324,32.745278180136403,46,26497,26451,26497,0.0012434469172976686,2.7818447197154026e-11,0.01415350833120823,2.9213230952959881,5.6215199671053959,46,0,1,1,1,1,1
windows_msvc_cpu,cpu,32,coupled,5,1,1,0,2,7,0.0955757553442598,-0.47781282015057519,0.00026019264514858149,-0.0013015369374523081,0.09531556269911122,-0.47651128321312286,0.095365541056461639,-0.47654237851284392,0.0027238866412785997,44.414705895593961,44.036312073889533,43,26451,26408,26451,0.0016791314466596333,4.1072326162716447e-13,0.018645677385326926,3.390866701848545,6.6985548145532139,43,0,1,1,1,1,1
windows_msvc_cpu,cpu,32,coupled,5,1,1,0,2,8,0.095365541056461639,-0.47654237851284392,0.00046049338843007464,-0.0022973853311536677,0.094905047668031567,-0.47424499318169028,0.094921755337776526,-0.47431131704325818,0.0048212458209791328,78.370926670167236,77.201686294813001,76,26408,26332,26408,0.002967696405262316,3.1828965706766573e-14,0.027782492307498304,3.5712390574502493,7.3519861931941284,76,0,1,1,1,1,1
windows_msvc_cpu,cpu,32,coupled,5,1,1,0,2,9,0.094921755337776526,-0.47431131704325818,0.0006878434870252109,-0.0034276604428172125,0.09423391185075132,-0.47088365660044096,0.094209362473571451,-0.47042470048188201,0.0072273680828744431,117.02789284940641,114.43611775331189,132,26332,26200,26332,0.0044443222257863589,7.6097001964280513e-14,0.039277839994243786,3.3736912597059545,7.1292912869804308,132,0,1,1,1,1,1
windows_msvc_cpu,cpu,32,coupled,5,1,1,0,2,10,0.094209362473571451,-0.47042470048188201,0.00071660464039364786,-0.0035629977821029588,0.0934927578331778,-0.46686170269977906,0.093578719610176858,-0.46657557053557236,0.0075752558905713896,122.10667237952326,119.34837510932395,131,26200,26069,26200,0.0046605600144856204,2.6255461327846291e-12,0.037832140321543785,2.8441231645019869,6.2245856061437959,131,0,1,1,1,1,1
windows_msvc_cpu,cpu,32,coupled,5,1,1,0,2,11,0.093578719610176858,-0.46657557053557236,0.00070894598524315995,-0.0035223106301967315,0.092869773624933705,-0.4630532599053756,0.092801589186659109,-0.46312643573876566,0.0075503127143650645,121.87149997261849,119.36296159971849,119,26069,25950,26069,0.0046749587622317117,2.234516430364167e-09,0.038501817933957301,2.1222305434629001,4.5009120665868352,119,0,1,1,1,1,1
windows_msvc_cpu,cpu,32,coupled,5,1,1,0,2,12,0.092801589186659109,-0.46312643573876566,0.0010420909000662844,-0.0051979799211085836,0.091759498286592828,-0.45792845581765707,0.091349628758057314,-0.45742118612464477,0.011223888242492862,182.85001181395197,178.07080024954013,202,25950,25748,25950,0.0070462432298247389,1.3001756066469022e-06,0.048724121710013141,1.3852951227572683,2.8743922226156768,202,0,1,1,1,1,1
windows_msvc_cpu,cpu,32,coupled,5,1,1,0,2,13,0.091349628758057314,-0.45742118612464477,0.0019052555194817354,-0.0094995877463490714,0.089444373238575584,-0.4479215983782957,0.089413352963808562,-0.44812592290998698,0.020771118698384002,352.91604202347423,340.39856117498226,343,25748,25405,25748,0.013706541945917129,0.00016156745122033526,0.065233546510208726,0.78154029491755828,1.6423023373564376,343,0,1,1,1,1,1
windows_msvc_cpu,cpu,32,coupled,5,1,1,0,2,14,0.089413352963808562,-0.44812592290998698,0.0035303273891970767,-0.017629192326803676,0.085883025574611485,-0.43049673058318333,0.086311232296274826,-0.43007140451722142,0.039345308715658105,746.22947100656017,712.4821572113658,741,25405,24664,25405,0.029373330880006304,0.0035513779095903419,0.080785884180530065,0.39069384933398082,0.85278952631368221,741,0,1,1,1,1,1
windows_msvc_cpu,cpu,32,coupled,5,1,1,0,2,15,0.086311232296274826,-0.43007140451722142,0.0044497756508657324,-0.022239893869693318,0.081861456645409086,-0.40783151064752809,0.081899797663818941,-0.4084046629361901,0.051706013955580561,1078.397554277848,1024.0510463784206,1043,24664,23621,24664,0.043723546637927671,0.013322545650490476,0.087293717706538751,0.23108182981615444,0.51499810314209626,1043,0,1,1,1,1,1
windows_msvc_cpu,cpu,32,coupled,5,1,1,0,2,16,0.081899797663818941,-0.4084046629361901,0.0043339397723583892,-0.02148207297820897,0.077565857891460546,-0.38692258995798112,0.076482847868626969,-0.38854457700744333,0.052612249012727583,1182.9120397671952,1121.5059921359359,1144,23621,22477,23621,0.050078829844934392,0.023930176518822888,0.087750110479146187,0.1811621659918741,0.36536099148436529,1144,0,1,1,1,1,1
windows_msvc_cpu,cpu,32,coupled,5,1,1,0,2,17,0.076482847868626969,-0.38854457700744333,0.0041486668382130229,-0.021125547035865323,0.072334181030413947,-0.36741902997157799,0.071332823407301696,-0.36739914586796535,0.054366203888844986,1236.0952872139944,1166.4472801179866,1258,22477,21219,22477,0.054993784188903966,0.018741089901214324,0.082995868031252001,0.1561279029913071,0.42780878145371015,1258,0,1,1,1,1,1
windows_msvc_cpu,cpu,32,coupled,5,1,1,0,2,18,0.071332823407301696,-0.36739914586796535,0.0041923365221311808,-0.021755575943631856,0.067140486885170519,-0.34564356992433348,0.067680917535814983,-0.34585141022366278,0.059198981790134719,1230.6210943817493,1157.4951046499873,1211,21219,20008,21219,0.057996187114461063,0.021672725033467819,0.084620034511585132,0.14251252205728809,0.39067658554827794,1211,0,1,1,1,1,1
windows_msvc_cpu,cpu,32,coupled,5,1,1,0,2,19,0.067680917535814983,-0.34585141022366278,0.0045227823967873637,-0.023108186928688226,0.063158135139027613,-0.32274322329497457,0.064524627953679747,-0.32362844317643991,0.066815719574557578,1293.0310109066077,1207.6055916100904,1222,20008,18786,20008,0.064625700265224295,0.024186241502818978,0.093156298357049111,0.11463638749738246,0.36264162301662467,1222,0,1,1,1,1,1
windows_msvc_cpu,cpu,32,coupled,5,1,1,0,2,20,0.064524627953679747,-0.32362844317643991,0.0046537313812421198,-0.02317286137498635,0.059870896572437625,-0.30045558180145354,0.058645547217271859,-0.3009416984471171,0.071623172731436216,1326.7117870936722,1231.9892061443547,1297,18786,17489,18786,0.070622367033624622,0.038181012772179501,0.090306652610936608,0.090345310416643343,0.24599569174993971,1297,0,1,1,1,1,1
windows_msvc_cpu,cpu,32,coupled,5,1,1,0,2,21,0.058645547217271859,-0.3009416984471171,0.0041881113657434637,-0.021185358628534663,0.054457435851528395,-0.27975633981858244,0.053746626682494747,-0.27974356540230405,0.070434097933006562,1141.9831801984508,1064.9206375326985,1179,17489,16310,17489,0.065297225696063291,0.028589858407296803,0.092403573277948181,0.11343672148452889,0.31990598224022809,1179,0,1,1,1,1,1
windows_msvc_cpu,cpu,32,coupled,5,1,1,0,2,22,0.053746626682494733,-0.27974356540230405,0.0029048266043548389,-0.015260517872238684,0.050841800078139897,-0.26448304753006535,0.050284594086927113,-0.26441007007968048,0.05453382785981109,713.11274957622629,673.83228610002868,719,16310,15591,16310,0.043722424866721413,0.0055537041292627442,0.08948607119444664,0.25114817222543312,0.73855159594352593,719,0,1,1,1,1,1
windows_msvc_cpu,cpu,32,coupled,5,1,1,0,2,23,0.050284594086927099,-0.26441007007968048,0.0020021375808779501,-0.010488706512732877,0.048282456506049148,-0.25392136356694761,0.047969942903015594,-0.25256624549420442,0.039673490851927139,423.22624305147178,400.92421049634345,465,15591,15126,15591,0.027145548268326072,0.00040906636324971083,0.090188283402837938,0.50039850430532851,1.4049619818720311,465,0,1,1,1,1,1
windows_msvc_cpu,cpu,32,coupled,5,1,1,0,2,24,0.047969942903015594,-0.25256624549420442,0.0012954047885529831,-0.0066627572331884911,0.046674538114462615,-0.24590348826101593,0.046233274999168635,-0.24599498069257608,0.026401971905225766,251.1987601552288,239.72188741697431,248,15126,14878,15126,0.016607084500544017,3.0287931485163016e-05,0.085936025663790175,0.81892769130807841,2.0700399965070444,248,0,1,1,1,1,1
windows_msvc_cpu,cpu,32,coupled,5,1,1,0,2,25,0.046233274999168635,-0.24599498069257608,0.00057198195303580755,-0.0030007955822383301,0.045661293046132825,-0.24299418511033774,0.045491929478120807,-0.24314634422403528,0.012204508880467247,110.2903932058226,107.45925566101232,106,14878,14772,14878,0.0074129851596869602,2.8819975921641459e-06,0.059251962175597098,1.1656777008408414,2.6710247122335757,106,0,1,1,1,1,1
windows_msvc_cpu,cpu,32,coupled,5,1,1,0,2,26,0.045491929478120807,-0.24314634422403528,0.00027613468946627773,-0.0014710552612563726,0.045215794788654527,-0.2416752889627789,0.045230930606435814,-0.24155561737639403,0.006050754434403189,52.659362570729236,51.79586303327897,57,14772,14715,14772,0.0035648092723212319,6.2581530006143871e-07,0.045605848658807596,1.4647937275660177,3.061207696317366,57,0,1,1,1,1,1
windows_msvc_cpu,cpu,32,coupled,5,1,1,0,2,27,0.0452309306064358,-0.24155561737639403,0.00023559013704833973,-0.0012331230845103072,0.044995340469387461,-0.24032249429188371,0.04499913713220003,-0.24042547649210366,0.0051084362501649704,43.216814038451581,42.476478807211649,39,14715,14676,14715,0.002936922462687841,3.4683457521305633e-07,0.051454042575174233,1.666503084469545,3.2120008639904243,39,0,1,1,1,1,1
windows_msvc_cpu,cpu,32,coupled,5,1,1,0,2,28,0.04499913713220003,-0.24042547649210366,0.00031696738048228178,-0.0016469164804781278,0.044682169751717751,-0.23877856001162553,0.04472774119839136,-0.23866099973494309,0.0068565689078979612,57.432941512260655,56.074939203199513,62,14676,14614,14676,0.0039133920354497585,1.2303451791512612e-07,0.047375795777518971,1.728991113934147,3.476788274485564,62,0,1,1,1,1,1
windows_msvc_cpu,cpu,32,coupled,5,1,1,0,2,29,0.044727741198391346,-0.23866099973494309,0.00048416588301152896,-0.0025210303639321249,0.04424357531537982,-0.23613996937101098,0.044141790957898691,-0.23605486101936338,0.010572100422993972,88.896095815679843,86.071068365047168,93,14614,14521,14614,0.0060829407291419077,7.671161290411115e-08,0.062042588619060514,1.6418645691780152,3.5974856525038721,93,0,1,1,1,1,1
windows_msvc_cpu,cpu,32,coupled,5,1,1,0,2,30,0.044141790957898691,-0.23605486101936338,0.00072319911302375561,-0.0038182403618011599,0.043418591844874933,-0.2322366206575622,0.043393333610246311,-0.23237578715272578,0.016182263015056816,138.02542944245371,132.76684605464703,133,14521,14388,14521,0.0095052289403246143,2.1319889603927615e-07,0.072791652424220185,1.3945528819426283,3.3363289288796629,133,0,1,1,1,1,1
windows_msvc_cpu,cpu,32,coupled,5,1,1,0,2,31,0.043393333610246304,-0.23237578715272578,0.0010008062233385457,-0.0053434672387847829,0.042392527386907755,-0.22703231991394099,0.042570942367889497,-0.22686088606256702,0.022997253175549019,200.57666904269504,191.89310813513561,205,14388,14183,14388,0.013940552477251532,7.1773449063833467e-06,0.08007041759589166,0.99467915662660022,2.4379022277506142,205,0,1,1,1,1,1
windows_msvc_cpu,cpu,32,isolated,6,1,1,0,2,0,0.12499999999999997,-0.62841743651560877,0.012500000000000747,-0.062841743651570525,0.11249999999999923,-0.5655756928640383,0.11073582386871096,-0.56700308278287848,0.10000000000001498,3276.7999999981153,2949.1200000006443,3266,32768,29502,32768,0.099999999999942482,0.10000000000000001,0.10000000000000001,0,0,3266,0,1,1,1,1,1
windows_msvc_cpu,cpu,32,isolated,6,1,1,0,2,1,0.11073582386871096,-0.56700308278287848,0.011073582386871525,-0.056700308278295211,0.099662241481839442,-0.51030277450458328,0.098604309520828062,-0.51016073923818284,0.10000000000001265,2950.1999999984123,2655.180000000169,2938,29502,26564,29502,0.099999999999946187,0.10000000000000001,0.10000000000000001,0,0,2938,0,1,1,1,1,1
windows_msvc_cpu,cpu,32,isolated,6,1,1,0,2,2,0.098604309520828062,-0.51016073923818284,0.0098604309520829818,-0.051016073923824082,0.088743878568745077,-0.45914466531435877,0.091616539280868159,-0.45881428347761111,0.10000000000001102,2656.3999999986795,2390.7599999997415,2666,26564,23898,26564,0.099999999999950295,0.10000000000000001,0.10000000000000001,0,0,2666,0,1,1,1,1,1
windows_msvc_cpu,cpu,32,isolated,6,1,1,0,2,3,0.091616539280868159,-0.45881428347761111,0.0091616539280868024,-0.045881428347764736,0.082454885352781351,-0.41293285512984634,0.081398335360954852,-0.41410522730336174,0.1000000000000076,2389.799999998922,2150.8199999993535,2362,23898,21536,23898,0.099999999999954889,0.10000000000000001,0.10000000000000001,0,0,2362,0,1,1,1,1,1
windows_msvc_cpu,cpu,32,isolated,6,1,1,0,2,4,0.081398335360954852,-0.41410522730336174,0.008139833536095268,-0.041410522730338073,0.073258501824859587,-0.37269470457302367,0.072346298970660528,-0.37243561514508022,0.10000000000000432,2153.5999999991368,1938.239999999287,2187,21536,19349,21536,0.099999999999959913,0.10000000000000001,0.10000000000000001,0,0,2187,0,1,1,1,1,1
windows_msvc_cpu,cpu,32,isolated,6,1,1,0,2,5,0.072346298970660528,-0.37243561514508022,0.0072346298970657908,-0.037243561514508347,0.065111669073594738,-0.33519205363057186,0.064063047611825394,-0.33490458121409883,0.10000000000000071,1934.8999999993357,1741.409999999466,1981,19349,17368,19349,0.099999999999965672,0.10000000000000001,0.10000000000000001,0,0,1981,0,1,1,1,1,1
windows_msvc_cpu,cpu,32,isolated,6,1,1,0,2,6,0.064063047611825394,-0.33490458121409883,0.006406304761182308,-0.033490458121408911,0.057656742850643088,-0.30141412309268989,0.058565816718383477,-0.30114466707524373,0.099999999999997077,1736.7999999995159,1563.1199999996281,1744,17368,15624,17368,0.099999999999972125,0.10000000000000001,0.10000000000000001,0,0,1744,0,1,1,1,1,1
windows_msvc_cpu,cpu,32,isolated,6,1,1,0,2,7,0.058565816718383477,-0.30114466707524373,0.0058565816718381455,-0.030114466707522481,0.05270923504654533,-0.27103020036772124,0.051516794695143052,-0.27065635382450715,0.09999999999999383,1562.3999999996745,1406.1599999997709,1615,15624,14009,15624,0.099999999999979161,0.10000000000000001,0.10000000000000001,0,0,1615,0,1,1,1,1,1
windows_msvc_cpu,cpu,32,isolated,6,1,1,0,2,8,0.051516794695143052,-0.27065635382450715,0.0051516794695141508,-0.02706563538244847,0.046365115225628903,-0.24359071844205868,0.047000210866119392,-0.24282255339725139,0.099999999999991873,1400.8999999998214,1260.8099999999031,1424,14009,12585,14009,0.099999999999987252,0.10000000000000001,0.10000000000000001,0,0,1424,0,1,1,1,1,1
windows_msvc_cpu,cpu,32,isolated,6,1,1,0,2,9,0.047000210866119392,-0.24282255339725139,0.004700021086611811,-0.024282255339722694,0.042300189779507578,-0.2185402980575287,0.040950907114194329,-0.21862997414761903,0.099999999999990194,1258.4999999999509,1132.6500000000196,1267,12585,11318,12585,0.099999999999996092,0.10000000000000001,0.10000000000000001,0,0,1267,0,1,1,1,1,1
windows_msvc_cpu,cpu,32,isolated,6,1,1,0,2,10,0.040950907114194329,-0.21862997414761903,0.0040950907114193583,-0.021862997414759944,0.036855816402774973,-0.19676697673285909,0.036653548916015993,-0.19668213445656016,0.09999999999999129,1131.8000000000661,1018.6200000001165,1128,11318,10190,11318,0.10000000000000585,0.10000000000000001,0.10000000000000001,0,0,1128,0,1,1,1,1,1
windows_msvc_cpu,cpu,32,isolated,6,1,1,0,2,11,0.036653548916016,-0.19668213445656016,0.0036653548916015391,-0.019668213445654604,0.032988194024414462,-0.17701392101090554,0.032776720485624508,-0.1764999164992157,0.099999999999993011,1019.0000000001631,917.10000000008063,1047,10190,9143,10190,0.10000000000001601,0.10000000000000001,0.10000000000000001,0,0,1047,0,1,1,1,1,1
windows_msvc_cpu,cpu,32,isolated,6,1,1,0,2,12,0.032776720485624522,-0.1764999164992157,0.0032776720485624402,-0.017649991649920625,0.029499048437062081,-0.15884992484929508,0.029524923174398688,-0.15974636861344707,0.099999999999994815,914.30000000013933,822.8700000000473,879,9143,8264,9143,0.10000000000001524,0.10000000000000001,0.10000000000000001,0,0,879,0,1,1,1,1,1
windows_msvc_cpu,cpu,32,isolated,6,1,1,0,2,13,0.029524923174398709,-0.15974636861344707,0.0029524923174398744,-0.015974636861344094,0.026572430856958835,-0.14377173175210298,0.027025834878206329,-0.14352914791433824,0.0999999999999963,826.40000000011935,743.76000000001932,831,8264,7433,8264,0.10000000000001444,0.10000000000000001,0.10000000000000001,0,0,831,0,1,1,1,1,1
windows_msvc_cpu,cpu,32,isolated,6,1,1,0,2,14,0.027025834878206343,-0.14352914791433824,0.0027025834878206525,-0.014352914791433264,0.02432325139038569,-0.12917623312290497,0.024098098999476975,-0.12816746883810992,0.099999999999996245,743.30000000010045,668.96999999999287,780,7433,6653,7433,0.10000000000001351,0.10000000000000001,0.10000000000000001,0,0,780,0,1,1,1,1,1
windows_msvc_cpu,cpu,32,isolated,6,1,1,0,2,15,0.024098098999476989,-0.12816746883810992,0.0024098098999477294,-0.012816746883810404,0.021688289099529259,-0.11535072195429952,0.021230577975290505,-0.11558245608134904,0.09999999999999562,665.30000000008272,598.76999999996804,671,6653,5982,6653,0.10000000000001244,0.10000000000000001,0.10000000000000001,0,0,671,0,1,1,1,1,1
windows_msvc_cpu,cpu,32,isolated,6,1,1,0,2,16,0.021230577975290519,-0.11558245608134904,0.002123057797529115,-0.011558245608134312,0.019107520177761406,-0.10402421047321472,0.020231077463511268,-0.10448551808962346,0.099999999999995148,598.20000000006746,538.37999999994668,564,5982,5418,5982,0.10000000000001127,0.10000000000000001,0.10000000000000001,0,0,564,0,1,1,1,1,1
windows_msvc_cpu,cpu,32,isolated,6,1,1,0,2,17,0.020231077463511278,-0.10448551808962346,0.0020231077463511945,-0.010448551808961766,0.018207969717160082,-0.094036966280661688,0.018428686254588437,-0.093484554315223498,0.09999999999999476,541.80000000005464,487.61999999994407,567,5418,4851,5418,0.10000000000001008,0.10000000000000001,0.10000000000000001,0,0,567,0,1,1,1,1,1
windows_msvc_cpu,cpu,32,isolated,6,1,1,0,2,18,0.018428686254588447,-0.093484554315223498,0.0018428686254589103,-0.00934845543152177,0.016585817629129536,-0.084136098883701729,0.016553715002023121,-0.083204105398805697,0.099999999999994163,485.1000000000418,436.58999999995825,506,4851,4345,4851,0.10000000000000862,0.10000000000000001,0.10000000000000001,0,0,506,0,1,1,1,1,1
windows_msvc_cpu,cpu,32,isolated,6,1,1,0,2,19,0.016553715002023125,-0.083204105398805697,0.0016553715002023625,-0.0083204105398799882,0.014898343501820762,-0.074883694858925709,0.015678503761306736,-0.076012719767717424,0.099999999999993414,434.5000000000303,391.04999999997091,389,4345,3956,4345,0.10000000000000697,0.10000000000000001,0.10000000000000001,0,0,389,0,1,1,1,1,1
windows_msvc_cpu,cpu,32,isolated,6,1,1,0,2,20,0.01567850376130674,-0.076012719767717424,0.0015678503761307173,-0.0076012719767711758,0.014110653385176022,-0.068411447790946253,0.014724072699899471,-0.069233827447123433,0.099999999999992956,395.60000000002145,356.03999999998064,350,3956,3606,3956,0.10000000000000542,0.10000000000000001,0.10000000000000001,0,0,350,0,1,1,1,1,1
windows_msvc_cpu,cpu,32,isolated,6,1,1,0,2,21,0.014724072699899482,-0.069233827447123433,0.0014724072699899852,-0.0069233827447118977,0.013251665429909496,-0.062310444702411538,0.014360574767397381,-0.061730583445337807,0.099999999999993955,360.60000000001349,324.53999999998939,373,3606,3233,3606,0.10000000000000374,0.10000000000000001,0.10000000000000001,0,0,373,0,1,1,1,1,1
windows_msvc_cpu,cpu,32,isolated,6,1,1,0,2,22,0.014360574767397391,-0.061730583445337807,0.0014360574767397702,-0.0061730583445334525,0.012924517290657621,-0.055557525100804354,0.012915272974549707,-0.054879707318679839,0.099999999999995065,323.30000000000501,290.96999999999872,339,3233,2894,3233,0.10000000000000155,0.10000000000000001,0.10000000000000001,0,0,339,0,1,1,1,1,1
windows_msvc_cpu,cpu,32,isolated,6,1,1,0,2,23,0.012915272974549717,-0.054879707318679839,0.0012915272974549964,-0.0054879707318677756,0.01162374567709472,-0.049391736586812063,0.011045440493745364,-0.049609684091069195,0.099999999999996508,289.39999999999731,260.4600000000072,289,2894,2605,2894,0.099999999999999076,0.10000000000000001,0.10000000000000001,0,0,289,0,1,1,1,1,1
windows_msvc_cpu,cpu,32,isolated,6,1,1,0,2,24,0.011045440493745387,-0.049609684091069195,0.0011045440493745507,-0.0049609684091068071,0.0099408964443708364,-0.044648715681962388,0.010014984670890121,-0.043989023166826687,0.099999999999997896,260.49999999999073,234.45000000000761,283,2605,2322,2605,0.099999999999996439,0.10000000000000001,0.10000000000000001,0,0,283,0,1,1,1,1,1
windows_msvc_cpu,cpu,32,isolated,6,1,1,0,2,25,0.010014984670890147,-0.043989023166826687,0.0010014984670890187,-0.0043989023166826468,0.0090134862038011281,-0.039590120850144038,0.0094487580690325711,-0.039331572424044899,0.099999999999999561,232.19999999999109,208.98000000000664,234,2322,2088,2322,0.099999999999996161,0.10000000000000001,0.10000000000000001,0,0,234,0,1,1,1,1,1
windows_msvc_cpu,cpu,32,isolated,6,1,1,0,2,26,0.0094487580690325954,-0.039331572424044899,0.00094487580690326217,-0.0039331572424045561,0.0085038822621293329,-0.035398415181640344,0.008366160573279437,-0.035232003351827267,0.10000000000000163,208.79999999999242,187.92000000000584,217,2088,1871,2088,0.09999999999999637,0.10000000000000001,0.10000000000000001,0,0,217,0,1,1,1,1,1
windows_msvc_cpu,cpu,32,isolated,6,1,1,0,2,27,0.0083661605732794613,-0.035232003351827267,0.0008366160573279488,-0.0035232003351827871,0.0075295445159515124,-0.031708803016644478,0.0073079043859530912,-0.032204954155359213,0.10000000000000164,187.09999999999366,168.3900000000051,154,1871,1717,1871,0.099999999999996605,0.10000000000000001,0.10000000000000001,0,0,154,0,1,1,1,1,1
windows_msvc_cpu,cpu,32,isolated,6,1,1,0,2,28,0.0073079043859531137,-0.032204954155359206,0.00073079043859531343,-0.0032204954155359866,0.0065771139473578006,-0.028984458739823218,0.0063869759621763434,-0.02849720932557627,0.10000000000000196,171.69999999999453,154.53000000000458,190,1717,1527,1717,0.099999999999996814,0.10000000000000001,0.10000000000000001,0,0,190,0,1,1,1,1,1
windows_msvc_cpu,cpu,32,isolated,6,1,1,0,2,29,0.0063869759621763781,-0.02849720932557627,0.00063869759621763725,-0.0028497209325576791,0.0057482783659587406,-0.025647488393018589,0.0056613766343563288,-0.026121884402780217,0.10000000000000174,152.69999999999561,137.43000000000393,129,1527,1398,1527,0.099999999999997133,0.10000000000000001,0.10000000000000001,0,0,129,0,1,1,1,1,1
windows_msvc_cpu,cpu,32,isolated,6,1,1,0,2,30,0.0056613766343563583,-0.026121884402780217,0.00056613766343563583,-0.0026121884402780641,0.0050952389709207225,-0.023509695962502151,0.005112052163448292,-0.023621102350539651,0.10000000000000155,139.79999999999634,125.8200000000035,128,1398,1270,1398,0.099999999999997383,0.10000000000000001,0.10000000000000001,0,0,128,0,1,1,1,1,1
windows_msvc_cpu,cpu,32,isolated,6,1,1,0,2,31,0.0051120521634483232,-0.023621102350539651,0.0005112052163448326,-0.0023621102350539964,0.0046008469471034907,-0.021258992115485653,0.004960561580640844,-0.020785578265540568,0.10000000000000128,126.99999999999706,114.30000000000307,146,1270,1124,1270,0.099999999999997688,0.10000000000000001,0.10000000000000001,0,0,146,0,1,1,1,1,1
windows_msvc_cpu,cpu,32,coupled,6,1,1,0,2,0,0.12499999999999997,-0.62841743651560877,0.011532425182291009,-0.057977416558908326,0.11346757481770896,-0.57044001995670046,0.11307862136159771,-0.5717704130443535,0.092259401458330184,2752.9662459848582,2511.120975521741,2718,32768,30050,32768,0.084013862487330879,0.056482487606658874,0.10000000000000001,0.05108146795032284,0.14594705128662847,2718,0,1,1,1,1,1
windows_msvc_cpu,cpu,32,coupled,6,1,1,0,2,1,0.11307862136159771,-0.5717704130443535,0.0084547985076521073,-0.042550447564417102,0.10462382285394561,-0.52921996547993644,0.10465207406900623,-0.52867501734448863,0.074431954950358342,1738.2983241057175,1598.7247799889724,1727,30050,28323,30050,0.057846866026812563,0.0090486376955159851,0.099929501460702577,0.22025651065853769,0.61383347774163177,1727,0,1,1,1,1,1
windows_msvc_cpu,cpu,32,coupled,6,1,1,0,2,2,0.10465207406900623,-0.52867501734448863,0.0053764430772253041,-0.027090383941953001,0.099275630991780925,-0.50158463340253567,0.099623919755323517,-0.50097117359601884,0.051247028492912017,1011.8125781479733,941.25268114522339,1035,28323,27288,28323,0.035724060945096683,0.00058357297664971073,0.097657555872171162,0.52721971411322532,1.3141877419971302,1035,0,1,1,1,1,1
windows_msvc_cpu,cpu,32,coupled,6,1,1,0,2,3,0.099623919755323517,-0.50097117359601884,0.0028410105834612009,-0.014342944143508786,0.096782909171862316,-0.48662822945251005,0.096746415507280123,-0.48742449577642066,0.02862598252900431,508.12913093359401,480.46614159840988,477,27288,26811,27288,0.018620973722280637,1.8280896081663133e-05,0.084896863453582536,0.9887510148037395,2.1990359803845134,477,0,1,1,1,1,1
windows_msvc_cpu,cpu,32,coupled,6,1,1,0,2,4,0.096746415507280123,-0.48742449577642066,0.0010682890824988791,-0.0054006309758541293,0.09567812642478124,-0.48202386480056653,0.095602682620947732,-0.48206199873489275,0.011078501599155096,186.94403707804526,181.7715032349638,185,26811,26626,26811,0.0069726618581196246,3.1774546604128911e-07,0.054632693083319243,1.5960086044384127,3.2343812596916615,185,0,1,1,1,1,1
windows_msvc_cpu,cpu,32,coupled,6,1,1,0,2,5,0.095602682620947732,-0.48206199873489275,0.00033731736192407053,-0.0017099513590585419,0.095265365259023668,-0.4803520473758342,0.095245980773026442,-0.48048700651942572,0.0035464478839290401,58.684191466171633,58.089660005222022,55,26626,26571,26626,0.0022040183079009854,2.9805478718305456e-09,0.021744628851463721,2.2852053477166461,4.4273093881792169,55,0,1,1,1,1,1
windows_msvc_cpu,cpu,32,coupled,6,1,1,0,2,6,0.095245980773026442,-0.48048700651942572,0.00018849950994981381,-0.00095815052136481228,0.095057481263076629,-0.47952885599806089,0.095012409342139531,-0.47937379879694575,0.0019935549433075322,32.746607466366825,32.545865814052831,38,26571,26533,26571,0.0012324190834506351,2.3526549361749695e-11,0.015053807668273869,2.9299228129727717,5.6643326923539714,38,0,1,1,1,1,1
windows_msvc_cpu,cpu,32,coupled,6,1,1,0,2,7,0.095012409342139531,-0.47937379879694575,0.00025376041704366361,-0.0012870254414036665,0.094758648925095862,-0.47808677335554206,0.094720445053530902,-0.47799754793290861,0.0026842766757506514,43.897099564000733,43.525308194275425,47,26533,26486,26533,0.0016544340844985765,1.966716808673445e-13,0.018946900380724958,3.4017290208242716,6.8866949056634805,47,0,1,1,1,1,1
windows_msvc_cpu,cpu,32,coupled,6,1,1,0,2,8,0.094720445053530902,-0.47799754793290861,0.00044684822526864089,-0.0022659931786906812,0.094273596828262266,-0.47573155475421791,0.094220044433775227,-0.47556877084507648,0.0047397249733689877,77.252269050643775,76.108553399274342,83,26486,26403,26486,0.0029167208733158565,1.7011699228482074e-14,0.028081974933609973,3.5843035210160727,7.5120455668062078,83,0,1,1,1,1,1
windows_msvc_cpu,cpu,32,coupled,6,1,1,0,2,9,0.094220044433775227,-0.47556877084507648,0.00066713016656894065,-0.0033842553254604044,0.093552914267206286,-0.4721845155196161,0.093636115856558053,-0.47215417444750507,0.0071148796727467751,115.46636876819873,112.92767663405606,116,26403,26287,26403,0.004373229131848606,4.7488701669860299e-14,0.035397495134108121,3.3880921700813964,7.249760050686878,116,0,1,1,1,1,1
windows_msvc_cpu,cpu,32,coupled,6,1,1,0,2,10,0.093636115856558053,-0.47215417444750507,0.00069837537867219527,-0.0035414602270029327,0.092937740477885861,-0.46861271422050216,0.092865330134631302,-0.46830969052582344,0.0074990450379369749,121.26949546995648,118.54184522161013,131,26287,26156,26287,0.0046132877646728986,3.4162123611914324e-12,0.042261836223532835,2.8570492661852631,6.157329032445956,131,0,1,1,1,1,1
windows_msvc_cpu,cpu,32,coupled,6,1,1,0,2,11,0.092865330134631302,-0.46830969052582344,0.00068745521866864288,-0.0034912741751613563,0.09217787491596266,-0.46481841635066207,0.092128569295699902,-0.46471588049689544,0.0074530739190963183,120.69623202048845,118.22984202808831,125,26156,26031,26156,0.004614475914531597,1.8449130769352434e-09,0.039093092392731878,2.1346289495565554,4.5498624351848775,125,0,1,1,1,1,1
windows_msvc_cpu,cpu,32,coupled,6,1,1,0,2,12,0.092128569295699902,-0.46471588049689544,0.0010153931846062813,-0.0051518548420852739,0.091113176111093624,-0.45956402565481014,0.091089654938306994,-0.45854362900280432,0.011083590342816127,181.12579686723365,176.43536987016768,217,26031,25814,26031,0.0069580806295276264,8.6152296869740354e-07,0.047885733275734789,1.3957536642328778,2.9795406356625356,217,0,1,1,1,1,1
windows_msvc_cpu,cpu,32,coupled,6,1,1,0,2,13,0.091089654938306994,-0.45854362900280432,0.0018733152058560863,-0.0094412303073678656,0.089216339732450911,-0.44910239869543644,0.088966424782484926,-0.44868314965832135,0.020588690468115508,350.28545491677647,337.91120211565845,365,25814,25449,25814,0.013569592272285444,0.0001413672838574733,0.065985441149993135,0.78912118489266059,1.6764261758413248,365,0,1,1,1,1,1
windows_msvc_cpu,cpu,32,coupled,6,1,1,0,2,14,0.088966424782484926,-0.44868314965832135,0.0034816735607177294,-0.017549814598167793,0.0854847512217672,-0.43113333506015356,0.083965150262287028,-0.43072435304713491,0.039114829652958809,740.95036401951506,707.48980540842399,760,25449,24689,25449,0.029115107234842827,0.0030986185598702457,0.080973957916085373,0.39487729860548898,0.88763332270363871,760,0,1,1,1,1,1
windows_msvc_cpu,cpu,32,coupled,6,1,1,0,2,15,0.083965150262287028,-0.43072435304713491,0.0043561701969101769,-0.022259256811556404,0.079608980065376853,-0.40846509623557853,0.079525106165101542,-0.40905577959676426,0.051686055157094325,1075.9795302265534,1021.7114870133377,1046,24689,23643,24689,0.043581332991476096,0.012930125654687345,0.085193596803257873,0.23253575901497675,0.52263676049175734,1046,0,1,1,1,1,1
windows_msvc_cpu,cpu,32,coupled,6,1,1,0,2,16,0.079525106165101542,-0.40905577959676426,0.0042007873860042686,-0.021557716174689823,0.075324318779097274,-0.38749806342207443,0.076369184477612706,-0.38711519216898405,0.052705617215697304,1184.0655199721646,1122.5653191982829,1187,23643,22456,23643,0.050081018482094682,0.019832911053252258,0.085645443027764334,0.18120415828425615,0.4133417346058868,1187,0,1,1,1,1,1
windows_msvc_cpu,cpu,32,coupled,6,1,1,0,2,17,0.076369184477612706,-0.38711519216898405,0.0042113861772664898,-0.021013478823470048,0.072157798300346215,-0.366101713345514,0.072919975447985536,-0.36605252895728746,0.054314560810640254,1232.3646367953563,1163.0781206791767,1257,22456,21199,22456,0.054879080726547749,0.023161652037421265,0.086685955669839276,0.15661551568173854,0.37370083236749352,1257,0,1,1,1,1,1
windows_msvc_cpu,cpu,32,coupled,6,1,1,0,2,18,0.072919975447985536,-0.36605252895728746,0.0043897547617929994,-0.021546856011072337,0.068530220686192536,-0.34450567294621515,0.069444284030595646,-0.3436145340339139,0.058913769771370715,1222.6131545784935,1150.4180856241319,1264,21199,19935,21199,0.057673152251450234,0.022818722581282508,0.084823278368145044,0.14380785430632331,0.37751190644540317,1264,0,1,1,1,1,1
windows_msvc_cpu,cpu,32,coupled,6,1,1,0,2,19,0.069444284030595646,-0.3436145340339139,0.0046687290347481886,-0.022908274308463338,0.064775554995847459,-0.32070625972545058,0.065363494646530407,-0.32115961191745046,0.066690552735666569,1282.3649675754903,1198.0761056080087,1253,19935,18682,19935,0.064327312143240042,0.01997134310704976,0.090330415957533841,0.11571901710930711,0.41156461779591519,1253,0,1,1,1,1,1
windows_msvc_cpu,cpu,32,coupled,6,1,1,0,2,20,0.065363494646530407,-0.32115961191745046,0.0046954672957217527,-0.023003075479849575,0.060668027350808652,-0.29815653643760087,0.060265229349986939,-0.29943567597175308,0.071633456317628769,1317.0763501970459,1223.25418001048,1256,18682,17426,18682,0.07049975110786029,0.035954702770589868,0.091074915412514557,0.090711024016349326,0.26134524740754383,1256,0,1,1,1,1,1
windows_msvc_cpu,cpu,32,coupled,6,1,1,0,2,21,0.060265229349986939,-0.29943567597175308,0.0042246207426737733,-0.02122723665835612,0.056040608607313164,-0.27820843931339695,0.056382445504322781,-0.27769804482026478,0.070860039091708502,1145.5843963742138,1067.8004791596068,1129,17426,16297,17426,0.065739951588099033,0.031039838350701471,0.092238470492199715,0.11163164591503698,0.29889958673266509,1129,0,1,1,1,1,1
windows_msvc_cpu,cpu,32,coupled,6,1,1,0,2,22,0.056382445504322781,-0.27769804482026478,0.0030558555285632974,-0.015283531873827262,0.053326589975759481,-0.26241451294643753,0.053164812141924443,-0.26204036278152187,0.055003342578117211,721.44965643846831,681.57796526266748,729,16297,15568,16297,0.044268862762377632,0.0062367180594031478,0.090360554743874527,0.24596572625350524,0.70891735744688633,729,0,1,1,1,1,1
windows_msvc_cpu,cpu,32,coupled,6,1,1,0,2,23,0.053164812141924443,-0.26204036278152187,0.0020852996466499355,-0.010411910100516236,0.051079512495274509,-0.25162845268100564,0.051085025663074872,-0.25203052729342945,0.039713803004944974,424.294357808283,402.16178461139037,408,15568,15160,15568,0.027254262449144591,0.00045208435935391246,0.089598892447905351,0.49221420363982776,1.3794149942901179,408,0,1,1,1,1,1
windows_msvc_cpu,cpu,32,coupled,6,1,1,0,2,24,0.051085025663074872,-0.25203052729342945,0.0013509519075233373,-0.0067526462259795087,0.049734073755551535,-0.24527788106744994,0.049821810951240934,-0.24526610991839704,0.02677924390317931,255.67745327608094,243.92920306023746,255,15160,14905,15160,0.016865267366496104,2.4322857153759261e-05,0.084615631101909214,0.80558102161492851,2.1260777402141069,255,0,1,1,1,1,1
windows_msvc_cpu,cpu,32,coupled,6,1,1,0,2,25,0.049821810951240934,-0.24526610991839704,0.00062290879930313717,-0.0030359178496536699,0.049198902151937798,-0.24223019206874336,0.049203516567540399,-0.24181960652352766,0.012382997520869505,112.15703575723546,109.2625716628142,127,14905,14778,14905,0.0075247927378219032,1.7754739314484885e-06,0.062858734796618576,1.1498193718252112,2.7947891231636657,127,0,1,1,1,1,1
windows_msvc_cpu,cpu,32,coupled,6,1,1,0,2,26,0.049203516567540399,-0.24181960652352766,0.00030589371475099868,-0.0014732651779443924,0.048897622852789403,-0.24034634134558328,0.048871949819358843,-0.24032652133561469,0.0060973633233018009,53.043087359565817,52.161072758236251,52,14778,14726,14778,0.0035893278765439041,1.0038780562116122e-06,0.042952846391074745,1.4514739734336337,2.9404697693234825,52,0,1,1,1,1,1
windows_msvc_cpu,cpu,32,coupled,6,1,1,0,2,27,0.048871949819358849,-0.24032652133561469,0.00025129312253412963,-0.0012277651886330202,0.048620656696824721,-0.23909875614698167,0.048793755731850651,-0.23940268080369179,0.0051100534790951254,43.211427081630127,42.465169661944643,32,14726,14694,14726,0.002934362833195038,4.5690016745169e-07,0.041660418681313989,1.6569628044521585,3.1415829716427202,32,0,1,1,1,1,1
windows_msvc_cpu,cpu,32,coupled,6,1,1,0,2,28,0.048793755731850651,-0.23940268080369179,0.00033197337374250466,-0.0016444442500223072,0.048461782358108149,-0.23775823655366948,0.048518803884739718,-0.23795936936802836,0.0068663405660939741,57.496206785153824,56.120429769409377,50,14694,14644,14694,0.0039129036875700162,1.5456236320741812e-07,0.049605267983948459,1.7267293153159586,3.4185022253894966,50,0,1,1,1,1,1
windows_msvc_cpu,cpu,32,coupled,6,1,1,0,2,29,0.048518803884739718,-0.23795936936802836,0.00050999428580961257,-0.0025281381113322642,0.048008809598930106,-0.2354312312566961,0.048152697869155645,-0.23553041141908154,0.010619733618956486,89.35158343972121,86.460043671961529,85,14644,14559,14644,0.0061015831357362207,8.605758975597044e-08,0.062353553864239443,1.6474961887122315,3.5681133849975111,85,0,1,1,1,1,1
windows_msvc_cpu,cpu,32,coupled,6,1,1,0,2,30,0.048152697869155658,-0.23553041141908154,0.00078024516526758233,-0.0038095853205751696,0.047372452703888075,-0.23172082609850636,0.047577415368569798,-0.23169411330601059,0.016175660550682435,138.19213722578181,132.88641289374843,137,14559,14422,14559,0.0094918701302137368,2.9370448177283089e-07,0.074065326455574232,1.4050982654471824,3.2544824755397124,137,0,1,1,1,1,1
windows_msvc_cpu,cpu,32,coupled,6,1,1,0,2,31,0.047577415368569798,-0.23169411330601059,0.0010957267204967987,-0.0052850278504006139,0.046481688648072998,-0.22640908545560998,0.046776603312650523,-0.22678527141129176,0.022819269941565995,199.18307914745762,190.57144543337711,185,14422,14237,14422,0.013811058046557871,4.4213046674492853e-06,0.084054701684591615,1.0078435080258212,2.5616866761725374,185,0,1,1,1,1,1
windows_msvc_cpu,cpu,32,isolated,7,1,1,0,2,0,0.12499999999999997,-0.62841743651560877,0.012500000000000747,-0.062841743651570525,0.11249999999999923,-0.5655756928640383,0.1116610311880919,-0.56414955448715232,0.10000000000001498,3276.7999999981153,2949.1200000006443,3348,32768,29420,32768,0.099999999999942482,0.10000000000000001,0.10000000000000001,0,0,3348,0,1,1,1,1,1
windows_msvc_cpu,cpu,32,isolated,7,1,1,0,2,1,0.1116610311880919,-0.56414955448715232,0.011166103118809608,-0.056414955448722291,0.10049492806928229,-0.50773459903842999,0.10091350581318322,-0.50749905344790291,0.10000000000001218,2941.9999999984198,2647.8000000001571,2952,29420,26468,29420,0.099999999999946285,0.10000000000000001,0.10000000000000001,0,0,2952,0,1,1,1,1,1
windows_msvc_cpu,cpu,32,isolated,7,1,1,0,2,2,0.10091350581318322,-0.50749905344790291,0.010091350581318491,-0.050749905344795648,0.090822155231864724,-0.45674914810310729,0.092413486052262697,-0.45404792101212599,0.10000000000001023,2646.7999999986882,2382.1199999997275,2724,26468,23744,26468,0.099999999999950434,0.10000000000000001,0.10000000000000001,0,0,2724,0,1,1,1,1,1
windows_msvc_cpu,cpu,32,isolated,7,1,1,0,2,3,0.092413486052262697,-0.45404792101212599,0.0092413486052262909,-0.045404792101215792,0.083172137447036401,-0.4086431289109102,0.083520752472202808,-0.40943213993463023,0.10000000000000676,2374.399999998936,2136.9599999993311,2329,23744,21415,23744,0.099999999999955194,0.10000000000000001,0.10000000000000001,0,0,2329,0,1,1,1,1,1
windows_msvc_cpu,cpu,32,isolated,7,1,1,0,2,4,0.083520752472202808,-0.40943213993463023,0.0083520752472200869,-0.040943213993464664,0.075168677224982716,-0.36848892594116556,0.074356542450876029,-0.36852169412689378,0.10000000000000375,2141.4999999991478,1927.3499999992969,2165,21415,19250,21415,0.099999999999960204,0.10000000000000001,0.10000000000000001,0,0,2165,0,1,1,1,1,1
windows_msvc_cpu,cpu,32,isolated,7,1,1,0,2,5,0.074356542450876015,-0.36852169412689378,0.0074356542450873236,-0.036852169412689574,0.066920888205788689,-0.33166952471420419,0.066676207913155691,-0.33144100431602236,0.10000000000000037,1924.9999999993447,1732.4999999994741,1952,19250,17298,19250,0.099999999999965963,0.10000000000000001,0.10000000000000001,0,0,1952,0,1,1,1,1,1
windows_msvc_cpu,cpu,32,isolated,7,1,1,0,2,6,0.066676207913155691,-0.33144100431602236,0.0066676207913153058,-0.033144100431601049,0.060008587121840387,-0.29829690388442132,0.060422128533131114,-0.29740961353219991,0.099999999999996397,1729.7999999995222,1556.8199999996339,1747,17298,15551,17298,0.099999999999972375,0.10000000000000001,0.10000000000000001,0,0,1747,0,1,1,1,1,1
windows_msvc_cpu,cpu,32,isolated,7,1,1,0,2,7,0.060422128533131114,-0.29740961353219991,0.0060422128533129185,-0.029740961353217917,0.054379915679818196,-0.267668652178982,0.053991060449033922,-0.26771182553106088,0.099999999999993192,1555.0999999996811,1399.5899999997769,1555,15551,13996,15551,0.099999999999979494,0.10000000000000001,0.10000000000000001,0,0,1555,0,1,1,1,1,1
windows_msvc_cpu,cpu,32,isolated,7,1,1,0,2,8,0.053991060449033915,-0.26771182553106088,0.0053991060449032615,-0.026771182553103536,0.048591954404130652,-0.24094064297795734,0.049126289464205032,-0.24072016263918738,0.099999999999990749,1399.5999999998226,1259.6399999999041,1387,13996,12609,13996,0.099999999999987321,0.10000000000000001,0.10000000000000001,0,0,1387,0,1,1,1,1,1
windows_msvc_cpu,cpu,32,isolated,7,1,1,0,2,9,0.049126289464205018,-0.24072016263918738,0.0049126289464204191,-0.024072016263916165,0.044213660517784602,-0.21664814637527122,0.044253053928322066,-0.21689091135753372,0.09999999999998968,1260.8999999999487,1134.8100000000177,1239,12609,11370,12609,0.099999999999995925,0.10000000000000001,0.10000000000000001,0,0,1239,0,1,1,1,1,1
windows_msvc_cpu,cpu,32,isolated,7,1,1,0,2,10,0.044253053928322059,-0.21689091135753372,0.0044253053928321219,-0.021689091135751362,0.03982774853548994,-0.19520182022178234,0.041997230581633918,-0.19565143997984241,0.099999999999991041,1137.0000000000614,1023.3000000001182,1085,11370,10285,11370,0.1000000000000054,0.10000000000000001,0.10000000000000001,0,0,1085,0,1,1,1,1,1
windows_msvc_cpu,cpu,32,isolated,7,1,1,0,2,11,0.041997230581633932,-0.19565143997984241,0.0041997230581633108,-0.019565143997982749,0.037797507523470622,-0.17608629598185965,0.037793022776675247,-0.17656301217954842,0.099999999999992636,1028.5000000001601,925.65000000008365,1008,10285,9277,10285,0.10000000000001556,0.10000000000000001,0.10000000000000001,0,0,1008,0,1,1,1,1,1
windows_msvc_cpu,cpu,32,isolated,7,1,1,0,2,12,0.037793022776675261,-0.17656301217954842,0.0037793022776674862,-0.017656301217953814,0.034013720499007777,-0.15890671096159462,0.034196703000864477,-0.15757569933210716,0.099999999999994385,927.70000000014238,834.93000000005156,988,9277,8289,9277,0.10000000000001535,0.10000000000000001,0.10000000000000001,0,0,988,0,1,1,1,1,1
windows_msvc_cpu,cpu,32,isolated,7,1,1,0,2,13,0.034196703000864477,-0.15757569933210716,0.0034196703000864245,-0.015757569933210144,0.030777032700778053,-0.14181812939889701,0.030394309510298593,-0.14249738424435676,0.099999999999996494,828.90000000011992,746.01000000002011,804,8289,7485,8289,0.10000000000001447,0.10000000000000001,0.10000000000000001,0,0,804,0,1,1,1,1,1
windows_msvc_cpu,cpu,32,isolated,7,1,1,0,2,14,0.0303943095102986,-0.14249738424435676,0.0030394309510298604,-0.014249738424435112,0.027354878559268738,-0.12824764581992165,0.026590171410362642,-0.12870268996376993,0.099999999999996217,748.50000000010164,673.64999999999452,719,7485,6766,7485,0.10000000000001358,0.10000000000000001,0.10000000000000001,0,0,719,0,1,1,1,1,1
windows_msvc_cpu,cpu,32,isolated,7,1,1,0,2,15,0.026590171410362649,-0.12870268996376993,0.0026590171410362791,-0.012870268996376366,0.02393115426932637,-0.11583242096739357,0.023503863793476645,-0.11504219023855902,0.099999999999995356,676.60000000008529,608.93999999997163,699,6766,6067,6766,0.10000000000001261,0.10000000000000001,0.10000000000000001,0,0,699,0,1,1,1,1,1
windows_msvc_cpu,cpu,32,isolated,7,1,1,0,2,16,0.023503863793476656,-0.11504219023855902,0.0023503863793476877,-0.011504219023855285,0.021153477414128968,-0.10353797121470373,0.021452059127251871,-0.1029941160660288,0.099999999999994885,606.70000000006939,546.02999999994938,636,6067,5431,6067,0.10000000000001144,0.10000000000000001,0.10000000000000001,0,0,636,0,1,1,1,1,1
windows_msvc_cpu,cpu,32,isolated,7,1,1,0,2,17,0.021452059127251878,-0.1029941160660288,0.0021452059127252511,-0.010299411606602233,0.019306853214526628,-0.092694704459426569,0.019438200320040004,-0.092754850270547612,0.099999999999994121,543.10000000005493,488.78999999994375,538,5431,4893,5431,0.10000000000001011,0.10000000000000001,0.10000000000000001,0,0,538,0,1,1,1,1,1
windows_msvc_cpu,cpu,32,isolated,7,1,1,0,2,18,0.019438200320040011,-0.092754850270547612,0.0019438200320040721,-0.0092754850270541315,0.017494380288035939,-0.083479365243493475,0.017710193605021528,-0.084340051849952205,0.09999999999999365,489.30000000004276,440.3699999999572,451,4893,4442,4893,0.10000000000000873,0.10000000000000001,0.10000000000000001,0,0,451,0,1,1,1,1,1
windows_msvc_cpu,cpu,32,isolated,7,1,1,0,2,19,0.017710193605021535,-0.084340051849952205,0.0017710193605022199,-0.0084340051849945783,0.015939174244519315,-0.075906046664957622,0.016635284093926367,-0.076286236442889649,0.099999999999992858,444.2000000000325,399.77999999996848,436,4442,4006,4442,0.10000000000000732,0.10000000000000001,0.10000000000000001,0,0,436,0,1,1,1,1,1
windows_msvc_cpu,cpu,32,isolated,7,1,1,0,2,20,0.016635284093926381,-0.076286236442889649,0.0016635284093926908,-0.0076286236442883806,0.01497175568453369,-0.068657612798601275,0.014578973564507609,-0.069001127452064936,0.099999999999992831,400.60000000002259,360.53999999997939,375,4006,3631,4006,0.10000000000000564,0.10000000000000001,0.10000000000000001,0,0,375,0,1,1,1,1,1
windows_msvc_cpu,cpu,32,isolated,7,1,1,0,2,21,0.014578973564507623,-0.069001127452064936,0.0014578973564508024,-0.0069001127452060339,0.013121076208056821,-0.062101014706858901,0.012908813627477769,-0.062522850340203107,0.099999999999993733,363.10000000001406,326.78999999998877,343,3631,3288,3631,0.10000000000000388,0.10000000000000001,0.10000000000000001,0,0,343,0,1,1,1,1,1
windows_msvc_cpu,cpu,32,isolated,7,1,1,0,2,22,0.012908813627477788,-0.062522850340203107,0.0012908813627478121,-0.0062522850340199698,0.011617932264729977,-0.056270565306183136,0.011416782443207384,-0.056394756913752349,0.099999999999994885,328.80000000000626,295.91999999999734,333,3288,2955,3288,0.10000000000000191,0.10000000000000001,0.10000000000000001,0,0,333,0,1,1,1,1,1
windows_msvc_cpu,cpu,32,isolated,7,1,1,0,2,23,0.011416782443207409,-0.056394756913752349,0.0011416782443207569,-0.0056394756913750186,0.010275104198886652,-0.050755281222377331,0.0097630449836775234,-0.050063611167169952,0.099999999999996356,295.49999999999869,265.95000000000567,335,2955,2620,2955,0.099999999999999561,0.10000000000000001,0.10000000000000001,0,0,335,0,1,1,1,1,1
windows_msvc_cpu,cpu,32,isolated,7,1,1,0,2,24,0.0097630449836775511,-0.050063611167169952,0.00097630449836776112,-0.0050063611167168835,0.0087867404853097901,-0.045057250050453065,0.0090391815361046124,-0.044994329316991315,0.099999999999997868,261.99999999999108,235.80000000000766,255,2620,2365,2620,0.099999999999996592,0.10000000000000001,0.10000000000000001,0,0,255,0,1,1,1,1,1
windows_msvc_cpu,cpu,32,isolated,7,1,1,0,2,25,0.0090391815361046367,-0.044994329316991315,0.00090391815361047024,-0.0044994329316991079,0.0081352633824941668,-0.040494896385292203,0.0084770357689399386,-0.040490330806711765,0.09999999999999952,236.49999999999085,212.85000000000679,235,2365,2130,2365,0.099999999999996134,0.10000000000000001,0.10000000000000001,0,0,235,0,1,1,1,1,1
windows_msvc_cpu,cpu,32,isolated,7,1,1,0,2,26,0.0084770357689399594,-0.040490330806711765,0.00084770357689400197,-0.0040490330806712306,0.0076293321920459572,-0.036441297726040531,0.007586150777795779,-0.036306098757372549,0.10000000000000132,212.99999999999218,191.70000000000599,223,2130,1907,2130,0.099999999999996328,0.10000000000000001,0.10000000000000001,0,0,223,0,1,1,1,1,1
windows_msvc_cpu,cpu,32,isolated,7,1,1,0,2,27,0.0075861507777958042,-0.036306098757372549,0.00075861507777958477,-0.0036306098757373259,0.0068275357000162195,-0.032675488881635226,0.0063593252242561535,-0.033231106073835004,0.10000000000000189,190.69999999999345,171.63000000000523,167,1907,1740,1907,0.099999999999996564,0.10000000000000001,0.10000000000000001,0,0,167,0,1,1,1,1,1
windows_msvc_cpu,cpu,32,isolated,7,1,1,0,2,28,0.0063593252242561881,-0.033231106073835004,0.00063593252242562042,-0.0033231106073835686,0.0057233927018305675,-0.029907995466451436,0.0054701323780481457,-0.029358079585683511,0.10000000000000198,173.9999999999944,156.60000000000466,194,1740,1546,1740,0.099999999999996786,0.10000000000000001,0.10000000000000001,0,0,194,0,1,1,1,1,1
windows_msvc_cpu,cpu,32,isolated,7,1,1,0,2,29,0.0054701323780481969,-0.029358079585683507,0.00054701323780481886,-0.0029358079585684099,0.0049231191402433778,-0.026422271627115097,0.0052799829572320288,-0.026671436983291039,0.10000000000000193,154.5999999999955,139.14000000000399,141,1546,1405,1546,0.099999999999997091,0.10000000000000001,0.10000000000000001,0,0,141,0,1,1,1,1,1
windows_msvc_cpu,cpu,32,isolated,7,1,1,0,2,30,0.0052799829572320756,-0.026671436983291035,0.00052799829572320646,-0.0026671436983291513,0.0047519846615088693,-0.024004293284961883,0.0051740979476356365,-0.023901162369686368,0.10000000000000171,140.49999999999631,126.45000000000353,142,1405,1263,1405,0.099999999999997369,0.10000000000000001,0.10000000000000001,0,0,142,0,1,1,1,1,1
windows_msvc_cpu,cpu,32,isolated,7,1,1,0,2,31,0.0051740979476356799,-0.023901162369686365,0.00051740979476356673,-0.0023901162369686711,0.0046566881528721134,-0.021511046132717693,0.0051241319291254837,-0.021831618093682982,0.10000000000000137,126.2999999999971,113.67000000000304,106,1263,1157,1263,0.099999999999997702,0.10000000000000001,0.10000000000000001,0,0,106,0,1,1,1,1,1
windows_msvc_cpu,cpu,32,coupled,7,1,1,0,2,0,0.12499999999999997,-0.62841743651560877,0.011532425182291009,-0.057977416558908326,0.11346757481770896,-0.57044001995670046,0.11382186790070696,-0.5689125617103109,0.092259401458330184,2752.9662459848582,2511.120975521741,2827,32768,29941,32768,0.084013862487330879,0.056482487606658874,0.10000000000000001,0.05108146795032284,0.14594705128662847,2827,0,1,1,1,1,1
windows_msvc_cpu,cpu,32,coupled,7,1,1,0,2,1,0.11382186790070696,-0.5689125617103109,0.0084871249880151614,-0.042245713100971513,0.10533474291269179,-0.52666684860933943,0.10579664289458546,-0.52648138269687073,0.074268807535980863,1727.1289399573668,1588.7083186184782,1726,29941,28215,29941,0.057684410672902267,0.009178788316392527,0.099929501460702577,0.22105735396789153,0.61018480145946608,1726,0,1,1,1,1,1
windows_msvc_cpu,cpu,32,coupled,7,1,1,0,2,2,0.10579664289458546,-0.52648138269687073,0.0054063765657860396,-0.026993233750968147,0.10039026632879942,-0.4994881489459026,0.10071611373836434,-0.49777348026489948,0.051264436905286537,1008.4682801063348,938.18842729373171,1071,28215,27144,28215,0.035742274680359197,0.00059821232719623569,0.097391043407249023,0.52581802226058894,1.3078576139753617,1071,0,1,1,1,1,1
windows_msvc_cpu,cpu,32,coupled,7,1,1,0,2,3,0.10071611373836434,-0.49777348026489948,0.0028742047562027935,-0.01425427937703644,0.097841908982161538,-0.48351920088786304,0.098211827332509313,-0.48301273133755079,0.028632206743094114,505.30347366461393,477.82818843906347,519,27144,26625,27144,0.018615659949330014,1.8337439427550663e-05,0.082378494610472072,0.98512445419665573,2.19824695622393,519,0,1,1,1,1,1
windows_msvc_cpu,cpu,32,coupled,7,1,1,0,2,4,0.098211827332509313,-0.48301273133755079,0.0010942778684805735,-0.0053472368379810916,0.097117549464028743,-0.47766549449956969,0.097153400360289618,-0.47753178427496734,0.011073427665989592,185.3595489220119,180.24239404814318,190,26625,26435,26625,0.006961860992376034,3.2891256010263188e-07,0.049648166902915195,1.589157149612173,3.2255562390238133,190,0,1,1,1,1,1
windows_msvc_cpu,cpu,32,coupled,7,1,1,0,2,5,0.097153400360289618,-0.47753178427496734,0.00035174280765116182,-0.0017026082857877468,0.096801657552638462,-0.47582917598917962,0.096921606886053724,-0.47579129182817653,0.0035676226866743922,58.547645991696903,57.951505264577534,59,26435,26376,26435,0.0022147776051332289,3.8461579071447974e-09,0.025076113560436486,2.2718894918862982,4.3621672510164071,59,0,1,1,1,1,1
windows_msvc_cpu,cpu,32,coupled,7,1,1,0,2,6,0.096921606886053724,-0.47579129182817653,0.00020078960678837895,-0.00096301769351552836,0.096720817279265348,-0.474828274134661,0.096769785455977281,-0.47487544606637722,0.0020259318463374154,32.992120760527321,32.787499286594631,31,26376,26345,26376,0.0012508386700230256,2.8852361942543659e-11,0.014219308073831649,2.9090399616287739,5.6121964330767034,31,0,1,1,1,1,1
windows_msvc_cpu,cpu,32,coupled,7,1,1,0,2,7,0.096769785455977281,-0.47487544606637722,0.00027261769742354086,-0.0013069684716452018,0.096497167758553742,-0.47356847759473203,0.096477821167368694,-0.47356023035859113,0.0027548235834607871,44.677972766993335,44.292595300046976,45,26345,26300,26345,0.0016958805377488455,4.1396428667794063e-13,0.018094827499082578,3.3722599469375782,6.6965466363967945,45,0,1,1,1,1,1
windows_msvc_cpu,cpu,32,coupled,7,1,1,0,2,8,0.096477821167368694,-0.47356023035859107,0.00047972331865330723,-0.0023022825861261308,0.09599809784871538,-0.47125794777246494,0.096080749734860998,-0.47156401746475041,0.0048660592406910442,78.661689459136426,77.474443838086344,68,26300,26232,26300,0.0029909387627048071,2.8337717453606329e-14,0.027877960401810994,3.5482142122428479,7.3816700177497809,68,0,1,1,1,1,1
windows_msvc_cpu,cpu,32,coupled,7,1,1,0,2,9,0.096080749734860998,-0.47156401746475041,0.00071710707639462319,-0.0034329360928479664,0.095363642658466377,-0.46813108137190246,0.095473464014555198,-0.46783959926130297,0.0072872159017683983,117.40229812961392,114.77666147131109,126,26232,26106,26232,0.0044755374401347185,4.5300856640249126e-14,0.038370358633367303,3.3468639117483105,7.2618105489054958,126,0,1,1,1,1,1
windows_msvc_cpu,cpu,32,coupled,7,1,1,0,2,10,0.095473464014555198,-0.46783959926130297,0.00075000076945928255,-0.0035579448163876558,0.09472346324509591,-0.46428165444491531,0.094778083591847889,-0.46392108573105462,0.0076150695555958475,122.18533206124422,119.40850938165082,134,26106,25972,26106,0.0046803544036330431,4.3421704705846623e-12,0.042292040342227763,2.8185024742020151,6.0960513832199243,134,0,1,1,1,1,1
windows_msvc_cpu,cpu,32,coupled,7,1,1,0,2,11,0.094778083591847889,-0.46392108573105462,0.00074930884699123254,-0.0035222183219637449,0.094028774744856658,-0.46039886740909086,0.094026088268069991,-0.46027191230368564,0.0076048455373206678,122.19957645753612,119.67609187200776,126,25972,25846,25972,0.0047050506875687716,2.635844514941655e-09,0.040213252237812219,2.1013202729817055,4.4587102320884737,126,0,1,1,1,1,1
windows_msvc_cpu,cpu,32,coupled,7,1,1,0,2,12,0.094026088268069991,-0.46027191230368564,0.001109001365742253,-0.0052145855123912474,0.092917086902327736,-0.4550573267912944,0.092801128799316235,-0.45489365396368386,0.011347996673712724,184.04537479562364,179.21770793771546,192,25846,25654,25846,0.0071208455774829232,1.4473291788257998e-06,0.05083080930884562,1.3703085942740769,2.8469982392024917,192,0,1,1,1,1,1
windows_msvc_cpu,cpu,32,coupled,7,1,1,0,2,13,0.092801128799316235,-0.45489365396368386,0.0020286317222644738,-0.0095662001003830165,0.090772497077051761,-0.44532745386330086,0.090731826337701202,-0.44519923850782672,0.021062712302330484,356.85167444793672,344.13109368800838,363,25654,25291,25654,0.013910176754031991,0.00016820044641024576,0.069545562584550066,0.77201208933575127,1.6320229569481381,363,0,1,1,1,1,1
windows_msvc_cpu,cpu,32,coupled,7,1,1,0,2,14,0.090731826337701202,-0.44519923850782672,0.0037140069660308024,-0.017703232758796927,0.087017819371670399,-0.42749600574902979,0.086856836463524337,-0.4265537042100751,0.039811365595778109,752.94412094382005,718.67160150632253,793,25291,24498,25291,0.029771227746780281,0.0035266282298354358,0.081782503526546854,0.38520426866374746,0.85457629145583303,793,0,1,1,1,1,1
windows_msvc_cpu,cpu,32,coupled,7,1,1,0,2,15,0.086856836463524337,-0.4265537042100751,0.0045651706936649245,-0.02224088092788637,0.082291665769859412,-0.40431282328218876,0.082332586160839133,-0.40384174537123418,0.052157544518170916,1081.9175189689786,1026.9834898531342,1089,24498,23409,24498,0.044163503917420958,0.013987341148256938,0.088838767442818309,0.2280317409098131,0.50255693880666119,1089,0,1,1,1,1,1
windows_msvc_cpu,cpu,32,coupled,7,1,1,0,2,16,0.082332586160839133,-0.40384174537123418,0.0043688004710406179,-0.021411816128996057,0.077963785689798518,-0.38242992924223812,0.0785364881227026,-0.38195242037292904,0.053022010807973752,1180.5228485048872,1118.8343115368402,1208,23409,22201,23409,0.0504302981120461,0.024649434125601569,0.08761391846580735,0.17932333458519881,0.35779494120012706,1208,0,1,1,1,1,1
windows_msvc_cpu,cpu,32,coupled,7,1,1,0,2,17,0.0785364881227026,-0.38195242037292904,0.0043235613860377426,-0.020823897048289516,0.074212926736664853,-0.36112852332463952,0.074402509157095342,-0.36098383617193092,0.05454119081632941,1221.1307458295728,1152.3967633767575,1234,22201,20967,22201,0.05500341182061947,0.021019564889460524,0.084700606533382405,0.15588489313747481,0.39849486458754485,1234,0,1,1,1,1,1
windows_msvc_cpu,cpu,32,coupled,7,1,1,0,2,18,0.074402509157095342,-0.36098383617193092,0.0044969342403157588,-0.021316621968240707,0.069905574916779581,-0.33966721420369023,0.069235918980686734,-0.33979013238665068,0.059108067422727645,1209.6109020623169,1138.2126224930471,1213,20967,19754,20967,0.057691176709224821,0.018987320848489572,0.084187587597403191,0.14364449512181954,0.42447384668987531,1213,0,1,1,1,1,1
windows_msvc_cpu,cpu,32,coupled,7,1,1,0,2,19,0.06923591898068672,-0.33979013238665068,0.0047435437364478248,-0.022645014024695997,0.064492375244238898,-0.31714511836195469,0.065928137587972946,-0.31733687944892053,0.066718609322565556,1269.9861417959805,1186.6515409994342,1253,19754,18501,19754,0.064290075012452194,0.026120615090252038,0.088858148872878018,0.1157105287270329,0.34298384624276829,1253,0,1,1,1,1,1
windows_msvc_cpu,cpu,32,coupled,7,1,1,0,2,20,0.065928137587972946,-0.31733687944892053,0.0047532876663413477,-0.022664861134404104,0.061174849921631601,-0.29467201831451645,0.060231034412772187,-0.29451241675966167,0.071450050843272023,1300.9975474249322,1208.6034685346801,1303,18501,17198,18501,0.070320390650501718,0.038156702282176075,0.089709602824295132,0.091288610090783109,0.24615841950130141,1303,0,1,1,1,1,1
windows_msvc_cpu,cpu,32,coupled,7,1,1,0,2,21,0.060231034412772173,-0.29451241675966167,0.0042391154548611105,-0.020812703609677782,0.055991918957911065,-0.27369971314998387,0.056128511420020941,-0.27389681559897638,0.070656801249718279,1128.0727386195235,1051.7234110523486,1109,17198,16089,17198,0.065593251460607252,0.028853456494668528,0.092254074803113262,0.11204562123378513,0.31756114414271797,1109,0,1,1,1,1,1
windows_msvc_cpu,cpu,32,coupled,7,1,1,0,2,22,0.056128511420020927,-0.27389681559897638,0.0030484637937483621,-0.015097901208692959,0.053080047626272567,-0.25879891439028341,0.052853607515111187,-0.25846614962532716,0.055089927887092667,714.0351116473322,674.62086381893278,710,16089,15379,16089,0.044380328898460573,0.0063259705727885425,0.090347284010143719,0.24421690396665816,0.70528697633859927,710,0,1,1,1,1,1
windows_msvc_cpu,cpu,32,coupled,7,1,1,0,2,23,0.052853607515111187,-0.25846614962532716,0.0021070581243296332,-0.010362370315174051,0.050746549390781555,-0.24810377931015309,0.050851744445986877,-0.24802152568042063,0.040082723429560103,422.43090977737791,400.324850566603,423,15379,14956,15379,0.02746803496829299,0.0005526147147121497,0.08984871202545569,0.48676748441232215,1.3281142122067795,423,0,1,1,1,1,1
windows_msvc_cpu,cpu,32,coupled,7,1,1,0,2,24,0.050851744445986863,-0.24802152568042063,0.0013744883805047437,-0.0067100790300628366,0.049477256065482117,-0.24131144665035778,0.049151070779882199,-0.24106804179940311,0.027053409632436253,254.12630736493173,242.42936858205064,265,14956,14691,14956,0.016991595838789231,3.0043423834311546e-05,0.087488270832083395,0.79718476471627842,2.0721108949501459,265,0,1,1,1,1,1
windows_msvc_cpu,cpu,32,coupled,7,1,1,0,2,25,0.049151070779882199,-0.24106804179940311,0.00062621715046089102,-0.0030474499437009909,0.048524853629421306,-0.23802059185570212,0.048473150637471207,-0.23803683438079098,0.012645411055889346,112.52547293724355,109.59881059110091,111,14691,14580,14691,0.0076594835570923392,6.1514034400245994e-06,0.060533574297070951,1.1379780144346008,2.4773116588735595,111,0,1,1,1,1,1
windows_msvc_cpu,cpu,32,coupled,7,1,1,0,2,26,0.048473150637471214,-0.23803683438079098,0.00031108284708527965,-0.0015037398782726836,0.048162067790385933,-0.2365330945025183,0.048185464478842928,-0.23650639046593205,0.0063212537126114956,54.116914373290633,53.21041290682205,55,14580,14525,14580,0.0037117225221735689,1.4030172770613648e-06,0.046366185590339587,1.4329923530309217,2.8549427064960584,55,0,1,1,1,1,1
windows_msvc_cpu,cpu,32,coupled,7,1,1,0,2,27,0.048185464478842928,-0.23650639046593205,0.00026624094161107497,-0.0012751728402840045,0.047919223537231853,-0.23523121762564805,0.047978806104346974,-0.23523260008270319,0.0053970315354991017,44.889759590591524,44.098824875917536,44,14525,14481,14525,0.0030905170114004493,3.5635785013897109e-07,0.041257401409548949,1.6314108692499412,3.205080232189192,44,0,1,1,1,1,1
windows_msvc_cpu,cpu,32,coupled,7,1,1,0,2,28,0.047978806104346974,-0.23523260008270319,0.0003548471745260087,-0.0016985654628875111,0.047623958929820964,-0.23353403461981567,0.047633782827969977,-0.23335940112292661,0.0072277854516888838,59.453164901647838,58.007151760670901,65,14481,14416,14481,0.0041055980182064661,8.5991770856312093e-08,0.05355952335384892,1.6966554143439498,3.5683088660318076,65,0,1,1,1,1,1
windows_msvc_cpu,cpu,32,coupled,7,1,1,0,2,29,0.047633782827969977,-0.23335940112292661,0.00053577241549838755,-0.002567351317081544,0.047098010412471587,-0.23079204980584506,0.047082868302110469,-0.23076751889927669,0.011011546319630744,90.844483267617377,87.885703928392587,92,14416,14324,14416,0.0063016428459778976,8.7146765802696835e-08,0.070297651570924366,1.6181377235144552,3.564900079257626,92,0,1,1,1,1,1
windows_msvc_cpu,cpu,32,coupled,7,1,1,0,2,30,0.047082868302110469,-0.23076751889927669,0.00079478506453789055,-0.0038044210825187476,0.04628808323757258,-0.22696309781675794,0.046332903675589898,-0.2270887448490474,0.016501717025839288,138.08602932644234,132.77128870752676,133,14324,14191,14324,0.0096401863534237887,6.3582553186454947e-07,0.071853367787978725,1.3796999984152825,3.0571533152580694,133,0,1,1,1,1,1
windows_msvc_cpu,cpu,32,coupled,7,1,1,0,2,31,0.046332903675589912,-0.2270887448490474,0.0010941027225457158,-0.0052507257981037484,0.045238800953044195,-0.22183801905094364,0.045077665132237592,-0.22171612440406074,0.023141575210238144,198.08075358967972,189.49295052358508,204,14191,13987,14191,0.013958195588026193,8.5048733332293666e-06,0.080475372938464129,0.98733707813494331,2.3945427543554456,204,0,1,1,1,1,1
windows_msvc_cpu,cpu,32,locked_control,0,1,1,0,2,0,0.12499999999999997,-0.62841743651560877,0,0,0.12499999999999997,-0.62841743651560877,0.12499999999999997,-0.62841743651560877,0,0,0,0,32768,32768,0,0,0,0,0,0,0,0,1,1,1,1,1
windows_msvc_cpu,cpu,32,locked_control,0,1,1,0,2,1,0.12499999999999997,-0.62841743651560877,0,0,0.12499999999999997,-0.62841743651560877,0.12499999999999997,-0.62841743651560877,0,0,0,0,32768,32768,0,0,0,0,0,0,0,0,1,1,1,1,1
windows_msvc_cpu,cpu,32,locked_control,0,1,1,0,2,2,0.12499999999999997,-0.62841743651560877,0,0,0.12499999999999997,-0.62841743651560877,0.12499999999999997,-0.62841743651560877,0,0,0,0,32768,32768,0,0,0,0,0,0,0,0,1,1,1,1,1
windows_msvc_cpu,cpu,32,locked_control,0,1,1,0,2,3,0.12499999999999997,-0.62841743651560877,0,0,0.12499999999999997,-0.62841743651560877,0.12499999999999997,-0.62841743651560877,0,0,0,0,32768,32768,0,0,0,0,0,0,0,0,1,1,1,1,1
windows_msvc_cpu,cpu,32,locked_control,0,1,1,0,2,4,0.12499999999999997,-0.62841743651560877,0,0,0.12499999999999997,-0.62841743651560877,0.12499999999999997,-0.62841743651560877,0,0,0,0,32768,32768,0,0,0,0,0,0,0,0,1,1,1,1,1
windows_msvc_cpu,cpu,32,locked_control,0,1,1,0,2,5,0.12499999999999997,-0.62841743651560877,0,0,0.12499999999999997,-0.62841743651560877,0.12499999999999997,-0.62841743651560877,0,0,0,0,32768,32768,0,0,0,0,0,0,0,0,1,1,1,1,1
windows_msvc_cpu,cpu,32,locked_control,0,1,1,0,2,6,0.12499999999999997,-0.62841743651560877,0,0,0.12499999999999997,-0.62841743651560877,0.12499999999999997,-0.62841743651560877,0,0,0,0,32768,32768,0,0,0,0,0,0,0,0,1,1,1,1,1
windows_msvc_cpu,cpu,32,locked_control,0,1,1,0,2,7,0.12499999999999997,-0.62841743651560877,0,0,0.12499999999999997,-0.62841743651560877,0.12499999999999997,-0.62841743651560877,0,0,0,0,32768,32768,0,0,0,0,0,0,0,0,1,1,1,1,1
windows_msvc_cpu,cpu,32,locked_control,0,1,1,0,2,8,0.12499999999999997,-0.62841743651560877,0,0,0.12499999999999997,-0.62841743651560877,0.12499999999999997,-0.62841743651560877,0,0,0,0,32768,32768,0,0,0,0,0,0,0,0,1,1,1,1,1
windows_msvc_cpu,cpu,32,locked_control,0,1,1,0,2,9,0.12499999999999997,-0.62841743651560877,0,0,0.12499999999999997,-0.62841743651560877,0.12499999999999997,-0.62841743651560877,0,0,0,0,32768,32768,0,0,0,0,0,0,0,0,1,1,1,1,1
windows_msvc_cpu,cpu,32,locked_control,0,1,1,0,2,10,0.12499999999999997,-0.62841743651560877,0,0,0.12499999999999997,-0.62841743651560877,0.12499999999999997,-0.62841743651560877,0,0,0,0,32768,32768,0,0,0,0,0,0,0,0,1,1,1,1,1
windows_msvc_cpu,cpu,32,locked_control,0,1,1,0,2,11,0.12499999999999997,-0.62841743651560877,0,0,0.12499999999999997,-0.62841743651560877,0.12499999999999997,-0.62841743651560877,0,0,0,0,32768,32768,0,0,0,0,0,0,0,0,1,1,1,1,1
windows_msvc_cpu,cpu,32,locked_control,0,1,1,0,2,12,0.12499999999999997,-0.62841743651560877,0,0,0.12499999999999997,-0.62841743651560877,0.12499999999999997,-0.62841743651560877,0,0,0,0,32768,32768,0,0,0,0,0,0,0,0,1,1,1,1,1
windows_msvc_cpu,cpu,32,locked_control,0,1,1,0,2,13,0.12499999999999997,-0.62841743651560877,0,0,0.12499999999999997,-0.62841743651560877,0.12499999999999997,-0.62841743651560877,0,0,0,0,32768,32768,0,0,0,0,0,0,0,0,1,1,1,1,1
windows_msvc_cpu,cpu,32,locked_control,0,1,1,0,2,14,0.12499999999999997,-0.62841743651560877,0,0,0.12499999999999997,-0.62841743651560877,0.12499999999999997,-0.62841743651560877,0,0,0,0,32768,32768,0,0,0,0,0,0,0,0,1,1,1,1,1
windows_msvc_cpu,cpu,32,locked_control,0,1,1,0,2,15,0.12499999999999997,-0.62841743651560877,0,0,0.12499999999999997,-0.62841743651560877,0.12499999999999997,-0.62841743651560877,0,0,0,0,32768,32768,0,0,0,0,0,0,0,0,1,1,1,1,1
windows_msvc_cpu,cpu,32,locked_control,0,1,1,0,2,16,0.12499999999999997,-0.62841743651560877,0,0,0.12499999999999997,-0.62841743651560877,0.12499999999999997,-0.62841743651560877,0,0,0,0,32768,32768,0,0,0,0,0,0,0,0,1,1,1,1,1
windows_msvc_cpu,cpu,32,locked_control,0,1,1,0,2,17,0.12499999999999997,-0.62841743651560877,0,0,0.12499999999999997,-0.62841743651560877,0.12499999999999997,-0.62841743651560877,0,0,0,0,32768,32768,0,0,0,0,0,0,0,0,1,1,1,1,1
windows_msvc_cpu,cpu,32,locked_control,0,1,1,0,2,18,0.12499999999999997,-0.62841743651560877,0,0,0.12499999999999997,-0.62841743651560877,0.12499999999999997,-0.62841743651560877,0,0,0,0,32768,32768,0,0,0,0,0,0,0,0,1,1,1,1,1
windows_msvc_cpu,cpu,32,locked_control,0,1,1,0,2,19,0.12499999999999997,-0.62841743651560877,0,0,0.12499999999999997,-0.62841743651560877,0.12499999999999997,-0.62841743651560877,0,0,0,0,32768,32768,0,0,0,0,0,0,0,0,1,1,1,1,1
windows_msvc_cpu,cpu,32,locked_control,0,1,1,0,2,20,0.12499999999999997,-0.62841743651560877,0,0,0.12499999999999997,-0.62841743651560877,0.12499999999999997,-0.62841743651560877,0,0,0,0,32768,32768,0,0,0,0,0,0,0,0,1,1,1,1,1
windows_msvc_cpu,cpu,32,locked_control,0,1,1,0,2,21,0.12499999999999997,-0.62841743651560877,0,0,0.12499999999999997,-0.62841743651560877,0.12499999999999997,-0.62841743651560877,0,0,0,0,32768,32768,0,0,0,0,0,0,0,0,1,1,1,1,1
windows_msvc_cpu,cpu,32,locked_control,0,1,1,0,2,22,0.12499999999999997,-0.62841743651560877,0,0,0.12499999999999997,-0.62841743651560877,0.12499999999999997,-0.62841743651560877,0,0,0,0,32768,32768,0,0,0,0,0,0,0,0,1,1,1,1,1
windows_msvc_cpu,cpu,32,locked_control,0,1,1,0,2,23,0.12499999999999997,-0.62841743651560877,0,0,0.12499999999999997,-0.62841743651560877,0.12499999999999997,-0.62841743651560877,0,0,0,0,32768,32768,0,0,0,0,0,0,0,0,1,1,1,1,1
windows_msvc_cpu,cpu,32,locked_control,0,1,1,0,2,24,0.12499999999999997,-0.62841743651560877,0,0,0.12499999999999997,-0.62841743651560877,0.12499999999999997,-0.62841743651560877,0,0,0,0,32768,32768,0,0,0,0,0,0,0,0,1,1,1,1,1
windows_msvc_cpu,cpu,32,locked_control,0,1,1,0,2,25,0.12499999999999997,-0.62841743651560877,0,0,0.12499999999999997,-0.62841743651560877,0.12499999999999997,-0.62841743651560877,0,0,0,0,32768,32768,0,0,0,0,0,0,0,0,1,1,1,1,1
windows_msvc_cpu,cpu,32,locked_control,0,1,1,0,2,26,0.12499999999999997,-0.62841743651560877,0,0,0.12499999999999997,-0.62841743651560877,0.12499999999999997,-0.62841743651560877,0,0,0,0,32768,32768,0,0,0,0,0,0,0,0,1,1,1,1,1
windows_msvc_cpu,cpu,32,locked_control,0,1,1,0,2,27,0.12499999999999997,-0.62841743651560877,0,0,0.12499999999999997,-0.62841743651560877,0.12499999999999997,-0.62841743651560877,0,0,0,0,32768,32768,0,0,0,0,0,0,0,0,1,1,1,1,1
windows_msvc_cpu,cpu,32,locked_control,0,1,1,0,2,28,0.12499999999999997,-0.62841743651560877,0,0,0.12499999999999997,-0.62841743651560877,0.12499999999999997,-0.62841743651560877,0,0,0,0,32768,32768,0,0,0,0,0,0,0,0,1,1,1,1,1
windows_msvc_cpu,cpu,32,locked_control,0,1,1,0,2,29,0.12499999999999997,-0.62841743651560877,0,0,0.12499999999999997,-0.62841743651560877,0.12499999999999997,-0.62841743651560877,0,0,0,0,32768,32768,0,0,0,0,0,0,0,0,1,1,1,1,1
windows_msvc_cpu,cpu,32,locked_control,0,1,1,0,2,30,0.12499999999999997,-0.62841743651560877,0,0,0.12499999999999997,-0.62841743651560877,0.12499999999999997,-0.62841743651560877,0,0,0,0,32768,32768,0,0,0,0,0,0,0,0,1,1,1,1,1
windows_msvc_cpu,cpu,32,locked_control,0,1,1,0,2,31,0.12499999999999997,-0.62841743651560877,0,0,0.12499999999999997,-0.62841743651560877,0.12499999999999997,-0.62841743651560877,0,0,0,0,32768,32768,0,0,0,0,0,0,0,0,1,1,1,1,1
windows_msvc_cpu,cpu,32,isolated,0,1,1,1,3,0,0.062500000000003025,-0.63457314922558761,0.0062500000000000394,-0.06345731492256329,0.056250000000002985,-0.57111583430302426,0.057630015249404511,-0.57139630374970507,0.10000000000000701,3276.7999999981153,2949.1200000006443,3228,32768,29540,32768,0.099999999999942482,0.10000000000000001,0.10000000000000001,0,0,3228,0,1,1,1,1,1
windows_msvc_cpu,cpu,32,isolated,0,1,1,1,3,1,0.057630015249406981,-0.57139630374970518,0.0057630015249404594,-0.057139630374973285,0.051867013724466518,-0.51425667337473191,0.051376971889077444,-0.51349496709884501,0.10000000000000475,2953.9999999984088,2658.6000000001745,2998,29540,26542,29540,0.099999999999946132,0.10000000000000001,0.10000000000000001,0,0,2998,0,1,1,1,1,1
windows_msvc_cpu,cpu,32,isolated,0,1,1,1,3,2,0.051376971889079401,-0.51349496709884501,0.0051376971889077663,-0.051349496709886332,0.046239274700171633,-0.4621454703889587,0.04501617764607669,-0.46216399169779399,0.1000000000000035,2654.1999999986815,2388.7799999997383,2679,26542,23863,26542,0.099999999999950323,0.10000000000000001,0.10000000000000001,0,0,2679,0,1,1,1,1,1
windows_msvc_cpu,cpu,32,isolated,0,1,1,1,3,3,0.045016177646078202,-0.46216399169779399,0.0045016177646077134,-0.046216399169780216,0.040514559881470485,-0.41594759252801378,0.041596672410164376,-0.41567547655417525,0.10000000000000173,2386.2999999989252,2147.6699999993484,2405,23863,21458,23863,0.099999999999954958,0.10000000000000001,0.10000000000000001,0,0,2405,0,1,1,1,1,1
windows_msvc_cpu,cpu,32,isolated,0,1,1,1,3,4,0.041596672410165507,-0.4156754765541753,0.0041596672410164617,-0.041567547655417529,0.037437005169149044,-0.37410792889875777,0.037651287177217142,-0.37398661853177051,0.099999999999999992,2145.7999999991439,1931.2199999992933,2165,21458,19293,21458,0.099999999999960107,0.10000000000000001,0.10000000000000001,0,0,2165,0,1,1,1,1,1
windows_msvc_cpu,cpu,32,isolated,0,1,1,1,3,5,0.037651287177218079,-0.37398661853177056,0.0037651287177216997,-0.0373986618531763,0.033886158459496378,-0.33658795667859426,0.03258389426265175,-0.3361415401108846,0.099999999999997966,1929.2999999993408,1736.3699999994706,1949,19293,17344,19293,0.099999999999965838,0.10000000000000001,0.10000000000000001,0,0,1949,0,1,1,1,1,1
windows_msvc_cpu,cpu,32,isolated,0,1,1,1,3,6,0.032583894262652194,-0.33614154011088465,0.0032583894262651859,-0.03361415401108718,0.029325504836387007,-0.30252738609979746,0.028894853653465873,-0.30299098218284648,0.099999999999996203,1734.3999999995181,1560.9599999996301,1718,17344,15626,17344,0.099999999999972208,0.10000000000000001,0.10000000000000001,0,0,1718,0,1,1,1,1,1
windows_msvc_cpu,cpu,32,isolated,0,1,1,1,3,7,0.028894853653466151,-0.30299098218284654,0.0028894853653466169,-0.030299098218283204,0.026005368288119533,-0.27269188396456334,0.0263627452617268,-0.27283847994254928,0.099999999999995259,1562.5999999996743,1406.3399999997707,1540,15626,14086,15626,0.099999999999979161,0.10000000000000001,0.10000000000000001,0,0,1540,0,1,1,1,1,1
windows_msvc_cpu,cpu,32,isolated,0,1,1,1,3,8,0.026362745261727102,-0.27283847994254934,0.0026362745261727318,-0.027283847994253898,0.02372647073555437,-0.24555463194829544,0.02284888231985607,-0.24537335483564926,0.099999999999996231,1408.5999999998144,1267.7399999998968,1383,14086,12703,14086,0.099999999999986822,0.10000000000000001,0.10000000000000001,0,0,1383,0,1,1,1,1,1
windows_msvc_cpu,cpu,32,isolated,0,1,1,1,3,9,0.022848882319856413,-0.24537335483564932,0.0022848882319856816,-0.02453733548356421,0.02056399408787073,-0.22083601935208511,0.01908512452648644,-0.21998785700313381,0.099999999999997091,1270.2999999999402,1143.27000000001,1314,12703,11389,12703,0.099999999999995287,0.10000000000000001,0.10000000000000001,0,0,1314,0,1,1,1,1,1
windows_msvc_cpu,cpu,32,isolated,0,1,1,1,3,10,0.01908512452648687,-0.21998785700313389,0.0019085124526487698,-0.021998785700312634,0.0171766120738381,-0.19798907130282126,0.016466576457383034,-0.19691960532383107,0.099999999999996619,1138.9000000000597,1025.0100000001175,1184,11389,10205,11389,0.10000000000000524,0.10000000000000001,0.10000000000000001,0,0,1184,0,1,1,1,1,1
windows_msvc_cpu,cpu,32,isolated,0,1,1,1,3,11,0.016466576457383541,-0.19691960532383115,0.0016466576457384221,-0.01969196053238224,0.014819918811645119,-0.17722764479144892,0.014887735443522265,-0.17781131753301221,0.09999999999999562,1020.5000000001635,918.4500000000811,984,10205,9221,10205,0.10000000000001602,0.10000000000000001,0.10000000000000001,0,0,984,0,1,1,1,1,1
windows_msvc_cpu,cpu,32,isolated,0,1,1,1,3,12,0.014887735443522804,-0.17781131753301233,0.0014887735443523307,-0.017781131753300344,0.013398961899170473,-0.16003018577971198,0.01452156323744091,-0.15864760467366879,0.099999999999995065,922.10000000014111,829.89000000004978,969,9221,8252,9221,0.1000000000000153,0.10000000000000001,0.10000000000000001,0,0,969,0,1,1,1,1,1
windows_msvc_cpu,cpu,32,isolated,0,1,1,1,3,13,0.014521563237441387,-0.1586476046736689,0.0014521563237441782,-0.015864760467365936,0.013069406913697209,-0.14278284420630297,0.012781658042379053,-0.14329723489984988,0.099999999999994052,825.20000000011908,742.68000000001894,779,8252,7473,8252,0.10000000000001442,0.10000000000000001,0.10000000000000001,0,0,779,0,1,1,1,1,1
windows_msvc_cpu,cpu,32,isolated,0,1,1,1,3,14,0.012781658042379504,-0.14329723489985002,0.0012781658042379811,-0.014329723489984033,0.011503492238141523,-0.12896751140986598,0.010679789365400745,-0.12923035264876145,0.099999999999993303,747.30000000010136,672.56999999999414,752,7473,6721,7473,0.10000000000001356,0.10000000000000001,0.10000000000000001,0,0,752,0,1,1,1,1,1
windows_msvc_cpu,cpu,32,isolated,0,1,1,1,3,15,0.010679789365401199,-0.12923035264876162,0.0010679789365401376,-0.012923035264875158,0.0096118104288610614,-0.11630731738388646,0.0094146839384941401,-0.11630850929251579,0.09999999999999229,672.10000000008426,604.8899999999702,692,6721,6029,6721,0.10000000000001254,0.10000000000000001,0.10000000000000001,0,0,692,0,1,1,1,1,1
windows_msvc_cpu,cpu,32,isolated,0,1,1,1,3,16,0.0094146839384945686,-0.11630850929251595,0.00094146839384946757,-0.011630850929250695,0.0084732155446451008,-0.10467765836326526,0.0090662418150578971,-0.10463760844399313,0.099999999999992331,602.90000000006853,542.60999999994817,606,6029,5423,6029,0.10000000000001137,0.10000000000000001,0.10000000000000001,0,0,606,0,1,1,1,1,1
windows_msvc_cpu,cpu,32,isolated,0,1,1,1,3,17,0.0090662418150583065,-0.10463760844399327,0.00090662418150583605,-0.010463760844398626,0.0081596176335524701,-0.094173847599594643,0.0084924023570961023,-0.093943074431112439,0.099999999999993372,542.30000000005475,488.06999999994395,545,5423,4878,5423,0.10000000000001009,0.10000000000000001,0.10000000000000001,0,0,545,0,1,1,1,1,1
windows_msvc_cpu,cpu,32,isolated,0,1,1,1,3,18,0.0084924023570964683,-0.093943074431112591,0.0008492402357096518,-0.0093943074431107575,0.0076431621213868166,-0.084548766988001831,0.0070226286337914025,-0.084518880056819845,0.099999999999994704,487.80000000004242,439.01999999995758,489,4878,4389,4878,0.10000000000000869,0.10000000000000001,0.10000000000000001,0,0,489,0,1,1,1,1,1
windows_msvc_cpu,cpu,32,isolated,0,1,1,1,3,19,0.0070226286337917486,-0.084518880056819998,0.00070226286337917473,-0.0084518880056816698,0.0063203657704125737,-0.07606699205113833,0.0065904308874360756,-0.076133092318812254,0.09999999999999612,438.9000000000313,395.00999999996981,429,4389,3960,4389,0.10000000000000712,0.10000000000000001,0.10000000000000001,0,0,429,0,1,1,1,1,1
windows_msvc_cpu,cpu,32,isolated,0,1,1,1,3,20,0.0065904308874363965,-0.076133092318812393,0.00065904308874363982,-0.0076133092318810321,0.0059313877986927567,-0.068519783086931366,0.0060806196656691906,-0.068762398576046393,0.099999999999997313,396.00000000002154,356.39999999998054,380,3960,3580,3960,0.10000000000000545,0.10000000000000001,0.10000000000000001,0,0,380,0,1,1,1,1,1
windows_msvc_cpu,cpu,32,isolated,0,1,1,1,3,21,0.0060806196656694707,-0.068762398576046574,0.00060806196656694748,-0.0068762398576045335,0.0054725576991025236,-0.061886158718442039,0.0051898513045068248,-0.061555017329731704,0.099999999999998201,358.0000000000129,322.19999999999004,382,3580,3198,3580,0.1000000000000036,0.10000000000000001,0.10000000000000001,0,0,382,0,1,1,1,1,1
windows_msvc_cpu,cpu,32,isolated,0,1,1,1,3,22,0.0051898513045070885,-0.061555017329731961,0.00051898513045070722,-0.0061555017329731386,0.0046708661740563814,-0.055399515596758819,0.0042867749621644377,-0.05524262950796123,0.099999999999999062,319.80000000000422,287.8199999999996,315,3198,2883,3198,0.10000000000000132,0.10000000000000001,0.10000000000000001,0,0,315,0,1,1,1,1,1
windows_msvc_cpu,cpu,32,isolated,0,1,1,1,3,23,0.0042867749621646641,-0.055242629507961459,0.00042867749621646037,-0.0055242629507961079,0.0038580974659482036,-0.049718366557165349,0.003221362832084673,-0.049834463863386927,0.099999999999999312,288.29999999999706,259.47000000000747,288,2883,2595,2883,0.099999999999998979,0.10000000000000001,0.10000000000000001,0,0,288,0,1,1,1,1,1
windows_msvc_cpu,cpu,32,isolated,0,1,1,1,3,24,0.0032213628320848973,-0.049834463863387128,0.0003221362832084827,-0.0049834463863387031,0.0028992265488764143,-0.044851017477048422,0.0026476787980195533,-0.044747477725393239,0.099999999999999811,259.49999999999051,233.55000000000757,262,2595,2333,2595,0.099999999999996342,0.10000000000000001,0.10000000000000001,0,0,262,0,1,1,1,1,1
windows_msvc_cpu,cpu,32,isolated,0,1,1,1,3,25,0.0026476787980197563,-0.044747477725393385,0.00026476787980197022,-0.0044747477725393479,0.0023829109182177859,-0.040272729952854039,0.0023984896165860875,-0.04023018535367176,0.1000000000000002,233.29999999999103,209.97000000000668,231,2333,2102,2333,0.099999999999996161,0.10000000000000001,0.10000000000000001,0,0,231,0,1,1,1,1,1
windows_msvc_cpu,cpu,32,isolated,0,1,1,1,3,26,0.0023984896165862714,-0.040230185353671864,0.00023984896165862307,-0.0040230185353672199,0.0021586406549276484,-0.036207166818304645,0.0018730763818975264,-0.036677354177430899,0.10000000000000082,210.19999999999234,189.18000000000589,195,2102,1907,2102,0.099999999999996356,0.10000000000000001,0.10000000000000001,0,0,195,0,1,1,1,1,1
windows_msvc_cpu,cpu,32,isolated,0,1,1,1,3,27,0.0018730763818976849,-0.036677354177430996,0.00018730763818976896,-0.0036677354177431344,0.001685768743707916,-0.033009618759687859,0.0018564643429088061,-0.033232313297420157,0.10000000000000094,190.69999999999345,171.63000000000523,179,1907,1728,1907,0.099999999999996564,0.10000000000000001,0.10000000000000001,0,0,179,0,1,1,1,1,1
windows_msvc_cpu,cpu,32,isolated,0,1,1,1,3,28,0.0018564643429089481,-0.033232313297420192,0.00018564643429089551,-0.0033232313297420647,0.0016708179086180525,-0.029909081967678129,0.0015300080618664141,-0.029920248100992676,0.10000000000000137,172.79999999999447,155.52000000000461,179,1728,1549,1728,0.0999999999999968,0.10000000000000001,0.10000000000000001,0,0,179,0,1,1,1,1,1
windows_msvc_cpu,cpu,32,isolated,0,1,1,1,3,29,0.0015300080618665408,-0.029920248100992679,0.00015300080618665515,-0.002992024810099316,0.0013770072556798857,-0.026928223290893363,0.001634015842823603,-0.026731465269016982,0.10000000000000159,154.89999999999549,139.410000000004,165,1549,1384,1549,0.099999999999997091,0.10000000000000001,0.10000000000000001,0,0,165,0,1,1,1,1,1
windows_msvc_cpu,cpu,32,isolated,0,1,1,1,3,30,0.0016340158428237151,-0.026731465269016992,0.00016340158428237184,-0.002673146526901737,0.0014706142585413431,-0.024058318742115253,0.0018078805445400127,-0.024333842413483308,0.10000000000000141,138.39999999999642,124.56000000000346,130,1384,1254,1384,0.09999999999999741,0.10000000000000001,0.10000000000000001,0,0,130,0,1,1,1,1,1
windows_msvc_cpu,cpu,32,isolated,0,1,1,1,3,31,0.0018078805445401142,-0.024333842413483318,0.00018078805445401183,-0.0024333842413483599,0.0016270924900861022,-0.021900458172134957,0.0017979125853363241,-0.022245053852373447,0.10000000000000116,125.39999999999715,112.86000000000301,112,1254,1142,1254,0.09999999999999773,0.10000000000000001,0.10000000000000001,0,0,112,0,1,1,1,1,1
windows_msvc_cpu,cpu,32,coupled,0,1,1,1,3,0,0.062500000000003025,-0.63457314922558761,0.0045998988744775518,-0.046703557038341573,0.057900101125525474,-0.58786959218724599,0.058258580928598522,-0.58890529805816683,0.073598381991638095,2173.1825583679374,2016.1216419197531,2111,32768,30657,32768,0.066320268504880903,0.050384456578576625,0.10000000000000001,0.11493330288820706,0.17513646154395418,2111,0,1,1,1,1,1
windows_msvc_cpu,cpu,32,coupled,0,1,1,1,3,1,0.05825858092860111,-0.58890529805816694,0.0022265537648329739,-0.022559064344867555,0.056032027163768136,-0.5663462337132994,0.055603352974367304,-0.56645775462757664,0.038305921848893566,869.6859488566763,818.60059552599319,862,30657,29795,30657,0.028368266590229844,0.0073984454592224058,0.089629329592593815,0.43595074195265449,0.66527530878154817,862,0,1,1,1,1,1
windows_msvc_cpu,cpu,32,coupled,0,1,1,1,3,2,0.055603352974369788,-0.56645775462757664,0.00056907566141026471,-0.0057562319630024596,0.055034277312959526,-0.56070152266457418,0.055515810787989506,-0.56131628659178923,0.010162497057554495,210.89344315518662,206.64893675073256,191,29795,29604,29795,0.00707814878856139,0.00047015330354590413,0.044609270892356404,0.88957312029409596,1.3694022631602314,191,0,1,1,1,1,1
windows_msvc_cpu,cpu,32,coupled,0,1,1,1,3,3,0.055515810787991962,-0.56131628659178934,0.00013748193351281274,-0.0013787206549373361,0.055378328854479152,-0.55993756593685196,0.055415303528628161,-0.56001299803725269,0.0024564236362462437,50.62182815959023,50.406023148669782,50,29604,29554,29604,0.0017099658208211805,2.4780283443384598e-05,0.013790924341507992,1.2808521081538407,2.1213174715254812,50,0,1,1,1,1,1
windows_msvc_cpu,cpu,32,coupled,0,1,1,1,3,4,0.055415303528630631,-0.56001299803725269,0.00014104110483872739,-0.0014215674155349655,0.055274262423791902,-0.55859143062171768,0.055266964563565363,-0.55835992361991993,0.0025385193974774415,50.813872021960194,50.561724425595401,60,29554,29494,29554,0.0017193568390728902,6.3580123658262135e-06,0.015309080788224294,1.3611335938120892,2.4688713449777069,60,0,1,1,1,1,1
windows_msvc_cpu,cpu,32,coupled,0,1,1,1,3,5,0.055266964563567833,-0.55835992361991993,0.00039443933128833971,-0.0039817751132215917,0.054872525232279493,-0.55437814850669831,0.054810498396853022,-0.55425623900059295,0.0071312540155499538,141.13983937872544,138.83939690235346,145,29494,29349,29494,0.0047853746314072505,1.6123713473450176e-05,0.034812182849072081,1.1431379071836243,2.2311169451786155,145,0,1,1,1,1,1
windows_msvc_cpu,cpu,32,coupled,0,1,1,1,3,6,0.054810498396855423,-0.55425623900059295,0.0010455193594314802,-0.01052657956954761,0.053764979037423943,-0.54372965943104534,0.053716705524332498,-0.54371444875693087,0.018993064645198489,397.56968137328658,384.09534830157799,399,29349,28950,29349,0.013546276921642529,0.00025029274127270375,0.063252898266530869,0.73562077467289289,1.5304713845636182,399,0,1,1,1,1,1
windows_msvc_cpu,cpu,32,coupled,0,1,1,1,3,7,0.053716705524334878,-0.54371444875693087,0.0019762974414045055,-0.019915348729074002,0.051740408082930373,-0.5237991000278569,0.051752543424648335,-0.52428175160240886,0.036629897091753724,866.46939159215333,828.2868999376276,848,28950,28102,28950,0.029929858086084744,0.0039933050543887062,0.081361853822278521,0.37461854309823439,0.82282453456714411,848,0,1,1,1,1,1
windows_msvc_cpu,cpu,32,coupled,0,1,1,1,3,8,0.051752543424650528,-0.52428175160240886,0.0026123603958088607,-0.026562293774509138,0.049140183028841669,-0.49771945782789973,0.047773288257444639,-0.49659769915327268,0.050662361276195778,1318.199376841078,1250.7477261005288,1350,28102,26752,28102,0.046907671227708989,0.018558275479167243,0.091331387754654852,0.2039066947800936,0.43031327283327003,1350,0,1,1,1,1,1
windows_msvc_cpu,cpu,32,coupled,0,1,1,1,3,9,0.047773288257446499,-0.49659769915327273,0.0028677044284961314,-0.029262443572726372,0.044905583828950366,-0.46733525558054634,0.043563840301618882,-0.46698982846803616,0.058935954716978919,1588.4453039963191,1487.2301354364413,1617,26752,25135,26752,0.05937669348072365,0.014521837490598233,0.093891936783046484,0.14367191030220158,0.49297578136567988,1617,0,1,1,1,1,1
windows_msvc_cpu,cpu,32,coupled,0,1,1,1,3,10,0.043563840301620554,-0.46698982846803622,0.0025725179494388525,-0.026511778482549597,0.040991322352181704,-0.44047804998548662,0.040439669828548193,-0.43974425440497544,0.056791310687572295,1450.2851622511564,1356.7288920710209,1501,25135,23634,25135,0.05769982742196763,0.0079235807530172592,0.095071330050198966,0.15866687377538424,0.64775538572888647,1501,0,1,1,1,1,1
windows_msvc_cpu,cpu,32,coupled,0,1,1,1,3,11,0.04043966982854956,-0.4397442544049755,0.0020864231438371254,-0.02197015405027529,0.038353246684712433,-0.4177741003547002,0.037628385225567135,-0.41722123536692085,0.049974896034061037,1127.2314933766459,1069.7005425413122,1164,23634,22470,23634,0.047695332714591095,0.017187216518543182,0.092109346065119724,0.1971752157036816,0.44992225347521281,1164,0,1,1,1,1,1
windows_msvc_cpu,cpu,32,coupled,0,1,1,1,3,12,0.037628385225568314,-0.41722123536692085,0.0012883088289346667,-0.014182225922807152,0.036340076396633648,-0.40303900944411369,0.036319578879498327,-0.4028229608326605,0.03399408137504397,715.13027910360677,683.37825907823526,723,22470,21747,22470,0.031826002630334083,0.0022211258274903545,0.077595023749686243,0.35255103117125719,0.97269733976232231,723,0,1,1,1,1,1
windows_msvc_cpu,cpu,32,coupled,0,1,1,1,3,13,0.036319578879499374,-0.40282296083266056,0.00062422168050336633,-0.0071710490497071452,0.035695357198996011,-0.39565191178295339,0.03512942621883073,-0.39623780970551653,0.017797027097743758,362.30109467678898,349.86864188875523,336,21747,21411,21747,0.016659819500473121,0.00019867877638194404,0.07090740940202965,0.6459191417412854,1.5894751500390574,336,0,1,1,1,1,1
windows_msvc_cpu,cpu,32,coupled,0,1,1,1,3,14,0.035129426218831653,-0.39623780970551659,0.00032500373758543975,-0.0037562821217250486,0.034804422481246211,-0.39248152758379151,0.034570565299033303,-0.39210277750143618,0.0094780878221318293,166.35170725990338,163.56648540296112,178,21411,21233,21411,0.0077694506216385677,1.9972256615442438e-05,0.042457734622002634,0.93895715757939147,2.1764281305206659,178,0,1,1,1,1,1
windows_msvc_cpu,cpu,32,coupled,0,1,1,1,3,15,0.034570565299034121,-0.39210277750143624,0.00031956323597984778,-0.0034762725513765901,0.034251002063054273,-0.38862650495005963,0.034233295426202334,-0.38853429165870373,0.0088686340367847925,133.88604577872707,131.42956316705394,140,21233,21093,21233,0.0063055642527540656,1.0538725398150489e-05,0.046929077668514896,1.0677296618352254,2.3397608878016869,140,0,1,1,1,1,1
windows_msvc_cpu,cpu,32,coupled,0,1,1,1,3,16,0.034233295426202986,-0.38853429165870379,0.00045049417701575434,-0.0049321767621063536,0.033782801249187235,-0.38360211489659746,0.033919040380075309,-0.38314222879948956,0.012697898933925242,196.61414056446992,191.99847192936502,206,21093,20887,21093,0.0093212980877291005,4.494885346661802e-05,0.057053748098572693,0.88056057316241287,1.9691779646854253,206,0,1,1,1,1,1
windows_msvc_cpu,cpu,32,coupled,0,1,1,1,3,17,0.033919040380075947,-0.38314222879948956,0.00073385160394617475,-0.0083523042472758453,0.033185188776129776,-0.37478992455221372,0.033131560968181505,-0.37462774722198272,0.021798211454848601,378.10256485997184,366.69152006214875,391,20887,20496,20887,0.018102291610091054,0.00052776665989118015,0.065200991908157049,0.55100153116165318,1.3398685713006333,391,0,1,1,1,1,1
windows_msvc_cpu,cpu,32,coupled,0,1,1,1,3,18,0.033131560968182046,-0.37462774722198278,0.0013034648688174501,-0.015075924543575961,0.031828096099364593,-0.3595518226784068,0.032016806100442455,-0.36043575129125593,0.040235425925074918,747.38227731107702,715.29534748481899,713,20496,19783,20496,0.036464787144373394,0.0059338193928065684,0.078651732413108355,0.28328806777339843,0.72163727654297838,713,0,1,1,1,1,1
windows_msvc_cpu,cpu,32,coupled,0,1,1,1,3,19,0.032016806100442864,-0.36043575129125599,0.0017934775188051158,-0.019987063412446646,0.030223328581637749,-0.34044868787880933,0.030129496712978359,-0.34042924466820018,0.055456917103278269,1054.5599714800385,996.5068113945664,1038,19783,18745,19783,0.053306372717992136,0.016596675679116404,0.087373304596380041,0.1649869440542647,0.45885513441114323,1038,0,1,1,1,1,1
windows_msvc_cpu,cpu,32,coupled,0,1,1,1,3,20,0.03012949671297872,-0.34042924466820029,0.0017843440134613171,-0.01936022510007724,0.028345152699517404,-0.32106901956812306,0.027504392489640969,-0.32103233890142396,0.056888324643037738,1043.0530899470202,982.00505404564535,1026,18745,17719,18745,0.055644336620273155,0.01402538574100385,0.086686768320767674,0.15741837982957624,0.50186296213480874,1026,0,1,1,1,1,1
windows_msvc_cpu,cpu,32,coupled,0,1,1,1,3,21,0.027504392489641375,-0.32103233890142407,0.0018575471484300575,-0.020936690407995583,0.025646845341211318,-0.30009564849342851,0.025047215975192563,-0.3000939592818237,0.065233666726672052,1132.1447063673074,1057.7452354619286,1153,17719,16566,17719,0.063894390561956518,0.023550989032278535,0.092577095281957233,0.11840617074186131,0.36944182531528191,1153,0,1,1,1,1,1
windows_msvc_cpu,cpu,32,coupled,0,1,1,1,3,22,0.025047215975193011,-0.30009395928182375,0.0016784635746539133,-0.020089943338076521,0.023368752400539098,-0.28000401594374724,0.023031735571140768,-0.27982116868898105,0.066945970475204911,1107.3820898009601,1031.9769322295697,1119,16566,15447,16566,0.06684667933121817,0.023733642647825643,0.090865829445635607,0.1054855586429565,0.3674679601832242,1119,0,1,1,1,1,1
windows_msvc_cpu,cpu,32,coupled,0,1,1,1,3,23,0.023031735571141212,-0.2798211686889811,0.0011407796706314,-0.014443154371396278,0.021890955900509813,-0.26537801431758484,0.021952636894299455,-0.2648191327017036,0.051601630733907444,776.76113611999085,735.29005325945047,807,15447,14640,15447,0.050285565878163456,0.013381396059266533,0.084837263636161939,0.18420507498550931,0.51387199041195974,807,0,1,1,1,1,1
windows_msvc_cpu,cpu,32,coupled,0,1,1,1,3,24,0.021952636894299882,-0.26481913270170365,0.00067456571763725671,-0.0079000704395001224,0.021278071176662625,-0.25691906226220351,0.02098925737929196,-0.25705700665592796,0.029838064519311841,371.14433989363107,358.69105864741971,361,14640,14279,14640,0.025351389336996658,0.0018097261701457042,0.080546545590320456,0.39665353007401677,1.025031946149523,361,0,1,1,1,1,1
windows_msvc_cpu,cpu,32,coupled,0,1,1,1,3,25,0.020989257379292397,-0.25705700665592801,0.0004445376889233241,-0.0048193499185154465,0.020544719690369074,-0.25223765673741255,0.02053163090373385,-0.25232038626990255,0.018764276781210679,198.61672719006199,192.98969243973966,197,14279,14082,14279,0.013909708466283493,0.0002025539121420719,0.068753921340323765,0.63871962207223143,1.5845398771592287,197,0,1,1,1,1,1
windows_msvc_cpu,cpu,32,coupled,0,1,1,1,3,26,0.020531630903734315,-0.25232038626990261,0.00036123951253704928,-0.0039036166091387307,0.020170391391197265,-0.24841676966076387,0.019718957746874093,-0.2485602001087848,0.015484840113951478,164.01865882717905,160.35968076359939,161,14082,13921,14082,0.01164739801357613,9.6160658766387809e-05,0.062233273658379766,0.69017759094534503,1.7748776703386375,161,0,1,1,1,1,1
windows_msvc_cpu,cpu,32,coupled,0,1,1,1,3,27,0.019718957746874554,-0.24856020010878482,0.00038487782905928655,-0.0045200989303379683,0.019334079917815269,-0.24404010117844685,0.019456120838533833,-0.24423233434338365,0.018193464727431111,214.92646440216984,210.0530383374934,216,13921,13705,13921,0.015439010444807832,0.00022500559913398891,0.067453290339049329,0.56359614219196852,1.5576827771537929,216,0,1,1,1,1,1
windows_msvc_cpu,cpu,32,coupled,0,1,1,1,3,28,0.019456120838534319,-0.24423233434338371,0.00061525254138694466,-0.0076121987341207023,0.018840868297147373,-0.23662013560926301,0.018661775732435212,-0.23648112057550119,0.031170725519832059,398.81865530267964,384.60979513673789,403,13705,13302,13705,0.029100230230038646,0.0014394884472549189,0.070198876902856491,0.35869690706917251,1.0835108993406062,403,0,1,1,1,1,1
windows_msvc_cpu,cpu,32,coupled,0,1,1,1,3,29,0.018661775732435718,-0.23648112057550122,0.00082915700520792498,-0.010433624198558821,0.017832618727227793,-0.22604749637694241,0.017593921460337742,-0.22619772227444834,0.044122247578736104,562.11802311106271,536.33789149642723,548,13302,12754,13302,0.042258158405582821,0.008570845997111276,0.074031864379618589,0.23352663796701462,0.62769334146089018,548,0,1,1,1,1,1
windows_msvc_cpu,cpu,32,coupled,0,1,1,1,3,30,0.017593921460338263,-0.2261977222744484,0.00085033657716144411,-0.010517058376857919,0.016743584883176819,-0.21568066389759047,0.016932130131959544,-0.21533801661182989,0.046506021721009393,563.403304973844,537.15686401382879,568,12754,12186,12754,0.04417463579848236,0.010674999432710268,0.078461023978505406,0.21631808732616845,0.57160315508323323,568,0,1,1,1,1,1
windows_msvc_cpu,cpu,32,coupled,0,1,1,1,3,31,0.016932130131960106,-0.21533801661182997,0.00087582956040490321,-0.010786784133336886,0.016056300571555202,-0.20455123247849308,0.016042664151117127,-0.20554930625901544,0.050102373133890092,572.66200697186241,542.89693214801889,532,12186,11654,12186,0.046993435661567572,0.0076065442579290867,0.084614379605898724,0.2091547289611814,0.6581882053717093,532,0,1,1,1,1,1
windows_msvc_cpu,cpu,32,isolated,1,1,1,1,3,0,0.062500000000003025,-0.63457314922558761,0.0062500000000000394,-0.06345731492256329,0.056250000000002985,-0.57111583430302426,0.056706246829199572,-0.5706111692367134,0.10000000000000701,3276.7999999981153,2949.1200000006443,3278,32768,29490,32768,0.099999999999942482,0.10000000000000001,0.10000000000000001,0,0,3278,0,1,1,1,1,1
windows_msvc_cpu,cpu,32,isolated,1,1,1,1,3,1,0.056706246829201917,-0.57061116923671351,0.0056706246829199723,-0.057061116923674188,0.051035622146281948,-0.5135500523130393,0.049109751563788918,-0.51260368382305954,0.10000000000000489,2948.9999999984134,2654.1000000001673,3003,29490,26487,29490,0.099999999999946201,0.10000000000000001,0.10000000000000001,0,0,3003,0,1,1,1,1,1
windows_msvc_cpu,cpu,32,isolated,1,1,1,1,3,2,0.049109751563790924,-0.51260368382305965,0.0049109751563789026,-0.051260368382308061,0.044198776407412023,-0.46134331544075158,0.045279420354703115,-0.4606939753518004,0.10000000000000402,2648.6999999986865,2383.8299999997303,2664,26487,23823,26487,0.099999999999950406,0.10000000000000001,0.10000000000000001,0,0,2664,0,1,1,1,1,1
windows_msvc_cpu,cpu,32,isolated,1,1,1,1,3,3,0.045279420354704752,-0.46069397535180046,0.0045279420354703221,-0.046069397535180981,0.040751478319234431,-0.41462457781661949,0.041782122910283867,-0.4127760590070127,0.10000000000000196,2382.2999999989288,2144.0699999993426,2470,23823,21353,23823,0.099999999999955042,0.10000000000000001,0.10000000000000001,0,0,2470,0,1,1,1,1,1
windows_msvc_cpu,cpu,32,isolated,1,1,1,1,3,4,0.041782122910285109,-0.41277605900701275,0.0041782122910284016,-0.0412776059007013,0.037603910619256706,-0.37149845310631147,0.038374868555663327,-0.37150995532134634,0.10000000000000003,2135.2999999991534,1921.7699999993019,2125,21353,19228,21353,0.099999999999960357,0.10000000000000001,0.10000000000000001,0,0,2125,0,1,1,1,1,1
windows_msvc_cpu,cpu,32,isolated,1,1,1,1,3,5,0.038374868555664327,-0.37150995532134634,0.0038374868555663411,-0.037150995532134017,0.034537381700097985,-0.33435895978921232,0.034282026719848084,-0.33467325422129224,0.099999999999998326,1922.7999999993467,1730.5199999994759,1901,19228,17327,19228,0.099999999999966019,0.10000000000000001,0.10000000000000001,0,0,1901,0,1,1,1,1,1
windows_msvc_cpu,cpu,32,isolated,1,1,1,1,3,6,0.034282026719848743,-0.33467325422129229,0.0034282026719848224,-0.033467325422128012,0.03085382404786392,-0.3012059287991643,0.03040535133282805,-0.30239180857164377,0.099999999999996383,1732.6999999995196,1559.4299999996315,1684,17327,15643,17327,0.099999999999972278,0.10000000000000001,0.10000000000000001,0,0,1684,0,1,1,1,1,1
windows_msvc_cpu,cpu,32,isolated,1,1,1,1,3,7,0.030405351332828307,-0.30239180857164383,0.0030405351332828323,-0.03023918085716298,0.027364816199545474,-0.27215262771448084,0.027857052228834601,-0.27049190239463872,0.099999999999995398,1564.2999999996728,1407.8699999997693,1601,15643,14042,15643,0.099999999999979078,0.10000000000000001,0.10000000000000001,0,0,1601,0,1,1,1,1,1
windows_msvc_cpu,cpu,32,isolated,1,1,1,1,3,8,0.027857052228834875,-0.27049190239463872,0.0027857052228835153,-0.027049190239462863,0.025071347005951358,-0.24344271215517585,0.026212536940501692,-0.24244283048027998,0.099999999999996328,1404.1999999998184,1263.7799999999004,1414,14042,12628,14042,0.099999999999987071,0.10000000000000001,0.10000000000000001,0,0,1414,0,1,1,1,1,1
windows_msvc_cpu,cpu,32,isolated,1,1,1,1,3,9,0.026212536940501963,-0.24244283048028004,0.0026212536940502362,-0.024244283048027313,0.023591283246451725,-0.21819854743225273,0.022383359509341727,-0.21870056291234691,0.099999999999997202,1262.799999999947,1136.5200000000161,1260,12628,11368,12628,0.099999999999995801,0.10000000000000001,0.10000000000000001,0,0,1260,0,1,1,1,1,1
windows_msvc_cpu,cpu,32,isolated,1,1,1,1,3,10,0.022383359509342032,-0.21870056291234699,0.0022383359509342716,-0.0218700562912339,0.020145023558407762,-0.19683050662111309,0.020731768788819677,-0.19825603197341624,0.099999999999996411,1136.8000000000616,1023.1200000001181,1057,11368,10311,11368,0.10000000000000542,0.10000000000000001,0.10000000000000001,0,0,1057,0,1,1,1,1,1
windows_msvc_cpu,cpu,32,isolated,1,1,1,1,3,11,0.020731768788820045,-0.19825603197341635,0.0020731768788820777,-0.019825603197340742,0.018658591909937967,-0.17843042877607559,0.017823986752803288,-0.17764798481100633,0.099999999999995592,1031.1000000001577,927.99000000008448,1072,10311,9239,10311,0.1000000000000153,0.10000000000000001,0.10000000000000001,0,0,1072,0,1,1,1,1,1
windows_msvc_cpu,cpu,32,isolated,1,1,1,1,3,12,0.017823986752803667,-0.17764798481100644,0.0017823986752804441,-0.0177647984810997,0.016041588077523223,-0.15988318632990672,0.014800461577905094,-0.15869792753489229,0.099999999999994774,923.90000000014152,831.51000000005035,972,9239,8267,9239,0.10000000000001531,0.10000000000000001,0.10000000000000001,0,0,972,0,1,1,1,1,1
windows_msvc_cpu,cpu,32,isolated,1,1,1,1,3,13,0.014800461577905594,-0.15869792753489242,0.0014800461577906025,-0.015869792753488286,0.013320415420114992,-0.14282813478140413,0.01276169891769794,-0.14285009680273755,0.099999999999994066,826.70000000011942,744.03000000001941,825,8267,7442,8267,0.10000000000001444,0.10000000000000001,0.10000000000000001,0,0,825,0,1,1,1,1,1
windows_msvc_cpu,cpu,32,isolated,1,1,1,1,3,14,0.012761698917698417,-0.14285009680273769,0.0012761698917698769,-0.014285009680272808,0.01148552902592854,-0.12856508712246489,0.011903146668804373,-0.12847135157429462,0.099999999999993344,744.20000000010066,669.77999999999315,731,7442,6711,7442,0.10000000000001352,0.10000000000000001,0.10000000000000001,0,0,731,0,1,1,1,1,1
windows_msvc_cpu,cpu,32,isolated,1,1,1,1,3,15,0.011903146668804853,-0.12847135157429471,0.0011903146668804994,-0.01284713515742847,0.010712832001924353,-0.11562421641686624,0.0094936882531836443,-0.11521762667284863,0.099999999999992303,671.10000000008404,603.98999999996988,707,6711,6004,6711,0.10000000000001252,0.10000000000000001,0.10000000000000001,0,0,707,0,1,1,1,1,1
windows_msvc_cpu,cpu,32,isolated,1,1,1,1,3,16,0.0094936882531840884,-0.11521762667284872,0.00094936882531841855,-0.011521762667284016,0.0085443194278656698,-0.10369586400556471,0.0084295785934190362,-0.10364915170811714,0.099999999999992609,600.40000000006796,540.35999999994738,611,6004,5393,6004,0.10000000000001132,0.10000000000000001,0.10000000000000001,0,0,611,0,1,1,1,1,1
windows_msvc_cpu,cpu,32,isolated,1,1,1,1,3,17,0.0084295785934194681,-0.10364915170811727,0.00084295785934194805,-0.010364915170811067,0.0075866207340775198,-0.093284236537306206,0.0081361096410222204,-0.092598342877053305,0.099999999999993677,539.30000000005407,485.3699999999447,565,5393,4828,5393,0.10000000000001003,0.10000000000000001,0.10000000000000001,0,0,565,0,1,1,1,1,1
windows_msvc_cpu,cpu,32,isolated,1,1,1,1,3,18,0.0081361096410226107,-0.092598342877053444,0.00081361096410226231,-0.0092598342877048753,0.0073224986769203481,-0.083338508589348576,0.006946671722311535,-0.083267425895620542,0.099999999999994968,482.80000000004128,434.51999999995883,490,4828,4338,4828,0.10000000000000855,0.10000000000000001,0.10000000000000001,0,0,490,0,1,1,1,1,1
windows_msvc_cpu,cpu,32,isolated,1,1,1,1,3,19,0.0069466717223118915,-0.083267425895620764,0.00069466717223119106,-0.0083267425895617395,0.0062520045500807,-0.074940683306059019,0.0063714760722406059,-0.074902793444661123,0.099999999999995981,433.80000000003014,390.41999999997108,443,4338,3895,4338,0.10000000000000694,0.10000000000000001,0.10000000000000001,0,0,443,0,1,1,1,1,1
windows_msvc_cpu,cpu,32,isolated,1,1,1,1,3,20,0.0063714760722409364,-0.074902793444661359,0.00063714760722409264,-0.0074902793444659261,0.0057343284650168439,-0.067412514100195428,0.0057595343061407683,-0.067272777812603782,0.099999999999997216,389.50000000002007,350.54999999998216,411,3895,3484,3895,0.10000000000000515,0.10000000000000001,0.10000000000000001,0,0,411,0,1,1,1,1,1
windows_msvc_cpu,cpu,32,isolated,1,1,1,1,3,21,0.0057595343061410649,-0.067272777812604045,0.00057595343061410289,-0.006727277781260285,0.0051835808755269618,-0.060545500031343763,0.0052914139280459968,-0.060722947564974865,0.099999999999998229,348.40000000001072,313.55999999999244,339,3484,3145,3484,0.10000000000000307,0.10000000000000001,0.10000000000000001,0,0,339,0,1,1,1,1,1
windows_msvc_cpu,cpu,32,isolated,1,1,1,1,3,22,0.0052914139280462761,-0.060722947564975156,0.00052914139280462412,-0.0060722947564974582,0.0047622725352416519,-0.054650652808477695,0.0045426226401900707,-0.055224299121801303,0.099999999999999048,314.50000000000301,283.05000000000092,294,3145,2851,3145,0.10000000000000096,0.10000000000000001,0.10000000000000001,0,0,294,0,1,1,1,1,1
windows_msvc_cpu,cpu,32,isolated,1,1,1,1,3,23,0.0045426226401903275,-0.055224299121801539,0.00045426226401902716,-0.0055224299121801176,0.0040883603761712999,-0.04970186920962142,0.0039378356240342477,-0.049338522432874579,0.099999999999999353,285.09999999999633,256.59000000000827,305,2851,2546,2851,0.099999999999998715,0.10000000000000001,0.10000000000000001,0,0,305,0,1,1,1,1,1
windows_msvc_cpu,cpu,32,isolated,1,1,1,1,3,24,0.0039378356240344758,-0.049338522432874787,0.00039378356240344351,-0.0049338522432874812,0.0035440520616310321,-0.044404670189587304,0.0040589507105312714,-0.044205233247548915,0.10000000000000006,254.59999999998982,229.1400000000074,266,2546,2280,2546,0.099999999999995995,0.10000000000000001,0.10000000000000001,0,0,266,0,1,1,1,1,1
windows_msvc_cpu,cpu,32,isolated,1,1,1,1,3,25,0.0040589507105314761,-0.044205233247549068,0.00040589507105314354,-0.0044205233247549217,0.0036530556394783324,-0.039784709922794148,0.003871482326206023,-0.039929141462253188,0.10000000000000032,227.99999999999133,205.2000000000065,224,2280,2056,2280,0.099999999999996203,0.10000000000000001,0.10000000000000001,0,0,224,0,1,1,1,1,1
windows_msvc_cpu,cpu,32,isolated,1,1,1,1,3,26,0.0038714823262062069,-0.039929141462253286,0.00038714823262061778,-0.0039929141462253601,0.0034843340935855893,-0.035936227316027927,0.0038804443435748277,-0.036002701140973571,0.10000000000000077,205.5999999999926,185.04000000000573,205,2056,1851,2056,0.099999999999996397,0.10000000000000001,0.10000000000000001,0,0,205,0,1,1,1,1,1
windows_msvc_cpu,cpu,32,isolated,1,1,1,1,3,27,0.003880444343574989,-0.036002701140973634,0.0003880444343574963,-0.0036002701140973978,0.0034923999092174927,-0.032402431026876233,0.0039881865185310153,-0.032397730052743608,0.10000000000000095,185.09999999999377,166.59000000000503,179,1851,1672,1851,0.099999999999996633,0.10000000000000001,0.10000000000000001,0,0,179,0,1,1,1,1,1
windows_msvc_cpu,cpu,32,isolated,1,1,1,1,3,28,0.003988186518531168,-0.032397730052743642,0.00039881865185311408,-0.0032397730052744155,0.003589367866678054,-0.029157957047469228,0.003577025082986757,-0.028709537638134549,0.10000000000000153,167.19999999999479,150.48000000000442,182,1672,1490,1672,0.099999999999996883,0.10000000000000001,0.10000000000000001,0,0,182,0,1,1,1,1,1
windows_msvc_cpu,cpu,32,isolated,1,1,1,1,3,29,0.0035770250829868918,-0.028709537638134556,0.00035770250829868607,-0.002870953763813501,0.0032193225746882056,-0.025838583874321055,0.0031545473532977758,-0.025514909823956031,0.10000000000000155,148.99999999999582,134.1000000000038,164,1490,1326,1490,0.099999999999997202,0.10000000000000001,0.10000000000000001,0,0,164,0,1,1,1,1,1
windows_msvc_cpu,cpu,32,isolated,1,1,1,1,3,30,0.0031545473532978941,-0.025514909823956034,0.00031545473532978773,-0.0025514909823956375,0.0028390926179681065,-0.022963418841560397,0.0026329986927105488,-0.023192450319589747,0.10000000000000131,132.59999999999675,119.34000000000326,127,1326,1199,1326,0.099999999999997549,0.10000000000000001,0.10000000000000001,0,0,127,0,1,1,1,1,1
windows_msvc_cpu,cpu,32,isolated,1,1,1,1,3,31,0.0026329986927106567,-0.02319245031958975,0.00026329986927106424,-0.0023192450319589994,0.0023696988234395925,-0.020873205287630751,0.0021992438514434449,-0.020744032282521814,0.10000000000000102,119.89999999999746,107.91000000000282,126,1199,1073,1199,0.099999999999997882,0.10000000000000001,0.10000000000000001,0,0,126,0,1,1,1,1,1
windows_msvc_cpu,cpu,32,coupled,1,1,1,1,3,0,0.062500000000003025,-0.63457314922558761,0.0045998988744775518,-0.046703557038341573,0.057900101125525474,-0.58786959218724599,0.05847171486219202,-0.58667153591729015,0.073598381991638095,2173.1825583679374,2016.1216419197531,2228,32768,30540,32768,0.066320268504880903,0.050384456578576625,0.10000000000000001,0.11493330288820706,0.17513646154395418,2228,0,1,1,1,1,1
windows_msvc_cpu,cpu,32,coupled,1,1,1,1,3,1,0.058471714862194532,-0.58667153591729027,0.0022098466027069652,-0.02247396447413752,0.05626186825948757,-0.56419757144315275,0.055382841653528685,-0.56412442808249019,0.038302519004515437,867.11509845246565,816.41550666920807,873,30540,29667,30540,0.028392766812457945,0.0073984454592224058,0.089629329592593815,0.43466757808031348,0.66527530878154817,873,0,1,1,1,1,1
windows_msvc_cpu,cpu,32,coupled,1,1,1,1,3,2,0.055382841653531113,-0.56412442808249019,0.0005629568683810038,-0.0057377246554012442,0.054819884785150111,-0.55838670342708896,0.055003771998161519,-0.55766478473456971,0.010170967554322737,210.53010389901559,206.28479251997254,230,29667,29437,29667,0.0070964406208587176,0.00047229262571996876,0.052792038980751091,0.88637801027380292,1.368242344465592,230,0,1,1,1,1,1
windows_msvc_cpu,cpu,32,coupled,1,1,1,1,3,3,0.055003771998163954,-0.55766478473456971,0.00013767107177254973,-0.0013974240208371577,0.054866100926391402,-0.55626736071373251,0.054871121441311843,-0.55593840945461415,0.0025058214539169761,51.365923914089628,51.140379627773569,64,29437,29373,29437,0.0017449442509117651,2.6270494438559795e-05,0.01616877759030293,1.2738966086139545,2.1063972300641445,64,0,1,1,1,1,1
windows_msvc_cpu,cpu,32,coupled,1,1,1,1,3,4,0.054871121441314272,-0.55593840945461415,0.00014150503136277796,-0.0014523021327592471,0.054729616409951491,-0.55448610732185488,0.054842910973032906,-0.55470948106670048,0.0026120205526521719,51.943740433852241,51.679444166023401,46,29373,29327,29373,0.0017684179496085602,6.7423268839735695e-06,0.015419698430855298,1.3506466889695485,2.4538767087499198,46,0,1,1,1,1,1
windows_msvc_cpu,cpu,32,coupled,1,1,1,1,3,5,0.054842910973035335,-0.55470948106670048,0.00039541781425251655,-0.0040522648978089651,0.05444749315878282,-0.55065721616889152,0.054217584922486246,-0.55084208202182194,0.0073042806546767718,143.78546212225754,141.41118869427498,136,29327,29191,29327,0.0049028356845997731,1.6854701717863837e-05,0.036001410491527164,1.1307229822427893,2.2197888000490638,136,0,1,1,1,1,1
windows_msvc_cpu,cpu,32,coupled,1,1,1,1,3,6,0.054217584922488647,-0.55084208202182194,0.0010345911207851014,-0.010638524983568948,0.053182993801703549,-0.54020355703825296,0.053439816171091378,-0.5403293241583238,0.019310986672195836,402.75496852736688,389.02829292618634,395,29191,28796,29191,0.013797230945406696,0.00024552373647171531,0.063031377925491003,0.72528252363061063,1.5353864267495438,395,0,1,1,1,1,1
windows_msvc_cpu,cpu,32,coupled,1,1,1,1,3,7,0.053439816171093758,-0.5403293241583238,0.001948273039526983,-0.019954404303200359,0.051491543131566772,-0.52037491985512341,0.05216299054161172,-0.51919089992545042,0.036925498933001344,871.12421738658963,832.71222159536376,913,28796,27883,28796,0.030251570266238006,0.0040829601361431741,0.083486786961709025,0.3695905201321088,0.81715184218625869,913,0,1,1,1,1,1
windows_msvc_cpu,cpu,32,coupled,1,1,1,1,3,8,0.052162990541613982,-0.51919089992545053,0.0026549585970262455,-0.026380899318840998,0.049508031944587735,-0.49281000060660951,0.049871654776526442,-0.49104500267453222,0.050812416976599953,1313.6450346358565,1246.3096939728607,1389,27883,26494,27883,0.047112758119135546,0.018801426011201841,0.091666278152440162,0.20245713271236954,0.42698755797074617,1389,0,1,1,1,1,1
windows_msvc_cpu,cpu,32,coupled,1,1,1,1,3,9,0.049871654776528482,-0.49104500267453222,0.0029629256786409537,-0.028809801442902312,0.046908729097887528,-0.46223520123162992,0.047552445844415168,-0.4627686280970863,0.058677950736973843,1567.3172713704171,1467.641875794272,1557,26494,24937,26494,0.059157442114079306,0.016231186370907397,0.096000287417117774,0.14493983511415542,0.46454441135377766,1557,0,1,1,1,1,1
windows_msvc_cpu,cpu,32,coupled,1,1,1,1,3,10,0.04755244584441707,-0.46276862809708635,0.0027095015161618372,-0.02623061482752741,0.044842944328255231,-0.43653801326955893,0.045149084146063882,-0.43731832915694369,0.056685027416695608,1437.3372227473258,1344.6545317125203,1400,24937,23537,24937,0.057638738530991128,0.011170296807334432,0.096470882805422459,0.15916510230912101,0.56001565968417732,1400,0,1,1,1,1,1
windows_msvc_cpu,cpu,32,coupled,1,1,1,1,3,11,0.045149084146065631,-0.43731832915694374,0.0022789960689532512,-0.021887379776910083,0.04287008807711238,-0.41543094938003367,0.042402964364407547,-0.41582768775390172,0.050053593695217495,1124.7891686452874,1067.2692145675956,1107,23537,22430,23537,0.047788127996145957,0.018157257603495087,0.092581893739860754,0.19677669292297872,0.43589460946266528,1107,0,1,1,1,1,1
windows_msvc_cpu,cpu,32,coupled,1,1,1,1,3,12,0.042402964364409088,-0.41582768775390178,0.0014469941467034847,-0.014096925510878896,0.040955970217705605,-0.4017307622430229,0.039550472450506489,-0.40130903977528981,0.033903187101988183,711.58341352420291,680.00398437459899,732,22430,21698,22430,0.031724628333669326,0.0021044916969113108,0.078332812791877593,0.35401635934589093,0.98647862986671009,732,0,1,1,1,1,1
windows_msvc_cpu,cpu,32,coupled,1,1,1,1,3,13,0.039550472450507766,-0.40130903977528987,0.00067255301985271506,-0.0070981774622401643,0.03887791943065505,-0.39421086231304969,0.038791331003423107,-0.39350910234512909,0.017680992880878335,358.94743270335204,346.67949553548834,381,21698,21317,21698,0.016542881035272929,0.00016292286113309232,0.068018214813446651,0.6499359618520163,1.640167924145594,381,0,1,1,1,1,1
windows_msvc_cpu,cpu,32,coupled,1,1,1,1,3,14,0.038791331003424342,-0.39350910234512915,0.00035547039572306102,-0.0037095668459745947,0.03843586060770128,-0.38979953549915453,0.038361029369022838,-0.38998758613250972,0.0094243561643561589,164.2724076833999,161.53022713128507,163,21317,21154,21317,0.0077061691459117095,1.648741197927739e-05,0.04288411510637799,0.94512253858379425,2.2254179172011384,163,0,1,1,1,1,1
windows_msvc_cpu,cpu,32,coupled,1,1,1,1,3,15,0.038361029369024059,-0.38998758613250978,0.00033940958736382228,-0.0034716009879906138,0.038021619781660236,-0.38651598514451918,0.03805385961811894,-0.38651589499733613,0.0089013063518675363,133.80675901259215,131.35404626254422,129,21154,21025,21154,0.0063253644233994587,7.1930136803225782e-06,0.049082637178108818,1.0689260449415989,2.4373450745444267,129,0,1,1,1,1,1
windows_msvc_cpu,cpu,32,coupled,1,1,1,1,3,16,0.038053859618120092,-0.38651589499733618,0.00047770536789703492,-0.0049197482230680769,0.037576154250223058,-0.38159614677426812,0.037479532945186925,-0.38166491212133147,0.012726769470867452,196.8851199125094,192.31784763909016,205,21025,20820,21025,0.0093643338840670338,4.2003725033276239e-05,0.057465372524523287,0.87860802730007581,1.9864918678564374,205,0,1,1,1,1,1
windows_msvc_cpu,cpu,32,coupled,1,1,1,1,3,17,0.037479532945188063,-0.38166491212133152,0.00079934437457771131,-0.0083861310552997559,0.036680188570610353,-0.37327878106603174,0.036959699099120724,-0.37304256198301344,0.021966336229510434,380.32070224182286,368.78674034876781,398,20820,20422,20820,0.018267084641778234,0.00055869788250238587,0.062363858793033994,0.54889685071616312,1.3253171318169803,398,0,1,1,1,1,1
windows_msvc_cpu,cpu,32,coupled,1,1,1,1,3,18,0.036959699099121862,-0.37304256198301344,0.0014629546695043322,-0.015037652159856703,0.035496744429617533,-0.35800490982315675,0.034821589636529052,-0.35739552681647069,0.040303741096713724,745.66364190711727,713.66217544860683,792,20422,19630,20422,0.03651276280027016,0.0056455874688969166,0.080784139992839898,0.28268706830024781,0.73435919300814401,792,0,1,1,1,1,1
windows_msvc_cpu,cpu,32,coupled,1,1,1,1,3,19,0.034821589636529954,-0.3573955268164708,0.0019847718800698072,-0.019702055948038966,0.032836817756460149,-0.33769347086843182,0.032836350946386671,-0.33722740640425192,0.05514435528959423,1039.4068404050597,982.49710248326085,1079,19630,18551,19630,0.052949915456192549,0.020394162899120192,0.085221804456251438,0.16686671217416887,0.40621198014987625,1079,0,1,1,1,1,1
windows_msvc_cpu,cpu,32,coupled,1,1,1,1,3,20,0.032836350946387288,-0.33722740640425192,0.0018946597645291391,-0.019131479888545005,0.03094169118185815,-0.31809592651570689,0.031594775404435629,-0.31852745863312937,0.056740782867632261,1028.8883852406293,968.70559637000201,1012,18551,17539,18551,0.05546269124255454,0.013455581025858102,0.087948401568606185,0.1587098707177107,0.51245948386743856,1012,0,1,1,1,1,1
windows_msvc_cpu,cpu,32,coupled,1,1,1,1,3,21,0.031594775404436004,-0.31852745863312937,0.0020039911555062941,-0.020734362519346249,0.029590784248929709,-0.29779309611378313,0.030180360774656672,-0.29787863150463928,0.065078190961146629,1117.6478790779524,1044.3697263848469,1115,17539,16424,17539,0.063723580539252658,0.022506288407526331,0.090986411728665034,0.11912334124546821,0.38103427295879344,1115,0,1,1,1,1,1
windows_msvc_cpu,cpu,32,coupled,1,1,1,1,3,22,0.03018036077465696,-0.29787863150463934,0.0019539819742038561,-0.019950741965022233,0.028226378800453103,-0.27792788953961711,0.028911127380790061,-0.27756195427498692,0.066953391154018382,1097.5937041553398,1022.9230033605985,1121,16424,15303,16424,0.06682864735480637,0.030083343023668919,0.089539540975552723,0.10544501484561873,0.30689644517389209,1121,0,1,1,1,1,1
windows_msvc_cpu,cpu,32,coupled,1,1,1,1,3,23,0.028911127380790366,-0.27756195427498692,0.0015540242265315095,-0.014354097476252574,0.027357103154258856,-0.26320785679873437,0.026600164945334036,-0.26370256107271106,0.051736793085110332,769.48436855246075,728.50481077653569,779,15303,14524,15303,0.050283236525678676,0.017008960414689092,0.0860506330364222,0.18371965982997451,0.45258590765822343,779,0,1,1,1,1,1
windows_msvc_cpu,cpu,32,coupled,1,1,1,1,3,24,0.026600164945334348,-0.26370256107271112,0.00088705011886621398,-0.0079115912406395386,0.025713114826468136,-0.25579096983207156,0.026087531619164585,-0.25619438947938677,0.030035649650126128,369.53742546838595,357.05478251925359,341,14524,14183,14524,0.025443226760423158,0.0018896883821403047,0.080231301967643109,0.39536880996375529,1.0139854003051059,341,0,1,1,1,1,1
windows_msvc_cpu,cpu,32,coupled,1,1,1,1,3,25,0.02608753161916489,-0.25619438947938683,0.00054372268415911777,-0.004852308380241881,0.025543808935005772,-0.25134208109914496,0.025754700460219691,-0.25209829650549309,0.018959469889255572,199.10592562422286,193.44459866500827,175,14183,14008,14183,0.014038350534035314,0.00022087248764460386,0.068076184972737222,0.6355088983185665,1.5624195273669113,175,0,1,1,1,1,1
windows_msvc_cpu,cpu,32,coupled,1,1,1,1,3,26,0.025754700460220006,-0.25209829650549315,0.00044477168939892347,-0.0038987899068413348,0.025309928770821083,-0.24819950659865181,0.025286112550440092,-0.24859569317126451,0.015483991621707863,163.04303651817986,159.45056236358121,147,14008,13861,14008,0.0116392801626342,0.00011939172600598635,0.064864866570615548,0.68843902176049032,1.7195918953321445,147,0,1,1,1,1,1
windows_msvc_cpu,cpu,32,coupled,1,1,1,1,3,27,0.025286112550440405,-0.24859569317126459,0.00054551240924229506,-0.0045166581074024686,0.02474060014119811,-0.24407903506386214,0.02488155259049217,-0.24395882227517973,0.018203556887838056,213.44080469223834,208.64795616024074,223,13861,13638,13861,0.015398658443996707,0.00023204931443582545,0.059958899782094788,0.56354607542752577,1.5498073367446772,223,0,1,1,1,1,1
windows_msvc_cpu,cpu,32,coupled,1,1,1,1,3,28,0.024881552590492496,-0.24395882227517979,0.00090302171886527888,-0.0076141724363692972,0.023978530871627216,-0.23634464983881048,0.024167261344212723,-0.23628841561678038,0.031263210535388067,396.68740254402752,382.56848799310586,407,13638,13231,13638,0.029086919089604597,0.0018377361400029593,0.068224837616850109,0.35923941362766482,1.0211078700759419,407,0,1,1,1,1,1
windows_msvc_cpu,cpu,32,coupled,1,1,1,1,3,29,0.02416726134421306,-0.23628841561678043,0.0011094003946649541,-0.010402711090100892,0.023057860949548106,-0.22588570452667955,0.02350162029596195,-0.2253971533146541,0.044044939664799151,557.44428173795382,531.94021295234472,585,13231,12646,13231,0.042131681788069975,0.0079870514989630447,0.074914718315909193,0.23462877302854665,0.64571695705033427,585,0,1,1,1,1,1
windows_msvc_cpu,cpu,32,coupled,1,1,1,1,3,30,0.02350162029596228,-0.22539715331465418,0.0010074301817243211,-0.010455167930663926,0.02249419011423796,-0.21494198538399026,0.022580599567702041,-0.21400228722656475,0.046347689221052348,556.83445124272032,531.01158680663809,590,12646,12056,12646,0.044032457001638485,0.011490962611831267,0.079045347372585784,0.21693359489900846,0.55278455499903845,590,0,1,1,1,1,1
windows_msvc_cpu,cpu,32,coupled,1,1,1,1,3,31,0.022580599567702409,-0.21400228722656484,0.0009559942225866461,-0.010607150665544806,0.021624605345115764,-0.20339513656102004,0.021620381661084556,-0.20327943315500388,0.0494860007049076,560.68363880257891,531.6685816296042,578,12056,11478,12056,0.046506605740094471,0.008100089216656732,0.085142338465229367,0.21271850081508792,0.64212642572844192,578,0,1,1,1,1,1
windows_msvc_cpu,cpu,32,isolated,2,1,1,1,3,0,0.062500000000003025,-0.63457314922558761,0.0062500000000000394,-0.06345731492256329,0.056250000000002985,-0.57111583430302426,0.05774277345905944,-0.57050305658530576,0.10000000000000701,3276.7999999981153,2949.1200000006443,3301,32768,29467,32768,0.099999999999942482,0.10000000000000001,0.10000000000000001,0,0,3301,0,1,1,1,1,1
windows_msvc_cpu,cpu,32,isolated,2,1,1,1,3,1,0.057742773459062008,-0.57050305658530587,0.0057742773459059918,-0.057050305658533355,0.051968496113156015,-0.51345275092677256,0.050488359332377143,-0.51241479482800933,0.10000000000000478,2946.6999999984155,2652.0300000001639,3019,29467,26448,29467,0.099999999999946229,0.10000000000000001,0.10000000000000001,0,0,3019,0,1,1,1,1,1
windows_msvc_cpu,cpu,32,isolated,2,1,1,1,3,2,0.050488359332379253,-0.51241479482800945,0.0050488359332377551,-0.051241479482802749,0.0454395233991415,-0.46117331534520667,0.045249232183043421,-0.46085999499801811,0.10000000000000346,2644.7999999986901,2380.3199999997246,2648,26448,23800,26448,0.099999999999950476,0.10000000000000001,0.10000000000000001,0,0,2648,0,1,1,1,1,1
windows_msvc_cpu,cpu,32,isolated,2,1,1,1,3,3,0.045249232183045093,-0.46085999499801816,0.0045249232183043643,-0.046085999499802952,0.040724308964740732,-0.4147739954982152,0.040865253673786676,-0.41562433309683533,0.10000000000000239,2379.9999999989309,2141.9999999993393,2364,23800,21436,23800,0.099999999999955083,0.10000000000000001,0.10000000000000001,0,0,2364,0,1,1,1,1,1
windows_msvc_cpu,cpu,32,isolated,2,1,1,1,3,4,0.040865253673787842,-0.41562433309683539,0.0040865253673786793,-0.041562433309683885,0.036778728306409166,-0.37406189978715149,0.036748713458652764,-0.37348526306002527,0.10000000000000081,2143.5999999991459,1929.2399999992952,2179,21436,19257,21436,0.099999999999960162,0.10000000000000001,0.10000000000000001,0,0,2179,0,1,1,1,1,1
windows_msvc_cpu,cpu,32,isolated,2,1,1,1,3,5,0.036748713458653721,-0.37348526306002533,0.0036748713458652953,-0.03734852630600205,0.033073842112788424,-0.33613673675402328,0.033284040965896544,-0.3353780456624143,0.099999999999998687,1925.6999999993441,1733.1299999994735,1953,19257,17304,19257,0.099999999999965936,0.10000000000000001,0.10000000000000001,0,0,1953,0,1,1,1,1,1
windows_msvc_cpu,cpu,32,isolated,2,1,1,1,3,6,0.033284040965897085,-0.33537804566241436,0.0033284040965897055,-0.033537804566240288,0.02995563686930738,-0.30184024109617408,0.030591810093328588,-0.30041896579847327,0.099999999999996605,1730.3999999995217,1557.3599999996334,1791,17304,15513,17304,0.099999999999972361,0.10000000000000001,0.10000000000000001,0,0,1791,0,1,1,1,1,1
windows_msvc_cpu,cpu,32,isolated,2,1,1,1,3,7,0.030591810093328807,-0.30041896579847327,0.0030591810093329149,-0.030041896579845913,0.027532629083995893,-0.27037706921862736,0.026553911960222318,-0.27039996827541352,0.09999999999999537,1551.2999999996846,1396.16999999978,1594,15513,13919,15513,0.099999999999979675,0.10000000000000001,0.10000000000000001,0,0,1594,0,1,1,1,1,1
windows_msvc_cpu,cpu,32,isolated,2,1,1,1,3,8,0.026553911960222588,-0.27039996827541357,0.0026553911960223234,-0.027039996827540404,0.023898520764200265,-0.24335997144787316,0.024395557379261728,-0.24219740333256609,0.099999999999996536,1391.8999999998296,1252.7099999999105,1412,13919,12507,13919,0.099999999999987751,0.10000000000000001,0.10000000000000001,0,0,1412,0,1,1,1,1,1
windows_msvc_cpu,cpu,32,isolated,2,1,1,1,3,9,0.024395557379262019,-0.24219740333256615,0.0024395557379262721,-0.024219740333255923,0.021956001641335748,-0.21797766299931023,0.022040768712828986,-0.21771829850883187,0.099999999999997216,1250.699999999958,1125.630000000026,1243,12507,11264,12507,0.099999999999996647,0.10000000000000001,0.10000000000000001,0,0,1243,0,1,1,1,1,1
windows_msvc_cpu,cpu,32,isolated,2,1,1,1,3,10,0.022040768712829346,-0.21771829850883195,0.0022040768712830064,-0.021771829850882447,0.01983669184154634,-0.19594646865794951,0.020272115148073415,-0.1967322623152315,0.099999999999996633,1126.400000000071,1013.7600000001148,1070,11264,10194,11264,0.10000000000000631,0.10000000000000001,0.10000000000000001,0,0,1070,0,1,1,1,1,1
windows_msvc_cpu,cpu,32,isolated,2,1,1,1,3,11,0.020272115148073842,-0.19673226231523158,0.0020272115148074485,-0.019673226231522373,0.018244903633266394,-0.17705903608370921,0.018680536015883282,-0.17686293277927109,0.099999999999996078,1019.4000000001632,917.46000000008075,1008,10194,9186,10194,0.10000000000001601,0.10000000000000001,0.10000000000000001,0,0,1008,0,1,1,1,1,1
windows_msvc_cpu,cpu,32,isolated,2,1,1,1,3,12,0.018680536015883726,-0.17686293277927118,0.0018680536015884288,-0.017686293277926254,0.016812482414295296,-0.15917663950134492,0.016277258520939294,-0.15910552137148037,0.09999999999999519,918.60000000014031,826.74000000004867,941,9186,8245,9186,0.10000000000001527,0.10000000000000001,0.10000000000000001,0,0,941,0,1,1,1,1,1
windows_msvc_cpu,cpu,32,isolated,2,1,1,1,3,13,0.016277258520939798,-0.15910552137148051,0.0016277258520940123,-0.015910552137147139,0.014649532668845786,-0.14319496923433336,0.015245482872847889,-0.14280426521503717,0.099999999999994357,824.50000000011892,742.05000000001871,834,8245,7411,8245,0.10000000000001442,0.10000000000000001,0.10000000000000001,0,0,834,0,1,1,1,1,1
windows_msvc_cpu,cpu,32,isolated,2,1,1,1,3,14,0.015245482872848392,-0.14280426521503731,0.0015245482872848638,-0.01428042652150276,0.013720934585563529,-0.12852383869353454,0.012484516289013528,-0.12911996775301068,0.099999999999993316,741.10000000009995,666.98999999999216,733,7411,6678,7411,0.10000000000001348,0.10000000000000001,0.10000000000000001,0,0,733,0,1,1,1,1,1
windows_msvc_cpu,cpu,32,isolated,2,1,1,1,3,15,0.012484516289014015,-0.12911996775301079,0.001248451628901416,-0.012911996775300085,0.011236064660112599,-0.11620797097771071,0.011395654227247138,-0.11577616124823871,0.099999999999992373,667.80000000008329,601.01999999996883,707,6678,5971,6678,0.10000000000001247,0.10000000000000001,0.10000000000000001,0,0,707,0,1,1,1,1,1
windows_msvc_cpu,cpu,32,isolated,2,1,1,1,3,16,0.011395654227247568,-0.11577616124823885,0.0011395654227247701,-0.011577616124823052,0.010256088804522797,-0.10419854512341579,0.010073791142855589,-0.10451035756690452,0.099999999999992872,597.10000000006721,537.38999999994633,588,5971,5383,5971,0.10000000000001126,0.10000000000000001,0.10000000000000001,0,0,588,0,1,1,1,1,1
windows_msvc_cpu,cpu,32,isolated,2,1,1,1,3,17,0.010073791142855995,-0.10451035756690466,0.0010073791142856151,-0.0104510357566898,0.0090664120285703798,-0.094059321810214855,0.0091040837335259646,-0.094200733599371422,0.099999999999993705,538.30000000005384,484.46999999994495,544,5383,4839,5383,0.10000000000001,0.10000000000000001,0.10000000000000001,0,0,544,0,1,1,1,1,1
windows_msvc_cpu,cpu,32,isolated,2,1,1,1,3,18,0.009104083733526348,-0.094200733599371589,0.00091040837335264147,-0.0094200733599366527,0.0081936753601737061,-0.084780660239434938,0.009096368548489997,-0.08497957903125071,0.099999999999994676,483.90000000004153,435.50999999995855,487,4839,4352,4839,0.10000000000000858,0.10000000000000001,0.10000000000000001,0,0,487,0,1,1,1,1,1
windows_msvc_cpu,cpu,32,isolated,2,1,1,1,3,19,0.0090963685484903335,-0.084979579031250946,0.00090963685484904183,-0.0084979579031247351,0.0081867316936412911,-0.076481621128126204,0.0080119551264406681,-0.075746516791603741,0.099999999999995828,435.20000000003046,391.67999999997073,477,4352,3875,4352,0.100000000000007,0.10000000000000001,0.10000000000000001,0,0,477,0,1,1,1,1,1
windows_msvc_cpu,cpu,32,isolated,2,1,1,1,3,20,0.0080119551264409925,-0.075746516791603949,0.00080119551264410261,-0.0075746516791601872,0.0072107596137968898,-0.068171865112443761,0.0066117506760234018,-0.067919786067724752,0.099999999999997299,387.50000000001961,348.74999999998266,410,3875,3465,3875,0.10000000000000506,0.10000000000000001,0.10000000000000001,0,0,410,0,1,1,1,1,1
windows_msvc_cpu,cpu,32,isolated,2,1,1,1,3,21,0.0066117506760236897,-0.067919786067725002,0.00066117506760236561,-0.0067919786067723847,0.0059505756084213242,-0.061127807460952616,0.0066794430919370103,-0.06074146457563985,0.099999999999998326,346.50000000001029,311.84999999999292,366,3465,3099,3465,0.10000000000000298,0.10000000000000001,0.10000000000000001,0,0,366,0,1,1,1,1,1
windows_msvc_cpu,cpu,32,isolated,2,1,1,1,3,22,0.006679443091937267,-0.060741464575640128,0.00066794430919372581,-0.0060741464575639623,0.0060114987827435415,-0.054667318118076166,0.0064510822672318516,-0.054911082426959808,0.099999999999999173,309.90000000000197,278.91000000000207,313,3099,2786,3099,0.10000000000000063,0.10000000000000001,0.10000000000000001,0,0,313,0,1,1,1,1,1
windows_msvc_cpu,cpu,32,isolated,2,1,1,1,3,23,0.0064510822672320788,-0.054911082426960064,0.00064510822672320545,-0.0054911082426959733,0.0058059740405088734,-0.049419974184264089,0.0053589853700427847,-0.048958998999498925,0.099999999999999409,278.59999999999485,250.74000000000822,308,2786,2478,2786,0.099999999999998146,0.10000000000000001,0.10000000000000001,0,0,308,0,1,1,1,1,1
windows_msvc_cpu,cpu,32,isolated,2,1,1,1,3,24,0.0053589853700429981,-0.048958998999499126,0.00053589853700429469,-0.0048958998999499041,0.004823086833038703,-0.044063099099549224,0.0049714103824945212,-0.043639167669021546,0.099999999999999825,247.79999999999021,223.02000000000717,269,2478,2209,2478,0.09999999999999605,0.10000000000000001,0.10000000000000001,0,0,269,0,1,1,1,1,1
windows_msvc_cpu,cpu,32,isolated,2,1,1,1,3,25,0.0049714103824947068,-0.043639167669021699,0.00049714103824946554,-0.0043639167669021874,0.0044742693442452412,-0.039275250902119509,0.0046499747902600912,-0.039604908016831315,0.10000000000000038,220.89999999999173,198.81000000000626,201,2209,2008,2209,0.099999999999996259,0.10000000000000001,0.10000000000000001,0,0,201,0,1,1,1,1,1
windows_msvc_cpu,cpu,32,isolated,2,1,1,1,3,26,0.004649974790260262,-0.039604908016831399,0.0004649974790260225,-0.0039604908016831787,0.0041849773112342392,-0.035644417215148216,0.0041435187120071031,-0.035652045717841883,0.10000000000000095,200.79999999999288,180.72000000000557,201,2008,1807,2008,0.099999999999996453,0.10000000000000001,0.10000000000000001,0,0,201,0,1,1,1,1,1
windows_msvc_cpu,cpu,32,isolated,2,1,1,1,3,27,0.0041435187120072619,-0.03565204571784196,0.00041435187120072384,-0.0035652045717842386,0.003729166840806538,-0.032086841146057719,0.0038293944624593276,-0.03153774346036621,0.10000000000000119,180.69999999999402,162.63000000000488,201,1807,1606,1807,0.099999999999996689,0.10000000000000001,0.10000000000000001,0,0,201,0,1,1,1,1,1
windows_msvc_cpu,cpu,32,isolated,2,1,1,1,3,28,0.0038293944624594712,-0.031537743460366238,0.00038293944624594498,-0.0031537743460366774,0.0034464550162135264,-0.028383969114329562,0.0037449496497770165,-0.028445287229510157,0.10000000000000166,160.59999999999516,144.5400000000042,161,1606,1445,1606,0.099999999999996994,0.10000000000000001,0.10000000000000001,0,0,161,0,1,1,1,1,1
windows_msvc_cpu,cpu,32,isolated,2,1,1,1,3,29,0.0037449496497771392,-0.028445287229510171,0.00037449496497771282,-0.0028445287229510599,0.0033704546847994265,-0.025600758506559112,0.0032363356929085603,-0.025906376717730419,0.10000000000000148,144.49999999999608,130.05000000000365,129,1445,1316,1445,0.099999999999997286,0.10000000000000001,0.10000000000000001,0,0,129,0,1,1,1,1,1
windows_msvc_cpu,cpu,32,isolated,2,1,1,1,3,30,0.0032363356929086748,-0.025906376717730429,0.00032363356929086693,-0.0025906376717730784,0.0029127021236178079,-0.023315739045957351,0.0033491700117991648,-0.023448812440368332,0.10000000000000137,131.59999999999681,118.44000000000322,119,1316,1197,1316,0.099999999999997577,0.10000000000000001,0.10000000000000001,0,0,119,0,1,1,1,1,1
windows_msvc_cpu,cpu,32,isolated,2,1,1,1,3,31,0.003349170011799271,-0.023448812440368342,0.00033491700117992644,-0.0023448812440368567,0.0030142530106193445,-0.021103931196331485,0.0031660946102044321,-0.020917152843954172,0.10000000000000094,119.69999999999747,107.73000000000282,129,1197,1068,1197,0.099999999999997882,0.10000000000000001,0.10000000000000001,0,0,129,0,1,1,1,1,1
windows_msvc_cpu,cpu,32,coupled,2,1,1,1,3,0,0.062500000000003025,-0.63457314922558761,0.0045998988744775518,-0.046703557038341573,0.057900101125525474,-0.58786959218724599,0.059497353429723801,-0.5880268958128817,0.073598381991638095,2173.1825583679374,2016.1216419197531,2152,32768,30616,32768,0.066320268504880903,0.050384456578576625,0.10000000000000001,0.11493330288820706,0.17513646154395418,2152,0,1,1,1,1,1
windows_msvc_cpu,cpu,32,coupled,2,1,1,1,3,1,0.059497353429726431,-0.5880268958128817,0.002233911241857517,-0.022514356290679514,0.057263442187868913,-0.56551253952220215,0.056751887392357744,-0.56512912073064903,0.038280455202151377,868.20896950835208,817.29611757589237,884,30616,29732,30616,0.028358014420837213,0.0073984454592224058,0.090486734946200326,0.43570541020779946,0.66527530878154817,884,0,1,1,1,1,1
windows_msvc_cpu,cpu,32,coupled,2,1,1,1,3,2,0.056751887392360256,-0.56512912073064914,0.00056812363676499362,-0.0057497004374097707,0.056183763755595265,-0.55937942029323939,0.056180053748762428,-0.55913899850550541,0.010172503642045666,210.73166843155866,206.48575028704198,222,29732,29510,29732,0.0070877057860742184,0.00047114906083892545,0.047438270402372855,0.88821781510564246,1.3688617185258367,222,0,1,1,1,1,1
windows_msvc_cpu,cpu,32,coupled,2,1,1,1,3,3,0.056180053748764926,-0.55913899850550541,0.00013999760370846746,-0.0013869678897011572,0.056040056145056458,-0.55775203061580425,0.056017276226097854,-0.55768924415137655,0.0024806561801491377,50.934800565341426,50.715184859513883,54,29510,29456,29510,0.001726018318039357,2.7462168641971741e-05,0.014202581819111777,1.2772009416207724,2.0950628585478888,54,0,1,1,1,1,1
windows_msvc_cpu,cpu,32,coupled,2,1,1,1,3,4,0.056017276226100352,-0.55768924415137655,0.00014560912036603481,-0.0014375383480659709,0.055871667105734317,-0.55625170580331063,0.055974957060502269,-0.55590895555124376,0.0025778857971819427,51.400629015515335,51.142615882460134,64,29456,29392,29456,0.001744996911173117,7.5221510004333453e-06,0.013782126093311848,1.3548396240280254,2.4259138831873615,64,0,1,1,1,1,1
windows_msvc_cpu,cpu,32,coupled,2,1,1,1,3,5,0.055974957060504774,-0.55590895555124376,0.00040500372617308599,-0.0040178006580921296,0.055569953334331686,-0.55189115489315166,0.055514552929140155,-0.55120460820680428,0.0072275239722398611,142.51297363118553,140.17283323992865,165,29392,29227,29392,0.0048486994294769164,1.9676470633105061e-05,0.034243423211820001,1.1356113987401686,2.1802402231684508,165,0,1,1,1,1,1
windows_msvc_cpu,cpu,32,coupled,2,1,1,1,3,6,0.055514552929142633,-0.55120460820680428,0.0010579692917249616,-0.010574471957708161,0.05445658363741767,-0.54063013624909617,0.054826491778130898,-0.54033500734698769,0.019183022162612244,399.9318882592317,386.30942963847639,404,29227,28823,29227,0.013683644857810644,0.00029476484663145731,0.062345396857052642,0.72920859519267445,1.4886865323864296,404,0,1,1,1,1,1
windows_msvc_cpu,cpu,32,coupled,2,1,1,1,3,7,0.054826491778133285,-0.54033500734698769,0.0020214210581782112,-0.019961018321913934,0.052805070719955077,-0.52037398902507381,0.053237983028777969,-0.52060765944417442,0.036941191645046403,870.7508661826746,832.25217413490373,868,28823,27955,28823,0.030210278811458716,0.0045734587242083138,0.079734672853212604,0.37038287226871253,0.78816692959639989,868,0,1,1,1,1,1
windows_msvc_cpu,cpu,32,coupled,2,1,1,1,3,8,0.053237983028780266,-0.52060765944417442,0.002751386196671559,-0.026595826351412118,0.05048659683210871,-0.49401183309276231,0.051863583664016041,-0.4917224367256578,0.051092277205139924,1322.1927868625301,1254.1168310464659,1369,27955,26586,27955,0.047297184291272762,0.019457437649650501,0.09064054281234124,0.20146038195337421,0.4182250364531509,1369,0,1,1,1,1,1
windows_msvc_cpu,cpu,32,coupled,2,1,1,1,3,9,0.051863583664018199,-0.49172243672565785,0.0031153848834542261,-0.029168556385311423,0.048748198780563974,-0.46255388034034645,0.048680763437113674,-0.46324643672327609,0.059327396962682362,1587.0891386311139,1485.3630857575563,1568,26586,25018,26586,0.059696424382423605,0.018166209235462496,0.093806809448619369,0.14242183513995191,0.43576868155503795,1568,0,1,1,1,1,1
windows_msvc_cpu,cpu,32,coupled,2,1,1,1,3,10,0.048680763437115651,-0.46324643672327609,0.0027414946552684208,-0.02657064146719109,0.045939268781847231,-0.43667579525608502,0.045156349583948603,-0.43688766173793814,0.057346087509233416,1455.788966906038,1360.9726761678419,1430,25018,23588,25018,0.05818966211951547,0.010339984939745736,0.09471595524171629,0.1569440307153025,0.57974979218239309,1430,0,1,1,1,1,1
windows_msvc_cpu,cpu,32,coupled,2,1,1,1,3,11,0.045156349583950324,-0.43688766173793819,0.0021864886400821894,-0.022015228270225718,0.042969860943868135,-0.41487243346771246,0.043939073292465144,-0.41432288777780407,0.050370220467978462,1131.5660928579041,1073.5199964048686,1127,23588,22461,23588,0.047972108396553505,0.018734785223326365,0.092736215733018421,0.19554157789285678,0.42789474576266262,1127,0,1,1,1,1,1
windows_msvc_cpu,cpu,32,coupled,2,1,1,1,3,12,0.043939073292466754,-0.41432288777780413,0.0015107381426905998,-0.014169076068220985,0.042428335149776154,-0.40015381170958314,0.042068821925107983,-0.40041471905158488,0.034200200544047217,716.37913014542994,684.47485837867157,704,22461,21757,22461,0.03189435600131027,0.0031061442359951561,0.08074561393057654,0.35185031550690088,0.88701355690527584,704,0,1,1,1,1,1
windows_msvc_cpu,cpu,32,coupled,2,1,1,1,3,13,0.042068821925109259,-0.40041471905158488,0.00080802953731150197,-0.0071544123417483074,0.041260792387797757,-0.39326030670983658,0.041514932431464202,-0.39349861387683094,0.017882133674124195,363.65297147687352,351.08300346113072,357,21757,21400,21757,0.016714297535362115,0.00022336008060410011,0.06880080443869982,0.64778728286317866,1.5595581145649078,357,0,1,1,1,1,1
windows_msvc_cpu,cpu,32,coupled,2,1,1,1,3,14,0.04151493243146543,-0.39349861387683099,0.00039941938506627127,-0.0037133100676923544,0.041115513046399162,-0.38978530380913862,0.041099166262101534,-0.39018645459065948,0.0094386839253202803,165.4695318772701,162.70375393654354,148,21400,21252,21400,0.0077322211157602851,1.8693758241107294e-05,0.04062153303072652,0.94484678254169241,2.1933300553670998,148,0,1,1,1,1,1
windows_msvc_cpu,cpu,32,coupled,2,1,1,1,3,15,0.041099166262102742,-0.39018645459065954,0.0003474827494755189,-0.0034393905212049825,0.040751683512627222,-0.38674706406945458,0.040914260373641383,-0.3867315439615332,0.0088107855507497685,133.0872245405954,130.67831042739323,131,21252,21121,21252,0.0062623388170805292,1.0376223953650584e-05,0.044775497101478989,1.0728445613005146,2.3437311226801785,131,0,1,1,1,1,1
windows_msvc_cpu,cpu,32,coupled,2,1,1,1,3,16,0.040914260373642555,-0.38673154396153325,0.00050609616783931259,-0.0048964867653791544,0.040408164205803246,-0.38183505719615407,0.04046117566611826,-0.38168097578962584,0.012657976645708485,196.69223873493925,192.1408797602179,201,21121,20920,21121,0.0093126385462307306,3.8083312148951036e-05,0.056513232246709171,0.8851890126173213,2.0115255014914912,201,0,1,1,1,1,1
windows_msvc_cpu,cpu,32,coupled,2,1,1,1,3,17,0.040461175666119405,-0.3816809757896259,0.00087508055324068111,-0.0083227689688894629,0.039586095112878722,-0.37335820682073645,0.03991557811862579,-0.37350219767765985,0.021803587054140275,378.97223741048418,367.43005007067518,382,20920,20538,20920,0.018115307715606318,0.00052392558468184814,0.065375457065446882,0.5555602085513669,1.3417348354911505,382,0,1,1,1,1,1
windows_msvc_cpu,cpu,32,coupled,2,1,1,1,3,18,0.039915578118626886,-0.37350219767765991,0.0015640114246641768,-0.014903155644751101,0.03835156669396271,-0.35859904203290882,0.039329831180883665,-0.35917257341317499,0.039893009911631548,740.14884754104673,708.52020157600771,708,20538,19830,20538,0.036038019648507488,0.00619166972666629,0.080727048525890729,0.28735959071617712,0.71076949348008356,708,0,1,1,1,1,1
windows_msvc_cpu,cpu,32,coupled,2,1,1,1,3,19,0.039329831180884713,-0.35917257341317504,0.0021067437513210834,-0.019611593452921197,0.03722308742956363,-0.33956097996025386,0.036962610420938992,-0.33837955684891002,0.054589870327790023,1037.7764284521811,981.50791564065037,1084,19830,18746,19830,0.052333657511456438,0.022976465145834256,0.08517566853427494,0.17009852137599155,0.37575180449732748,1084,0,1,1,1,1,1
windows_msvc_cpu,cpu,32,coupled,2,1,1,1,3,20,0.036962610420939866,-0.33837955684891002,0.0020483291970846301,-0.019065848143557457,0.034914281223855238,-0.31931370870535258,0.03389798429225975,-0.31902311913510778,0.056333616526315598,1033.0991491080083,972.84306953593898,1059,18746,17687,18746,0.05511037816643595,0.015312612600548593,0.087284980081547336,0.16103677733493002,0.47942876236000376,1059,0,1,1,1,1,1
windows_msvc_cpu,cpu,32,coupled,2,1,1,1,3,21,0.033897984292260389,-0.31902311913510784,0.0021867146282970634,-0.020606331544241248,0.031711269663963322,-0.29841678759086659,0.031806865791820467,-0.29912665103320984,0.064591039659530294,1120.632726360072,1047.3683962146126,1096,17687,16591,17687,0.063359118355858654,0.020665760112549461,0.092674172366749963,0.12107369480825056,0.40283195006688277,1096,0,1,1,1,1,1
windows_msvc_cpu,cpu,32,coupled,2,1,1,1,3,22,0.031806865791820876,-0.2991266510332099,0.002215251483505242,-0.01993156626793979,0.029591614308315636,-0.27919508476527011,0.030658025728916974,-0.27933721491289748,0.066666234230720559,1105.0840492923187,1030.0916460026569,1134,16591,15457,16591,0.066607440738491869,0.027425466154749417,0.089696815872002345,0.10643035965002316,0.33052934636539849,1134,0,1,1,1,1,1
windows_msvc_cpu,cpu,32,coupled,2,1,1,1,3,23,0.030658025728917217,-0.27933721491289754,0.0015944420481463864,-0.01448276896961977,0.029063583680770829,-0.26485444594327778,0.029334532280598218,-0.26421727708415593,0.051848810618028623,778.64821423553644,737.25420310227105,778,15457,14679,15457,0.050375118990459752,0.014976309658328297,0.087040379323160388,0.18266584254976853,0.48510253261752312,778,0,1,1,1,1,1
windows_msvc_cpu,cpu,32,coupled,2,1,1,1,3,24,0.029334532280598485,-0.26421727708415599,0.00082742380739590261,-0.0078711514191770696,0.028507108473202585,-0.25634612566497894,0.028798893973615722,-0.25520240762007768,0.029771162458722054,368.77584653340841,356.53596052956766,421,14679,14258,14679,0.025122681826650891,0.0016127995289748585,0.08199554248739388,0.39538327247726118,1.0544656397893393,421,0,1,1,1,1,1
windows_msvc_cpu,cpu,32,coupled,2,1,1,1,3,25,0.028798893973615985,-0.25520240762007773,0.00049133797460838391,-0.0047648622824106807,0.0283075559990076,-0.25043754533766704,0.028140439659872531,-0.25012172606597011,0.018650670652398345,195.52027959692049,189.96450956508389,206,14258,14052,14258,0.013713022836086441,0.00019823683105636231,0.068718541201133146,0.63751574553652379,1.5900441046221991,206,0,1,1,1,1,1
windows_msvc_cpu,cpu,32,coupled,2,1,1,1,3,26,0.028140439659872819,-0.25012172606597016,0.00038111729128059723,-0.0038232618176832606,0.027759322368592222,-0.24629846424828691,0.027740814176046992,-0.2463590639438793,0.015263827806138859,160.03754134134897,156.5091209483812,154,14052,13898,14052,0.011388951134454097,0.00013991719908861797,0.065489268182214774,0.68962898265687711,1.6790604351034379,154,0,1,1,1,1,1
windows_msvc_cpu,cpu,32,coupled,2,1,1,1,3,27,0.027740814176047266,-0.24635906394387935,0.00041429287103393923,-0.0044749908604900177,0.027326521305013327,-0.24188407308338933,0.026626735034316614,-0.2418633855270152,0.018124063615242242,212.0636152395185,207.34634567104351,215,13898,13683,13898,0.015258570674882609,0.00029271577717541341,0.059871646262200796,0.56069146732801201,1.4904687960212382,215,0,1,1,1,1,1
windows_msvc_cpu,cpu,32,coupled,2,1,1,1,3,28,0.026626735034316885,-0.24186338552701525,0.00070883502236469451,-0.0076048237547728373,0.02591790001195219,-0.23425856177224241,0.024964303021484106,-0.23397974670394614,0.031384906167830337,398.16926920673274,384.11320753042617,417,13683,13266,13683,0.029099559249194822,0.0015815651985002619,0.070975620088742461,0.35529563112347207,1.059462170867695,417,0,1,1,1,1,1
windows_msvc_cpu,cpu,32,coupled,2,1,1,1,3,29,0.024964303021484398,-0.2339797467039462,0.0010459139901035385,-0.010351402061469398,0.023918389031380858,-0.2236283446424768,0.024211683343684173,-0.22387373544291342,0.044214204755714984,560.32741026885094,534.7841410042231,557,13266,12709,13266,0.042237856947749959,0.0069527337542769213,0.073662423562242313,0.23267581573473947,0.68115028918619269,557,0,1,1,1,1,1
windows_msvc_cpu,cpu,32,coupled,2,1,1,1,3,30,0.02421168334368445,-0.22387373544291347,0.0011627492908454736,-0.010367584284189504,0.023048934052838976,-0.21350615115872396,0.023162634553355741,-0.21511500050707985,0.046329781903014094,559.50858938995816,533.49437608637072,485,12709,12224,12709,0.044024595907621228,0.010769305475879551,0.079978683587727945,0.21747923310341488,0.56935597745852629,485,0,1,1,1,1,1
windows_msvc_cpu,cpu,32,coupled,2,1,1,1,3,31,0.023162634553356033,-0.21511500050707996,0.0012134865633037055,-0.010618399215833322,0.021949147990052327,-0.20449660129124664,0.022172881111605446,-0.20427284125379774,0.049396208731042751,567.37210891220195,537.99654340988138,568,12224,11656,12224,0.046414603150540079,0.0073118160034664524,0.087414145973624957,0.21382450872963568,0.66828455183750535,568,0,1,1,1,1,1
windows_msvc_cpu,cpu,32,isolated,3,1,1,1,3,0,0.062500000000003025,-0.63457314922558761,0.0062500000000000394,-0.06345731492256329,0.056250000000002985,-0.57111583430302426,0.054837715128565473,-0.57018962241454507,0.10000000000000701,3276.7999999981153,2949.1200000006443,3350,32768,29418,32768,0.099999999999942482,0.10000000000000001,0.10000000000000001,0,0,3350,0,1,1,1,1,1
windows_msvc_cpu,cpu,32,isolated,3,1,1,1,3,1,0.054837715128567908,-0.57018962241454507,0.0054837715128565941,-0.057018962241457367,0.049353943615711313,-0.51317066017308766,0.051215231810836356,-0.51399648842256251,0.10000000000000496,2941.7999999984199,2647.6200000001568,2905,29418,26513,29418,0.099999999999946285,0.10000000000000001,0.10000000000000001,0,0,2905,0,1,1,1,1,1
windows_msvc_cpu,cpu,32,isolated,3,1,1,1,3,2,0.051215231810838396,-0.51399648842256251,0.0051215231810836943,-0.051399648842258075,0.046093708629754704,-0.46259683958030445,0.045056207525628292,-0.46383233687122738,0.10000000000000349,2651.2999999986841,2386.169999999734,2588,26513,23925,26513,0.099999999999950365,0.10000000000000001,0.10000000000000001,0,0,2588,0,1,1,1,1,1
windows_msvc_cpu,cpu,32,isolated,3,1,1,1,3,3,0.045056207525629909,-0.46383233687122738,0.0045056207525628724,-0.046383233687123743,0.040550586773067034,-0.41744910318410366,0.040336404839830198,-0.41695012058239628,0.10000000000000211,2392.4999999989195,2153.2499999993574,2382,23925,21543,23925,0.099999999999954833,0.10000000000000001,0.10000000000000001,0,0,2382,0,1,1,1,1,1
windows_msvc_cpu,cpu,32,isolated,3,1,1,1,3,4,0.040336404839831419,-0.41695012058239633,0.0040336404839830487,-0.041695012058239597,0.036302764355848373,-0.37525510852415672,0.035920612595511492,-0.37386316258943114,0.099999999999999895,2154.2999999991362,1938.8699999992864,2229,21543,19314,21543,0.099999999999959899,0.10000000000000001,0.10000000000000001,0,0,2229,0,1,1,1,1,1
windows_msvc_cpu,cpu,32,isolated,3,1,1,1,3,5,0.035920612595512436,-0.3738631625894312,0.0035920612595511749,-0.037386316258942363,0.032328551335961263,-0.33647684633048885,0.032941431373430016,-0.33750275790377443,0.099999999999997952,1931.3999999993389,1738.2599999994688,1871,19314,17443,19314,0.099999999999965769,0.10000000000000001,0.10000000000000001,0,0,1871,0,1,1,1,1,1
windows_msvc_cpu,cpu,32,isolated,3,1,1,1,3,6,0.032941431373430537,-0.33750275790377449,0.0032941431373430612,-0.033750275790376087,0.029647288236087477,-0.30375248211339839,0.029683061083509724,-0.30258377202653264,0.099999999999996023,1744.2999999995091,1569.869999999622,1785,17443,15658,17443,0.099999999999971848,0.10000000000000001,0.10000000000000001,0,0,1785,0,1,1,1,1,1
windows_msvc_cpu,cpu,32,isolated,3,1,1,1,3,7,0.029683061083510064,-0.30258377202653269,0.0029683061083510521,-0.030258377202651753,0.026714754975159013,-0.27232539482388096,0.026248377690190252,-0.27204258430560391,0.099999999999995037,1565.7999999996714,1409.2199999997681,1592,15658,14066,15658,0.099999999999979008,0.10000000000000001,0.10000000000000001,0,0,1592,0,1,1,1,1,1
windows_msvc_cpu,cpu,32,isolated,3,1,1,1,3,8,0.026248377690190644,-0.27204258430560396,0.0026248377690191119,-0.027204258430559455,0.023623539921171534,-0.2448383258750445,0.024081567127327702,-0.24525086391837547,0.099999999999996578,1406.5999999998162,1265.9399999998984,1407,14066,12659,14066,0.099999999999986933,0.10000000000000001,0.10000000000000001,0,0,1407,0,1,1,1,1,1
windows_msvc_cpu,cpu,32,isolated,3,1,1,1,3,9,0.02408156712732808,-0.24525086391837553,0.002408156712732873,-0.024525086391836946,0.021673410414595206,-0.22072577752653857,0.021596562832219605,-0.22162574749154904,0.099999999999997577,1265.8999999999442,1139.3100000000136,1234,12659,11425,12659,0.099999999999995592,0.10000000000000001,0.10000000000000001,0,0,1234,0,1,1,1,1,1
windows_msvc_cpu,cpu,32,isolated,3,1,1,1,3,10,0.021596562832219973,-0.22162574749154912,0.0021596562832220745,-0.022162574749154243,0.0194369065489979,-0.19946317274239489,0.020840617439421255,-0.20128250701717104,0.09999999999999705,1142.5000000000564,1028.2500000001146,1070,11425,10355,11425,0.10000000000000493,0.10000000000000001,0.10000000000000001,0,0,1070,0,1,1,1,1,1
windows_msvc_cpu,cpu,32,isolated,3,1,1,1,3,11,0.020840617439421609,-0.20128250701717113,0.002084061743942235,-0.020128250701716369,0.018756555695479373,-0.18115425631545476,0.017729665678967475,-0.18130160247757263,0.099999999999996383,1035.5000000001537,931.95000000008588,1052,10355,9303,10355,0.10000000000001484,0.10000000000000001,0.10000000000000001,0,0,1052,0,1,1,1,1,1
windows_msvc_cpu,cpu,32,isolated,3,1,1,1,3,12,0.017729665678967894,-0.18130160247757268,0.0017729665678968536,-0.018130160247756464,0.015956699111071039,-0.16317144222981622,0.015743345256800934,-0.16352093761079745,0.099999999999995634,930.30000000014297,837.27000000005239,919,9303,8384,9303,0.10000000000001537,0.10000000000000001,0.10000000000000001,0,0,919,0,1,1,1,1,1
windows_msvc_cpu,cpu,32,isolated,3,1,1,1,3,13,0.015743345256801444,-0.16352093761079753,0.0015743345256801853,-0.016352093761078847,0.014169010731121258,-0.14716884384971868,0.014331601022710501,-0.14717025950511145,0.099999999999994538,838.40000000012208,754.56000000002314,850,8384,7534,8384,0.10000000000001456,0.10000000000000001,0.10000000000000001,0,0,850,0,1,1,1,1,1
windows_msvc_cpu,cpu,32,isolated,3,1,1,1,3,14,0.014331601022710973,-0.14717025950511153,0.001433160102271134,-0.014717025950510212,0.01289844092043984,-0.13245323355460131,0.013208913348424568,-0.13192347222574846,0.099999999999993719,753.40000000010275,678.05999999999608,764,7534,6770,7534,0.10000000000001363,0.10000000000000001,0.10000000000000001,0,0,764,0,1,1,1,1,1
windows_msvc_cpu,cpu,32,isolated,3,1,1,1,3,15,0.013208913348424993,-0.13192347222574854,0.0013208913348425268,-0.013192347222573854,0.011888022013582467,-0.11873112500317469,0.01218228960982541,-0.11917333220476463,0.099999999999992512,677.00000000008538,609.29999999997176,657,6770,6113,6770,0.10000000000001261,0.10000000000000001,0.10000000000000001,0,0,657,0,1,1,1,1,1
windows_msvc_cpu,cpu,32,isolated,3,1,1,1,3,16,0.012182289609825802,-0.1191733322047647,0.0012182289609826056,-0.011917333220475551,0.010964060648843196,-0.10725599898428914,0.010949012714095567,-0.10795474921580027,0.099999999999992401,611.30000000007044,550.16999999995085,585,6113,5528,6113,0.10000000000001152,0.10000000000000001,0.10000000000000001,0,0,585,0,1,1,1,1,1
windows_msvc_cpu,cpu,32,isolated,3,1,1,1,3,17,0.010949012714095929,-0.10795474921580035,0.0010949012714096147,-0.0107954749215793,0.0098541114426863152,-0.097159274294221054,0.0099964013522339957,-0.09611709348740867,0.099999999999993289,552.80000000005714,497.51999999994132,594,5528,4934,5528,0.10000000000001033,0.10000000000000001,0.10000000000000001,0,0,594,0,1,1,1,1,1
windows_msvc_cpu,cpu,32,isolated,3,1,1,1,3,18,0.009996401352234327,-0.096117093487408808,0.00099964013522344983,-0.0096117093487403365,0.008996761217010877,-0.08650538413866847,0.0089821470694715719,-0.08598124048251829,0.099999999999994413,493.40000000004369,444.05999999995618,517,4934,4417,4934,0.10000000000000886,0.10000000000000001,0.10000000000000001,0,0,517,0,1,1,1,1,1
windows_msvc_cpu,cpu,32,isolated,3,1,1,1,3,19,0.0089821470694719067,-0.085981240482518456,0.00089821470694720058,-0.0085981240482514727,0.0080839323625247067,-0.077383116434266985,0.0085748135088906698,-0.077158054613524873,0.099999999999995717,441.70000000003193,397.52999999996911,441,4417,3976,4417,0.10000000000000724,0.10000000000000001,0.10000000000000001,0,0,441,0,1,1,1,1,1
windows_msvc_cpu,cpu,32,isolated,3,1,1,1,3,20,0.0085748135088909803,-0.077158054613525054,0.00085748135088910629,-0.0077158054613522742,0.0077173321580018741,-0.069442249152172786,0.0081106821925217079,-0.069415696402900906,0.099999999999997036,397.60000000002191,357.83999999998014,403,3976,3573,3976,0.10000000000000552,0.10000000000000001,0.10000000000000001,0,0,403,0,1,1,1,1,1
windows_msvc_cpu,cpu,32,isolated,3,1,1,1,3,21,0.0081106821925219924,-0.069415696402901114,0.00081106821925220295,-0.0069415696402899798,0.0072996139732697893,-0.062474126762611132,0.0071864191514910006,-0.062455757214830931,0.099999999999998146,357.30000000001274,321.56999999999022,363,3573,3210,3573,0.10000000000000357,0.10000000000000001,0.10000000000000001,0,0,363,0,1,1,1,1,1
windows_msvc_cpu,cpu,32,isolated,3,1,1,1,3,22,0.0071864191514912617,-0.062455757214831167,0.00071864191514912847,-0.006245575721483064,0.0064677772363421334,-0.056210181493348103,0.0066296803303793088,-0.056680170992242318,0.099999999999999159,321.00000000000449,288.8999999999993,298,3210,2912,3210,0.10000000000000139,0.10000000000000001,0.10000000000000001,0,0,298,0,1,1,1,1,1
windows_msvc_cpu,cpu,32,isolated,3,1,1,1,3,23,0.0066296803303795334,-0.056680170992242526,0.00066296803303795464,-0.0056680170992242261,0.0059667122973415792,-0.051012153893018303,0.0055931519129303895,-0.050693754393351873,0.099999999999999548,291.19999999999771,262.08000000000675,308,2912,2604,2912,0.099999999999999215,0.10000000000000001,0.10000000000000001,0,0,308,0,1,1,1,1,1
windows_msvc_cpu,cpu,32,isolated,3,1,1,1,3,24,0.0055931519129306037,-0.050693754393352018,0.00055931519129305898,-0.0050693754393351977,0.0050338367216375447,-0.045624378954016817,0.0051413029030602988,-0.045855840495274365,0.099999999999999922,260.39999999999071,234.3600000000076,244,2604,2360,2604,0.099999999999996439,0.10000000000000001,0.10000000000000001,0,0,244,0,1,1,1,1,1
windows_msvc_cpu,cpu,32,isolated,3,1,1,1,3,25,0.0051413029030604879,-0.045855840495274483,0.00051413029030604582,-0.0045855840495274613,0.0046271726127544424,-0.041270256445747021,0.004851786551022196,-0.0412433048244428,0.10000000000000027,235.99999999999088,212.40000000000677,229,2360,2131,2360,0.099999999999996134,0.10000000000000001,0.10000000000000001,0,0,229,0,1,1,1,1,1
windows_msvc_cpu,cpu,32,isolated,3,1,1,1,3,26,0.0048517865510223643,-0.041243304824442897,0.00048517865510223462,-0.0041243304824443196,0.0043666078959201295,-0.037118974341998581,0.0040811278374739126,-0.037423787861970689,0.10000000000000071,213.09999999999218,191.79000000000599,210,2131,1921,2131,0.099999999999996328,0.10000000000000001,0.10000000000000001,0,0,210,0,1,1,1,1,1
windows_msvc_cpu,cpu,32,isolated,3,1,1,1,3,27,0.0040811278374740662,-0.037423787861970717,0.00040811278374740278,-0.0037423787861971076,0.0036730150537266633,-0.033681409075773612,0.004123087801900357,-0.033536642935302251,0.10000000000000094,192.09999999999337,172.89000000000527,206,1921,1715,1921,0.09999999999999655,0.10000000000000001,0.10000000000000001,0,0,206,0,1,1,1,1,1
windows_msvc_cpu,cpu,32,isolated,3,1,1,1,3,28,0.0041230878019004871,-0.033536642935302272,0.00041230878019004561,-0.0033536642935302744,0.0037107790217104416,-0.030182978641771996,0.0044628010873108805,-0.02999016596861586,0.10000000000000137,171.49999999999454,154.35000000000457,177,1715,1538,1715,0.099999999999996814,0.10000000000000001,0.10000000000000001,0,0,177,0,1,1,1,1,1
windows_msvc_cpu,cpu,32,isolated,3,1,1,1,3,29,0.0044628010873110019,-0.029990165968615857,0.00044628010873109793,-0.0029990165968616341,0.0040165209785799037,-0.026991149371754224,0.003884643911519423,-0.026924600620222238,0.10000000000000157,153.79999999999555,138.42000000000397,160,1538,1378,1538,0.099999999999997105,0.10000000000000001,0.10000000000000001,0,0,160,0,1,1,1,1,1
windows_msvc_cpu,cpu,32,isolated,3,1,1,1,3,30,0.0038846439115195397,-0.026924600620222238,0.00038846439115195071,-0.0026924600620222621,0.0034961795203675887,-0.024232140558199975,0.0038334496286465962,-0.024035406794796543,0.10000000000000137,137.79999999999646,124.02000000000344,151,1378,1227,1378,0.099999999999997424,0.10000000000000001,0.10000000000000001,0,0,151,0,1,1,1,1,1
windows_msvc_cpu,cpu,32,isolated,3,1,1,1,3,31,0.0038334496286466973,-0.02403540679479655,0.00038334496286466716,-0.002403540679479683,0.00345010466578203,-0.021631866115316867,0.0034791337263051498,-0.021416994468010271,0.10000000000000113,122.6999999999973,110.43000000000292,134,1227,1093,1227,0.099999999999997799,0.10000000000000001,0.10000000000000001,0,0,134,0,1,1,1,1,1
windows_msvc_cpu,cpu,32,coupled,3,1,1,1,3,0,0.062500000000003025,-0.63457314922558761,0.0045998988744775518,-0.046703557038341573,0.057900101125525474,-0.58786959218724599,0.056577693228862524,-0.58687614631846541,0.073598381991638095,2173.1825583679374,2016.1216419197531,2232,32768,30536,32768,0.066320268504880903,0.050384456578576625,0.10000000000000001,0.11493330288820706,0.17513646154395418,2232,0,1,1,1,1,1
windows_msvc_cpu,cpu,32,coupled,3,1,1,1,3,1,0.056577693228865057,-0.58687614631846541,0.0021834230738843386,-0.022429568799620068,0.054394270154980717,-0.5644465775188453,0.05502361787074516,-0.56525536167920964,0.038222007777001514,865.23620499238825,814.67825027032029,828,30536,29708,30536,0.028334955625896916,0.0073984454592224058,0.090486734946200326,0.43527153113021838,0.66527530878154817,828,0,1,1,1,1,1
windows_msvc_cpu,cpu,32,coupled,3,1,1,1,3,2,0.055023617870747624,-0.56525536167920964,0.00056672201447914008,-0.0057435787000866788,0.054456895856268485,-0.55951178297912296,0.054576053574168927,-0.55957790726038847,0.010162334371751791,210.6357298169616,206.38734094342098,206,29708,29502,29708,0.0070902022962488756,0.00047337636689432104,0.047870966021114569,0.88707993635025839,1.3676567544449973,206,0,1,1,1,1,1
windows_msvc_cpu,cpu,32,coupled,3,1,1,1,3,3,0.05457605357417137,-0.55957790726038847,0.00013617979953991425,-0.0013938366393858627,0.054439873774631456,-0.55818407062100261,0.054284575190421402,-0.55807786830188677,0.0024909125286745252,51.191367286723363,50.968019552629748,54,29502,29448,29502,0.0017351829464688281,2.5753386802589835e-05,0.014905402417620259,1.27563053445402,2.1114764796878136,54,0,1,1,1,1,1
windows_msvc_cpu,cpu,32,coupled,3,1,1,1,3,4,0.054284575190423803,-0.55807786830188688,0.00014113087132625347,-0.0014440831216460935,0.054143444319097553,-0.55663378518024076,0.054184822363014744,-0.55653668525607281,0.002587716138345267,51.585928958062219,51.32645141060793,56,29448,29392,29448,0.0017517634120504692,6.9611535237001206e-06,0.013813275031011527,1.3535890039495326,2.4457162743179857,56,0,1,1,1,1,1
windows_msvc_cpu,cpu,32,coupled,3,1,1,1,3,5,0.054184822363017159,-0.55653668525607281,0.00039881963680094988,-0.0040401302371595215,0.053786002726216212,-0.55249655501891326,0.05404194635211499,-0.55288727170219099,0.0072603619234515582,143.06779102366141,140.70749968414242,131,29392,29261,29392,0.0048675759058131943,1.8085970253145528e-05,0.033087763637638441,1.1347539916365212,2.2017748712021059,131,0,1,1,1,1,1
windows_msvc_cpu,cpu,32,coupled,3,1,1,1,3,6,0.054041946352117398,-0.55288727170219099,0.0010494739599301954,-0.010663997449799215,0.052992472392187205,-0.54222327425239181,0.053424924918345884,-0.542243982354775,0.019289080322598233,402.16690883597494,388.35718532210137,398,29261,28863,29261,0.0137441272969473,0.00026866380329618428,0.065283989054763736,0.72779784685367155,1.5123749992539899,398,0,1,1,1,1,1
windows_msvc_cpu,cpu,32,coupled,3,1,1,1,3,7,0.053424924918348243,-0.54224398235477511,0.0020157654223776928,-0.020137292616075768,0.051409159495970552,-0.52210668973869934,0.050149891211073792,-0.52209424575747987,0.037142668356282438,876.63658786257793,837.71186432251648,892,28863,27971,28863,0.030372330937968262,0.0042572755642501028,0.080401667756107992,0.36877144406318541,0.80647045138399176,892,0,1,1,1,1,1
windows_msvc_cpu,cpu,32,coupled,3,1,1,1,3,8,0.050149891211075943,-0.52209424575747998,0.0026003500194066833,-0.026917161695767945,0.047549541191669258,-0.49517708406171201,0.047993188609688209,-0.4966346817846366,0.051558836367267297,1336.9369082406636,1267.5569623201425,1293,27971,26678,27971,0.047797251018578658,0.018318005808784395,0.09209641850972311,0.19863709553169012,0.43364266560019793,1293,0,1,1,1,1,1
windows_msvc_cpu,cpu,32,coupled,3,1,1,1,3,9,0.047993188609690166,-0.49663468178463666,0.0027637489147725458,-0.029758513060860421,0.04522943969491762,-0.46687616872377624,0.046782993689017373,-0.46754434238171277,0.059898732771868378,1609.6522997990496,1506.2648800939301,1581,26678,25097,26678,0.060336318307183806,0.01793177386198147,0.094024867466610901,0.1382199125747981,0.4390872697442445,1581,0,1,1,1,1,1
windows_msvc_cpu,cpu,32,coupled,3,1,1,1,3,10,0.046782993689019239,-0.46754434238171277,0.0026402703909721354,-0.027063706505199885,0.044142723298047103,-0.44048063587651287,0.044864975847531297,-0.44164417030913933,0.057870434474231923,1475.4898187213917,1379.5966091049404,1406,25097,23691,25097,0.058791481799473709,0.011312437994228583,0.095051439384788772,0.15171591894729353,0.55678505633718767,1406,0,1,1,1,1,1
windows_msvc_cpu,cpu,32,coupled,3,1,1,1,3,11,0.044864975847532948,-0.44164417030913933,0.0023503435617807018,-0.02263952492800601,0.042514632285752245,-0.4190046453811333,0.042159675515478112,-0.42020019590603508,0.051273405271184139,1160.2957639898666,1099.8381253805137,1138,23691,22553,23691,0.048976225739304657,0.019254117622183809,0.091895428306211446,0.18983597828012266,0.42090883915469496,1138,0,1,1,1,1,1
windows_msvc_cpu,cpu,32,coupled,3,1,1,1,3,12,0.042159675515479479,-0.42020019590603513,0.0015028987575293807,-0.01449984416908838,0.040656776757950097,-0.40570035173694674,0.040181510329063218,-0.40572136160317301,0.03451835988268738,728.19663578518941,695.59148203948143,740,22553,21813,22553,0.032288238184950538,0.0026043236217212678,0.082302476975479169,0.34787265216162533,0.93203356335706511,740,0,1,1,1,1,1
windows_msvc_cpu,cpu,32,coupled,3,1,1,1,3,13,0.040181510329064349,-0.40572136160317307,0.00066533493076673155,-0.007123457506917643,0.039516175398297618,-0.39859790409625545,0.039639872861438954,-0.39826156752238129,0.017547805523342449,355.09506099312523,343.40885557723288,363,21813,21450,21813,0.016279056571453961,0.00021188243655693745,0.068303861926550316,0.64459308071218124,1.5730362306569359,363,0,1,1,1,1,1
windows_msvc_cpu,cpu,32,coupled,3,1,1,1,3,14,0.039639872861440065,-0.39826156752238134,0.00036139338410925439,-0.0037123146880520806,0.039278479477330812,-0.39454925283432929,0.039370612397821338,-0.39446401846895462,0.00931929295385929,161.45450340304978,158.85254789221014,165,21450,21285,21450,0.0075270164756666563,1.4150208576510491e-05,0.044438980932235264,0.93701011346558039,2.2644743985836451,165,0,1,1,1,1,1
windows_msvc_cpu,cpu,32,coupled,3,1,1,1,3,15,0.039370612397822427,-0.39446401846895468,0.00036524138073643878,-0.0035164654315243634,0.039005371017085989,-0.39094755303743034,0.03899909367540795,-0.39059436860602759,0.0089181155267339194,133.63003025932153,131.13800831491747,153,21285,21132,21285,0.006278131560221824,9.3639907655471883e-06,0.044408634089457909,1.0628369932740642,2.3699562033184787,153,0,1,1,1,1,1
windows_msvc_cpu,cpu,32,coupled,3,1,1,1,3,16,0.038999093675409012,-0.39059436860602764,0.00051969246438437599,-0.0050022866096867498,0.038479401211024639,-0.38559208199634087,0.038172989192874054,-0.38578734489256122,0.012811979901406631,196.87806475726043,192.20850388087072,191,21132,20941,21132,0.0093165845522080459,3.6514230499768587e-05,0.054775019154618645,0.87409464150432259,2.0222750972913519,191,0,1,1,1,1,1
windows_msvc_cpu,cpu,32,coupled,3,1,1,1,3,17,0.038172989192875074,-0.38578734489256128,0.00085956131054483866,-0.0084736619376663547,0.037313427882330233,-0.37731368295489492,0.037380663152463162,-0.37762286215479568,0.021969953954165952,379.41279733117801,368.09040773945787,363,20941,20578,20941,0.018118179520136481,0.00044841322944803386,0.070300435463813454,0.54513278221680816,1.3814981736158689,363,0,1,1,1,1,1
windows_msvc_cpu,cpu,32,coupled,3,1,1,1,3,18,0.037380663152464036,-0.37762286215479574,0.0015804288922520236,-0.015344261918050923,0.035800234260212012,-0.3622786002367448,0.034799149635042256,-0.36245757905890208,0.040649794176832572,757.37369940179144,724.83901608950271,751,20578,19827,20578,0.03680501989512059,0.0049657241407036904,0.079778414214986118,0.27944325874358311,0.76714266214453553,751,0,1,1,1,1,1
windows_msvc_cpu,cpu,32,coupled,3,1,1,1,3,19,0.03479914963504302,-0.36245757905890214,0.0019730713094251377,-0.020163172613657403,0.032826078325617881,-0.34229440644524473,0.032810217998495345,-0.34315846223489904,0.055638825906529285,1061.5427475517893,1002.8315788010992,1018,19827,18809,19827,0.053540260632056753,0.021962643744467013,0.088394012268679462,0.16393617582263806,0.3872814975333575,1018,0,1,1,1,1,1
windows_msvc_cpu,cpu,32,coupled,3,1,1,1,3,20,0.032810217998495858,-0.3431584622348991,0.0017926235593994212,-0.019482249492621444,0.031017594439096435,-0.32367621274227765,0.031018543676162982,-0.32321949690190099,0.05675397185189459,1046.0200216158757,984.76909152044334,1057,18809,17752,18809,0.055612739731823901,0.013134180325652785,0.087592118594701396,0.15777838791515295,0.51863624182958379,1057,0,1,1,1,1,1
windows_msvc_cpu,cpu,32,coupled,3,1,1,1,3,21,0.031018543676163281,-0.32321949690190105,0.0019142257798418273,-0.021060777409928715,0.029104317896321452,-0.30215871949197232,0.02940577635258548,-0.30348182682452701,0.065127908868372816,1133.8427065952217,1059.3350507999082,1055,17752,16697,17752,0.063871265581073783,0.023815218943319269,0.091704628684762035,0.11856397291593773,0.36659129989405442,1055,0,1,1,1,1,1
windows_msvc_cpu,cpu,32,coupled,3,1,1,1,3,22,0.029405776352585788,-0.30348182682452707,0.0018032288593031003,-0.020256743660127186,0.027602547493282687,-0.28322508316439987,0.026855493851374014,-0.28416608700891532,0.066697333707856785,1111.4562340602213,1036.1014590341842,1058,16697,15639,16697,0.066566223516812684,0.029574296305021654,0.088841591364930417,0.10653655330620433,0.3112566728877989,1058,0,1,1,1,1,1
windows_msvc_cpu,cpu,32,coupled,3,1,1,1,3,23,0.026855493851374392,-0.28416608700891538,0.001382954602809605,-0.014547445254181291,0.025472539248564786,-0.2696186417547341,0.025172547269538277,-0.26953942548411619,0.051196139707052807,778.11960930876137,736.99818443845879,791,15639,14848,15639,0.049755074449054373,0.014039286345078804,0.08507447692559944,0.18694571932144879,0.50160986875265923,791,0,1,1,1,1,1
windows_msvc_cpu,cpu,32,coupled,3,1,1,1,3,24,0.025172547269538659,-0.26953942548411619,0.0008381202259934898,-0.0079152427360257502,0.02433442704354517,-0.26162418274809046,0.024692953501697465,-0.26269516259406711,0.029399780655010348,368.93757016324645,356.63277759799354,315,14848,14533,14848,0.024847627300865198,0.0018051107302625186,0.07858777087837962,0.40342645816573713,1.0256843727807572,315,0,1,1,1,1,1
windows_msvc_cpu,cpu,32,coupled,3,1,1,1,3,25,0.024692953501697881,-0.26269516259406722,0.00052534474396798505,-0.0048736706586083303,0.024167608757729896,-0.25782149193545889,0.024651377235855504,-0.25841491061578437,0.018576415718620908,198.99499747082442,193.31886887556942,177,14533,14356,14533,0.013692630390891379,0.00020318595778015837,0.070974160031051267,0.64791235227001864,1.5837438861606445,177,0,1,1,1,1,1
windows_msvc_cpu,cpu,32,coupled,3,1,1,1,3,26,0.024651377235855938,-0.25841491061578442,0.00042204466459992983,-0.003912024414806003,0.024229332571256007,-0.25450288620097844,0.024645164594459895,-0.25411279990652141,0.015156413529645453,162.60086926968114,159.00194101451606,168,14356,14188,14356,0.011326335279303507,9.7979354271424132e-05,0.056936115005369936,0.70107051310760937,1.770090656353704,168,0,1,1,1,1,1
windows_msvc_cpu,cpu,32,coupled,3,1,1,1,3,27,0.024645164594460318,-0.25411279990652147,0.00050568947618679445,-0.0044906191542793137,0.024139475118273523,-0.24962218075224216,0.024220148952069014,-0.24998624831140098,0.017698285242242609,211.36816166998844,206.70891949790411,202,14188,13986,14188,0.014897671389201329,0.00026285381571988347,0.060825595404694677,0.57274480956795149,1.5179607543322076,202,0,1,1,1,1,1
windows_msvc_cpu,cpu,32,coupled,3,1,1,1,3,28,0.024220148952069434,-0.24998624831140107,0.00084878294219236879,-0.0076892762604988379,0.023371366009877066,-0.24229697205090223,0.023369334326493907,-0.2425798753022318,0.030798652231440588,399.28010761165945,385.37015453881241,383,13986,13603,13986,0.028548556242789892,0.0015592529112850046,0.074173362697350226,0.36199873379613617,1.0630922464173023,383,0,1,1,1,1,1
windows_msvc_cpu,cpu,32,coupled,3,1,1,1,3,29,0.023369334326494344,-0.24257987530223188,0.0010273195896073257,-0.010719575733678561,0.022342014736887017,-0.23186029956855331,0.022876821138893028,-0.23262815533767989,0.044187768223714015,575.06841215947338,548.80572015632742,552,13603,13051,13603,0.042275116677164847,0.008080642027648707,0.075352855808119096,0.23274385424642743,0.64274056370280053,552,0,1,1,1,1,1
windows_msvc_cpu,cpu,32,coupled,3,1,1,1,3,30,0.022876821138893479,-0.23262815533767994,0.00099961695776130954,-0.010958104704942366,0.021877204181132169,-0.22167005063273756,0.021775654594850532,-0.22181700887404213,0.047073005901351668,586.84945697118064,559.10263960287546,568,13051,12483,13051,0.044965861387723592,0.01213301201341317,0.078156179861316566,0.21132935574839273,0.53889368351387745,568,0,1,1,1,1,1
windows_msvc_cpu,cpu,32,coupled,3,1,1,1,3,31,0.021775654594850969,-0.22181700887404221,0.0010334120268334504,-0.01124553503395086,0.020742242568017519,-0.21057147384009134,0.01998782269394344,-0.21045331143326457,0.050666424370342418,596.77878519853209,565.41016532880633,617,12483,11866,12483,0.047807320772132671,0.0082716688587947864,0.084380609203788051,0.20374712150376684,0.63677100749800564,617,0,1,1,1,1,1
windows_msvc_cpu,cpu,32,isolated,4,1,1,1,3,0,0.062500000000003025,-0.63457314922558761,0.0062500000000000394,-0.06345731492256329,0.056250000000002985,-0.57111583430302426,0.056078959070279315,-0.57094099876572657,0.10000000000000701,3276.7999999981153,2949.1200000006443,3250,32768,29518,32768,0.099999999999942482,0.10000000000000001,0.10000000000000001,0,0,3250,0,1,1,1,1,1
windows_msvc_cpu,cpu,32,isolated,4,1,1,1,3,1,0.056078959070281729,-0.57094099876572657,0.00560789590702797,-0.057094099876575516,0.050471063163253761,-0.51384689888915103,0.0504964360077318,-0.51353352241986172,0.1000000000000049,2951.7999999984108,2656.6200000001713,2935,29518,26583,29518,0.09999999999994616,0.10000000000000001,0.10000000000000001,0,0,2935,0,1,1,1,1,1
windows_msvc_cpu,cpu,32,isolated,4,1,1,1,3,2,0.050496436007733861,-0.51353352241986172,0.0050496436007732085,-0.051353352241988094,0.045446792406960652,-0.46218017017787361,0.043783113628901194,-0.4601644450269739,0.10000000000000368,2658.2999999986778,2392.4699999997442,2750,26583,23833,26583,0.099999999999950254,0.10000000000000001,0.10000000000000001,0,0,2750,0,1,1,1,1,1
windows_msvc_cpu,cpu,32,isolated,4,1,1,1,3,3,0.043783113628902894,-0.4601644450269739,0.0043783113628901305,-0.046016444502698373,0.039404802266012763,-0.41414800052427553,0.039067653155104666,-0.41350529144450138,0.10000000000000207,2383.2999999989279,2144.9699999993441,2395,23833,21438,23833,0.099999999999955014,0.10000000000000001,0.10000000000000001,0,0,2395,0,1,1,1,1,1
windows_msvc_cpu,cpu,32,isolated,4,1,1,1,3,4,0.039067653155105971,-0.41350529144450143,0.0039067653155104212,-0.041350529144450199,0.035160887839595548,-0.37215476230005123,0.034344912229943465,-0.37240517865199502,0.10000000000000012,2143.7999999991457,1929.419999999295,2138,21438,19300,21438,0.099999999999960149,0.10000000000000001,0.10000000000000001,0,0,2138,0,1,1,1,1,1
windows_msvc_cpu,cpu,32,isolated,4,1,1,1,3,5,0.034344912229944326,-0.37240517865199507,0.0034344912229943318,-0.037240517865198774,0.030910421006949993,-0.3351646607867963,0.029835871572655742,-0.33441394421011716,0.099999999999998035,1929.9999999993402,1736.99999999947,1963,19300,17337,19300,0.099999999999965811,0.10000000000000001,0.10000000000000001,0,0,1963,0,1,1,1,1,1
windows_msvc_cpu,cpu,32,isolated,4,1,1,1,3,6,0.029835871572655968,-0.33441394421011722,0.002983587157265594,-0.033441394421010406,0.026852284415390372,-0.30097254978910681,0.027375527796784826,-0.3020332125772664,0.099999999999996106,1733.6999999995187,1560.3299999996307,1682,17337,15655,17337,0.099999999999972236,0.10000000000000001,0.10000000000000001,0,0,1682,0,1,1,1,1,1
windows_msvc_cpu,cpu,32,isolated,4,1,1,1,3,7,0.027375527796785086,-0.30203321257726645,0.0027375527796785204,-0.030203321257725152,0.024637975017106566,-0.27182989131954127,0.023671826426766285,-0.27316818277965738,0.099999999999995093,1565.4999999996717,1408.9499999997684,1512,15655,14143,15655,0.099999999999979022,0.10000000000000001,0.10000000000000001,0,0,1512,0,1,1,1,1,1
windows_msvc_cpu,cpu,32,isolated,4,1,1,1,3,8,0.023671826426766573,-0.27316818277965743,0.0023671826426766929,-0.02731681827796472,0.021304643784089881,-0.2458513645016927,0.021828539549196755,-0.24613627886298534,0.0999999999999963,1414.2999999998092,1272.8699999998921,1427,14143,12716,14143,0.099999999999986502,0.10000000000000001,0.10000000000000001,0,0,1427,0,1,1,1,1,1
windows_msvc_cpu,cpu,32,isolated,4,1,1,1,3,9,0.021828539549197071,-0.24613627886298539,0.0021828539549197689,-0.024613627886297881,0.019645685594277301,-0.2215226509766875,0.019431983960060583,-0.22211010280313195,0.099999999999997369,1271.599999999939,1144.4400000000089,1225,12716,11491,12716,0.099999999999995204,0.10000000000000001,0.10000000000000001,0,0,1225,0,1,1,1,1,1
windows_msvc_cpu,cpu,32,isolated,4,1,1,1,3,10,0.019431983960060982,-0.22211010280313201,0.00194319839600619,-0.022211010280312464,0.017488785564054792,-0.19989909252281954,0.017615300063547279,-0.2000593200559467,0.099999999999996758,1149.1000000000504,1034.1900000001092,1160,11491,10331,11491,0.10000000000000439,0.10000000000000001,0.10000000000000001,0,0,1160,0,1,1,1,1,1
windows_msvc_cpu,cpu,32,isolated,4,1,1,1,3,11,0.017615300063547688,-0.20005932005594679,0.0017615300063548456,-0.020005932005593901,0.015853770057192844,-0.1800533880503529,0.016268149976864852,-0.18066096306204987,0.099999999999996175,1033.1000000001559,929.79000000008512,997,10331,9334,10331,0.10000000000001509,0.10000000000000001,0.10000000000000001,0,0,997,0,1,1,1,1,1
windows_msvc_cpu,cpu,32,isolated,4,1,1,1,3,12,0.016268149976865282,-0.18066096306204996,0.0016268149976865899,-0.018066096306204153,0.014641334979178692,-0.16259486675584581,0.014043139790942917,-0.16168389004046788,0.099999999999995398,933.40000000014368,840.06000000005338,986,9334,8348,9334,0.1000000000000154,0.10000000000000001,0.10000000000000001,0,0,986,0,1,1,1,1,1
windows_msvc_cpu,cpu,32,isolated,4,1,1,1,3,13,0.014043139790943453,-0.16168389004046799,0.0014043139790943817,-0.016168389004045897,0.012638825811849072,-0.14551550103642208,0.013243715897591711,-0.14522122899683182,0.099999999999994482,834.80000000012126,751.32000000002199,841,8348,7507,8348,0.10000000000001452,0.10000000000000001,0.10000000000000001,0,0,841,0,1,1,1,1,1
windows_msvc_cpu,cpu,32,isolated,4,1,1,1,3,14,0.01324371589759221,-0.14522122899683193,0.0013243715897592492,-0.014522122899682225,0.011919344307832961,-0.13069910609714971,0.011910557744281578,-0.13041850790592893,0.099999999999993386,750.70000000010214,675.62999999999522,764,7507,6743,7507,0.10000000000001361,0.10000000000000001,0.10000000000000001,0,0,764,0,1,1,1,1,1
windows_msvc_cpu,cpu,32,isolated,4,1,1,1,3,15,0.011910557744282024,-0.13041850790592907,0.0011910557744282283,-0.013041850790591903,0.010719501969853796,-0.11737665711533717,0.011340033149008685,-0.11678125334006352,0.099999999999992387,674.30000000008476,606.8699999999709,699,6743,6044,6743,0.10000000000001256,0.10000000000000001,0.10000000000000001,0,0,699,0,1,1,1,1,1
windows_msvc_cpu,cpu,32,isolated,4,1,1,1,3,16,0.011340033149009103,-0.11678125334006366,0.0011340033149009306,-0.011678125334005487,0.010206029834108173,-0.10510312800605817,0.010987574215630899,-0.10532271416151293,0.099999999999992581,604.40000000006887,543.95999999994865,572,6044,5472,6044,0.1000000000000114,0.10000000000000001,0.10000000000000001,0,0,572,0,1,1,1,1,1
windows_msvc_cpu,cpu,32,isolated,4,1,1,1,3,17,0.010987574215631268,-0.10532271416151308,0.0010987574215631417,-0.010532271416150627,0.0098888167940681254,-0.094790442745362455,0.010096077659744877,-0.094592888781426979,0.099999999999993636,547.20000000005587,492.47999999994272,562,5472,4910,5472,0.10000000000001021,0.10000000000000001,0.10000000000000001,0,0,562,0,1,1,1,1,1
windows_msvc_cpu,cpu,32,isolated,4,1,1,1,3,18,0.010096077659745217,-0.094592888781427159,0.0010096077659745323,-0.0094592888781422236,0.009086469893770684,-0.085133599903284937,0.0087690131602478575,-0.084491853975121628,0.099999999999994857,491.00000000004314,441.89999999995678,507,4910,4403,4910,0.10000000000000879,0.10000000000000001,0.10000000000000001,0,0,507,0,1,1,1,1,1
windows_msvc_cpu,cpu,32,isolated,4,1,1,1,3,19,0.0087690131602481697,-0.084491853975121836,0.0008769013160248296,-0.0084491853975118478,0.0078921118442233408,-0.076042668577609995,0.0077728028022090064,-0.076223218533676945,0.099999999999996078,440.30000000003162,396.26999999996946,436,4403,3967,4403,0.10000000000000718,0.10000000000000001,0.10000000000000001,0,0,436,0,1,1,1,1,1
windows_msvc_cpu,cpu,32,isolated,4,1,1,1,3,20,0.0077728028022092952,-0.076223218533677112,0.00077728028022093466,-0.0076223218533675247,0.0069955225219883602,-0.068600896680309581,0.00678020517860424,-0.068725631364056128,0.099999999999997591,396.7000000000217,357.02999999998036,393,3967,3574,3967,0.10000000000000547,0.10000000000000001,0.10000000000000001,0,0,393,0,1,1,1,1,1
windows_msvc_cpu,cpu,32,isolated,4,1,1,1,3,21,0.006780205178604528,-0.068725631364056336,0.00067802051786045243,-0.006872563136405537,0.0061021846607440759,-0.061853068227650798,0.0057418880722372289,-0.061405118600508943,0.099999999999998618,357.40000000001277,321.65999999999019,390,3574,3184,3574,0.10000000000000357,0.10000000000000001,0.10000000000000001,0,0,390,0,1,1,1,1,1
windows_msvc_cpu,cpu,32,isolated,4,1,1,1,3,22,0.0057418880722374917,-0.061405118600509206,0.00057418880722374672,-0.0061405118600508842,0.0051676992650137449,-0.05526460674045832,0.0057830638001266895,-0.055094531717238548,0.099999999999999409,318.4000000000039,286.55999999999995,320,3184,2864,3184,0.10000000000000123,0.10000000000000001,0.10000000000000001,0,0,320,0,1,1,1,1,1
windows_msvc_cpu,cpu,32,isolated,4,1,1,1,3,23,0.0057830638001269254,-0.055094531717238764,0.00057830638001269178,-0.0055094531717238653,0.0052047574201142333,-0.049585078545514902,0.0049550962063591459,-0.049733001577100595,0.099999999999999784,286.39999999999662,257.76000000000795,284,2864,2580,2864,0.099999999999998826,0.10000000000000001,0.10000000000000001,0,0,284,0,1,1,1,1,1
windows_msvc_cpu,cpu,32,isolated,4,1,1,1,3,24,0.004955096206359361,-0.049733001577100748,0.00049550962063593413,-0.0049733001577100767,0.004459586585723427,-0.044759701419390674,0.0047502302987906661,-0.045230194839145088,0.10000000000000005,257.99999999999017,232.20000000000752,232,2580,2348,2580,0.099999999999996189,0.10000000000000001,0.10000000000000001,0,0,232,0,1,1,1,1,1
windows_msvc_cpu,cpu,32,isolated,4,1,1,1,3,25,0.0047502302987908508,-0.045230194839145206,0.00047502302987908226,-0.004523019483914534,0.0042752072689117683,-0.040707175355230669,0.0045492111949901031,-0.04083872288593593,0.10000000000000028,234.79999999999094,211.32000000000673,225,2348,2123,2348,0.099999999999996148,0.10000000000000001,0.10000000000000001,0,0,225,0,1,1,1,1,1
windows_msvc_cpu,cpu,32,isolated,4,1,1,1,3,26,0.0045492111949902801,-0.040838722885936013,0.00045492111949902542,-0.0040838722885936339,0.0040942900754912543,-0.036754850597342376,0.0039768463641502759,-0.03695496624610542,0.10000000000000077,212.29999999999222,191.07000000000596,205,2123,1918,2123,0.099999999999996342,0.10000000000000001,0.10000000000000001,0,0,205,0,1,1,1,1,1
windows_msvc_cpu,cpu,32,isolated,4,1,1,1,3,27,0.0039768463641504416,-0.036954966246105482,0.00039768463641504033,-0.0036954966246105884,0.0035791617277354014,-0.033259469621494897,0.003360022546383741,-0.033734168016715471,0.10000000000000109,191.79999999999339,172.62000000000526,176,1918,1742,1918,0.09999999999999655,0.10000000000000001,0.10000000000000001,0,0,176,0,1,1,1,1,1
windows_msvc_cpu,cpu,32,isolated,4,1,1,1,3,28,0.003360022546383892,-0.03373416801671552,0.00033600225463838564,-0.0033734168016715956,0.0030240202917455063,-0.030360751215043925,0.0028500395355721465,-0.03038185948675922,0.10000000000000125,174.19999999999439,156.78000000000466,170,1742,1572,1742,0.099999999999996786,0.10000000000000001,0.10000000000000001,0,0,170,0,1,1,1,1,1
windows_msvc_cpu,cpu,32,isolated,4,1,1,1,3,29,0.0028500395355722827,-0.030381859486759224,0.00028500395355722595,-0.0030381859486759708,0.0025650355820150566,-0.027343673538083254,0.002517078138045296,-0.027607874111370424,0.10000000000000157,157.19999999999536,141.48000000000408,146,1572,1426,1572,0.09999999999999705,0.10000000000000001,0.10000000000000001,0,0,146,0,1,1,1,1,1
windows_msvc_cpu,cpu,32,isolated,4,1,1,1,3,30,0.0025170781380454122,-0.027607874111370431,0.00025170781380453992,-0.0027607874111370838,0.0022653703242408721,-0.024847086700233348,0.0024641645420567901,-0.024551546195078881,0.10000000000000145,142.59999999999619,128.34000000000358,157,1426,1269,1426,0.099999999999997327,0.10000000000000001,0.10000000000000001,0,0,157,0,1,1,1,1,1
windows_msvc_cpu,cpu,32,isolated,4,1,1,1,3,31,0.0024641645420568942,-0.024551546195078894,0.00024641645420568842,-0.0024551546195079191,0.0022177480878512058,-0.022096391575570976,0.0020785858145077282,-0.021820061654311568,0.10000000000000121,126.89999999999706,114.21000000000306,146,1269,1123,1269,0.099999999999997688,0.10000000000000001,0.10000000000000001,0,0,146,0,1,1,1,1,1
windows_msvc_cpu,cpu,32,coupled,4,1,1,1,3,0,0.062500000000003025,-0.63457314922558761,0.0045998988744775518,-0.046703557038341573,0.057900101125525474,-0.58786959218724599,0.057768046252208487,-0.58743742711510216,0.073598381991638095,2173.1825583679374,2016.1216419197531,2190,32768,30578,32768,0.066320268504880903,0.050384456578576625,0.10000000000000001,0.11493330288820706,0.17513646154395418,2190,0,1,1,1,1,1
windows_msvc_cpu,cpu,32,coupled,4,1,1,1,3,1,0.057768046252211123,-0.58743742711510216,0.0022158778435786971,-0.022449703091411272,0.055552168408632426,-0.56498772402369091,0.055119856953020969,-0.56375141342426915,0.038217689633185885,866.0059887006089,815.31803814581883,911,30578,29667,30578,0.028321210958879222,0.0073984454592224058,0.090486734946200326,0.43573903043577267,0.66527530878154817,911,0,1,1,1,1,1
windows_msvc_cpu,cpu,32,coupled,4,1,1,1,3,2,0.055119856953023454,-0.56375141342426915,0.00056421212345090176,-0.0057328520097980271,0.05455564482957255,-0.55801856141447115,0.054367130311981857,-0.55822675023603097,0.010169747586068621,210.25144411464143,206.0127524322136,205,29667,29462,29667,0.0070870476999575771,0.00047756782843862936,0.04770456474905025,0.88738262738112406,1.3654044851350189,205,0,1,1,1,1,1
windows_msvc_cpu,cpu,32,coupled,4,1,1,1,3,3,0.054367130311984341,-0.55822675023603097,0.0001363060265002692,-0.0013960494378382645,0.054230824285484071,-0.55683070079819275,0.054056571112265341,-0.55645960073934997,0.0025009234251405685,51.286971404586581,51.06264134512071,64,29462,29398,29462,0.0017407837690783579,2.783265318308834e-05,0.014328861448426692,1.2742261835076021,2.091639131138781,64,0,1,1,1,1,1
windows_msvc_cpu,cpu,32,coupled,4,1,1,1,3,4,0.054056571112267832,-0.55645960073934997,0.00014107872654654848,-0.0014464284395216257,0.053915492385721284,-0.55501317229982838,0.053835571811277433,-0.55496020094156662,0.0025994394327027537,51.736471900544856,51.475837722684219,55,29398,29343,29398,0.001759863660811785,8.5850422798779612e-06,0.015193325028636184,1.3504681657089501,2.3921457076442412,55,0,1,1,1,1,1
windows_msvc_cpu,cpu,32,coupled,4,1,1,1,3,5,0.053835571811279917,-0.55496020094156673,0.00039478705296662914,-0.0040385954034257701,0.053440784758313285,-0.55092160553814096,0.053460143148202299,-0.55103206166386798,0.0072777917564256795,143.26002208085757,140.89977143262405,141,29343,29202,29343,0.0048822554640240452,2.1981066996983948e-05,0.034344071053295754,1.1310053023148243,2.1519424682251298,141,0,1,1,1,1,1
windows_msvc_cpu,cpu,32,coupled,4,1,1,1,3,6,0.053460143148204735,-0.55103206166386798,0.0010386118818142363,-0.010637607582362853,0.0524215312663905,-0.5403944540815051,0.052732733490817453,-0.54111676709144452,0.01930602557117593,402.33545570885786,388.58032560369139,373,29202,28829,29202,0.013777667821000544,0.00032877788734968997,0.062870575265003489,0.72508737057471095,1.4607856723010839,373,0,1,1,1,1,1
windows_msvc_cpu,cpu,32,coupled,4,1,1,1,3,7,0.052732733490819868,-0.54111676709144452,0.0019597995850593633,-0.02011066408606272,0.050772933905760508,-0.52100610300538175,0.050648005629787135,-0.52050174976188834,0.037165106586238811,877.20454515038307,838.31015823030918,888,28829,27941,28829,0.030427851994532695,0.0046537095148938791,0.083320032183162029,0.36766082784368825,0.78372267547396779,888,0,1,1,1,1,1
windows_msvc_cpu,cpu,32,coupled,4,1,1,1,3,8,0.050648005629789362,-0.52050174976188845,0.0026150664013185987,-0.026710728373029315,0.048032939228470767,-0.49379102138885916,0.04788395828499014,-0.49443318832182437,0.051320222785512522,1329.9342731333234,1261.2089005697349,1329,27941,26612,27941,0.047597948288655503,0.019078280508648095,0.091391970513765061,0.1996203004760157,0.42325282321671043,1329,0,1,1,1,1,1
windows_msvc_cpu,cpu,32,coupled,4,1,1,1,3,9,0.047883958284992173,-0.49443318832182442,0.0029257555848709376,-0.029503886510964146,0.044958202700121234,-0.46492930181086028,0.045155427570139128,-0.46490474900176565,0.059685416743884626,1600.0656331204516,1497.1761888492479,1589,26612,25023,26612,0.060125718965897024,0.016660206704596382,0.094558216736449763,0.13993775677856693,0.45787899485577194,1589,0,1,1,1,1,1
windows_msvc_cpu,cpu,32,coupled,4,1,1,1,3,10,0.045155427570140932,-0.4649047490017657,0.0026701855039484726,-0.026857202351162721,0.042485242066192461,-0.43804754665060297,0.042915411424162234,-0.43948778944608596,0.057782005093083677,1466.4510154227162,1370.9510798846541,1405,25023,23618,25023,0.058604124822072341,0.0093226577015027273,0.095072669853209613,0.15367105278071314,0.60621125293571476,1405,0,1,1,1,1,1
windows_msvc_cpu,cpu,32,coupled,4,1,1,1,3,11,0.042915411424163809,-0.43948778944608602,0.0021873037499471524,-0.022388429229547833,0.040728107674216654,-0.41709936021653821,0.040038252773425126,-0.41795583189207902,0.050942338856100902,1145.1440738119161,1085.7550735078671,1102,23618,22516,23618,0.048486073071890762,0.01870095699098499,0.092245276226479003,0.19302707605838992,0.42835648845125851,1102,0,1,1,1,1,1
windows_msvc_cpu,cpu,32,coupled,4,1,1,1,3,12,0.040038252773426382,-0.41795583189207908,0.001361120281238973,-0.014351329028647348,0.038677132492187412,-0.40360450286343175,0.037900948975115638,-0.4030430357006754,0.034333846304610616,721.83529336943525,689.51523427917425,756,22516,21760,22516,0.032058771245755693,0.0023627383031996235,0.07974932061873595,0.35156338649582586,0.95690614263448714,756,0,1,1,1,1,1
windows_msvc_cpu,cpu,32,coupled,4,1,1,1,3,13,0.037900948975116769,-0.40304303570067546,0.00063163227080416699,-0.0070921367734422484,0.037269316704312605,-0.39595089892723323,0.037500639168680967,-0.3965767715624412,0.017588313384037581,356.91080904003292,344.94698353501047,316,21760,21444,21760,0.016402151150736805,0.00023210179330070539,0.068004285622071878,0.64908018923075317,1.5497495627900968,316,0,1,1,1,1,1
windows_msvc_cpu,cpu,32,coupled,4,1,1,1,3,14,0.037500639168682057,-0.39657677156244125,0.00033898296783333972,-0.0036983194921677682,0.037161656200848714,-0.3928784520702735,0.036690230555971759,-0.39282244817441109,0.0093230713524345508,163.37412697050979,160.70742705154021,165,21444,21279,21444,0.0076186405041274849,1.9612595608646003e-05,0.039762508020686302,0.94330209990267511,2.1810709663915842,165,0,1,1,1,1,1
windows_msvc_cpu,cpu,32,coupled,4,1,1,1,3,15,0.036690230555972793,-0.39282244817441114,0.00032565694954799472,-0.0034630566879443603,0.036364573606424797,-0.38935939148646681,0.036281336854929548,-0.38981494923348414,0.008816350999114618,133.55678308883833,131.15949718990404,117,21279,21162,21279,0.006276459565244529,8.4437363570303202e-06,0.046687023825923199,1.0689303523691742,2.396385981309562,117,0,1,1,1,1,1
windows_msvc_cpu,cpu,32,coupled,4,1,1,1,3,16,0.036281336854930561,-0.3898149492334842,0.00046217838535949241,-0.0049725213739093147,0.035819158469571066,-0.3848424278595749,0.035309686917932195,-0.38447764852307137,0.012755958252675599,199.10409232126773,194.51436143565911,209,21162,20953,21162,0.0094085668803169705,3.1528882833915266e-05,0.056405513044580385,0.88029802557731585,2.0597807955515361,209,0,1,1,1,1,1
windows_msvc_cpu,cpu,32,coupled,4,1,1,1,3,17,0.03530968691793316,-0.38447764852307142,0.00073431567406112672,-0.0084524813054493615,0.034575371243872034,-0.37602516721762208,0.034655356306036826,-0.37599697891605477,0.021974389161936444,383.51362520945867,371.82254533152792,386,20953,20567,20953,0.018303518599220095,0.00034524486922038542,0.064883144339850152,0.55234708974574753,1.4482993963665027,386,0,1,1,1,1,1
windows_msvc_cpu,cpu,32,coupled,4,1,1,1,3,18,0.034655356306037714,-0.37599697891605482,0.0013424462986675386,-0.015006560659483775,0.033312910007370175,-0.36099041825657108,0.033217599676556915,-0.36007564007736681,0.039901494121013799,742.38376297354034,710.69226252440001,783,20567,19784,20567,0.036095870227721122,0.0048021416240963512,0.078552916036711454,0.28696366969649961,0.77570091002081898,783,0,1,1,1,1,1
windows_msvc_cpu,cpu,32,coupled,4,1,1,1,3,19,0.033217599676557637,-0.36007564007736687,0.0018168660814208287,-0.019561080847195447,0.031400733595136808,-0.34051455923017143,0.031091370613574851,-0.34011062195023317,0.054328051823726214,1031.253886381108,975.51736930964751,1050,19784,18734,19784,0.052125651353675091,0.018594419519009343,0.085631498434206477,0.17126424410827698,0.42981616162012465,1050,0,1,1,1,1,1
windows_msvc_cpu,cpu,32,coupled,4,1,1,1,3,20,0.03109137061357516,-0.34011062195023323,0.0017779211011110523,-0.019018849830232856,0.029313449512464108,-0.3210917721200004,0.02958060100829879,-0.32106654183623556,0.055930076358223647,1025.8293502005445,966.22066522664852,1048,18734,17686,18734,0.054757625184186212,0.01194437753491585,0.089096345868024146,0.1632007142894803,0.54289707088396955,1048,0,1,1,1,1,1
windows_msvc_cpu,cpu,32,coupled,4,1,1,1,3,21,0.029580601008299102,-0.32106654183623562,0.00189751189239578,-0.020605063286967505,0.027683089115903323,-0.30046147854926814,0.028091014034407478,-0.29990359613378947,0.064176674295903041,1113.923406435601,1041.34201441799,1128,17686,16558,17686,0.06298334312086401,0.018284370935137042,0.090023700628533279,0.12300205229801668,0.43411222191809573,1128,0,1,1,1,1,1
windows_msvc_cpu,cpu,32,coupled,4,1,1,1,3,22,0.028091014034407814,-0.29990359613378953,0.0018428095740307853,-0.019763663488254278,0.026248204460377029,-0.28013993264553527,0.027647068933072561,-0.27986592656019987,0.065897457490163264,1091.045274597818,1017.7618299742741,1106,16558,15452,16558,0.065892334496788135,0.029484431738773121,0.089194663233403956,0.10924546995513959,0.3120341932667105,1106,0,1,1,1,1,1
windows_msvc_cpu,cpu,32,coupled,4,1,1,1,3,23,0.027647068933072904,-0.27986592656019993,0.0014510432618132397,-0.014370214120376406,0.026196025671259664,-0.26549571243982351,0.024879180596008951,-0.26595152582373405,0.051357775615147823,770.65940256725526,730.0959263912182,755,15452,14697,15452,0.049874411245615792,0.013872440563485359,0.085556367028562619,0.18520675606292308,0.50466437310793466,755,0,1,1,1,1,1
windows_msvc_cpu,cpu,32,coupled,4,1,1,1,3,24,0.024879180596009333,-0.2659515258237341,0.00081878703404343438,-0.0078844086152918894,0.024060393561965897,-0.25806711720844222,0.023687262290456885,-0.25862374743131278,0.029674356776120566,367.16893443467512,355.06637025227457,348,14697,14349,14697,0.024982577018076827,0.0015910891660253627,0.080117971914442754,0.39641938186273634,1.057928248073686,348,0,1,1,1,1,1
windows_msvc_cpu,cpu,32,coupled,4,1,1,1,3,25,0.023687262290457291,-0.25862374743131283,0.00051520779968085165,-0.0048509117821554822,0.023172054490776438,-0.25377283564915737,0.02316570213845328,-0.25421498347562943,0.018781542014790879,197.61353543047841,191.94975831422781,188,14349,14161,14349,0.013771937795698543,0.00023225896881015753,0.069616061591741649,0.63540416552647949,1.5495766064723993,188,0,1,1,1,1,1
windows_msvc_cpu,cpu,32,coupled,4,1,1,1,3,26,0.023165702138453668,-0.25421498347562949,0.00042062957634762924,-0.0038973773102868254,0.02274507256210604,-0.25031760616534265,0.022648400005355201,-0.25117417424115684,0.01535430629919636,161.66700498878782,158.090475590887,128,14161,14033,14161,0.011416355129495645,0.00011539484419604942,0.068659283115029932,0.68629149623039798,1.7282914508663727,128,0,1,1,1,1,1
windows_msvc_cpu,cpu,32,coupled,4,1,1,1,3,27,0.022648400005355594,-0.2511741742411569,0.00049476123923300746,-0.0045101120957500816,0.022153638766122585,-0.24666406214540681,0.022264638096390184,-0.24747334205732108,0.017987480576260984,211.48010674037855,206.85832812145844,186,14033,13847,14033,0.015070199297397458,0.00025012486736783473,0.062114964995570621,0.55993396116325844,1.5306428030587189,186,0,1,1,1,1,1
windows_msvc_cpu,cpu,32,coupled,4,1,1,1,3,28,0.022264638096390604,-0.24747334205732116,0.00081210873966316044,-0.0077571539662080477,0.021452529356727444,-0.23971618809111311,0.020954096454133653,-0.24031307268794158,0.031386601176070943,401.7886544843762,387.7393133498075,393,13847,13454,13847,0.029016296272432743,0.0014352853924052529,0.071383522811130445,0.35384655846807966,1.0842579821362797,393,0,1,1,1,1,1
windows_msvc_cpu,cpu,32,coupled,4,1,1,1,3,29,0.020954096454134121,-0.24031307268794166,0.00097430888366516297,-0.010714039323489992,0.019979787570468959,-0.22959903336445167,0.021454604858238448,-0.22969419327333707,0.044598111926467295,572.94746984294068,546.64216541737244,561,13454,12893,13454,0.042585660015084043,0.0086829464250134155,0.077343398192792165,0.2303691903055802,0.62437335842160158,561,0,1,1,1,1,1
windows_msvc_cpu,cpu,32,coupled,4,1,1,1,3,30,0.021454604858238836,-0.22969419327333715,0.00093700867291082832,-0.01082367847898706,0.020517596185328009,-0.2188705147943501,0.020285593427152637,-0.21907037604773771,0.047092302062103276,578.00769317057484,550.7310108233138,580,12893,12313,12893,0.044831124887192653,0.014322922869876634,0.078701355649511501,0.21227917592260087,0.49649960129724174,580,0,1,1,1,1,1
windows_msvc_cpu,cpu,32,coupled,4,1,1,1,3,31,0.02028559342715305,-0.2190703760477378,0.00089296543943965373,-0.010966830054068094,0.019392627987713396,-0.2081035459936697,0.019642483751228748,-0.20841769397183932,0.050009403685225516,580.01722815962842,549.84825138730946,559,12313,11754,12313,0.047106085288689065,0.0079884911017550492,0.083337554167559599,0.20809702748646067,0.64567091081633221,559,0,1,1,1,1,1
windows_msvc_cpu,cpu,32,isolated,5,1,1,1,3,0,0.062500000000003025,-0.63457314922558761,0.0062500000000000394,-0.06345731492256329,0.056250000000002985,-0.57111583430302426,0.054714567526903408,-0.57048100849613004,0.10000000000000701,3276.7999999981153,2949.1200000006443,3283,32768,29485,32768,0.099999999999942482,0.10000000000000001,0.10000000000000001,0,0,3283,0,1,1,1,1,1
windows_msvc_cpu,cpu,32,isolated,5,1,1,1,3,1,0.054714567526905837,-0.57048100849613015,0.0054714567526903644,-0.057048100849616049,0.049243110774215476,-0.51343290764651406,0.046468602568896462,-0.51411233284636115,0.10000000000000524,2948.4999999984138,2653.6500000001665,2936,29485,26549,29485,0.099999999999946201,0.10000000000000001,0.10000000000000001,0,0,2936,0,1,1,1,1,1
windows_msvc_cpu,cpu,32,isolated,5,1,1,1,3,2,0.046468602568898246,-0.51411233284636115,0.0046468602568896606,-0.051411233284638182,0.041821742312008588,-0.46270109956172295,0.04170008089406519,-0.46090735023885626,0.10000000000000395,2654.8999999986809,2389.4099999997393,2727,26549,23822,26549,0.099999999999950309,0.10000000000000001,0.10000000000000001,0,0,2727,0,1,1,1,1,1
windows_msvc_cpu,cpu,32,isolated,5,1,1,1,3,3,0.041700080894066606,-0.46090735023885632,0.0041700080894065215,-0.046090735023886623,0.037530072804660086,-0.41481661521496971,0.036687633395992438,-0.41540840817658975,0.10000000000000209,2382.1999999989289,2143.9799999993425,2349,23822,21473,23822,0.099999999999955042,0.10000000000000001,0.10000000000000001,0,0,2349,0,1,1,1,1,1
windows_msvc_cpu,cpu,32,isolated,5,1,1,1,3,4,0.036687633395993492,-0.41540840817658981,0.0036687633395992439,-0.041540840817659186,0.033018870056394249,-0.37386756735893062,0.034102266180668007,-0.37342320379881955,0.10000000000000045,2147.2999999991425,1932.5699999992921,2119,21473,19354,21473,0.099999999999960065,0.10000000000000001,0.10000000000000001,0,0,2119,0,1,1,1,1,1
windows_msvc_cpu,cpu,32,isolated,5,1,1,1,3,5,0.034102266180668799,-0.3734232037988196,0.0034102266180668322,-0.037342320379881416,0.030692039562601966,-0.33608088341893816,0.033084510488008131,-0.33678632895111643,0.099999999999998548,1935.3999999993353,1741.8599999994656,1907,19354,17447,19354,0.099999999999965658,0.10000000000000001,0.10000000000000001,0,0,1907,0,1,1,1,1,1
windows_msvc_cpu,cpu,32,isolated,5,1,1,1,3,6,0.033084510488008749,-0.33678632895111649,0.0033084510488008592,-0.033678632895110486,0.029776059439207889,-0.30310769605600602,0.029192063667743115,-0.30234385649203549,0.099999999999996564,1744.6999999995087,1570.2299999996217,1761,17447,15686,17447,0.099999999999971834,0.10000000000000001,0.10000000000000001,0,0,1761,0,1,1,1,1,1
windows_msvc_cpu,cpu,32,isolated,5,1,1,1,3,7,0.029192063667743365,-0.30234385649203549,0.0029192063667743697,-0.030234385649202007,0.026272857300968996,-0.27210947084283349,0.026436685321996292,-0.27174570108727208,0.099999999999994954,1568.5999999996689,1411.7399999997658,1592,15686,14094,15686,0.099999999999978884,0.10000000000000001,0.10000000000000001,0,0,1592,0,1,1,1,1,1
windows_msvc_cpu,cpu,32,isolated,5,1,1,1,3,8,0.02643668532199657,-0.27174570108727214,0.0026436685321996954,-0.027174570108726256,0.023793016789796874,-0.24457113097854588,0.024023330173066387,-0.2448706304723624,0.099999999999996522,1409.3999999998136,1268.4599999998961,1411,14094,12683,14094,0.09999999999998678,0.10000000000000001,0.10000000000000001,0,0,1411,0,1,1,1,1,1
windows_msvc_cpu,cpu,32,isolated,5,1,1,1,3,9,0.02402333017306665,-0.24487063047236246,0.0024023330173067172,-0.024487063047235507,0.021620997155759932,-0.22038356742512696,0.021607820871250152,-0.2205368286224606,0.099999999999997036,1268.299999999942,1141.4700000000116,1298,12683,11385,12683,0.099999999999995426,0.10000000000000001,0.10000000000000001,0,0,1298,0,1,1,1,1,1
windows_msvc_cpu,cpu,32,isolated,5,1,1,1,3,10,0.021607820871250457,-0.22053682862246071,0.0021607820871251226,-0.02205368286224528,0.019447038784125334,-0.19848314576021542,0.019456171363042944,-0.19747481447075416,0.099999999999996467,1138.50000000006,1024.6500000001179,1182,11385,10203,11385,0.10000000000000528,0.10000000000000001,0.10000000000000001,0,0,1182,0,1,1,1,1,1
windows_msvc_cpu,cpu,32,isolated,5,1,1,1,3,11,0.01945617136304326,-0.1974748144707543,0.0019456171363044187,-0.019747481447074611,0.017510554226738841,-0.17772733302367968,0.016977433905476302,-0.17735862537973357,0.099999999999995925,1020.3000000001634,918.27000000008104,1047,10203,9156,10203,0.10000000000001602,0.10000000000000001,0.10000000000000001,0,0,1047,0,1,1,1,1,1
windows_msvc_cpu,cpu,32,isolated,5,1,1,1,3,12,0.016977433905476704,-0.17735862537973368,0.0016977433905477437,-0.017735862537972543,0.015279690514928961,-0.15962276284176113,0.015230541446349406,-0.15943583397742062,0.099999999999995412,915.60000000013963,824.04000000004771,924,9156,8232,9156,0.10000000000001524,0.10000000000000001,0.10000000000000001,0,0,924,0,1,1,1,1,1
windows_msvc_cpu,cpu,32,isolated,5,1,1,1,3,13,0.015230541446349916,-0.15943583397742075,0.0015230541446350364,-0.015943583397741212,0.01370748730171488,-0.14349225057967954,0.013948601378896381,-0.14426277249572661,0.099999999999994663,823.20000000011862,740.8800000000183,782,8232,7450,8232,0.10000000000001441,0.10000000000000001,0.10000000000000001,0,0,782,0,1,1,1,1,1
windows_msvc_cpu,cpu,32,isolated,5,1,1,1,3,14,0.013948601378896841,-0.14426277249572675,0.0013948601378897217,-0.014426277249571809,0.012553741241007119,-0.12983649524615493,0.013087650524344919,-0.12984341473052358,0.09999999999999408,745.00000000010084,670.49999999999341,730,7450,6720,7450,0.10000000000001354,0.10000000000000001,0.10000000000000001,0,0,730,0,1,1,1,1,1
windows_msvc_cpu,cpu,32,isolated,5,1,1,1,3,15,0.013087650524345355,-0.12984341473052369,0.0013087650524345638,-0.012984341473051443,0.011778885471910791,-0.11685907325747225,0.010937067933841065,-0.11652990207787441,0.09999999999999297,672.00000000008424,604.79999999997017,671,6720,6049,6720,0.10000000000001254,0.10000000000000001,0.10000000000000001,0,0,671,0,1,1,1,1,1
windows_msvc_cpu,cpu,32,isolated,5,1,1,1,3,16,0.010937067933841509,-0.11652990207787454,0.0010937067933841679,-0.011652990207786606,0.0098433611404573421,-0.10487691187008794,0.0087488101804655237,-0.10543991945803653,0.099999999999992803,604.90000000006899,544.40999999994881,584,6049,5465,6049,0.1000000000000114,0.10000000000000001,0.10000000000000001,0,0,584,0,1,1,1,1,1
windows_msvc_cpu,cpu,32,isolated,5,1,1,1,3,17,0.0087488101804659348,-0.10543991945803666,0.00087488101804660456,-0.010543991945802996,0.0078739291624193297,-0.094895927512233663,0.008126061420842089,-0.094395200656825787,0.099999999999993705,546.50000000005571,491.8499999999429,581,5465,4884,5465,0.10000000000001019,0.10000000000000001,0.10000000000000001,0,0,581,0,1,1,1,1,1
windows_msvc_cpu,cpu,32,isolated,5,1,1,1,3,18,0.0081260614208424706,-0.094395200656825967,0.00081260614208425398,-0.0094395200656821072,0.007313455278758217,-0.084955680591143862,0.0074252446542542282,-0.085402343898742503,0.099999999999994843,488.40000000004255,439.55999999995743,479,4884,4405,4884,0.10000000000000871,0.10000000000000001,0.10000000000000001,0,0,479,0,1,1,1,1,1
windows_msvc_cpu,cpu,32,isolated,5,1,1,1,3,19,0.0074252446542545604,-0.085402343898742697,0.00074252446542546373,-0.0085402343898739099,0.006682720188829097,-0.076862109508868792,0.0063852237786409544,-0.077475819790068484,0.099999999999995842,440.50000000003166,396.44999999996941,417,4405,3988,4405,0.10000000000000719,0.10000000000000001,0.10000000000000001,0,0,417,0,1,1,1,1,1
windows_msvc_cpu,cpu,32,isolated,5,1,1,1,3,20,0.0063852237786412537,-0.077475819790068706,0.00063852237786412561,-0.0077475819790066231,0.0057467014007771284,-0.069728237811062077,0.0065249256455440878,-0.069075547121390315,0.099999999999996841,398.80000000002218,358.91999999997984,415,3988,3573,3988,0.10000000000000556,0.10000000000000001,0.10000000000000001,0,0,415,0,1,1,1,1,1
windows_msvc_cpu,cpu,32,isolated,5,1,1,1,3,21,0.0065249256455443541,-0.069075547121390551,0.00065249256455443539,-0.0069075547121389101,0.0058724330809899186,-0.062167992409251638,0.0057649481003378428,-0.061796010748933858,0.099999999999997924,357.30000000001274,321.56999999999022,381,3573,3192,3573,0.10000000000000357,0.10000000000000001,0.10000000000000001,0,0,381,0,1,1,1,1,1
windows_msvc_cpu,cpu,32,isolated,5,1,1,1,3,22,0.0057649481003380935,-0.061796010748934191,0.00057649481003380152,-0.0061796010748933518,0.0051884532903042919,-0.055616409674040843,0.0053377671836624101,-0.055171206755729375,0.099999999999998909,319.20000000000408,287.27999999999975,349,3192,2843,3192,0.10000000000000128,0.10000000000000001,0.10000000000000001,0,0,349,0,1,1,1,1,1
windows_msvc_cpu,cpu,32,isolated,5,1,1,1,3,23,0.0053377671836626426,-0.055171206755729653,0.00053377671836625572,-0.0055171206755729183,0.0048039904652963867,-0.049654086080156735,0.0043554604527511736,-0.049662562130814845,0.099999999999999159,284.29999999999615,255.87000000000842,297,2843,2546,2843,0.099999999999998646,0.10000000000000001,0.10000000000000001,0,0,297,0,1,1,1,1,1
windows_msvc_cpu,cpu,32,isolated,5,1,1,1,3,24,0.0043554604527513852,-0.049662562130815067,0.00043554604527512938,-0.004966256213081474,0.0039199144074762559,-0.044696305917733596,0.0039715403693838837,-0.044718162861213204,0.099999999999999339,254.59999999998982,229.1400000000074,238,2546,2308,2546,0.099999999999995995,0.10000000000000001,0.10000000000000001,0,0,238,0,1,1,1,1,1
windows_msvc_cpu,cpu,32,isolated,5,1,1,1,3,25,0.0039715403693840788,-0.044718162861213377,0.00039715403693840046,-0.0044718162861213297,0.0035743863324456783,-0.040246346575092046,0.003294978754808425,-0.040302830465125734,0.099999999999999811,230.79999999999117,207.72000000000659,224,2308,2084,2308,0.099999999999996175,0.10000000000000001,0.10000000000000001,0,0,224,0,1,1,1,1,1
windows_msvc_cpu,cpu,32,isolated,5,1,1,1,3,26,0.0032949787548085985,-0.040302830465125859,0.00032949787548085778,-0.0040302830465126028,0.0029654808793277408,-0.036272547418613257,0.0031248104251428038,-0.035394206639409183,0.10000000000000039,208.39999999999245,187.56000000000583,238,2084,1846,2084,0.09999999999999637,0.10000000000000001,0.10000000000000001,0,0,238,0,1,1,1,1,1
windows_msvc_cpu,cpu,32,isolated,5,1,1,1,3,27,0.0031248104251429556,-0.035394206639409266,0.0003124810425142935,-0.0035394206639409636,0.002812329382628662,-0.0318547859754683,0.0025241083705822213,-0.031773827548585154,0.10000000000000102,184.5999999999938,166.14000000000502,195,1846,1651,1846,0.099999999999996647,0.10000000000000001,0.10000000000000001,0,0,195,0,1,1,1,1,1
windows_msvc_cpu,cpu,32,isolated,5,1,1,1,3,28,0.0025241083705823592,-0.031773827548585182,0.00025241083705823545,-0.0031773827548585648,0.0022716975335241238,-0.028596444793726618,0.0020587575477235432,-0.028750588919982042,0.10000000000000145,165.09999999999491,148.59000000000435,151,1651,1500,1651,0.099999999999996911,0.10000000000000001,0.10000000000000001,0,0,151,0,1,1,1,1,1
windows_msvc_cpu,cpu,32,isolated,5,1,1,1,3,29,0.0020587575477236638,-0.028750588919982049,0.00020587575477236814,-0.0028750588919982476,0.0018528817929512956,-0.025875530027983804,0.002151396879945592,-0.025372706274230723,0.10000000000000148,149.99999999999577,135.00000000000384,171,1500,1329,1500,0.099999999999997174,0.10000000000000001,0.10000000000000001,0,0,171,0,1,1,1,1,1
windows_msvc_cpu,cpu,32,isolated,5,1,1,1,3,30,0.0021513968799456999,-0.02537270627423073,0.00021513968799457108,-0.0025372706274231068,0.0019362571919511289,-0.022835435646807623,0.002362277906978389,-0.022832714527820038,0.10000000000000132,132.89999999999674,119.61000000000327,133,1329,1196,1329,0.099999999999997549,0.10000000000000001,0.10000000000000001,0,0,133,0,1,1,1,1,1
windows_msvc_cpu,cpu,32,isolated,5,1,1,1,3,31,0.00236227790697849,-0.022832714527820049,0.00023622779069784949,-0.0022832714527820284,0.0021260501162806405,-0.020549443075038022,0.0020910715841051214,-0.020146841729214333,0.10000000000000102,119.59999999999748,107.64000000000281,141,1196,1055,1196,0.099999999999997896,0.10000000000000001,0.10000000000000001,0,0,141,0,1,1,1,1,1
windows_msvc_cpu,cpu,32,coupled,5,1,1,1,3,0,0.062500000000003025,-0.63457314922558761,0.0045998988744775518,-0.046703557038341573,0.057900101125525474,-0.58786959218724599,0.055417286760592273,-0.58742162024349787,0.073598381991638095,2173.1825583679374,2016.1216419197531,2195,32768,30573,32768,0.066320268504880903,0.050384456578576625,0.10000000000000001,0.11493330288820706,0.17513646154395418,2195,0,1,1,1,1,1
windows_msvc_cpu,cpu,32,coupled,5,1,1,1,3,1,0.05541728676059475,-0.58742162024349787,0.0021681871682442716,-0.022441752351741534,0.053249099592350475,-0.56497986789175636,0.05271708011291025,-0.56505957337119739,0.038211948166165438,865.53640919940585,814.92239500166829,859,30573,29714,30573,0.028310483406908248,0.0073984454592224058,0.090486734946200326,0.4357504618330616,0.66527530878154817,859,0,1,1,1,1,1
windows_msvc_cpu,cpu,32,coupled,5,1,1,1,3,2,0.052717080112912644,-0.5650595733711975,0.00054739546571348937,-0.0057341962248666778,0.052169684647199156,-0.55932537714633079,0.052429741364890342,-0.55860508676578013,0.01014998364129735,210.20099301147485,205.96375755145488,235,29714,29479,29714,0.0070741399007698338,0.00047229262571996832,0.046086252766378941,0.88807114722936076,1.3682423444655922,235,0,1,1,1,1,1
windows_msvc_cpu,cpu,32,coupled,5,1,1,1,3,3,0.052429741364892722,-0.55860508676578025,0.00012788686938879998,-0.0013935799733702688,0.052301854495503924,-0.55721150679240994,0.052503080377369352,-0.55728308307589136,0.0024942648339886489,51.145423811105061,50.921465281695923,48,29479,29431,29479,0.001734978249299673,2.7371046731217128e-05,0.014467759501055956,1.2758922231463183,2.0959120127378896,48,0,1,1,1,1,1
windows_msvc_cpu,cpu,32,coupled,5,1,1,1,3,4,0.052503080377371746,-0.55728308307589147,0.00013425315901091438,-0.0014453942317851764,0.052368827218360829,-0.55583768884410634,0.052368633522825905,-0.55572072763901159,0.0025933226214002241,51.61334618263318,51.352988538760691,56,29431,29375,29431,0.0017537068459322885,8.5145398790472415e-06,0.014094592136445847,1.352406897605801,2.3942525300167414,56,0,1,1,1,1,1
windows_msvc_cpu,cpu,32,coupled,5,1,1,1,3,5,0.052368633522828285,-0.55572072763901159,0.00038478098763919394,-0.0040337599902607298,0.051983852535189091,-0.55168696764875091,0.052047973620600825,-0.5522357427196638,0.0072593927645638219,142.85488996328547,140.49514840070773,122,29375,29253,29375,0.0048631451902395057,2.5888338560308129e-05,0.034563953781137663,1.1325536236333889,2.1101411581841454,122,0,1,1,1,1,1
windows_msvc_cpu,cpu,32,coupled,5,1,1,1,3,6,0.052047973620603191,-0.55223574271966391,0.0010248646298643732,-0.010655341945756779,0.051023108990738815,-0.54158040077390712,0.051032902775999221,-0.54125655529637062,0.019298400815546259,402.17470892998125,388.36541067230638,420,29253,28833,29253,0.013748152631524331,0.00032083926598686259,0.064219835896552932,0.7256368521508243,1.467030439854081,420,0,1,1,1,1,1
windows_msvc_cpu,cpu,32,coupled,5,1,1,1,3,7,0.051032902776001504,-0.54125655529637073,0.0019344442592472671,-0.020146812363534668,0.049098458516754234,-0.52110974293283607,0.049139958000383004,-0.52081192448782898,0.037228320111296447,877.7929535046261,838.8064576852538,899,28833,27934,28833,0.030444038202914234,0.0043029833174639577,0.081675453908926207,0.36756362527979547,0.80374201297405001,899,0,1,1,1,1,1
windows_msvc_cpu,cpu,32,coupled,5,1,1,1,3,8,0.049139958000385071,-0.52081192448782898,0.0025386788927565488,-0.026844160972328772,0.04660127910762852,-0.4939677635155002,0.046289733645006353,-0.49445366040601252,0.051543960454928442,1335.2206183148548,1266.0408997583027,1322,27934,26612,27934,0.04779912000840749,0.017952336854332184,0.091074027644217848,0.19846581746132794,0.43879445615645662,1322,0,1,1,1,1,1
windows_msvc_cpu,cpu,32,coupled,5,1,1,1,3,9,0.046289733645008185,-0.49445366040601257,0.0026898959317919161,-0.029585942921461442,0.043599837713216266,-0.46486771748455114,0.043618015327800026,-0.46466240868735315,0.059820630610253438,1602.5415882489224,1500.0044927617694,1631,26612,24981,26612,0.060218758013261778,0.019748766909114295,0.094098626485539294,0.13841959445616045,0.41442800364894128,1631,0,1,1,1,1,1
windows_msvc_cpu,cpu,32,coupled,5,1,1,1,3,10,0.04361801532780165,-0.4646624086873532,0.0023890496721296591,-0.027007147590980874,0.041228965655671988,-0.43765526109637232,0.041141819241813364,-0.43789091831192933,0.058092822949621481,1472.9893287305817,1377.0328692354501,1475,24981,23506,24981,0.058964386082646078,0.01447658685988505,0.093947873520218453,0.15096267062758661,0.49377314723297705,1475,0,1,1,1,1,1
windows_msvc_cpu,cpu,32,coupled,5,1,1,1,3,11,0.041141819241814738,-0.43789091831192933,0.0020969101827990255,-0.022611689740195604,0.039044909059015712,-0.41527922857173372,0.038318489705126066,-0.41440439398841472,0.051631861036293913,1159.3134948788809,1098.6204634089945,1198,23506,22308,23506,0.049319896829697986,0.021934700819051717,0.092192743806360319,0.1877704645327814,0.38760676507919062,1198,0,1,1,1,1,1
windows_msvc_cpu,cpu,32,coupled,5,1,1,1,3,12,0.038318489705127273,-0.41440439398841472,0.0013920865815176193,-0.014471896683373826,0.036926403123609654,-0.39993249730504088,0.036304286043739795,-0.39974212538625797,0.034934090013509132,729.37954181709074,696.60888868566917,736,22308,21572,22308,0.032695873310789436,0.0029192654312138614,0.078122795368796807,0.34263980696371371,0.90286686256686544,736,0,1,1,1,1,1
windows_msvc_cpu,cpu,32,coupled,5,1,1,1,3,13,0.036304286043740787,-0.39974212538625803,0.00069211490595911781,-0.0071636467052306257,0.035612171137781666,-0.39257847868102741,0.036235530775403098,-0.3924274575485529,0.017930025428703259,359.59042913202205,347.61030618559511,367,21572,21205,21572,0.016669313421658727,0.00024394250511148007,0.067634139558522224,0.63464700077611536,1.5370371764925088,367,0,1,1,1,1,1
windows_msvc_cpu,cpu,32,coupled,5,1,1,1,3,14,0.036235530775404014,-0.39242745754855296,0.00037955002339640681,-0.00373991336988769,0.035855980752007605,-0.38868754417866525,0.036160623919703941,-0.38890125321803587,0.0095381864227468589,163.62656360621926,160.95467769721421,158,21205,21047,21205,0.0077164142233538914,2.4030895573994676e-05,0.040627460752467669,0.92438756777847253,2.1291631144591445,158,0,1,1,1,1,1
windows_msvc_cpu,cpu,32,coupled,5,1,1,1,3,15,0.036160623919704885,-0.38890125321803592,0.00035903294580768083,-0.003534706655037747,0.035801590973897207,-0.38536654656299818,0.035824606089165746,-0.385056389781886,0.0090961557077471368,134.94682753778986,132.40651976415401,143,21047,20904,21047,0.0064116894349688725,1.0781762732713242e-05,0.046137967260607385,1.0470247413222062,2.3339358102114227,143,0,1,1,1,1,1
windows_msvc_cpu,cpu,32,coupled,5,1,1,1,3,16,0.035824606089166627,-0.38505638978188605,0.00050622619295462106,-0.0050081298069242488,0.035318379896212004,-0.38004825997496183,0.03480547277866064,-0.38017473928850581,0.013015874113763919,198.36627790507893,193.6312034256062,195,20904,20709,20904,0.0094893933173114675,5.839873986503891e-05,0.057940512517162812,0.86010189764458134,1.9022981028450983,195,0,1,1,1,1,1
windows_msvc_cpu,cpu,32,coupled,5,1,1,1,3,17,0.034805472778661486,-0.38017473928850587,0.00082628076404607932,-0.0085165640586339422,0.033979192014615404,-0.37165817522987193,0.034038978032312484,-0.37126773952203418,0.022412833018565195,383.96507945640587,372.36495589006626,402,20709,20307,20709,0.018540976360828909,0.00071309486501081368,0.069313282036401178,0.53549283676381398,1.2629756899485265,402,0,1,1,1,1,1
windows_msvc_cpu,cpu,32,coupled,5,1,1,1,3,18,0.034038978032313212,-0.37126773952203423,0.0014111247168598414,-0.015313625757895631,0.03262785331545337,-0.3559541137641386,0.032151444855269461,-0.35629306135825778,0.041248597262873582,759.29963216639612,726.33579606718331,758,20307,19549,20307,0.037391029308435325,0.0066761044155293119,0.078474399599252342,0.27441755011819391,0.69152333049873072,758,0,1,1,1,1,1
windows_msvc_cpu,cpu,32,coupled,5,1,1,1,3,19,0.032151444855269912,-0.35629306135825783,0.0017669671729160074,-0.019966292495137861,0.030384477682353903,-0.33632676886311996,0.029682560855422827,-0.33772813608480379,0.056030225476010775,1053.567617391619,994.93908531146485,984,19549,18565,19549,0.053893683430948851,0.014957731536032593,0.085453445581867682,0.1622000376120897,0.48541966717855412,984,0,1,1,1,1,1
windows_msvc_cpu,cpu,32,coupled,5,1,1,1,3,20,0.029682560855423118,-0.33772813608480384,0.0017685731592666347,-0.01931764799868951,0.027913987696156484,-0.31841048808611433,0.029176657868605845,-0.3188318325916315,0.057217086179715299,1039.7445436817436,978.47963324811212,1002,18565,17563,18565,0.056005631224440806,0.010870880742041152,0.090250592684322076,0.15588827130356706,0.56695749129588491,1002,0,1,1,1,1,1
windows_msvc_cpu,cpu,32,coupled,5,1,1,1,3,21,0.029176657868606137,-0.3188318325916315,0.0019969069314122231,-0.020813056223962581,0.027179750937193915,-0.29801877636766894,0.027375284883418768,-0.29677671329198785,0.065305370070172258,1123.9310488306312,1049.951749911399,1190,17563,16373,17563,0.063994252054354675,0.021581766016637086,0.092053467084166882,0.11805795498786904,0.39175112469937357,1190,0,1,1,1,1,1
windows_msvc_cpu,cpu,32,coupled,5,1,1,1,3,22,0.027375284883419081,-0.2967767132919879,0.0019215877792561685,-0.019774329842586494,0.025453697104162912,-0.27700238344940142,0.026921886519534189,-0.27685680534533458,0.066660396487052812,1089.5090233022079,1015.6762319960338,1093,16373,15280,16373,0.066543029579320095,0.022145392771051944,0.09016591939817907,0.1066063861749009,0.38516437066193149,1093,0,1,1,1,1,1
windows_msvc_cpu,cpu,32,coupled,5,1,1,1,3,23,0.026921886519534491,-0.27685680534533463,0.0013923610357089856,-0.014252368896050607,0.025529525483825505,-0.26260443644928405,0.025114816875083951,-0.26167913591583036,0.051481449400198595,764.78726339369814,724.12259648306951,838,15280,14442,15280,0.050051522473409563,0.013552464696653178,0.085968437251924185,0.18547626352499622,0.51062646751051566,838,0,1,1,1,1,1
windows_msvc_cpu,cpu,32,coupled,5,1,1,1,3,24,0.025114816875084274,-0.26167913591583036,0.00072087231450749048,-0.0078369693704816532,0.024393944560576784,-0.25384216654534869,0.02444526436959437,-0.25446857304984782,0.029937404401320523,366.59289498564249,354.27655345067683,341,14442,14101,14442,0.025383803835039642,0.0018831744298681901,0.086118703668269375,0.39568679116877448,1.014867628721777,341,0,1,1,1,1,1
windows_msvc_cpu,cpu,32,coupled,5,1,1,1,3,25,0.024445264369594689,-0.25446857304984788,0.00045529263610253424,-0.0048261672935390222,0.023989971733492155,-0.24964240575630886,0.024397294954707039,-0.25015942157565801,0.018962556004864742,198.15762394657727,192.54123458881071,176,14101,13925,14101,0.014052735546881589,0.00022026386819673697,0.06755680408498059,0.63135447488663243,1.5631245130582478,176,0,1,1,1,1,1
windows_msvc_cpu,cpu,32,coupled,5,1,1,1,3,26,0.024397294954707344,-0.25015942157565813,0.00037606336785631756,-0.0039289288680115107,0.024021231586851027,-0.2462304927076466,0.023832941801334159,-0.24563998993365363,0.015702953130844174,163.96482771674943,160.29746320193564,186,13925,13739,13925,0.011774852977863513,0.00013698114695460058,0.056774940528435874,0.67948964583750115,1.6844787810552544,186,0,1,1,1,1,1
windows_msvc_cpu,cpu,32,coupled,5,1,1,1,3,27,0.023832941801334499,-0.24563998993365374,0.00040810043418193623,-0.00453450552538299,0.023424841367152564,-0.24110548440827076,0.023276696131266598,-0.24123012978403663,0.018447499819283088,213.65998040655828,208.85717407137059,212,13739,13527,13739,0.015551348744927453,0.0003138177770915687,0.065626933015104985,0.55321909065802333,1.4726839071197066,212,0,1,1,1,1,1
windows_msvc_cpu,cpu,32,coupled,5,1,1,1,3,28,0.023276696131266993,-0.24123012978403671,0.00068593037226297345,-0.0076777754926034888,0.022590765759004018,-0.23355235429143323,0.022782487613828822,-0.23387302430547813,0.031805835896238567,398.89885828278926,384.74523185142266,377,13527,13150,13527,0.029489085405691524,0.0022781824861179325,0.069083790923437777,0.34929083392426857,0.96621710238478886,377,0,1,1,1,1,1
windows_msvc_cpu,cpu,32,coupled,5,1,1,1,3,29,0.022782487613829207,-0.23387302430547824,0.001028596188007288,-0.010523476429529202,0.02175389142582192,-0.22334954787594904,0.021949526895157959,-0.22346121174443814,0.044997966932840854,565.28868978450566,539.18066450273864,558,13150,12592,13150,0.042987733063460508,0.0093031762539709569,0.073676479377792911,0.22721118124940082,0.60674570985864251,558,0,1,1,1,1,1
windows_msvc_cpu,cpu,32,coupled,5,1,1,1,3,30,0.021949526895158392,-0.22346121174443823,0.0011049587451645783,-0.010553540470956557,0.020844568149993813,-0.21290767127348167,0.021111055934992563,-0.21332746312590239,0.047257367206506473,567.12776334152522,540.24099945417936,540,12592,12052,12592,0.045038735970578558,0.013094402836046647,0.079903650125415088,0.21111712561049711,0.51941118512491558,540,0,1,1,1,1,1
windows_msvc_cpu,cpu,32,coupled,5,1,1,1,3,31,0.021111055934992993,-0.21332746312590248,0.0011349040169319105,-0.010808797992190944,0.019976151918061083,-0.20251866513371153,0.021040961198142544,-0.2021484846643759,0.050697613252535183,574.86549453085183,544.6931479378095,590,12052,11462,12052,0.047698763236877849,0.0088255073406126316,0.086916231874883065,0.20446103416635408,0.62021263035255902,590,0,1,1,1,1,1
windows_msvc_cpu,cpu,32,isolated,6,1,1,1,3,0,0.062500000000003025,-0.63457314922558761,0.0062500000000000394,-0.06345731492256329,0.056250000000002985,-0.57111583430302426,0.057416304178348643,-0.57129126470857328,0.10000000000000701,3276.7999999981153,2949.1200000006443,3266,32768,29502,32768,0.099999999999942482,0.10000000000000001,0.10000000000000001,0,0,3266,0,1,1,1,1,1
windows_msvc_cpu,cpu,32,isolated,6,1,1,1,3,1,0.057416304178351064,-0.57129126470857328,0.0057416304178349005,-0.057129126470860304,0.051674673760516161,-0.51416213823771295,0.052582053915216927,-0.51400902409120652,0.1000000000000051,2950.1999999984123,2655.180000000169,2938,29502,26564,29502,0.099999999999946187,0.10000000000000001,0.10000000000000001,0,0,2938,0,1,1,1,1,1
windows_msvc_cpu,cpu,32,isolated,6,1,1,1,3,2,0.052582053915219001,-0.51400902409120663,0.0052582053915217267,-0.051400902409122706,0.047323848523697275,-0.46260812168208393,0.047190126992419437,-0.46222195062649468,0.10000000000000391,2656.3999999986795,2390.7599999997415,2666,26564,23898,26564,0.099999999999950295,0.10000000000000001,0.10000000000000001,0,0,2666,0,1,1,1,1,1
windows_msvc_cpu,cpu,32,isolated,6,1,1,1,3,3,0.0471901269924212,-0.46222195062649468,0.0047190126992419914,-0.046222195062650531,0.042471114293179207,-0.41599975556384416,0.043350374961820724,-0.41680831087305475,0.10000000000000224,2389.799999998922,2150.8199999993535,2362,23898,21536,23898,0.099999999999954889,0.10000000000000001,0.10000000000000001,0,0,2362,0,1,1,1,1,1
windows_msvc_cpu,cpu,32,isolated,6,1,1,1,3,4,0.043350374961822043,-0.41680831087305481,0.0043350374961820962,-0.041680831087305623,0.039015337465639947,-0.37512747978574917,0.039105996605289427,-0.3742378937845291,0.1000000000000003,2153.5999999991368,1938.239999999287,2187,21536,19349,21536,0.099999999999959913,0.10000000000000001,0.10000000000000001,0,0,2187,0,1,1,1,1,1
windows_msvc_cpu,cpu,32,isolated,6,1,1,1,3,5,0.039105996605290454,-0.3742378937845291,0.003910599660528956,-0.0374237893784524,0.035195396944761495,-0.33681410440607668,0.034735399123813314,-0.33690182759509646,0.099999999999998618,1934.8999999993357,1741.409999999466,1981,19349,17368,19349,0.099999999999965672,0.10000000000000001,0.10000000000000001,0,0,1981,0,1,1,1,1,1
windows_msvc_cpu,cpu,32,isolated,6,1,1,1,3,6,0.034735399123814056,-0.33690182759509651,0.0034735399123813591,-0.033690182759508518,0.031261859211432694,-0.30321164483558799,0.031793220805557666,-0.30298618160771157,0.099999999999996647,1736.7999999995159,1563.1199999996281,1744,17368,15624,17368,0.099999999999972125,0.10000000000000001,0.10000000000000001,0,0,1744,0,1,1,1,1,1
windows_msvc_cpu,cpu,32,isolated,6,1,1,1,3,7,0.031793220805557944,-0.30298618160771157,0.0031793220805558177,-0.030298618160769761,0.028613898725002126,-0.27268756344694178,0.028367335105261467,-0.27142832404674572,0.09999999999999544,1562.3999999996745,1406.1599999997709,1615,15624,14009,15624,0.099999999999979161,0.10000000000000001,0.10000000000000001,0,0,1615,0,1,1,1,1,1
windows_msvc_cpu,cpu,32,isolated,6,1,1,1,3,8,0.028367335105261727,-0.27142832404674577,0.0028367335105262351,-0.027142832404673536,0.02553060159473549,-0.24428549164207225,0.025704206311039177,-0.24409534225733301,0.099999999999996245,1400.8999999998214,1260.8099999999031,1424,14009,12585,14009,0.099999999999987252,0.10000000000000001,0.10000000000000001,0,0,1424,0,1,1,1,1,1
windows_msvc_cpu,cpu,32,isolated,6,1,1,1,3,9,0.025704206311039476,-0.24409534225733306,0.0025704206311040019,-0.024409534225732415,0.023133785679935473,-0.21968580803160065,0.022883627046959613,-0.2195121364106162,0.099999999999996425,1258.4999999999509,1132.6500000000196,1267,12585,11318,12585,0.099999999999996092,0.10000000000000001,0.10000000000000001,0,0,1267,0,1,1,1,1,1
windows_msvc_cpu,cpu,32,isolated,6,1,1,1,3,10,0.022883627046959971,-0.21951213641061626,0.002288362704696061,-0.02195121364106074,0.02059526434226391,-0.19756092276955553,0.020719511598983734,-0.19754590697754557,0.099999999999996023,1131.8000000000661,1018.6200000001165,1128,11318,10190,11318,0.10000000000000585,0.10000000000000001,0.10000000000000001,0,0,1128,0,1,1,1,1,1
windows_msvc_cpu,cpu,32,isolated,6,1,1,1,3,11,0.020719511598984129,-0.19754590697754568,0.0020719511598984853,-0.019754590697753632,0.018647560439085643,-0.17779131627979206,0.017589329157555379,-0.17774189779597357,0.099999999999995329,1019.0000000001631,917.10000000008063,1047,10190,9143,10190,0.10000000000001601,0.10000000000000001,0.10000000000000001,0,0,1047,0,1,1,1,1,1
windows_msvc_cpu,cpu,32,isolated,6,1,1,1,3,12,0.017589329157555851,-0.17774189779597369,0.0017589329157556403,-0.017774189779596359,0.015830396241800212,-0.15996770801637733,0.016061628785070781,-0.16017507821950641,0.099999999999994399,914.30000000013933,822.8700000000473,879,9143,8264,9143,0.10000000000001524,0.10000000000000001,0.10000000000000001,0,0,879,0,1,1,1,1,1
windows_msvc_cpu,cpu,32,isolated,6,1,1,1,3,13,0.016061628785071315,-0.16017507821950655,0.00160616287850717,-0.01601750782194962,0.014455465906564146,-0.14415757039755694,0.013801546716756182,-0.14400886813351149,0.099999999999993636,826.40000000011935,743.76000000001932,831,8264,7433,8264,0.10000000000001444,0.10000000000000001,0.10000000000000001,0,0,831,0,1,1,1,1,1
windows_msvc_cpu,cpu,32,isolated,6,1,1,1,3,14,0.01380154671675672,-0.1440088681335116,0.0013801546716757011,-0.014400886813350144,0.012421392045081019,-0.12960798132016146,0.012075238104608846,-0.12913479535105998,0.099999999999993025,743.30000000010045,668.96999999999287,780,7433,6653,7433,0.10000000000001351,0.10000000000000001,0.10000000000000001,0,0,780,0,1,1,1,1,1
windows_msvc_cpu,cpu,32,isolated,6,1,1,1,3,15,0.012075238104609342,-0.12913479535106009,0.0012075238104609495,-0.012913479535105061,0.010867714294148394,-0.11622131581595503,0.010603863147940427,-0.11651636094163331,0.09999999999999272,665.30000000008272,598.76999999996804,671,6653,5982,6653,0.10000000000001244,0.10000000000000001,0.10000000000000001,0,0,671,0,1,1,1,1,1
windows_msvc_cpu,cpu,32,isolated,6,1,1,1,3,16,0.010603863147940889,-0.11651636094163342,0.0010603863147940979,-0.011651636094162513,0.0095434768331467898,-0.10486472484747091,0.009313296856243913,-0.10528397622430354,0.099999999999992942,598.20000000006746,538.37999999994668,564,5982,5418,5982,0.10000000000001127,0.10000000000000001,0.10000000000000001,0,0,564,0,1,1,1,1,1
windows_msvc_cpu,cpu,32,isolated,6,1,1,1,3,17,0.0093132968562443467,-0.10528397622430366,0.00093132968562443792,-0.010528397622429733,0.0083819671706199094,-0.094755578601873933,0.0090989818771779144,-0.094396525558588906,0.099999999999994024,541.80000000005464,487.61999999994407,567,5418,4851,5418,0.10000000000001008,0.10000000000000001,0.10000000000000001,0,0,567,0,1,1,1,1,1
windows_msvc_cpu,cpu,32,isolated,6,1,1,1,3,18,0.0090989818771782943,-0.094396525558589031,0.0009098981877178336,-0.0094396525558584389,0.0081890836894604607,-0.084956873002730596,0.007958389377254068,-0.08489375147260822,0.099999999999995134,485.1000000000418,436.58999999995825,506,4851,4345,4851,0.10000000000000862,0.10000000000000001,0.10000000000000001,0,0,506,0,1,1,1,1,1
windows_msvc_cpu,cpu,32,isolated,6,1,1,1,3,19,0.0079583893772544045,-0.0848937514726084,0.00079583893772544037,-0.0084893751472605063,0.0071625504395289637,-0.076404376325347897,0.0072082690464496868,-0.077232978575736369,0.099999999999996092,434.5000000000303,391.04999999997091,389,4345,3956,4345,0.10000000000000697,0.10000000000000001,0.10000000000000001,0,0,389,0,1,1,1,1,1
windows_msvc_cpu,cpu,32,isolated,6,1,1,1,3,20,0.0072082690464500025,-0.077232978575736549,0.0007208269046449986,-0.0077232978575734173,0.0064874421418050039,-0.06950968071816313,0.0067631637096789796,-0.070669210475749575,0.099999999999996939,395.60000000002145,356.03999999998064,350,3956,3606,3956,0.10000000000000542,0.10000000000000001,0.10000000000000001,0,0,350,0,1,1,1,1,1
windows_msvc_cpu,cpu,32,isolated,6,1,1,1,3,21,0.0067631637096792832,-0.070669210475749783,0.00067631637096792364,-0.0070669210475748289,0.0060868473387113596,-0.06360228942817496,0.0053269322614256775,-0.063409544103782925,0.099999999999997896,360.60000000001349,324.53999999998939,373,3606,3233,3606,0.10000000000000374,0.10000000000000001,0.10000000000000001,0,0,373,0,1,1,1,1,1
windows_msvc_cpu,cpu,32,isolated,6,1,1,1,3,22,0.005326932261425955,-0.06340954410378323,0.00053269322614259086,-0.0063409544103782437,0.0047942390352833644,-0.057068589693404989,0.0045171933874246714,-0.057126364487182051,0.099999999999998743,323.30000000000501,290.96999999999872,339,3233,2894,3233,0.10000000000000155,0.10000000000000001,0.10000000000000001,0,0,339,0,1,1,1,1,1
windows_msvc_cpu,cpu,32,isolated,6,1,1,1,3,23,0.0045171933874249325,-0.057126364487182266,0.00045171933874248909,-0.0057126364487181929,0.004065474048682443,-0.051413728038464071,0.0047993891682865256,-0.051441973328151681,0.099999999999999409,289.39999999999731,260.4600000000072,289,2894,2605,2894,0.099999999999999076,0.10000000000000001,0.10000000000000001,0,0,289,0,1,1,1,1,1
windows_msvc_cpu,cpu,32,isolated,6,1,1,1,3,24,0.0047993891682867563,-0.051441973328151841,0.00047993891682867191,-0.0051441973328151726,0.0043194502514580842,-0.046297775995336667,0.0041537516730168599,-0.046007804844475905,0.09999999999999977,260.49999999999073,234.45000000000761,283,2605,2322,2605,0.099999999999996439,0.10000000000000001,0.10000000000000001,0,0,283,0,1,1,1,1,1
windows_msvc_cpu,cpu,32,isolated,6,1,1,1,3,25,0.004153751673017062,-0.046007804844476065,0.00041537516730170168,-0.0046007804844476101,0.0037383765057153605,-0.041407024360028452,0.0035611952657665343,-0.041336254656834791,0.10000000000000006,232.19999999999109,208.98000000000664,234,2322,2088,2322,0.099999999999996161,0.10000000000000001,0.10000000000000001,0,0,234,0,1,1,1,1,1
windows_msvc_cpu,cpu,32,isolated,6,1,1,1,3,26,0.003561195265766713,-0.041336254656834895,0.00035611952657666932,-0.0041336254656835197,0.0032050757391900437,-0.037202629191151373,0.0032460674305628628,-0.036954910310557018,0.10000000000000073,208.79999999999242,187.92000000000584,217,2088,1871,2088,0.09999999999999637,0.10000000000000001,0.10000000000000001,0,0,217,0,1,1,1,1,1
windows_msvc_cpu,cpu,32,isolated,6,1,1,1,3,27,0.0032460674305630237,-0.036954910310557088,0.00032460674305630091,-0.0036954910310557495,0.0029214606875067228,-0.033259419279501337,0.0028889279298633399,-0.033912342701971361,0.1000000000000011,187.09999999999366,168.3900000000051,154,1871,1717,1871,0.099999999999996605,0.10000000000000001,0.10000000000000001,0,0,154,0,1,1,1,1,1
windows_msvc_cpu,cpu,32,isolated,6,1,1,1,3,28,0.0028889279298634878,-0.03391234270197141,0.00028889279298634782,-0.0033912342701971831,0.0026000351368771399,-0.030521108431774226,0.0027173056133671892,-0.030043893241964045,0.10000000000000123,171.69999999999453,154.53000000000458,190,1717,1527,1717,0.099999999999996814,0.10000000000000001,0.10000000000000001,0,0,190,0,1,1,1,1,1
windows_msvc_cpu,cpu,32,isolated,6,1,1,1,3,29,0.002717305613367318,-0.030043893241964048,0.00027173056133673141,-0.0030043893241964562,0.0024455750520305866,-0.027039503917767591,0.0026121428249107686,-0.027409711426798624,0.1000000000000017,152.69999999999561,137.43000000000393,129,1527,1398,1527,0.099999999999997133,0.10000000000000001,0.10000000000000001,0,0,129,0,1,1,1,1,1
windows_msvc_cpu,cpu,32,isolated,6,1,1,1,3,30,0.0026121428249108844,-0.027409711426798627,0.00026121428249108842,-0.0027409711426799039,0.0023509285424197961,-0.024668740284118723,0.0024045404103869203,-0.024918118012257049,0.10000000000000149,139.79999999999634,125.8200000000035,128,1398,1270,1398,0.099999999999997383,0.10000000000000001,0.10000000000000001,0,0,128,0,1,1,1,1,1
windows_msvc_cpu,cpu,32,isolated,6,1,1,1,3,31,0.0024045404103870275,-0.024918118012257056,0.00024045404103870284,-0.0024918118012257373,0.0021640863693483245,-0.022426306211031317,0.0022758957785990229,-0.022073014280753273,0.10000000000000127,126.99999999999706,114.30000000000307,146,1270,1124,1270,0.099999999999997688,0.10000000000000001,0.10000000000000001,0,0,146,0,1,1,1,1,1
windows_msvc_cpu,cpu,32,coupled,6,1,1,1,3,0,0.062500000000003025,-0.63457314922558761,0.0045998988744775518,-0.046703557038341573,0.057900101125525474,-0.58786959218724599,0.058729587103775946,-0.5881331156586449,0.073598381991638095,2173.1825583679374,2016.1216419197531,2172,32768,30596,32768,0.066320268504880903,0.050384456578576625,0.10000000000000001,0.11493330288820706,0.17513646154395418,2172,0,1,1,1,1,1
windows_msvc_cpu,cpu,32,coupled,6,1,1,1,3,1,0.058729587103778506,-0.5881331156586449,0.0022336559255285095,-0.022502825004460145,0.056495931178249997,-0.5656302906541848,0.055997754907018887,-0.56529680133096616,0.038259192068293944,867.70510969631266,816.97981056595029,873,30596,29723,30596,0.028360083334302285,0.0073984454592224058,0.089629329592593815,0.43523161174224684,0.66527530878154817,873,0,1,1,1,1,1
windows_msvc_cpu,cpu,32,coupled,6,1,1,1,3,2,0.055997754907021337,-0.56529680133096627,0.00056532193226298494,-0.005727193811212187,0.055432432974758354,-0.55956960751975404,0.055449479225325102,-0.55956886826135432,0.010130955606821751,209.95113307315196,205.75257084202119,211,29723,29512,29723,0.0070635915981950665,0.00047849491910294842,0.047811922054948372,0.8880568893160663,1.3649089858868235,211,0,1,1,1,1,1
windows_msvc_cpu,cpu,32,coupled,6,1,1,1,3,3,0.055449479225327496,-0.55956886826135432,0.00013722383031890297,-0.0013884240104920327,0.055312255395008593,-0.55818044425086233,0.055344880348482173,-0.55822797376634892,0.0024811757848622468,50.95782825057448,50.737354393463349,48,29512,29464,29512,0.0017266816295261073,2.7782872932135403e-05,0.017243367949213391,1.2770552355825835,2.0920965016920219,48,0,1,1,1,1,1
windows_msvc_cpu,cpu,32,coupled,6,1,1,1,3,4,0.05534488034848456,-0.55822797376634892,0.00014194996140507552,-0.0014419792318000225,0.055202930387079484,-0.55678599453454891,0.055155226822796208,-0.55684961159054469,0.0025829585788288236,51.486251052483176,51.22683744441715,49,29464,29415,29464,0.0017474291016998092,8.2232809328373543e-06,0.014058220583241658,1.3548411743043689,2.4031451811147582,49,0,1,1,1,1,1
windows_msvc_cpu,cpu,32,coupled,6,1,1,1,3,5,0.055155226822798588,-0.55684961159054469,0.00039564699824781106,-0.0040287657106876035,0.054759579824550778,-0.55282084587985714,0.054752697793080472,-0.5526789842074209,0.0072343275974040572,142.62644338235972,140.27533294404756,148,29415,29267,29415,0.0048487657107720459,2.3095647156478056e-05,0.033201684323260032,1.1352114917895326,2.1393051581772866,148,0,1,1,1,1,1
windows_msvc_cpu,cpu,32,coupled,6,1,1,1,3,6,0.054752697793082832,-0.5526789842074209,0.0010431443151755803,-0.010610493156181067,0.053709553477907249,-0.54206849105123989,0.05399588150654825,-0.5425152505384746,0.019196870594711455,400.20993877086158,386.51859263786616,390,29267,28877,29267,0.013674443529260312,0.00032141072676765761,0.063546420797708877,0.72776995527463351,1.4665757769838739,390,0,1,1,1,1,1
windows_msvc_cpu,cpu,32,coupled,6,1,1,1,3,7,0.053995881506550596,-0.5425152505384746,0.0020094493606948411,-0.020189828234596821,0.051986432145855757,-0.5223254223038778,0.052719201394180223,-0.52242156351246183,0.037215223498253833,878.59249529054466,839.58352311541171,865,28877,28012,28877,0.030425338341605591,0.0044932727867287017,0.081014710930190581,0.36782423593235158,0.79268617402625263,865,0,1,1,1,1,1
windows_msvc_cpu,cpu,32,coupled,6,1,1,1,3,8,0.05271920139418243,-0.52242156351246194,0.0027369835833071679,-0.027087360408858098,0.049982217810875265,-0.49533420310360382,0.049445192084262145,-0.49433005262909291,0.05185029338113286,1345.6857579920386,1275.5218460201163,1401,28012,26611,28012,0.048039617235186301,0.018254188056912587,0.091662328517221475,0.19734946485990187,0.43453432292396788,1401,0,1,1,1,1,1
windows_msvc_cpu,cpu,32,coupled,6,1,1,1,3,9,0.049445192084264067,-0.49433005262909296,0.0029561964949715016,-0.029824446075102904,0.046488995589292564,-0.46450560655399004,0.046547318349033515,-0.46360017454538033,0.060327656894501064,1615.2669120147784,1510.9770595430728,1677,26611,24934,26611,0.060699218819840611,0.015828942195211398,0.09406830498886963,0.13675523820192945,0.47095583311778566,1677,0,1,1,1,1,1
windows_msvc_cpu,cpu,32,coupled,6,1,1,1,3,10,0.046547318349035173,-0.46360017454538038,0.0026371998136951904,-0.027087734151841503,0.043910118535339986,-0.43651244039353887,0.0433857351156684,-0.43597485578061212,0.058411392502406158,1476.3534917796833,1379.8265686356171,1501,24934,23433,24934,0.059210455273108337,0.012841255242265821,0.094886432299645398,0.15005920297612949,0.52439885127558672,1501,0,1,1,1,1,1
windows_msvc_cpu,cpu,32,coupled,6,1,1,1,3,11,0.043385735115669746,-0.43597485578061212,0.0022107447468517195,-0.022663305411400964,0.041174990368818026,-0.41331155036921119,0.040973316291981414,-0.41352684545456819,0.051972980615218115,1161.3138895093875,1100.1581949363549,1165,23433,22268,23433,0.049558907929389641,0.01801648170835075,0.091159827721502495,0.18669837492353081,0.43788319436547957,1165,0,1,1,1,1,1
windows_msvc_cpu,cpu,32,coupled,6,1,1,1,3,12,0.040973316291982607,-0.41352684545456819,0.0014466292935510982,-0.014550852826707799,0.039526686998431509,-0.39897599262786038,0.039641667187473681,-0.39741366421097796,0.035188363407433372,731.31749378270831,698.49975102263056,791,22268,21477,22268,0.032841633455303949,0.0029421306750543872,0.082718846930390791,0.33964207096561355,0.90087351045263842,791,0,1,1,1,1,1
windows_msvc_cpu,cpu,32,coupled,6,1,1,1,3,13,0.039641667187474798,-0.39741366421097801,0.00072769526973678791,-0.0071509491609306206,0.038913971917738009,-0.39026271505004739,0.038561105819311055,-0.39033074017545821,0.017997294707692214,358.55204760271113,346.6950790164434,356,21477,21121,21477,0.016694698868683296,0.00016954940024573875,0.070014903381921054,0.62899244943297372,1.6299821059956747,356,0,1,1,1,1,1
windows_msvc_cpu,cpu,32,coupled,6,1,1,1,3,14,0.038561105819312116,-0.39033074017545827,0.00038327158934647198,-0.0037531207770281818,0.038177834229965645,-0.38657761939843011,0.038533458809338492,-0.38616791451282623,0.0096183649030252543,164.02792807225637,161.32418006871373,180,21121,20941,21121,0.0077661061536980431,2.2851428130485784e-05,0.040984920381567355,0.91740026078506609,2.142021176935673,180,0,1,1,1,1,1
windows_msvc_cpu,cpu,32,coupled,6,1,1,1,3,15,0.038533458809339546,-0.38616791451282628,0.00035768002031116001,-0.0035492879819895352,0.038175778789028385,-0.38261862653083673,0.038516308796776429,-0.38308428932420419,0.0091919482258672851,135.67088291274152,133.06656739718082,119,20941,20822,20941,0.0064787203530271486,1.1070934975812015e-05,0.046519568927951609,1.0428106958897878,2.3271736734594404,119,0,1,1,1,1,1
windows_msvc_cpu,cpu,32,coupled,6,1,1,1,3,16,0.038516308796777483,-0.38308428932420424,0.00050711360254470489,-0.0050268934437625373,0.038009195194232778,-0.37805739588044168,0.038459296064489133,-0.37846550476489033,0.013122601056759988,199.56129348873341,194.7727992371571,184,20822,20638,20822,0.0095841558682515319,5.6548695136594616e-05,0.056004064141259052,0.85710304291075878,1.9105229436402891,184,0,1,1,1,1,1
windows_msvc_cpu,cpu,32,coupled,6,1,1,1,3,17,0.038459296064490174,-0.37846550476489033,0.00087034134426722601,-0.0084886165048979681,0.037588954720222945,-0.36997688825999236,0.037972283977758134,-0.3692205471070425,0.022431092208479844,383.59275483569218,372.01358758051924,418,20638,20220,20638,0.018586721331315639,0.00068082023207416366,0.069188119998114764,0.53491635351236655,1.2748090933387,418,0,1,1,1,1,1
windows_msvc_cpu,cpu,32,coupled,6,1,1,1,3,18,0.037972283977759098,-0.36922054710704255,0.0015811403927851436,-0.01518202682519708,0.036391143584973952,-0.35403852028184546,0.036310893417363231,-0.35319809109549177,0.041124572261005202,754.15740013351115,721.49561763521388,791,20220,19429,20220,0.037297596445772067,0.0071208584045857797,0.080922231237680387,0.27518414138747893,0.67504573229224507,791,0,1,1,1,1,1
windows_msvc_cpu,cpu,32,coupled,6,1,1,1,3,19,0.036310893417364085,-0.35319809109549183,0.0019862412069010121,-0.019662540714047421,0.034324652210463075,-0.33353555038144439,0.033806331241430787,-0.33399269772335627,0.05565987374843262,1040.3462397931125,982.85526114791901,1023,19429,18406,19429,0.053546051767621214,0.022293416191267807,0.087164972539012675,0.1637524231029498,0.38346230353963878,1023,0,1,1,1,1,1
windows_msvc_cpu,cpu,32,coupled,6,1,1,1,3,20,0.033806331241431307,-0.33399269772335627,0.0018318912181276793,-0.018948426354982111,0.03197444002330363,-0.31504427136837415,0.030961729083769193,-0.31569845302027194,0.056707243641839586,1020.4380875878612,960.86812437838853,991,18406,17415,18406,0.055440513288485344,0.012565607305054552,0.087737135798608215,0.15850703083695603,0.52994290974856795,991,0,1,1,1,1,1
windows_msvc_cpu,cpu,32,coupled,6,1,1,1,3,21,0.030961729083769447,-0.315698453020272,0.0019362632616074984,-0.020515236017921046,0.02902546582216195,-0.29518321700235095,0.029568942372968993,-0.29506475604967947,0.064960338630954809,1107.2470108976497,1034.8518799018013,1124,17415,16291,17415,0.06358007527405396,0.018395722670274301,0.092776002267410784,0.11962994716759442,0.43256099640115331,1124,0,1,1,1,1,1
windows_msvc_cpu,cpu,32,coupled,6,1,1,1,3,22,0.029568942372969278,-0.29506475604967952,0.0019461857680039012,-0.019657709325175347,0.027622756604965378,-0.27540704672450417,0.026927557417968269,-0.27633452587802715,0.066613693688090614,1082.8314156006206,1009.528996671579,1031,16291,15260,16291,0.066468075354528311,0.029417972664314503,0.089723204847608637,0.10690646927648835,0.31261073201702194,1031,0,1,1,1,1,1
windows_msvc_cpu,cpu,32,coupled,6,1,1,1,3,23,0.026927557417968612,-0.2763345258780272,0.0013790132957597634,-0.01438805495128845,0.02554854412220885,-0.26194647092673873,0.026828542383719848,-0.26169652676231042,0.052059477816610543,772.51400097227418,731.0803173464941,770,15260,14490,15260,0.050623460089926221,0.01457753847673331,0.08724646013708752,0.18218507663278885,0.49199767341039791,770,0,1,1,1,1,1
windows_msvc_cpu,cpu,32,coupled,6,1,1,1,3,24,0.026828542383720157,-0.26169652676231048,0.00079210794475271531,-0.0079318744634152023,0.026036434438967443,-0.25376465229889528,0.026123301641018698,-0.25400987558936716,0.030301276823074805,372.26818292985996,359.65370377005593,351,14490,14139,14490,0.025691385985497583,0.0019218916761688733,0.08155543124276321,0.39232855255525889,1.0096680962322973,351,0,1,1,1,1,1
windows_msvc_cpu,cpu,32,coupled,6,1,1,1,3,25,0.02612330164101901,-0.25400987558936722,0.00046827788537545851,-0.004802418940273891,0.02565502375564355,-0.24920745664909333,0.025329213038240091,-0.24971854875159463,0.018896161467340428,198.00162941494753,192.4043470450676,196,14139,13943,14139,0.014003934466012273,0.00023568368551494991,0.071290654221974406,0.63271180894298673,1.545836819843013,196,0,1,1,1,1,1
windows_msvc_cpu,cpu,32,coupled,6,1,1,1,3,26,0.025329213038240418,-0.24971854875159469,0.00036156082443859874,-0.0038372912706562171,0.02496765221380182,-0.24588125748093848,0.024845718336786896,-0.245937469660929,0.015355344304583209,161.14466353377119,157.62871315040965,163,13943,13780,13943,0.011557388190043118,0.00012501371302597463,0.058967200448018689,0.68405791214695022,1.7078358124115647,163,0,1,1,1,1,1
windows_msvc_cpu,cpu,32,coupled,6,1,1,1,3,27,0.024845718336787229,-0.24593746966092908,0.00041308046971259073,-0.004442884404344709,0.024432637867074638,-0.24149458525658438,0.02434638456832405,-0.24157286946838633,0.018050556855891964,210.51129800746568,205.8696704570051,206,13780,13574,13780,0.015276581858306654,0.00022150893473828404,0.057757988299179441,0.55960333537707441,1.5616843827541314,206,0,1,1,1,1,1
windows_msvc_cpu,cpu,32,coupled,6,1,1,1,3,28,0.024346384568324411,-0.24157286946838641,0.00071924792131183076,-0.0076085694647071512,0.023627136647012579,-0.23396430000367927,0.022821889558779677,-0.23440116253457968,0.031476315888282709,397.07887122585498,383.04273260070983,380,13574,13194,13574,0.029252900488128408,0.0011564826083981525,0.070522812790009048,0.35375024158846319,1.1394392518001462,380,0,1,1,1,1,1
windows_msvc_cpu,cpu,32,coupled,6,1,1,1,3,29,0.022821889558780034,-0.23440116253457974,0.00099083089868110008,-0.010463920234683038,0.021831058660098934,-0.2239372422998967,0.021678258560200621,-0.22410757183840371,0.044629570760481775,562.89649557273128,536.94071626978473,552,13194,12642,13194,0.042663066209847757,0.007643136353671808,0.077274518727295502,0.23064076239080133,0.65696208129193789,552,0,1,1,1,1,1
windows_msvc_cpu,cpu,32,coupled,6,1,1,1,3,30,0.021678258560201003,-0.22410757183840377,0.00098876842969640943,-0.010552850232148072,0.020689490130504595,-0.21355472160625569,0.021539597769950999,-0.21361471963690695,0.047074630674363856,565.42525865023981,538.7566771492277,559,12642,12083,12642,0.044725934080860612,0.011604543025656222,0.078910305896691929,0.2131048567205315,0.55027158950367916,559,0,1,1,1,1,1
windows_msvc_cpu,cpu,32,coupled,6,1,1,1,3,31,0.021539597769951367,-0.21361471963690706,0.0010529750655201076,-0.010740768180207807,0.020486622704431259,-0.20287395145669926,0.020191089838516113,-0.20326849918647655,0.050266984550784898,570.59745472775455,540.87939967566797,569,12083,11514,12083,0.047223161030187415,0.0082648479516943835,0.08616341457563248,0.20725373253644694,0.63698177574087023,569,0,1,1,1,1,1
windows_msvc_cpu,cpu,32,isolated,7,1,1,1,3,0,0.062500000000003025,-0.63457314922558761,0.0062500000000000394,-0.06345731492256329,0.056250000000002985,-0.57111583430302426,0.055148931878230743,-0.56990894720046104,0.10000000000000701,3276.7999999981153,2949.1200000006443,3348,32768,29420,32768,0.099999999999942482,0.10000000000000001,0.10000000000000001,0,0,3348,0,1,1,1,1,1
windows_msvc_cpu,cpu,32,isolated,7,1,1,1,3,1,0.055148931878233207,-0.56990894720046115,0.0055148931878230981,-0.056990894720049069,0.049634038690410109,-0.51291805248041211,0.048174603667806994,-0.51324118672766439,0.10000000000000508,2941.9999999984198,2647.8000000001571,2952,29420,26468,29420,0.099999999999946285,0.10000000000000001,0.10000000000000001,0,0,2952,0,1,1,1,1,1
windows_msvc_cpu,cpu,32,isolated,7,1,1,1,3,2,0.048174603667808846,-0.5132411867276645,0.0048174603667807282,-0.051324118672768135,0.04335714330102812,-0.46191706805489635,0.042778564491028952,-0.46017298709598259,0.10000000000000323,2646.7999999986882,2382.1199999997275,2724,26468,23744,26468,0.099999999999950434,0.10000000000000001,0.10000000000000001,0,0,2724,0,1,1,1,1,1
windows_msvc_cpu,cpu,32,isolated,7,1,1,1,3,3,0.042778564491030319,-0.46017298709598259,0.0042778564491029146,-0.046017298709598926,0.038500708041927401,-0.41415568838638367,0.037959200443213478,-0.41610917501847522,0.10000000000000141,2374.399999998936,2136.9599999993311,2329,23744,21415,23744,0.099999999999955194,0.10000000000000001,0.10000000000000001,0,0,2329,0,1,1,1,1,1
windows_msvc_cpu,cpu,32,isolated,7,1,1,1,3,4,0.037959200443214609,-0.41610917501847522,0.0037959200443213651,-0.041610917501847575,0.034163280398893242,-0.37449825751662763,0.035581718331677045,-0.37364862781192593,0.10000000000000012,2141.4999999991478,1927.3499999992969,2165,21415,19250,21415,0.099999999999960204,0.10000000000000001,0.10000000000000001,0,0,2165,0,1,1,1,1,1
windows_msvc_cpu,cpu,32,isolated,7,1,1,1,3,5,0.035581718331677975,-0.37364862781192593,0.003558171833167742,-0.037364862781191825,0.032023546498510233,-0.33628376503073409,0.031035382195261845,-0.33592123589131834,0.099999999999997966,1924.9999999993447,1732.4999999994741,1952,19250,17298,19250,0.099999999999965963,0.10000000000000001,0.10000000000000001,0,0,1952,0,1,1,1,1,1
windows_msvc_cpu,cpu,32,isolated,7,1,1,1,3,6,0.031035382195262137,-0.33592123589131834,0.0031035382195262729,-0.033592123589130544,0.027931843975735865,-0.30232911230218779,0.027051454147493617,-0.30214883180751567,0.099999999999996217,1729.7999999995222,1556.8199999996339,1747,17298,15551,17298,0.099999999999972375,0.10000000000000001,0.10000000000000001,0,0,1747,0,1,1,1,1,1
windows_msvc_cpu,cpu,32,isolated,7,1,1,1,3,7,0.027051454147493978,-0.30214883180751573,0.0027051454147494695,-0.030214883180750114,0.024346308732744508,-0.27193394862676562,0.024328338139783308,-0.27208693264674816,0.099999999999995232,1555.0999999996811,1399.5899999997769,1555,15551,13996,15551,0.099999999999979494,0.10000000000000001,0.10000000000000001,0,0,1555,0,1,1,1,1,1
windows_msvc_cpu,cpu,32,isolated,7,1,1,1,3,8,0.024328338139783665,-0.27208693264674821,0.002432833813978446,-0.027208693264673858,0.021895504325805219,-0.24487823938207437,0.023027888613127087,-0.24496836948636411,0.099999999999996508,1399.5999999998226,1259.6399999999041,1387,13996,12609,13996,0.099999999999987321,0.10000000000000001,0.10000000000000001,0,0,1387,0,1,1,1,1,1
windows_msvc_cpu,cpu,32,isolated,7,1,1,1,3,9,0.023027888613127448,-0.24496836948636416,0.0023027888613128427,-0.024496836948635671,0.020725099751814604,-0.2204715325377285,0.020612650871336482,-0.22096263769947272,0.099999999999997022,1260.8999999999487,1134.8100000000177,1239,12609,11370,12609,0.099999999999995925,0.10000000000000001,0.10000000000000001,0,0,1239,0,1,1,1,1,1
windows_msvc_cpu,cpu,32,isolated,7,1,1,1,3,10,0.020612650871336961,-0.2209626376994728,0.0020612650871337842,-0.022096263769946448,0.018551385784203178,-0.19886637392952636,0.019655277877149966,-0.19950907979061519,0.099999999999996328,1137.0000000000614,1023.3000000001182,1085,11370,10285,11370,0.1000000000000054,0.10000000000000001,0.10000000000000001,0,0,1085,0,1,1,1,1,1
windows_msvc_cpu,cpu,32,isolated,7,1,1,1,3,11,0.019655277877150417,-0.1995090797906153,0.0019655277877151235,-0.019950907979060652,0.017689750089435293,-0.17955817181155465,0.018429443832665732,-0.17944648881568603,0.099999999999995676,1028.5000000001601,925.65000000008365,1008,10285,9277,10285,0.10000000000001556,0.10000000000000001,0.10000000000000001,0,0,1008,0,1,1,1,1,1
windows_msvc_cpu,cpu,32,isolated,7,1,1,1,3,12,0.018429443832666204,-0.17944648881568614,0.0018429443832666944,-0.017944648881567733,0.016586499449399508,-0.1615018399341184,0.016546643442732607,-0.1604485747341883,0.099999999999995204,927.70000000014238,834.93000000005156,988,9277,8289,9277,0.10000000000001535,0.10000000000000001,0.10000000000000001,0,0,988,0,1,1,1,1,1
windows_msvc_cpu,cpu,32,isolated,7,1,1,1,3,13,0.016546643442733072,-0.16044857473418841,0.0016546643442733636,-0.016044857473417884,0.014891979098459709,-0.14440371726077053,0.014224404705369552,-0.14494055004569986,0.099999999999994121,828.90000000011992,746.01000000002011,804,8289,7485,8289,0.10000000000001447,0.10000000000000001,0.10000000000000001,0,0,804,0,1,1,1,1,1
windows_msvc_cpu,cpu,32,isolated,7,1,1,1,3,14,0.014224404705370036,-0.1449405500457,0.0014224404705370434,-0.014494055004569057,0.012801964234832992,-0.13044649504113096,0.012663335565888979,-0.13122898198924787,0.09999999999999358,748.50000000010164,673.64999999999452,719,7485,6766,7485,0.10000000000001358,0.10000000000000001,0.10000000000000001,0,0,719,0,1,1,1,1,1
windows_msvc_cpu,cpu,32,isolated,7,1,1,1,3,15,0.012663335565889408,-0.13122898198924798,0.0012663335565889701,-0.013122898198923871,0.011397002009300437,-0.11810608379032411,0.010900386676911275,-0.11737651897623332,0.099999999999993039,676.60000000008529,608.93999999997163,699,6766,6067,6766,0.10000000000001261,0.10000000000000001,0.10000000000000001,0,0,699,0,1,1,1,1,1
windows_msvc_cpu,cpu,32,isolated,7,1,1,1,3,16,0.010900386676911671,-0.11737651897623344,0.001090038667691189,-0.011737651897622535,0.009810348009220482,-0.10563886707861091,0.010757624183934736,-0.10493284238835354,0.099999999999993192,606.70000000006939,546.02999999994938,636,6067,5431,6067,0.10000000000001144,0.10000000000000001,0.10000000000000001,0,0,636,0,1,1,1,1,1
windows_msvc_cpu,cpu,32,isolated,7,1,1,1,3,17,0.010757624183935076,-0.10493284238835367,0.0010757624183935271,-0.010493284238834765,0.0096818617655415485,-0.094439558149518904,0.0092834941433738577,-0.094965862186794994,0.099999999999994343,543.10000000005493,488.78999999994375,538,5431,4893,5431,0.10000000000001011,0.10000000000000001,0.10000000000000001,0,0,538,0,1,1,1,1,1
windows_msvc_cpu,cpu,32,isolated,7,1,1,1,3,18,0.0092834941433741873,-0.094965862186795133,0.00092834941433743196,-0.009496586218679064,0.0083551447290367547,-0.085469275968116071,0.0073824769350860509,-0.086380055159217761,0.099999999999995329,489.30000000004276,440.3699999999572,451,4893,4442,4893,0.10000000000000873,0.10000000000000001,0.10000000000000001,0,0,451,0,1,1,1,1,1
windows_msvc_cpu,cpu,32,isolated,7,1,1,1,3,19,0.0073824769350863823,-0.086380055159217969,0.00073824769350863966,-0.0086380055159214486,0.0066442292415777428,-0.077742049643296521,0.0069613080764112838,-0.077903522290250979,0.099999999999996009,444.2000000000325,399.77999999996848,436,4442,4006,4442,0.10000000000000732,0.10000000000000001,0.10000000000000001,0,0,436,0,1,1,1,1,1
windows_msvc_cpu,cpu,32,isolated,7,1,1,1,3,20,0.006961308076411583,-0.077903522290251201,0.00069613080764115967,-0.0077903522290248941,0.0062651772687704237,-0.070113170061226304,0.0056627176135382162,-0.070588777877445386,0.099999999999997119,400.60000000002259,360.53999999997939,375,4006,3631,4006,0.10000000000000564,0.10000000000000001,0.10000000000000001,0,0,375,0,1,1,1,1,1
windows_msvc_cpu,cpu,32,isolated,7,1,1,1,3,21,0.0056627176135384929,-0.070588777877445594,0.00056627176135384588,-0.0070588777877443982,0.0050964458521846473,-0.063529900089701191,0.0050542610245492888,-0.064083751476332551,0.09999999999999773,363.10000000001406,326.78999999998877,343,3631,3288,3631,0.10000000000000388,0.10000000000000001,0.10000000000000001,0,0,343,0,1,1,1,1,1
windows_msvc_cpu,cpu,32,isolated,7,1,1,1,3,22,0.0050542610245495542,-0.064083751476332829,0.00050542610245495154,-0.0064083751476331904,0.0045488349220946028,-0.057675376328699637,0.0039095922091478179,-0.057987013553692311,0.099999999999998548,328.80000000000626,295.91999999999734,333,3288,2955,3288,0.10000000000000191,0.10000000000000001,0.10000000000000001,0,0,333,0,1,1,1,1,1
windows_msvc_cpu,cpu,32,isolated,7,1,1,1,3,23,0.0039095922091480729,-0.057987013553692568,0.00039095922091479966,-0.0057987013553692035,0.0035186329882332733,-0.052188312198323365,0.0031083547608578834,-0.05155196488148011,0.099999999999999076,295.49999999999869,265.95000000000567,335,2955,2620,2955,0.099999999999999561,0.10000000000000001,0.10000000000000001,0,0,335,0,1,1,1,1,1
windows_msvc_cpu,cpu,32,isolated,7,1,1,1,3,24,0.0031083547608581168,-0.051551964881480311,0.00031083547608580536,-0.005155196488148008,0.0027975192847723112,-0.046396768393332302,0.0022563905676407509,-0.046533373566555736,0.099999999999999548,261.99999999999108,235.80000000000766,255,2620,2365,2620,0.099999999999996592,0.10000000000000001,0.10000000000000001,0,0,255,0,1,1,1,1,1
windows_msvc_cpu,cpu,32,isolated,7,1,1,1,3,25,0.0022563905676409651,-0.046533373566555902,0.00022563905676409413,-0.0046533373566555944,0.0020307515108768711,-0.041880036209900308,0.0021139162828421724,-0.041954084754025275,0.10000000000000009,236.49999999999085,212.85000000000679,235,2365,2130,2365,0.099999999999996134,0.10000000000000001,0.10000000000000001,0,0,235,0,1,1,1,1,1
windows_msvc_cpu,cpu,32,isolated,7,1,1,1,3,26,0.0021139162828423624,-0.041954084754025386,0.00021139162828423552,-0.0041954084754025666,0.0019025246545581269,-0.037758676278622817,0.0022470228331875294,-0.03764602734054457,0.10000000000000067,212.99999999999218,191.70000000000599,223,2130,1907,2130,0.099999999999996328,0.10000000000000001,0.10000000000000001,0,0,223,0,1,1,1,1,1
windows_msvc_cpu,cpu,32,isolated,7,1,1,1,3,27,0.0022470228331877033,-0.037646027340544647,0.00022470228331876875,-0.0037646027340545057,0.0020223205498689344,-0.033881424606490143,0.0017191784127167113,-0.034500177422868879,0.10000000000000106,190.69999999999345,171.63000000000523,167,1907,1740,1907,0.099999999999996564,0.10000000000000001,0.10000000000000001,0,0,167,0,1,1,1,1,1
windows_msvc_cpu,cpu,32,isolated,7,1,1,1,3,28,0.0017191784127168581,-0.03450017742286892,0.0001719178412716874,-0.0034500177422869425,0.0015472605714451707,-0.031050159680581977,0.001473631580429914,-0.030540598263153269,0.10000000000000145,173.9999999999944,156.60000000000466,194,1740,1546,1740,0.099999999999996786,0.10000000000000001,0.10000000000000001,0,0,194,0,1,1,1,1,1
windows_msvc_cpu,cpu,32,isolated,7,1,1,1,3,29,0.0014736315804300469,-0.030540598263153272,0.00014736315804300606,-0.0030540598263153786,0.0013262684223870409,-0.027486538436837894,0.0019008769235543121,-0.027752317120851973,0.10000000000000167,154.5999999999955,139.14000000000399,141,1546,1405,1546,0.099999999999997091,0.10000000000000001,0.10000000000000001,0,0,141,0,1,1,1,1,1
windows_msvc_cpu,cpu,32,isolated,7,1,1,1,3,30,0.0019008769235544336,-0.027752317120851969,0.00019008769235544451,-0.0027752317120852397,0.0017107892311989891,-0.024977085408766728,0.0019602402928642479,-0.024853985223743935,0.10000000000000153,140.49999999999631,126.45000000000353,142,1405,1263,1405,0.099999999999997369,0.10000000000000001,0.10000000000000001,0,0,142,0,1,1,1,1,1
windows_msvc_cpu,cpu,32,isolated,7,1,1,1,3,31,0.0019602402928643602,-0.024853985223743932,0.00019602402928643663,-0.0024853985223744282,0.0017642162635779235,-0.022368586701369503,0.0018020193395039089,-0.022824585982999343,0.10000000000000139,126.2999999999971,113.67000000000304,106,1263,1157,1263,0.099999999999997702,0.10000000000000001,0.10000000000000001,0,0,106,0,1,1,1,1,1
windows_msvc_cpu,cpu,32,coupled,7,1,1,1,3,0,0.062500000000003025,-0.63457314922558761,0.0045998988744775518,-0.046703557038341573,0.057900101125525474,-0.58786959218724599,0.056882219347519414,-0.58727368660933599,0.073598381991638095,2173.1825583679374,2016.1216419197531,2215,32768,30553,32768,0.066320268504880903,0.050384456578576625,0.10000000000000001,0.11493330288820706,0.17513646154395418,2215,0,1,1,1,1,1
windows_msvc_cpu,cpu,32,coupled,7,1,1,1,3,1,0.056882219347521974,-0.58727368660933599,0.0022126979974066222,-0.022476873658341546,0.054669521350115352,-0.56479681295099449,0.054412510293164677,-0.56567190984306315,0.03827907362074099,866.91623180483703,816.16418807747209,838,30553,29715,30553,0.028374177062967205,0.0073984454592224058,0.089629329592593815,0.43513773627569635,0.66527530878154817,838,0,1,1,1,1,1
windows_msvc_cpu,cpu,32,coupled,7,1,1,1,3,2,0.054412510293167113,-0.56567190984306315,0.00056029481853659151,-0.005762452350178561,0.053852215474630524,-0.55990945749288457,0.054413569931637498,-0.55995728800397837,0.010187926997774776,211.18509677991477,206.95642357668223,210,29715,29505,29715,0.0071070199151914782,0.00047229262571996876,0.04587547588420976,0.88642687083015725,1.368242344465592,210,0,1,1,1,1,1
windows_msvc_cpu,cpu,32,coupled,7,1,1,1,3,3,0.054413569931639913,-0.55995728800397837,0.00013390040257357149,-0.001387511340469975,0.054279669529066342,-0.55856977666350838,0.054162279900828315,-0.55861592130736959,0.0024777278777548275,50.946463795859188,50.729936088990783,50,29505,29455,29505,0.0017267061106883304,2.7598558941952336e-05,0.014564777142265548,1.2759926742014112,2.0937971040500258,50,0,1,1,1,1,1
windows_msvc_cpu,cpu,32,coupled,7,1,1,1,3,4,0.05416227990083073,-0.5586159213073697,0.00014089049521690192,-0.0014413387992906128,0.05402138940561383,-0.55717458250807905,0.053984284267085181,-0.55698461679181777,0.002580392645166405,51.501715406021972,51.243281209784406,59,29455,29396,29455,0.0017484880463765735,7.8152346588032959e-06,0.015282645458464762,1.3550876356168671,2.4161482549206399,59,0,1,1,1,1,1
windows_msvc_cpu,cpu,32,coupled,7,1,1,1,3,5,0.053984284267087568,-0.55698461679181788,0.00039731735919730705,-0.0040303947997242769,0.053586966907890263,-0.55295422199209365,0.053555343193601584,-0.55244773347843024,0.0072372490557795219,142.80086866065372,140.44865073113314,158,29396,29238,29396,0.0048578333331287839,2.2180255409867566e-05,0.036421650935917663,1.137073583690509,2.1496376748392256,158,0,1,1,1,1,1
windows_msvc_cpu,cpu,32,coupled,7,1,1,1,3,6,0.053555343193603923,-0.55244773347843024,0.0010414147181164568,-0.010574440532129069,0.052513928475487463,-0.54187329294630115,0.052016898146562456,-0.54194455227337357,0.019143904693710748,399.30857515247698,385.72037570114423,402,29238,28836,29238,0.013657178163775804,0.00032423404585270386,0.06296117505952914,0.73132377789243075,1.4643412986634812,402,0,1,1,1,1,1
windows_msvc_cpu,cpu,32,coupled,7,1,1,1,3,7,0.052016898146564725,-0.54194455227337368,0.0019305251213032736,-0.019936338137583613,0.050086373025261449,-0.52200821413579002,0.050268725977531493,-0.52201827562739345,0.036789657741310627,867.3006203466025,829.02678187724132,887,28836,27949,28836,0.030077008612380444,0.0050733019243358324,0.081750002681105216,0.37235394766791069,0.76166677249617176,887,0,1,1,1,1,1
windows_msvc_cpu,cpu,32,coupled,7,1,1,1,3,8,0.050268725977533651,-0.52201827562739356,0.002604432683396325,-0.02655138400957326,0.047664293294137329,-0.49546689161782032,0.047669264545961015,-0.49548481622798346,0.050871642883912369,1316.2016061947911,1248.5916195080399,1322,27949,26627,27949,0.04709297671454403,0.018787197033007311,0.091919658049107233,0.20282850532197741,0.4271809882105263,1322,0,1,1,1,1,1
windows_msvc_cpu,cpu,32,coupled,7,1,1,1,3,9,0.047669264545962924,-0.49548481622798352,0.0028630293245457362,-0.029307754322940079,0.04480623522141719,-0.46617706190504343,0.045646548659321225,-0.46584217771535397,0.059158003069111759,1587.5057709105724,1485.7589888211082,1621,26627,25006,26627,0.059620151384330661,0.014979895687825082,0.094034602209954507,0.14288498605867378,0.48504136323267039,1621,0,1,1,1,1,1
windows_msvc_cpu,cpu,32,coupled,7,1,1,1,3,10,0.045646548659322848,-0.46584217771535397,0.0026719144387169439,-0.026593186518905215,0.042974634220605906,-0.43924899119644878,0.043093535995276253,-0.44033510322132419,0.057100033994070529,1449.6598417839939,1355.6059534264748,1410,25006,23596,25006,0.057972480276093495,0.010265084549074134,0.09521598015486693,0.15777580198893801,0.58160725002103231,1410,0,1,1,1,1,1
windows_msvc_cpu,cpu,32,coupled,7,1,1,1,3,11,0.04309353599527764,-0.44033510322132424,0.0022205487357528542,-0.022024024879686042,0.040872987259524783,-0.41831107834163822,0.040639917340796888,-0.41757955822166315,0.050030854168623858,1123.6378969748769,1066.2699283988338,1132,23596,22464,23596,0.047619846455961894,0.017772662548625313,0.093610707249779324,0.19783761405378583,0.44136440488671491,1132,0,1,1,1,1,1
windows_msvc_cpu,cpu,32,coupled,7,1,1,1,3,12,0.040639917340798172,-0.41757955822166321,0.0013805357901148212,-0.014100691476749767,0.039259381550683349,-0.40347886674491346,0.037493539675836136,-0.40312128406015613,0.033769574453993242,709.32949856932316,677.96216707202996,750,22464,21714,22464,0.031576277536027562,0.0026459019954899465,0.07852837327151313,0.35592266025507979,0.92798681998494792,750,0,1,1,1,1,1
windows_msvc_cpu,cpu,32,coupled,7,1,1,1,3,13,0.03749353967583726,-0.40312128406015618,0.00061261171398366916,-0.0070594675835930184,0.036880927961853591,-0.39606181647656319,0.036698021285647385,-0.3961232779982311,0.017501959905247763,356.25177918730327,344.17979727400211,354,21714,21360,21714,0.016406547811886493,0.00016054374140957045,0.069070789830214072,0.65288249017344901,1.6439263131974147,354,0,1,1,1,1,1
windows_msvc_cpu,cpu,32,coupled,7,1,1,1,3,14,0.036698021285648405,-0.39612327799823116,0.00033635586232966155,-0.0036888728061410642,0.036361665423318743,-0.39243440519209011,0.036184170014405111,-0.39255050888633652,0.00931118598612817,163.43045076611781,160.74637795407031,161,21360,21199,21360,0.0076512383317470884,1.7687998722662136e-05,0.046443405138126684,0.94632374183249979,2.2074596012788379,161,0,1,1,1,1,1
windows_msvc_cpu,cpu,32,coupled,7,1,1,1,3,15,0.036184170014406089,-0.39255050888633658,0.00033755616101902323,-0.0034466920811634344,0.035846613853387069,-0.38910381680517314,0.035621999571602191,-0.38939028978843115,0.0087848730509376832,132.8652018436716,130.48556915236838,125,21199,21074,21199,0.0062675221398967688,1.0315799327880021e-05,0.053694171451203032,1.0714825045934611,2.3452232960941011,125,0,1,1,1,1,1
windows_msvc_cpu,cpu,32,coupled,7,1,1,1,3,16,0.035621999571603162,-0.38939028978843115,0.00047323581337543587,-0.0049618868090398191,0.035148763758227723,-0.38442840297939135,0.035415776749676976,-0.383916456447355,0.012747208252421718,198.14840288458328,193.55199687147092,223,21074,20851,21074,0.0094025055938399583,4.4211416786892611e-05,0.053363434695873214,0.88181306381797364,1.973404361934312,223,0,1,1,1,1,1
windows_msvc_cpu,cpu,32,coupled,7,1,1,1,3,17,0.03541577674967792,-0.38391645644735506,0.00077137248655407024,-0.008425936862040467,0.034644404263123853,-0.3754905195853146,0.034384169945729903,-0.37530277658686406,0.021945910981215722,380.26501541727953,368.68182424128946,393,20851,20458,20851,0.018237255547325287,0.00051085066927821355,0.064610657824130877,0.55254039356042151,1.3481917137816919,393,0,1,1,1,1,1
windows_msvc_cpu,cpu,32,coupled,7,1,1,1,3,18,0.03438416994573075,-0.37530277658686412,0.0013712667792033983,-0.015046714454695475,0.033012903166527351,-0.36025606213216865,0.033067463523782988,-0.36050236606667474,0.040090441252078703,741.1350676365081,709.40955410495201,738,20458,19720,20458,0.036227151609957382,0.0063919068964303095,0.080677145118533231,0.28555609569033913,0.70263773797095042,738,0,1,1,1,1,1
windows_msvc_cpu,cpu,32,coupled,7,1,1,1,3,19,0.033067463523783702,-0.3605023660666748,0.0018641073081237557,-0.019813334488864597,0.031203356215659946,-0.34068903157781022,0.03326348476668177,-0.34134226722373839,0.054972130443235116,1041.0221380164803,984.22295619198439,1012,19720,18708,19720,0.052790169270612593,0.019695739403954901,0.08530759891000006,0.1675690833225254,0.41511494867633758,1012,0,1,1,1,1,1
windows_msvc_cpu,cpu,32,coupled,7,1,1,1,3,20,0.033263484766682401,-0.34134226722373845,0.0019361362411681135,-0.019332720339186139,0.03132734852551429,-0.3220095468845523,0.031413397465698531,-0.32143185083697995,0.056652103546338206,1038.0765284447577,977.2964658107926,1067,18708,17641,18708,0.055488375478124748,0.015365658874155599,0.086510755099827363,0.15874841458134825,0.47854521165038999,1067,0,1,1,1,1,1
windows_msvc_cpu,cpu,32,coupled,7,1,1,1,3,21,0.031413397465698885,-0.32143185083698,0.0020311788751344703,-0.020930350916546065,0.029382218590564415,-0.30050149992043396,0.029869067850210304,-0.29944008005191586,0.065111665586350356,1127.0765447536319,1052.9244819753317,1186,17641,16455,17641,0.063889606300869109,0.019960984703575851,0.09154239347159665,0.11860738017810514,0.41169716643036902,1186,0,1,1,1,1,1
windows_msvc_cpu,cpu,32,coupled,7,1,1,1,3,22,0.029869067850210582,-0.29944008005191591,0.0019834907566842509,-0.019912157051638995,0.027885577093526331,-0.2795279230002769,0.027189011602787888,-0.28009222563311026,0.066497064355965335,1093.5000231836621,1019.4550930974873,1100,16455,15355,16455,0.066453966768985837,0.028547607858439114,0.090069093951904933,0.10702701336861868,0.32028383144170003,1100,0,1,1,1,1,1
windows_msvc_cpu,cpu,32,coupled,7,1,1,1,3,23,0.0271890116027882,-0.28009222563311037,0.0014766629139366654,-0.014387926499311641,0.025712348688851534,-0.26570429913379873,0.024947588391103927,-0.26596728955068671,0.051396000093797786,767.72385970706875,727.14248971981385,761,15355,14594,15355,0.049998297603846872,0.015789874148117555,0.085336441846351918,0.18494550194479689,0.47158720228297124,761,0,1,1,1,1,1
windows_msvc_cpu,cpu,32,coupled,7,1,1,1,3,24,0.024947588391104294,-0.26596728955068677,0.00085226987581080757,-0.0079039571905746512,0.024095318515293486,-0.25806333236011214,0.024577670206395633,-0.25809696051344927,0.029756543572531526,367.53616256006939,355.3109208543479,361,14594,14233,14594,0.025184059377831258,0.0017954289873622791,0.081010214570047687,0.39601093447674335,1.0270583958958301,361,0,1,1,1,1,1
windows_msvc_cpu,cpu,32,coupled,7,1,1,1,3,25,0.024577670206395997,-0.25809696051344932,0.00050364533569260776,-0.0048265014039665204,0.024074024870703391,-0.25327045910948282,0.024004993478445164,-0.25387259950060037,0.018716442698905402,197.02273643545541,191.45477724417984,170,14233,14063,14233,0.013842671006495848,0.00023450489846428685,0.070533651249347587,0.63701869503337216,1.5471178850562388,170,0,1,1,1,1,1
windows_msvc_cpu,cpu,32,coupled,7,1,1,1,3,26,0.024004993478445539,-0.25387259950060043,0.00038899186149699434,-0.0038984936271345377,0.023616001616948545,-0.24997410587346588,0.023349010167720469,-0.25026755391257643,0.015363621510145205,162.14397815837026,158.57270710687413,157,14063,13906,14063,0.011529828497359756,8.6070570728777234e-05,0.05952905280571285,0.68774523998424375,1.8031996504762127,157,0,1,1,1,1,1
windows_msvc_cpu,cpu,32,coupled,7,1,1,1,3,27,0.023349010167720854,-0.25026755391257649,0.00044760933816689245,-0.0045086910803827035,0.022901400829553963,-0.24575886283219378,0.02251015305353184,-0.24588839391995726,0.018025449527243706,211.79043534609559,207.10123532535374,197,13906,13709,13906,0.015230147802825802,0.00016239679879266134,0.055855902209520331,0.56280863423372918,1.6409942176412313,197,0,1,1,1,1,1
windows_msvc_cpu,cpu,32,coupled,7,1,1,1,3,28,0.022510153053532291,-0.24588839391995734,0.00075904806203835591,-0.0076698963571460461,0.021751104991493936,-0.2382184975628113,0.021572679702683742,-0.23725781825778078,0.031213599571574772,397.72151187302836,383.67413361566662,424,13709,13285,13709,0.029011708503394001,0.001063841749005984,0.06959571346417523,0.35799758113532015,1.1607719316079224,424,0,1,1,1,1,1
windows_msvc_cpu,cpu,32,coupled,7,1,1,1,3,29,0.021572679702684186,-0.23725781825778086,0.0010257418769624217,-0.010483321706122116,0.020546937825721763,-0.22677449655165874,0.020799924684935744,-0.22682014058299527,0.044212932083888032,562.08534911368417,536.30121031214037,554,13285,12731,13285,0.04230977411469207,0.0064045546027394935,0.075403828896798031,0.23337574105399134,0.70213269413858481,554,0,1,1,1,1,1
windows_msvc_cpu,cpu,32,coupled,7,1,1,1,3,30,0.020799924684936209,-0.22682014058299538,0.00099688998001033887,-0.010522622010344193,0.019803034704925872,-0.21629751857265117,0.019840634635043482,-0.21716009002558717,0.046404726966612353,562.29397543073003,536.07136703132221,513,12731,12218,12731,0.044167306215594219,0.011380521216724266,0.080622508302221868,0.21650062569693743,0.55525200278267772,513,0,1,1,1,1,1
windows_msvc_cpu,cpu,32,coupled,7,1,1,1,3,31,0.01984063463504394,-0.21716009002558731,0.00095648317561390324,-0.010831432755060219,0.018884151459430037,-0.2063286572705271,0.01900157596019051,-0.20626973041631463,0.04986382050088993,572.98209955740276,543.25531516937622,588,12218,11630,12218,0.046896554227975347,0.0066686656999858027,0.084484664408293719,0.20989824899060811,0.69180816589137495,588,0,1,1,1,1,1
windows_msvc_cpu,cpu,32,locked_control,0,1,1,1,3,0,0.062500000000003025,-0.63457314922558761,0,0,0.062500000000003025,-0.63457314922558761,0.06250000000000018,-0.63457314922558761,0,0,0,0,32768,32768,0,0,0,0,0,0,0,0,1,1,1,1,1
windows_msvc_cpu,cpu,32,locked_control,0,1,1,1,3,1,0.062500000000003025,-0.63457314922558761,0,0,0.062500000000003025,-0.63457314922558761,0.06250000000000018,-0.63457314922558761,0,0,0,0,32768,32768,0,0,0,0,0,0,0,0,1,1,1,1,1
windows_msvc_cpu,cpu,32,locked_control,0,1,1,1,3,2,0.062500000000003025,-0.63457314922558761,0,0,0.062500000000003025,-0.63457314922558761,0.06250000000000018,-0.63457314922558761,0,0,0,0,32768,32768,0,0,0,0,0,0,0,0,1,1,1,1,1
windows_msvc_cpu,cpu,32,locked_control,0,1,1,1,3,3,0.062500000000003025,-0.63457314922558761,0,0,0.062500000000003025,-0.63457314922558761,0.06250000000000018,-0.63457314922558761,0,0,0,0,32768,32768,0,0,0,0,0,0,0,0,1,1,1,1,1
windows_msvc_cpu,cpu,32,locked_control,0,1,1,1,3,4,0.062500000000003025,-0.63457314922558761,0,0,0.062500000000003025,-0.63457314922558761,0.06250000000000018,-0.63457314922558761,0,0,0,0,32768,32768,0,0,0,0,0,0,0,0,1,1,1,1,1
windows_msvc_cpu,cpu,32,locked_control,0,1,1,1,3,5,0.062500000000003025,-0.63457314922558761,0,0,0.062500000000003025,-0.63457314922558761,0.06250000000000018,-0.63457314922558761,0,0,0,0,32768,32768,0,0,0,0,0,0,0,0,1,1,1,1,1
windows_msvc_cpu,cpu,32,locked_control,0,1,1,1,3,6,0.062500000000003025,-0.63457314922558761,0,0,0.062500000000003025,-0.63457314922558761,0.06250000000000018,-0.63457314922558761,0,0,0,0,32768,32768,0,0,0,0,0,0,0,0,1,1,1,1,1
windows_msvc_cpu,cpu,32,locked_control,0,1,1,1,3,7,0.062500000000003025,-0.63457314922558761,0,0,0.062500000000003025,-0.63457314922558761,0.06250000000000018,-0.63457314922558761,0,0,0,0,32768,32768,0,0,0,0,0,0,0,0,1,1,1,1,1
windows_msvc_cpu,cpu,32,locked_control,0,1,1,1,3,8,0.062500000000003025,-0.63457314922558761,0,0,0.062500000000003025,-0.63457314922558761,0.06250000000000018,-0.63457314922558761,0,0,0,0,32768,32768,0,0,0,0,0,0,0,0,1,1,1,1,1
windows_msvc_cpu,cpu,32,locked_control,0,1,1,1,3,9,0.062500000000003025,-0.63457314922558761,0,0,0.062500000000003025,-0.63457314922558761,0.06250000000000018,-0.63457314922558761,0,0,0,0,32768,32768,0,0,0,0,0,0,0,0,1,1,1,1,1
windows_msvc_cpu,cpu,32,locked_control,0,1,1,1,3,10,0.062500000000003025,-0.63457314922558761,0,0,0.062500000000003025,-0.63457314922558761,0.06250000000000018,-0.63457314922558761,0,0,0,0,32768,32768,0,0,0,0,0,0,0,0,1,1,1,1,1
windows_msvc_cpu,cpu,32,locked_control,0,1,1,1,3,11,0.062500000000003025,-0.63457314922558761,0,0,0.062500000000003025,-0.63457314922558761,0.06250000000000018,-0.63457314922558761,0,0,0,0,32768,32768,0,0,0,0,0,0,0,0,1,1,1,1,1
windows_msvc_cpu,cpu,32,locked_control,0,1,1,1,3,12,0.062500000000003025,-0.63457314922558761,0,0,0.062500000000003025,-0.63457314922558761,0.06250000000000018,-0.63457314922558761,0,0,0,0,32768,32768,0,0,0,0,0,0,0,0,1,1,1,1,1
windows_msvc_cpu,cpu,32,locked_control,0,1,1,1,3,13,0.062500000000003025,-0.63457314922558761,0,0,0.062500000000003025,-0.63457314922558761,0.06250000000000018,-0.63457314922558761,0,0,0,0,32768,32768,0,0,0,0,0,0,0,0,1,1,1,1,1
windows_msvc_cpu,cpu,32,locked_control,0,1,1,1,3,14,0.062500000000003025,-0.63457314922558761,0,0,0.062500000000003025,-0.63457314922558761,0.06250000000000018,-0.63457314922558761,0,0,0,0,32768,32768,0,0,0,0,0,0,0,0,1,1,1,1,1
windows_msvc_cpu,cpu,32,locked_control,0,1,1,1,3,15,0.062500000000003025,-0.63457314922558761,0,0,0.062500000000003025,-0.63457314922558761,0.06250000000000018,-0.63457314922558761,0,0,0,0,32768,32768,0,0,0,0,0,0,0,0,1,1,1,1,1
windows_msvc_cpu,cpu,32,locked_control,0,1,1,1,3,16,0.062500000000003025,-0.63457314922558761,0,0,0.062500000000003025,-0.63457314922558761,0.06250000000000018,-0.63457314922558761,0,0,0,0,32768,32768,0,0,0,0,0,0,0,0,1,1,1,1,1
windows_msvc_cpu,cpu,32,locked_control,0,1,1,1,3,17,0.062500000000003025,-0.63457314922558761,0,0,0.062500000000003025,-0.63457314922558761,0.06250000000000018,-0.63457314922558761,0,0,0,0,32768,32768,0,0,0,0,0,0,0,0,1,1,1,1,1
windows_msvc_cpu,cpu,32,locked_control,0,1,1,1,3,18,0.062500000000003025,-0.63457314922558761,0,0,0.062500000000003025,-0.63457314922558761,0.06250000000000018,-0.63457314922558761,0,0,0,0,32768,32768,0,0,0,0,0,0,0,0,1,1,1,1,1
windows_msvc_cpu,cpu,32,locked_control,0,1,1,1,3,19,0.062500000000003025,-0.63457314922558761,0,0,0.062500000000003025,-0.63457314922558761,0.06250000000000018,-0.63457314922558761,0,0,0,0,32768,32768,0,0,0,0,0,0,0,0,1,1,1,1,1
windows_msvc_cpu,cpu,32,locked_control,0,1,1,1,3,20,0.062500000000003025,-0.63457314922558761,0,0,0.062500000000003025,-0.63457314922558761,0.06250000000000018,-0.63457314922558761,0,0,0,0,32768,32768,0,0,0,0,0,0,0,0,1,1,1,1,1
windows_msvc_cpu,cpu,32,locked_control,0,1,1,1,3,21,0.062500000000003025,-0.63457314922558761,0,0,0.062500000000003025,-0.63457314922558761,0.06250000000000018,-0.63457314922558761,0,0,0,0,32768,32768,0,0,0,0,0,0,0,0,1,1,1,1,1
windows_msvc_cpu,cpu,32,locked_control,0,1,1,1,3,22,0.062500000000003025,-0.63457314922558761,0,0,0.062500000000003025,-0.63457314922558761,0.06250000000000018,-0.63457314922558761,0,0,0,0,32768,32768,0,0,0,0,0,0,0,0,1,1,1,1,1
windows_msvc_cpu,cpu,32,locked_control,0,1,1,1,3,23,0.062500000000003025,-0.63457314922558761,0,0,0.062500000000003025,-0.63457314922558761,0.06250000000000018,-0.63457314922558761,0,0,0,0,32768,32768,0,0,0,0,0,0,0,0,1,1,1,1,1
windows_msvc_cpu,cpu,32,locked_control,0,1,1,1,3,24,0.062500000000003025,-0.63457314922558761,0,0,0.062500000000003025,-0.63457314922558761,0.06250000000000018,-0.63457314922558761,0,0,0,0,32768,32768,0,0,0,0,0,0,0,0,1,1,1,1,1
windows_msvc_cpu,cpu,32,locked_control,0,1,1,1,3,25,0.062500000000003025,-0.63457314922558761,0,0,0.062500000000003025,-0.63457314922558761,0.06250000000000018,-0.63457314922558761,0,0,0,0,32768,32768,0,0,0,0,0,0,0,0,1,1,1,1,1
windows_msvc_cpu,cpu,32,locked_control,0,1,1,1,3,26,0.062500000000003025,-0.63457314922558761,0,0,0.062500000000003025,-0.63457314922558761,0.06250000000000018,-0.63457314922558761,0,0,0,0,32768,32768,0,0,0,0,0,0,0,0,1,1,1,1,1
windows_msvc_cpu,cpu,32,locked_control,0,1,1,1,3,27,0.062500000000003025,-0.63457314922558761,0,0,0.062500000000003025,-0.63457314922558761,0.06250000000000018,-0.63457314922558761,0,0,0,0,32768,32768,0,0,0,0,0,0,0,0,1,1,1,1,1
windows_msvc_cpu,cpu,32,locked_control,0,1,1,1,3,28,0.062500000000003025,-0.63457314922558761,0,0,0.062500000000003025,-0.63457314922558761,0.06250000000000018,-0.63457314922558761,0,0,0,0,32768,32768,0,0,0,0,0,0,0,0,1,1,1,1,1
windows_msvc_cpu,cpu,32,locked_control,0,1,1,1,3,29,0.062500000000003025,-0.63457314922558761,0,0,0.062500000000003025,-0.63457314922558761,0.06250000000000018,-0.63457314922558761,0,0,0,0,32768,32768,0,0,0,0,0,0,0,0,1,1,1,1,1
windows_msvc_cpu,cpu,32,locked_control,0,1,1,1,3,30,0.062500000000003025,-0.63457314922558761,0,0,0.062500000000003025,-0.63457314922558761,0.06250000000000018,-0.63457314922558761,0,0,0,0,32768,32768,0,0,0,0,0,0,0,0,1,1,1,1,1
windows_msvc_cpu,cpu,32,locked_control,0,1,1,1,3,31,0.062500000000003025,-0.63457314922558761,0,0,0.062500000000003025,-0.63457314922558761,0.06250000000000018,-0.63457314922558761,0,0,0,0,32768,32768,0,0,0,0,0,0,0,0,1,1,1,1,1
