backend_label,actual_backend,L,seed,dx,dy,dz,n,tick,omega,target_transition,phase_error,initial_source_real,initial_source_imag,initial_occupancy,initial_signed_state,source_before_real,source_before_imag,expected_loss_real,expected_loss_imag,predicted_next_real,predicted_next_imag,source_after_real,source_after_imag,source_hazard,expected_removals,removal_variance,actual_removed,occupancy_before,occupancy_after,signed_state_after,eligible_sites,mean_site_probability,min_site_probability,max_site_probability,mean_local_energy,max_local_energy,history_evaporation,history_other,history_required,history_enabled,toggles_valid,structural_valid,execution_valid
windows_msvc_cpu,cpu,32,0,1,0,0,1,0,0.11324094111196269,27,0.029153697545162505,0.0625,-0.63457314922559527,32768,0,0.0625,-0.63457314922559527,0.0061954043502147355,-0.062902995987874022,0.056304595649785266,-0.5716701532377213,0.057267317936532072,-0.57269147529732678,0.099126469603445982,3135.2000853783129,2832.2647853064846,3087,32768,29681,41,32768,0.095678713543039334,0.070982009395745213,0.10000000000000001,0.012770366987580484,0.087568230771977076,3087,0,1,1,1,1,1
windows_msvc_cpu,cpu,32,0,1,0,0,1,1,0.11324094111196269,27,0.029153697545162505,0.0625,-0.63457314922559527,32768,0,0.057267317936532072,-0.57269147529732678,0.0053368922106712471,-0.053009778127608348,0.051930425725860825,-0.51968169716971846,0.051410672965307436,-0.51892806938335689,0.092568779091210571,2452.9169320074056,2230.7995742485127,2478,29681,27203,41,29681,0.082642664735265173,0.01675103113216353,0.10000000000000001,0.073336659962843234,0.45648994374651009,2478,0,1,1,1,1,1
windows_msvc_cpu,cpu,32,0,1,0,0,1,2,0.11324094111196269,27,0.029153697545162505,0.0625,-0.63457314922559527,32768,0,0.051410672965307436,-0.51892806938335689,0.0043809063999942542,-0.043442354460129548,0.047029766565313179,-0.47548571492322733,0.047989289475143374,-0.47515987417846217,0.083730124812642193,1894.4375694564981,1733.7002834357575,1921,27203,25282,40,27203,0.069640759087471901,0.0013254833062357088,0.099955932586786034,0.19259559778023649,1.1045916990394695,1921,0,1,1,1,1,1
windows_msvc_cpu,cpu,32,0,1,0,0,1,3,0.11324094111196269,27,0.029153697545162505,0.0625,-0.63457314922559527,32768,0,0.047989289475143374,-0.47515987417846217,0.0037099942913093706,-0.036426100526058179,0.044279295183834,-0.43873377365240401,0.044460294571705417,-0.43819171547822366,0.076667268902431099,1513.2976916391303,1389.9677879804472,1525,25282,23757,47,25282,0.059856723820865848,4.3610359946335078e-05,0.098665180619551429,0.37543613584119112,1.9769016157972139,1525,0,1,1,1,1,1
windows_msvc_cpu,cpu,32,0,1,0,0,1,4,0.11324094111196269,27,0.029153697545162505,0.0625,-0.63457314922559527,32768,0,0.044460294571705417,-0.43819171547822366,0.0031093052379897825,-0.030690875723219255,0.041350989333715636,-0.4075008397550044,0.041442615282113432,-0.40764785099620815,0.070038761526236185,1225.7548961711957,1129.2944157265515,1228,23757,22529,77,23757,0.051595525368152366,9.0041025252066587e-07,0.095927572677238407,0.63982794327234338,2.9682609823685016,1228,0,1,1,1,1,1
windows_msvc_cpu,cpu,32,0,1,0,0,1,5,0.11324094111196269,27,0.029153697545162505,0.0625,-0.63457314922559527,32768,0,0.041442615282113432,-0.40764785099620815,0.0026083864293518226,-0.026111638061584466,0.03883422885276161,-0.3815362129346237,0.039418643622533139,-0.38101188722957946,0.064042996150868226,1004.6701285654083,926.52886773131593,1025,22529,21504,52,22529,0.044594528321958732,9.9773353752165323e-09,0.096318308388033777,0.99535360809834528,4.118621850670916,1025,0,1,1,1,1,1
windows_msvc_cpu,cpu,32,0,1,0,0,1,6,0.11324094111196269,27,0.029153697545162505,0.0625,-0.63457314922559527,32768,0,0.039418643622533139,-0.38101188722957946,0.002156210570570668,-0.021189984209650698,0.037262433051962474,-0.35982190301992878,0.037024424977414816,-0.3597253713953803,0.055605333933055896,789.28154647332997,730.58485990947941,791,21504,20713,47,21504,0.036703940963231492,6.2989264661130407e-11,0.094202720137937027,1.4662850295535537,5.4127154326827185,791,0,1,1,1,1,1
windows_msvc_cpu,cpu,32,0,1,0,0,1,7,0.11324094111196269,27,0.029153697545162505,0.0625,-0.63457314922559527,32768,0,0.037024424977414816,-0.3597253713953803,0.0017343806169224812,-0.017006319418347418,0.035290044360492337,-0.3427190519770329,0.035193501413975481,-0.34232680814394473,0.04727131657163252,616.12204445607892,572.07466958764849,630,20713,20083,27,20713,0.029745669118721525,2.6907137074698774e-13,0.091986207572324216,2.040036413335756,6.8066133042595549,630,0,1,1,1,1,1
windows_msvc_cpu,cpu,32,0,1,0,0,1,8,0.11324094111196269,27,0.029153697545162505,0.0625,-0.63457314922559527,32768,0,0.035193501413975481,-0.34232680814394473,0.0013764268286382319,-0.013405268160462384,0.033817074585337246,-0.32892153998348234,0.033985533569681856,-0.32869441130922089,0.039158758100508909,474.55616400235607,442.00640888775894,481,20083,19602,6,20083,0.023629744759366432,1.2734402876934419e-15,0.092397681542685225,2.7129722377303818,8.1743262275608384,481,0,1,1,1,1,1
windows_msvc_cpu,cpu,32,0,1,0,0,1,9,0.11324094111196269,27,0.029153697545162505,0.0625,-0.63457314922559527,32768,0,0.033985533569681856,-0.32869441130922089,0.0010542224409095262,-0.010318990882504587,0.032931311128772331,-0.31837542042671629,0.033088315459170695,-0.31798539258251507,0.031389916432532264,358.24808949105164,334.70439399873646,370,19602,19232,-22,19602,0.0182760988414984,4.3844610232568766e-18,0.090577932677728873,3.4765289928933862,9.6233254586779999,370,0,1,1,1,1,1
windows_msvc_cpu,cpu,32,0,1,0,0,1,10,0.11324094111196269,27,0.029153697545162505,0.0625,-0.63457314922559527,32768,0,0.033088315459170695,-0.31798539258251507,0.00077123487244626756,-0.0075484428995196938,0.032317080586724424,-0.3104369496829954,0.032028205220783479,-0.30982279010394398,0.023733726684410265,257.87642709870022,241.84247184896068,280,19232,18952,-20,19232,0.013408716051305128,8.807437889435946e-21,0.09161893012219291,4.3286400255535273,11.209987457113193,280,0,1,1,1,1,1
windows_msvc_cpu,cpu,32,0,1,0,0,1,11,0.11324094111196269,27,0.029153697545162505,0.0625,-0.63457314922559527,32768,0,0.032028205220783479,-0.30982279010394398,0.00050496663296922589,-0.0049960692934352905,0.031523238587814251,-0.30482672081050871,0.031418385151246342,-0.30450441999461825,0.016121771994622173,168.50837148201822,159.133946824112,179,18952,18773,-7,18952,0.0088913239490300867,2.9424535808880455e-23,0.087555194465012531,5.2663203252687163,12.666680130486252,179,0,1,1,1,1,1
windows_msvc_cpu,cpu,32,0,1,0,0,1,12,0.11324094111196269,27,0.029153697545162505,0.0625,-0.63457314922559527,32768,0,0.031418385151246342,-0.30450441999461825,0.00030415848681988904,-0.0030007950283649108,0.031114226664426453,-0.30150362496625333,0.031077181019759502,-0.30140050845013522,0.0098528541164185739,100.31672268697383,95.555784103877556,104,18773,18669,3,18773,0.0053436703077277921,2.6295235810091821e-26,0.080053743079885636,6.2587020957275614,14.460283115124442,104,0,1,1,1,1,1
windows_msvc_cpu,cpu,32,0,1,0,0,1,13,0.11324094111196269,27,0.029153697545162505,0.0625,-0.63457314922559527,32768,0,0.031077181019759502,-0.30140050845013522,0.0001659293523863173,-0.0016206378102681029,0.030911251667373185,-0.29977987063986711,0.030982150870205453,-0.30034409841537602,0.0053766269438024275,53.860942929001439,51.920520849079992,35,18669,18634,8,18669,0.0028850470260325372,4.0732568750517006e-29,0.064391239053282895,7.2895692321770502,16.113344805000551,35,0,1,1,1,1,1
windows_msvc_cpu,cpu,32,0,1,0,0,1,14,0.11324094111196269,27,0.029153697545162505,0.0625,-0.63457314922559527,32768,0,0.030982150870205453,-0.30034409841537602,8.7119469142551769e-05,-0.00083343857144099569,0.030895031401062902,-0.29951065984393505,0.030904752976339253,-0.299498402028472,0.0027753350737079298,27.631235391804299,27.011230533859436,28,18634,18606,10,18634,0.0014828397226470055,3.4332434527141332e-32,0.042810524172103265,8.3336707114530171,17.921893134168613,28,0,1,1,1,1,1
windows_msvc_cpu,cpu,32,0,1,0,0,1,15,0.11324094111196269,27,0.029153697545162505,0.0625,-0.63457314922559527,32768,0,0.030904752976339253,-0.299498402028472,4.8521456523069631e-05,-0.00045944438209186611,0.030856231519816184,-0.29903895764638011,0.030839262450760151,-0.29892501829786755,0.0015344253245523829,15.221196394628324,15.015515250040931,19,18606,18587,5,18606,0.00081807999541160502,4.9210064913409606e-35,0.028172242194153676,9.3934298407678281,19.594789310423206,19,0,1,1,1,1,1
windows_msvc_cpu,cpu,32,0,1,0,0,1,16,0.11324094111196269,27,0.029153697545162505,0.0625,-0.63457314922559527,32768,0,0.030839262450760151,-0.29892501829786755,3.7772959047399402e-05,-0.00035898599494865112,0.030801489491712752,-0.29856603230291889,0.030803540345898783,-0.29865387841498103,0.0012011750255516967,11.889798477920134,11.759547418958828,9,18587,18578,2,18587,0.00063968356797332196,3.1152156837387462e-38,0.023528509504019999,10.440884076213285,21.476479138062917,9,0,1,1,1,1,1
windows_msvc_cpu,cpu,32,0,1,0,0,1,17,0.11324094111196269,27,0.029153697545162505,0.0625,-0.63457314922559527,32768,0,0.030803540345898783,-0.29865387841498103,4.577394584671151e-05,-0.00043923069045363988,0.03075776640005207,-0.29821464772452738,0.030761864556893909,-0.29820021945005087,0.0014708624401611888,14.545245586574115,14.351998447082323,15,18578,18563,-5,18578,0.00078292849534794464,1.7088562244090977e-41,0.026067505105060736,11.444939133417472,23.394770582302115,15,0,1,1,1,1,1
windows_msvc_cpu,cpu,32,0,1,0,0,1,18,0.11324094111196269,27,0.029153697545162505,0.0625,-0.63457314922559527,32768,0,0.030761864556893909,-0.29820021945005087,6.8633720893447684e-05,-0.00066033672661342392,0.030693230836000462,-0.29753988272343745,0.030702327715458371,-0.29750417902023985,0.0022145833304177322,21.867538593660171,21.436833882467401,23,18563,18540,-4,18563,0.0011780174860561423,4.6500252003176878e-44,0.039391097336807165,12.392157107436201,24.903886078621994,23,0,1,1,1,1,1
windows_msvc_cpu,cpu,32,0,1,0,0,1,19,0.11324094111196269,27,0.029153697545162505,0.0625,-0.63457314922559527,32768,0,0.030702327715458371,-0.29750417902023985,9.8141425682501246e-05,-0.00094312688736832213,0.030604186289775868,-0.29656105213287154,0.030630883505735746,-0.29671893140287947,0.0031704082593589007,31.237802221548232,30.369029882609766,26,18540,18514,-4,18540,0.0016848868512161937,4.8385232290096008e-46,0.04592358890066614,13.261313177067013,26.070317085935045,26,0,1,1,1,1,1
windows_msvc_cpu,cpu,32,0,1,0,0,1,20,0.11324094111196269,27,0.029153697545162505,0.0625,-0.63457314922559527,32768,0,0.030630883505735746,-0.29671893140287947,0.00011456071411616829,-0.0010968487108361249,0.030516322791619577,-0.29562208269204332,0.030505856138721189,-0.29557157755496394,0.003697049739939767,36.343923459468783,35.171269230046114,38,18514,18476,-4,18514,0.0019630508512190115,1.4423169279418523e-48,0.05532870892850722,14.030795778681711,27.556137354172396,38,0,1,1,1,1,1
windows_msvc_cpu,cpu,32,0,1,0,0,1,21,0.11324094111196269,27,0.029153697545162505,0.0625,-0.63457314922559527,32768,0,0.030505856138721189,-0.29557157755496394,0.00010855366323105436,-0.0010330592971716421,0.030397302475490134,-0.29453851825779231,0.030345564260330773,-0.2943079721925882,0.0034957914306923887,34.257333572697064,33.211229929535733,42,18476,18434,2,18476,0.0018541531485547231,1.4714829728863386e-51,0.054608880887362855,14.678110762395063,29.315897626848813,42,0,1,1,1,1,1
windows_msvc_cpu,cpu,32,0,1,0,0,1,22,0.11324094111196269,27,0.029153697545162505,0.0625,-0.63457314922559527,32768,0,0.030345564260330773,-0.2943079721925882,9.6954944787561479e-05,-0.00092078096122460984,0.030248609315543212,-0.29338719123136359,0.030250305314033894,-0.29331261984859125,0.0031293291840589605,30.563143215999141,29.73816050849749,33,18434,18401,11,18434,0.0016579767395030454,2.8378039292297722e-54,0.051644257925450271,15.164894617027842,30.912976054547638,33,0,1,1,1,1,1
windows_msvc_cpu,cpu,32,0,1,0,0,1,23,0.11324094111196269,27,0.029153697545162505,0.0625,-0.63457314922559527,32768,0,0.030250305314033894,-0.29331261984859125,9.7132709205460314e-05,-0.00091479458498988945,0.030153172604828433,-0.29239782526360136,0.030143367796192384,-0.29246983286070721,0.0031198077432669467,30.382498538165777,29.564367514546671,28,18401,18373,11,18401,0.0016511330111497081,1.284533463764747e-56,0.050815120303402773,15.450293270545627,32.292071280002361,28,0,1,1,1,1,1
windows_msvc_cpu,cpu,32,0,1,0,0,1,24,0.11324094111196269,27,0.029153697545162505,0.0625,-0.63457314922559527,32768,0,0.030143367796192384,-0.29246983286070721,0.00010839541455762561,-0.0010238379411689857,0.030034972381634759,-0.29144599491953821,0.029959947571455509,-0.29106060864464683,0.0035016637229533395,34.002344736646663,32.955699563438699,47,18373,18326,16,18373,0.0018506691741493855,1.2688269543780214e-57,0.05530307222879749,15.509421362871489,32.883506271382451,47,0,1,1,1,1,1
windows_msvc_cpu,cpu,32,0,1,0,0,1,25,0.11324094111196269,27,0.029153697545162505,0.0625,-0.63457314922559527,32768,0,0.029959947571455509,-0.29106060864464683,0.00011823317807674765,-0.0011218584670377981,0.029841714393378762,-0.28993875017760906,0.029823012836153295,-0.28988390999201918,0.00385534544243473,37.260367334442371,35.967364322484407,39,18326,18287,15,18326,0.0020331969515683932,3.4272817647856095e-59,0.055776602484265518,15.331932853134026,33.806213961140976,39,0,1,1,1,1,1
windows_msvc_cpu,cpu,32,0,1,0,0,1,26,0.11324094111196269,27,0.029153697545162505,0.0625,-0.63457314922559527,32768,0,0.029823012836153295,-0.28988390999201918,0.0001248865861155516,-0.0011938943884231598,0.029698126250037742,-0.28869001560359603,0.029710350430910887,-0.28892196209065563,0.0041192492297985016,39.679426409636847,38.215790940715777,32,18287,18255,13,18287,0.0021698160665848333,3.7973904773452888e-58,0.065259828674757145,14.864181472754197,33.191722393038084,32,0,1,1,1,1,1
windows_msvc_cpu,cpu,32,0,1,0,0,1,27,0.11324094111196269,27,0.029153697545162505,0.0625,-0.63457314922559527,32768,0,0.029710350430910887,-0.28892196209065563,0.00012836812910912897,-0.0012148679024667061,0.029581982301801757,-0.28770709418818891,0.029597916822411252,-0.28781444040463267,0.0042060425221190729,40.440486427525421,38.98572899010027,37,18255,18218,12,18255,0.0022153101302396835,1.6624398327156441e-56,0.063154651643952994,14.099250686763,32.22618230381034,37,0,1,1,1,1,1
windows_msvc_cpu,cpu,32,1,1,0,0,1,0,0.11324094111196269,27,0.029153697545162505,0.0625,-0.63457314922559527,32768,0,0.0625,-0.63457314922559527,0.0061954043502147355,-0.062902995987874022,0.056304595649785266,-0.5716701532377213,0.055967985977364063,-0.57139541705096986,0.099126469603445982,3135.2000853783129,2832.2647853064846,3157,32768,29611,13,32768,0.095678713543039334,0.070982009395745213,0.10000000000000001,0.012770366987580484,0.087568230771977076,3157,0,1,1,1,1,1
windows_msvc_cpu,cpu,32,1,1,0,0,1,1,0.11324094111196269,27,0.029153697545162505,0.0625,-0.63457314922559527,32768,0,0.055967985977364063,-0.57139541705096986,0.0051560973112322753,-0.05280709971273604,0.050811888666131788,-0.51858831733823385,0.051585516475055646,-0.51748556063265816,0.092415012164874757,2444.5189859455163,2223.4785764293847,2506,29611,27105,-79,29611,0.082554421868410943,0.016991968737970611,0.10000000000000001,0.073474813203113651,0.45284126746434444,2506,0,1,1,1,1,1
windows_msvc_cpu,cpu,32,1,1,0,0,1,2,0.11324094111196269,27,0.029153697545162505,0.0625,-0.63457314922559527,32768,0,0.051585516475055646,-0.51748556063265816,0.0043100642126074722,-0.04327752514085504,0.04727545226244817,-0.47420803549180313,0.047015293966302593,-0.47434439832353342,0.083629628268227257,1886.6540509354047,1726.7498620471072,1903,27105,25202,-62,27105,0.069605388339251228,0.0013566328682308544,0.099986777736492727,0.19197940757395776,1.0986569694076755,1903,0,1,1,1,1,1
windows_msvc_cpu,cpu,32,1,1,0,0,1,3,0.11324094111196269,27,0.029153697545162505,0.0625,-0.63457314922559527,32768,0,0.047015293966302593,-0.47434439832353342,0.003636576679849251,-0.036346807575087119,0.043378717286453344,-0.4379975907484463,0.042838202766466479,-0.43648265538712322,0.076632392336763167,1508.5662631138912,1385.6952430938779,1577,25202,23625,-89,25202,0.059858989886274548,4.4331211505406132e-05,0.09872275292562345,0.37315217620718372,1.9727130205110173,1577,0,1,1,1,1,1
windows_msvc_cpu,cpu,32,1,1,0,0,1,4,0.11324094111196269,27,0.029153697545162505,0.0625,-0.63457314922559527,32768,0,0.042838202766466479,-0.43648265538712322,0.0030090209851328857,-0.030530427383679622,0.039829181781333593,-0.4059522280034436,0.039824426466032348,-0.40715900907572938,0.069949299575131463,1217.2536538365159,1121.6266980277478,1171,23625,22454,-56,23625,0.051523964183556231,8.8468055452599418e-07,0.096209159582555964,0.63676685863926863,2.9727637378561003,1171,0,1,1,1,1,1
windows_msvc_cpu,cpu,32,1,1,0,0,1,5,0.11324094111196269,27,0.029153697545162505,0.0625,-0.63457314922559527,32768,0,0.039824426466032348,-0.40715900907572938,0.0025603604312404967,-0.02605529496741725,0.037264066034791848,-0.38110371410831212,0.036559775415506229,-0.38276134585817484,0.063995749243346306,1002.1295860171496,924.37834581133097,947,22454,21507,21,22454,0.044630336956317337,1.3051155351000092e-08,0.096248242278636764,0.98739126295637236,4.0500068041365287,947,0,1,1,1,1,1
windows_msvc_cpu,cpu,32,1,1,0,0,1,6,0.11324094111196269,27,0.029153697545162505,0.0625,-0.63457314922559527,32768,0,0.036559775415506229,-0.38276134585817484,0.0020550580998116006,-0.021368933863044424,0.034504717315694627,-0.36139241199513039,0.034653320095502371,-0.36259093265884329,0.055831807264620177,795.39931451657651,736.27253293754745,751,21507,20756,-8,21507,0.036983275887691285,6.5883321124773856e-11,0.094242758158626636,1.4479088197430805,5.4012384815782521,751,0,1,1,1,1,1
windows_msvc_cpu,cpu,32,1,1,0,0,1,7,0.11324094111196269,27,0.029153697545162505,0.0625,-0.63457314922559527,32768,0,0.034653320095502371,-0.36259093265884329,0.0016878857359287906,-0.017247238109486633,0.032965434359573581,-0.34534369454935665,0.032924124027697899,-0.34490458956302761,0.04757698427220116,623.68749381480279,578.99793681926712,636,20756,20120,8,20756,0.030048539883156811,3.2495601765144319e-13,0.092289067077467937,2.0109877981492978,6.7583986242225542,636,0,1,1,1,1,1
windows_msvc_cpu,cpu,32,1,1,0,0,1,8,0.11324094111196269,27,0.029153697545162505,0.0625,-0.63457314922559527,32768,0,0.032924124027697899,-0.34490458956302761,0.0013448521549617931,-0.013643898120252955,0.031579271872736105,-0.33126069144277465,0.031481757815757336,-0.33123660992710491,0.039570106389409748,481.91903773242581,448.58370720663777,483,20120,19637,1,20120,0.023952238455885975,1.2410656891291564e-15,0.09350865599374103,2.6763304488576845,8.1809055742485324,483,0,1,1,1,1,1
windows_msvc_cpu,cpu,32,1,1,0,0,1,9,0.11324094111196269,27,0.029153697545162505,0.0625,-0.63457314922559527,32768,0,0.031481757815757336,-0.33123660992710491,0.0010024520312478422,-0.010504215801098955,0.030479305784509494,-0.32073239412600596,0.030621278345853715,-0.32179195293864143,0.031713287573485925,363.65814545127097,339.50127018821178,326,19637,19311,-17,19637,0.018519027623938023,3.2361765713499525e-18,0.091681615297861799,3.4327882206075762,9.7009117280732458,326,0,1,1,1,1,1
windows_msvc_cpu,cpu,32,1,1,0,0,1,10,0.11324094111196269,27,0.029153697545162505,0.0625,-0.63457314922559527,32768,0,0.030621278345853715,-0.32179195293864143,0.00073707743395873195,-0.0077346302701172759,0.029884200911894983,-0.31405732266852415,0.030036112890785744,-0.31452661454143555,0.02403643169826291,263.53815902973469,247.02279749438819,248,19311,19063,-51,19311,0.013647048782027585,1.2348250822217994e-20,0.090082173193766144,4.2689113570024873,11.123652201878835,248,0,1,1,1,1,1
windows_msvc_cpu,cpu,32,1,1,0,0,1,11,0.11324094111196269,27,0.029153697545162505,0.0625,-0.63457314922559527,32768,0,0.030036112890785744,-0.31452661454143555,0.00050442615579188643,-0.0052176385529027732,0.029531686734993859,-0.3093089759885328,0.029574668538821264,-0.3094787537252538,0.01659071559833188,175.63517034282074,165.78190606695009,170,19063,18893,-47,19063,0.0092134066171547374,4.015865549989888e-23,0.087021655435016776,5.1904793115572021,12.587219834354986,170,0,1,1,1,1,1
windows_msvc_cpu,cpu,32,1,1,0,0,1,12,0.11324094111196269,27,0.029153697545162505,0.0625,-0.63457314922559527,32768,0,0.029574668538821264,-0.3094787537252538,0.00031199364543526463,-0.0031766518426098907,0.029262674893386,-0.3063021018826439,0.029267136134041066,-0.30641970552288611,0.010267100792035752,106.03102538911004,100.98888967314444,102,18893,18791,-49,18893,0.0056121857507600717,1.3753594972016346e-25,0.080985221937788995,6.1750728096569807,14.037572466965887,102,0,1,1,1,1,1
windows_msvc_cpu,cpu,32,1,1,0,0,1,13,0.11324094111196269,27,0.029153697545162505,0.0625,-0.63457314922559527,32768,0,0.029267136134041066,-0.30641970552288611,0.00016629642512913642,-0.0017152513881704811,0.029100839708911929,-0.30470445413471564,0.02910089057150686,-0.30494423627375561,0.0055984810353853854,56.935583072307956,54.934694553510589,49,18791,18742,-42,18791,0.003029938963988503,7.1410934176733636e-29,0.059829015433892622,7.2064544466479212,15.969905799672004,49,0,1,1,1,1,1
windows_msvc_cpu,cpu,32,1,1,0,0,1,14,0.11324094111196269,27,0.029153697545162505,0.0625,-0.63457314922559527,32768,0,0.02910089057150686,-0.30494423627375561,8.2373041750799912e-05,-0.00086796766776460628,0.029018517529756059,-0.30407626860599102,0.029017767790239773,-0.30400755100467136,0.0028461742152195392,28.740546543768673,28.133365944915973,31,18742,18711,-43,18742,0.0015334834352667096,7.8411580921076398e-32,0.047115600111723152,8.2625882139074776,17.710887238225624,31,0,1,1,1,1,1
windows_msvc_cpu,cpu,32,1,1,0,0,1,15,0.11324094111196269,27,0.029153697545162505,0.0625,-0.63457314922559527,32768,0,0.029017767790239773,-0.30400755100467136,4.4493884521404596e-05,-0.00047357094605370248,0.028973273905718369,-0.30353398005861765,0.028982045685378391,-0.30352278807491001,0.0015575399207376859,15.669151747138892,15.472471031695317,16,18711,18695,-39,18711,0.00083742994747148158,1.6795110138590217e-34,0.03455999608378086,9.3328902136746308,19.281153975195089,16,0,1,1,1,1,1
windows_msvc_cpu,cpu,32,1,1,0,0,1,16,0.11324094111196269,27,0.029153697545162505,0.0625,-0.63457314922559527,32768,0,0.028982045685378391,-0.30352278807491001,3.5192417368393167e-05,-0.00037200639368646806,0.028946853268009998,-0.30315078168122356,0.028940369896373448,-0.30322171700060513,0.001225526695238497,12.307145555856446,12.18330066328847,10,18695,18685,-33,18695,0.00065831214527180769,2.2366311059916674e-37,0.022956688995207124,10.389202277202179,20.972838914588138,10,0,1,1,1,1,1
windows_msvc_cpu,cpu,32,1,1,0,0,1,17,0.11324094111196269,27,0.029153697545162505,0.0625,-0.63457314922559527,32768,0,0.028940369896373448,-0.30322171700060513,4.3874936605333757e-05,-0.00046039210808119342,0.028896494959768114,-0.30276132489252394,0.028892740423224938,-0.30270760926613172,0.0015183142154624176,15.231569762640468,15.043411018944349,17,18685,18668,-28,18685,0.00081517633195828034,1.3421235532929756e-40,0.025981553899169525,11.405420774628251,22.868198315601717,17,0,1,1,1,1,1
windows_msvc_cpu,cpu,32,1,1,0,0,1,18,0.11324094111196269,27,0.029153697545162505,0.0625,-0.63457314922559527,32768,0,0.028892740423224938,-0.30270760926613172,6.6429572670927481e-05,-0.00069435253054237378,0.02882631085055401,-0.30201325673558932,0.028809388845215077,-0.30204443196127201,0.0022938545051186371,22.973440970436823,22.551498542097967,22,18668,18646,-32,18668,0.0012306321496912804,3.5484963428169294e-43,0.031670648152146985,12.367897683134169,24.384666233688311,22,0,1,1,1,1,1
windows_msvc_cpu,cpu,32,1,1,0,0,1,19,0.11324094111196269,27,0.029153697545162505,0.0625,-0.63457314922559527,32768,0,0.028809388845215077,-0.30204443196127201,9.4510005838265962e-05,-0.00098907405757171123,0.02871487883937681,-0.3010553579037003,0.028672682906655891,-0.30068695085220765,0.0032746513464273455,32.728367234226383,31.876338288309153,45,18646,18601,-23,18646,0.0017552486986070141,8.0702766324589265e-46,0.043896607341023297,13.252009365923456,25.939613022291567,45,0,1,1,1,1,1
windows_msvc_cpu,cpu,32,1,1,0,0,1,20,0.11324094111196269,27,0.029153697545162505,0.0625,-0.63457314922559527,32768,0,0.028672682906655891,-0.30068695085220765,0.00010840476543663916,-0.0011413854770043067,0.02856427814121925,-0.29954556537520333,0.028601238696933127,-0.29962587225830906,0.003795789616963838,37.777455339932075,36.624693513747431,35,18601,18566,-14,18601,0.0020309367958675382,5.8224261413155427e-49,0.051992606407940761,14.051737272293298,27.787898831324974,35,0,1,1,1,1,1
windows_msvc_cpu,cpu,32,1,1,0,0,1,21,0.11324094111196269,27,0.029153697545162505,0.0625,-0.63457314922559527,32768,0,0.028601238696933127,-0.29962587225830906,0.00010291634826247724,-0.0010799884680010895,0.028498322348670651,-0.29854588379030794,0.028488576291691024,-0.298510163692907,0.0036044012196017614,35.767818179741141,34.730391757443073,37,18566,18529,-19,18566,0.0019265225778165001,1.3966035880651137e-51,0.049306855635755598,14.714266765865773,29.329241311471876,37,0,1,1,1,1,1
windows_msvc_cpu,cpu,32,1,1,0,0,1,22,0.11324094111196269,27,0.029153697545162505,0.0625,-0.63457314922559527,32768,0,0.028488576291691024,-0.298510163692907,9.230567454128793e-05,-0.00097196171008547873,0.028396270617149735,-0.29753820198282155,0.028375685089706105,-0.29745434004485427,0.0032558983240638787,32.214671729678109,31.375659167311738,35,18529,18494,-18,18529,0.0017386082211494473,1.3107958323156599e-54,0.049938376389195384,15.213534867281025,31.110316947883497,35,0,1,1,1,1,1
windows_msvc_cpu,cpu,32,1,1,0,0,1,23,0.11324094111196269,27,0.029153697545162505,0.0625,-0.63457314922559527,32768,0,0.028375685089706105,-0.29745434004485427,9.239509906567454e-05,-0.00097669529505199182,0.02828328999064043,-0.29647764474980226,0.028316605841756045,-0.29679111767096955,0.0032832664547234988,32.384127733323567,31.533660282956394,22,18494,18472,-26,18494,0.0017510613027643326,8.8224845022876458e-57,0.048906805992368033,15.515780894176338,32.38805373445598,22,0,1,1,1,1,1
windows_msvc_cpu,cpu,32,1,1,0,0,1,24,0.11324094111196269,27,0.029153697545162505,0.0625,-0.63457314922559527,32768,0,0.028316605841756045,-0.29679111767096955,0.00010476804032215543,-0.0010964279509362818,0.028211837801433888,-0.29569468972003327,0.028239207947889717,-0.29579166062002765,0.0036943253759041386,36.355254651434436,35.273646685281108,33,18472,18439,-29,18472,0.0019681276879295385,2.6527977125394503e-58,0.051468715818230037,15.582506925472174,33.283367139616168,33,0,1,1,1,1,1
windows_msvc_cpu,cpu,32,1,1,0,0,1,25,0.11324094111196269,27,0.029153697545162505,0.0625,-0.63457314922559527,32768,0,0.028239207947889717,-0.29579166062002765,0.00011901023367480771,-0.0012305317456883973,0.028120197714214909,-0.29456112887433927,0.028072733588612741,-0.29443593867108281,0.0041606197781398156,40.806849719415659,39.415523563091909,45,18439,18394,-38,18439,0.002213072819535531,1.3642579253924474e-59,0.058176520274646371,15.406476971656854,34.041562024891533,45,0,1,1,1,1,1
windows_msvc_cpu,cpu,32,1,1,0,0,1,26,0.11324094111196269,27,0.029153697545162505,0.0625,-0.63457314922559527,32768,0,0.028072733588612741,-0.29443593867108281,0.00012365699918173893,-0.0012926965211674201,0.027949076589431,-0.29314324214991538,0.027995564491489214,-0.29310545681990485,0.004390547185027991,42.886796543314404,41.334098772221964,44,18394,18350,-32,18394,0.002331564452719061,4.6215831900665237e-59,0.059868415145241341,14.958864815634492,33.729829595044897,44,0,1,1,1,1,1
windows_msvc_cpu,cpu,32,1,1,0,0,1,27,0.11324094111196269,27,0.029153697545162505,0.0625,-0.63457314922559527,32768,0,0.027995564491489214,-0.29310545681990485,0.00012136438443813539,-0.0012670566671756866,0.027874200107051078,-0.29183840015272916,0.027853820055757643,-0.29169447344372518,0.0043229804241532582,42.087109985147322,40.617454976525693,47,18350,18303,-29,18350,0.0022935754760298266,6.3464870311616852e-57,0.061125324191550826,14.218738680905608,32.47221328329406,47,0,1,1,1,1,1
windows_msvc_cpu,cpu,32,2,1,0,0,1,0,0.11324094111196269,27,0.029153697545162505,0.0625,-0.63457314922559527,32768,0,0.0625,-0.63457314922559527,0.0061954043502147355,-0.062902995987874022,0.056304595649785266,-0.5716701532377213,0.055287961745459441,-0.57220748617387385,0.099126469603445982,3135.2000853783129,2832.2647853064846,3138,32768,29630,48,32768,0.095678713543039334,0.070982009395745213,0.10000000000000001,0.012770366987580484,0.087568230771977076,3138,0,1,1,1,1,1
windows_msvc_cpu,cpu,32,2,1,0,0,1,1,0.11324094111196269,27,0.029153697545162505,0.0625,-0.63457314922559527,32768,0,0.055287961745459441,-0.57220748617387385,0.0050940592340665359,-0.052951155892957,0.050193902511392906,-0.51925633028091689,0.052095651969183407,-0.51790894033727874,0.092534669780393666,2446.2096059305022,2224.8441310761045,2492,29630,27138,-20,29630,0.082558542218376718,0.016991968737970615,0.10000000000000001,0.073668480327860081,0.45284126746434439,2492,0,1,1,1,1,1
windows_msvc_cpu,cpu,32,2,1,0,0,1,2,0.11324094111196269,27,0.029153697545162505,0.0625,-0.63457314922559527,32768,0,0.052095651969183407,-0.51790894033727874,0.0044387996593779839,-0.043346079841857267,0.047656852309805424,-0.47456286049542146,0.047702521323038607,-0.47449387233025381,0.083709532700844955,1888.4707816336788,1728.377010052779,1883,27138,25255,-45,27138,0.069587691857678491,0.001343837350208497,0.099933906162977384,0.19255939588787582,1.1010781589159022,1883,0,1,1,1,1,1
windows_msvc_cpu,cpu,32,2,1,0,0,1,3,0.11324094111196269,27,0.029153697545162505,0.0625,-0.63457314922559527,32768,0,0.047702521323038607,-0.47449387233025381,0.0037512475822824034,-0.036387363068135913,0.043951273740756205,-0.43810650926211792,0.044649116012286341,-0.43844944286914156,0.076706215048831017,1511.8617016371052,1388.6251668254874,1488,25255,23767,-5,25255,0.059863856726870134,4.3308328906202288e-05,0.098706597604166529,0.37395963330552667,1.9786772242843982,1488,0,1,1,1,1,1
windows_msvc_cpu,cpu,32,2,1,0,0,1,4,0.11324094111196269,27,0.029153697545162505,0.0625,-0.63457314922559527,32768,0,0.044649116012286341,-0.43844944286914156,0.003191532305160393,-0.030774986062382572,0.041457583707125947,-0.40767445680675901,0.040767950251275414,-0.40709137056429606,0.070203739209437371,1229.2149191726862,1132.284263617104,1259,23767,22508,36,23767,0.051719397449096906,7.9686999917305048e-07,0.097189313430003643,0.63609899276052195,2.9994715970753827,1259,0,1,1,1,1,1
windows_msvc_cpu,cpu,32,2,1,0,0,1,5,0.11324094111196269,27,0.029153697545162505,0.0625,-0.63457314922559527,32768,0,0.040767950251275414,-0.40709137056429606,0.0026391334597169686,-0.026145259974218949,0.038128816791558447,-0.3809461105900771,0.038447806114994598,-0.38005883532692536,0.0642296230833624,1006.4121674138892,927.87125375222479,1039,22508,21469,29,22508,0.044713531518299682,1.0738173790949871e-08,0.095933494550202433,0.99176609725344667,4.0998460153936467,1039,0,1,1,1,1,1
windows_msvc_cpu,cpu,32,2,1,0,0,1,6,0.11324094111196269,27,0.029153697545162505,0.0625,-0.63457314922559527,32768,0,0.038447806114994598,-0.38005883532692536,0.0021175882363374233,-0.021184757451170037,0.036330217878657173,-0.35887407787575532,0.036221196557339991,-0.35838291070841127,0.055734007215387828,789.51799009123943,730.69445754572394,812,21469,20657,5,21469,0.036774791098385551,9.3152764878863157e-11,0.094380141873542697,1.4634252201300504,5.3127474824490086,812,0,1,1,1,1,1
windows_msvc_cpu,cpu,32,2,1,0,0,1,7,0.11324094111196269,27,0.029153697545162505,0.0625,-0.63457314922559527,32768,0,0.036221196557339991,-0.35838291070841127,0.0017150345311254327,-0.01697906625472816,0.034506162026214558,-0.3414038444536831,0.034655706277128884,-0.34167008143609379,0.047376603079950709,614.99934348576437,570.94248919346239,605,20657,20052,48,20657,0.029771958342729554,5.3422640787887683e-13,0.092964164069349361,2.0393756524806319,6.6313859869949896,605,0,1,1,1,1,1
windows_msvc_cpu,cpu,32,2,1,0,0,1,8,0.11324094111196269,27,0.029153697545162505,0.0625,-0.63457314922559527,32768,0,0.034655706277128884,-0.34167008143609379,0.0013522026597787356,-0.013432716844471625,0.033303503617350148,-0.32823736459162217,0.033349038728994085,-0.32786496516746477,0.039311854548569614,475.00283228814897,442.29051048838045,486,20052,19566,54,20052,0.023688551380817324,1.236907873508183e-15,0.091835707115162882,2.7102955189969942,8.1817629595184442,486,0,1,1,1,1,1
windows_msvc_cpu,cpu,32,2,1,0,0,1,9,0.11324094111196269,27,0.029153697545162505,0.0625,-0.63457314922559527,32768,0,0.033349038728994085,-0.32786496516746477,0.0010651211665638686,-0.010354661081276155,0.032283917562430216,-0.31751030408618863,0.032389011355573469,-0.31775349791993185,0.03158574131642429,359.08325564568565,335.23993283556155,350,19566,19216,42,19566,0.018352410081042915,3.1790260664682364e-18,0.09144569812249026,3.4745578936007293,9.7054640003957946,350,0,1,1,1,1,1
windows_msvc_cpu,cpu,32,2,1,0,0,1,10,0.11324094111196269,27,0.029153697545162505,0.0625,-0.63457314922559527,32768,0,0.032389011355573469,-0.31775349791993185,0.00080115725642733112,-0.00762823960552026,0.031587854099146134,-0.31012525831441157,0.031629921173961184,-0.31065523607338064,0.024014277176260663,260.39856010759547,244.04166252039352,244,19216,18972,16,19216,0.013551132395274536,4.670143639931538e-21,0.091364587133289793,4.3219879203566824,11.372073213459487,244,0,1,1,1,1,1
windows_msvc_cpu,cpu,32,2,1,0,0,1,11,0.11324094111196269,27,0.029153697545162505,0.0625,-0.63457314922559527,32768,0,0.031629921173961184,-0.31065523607338064,0.0005381657242205163,-0.0051563845973058636,0.031091755449740667,-0.30549885147607475,0.031045508625667153,-0.30577681062072487,0.016602683859352606,173.81199630585502,164.05481272428489,165,18972,18807,27,18972,0.0091615009648879937,1.3050425783489846e-23,0.086716922529246954,5.2468443785784826,12.874397081185284,165,0,1,1,1,1,1
windows_msvc_cpu,cpu,32,2,1,0,0,1,12,0.11324094111196269,27,0.029153697545162505,0.0625,-0.63457314922559527,32768,0,0.031045508625667153,-0.30577681062072487,0.00032395672612968733,-0.0031631551776240842,0.030721551899537465,-0.30261365544310076,0.030757201261244222,-0.30251158298855635,0.010345574357894806,105.66320365608838,100.60963757529476,109,18807,18698,36,18807,0.0056182912562390804,4.8245717976863242e-27,0.078427276315566702,6.2286920670415222,14.893511910674881,109,0,1,1,1,1,1
windows_msvc_cpu,cpu,32,2,1,0,0,1,13,0.11324094111196269,27,0.029153697545162505,0.0625,-0.63457314922559527,32768,0,0.030757201261244222,-0.30251158298855635,0.00017742089191939592,-0.0017163069399682483,0.030579780369324825,-0.30079527604858808,0.030638585171858777,-0.30091169788009925,0.0056744957813819217,57.017748752538907,54.985127995843484,53,18698,18645,41,18698,0.0030494036128216337,1.3093930911568444e-29,0.059986445726308096,7.2547087115010385,16.403297183359779,53,0,1,1,1,1,1
windows_msvc_cpu,cpu,32,2,1,0,0,1,14,0.11324094111196269,27,0.029153697545162505,0.0625,-0.63457314922559527,32768,0,0.030638585171858777,-0.30091169788009925,9.0943716418487576e-05,-0.00086569520816012779,0.03054764145544029,-0.30004600267193909,0.03051996908247322,-0.29997968117015378,0.0028778452795091419,28.696007963524718,28.078137097966824,31,18645,18614,36,18645,0.0015390725644153778,2.6100615834240885e-32,0.041816103609547815,8.3010933186322209,17.991931527574508,31,0,1,1,1,1,1
windows_msvc_cpu,cpu,32,2,1,0,0,1,15,0.11324094111196269,27,0.029153697545162505,0.0625,-0.63457314922559527,32768,0,0.03051996908247322,-0.29997968117015378,5.0256285307201748e-05,-0.00047373799079511865,0.030469712797166017,-0.29950594317935864,0.030460432241037682,-0.29940571105284269,0.0015799244721105669,15.693779089386904,15.492049626336499,19,18614,18595,41,18614,0.0008431169597822555,1.369609180787503e-34,0.026936105566586856,9.3591637818860693,19.333268502945472,19,0,1,1,1,1,1
windows_msvc_cpu,cpu,32,2,1,0,0,1,16,0.11324094111196269,27,0.029153697545162505,0.0625,-0.63457314922559527,32768,0,0.030460432241037682,-0.29940571105284269,3.8954387107821011e-05,-0.00036776102253748314,0.03042147785392986,-0.2990379500303052,0.030442571188607003,-0.29907177685358682,0.0012288211328486808,12.180377794106018,12.055051320854334,11,18595,18584,40,18595,0.00065503510589438115,4.831528935349848e-37,0.022125514436287481,10.404196182950788,20.776061080904679,11,0,1,1,1,1,1
windows_msvc_cpu,cpu,32,2,1,0,0,1,17,0.11324094111196269,27,0.029153697545162505,0.0625,-0.63457314922559527,32768,0,0.030442571188607003,-0.29907177685358682,4.7754969974239828e-05,-0.00045165451469154802,0.030394816218632763,-0.29862012233889529,0.030365173294740803,-0.29831646042764504,0.0015107876310389279,14.957927005640313,14.768794855698504,25,18584,18559,39,18584,0.00080488199556824755,2.2866615387304734e-40,0.027022988284795248,11.407688739034215,22.732062085073519,25,0,1,1,1,1,1
windows_msvc_cpu,cpu,32,2,1,0,0,1,18,0.11324094111196269,27,0.029153697545162505,0.0625,-0.63457314922559527,32768,0,0.030365173294740803,-0.29831646042764504,7.1123703893954018e-05,-0.00067806522029260755,0.030294049590846851,-0.29763839520735241,0.030269914348443953,-0.2974713504274476,0.0022736835752572029,22.455165417603592,22.033858280377782,28,18559,18531,35,18559,0.0012099340167898913,4.075772051861802e-43,0.035576947136252132,12.360603805707836,24.349271352722393,28,0,1,1,1,1,1
windows_msvc_cpu,cpu,32,2,1,0,0,1,19,0.11324094111196269,27,0.029153697545162505,0.0625,-0.63457314922559527,32768,0,0.030269914348443953,-0.2974713504274476,0.00010031248516751166,-0.00096815757112873012,0.030169601863276441,-0.29650319285631888,0.030186562770434286,-0.29683869070071228,0.0032552324125618474,32.062363212659747,31.209939642995362,21,18531,18510,40,18531,0.0017302014577011357,4.2946772741287197e-46,0.043304187109167148,13.234690043119661,26.100780182747823,21,0,1,1,1,1,1
windows_msvc_cpu,cpu,32,2,1,0,0,1,20,0.11324094111196269,27,0.029153697545162505,0.0625,-0.63457314922559527,32768,0,0.030186562770434286,-0.29683869070071228,0.00011849403827396804,-0.0011471988208796998,0.030068068732160318,-0.29569149187983257,0.030067717884306039,-0.29575410863465373,0.0038653423238690994,38.001981089942269,36.805533123358529,36,18510,18474,50,18510,0.0020530513824928293,6.6042245748235343e-49,0.055192110855783176,14.003096280865959,27.755708775595632,36,0,1,1,1,1,1
windows_msvc_cpu,cpu,32,2,1,0,0,1,21,0.11324094111196269,27,0.029153697545162505,0.0625,-0.63457314922559527,32768,0,0.030067717884306039,-0.29575410863465373,0.00011187381040212337,-0.0010775070047880704,0.029955844073903917,-0.29467660162986564,0.029942690517291037,-0.29460792756015108,0.0036440454395524611,35.71700309347834,34.659396629924807,38,18474,18436,54,18474,0.0019333659788610123,1.5361486929579307e-51,0.050525728415094479,14.652542772039133,29.304909505270054,38,0,1,1,1,1,1
windows_msvc_cpu,cpu,32,2,1,0,0,1,22,0.11324094111196269,27,0.029153697545162505,0.0625,-0.63457314922559527,32768,0,0.029942690517291037,-0.29460792756015108,9.9710630901935992e-05,-0.00095635828355311711,0.0298429798863891,-0.29365156927659797,0.02983002811204874,-0.29358377172912387,0.0032470641080213311,31.728371176736431,30.898148264718159,34,18436,18402,66,18436,0.001721000823212,1.1665574214467937e-53,0.046803529654144992,15.139829755018846,30.551809796438057,34,0,1,1,1,1,1
windows_msvc_cpu,cpu,32,2,1,0,0,1,23,0.11324094111196269,27,0.029153697545162505,0.0625,-0.63457314922559527,32768,0,0.02983002811204874,-0.29358377172912387,0.00010061000456470425,-0.00095552718729253279,0.029729418107484036,-0.29262824454183134,0.029729273075093484,-0.29277206617155904,0.0032559068356449285,31.718638351962312,30.886789093301807,27,18402,18375,63,18402,0.0017236516874232319,1.4081511280083759e-55,0.046692762361441459,15.429136924245315,31.680304445073869,27,0,1,1,1,1,1
windows_msvc_cpu,cpu,32,2,1,0,0,1,24,0.11324094111196269,27,0.029153697545162505,0.0625,-0.63457314922559527,32768,0,0.029729273075093484,-0.29277206617155904,0.00011334875756746546,-0.0010798100097205805,0.029615924317526018,-0.29169225616183847,0.029592567136533965,-0.29175027842187012,0.0036894979290365243,35.841599336962851,34.762781976778818,34,18375,18341,55,18375,0.001950563229222468,3.0204462430342681e-57,0.053377927662283303,15.491053134329567,32.661915180474111,34,0,1,1,1,1,1
windows_msvc_cpu,cpu,32,2,1,0,0,1,25,0.11324094111196269,27,0.029153697545162505,0.0625,-0.63457314922559527,32768,0,0.029592567136533965,-0.29175027842187012,0.00012862105705477051,-0.0012314865090289411,0.029463946079479195,-0.29051879191284119,0.029485629618692371,-0.29054362604331169,0.0042223061076522529,40.876333739690523,39.442808347984808,40,18341,18301,49,18341,0.0022286862079325294,1.860231748268359e-58,0.061679395173926649,15.307157130498485,33.374044710848352,40,0,1,1,1,1,1
windows_msvc_cpu,cpu,32,2,1,0,0,1,26,0.11324094111196269,27,0.029153697545162505,0.0625,-0.63457314922559527,32768,0,0.029485629618692371,-0.29054362604331169,0.00013983912006271536,-0.0013253597043611216,0.029345790498629655,-0.28921826633895059,0.029354877364276638,-0.28918555854754141,0.0045634994935399263,44.023151243703978,42.353861851431176,45,18301,18256,56,18301,0.0024055052316105121,3.4608632488886412e-58,0.062522314293866885,14.846037361263573,33.215431031031457,45,0,1,1,1,1,1
windows_msvc_cpu,cpu,32,2,1,0,0,1,27,0.11324094111196269,27,0.029153697545162505,0.0625,-0.63457314922559527,32768,0,0.029354877364276638,-0.28918555854754141,0.00014134101485093877,-0.0013236448105874632,0.029213536349425698,-0.28786191373695397,0.029200767966772335,-0.28780513781851286,0.0045795719007864335,44.032226505317539,42.404569912985941,46,18256,18210,56,18256,0.00241193177614579,5.2924448880239902e-56,0.061895943183150254,14.097831925318724,31.930324268326984,46,0,1,1,1,1,1
windows_msvc_cpu,cpu,32,3,1,0,0,1,0,0.11324094111196269,27,0.029153697545162505,0.0625,-0.63457314922559527,32768,0,0.0625,-0.63457314922559527,0.0061954043502147355,-0.062902995987874022,0.056304595649785266,-0.5716701532377213,0.058089149342556323,-0.57044705426940567,0.099126469603445982,3135.2000853783129,2832.2647853064846,3179,32768,29589,53,32768,0.095678713543039334,0.070982009395745213,0.10000000000000001,0.012770366987580484,0.087568230771977076,3179,0,1,1,1,1,1
windows_msvc_cpu,cpu,32,3,1,0,0,1,1,0.11324094111196269,27,0.029153697545162505,0.0625,-0.63457314922559527,32768,0,0.058089149342556323,-0.57044705426940567,0.0054300844113467908,-0.052711228347028675,0.052659064931209532,-0.51773582592237699,0.05194825181560471,-0.51955964776065,0.092414400551786374,2441.9887205294231,2221.1962918405829,2397,29589,27192,32,29589,0.082530288976627231,0.016751031132163526,0.10000000000000001,0.073613733708490212,0.45648994374651014,2397,0,1,1,1,1,1
windows_msvc_cpu,cpu,32,3,1,0,0,1,2,0.11324094111196269,27,0.029153697545162505,0.0625,-0.63457314922559527,32768,0,0.05194825181560471,-0.51955964776065,0.0043800269565561923,-0.043501906576145707,0.047568224859048519,-0.47605774118450428,0.049040943087798952,-0.47690953738490155,0.083734224460068396,1895.254054372376,1734.4947771538616,1875,27192,25317,59,27192,0.069698957574741691,0.0013543028088760962,0.099929501460702577,0.19153636276093211,1.099096161923121,1875,0,1,1,1,1,1
windows_msvc_cpu,cpu,32,3,1,0,0,1,3,0.11324094111196269,27,0.029153697545162505,0.0625,-0.63457314922559527,32768,0,0.049040943087798952,-0.47690953738490155,0.0037766596230945156,-0.036684135568947653,0.045264283464704437,-0.44022540181595388,0.046090540555498216,-0.44045582032751751,0.076921472182963399,1521.7432664747696,1397.4128429519394,1527,25317,23790,-42,25317,0.06010756671306907,4.5772483845848175e-05,0.098648578431459355,0.37155006940670976,1.9645387774772187,1527,0,1,1,1,1,1
windows_msvc_cpu,cpu,32,3,1,0,0,1,4,0.11324094111196269,27,0.029153697545162505,0.0625,-0.63457314922559527,32768,0,0.046090540555498216,-0.44045582032751751,0.0032038624795762954,-0.03097751276848594,0.042886678075921919,-0.40947830755903158,0.043093636035656704,-0.40850935478315681,0.070321716281394955,1234.8664780652607,1137.3996481020454,1268,23790,22522,8,23790,0.051906955782482583,8.8848569164177518e-07,0.097339726663628029,0.63232085249483383,2.9716671875145755,1268,0,1,1,1,1,1
windows_msvc_cpu,cpu,32,3,1,0,0,1,5,0.11324094111196269,27,0.029153697545162505,0.0625,-0.63457314922559527,32768,0,0.043093636035656704,-0.40850935478315681,0.0027008731318594026,-0.026221075621504632,0.0403927629037973,-0.3822882791616522,0.040305628019753847,-0.38329904385142399,0.064170561601685536,1008.768138388883,930.29009933573127,972,22522,21550,16,22522,0.044790344480458349,1.3941645812092927e-08,0.09572799142603175,0.98522088621548876,4.0331433709791247,972,0,1,1,1,1,1
windows_msvc_cpu,cpu,32,3,1,0,0,1,6,0.11324094111196269,27,0.029153697545162505,0.0625,-0.63457314922559527,32768,0,0.040305628019753847,-0.38329904385142399,0.0021893575961428077,-0.021248633755811559,0.038116270423611043,-0.36205041009561245,0.03795978727233193,-0.36185138553984525,0.055423958212887536,791.58160325308802,733.07760134401815,796,21550,20754,-12,21550,0.036732324976941441,9.389797779550785e-11,0.094434683617872869,1.4490257223142731,5.3107117050565664,796,0,1,1,1,1,1
windows_msvc_cpu,cpu,32,3,1,0,0,1,7,0.11324094111196269,27,0.029153697545162505,0.0625,-0.63457314922559527,32768,0,0.03795978727233193,-0.36185138553984525,0.0017620269790460229,-0.016992828860606102,0.036197760293285905,-0.34485855667923915,0.036290457499540241,-0.34402413559105716,0.046954889687201407,615.45684267286902,571.8264804434915,645,20754,20109,-3,20754,0.029654854132835549,4.7718658421639837e-13,0.09400545035523869,2.0187859550099838,6.660234123412101,645,0,1,1,1,1,1
windows_msvc_cpu,cpu,32,3,1,0,0,1,8,0.11324094111196269,27,0.029153697545162505,0.0625,-0.63457314922559527,32768,0,0.036290457499540241,-0.34402413559105716,0.0013952370215377854,-0.013313815229965262,0.034895220478002455,-0.33071032036109188,0.034879670071575261,-0.3304048427952242,0.03869744231523279,470.78932081550312,438.78679367336531,480,20109,19629,-13,20109,0.023411871341961467,1.8298495662055818e-15,0.091113156473854706,2.6911059133522444,8.0817074585184763,480,0,1,1,1,1,1
windows_msvc_cpu,cpu,32,3,1,0,0,1,9,0.11324094111196269,27,0.029153697545162505,0.0625,-0.63457314922559527,32768,0,0.034879670071575261,-0.3304048427952242,0.0010649226953413451,-0.010257474687190488,0.033814747376233918,-0.32014736810803368,0.033960806198588295,-0.32065437529158097,0.031039507250556628,355.42763287425237,332.07978763345011,337,19629,19292,-52,19629,0.018107271530605349,3.4091358701824991e-18,0.090893260585058047,3.4541602697952043,9.6876092160940974,337,0,1,1,1,1,1
windows_msvc_cpu,cpu,32,3,1,0,0,1,10,0.11324094111196269,27,0.029153697545162505,0.0625,-0.63457314922559527,32768,0,0.033960806198588295,-0.32065437529158097,0.00078541444825104458,-0.0076174662970778639,0.033175391750337249,-0.31303690899450309,0.033083583560775467,-0.31320796423971969,0.023749026587574995,259.74128058550781,243.47877454958612,255,19292,19037,-39,19292,0.013463678238933642,9.9843918317369628e-21,0.08985587437398182,4.299822102069438,11.177942013882465,255,0,1,1,1,1,1
windows_msvc_cpu,cpu,32,3,1,0,0,1,11,0.11324094111196269,27,0.029153697545162505,0.0625,-0.63457314922559527,32768,0,0.033083583560775467,-0.31320796423971969,0.00053086905832619772,-0.0051306564995254765,0.032552714502449273,-0.30807730774019421,0.032570377632930733,-0.30829196289993799,0.016377296851444199,172.85497997464373,163.18596865026748,166,19037,18871,-39,19037,0.0090799485199686784,5.7628274779151133e-24,0.087039765012694073,5.2309732356708851,13.08323421220005,166,0,1,1,1,1,1
windows_msvc_cpu,cpu,32,3,1,0,0,1,12,0.11324094111196269,27,0.029153697545162505,0.0625,-0.63457314922559527,32768,0,0.032570377632930733,-0.30829196289993799,0.00032455221695689015,-0.0031200643289098565,0.032245825415973844,-0.30517189857102811,0.032275430194135674,-0.30490292832966298,0.010118765243900117,104.22098661351028,99.285124471709594,113,18871,18758,-48,18871,0.0055228120721482849,4.6230658283061293e-27,0.077047731493946461,6.2204054592991032,14.904412189570861,113,0,1,1,1,1,1
windows_msvc_cpu,cpu,32,3,1,0,0,1,13,0.11324094111196269,27,0.029153697545162505,0.0625,-0.63457314922559527,32768,0,0.032275430194135674,-0.30490292832966298,0.0001754933092170438,-0.0016885650105638776,0.032099936884918627,-0.30321436331909912,0.032055830271052507,-0.30303715828416683,0.0055369257074190398,56.095167455613193,54.113672064249187,62,18758,18696,-50,18758,0.0029904663319977182,9.5271326811565673e-30,0.065748702765029296,7.2595747780992754,16.48454487892521,62,0,1,1,1,1,1
windows_msvc_cpu,cpu,32,3,1,0,0,1,14,0.11324094111196269,27,0.029153697545162505,0.0625,-0.63457314922559527,32768,0,0.032055830271052507,-0.30303715828416683,8.8409314538663128e-05,-0.00085738096313202534,0.031967420956513844,-0.30217977732103479,0.031966525008899196,-0.30188980443625213,0.0028285040150887392,28.414324677373056,27.803421603123304,38,18696,18658,-58,18696,0.0015198076956232914,2.7660274277631495e-32,0.038628870975427589,8.3235863424267436,17.977103206310911,38,0,1,1,1,1,1
windows_msvc_cpu,cpu,32,3,1,0,0,1,15,0.11324094111196269,27,0.029153697545162505,0.0625,-0.63457314922559527,32768,0,0.031966525008899196,-0.30188980443625213,4.8484803329775495e-05,-0.00046974772661482675,0.031918040205569424,-0.30142005670963729,0.031930802904037853,-0.30152711181899061,0.0015555882062511608,15.557187332571157,15.358718409881071,12,18658,18646,-64,18658,0.00083380787504401099,4.3366720628171603e-35,0.025085570022419595,9.3992098995682518,19.627084970930373,12,0,1,1,1,1,1
windows_msvc_cpu,cpu,32,3,1,0,0,1,16,0.11324094111196269,27,0.029153697545162505,0.0625,-0.63457314922559527,32768,0,0.031930802904037853,-0.30152711181899061,3.8594274003355531e-05,-0.00037117282327201254,0.031892208630034495,-0.30115593899571858,0.031901263280062847,-0.3012260182101732,0.0012307294019031029,12.291121618467789,12.163002819352959,10,18646,18636,-58,18646,0.00065918275332338243,3.6364438061571127e-38,0.02489505059234157,10.453628318839952,21.436952545913378,10,0,1,1,1,1,1
windows_msvc_cpu,cpu,32,3,1,0,0,1,17,0.11324094111196269,27,0.029153697545162505,0.0625,-0.63457314922559527,32768,0,0.031901263280062847,-0.3012260182101732,4.7712603668516067e-05,-0.00045536733513575262,0.031853550676394331,-0.30077065087503746,0.031895309595919311,-0.30095194639375444,0.001511534813386453,15.079679236410726,14.887957754481736,9,18636,18627,-57,18636,0.00080916930867196428,2.0095820516498161e-41,0.032072664575206321,11.468345304853543,23.353354715713067,9,0,1,1,1,1,1
windows_msvc_cpu,cpu,32,3,1,0,0,1,18,0.11324094111196269,27,0.029153697545162505,0.0625,-0.63457314922559527,32768,0,0.031895309595919311,-0.30095194639375444,7.2486813242465378e-05,-0.00069106511206578518,0.031822822782676848,-0.30026088128168865,0.031823865386196651,-0.29998242053423102,0.0022960016637486522,22.885993070433894,22.453963994014234,32,18627,18595,-55,18627,0.0012286462162685292,2.3991862803780319e-44,0.033066281888941479,12.424044921913517,25.072956026447095,32,0,1,1,1,1,1
windows_msvc_cpu,cpu,32,3,1,0,0,1,19,0.11324094111196269,27,0.029153697545162505,0.0625,-0.63457314922559527,32768,0,0.031823865386196651,-0.29998242053423102,0.00010245464027727482,-0.00097470499400304086,0.031721410745919373,-0.29900771554022798,0.031734560124043382,-0.29916724172545206,0.0032488756340848047,32.284750199018227,31.421731144772622,27,18595,18568,-52,18595,0.0017362059800493804,9.0515244933367178e-47,0.045797233987878827,13.313604950061221,26.49858823139888,27,0,1,1,1,1,1
windows_msvc_cpu,cpu,32,3,1,0,0,1,20,0.11324094111196269,27,0.029153697545162505,0.0625,-0.63457314922559527,32768,0,0.031734560124043382,-0.29916724172545206,0.00011807310784505547,-0.0011205560072432143,0.031616487016198326,-0.29804668571820886,0.031609532757028783,-0.29814195819003658,0.0037453064423955489,37.128916443104671,35.984356913948773,34,18568,18534,-48,18568,0.0019996185072762101,1.5325212526940952e-49,0.05435390796565908,14.098637952698079,28.128930067716539,34,0,1,1,1,1,1
windows_msvc_cpu,cpu,32,3,1,0,0,1,21,0.11324094111196269,27,0.029153697545162505,0.0625,-0.63457314922559527,32768,0,0.031609532757028783,-0.29814195819003658,0.00011252618467494546,-0.0010569136348780104,0.031497006572353839,-0.29708504455515855,0.031502595239187609,-0.29717710088965243,0.0035451667194097412,35.045900312239105,34.025592590749774,32,18534,18502,-46,18534,0.0018908978262781432,2.9232763721990276e-53,0.050876417369388187,14.753590134777633,30.31710271737791,32,0,1,1,1,1,1
windows_msvc_cpu,cpu,32,3,1,0,0,1,22,0.11324094111196269,27,0.029153697545162505,0.0625,-0.63457314922559527,32768,0,0.031502595239187609,-0.29717710088965243,0.00010283696250296014,-0.0009488203970287899,0.031399758276684647,-0.29622828049262362,0.031437333510351356,-0.29663538497607345,0.0031935734802853678,31.491856035390413,30.675899316604575,18,18502,18484,-38,18502,0.0017020784799151665,4.9805292920476628e-56,0.047471380549262379,15.238075258836659,31.945843901701934,18,0,1,1,1,1,1
windows_msvc_cpu,cpu,32,3,1,0,0,1,23,0.11324094111196269,27,0.029153697545162505,0.0625,-0.63457314922559527,32768,0,0.031437333510351356,-0.29663538497607345,0.00010666389716783647,-0.00097795115254016834,0.031330669613183516,-0.29565743382353327,0.03135398193234161,-0.29591234528837612,0.0032978794898506523,32.471796739267646,31.605579045781866,24,18484,18460,-42,18484,0.0017567516089194788,8.5854203982025596e-57,0.048992071045280694,15.512939503757552,32.39501283634614,24,0,1,1,1,1,1
windows_msvc_cpu,cpu,32,3,1,0,0,1,24,0.11324094111196269,27,0.029153697545162505,0.0625,-0.63457314922559527,32768,0,0.03135398193234161,-0.29591234528837612,0.0001184675938820379,-0.0010937642649294765,0.031235514338459572,-0.29481858102344666,0.031217733587268197,-0.29492220282120041,0.0036971561265348456,36.312966509964816,35.214453836964893,33,18460,18427,-43,18460,0.0019671162789796758,7.7783419846201958e-59,0.055630292696074585,15.568848527246193,33.596819035229359,33,0,1,1,1,1,1
windows_msvc_cpu,cpu,32,3,1,0,0,1,25,0.11324094111196269,27,0.029153697545162505,0.0625,-0.63457314922559527,32768,0,0.031217733587268197,-0.29492220282120041,0.00013071387771041907,-0.0012134309138114264,0.031087019709557778,-0.29370877190738898,0.031146518174288332,-0.29410758786461555,0.0041152163480855531,40.286504819208325,38.914591284513016,27,18427,18400,-34,18427,0.0021862758354158746,1.4664756761890675e-59,0.056817142491546173,15.381590964444388,34.023102384222909,27,0,1,1,1,1,1
windows_msvc_cpu,cpu,32,3,1,0,0,1,26,0.11324094111196269,27,0.029153697545162505,0.0625,-0.63457314922559527,32768,0,0.031146518174288332,-0.29410758786461555,0.00014180342224891302,-0.0013012692878380536,0.03100471475203942,-0.29280631857677747,0.031021719604016104,-0.29308462734151358,0.0044258900593274241,43.231184119397369,41.660584751405167,34,18400,18366,-30,18400,0.0023495208760542048,2.161836763084233e-59,0.059462441143845683,14.90870852355398,33.923946969189423,34,0,1,1,1,1,1
windows_msvc_cpu,cpu,32,3,1,0,0,1,27,0.11324094111196269,27,0.029153697545162505,0.0625,-0.63457314922559527,32768,0,0.031021719604016104,-0.29308462734151358,0.00014277983897098491,-0.001290946551767814,0.030878939765045119,-0.29179368078974577,0.030867839003254269,-0.29163963060148251,0.0044068811516325785,42.946850964369283,41.440630698564121,48,18366,18318,-24,18366,0.0023383889232478101,2.1046504548893789e-57,0.065278802348798487,14.152945656582723,32.754212937079366,48,0,1,1,1,1,1
windows_msvc_cpu,cpu,32,4,1,0,0,1,0,0.11324094111196269,27,0.029153697545162505,0.0625,-0.63457314922559527,32768,0,0.0625,-0.63457314922559527,0.0061954043502147355,-0.062902995987874022,0.056304595649785266,-0.5716701532377213,0.055591765870632415,-0.57107290431915458,0.099126469603445982,3135.2000853783129,2832.2647853064846,3115,32768,29653,35,32768,0.095678713543039334,0.070982009395745213,0.10000000000000001,0.012770366987580484,0.087568230771977076,3115,0,1,1,1,1,1
windows_msvc_cpu,cpu,32,4,1,0,0,1,1,0.11324094111196269,27,0.029153697545162505,0.0625,-0.63457314922559527,32768,0,0.055591765870632415,-0.57107290431915458,0.0051278438945226573,-0.052765253371412538,0.050463921976109757,-0.518307650947742,0.050339814442885683,-0.51884326566455818,0.092395241732586522,2445.7919446347755,2224.645798604266,2434,29653,27219,-69,29653,0.082480421698808745,0.016991968737970611,0.10000000000000001,0.073999344574160186,0.45284126746434444,2434,0,1,1,1,1,1
windows_msvc_cpu,cpu,32,4,1,0,0,1,2,0.11324094111196269,27,0.029153697545162505,0.0625,-0.63457314922559527,32768,0,0.050339814442885683,-0.51884326566455818,0.0041693250239150503,-0.043362122439644726,0.046170489418970631,-0.47548114322491347,0.045109588721684662,-0.47374655315665143,0.083567604193810638,1892.8402146532717,1732.4896617422426,1965,27219,25254,-104,27219,0.069541137244324619,0.0013418840989990188,0.099889867875607691,0.19305117994133383,1.1014497833520491,1965,0,1,1,1,1,1
windows_msvc_cpu,cpu,32,4,1,0,0,1,3,0.11324094111196269,27,0.029153697545162505,0.0625,-0.63457314922559527,32768,0,0.045109588721684662,-0.47374655315665143,0.0034362318923304644,-0.036253216172146677,0.041673356829354198,-0.43749333698450477,0.040948456345766188,-0.43666657874160947,0.076521357426376405,1507.5047200233466,1384.7520362964549,1539,25254,23715,-109,25254,0.059693700800797757,4.5151717856990514e-05,0.099016452834967794,0.37723265756959795,1.9680274661724428,1539,0,1,1,1,1,1
windows_msvc_cpu,cpu,32,4,1,0,0,1,4,0.11324094111196269,27,0.029153697545162505,0.0625,-0.63457314922559527,32768,0,0.040948456345766188,-0.43666657874160947,0.0027994528791818419,-0.030456093647240411,0.038149003466584348,-0.40621048509436908,0.038690814103734372,-0.40813003541673176,0.069734750619385291,1216.8559610416896,1121.3567440383074,1155,23715,22560,-58,23715,0.05131165764460003,8.4393508609069276e-07,0.09635507268723853,0.64459036031091133,2.9848104457539684,1155,0,1,1,1,1,1
windows_msvc_cpu,cpu,32,4,1,0,0,1,5,0.11324094111196269,27,0.029153697545162505,0.0625,-0.63457314922559527,32768,0,0.038690814103734372,-0.40813003541673176,0.0024519037511754535,-0.026158729043566843,0.036238910352558919,-0.3819713063731649,0.036299455624696692,-0.38134734757846023,0.064087670037009756,1006.9055376092673,928.49436726423301,1033,22560,21527,-31,22560,0.044632337659985255,1.2082043210775236e-08,0.096227767409592227,1.0001446925671462,4.0697196215478053,1033,0,1,1,1,1,1
windows_msvc_cpu,cpu,32,4,1,0,0,1,6,0.11324094111196269,27,0.029153697545162505,0.0625,-0.63457314922559527,32768,0,0.036299455624696692,-0.38134734757846023,0.0020026755219114253,-0.02127157239557383,0.034296780102785265,-0.36007577518288642,0.034455250287150255,-0.36094824962518779,0.055774576269117519,793.05434706803703,733.99049861962783,759,21527,20768,-52,21527,0.036839984534214568,7.1352960086439399e-11,0.093986682368054394,1.4732522285718421,5.3808621084375376,759,0,1,1,1,1,1
windows_msvc_cpu,cpu,32,4,1,0,0,1,7,0.11324094111196269,27,0.029153697545162505,0.0625,-0.63457314922559527,32768,0,0.034455250287150255,-0.36094824962518779,0.0016459106799951175,-0.017159946540283178,0.032809339607155139,-0.3437883030849046,0.033030917516535405,-0.34498919393466199,0.04754335396625272,621.96752328218543,577.37201302518451,580,20768,20188,-68,20768,0.029948359171908003,4.8991114666201476e-13,0.093819547466675049,2.0458572925200076,6.653510480985922,580,0,1,1,1,1,1
windows_msvc_cpu,cpu,32,4,1,0,0,1,8,0.11324094111196269,27,0.029153697545162505,0.0625,-0.63457314922559527,32768,0,0.033030917516535405,-0.34498919393466199,0.0013289748754228953,-0.013715470555704967,0.031701942641112507,-0.331273723378957,0.031941397498921234,-0.33108642783905751,0.039760574760732019,485.19756737363741,451.55911692028053,490,20188,19698,-78,20188,0.024033959152646989,1.8390424983438634e-15,0.091830261963946627,2.7121234817112247,8.0804271133112859,490,0,1,1,1,1,1
windows_msvc_cpu,cpu,32,4,1,0,0,1,9,0.11324094111196269,27,0.029153697545162505,0.0625,-0.63457314922559527,32768,0,0.031941397498921234,-0.33108642783905751,0.0010242741647978062,-0.010592365765526603,0.030917123334123428,-0.32049406207353093,0.030565296466871266,-0.32058137778797774,0.031993438752415948,367.29514586627914,342.73804577617449,366,19698,19332,-80,19698,0.018646316675108091,6.4528484517265369e-18,0.091388086030831178,3.4741066733531998,9.5245893674568052,366,0,1,1,1,1,1
windows_msvc_cpu,cpu,32,4,1,0,0,1,10,0.11324094111196269,27,0.029153697545162505,0.0625,-0.63457314922559527,32768,0,0.030565296466871266,-0.32058137778797774,0.00073166047006706684,-0.0077713486283324468,0.029833635996804199,-0.31281002915964529,0.030148603331943861,-0.31285341037778702,0.024238685723998222,265.05106620849074,248.32335433758846,263,19332,19069,-83,19332,0.013710483457919033,5.5941857816069619e-21,0.090263029361647401,4.3205398020624806,11.325947231398244,263,0,1,1,1,1,1
windows_msvc_cpu,cpu,32,4,1,0,0,1,11,0.11324094111196269,27,0.029153697545162505,0.0625,-0.63457314922559527,32768,0,0.030148603331943861,-0.31285341037778702,0.00049208114785090048,-0.0051619927422627632,0.029656522184092961,-0.30769141763552427,0.029776455449602272,-0.30773454669733435,0.016498080511910953,173.84506341059972,164.04679894942379,172,19069,18897,-73,19069,0.0091166324091771847,1.4311704879341433e-23,0.087703609176452854,5.2477976217204283,12.850826178168203,172,0,1,1,1,1,1
windows_msvc_cpu,cpu,32,4,1,0,0,1,12,0.11324094111196269,27,0.029153697545162505,0.0625,-0.63457314922559527,32768,0,0.029776455449602272,-0.30773454669733435,0.00030195485725006288,-0.0031185768050370913,0.02947450059235221,-0.30461596989229728,0.029610209887068053,-0.30478239035663596,0.01013404599182249,104.11744233570441,99.129808725963628,98,18897,18799,-63,18897,0.0055097339437849609,1.1287085204452012e-26,0.077452832934333415,6.2316544990897329,14.676359883875381,98,0,1,1,1,1,1
windows_msvc_cpu,cpu,32,4,1,0,0,1,13,0.11324094111196269,27,0.029153697545162505,0.0625,-0.63457314922559527,32768,0,0.029610209887068053,-0.30478239035663596,0.00016523598350115436,-0.0016912300216152475,0.029444973903566898,-0.3030911603350207,0.029427018459073893,-0.30337666192630358,0.0055492690796365741,56.152399119502448,54.133609489839372,47,18799,18752,-68,18799,0.0029869886227726181,3.9172824765230576e-29,0.061381098857072172,7.2570927554235709,16.123320414626036,47,0,1,1,1,1,1
windows_msvc_cpu,cpu,32,4,1,0,0,1,14,0.11324094111196269,27,0.029153697545162505,0.0625,-0.63457314922559527,32768,0,0.029427018459073893,-0.30337666192630358,8.4399031631397537e-05,-0.0008699845262715118,0.029342619427442495,-0.30250667740003206,0.029325805828633259,-0.30234903284406339,0.002867675039804723,28.814329127759088,28.177725599348733,34,18752,18718,-74,18752,0.0015366003161134325,4.2801725653818696e-32,0.043062218929235146,8.3052167869709894,17.865560271850399,34,0,1,1,1,1,1
windows_msvc_cpu,cpu,32,4,1,0,0,1,15,0.11324094111196269,27,0.029153697545162505,0.0625,-0.63457314922559527,32768,0,0.029325805828633259,-0.30234903284406339,4.5783922215371145e-05,-0.00047269673548505458,0.029280021906417888,-0.30187633610857834,0.029296037407915441,-0.30201627141822046,0.0015633935969694096,15.644921590752562,15.439748520230605,11,18718,18707,-81,18718,0.00083582228821201844,6.5749054923027159e-35,0.028534272635837632,9.3698597625959277,19.520761280913124,11,0,1,1,1,1,1
windows_msvc_cpu,cpu,32,4,1,0,0,1,16,0.11324094111196269,27,0.029153697545162505,0.0625,-0.63457314922559527,32768,0,0.029296037407915441,-0.30201627141822046,3.5941202285643396e-05,-0.00036722859973611232,0.029260096205629797,-0.30164904281848437,0.029248407934766931,-0.30156319883999655,0.0012160248790923367,12.15306483641255,12.025620810167714,15,18707,18692,-74,18707,0.00064965332957783457,3.0349055224807633e-38,0.024078205513313661,10.4178563587821,21.483152098691928,15,0,1,1,1,1,1
windows_msvc_cpu,cpu,32,4,1,0,0,1,17,0.11324094111196269,27,0.029153697545162505,0.0625,-0.63457314922559527,32768,0,0.029248407934766931,-0.30156319883999655,4.4216382167663636e-05,-0.00044442988186235108,0.029204191552599266,-0.30111876895813422,0.029206732145761988,-0.30110953987506633,0.0014741078356618998,14.709699573401329,14.524938311640723,15,18692,18677,-71,18692,0.00078695161424145775,9.6717852540536897e-41,0.027714670999696135,11.432032947127723,22.951903906528127,15,0,1,1,1,1,1
windows_msvc_cpu,cpu,32,4,1,0,0,1,18,0.11324094111196269,27,0.029153697545162505,0.0625,-0.63457314922559527,32768,0,0.029206732145761988,-0.30110953987506633,6.7283670483189029e-05,-0.00067032706720633302,0.029139448475278801,-0.30043921280786001,0.029117426883608535,-0.30041643137878743,0.002226912556568891,22.189146501332797,21.776189315504272,23,18677,18654,-68,18677,0.0011880466081990039,1.062470780684624e-43,0.03268886228021127,12.391271030794071,24.692770713869784,23,0,1,1,1,1,1
windows_msvc_cpu,cpu,32,4,1,0,0,1,19,0.11324094111196269,27,0.029153697545162505,0.0625,-0.63457314922559527,32768,0,0.029117426883608535,-0.30041643137878743,9.5371040876970895e-05,-0.00096332445185608759,0.029022055842731563,-0.29945310692693133,0.028992628313336502,-0.2993336084728484,0.0032072703320276943,31.887844073796007,31.035491340178417,36,18654,18618,-72,18654,0.0017094373364316504,2.0385722972909248e-46,0.045161282745548176,13.277280143955306,26.291153985388586,36,0,1,1,1,1,1
windows_msvc_cpu,cpu,32,4,1,0,0,1,20,0.11324094111196269,27,0.029153697545162505,0.0625,-0.63457314922559527,32768,0,0.028992628313336502,-0.2993336084728484,0.00010885645435802067,-0.001124703159899229,0.028883771858978481,-0.29820890531294919,0.028891415682895921,-0.2981533914999821,0.0037573313816218696,37.232842742397374,36.062947074417622,39,18618,18579,-71,18618,0.0019998304190781704,6.6329262555751761e-49,0.053151751582026764,14.074510526022893,27.754600824617953,39,0,1,1,1,1,1
windows_msvc_cpu,cpu,32,4,1,0,0,1,21,0.11324094111196269,27,0.029153697545162505,0.0625,-0.63457314922559527,32768,0,0.028891415682895921,-0.2981533914999821,0.00010205129701912006,-0.0010618543163344023,0.028789364385876801,-0.29709153718364772,0.028760663428480326,-0.29676480642608649,0.0035611646802139563,35.171446947556731,34.122097503986673,46,18579,18533,-85,18579,0.0018930753510714641,2.2695339697340788e-52,0.05134041125913448,14.745795486613984,29.793483770570031,46,0,1,1,1,1,1
windows_msvc_cpu,cpu,32,4,1,0,0,1,22,0.11324094111196269,27,0.029153697545162505,0.0625,-0.63457314922559527,32768,0,0.028760663428480326,-0.29676480642608649,9.0801796735158805e-05,-0.00094897585712817531,0.028669861631745168,-0.29581583056895833,0.028689219218757563,-0.29570607337901383,0.0031973595476369149,31.457852953374772,30.620009392875062,35,18533,18498,-86,18533,0.0016973966952665393,5.1817196413785909e-55,0.049789413221320411,15.259021340261476,31.347434484560072,35,0,1,1,1,1,1
windows_msvc_cpu,cpu,32,4,1,0,0,1,23,0.11324094111196269,27,0.029153697545162505,0.0625,-0.63457314922559527,32768,0,0.028689219218757563,-0.29570607337901383,9.2458264052057171e-05,-0.00095448869038207353,0.028596760954705504,-0.29475158468863177,0.028606096437490475,-0.29468135369579268,0.0032277818370232462,31.660544751611791,30.810408269327439,34,18498,18464,-90,18498,0.0017115658315283702,2.7186716940898285e-57,0.050724454382503163,15.567499544429579,32.688808551834626,34,0,1,1,1,1,1
windows_msvc_cpu,cpu,32,4,1,0,0,1,24,0.11324094111196269,27,0.029153697545162505,0.0625,-0.63457314922559527,32768,0,0.028606096437490475,-0.29468135369579268,0.00010412236744772993,-0.0010764518539104736,0.028501974070042745,-0.2936049018418822,0.028523202452966162,-0.29371647386089633,0.0036528130750614349,35.706537741826757,34.604145169753572,32,18464,18432,-90,18464,0.0019338462815114146,7.5870352297124351e-59,0.049501041815241439,15.649798706842903,33.603181370823592,32,0,1,1,1,1,1
windows_msvc_cpu,cpu,32,4,1,0,0,1,25,0.11324094111196269,27,0.029153697545162505,0.0625,-0.63457314922559527,32768,0,0.028523202452966162,-0.29371647386089633,0.00011775003907237761,-0.0012114366724422243,0.028405452413893785,-0.29250503718845411,0.028381000423749012,-0.29205670383508947,0.0041245451238224144,40.188535556386668,38.769808899754473,55,18432,18377,-87,18432,0.002180367597460214,1.38522627856101e-59,0.056031925737156145,15.474719114766989,34.037665041400061,55,0,1,1,1,1,1
windows_msvc_cpu,cpu,32,4,1,0,0,1,26,0.11324094111196269,27,0.029153697545162505,0.0625,-0.63457314922559527,32768,0,0.028381000423749012,-0.29205670383508947,0.00012595412767130848,-0.0012866546566301968,0.028255046296077703,-0.29077004917845928,0.028250705762818979,-0.29073145439524506,0.0044057998783687824,42.715262778661923,41.09002959973747,44,18377,18333,-85,18377,0.0023243871566992393,4.3690600297567283e-59,0.059394987801965921,15.028708438106682,33.744185538806697,44,0,1,1,1,1,1
windows_msvc_cpu,cpu,32,4,1,0,0,1,27,0.11324094111196269,27,0.029153697545162505,0.0625,-0.63457314922559527,32768,0,0.028250705762818979,-0.29073145439524506,0.0001247325484831488,-0.0012862193453428378,0.028125973214335829,-0.28944523504990222,0.028108046140116253,-0.28928535248533843,0.0044239973997878728,42.759397278874005,41.180426216677361,48,18333,18285,-85,18333,0.0023323731674507174,2.0633806122762648e-57,0.064028998197797449,14.276625010259176,32.759272617782294,48,0,1,1,1,1,1
windows_msvc_cpu,cpu,32,5,1,0,0,1,0,0.11324094111196269,27,0.029153697545162505,0.0625,-0.63457314922559527,32768,0,0.0625,-0.63457314922559527,0.0061954043502147355,-0.062902995987874022,0.056304595649785266,-0.5716701532377213,0.055304435606882266,-0.57157008042988311,0.099126469603445982,3135.2000853783129,2832.2647853064846,3137,32768,29631,-9,32768,0.095678713543039334,0.070982009395745213,0.10000000000000001,0.012770366987580484,0.087568230771977076,3137,0,1,1,1,1,1
windows_msvc_cpu,cpu,32,5,1,0,0,1,1,0.11324094111196269,27,0.029153697545162505,0.0625,-0.63457314922559527,32768,0,0.055304435606882266,-0.57157008042988311,0.0050795476051414459,-0.052851352374070244,0.050224888001740818,-0.51871872805581287,0.048982843480414942,-0.5186474813844536,0.092461217782663641,2446.6687996500336,2225.3456324149042,2452,29631,27179,11,29631,0.082571253067734246,0.016751031132163526,0.10000000000000001,0.073512619995976206,0.45648994374651014,2452,0,1,1,1,1,1
windows_msvc_cpu,cpu,32,5,1,0,0,1,2,0.11324094111196269,27,0.029153697545162505,0.0625,-0.63457314922559527,32768,0,0.048982843480414942,-0.5186474813844536,0.0040541558163213103,-0.0433512103946,0.044928687664093629,-0.47529627098985361,0.044767849703703039,-0.47394811395082542,0.083577882935602268,1890.2946766624354,1730.1891956812538,1964,27179,25215,69,27179,0.069549824374054797,0.0013566926660262329,0.099960338454094591,0.1926601953025795,1.0986457080611258,1964,0,1,1,1,1,1
windows_msvc_cpu,cpu,32,5,1,0,0,1,3,0.11324094111196269,27,0.029153697545162505,0.0625,-0.63457314922559527,32768,0,0.044767849703703039,-0.47394811395082542,0.0033907769090421669,-0.036296289269351661,0.041377072794660873,-0.43765182468147379,0.04139795203979095,-0.43907338583329114,0.076575391458225894,1506.8309948945891,1384.1860617575344,1436,25215,23779,65,25215,0.059759309732087609,4.6840291237593651e-05,0.09930671680123275,0.37547606984100057,1.9586469730398357,1436,0,1,1,1,1,1
windows_msvc_cpu,cpu,32,5,1,0,0,1,4,0.11324094111196269,27,0.029153697545162505,0.0625,-0.63457314922559527,32768,0,0.04139795203979095,-0.43907338583329114,0.002935771739805716,-0.030759675672117563,0.038462180299985237,-0.40831371016117357,0.03734028928817415,-0.40859651056555801,0.070063464938401057,1227.9757006167952,1131.2912703829084,1215,23779,22564,0,23779,0.051641183423053752,8.4776746556195828e-07,0.096697603457089915,0.63788605462441006,2.9836528623383738,1215,0,1,1,1,1,1
windows_msvc_cpu,cpu,32,5,1,0,0,1,5,0.11324094111196269,27,0.029153697545162505,0.0625,-0.63457314922559527,32768,0,0.03734028928817415,-0.40859651056555801,0.0024989759935343143,-0.026193844738350396,0.034841313294639839,-0.38240266582720761,0.034466362337050832,-0.38251458421025225,0.06413020897834229,1008.8455465119653,930.26462730247079,1005,22564,21559,-49,22564,0.044710403585887487,9.75424256051214e-09,0.096789336499155235,0.99227600862760734,4.1243994753352951,1005,0,1,1,1,1,1
windows_msvc_cpu,cpu,32,5,1,0,0,1,6,0.11324094111196269,27,0.029153697545162505,0.0625,-0.63457314922559527,32768,0,0.034466362337050832,-0.38251458421025225,0.0020066578750312656,-0.021301848339389275,0.032459704462019567,-0.361212735870863,0.032928872813271629,-0.36006179508542951,0.055709373031185713,793.98354378102567,734.84369360398136,833,21559,20726,-30,21559,0.036828403162531921,8.531096516732178e-11,0.093882986436036792,1.4622398042098301,5.3352148698927078,833,0,1,1,1,1,1
windows_msvc_cpu,cpu,32,5,1,0,0,1,7,0.11324094111196269,27,0.029153697545162505,0.0625,-0.63457314922559527,32768,0,0.032928872813271629,-0.36006179508542951,0.0016534213308450694,-0.017046886359405829,0.03127545148242656,-0.34301490872602369,0.030981727257703793,-0.34167803409316333,0.047368119916411232,617.90993112526508,573.55903098481542,666,20726,20060,-34,20726,0.029813274685190828,3.8662352025829557e-13,0.093663952833820466,2.04048500967476,6.7140039610084461,666,0,1,1,1,1,1
windows_msvc_cpu,cpu,32,5,1,0,0,1,8,0.11324094111196269,27,0.029153697545162505,0.0625,-0.63457314922559527,32768,0,0.030981727257703793,-0.34167803409316333,0.0012831269669723716,-0.013374191938101927,0.02969860029073142,-0.32830384215506142,0.029330981881832922,-0.32815857090807565,0.039161209727664098,473.49731614193303,440.85292543461418,483,20060,19577,9,20060,0.023604053646158175,1.9196229335141747e-15,0.092693087484683523,2.7211470133568305,8.0694706714123008,483,0,1,1,1,1,1
windows_msvc_cpu,cpu,32,5,1,0,0,1,9,0.11324094111196269,27,0.029153697545162505,0.0625,-0.63457314922559527,32768,0,0.029330981881832922,-0.32815857090807565,0.00098150041309979564,-0.01034747426601537,0.028349481468733125,-0.31781109664206031,0.02836779000994279,-0.31761263443714038,0.031547237772711699,358.92649572058269,335.05998484537815,366,19577,19211,27,19577,0.018334090806588481,4.5201677126704679e-18,0.091404930609881418,3.4885389055714584,9.6155374555445565,366,0,1,1,1,1,1
windows_msvc_cpu,cpu,32,5,1,0,0,1,10,0.11324094111196269,27,0.029153697545162505,0.0625,-0.63457314922559527,32768,0,0.02836779000994279,-0.31761263443714038,0.00073863764311871269,-0.0075693834813449568,0.027629152366824079,-0.31004325095579544,0.027626120534444652,-0.30953992464025137,0.023849580204613287,258.37567476829622,242.17239427880443,276,19211,18935,51,19211,0.013449361031091366,8.1996929327079941e-21,0.091664764202094851,4.3425798394016217,11.228255092146822,276,0,1,1,1,1,1
windows_msvc_cpu,cpu,32,5,1,0,0,1,11,0.11324094111196269,27,0.029153697545162505,0.0625,-0.63457314922559527,32768,0,0.027626120534444652,-0.30953992464025137,0.00049189866858861291,-0.0050585676622838379,0.02713422186585604,-0.30448135697796752,0.027249880688324603,-0.30492158857462154,0.016353777940270361,170.44385280414568,160.81483306568336,155,18935,18780,38,18935,0.0090015237815762178,1.5407537790198035e-23,0.08734925380964749,5.2789979464102226,12.831976211229003,155,0,1,1,1,1,1
windows_msvc_cpu,cpu,32,5,1,0,0,1,12,0.11324094111196269,27,0.029153697545162505,0.0625,-0.63457314922559527,32768,0,0.027249880688324603,-0.30492158857462154,0.00029260806833703869,-0.0030822877425480556,0.026957272619987566,-0.3018393008320735,0.026943712271470563,-0.30232012463401947,0.010113447808215152,102.91472074415655,97.974473855100825,87,18780,18693,41,18780,0.0054800170790285704,2.669076058029776e-26,0.079528993343933541,6.2616976155065602,14.456468702241727,87,0,1,1,1,1,1
windows_msvc_cpu,cpu,32,5,1,0,0,1,13,0.11324094111196269,27,0.029153697545162505,0.0625,-0.63457314922559527,32768,0,0.026943712271470563,-0.30232012463401947,0.00015603212825510308,-0.0016629631947926683,0.026787680143215462,-0.30065716143922683,0.026824867385342094,-0.30047729420848723,0.0055029580689999772,55.201746132677812,53.238473767106974,61,18693,18632,30,18693,0.0029530704612784364,4.0816498227785879e-29,0.066411880717750477,7.2845549118684563,16.112818905537416,61,0,1,1,1,1,1
windows_msvc_cpu,cpu,32,5,1,0,0,1,14,0.11324094111196269,27,0.029153697545162505,0.0625,-0.63457314922559527,32768,0,0.026824867385342094,-0.30047729420848723,7.7752932840244717e-05,-0.00083251121084921881,0.026747114452501847,-0.29964478299763803,0.026741515807332205,-0.29957114905203946,0.0027716407184554736,27.566247284164714,26.973617883077321,30,18632,18602,44,18632,0.0014795109104854397,1.0841909678949152e-32,0.03954087610427312,8.3362721499644188,18.21639127888999,30,0,1,1,1,1,1
windows_msvc_cpu,cpu,32,5,1,0,0,1,15,0.11324094111196269,27,0.029153697545162505,0.0625,-0.63457314922559527,32768,0,0.026741515807332205,-0.29957114905203946,4.1892817486439556e-05,-0.00045847962673303393,0.026699622989845767,-0.29911266942530645,0.026711747386614387,-0.29911631731369637,0.0015307388354072831,15.166912133536858,14.972187532495131,15,18602,18587,47,18602,0.00081533771280168038,2.0683679798814711e-35,0.026916426086305054,9.3940230421292252,19.816237691961224,15,0,1,1,1,1,1
windows_msvc_cpu,cpu,32,5,1,0,0,1,16,0.11324094111196269,27,0.029153697545162505,0.0625,-0.63457314922559527,32768,0,0.026711747386614387,-0.29911631731369637,3.2791487960832891e-05,-0.00036290831227829079,0.026678955898653555,-0.29875340900141806,0.026646256861035188,-0.29860396873934181,0.0012133816216687264,12.001643154665903,11.875445567576687,17,18587,18570,52,18587,0.00064570092831903495,1.447007418079979e-38,0.029338031407224574,10.434379268432254,21.672390499725786,17,0,1,1,1,1,1
windows_msvc_cpu,cpu,32,5,1,0,0,1,17,0.11324094111196269,27,0.029153697545162505,0.0625,-0.63457314922559527,32768,0,0.026646256861035188,-0.29860396873934181,4.001471886285796e-05,-0.00044394233138608682,0.026606242142172328,-0.29816002640795575,0.026592673703743117,-0.29809044739157448,0.0014868444649046044,14.680517670413577,14.490749717254578,17,18570,18553,49,18570,0.00079055022457800626,1.2618080775869317e-41,0.028689476801369154,11.438141388972573,23.472255793274911,17,0,1,1,1,1,1
windows_msvc_cpu,cpu,32,5,1,0,0,1,18,0.11324094111196269,27,0.029153697545162505,0.0625,-0.63457314922559527,32768,0,0.026592673703743117,-0.29809044739157448,6.1317949852369267e-05,-0.00067213934018317762,0.026531355753890748,-0.2974183080513913,0.026515275809876806,-0.29712150791875763,0.0022552194818416769,22.229770794379441,21.802237805613338,32,18553,18521,43,18553,0.001198176618033711,1.5283835172606219e-43,0.038307862707065418,12.384966233648289,24.599870418840929,32,0,1,1,1,1,1
windows_msvc_cpu,cpu,32,5,1,0,0,1,19,0.11324094111196269,27,0.029153697545162505,0.0625,-0.63457314922559527,32768,0,0.026515275809876806,-0.29712150791875763,8.7346405669517781e-05,-0.00094449006954276616,0.026427929404207288,-0.29617701784921485,0.026431924231866914,-0.29645833061389743,0.0031797124401142288,31.245574200499927,30.401904638365803,22,18521,18499,35,18521,0.0016870349441444807,1.4050775063644915e-45,0.046796045111115521,13.260841382635293,25.797945396091144,22,0,1,1,1,1,1
windows_msvc_cpu,cpu,32,5,1,0,0,1,20,0.11324094111196269,27,0.029153697545162505,0.0625,-0.63457314922559527,32768,0,0.026431924231866914,-0.29645833061389743,0.00010219656924244129,-0.0011141753271013963,0.026329727662624473,-0.29534415528679603,0.026372387390431278,-0.29558035748874906,0.0037591391552060068,36.868078439185439,35.697235593621912,29,18499,18470,40,18499,0.0019929768332983102,3.1003088701761912e-48,0.053564984824509013,14.028462004859268,27.360621972252588,29,0,1,1,1,1,1
windows_msvc_cpu,cpu,32,5,1,0,0,1,21,0.11324094111196269,27,0.029153697545162505,0.0625,-0.63457314922559527,32768,0,0.026372387390431278,-0.29558035748874906,9.4535395196898618e-05,-0.0010512327890298018,0.026277851995234379,-0.29452912469971926,0.026294989496564967,-0.29473348832843216,0.0035567263948798836,34.801727999983292,33.760049832676529,28,18470,18442,44,18470,0.0018842299945849102,8.582359533282708e-51,0.050689960018571317,14.66803226329997,28.865353542470288,28,0,1,1,1,1,1
windows_msvc_cpu,cpu,32,5,1,0,0,1,22,0.11324094111196269,27,0.029153697545162505,0.0625,-0.63457314922559527,32768,0,0.026294989496564967,-0.29473348832843216,8.3034938271981165e-05,-0.00094238127030627547,0.026211954558292987,-0.29379110705812589,0.026211637918555079,-0.29385668797669673,0.0031970888742333596,31.219762303556482,30.390846891987675,29,18442,18413,47,18442,0.0016928620704672207,6.5287959603836281e-54,0.050243373179462474,15.143509244858127,30.700102273029721,29,0,1,1,1,1,1
windows_msvc_cpu,cpu,32,5,1,0,0,1,23,0.11324094111196269,27,0.029153697545162505,0.0625,-0.63457314922559527,32768,0,0.026211637918555079,-0.29385668797669673,8.3125261309532959e-05,-0.00094991170194797436,0.026128512657245546,-0.29290677627474876,0.026075160776738691,-0.29283605046590827,0.0032320843814436641,31.481853057633309,30.640632365074662,34,18413,18379,53,18413,0.0017097622906442898,2.0960792772536767e-57,0.048566272108885249,15.427243006221927,32.755255550738603,34,0,1,1,1,1,1
windows_msvc_cpu,cpu,32,5,1,0,0,1,24,0.11324094111196269,27,0.029153697545162505,0.0625,-0.63457314922559527,32768,0,0.026075160776738691,-0.29283605046590827,9.153565952226888e-05,-0.0010559459905300438,0.02598362511721642,-0.29178010447537822,0.025967994462154562,-0.29159538472349844,0.0036051779047262893,34.992439055476041,33.927605201069355,41,18379,18338,48,18379,0.0019039359625374634,3.442128462189692e-58,0.053105550113239808,15.494711889827924,33.21681784919064,41,0,1,1,1,1,1
windows_msvc_cpu,cpu,32,5,1,0,0,1,25,0.11324094111196269,27,0.029153697545162505,0.0625,-0.63457314922559527,32768,0,0.025967994462154562,-0.29159538472349844,0.00010350560474797046,-0.0011837227233538431,0.025864488857406592,-0.29041166200014462,0.025848920779283292,-0.29029602937166438,0.0040588910795459551,39.232664015225005,37.856270868585142,43,18338,18295,39,18338,0.0021394189123800306,1.0903990323012014e-59,0.056619339373564032,15.316951554090668,34.098809298196159,43,0,1,1,1,1,1
windows_msvc_cpu,cpu,32,5,1,0,0,1,26,0.11324094111196269,27,0.029153697545162505,0.0625,-0.63457314922559527,32768,0,0.025848920779283292,-0.29029602937166438,0.00010829374189287016,-0.0012555604125339651,0.025740627037390423,-0.28904046895913044,0.025694811381779016,-0.288578742509848,0.0043240368378713381,41.637074926144557,40.075526039458147,57,18295,18238,42,18295,0.0022758718188655128,1.51097830502754e-59,0.065029449871120026,14.855492473035056,34.015464378064678,57,0,1,1,1,1,1
windows_msvc_cpu,cpu,32,5,1,0,0,1,27,0.11324094111196269,27,0.029153697545162505,0.0625,-0.63457314922559527,32768,0,0.025694811381779016,-0.288578742509848,0.0001065673338897808,-0.001242394386712682,0.025588244047889234,-0.2873363481231353,0.025564287924106192,-0.28737675869043006,0.0043039768361715436,41.263194190117403,39.770512142489991,40,18238,18198,42,18238,0.0022624846030330848,3.0700413889665393e-57,0.063756853922424625,14.11135194504558,32.657754122574914,40,0,1,1,1,1,1
windows_msvc_cpu,cpu,32,6,1,0,0,1,0,0.11324094111196269,27,0.029153697545162505,0.0625,-0.63457314922559527,32768,0,0.0625,-0.63457314922559527,0.0061954043502147355,-0.062902995987874022,0.056304595649785266,-0.5716701532377213,0.058655971311198624,-0.57221780777126141,0.099126469603445982,3135.2000853783129,2832.2647853064846,3135,32768,29633,15,32768,0.095678713543039334,0.070982009395745213,0.10000000000000001,0.012770366987580484,0.087568230771977076,3135,0,1,1,1,1,1
windows_msvc_cpu,cpu,32,6,1,0,0,1,1,0.11324094111196269,27,0.029153697545162505,0.0625,-0.63457314922559527,32768,0,0.058655971311198624,-0.57221780777126141,0.0054562505860524047,-0.052941680684822495,0.05319972072514622,-0.51927612708643889,0.052523368752288732,-0.5185560103474518,0.092525366043345533,2447.4391514126305,2225.9805964648185,2448,29633,27185,-45,29633,0.082591676556967919,0.01675103113216353,0.10000000000000001,0.07341074239726815,0.45648994374651009,2448,0,1,1,1,1,1
windows_msvc_cpu,cpu,32,6,1,0,0,1,2,0.11324094111196269,27,0.029153697545162505,0.0625,-0.63457314922559527,32768,0,0.052523368752288732,-0.5185560103474518,0.0043804545845466539,-0.043409418459925471,0.048142914167742079,-0.47514659188752634,0.047612841388884761,-0.47512531404772063,0.08370894290295916,1892.7559159402331,1732.2790305662293,1905,27185,25280,-34,27185,0.069625010702234064,0.0013603453201880122,0.099951526913671165,0.19212798552500981,1.0979587659215815,1905,0,1,1,1,1,1
windows_msvc_cpu,cpu,32,6,1,0,0,1,3,0.11324094111196269,27,0.029153697545162505,0.0625,-0.63457314922559527,32768,0,0.047612841388884761,-0.47512531404772063,0.0035671049714395596,-0.036431956769998039,0.044045736417445198,-0.43869335727772257,0.044326903751252297,-0.4383289964689519,0.07666113180411302,1513.8394340269676,1390.5072349739291,1514,25280,23766,-42,25280,0.059882889004231311,4.6713446689437858e-05,0.098924318813351148,0.37353950850068912,1.9593397891533506,1514,0,1,1,1,1,1
windows_msvc_cpu,cpu,32,6,1,0,0,1,4,0.11324094111196269,27,0.029153697545162505,0.0625,-0.63457314922559527,32768,0,0.044326903751252297,-0.4383289964689519,0.0030056034781053239,-0.030670447252639448,0.041321300273146976,-0.40765854921631245,0.040237880564325201,-0.40771537769796717,0.069949368733000172,1225.6775591687433,1129.3484844248667,1231,23766,22535,29,23766,0.051572732439987515,1.0591463555829908e-06,0.096534341994979733,0.63664771448418067,2.9267772703531483,1231,0,1,1,1,1,1
windows_msvc_cpu,cpu,32,6,1,0,0,1,5,0.11324094111196269,27,0.029153697545162505,0.0625,-0.63457314922559527,32768,0,0.040237880564325201,-0.40771537769796717,0.0024714682327441695,-0.026008321921695117,0.037766412331581033,-0.38170705577627206,0.037573046273362345,-0.38100666887982565,0.063767536565731128,1000.9987673833892,923.41489322203245,1028,22535,21507,61,22535,0.044419736737669815,1.5422785360067849e-08,0.094702049289541165,0.99253086227285447,4.0073475025306573,1028,0,1,1,1,1,1
windows_msvc_cpu,cpu,32,6,1,0,0,1,6,0.11324094111196269,27,0.029153697545162505,0.0625,-0.63457314922559527,32768,0,0.037573046273362345,-0.38100666887982565,0.0020529385256008647,-0.021079069168726369,0.03552010774776148,-0.35992759971109928,0.035753070492769073,-0.36126642206995174,0.055318064685081526,785.16737394389668,726.97654911809832,736,21507,20771,57,21507,0.036507526570135153,1.1239732758826448e-10,0.095282200657156979,1.465370652190485,5.26476627011054,736,0,1,1,1,1,1
windows_msvc_cpu,cpu,32,6,1,0,0,1,7,0.11324094111196269,27,0.029153697545162505,0.0625,-0.63457314922559527,32768,0,0.035753070492769073,-0.36126642206995174,0.001682930354674752,-0.017055456499013699,0.034070140138094319,-0.34421096557093805,0.034167268503531509,-0.3434847778403467,0.047208839500397851,617.52458648468928,573.41028575626956,639,20771,20132,60,20771,0.029730132708328406,2.7660361536795698e-13,0.092501655433113339,2.0367783972895861,6.799559473952133,639,0,1,1,1,1,1
windows_msvc_cpu,cpu,32,6,1,0,0,1,8,0.11324094111196269,27,0.029153697545162505,0.0625,-0.63457314922559527,32768,0,0.034167268503531509,-0.3434847778403467,0.0013330857170377602,-0.013432024944312223,0.032834182786493749,-0.33005275289603447,0.032763252097584197,-0.32973683922513458,0.039104284402723233,475.19809881509661,442.64443904967868,486,20132,19646,42,20132,0.023604117763515627,1.0009994188022573e-15,0.092395820488021377,2.7128951083820914,8.2358290456835697,486,0,1,1,1,1,1
windows_msvc_cpu,cpu,32,6,1,0,0,1,9,0.11324094111196269,27,0.029153697545162505,0.0625,-0.63457314922559527,32768,0,0.032763252097584197,-0.32973683922513458,0.0010130682065598547,-0.010346107402254444,0.031750183891024346,-0.31939073182288014,0.031667564508965351,-0.31942325561716356,0.031372404396550237,358.59284597772597,334.94669783315038,359,19646,19287,85,19646,0.018252715360771964,3.1088660909654466e-18,0.090347793487843775,3.4799819918206105,9.711165766800093,359,0,1,1,1,1,1
windows_msvc_cpu,cpu,32,6,1,0,0,1,10,0.11324094111196269,27,0.029153697545162505,0.0625,-0.63457314922559527,32768,0,0.031667564508965351,-0.31942325561716356,0.00074608586422510084,-0.0076529752035503079,0.03092147864474025,-0.31177028041361327,0.030950462676814641,-0.31181022349094084,0.023954847509589622,260.97334181457796,244.6197091471432,259,19287,19028,78,19287,0.013531048987119716,6.0227827927917499e-21,0.090768270839345522,4.3318385710913256,11.307086412627376,259,0,1,1,1,1,1
windows_msvc_cpu,cpu,32,6,1,0,0,1,11,0.11324094111196269,27,0.029153697545162505,0.0625,-0.63457314922559527,32768,0,0.030950462676814641,-0.31181022349094084,0.00050731212926953951,-0.0051369588844328365,0.030443150547545102,-0.30667326460650801,0.030447571332588016,-0.3067498653429479,0.01647381764798482,173.07914567199552,163.37266526843868,171,19028,18857,83,19028,0.0090960240525538947,1.0945499719374291e-23,0.089284280638332866,5.26451025627094,12.919336149575923,171,0,1,1,1,1,1
windows_msvc_cpu,cpu,32,6,1,0,0,1,12,0.11324094111196269,27,0.029153697545162505,0.0625,-0.63457314922559527,32768,0,0.030447571332588016,-0.3067498653429479,0.00030636649249841849,-0.0031062934234950645,0.030141204840089596,-0.30364357191945285,0.030153090279808881,-0.30351463563974618,0.010125842361412419,103.75964596685272,98.887896862867819,108,18857,18749,79,18857,0.0055024471531448646,2.3253496956765225e-26,0.077812800253056841,6.2526043528531741,14.491691302853251,108,0,1,1,1,1,1
windows_msvc_cpu,cpu,32,6,1,0,0,1,13,0.11324094111196269,27,0.029153697545162505,0.0625,-0.63457314922559527,32768,0,0.030153090279808881,-0.30351463563974618,0.0001657619291875338,-0.0016684824151815111,0.029987328350621349,-0.30184615322456465,0.029909446823408351,-0.30146578266001128,0.0054972071561144777,55.419267745524976,53.485043187697514,68,18749,18681,87,18749,0.0029558519251973426,2.6437090996370989e-29,0.059427538852464448,7.2844300884909581,16.223783713885386,68,0,1,1,1,1,1
windows_msvc_cpu,cpu,32,6,1,0,0,1,14,0.11324094111196269,27,0.029153697545162505,0.0625,-0.63457314922559527,32768,0,0.029909446823408351,-0.30146578266001128,8.3666639044764339e-05,-0.00084216532540881412,0.029825780184363587,-0.30062361733460247,0.029808234192967801,-0.30040763599964482,0.0027936052163137805,27.903300034431521,27.29938021796486,35,18681,18646,92,18681,0.0014936727174365142,3.4182389829791379e-32,0.04603836400114595,8.3430537709064865,17.923012169631651,35,0,1,1,1,1,1
windows_msvc_cpu,cpu,32,6,1,0,0,1,15,0.11324094111196269,27,0.029153697545162505,0.0625,-0.63457314922559527,32768,0,0.029808234192967801,-0.30040763599964482,4.6614242737012163e-05,-0.0004656547292178574,0.029761619950230789,-0.29994198127042698,0.029760604719819291,-0.29989352826517096,0.0015502100532581822,15.417615347926734,15.215306316641982,17,18646,18629,95,18646,0.00082685913053345134,1.1364390916327628e-34,0.03045997089010721,9.4090837493057631,19.380949838630514,17,0,1,1,1,1,1
windows_msvc_cpu,cpu,32,6,1,0,0,1,16,0.11324094111196269,27,0.029153697545162505,0.0625,-0.63457314922559527,32768,0,0.029760604719819291,-0.29989352826517096,3.6804504357820653e-05,-0.00036570229147203014,0.02972380021546147,-0.29952782597369892,0.029718928930814348,-0.2995009044564908,0.0012196085972173553,12.106233886469784,11.977878528332715,13,18629,18616,96,18629,0.00064985956768853857,2.8558725511779949e-38,0.023053443489511761,10.458675628569646,21.498686738210669,13,0,1,1,1,1,1
windows_msvc_cpu,cpu,32,6,1,0,0,1,17,0.11324094111196269,27,0.029153697545162505,0.0625,-0.63457314922559527,32768,0,0.029718928930814348,-0.2995009044564908,4.4710830992728822e-05,-0.00044337078404882544,0.029674218099821618,-0.29905753367244198,0.029683206825952966,-0.29898562394860417,0.001480600318009535,14.67704845511615,14.489313331285517,17,18616,18599,89,18616,0.00078841042410378976,1.2892935659890988e-41,0.026569727424933534,11.468630788801372,23.46675025795248,17,0,1,1,1,1,1
windows_msvc_cpu,cpu,32,6,1,0,0,1,18,0.11324094111196269,27,0.029153697545162505,0.0625,-0.63457314922559527,32768,0,0.029683206825952966,-0.29898562394860417,6.7566669712034808e-05,-0.00066616012791152973,0.029615640156240932,-0.29831946382069263,0.029611762616230202,-0.29844334418283103,0.0022285377838063627,22.054324624373553,21.63699621750288,18,18599,18581,95,18599,0.0011857801292743456,6.8500599873045223e-44,0.037301780546719933,12.423214692174936,24.804912425637344,18,0,1,1,1,1,1
windows_msvc_cpu,cpu,32,6,1,0,0,1,19,0.11324094111196269,27,0.029153697545162505,0.0625,-0.63457314922559527,32768,0,0.029611762616230202,-0.29844334418283103,9.7676327844841096e-05,-0.00096384794315854919,0.029514086288385363,-0.29747949623967246,0.029499100210988071,-0.29754125866430392,0.0032302567931894203,31.913736323922659,31.048398705118963,30,18581,18551,103,18581,0.0017175467587278758,1.4917091910248583e-46,0.044888443055662981,13.297181356514008,26.37095102472907,30,0,1,1,1,1,1
windows_msvc_cpu,cpu,32,6,1,0,0,1,20,0.11324094111196269,27,0.029153697545162505,0.0625,-0.63457314922559527,32768,0,0.029499100210988071,-0.29754125866430392,0.00011362171821097342,-0.0011206698076937696,0.029385478492777097,-0.29642058885661016,0.029374072843973236,-0.29639390481638844,0.0037672649402104635,37.117721660876754,35.94582669207341,38,18551,18513,101,18551,0.0020008474832018089,5.9027713676256347e-49,0.052648335352898382,14.0789367717577,27.784397334303328,38,0,1,1,1,1,1
windows_msvc_cpu,cpu,32,6,1,0,0,1,21,0.11324094111196269,27,0.029153697545162505,0.0625,-0.63457314922559527,32768,0,0.029374072843973236,-0.29639390481638844,0.0001049419682024243,-0.0010433765670200981,0.029269130875770811,-0.29535052824936836,0.029244006979786019,-0.29522239350606977,0.0035207456006907116,34.576238139091608,33.554023173520335,39,18513,18474,100,18513,0.001867673426191952,1.6004200266888758e-51,0.047570254289247216,14.736254565173548,29.294437487931653,39,0,1,1,1,1,1
windows_msvc_cpu,cpu,32,6,1,0,0,1,22,0.11324094111196269,27,0.029153697545162505,0.0625,-0.63457314922559527,32768,0,0.029244006979786019,-0.29522239350606977,9.399689795084977e-05,-0.00092979771530752654,0.029150010081835171,-0.29429259579076222,0.029155159311118138,-0.29425692728446695,0.0031501114761303905,30.838946399735693,30.03345286318482,32,18474,18442,104,18474,0.00166931614159011,1.5162158132635741e-54,0.049469189964510017,15.229391094085406,31.073121632482568,32,0,1,1,1,1,1
windows_msvc_cpu,cpu,32,6,1,0,0,1,23,0.11324094111196269,27,0.029153697545162505,0.0625,-0.63457314922559527,32768,0,0.029155159311118138,-0.29425692728446695,9.5676218019341333e-05,-0.00093731908249329913,0.029059483093098797,-0.29331960820197367,0.029077761417251814,-0.29338071331943805,0.0031863120930672203,31.10583651027288,30.283880454671074,29,18442,18413,95,18442,0.0016866845521241124,3.3220398298636549e-57,0.045529554590240419,15.520873243738341,32.637598892081883,29,0,1,1,1,1,1
windows_msvc_cpu,cpu,32,6,1,0,0,1,24,0.11324094111196269,27,0.029153697545162505,0.0625,-0.63457314922559527,32768,0,0.029077761417251814,-0.29338071331943805,0.00010828772316669186,-0.0010614661994945941,0.028969473694085122,-0.29231924711994345,0.028970823899410473,-0.29238768398775467,0.0036190817435037981,35.22497126303044,34.148482753583075,33,18413,18380,96,18413,0.001913049001413699,3.1203952195545401e-58,0.059534722905343319,15.584071999318841,33.241889354777562,33,0,1,1,1,1,1
windows_msvc_cpu,cpu,32,6,1,0,0,1,25,0.11324094111196269,27,0.029153697545162505,0.0625,-0.63457314922559527,32768,0,0.028970823899410473,-0.29238768398775467,0.00012097566912798307,-0.0011972057829672334,0.028849848230282488,-0.29119047820478744,0.028917240742118398,-0.29136005490551359,0.0040953728500828408,39.729410745261013,38.338208546909812,34,18380,18346,86,18380,0.0021615566237900442,2.2663237923351834e-60,0.057924036491355219,15.395349471106282,34.500179274527994,34,0,1,1,1,1,1
windows_msvc_cpu,cpu,32,6,1,0,0,1,26,0.11324094111196269,27,0.029153697545162505,0.0625,-0.63457314922559527,32768,0,0.028917240742118398,-0.29136005490551359,0.0001288824722688093,-0.0012819697027328495,0.028788358269849591,-0.29007808520278072,0.028786259690960016,-0.28991045720988007,0.0044005060193469296,42.566655541225096,40.975403492723188,48,18346,18298,86,18346,0.002320214517672795,1.1401239113971165e-59,0.059844459769267722,14.922796985680259,34.087416089483369,48,0,1,1,1,1,1
windows_msvc_cpu,cpu,32,6,1,0,0,1,27,0.11324094111196269,27,0.029153697545162505,0.0625,-0.63457314922559527,32768,0,0.028786259690960016,-0.28991045720988007,0.00012682890165752658,-0.0012698195421888281,0.028659430789302491,-0.28864063766769121,0.02865596503002998,-0.28849600058248748,0.0043802927966890819,42.222201519064562,40.701675813490702,47,18298,18251,81,18298,0.0023074763099281102,4.7977425403385323e-57,0.05974117088498257,14.169694251559978,32.543688645158134,47,0,1,1,1,1,1
windows_msvc_cpu,cpu,32,7,1,0,0,1,0,0.11324094111196269,27,0.029153697545162505,0.0625,-0.63457314922559527,32768,0,0.0625,-0.63457314922559527,0.0061954043502147355,-0.062902995987874022,0.056304595649785266,-0.5716701532377213,0.055344820274664863,-0.57015727283100681,0.099126469603445982,3135.2000853783129,2832.2647853064846,3198,32768,29570,-92,32768,0.095678713543039334,0.070982009395745213,0.10000000000000001,0.012770366987580484,0.087568230771977076,3198,0,1,1,1,1,1
windows_msvc_cpu,cpu,32,7,1,0,0,1,1,0.11324094111196269,27,0.029153697545162505,0.0625,-0.63457314922559527,32768,0,0.055344820274664863,-0.57015727283100681,0.005200163916065704,-0.052662799397586856,0.05014465635859916,-0.51749447343341992,0.050855861226882446,-0.51769709336284209,0.092380269860499506,2438.5569172291994,2218.1779186431495,2437,29570,27133,-117,29570,0.082467261319891766,0.016513509900926523,0.10000000000000001,0.073892817125204277,0.46013862002867584,2437,0,1,1,1,1,1
windows_msvc_cpu,cpu,32,7,1,0,0,1,2,0.11324094111196269,27,0.029153697545162505,0.0625,-0.63457314922559527,32768,0,0.050855861226882446,-0.51769709336284209,0.0043687113154373359,-0.043269670789581501,0.046487149911445112,-0.47442742257326059,0.045756346925342431,-0.47358494567744053,0.083603258320269463,1886.857281938836,1727.0182765303714,1933,27133,25200,-190,27133,0.069541048978691483,0.0013184328812582415,0.099911884592941147,0.19269874793314681,1.1059543219720069,1933,0,1,1,1,1,1
windows_msvc_cpu,cpu,32,7,1,0,0,1,3,0.11324094111196269,27,0.029153697545162505,0.0625,-0.63457314922559527,32768,0,0.045756346925342431,-0.47358494567744053,0.0036635811275252165,-0.036228484944529502,0.042092765797817212,-0.43735646073291101,0.042516222174044299,-0.43821849503383659,0.076531393930391253,1504.6003993644772,1382.1994878870964,1466,25200,23734,-166,25200,0.059706365054145921,4.7266619454085294e-05,0.09913525081754393,0.37553283686482403,1.9563320711789829,1466,0,1,1,1,1,1
windows_msvc_cpu,cpu,32,7,1,0,0,1,4,0.11324094111196269,27,0.029153697545162505,0.0625,-0.63457314922559527,32768,0,0.042516222174044299,-0.43821849503383659,0.0030968118751135529,-0.030669108404085509,0.039419410298930743,-0.4075493866297511,0.039874213920709459,-0.40745449511009768,0.070012483153706631,1224.4044314482619,1128.1230753492334,1233,23734,22501,-113,23734,0.051588625240088559,1.0050387614179606e-06,0.097377749551384188,0.63780489957222009,2.9401745348421038,1233,0,1,1,1,1,1
windows_msvc_cpu,cpu,32,7,1,0,0,1,5,0.11324094111196269,27,0.029153697545162505,0.0625,-0.63457314922559527,32768,0,0.039874213920709459,-0.40745449511009768,0.0026481214048999775,-0.026168145262247342,0.037226092515809481,-0.38128634984785031,0.037425868009322655,-0.38070798146687668,0.064244238441123175,1007.1578231497936,928.60867704045506,1027,22501,21474,-84,22501,0.044760580558632662,1.3347542020176319e-08,0.097339845957934684,0.99090765332867725,4.0442695845794114,1027,0,1,1,1,1,1
windows_msvc_cpu,cpu,32,7,1,0,0,1,6,0.11324094111196269,27,0.029153697545162505,0.0625,-0.63457314922559527,32768,0,0.037425868009322655,-0.38070798146687668,0.0021325358093317376,-0.021223370090609352,0.035293332199990916,-0.3594846113762673,0.035447811971105317,-0.35932181233426275,0.055758914166803369,790.96977145664664,732.06264799725432,797,21474,20677,-85,21474,0.036833834937908476,1.1560751504219841e-10,0.094770419400781666,1.459473338244053,5.2575714146484493,797,0,1,1,1,1,1
windows_msvc_cpu,cpu,32,7,1,0,0,1,7,0.11324094111196269,27,0.029153697545162505,0.0625,-0.63457314922559527,32768,0,0.035447811971105317,-0.35932181233426275,0.0016981183823007006,-0.017039526311851617,0.033749693588804613,-0.34228228602241112,0.033859037079494905,-0.34234330441580985,0.047426011600640083,617.31834076875145,573.12929175123611,615,20677,20062,-70,20677,0.029855314637943196,4.4435782341537655e-13,0.091846502871282543,2.0312750678227127,6.6784449260628529,615,0,1,1,1,1,1
windows_msvc_cpu,cpu,32,7,1,0,0,1,8,0.11324094111196269,27,0.029153697545162505,0.0625,-0.63457314922559527,32768,0,0.033859037079494905,-0.34234330441580985,0.0013222748683700321,-0.013416345158895941,0.032536762211124871,-0.3289269592569139,0.032430082213500078,-0.32847882211478824,0.039188409245501682,474.44162516901997,441.86570290227922,493,20062,19569,-71,20062,0.023648770071230184,1.0730763804561087e-15,0.093365273897403983,2.7004379241238952,8.2180645117789322,493,0,1,1,1,1,1
windows_msvc_cpu,cpu,32,7,1,0,0,1,9,0.11324094111196269,27,0.029153697545162505,0.0625,-0.63457314922559527,32768,0,0.032430082213500078,-0.32847882211478824,0.0010168776367174537,-0.010372038747439527,0.031413204576782622,-0.31810678336734871,0.031564071820708403,-0.31806899852388898,0.03157385055591095,359.19048462154683,335.28669270430237,359,19569,19210,-90,19569,0.018355076121495572,4.0235280941085364e-18,0.092397478584720583,3.4632329989221873,9.6452741382161449,359,0,1,1,1,1,1
windows_msvc_cpu,cpu,32,7,1,0,0,1,10,0.11324094111196269,27,0.029153697545162505,0.0625,-0.63457314922559527,32768,0,0.031564071820708403,-0.31806899852388898,0.00076302073277802359,-0.007641869957685286,0.030801051087930381,-0.31042712856620369,0.03109797125598119,-0.31150373750742372,0.024027266725946794,260.51878114706454,244.08992115972757,224,19210,18986,-86,19210,0.013561623172673844,1.4518007871698156e-20,0.09023133502262469,4.310392881805214,11.082294360553739,224,0,1,1,1,1,1
windows_msvc_cpu,cpu,32,7,1,0,0,1,11,0.11324094111196269,27,0.029153697545162505,0.0625,-0.63457314922559527,32768,0,0.03109797125598119,-0.31150373750742372,0.00053138464268961375,-0.005205247616938768,0.030566586613291577,-0.30629848989048497,0.030710061630847673,-0.30621964944411934,0.016713788656999795,175.31920188408881,165.41573615655523,178,18986,18808,-82,18986,0.0092341305111181306,2.3443918315763183e-23,0.087610917358721271,5.2282363017651097,12.724732417937185,178,0,1,1,1,1,1
windows_msvc_cpu,cpu,32,7,1,0,0,1,12,0.11324094111196269,27,0.029153697545162505,0.0625,-0.63457314922559527,32768,0,0.030710061630847673,-0.30621964944411934,0.00032423287161765087,-0.0031873805552512331,0.030385828759230023,-0.30303226888886808,0.030308185466742049,-0.30243864418941918,0.010410289117789354,106.43310366790305,101.32861912121926,126,18808,18682,-84,18808,0.0056589272473364025,2.5073989895818905e-26,0.078899143872986077,6.210698834857749,14.472433470973513,126,0,1,1,1,1,1
windows_msvc_cpu,cpu,32,7,1,0,0,1,13,0.11324094111196269,27,0.029153697545162505,0.0625,-0.63457314922559527,32768,0,0.030308185466742049,-0.30243864418941918,0.0001716431689348095,-0.0016950527261238003,0.030136542297807239,-0.30074359146329538,0.030147893588351241,-0.30105765960819508,0.0056051999500402582,56.296074785975307,54.303398893588096,46,18682,18636,-74,18682,0.0030133858679999631,2.5940947328101026e-29,0.062777398296096451,7.2417817744085076,16.228624080605211,46,0,1,1,1,1,1
windows_msvc_cpu,cpu,32,7,1,0,0,1,14,0.11324094111196269,27,0.029153697545162505,0.0625,-0.63457314922559527,32768,0,0.030147893588351241,-0.30105765960819508,8.5708932633708421e-05,-0.00086844936703893438,0.030062184655717535,-0.30018921024115613,0.030076678175371171,-0.30021135430007234,0.0028842471228821185,28.768050399488963,28.147598823250945,28,18636,18608,-68,18636,0.0015436816054673194,6.5334318912724428e-32,0.047217313538658358,8.284767701900309,17.757502793918057,28,0,1,1,1,1,1
windows_msvc_cpu,cpu,32,7,1,0,0,1,15,0.11324094111196269,27,0.029153697545162505,0.0625,-0.63457314922559527,32768,0,0.030076678175371171,-0.30021135430007234,4.7532732582659911e-05,-0.00048163418551709262,0.030029145442788511,-0.29972972011455523,0.029987601709960354,-0.29954991362081906,0.0016040792016650096,15.943425620947414,15.737519311895525,22,18608,18586,-64,18608,0.00085680490224351966,1.8732176336737373e-34,0.033090088269748373,9.3404670040923552,19.253265781337422,22,0,1,1,1,1,1
windows_msvc_cpu,cpu,32,7,1,0,0,1,16,0.11324094111196269,27,0.029153697545162505,0.0625,-0.63457314922559527,32768,0,0.029987601709960354,-0.29954991362081906,3.709917124974679e-05,-0.00037838915218423979,0.029950502538710608,-0.29917152446863482,0.029939972236811843,-0.29915787619884537,0.0012629339284408205,12.522573794859843,12.391589694885148,13,18586,18573,-67,18586,0.00067376378967286363,2.8009888829170503e-37,0.020936745363500948,10.386764734806425,20.915352796872295,13,0,1,1,1,1,1
windows_msvc_cpu,cpu,32,7,1,0,0,1,17,0.11324094111196269,27,0.029153697545162505,0.0625,-0.63457314922559527,32768,0,0.029939972236811843,-0.29915787619884537,4.5479585456412668e-05,-0.00046484588539833725,0.02989449265135543,-0.29869303031344702,0.029892342763663364,-0.29867428604249657,0.0015535027308556471,15.382828305263921,15.185794819938577,16,18573,18557,-67,18573,0.00082823605800161099,3.7252589441632166e-40,0.025974105367788415,11.392729438445157,22.607370958457754,16,0,1,1,1,1,1
windows_msvc_cpu,cpu,32,7,1,0,0,1,18,0.11324094111196269,27,0.029153697545162505,0.0625,-0.63457314922559527,32768,0,0.029892342763663364,-0.29867428604249657,6.8189813593217286e-05,-0.0006995178676585137,0.029824152950070147,-0.29797476817483803,0.029826852238084164,-0.29800934957751696,0.0023414720412110166,23.148645225345426,22.709464187382572,22,18557,18535,-65,18557,0.0012474346729183287,5.4681555835119453e-43,0.034065186394623422,12.343276333634444,24.274187104710304,22,0,1,1,1,1,1
windows_msvc_cpu,cpu,32,7,1,0,0,1,19,0.11324094111196269,27,0.029153697545162505,0.0625,-0.63457314922559527,32768,0,0.029826852238084164,-0.29800934957751696,9.6803776532319974e-05,-0.00099964591100607176,0.029730048461551844,-0.29700970366651086,0.02974945434421784,-0.29691833979219989,0.003353331292226292,33.082878190023408,32.191232542250773,36,18535,18499,-63,18535,0.0017848868729443436,1.2768656753441951e-45,0.043130459953035979,13.217709670992917,25.822391899562863,36,0,1,1,1,1,1
windows_msvc_cpu,cpu,32,7,1,0,0,1,20,0.11324094111196269,27,0.029153697545162505,0.0625,-0.63457314922559527,32768,0,0.02974945434421784,-0.29691833979219989,0.0001137432811108958,-0.0011576252463917304,0.029635711063106945,-0.29576071454580816,0.029588704872341623,-0.29531674059264773,0.0038980504098130812,38.32866983465879,37.120883551988285,53,18499,18446,-60,18499,0.0020719319873862799,6.2683561200351403e-49,0.053716160311267962,14.001276440798872,27.769044273265862,53,0,1,1,1,1,1
windows_msvc_cpu,cpu,32,7,1,0,0,1,21,0.11324094111196269,27,0.029153697545162505,0.0625,-0.63457314922559527,32768,0,0.029588704872341623,-0.29531674059264773,0.00010753948279663464,-0.0010832554985774614,0.029481165389544987,-0.29423348509407027,0.029434137881351772,-0.29392932829216473,0.0036677797846229251,35.892812006090509,34.817342920427592,46,18446,18400,-52,18446,0.0019458317253654184,3.4428931253003727e-51,0.051329448610227438,14.667822663310488,29.098718967637261,46,0,1,1,1,1,1
windows_msvc_cpu,cpu,32,7,1,0,0,1,22,0.11324094111196269,27,0.029153697545162505,0.0625,-0.63457314922559527,32768,0,0.029434137881351772,-0.29392932829216473,9.7234503486683671e-05,-0.00096722938425182741,0.029336903377865087,-0.29296209890791292,0.029344832619198319,-0.29302259674901077,0.0032908136999635048,32.079038731881845,31.219546189411847,30,18400,18370,-56,18400,0.0017434260180370568,4.93942617432595e-54,0.050036028724743609,15.16610401042292,30.771377697657677,30,0,1,1,1,1,1
windows_msvc_cpu,cpu,32,7,1,0,0,1,23,0.11324094111196269,27,0.029153697545162505,0.0625,-0.63457314922559527,32768,0,0.029344832619198319,-0.29302259674901077,9.7886584255050296e-05,-0.00096923489232449036,0.02924694603494327,-0.29205336185668629,0.02926148104118843,-0.2922983842879005,0.003307992054101845,32.160722562162725,31.297040506278105,24,18370,18346,-56,18370,0.0017507197910812588,6.7636675395894736e-57,0.045684476032567936,15.455875484128795,32.455947690309159,24,0,1,1,1,1,1
windows_msvc_cpu,cpu,32,7,1,0,0,1,24,0.11324094111196269,27,0.029153697545162505,0.0625,-0.63457314922559527,32768,0,0.02926148104118843,-0.2922983842879005,0.00010875202767089324,-0.0010765622503952441,0.029152729013517537,-0.29122182203750524,0.029155001116832675,-0.29118558512151832,0.0036834254569189928,35.721487692469005,34.637396125897382,37,18346,18309,-59,18346,0.00194709951447013,5.3048479554058665e-58,0.053341248830417465,15.516629622985043,33.106309678857514,37,0,1,1,1,1,1
windows_msvc_cpu,cpu,32,7,1,0,0,1,25,0.11324094111196269,27,0.029153697545162505,0.0625,-0.63457314922559527,32768,0,0.029155001116832675,-0.29118558512151832,0.00012240209631887415,-0.0012015021722164532,0.029032599020513802,-0.28998408294930189,0.029024248862417053,-0.29013152063358488,0.0041269573734636781,39.874625407752639,38.493821071805506,35,18309,18274,-56,18309,0.0021778701954095056,6.9974753363717482e-59,0.057531910066584202,15.33296752604277,33.623848485484544,35,0,1,1,1,1,1
windows_msvc_cpu,cpu,32,7,1,0,0,1,26,0.11324094111196269,27,0.029153697545162505,0.0625,-0.63457314922559527,32768,0,0.029024248862417053,-0.29013152063358488,0.00013027959696672696,-0.0012860465118314747,0.028893969265450327,-0.28884547412175343,0.028905403976288584,-0.28898590341127678,0.004433187871079821,42.70565336179633,41.125163382333064,38,18274,18236,-52,18274,0.0023369625348471233,1.5176971937347915e-58,0.061656495512013215,14.86350628234559,33.426039064332954,38,0,1,1,1,1,1
windows_msvc_cpu,cpu,32,7,1,0,0,1,27,0.11324094111196269,27,0.029153697545162505,0.0625,-0.63457314922559527,32768,0,0.028905403976288584,-0.28898590341127678,0.00013192072094698798,-0.001292162031668436,0.028773483255341598,-0.28769374137960835,0.028804420142590804,-0.28792890698981244,0.0044722833715259685,42.97227739732152,41.428411580509199,35,18236,18201,-59,18236,0.0023564530268327219,9.2604306619617406e-57,0.060153891139630836,14.106280501726829,32.375675911592438,35,0,1,1,1,1,1
