backend_label,actual_backend,L,seed,dx,dy,dz,n,tick,omega,target_transition,phase_error,initial_source_real,initial_source_imag,initial_occupancy,initial_signed_state,source_before_real,source_before_imag,expected_loss_real,expected_loss_imag,predicted_next_real,predicted_next_imag,source_after_real,source_after_imag,source_hazard,expected_removals,removal_variance,actual_removed,occupancy_before,occupancy_after,signed_state_after,eligible_sites,mean_site_probability,min_site_probability,max_site_probability,mean_local_energy,max_local_energy,history_evaporation,history_other,history_required,history_enabled,toggles_valid,structural_valid,execution_valid
wsl2_cuda,gpu,48,0,1,0,0,1,0,0.075538987083082362,41,0.031044803899666462,0.04166666666666665,-0.63571048701123523,110592,0,0.041666666666667712,-0.6357104870107374,0.0041504190709353711,-0.063323158293195736,0.037516247595732341,-0.57238732871754161,0.038188478406081819,-0.57235703104505364,0.099610057702455609,10740.600192126692,9690.3557669441871,10716,110592,99876,-8,110592,0.097119142362256702,0.070982009395745213,0.10000000000000001,0.0085135779917164239,0.087568230771977076,0,0,0,0,1,1,1
wsl2_cuda,gpu,48,0,1,0,0,1,1,0.075538987083082362,41,0.031044803899666462,0.04166666666666665,-0.63571048701123523,110592,0,0.038188478406082992,-0.5723570310448941,0.0035905079950558959,-0.053868212152768748,0.034597970411027093,-0.51848881889212539,0.035231293274979182,-0.51664667648022744,0.094116026144212966,8672.3458483514733,7871.7295595656051,8936,99876,90940,32,99876,0.086831129083578373,0.016991968737970611,0.10000000000000001,0.05318474868477735,0.45284126746434444,0,0,0,0,1,1,1
wsl2_cuda,gpu,48,0,1,0,0,1,2,0.075538987083082362,41,0.031044803899666462,0.04166666666666665,-0.63571048701123523,110592,0,0.03523129327498209,-0.51664667647985407,0.003052475657806301,-0.044825126119951472,0.032178817617175788,-0.47182155035990259,0.032077997394034226,-0.47168224046883372,0.086761107122926867,6915.0371163043301,6316.3406228471813,6951,90940,83989,-5,90940,0.076039554830705194,0.0013391070959202708,0.099960338454094591,0.13900071900550398,1.1019790666398943,0,0,0,0,1,1,1
wsl2_cuda,gpu,48,0,1,0,0,1,3,0.075538987083082362,41,0.031044803899666462,0.04166666666666665,-0.63571048701123523,110592,0,0.032077997394037015,-0.47168224046855184,0.0026286814902986328,-0.038514813939138456,0.029449315903738383,-0.43316742652941337,0.028990969139275683,-0.43307817127002529,0.081655499390026559,5730.0788840652858,5252.8155199504872,5744,83989,78245,-5,83989,0.068224158926350906,4.2415276710763494e-05,0.099013785761606216,0.26613635014760134,1.9840007478079218,0,0,0,0,1,1,1
wsl2_cuda,gpu,48,0,1,0,0,1,4,0.075538987083082362,41,0.031044803899666462,0.04166666666666665,-0.63571048701123523,110592,0,0.028990969139277664,-0.43307817126985065,0.0022338843004548925,-0.033540645077705364,0.026757084838822772,-0.39953752619214528,0.026708819706776667,-0.39918015433244886,0.077445340759604159,4835.0982435513743,4443.6933277206499,4893,78245,73352,-30,78245,0.061794341409053287,7.4416499070794988e-07,0.097228393156376075,0.44985456619256775,3.0169545931133666,0,0,0,0,1,1,1
wsl2_cuda,gpu,48,0,1,0,0,1,5,0.075538987083082362,41,0.031044803899666462,0.04166666666666665,-0.63571048701123523,110592,0,0.026708819706778755,-0.39918015433232668,0.0019829058502028691,-0.02968788449313757,0.024725913856575885,-0.36949226983918909,0.024580786544862274,-0.36932455869518843,0.074371563666633292,4153.9952054427295,3819.8270788079553,4176,73352,69176,-82,73352,0.056630974008107883,6.3074076730958372e-09,0.097150683720321207,0.69961225111306335,4.2357881904233379,0,0,0,0,1,1,1
wsl2_cuda,gpu,48,0,1,0,0,1,6,0.075538987083082362,41,0.031044803899666462,0.04166666666666665,-0.63571048701123523,110592,0,0.024580786544863217,-0.36932455869505104,0.0016817729499617933,-0.02545534549193158,0.022899013594901423,-0.34386921320311947,0.022519366995278928,-0.34420082834536042,0.06892182215356181,3462.3747544324324,3193.5362478874054,3430,69176,65746,-102,69176,0.050051676223436342,3.9406969106977754e-11,0.095774273958903589,1.0381360455825506,5.532546637724117,0,0,0,0,1,1,1
wsl2_cuda,gpu,48,0,1,0,0,1,7,0.075538987083082362,41,0.031044803899666462,0.04166666666666665,-0.63571048701123523,110592,0,0.022519366995280635,-0.34420082834526838,0.0014245511572902624,-0.021886419529694764,0.021094815837990371,-0.32231440881557361,0.021035175428311226,-0.32266044355262952,0.063584795924951046,2897.4878015400172,2678.8689321230713,2864,65746,62882,-88,65746,0.0440709366583521,1.76200185285191e-13,0.094620578879815759,1.45925708005888,6.9147772873055775,0,0,0,0,1,1,1
wsl2_cuda,gpu,48,0,1,0,0,1,8,0.075538987083082362,41,0.031044803899666462,0.04166666666666665,-0.63571048701123523,110592,0,0.021035175428313596,-0.32266044355252932,0.0012475094889869678,-0.01888973962114315,0.01978766593932663,-0.30377070393138617,0.01978092524873656,-0.30345193160915362,0.058546936153715069,2438.8984008727239,2258.8127811925128,2481,62882,60401,-71,62882,0.038785318547004288,8.5003634540600883e-16,0.09369878316992844,1.9621860089424563,8.2775955996197688,0,0,0,0,1,1,1
wsl2_cuda,gpu,48,0,1,0,0,1,9,0.075538987083082362,41,0.031044803899666462,0.04166666666666665,-0.63571048701123523,110592,0,0.019780925248739367,-0.30345193160904416,0.001091092801350753,-0.016359468719875456,0.018689832447388616,-0.28709246288916868,0.018640347943704449,-0.28720185735943082,0.053916515010416367,2066.2560628656329,1915.1559714464543,2050,60401,58351,-37,60401,0.034208971090969237,3.7605895206041782e-18,0.093659057769720389,2.548195318000178,9.662541151597134,0,0,0,0,1,1,1
wsl2_cuda,gpu,48,0,1,0,0,1,10,0.075538987083082362,41,0.031044803899666462,0.04166666666666665,-0.63571048701123523,110592,0,0.018640347943706836,-0.28720185735932913,0.0009317273070159073,-0.014094376848687386,0.01770862063669093,-0.27310748051064176,0.017593747538506597,-0.27287801747101476,0.049078626602585516,1744.525768986495,1618.2879216348581,1772,58351,56579,-33,58351,0.029897101489031807,1.2006606513069326e-20,0.094063087956854377,3.2154263159682244,11.130820633426785,0,0,0,0,1,1,1
wsl2_cuda,gpu,48,0,1,0,0,1,11,0.075538987083082362,41,0.031044803899666462,0.04166666666666665,-0.63571048701123523,110592,0,0.017593747538507856,-0.27287801747097956,0.00076336628454129658,-0.011787347590591423,0.016830381253966558,-0.26109066988038815,0.016684189662429946,-0.26114071413623385,0.043197193774085964,1431.8187719759389,1331.1600024132013,1424,56579,55155,9,56579,0.025306540800932129,2.4449933865959121e-23,0.093698146038472652,3.9702012584605493,12.71399757088022,0,0,0,0,1,1,1
wsl2_cuda,gpu,48,0,1,0,0,1,12,0.075538987083082362,41,0.031044803899666462,0.04166666666666665,-0.63571048701123523,110592,0,0.016684189662429821,-0.26114071413622997,0.00063440398982361225,-0.0098581754075951853,0.016049785672606211,-0.25128253872863476,0.016104351681058834,-0.2506962979650133,0.037751547623339071,1177.2808139702825,1096.1079867303306,1242,55155,53913,9,55155,0.021344951753608604,2.1390523548770733e-26,0.093627261715370613,4.7901236680869346,14.513026796039199,0,0,0,0,1,1,1
wsl2_cuda,gpu,48,0,1,0,0,1,13,0.075538987083082362,41,0.031044803899666462,0.04166666666666665,-0.63571048701123523,110592,0,0.016104351681057505,-0.25069629796512771,0.00052623691416749661,-0.0081193449809361679,0.015578114766890009,-0.24257695298419155,0.015664451532677204,-0.24267337367700872,0.032388365224359755,955.58903046266005,891.08481950093267,943,53913,52970,-34,53913,0.017724649536524771,5.0258831344497556e-29,0.091284023574373985,5.677146530967307,16.059651073424181,0,0,0,0,1,1,1
wsl2_cuda,gpu,48,0,1,0,0,1,14,0.075538987083082362,41,0.031044803899666462,0.04166666666666665,-0.63571048701123523,110592,0,0.015664451532674595,-0.24267337367712311,0.00043964257060931486,-0.0066801079224035184,0.015224808962065279,-0.2359932657547196,0.015134046053185562,-0.23585874052626934,0.027529393376682275,776.02473408544517,724.30658394289242,792,52970,52178,-32,52970,0.014650268719755432,2.5226333529890441e-32,0.091901967149795163,6.6068205491197745,18.000636257395211,0,0,0,0,1,1,1
wsl2_cuda,gpu,48,0,1,0,0,1,15,0.075538987083082362,41,0.031044803899666462,0.04166666666666665,-0.63571048701123523,110592,0,0.015134046053180696,-0.23585874052636946,0.00034663267863544172,-0.0052912101804557677,0.014787413374545253,-0.23056753034591368,0.014852876269269382,-0.230634915344828,0.022435738657674901,607.70932327470132,568.45719320879118,599,52178,51579,-37,52178,0.0116468496928725,5.1941726094886543e-35,0.09182076816892247,7.5898658075813277,19.580986551042365,0,0,0,0,1,1,1
wsl2_cuda,gpu,48,0,1,0,0,1,16,0.075538987083082362,41,0.031044803899666462,0.04166666666666665,-0.63571048701123523,110592,0,0.014852876269263142,-0.23063491534492533,0.00026591869140921121,-0.0040414744824145707,0.014586957577853931,-0.22659344086251076,0.014598979372529823,-0.22652579210470952,0.017524825769622148,459.71253038376454,431.28878214996132,468,51579,51111,-1,51579,0.0089127848617414941,1.765877492794547e-37,0.088777697793458593,8.6082370823723462,21.033217524369618,0,0,0,0,1,1,1
wsl2_cuda,gpu,48,0,1,0,0,1,17,0.075538987083082362,41,0.031044803899666462,0.04166666666666665,-0.63571048701123523,110592,0,0.014598979372522298,-0.22652579210481241,0.00019676293500316648,-0.0029902282856414052,0.014402216437519131,-0.223535563819171,0.014345829407486984,-0.22351903067847559,0.013201535409301888,337.49226402396806,317.71150453080116,340,51111,50771,7,51111,0.0066031238681295229,1.869947781156983e-40,0.090381442050956509,9.6524414607519127,22.783462550483346,0,0,0,0,1,1,1
wsl2_cuda,gpu,48,0,1,0,0,1,18,0.075538987083082362,41,0.031044803899666462,0.04166666666666665,-0.63571048701123523,110592,0,0.014345829407478127,-0.22351903067858422,0.00013480384387867442,-0.0020833243828518272,0.014211025563599452,-0.22143570629573239,0.014185946805112063,-0.22112382441678149,0.0093208806932945643,233.72730329697228,221.17059603341716,269,50771,50502,0,50771,0.0046035591833324587,9.1875169680594959e-44,0.086445930093764042,10.711721880430233,24.729903006256635,0,0,0,0,1,1,1
wsl2_cuda,gpu,48,0,1,0,0,1,19,0.075538987083082362,41,0.031044803899666462,0.04166666666666665,-0.63571048701123523,110592,0,0.014185946805102349,-0.22112382441689288,8.6666037522088071e-05,-0.0013226891117328,0.01409928076758026,-0.21980113530516007,0.014106174134937781,-0.21968267853514586,0.0059821902274088557,147.76420847376295,140.86312067139175,161,50502,50341,19,50502,0.0029259080526268851,4.9851928339787604e-46,0.079093375332229529,11.787381808472501,26.062687452974458,0,0,0,0,1,1,1
wsl2_cuda,gpu,48,0,1,0,0,1,20,0.075538987083082362,41,0.031044803899666462,0.04166666666666665,-0.63571048701123523,110592,0,0.014106174134927648,-0.21968267853525902,5.1298684697768571e-05,-0.0007595485738085214,0.014054875450229879,-0.2189231299614505,0.014055504168682306,-0.21895512225122513,0.0034582160346617523,84.607221759497236,81.433130498937899,81,50341,50260,28,50341,0.0016806821827039041,5.6680089965585393e-49,0.072513336770890668,12.866582591939833,27.794766229699839,0,0,0,0,1,1,1
wsl2_cuda,gpu,48,0,1,0,0,1,21,0.075538987083082362,41,0.031044803899666462,0.04166666666666665,-0.63571048701123523,110592,0,0.014055504168672024,-0.21895512225133945,2.876284304070144e-05,-0.00042138349378122034,0.014026741325631323,-0.21853373875755824,0.014030759310483218,-0.21864057495760575,0.0019250200014440692,46.864105364406107,45.633029266101346,35,50260,50225,23,50260,0.00093243345333080202,3.7590025031677324e-52,0.051885606411601885,13.939346050173606,29.664567916088583,0,0,0,0,1,1,1
wsl2_cuda,gpu,48,0,1,0,0,1,22,0.075538987083082362,41,0.031044803899666462,0.04166666666666665,-0.63571048701123523,110592,0,0.01403075931047287,-0.21864057495772043,1.7498515583052361e-05,-0.00025413051841657224,0.014013260794889817,-0.21838644443930386,0.014008354757596488,-0.21835284629305801,0.0011626688599490245,28.246405653537852,27.744663055238586,32,50225,50193,25,50225,0.00056239732510777205,5.6787589453323911e-55,0.039111773268455163,14.997075342266694,31.324032520453283,0,0,0,0,1,1,1
wsl2_cuda,gpu,48,0,1,0,0,1,23,0.075538987083082362,41,0.031044803899666462,0.04166666666666665,-0.63571048701123523,110592,0,0.014008354757586076,-0.21835284629317278,1.3312859381930421e-05,-0.0001929011936847625,0.013995041898204146,-0.21815994509948802,0.013997732508880627,-0.2182088665860957,0.00088371223758346943,21.437279290207769,21.133822868312738,16,50193,50177,29,50193,0.00042709699141728466,3.8741042766008987e-58,0.031104748249681909,16.039036072978941,33.186612462125083,0,0,0,0,1,1,1
wsl2_cuda,gpu,48,0,1,0,0,1,24,0.075538987083082362,41,0.031044803899666462,0.04166666666666665,-0.63571048701123523,110592,0,0.013997732508870184,-0.21820886658621053,1.4488665921030996e-05,-0.00020985424910472571,0.013983243842949153,-0.21799901233710581,0.013971787206421938,-0.21794849673064701,0.00096201338791316151,23.321247982884643,22.964096651276556,29,50177,50148,34,50177,0.00046477963973303788,1.3133833202951103e-60,0.041489929176969101,17.053536327844085,34.639563506368141,0,0,0,0,1,1,1
wsl2_cuda,gpu,48,0,1,0,0,1,25,0.075538987083082362,41,0.031044803899666462,0.04166666666666665,-0.63571048701123523,110592,0,0.01397178720641142,-0.21794849673076186,1.9714893414211086e-05,-0.00028623010752001199,0.013952072312997209,-0.21766226662324184,0.013950562903392508,-0.21766988766913226,0.0013136925126722451,31.811798164413023,31.157094244523087,31,50148,50117,29,50148,0.00063435826283028283,5.3166207904734291e-63,0.041639827106150371,18.045412594161451,36.047201969161108,0,0,0,0,1,1,1
wsl2_cuda,gpu,48,0,1,0,0,1,26,0.075538987083082362,41,0.031044803899666462,0.04166666666666665,-0.63571048701123523,110592,0,0.013950562903381947,-0.21766988766924725,2.8323659952932441e-05,-0.00041134697415611205,0.013922239243429014,-0.21725854069509112,0.013922257101219171,-0.21730132029988958,0.0018903491775883786,45.72616488666111,44.404306908949188,41,50117,50076,44,50117,0.00091238830908995175,7.5259786603654218e-65,0.048199957196430269,18.997704462916861,37.134996153801325,0,0,0,0,1,1,1
wsl2_cuda,gpu,48,0,1,0,0,1,27,0.075538987083082362,41,0.031044803899666462,0.04166666666666665,-0.63571048701123523,110592,0,0.013922257101208538,-0.21730132030000462,3.5902570108399904e-05,-0.00052534624522936968,0.013886354531100138,-0.21677597405477525,0.01387504710692646,-0.21672586561801613,0.0024182524107788299,58.415573738876411,56.309358823579878,64,50076,50012,40,50076,0.0011665383365060391,2.2474303685964862e-67,0.059121968702018579,19.901746795377914,38.620360265262086,0,0,0,0,1,1,1
wsl2_cuda,gpu,48,0,1,0,0,1,28,0.075538987083082362,41,0.031044803899666462,0.04166666666666665,-0.63571048701123523,110592,0,0.013875047106915707,-0.21672586561813142,3.737994627532353e-05,-0.00055645540358461362,0.013837667160640383,-0.2161694102145468,0.01383379894512724,-0.21612397644816217,0.0025680705034471225,61.901747440064327,59.577377498177533,67,50012,49945,45,50012,0.0012377378917072768,1.2251978184526914e-69,0.064429444069953587,20.754855993329276,39.951946854742985,0,0,0,0,1,1,1
wsl2_cuda,gpu,48,0,1,0,0,1,29,0.075538987083082362,41,0.031044803899666462,0.04166666666666665,-0.63571048701123523,110592,0,0.013833798945116361,-0.21612397644827763,3.4123780795766616e-05,-0.00051325724800356856,0.013799675164320594,-0.21561071920027405,0.013783209756480978,-0.21555933264901134,0.002375202753435412,57.132427705590615,55.208986749439148,63,49945,49882,48,49945,0.0011439068516486258,3.8727908333708402e-72,0.060992207481540141,21.543997798031551,41.42278335812108,0,0,0,0,1,1,1
wsl2_cuda,gpu,48,0,1,0,0,1,30,0.075538987083082362,41,0.031044803899666462,0.04166666666666665,-0.63571048701123523,110592,0,0.013783209756469881,-0.21555933264912697,3.0714451916755378e-05,-0.00046513772318274282,0.013752495304553126,-0.21509419492594423,0.013743162038941348,-0.21499384321001574,0.0021581049937838053,51.810533849505561,50.275303887273743,63,49882,49819,53,49882,0.0010386619191192325,1.6753331050406265e-74,0.054866904731265979,22.257389999884669,42.813459640696522,0,0,0,0,1,1,1
wsl2_cuda,gpu,48,0,1,0,0,1,31,0.075538987083082362,41,0.031044803899666462,0.04166666666666665,-0.63571048701123523,110592,0,0.01374316203893013,-0.21499384321013154,3.0838357677986599e-05,-0.00047171569148719096,0.013712323681252143,-0.21452212751864436,0.013725498679886192,-0.21465294010968955,0.0021942920340423263,52.559962753709897,50.985170802044259,38,49819,49781,47,49819,0.0010550184217609727,7.6289170897027822e-77,0.055510346468985332,22.881338213147121,44.191026079656289,0,0,0,0,1,1,1
wsl2_cuda,gpu,48,0,1,0,0,1,32,0.075538987083082362,41,0.031044803899666462,0.04166666666666665,-0.63571048701123523,110592,0,0.013725498679874909,-0.2146529401098054,3.451803737488436e-05,-0.00053032103116189299,0.013690980642500024,-0.21412261907864349,0.013686691449878944,-0.21406023998151288,0.0024707779006375892,59.088339536941405,57.069356327618593,66,49781,49715,29,49781,0.001186965700507049,2.9575680686915028e-80,0.063682545197864052,23.391893188094908,46.197999884914459,0,0,0,0,1,1,1
wsl2_cuda,gpu,48,0,1,0,0,1,33,0.075538987083082362,41,0.031044803899666462,0.04166666666666665,-0.63571048701123523,110592,0,0.013686691449867517,-0.21406023998162835,3.8086905864595616e-05,-0.00058562709338117673,0.013648604544002923,-0.21347461288824718,0.013642003510519255,-0.2133960541256259,0.0027359963011307563,65.260739236295592,62.74277870431473,74,49715,49641,35,49715,0.0013126971585295303,4.9815684085538117e-84,0.068002155263899008,23.800459872274367,48.417959125591466,0,0,0,0,1,1,1
wsl2_cuda,gpu,48,0,1,0,0,1,34,0.075538987083082362,41,0.031044803899666462,0.04166666666666665,-0.63571048701123523,110592,0,0.013642003510507639,-0.21339605412574092,3.9974866180453311e-05,-0.00061604169506815571,0.013602028644327186,-0.21278001243067277,0.013605557125758483,-0.21286696177026707,0.0028870234756576524,68.68728383555478,65.928237502103144,59,49641,49582,42,49641,0.0013836805027206296,7.4741346202201604e-85,0.072572483382840627,24.08600489806474,48.90259690414964,0,0,0,0,1,1,1
wsl2_cuda,gpu,48,0,1,0,0,1,35,0.075538987083082362,41,0.031044803899666462,0.04166666666666665,-0.63571048701123523,110592,0,0.013605557125746733,-0.21286696177038172,3.987600205234392e-05,-0.00062225060952716038,0.013565681123694389,-0.21224471116085455,0.013564450324775348,-0.21226722934969017,0.0029232213781772679,69.447914113735422,66.809995647294187,67,49582,49515,39,49582,0.0014006678656313869,8.2071552746721686e-85,0.069840047415221151,24.220256278812069,48.878693590803991,0,0,0,0,1,1,1
wsl2_cuda,gpu,48,0,1,0,0,1,36,0.075538987083082362,41,0.031044803899666462,0.04166666666666665,-0.63571048701123523,110592,0,0.013564450324763399,-0.21226722934980438,3.9458270694465155e-05,-0.00062891169794535809,0.013524992054068933,-0.21163831765185903,0.013524624400129177,-0.21161393043322468,0.0029626107810643639,70.27311230558557,67.778954201742508,73,49515,49442,52,49515,0.0014192287651335065,3.0701665426830263e-86,0.074129863706311985,24.191886857439922,49.718203963405173,0,0,0,0,1,1,1
wsl2_cuda,gpu,48,0,1,0,0,1,37,0.075538987083082362,41,0.031044803899666462,0.04166666666666665,-0.63571048701123523,110592,0,0.01352462440011701,-0.21161393043333845,4.0394104061588685e-05,-0.00064865825110665314,0.013484230296055421,-0.21096527218223179,0.013497640208629258,-0.21101404329732254,0.0030649711974012634,72.538043198590231,69.954659872471069,67,49442,49375,33,49442,0.0014671340803080423,2.4010469470607588e-88,0.072129629746104915,23.979888842274804,50.957594209435754,0,0,0,0,1,1,1
wsl2_cuda,gpu,48,0,1,0,0,1,38,0.075538987083082362,41,0.031044803899666462,0.04166666666666665,-0.63571048701123523,110592,0,0.013497640208616952,-0.21101404329743589,4.1961803492167535e-05,-0.00067351909172831247,0.013455678405124785,-0.21034052420570759,0.013462394268128099,-0.21032627856891728,0.0031914829729638829,75.343792978465828,72.51364170195879,77,49375,49298,44,49375,0.0015259502375385484,1.1114038004500634e-89,0.069518428688167308,23.558925508579033,51.742686454742525,0,0,0,0,1,1,1
wsl2_cuda,gpu,48,0,1,0,0,1,39,0.075538987083082362,41,0.031044803899666462,0.04166666666666665,-0.63571048701123523,110592,0,0.013462394268115668,-0.21032627856903019,4.2800758252376865e-05,-0.00068942290848811555,0.013419593509863291,-0.20963685566054208,0.013433190246665939,-0.20968209663091014,0.003277471104776635,77.14298528546297,74.096116223081864,72,49298,49226,38,49298,0.001564829917754533,1.4456264062322803e-88,0.071979137828789327,22.919854241364373,51.08722110379199,0,0,0,0,1,1,1
wsl2_cuda,gpu,48,0,1,0,0,1,40,0.075538987083082362,41,0.031044803899666462,0.04166666666666665,-0.63571048701123523,110592,0,0.013433190246653326,-0.20968209663102255,4.427233156157036e-05,-0.00070838838648321783,0.013388917915091756,-0.20897370824453934,0.013395865837018645,-0.20897700515035256,0.0033780544957669858,79.32249602552217,76.147638897907242,79,49226,49147,47,49226,0.0016113943043416521,6.0804537450729953e-87,0.075062641728812773,22.040206675593065,50.131905973581254,0,0,0,0,1,1,1
wsl2_cuda,gpu,48,0,1,0,0,1,41,0.075538987083082362,41,0.031044803899666462,0.04166666666666665,-0.63571048701123523,110592,0,0.013395865837005782,-0.20897700515046447,4.6001955327188364e-05,-0.00073684146004355145,0.013349863881678595,-0.20824016369042092,0.013352559746007412,-0.20814756293695696,0.0035255690656070121,82.609260928376628,79.362952993062279,93,49147,49054,46,49147,0.0016808607021461459,3.7752250856391446e-83,0.079391615940409152,20.923177946375553,47.900511394129694,0,0,0,0,1,1,1
wsl2_cuda,gpu,48,1,1,0,0,1,0,0.075538987083082362,41,0.031044803899666462,0.04166666666666665,-0.63571048701123523,110592,0,0.041666666666667712,-0.6357104870107374,0.0041504190709353711,-0.063323158293195736,0.037516247595732341,-0.57238732871754161,0.037326500176508598,-0.57294575809115511,0.099610057702455609,10740.600192126692,9690.3557669441871,10710,110592,99882,-120,110592,0.097119142362256702,0.070982009395745213,0.10000000000000001,0.0085135779917164239,0.087568230771977076,0,0,0,0,1,1,1
wsl2_cuda,gpu,48,1,1,0,0,1,1,0.075538987083082362,41,0.031044803899666462,0.04166666666666665,-0.63571048701123523,110592,0,0.037326500176509111,-0.57294575809099413,0.0035092426046097807,-0.053941264992536569,0.03381725757189933,-0.51900449309845753,0.033171046668826372,-0.5185776715368855,0.09414668572222766,8676.1416228792932,7875.1121843908995,8756,99882,91126,-56,99882,0.086863915649259063,0.016751031132163526,0.10000000000000001,0.053021877717737434,0.45648994374651014,0,0,0,0,1,1,1
wsl2_cuda,gpu,48,1,1,0,0,1,2,0.075538987083082362,41,0.031044803899666462,0.04166666666666665,-0.63571048701123523,110592,0,0.03317104666882803,-0.51857767153652901,0.0028693729192111228,-0.045039493917417808,0.030301673749616908,-0.47353817761911121,0.03056860019587361,-0.47290777006968565,0.08685054823199205,6940.9843861706931,6339.5445227921628,7023,91126,84103,17,91126,0.076169088801996063,0.0013315146066796171,0.099942716149988259,0.13805232522986258,1.1034317803448306,0,0,0,0,1,1,1
wsl2_cuda,gpu,48,1,1,0,0,1,3,0.075538987083082362,41,0.031044803899666462,0.04166666666666665,-0.63571048701123523,110592,0,0.030568600195876157,-0.47290777006940748,0.0024774612337350758,-0.038634366604764298,0.02809113896214108,-0.43427340346464316,0.027448751586095901,-0.43443074777425805,0.081692649617912144,5744.2160385141724,5265.4528513798423,5685,84103,78418,-116,84103,0.068299775733495507,4.2616022228039227e-05,0.099072208416839488,0.26486186301441711,1.9827943934373851,0,0,0,0,1,1,1
wsl2_cuda,gpu,48,1,1,0,0,1,4,0.075538987083082362,41,0.031044803899666462,0.04166666666666665,-0.63571048701123523,110592,0,0.027448751586096741,-0.43443074777407825,0.0021314441657606154,-0.033661330989803527,0.025317307420336124,-0.40076941678427475,0.025971267677444197,-0.40056902809476502,0.077484435372756538,4851.9455940302068,4458.9606579565698,4854,78418,73564,-48,78418,0.061872855645772738,7.8985033978520622e-07,0.097635670367918218,0.44779252435816053,3.001732206514415,0,0,0,0,1,1,1
wsl2_cuda,gpu,48,1,1,0,0,1,5,0.075538987083082362,41,0.031044803899666462,0.04166666666666665,-0.63571048701123523,110592,0,0.025971267677444891,-0.40056902809464096,0.001919965572827731,-0.02981884122916784,0.024051302104617159,-0.37075018686547312,0.024520618517822845,-0.37051997157103611,0.074439050726916242,4171.4281409794667,3835.4742289548376,4184,73564,69380,-18,73564,0.056704748803483584,8.9622519442727978e-09,0.096724449745550251,0.69726450332677647,4.146034728928317,0,0,0,0,1,1,1
wsl2_cuda,gpu,48,1,1,0,0,1,6,0.075538987083082362,41,0.031044803899666462,0.04166666666666665,-0.63571048701123523,110592,0,0.024520618517824395,-0.37051997157089173,0.0017028207062740053,-0.025529745064852415,0.02281779781155039,-0.34499022650603933,0.023193772579421578,-0.34460695647290351,0.068904843621373751,3470.7101536434338,3201.1346307204162,3518,69380,65862,22,69380,0.050024649086818015,7.8427242000296058e-11,0.095188989273814958,1.0369452889765931,5.3567098218479003,0,0,0,0,1,1,1
wsl2_cuda,gpu,48,1,1,0,0,1,7,0.075538987083082362,41,0.031044803899666462,0.04166666666666665,-0.63571048701123523,110592,0,0.0231937725794246,-0.34460695647281381,0.0015035154253191854,-0.021925334166350671,0.021690257154105413,-0.32268162230646313,0.022138078700226261,-0.32333084285005664,0.063629588591610858,2902.3158820411245,2682.8487438458801,2814,65862,63048,-88,65862,0.044066622362532636,2.4657723336432081e-13,0.094330742220287783,1.4614299104969322,6.8289181004485977,0,0,0,0,1,1,1
wsl2_cuda,gpu,48,1,1,0,0,1,8,0.075538987083082362,41,0.031044803899666462,0.04166666666666665,-0.63571048701123523,110592,0,0.022138078700229331,-0.32333084284995584,0.0013359328551367467,-0.01891116037850658,0.020802145845092584,-0.30441968247144924,0.02057561025272894,-0.30469612184073552,0.058497239873610191,2444.1842170802311,2263.7002559409771,2417,63048,60631,-121,63048,0.038767038083368718,9.6274515740169491e-16,0.093185236210707262,1.9664685272065436,8.2457844022495799,0,0,0,0,1,1,1
wsl2_cuda,gpu,48,1,1,0,0,1,9,0.075538987083082362,41,0.031044803899666462,0.04166666666666665,-0.63571048701123523,110592,0,0.020575610252731781,-0.30469612184064032,0.0011340748038490892,-0.016410435746505372,0.019441535448882691,-0.28828568609413496,0.019426280613830397,-0.28839005671107415,0.053864082994633973,2074.0215365621757,1922.5583378739525,2058,60631,58573,-49,60631,0.034207279057943553,1.7372159826914409e-18,0.09365280195093377,2.5541270279878305,9.8598554431868823,0,0,0,0,1,1,1
wsl2_cuda,gpu,48,1,1,0,0,1,10,0.075538987083082362,41,0.031044803899666462,0.04166666666666665,-0.63571048701123523,110592,0,0.019426280613833551,-0.28839005671097118,0.00095670236339200489,-0.014095862768108404,0.018469578250441546,-0.27429419394286275,0.018327552936256451,-0.2745354713450267,0.048879441291902262,1745.6864802853083,1619.8845099380824,1718,58573,56855,-25,58573,0.029803603713064182,5.3643789482545361e-21,0.092993633097591288,3.2264359969696441,11.336664398144602,0,0,0,0,1,1,1
wsl2_cuda,gpu,48,1,1,0,0,1,11,0.075538987083082362,41,0.031044803899666462,0.04166666666666665,-0.63571048701123523,110592,0,0.018327552936259102,-0.27453547134498563,0.0007888274893345904,-0.011808708184359236,0.017538725446924513,-0.26272676316062638,0.017457835450136915,-0.26288638282673588,0.043013535366068188,1435.0319449014921,1334.6445131842333,1415,56855,55440,-66,56855,0.025240206576404751,1.1309931661950665e-23,0.09176775000700324,3.9822477345873115,12.910968060520718,0,0,0,0,1,1,1
wsl2_cuda,gpu,48,1,1,0,0,1,12,0.075538987083082362,41,0.031044803899666462,0.04166666666666665,-0.63571048701123523,110592,0,0.017457835450137925,-0.26288638282672466,0.00065010316756432479,-0.0099007914563545348,0.016807732282573599,-0.25298559137037013,0.016758804284515136,-0.25298811031352136,0.037660006006905805,1182.6556287928722,1101.4732426929534,1183,55440,54257,-29,55440,0.021332172236523669,1.5672236914198912e-26,0.091690496265641047,4.8052029725505063,14.592499376972828,0,0,0,0,1,1,1
wsl2_cuda,gpu,48,1,1,0,0,1,13,0.075538987083082362,41,0.031044803899666462,0.04166666666666665,-0.63571048701123523,110592,0,0.016758804284514407,-0.25298811031359342,0.00053308694473545219,-0.0081787820222081978,0.016225717339778956,-0.24480932829138521,0.016164103172669076,-0.24457376348966348,0.032326451879046474,962.23503669355671,897.64735935806561,992,54257,53265,-53,54257,0.017734763011105603,1.6721444104861801e-29,0.092152577176236192,5.6907454471429837,16.340818403246512,0,0,0,0,1,1,1
wsl2_cuda,gpu,48,1,1,0,0,1,14,0.075538987083082362,41,0.031044803899666462,0.04166666666666665,-0.63571048701123523,110592,0,0.016164103172666373,-0.24457376348978419,0.00042804774594062673,-0.0067228632191386247,0.015736055426725747,-0.23785090027064557,0.015839770429634883,-0.23818194894238123,0.027483702018802687,780.41539842800796,728.62684457257319,742,53265,52523,-53,53265,0.014651561033098807,2.9275594163933694e-32,0.090909258271911819,6.6305667228309879,17.96260226464161,0,0,0,0,1,1,1
wsl2_cuda,gpu,48,1,1,0,0,1,15,0.075538987083082362,41,0.031044803899666462,0.04166666666666665,-0.63571048701123523,110592,0,0.01583977042963116,-0.23818194894248862,0.00034646749086460248,-0.0053984286600662927,0.015493302938766558,-0.23278352028242233,0.015521817489788328,-0.23264184497520149,0.02266165927999806,619.70708328590445,579.64517134668574,636,52523,51887,-101,52523,0.011798775456198321,5.029339787982471e-35,0.089817724062663515,7.6114134148745425,19.589225811895773,0,0,0,0,1,1,1
wsl2_cuda,gpu,48,1,1,0,0,1,16,0.075538987083082362,41,0.031044803899666462,0.04166666666666665,-0.63571048701123523,110592,0,0.015521817489783346,-0.23264184497529866,0.00027008539668744183,-0.0041462374566524204,0.015251732093095905,-0.22849560751864625,0.015301750621885671,-0.22845283179188106,0.017820535811399935,471.54357206980643,442.34676224900176,477,51887,51410,-116,51887,0.0090878943101317562,9.8300488297505416e-39,0.09062421604098056,8.6379537839470597,21.771173554532673,0,0,0,0,1,1,1
wsl2_cuda,gpu,48,1,1,0,0,1,17,0.075538987083082362,41,0.031044803899666462,0.04166666666666665,-0.63571048701123523,110592,0,0.015301750621879396,-0.22845283179198206,0.00020453912422790604,-0.0030695484673427631,0.01509721149765149,-0.22538328332463931,0.015085781304687886,-0.22534305417069425,0.013435936997700973,346.3869589142804,326.05487252692166,351,51410,51059,-97,51410,0.0067377350498790192,3.9555522568702224e-41,0.091228801956237476,9.686583986884747,23.180337303360304,0,0,0,0,1,1,1
wsl2_cuda,gpu,48,1,1,0,0,1,18,0.075538987083082362,41,0.031044803899666462,0.04166666666666665,-0.63571048701123523,110592,0,0.015085781304680452,-0.22534305417080147,0.00014345949665162019,-0.0021402125946613959,0.014942321808028833,-0.22320284157614007,0.01495020204200416,-0.22321045035229189,0.0094976287420447444,240.07534484024191,227.07034469003963,239,51059,50820,-76,51059,0.004701920226409485,1.5953142496519706e-43,0.086931243408684244,10.752249811800285,24.588920015947703,0,0,0,0,1,1,1
wsl2_cuda,gpu,48,1,1,0,0,1,19,0.075538987083082362,41,0.031044803899666462,0.04166666666666665,-0.63571048701123523,110592,0,0.014950202041996041,-0.22321045035240311,9.3074776131884575e-05,-0.0013837103914068501,0.014857127265864157,-0.22182673996099625,0.014831803200379615,-0.22177183351646668,0.0061992475278635261,154.54869712139228,147.16979406800564,161,50820,50659,-83,50820,0.0030410999040022093,2.9425126273826734e-46,0.080814249361416651,11.827700384928436,26.197384861791484,0,0,0,0,1,1,1
wsl2_cuda,gpu,48,1,1,0,0,1,20,0.075538987083082362,41,0.031044803899666462,0.04166666666666665,-0.63571048701123523,110592,0,0.014831803200371021,-0.22177183351657972,5.3567958630295151e-05,-0.00080156704902331849,0.014778235241740725,-0.22097026646755641,0.014782374067188348,-0.22100880314641719,0.0036143652160690386,89.266101699713857,85.859881519563459,85,50659,50574,-72,50659,0.0017620975877872412,1.6107683123142801e-49,0.066987159910033803,12.914093546293893,28.116207334512637,0,0,0,0,1,1,1
wsl2_cuda,gpu,48,1,1,0,0,1,21,0.075538987083082362,41,0.031044803899666462,0.04166666666666665,-0.63571048701123523,110592,0,0.01478237406717962,-0.22100880314653135,2.9836221003254289e-05,-0.00044546144213305859,0.014752537846176366,-0.22056334170439829,0.014747027154675699,-0.22055947178292007,0.002015594738648725,49.532876829621451,48.220626888085299,50,50574,50524,-68,50574,0.00097941386541743687,1.4217042879251151e-52,0.05192802744363844,13.99412731089464,29.912981949112091,0,0,0,0,1,1,1
wsl2_cuda,gpu,48,1,1,0,0,1,22,0.075538987083082362,41,0.031044803899666462,0.04166666666666665,-0.63571048701123523,110592,0,0.014747027154666904,-0.22055947178303503,1.7597377882270499e-05,-0.00026235380473653175,0.014729429776784634,-0.22029711797829851,0.014725782657243988,-0.22027166708432069,0.0011895092225534015,29.155839306687827,28.64584521087756,32,50524,50492,-72,50524,0.00057706910194536907,1.9921679179255184e-55,0.037956452924308035,15.062760819497218,31.591662603119119,0,0,0,0,1,1,1
wsl2_cuda,gpu,48,1,1,0,0,1,23,0.075538987083082362,41,0.031044803899666462,0.04166666666666665,-0.63571048701123523,110592,0,0.014725782657235146,-0.2202716670844363,1.3372619102388457e-05,-0.00019904413343906384,0.014712410038132758,-0.22007262295099722,0.014714000353073107,-0.2200465379184019,0.00090365014195851947,22.116601146530712,21.807234477607981,25,50492,50467,-77,50492,0.00043802188755705284,3.8609882111987624e-57,0.031095946868143445,16.112469207365752,32.599187183199049,0,0,0,0,1,1,1
wsl2_cuda,gpu,48,1,1,0,0,1,24,0.075538987083082362,41,0.031044803899666462,0.04166666666666665,-0.63571048701123523,110592,0,0.014714000353064232,-0.22004653791851797,1.4556859343953282e-05,-0.00021649523841206928,0.014699443493720279,-0.21983004268010589,0.014701017604642609,-0.21980324822769079,0.00098388544428965204,24.055572687339538,23.689772718364122,27,50467,50440,-60,50467,0.0004766594544422997,5.0657062088044707e-60,0.034755087310769837,17.138569208419291,34.294678359021169,0,0,0,0,1,1,1
wsl2_cuda,gpu,48,1,1,0,0,1,25,0.075538987083082362,41,0.031044803899666462,0.04166666666666665,-0.63571048701123523,110592,0,0.014701017604633722,-0.21980324822780695,1.993792649021167e-05,-0.00029817947055230294,0.01468107967814351,-0.21950506875725465,0.014685674356497471,-0.2195329865161938,0.0013565729054596061,33.133865235285647,32.450500800405543,30,50440,50410,-48,50440,0.00065689661449812938,2.9172250077421007e-63,0.039287248643495719,18.138731332676805,36.200549479287737,0,0,0,0,1,1,1
wsl2_cuda,gpu,48,1,1,0,0,1,26,0.075538987083082362,41,0.031044803899666462,0.04166666666666665,-0.63571048701123523,110592,0,0.014685674356488576,-0.21953298651631023,2.8762749891538392e-05,-0.0004299446031248467,0.014656911606597038,-0.21910304191318539,0.014656168110064531,-0.21902870943234387,0.0019584515060561852,47.78421991422011,46.395335108730052,56,50410,50354,-40,50410,0.00094791152378932968,8.4481998465066566e-66,0.051843804468729993,19.10017741579945,37.693754938052209,0,0,0,0,1,1,1
wsl2_cuda,gpu,48,1,1,0,0,1,27,0.075538987083082362,41,0.031044803899666462,0.04166666666666665,-0.63571048701123523,110592,0,0.014656168110055585,-0.219028709432461,3.6127360391110565e-05,-0.0005400853946173627,0.014620040749664474,-0.21848862403784364,0.014617280447979941,-0.21859800406322594,0.0024658164176709838,60.043986863220859,57.880913706870643,48,50354,50306,-46,50354,0.0011924372813127231,3.6561703818693752e-68,0.060822780374965663,20.021895340638814,39.084322316807828,0,0,0,0,1,1,1
wsl2_cuda,gpu,48,1,1,0,0,1,28,0.075538987083082362,41,0.031044803899666462,0.04166666666666665,-0.63571048701123523,110592,0,0.014617280447970912,-0.21859800406334326,3.8456771528450325e-05,-0.00057777049985701528,0.014578823676442462,-0.21802023356348624,0.014583093590922327,-0.21802231466114255,0.0026430189431007438,64.261473305004017,61.846519914366986,64,50306,50242,-52,50306,0.0012774117064565662,2.0109236833529172e-70,0.062681713484016882,20.881965984934585,40.413644457882455,0,0,0,0,1,1,1
wsl2_cuda,gpu,48,1,1,0,0,1,29,0.075538987083082362,41,0.031044803899666462,0.04166666666666665,-0.63571048701123523,110592,0,0.014583093590913211,-0.21802231466126004,3.5270566179602584e-05,-0.00052969723888498805,0.014547823024733609,-0.21749261742237505,0.014563089926554815,-0.21757275122465755,0.0024295063298269892,58.951480102846013,56.971645457548561,50,50242,50192,-52,50242,0.0011733505852244339,4.584882412501457e-73,0.058180553545006147,21.683026529147821,41.967950859648681,0,0,0,0,1,1,1
wsl2_cuda,gpu,48,1,1,0,0,1,30,0.075538987083082362,41,0.031044803899666462,0.04166666666666665,-0.63571048701123523,110592,0,0.014563089926545656,-0.21757275122477518,3.2207067544673954e-05,-0.00048156596096143048,0.014530882859000982,-0.21709118526381374,0.014527722819639868,-0.21704219569176345,0.0022133479952611266,53.627998361945792,52.033779624458298,59,50192,50133,-49,50192,0.0010684570920056144,7.3103381278348854e-76,0.054848135237069565,22.401393000274773,43.613632704033726,0,0,0,0,1,1,1
wsl2_cuda,gpu,48,1,1,0,0,1,31,0.075538987083082362,41,0.031044803899666462,0.04166666666666665,-0.63571048701123523,110592,0,0.01452772281963065,-0.21704219569188118,3.2679170970609018e-05,-0.0004869899608544571,0.014495043648660041,-0.21655520573102674,0.014490096185021789,-0.21653095575415698,0.0022437823952028112,54.251278971209189,52.615815980867701,57,50133,50076,-50,50133,0.0010821470682227114,3.0867243297344139e-77,0.05779191695777082,23.033065224101083,44.422204169894648,0,0,0,0,1,1,1
wsl2_cuda,gpu,48,1,1,0,0,1,32,0.075538987083082362,41,0.031044803899666462,0.04166666666666665,-0.63571048701123523,110592,0,0.014490096185012439,-0.21653095575427486,3.6195959881023009e-05,-0.0005390587020008957,0.014453900225131416,-0.21599189705227398,0.014455949716768774,-0.21604584087388048,0.0024895602743880891,60.055891969082552,58.016619328424703,54,50076,50022,-56,50076,0.0011992949111167535,1.9283432015384177e-79,0.066252587276399599,23.56338702029587,45.718983587067449,0,0,0,0,1,1,1
wsl2_cuda,gpu,48,1,1,0,0,1,33,0.075538987083082362,41,0.031044803899666462,0.04166666666666665,-0.63571048701123523,110592,0,0.01445594971675933,-0.21604584087399856,4.0996967696486343e-05,-0.00060466519888462632,0.014414952749062843,-0.21544117567511392,0.014430085191919269,-0.21557919594904693,0.0027989478011499497,67.376069592797236,64.779441421719099,52,50022,49970,-48,50022,0.0013469287432089328,3.4957007586738952e-82,0.068407403091289051,23.978962711377324,47.331873665154191,0,0,0,0,1,1,1
wsl2_cuda,gpu,48,1,1,0,0,1,34,0.075538987083082362,41,0.031044803899666462,0.04166666666666665,-0.63571048701123523,110592,0,0.014430085191909744,-0.21557919594916508,4.4428931871474593e-05,-0.00065142466350449251,0.014385656260038269,-0.2149277712856606,0.014379576435350351,-0.21493409231449542,0.0030219967787062604,72.622635989798894,69.670954777603299,72,49970,49898,-50,49970,0.0014533247146247528,2.9459347999817555e-84,0.072786836585230719,24.266430000698005,48.552173747512462,0,0,0,0,1,1,1
wsl2_cuda,gpu,48,1,1,0,0,1,35,0.075538987083082362,41,0.031044803899666462,0.04166666666666665,-0.63571048701123523,110592,0,0.014379576435340645,-0.21493409231461372,4.4541188581836527e-05,-0.00065530842270098441,0.014335035246758809,-0.21427878389191274,0.014350231744135782,-0.21439595639015466,0.003049097563804214,73.126928551655396,70.290473757703694,60,49898,49838,-62,49898,0.0014655282486603751,3.2307720903338686e-87,0.072889791992992961,24.41713512314567,50.293468336065708,0,0,0,0,1,1,1
wsl2_cuda,gpu,48,1,1,0,0,1,36,0.075538987083082362,41,0.031044803899666462,0.04166666666666665,-0.63571048701123523,110592,0,0.014350231744125941,-0.21439595639027315,4.4941565696924263e-05,-0.00065416348702790372,0.014305290178429016,-0.21374179290324524,0.014286780973472815,-0.2137520130978956,0.0030515525739389137,73.089738487390534,70.461693569161071,72,49838,49766,-62,49838,0.0014665463800190724,5.556267669418803e-89,0.071976609070689632,24.394961502150764,51.331522725531094,0,0,0,0,1,1,1
wsl2_cuda,gpu,48,1,1,0,0,1,37,0.075538987083082362,41,0.031044803899666462,0.04166666666666665,-0.63571048701123523,110592,0,0.014286780973462681,-0.21375201309801398,4.5744918584626611e-05,-0.00066597359673287464,0.014241036054878054,-0.2130860395012811,0.014245734755696567,-0.21325158669023422,0.0031160202831871284,74.474162731570559,71.824563822218494,56,49766,49710,-48,49766,0.0014964868129158575,1.9133793332947268e-89,0.073422722022745676,24.191604745405812,51.603891256083777,0,0,0,0,1,1,1
wsl2_cuda,gpu,48,1,1,0,0,1,38,0.075538987083082362,41,0.031044803899666462,0.04166666666666665,-0.63571048701123523,110592,0,0.014245734755686214,-0.21325158669035227,4.82600359285084e-05,-0.00069699706460240229,0.014197474719757706,-0.21255458962574986,0.014210549052870456,-0.21266127670793294,0.00326895598853569,77.964514047088556,75.024881228032839,66,49710,49644,-58,49710,0.0015683869251073941,1.0175964424587273e-89,0.074004511552829305,23.773246396663595,51.765215849977096,0,0,0,0,1,1,1
wsl2_cuda,gpu,48,1,1,0,0,1,39,0.075538987083082362,41,0.031044803899666462,0.04166666666666665,-0.63571048701123523,110592,0,0.014210549052859952,-0.21266127670805057,5.0323179490270654e-05,-0.00072423880120120292,0.014160225873369681,-0.21193703790684937,0.014143879606476737,-0.21176868559589831,0.0034062009673022191,81.032148124572061,77.791207838242599,100,49644,49544,-54,49644,0.001632264687063332,2.9412426193039536e-89,0.075345923610174628,23.133221396808722,51.494039675149679,0,0,0,0,1,1,1
wsl2_cuda,gpu,48,1,1,0,0,1,40,0.075538987083082362,41,0.031044803899666462,0.04166666666666665,-0.63571048701123523,110592,0,0.0141438796064659,-0.21176868559601525,5.1379361979362978e-05,-0.00074276861593959424,0.014092500244486538,-0.21102591698007567,0.014094571639699273,-0.21110681385183525,0.0035080084236622736,83.160955208623719,79.764802191534585,74,49544,49470,-70,49544,0.0016785272729013345,1.5840592214170253e-87,0.075060842549280304,22.266216691780386,50.475565163775251,0,0,0,0,1,1,1
wsl2_cuda,gpu,48,1,1,0,0,1,41,0.075538987083082362,41,0.031044803899666462,0.04166666666666665,-0.63571048701123523,110592,0,0.014094571639688186,-0.21110681385195171,5.2593601186199614e-05,-0.00076260717499155401,0.014041978038501986,-0.21034420667696016,0.014037283608957207,-0.21028655937915258,0.0036129516549765544,85.490324177557909,82.124024611262726,92,49470,49378,-68,49470,0.001728124604357346,3.1181781573882219e-85,0.077301399247263203,21.147277627926844,49.125947738107399,0,0,0,0,1,1,1
wsl2_cuda,gpu,48,2,1,0,0,1,0,0.075538987083082362,41,0.031044803899666462,0.04166666666666665,-0.63571048701123523,110592,0,0.041666666666667712,-0.6357104870107374,0.0041504190709353711,-0.063323158293195736,0.037516247595732341,-0.57238732871754161,0.037980820271794093,-0.57210464219291757,0.099610057702455609,10740.600192126692,9690.3557669441871,10773,110592,99819,71,110592,0.097119142362256702,0.070982009395745213,0.10000000000000001,0.0085135779917164239,0.087568230771977076,0,0,0,0,1,1,1
wsl2_cuda,gpu,48,2,1,0,0,1,1,0.075538987083082362,41,0.031044803899666462,0.04166666666666665,-0.63571048701123523,110592,0,0.037980820271795009,-0.57210464219275226,0.0036083599719422569,-0.05381937227255492,0.034372460299852754,-0.5182852699201973,0.033325170077771853,-0.51770441411451529,0.094076692405649073,8665.0348929609681,7865.4605258482816,8671,99819,91148,136,99819,0.086807470451126217,0.01675103113216353,0.10000000000000001,0.053224882653770428,0.45648994374651009,0,0,0,0,1,1,1
wsl2_cuda,gpu,48,2,1,0,0,1,2,0.075538987083082362,41,0.031044803899666462,0.04166666666666665,-0.63571048701123523,110592,0,0.03332517007777408,-0.51770441411414492,0.002921183660172065,-0.044910189641820836,0.030403986417602016,-0.47279422447232411,0.029579832731078559,-0.47322207667727539,0.08675245713775448,6930.6840247791597,6330.6819565045289,6894,91148,84254,50,91148,0.076037697204317814,0.0013349817838789668,0.099982370703842291,0.13911607905991252,1.1027673608983872,0,0,0,0,1,1,1
wsl2_cuda,gpu,48,2,1,0,0,1,3,0.075538987083082362,41,0.031044803899666462,0.04166666666666665,-0.63571048701123523,110592,0,0.029579832731080828,-0.47322207667699484,0.0024073424549254717,-0.038678102220538434,0.027172490276155356,-0.43454397445645643,0.026883084382536809,-0.43498875256944097,0.081732153866411666,5750.9801357237711,5271.3568201446424,5672,84254,78582,130,84254,0.068257651099339747,4.3834713433708873e-05,0.099571901607502497,0.26696902348324131,1.9755906073696969,0,0,0,0,1,1,1
wsl2_cuda,gpu,48,2,1,0,0,1,4,0.075538987083082362,41,0.031044803899666462,0.04166666666666665,-0.63571048701123523,110592,0,0.026883084382538246,-0.43498875256925551,0.0020834862134241172,-0.033700180602626507,0.024799598169114128,-0.40128857196662898,0.024912627159823068,-0.40100064796255702,0.077473789530583689,4855.8617424968497,4462.5353009870123,4875,78582,73707,167,78582,0.061793562679708453,7.8597704243194076e-07,0.097776303391436156,0.45239463355026288,3.0029881789940394,0,0,0,0,1,1,1
wsl2_cuda,gpu,48,2,1,0,0,1,5,0.075538987083082362,41,0.031044803899666462,0.04166666666666665,-0.63571048701123523,110592,0,0.024912627159821989,-0.40100064796242857,0.0018582083123830334,-0.029779243776642889,0.023054418847438956,-0.3712214041857857,0.022951310780156737,-0.37108569770468453,0.07426358934099668,4167.7581981610938,3832.8301428601671,4214,73707,69493,79,73707,0.056544944145889724,1.0734043247592699e-08,0.096729620714024009,0.7045621886910538,4.0999443117352774,0,0,0,0,1,1,1
wsl2_cuda,gpu,48,2,1,0,0,1,6,0.075538987083082362,41,0.031044803899666462,0.04166666666666665,-0.63571048701123523,110592,0,0.022951310780155144,-0.37108569770453542,0.0016174215416231992,-0.025504935117058848,0.021333889238531946,-0.34558076258747655,0.021210296221549033,-0.34572176489519946,0.068737215237372251,3467.447118007407,3198.9056883872549,3459,69493,66034,42,69493,0.049896350970707944,5.8679774538808426e-11,0.095053983578781975,1.0459890936466261,5.4308219355841905,0,0,0,0,1,1,1
wsl2_cuda,gpu,48,2,1,0,0,1,7,0.075538987083082362,41,0.031044803899666462,0.04166666666666665,-0.63571048701123523,110592,0,0.02121029622154761,-0.34572176489511303,0.0013782655497283432,-0.021942820280459505,0.019832030671819267,-0.32377894461465351,0.019802949838328553,-0.32339554408926191,0.063475261999420302,2903.0313767091211,2684.3410324962911,2952,66034,63082,-24,66034,0.04396267645014873,2.2898392620915054e-13,0.094041090874199179,1.4696494281228809,6.8478304900271407,0,0,0,0,1,1,1
wsl2_cuda,gpu,48,2,1,0,0,1,8,0.075538987083082362,41,0.031044803899666462,0.04166666666666665,-0.63571048701123523,110592,0,0.019802949838327207,-0.32339554408915794,0.0011772898609977056,-0.018917829321920203,0.018625659977329501,-0.30447771476723773,0.018647574205533347,-0.30408305665316054,0.05850105437745573,2443.2271784792611,2263.0027650010011,2497,63082,60585,11,63082,0.038730972043994498,6.9579643697846486e-16,0.093857927953553952,1.9775158591751039,8.3287506807798994,0,0,0,0,1,1,1
wsl2_cuda,gpu,48,2,1,0,0,1,9,0.075538987083082362,41,0.031044803899666462,0.04166666666666665,-0.63571048701123523,110592,0,0.018647574205532418,-0.30408305665305357,0.0010394400701097431,-0.016373201326048439,0.017608134135422674,-0.28770985532700516,0.017919284786073682,-0.28792781267904144,0.053851610313675198,2068.6054815914463,1917.6366182754634,2032,60585,58553,-69,60585,0.034143855436022878,2.5954932413936777e-18,0.094518556667877174,2.5687171867549652,9.7572773162660802,0,0,0,0,1,1,1
wsl2_cuda,gpu,48,2,1,0,0,1,10,0.075538987083082362,41,0.031044803899666462,0.04166666666666665,-0.63571048701123523,110592,0,0.017919284786073748,-0.28792781267893797,0.00093017304402821072,-0.014081467573501445,0.016989111742045537,-0.27384634510543654,0.016751885292996295,-0.27444467019435537,0.048917828709226265,1743.8214922957052,1618.1557979894981,1671,58553,56882,-58,58553,0.029781932476486347,3.4058099595606341e-21,0.093462505359934264,3.2404725932226714,11.45273379133765,0,0,0,0,1,1,1
wsl2_cuda,gpu,48,2,1,0,0,1,11,0.075538987083082362,41,0.031044803899666462,0.04166666666666665,-0.63571048701123523,110592,0,0.016751885292995268,-0.27444467019431429,0.00077112773482444351,-0.011821705042363346,0.015980757558170824,-0.26262296515195094,0.016026424698396529,-0.26312607307137836,0.043085980519745881,1436.5030485082129,1335.9712223022764,1380,56882,55502,-54,56882,0.025254088261808885,9.014836810127797e-24,0.09189956593233066,3.9934635630661441,12.968916038349967,0,0,0,0,1,1,1
wsl2_cuda,gpu,48,2,1,0,0,1,12,0.075538987083082362,41,0.031044803899666462,0.04166666666666665,-0.63571048701123523,110592,0,0.01602642469839393,-0.26312607307136715,0.0006375697069379647,-0.0099485032632016541,0.015388854991455966,-0.25317756980816547,0.01550557804308488,-0.25281856081247267,0.037816178559297559,1188.1016131147987,1106.3347530707679,1229,55502,54273,-71,55502,0.021406464868199322,7.2756066402824336e-27,0.090668178532092483,4.8119632158741874,14.788554525606969,0,0,0,0,1,1,1
wsl2_cuda,gpu,48,2,1,0,0,1,13,0.075538987083082362,41,0.031044803899666462,0.04166666666666665,-0.63571048701123523,110592,0,0.015505578043080889,-0.25281856081254495,0.00053655292479807702,-0.0082062714053738276,0.014969025118282811,-0.24461228940717111,0.014877854515037904,-0.24464385941857408,0.032467170573708577,965.71705454814185,900.69221716115783,960,54273,53313,-53,54273,0.017793692159050391,2.3668731959281961e-29,0.090831003444048028,5.700041587516063,16.252044468920278,0,0,0,0,1,1,1
wsl2_cuda,gpu,48,2,1,0,0,1,14,0.075538987083082362,41,0.031044803899666462,0.04166666666666665,-0.63571048701123523,110592,0,0.01487785451503161,-0.24464385941869163,0.0004313359388914749,-0.0067288453253455558,0.014446518576140136,-0.23791501409334606,0.014425459472271397,-0.23784380528705315,0.027510136329195613,781.66205260017227,729.85008538653926,790,53313,52523,-41,53313,0.014661753279691112,4.3989336886489599e-32,0.090515071149042836,6.6355630633877105,17.858567756125034,0,0,0,0,1,1,1
wsl2_cuda,gpu,48,2,1,0,0,1,15,0.075538987083082362,41,0.031044803899666462,0.04166666666666665,-0.63571048701123523,110592,0,0.014425459472263615,-0.23784380528715682,0.00033550103851922057,-0.0053465539329181,0.014089958433744394,-0.23249725135423871,0.014167946976385118,-0.23258559208485324,0.022482117531732834,614.00113423579296,574.51896190028003,604,52523,51919,-43,52523,0.011690138305804941,4.0846029002014578e-35,0.091697879036600732,7.6229274853324043,19.642384521581874,0,0,0,0,1,1,1
wsl2_cuda,gpu,48,2,1,0,0,1,16,0.075538987083082362,41,0.031044803899666462,0.04166666666666665,-0.63571048701123523,110592,0,0.014167946976376052,-0.23258559208494839,0.00026119267220820749,-0.0040960631680859684,0.013906754304167844,-0.22848952891686242,0.013929767552762847,-0.22851925494393077,0.017614040716960679,465.90457255938401,437.24991625645242,463,51919,51456,-46,51919,0.0089736815531767569,1.0694637853060276e-37,0.088971541934386944,8.6461020607047612,21.16134422136453,0,0,0,0,1,1,1
wsl2_cuda,gpu,48,2,1,0,0,1,17,0.075538987083082362,41,0.031044803899666462,0.04166666666666665,-0.63571048701123523,110592,0,0.013929767552752503,-0.22851925494403064,0.00019362876087562661,-0.0030361442009470821,0.013736138791876877,-0.22548311074308355,0.013726443195841521,-0.22526679705063679,0.013288437296730345,342.66367980621811,322.71525653249239,367,51456,51089,-65,51456,0.0066593532300648732,1.1138379522777348e-40,0.089031698999322326,9.6933035087251298,22.915832583290875,0,0,0,0,1,1,1
wsl2_cuda,gpu,48,2,1,0,0,1,18,0.075538987083082362,41,0.031044803899666462,0.04166666666666665,-0.63571048701123523,110592,0,0.013726443195829899,-0.22526679705074384,0.00013574764943540286,-0.0021060297706055496,0.013590695546394495,-0.22316076728013828,0.013554558909213026,-0.22290548906638238,0.0093510458071625335,236.26551463159083,223.59060834924958,265,51089,50824,-68,51089,0.004624586792295618,1.0399846534421706e-43,0.087654622335051183,10.763335950739989,24.698235982048793,0,0,0,0,1,1,1
wsl2_cuda,gpu,48,2,1,0,0,1,19,0.075538987083082362,41,0.031044803899666462,0.04166666666666665,-0.63571048701123523,110592,0,0.013554558909200496,-0.22290548906649418,8.5061387682620304e-05,-0.0013324403578721898,0.013469497521517876,-0.22157304870862199,0.013474927254322958,-0.22157315296443347,0.0059786996770646514,148.82663070470318,141.8946476958109,149,50824,50675,-75,50824,0.0029282746478967257,2.2447474031781509e-46,0.083922868483478116,11.846003587347168,26.266539059410299,0,0,0,0,1,1,1
wsl2_cuda,gpu,48,2,1,0,0,1,20,0.075538987083082362,41,0.031044803899666462,0.04166666666666665,-0.63571048701123523,110592,0,0.013474927254310022,-0.22157315296454771,4.9040755467556898e-05,-0.00076985660290809039,0.013425886498842465,-0.22080329636163962,0.013405474262361907,-0.22056760383307694,0.003475110725112755,85.729116033347026,82.523940036758319,112,50675,50563,-77,50675,0.0016917437796417766,1.9323912492232549e-49,0.069764669222509623,12.931547367540702,28.069695822506127,0,0,0,0,1,1,1
wsl2_cuda,gpu,48,2,1,0,0,1,21,0.075538987083082362,41,0.031044803899666462,0.04166666666666665,-0.63571048701123523,110592,0,0.013405474262348699,-0.22056760383319307,2.6724124368975147e-05,-0.00041845983295214957,0.013378750137979723,-0.22014914400024091,0.013379549154305498,-0.22017206311943738,0.0018975498652899763,46.52478980365651,45.315923870364955,44,50563,50519,-81,50563,0.00092013507512719796,5.1535750143392977e-52,0.051787513809583491,14.020659278444954,29.5839507778118,0,0,0,0,1,1,1
wsl2_cuda,gpu,48,2,1,0,0,1,22,0.075538987083082362,41,0.031044803899666462,0.04166666666666665,-0.63571048701123523,110592,0,0.013379549154292217,-0.22017206311955392,1.6090939180783332e-05,-0.00025318169729498624,0.013363458215111434,-0.21991888142225893,0.013361845406445746,-0.21988402634785009,0.001150120522216497,28.1306393722496,27.634943581033721,32,50519,50487,-83,50519,0.00055683286233396546,9.4691193567235435e-55,0.043907819879852567,15.08884272272314,31.193398719116434,0,0,0,0,1,1,1
wsl2_cuda,gpu,48,2,1,0,0,1,23,0.075538987083082362,41,0.031044803899666462,0.04166666666666665,-0.63571048701123523,110592,0,0.013361845406432418,-0.21988402634796678,1.2312088446086387e-05,-0.00019365049691420143,0.013349533317986332,-0.21969037585105258,0.013350042907872558,-0.21969491277169856,0.00088084368836299505,21.51240755645982,21.209000453524606,21,50487,50466,-80,50487,0.00042609795702774618,1.045864031338193e-57,0.032603802927833457,16.140038798872613,32.932879930922127,0,0,0,0,1,1,1
wsl2_cuda,gpu,48,2,1,0,0,1,24,0.075538987083082362,41,0.031044803899666462,0.04166666666666665,-0.63571048701123523,110592,0,0.013350042907859207,-0.2196949127718153,1.3290856132386457e-05,-0.00020690775401621228,0.013336752051726821,-0.21948800501779908,0.013335879909584741,-0.21948786942013152,0.00094199365599483594,22.986028053720272,22.637908397314472,23,50466,50443,-85,50466,0.00045547552914279458,4.1592457471603051e-60,0.033399907338975125,17.167001551829618,34.345051084316864,0,0,0,0,1,1,1
wsl2_cuda,gpu,48,2,1,0,0,1,25,0.075538987083082362,41,0.031044803899666462,0.04166666666666665,-0.63571048701123523,110592,0,0.013335879909571365,-0.21948786942024834,1.828570227190553e-05,-0.00028219613829706994,0.013317594207299459,-0.21920567328195126,0.01331699591186767,-0.21916358630940014,0.0012860170041950514,31.35419707929637,30.716971876547298,36,50443,50407,-85,50443,0.00062157677139139964,6.059766712002432e-63,0.047843530736601442,18.167852275722151,36.013775103560739,0,0,0,0,1,1,1
wsl2_cuda,gpu,48,2,1,0,0,1,26,0.075538987083082362,41,0.031044803899666462,0.04166666666666665,-0.63571048701123523,110592,0,0.013316995911854226,-0.21916358630951707,2.6080333199908709e-05,-0.00040278380392595465,0.013290915578654318,-0.21876080250559113,0.013286329609979691,-0.2186868214263635,0.0018382662933772533,44.761070877602975,43.491930006011124,53,50407,50354,-78,50407,0.00088799315328432513,6.7633349235930365e-66,0.050385114313270377,19.132001480031011,37.750585851607525,0,0,0,0,1,1,1
wsl2_cuda,gpu,48,2,1,0,0,1,27,0.075538987083082362,41,0.031044803899666462,0.04166666666666665,-0.63571048701123523,110592,0,0.013286329609966186,-0.21868682142648052,3.3174924755822561e-05,-0.0005159258302614698,0.013253154685210364,-0.21817089559621905,0.01325096250306476,-0.2181380266874034,0.0023597059441320665,57.351368452568487,55.303760601544717,61,50354,50293,-65,50354,0.0011389635074188444,7.867033591605544e-68,0.059667352935188961,20.050889975175739,38.888547900473171,0,0,0,0,1,1,1
wsl2_cuda,gpu,48,2,1,0,0,1,28,0.075538987083082362,41,0.031044803899666462,0.04166666666666665,-0.63571048701123523,110592,0,0.013250962503051146,-0.21813802668752047,3.5720080577588984e-05,-0.00055921909205333361,0.013215242422473556,-0.21757880759546713,0.013216775646007147,-0.21766133783841837,0.0025640875546298031,62.191998473846091,59.821907311844768,53,50293,50240,-48,50293,0.0012365935313830173,1.8631143885523656e-71,0.066375268958762779,20.913739162945358,41.021441632222341,0,0,0,0,1,1,1
wsl2_cuda,gpu,48,2,1,0,0,1,29,0.075538987083082362,41,0.031044803899666462,0.04166666666666665,-0.63571048701123523,110592,0,0.013216775645993431,-0.2176613378385355,3.2685946549079232e-05,-0.00052121881989712399,0.013184089699444351,-0.21714011901863839,0.013187350177183385,-0.21720319497892776,0.0023949201999794085,57.999924181320075,56.006677865302919,51,50240,50189,-51,50240,0.001154457089596339,1.7719730902839963e-74,0.061115962326903854,21.708129194663083,42.799131235534809,0,0,0,0,1,1,1
wsl2_cuda,gpu,48,2,1,0,0,1,30,0.075538987083082362,41,0.031044803899666462,0.04166666666666665,-0.63571048701123523,110592,0,0.013187350177169571,-0.21720319497904503,2.9027939569987996e-05,-0.00047300195103890585,0.013158322237599582,-0.21673019302800611,0.01316382595764623,-0.21673577780107892,0.0021777796568329547,52.667958321353467,51.087319029416129,52,50189,50137,-45,50189,0.0010493924629172422,1.757488068586103e-76,0.063025260174453923,22.425812857791172,43.977811806749102,0,0,0,0,1,1,1
wsl2_cuda,gpu,48,2,1,0,0,1,31,0.075538987083082362,41,0.031044803899666462,0.04166666666666665,-0.63571048701123523,110592,0,0.013163825957632313,-0.21673577780119624,2.9119914089201952e-05,-0.00047807171906070599,0.013134706043543111,-0.21625770608213554,0.013152084042279947,-0.21624138992605521,0.0022058045530652104,53.251752628196833,51.656376025440686,55,50137,50082,-46,50137,0.0010621248305282892,1.2413156957840249e-76,0.062110220625088308,23.053626567417325,44.066649822804706,0,0,0,0,1,1,1
wsl2_cuda,gpu,48,2,1,0,0,1,32,0.075538987083082362,41,0.031044803899666462,0.04166666666666665,-0.63571048701123523,110592,0,0.013152084042265963,-0.21624138992617267,3.2734665659339561e-05,-0.00052757278910852421,0.013119349376606623,-0.21571381713706414,0.013121498518001181,-0.21572953377436974,0.002439921402531439,58.771812439031386,56.792076725444538,57,50082,50025,-45,50082,0.0011735116896096679,1.1457215073179702e-79,0.062610923245031355,23.582474193116759,45.851999445466454,0,0,0,0,1,1,1
wsl2_cuda,gpu,48,2,1,0,0,1,33,0.075538987083082362,41,0.031044803899666462,0.04166666666666665,-0.63571048701123523,110592,0,0.013121498517987079,-0.21572953377448736,3.6840742564471399e-05,-0.00058745240591708805,0.013084657775422608,-0.21514208136857027,0.013085011744435809,-0.2151011340824836,0.0027234085149714093,65.452113129008126,62.942607142731291,70,50025,49955,-51,50025,0.0013083880685458896,1.6736686004036884e-82,0.068588042133645402,24.000214036460772,47.520047471102238,0,0,0,0,1,1,1
wsl2_cuda,gpu,48,2,1,0,0,1,34,0.075538987083082362,41,0.031044803899666462,0.04166666666666665,-0.63571048701123523,110592,0,0.013085011744421587,-0.21510113408260145,3.90043623434959e-05,-0.00062451981679318151,0.013046007382078091,-0.21447661426580827,0.013035602805646848,-0.21436553855558468,0.002903663215434781,69.615072527255009,66.801921888878013,82,49955,49873,-47,49955,0.0013935556506306677,1.8208465297489818e-85,0.071097887521171979,24.298970954681465,49.263388913330289,0,0,0,0,1,1,1
wsl2_cuda,gpu,48,2,1,0,0,1,35,0.075538987083082362,41,0.031044803899666462,0.04166666666666665,-0.63571048701123523,110592,0,0.013035602805632448,-0.2143655385557027,3.789863197626131e-05,-0.00062202036634800102,0.012997704173656187,-0.21374351818935469,0.013005037475770382,-0.21366487693478772,0.002901701560909182,69.405079090839237,66.764179192691302,78,49873,49795,-57,49873,0.0013916363381155984,1.6519330504509719e-86,0.075823088764595592,24.457785068548507,49.876554150539036,0,0,0,0,1,1,1
wsl2_cuda,gpu,48,2,1,0,0,1,36,0.075538987083082362,41,0.031044803899666462,0.04166666666666665,-0.63571048701123523,110592,0,0.013005037475755833,-0.21366487693490541,3.7248700234125539e-05,-0.00061918835284072789,0.012967788775521707,-0.21304568858206469,0.01297347295459359,-0.21309225938311702,0.0028978170463054387,69.174371239816722,66.73070799000736,64,49795,49731,-45,49795,0.0013891830754054969,1.6995698610473471e-87,0.06849625186513511,24.446107865550221,50.457582493286999,0,0,0,0,1,1,1
wsl2_cuda,gpu,48,2,1,0,0,1,37,0.075538987083082362,41,0.031044803899666462,0.04166666666666665,-0.63571048701123523,110592,0,0.012973472954578867,-0.21309225938323434,3.8381188903764522e-05,-0.00063767510158831305,0.012935091765675102,-0.21245458428164601,0.012946549346300573,-0.21255566664119624,0.0029923579118589193,71.299195137019865,68.792715542024467,60,49731,49671,-39,49731,0.0014336971936421924,2.2110281542148182e-89,0.073963283505707106,24.238083450240179,51.566950539196597,0,0,0,0,1,1,1
wsl2_cuda,gpu,48,2,1,0,0,1,38,0.075538987083082362,41,0.031044803899666462,0.04166666666666665,-0.63571048701123523,110592,0,0.01294654934628567,-0.21255566664131326,4.0160283297609033e-05,-0.00066520966883915739,0.012906389062988062,-0.21189045697247411,0.012915005019526055,-0.21199332243944305,0.00312947670415753,74.397707892932019,71.622469444550205,63,49671,49608,-50,49671,0.0014978097459872363,7.2918325687364508e-90,0.072780061085033015,23.81853877593387,51.850364543549787,0,0,0,0,1,1,1
wsl2_cuda,gpu,48,2,1,0,0,1,39,0.075538987083082362,41,0.031044803899666462,0.04166666666666665,-0.63571048701123523,110592,0,0.012915005019510992,-0.21199332243955954,4.1775205266664579e-05,-0.00069110865961625383,0.012873229814244328,-0.21130221377994329,0.012851655220874577,-0.21115276386086007,0.0032599551825086477,77.31304526761329,74.259754990364058,94,49608,49514,-72,49608,0.0015584793837206355,5.9826842015826702e-90,0.075834403351864949,23.173640174031394,51.900922693360783,0,0,0,0,1,1,1
wsl2_cuda,gpu,48,2,1,0,0,1,40,0.075538987083082362,41,0.031044803899666462,0.04166666666666665,-0.63571048701123523,110592,0,0.01285165522085915,-0.21115276386097628,4.1964891425545759e-05,-0.0007088829904654592,0.012809690329433604,-0.21044388087051083,0.012817791128721891,-0.21044867800726966,0.0033568653223000613,79.361089271694695,76.187485001407126,79,49514,49435,-77,49514,0.001602801011263374,2.4696773811445077e-88,0.078388328081864939,22.299815673621559,50.950393770162776,0,0,0,0,1,1,1
wsl2_cuda,gpu,48,2,1,0,0,1,41,0.075538987083082362,41,0.031044803899666462,0.04166666666666665,-0.63571048701123523,110592,0,0.012817791128706239,-0.21044867800738548,4.3251313258838123e-05,-0.00073560562640997127,0.0127745398154474,-0.2097130723809755,0.01278628753628382,-0.20968252886424479,0.0034949681948097128,82.44781771726727,79.219735958753077,86,49435,49349,-57,49435,0.0016678025228535911,7.5170731505812086e-85,0.077493303527743806,21.176328938591219,48.901133316309185,0,0,0,0,1,1,1
wsl2_cuda,gpu,48,3,1,0,0,1,0,0.075538987083082362,41,0.031044803899666462,0.04166666666666665,-0.63571048701123523,110592,0,0.041666666666667712,-0.6357104870107374,0.0041504190709353711,-0.063323158293195736,0.037516247595732341,-0.57238732871754161,0.036708882727386587,-0.57255844818118418,0.099610057702455609,10740.600192126692,9690.3557669441871,10685,110592,99907,-109,110592,0.097119142362256702,0.070982009395745213,0.10000000000000001,0.0085135779917164239,0.087568230771977076,0,0,0,0,1,1,1
wsl2_cuda,gpu,48,3,1,0,0,1,1,0.075538987083082362,41,0.031044803899666462,0.04166666666666665,-0.63571048701123523,110592,0,0.036708882727389522,-0.57255844818101798,0.0034088430627778285,-0.053882689203842329,0.033300039664611696,-0.51867575897717566,0.032923639153736889,-0.51929230947850202,0.094103521301078519,8674.3431294152379,7873.6552290959926,8609,99907,91298,-28,99907,0.086824177779487297,0.016751031132163526,0.10000000000000001,0.053224504216413546,0.45648994374651014,0,0,0,0,1,1,1
wsl2_cuda,gpu,48,3,1,0,0,1,2,0.075538987083082362,41,0.031044803899666462,0.04166666666666665,-0.63571048701123523,110592,0,0.032923639153740462,-0.51929230947815352,0.0028027688022580844,-0.045121001431573139,0.030120870351482379,-0.47417130804658036,0.030820398870984228,-0.47352412739149302,0.086882361703252059,6953.876260195857,6351.0840742581531,7002,91298,84296,26,91298,0.076166797303290942,0.0013190722763014734,0.099977963865436892,0.13848929527354181,1.105830447159958,0,0,0,0,1,1,1
wsl2_cuda,gpu,48,3,1,0,0,1,3,0.075538987083082362,41,0.031044803899666462,0.04166666666666665,-0.63571048701123523,110592,0,0.030820398870987684,-0.47352412739121302,0.0024858124040350324,-0.038729030563030065,0.028334586466952652,-0.43479509682818296,0.027721975655290047,-0.43554192757301319,0.081784143186358488,5758.2384184819775,5277.8797201013231,5660,84296,78636,-44,84296,0.068309746826444639,3.9813035777230306e-05,0.098919366498218253,0.26620608955426206,2.0001770117392383,0,0,0,0,1,1,1
wsl2_cuda,gpu,48,3,1,0,0,1,4,0.075538987083082362,41,0.031044803899666462,0.04166666666666665,-0.63571048701123523,110592,0,0.027721975655293607,-0.43554192757283122,0.002163036103875614,-0.03377239073815648,0.025558939551417994,-0.40176953683467476,0.025477009012790919,-0.40167104300686263,0.077543035155728066,4863.6332663627572,4469.4870273760725,4871,78636,73765,-165,78636,0.061849957606729199,5.5508383156387554e-07,0.097026842869464253,0.45084113801265896,3.0918504003396183,0,0,0,0,1,1,1
wsl2_cuda,gpu,48,3,1,0,0,1,5,0.075538987083082362,41,0.031044803899666462,0.04166666666666665,-0.63571048701123523,110592,0,0.025477009012794399,-0.40167104300673906,0.0019570473122673222,-0.029953820388041168,0.023519961700527076,-0.37171722261869788,0.023684392272387021,-0.37213292868225606,0.074582002528167018,4185.7280538412033,3848.0822948620425,4126,73765,69639,-109,73765,0.056744093456804763,4.62115295177491e-09,0.097248449469116927,0.70220015205928654,4.315266732391529,0,0,0,0,1,1,1
wsl2_cuda,gpu,48,3,1,0,0,1,6,0.075538987083082362,41,0.031044803899666462,0.04166666666666665,-0.63571048701123523,110592,0,0.023684392272389124,-0.37213292868210457,0.0016995593365778025,-0.025734834504735817,0.02198483293581132,-0.34639809417736878,0.022028486126467687,-0.34642659804775428,0.06916545524568242,3496.2276997628596,3223.8526749611597,3489,69639,66150,-66,69639,0.050205024480002004,3.062987589791463e-11,0.095112608885120728,1.0424242197039206,5.5969221056046976,0,0,0,0,1,1,1
wsl2_cuda,gpu,48,3,1,0,0,1,7,0.075538987083082362,41,0.031044803899666462,0.04166666666666665,-0.63571048701123523,110592,0,0.02202848612647082,-0.34642659804766757,0.0014740663410181393,-0.022164235376330138,0.020554419785452679,-0.32426236267133746,0.02016924374291704,-0.32393827953627863,0.063991427307948212,2933.2857159243727,2710.5927015277844,2985,66150,63165,-15,66150,0.044342943551388854,1.1276857102190939e-13,0.094959660802265949,1.4668206092396232,7.02879898123195,0,0,0,0,1,1,1
wsl2_cuda,gpu,48,3,1,0,0,1,8,0.075538987083082362,41,0.031044803899666462,0.04166666666666665,-0.63571048701123523,110592,0,0.020169243742919271,-0.32393827953617504,0.0012664095676246125,-0.01902073761013312,0.018902834175294658,-0.30491754192604192,0.019102248935704599,-0.30449933949771085,0.058732890230422649,2456.9686464751312,2275.0823189062371,2505,63165,60660,48,63165,0.038897627586086142,6.4735494611235783e-16,0.093408566574054747,1.977265218120225,8.3471875848022137,0,0,0,0,1,1,1
wsl2_cuda,gpu,48,3,1,0,0,1,9,0.075538987083082362,41,0.031044803899666462,0.04166666666666665,-0.63571048701123523,110592,0,0.019102248935706972,-0.30449933949761188,0.0011042182386669719,-0.016421873588175796,0.01799803069704,-0.28807746590943606,0.018212942163062316,-0.28877466667460794,0.053945926203004341,2074.7354621527361,1923.0640554851088,1990,60660,58670,30,60660,0.034202694727212928,1.4614802281211309e-18,0.093283571030696982,2.5704354189463721,9.9040131336455115,0,0,0,0,1,1,1
wsl2_cuda,gpu,48,3,1,0,0,1,10,0.075538987083082362,41,0.031044803899666462,0.04166666666666665,-0.63571048701123523,110592,0,0.018212942163064794,-0.2887746666745043,0.0009348037778597252,-0.014182652803954709,0.017278138385205068,-0.2745920138705496,0.017335647147410937,-0.27481823365470798,0.049121985265772342,1755.2835930943716,1628.3357563236189,1719,58670,56951,95,58670,0.02991790681940296,3.464064037107264e-21,0.093526553298419135,3.2411595745856432,11.448400728172359,0,0,0,0,1,1,1
wsl2_cuda,gpu,48,3,1,0,0,1,11,0.075538987083082362,41,0.031044803899666462,0.04166666666666665,-0.63571048701123523,110592,0,0.017335647147413161,-0.27481823365466579,0.00077611993047331615,-0.011893860500112746,0.016559527216939846,-0.26292437315455303,0.016392444821095323,-0.26309162982517459,0.043284917918045868,1444.7538083828647,1343.0931735003946,1425,56951,55526,98,56951,0.025368365935327996,7.7064209229403767e-24,0.093595636859177767,3.9981925968772742,13.008981730939032,0,0,0,0,1,1,1
wsl2_cuda,gpu,48,3,1,0,0,1,12,0.075538987083082362,41,0.031044803899666462,0.04166666666666665,-0.63571048701123523,110592,0,0.016392444821095878,-0.2630916298251626,0.00065499151330388557,-0.0099704595156398616,0.015737453307791992,-0.25312117030952275,0.015743006526790219,-0.25322764514535101,0.037905253823094412,1190.7188609593397,1108.3909698166742,1179,55526,54347,129,55526,0.021444347890345779,1.0659217502827526e-26,0.091541245578324548,4.8229331544979352,14.690982745181397,0,0,0,0,1,1,1
wsl2_cuda,gpu,48,3,1,0,0,1,13,0.075538987083082362,41,0.031044803899666462,0.04166666666666665,-0.63571048701123523,110592,0,0.015743006526789186,-0.25322764514541973,0.00055530229850730408,-0.0082358622067307836,0.015187704228281881,-0.24499178293868895,0.015052355463952154,-0.24458478114268198,0.032534136508613566,968.90367267918509,903.38296589296294,1014,54347,53333,97,54347,0.017828098564395184,1.4187185009699228e-29,0.092529134837584653,5.70982126667516,16.382809225369719,0,0,0,0,1,1,1
wsl2_cuda,gpu,48,3,1,0,0,1,14,0.075538987083082362,41,0.031044803899666462,0.04166666666666665,-0.63571048701123523,110592,0,0.015052355463948203,-0.24458478114280152,0.00045417507718605331,-0.0067081177202301372,0.014598180386762149,-0.23787666342257138,0.014635079564506381,-0.23786769620631307,0.027436916994236851,779.09856402901119,727.2733072657295,779,53333,52554,106,53333,0.014608189376727565,2.5761147165040879e-32,0.092303908761437153,6.654639538038178,17.995276293087926,0,0,0,0,1,1,1
wsl2_cuda,gpu,48,3,1,0,0,1,15,0.075538987083082362,41,0.031044803899666462,0.04166666666666665,-0.63571048701123523,110592,0,0.014635079564500291,-0.23786769620641868,0.0003573943380667227,-0.0053295196955722365,0.014277685226433568,-0.23253817651084643,0.014362979259232224,-0.23251648122850604,0.022412993942592722,612.10721507314406,572.6989995204143,614,52554,51940,90,52554,0.011647205066657991,1.3889388590156875e-35,0.091867739683574159,7.6435247324153082,19.917979615907637,0,0,0,0,1,1,1
wsl2_cuda,gpu,48,3,1,0,0,1,16,0.075538987083082362,41,0.031044803899666462,0.04166666666666665,-0.63571048701123523,110592,0,0.014362979259224693,-0.23251648122860247,0.00027417637407793616,-0.0040845045745523164,0.014088802885146757,-0.22843197665405016,0.014061155553000099,-0.22864530259027357,0.017572304116487719,464.66305801394873,436.0563091018679,441,51940,51499,77,51940,0.0089461505200991286,9.4099409151175624e-39,0.088883269110571511,8.6712360792407388,21.782332730193019,0,0,0,0,1,1,1
wsl2_cuda,gpu,48,3,1,0,0,1,17,0.075538987083082362,41,0.031044803899666462,0.04166666666666665,-0.63571048701123523,110592,0,0.014061155552990668,-0.22864530259037288,0.00019731346711147121,-0.0030298166732238233,0.013863842085879197,-0.22561548591714906,0.013901895182158371,-0.22549965903812377,0.013254109112186383,341.97568356869272,322.10986415264841,355,51499,51144,78,51499,0.006640433475770262,7.332715574487078e-41,0.089900979115142915,9.7181876642317651,23.022641166665824,0,0,0,0,1,1,1
wsl2_cuda,gpu,48,3,1,0,0,1,18,0.075538987083082362,41,0.031044803899666462,0.04166666666666665,-0.63571048701123523,110592,0,0.013901895182147931,-0.22549965903822955,0.00013669759551550024,-0.0021158212711149889,0.013765197586632432,-0.22338383776711457,0.013751114723209296,-0.2232439408632266,0.0093845182025529914,237.33894020198235,224.56919794603121,253,51144,50891,77,51144,0.0046406018340759882,8.2141609522359184e-44,0.090451868694164508,10.789575082827211,24.758514542802526,0,0,0,0,1,1,1
wsl2_cuda,gpu,48,3,1,0,0,1,19,0.075538987083082362,41,0.031044803899666462,0.04166666666666665,-0.63571048701123523,110592,0,0.013751114723197903,-0.22324394086333726,8.6738585262982536e-05,-0.0013664718400185579,0.013664376137934919,-0.2218774690233187,0.013645356361771711,-0.2219195745656129,0.0061216865932536358,152.59450189128657,145.35404853378307,148,50891,50743,93,50891,0.0029984575247349547,7.3064599508723661e-47,0.080115940365534932,11.873100406730181,26.553308023882447,0,0,0,0,1,1,1
wsl2_cuda,gpu,48,3,1,0,0,1,20,0.075538987083082362,41,0.031044803899666462,0.04166666666666665,-0.63571048701123523,110592,0,0.013645356361759875,-0.22191957456572498,5.0331033536308587e-05,-0.0008029659246380791,0.013595025328223567,-0.2211166086410869,0.013597087284035473,-0.22112014446470496,0.0036185389844426859,89.401085264949344,85.974884094811728,89,50743,50654,100,50743,0.0017618407517283044,1.9510016070668778e-49,0.068561650052666512,12.961577922062745,28.067247019928796,0,0,0,0,1,1,1
wsl2_cuda,gpu,48,3,1,0,0,1,21,0.075538987083082362,41,0.031044803899666462,0.04166666666666665,-0.63571048701123523,110592,0,0.013597087284023467,-0.22112014446481837,2.8124627346142628e-05,-0.0004473157435101257,0.013568962656677324,-0.22067282872130825,0.0135723424258364,-0.22069755437261684,0.0020231246911955902,49.726320323595075,48.387716920634119,47,50654,50607,99,50654,0.0009816859541910822,4.6062849837038437e-52,0.056338764361425632,14.049161878910434,29.612634587493382,0,0,0,0,1,1,1
wsl2_cuda,gpu,48,3,1,0,0,1,22,0.075538987083082362,41,0.031044803899666462,0.04166666666666665,-0.63571048701123523,110592,0,0.013572342425824313,-0.22069755437273109,1.642809564971801e-05,-0.00026338996970326863,0.013555914330174595,-0.22043416440302782,0.013561740371522839,-0.22044522111292428,0.0011935070081694364,29.261855376652186,28.740303046236381,28,50607,50579,109,50607,0.00057821754651831141,1.1127892322950185e-55,0.03766266744802943,15.12406104766297,31.740449246218429,0,0,0,0,1,1,1
wsl2_cuda,gpu,48,3,1,0,0,1,23,0.075538987083082362,41,0.031044803899666462,0.04166666666666665,-0.63571048701123523,110592,0,0.013561740371510722,-0.22044522111303877,1.2408855713689486e-05,-0.00019682440295969316,0.013549331515797033,-0.22024839671007906,0.01355465887237893,-0.22033717831445562,0.00089293296727230753,21.86403118565357,21.56049664239621,12,50579,50567,113,50579,0.00043227488059577237,9.3798240587421744e-58,0.029204254020866238,16.179160848066189,32.960694678835985,0,0,0,0,1,1,1
wsl2_cuda,gpu,48,3,1,0,0,1,24,0.075538987083082362,41,0.031044803899666462,0.04166666666666665,-0.63571048701123523,110592,0,0.013554658872366803,-0.2203371783145702,1.3265642461767328e-05,-0.00021217672421155272,0.013541393229905035,-0.22012500159035864,0.013541676123948425,-0.22005787435758822,0.00096302303373368492,23.568535733019498,23.218560004280903,31,50567,50536,118,50567,0.00046608530727588148,2.4011048108252068e-60,0.031821438389785135,17.206532975786626,34.485419529246116,0,0,0,0,1,1,1
wsl2_cuda,gpu,48,3,1,0,0,1,25,0.075538987083082362,41,0.031044803899666462,0.04166666666666665,-0.63571048701123523,110592,0,0.013541676123936265,-0.22005787435770321,1.8268578318028183e-05,-0.00029207025638730745,0.013523407545618236,-0.21976580410131591,0.013521632070776331,-0.21976999097771518,0.0013273252404189882,32.445870592071422,31.79242112852323,32,50536,50504,118,50536,0.00064203479879831058,8.4585245667351831e-63,0.038938807974772005,18.212349042868784,35.928567687903268,0,0,0,0,1,1,1
wsl2_cuda,gpu,48,3,1,0,0,1,26,0.075538987083082362,41,0.031044803899666462,0.04166666666666665,-0.63571048701123523,110592,0,0.013521632070764103,-0.21976999097783073,2.6154712214925288e-05,-0.00041884208049765514,0.013495477358549179,-0.21935114889733306,0.013495706962719933,-0.21936540801870516,0.0019059275181337319,46.536425334040892,45.221845739574377,45,50504,50459,111,50504,0.00092144038757407119,8.129572781549853e-66,0.049135001941388458,19.178087532929194,37.703577324647853,0,0,0,0,1,1,1
wsl2_cuda,gpu,48,3,1,0,0,1,27,0.075538987083082362,41,0.031044803899666462,0.04166666666666665,-0.63571048701123523,110592,0,0.013495706962707622,-0.21936540801882159,3.3532636844702478e-05,-0.00053971214900461824,0.013462174325862919,-0.21882569586981698,0.013460319661402702,-0.21881630517270551,0.00246042573099867,59.980840487464732,57.835244615956853,61,50459,50398,112,50459,0.0011887045024171056,1.0275335054463891e-67,0.064021591950067278,20.096740521427698,38.820314891165246,0,0,0,0,1,1,1
wsl2_cuda,gpu,48,3,1,0,0,1,28,0.075538987083082362,41,0.031044803899666462,0.04166666666666665,-0.63571048701123523,110592,0,0.013460319661390299,-0.21881630517282269,3.6020027728021455e-05,-0.00057756304902582421,0.013424299633662278,-0.21823874212379687,0.013437915108515969,-0.2183210690106149,0.0026396258700203145,64.215742960482373,61.785724939911105,55,50398,50343,109,50398,0.001274172446535227,3.0653019397813578e-70,0.062055562817474597,20.960705726674078,40.305941377510329,0,0,0,0,1,1,1
wsl2_cuda,gpu,48,3,1,0,0,1,29,0.075538987083082362,41,0.031044803899666462,0.04166666666666665,-0.63571048701123523,110592,0,0.013437915108503493,-0.21832106901073225,3.3045970292380689e-05,-0.00053496957289358754,0.013404869138211113,-0.21778609943783866,0.013394306447002107,-0.21757450391483496,0.0024504130968580231,59.513892971381594,57.486106741777746,83,50343,50260,114,50343,0.0011821681856739089,4.5740037140471605e-73,0.066487988933835937,21.755826876499423,41.968557793745049,0,0,0,0,1,1,1
wsl2_cuda,gpu,48,3,1,0,0,1,30,0.075538987083082362,41,0.031044803899666462,0.04166666666666665,-0.63571048701123523,110592,0,0.013394306446989508,-0.21757450391495248,2.9085842537668492e-05,-0.00047473279298103469,0.01336522060445184,-0.21709977112197143,0.013364840589373747,-0.21707973057510918,0.0021818927371244578,52.847950594512859,51.279832024560243,55,50260,50205,117,50260,0.0010514912573520267,4.0319785988562282e-75,0.055840068336049091,22.487350857675434,43.177366877561589,0,0,0,0,1,1,1
wsl2_cuda,gpu,48,3,1,0,0,1,31,0.075538987083082362,41,0.031044803899666462,0.04166666666666665,-0.63571048701123523,110592,0,0.013364840589361054,-0.21707973057522681,2.8988352581965307e-05,-0.00047896151772584833,0.013335852236779088,-0.21660076905750095,0.013334214676290385,-0.21666656819309368,0.0022062440922083742,53.33585170255585,51.740083367130829,46,50205,50159,123,50205,0.001062361352505843,1.1380312970685827e-77,0.054974626666381379,23.117401783925278,44.677136650432416,0,0,0,0,1,1,1
wsl2_cuda,gpu,48,3,1,0,0,1,32,0.075538987083082362,41,0.031044803899666462,0.04166666666666665,-0.63571048701123523,110592,0,0.013334214676277586,-0.21666656819321134,3.2287484361596104e-05,-0.00053689689489263919,0.01330192719191599,-0.2161296712983187,0.013311870706610532,-0.21619034084286226,0.0024777732867214452,59.785693668214179,57.732402132882193,53,50159,50106,124,50159,0.0011919235564547574,1.4133127750007878e-80,0.061368309181405456,23.642342541184568,46.386662963569712,0,0,0,0,1,1,1
wsl2_cuda,gpu,48,3,1,0,0,1,33,0.075538987083082362,41,0.031044803899666462,0.04166666666666665,-0.63571048701123523,110592,0,0.013311870706597661,-0.21619034084298008,3.6678361721997153e-05,-0.00060212719333947902,0.013275192344875663,-0.21558821364964059,0.013270703322420504,-0.21562523422134677,0.0027850587984537892,67.059804973355583,64.448876621721794,63,50106,50043,131,50106,0.001338358778855937,1.0619354509135115e-82,0.072595895319137169,24.05581643432259,47.636277062511311,0,0,0,0,1,1,1
wsl2_cuda,gpu,48,3,1,0,0,1,34,0.075538987083082362,41,0.031044803899666462,0.04166666666666665,-0.63571048701123523,110592,0,0.013270703322407472,-0.21562523422146468,3.8774254741971771e-05,-0.00064394352588895837,0.0132319290676655,-0.21498129069557573,0.013244838797571001,-0.21502311033128285,0.0029861577140845026,71.75089073537859,68.819289958885605,67,50043,49976,130,50043,0.0014337847598141315,5.9389918305201215e-85,0.068491505274258999,24.346460905021718,48.961336767698043,0,0,0,0,1,1,1
wsl2_cuda,gpu,48,3,1,0,0,1,35,0.075538987083082362,41,0.031044803899666462,0.04166666666666665,-0.63571048701123523,110592,0,0.013244838797557858,-0.2150231103314009,3.9266101342075519e-05,-0.00064775712727319524,0.013205572696215783,-0.21437535320412771,0.013216613773006872,-0.21439432385108356,0.0030123191069417162,72.251212817175201,69.450846271858097,70,49976,49906,130,49976,0.0014457182010800223,2.2803164872591581e-86,0.072470738790320607,24.49279910434808,49.794191728319987,0,0,0,0,1,1,1
wsl2_cuda,gpu,48,3,1,0,0,1,36,0.075538987083082362,41,0.031044803899666462,0.04166666666666665,-0.63571048701123523,110592,0,0.013216613772993614,-0.2143943238512018,3.8217862396868819e-05,-0.00063615757505462213,0.013178395910596745,-0.21375816627614719,0.013183849153102289,-0.21373198401285812,0.0029669452947155271,71.046442636680851,68.529481297518132,74,49906,49832,126,49906,0.0014236052305670831,1.2371405053250752e-87,0.06696332814618125,24.474016477324287,50.538719685929053,0,0,0,0,1,1,1
wsl2_cuda,gpu,48,3,1,0,0,1,37,0.075538987083082362,41,0.031044803899666462,0.04166666666666665,-0.63571048701123523,110592,0,0.013183849153088864,-0.21373198401297658,3.9620447277905363e-05,-0.00064989707971147774,0.013144228705810959,-0.21308208693326511,0.013138061741494482,-0.21304275478330634,0.0030405759579098897,72.644514365850412,70.081810328132335,77,49832,49755,111,49832,0.0014577884565309522,6.2205560122677899e-89,0.067775590791468249,24.269473750719026,51.302669342381655,0,0,0,0,1,1,1
wsl2_cuda,gpu,48,3,1,0,0,1,38,0.075538987083082362,41,0.031044803899666462,0.04166666666666665,-0.63571048701123523,110592,0,0.013138061741480824,-0.21304275478342508,4.2289825574999708e-05,-0.00067615797236640705,0.013095771915905824,-0.21236659681105866,0.013115859132630733,-0.21228180248126,0.0031739842396994599,75.610064040423595,72.764341332011767,85,49755,49670,116,49755,0.0015196475538222006,1.6287915721302284e-90,0.073953112631792273,23.857790817275784,52.233325503945778,0,0,0,0,1,1,1
wsl2_cuda,gpu,48,3,1,0,0,1,39,0.075538987083082362,41,0.031044803899666462,0.04166666666666665,-0.63571048701123523,110592,0,0.013115859132616911,-0.21228180248137843,4.528451629365954e-05,-0.00069580530928458207,0.013070574616323251,-0.21158599717209384,0.013075932581504914,-0.21161992941358596,0.0032784087142665578,77.836666490377695,74.729166670142476,74,49670,49596,102,49670,0.0015670760316162209,1.884564354028453e-89,0.078751955930043915,23.223227412082831,51.607768161234006,0,0,0,0,1,1,1
wsl2_cuda,gpu,48,3,1,0,0,1,40,0.075538987083082362,41,0.031044803899666462,0.04166666666666665,-0.63571048701123523,110592,0,0.013075932581490894,-0.21161992941370383,4.7253920617524071e-05,-0.00071855410234643487,0.01302867866087337,-0.21090137531135739,0.013000921299564479,-0.21075516650577572,0.0033963238861080113,80.439652572088875,77.166626735531878,97,49596,49499,129,49596,0.0016218979871781771,1.4938131444332089e-87,0.080027444732204439,22.341150347033171,50.49055197653049,0,0,0,0,1,1,1
wsl2_cuda,gpu,48,3,1,0,0,1,41,0.075538987083082362,41,0.031044803899666462,0.04166666666666665,-0.63571048701123523,110592,0,0.01300092129955009,-0.21075516650589288,4.7094657550417558e-05,-0.00072676389213376124,0.012953826641999672,-0.2100284026137591,0.012948495283535925,-0.20996295517130364,0.0034490396851726236,81.461118226857124,78.275899410586774,89,49499,49410,124,49499,0.0016457124028133321,3.9875814202024492e-84,0.079138111968442837,21.227743509035701,48.474821365950639,0,0,0,0,1,1,1
wsl2_cuda,gpu,48,4,1,0,0,1,0,0.075538987083082362,41,0.031044803899666462,0.04166666666666665,-0.63571048701123523,110592,0,0.041666666666667712,-0.6357104870107374,0.0041504190709353711,-0.063323158293195736,0.037516247595732341,-0.57238732871754161,0.037404981842712355,-0.57251758768531613,0.099610057702455609,10740.600192126692,9690.3557669441871,10695,110592,99897,-67,110592,0.097119142362256702,0.070982009395745213,0.10000000000000001,0.0085135779917164239,0.087568230771977076,0,0,0,0,1,1,1
wsl2_cuda,gpu,48,4,1,0,0,1,1,0.075538987083082362,41,0.031044803899666462,0.04166666666666665,-0.63571048701123523,110592,0,0.037404981842712348,-0.57251758768515415,0.0035326986672116843,-0.05388495920928741,0.033872283175500666,-0.51863262847586677,0.032996094247449592,-0.5191327789216561,0.094120690706635882,8675.7363433893515,7874.7719731870475,8592,99897,91305,-13,99897,0.086846815654017154,0.01675103113216353,0.10000000000000001,0.053126906443497116,0.45648994374651009,0,0,0,0,1,1,1
wsl2_cuda,gpu,48,4,1,0,0,1,2,0.075538987083082362,41,0.031044803899666462,0.04166666666666665,-0.63571048701123523,110592,0,0.03299609424745089,-0.51913277892130028,0.0028900544607106901,-0.045101052415754621,0.030106039786740198,-0.47403172650554565,0.028970835346049703,-0.47380299660186964,0.08688053901499003,6955.7181285399001,6352.6416571914579,6988,91305,84317,-35,91305,0.076181130590218499,0.0013120559524593168,0.099986777736492727,0.13844825326872581,1.1071930700924955,0,0,0,0,1,1,1
wsl2_cuda,gpu,48,4,1,0,0,1,3,0.075538987083082362,41,0.031044803899666462,0.04166666666666665,-0.63571048701123523,110592,0,0.028970835346051167,-0.47380299660159175,0.0024014087105893442,-0.038750281097525499,0.026569426635461822,-0.43505271550406627,0.027037518646101211,-0.4348770082029712,0.081789755176468568,5764.801748460116,5283.6782431746105,5802,84317,78515,-43,84317,0.068370574717555366,4.467453100043267e-05,0.098768413050138518,0.26575469994249151,1.9707420068068455,0,0,0,0,1,1,1
wsl2_cuda,gpu,48,4,1,0,0,1,4,0.075538987083082362,41,0.031044803899666462,0.04166666666666665,-0.63571048701123523,110592,0,0.027037518646102481,-0.43487700820278624,0.0021347592312585708,-0.033662681606370329,0.024902759414843909,-0.40121432659641593,0.025701823356769481,-0.40105845283300939,0.077413322092715176,4852.4312956282083,4459.6267958610315,4876,78515,73639,-67,78515,0.061802601994882612,8.8547702721957468e-07,0.097013093383598092,0.45052578985970182,2.9725338235247687,0,0,0,0,1,1,1
wsl2_cuda,gpu,48,4,1,0,0,1,5,0.075538987083082362,41,0.031044803899666462,0.04166666666666665,-0.63571048701123523,110592,0,0.025701823356770133,-0.40105845283288177,0.0020000523934325695,-0.029792996109133944,0.023701770963337563,-0.37126545672374783,0.023774427677238433,-0.3713266901160967,0.074300364507714031,4165.0330691772315,3830.2089609024961,4153,73639,69486,-64,73639,0.056560152489539939,9.467677031710578e-09,0.097506876039019946,0.7016919570175556,4.1320179218301973,0,0,0,0,1,1,1
wsl2_cuda,gpu,48,4,1,0,0,1,6,0.075538987083082362,41,0.031044803899666462,0.04166666666666665,-0.63571048701123523,110592,0,0.023774427677238731,-0.37132669011594605,0.0017116464376423449,-0.025561535812780665,0.022062781239596388,-0.3457651543031654,0.022057155526600501,-0.3456997899854416,0.068851289662539381,3473.1659961897603,3203.722790119657,3480,69486,66006,-36,69486,0.049983680110954151,5.2764644628436712e-11,0.095931601837137948,1.0415974969865149,5.4579689041061146,0,0,0,0,1,1,1
wsl2_cuda,gpu,48,4,1,0,0,1,7,0.075538987083082362,41,0.031044803899666462,0.04166666666666665,-0.63571048701123523,110592,0,0.022057155526600473,-0.34569978998535644,0.0014635168760015259,-0.021996308323013202,0.020593638650598947,-0.32370348166234325,0.020635998105368897,-0.32428695058194706,0.063639392571835346,2910.9611463968286,2691.0202613351858,2837,66006,63169,-51,66006,0.044101462691222441,2.1967695283552825e-13,0.094909082129550779,1.4652547391867252,6.8584318022731185,0,0,0,0,1,1,1
wsl2_cuda,gpu,48,4,1,0,0,1,8,0.075538987083082362,41,0.031044803899666462,0.04166666666666665,-0.63571048701123523,110592,0,0.020635998105369528,-0.32428695058184526,0.0012244082352828125,-0.01899634061140824,0.019411589870086714,-0.305290609970437,0.019775288959481871,-0.30564899963731879,0.058581844789799643,2454.1187352753605,2272.8711883795668,2417,63169,60752,-176,63169,0.038850048841605228,5.6725773029175881e-16,0.092962923410981113,1.9698511894256665,8.3809332032147648,0,0,0,0,1,1,1
wsl2_cuda,gpu,48,4,1,0,0,1,9,0.075538987083082362,41,0.031044803899666462,0.04166666666666665,-0.63571048701123523,110592,0,0.019775288959484404,-0.30564899963722797,0.0010756600179374352,-0.01649079441082275,0.018699628941546968,-0.28915820522640523,0.01935523804931736,-0.28928707314239427,0.053955210159808698,2082.7432859179266,1930.5903378675027,2064,60752,58688,-130,60752,0.034282711448477853,9.315924928489866e-19,0.094237095471590537,2.5564832370804518,10.0190635618979,0,0,0,0,1,1,1
wsl2_cuda,gpu,48,4,1,0,0,1,10,0.075538987083082362,41,0.031044803899666462,0.04166666666666665,-0.63571048701123523,110592,0,0.019355238049321134,-0.28928707314228636,0.00096844359000527146,-0.014181935034342896,0.018386794459315861,-0.27510513810794346,0.018361356636878004,-0.27493595014076638,0.049028250382509936,1754.8337060851559,1628.0921836160396,1778,58688,56910,-110,58688,0.029901065057339762,1.5032507885252007e-21,0.092960012703727737,3.2280890085795213,11.66168852651448,0,0,0,0,1,1,1
wsl2_cuda,gpu,48,4,1,0,0,1,11,0.075538987083082362,41,0.031044803899666462,0.04166666666666665,-0.63571048701123523,110592,0,0.018361356636881813,-0.27493595014072347,0.00080938291780958071,-0.011871276564451274,0.017551973719072234,-0.26306467357627222,0.017504635142954778,-0.26313543057856487,0.043182342159630398,1441.5479986034927,1340.2938235559682,1431,56910,55479,-97,56910,0.025330310992857014,1.0174351734188707e-23,0.094051457840347907,3.986753461563104,12.938001967825072,0,0,0,0,1,1,1
wsl2_cuda,gpu,48,4,1,0,0,1,12,0.075538987083082362,41,0.031044803899666462,0.04166666666666665,-0.63571048701123523,110592,0,0.017504635142957088,-0.26313543057855104,0.00067845733401130097,-0.0099667127583208722,0.016826177808945787,-0.25316871782023015,0.016934170284555197,-0.25298243066868559,0.037880627669464706,1190.2653286943525,1108.152988044033,1211,55479,54268,-60,55479,0.021454339997014231,5.992345290700508e-27,0.092296806207606899,4.8102851443022008,14.838131270278669,0,0,0,0,1,1,1
wsl2_cuda,gpu,48,4,1,0,0,1,13,0.075538987083082362,41,0.031044803899666462,0.04166666666666665,-0.63571048701123523,110592,0,0.016934170284555773,-0.25298243066875659,0.0005588085953943465,-0.0082220896911180154,0.016375361689161427,-0.24476034097763857,0.016476812941029741,-0.24467295216819268,0.032502857717969347,967.72665212139384,902.59147303715304,975,54268,53293,-79,54268,0.017832362573181135,8.9310137400976639e-30,0.090839074933866323,5.6980430572845107,16.501053201514537,0,0,0,0,1,1,1
wsl2_cuda,gpu,48,4,1,0,0,1,14,0.075538987083082362,41,0.031044803899666462,0.04166666666666665,-0.63571048701123523,110592,0,0.016476812941029408,-0.2446729521683127,0.00045966743938098334,-0.0067229086680930051,0.016017145501648424,-0.2379500435002197,0.016080777282377827,-0.23794711992922504,0.027479021768963198,781.07397202699519,729.37972596435736,779,53293,52514,-114,53293,0.014656220742442633,1.2860137268640858e-32,0.091217753894507758,6.6357357466709974,18.172775436119139,0,0,0,0,1,1,1
wsl2_cuda,gpu,48,4,1,0,0,1,15,0.075538987083082362,41,0.031044803899666462,0.04166666666666665,-0.63571048701123523,110592,0,0.016080777282376287,-0.23794711992933107,0.00036863903373184889,-0.0053234146891212699,0.015712138248644439,-0.23262370524020981,0.015711573435411498,-0.23269625755557968,0.022374768796839355,611.50609695119101,572.28078646236384,604,52514,51910,-98,52514,0.011644629945370587,3.3200798353381545e-35,0.089440467168733037,7.6224421306080634,19.695331550804291,0,0,0,0,1,1,1
wsl2_cuda,gpu,48,4,1,0,0,1,16,0.075538987083082362,41,0.031044803899666462,0.04166666666666665,-0.63571048701123523,110592,0,0.015711573435408764,-0.23269625755567622,0.00028095591720448185,-0.004073221158252917,0.015430617518204282,-0.22862303639742329,0.015428833580092699,-0.22852540006689454,0.017506168785426449,463.39335704514832,434.93067643354436,476,51910,51434,-62,51910,0.0089268610488373781,3.4263898047790328e-38,0.088909851601125259,8.6467095268395102,21.452154069990097,0,0,0,0,1,1,1
wsl2_cuda,gpu,48,4,1,0,0,1,17,0.075538987083082362,41,0.031044803899666462,0.04166666666666665,-0.63571048701123523,110592,0,0.015428833580088782,-0.22852540006699368,0.0002057279840105909,-0.0030045295106190324,0.015223105596078191,-0.22552087055637465,0.015216805949749935,-0.22517542967565371,0.013148310568281861,339.13165259372857,319.46374666561235,378,51434,51056,-70,51434,0.0065935305944264215,1.076198309773063e-40,0.088137971553026162,9.6982971404112224,22.924615605953047,0,0,0,0,1,1,1
wsl2_cuda,gpu,48,4,1,0,0,1,18,0.075538987083082362,41,0.031044803899666462,0.04166666666666665,-0.63571048701123523,110592,0,0.015216805949745071,-0.2251754296757601,0.00014049469735179083,-0.0020796462872045844,0.01507631125239328,-0.22309578338855551,0.015019358326647286,-0.22279128209485644,0.0092356586871525925,233.30865661979527,220.84195751267472,268,51056,50788,-56,51056,0.0045696618736249467,6.1013204282471593e-44,0.088461204671288707,10.772856080208424,24.834486169263634,0,0,0,0,1,1,1
wsl2_cuda,gpu,48,4,1,0,0,1,19,0.075538987083082362,41,0.031044803899666462,0.04166666666666665,-0.63571048701123523,110592,0,0.015019358326641433,-0.22279128209496757,8.962787952133967e-05,-0.0013346922998360823,0.014929730447120093,-0.2214565897951315,0.01494522541512531,-0.22157364089087137,0.0059906690181717155,149.08268186102518,142.05768467432463,136,50788,50652,-62,50788,0.0029353918614835233,1.0134063314390575e-46,0.077886940783321423,11.857998107285278,26.469725531610447,0,0,0,0,1,1,1
wsl2_cuda,gpu,48,4,1,0,0,1,20,0.075538987083082362,41,0.031044803899666462,0.04166666666666665,-0.63571048701123523,110592,0,0.014945225415119126,-0.22157364089098452,5.3223307375680127e-05,-0.00078592286631580521,0.014892002107743446,-0.22078771802466873,0.01488405402103596,-0.22082899784680524,0.0035470696442770045,87.532175189755165,84.19217018339917,83,50652,50569,-55,50652,0.0017281089629186442,1.7383157013311438e-49,0.071190446062507018,12.941186521466078,28.096737481020504,0,0,0,0,1,1,1
wsl2_cuda,gpu,48,4,1,0,0,1,21,0.075538987083082362,41,0.031044803899666462,0.04166666666666665,-0.63571048701123523,110592,0,0.014884054021029576,-0.22082899784691956,2.9019136841999108e-05,-0.00043409234032465373,0.014855034884187577,-0.22039490550659491,0.014853407913550299,-0.22037031613089825,0.0019656671267642644,48.270149008614489,46.995856668904281,51,50569,50518,-56,50569,0.00095454031142823642,4.414764530604884e-52,0.05517856475827089,14.023728833515086,29.623484604250834,0,0,0,0,1,1,1
wsl2_cuda,gpu,48,4,1,0,0,1,22,0.075538987083082362,41,0.031044803899666462,0.04166666666666665,-0.63571048701123523,110592,0,0.014853407913543832,-0.22037031613101346,1.6968309215532693e-05,-0.0002541654015350469,0.014836439604328299,-0.2201161507294784,0.014833363860378224,-0.22003737623949859,0.0011533062714038748,28.246010683500508,27.752445200947079,37,50518,50481,-59,50518,0.00055912765120354148,7.9699173890492602e-55,0.035617766692483607,15.096768679606669,31.237435750355612,0,0,0,0,1,1,1
wsl2_cuda,gpu,48,4,1,0,0,1,23,0.075538987083082362,41,0.031044803899666462,0.04166666666666665,-0.63571048701123523,110592,0,0.014833363860371698,-0.22003737623961447,1.2939177399469115e-05,-0.00019188171580052533,0.01482042468297223,-0.21984549452381394,0.014820381111947724,-0.21988450900249118,0.00087204264440987188,21.321486528272988,21.027024266235475,17,50481,50464,-60,50481,0.00042236656421768562,2.236026941434807e-57,0.030472830995451596,16.152430250368198,32.738742597361686,0,0,0,0,1,1,1
wsl2_cuda,gpu,48,4,1,0,0,1,24,0.075538987083082362,41,0.031044803899666462,0.04166666666666665,-0.63571048701123523,110592,0,0.014820381111941176,-0.21988450900260739,1.4084054531086311e-05,-0.00021066853053947665,0.01480629705741009,-0.21967384047206792,0.01480503786380262,-0.21968658525395715,0.00095805204534160236,23.407788461096736,23.054645364329239,22,50464,50442,-60,50464,0.00046385122980930439,3.586862370480932e-60,0.035152225034822134,17.180763575153776,34.382878165265815,0,0,0,0,1,1,1
wsl2_cuda,gpu,48,4,1,0,0,1,25,0.075538987083082362,41,0.031044803899666462,0.04166666666666665,-0.63571048701123523,110592,0,0.014805037863796028,-0.21968658525407372,1.9461772078783125e-05,-0.00029406700783757793,0.014785576091717245,-0.21939251824623615,0.014787334115942852,-0.21937126703093357,0.0013384664900112271,32.675648412848361,32.000183195990232,35,50442,50407,-51,50442,0.00064778653528504743,6.0682221845722712e-63,0.043238677566961918,18.183315658048354,36.013418852458187,0,0,0,0,1,1,1
wsl2_cuda,gpu,48,4,1,0,0,1,26,0.075538987083082362,41,0.031044803899666462,0.04166666666666665,-0.63571048701123523,110592,0,0.014787334115936229,-0.2193712670310505,2.7607864443390823e-05,-0.00041980267427307183,0.014759726251492838,-0.21895146435677743,0.014761368619081863,-0.218939250552384,0.0019134518918804586,46.65416014897977,45.304865696957954,48,50407,50359,-49,50407,0.0009255492322292493,3.8629575149106082e-66,0.049695934513285189,19.149204612237575,37.89368249905958,0,0,0,0,1,1,1
wsl2_cuda,gpu,48,4,1,0,0,1,27,0.075538987083082362,41,0.031044803899666462,0.04166666666666665,-0.63571048701123523,110592,0,0.014761368619075196,-0.21893925055250163,3.4591974595646327e-05,-0.00052947537697896482,0.01472677664447955,-0.21840977517552265,0.014723661206854614,-0.21847214412879679,0.0024180274458744382,58.859099240503959,56.74661643981441,52,50359,50307,-35,50359,0.0011687900720924553,3.5887459713399801e-68,0.058689978758833833,20.069373793659892,39.089077895511636,0,0,0,0,1,1,1
wsl2_cuda,gpu,48,4,1,0,0,1,28,0.075538987083082362,41,0.031044803899666462,0.04166666666666665,-0.63571048701123523,110592,0,0.014723661206847856,-0.21847214412891441,3.7012106796241451e-05,-0.00056652569795643192,0.014686649100051614,-0.21790561843095799,0.014694195349226271,-0.21801384920120301,0.002592766812911664,63.00683963489633,60.639001290908645,51,50307,50256,-30,50307,0.0012524467695329941,4.3522196284166454e-70,0.064372740316789731,20.931977254551803,40.216381289372414,0,0,0,0,1,1,1
wsl2_cuda,gpu,48,4,1,0,0,1,29,0.075538987083082362,41,0.031044803899666462,0.04166666666666665,-0.63571048701123523,110592,0,0.014694195349219431,-0.21801384920132078,3.4273019611591609e-05,-0.00052617324680121489,0.01465992232960784,-0.21748767595451957,0.01465418802049129,-0.217502301156557,0.0024131188185675251,58.554507791734352,56.574045420488801,57,50256,50199,-39,50256,0.0011651247172822022,1.002478627239128e-72,0.059940074049821983,21.728245716295508,41.768080555089696,0,0,0,0,1,1,1
wsl2_cuda,gpu,48,4,1,0,0,1,30,0.075538987083082362,41,0.031044803899666462,0.04166666666666665,-0.63571048701123523,110592,0,0.014654188020484306,-0.21750230115667496,3.0952879630378998e-05,-0.0004806238836600103,0.014623235140853926,-0.21702167727301494,0.014624722162862947,-0.217034499837617,0.0022093009200545499,53.516380095293705,51.902933520382319,52,50199,50147,-41,50199,0.001066084585256553,1.5977282032116801e-75,0.057409259126510875,22.450713161857191,43.41386916496981,0,0,0,0,1,1,1
wsl2_cuda,gpu,48,4,1,0,0,1,31,0.075538987083082362,41,0.031044803899666462,0.04166666666666665,-0.63571048701123523,110592,0,0.014624722162855895,-0.21703449983773515,3.0959133685950879e-05,-0.00048257468097137238,0.014593763029169943,-0.21655192515676377,0.014595276499636918,-0.21657589415576164,0.0022230111582690298,53.752108370455836,52.134788498731751,51,50147,50096,-42,50147,0.0010718908084323257,1.6787955297450415e-77,0.056541991858303324,23.080851039799676,44.577807357370567,0,0,0,0,1,1,1
wsl2_cuda,gpu,48,4,1,0,0,1,32,0.075538987083082362,41,0.031044803899666462,0.04166666666666665,-0.63571048701123523,110592,0,0.014595276499629774,-0.21657589415587991,3.447121510557024e-05,-0.0005321899959624376,0.014560805284524204,-0.21604370415991747,0.014575272835269439,-0.21598258308530222,0.0024568593134072169,59.283942242990591,57.278696199307078,66,50096,50030,-48,50096,0.0011834067039881546,4.9784404090979723e-80,0.062575727361275285,23.609558006261789,46.064952671174069,0,0,0,0,1,1,1
wsl2_cuda,gpu,48,4,1,0,0,1,33,0.075538987083082362,41,0.031044803899666462,0.04166666666666665,-0.63571048701123523,110592,0,0.014575272835262203,-0.2159825830854207,3.9136264909871999e-05,-0.00059568727316737882,0.014536136570352331,-0.21538689581225332,0.014530544507105185,-0.21538138616357885,0.0027577032657290653,66.368766942119223,63.807443606936779,67,50030,49963,-51,50030,0.0013265793912076598,8.1259656697110424e-83,0.067685776830585229,24.031355542894381,47.704650172614294,0,0,0,0,1,1,1
wsl2_cuda,gpu,48,4,1,0,0,1,34,0.075538987083082362,41,0.031044803899666462,0.04166666666666665,-0.63571048701123523,110592,0,0.014530544507097789,-0.21538138616369751,4.1828923407182641e-05,-0.00063586064939689122,0.014488715583690605,-0.21474552551430062,0.014483475873628585,-0.21474448308273875,0.0029519211114991699,70.881291140410212,68.002204118174078,71,49963,49892,-60,49963,0.0014186756427838642,4.4761916064341751e-84,0.068146961548301854,24.326237416689718,48.445289647622161,0,0,0,0,1,1,1
wsl2_cuda,gpu,48,4,1,0,0,1,35,0.075538987083082362,41,0.031044803899666462,0.04166666666666665,-0.63571048701123523,110592,0,0.014483475873621025,-0.2147444830828576,4.1691290400327752e-05,-0.00063888689583295748,0.014441784583220698,-0.21410559618702463,0.014437708310891252,-0.21419884282365026,0.0029746654683039542,71.289791167289181,68.536439585194671,61,49892,49831,-65,49892,0.0014288822089170445,8.6593084183061333e-87,0.068991152052571211,24.475190415804015,50.041575413969881,0,0,0,0,1,1,1
wsl2_cuda,gpu,48,4,1,0,0,1,36,0.075538987083082362,41,0.031044803899666462,0.04166666666666665,-0.63571048701123523,110592,0,0.014437708310883491,-0.2141988428237693,4.1639501688070013e-05,-0.00063746420397541069,0.01439606880919542,-0.21356137861979388,0.014404762286897854,-0.21358952797767494,0.002975623536440881,71.219841694700733,68.677931363662367,68,49831,49763,-75,49831,0.0014292276232606355,1.3002881769622986e-88,0.068409180727135241,24.448665990253041,51.114292206135666,0,0,0,0,1,1,1
wsl2_cuda,gpu,48,4,1,0,0,1,37,0.075538987083082362,41,0.031044803899666462,0.04166666666666665,-0.63571048701123523,110592,0,0.014404762286889991,-0.21358952797779424,4.3523811006896104e-05,-0.00065092068298484417,0.014361238475883095,-0.2129386072948094,0.014362515624861983,-0.21300780004295353,0.0030474129667864571,72.796632731028694,70.234063038908999,65,49763,49698,-70,49763,0.0014628666425060527,6.317547436704866e-90,0.069817922514871761,24.235694750474931,51.887008162818688,0,0,0,0,1,1,1
wsl2_cuda,gpu,48,4,1,0,0,1,38,0.075538987083082362,41,0.031044803899666462,0.04166666666666665,-0.63571048701123523,110592,0,0.014362515624853965,-0.21300780004307288,4.6565977298380581e-05,-0.00068321508812046203,0.014315949647555583,-0.21232458495495241,0.014322548684931564,-0.21234453983179571,0.0032076222671950892,76.436548447825899,73.560279304331445,74,49698,49624,-56,49698,0.0015380206134618275,3.2524060087891204e-90,0.072607008065840209,23.812881954279714,52.05663841122751,0,0,0,0,1,1,1
wsl2_cuda,gpu,48,4,1,0,0,1,39,0.075538987083082362,41,0.031044803899666462,0.04166666666666665,-0.63571048701123523,110592,0,0.014322548684923418,-0.21234453983191498,4.8276097152502125e-05,-0.00070271042464658368,0.014274272587770915,-0.21164182940726839,0.014260459568214734,-0.21170267065935403,0.0033095714002167489,78.644063317593179,75.519891127272686,72,49624,49552,-62,49624,0.0015847989544896255,2.0843790262299269e-89,0.074607409595299379,23.168304296329964,51.582021148688071,0,0,0,0,1,1,1
wsl2_cuda,gpu,48,4,1,0,0,1,40,0.075538987083082362,41,0.031044803899666462,0.04166666666666665,-0.63571048701123523,110592,0,0.014260459568206296,-0.21170267065947274,4.8828604269995804e-05,-0.00072287618618811767,0.0142116309639363,-0.21097979447328463,0.014196009606251432,-0.21101543027293837,0.0034146250622409668,80.944452817056032,77.669026586500777,77,49552,49475,-71,49552,0.0016335254443222481,3.5916162386357822e-88,0.077976475097215558,22.282486987056867,50.854708294967892,0,0,0,0,1,1,1
wsl2_cuda,gpu,48,4,1,0,0,1,41,0.075538987083082362,41,0.031044803899666462,0.04166666666666665,-0.63571048701123523,110592,0,0.014196009606242725,-0.2110154302730565,4.9931671799131712e-05,-0.00073572250605748071,0.014146077934443594,-0.21027970776699903,0.014129219684507605,-0.21026659469124975,0.003486719967446011,82.490802290999966,79.27523768786331,84,49475,49391,-57,49475,0.0016673229366548756,2.4814267873309138e-84,0.078240441305041569,21.158933417237336,48.596014226686478,0,0,0,0,1,1,1
wsl2_cuda,gpu,48,5,1,0,0,1,0,0.075538987083082362,41,0.031044803899666462,0.04166666666666665,-0.63571048701123523,110592,0,0.041666666666667712,-0.6357104870107374,0.0041504190709353711,-0.063323158293195736,0.037516247595732341,-0.57238732871754161,0.037291738109338196,-0.57272789685965553,0.099610057702455609,10740.600192126692,9690.3557669441871,10688,110592,99904,80,110592,0.097119142362256702,0.070982009395745213,0.10000000000000001,0.0085135779917164239,0.087568230771977076,0,0,0,0,1,1,1
wsl2_cuda,gpu,48,5,1,0,0,1,1,0.075538987083082362,41,0.031044803899666462,0.04166666666666665,-0.63571048701123523,110592,0,0.037291738109339223,-0.57272789685949832,0.0035073138870463654,-0.053914429884243019,0.033784424222292858,-0.51881346697525532,0.03437579693175026,-0.51796083452826136,0.094135842567039996,8675.3218302318492,7874.3887235976326,8755,99904,91149,163,99904,0.086836581420482159,0.01675103113216353,0.10000000000000001,0.053192331972830298,0.45648994374651009,0,0,0,0,1,1,1
wsl2_cuda,gpu,48,5,1,0,0,1,2,0.075538987083082362,41,0.031044803899666462,0.04166666666666665,-0.63571048701123523,110592,0,0.034375796931751447,-0.51796083452788966,0.0029686469422081307,-0.044953272310472435,0.031407149989543318,-0.47300756221741724,0.030551331747712709,-0.47281597924231433,0.086787053972938857,6934.3084871411202,6333.7857538308172,6943,91149,84206,18,91149,0.076076627139531103,0.0013434227867513361,0.099986777736492727,0.13887069917353026,1.1011569883417518,0,0,0,0,1,1,1
wsl2_cuda,gpu,48,5,1,0,0,1,3,0.075538987083082362,41,0.031044803899666462,0.04166666666666665,-0.63571048701123523,110592,0,0.030551331747714038,-0.47281597924203606,0.0024945110233304804,-0.038603267885525587,0.028056820724383556,-0.43421271135651046,0.028235877425988723,-0.433948551117466,0.081645456609985123,5744.7403100302608,5266.0521454154386,5785,84206,78421,31,84206,0.068222458138734302,4.0931045668246926e-05,0.098678389205868189,0.26652191997645797,1.9931013061099343,0,0,0,0,1,1,1
wsl2_cuda,gpu,48,5,1,0,0,1,4,0.075538987083082362,41,0.031044803899666462,0.04166666666666665,-0.63571048701123523,110592,0,0.028235877425988529,-0.43394855111728231,0.0021994458452196898,-0.033586235398812718,0.026036431580768838,-0.40036231571846959,0.025961748080289983,-0.40066835432313275,0.077398916359657136,4843.0845764036785,4451.1446679101355,4821,78421,73600,42,78421,0.061757495777963536,7.6014735001143384e-07,0.09756671132366812,0.45126715459993866,3.0115255128100382,0,0,0,0,1,1,1
wsl2_cuda,gpu,48,5,1,0,0,1,5,0.075538987083082362,41,0.031044803899666462,0.04166666666666665,-0.63571048701123523,110592,0,0.02596174808028924,-0.40066835432300185,0.0019367701961804844,-0.029769330146652312,0.024024977884108754,-0.37089902417634957,0.024491868503244876,-0.37091621422818449,0.074300441475562889,4163.9088633914589,3829.2526440065694,4165,73600,69435,109,73600,0.056574848687383952,8.517366875709875e-09,0.097128222462540603,0.70177961389915522,4.1590429146168244,0,0,0,0,1,1,1
wsl2_cuda,gpu,48,5,1,0,0,1,6,0.075538987083082362,41,0.031044803899666462,0.04166666666666665,-0.63571048701123523,110592,0,0.024491868503244474,-0.3709162142280365,0.0016864858646796243,-0.025557947398808865,0.022805382638564849,-0.34535826682922766,0.022234566184826714,-0.34455102049214303,0.068904708173127091,3473.2560849830629,3203.6880070180537,3590,69435,65845,87,69435,0.050021690573674123,5.6127922710774051e-11,0.096120371970223079,1.0412676411043538,5.4421815355039662,0,0,0,0,1,1,1
wsl2_cuda,gpu,48,5,1,0,0,1,7,0.075538987083082362,41,0.031044803899666462,0.04166666666666665,-0.63571048701123523,110592,0,0.02223456618482636,-0.34455102049205305,0.0014234616639773037,-0.021899534345573804,0.020811104520849055,-0.32265148614647926,0.020584991837949467,-0.32279897151537501,0.063561537102229823,2898.0945744325354,2679.4806610099613,2867,65845,62978,124,65845,0.044013889808376269,1.5725829561622195e-13,0.095919518114231828,1.4666588957421145,6.9438346610615973,0,0,0,0,1,1,1
wsl2_cuda,gpu,48,5,1,0,0,1,8,0.075538987083082362,41,0.031044803899666462,0.04166666666666665,-0.63571048701123523,110592,0,0.020584991837948693,-0.32279897151527165,0.0011974301575234953,-0.018875323392286102,0.0193875616804252,-0.30392364812298556,0.019305296634410586,-0.30402041008285052,0.058472695952695636,2439.5760810144561,2259.6672408018248,2415,62978,60563,27,62978,0.038736957048722667,5.2204088671338196e-16,0.093227619347530211,1.9724233754621614,8.402156359453345,0,0,0,0,1,1,1
wsl2_cuda,gpu,48,5,1,0,0,1,9,0.075538987083082362,41,0.031044803899666462,0.04166666666666665,-0.63571048701123523,110592,0,0.019305296634410232,-0.30402041008274205,0.0010365990587330903,-0.016377848828337972,0.018268697575677142,-0.28764256125440407,0.018224554087456456,-0.28722496109943785,0.053870179790774096,2071.1197991401882,1919.849292410004,2122,60563,58441,-21,60563,0.034197774204385321,1.6171302533797705e-18,0.093038407493477152,2.5597721361629544,9.8781565014582,0,0,0,0,1,1,1
wsl2_cuda,gpu,48,5,1,0,0,1,10,0.075538987083082362,41,0.031044803899666462,0.04166666666666665,-0.63571048701123523,110592,0,0.018224554087456407,-0.28722496109933454,0.0008895417564247413,-0.014062968055072646,0.017335012331031664,-0.27316199304426192,0.017238361621343554,-0.27270354047147105,0.048960903619172852,1741.9321296996548,1615.9991369256159,1795,58441,56646,12,58441,0.029806679038682685,4.7580535295961693e-21,0.093087237690285207,3.2350339741280933,11.367308588544079,0,0,0,0,1,1,1
wsl2_cuda,gpu,48,5,1,0,0,1,11,0.075538987083082362,41,0.031044803899666462,0.04166666666666665,-0.63571048701123523,110592,0,0.017238361621342152,-0.27270354047143658,0.00073603802664954472,-0.011758377124760938,0.016502323594692607,-0.26094516334667561,0.016400754960944168,-0.26060517089383595,0.043116129423088435,1429.2940750166786,1328.6958547739848,1473,56646,55173,-45,56646,0.025232038890948674,9.2697912897679795e-24,0.093011397083562278,3.9966677071796202,12.961790597874813,0,0,0,0,1,1,1
wsl2_cuda,gpu,48,5,1,0,0,1,12,0.075538987083082362,41,0.031044803899666462,0.04166666666666665,-0.63571048701123523,110592,0,0.016400754960941358,-0.26060517089383667,0.00060146506904403289,-0.009803228842466304,0.015799289891897324,-0.25080194205137035,0.015929332027403976,-0.25109981447137592,0.03761344464609491,1171.4987031071591,1090.7273368337494,1135,55173,54038,-62,55173,0.021233188391190604,2.0612396875372435e-26,0.092135424124343945,4.8261772247076609,14.522494126959245,0,0,0,0,1,1,1
wsl2_cuda,gpu,48,5,1,0,0,1,13,0.075538987083082362,41,0.031044803899666462,0.04166666666666665,-0.63571048701123523,110592,0,0.015929332027400503,-0.25109981447148216,0.00050273102426921681,-0.0081326748619921368,0.015426601003131287,-0.24296713960949001,0.015391592433799112,-0.2432186132038883,0.032384895945601531,957.53913427659734,892.89179888997273,927,54038,53111,-17,54038,0.017719736745930591,1.9120909032175955e-29,0.091045109377058453,5.7085498684775464,16.306559378966593,0,0,0,0,1,1,1
wsl2_cuda,gpu,48,5,1,0,0,1,14,0.075538987083082362,41,0.031044803899666462,0.04166666666666665,-0.63571048701123523,110592,0,0.015391592433793977,-0.24321861320400504,0.00040949213996010597,-0.0067033520836068472,0.014982100293833872,-0.2365152611203982,0.014858442899717968,-0.23607934310341841,0.027557202351939366,778.96645904406012,726.9626576755935,829,53111,52282,-12,53111,0.014666763176066354,5.1317806677697911e-32,0.091170882252858465,6.6413161414197441,17.819198878570717,0,0,0,0,1,1,1
wsl2_cuda,gpu,48,5,1,0,0,1,15,0.075538987083082362,41,0.031044803899666462,0.04166666666666665,-0.63571048701123523,110592,0,0.014858442899710878,-0.23607934310352077,0.00031860005664983071,-0.0052874171845313745,0.014539842843061047,-0.23079192591898939,0.01457837032647641,-0.23092413686001681,0.022393014542701657,607.58781362218372,568.36033096294761,592,52282,51690,-18,52282,0.011621357515439037,5.690345783119947e-35,0.090181372060715401,7.6346119352601933,19.557677091234346,0,0,0,0,1,1,1
wsl2_cuda,gpu,48,5,1,0,0,1,16,0.075538987083082362,41,0.031044803899666462,0.04166666666666665,-0.63571048701123523,110592,0,0.01457837032646817,-0.23092413686011179,0.00024404662972408138,-0.0040375664042981811,0.014334323696744089,-0.22688657045581362,0.014267346924753413,-0.22690996405667443,0.017481430861084495,459.50487042956638,431.22949755393381,458,51690,51232,-26,51690,0.0088896279827735802,6.5362780067089002e-39,0.089698536040795987,8.6567649312431403,21.875433650704565,0,0,0,0,1,1,1
wsl2_cuda,gpu,48,5,1,0,0,1,17,0.075538987083082362,41,0.031044803899666462,0.04166666666666665,-0.63571048701123523,110592,0,0.014267346924743733,-0.2269099640567741,0.00017776359332777252,-0.0029700176320482108,0.01408958333141596,-0.22393994642472589,0.01411744639303354,-0.22379600018494011,0.013086490737417085,335.30535861255112,315.84725122394764,351,51232,50881,-49,51232,0.0065448422589895203,7.2459713017309104e-42,0.089430626186800172,9.7035917881903124,23.613973326627306,0,0,0,0,1,1,1
wsl2_cuda,gpu,48,5,1,0,0,1,18,0.075538987083082362,41,0.031044803899666462,0.04166666666666665,-0.63571048701123523,110592,0,0.014117446393023132,-0.22379600018504694,0.00012400000202370055,-0.002050834670873762,0.013993446390999432,-0.22174516551417317,0.013946983652494397,-0.2217414191561467,0.009162349845566695,230.11940669427733,217.83169576643922,231,50881,50650,-38,50881,0.004522698191746965,5.9276639905780441e-45,0.087276223206261008,10.768900509618716,25.430155231225068,0,0,0,0,1,1,1
wsl2_cuda,gpu,48,5,1,0,0,1,19,0.075538987083082362,41,0.031044803899666462,0.04166666666666665,-0.63571048701123523,110592,0,0.013946983652483043,-0.22174141915625709,7.7736251378253299e-05,-0.0013122319742022478,0.013869247401104789,-0.22042918718205484,0.01390125647856163,-0.22074613942652171,0.0059164916893273646,146.5532987271792,139.64858659910331,111,50650,50539,-49,50650,0.0028934511101121265,4.4846568477694985e-47,0.082950627188221035,11.840042868848265,26.678012805521753,0,0,0,0,1,1,1
wsl2_cuda,gpu,48,5,1,0,0,1,20,0.075538987083082362,41,0.031044803899666462,0.04166666666666665,-0.63571048701123523,110592,0,0.013901256478550046,-0.22074613942663407,4.6222326844376344e-05,-0.00076624884105059383,0.013855034151705669,-0.21997989058558348,0.013854127261878115,-0.21986540647494307,0.0034705994121019819,85.317089171279363,82.06358071901866,98,50539,50441,-45,50539,0.0016881435954664589,9.3356736425464345e-50,0.068235300818715108,12.910067190026465,28.255566243113918,0,0,0,0,1,1,1
wsl2_cuda,gpu,48,5,1,0,0,1,21,0.075538987083082362,41,0.031044803899666462,0.04166666666666665,-0.63571048701123523,110592,0,0.013854127261866373,-0.21986540647505692,2.5887893880354963e-05,-0.00042113280917563601,0.013828239367986018,-0.21944427366588129,0.013818760154963184,-0.21941607643505706,0.0019152267584202313,46.816423152750708,45.561461456936883,50,50441,50391,-41,50441,0.00092814224842391519,2.9893933985350687e-52,0.051067063446371033,13.98949219718053,29.723096792211546,0,0,0,0,1,1,1
wsl2_cuda,gpu,48,5,1,0,0,1,22,0.075538987083082362,41,0.031044803899666462,0.04166666666666665,-0.63571048701123523,110592,0,0.013818760154951339,-0.21941607643517164,1.5235748799017303e-05,-0.00024841377501656292,0.013803524406152323,-0.21916766266015508,0.013808137906247315,-0.21920880101050211,0.0011320414834012291,27.597864400306207,27.105873934005672,23,50391,50368,-42,50391,0.000547674473622397,1.3394776109758189e-54,0.035902763403316676,15.053313368665428,31.104786766150674,0,0,0,0,1,1,1
wsl2_cuda,gpu,48,5,1,0,0,1,23,0.075538987083082362,41,0.031044803899666462,0.04166666666666665,-0.63571048701123523,110592,0,0.013808137906235455,-0.2192088010106171,1.15859707093808e-05,-0.0001888792588134908,0.013796551935526074,-0.2190199217518036,0.013791614408244859,-0.2189386166566677,0.00086155164503413408,20.979923698280938,20.681142780439689,30,50368,50338,-46,50368,0.00041653279261199449,1.0387251205276454e-57,0.030612406688731459,16.093200402538351,32.93462985913493,0,0,0,0,1,1,1
wsl2_cuda,gpu,48,5,1,0,0,1,24,0.075538987083082362,41,0.031044803899666462,0.04166666666666665,-0.63571048701123523,110592,0,0.01379161440823296,-0.2189386166567833,1.2380475850045533e-05,-0.00020174277560423414,0.013779233932382914,-0.21873687388117907,0.013783352659243631,-0.21877639774363938,0.00092136418715742555,22.408697174720015,22.0670771262762,18,50338,50320,-46,50338,0.00044516463059160108,1.2429169736295665e-60,0.032490697040296515,17.111647720609206,34.653652727235013,0,0,0,0,1,1,1
wsl2_cuda,gpu,48,5,1,0,0,1,25,0.075538987083082362,41,0.031044803899666462,0.04166666666666665,-0.63571048701123523,110592,0,0.01378335265923172,-0.21877639774375526,1.7205066693160894e-05,-0.00027810165613485278,0.013766147592538559,-0.21849829608762042,0.013776271160099735,-0.21851479148919958,0.001271077847408444,30.894338180306775,30.258324327886857,29,50320,50291,-49,50320,0.00061395743601563542,6.881949659504879e-63,0.040363115138499162,18.09677933257009,35.981268698875709,0,0,0,0,1,1,1
wsl2_cuda,gpu,48,5,1,0,0,1,26,0.075538987083082362,41,0.031044803899666462,0.04166666666666665,-0.63571048701123523,110592,0,0.013776271160087799,-0.21851479148931574,2.5379955812970369e-05,-0.00040169508850870648,0.013750891204274827,-0.21811309640080703,0.013750305663238739,-0.21810085950139074,0.0018383128409676119,44.636736104012527,43.339417096437884,46,50291,50245,-53,50291,0.0008875690700923133,1.1273668192420231e-64,0.053347566536577656,19.046211871402821,37.031749621643797,0,0,0,0,1,1,1
wsl2_cuda,gpu,48,5,1,0,0,1,27,0.075538987083082362,41,0.031044803899666462,0.04166666666666665,-0.63571048701123523,110592,0,0.013750305663226731,-0.21810085950150709,3.2486231255516635e-05,-0.00051478679609146222,0.013717819431971215,-0.21758607270541563,0.013709057501439517,-0.21753436573639195,0.0023603242779324548,57.222052242210523,55.134008671244771,63,50245,50182,-48,50245,0.0011388606277681465,7.0922560599850254e-68,0.05918705666535809,19.952394119073766,38.915036675560252,0,0,0,0,1,1,1
wsl2_cuda,gpu,48,5,1,0,0,1,28,0.075538987083082362,41,0.031044803899666462,0.04166666666666665,-0.63571048701123523,110592,0,0.013709057501427386,-0.21753436573650844,3.4313765319923464e-05,-0.00055116831054120223,0.013674743736107463,-0.21698319742596725,0.01367613167184841,-0.21696856421952376,0.002533585367864708,61.294211152971513,58.935812098359506,63,50182,50119,-43,50182,0.0012214381880549104,1.4101049009966431e-69,0.062773074160611717,20.806794664138334,39.916034464013933,0,0,0,0,1,1,1
wsl2_cuda,gpu,48,5,1,0,0,1,29,0.075538987083082362,41,0.031044803899666462,0.04166666666666665,-0.63571048701123523,110592,0,0.013676131671836147,-0.21696856421964036,3.118520947668797e-05,-0.00050770263297634523,0.01364494646235946,-0.21646086158666403,0.013650206563792011,-0.21654605148509828,0.002339746127457458,56.495888190753668,54.55857892496978,47,50119,50072,-48,50119,0.0011272349446468139,3.1077566723704019e-72,0.06156264525701121,21.596889900279518,41.479010537160541,0,0,0,0,1,1,1
wsl2_cuda,gpu,48,5,1,0,0,1,30,0.075538987083082362,41,0.031044803899666462,0.04166666666666665,-0.63571048701123523,110592,0,0.013650206563779679,-0.21654605148521505,2.7770590747281303e-05,-0.00045921237528206152,0.013622435973032398,-0.21608683910993298,0.01362088206697974,-0.21614354791770216,0.0021202811768065177,51.133041441636692,49.61008819392282,45,50072,50027,-39,50072,0.0010211903147794514,8.8315576228938358e-75,0.056401261697003838,22.304371472873285,42.97704231280278,0,0,0,0,1,1,1
wsl2_cuda,gpu,48,5,1,0,0,1,31,0.075538987083082362,41,0.031044803899666462,0.04166666666666665,-0.63571048701123523,110592,0,0.013620882066967266,-0.21614354791781895,2.8399204466575531e-05,-0.00046757863981617103,0.01359248286250069,-0.21567596927800278,0.013584375099012086,-0.21570410841025336,0.0021629685380599104,52.081353634950702,50.516838138698631,49,50027,49978,-46,50027,0.0010410648976542807,6.0551064307948431e-77,0.060548425822901375,22.921509456933791,44.250055927439618,0,0,0,0,1,1,1
wsl2_cuda,gpu,48,5,1,0,0,1,32,0.075538987083082362,41,0.031044803899666462,0.04166666666666665,-0.63571048701123523,110592,0,0.013584375098999478,-0.21570410841037035,3.1518932784895757e-05,-0.00051766412801016772,0.013552856166214582,-0.2151864442823602,0.013560790296268027,-0.21514658218018434,0.0023995660691811275,57.662113216376234,55.707579830347555,62,49978,49916,-56,49978,0.0011537499142898122,4.3758537331211005e-79,0.057836985094522314,23.440110818627339,45.509623227681232,0,0,0,0,1,1,1
wsl2_cuda,gpu,48,5,1,0,0,1,33,0.075538987083082362,41,0.031044803899666462,0.04166666666666665,-0.63571048701123523,110592,0,0.013560790296255365,-0.21514658218030161,3.5294082170931664e-05,-0.00057486288388884708,0.013525496214084434,-0.21457171929641275,0.01353844632658819,-0.21465319863116386,0.0026716849354127639,64.043801846281767,61.583618800659323,55,49916,49861,-55,49916,0.0012830315298958603,4.1578244847328554e-81,0.06717871599048468,23.851902569348535,46.699264796060824,0,0,0,0,1,1,1
wsl2_cuda,gpu,48,5,1,0,0,1,34,0.075538987083082362,41,0.031044803899666462,0.04166666666666665,-0.63571048701123523,110592,0,0.013538446326575427,-0.21465319863128127,3.7569752619302165e-05,-0.00061996448360308746,0.013500876573956126,-0.21403323414767819,0.013494918442683523,-0.21389070711753061,0.0028877660973693178,69.098925388739346,66.298082631883318,85,49861,49776,-56,49861,0.0013858311182836155,1.8983643284870764e-83,0.073899412540820428,24.134147165877067,48.076153706780147,0,0,0,0,1,1,1
wsl2_cuda,gpu,48,5,1,0,0,1,35,0.075538987083082362,41,0.031044803899666462,0.04166666666666665,-0.63571048701123523,110592,0,0.013494918442670579,-0.21389070711764824,3.6837654350291142e-05,-0.00062163622941517789,0.013458080788320288,-0.21326907088823305,0.013450310935401178,-0.21328138567614757,0.0029056263604597234,69.354613111712212,66.68206566132875,68,49776,49708,-56,49776,0.0013933344003478024,9.3124575381370552e-86,0.068780455288490444,24.286755044360753,49.434704782517727,0,0,0,0,1,1,1
wsl2_cuda,gpu,48,5,1,0,0,1,36,0.075538987083082362,41,0.031044803899666462,0.04166666666666665,-0.63571048701123523,110592,0,0.013450310935388054,-0.2132813856762652,3.5612476477017642e-05,-0.0006174236754733349,0.013414698458911035,-0.21266396200079188,0.013412765078392293,-0.21265552555101852,0.0028938992795564029,68.968400635324457,66.522258354231411,70,49708,49638,-58,49708,0.0013874708424262585,2.7664583146679453e-87,0.068004400630575515,24.267486600925153,50.333108722503326,0,0,0,0,1,1,1
wsl2_cuda,gpu,48,5,1,0,0,1,37,0.075538987083082362,41,0.031044803899666462,0.04166666666666665,-0.63571048701123523,110592,0,0.013412765078378965,-0.2126555255511357,3.6316687576905421e-05,-0.00063572881532696968,0.01337644839080206,-0.21201979673580873,0.013368238694250993,-0.21192270166386473,0.0029883602327121176,71.074628384882956,68.572234000795561,82,49638,49556,-66,49638,0.0014318592285120866,2.4649274833164799e-89,0.071161187335109677,24.064179387311956,51.539177360373344,0,0,0,0,1,1,1
wsl2_cuda,gpu,48,5,1,0,0,1,38,0.075538987083082362,41,0.031044803899666462,0.04166666666666665,-0.63571048701123523,110592,0,0.013368238694237401,-0.21192270166398133,3.7128762032991078e-05,-0.00065522472406824355,0.01333110993220441,-0.2112674769399131,0.013348295613090392,-0.21136740689351322,0.0030905637909325267,73.275135955122067,70.557514027955932,62,49556,49494,-60,49556,0.0014786329799645263,9.670278916727707e-90,0.072594953262319364,23.660882698739353,51.778238616707362,0,0,0,0,1,1,1
wsl2_cuda,gpu,48,5,1,0,0,1,39,0.075538987083082362,41,0.031044803899666462,0.04166666666666665,-0.63571048701123523,110592,0,0.0133482956130767,-0.21136740689362946,3.8793813245061001e-05,-0.00067847175873828069,0.01330950179983164,-0.21068893513489118,0.013322471477045485,-0.21062431230366402,0.003208710479553067,75.898595605121386,72.930764183539452,83,49494,49411,-59,49494,0.0015334908393971267,4.3159844683265966e-90,0.078798564531916457,23.02223877129909,51.98435199488776,0,0,0,0,1,1,1
wsl2_cuda,gpu,48,5,1,0,0,1,40,0.075538987083082362,41,0.031044803899666462,0.04166666666666665,-0.63571048701123523,110592,0,0.013322471477031651,-0.21062431230377987,3.9866947161806791e-05,-0.0006992033023137151,0.013282604529869844,-0.20992510900146616,0.013285066635320857,-0.21004458245470839,0.0033183665255024238,78.275328113054456,75.160641785238667,65,49411,49346,-52,49411,0.0015841680620318241,3.3945034029561013e-89,0.07597909781969131,22.150586967062363,51.457421222084534,0,0,0,0,1,1,1
wsl2_cuda,gpu,48,5,1,0,0,1,41,0.075538987083082362,41,0.031044803899666462,0.04166666666666665,-0.63571048701123523,110592,0,0.013285066635306767,-0.21004458245482382,4.0887352720309723e-05,-0.00072911738518403988,0.013244179282586458,-0.20931546506963977,0.013218437577731737,-0.20927796126933629,0.0034696824911542618,81.717985515697308,78.529248269243112,86,49346,49260,-66,49346,0.0016560204579033216,2.0661414269452051e-85,0.075333650085332021,21.028757146706155,49.231099519830437,0,0,0,0,1,1,1
wsl2_cuda,gpu,48,6,1,0,0,1,0,0.075538987083082362,41,0.031044803899666462,0.04166666666666665,-0.63571048701123523,110592,0,0.041666666666667712,-0.6357104870107374,0.0041504190709353711,-0.063323158293195736,0.037516247595732341,-0.57238732871754161,0.037791372751449233,-0.5717786576588626,0.099610057702455609,10740.600192126692,9690.3557669441871,10787,110592,99805,-9,110592,0.097119142362256702,0.070982009395745213,0.10000000000000001,0.0085135779917164239,0.087568230771977076,0,0,0,0,1,1,1
wsl2_cuda,gpu,48,6,1,0,0,1,1,0.075538987083082362,41,0.031044803899666462,0.04166666666666665,-0.63571048701123523,110592,0,0.037791372751451058,-0.57177865765870073,0.0035586417907103457,-0.053777845216953196,0.034232730960740712,-0.51800081244174756,0.033865475128847286,-0.51781923562757948,0.094054093579251152,8662.6331013712443,7863.3177342579629,8722,99805,91083,81,99805,0.086795582399391252,0.01675103113216353,0.10000000000000001,0.053290281020975515,0.45648994374651009,0,0,0,0,1,1,1
wsl2_cuda,gpu,48,6,1,0,0,1,2,0.075538987083082362,41,0.031044803899666462,0.04166666666666665,-0.63571048701123523,110592,0,0.03386547512884959,-0.51781923562721244,0.0029205412821682987,-0.044908020098458595,0.030944933846681292,-0.47291121552875381,0.031374293221908142,-0.47281230527849288,0.086723214685423156,6925.7262162450843,6326.2921315978601,6959,91083,84124,18,91083,0.076037528586509931,0.0013118824689639201,0.099951526913671165,0.13899670257080243,1.1072268541321451,0,0,0,0,1,1,1
wsl2_cuda,gpu,48,6,1,0,0,1,3,0.075538987083082362,41,0.031044803899666462,0.04166666666666665,-0.63571048701123523,110592,0,0.031374293221909273,-0.47281230527821533,0.0025604486474602225,-0.03861720120800563,0.028813844574449049,-0.43419510407020967,0.029054072840878267,-0.43532992818431721,0.081675253442999543,5741.6607385096904,5263.1514604000067,5603,84124,78521,21,84124,0.068252350560002978,4.5417569298939251e-05,0.099186242557936788,0.26624430384027575,1.9665275521322756,0,0,0,0,1,1,1
wsl2_cuda,gpu,48,6,1,0,0,1,4,0.075538987083082362,41,0.031044803899666462,0.04166666666666665,-0.63571048701123523,110592,0,0.029054072840877812,-0.43532992818413341,0.0022737014893416669,-0.033715684846536954,0.026780371351536145,-0.40161424333759643,0.027392567613499487,-0.4012376190910274,0.077452167713949902,4854.9297097753461,4461.8852106942732,4913,78521,73608,60,78521,0.061829697912346326,9.8809667614730636e-07,0.097483955412231788,0.44957685438088379,2.9445181122432293,0,0,0,0,1,1,1
wsl2_cuda,gpu,48,6,1,0,0,1,5,0.075538987083082362,41,0.031044803899666462,0.04166666666666665,-0.63571048701123523,110592,0,0.027392567613501131,-0.40123761909089994,0.002074699421084424,-0.029837078307920921,0.025317868192416708,-0.37140054078297902,0.025174436746279144,-0.37118937508442051,0.074369001942701435,4169.1692110123131,3833.9052449898804,4191,73608,69417,59,73608,0.056640164262204015,1.4215653454694729e-08,0.097486067667530901,0.69935560234384608,4.0281706688918195,0,0,0,0,1,1,1
wsl2_cuda,gpu,48,6,1,0,0,1,6,0.075538987083082362,41,0.031044803899666462,0.04166666666666665,-0.63571048701123523,110592,0,0.025174436746281226,-0.37118937508427419,0.0017549960361673285,-0.02553471372829234,0.023419440710113898,-0.34565466135598183,0.023512770999070641,-0.34589000798051078,0.068795827939140755,3471.5870837346561,3202.6014205430333,3439,69417,65978,24,69417,0.050010618202092516,7.6737385708932217e-11,0.094456053325800426,1.0375187518933664,5.3622750282079545,0,0,0,0,1,1,1
wsl2_cuda,gpu,48,6,1,0,0,1,7,0.075538987083082362,41,0.031044803899666462,0.04166666666666665,-0.63571048701123523,110592,0,0.023512770999073215,-0.3458900079804284,0.0015090286832080133,-0.022001111704905242,0.022003742315865202,-0.32388889627552314,0.022001177268828137,-0.32369933841137821,0.063609878923202648,2913.727308744235,2693.9885746283817,2938,65978,63040,0,65978,0.044162104167210815,2.2011671530695958e-13,0.094125649673171163,1.4569508340259316,6.8579208546426411,0,0,0,0,1,1,1
wsl2_cuda,gpu,48,6,1,0,0,1,8,0.075538987083082362,41,0.031044803899666462,0.04166666666666665,-0.63571048701123523,110592,0,0.022001177268829858,-0.32369933841127912,0.001294991747469131,-0.018940489808428763,0.020706185521360727,-0.30475884860285035,0.020665504833033411,-0.30493900230116228,0.058514197687813609,2447.7988826114656,2267.3807838457465,2420,63040,60620,44,63040,0.038829296995740253,4.187245265509102e-16,0.093027587215624097,1.9604164430739295,8.4585006581717312,0,0,0,0,1,1,1
wsl2_cuda,gpu,48,6,1,0,0,1,9,0.075538987083082362,41,0.031044803899666462,0.04166666666666665,-0.63571048701123523,110592,0,0.020665504833035364,-0.30493900230107057,0.0011076585571760977,-0.016429828881195752,0.019557846275859266,-0.28850917341987481,0.019272012851562641,-0.28877814776543287,0.053877788249977208,2075.9640066350285,1924.462563771081,2038,60620,58582,16,60620,0.034245529637661309,1.4385220555712323e-18,0.092860389077118452,2.5438113158346267,9.9080584743203026,0,0,0,0,1,1,1
wsl2_cuda,gpu,48,6,1,0,0,1,10,0.075538987083082362,41,0.031044803899666462,0.04166666666666665,-0.63571048701123523,110592,0,0.019272012851563908,-0.28877814776532995,0.0009183933365213288,-0.014163888087401391,0.01835361951504258,-0.27461425967792857,0.018400464778543745,-0.27446735718894694,0.049041466734145799,1752.8128206471536,1626.0743863578427,1758,58582,56824,14,58582,0.029920672231182846,9.3803979086433963e-21,0.093016525537640588,3.2105229023337301,11.19388492876706,0,0,0,0,1,1,1
wsl2_cuda,gpu,48,6,1,0,0,1,11,0.075538987083082362,41,0.031044803899666462,0.04166666666666665,-0.63571048701123523,110592,0,0.018400464778544706,-0.27446735718890819,0.00076676571269913341,-0.011833664549576834,0.017633699065845571,-0.26263369263933134,0.017624016303508527,-0.26178174525242121,0.043108555164949089,1438.1479320864833,1337.1657513395971,1547,56824,55277,5,56824,0.025308811982375109,1.6606283124886904e-23,0.092890668435067325,3.9652699481192744,12.812833670960448,0,0,0,0,1,1,1
wsl2_cuda,gpu,48,6,1,0,0,1,12,0.075538987083082362,41,0.031044803899666462,0.04166666666666665,-0.63571048701123523,110592,0,0.017624016303508364,-0.26178174525241399,0.00064216908150826807,-0.0098541221253452861,0.016981847222000097,-0.25192762312706868,0.016959335149710018,-0.25218280670416193,0.037637072096132221,1177.6408407989907,1096.5667269462938,1143,55277,54134,22,55277,0.021304355171210279,2.3695004481493922e-26,0.091464572245107012,4.7965219443594638,14.48688582886531,0,0,0,0,1,1,1
wsl2_cuda,gpu,48,6,1,0,0,1,13,0.075538987083082362,41,0.031044803899666462,0.04166666666666665,-0.63571048701123523,110592,0,0.016959335149708502,-0.25218280670424548,0.00053007813937077871,-0.0081394306001479934,0.016429257010337723,-0.24404337610409749,0.016363604979600009,-0.24415792921630475,0.032271321439631726,958.46299805411036,894.05771265489136,948,54134,53186,30,54134,0.017705379208152183,8.147359476982928e-30,0.090509089353873903,5.6788726962297229,16.524516557741077,0,0,0,0,1,1,1
wsl2_cuda,gpu,48,6,1,0,0,1,14,0.075538987083082362,41,0.031044803899666462,0.04166666666666665,-0.63571048701123523,110592,0,0.016363604979596713,-0.24415792921642376,0.00043107190960670495,-0.0066994650767608164,0.015932533069990009,-0.23745846413966296,0.015885191832189074,-0.23731632993130997,0.027434164380376675,778.45454041905975,726.77364714931161,793,53186,52393,7,53186,0.01463645584212123,1.7604968180335366e-32,0.091141609790959463,6.6142587958725807,18.092538538329816,0,0,0,0,1,1,1
wsl2_cuda,gpu,48,6,1,0,0,1,15,0.075538987083082362,41,0.031044803899666462,0.04166666666666665,-0.63571048701123523,110592,0,0.01588519183218437,-0.23731632993141463,0.00034481963302115791,-0.0053114750813398389,0.015540372199163212,-0.2320048548500748,0.015488682275469338,-0.23188617162720143,0.022378405899831897,610.22837457206299,570.89015824405215,626,52393,51767,21,52393,0.011647135582464508,8.4701451361512899e-35,0.09019297515959801,7.6040312710677016,19.456048403514835,0,0,0,0,1,1,1
wsl2_cuda,gpu,48,6,1,0,0,1,16,0.075538987083082362,41,0.031044803899666462,0.04166666666666665,-0.63571048701123523,110592,0,0.015488682275462837,-0.23188617162729863,0.00026328600494088537,-0.0040664630747513043,0.015225396270521951,-0.22781970855254732,0.01517538205127102,-0.22804828495601995,0.017534073184053724,462.64949985443189,434.03595450555514,437,51767,51330,14,51767,0.0089371510779923877,1.1706399802903995e-37,0.090450548034132425,8.6341371041864772,21.138249494313126,0,0,0,0,1,1,1
wsl2_cuda,gpu,48,6,1,0,0,1,17,0.075538987083082362,41,0.031044803899666462,0.04166666666666665,-0.63571048701123523,110592,0,0.015175382051262823,-0.22804828495612167,0.00019213515036340666,-0.0030254635729311868,0.014983246900899416,-0.22502282138319049,0.014937012655363943,-0.22502935978158325,0.01326409676075016,341.50581481710901,321.4713607446588,341,51330,50989,25,51330,0.0066531427005086501,9.1586602597210205e-41,0.089271854224245925,9.6819341371329806,22.965831534463881,0,0,0,0,1,1,1
wsl2_cuda,gpu,48,6,1,0,0,1,18,0.075538987083082362,41,0.031044803899666462,0.04166666666666665,-0.63571048701123523,110592,0,0.014937012655354373,-0.225029359781691,0.00013447385792297143,-0.0020960611566814111,0.014802538797431401,-0.2229332986250096,0.014773711500514302,-0.22274398862256337,0.0093132437703948995,235.17487549858399,222.53908442475532,257,50989,50732,-22,50989,0.0046122668712581926,1.7702478130509115e-44,0.084747830723069364,10.751200351450775,25.150628126729195,0,0,0,0,1,1,1
wsl2_cuda,gpu,48,6,1,0,0,1,19,0.075538987083082362,41,0.031044803899666462,0.04166666666666665,-0.63571048701123523,110592,0,0.014773711500503843,-0.22274398862267605,8.5950191632684956e-05,-0.0013412323625652122,0.014687761308871158,-0.22140275626011083,0.014685616843663802,-0.22160743138707709,0.0060205158090369144,149.81094794942109,142.74881832748125,127,50732,50605,-27,50732,0.0029529872259997851,2.8475838592811727e-47,0.084165903447544099,11.83527744288876,26.794054935394612,0,0,0,0,1,1,1
wsl2_cuda,gpu,48,6,1,0,0,1,20,0.075538987083082362,41,0.031044803899666462,0.04166666666666665,-0.63571048701123523,110592,0,0.014685616843652922,-0.22160743138719155,4.9357042728394243e-05,-0.00078095937724911412,0.014636259800924529,-0.22082647200994243,0.014627986544678277,-0.2207551349574301,0.0035233533624482909,86.96145350954086,83.6497684008026,95,50605,50510,-40,50605,0.0017184359946554857,4.3232636414508812e-49,0.068459976571695322,12.9177517501832,27.86396040350224,0,0,0,0,1,1,1
wsl2_cuda,gpu,48,6,1,0,0,1,21,0.075538987083082362,41,0.031044803899666462,0.04166666666666665,-0.63571048701123523,110592,0,0.01462798654466714,-0.22075513495754634,2.7537755753980848e-05,-0.00043267881205232136,0.014600448788913159,-0.22032245614549401,0.014591459382308327,-0.22030603566692089,0.0019596557195609393,48.10485435540874,46.815330280443639,50,50510,50460,-44,50510,0.00095238278272438606,1.3277492129441692e-52,0.05423642468714443,14.004137168934566,29.930450225328272,0,0,0,0,1,1,1
wsl2_cuda,gpu,48,6,1,0,0,1,22,0.075538987083082362,41,0.031044803899666462,0.04166666666666665,-0.63571048701123523,110592,0,0.014591459382297091,-0.22030603566703805,1.6295133627071111e-05,-0.00025706840986941651,0.01457516424867002,-0.22004896725716863,0.014579697272539743,-0.22011738358952304,0.0011666507071191965,28.562814718710943,28.054104648930217,21,50460,50439,-47,50460,0.00056604864682344321,2.4505356408000437e-55,0.034171444191119137,15.075490548612883,31.538754538219408,0,0,0,0,1,1,1
wsl2_cuda,gpu,48,6,1,0,0,1,23,0.075538987083082362,41,0.031044803899666462,0.04166666666666665,-0.63571048701123523,110592,0,0.01457969727252848,-0.22011738358964053,1.2398852032753039e-05,-0.00019585636160705824,0.014567298420495726,-0.21992152722803346,0.014570255273681212,-0.21995524203415737,0.00088960949899012101,21.757571776910879,21.451043960636348,18,50439,50421,-41,50439,0.00043136405909932553,1.3245582822363114e-57,0.036887001947901406,16.122395902098098,32.872523643311659,0,0,0,0,1,1,1
wsl2_cuda,gpu,48,6,1,0,0,1,24,0.075538987083082362,41,0.031044803899666462,0.04166666666666665,-0.63571048701123523,110592,0,0.014570255273669928,-0.21995524203427486,1.3384759287449279e-05,-0.00021169476694968706,0.014556870514382479,-0.21974354726732517,0.014549010776249484,-0.21968552182629877,0.00096225335248379036,23.516799332999994,23.159817411875984,30,50421,50391,-43,50421,0.00046640882435889795,3.3460931867898097e-60,0.030636091829171402,17.144881197567589,34.400630857386894,0,0,0,0,1,1,1
wsl2_cuda,gpu,48,6,1,0,0,1,25,0.075538987083082362,41,0.031044803899666462,0.04166666666666665,-0.63571048701123523,110592,0,0.01454901077623817,-0.21968552182641637,1.819737741175391e-05,-0.00029013905312427751,0.014530813398826416,-0.2193953827732921,0.014523045279388486,-0.21940691408839508,0.0013203963452861681,32.232873352421592,31.571974126913279,31,50391,50360,-40,50391,0.00063965536211667946,3.4656527007882889e-63,0.038544577183128405,18.142861579436975,36.156536367828977,0,0,0,0,1,1,1
wsl2_cuda,gpu,48,6,1,0,0,1,26,0.075538987083082362,41,0.031044803899666462,0.04166666666666665,-0.63571048701123523,110592,0,0.01452304527937714,-0.21940691408851279,2.6088022179562679e-05,-0.0004190237727692875,0.014496957257197577,-0.21898789031574351,0.014494719282812867,-0.21895665840377956,0.0019093069952547577,46.558228433145111,45.206903578900594,50,50360,50310,-32,50360,0.00092450811026896561,1.0589667137966779e-65,0.053403753815597838,19.10029275420446,37.636032853027707,0,0,0,0,1,1,1
wsl2_cuda,gpu,48,6,1,0,0,1,27,0.075538987083082362,41,0.031044803899666462,0.04166666666666665,-0.63571048701123523,110592,0,0.014494719282801447,-0.21895665840389733,3.339211583386131e-05,-0.00053374697634815335,0.014461327166967585,-0.21842291142754919,0.014479376034667729,-0.21849697368548046,0.0024370988348619803,59.324872374021751,57.167312761139641,51,50310,50259,-21,50310,0.0011791864912347795,3.1733781828231305e-68,0.058267474232891893,20.014013625392195,39.12050496132683,0,0,0,0,1,1,1
wsl2_cuda,gpu,48,6,1,0,0,1,28,0.075538987083082362,41,0.031044803899666462,0.04166666666666665,-0.63571048701123523,110592,0,0.014479376034656273,-0.21849697368559831,3.6322680116442631e-05,-0.0005742598625115068,0.014443053354539831,-0.21792271382308681,0.014446389621869728,-0.21787630380592204,0.0026277048626312171,63.861438039456132,61.424457744449498,69,50259,50190,-24,50259,0.001270646810311708,8.5756139855665878e-71,0.065470382534935576,20.868339354318369,40.631389091794794,0,0,0,0,1,1,1
wsl2_cuda,gpu,48,6,1,0,0,1,29,0.075538987083082362,41,0.031044803899666462,0.04166666666666665,-0.63571048701123523,110592,0,0.014446389621858166,-0.21787630380604006,3.3575372329572328e-05,-0.00052713397638473646,0.014412814249528593,-0.21734916982965533,0.014416923764241385,-0.21738214932749733,0.0024190015058906961,58.660824333367394,56.658349119554586,55,50190,50135,-15,50190,0.0011687751411310499,6.5697597747070219e-73,0.062630351504797871,21.664775033743549,41.876047167494761,0,0,0,0,1,1,1
wsl2_cuda,gpu,48,6,1,0,0,1,30,0.075538987083082362,41,0.031044803899666462,0.04166666666666665,-0.63571048701123523,110592,0,0.014416923764229728,-0.21738214932761546,3.0436024485016212e-05,-0.00047548780572519763,0.014386487739744712,-0.21690666152189025,0.014398059960926595,-0.21695044095598726,0.002187002310346603,52.94862536248791,51.369299463669925,48,50135,50087,-9,50135,0.0010561209806021325,2.7038358284903283e-75,0.054613996487172183,22.379609524653173,43.27945778930922,0,0,0,0,1,1,1
wsl2_cuda,gpu,48,6,1,0,0,1,31,0.075538987083082362,41,0.031044803899666462,0.04166666666666665,-0.63571048701123523,110592,0,0.014398059960914899,-0.21695044095610552,3.1231078924996733e-05,-0.00048341724787391555,0.014366828881989903,-0.21646702370823162,0.014381576851728734,-0.2165004920548001,0.0022279788932022568,53.852214527545144,52.231062830488447,50,50087,50037,-17,50087,0.0010751734886805986,2.2228948058485134e-77,0.058714950245677612,23.000638420051043,44.506082178086331,0,0,0,0,1,1,1
wsl2_cuda,gpu,48,6,1,0,0,1,32,0.075538987083082362,41,0.031044803899666462,0.04166666666666665,-0.63571048701123523,110592,0,0.014381576851716983,-0.21650049205491856,3.5033388382080058e-05,-0.00053533803659870194,0.014346543463334903,-0.21596515401831987,0.01435567193807465,-0.21600656567853013,0.0024725261734425911,59.641885506105687,57.610175316513896,55,50037,49982,-20,50037,0.0011919556629315445,1.6652741724877624e-80,0.062529240360020083,23.521270237735468,46.3447486707717,0,0,0,0,1,1,1
wsl2_cuda,gpu,48,6,1,0,0,1,33,0.075538987083082362,41,0.031044803899666462,0.04166666666666665,-0.63571048701123523,110592,0,0.014355671938062798,-0.2160065656786487,3.9083661332008834e-05,-0.00059547712637731559,0.014316588276730789,-0.2154110885522714,0.014312163903040432,-0.21551317421049068,0.0027566042244767741,66.350879837556278,63.799808055747576,55,49982,49927,-17,49982,0.0013274954951293721,1.1422731600687235e-82,0.068828087054698839,23.930723731343384,47.617644773169097,0,0,0,0,1,1,1
wsl2_cuda,gpu,48,6,1,0,0,1,34,0.075538987083082362,41,0.031044803899666462,0.04166666666666665,-0.63571048701123523,110592,0,0.014312163903028413,-0.21551317421060937,4.16255335663867e-05,-0.00063519554515801332,0.014270538369462026,-0.21487797866545136,0.014281598573163962,-0.21485756910121998,0.0029471918804968287,70.810186460126573,67.953865181178344,73,49927,49854,-24,49927,0.0014182744098408992,1.0923803861270207e-83,0.069154336444244985,24.213741226612488,48.217347058835642,0,0,0,0,1,1,1
wsl2_cuda,gpu,48,6,1,0,0,1,35,0.075538987083082362,41,0.031044803899666462,0.04166666666666665,-0.63571048701123523,110592,0,0.014281598573151814,-0.21485756910133869,4.2348999387999177e-05,-0.00063709351422998502,0.014239249573763815,-0.21422047558710869,0.014245172382805501,-0.21436495383438212,0.0029651904095455489,71.093820808148095,68.359592552992339,55,49854,49799,-37,49854,0.0014260404542894873,1.188799172875189e-85,0.070255317256232658,24.361007564735107,49.372319862956104,0,0,0,0,1,1,1
wsl2_cuda,gpu,48,6,1,0,0,1,36,0.075538987083082362,41,0.031044803899666462,0.04166666666666665,-0.63571048701123523,110592,0,0.014245172382793176,-0.21436495383450049,4.2920532693693574e-05,-0.00063924862064814153,0.014202251850099483,-0.21372570521385234,0.014203026001717439,-0.21381126641329698,0.0029821934987668327,71.417651011868784,68.84896386603728,62,49799,49737,-39,49799,0.0014341181753020902,3.5653185313144275e-88,0.072739599339410654,24.333729101677005,50.85658588095616,0,0,0,0,1,1,1
wsl2_cuda,gpu,48,6,1,0,0,1,37,0.075538987083082362,41,0.031044803899666462,0.04166666666666665,-0.63571048701123523,110592,0,0.014203026001704895,-0.213811266413415,4.4453120058524269e-05,-0.00065268834393815802,0.014158572881646372,-0.21315857806947683,0.014164440564603633,-0.21332983827390115,0.0030529768996492923,72.982226875243782,70.388398414177388,54,49737,49683,-29,49737,0.0014673628661809877,1.0656332313992776e-89,0.068526408669818503,24.123572313380485,51.753431086822062,0,0,0,0,1,1,1
wsl2_cuda,gpu,48,6,1,0,0,1,38,0.075538987083082362,41,0.031044803899666462,0.04166666666666665,-0.63571048701123523,110592,0,0.014164440564590876,-0.21332983827401875,4.6335773625094266e-05,-0.00067747614947561601,0.014118104790965782,-0.21265236212454314,0.014104691407667286,-0.21249900893966958,0.0031761408801218188,75.774007989463058,72.943697286862374,93,49683,49590,-20,49683,0.0015251496083059208,1.4867098609197499e-90,0.070281206913962668,23.704429086185378,52.256644971436465,0,0,0,0,1,1,1
wsl2_cuda,gpu,48,6,1,0,0,1,39,0.075538987083082362,41,0.031044803899666462,0.04166666666666665,-0.63571048701123523,110592,0,0.014104691407654236,-0.21249900893978657,4.6677535455202537e-05,-0.00068856858507029936,0.014058013872199033,-0.21181044035471627,0.014051963512199802,-0.21178464973616173,0.0032406406320205023,77.032028165689027,74.006101430287643,80,49590,49510,-12,49590,0.001553378265087498,1.0246027538664353e-89,0.072586992449192214,23.079306128310751,51.763462776610652,0,0,0,0,1,1,1
wsl2_cuda,gpu,48,6,1,0,0,1,40,0.075538987083082362,41,0.031044803899666462,0.04166666666666665,-0.63571048701123523,110592,0,0.014051963512186481,-0.21178464973627814,4.8033493309331893e-05,-0.00071218981204491689,0.014003930018877149,-0.21107245992423324,0.013987372534952244,-0.21112361968375754,0.0033630449981556583,79.730184780374159,76.537412679657891,74,49510,49436,-6,49510,0.0016103854732452869,8.4246908412144202e-89,0.07660291453423955,22.206150788365612,51.225176750547348,0,0,0,0,1,1,1
wsl2_cuda,gpu,48,6,1,0,0,1,41,0.075538987083082362,41,0.031044803899666462,0.04166666666666665,-0.63571048701123523,110592,0,0.013987372534938649,-0.21112361968387347,4.8940614959120094e-05,-0.00073942043232817702,0.013938431919979528,-0.21038419925154531,0.013909162080619694,-0.2103773786383368,0.0035022954794732271,82.881228377972036,79.639154846022151,84,49436,49352,-8,49436,0.001676535892426006,1.1151237347363056e-84,0.079008324783396575,21.08778873998271,48.800374071484924,0,0,0,0,1,1,1
wsl2_cuda,gpu,48,7,1,0,0,1,0,0.075538987083082362,41,0.031044803899666462,0.04166666666666665,-0.63571048701123523,110592,0,0.041666666666667712,-0.6357104870107374,0.0041504190709353711,-0.063323158293195736,0.037516247595732341,-0.57238732871754161,0.037780956479287649,-0.57229533667191035,0.099610057702455609,10740.600192126692,9690.3557669441871,10824,110592,99768,-108,110592,0.097119142362256702,0.070982009395745213,0.10000000000000001,0.0085135779917164239,0.087568230771977076,0,0,0,0,1,1,1
wsl2_cuda,gpu,48,7,1,0,0,1,1,0.075538987083082362,41,0.031044803899666462,0.04166666666666665,-0.63571048701123523,110592,0,0.037780956479288023,-0.57229533667174926,0.003559579978636802,-0.053861890009802994,0.03422137650065122,-0.51843344666194624,0.034345265729668444,-0.51841139275104064,0.094115986325131809,8662.1309800312938,7862.6953323268363,8646,99768,91122,-84,99768,0.086822738553757661,0.016751031132163526,0.10000000000000001,0.05315919045227941,0.45648994374651014,0,0,0,0,1,1,1
wsl2_cuda,gpu,48,7,1,0,0,1,2,0.075538987083082362,41,0.031044803899666462,0.04166666666666665,-0.63571048701123523,110592,0,0.034345265729670352,-0.51841139275067927,0.0029634726488324266,-0.045039835768620501,0.031381793080837925,-0.47337155698205879,0.030963719419319802,-0.47308030620654806,0.086877886500657558,6938.4184642330583,6337.1652245980495,6977,91122,84145,-131,91122,0.076144273218685485,0.0013468616049782949,0.099982370703842291,0.1383679392680707,1.1005038302418584,0,0,0,0,1,1,1
wsl2_cuda,gpu,48,7,1,0,0,1,3,0.075538987083082362,41,0.031044803899666462,0.04166666666666665,-0.63571048701123523,110592,0,0.030963719419322279,-0.47308030620627334,0.0024926165998044813,-0.03867037291962213,0.028471102819517799,-0.43440993328665123,0.028750073014069611,-0.43512016231873979,0.081736375807183612,5747.7724592490431,5268.550943696564,5626,84145,78519,-119,84145,0.068307950077236237,4.333555705680653e-05,0.099031432884783235,0.26512903682140065,1.9785166458243353,0,0,0,0,1,1,1
wsl2_cuda,gpu,48,7,1,0,0,1,4,0.075538987083082362,41,0.031044803899666462,0.04166666666666665,-0.63571048701123523,110592,0,0.02875007301407053,-0.43512016231855782,0.0021832368009007223,-0.033707431079652017,0.026566836213169808,-0.40141273123890581,0.026359234995754578,-0.40074820168818925,0.077460304289848028,4855.8032396354038,4462.7191299287124,4938,78519,73581,-147,78519,0.061842397886312912,7.4372601934895228e-07,0.097045475622951294,0.44810442875169176,3.0171053482541472,0,0,0,0,1,1,1
wsl2_cuda,gpu,48,7,1,0,0,1,5,0.075538987083082362,41,0.031044803899666462,0.04166666666666665,-0.63571048701123523,110592,0,0.026359234995754023,-0.40074820168806585,0.0019024598610186763,-0.029798297844858997,0.024456775134735348,-0.37094990384320686,0.024637964435251548,-0.37051747879034164,0.074347259252617925,4165.4104580644189,3830.505880396759,4204,73581,69377,-113,73581,0.056609864748568502,8.7030208824873129e-09,0.0969837837727867,0.69825911186747691,4.1535337559604928,0,0,0,0,1,1,1
wsl2_cuda,gpu,48,7,1,0,0,1,6,0.075538987083082362,41,0.031044803899666462,0.04166666666666665,-0.63571048701123523,110592,0,0.024637964435251715,-0.37051747879019997,0.0016511435024885253,-0.025509557563245522,0.022986820932763191,-0.34500792122695445,0.023999179004224668,-0.34484775104876586,0.068840393356663421,3467.4719702599,3198.5642823592671,3470,69377,65907,-139,69377,0.049980137080875509,5.627630421236616e-11,0.096223547573024037,1.0376561984846118,5.4415070006060011,0,0,0,0,1,1,1
wsl2_cuda,gpu,48,7,1,0,0,1,7,0.075538987083082362,41,0.031044803899666462,0.04166666666666665,-0.63571048701123523,110592,0,0.023999179004225137,-0.34484775104868082,0.0015159924657812246,-0.021930554031461953,0.022483186538443913,-0.32291719701721888,0.022622452311944211,-0.32265485684252909,0.063592832698251237,2904.0531828081357,2684.77696278448,2949,65907,62958,-94,65907,0.044062894424084481,2.65417425128906e-13,0.095713571664439057,1.4600587632997544,6.8101066155846013,0,0,0,0,1,1,1
wsl2_cuda,gpu,48,7,1,0,0,1,8,0.075538987083082362,41,0.031044803899666462,0.04166666666666665,-0.63571048701123523,110592,0,0.022622452311944187,-0.322654856842432,0.0013124081366547185,-0.018856559243327926,0.021310044175289467,-0.30379829759910409,0.021316143340688976,-0.30415607415152918,0.058439793228885269,2436.1461098597615,2256.4295270366283,2392,62958,60566,-90,62958,0.038694782392384788,5.6778156308901073e-16,0.094131603193699051,1.9674021328524252,8.3806973787415284,0,0,0,0,1,1,1
wsl2_cuda,gpu,48,7,1,0,0,1,9,0.075538987083082362,41,0.031044803899666462,0.04166666666666665,-0.63571048701123523,110592,0,0.021316143340689424,-0.30415607415142887,0.0011383501949729529,-0.016378838655542467,0.02017779314571647,-0.28777723549588641,0.020464525392613488,-0.28801498982767482,0.053847927643027892,2069.472684846437,1918.3234879063898,2055,60566,58511,-61,60566,0.034168884932906859,1.2588544688429511e-18,0.093294356060196149,2.5534944354196054,9.9421446850162649,0,0,0,0,1,1,1
wsl2_cuda,gpu,48,7,1,0,0,1,10,0.075538987083082362,41,0.031044803899666462,0.04166666666666665,-0.63571048701123523,110592,0,0.020464525392615084,-0.28801498982757184,0.00098877810693545664,-0.014129591743405166,0.019475747285679627,-0.27388539808416668,0.019574514495090255,-0.27396856329946023,0.049054802583770485,1748.2857833210651,1621.9174969773876,1736,58511,56775,-51,58511,0.029879608677360926,3.7761744872111272e-21,0.09367838880757029,3.2240810669130733,11.426359706644478,0,0,0,0,1,1,1
wsl2_cuda,gpu,48,7,1,0,0,1,11,0.075538987083082362,41,0.031044803899666462,0.04166666666666665,-0.63571048701123523,110592,0,0.019574514495091851,-0.27396856329941971,0.00083039678155678984,-0.011810979880047714,0.018744117713535062,-0.26215758341937201,0.018820305626378663,-0.26262660740061111,0.04310721603383965,1434.4505659399751,1333.9201153661786,1381,56775,55394,-108,56775,0.025265531764684723,7.4944517396774261e-24,0.091209410731861729,3.9801243815232548,13.016107625793007,0,0,0,0,1,1,1
wsl2_cuda,gpu,48,7,1,0,0,1,12,0.075538987083082362,41,0.031044803899666462,0.04166666666666665,-0.63571048701123523,110592,0,0.018820305626379895,-0.26262660740059934,0.00068722851250625978,-0.0099125462831878494,0.018133077113873634,-0.25271406111741151,0.017988350467674351,-0.25259183729691015,0.037737599499964414,1183.7616611935828,1102.4623929017976,1198,55394,54196,-64,55394,0.021369853435274266,7.3328207599288177e-27,0.093630100725778431,4.7992572355789722,14.786553240210679,0,0,0,0,1,1,1
wsl2_cuda,gpu,48,7,1,0,0,1,13,0.075538987083082362,41,0.031044803899666462,0.04166666666666665,-0.63571048701123523,110592,0,0.017988350467673532,-0.25259183729698564,0.00055202361094418501,-0.0081805811066452856,0.017436326856729346,-0.24441125619034035,0.017585142874143735,-0.2443763464379308,0.032377989884617618,962.47588798364689,897.89373900776775,962,54196,53234,-70,54196,0.017759168351606149,1.6458658836946564e-29,0.090111080302790136,5.6858396636411257,16.344865461153738,0,0,0,0,1,1,1
wsl2_cuda,gpu,48,7,1,0,0,1,14,0.075538987083082362,41,0.031044803899666462,0.04166666666666665,-0.63571048701123523,110592,0,0.017585142874141486,-0.24437634643805031,0.00046342715694555419,-0.0067133156243144743,0.017121715717195934,-0.23766303081373583,0.017199844878528627,-0.23707407493181648,0.0274654581982905,779.84100178388508,728.24135597736461,848,53234,52386,-100,53234,0.014649303110491134,1.7625347518894336e-32,0.090053111261224075,6.6220770198515497,18.092242954514774,0,0,0,0,1,1,1
wsl2_cuda,gpu,48,7,1,0,0,1,15,0.075538987083082362,41,0.031044803899666462,0.04166666666666665,-0.63571048701123523,110592,0,0.01719984487852546,-0.23707407493192045,0.00037118194960260157,-0.0053234865069640485,0.016828662928922856,-0.23175058842495641,0.016795701955043898,-0.23152765577976814,0.022450371611720855,611.50337859864078,572.15421641700073,636,52386,51750,-138,52386,0.011673030553938854,4.1565298676793483e-35,0.090388032231183427,7.6176167489849416,19.637924644188544,0,0,0,0,1,1,1
wsl2_cuda,gpu,48,7,1,0,0,1,16,0.075538987083082362,41,0.031044803899666462,0.04166666666666665,-0.63571048701123523,110592,0,0.01679570195503962,-0.23152765577986317,0.00028347616147278399,-0.0040543842615271882,0.016512225793566836,-0.22747327151833599,0.016576113364451386,-0.22772898888026652,0.017508130368735466,461.38589819906082,433.06144000171884,431,51750,51319,-153,51750,0.0089156695304166336,1.6314681465251815e-37,0.09187538688427048,8.6470763259632495,21.053444154486076,0,0,0,0,1,1,1
wsl2_cuda,gpu,48,7,1,0,0,1,17,0.075538987083082362,41,0.031044803899666462,0.04166666666666665,-0.63571048701123523,110592,0,0.016576113364446317,-0.22772898888036616,0.00020870866434657861,-0.0030109777410159818,0.016367404700099737,-0.22471801113935019,0.016372970060174588,-0.22454149288132691,0.013218434053326331,339.99633349392298,320.23529438435264,360,51319,50959,-165,51319,0.0066251550788971525,7.0974884494641221e-41,0.087690372785806783,9.6894124279105274,23.030971463048203,0,0,0,0,1,1,1
wsl2_cuda,gpu,48,7,1,0,0,1,18,0.075538987083082362,41,0.031044803899666462,0.04166666666666665,-0.63571048701123523,110592,0,0.016372970060168766,-0.22454149288143341,0.00014412512041069061,-0.0021022346760062693,0.016228844939758076,-0.22243925820542715,0.016237471920631651,-0.22244829380747902,0.0093593836487301189,235.93376728012043,223.18821056180059,235,50959,50724,-138,50959,0.0046298743554645978,2.3603412623765785e-44,0.090366174710625635,10.757117016073856,25.077126526953279,0,0,0,0,1,1,1
wsl2_cuda,gpu,48,7,1,0,0,1,19,0.075538987083082362,41,0.031044803899666462,0.04166666666666665,-0.63571048701123523,110592,0,0.016237471920625378,-0.22244829380758924,9.2622912277205488e-05,-0.0013432601762470167,0.016144849008348172,-0.22110503363134221,0.016146057961570613,-0.22117097813632428,0.0060367561164501636,150.09645956024195,143.03515101011359,143,50724,50581,-153,50724,0.0029590816883574237,2.4416665082541607e-47,0.082056218195376784,11.830637184521526,26.833347044053699,0,0,0,0,1,1,1
wsl2_cuda,gpu,48,7,1,0,0,1,20,0.075538987083082362,41,0.031044803899666462,0.04166666666666665,-0.63571048701123523,110592,0,0.016146057961564077,-0.22117097813643616,5.4430629541984487e-05,-0.0007794117406558378,0.016091627332022091,-0.22039156639578031,0.016095549205001621,-0.22048955080496616,0.0035232131201849187,86.832654829319395,83.54560601896506,76,50581,50505,-157,50581,0.0017167049846645854,5.6208704096276872e-50,0.068775640505032085,12.911055539367588,28.385191672223591,0,0,0,0,1,1,1
wsl2_cuda,gpu,48,7,1,0,0,1,21,0.075538987083082362,41,0.031044803899666462,0.04166666666666665,-0.63571048701123523,110592,0,0.016095549204995001,-0.22048955080507915,3.0273063523432248e-05,-0.00042925272241072925,0.016065276141471567,-0.22006029808266842,0.016073144652114846,-0.22014756866819615,0.0019464668746729801,47.746596771687855,46.491233859688833,38,50505,50467,-159,50505,0.00094538356146298098,1.8010338404797276e-52,0.049125236257875918,13.987812091706251,29.852556975785113,0,0,0,0,1,1,1
wsl2_cuda,gpu,48,7,1,0,0,1,22,0.075538987083082362,41,0.031044803899666462,0.04166666666666665,-0.63571048701123523,110592,0,0.016073144652108219,-0.22014756866830981,1.8371200512920738e-05,-0.00025765298030309394,0.016054773451595297,-0.21988991568800673,0.016049539654968473,-0.21981470745807022,0.0011702196385135941,28.642604810869695,28.136727769616193,37,50467,50430,-156,50467,0.00056755116830542126,2.9992932167781478e-54,0.038437341761784628,15.051992394957669,30.898835557001696,0,0,0,0,1,1,1
wsl2_cuda,gpu,48,7,1,0,0,1,23,0.075538987083082362,41,0.031044803899666462,0.04166666666666665,-0.63571048701123523,110592,0,0.016049539654961829,-0.21981470745818443,1.4125876010010426e-05,-0.00019696036230452821,0.016035413778951818,-0.21961774709587992,0.016031835907108681,-0.21957172719800963,0.00089594479994769194,21.892144219927879,21.580826946471742,27,50430,50403,-141,50430,0.00043410954233448105,2.4073242155692801e-57,0.032233549928066166,16.1010435432609,32.719883404242282,0,0,0,0,1,1,1
wsl2_cuda,gpu,48,7,1,0,0,1,24,0.075538987083082362,41,0.031044803899666462,0.04166666666666665,-0.63571048701123523,110592,0,0.016031835907102047,-0.21957172719812401,1.5321952672273274e-05,-0.00021343824149940306,0.016016513954429774,-0.2193582889566246,0.016017672908820859,-0.21937372609181297,0.00097197946281362378,23.723460991378147,23.355886529082799,22,50403,50381,-143,50403,0.00047067557469551708,9.5743524979042072e-60,0.033081775301645799,17.124994856213977,34.132033688338581,0,0,0,0,1,1,1
wsl2_cuda,gpu,48,7,1,0,0,1,25,0.075538987083082362,41,0.031044803899666462,0.04166666666666665,-0.63571048701123523,110592,0,0.016017672908814208,-0.21937372609192776,2.0862627467309943e-05,-0.00029402694086342186,0.015996810281346897,-0.21907969915106434,0.015999969160961067,-0.21911266134101162,0.0013401009400623319,32.681995400866526,31.999505057254026,29,50381,50352,-134,50381,0.00064869683811092532,1.1973478749262431e-62,0.04355215198573275,18.120252283164945,35.839779327039011,0,0,0,0,1,1,1
wsl2_cuda,gpu,48,7,1,0,0,1,26,0.075538987083082362,41,0.031044803899666462,0.04166666666666665,-0.63571048701123523,110592,0,0.015999969160954412,-0.2191126613411267,2.9131668411505912e-05,-0.00041572902795146747,0.015970837492542907,-0.21869693231317522,0.01596930285907306,-0.21868095296950157,0.0018969237475199038,46.215879709201097,44.883258577108251,48,50352,50304,-132,50352,0.00091785588872738116,2.0267988023735575e-65,0.049538111561107566,19.078191767194298,37.470176747358167,0,0,0,0,1,1,1
wsl2_cuda,gpu,48,7,1,0,0,1,27,0.075538987083082362,41,0.031044803899666462,0.04166666666666665,-0.63571048701123523,110592,0,0.015969302859066399,-0.21868095296961737,3.6832280913702038e-05,-0.00052964548654370629,0.015932470578152697,-0.21815130748307365,0.01592329330903991,-0.21810541960635443,0.0024213880256298958,58.896536430448471,56.772917181974037,64,50304,50240,-140,50304,0.0011708121904907855,3.7518909745116785e-68,0.062176504038035207,19.993661415435358,39.077719457680473,0,0,0,0,1,1,1
wsl2_cuda,gpu,48,7,1,0,0,1,28,0.075538987083082362,41,0.031044803899666462,0.04166666666666665,-0.63571048701123523,110592,0,0.015923293309033242,-0.21810541960647051,3.9643035306098654e-05,-0.00056665364447835564,0.015883650273727144,-0.21753876596199215,0.015879684647526017,-0.21753003831131046,0.0025974973136799174,63.043654757752883,60.655489629599757,64,50240,50176,-152,50240,0.0012548498160380749,4.17246559886357e-71,0.064975921766566205,20.856606301989153,40.815449373002835,0,0,0,0,1,1,1
wsl2_cuda,gpu,48,7,1,0,0,1,29,0.075538987083082362,41,0.031044803899666462,0.04166666666666665,-0.63571048701123523,110592,0,0.015879684647519286,-0.21753003831142681,3.729175374578184e-05,-0.00052163764803696451,0.015842392893773503,-0.21700840066338983,0.015850218789897626,-0.21707174338371671,0.0023977398678903974,58.078119081126339,56.098990589281236,51,50176,50125,-143,50176,0.0011574880237788254,6.0181728454394536e-74,0.060799807204154489,21.654485904514864,42.48674389284556,0,0,0,0,1,1,1
wsl2_cuda,gpu,48,7,1,0,0,1,30,0.075538987083082362,41,0.031044803899666462,0.04166666666666665,-0.63571048701123523,110592,0,0.015850218789890881,-0.21707174338383314,3.4512973630393286e-05,-0.00047442175359012503,0.015815705816260489,-0.21659732163024301,0.015824313876243491,-0.21661414070425353,0.0021855097854814706,52.860294447805607,51.27400302461222,51,50125,50074,-142,50125,0.00105456946529288,5.8689549274977919e-76,0.057971530986498238,22.370785993349184,43.669742022740458,0,0,0,0,1,1,1
wsl2_cuda,gpu,48,7,1,0,0,1,31,0.075538987083082362,41,0.031044803899666462,0.04166666666666665,-0.63571048701123523,110592,0,0.015824313876236722,-0.21661414070437007,3.5010964555523993e-05,-0.00047752582764274792,0.015789302911681197,-0.21613661487672733,0.01578080618674112,-0.21617546947898694,0.0022045421475089238,53.228868571846398,51.639254710544868,49,50074,50025,-137,50074,0.0010630041253314375,1.3415603870963929e-77,0.05939062630788694,22.996589191502292,44.635099664371438,0,0,0,0,1,1,1
wsl2_cuda,gpu,48,7,1,0,0,1,32,0.075538987083082362,41,0.031044803899666462,0.04166666666666665,-0.63571048701123523,110592,0,0.015780806186734227,-0.21617546947910354,3.8290166219975332e-05,-0.00053054529587376223,0.015742516020514252,-0.21564492418322978,0.015740798858006104,-0.21574530164267439,0.0024540868308575185,59.137317160474304,57.140157180761278,48,50025,49977,-129,50025,0.0011821552655766976,5.1025666256037228e-81,0.066487570461134488,23.519506018740593,46.646952405773163,0,0,0,0,1,1,1
wsl2_cuda,gpu,48,7,1,0,0,1,33,0.075538987083082362,41,0.031044803899666462,0.04166666666666665,-0.63571048701123523,110592,0,0.01574079885799911,-0.21574530164279107,4.2629026839638674e-05,-0.00059703428132474689,0.015698169831159473,-0.21514826736146633,0.015685367503516765,-0.21507138526411901,0.0027669976388160528,66.551103071926903,63.994598180294275,75,49977,49902,-126,49977,0.001331634613360684,4.0017266953511864e-83,0.067071147499534078,23.926906261496399,47.885624922266018,0,0,0,0,1,1,1
wsl2_cuda,gpu,48,7,1,0,0,1,34,0.075538987083082362,41,0.031044803899666462,0.04166666666666665,-0.63571048701123523,110592,0,0.015685367503509677,-0.21507138526423589,4.441198771465512e-05,-0.00062823489163364634,0.015640955515795023,-0.21444315037260225,0.015639619789649856,-0.21441723411240021,0.0029205787041563539,70.06163280974998,67.233744840497877,73,49902,49829,-125,49902,0.0014039844657478655,1.0314034972410135e-85,0.071187103355038334,24.220778506781691,49.408605635032757,0,0,0,0,1,1,1
wsl2_cuda,gpu,48,7,1,0,0,1,35,0.075538987083082362,41,0.031044803899666462,0.04166666666666665,-0.63571048701123523,110592,0,0.015639619789642616,-0.21441723411251729,4.5403209072705721e-05,-0.0006321232286278101,0.015594216580569909,-0.21378511088388946,0.015576229256661907,-0.21370125569242054,0.0029478607801317262,70.570887112011533,67.854367868731231,80,49829,49749,-129,49829,0.0014162613560780176,1.4046144654891296e-86,0.072549499210541088,24.368746024372406,49.917990658501218,0,0,0,0,1,1,1
wsl2_cuda,gpu,48,7,1,0,0,1,36,0.075538987083082362,41,0.031044803899666462,0.04166666666666665,-0.63571048701123523,110592,0,0.015576229256654455,-0.21370125569253776,4.489337519794968e-05,-0.00061865016530952366,0.015531335881456505,-0.21308260552722824,0.015500218783421157,-0.21305248915667949,0.0028948625302212803,69.163030148876175,66.743697299808005,73,49749,49676,-130,49749,0.0013902396057986325,3.6196854295517188e-87,0.071466226184526513,24.353578766507091,50.264427604623592,0,0,0,0,1,1,1
wsl2_cuda,gpu,48,7,1,0,0,1,37,0.075538987083082362,41,0.031044803899666462,0.04166666666666665,-0.63571048701123523,110592,0,0.015500218783413341,-0.21305248915679675,4.5982991013956622e-05,-0.00063480835626443955,0.015454235792399384,-0.2124176808005323,0.015469693842349289,-0.21246110276250862,0.0029795183056027584,71.031378446951422,68.577727523815639,66,49676,49610,-138,49676,0.0014298932773764276,8.3111457069530159e-89,0.069388095026022834,24.146827980309787,51.228643598688741,0,0,0,0,1,1,1
wsl2_cuda,gpu,48,7,1,0,0,1,38,0.075538987083082362,41,0.031044803899666462,0.04166666666666665,-0.63571048701123523,110592,0,0.015469693842341332,-0.21246110276262606,4.8718865928379867e-05,-0.00066591304329435255,0.015420974976412953,-0.2117951897193317,0.01543224861182003,-0.21198802856853838,0.0031343614088176902,74.541268907450799,71.797450644233308,53,49610,49557,-133,49610,0.0015025452309504292,1.6793345732196964e-89,0.071825824238134189,23.728751164818149,51.637226130408223,0,0,0,0,1,1,1
wsl2_cuda,gpu,48,7,1,0,0,1,39,0.075538987083082362,41,0.031044803899666462,0.04166666666666665,-0.63571048701123523,110592,0,0.015432248611811913,-0.21198802856865548,5.158596554427122e-05,-0.00070230635799293595,0.015380662646267642,-0.21128572221066255,0.015394803035758946,-0.21139771199082918,0.0033131099336047827,78.630664317981385,75.525664782251013,66,49557,49491,-139,49557,0.0015866711931307664,3.6521377531010721e-89,0.075657642918842916,23.079927844765969,51.438730663257111,0,0,0,0,1,1,1
wsl2_cuda,gpu,48,7,1,0,0,1,40,0.075538987083082362,41,0.031044803899666462,0.04166666666666665,-0.63571048701123523,110592,0,0.015394803035750654,-0.21139771199094584,5.4227526451361543e-05,-0.00073175866455294685,0.015340575509299292,-0.2106659533263929,0.015342216501107569,-0.21054941435728852,0.0034618473743059622,81.988470095931831,78.675851869126419,95,49491,49396,-136,49491,0.0016566339353808132,3.4948416792735984e-88,0.075732123110419436,22.198919056166304,50.861686858592989,0,0,0,0,1,1,1
wsl2_cuda,gpu,48,7,1,0,0,1,41,0.075538987083082362,41,0.031044803899666462,0.04166666666666665,-0.63571048701123523,110592,0,0.015342216501098967,-0.21054941435740451,5.6529413417643672e-05,-0.00075041650460513779,0.015285687087681323,-0.20979899785279937,0.015289850722754043,-0.2097938269076437,0.0035647236771418132,84.191372337149673,80.878135952769981,85,49396,49311,-135,49396,0.0017044168017076216,2.0040366726972959e-84,0.078476903472494405,21.091715330903934,48.650605229610647,0,0,0,0,1,1,1
