x,y,density,Jx,Jy,Jz,state
0,0,4.04760297e-04,0.00000000e+00,0.00000000e+00,-4.04760297e-04,0
0,1,2.95659815e-04,0.00000000e+00,0.00000000e+00,-2.95659815e-04,0
0,2,8.85814313e-04,0.00000000e+00,0.00000000e+00,-8.85814313e-04,0
0,3,9.19713482e-04,0.00000000e+00,0.00000000e+00,-9.19713482e-04,0
0,4,2.08500536e-03,0.00000000e+00,0.00000000e+00,2.08500536e-03,0
0,5,2.37833329e-03,0.00000000e+00,0.00000000e+00,2.37833329e-03,0
0,6,2.28574400e-04,0.00000000e+00,0.00000000e+00,2.28574400e-04,0
0,7,2.13026022e-04,0.00000000e+00,0.00000000e+00,-2.13026022e-04,0
0,8,1.02605652e-03,0.00000000e+00,0.00000000e+00,-1.02605652e-03,0
0,9,8.97344581e-04,0.00000000e+00,0.00000000e+00,-8.97344581e-04,0
0,10,1.89258771e-04,0.00000000e+00,0.00000000e+00,-1.89258771e-04,0
0,11,8.34277153e-04,0.00000000e+00,0.00000000e+00,-8.34277153e-04,0
0,12,1.91779254e-03,0.00000000e+00,0.00000000e+00,-1.91779254e-03,0
0,13,7.62708241e-04,0.00000000e+00,0.00000000e+00,-7.62708241e-04,0
0,14,5.58150907e-04,0.00000000e+00,0.00000000e+00,-5.58150907e-04,0
0,15,4.15089725e-04,0.00000000e+00,0.00000000e+00,-4.15089725e-04,0
0,16,1.67034640e-03,0.00000000e+00,0.00000000e+00,-1.67034640e-03,0
0,17,8.49672473e-04,0.00000000e+00,0.00000000e+00,-8.49672473e-04,0
0,18,1.37704871e-03,0.00000000e+00,0.00000000e+00,-1.37704871e-03,0
0,19,1.33822377e-03,0.00000000e+00,0.00000000e+00,-1.33822377e-03,0
0,20,7.66120744e-04,0.00000000e+00,0.00000000e+00,-7.66120744e-04,0
0,21,1.78824091e-03,0.00000000e+00,0.00000000e+00,-1.78824091e-03,0
0,22,7.25075522e-06,0.00000000e+00,0.00000000e+00,7.25075522e-06,0
0,23,1.13062091e-03,0.00000000e+00,0.00000000e+00,1.13062091e-03,0
0,24,4.44139853e-04,0.00000000e+00,0.00000000e+00,-4.44139853e-04,0
0,25,1.45560612e-03,0.00000000e+00,0.00000000e+00,1.45560612e-03,0
0,26,2.80761645e-03,0.00000000e+00,0.00000000e+00,-2.80761645e-03,0
0,27,1.06902585e-03,0.00000000e+00,0.00000000e+00,-1.06902585e-03,0
0,28,1.59931234e-03,0.00000000e+00,0.00000000e+00,-1.59931234e-03,0
0,29,1.28316577e-03,0.00000000e+00,0.00000000e+00,-1.28316577e-03,0
0,30,7.79309768e-04,0.00000000e+00,0.00000000e+00,-7.79309768e-04,0
0,31,3.09719459e-03,0.00000000e+00,0.00000000e+00,-3.09719459e-03,0
0,32,1.15273876e-03,0.00000000e+00,0.00000000e+00,-1.15273876e-03,0
0,33,3.09719459e-03,0.00000000e+00,0.00000000e+00,-3.09719459e-03,0
0,34,7.79309768e-04,0.00000000e+00,0.00000000e+00,-7.79309768e-04,0
0,35,1.28316577e-03,0.00000000e+00,0.00000000e+00,-1.28316577e-03,0
0,36,1.59931234e-03,0.00000000e+00,0.00000000e+00,-1.59931234e-03,0
0,37,1.06902585e-03,0.00000000e+00,0.00000000e+00,-1.06902585e-03,0
0,38,2.80761645e-03,0.00000000e+00,0.00000000e+00,-2.80761645e-03,0
0,39,1.45560612e-03,0.00000000e+00,0.00000000e+00,1.45560612e-03,0
0,40,4.44139853e-04,0.00000000e+00,0.00000000e+00,-4.44139853e-04,0
0,41,1.13062091e-03,0.00000000e+00,0.00000000e+00,1.13062091e-03,0
0,42,7.25075522e-06,0.00000000e+00,0.00000000e+00,7.25075522e-06,0
0,43,1.78824091e-03,0.00000000e+00,0.00000000e+00,-1.78824091e-03,0
0,44,7.66120744e-04,0.00000000e+00,0.00000000e+00,-7.66120744e-04,0
0,45,1.33822377e-03,0.00000000e+00,0.00000000e+00,-1.33822377e-03,0
0,46,1.37704871e-03,0.00000000e+00,0.00000000e+00,-1.37704871e-03,0
0,47,8.49672473e-04,0.00000000e+00,0.00000000e+00,-8.49672473e-04,0
0,48,1.67034640e-03,0.00000000e+00,0.00000000e+00,-1.67034640e-03,0
0,49,4.15089725e-04,0.00000000e+00,0.00000000e+00,-4.15089725e-04,0
0,50,5.58150907e-04,0.00000000e+00,0.00000000e+00,-5.58150907e-04,0
0,51,7.62708241e-04,0.00000000e+00,0.00000000e+00,-7.62708241e-04,0
0,52,1.91779254e-03,0.00000000e+00,0.00000000e+00,-1.91779254e-03,0
0,53,8.34277153e-04,0.00000000e+00,0.00000000e+00,-8.34277153e-04,0
0,54,1.89258771e-04,0.00000000e+00,0.00000000e+00,-1.89258771e-04,0
0,55,8.97344581e-04,0.00000000e+00,0.00000000e+00,-8.97344581e-04,0
0,56,1.02605652e-03,0.00000000e+00,0.00000000e+00,-1.02605652e-03,0
0,57,2.13026022e-04,0.00000000e+00,0.00000000e+00,-2.13026022e-04,0
0,58,2.28574400e-04,0.00000000e+00,0.00000000e+00,2.28574400e-04,0
0,59,2.37833329e-03,0.00000000e+00,0.00000000e+00,2.37833329e-03,0
0,60,2.08500536e-03,0.00000000e+00,0.00000000e+00,2.08500536e-03,0
0,61,9.19713482e-04,0.00000000e+00,0.00000000e+00,-9.19713482e-04,0
0,62,8.85814313e-04,0.00000000e+00,0.00000000e+00,-8.85814313e-04,0
0,63,2.95659815e-04,0.00000000e+00,0.00000000e+00,-2.95659815e-04,0
1,0,2.95659815e-04,0.00000000e+00,0.00000000e+00,-2.95659815e-04,0
1,1,1.65632313e-03,0.00000000e+00,0.00000000e+00,1.65632313e-03,0
1,2,9.32139141e-04,0.00000000e+00,0.00000000e+00,9.32139141e-04,0
1,3,1.40051702e-03,0.00000000e+00,0.00000000e+00,-1.40051702e-03,0
1,4,2.21066061e-04,0.00000000e+00,0.00000000e+00,-2.21066061e-04,0
1,5,1.59839406e-03,0.00000000e+00,0.00000000e+00,-1.59839406e-03,0
1,6,4.63061550e-04,0.00000000e+00,0.00000000e+00,-4.63061550e-04,0
1,7,4.30053992e-04,0.00000000e+00,0.00000000e+00,4.30053992e-04,0
1,8,2.19614025e-03,0.00000000e+00,0.00000000e+00,-2.19614025e-03,0
1,9,4.80067103e-04,0.00000000e+00,0.00000000e+00,4.80067103e-04,0
1,10,8.98770837e-04,0.00000000e+00,0.00000000e+00,8.98770837e-04,0
1,11,2.31499832e-04,0.00000000e+00,0.00000000e+00,-2.31499832e-04,0
1,12,1.04065741e-03,0.00000000e+00,0.00000000e+00,-1.04065741e-03,0
1,13,7.15135476e-04,0.00000000e+00,0.00000000e+00,7.15135476e-04,0
1,14,4.47682231e-04,0.00000000e+00,0.00000000e+00,4.47682231e-04,0
1,15,9.55436510e-04,0.00000000e+00,0.00000000e+00,9.55436510e-04,0
1,16,3.14005877e-04,0.00000000e+00,0.00000000e+00,3.14005877e-04,0
1,17,5.78157195e-04,0.00000000e+00,0.00000000e+00,5.78157195e-04,0
1,18,3.22488082e-06,0.00000000e+00,0.00000000e+00,-3.22488082e-06,0
1,19,6.55594633e-04,0.00000000e+00,0.00000000e+00,-6.55594633e-04,0
1,20,4.07323977e-04,0.00000000e+00,0.00000000e+00,4.07323977e-04,0
1,21,4.96012030e-04,0.00000000e+00,0.00000000e+00,-4.96012030e-04,0
1,22,7.22282862e-05,0.00000000e+00,0.00000000e+00,7.22282862e-05,0
1,23,5.64938084e-04,0.00000000e+00,0.00000000e+00,5.64938084e-04,0
1,24,6.64925600e-04,0.00000000e+00,0.00000000e+00,6.64925600e-04,0
1,25,5.59280012e-04,0.00000000e+00,0.00000000e+00,5.59280012e-04,0
1,26,1.23771201e-05,0.00000000e+00,0.00000000e+00,-1.23771201e-05,0
1,27,1.06382387e-03,0.00000000e+00,0.00000000e+00,-1.06382387e-03,0
1,28,2.91644699e-04,0.00000000e+00,0.00000000e+00,-2.91644699e-04,0
1,29,2.87568685e-04,0.00000000e+00,0.00000000e+00,-2.87568685e-04,0
1,30,1.36858950e-03,0.00000000e+00,0.00000000e+00,-1.36858950e-03,0
1,31,6.06701145e-04,0.00000000e+00,0.00000000e+00,-6.06701145e-04,0
1,32,2.16740699e-03,0.00000000e+00,0.00000000e+00,-2.16740699e-03,0
1,33,6.06701145e-04,0.00000000e+00,0.00000000e+00,-6.06701145e-04,0
1,34,1.36858950e-03,0.00000000e+00,0.00000000e+00,-1.36858950e-03,0
1,35,2.87568685e-04,0.00000000e+00,0.00000000e+00,-2.87568685e-04,0
1,36,2.91644699e-04,0.00000000e+00,0.00000000e+00,-2.91644699e-04,0
1,37,1.06382387e-03,0.00000000e+00,0.00000000e+00,-1.06382387e-03,0
1,38,1.23771201e-05,0.00000000e+00,0.00000000e+00,-1.23771201e-05,0
1,39,5.59280012e-04,0.00000000e+00,0.00000000e+00,5.59280012e-04,0
1,40,6.64925600e-04,0.00000000e+00,0.00000000e+00,6.64925600e-04,0
1,41,5.64938084e-04,0.00000000e+00,0.00000000e+00,5.64938084e-04,0
1,42,7.22282862e-05,0.00000000e+00,0.00000000e+00,7.22282862e-05,0
1,43,4.96012030e-04,0.00000000e+00,0.00000000e+00,-4.96012030e-04,0
1,44,4.07323977e-04,0.00000000e+00,0.00000000e+00,4.07323977e-04,0
1,45,6.55594633e-04,0.00000000e+00,0.00000000e+00,-6.55594633e-04,0
1,46,3.22488082e-06,0.00000000e+00,0.00000000e+00,-3.22488082e-06,0
1,47,5.78157195e-04,0.00000000e+00,0.00000000e+00,5.78157195e-04,0
1,48,3.14005877e-04,0.00000000e+00,0.00000000e+00,3.14005877e-04,0
1,49,9.55436510e-04,0.00000000e+00,0.00000000e+00,9.55436510e-04,0
1,50,4.47682231e-04,0.00000000e+00,0.00000000e+00,4.47682231e-04,0
1,51,7.15135476e-04,0.00000000e+00,0.00000000e+00,7.15135476e-04,0
1,52,1.04065741e-03,0.00000000e+00,0.00000000e+00,-1.04065741e-03,0
1,53,2.31499832e-04,0.00000000e+00,0.00000000e+00,-2.31499832e-04,0
1,54,8.98770837e-04,0.00000000e+00,0.00000000e+00,8.98770837e-04,0
1,55,4.80067103e-04,0.00000000e+00,0.00000000e+00,4.80067103e-04,0
1,56,2.19614025e-03,0.00000000e+00,0.00000000e+00,-2.19614025e-03,0
1,57,4.30053992e-04,0.00000000e+00,0.00000000e+00,4.30053992e-04,0
1,58,4.63061550e-04,0.00000000e+00,0.00000000e+00,-4.63061550e-04,0
1,59,1.59839406e-03,0.00000000e+00,0.00000000e+00,-1.59839406e-03,0
1,60,2.21066061e-04,0.00000000e+00,0.00000000e+00,-2.21066061e-04,0
1,61,1.40051702e-03,0.00000000e+00,0.00000000e+00,-1.40051702e-03,0
1,62,9.32139141e-04,0.00000000e+00,0.00000000e+00,9.32139141e-04,0
1,63,1.65632313e-03,0.00000000e+00,0.00000000e+00,1.65632313e-03,0
2,0,8.85814313e-04,0.00000000e+00,0.00000000e+00,-8.85814313e-04,0
2,1,9.32139141e-04,0.00000000e+00,0.00000000e+00,9.32139141e-04,0
2,2,6.85867958e-04,0.00000000e+00,0.00000000e+00,6.85867958e-04,0
2,3,5.00149050e-04,0.00000000e+00,0.00000000e+00,5.00149050e-04,0
2,4,1.90149996e-04,0.00000000e+00,0.00000000e+00,-1.90149996e-04,0
2,5,2.13028256e-03,0.00000000e+00,0.00000000e+00,-2.13028256e-03,0
2,6,9.20590626e-04,0.00000000e+00,0.00000000e+00,-9.20590626e-04,0
2,7,5.00398105e-04,0.00000000e+00,0.00000000e+00,5.00398105e-04,0
2,8,2.78843623e-04,0.00000000e+00,0.00000000e+00,2.78843623e-04,0
2,9,4.67890023e-04,0.00000000e+00,0.00000000e+00,4.67890023e-04,0
2,10,1.28817126e-03,0.00000000e+00,0.00000000e+00,1.28817126e-03,0
2,11,2.31996982e-03,0.00000000e+00,0.00000000e+00,-2.31996982e-03,0
2,12,1.54629606e-03,0.00000000e+00,0.00000000e+00,-1.54629606e-03,0
2,13,6.47134022e-04,0.00000000e+00,0.00000000e+00,-6.47134022e-04,0
2,14,3.08085751e-04,0.00000000e+00,0.00000000e+00,3.08085751e-04,0
2,15,2.61632509e-04,0.00000000e+00,0.00000000e+00,2.61632509e-04,0
2,16,8.98979302e-05,0.00000000e+00,0.00000000e+00,-8.98979302e-05,0
2,17,6.87580081e-05,0.00000000e+00,0.00000000e+00,-6.87580081e-05,0
2,18,4.48317356e-04,0.00000000e+00,0.00000000e+00,4.48317356e-04,0
2,19,1.07182248e-03,0.00000000e+00,0.00000000e+00,-1.07182248e-03,0
2,20,9.17834700e-04,0.00000000e+00,0.00000000e+00,-9.17834700e-04,0
2,21,1.29674063e-04,0.00000000e+00,0.00000000e+00,1.29674063e-04,0
2,22,4.24535725e-04,0.00000000e+00,0.00000000e+00,-4.24535725e-04,0
2,23,1.67808475e-03,0.00000000e+00,0.00000000e+00,-1.67808475e-03,0
2,24,6.10632174e-04,0.00000000e+00,0.00000000e+00,-6.10632174e-04,0
2,25,6.04722794e-04,0.00000000e+00,0.00000000e+00,-6.04722794e-04,0
2,26,1.21248007e-04,0.00000000e+00,0.00000000e+00,1.21248007e-04,0
2,27,2.88067594e-04,0.00000000e+00,0.00000000e+00,-2.88067594e-04,0
2,28,5.28451295e-04,0.00000000e+00,0.00000000e+00,-5.28451295e-04,0
2,29,9.84580026e-04,0.00000000e+00,0.00000000e+00,-9.84580026e-04,0
2,30,1.48072390e-03,0.00000000e+00,0.00000000e+00,-1.48072390e-03,0
2,31,1.53629535e-03,0.00000000e+00,0.00000000e+00,-1.53629535e-03,0
2,32,1.26937179e-03,0.00000000e+00,0.00000000e+00,-1.26937179e-03,0
2,33,1.53629535e-03,0.00000000e+00,0.00000000e+00,-1.53629535e-03,0
2,34,1.48072390e-03,0.00000000e+00,0.00000000e+00,-1.48072390e-03,0
2,35,9.84580026e-04,0.00000000e+00,0.00000000e+00,-9.84580026e-04,0
2,36,5.28451295e-04,0.00000000e+00,0.00000000e+00,-5.28451295e-04,0
2,37,2.88067594e-04,0.00000000e+00,0.00000000e+00,-2.88067594e-04,0
2,38,1.21248007e-04,0.00000000e+00,0.00000000e+00,1.21248007e-04,0
2,39,6.04722794e-04,0.00000000e+00,0.00000000e+00,-6.04722794e-04,0
2,40,6.10632174e-04,0.00000000e+00,0.00000000e+00,-6.10632174e-04,0
2,41,1.67808475e-03,0.00000000e+00,0.00000000e+00,-1.67808475e-03,0
2,42,4.24535725e-04,0.00000000e+00,0.00000000e+00,-4.24535725e-04,0
2,43,1.29674063e-04,0.00000000e+00,0.00000000e+00,1.29674063e-04,0
2,44,9.17834700e-04,0.00000000e+00,0.00000000e+00,-9.17834700e-04,0
2,45,1.07182248e-03,0.00000000e+00,0.00000000e+00,-1.07182248e-03,0
2,46,4.48317356e-04,0.00000000e+00,0.00000000e+00,4.48317356e-04,0
2,47,6.87580081e-05,0.00000000e+00,0.00000000e+00,-6.87580081e-05,0
2,48,8.98979302e-05,0.00000000e+00,0.00000000e+00,-8.98979302e-05,0
2,49,2.61632509e-04,0.00000000e+00,0.00000000e+00,2.61632509e-04,0
2,50,3.08085751e-04,0.00000000e+00,0.00000000e+00,3.08085751e-04,0
2,51,6.47134022e-04,0.00000000e+00,0.00000000e+00,-6.47134022e-04,0
2,52,1.54629606e-03,0.00000000e+00,0.00000000e+00,-1.54629606e-03,0
2,53,2.31996982e-03,0.00000000e+00,0.00000000e+00,-2.31996982e-03,0
2,54,1.28817126e-03,0.00000000e+00,0.00000000e+00,1.28817126e-03,0
2,55,4.67890023e-04,0.00000000e+00,0.00000000e+00,4.67890023e-04,0
2,56,2.78843623e-04,0.00000000e+00,0.00000000e+00,2.78843623e-04,0
2,57,5.00398105e-04,0.00000000e+00,0.00000000e+00,5.00398105e-04,0
2,58,9.20590626e-04,0.00000000e+00,0.00000000e+00,-9.20590626e-04,0
2,59,2.13028256e-03,0.00000000e+00,0.00000000e+00,-2.13028256e-03,0
2,60,1.90149996e-04,0.00000000e+00,0.00000000e+00,-1.90149996e-04,0
2,61,5.00149050e-04,0.00000000e+00,0.00000000e+00,5.00149050e-04,0
2,62,6.85867958e-04,0.00000000e+00,0.00000000e+00,6.85867958e-04,0
2,63,9.32139141e-04,0.00000000e+00,0.00000000e+00,9.32139141e-04,0
3,0,9.19713482e-04,0.00000000e+00,0.00000000e+00,-9.19713482e-04,0
3,1,1.40051702e-03,0.00000000e+00,0.00000000e+00,-1.40051702e-03,0
3,2,5.00149050e-04,0.00000000e+00,0.00000000e+00,5.00149050e-04,0
3,3,1.81855310e-03,0.00000000e+00,0.00000000e+00,1.81855310e-03,0
3,4,4.42752751e-04,0.00000000e+00,0.00000000e+00,-4.42752751e-04,0
3,5,7.43692161e-04,0.00000000e+00,0.00000000e+00,7.43692161e-04,0
3,6,6.85985021e-04,0.00000000e+00,0.00000000e+00,-6.85985021e-04,0
3,7,9.26649075e-04,0.00000000e+00,0.00000000e+00,-9.26649075e-04,0
3,8,9.02851402e-04,0.00000000e+00,0.00000000e+00,9.02851402e-04,0
3,9,9.92582515e-04,0.00000000e+00,0.00000000e+00,-9.92582515e-04,0
3,10,4.53075104e-04,0.00000000e+00,0.00000000e+00,-4.53075104e-04,0
3,11,7.79605689e-04,0.00000000e+00,0.00000000e+00,-7.79605689e-04,0
3,12,1.25882947e-03,0.00000000e+00,0.00000000e+00,1.25882947e-03,0
3,13,8.93754911e-04,0.00000000e+00,0.00000000e+00,-8.93754911e-04,0
3,14,4.83013029e-04,0.00000000e+00,0.00000000e+00,4.83013029e-04,0
3,15,1.03316904e-03,0.00000000e+00,0.00000000e+00,-1.03316904e-03,0
3,16,1.08693258e-03,0.00000000e+00,0.00000000e+00,-1.08693258e-03,0
3,17,6.66648899e-04,0.00000000e+00,0.00000000e+00,-6.66648899e-04,0
3,18,7.96116156e-04,0.00000000e+00,0.00000000e+00,7.96116156e-04,0
3,19,5.40737865e-04,0.00000000e+00,0.00000000e+00,-5.40737865e-04,0
3,20,1.16055355e-03,0.00000000e+00,0.00000000e+00,-1.16055355e-03,0
3,21,2.88367402e-05,0.00000000e+00,0.00000000e+00,-2.88367402e-05,0
3,22,5.22423330e-04,0.00000000e+00,0.00000000e+00,5.22423330e-04,0
3,23,1.36104408e-03,0.00000000e+00,0.00000000e+00,-1.36104408e-03,0
3,24,7.03986332e-05,0.00000000e+00,0.00000000e+00,-7.03986332e-05,0
3,25,1.00824774e-03,0.00000000e+00,0.00000000e+00,-1.00824774e-03,0
3,26,1.38638992e-04,0.00000000e+00,0.00000000e+00,1.38638992e-04,0
3,27,2.35392135e-04,0.00000000e+00,0.00000000e+00,-2.35392135e-04,0
3,28,6.89721616e-04,0.00000000e+00,0.00000000e+00,-6.89721616e-04,0
3,29,1.78308837e-03,0.00000000e+00,0.00000000e+00,-1.78308837e-03,0
3,30,1.30298691e-03,0.00000000e+00,0.00000000e+00,-1.30298691e-03,0
3,31,1.73025123e-03,0.00000000e+00,0.00000000e+00,-1.73025123e-03,0
3,32,5.63654293e-05,0.00000000e+00,0.00000000e+00,-5.63654293e-05,0
3,33,1.73025123e-03,0.00000000e+00,0.00000000e+00,-1.73025123e-03,0
3,34,1.30298691e-03,0.00000000e+00,0.00000000e+00,-1.30298691e-03,0
3,35,1.78308837e-03,0.00000000e+00,0.00000000e+00,-1.78308837e-03,0
3,36,6.89721616e-04,0.00000000e+00,0.00000000e+00,-6.89721616e-04,0
3,37,2.35392135e-04,0.00000000e+00,0.00000000e+00,-2.35392135e-04,0
3,38,1.38638992e-04,0.00000000e+00,0.00000000e+00,1.38638992e-04,0
3,39,1.00824774e-03,0.00000000e+00,0.00000000e+00,-1.00824774e-03,0
3,40,7.03986332e-05,0.00000000e+00,0.00000000e+00,-7.03986332e-05,0
3,41,1.36104408e-03,0.00000000e+00,0.00000000e+00,-1.36104408e-03,0
3,42,5.22423330e-04,0.00000000e+00,0.00000000e+00,5.22423330e-04,0
3,43,2.88367402e-05,0.00000000e+00,0.00000000e+00,-2.88367402e-05,0
3,44,1.16055355e-03,0.00000000e+00,0.00000000e+00,-1.16055355e-03,0
3,45,5.40737865e-04,0.00000000e+00,0.00000000e+00,-5.40737865e-04,0
3,46,7.96116156e-04,0.00000000e+00,0.00000000e+00,7.96116156e-04,0
3,47,6.66648899e-04,0.00000000e+00,0.00000000e+00,-6.66648899e-04,0
3,48,1.08693258e-03,0.00000000e+00,0.00000000e+00,-1.08693258e-03,0
3,49,1.03316904e-03,0.00000000e+00,0.00000000e+00,-1.03316904e-03,0
3,50,4.83013029e-04,0.00000000e+00,0.00000000e+00,4.83013029e-04,0
3,51,8.93754911e-04,0.00000000e+00,0.00000000e+00,-8.93754911e-04,0
3,52,1.25882947e-03,0.00000000e+00,0.00000000e+00,1.25882947e-03,0
3,53,7.79605689e-04,0.00000000e+00,0.00000000e+00,-7.79605689e-04,0
3,54,4.53075104e-04,0.00000000e+00,0.00000000e+00,-4.53075104e-04,0
3,55,9.92582515e-04,0.00000000e+00,0.00000000e+00,-9.92582515e-04,0
3,56,9.02851402e-04,0.00000000e+00,0.00000000e+00,9.02851402e-04,0
3,57,9.26649075e-04,0.00000000e+00,0.00000000e+00,-9.26649075e-04,0
3,58,6.85985021e-04,0.00000000e+00,0.00000000e+00,-6.85985021e-04,0
3,59,7.43692161e-04,0.00000000e+00,0.00000000e+00,7.43692161e-04,0
3,60,4.42752751e-04,0.00000000e+00,0.00000000e+00,-4.42752751e-04,0
3,61,1.81855310e-03,0.00000000e+00,0.00000000e+00,1.81855310e-03,0
3,62,5.00149050e-04,0.00000000e+00,0.00000000e+00,5.00149050e-04,0
3,63,1.40051702e-03,0.00000000e+00,0.00000000e+00,-1.40051702e-03,0
4,0,2.08500536e-03,0.00000000e+00,0.00000000e+00,2.08500536e-03,0
4,1,2.21066061e-04,0.00000000e+00,0.00000000e+00,-2.21066061e-04,0
4,2,1.90149996e-04,0.00000000e+00,0.00000000e+00,-1.90149996e-04,0
4,3,4.42752751e-04,0.00000000e+00,0.00000000e+00,-4.42752751e-04,0
4,4,1.58720437e-03,0.00000000e+00,0.00000000e+00,-1.58720437e-03,0
4,5,1.04538047e-03,0.00000000e+00,0.00000000e+00,1.04538047e-03,0
4,6,4.39060709e-04,0.00000000e+00,0.00000000e+00,4.39060709e-04,0
4,7,7.52323230e-04,0.00000000e+00,0.00000000e+00,-7.52323230e-04,0
4,8,2.96194044e-04,0.00000000e+00,0.00000000e+00,2.96194044e-04,0
4,9,1.04252321e-03,0.00000000e+00,0.00000000e+00,-1.04252321e-03,0
4,10,2.50671025e-03,0.00000000e+00,0.00000000e+00,-2.50671025e-03,0
4,11,2.01327410e-03,0.00000000e+00,0.00000000e+00,2.01327410e-03,0
4,12,3.32333292e-03,0.00000000e+00,0.00000000e+00,3.32333292e-03,0
4,13,7.91422977e-04,0.00000000e+00,0.00000000e+00,7.91422977e-04,0
4,14,8.10263895e-04,0.00000000e+00,0.00000000e+00,-8.10263895e-04,0
4,15,9.58256623e-04,0.00000000e+00,0.00000000e+00,-9.58256623e-04,0
4,16,1.44730807e-04,0.00000000e+00,0.00000000e+00,1.44730807e-04,0
4,17,8.66735470e-04,0.00000000e+00,0.00000000e+00,8.66735470e-04,0
4,18,4.38489446e-04,0.00000000e+00,0.00000000e+00,-4.38489446e-04,0
4,19,1.35719198e-03,0.00000000e+00,0.00000000e+00,1.35719198e-03,0
4,20,4.65003316e-04,0.00000000e+00,0.00000000e+00,4.65003316e-04,0
4,21,6.99575301e-04,0.00000000e+00,0.00000000e+00,-6.99575301e-04,0
4,22,9.56106355e-04,0.00000000e+00,0.00000000e+00,-9.56106355e-04,0
4,23,4.76504985e-04,0.00000000e+00,0.00000000e+00,4.76504985e-04,0
4,24,6.31059684e-04,0.00000000e+00,0.00000000e+00,-6.31059684e-04,0
4,25,3.64701375e-04,0.00000000e+00,0.00000000e+00,-3.64701375e-04,0
4,26,2.18212333e-04,0.00000000e+00,0.00000000e+00,-2.18212333e-04,0
4,27,3.07731732e-04,0.00000000e+00,0.00000000e+00,-3.07731732e-04,0
4,28,1.43519537e-04,0.00000000e+00,0.00000000e+00,1.43519537e-04,0
4,29,7.95267817e-04,0.00000000e+00,0.00000000e+00,-7.95267817e-04,0
4,30,5.84318851e-04,0.00000000e+00,0.00000000e+00,-5.84318851e-04,0
4,31,8.73566782e-04,0.00000000e+00,0.00000000e+00,8.73566782e-04,0
4,32,5.09747423e-04,0.00000000e+00,0.00000000e+00,5.09747423e-04,0
4,33,8.73566782e-04,0.00000000e+00,0.00000000e+00,8.73566782e-04,0
4,34,5.84318851e-04,0.00000000e+00,0.00000000e+00,-5.84318851e-04,0
4,35,7.95267817e-04,0.00000000e+00,0.00000000e+00,-7.95267817e-04,0
4,36,1.43519537e-04,0.00000000e+00,0.00000000e+00,1.43519537e-04,0
4,37,3.07731732e-04,0.00000000e+00,0.00000000e+00,-3.07731732e-04,0
4,38,2.18212333e-04,0.00000000e+00,0.00000000e+00,-2.18212333e-04,0
4,39,3.64701375e-04,0.00000000e+00,0.00000000e+00,-3.64701375e-04,0
4,40,6.31059684e-04,0.00000000e+00,0.00000000e+00,-6.31059684e-04,0
4,41,4.76504985e-04,0.00000000e+00,0.00000000e+00,4.76504985e-04,0
4,42,9.56106355e-04,0.00000000e+00,0.00000000e+00,-9.56106355e-04,0
4,43,6.99575301e-04,0.00000000e+00,0.00000000e+00,-6.99575301e-04,0
4,44,4.65003316e-04,0.00000000e+00,0.00000000e+00,4.65003316e-04,0
4,45,1.35719198e-03,0.00000000e+00,0.00000000e+00,1.35719198e-03,0
4,46,4.38489446e-04,0.00000000e+00,0.00000000e+00,-4.38489446e-04,0
4,47,8.66735470e-04,0.00000000e+00,0.00000000e+00,8.66735470e-04,0
4,48,1.44730807e-04,0.00000000e+00,0.00000000e+00,1.44730807e-04,0
4,49,9.58256623e-04,0.00000000e+00,0.00000000e+00,-9.58256623e-04,0
4,50,8.10263895e-04,0.00000000e+00,0.00000000e+00,-8.10263895e-04,0
4,51,7.91422977e-04,0.00000000e+00,0.00000000e+00,7.91422977e-04,0
4,52,3.32333292e-03,0.00000000e+00,0.00000000e+00,3.32333292e-03,0
4,53,2.01327410e-03,0.00000000e+00,0.00000000e+00,2.01327410e-03,0
4,54,2.50671025e-03,0.00000000e+00,0.00000000e+00,-2.50671025e-03,0
4,55,1.04252321e-03,0.00000000e+00,0.00000000e+00,-1.04252321e-03,0
4,56,2.96194044e-04,0.00000000e+00,0.00000000e+00,2.96194044e-04,0
4,57,7.52323230e-04,0.00000000e+00,0.00000000e+00,-7.52323230e-04,0
4,58,4.39060709e-04,0.00000000e+00,0.00000000e+00,4.39060709e-04,0
4,59,1.04538047e-03,0.00000000e+00,0.00000000e+00,1.04538047e-03,0
4,60,1.58720437e-03,0.00000000e+00,0.00000000e+00,-1.58720437e-03,0
4,61,4.42752751e-04,0.00000000e+00,0.00000000e+00,-4.42752751e-04,0
4,62,1.90149996e-04,0.00000000e+00,0.00000000e+00,-1.90149996e-04,0
4,63,2.21066061e-04,0.00000000e+00,0.00000000e+00,-2.21066061e-04,0
5,0,2.37833329e-03,0.00000000e+00,0.00000000e+00,2.37833329e-03,0
5,1,1.59839406e-03,0.00000000e+00,0.00000000e+00,-1.59839406e-03,0
5,2,2.13028256e-03,0.00000000e+00,0.00000000e+00,-2.13028256e-03,0
5,3,7.43692161e-04,0.00000000e+00,0.00000000e+00,7.43692161e-04,0
5,4,1.04538047e-03,0.00000000e+00,0.00000000e+00,1.04538047e-03,0
5,5,2.05667952e-03,0.00000000e+00,0.00000000e+00,2.05667952e-03,0
5,6,8.05348605e-04,0.00000000e+00,0.00000000e+00,-8.05348605e-04,0
5,7,6.47252111e-04,0.00000000e+00,0.00000000e+00,-6.47252111e-04,0
5,8,2.23513781e-03,0.00000000e+00,0.00000000e+00,2.23513781e-03,0
5,9,4.11715794e-04,0.00000000e+00,0.00000000e+00,4.11715794e-04,0
5,10,4.78912175e-04,0.00000000e+00,0.00000000e+00,-4.78912175e-04,0
5,11,6.55527920e-04,0.00000000e+00,0.00000000e+00,-6.55527920e-04,0
5,12,3.81560392e-04,0.00000000e+00,0.00000000e+00,-3.81560392e-04,0
5,13,1.00024530e-03,0.00000000e+00,0.00000000e+00,-1.00024530e-03,0
5,14,1.20123639e-03,0.00000000e+00,0.00000000e+00,-1.20123639e-03,0
5,15,4.66294341e-04,0.00000000e+00,0.00000000e+00,-4.66294341e-04,0
5,16,4.47963335e-04,0.00000000e+00,0.00000000e+00,4.47963335e-04,0
5,17,1.03220431e-03,0.00000000e+00,0.00000000e+00,-1.03220431e-03,0
5,18,1.43058561e-03,0.00000000e+00,0.00000000e+00,-1.43058561e-03,0
5,19,1.39856062e-03,0.00000000e+00,0.00000000e+00,1.39856062e-03,0
5,20,9.49445324e-05,0.00000000e+00,0.00000000e+00,-9.49445324e-05,0
5,21,1.26148838e-03,0.00000000e+00,0.00000000e+00,-1.26148838e-03,0
5,22,1.70688188e-03,0.00000000e+00,0.00000000e+00,-1.70688188e-03,0
5,23,1.60530688e-03,0.00000000e+00,0.00000000e+00,-1.60530688e-03,0
5,24,7.96014971e-04,0.00000000e+00,0.00000000e+00,-7.96014971e-04,0
5,25,1.02816744e-03,0.00000000e+00,0.00000000e+00,-1.02816744e-03,0
5,26,1.65634488e-03,0.00000000e+00,0.00000000e+00,-1.65634488e-03,0
5,27,2.36476260e-04,0.00000000e+00,0.00000000e+00,2.36476260e-04,0
5,28,6.51195056e-04,0.00000000e+00,0.00000000e+00,-6.51195056e-04,0
5,29,4.15195004e-04,0.00000000e+00,0.00000000e+00,-4.15195004e-04,0
5,30,7.53455202e-05,0.00000000e+00,0.00000000e+00,7.53455202e-05,0
5,31,6.17889183e-04,0.00000000e+00,0.00000000e+00,-6.17889183e-04,0
5,32,1.04624744e-03,0.00000000e+00,0.00000000e+00,1.04624744e-03,0
5,33,6.17889183e-04,0.00000000e+00,0.00000000e+00,-6.17889183e-04,0
5,34,7.53455202e-05,0.00000000e+00,0.00000000e+00,7.53455202e-05,0
5,35,4.15195004e-04,0.00000000e+00,0.00000000e+00,-4.15195004e-04,0
5,36,6.51195056e-04,0.00000000e+00,0.00000000e+00,-6.51195056e-04,0
5,37,2.36476260e-04,0.00000000e+00,0.00000000e+00,2.36476260e-04,0
5,38,1.65634488e-03,0.00000000e+00,0.00000000e+00,-1.65634488e-03,0
5,39,1.02816744e-03,0.00000000e+00,0.00000000e+00,-1.02816744e-03,0
5,40,7.96014971e-04,0.00000000e+00,0.00000000e+00,-7.96014971e-04,0
5,41,1.60530688e-03,0.00000000e+00,0.00000000e+00,-1.60530688e-03,0
5,42,1.70688188e-03,0.00000000e+00,0.00000000e+00,-1.70688188e-03,0
5,43,1.26148838e-03,0.00000000e+00,0.00000000e+00,-1.26148838e-03,0
5,44,9.49445324e-05,0.00000000e+00,0.00000000e+00,-9.49445324e-05,0
5,45,1.39856062e-03,0.00000000e+00,0.00000000e+00,1.39856062e-03,0
5,46,1.43058561e-03,0.00000000e+00,0.00000000e+00,-1.43058561e-03,0
5,47,1.03220431e-03,0.00000000e+00,0.00000000e+00,-1.03220431e-03,0
5,48,4.47963335e-04,0.00000000e+00,0.00000000e+00,4.47963335e-04,0
5,49,4.66294341e-04,0.00000000e+00,0.00000000e+00,-4.66294341e-04,0
5,50,1.20123639e-03,0.00000000e+00,0.00000000e+00,-1.20123639e-03,0
5,51,1.00024530e-03,0.00000000e+00,0.00000000e+00,-1.00024530e-03,0
5,52,3.81560392e-04,0.00000000e+00,0.00000000e+00,-3.81560392e-04,0
5,53,6.55527920e-04,0.00000000e+00,0.00000000e+00,-6.55527920e-04,0
5,54,4.78912175e-04,0.00000000e+00,0.00000000e+00,-4.78912175e-04,0
5,55,4.11715794e-04,0.00000000e+00,0.00000000e+00,4.11715794e-04,0
5,56,2.23513781e-03,0.00000000e+00,0.00000000e+00,2.23513781e-03,0
5,57,6.47252111e-04,0.00000000e+00,0.00000000e+00,-6.47252111e-04,0
5,58,8.05348605e-04,0.00000000e+00,0.00000000e+00,-8.05348605e-04,0
5,59,2.05667952e-03,0.00000000e+00,0.00000000e+00,2.05667952e-03,0
5,60,1.04538047e-03,0.00000000e+00,0.00000000e+00,1.04538047e-03,0
5,61,7.43692161e-04,0.00000000e+00,0.00000000e+00,7.43692161e-04,0
5,62,2.13028256e-03,0.00000000e+00,0.00000000e+00,-2.13028256e-03,0
5,63,1.59839406e-03,0.00000000e+00,0.00000000e+00,-1.59839406e-03,0
6,0,2.28574400e-04,0.00000000e+00,0.00000000e+00,2.28574400e-04,0
6,1,4.63061550e-04,0.00000000e+00,0.00000000e+00,-4.63061550e-04,0
6,2,9.20590626e-04,0.00000000e+00,0.00000000e+00,-9.20590626e-04,0
6,3,6.85985021e-04,0.00000000e+00,0.00000000e+00,-6.85985021e-04,0
6,4,4.39060709e-04,0.00000000e+00,0.00000000e+00,4.39060709e-04,0
6,5,8.05348605e-04,0.00000000e+00,0.00000000e+00,-8.05348605e-04,0
6,6,5.64998337e-04,0.00000000e+00,0.00000000e+00,-5.64998337e-04,0
6,7,1.18995558e-03,0.00000000e+00,0.00000000e+00,1.18995558e-03,0
6,8,1.48135505e-03,0.00000000e+00,0.00000000e+00,1.48135505e-03,0
6,9,2.31511135e-04,0.00000000e+00,0.00000000e+00,2.31511135e-04,0
6,10,4.97576400e-04,0.00000000e+00,0.00000000e+00,-4.97576400e-04,0
6,11,2.13219551e-03,0.00000000e+00,0.00000000e+00,2.13219551e-03,0
6,12,1.15519046e-03,0.00000000e+00,0.00000000e+00,1.15519046e-03,0
6,13,2.10889090e-03,0.00000000e+00,0.00000000e+00,2.10889090e-03,0
6,14,1.07428443e-03,0.00000000e+00,0.00000000e+00,-1.07428443e-03,0
6,15,2.44504313e-04,0.00000000e+00,0.00000000e+00,-2.44504313e-04,0
6,16,1.70985163e-03,0.00000000e+00,0.00000000e+00,1.70985163e-03,0
6,17,7.18074891e-04,0.00000000e+00,0.00000000e+00,7.18074891e-04,0
6,18,7.29584516e-04,0.00000000e+00,0.00000000e+00,-7.29584516e-04,0
6,19,8.91087256e-04,0.00000000e+00,0.00000000e+00,8.91087256e-04,0
6,20,8.84386841e-04,0.00000000e+00,0.00000000e+00,-8.84386841e-04,0
6,21,8.68466231e-04,0.00000000e+00,0.00000000e+00,8.68466231e-04,0
6,22,9.44125105e-05,0.00000000e+00,0.00000000e+00,9.44125105e-05,0
6,23,1.74153854e-04,0.00000000e+00,0.00000000e+00,1.74153854e-04,0
6,24,8.38992983e-04,0.00000000e+00,0.00000000e+00,8.38992983e-04,0
6,25,6.82565878e-04,0.00000000e+00,0.00000000e+00,-6.82565878e-04,0
6,26,9.11073512e-05,0.00000000e+00,0.00000000e+00,-9.11073512e-05,0
6,27,3.40066255e-04,0.00000000e+00,0.00000000e+00,-3.40066255e-04,0
6,28,3.15548986e-04,0.00000000e+00,0.00000000e+00,-3.15548986e-04,0
6,29,8.10251709e-04,0.00000000e+00,0.00000000e+00,8.10251709e-04,0
6,30,6.02339480e-04,0.00000000e+00,0.00000000e+00,6.02339480e-04,0
6,31,1.16200684e-03,0.00000000e+00,0.00000000e+00,1.16200684e-03,0
6,32,4.60917840e-04,0.00000000e+00,0.00000000e+00,4.60917840e-04,0
6,33,1.16200684e-03,0.00000000e+00,0.00000000e+00,1.16200684e-03,0
6,34,6.02339480e-04,0.00000000e+00,0.00000000e+00,6.02339480e-04,0
6,35,8.10251709e-04,0.00000000e+00,0.00000000e+00,8.10251709e-04,0
6,36,3.15548986e-04,0.00000000e+00,0.00000000e+00,-3.15548986e-04,0
6,37,3.40066255e-04,0.00000000e+00,0.00000000e+00,-3.40066255e-04,0
6,38,9.11073512e-05,0.00000000e+00,0.00000000e+00,-9.11073512e-05,0
6,39,6.82565878e-04,0.00000000e+00,0.00000000e+00,-6.82565878e-04,0
6,40,8.38992983e-04,0.00000000e+00,0.00000000e+00,8.38992983e-04,0
6,41,1.74153854e-04,0.00000000e+00,0.00000000e+00,1.74153854e-04,0
6,42,9.44125105e-05,0.00000000e+00,0.00000000e+00,9.44125105e-05,0
6,43,8.68466231e-04,0.00000000e+00,0.00000000e+00,8.68466231e-04,0
6,44,8.84386841e-04,0.00000000e+00,0.00000000e+00,-8.84386841e-04,0
6,45,8.91087256e-04,0.00000000e+00,0.00000000e+00,8.91087256e-04,0
6,46,7.29584516e-04,0.00000000e+00,0.00000000e+00,-7.29584516e-04,0
6,47,7.18074891e-04,0.00000000e+00,0.00000000e+00,7.18074891e-04,0
6,48,1.70985163e-03,0.00000000e+00,0.00000000e+00,1.70985163e-03,0
6,49,2.44504313e-04,0.00000000e+00,0.00000000e+00,-2.44504313e-04,0
6,50,1.07428443e-03,0.00000000e+00,0.00000000e+00,-1.07428443e-03,0
6,51,2.10889090e-03,0.00000000e+00,0.00000000e+00,2.10889090e-03,0
6,52,1.15519046e-03,0.00000000e+00,0.00000000e+00,1.15519046e-03,0
6,53,2.13219551e-03,0.00000000e+00,0.00000000e+00,2.13219551e-03,0
6,54,4.97576400e-04,0.00000000e+00,0.00000000e+00,-4.97576400e-04,0
6,55,2.31511135e-04,0.00000000e+00,0.00000000e+00,2.31511135e-04,0
6,56,1.48135505e-03,0.00000000e+00,0.00000000e+00,1.48135505e-03,0
6,57,1.18995558e-03,0.00000000e+00,0.00000000e+00,1.18995558e-03,0
6,58,5.64998337e-04,0.00000000e+00,0.00000000e+00,-5.64998337e-04,0
6,59,8.05348605e-04,0.00000000e+00,0.00000000e+00,-8.05348605e-04,0
6,60,4.39060709e-04,0.00000000e+00,0.00000000e+00,4.39060709e-04,0
6,61,6.85985021e-04,0.00000000e+00,0.00000000e+00,-6.85985021e-04,0
6,62,9.20590626e-04,0.00000000e+00,0.00000000e+00,-9.20590626e-04,0
6,63,4.63061550e-04,0.00000000e+00,0.00000000e+00,-4.63061550e-04,0
7,0,2.13026022e-04,0.00000000e+00,0.00000000e+00,-2.13026022e-04,0
7,1,4.30053992e-04,0.00000000e+00,0.00000000e+00,4.30053992e-04,0
7,2,5.00398105e-04,0.00000000e+00,0.00000000e+00,5.00398105e-04,0
7,3,9.26649075e-04,0.00000000e+00,0.00000000e+00,-9.26649075e-04,0
7,4,7.52323230e-04,0.00000000e+00,0.00000000e+00,-7.52323230e-04,0
7,5,6.47252111e-04,0.00000000e+00,0.00000000e+00,-6.47252111e-04,0
7,6,1.18995558e-03,0.00000000e+00,0.00000000e+00,1.18995558e-03,0
7,7,1.29639308e-03,0.00000000e+00,0.00000000e+00,1.29639308e-03,0
7,8,1.11011767e-03,0.00000000e+00,0.00000000e+00,-1.11011767e-03,0
7,9,8.51402011e-04,0.00000000e+00,0.00000000e+00,-8.51402011e-04,0
7,10,8.45767767e-04,0.00000000e+00,0.00000000e+00,8.45767767e-04,0
7,11,8.76707845e-04,0.00000000e+00,0.00000000e+00,8.76707845e-04,0
7,12,1.98689212e-03,0.00000000e+00,0.00000000e+00,-1.98689212e-03,0
7,13,1.42633876e-03,0.00000000e+00,0.00000000e+00,1.42633876e-03,0
7,14,9.89442750e-04,0.00000000e+00,0.00000000e+00,9.89442750e-04,0
7,15,6.51707234e-04,0.00000000e+00,0.00000000e+00,-6.51707234e-04,0
7,16,1.11655305e-04,0.00000000e+00,0.00000000e+00,-1.11655305e-04,0
7,17,7.39370321e-04,0.00000000e+00,0.00000000e+00,7.39370321e-04,0
7,18,4.57867343e-04,0.00000000e+00,0.00000000e+00,-4.57867343e-04,0
7,19,4.19075383e-05,0.00000000e+00,0.00000000e+00,4.19075383e-05,0
7,20,3.49444305e-05,0.00000000e+00,0.00000000e+00,3.49444305e-05,0
7,21,6.61255945e-04,0.00000000e+00,0.00000000e+00,6.61255945e-04,0
7,22,7.07559045e-04,0.00000000e+00,0.00000000e+00,7.07559045e-04,0
7,23,5.51605636e-04,0.00000000e+00,0.00000000e+00,5.51605636e-04,0
7,24,1.80547072e-03,0.00000000e+00,0.00000000e+00,-1.80547072e-03,0
7,25,2.38072395e-04,0.00000000e+00,0.00000000e+00,-2.38072395e-04,0
7,26,1.19987102e-03,0.00000000e+00,0.00000000e+00,-1.19987102e-03,0
7,27,9.63355084e-04,0.00000000e+00,0.00000000e+00,-9.63355084e-04,0
7,28,9.50463228e-04,0.00000000e+00,0.00000000e+00,-9.50463228e-04,0
7,29,3.11403066e-04,0.00000000e+00,0.00000000e+00,3.11403066e-04,0
7,30,6.18871281e-04,0.00000000e+00,0.00000000e+00,6.18871281e-04,0
7,31,2.32397339e-04,0.00000000e+00,0.00000000e+00,2.32397339e-04,0
7,32,5.41250062e-04,0.00000000e+00,0.00000000e+00,-5.41250062e-04,0
7,33,2.32397339e-04,0.00000000e+00,0.00000000e+00,2.32397339e-04,0
7,34,6.18871281e-04,0.00000000e+00,0.00000000e+00,6.18871281e-04,0
7,35,3.11403066e-04,0.00000000e+00,0.00000000e+00,3.11403066e-04,0
7,36,9.50463228e-04,0.00000000e+00,0.00000000e+00,-9.50463228e-04,0
7,37,9.63355084e-04,0.00000000e+00,0.00000000e+00,-9.63355084e-04,0
7,38,1.19987102e-03,0.00000000e+00,0.00000000e+00,-1.19987102e-03,0
7,39,2.38072395e-04,0.00000000e+00,0.00000000e+00,-2.38072395e-04,0
7,40,1.80547072e-03,0.00000000e+00,0.00000000e+00,-1.80547072e-03,0
7,41,5.51605636e-04,0.00000000e+00,0.00000000e+00,5.51605636e-04,0
7,42,7.07559045e-04,0.00000000e+00,0.00000000e+00,7.07559045e-04,0
7,43,6.61255945e-04,0.00000000e+00,0.00000000e+00,6.61255945e-04,0
7,44,3.49444305e-05,0.00000000e+00,0.00000000e+00,3.49444305e-05,0
7,45,4.19075383e-05,0.00000000e+00,0.00000000e+00,4.19075383e-05,0
7,46,4.57867343e-04,0.00000000e+00,0.00000000e+00,-4.57867343e-04,0
7,47,7.39370321e-04,0.00000000e+00,0.00000000e+00,7.39370321e-04,0
7,48,1.11655305e-04,0.00000000e+00,0.00000000e+00,-1.11655305e-04,0
7,49,6.51707234e-04,0.00000000e+00,0.00000000e+00,-6.51707234e-04,0
7,50,9.89442750e-04,0.00000000e+00,0.00000000e+00,9.89442750e-04,0
7,51,1.42633876e-03,0.00000000e+00,0.00000000e+00,1.42633876e-03,0
7,52,1.98689212e-03,0.00000000e+00,0.00000000e+00,-1.98689212e-03,0
7,53,8.76707845e-04,0.00000000e+00,0.00000000e+00,8.76707845e-04,0
7,54,8.45767767e-04,0.00000000e+00,0.00000000e+00,8.45767767e-04,0
7,55,8.51402011e-04,0.00000000e+00,0.00000000e+00,-8.51402011e-04,0
7,56,1.11011767e-03,0.00000000e+00,0.00000000e+00,-1.11011767e-03,0
7,57,1.29639308e-03,0.00000000e+00,0.00000000e+00,1.29639308e-03,0
7,58,1.18995558e-03,0.00000000e+00,0.00000000e+00,1.18995558e-03,0
7,59,6.47252111e-04,0.00000000e+00,0.00000000e+00,-6.47252111e-04,0
7,60,7.52323230e-04,0.00000000e+00,0.00000000e+00,-7.52323230e-04,0
7,61,9.26649075e-04,0.00000000e+00,0.00000000e+00,-9.26649075e-04,0
7,62,5.00398105e-04,0.00000000e+00,0.00000000e+00,5.00398105e-04,0
7,63,4.30053992e-04,0.00000000e+00,0.00000000e+00,4.30053992e-04,0
8,0,1.02605652e-03,0.00000000e+00,0.00000000e+00,-1.02605652e-03,0
8,1,2.19614025e-03,0.00000000e+00,0.00000000e+00,-2.19614025e-03,0
8,2,2.78843623e-04,0.00000000e+00,0.00000000e+00,2.78843623e-04,0
8,3,9.02851402e-04,0.00000000e+00,0.00000000e+00,9.02851402e-04,0
8,4,2.96194044e-04,0.00000000e+00,0.00000000e+00,2.96194044e-04,0
8,5,2.23513781e-03,0.00000000e+00,0.00000000e+00,2.23513781e-03,0
8,6,1.48135505e-03,0.00000000e+00,0.00000000e+00,1.48135505e-03,0
8,7,1.11011767e-03,0.00000000e+00,0.00000000e+00,-1.11011767e-03,0
8,8,3.48601444e-03,0.00000000e+00,0.00000000e+00,-3.48601444e-03,0
8,9,2.50930788e-03,0.00000000e+00,0.00000000e+00,2.50930788e-03,0
8,10,1.69470689e-03,0.00000000e+00,0.00000000e+00,1.69470689e-03,0
8,11,4.04820051e-04,0.00000000e+00,0.00000000e+00,-4.04820051e-04,0
8,12,1.69042360e-03,0.00000000e+00,0.00000000e+00,-1.69042360e-03,0
8,13,2.10872386e-03,0.00000000e+00,0.00000000e+00,-2.10872386e-03,0
8,14,3.31931759e-03,0.00000000e+00,0.00000000e+00,3.31931759e-03,0
8,15,1.32429709e-03,0.00000000e+00,0.00000000e+00,1.32429709e-03,0
8,16,1.39784980e-03,0.00000000e+00,0.00000000e+00,-1.39784980e-03,0
8,17,2.48433811e-03,0.00000000e+00,0.00000000e+00,-2.48433811e-03,0
8,18,1.98570380e-03,0.00000000e+00,0.00000000e+00,1.98570380e-03,0
8,19,1.41009252e-03,0.00000000e+00,0.00000000e+00,-1.41009252e-03,0
8,20,1.61129763e-03,0.00000000e+00,0.00000000e+00,1.61129763e-03,0
8,21,1.81466775e-04,0.00000000e+00,0.00000000e+00,1.81466775e-04,0
8,22,9.41739455e-04,0.00000000e+00,0.00000000e+00,9.41739455e-04,0
8,23,9.51079486e-04,0.00000000e+00,0.00000000e+00,-9.51079486e-04,0
8,24,4.21842488e-05,0.00000000e+00,0.00000000e+00,4.21842488e-05,0
8,25,1.50037446e-03,0.00000000e+00,0.00000000e+00,-1.50037446e-03,0
8,26,1.56002491e-03,0.00000000e+00,0.00000000e+00,1.56002491e-03,0
8,27,9.53539697e-04,0.00000000e+00,0.00000000e+00,-9.53539697e-04,0
8,28,7.88034298e-05,0.00000000e+00,0.00000000e+00,7.88034298e-05,0
8,29,1.16370662e-03,0.00000000e+00,0.00000000e+00,1.16370662e-03,0
8,30,1.55220017e-04,0.00000000e+00,0.00000000e+00,1.55220017e-04,0
8,31,1.16021780e-03,0.00000000e+00,0.00000000e+00,1.16021780e-03,0
8,32,1.86918822e-03,0.00000000e+00,0.00000000e+00,-1.86918822e-03,0
8,33,1.16021780e-03,0.00000000e+00,0.00000000e+00,1.16021780e-03,0
8,34,1.55220017e-04,0.00000000e+00,0.00000000e+00,1.55220017e-04,0
8,35,1.16370662e-03,0.00000000e+00,0.00000000e+00,1.16370662e-03,0
8,36,7.88034298e-05,0.00000000e+00,0.00000000e+00,7.88034298e-05,0
8,37,9.53539697e-04,0.00000000e+00,0.00000000e+00,-9.53539697e-04,0
8,38,1.56002491e-03,0.00000000e+00,0.00000000e+00,1.56002491e-03,0
8,39,1.50037446e-03,0.00000000e+00,0.00000000e+00,-1.50037446e-03,0
8,40,4.21842488e-05,0.00000000e+00,0.00000000e+00,4.21842488e-05,0
8,41,9.51079486e-04,0.00000000e+00,0.00000000e+00,-9.51079486e-04,0
8,42,9.41739455e-04,0.00000000e+00,0.00000000e+00,9.41739455e-04,0
8,43,1.81466775e-04,0.00000000e+00,0.00000000e+00,1.81466775e-04,0
8,44,1.61129763e-03,0.00000000e+00,0.00000000e+00,1.61129763e-03,0
8,45,1.41009252e-03,0.00000000e+00,0.00000000e+00,-1.41009252e-03,0
8,46,1.98570380e-03,0.00000000e+00,0.00000000e+00,1.98570380e-03,0
8,47,2.48433811e-03,0.00000000e+00,0.00000000e+00,-2.48433811e-03,0
8,48,1.39784980e-03,0.00000000e+00,0.00000000e+00,-1.39784980e-03,0
8,49,1.32429709e-03,0.00000000e+00,0.00000000e+00,1.32429709e-03,0
8,50,3.31931759e-03,0.00000000e+00,0.00000000e+00,3.31931759e-03,0
8,51,2.10872386e-03,0.00000000e+00,0.00000000e+00,-2.10872386e-03,0
8,52,1.69042360e-03,0.00000000e+00,0.00000000e+00,-1.69042360e-03,0
8,53,4.04820051e-04,0.00000000e+00,0.00000000e+00,-4.04820051e-04,0
8,54,1.69470689e-03,0.00000000e+00,0.00000000e+00,1.69470689e-03,0
8,55,2.50930788e-03,0.00000000e+00,0.00000000e+00,2.50930788e-03,0
8,56,3.48601444e-03,0.00000000e+00,0.00000000e+00,-3.48601444e-03,0
8,57,1.11011767e-03,0.00000000e+00,0.00000000e+00,-1.11011767e-03,0
8,58,1.48135505e-03,0.00000000e+00,0.00000000e+00,1.48135505e-03,0
8,59,2.23513781e-03,0.00000000e+00,0.00000000e+00,2.23513781e-03,0
8,60,2.96194044e-04,0.00000000e+00,0.00000000e+00,2.96194044e-04,0
8,61,9.02851402e-04,0.00000000e+00,0.00000000e+00,9.02851402e-04,0
8,62,2.78843623e-04,0.00000000e+00,0.00000000e+00,2.78843623e-04,0
8,63,2.19614025e-03,0.00000000e+00,0.00000000e+00,-2.19614025e-03,0
9,0,8.97344581e-04,0.00000000e+00,0.00000000e+00,-8.97344581e-04,0
9,1,4.80067103e-04,0.00000000e+00,0.00000000e+00,4.80067103e-04,0
9,2,4.67890023e-04,0.00000000e+00,0.00000000e+00,4.67890023e-04,0
9,3,9.92582515e-04,0.00000000e+00,0.00000000e+00,-9.92582515e-04,0
9,4,1.04252321e-03,0.00000000e+00,0.00000000e+00,-1.04252321e-03,0
9,5,4.11715794e-04,0.00000000e+00,0.00000000e+00,4.11715794e-04,0
9,6,2.31511135e-04,0.00000000e+00,0.00000000e+00,2.31511135e-04,0
9,7,8.51402011e-04,0.00000000e+00,0.00000000e+00,-8.51402011e-04,0
9,8,2.50930788e-03,0.00000000e+00,0.00000000e+00,2.50930788e-03,0
9,9,1.22945542e-03,0.00000000e+00,0.00000000e+00,1.22945542e-03,0
9,10,2.38878592e-03,0.00000000e+00,0.00000000e+00,-2.38878592e-03,0
9,11,6.89843109e-04,0.00000000e+00,0.00000000e+00,6.89843109e-04,0
9,12,3.17675352e-03,0.00000000e+00,0.00000000e+00,3.17675352e-03,0
9,13,3.29830822e-04,0.00000000e+00,0.00000000e+00,-3.29830822e-04,0
9,14,1.56021876e-03,0.00000000e+00,0.00000000e+00,-1.56021876e-03,0
9,15,7.73649047e-04,0.00000000e+00,0.00000000e+00,7.73649047e-04,0
9,16,1.51481671e-03,0.00000000e+00,0.00000000e+00,1.51481671e-03,0
9,17,5.47858044e-04,0.00000000e+00,0.00000000e+00,-5.47858044e-04,0
9,18,7.36558672e-04,0.00000000e+00,0.00000000e+00,-7.36558672e-04,0
9,19,4.29112547e-04,0.00000000e+00,0.00000000e+00,-4.29112547e-04,0
9,20,8.95210899e-04,0.00000000e+00,0.00000000e+00,-8.95210899e-04,0
9,21,3.79959597e-04,0.00000000e+00,0.00000000e+00,3.79959597e-04,0
9,22,4.66428793e-04,0.00000000e+00,0.00000000e+00,-4.66428793e-04,0
9,23,7.94360059e-04,0.00000000e+00,0.00000000e+00,7.94360059e-04,0
9,24,7.46059819e-04,0.00000000e+00,0.00000000e+00,-7.46059819e-04,0
9,25,2.70491820e-04,0.00000000e+00,0.00000000e+00,2.70491820e-04,0
9,26,4.26481365e-04,0.00000000e+00,0.00000000e+00,4.26481365e-04,0
9,27,3.09004889e-04,0.00000000e+00,0.00000000e+00,3.09004889e-04,0
9,28,6.88271821e-06,0.00000000e+00,0.00000000e+00,6.88271821e-06,0
9,29,9.61558502e-04,0.00000000e+00,0.00000000e+00,9.61558502e-04,0
9,30,1.11689537e-03,0.00000000e+00,0.00000000e+00,1.11689537e-03,0
9,31,8.01401629e-04,0.00000000e+00,0.00000000e+00,8.01401629e-04,0
9,32,1.54243723e-04,0.00000000e+00,0.00000000e+00,1.54243723e-04,0
9,33,8.01401629e-04,0.00000000e+00,0.00000000e+00,8.01401629e-04,0
9,34,1.11689537e-03,0.00000000e+00,0.00000000e+00,1.11689537e-03,0
9,35,9.61558502e-04,0.00000000e+00,0.00000000e+00,9.61558502e-04,0
9,36,6.88271821e-06,0.00000000e+00,0.00000000e+00,6.88271821e-06,0
9,37,3.09004889e-04,0.00000000e+00,0.00000000e+00,3.09004889e-04,0
9,38,4.26481365e-04,0.00000000e+00,0.00000000e+00,4.26481365e-04,0
9,39,2.70491820e-04,0.00000000e+00,0.00000000e+00,2.70491820e-04,0
9,40,7.46059819e-04,0.00000000e+00,0.00000000e+00,-7.46059819e-04,0
9,41,7.94360059e-04,0.00000000e+00,0.00000000e+00,7.94360059e-04,0
9,42,4.66428793e-04,0.00000000e+00,0.00000000e+00,-4.66428793e-04,0
9,43,3.79959597e-04,0.00000000e+00,0.00000000e+00,3.79959597e-04,0
9,44,8.95210899e-04,0.00000000e+00,0.00000000e+00,-8.95210899e-04,0
9,45,4.29112547e-04,0.00000000e+00,0.00000000e+00,-4.29112547e-04,0
9,46,7.36558672e-04,0.00000000e+00,0.00000000e+00,-7.36558672e-04,0
9,47,5.47858044e-04,0.00000000e+00,0.00000000e+00,-5.47858044e-04,0
9,48,1.51481671e-03,0.00000000e+00,0.00000000e+00,1.51481671e-03,0
9,49,7.73649047e-04,0.00000000e+00,0.00000000e+00,7.73649047e-04,0
9,50,1.56021876e-03,0.00000000e+00,0.00000000e+00,-1.56021876e-03,0
9,51,3.29830822e-04,0.00000000e+00,0.00000000e+00,-3.29830822e-04,0
9,52,3.17675352e-03,0.00000000e+00,0.00000000e+00,3.17675352e-03,0
9,53,6.89843109e-04,0.00000000e+00,0.00000000e+00,6.89843109e-04,0
9,54,2.38878592e-03,0.00000000e+00,0.00000000e+00,-2.38878592e-03,0
9,55,1.22945542e-03,0.00000000e+00,0.00000000e+00,1.22945542e-03,0
9,56,2.50930788e-03,0.00000000e+00,0.00000000e+00,2.50930788e-03,0
9,57,8.51402011e-04,0.00000000e+00,0.00000000e+00,-8.51402011e-04,0
9,58,2.31511135e-04,0.00000000e+00,0.00000000e+00,2.31511135e-04,0
9,59,4.11715794e-04,0.00000000e+00,0.00000000e+00,4.11715794e-04,0
9,60,1.04252321e-03,0.00000000e+00,0.00000000e+00,-1.04252321e-03,0
9,61,9.92582515e-04,0.00000000e+00,0.00000000e+00,-9.92582515e-04,0
9,62,4.67890023e-04,0.00000000e+00,0.00000000e+00,4.67890023e-04,0
9,63,4.80067103e-04,0.00000000e+00,0.00000000e+00,4.80067103e-04,0
10,0,1.89258771e-04,0.00000000e+00,0.00000000e+00,-1.89258771e-04,0
10,1,8.98770837e-04,0.00000000e+00,0.00000000e+00,8.98770837e-04,0
10,2,1.28817126e-03,0.00000000e+00,0.00000000e+00,1.28817126e-03,0
10,3,4.53075104e-04,0.00000000e+00,0.00000000e+00,-4.53075104e-04,0
10,4,2.50671025e-03,0.00000000e+00,0.00000000e+00,-2.50671025e-03,0
10,5,4.78912175e-04,0.00000000e+00,0.00000000e+00,-4.78912175e-04,0
10,6,4.97576400e-04,0.00000000e+00,0.00000000e+00,-4.97576400e-04,0
10,7,8.45767767e-04,0.00000000e+00,0.00000000e+00,8.45767767e-04,0
10,8,1.69470689e-03,0.00000000e+00,0.00000000e+00,1.69470689e-03,0
10,9,2.38878592e-03,0.00000000e+00,0.00000000e+00,-2.38878592e-03,0
10,10,2.33963098e-04,0.00000000e+00,0.00000000e+00,-2.33963098e-04,0
10,11,2.82054068e-05,0.00000000e+00,0.00000000e+00,2.82054068e-05,0
10,12,1.14481149e-03,0.00000000e+00,0.00000000e+00,1.14481149e-03,0
10,13,7.01421281e-04,0.00000000e+00,0.00000000e+00,7.01421281e-04,0
10,14,2.06117353e-04,0.00000000e+00,0.00000000e+00,-2.06117353e-04,0
10,15,2.67924706e-03,0.00000000e+00,0.00000000e+00,-2.67924706e-03,0
10,16,2.78700467e-03,0.00000000e+00,0.00000000e+00,2.78700467e-03,0
10,17,1.44886269e-03,0.00000000e+00,0.00000000e+00,1.44886269e-03,0
10,18,1.35285648e-03,0.00000000e+00,0.00000000e+00,1.35285648e-03,0
10,19,2.50561681e-03,0.00000000e+00,0.00000000e+00,2.50561681e-03,0
10,20,4.28771298e-04,0.00000000e+00,0.00000000e+00,-4.28771298e-04,0
10,21,1.25411337e-03,0.00000000e+00,0.00000000e+00,-1.25411337e-03,0
10,22,7.11228252e-04,0.00000000e+00,0.00000000e+00,7.11228252e-04,0
10,23,2.08588520e-03,0.00000000e+00,0.00000000e+00,-2.08588520e-03,0
10,24,8.72319667e-04,0.00000000e+00,0.00000000e+00,8.72319667e-04,0
10,25,8.80833844e-04,0.00000000e+00,0.00000000e+00,-8.80833844e-04,0
10,26,1.35808351e-03,0.00000000e+00,0.00000000e+00,1.35808351e-03,0
10,27,7.77546683e-04,0.00000000e+00,0.00000000e+00,7.77546683e-04,0
10,28,1.08977549e-04,0.00000000e+00,0.00000000e+00,1.08977549e-04,0
10,29,1.54154667e-04,0.00000000e+00,0.00000000e+00,-1.54154667e-04,0
10,30,3.11407609e-04,0.00000000e+00,0.00000000e+00,-3.11407609e-04,0
10,31,9.48065914e-04,0.00000000e+00,0.00000000e+00,-9.48065914e-04,0
10,32,8.04463039e-04,0.00000000e+00,0.00000000e+00,-8.04463039e-04,0
10,33,9.48065914e-04,0.00000000e+00,0.00000000e+00,-9.48065914e-04,0
10,34,3.11407609e-04,0.00000000e+00,0.00000000e+00,-3.11407609e-04,0
10,35,1.54154667e-04,0.00000000e+00,0.00000000e+00,-1.54154667e-04,0
10,36,1.08977549e-04,0.00000000e+00,0.00000000e+00,1.08977549e-04,0
10,37,7.77546683e-04,0.00000000e+00,0.00000000e+00,7.77546683e-04,0
10,38,1.35808351e-03,0.00000000e+00,0.00000000e+00,1.35808351e-03,0
10,39,8.80833844e-04,0.00000000e+00,0.00000000e+00,-8.80833844e-04,0
10,40,8.72319667e-04,0.00000000e+00,0.00000000e+00,8.72319667e-04,0
10,41,2.08588520e-03,0.00000000e+00,0.00000000e+00,-2.08588520e-03,0
10,42,7.11228252e-04,0.00000000e+00,0.00000000e+00,7.11228252e-04,0
10,43,1.25411337e-03,0.00000000e+00,0.00000000e+00,-1.25411337e-03,0
10,44,4.28771298e-04,0.00000000e+00,0.00000000e+00,-4.28771298e-04,0
10,45,2.50561681e-03,0.00000000e+00,0.00000000e+00,2.50561681e-03,0
10,46,1.35285648e-03,0.00000000e+00,0.00000000e+00,1.35285648e-03,0
10,47,1.44886269e-03,0.00000000e+00,0.00000000e+00,1.44886269e-03,0
10,48,2.78700467e-03,0.00000000e+00,0.00000000e+00,2.78700467e-03,0
10,49,2.67924706e-03,0.00000000e+00,0.00000000e+00,-2.67924706e-03,0
10,50,2.06117353e-04,0.00000000e+00,0.00000000e+00,-2.06117353e-04,0
10,51,7.01421281e-04,0.00000000e+00,0.00000000e+00,7.01421281e-04,0
10,52,1.14481149e-03,0.00000000e+00,0.00000000e+00,1.14481149e-03,0
10,53,2.82054068e-05,0.00000000e+00,0.00000000e+00,2.82054068e-05,0
10,54,2.33963098e-04,0.00000000e+00,0.00000000e+00,-2.33963098e-04,0
10,55,2.38878592e-03,0.00000000e+00,0.00000000e+00,-2.38878592e-03,0
10,56,1.69470689e-03,0.00000000e+00,0.00000000e+00,1.69470689e-03,0
10,57,8.45767767e-04,0.00000000e+00,0.00000000e+00,8.45767767e-04,0
10,58,4.97576400e-04,0.00000000e+00,0.00000000e+00,-4.97576400e-04,0
10,59,4.78912175e-04,0.00000000e+00,0.00000000e+00,-4.78912175e-04,0
10,60,2.50671025e-03,0.00000000e+00,0.00000000e+00,-2.50671025e-03,0
10,61,4.53075104e-04,0.00000000e+00,0.00000000e+00,-4.53075104e-04,0
10,62,1.28817126e-03,0.00000000e+00,0.00000000e+00,1.28817126e-03,0
10,63,8.98770837e-04,0.00000000e+00,0.00000000e+00,8.98770837e-04,0
11,0,8.34277153e-04,0.00000000e+00,0.00000000e+00,-8.34277153e-04,0
11,1,2.31499832e-04,0.00000000e+00,0.00000000e+00,-2.31499832e-04,0
11,2,2.31996982e-03,0.00000000e+00,0.00000000e+00,-2.31996982e-03,0
11,3,7.79605689e-04,0.00000000e+00,0.00000000e+00,-7.79605689e-04,0
11,4,2.01327410e-03,0.00000000e+00,0.00000000e+00,2.01327410e-03,0
11,5,6.55527920e-04,0.00000000e+00,0.00000000e+00,-6.55527920e-04,0
11,6,2.13219551e-03,0.00000000e+00,0.00000000e+00,2.13219551e-03,0
11,7,8.76707845e-04,0.00000000e+00,0.00000000e+00,8.76707845e-04,0
11,8,4.04820051e-04,0.00000000e+00,0.00000000e+00,-4.04820051e-04,0
11,9,6.89843109e-04,0.00000000e+00,0.00000000e+00,6.89843109e-04,0
11,10,2.82054068e-05,0.00000000e+00,0.00000000e+00,2.82054068e-05,0
11,11,2.48949343e-03,0.00000000e+00,0.00000000e+00,2.48949343e-03,0
11,12,2.60277453e-04,0.00000000e+00,0.00000000e+00,-2.60277453e-04,0
11,13,1.56827994e-03,0.00000000e+00,0.00000000e+00,1.56827994e-03,0
11,14,2.78684722e-04,0.00000000e+00,0.00000000e+00,2.78684722e-04,0
11,15,4.89085079e-04,0.00000000e+00,0.00000000e+00,4.89085079e-04,0
11,16,9.83845063e-04,0.00000000e+00,0.00000000e+00,-9.83845063e-04,0
11,17,1.63747313e-03,0.00000000e+00,0.00000000e+00,1.63747313e-03,0
11,18,7.68402699e-04,0.00000000e+00,0.00000000e+00,7.68402699e-04,0
11,19,4.44589055e-05,0.00000000e+00,0.00000000e+00,-4.44589055e-05,0
11,20,3.17232054e-04,0.00000000e+00,0.00000000e+00,-3.17232054e-04,0
11,21,2.48347485e-04,0.00000000e+00,0.00000000e+00,2.48347485e-04,0
11,22,1.68019073e-03,0.00000000e+00,0.00000000e+00,-1.68019073e-03,0
11,23,7.01037001e-04,0.00000000e+00,0.00000000e+00,7.01037001e-04,0
11,24,1.17576102e-03,0.00000000e+00,0.00000000e+00,-1.17576102e-03,0
11,25,6.25703091e-04,0.00000000e+00,0.00000000e+00,6.25703091e-04,0
11,26,8.29809194e-04,0.00000000e+00,0.00000000e+00,8.29809194e-04,0
11,27,1.23685964e-03,0.00000000e+00,0.00000000e+00,1.23685964e-03,0
11,28,1.01327609e-03,0.00000000e+00,0.00000000e+00,1.01327609e-03,0
11,29,6.97387820e-04,0.00000000e+00,0.00000000e+00,6.97387820e-04,0
11,30,2.88145892e-04,0.00000000e+00,0.00000000e+00,2.88145892e-04,0
11,31,1.85339547e-03,0.00000000e+00,0.00000000e+00,1.85339547e-03,0
11,32,4.33179832e-04,0.00000000e+00,0.00000000e+00,4.33179832e-04,0
11,33,1.85339547e-03,0.00000000e+00,0.00000000e+00,1.85339547e-03,0
11,34,2.88145892e-04,0.00000000e+00,0.00000000e+00,2.88145892e-04,0
11,35,6.97387820e-04,0.00000000e+00,0.00000000e+00,6.97387820e-04,0
11,36,1.01327609e-03,0.00000000e+00,0.00000000e+00,1.01327609e-03,0
11,37,1.23685964e-03,0.00000000e+00,0.00000000e+00,1.23685964e-03,0
11,38,8.29809194e-04,0.00000000e+00,0.00000000e+00,8.29809194e-04,0
11,39,6.25703091e-04,0.00000000e+00,0.00000000e+00,6.25703091e-04,0
11,40,1.17576102e-03,0.00000000e+00,0.00000000e+00,-1.17576102e-03,0
11,41,7.01037001e-04,0.00000000e+00,0.00000000e+00,7.01037001e-04,0
11,42,1.68019073e-03,0.00000000e+00,0.00000000e+00,-1.68019073e-03,0
11,43,2.48347485e-04,0.00000000e+00,0.00000000e+00,2.48347485e-04,0
11,44,3.17232054e-04,0.00000000e+00,0.00000000e+00,-3.17232054e-04,0
11,45,4.44589055e-05,0.00000000e+00,0.00000000e+00,-4.44589055e-05,0
11,46,7.68402699e-04,0.00000000e+00,0.00000000e+00,7.68402699e-04,0
11,47,1.63747313e-03,0.00000000e+00,0.00000000e+00,1.63747313e-03,0
11,48,9.83845063e-04,0.00000000e+00,0.00000000e+00,-9.83845063e-04,0
11,49,4.89085079e-04,0.00000000e+00,0.00000000e+00,4.89085079e-04,0
11,50,2.78684722e-04,0.00000000e+00,0.00000000e+00,2.78684722e-04,0
11,51,1.56827994e-03,0.00000000e+00,0.00000000e+00,1.56827994e-03,0
11,52,2.60277453e-04,0.00000000e+00,0.00000000e+00,-2.60277453e-04,0
11,53,2.48949343e-03,0.00000000e+00,0.00000000e+00,2.48949343e-03,0
11,54,2.82054068e-05,0.00000000e+00,0.00000000e+00,2.82054068e-05,0
11,55,6.89843109e-04,0.00000000e+00,0.00000000e+00,6.89843109e-04,0
11,56,4.04820051e-04,0.00000000e+00,0.00000000e+00,-4.04820051e-04,0
11,57,8.76707845e-04,0.00000000e+00,0.00000000e+00,8.76707845e-04,0
11,58,2.13219551e-03,0.00000000e+00,0.00000000e+00,2.13219551e-03,0
11,59,6.55527920e-04,0.00000000e+00,0.00000000e+00,-6.55527920e-04,0
11,60,2.01327410e-03,0.00000000e+00,0.00000000e+00,2.01327410e-03,0
11,61,7.79605689e-04,0.00000000e+00,0.00000000e+00,-7.79605689e-04,0
11,62,2.31996982e-03,0.00000000e+00,0.00000000e+00,-2.31996982e-03,0
11,63,2.31499832e-04,0.00000000e+00,0.00000000e+00,-2.31499832e-04,0
12,0,1.91779254e-03,0.00000000e+00,0.00000000e+00,-1.91779254e-03,0
12,1,1.04065741e-03,0.00000000e+00,0.00000000e+00,-1.04065741e-03,0
12,2,1.54629606e-03,0.00000000e+00,0.00000000e+00,-1.54629606e-03,0
12,3,1.25882947e-03,0.00000000e+00,0.00000000e+00,1.25882947e-03,0
12,4,3.32333292e-03,0.00000000e+00,0.00000000e+00,3.32333292e-03,0
12,5,3.81560392e-04,0.00000000e+00,0.00000000e+00,-3.81560392e-04,0
12,6,1.15519046e-03,0.00000000e+00,0.00000000e+00,1.15519046e-03,0
12,7,1.98689212e-03,0.00000000e+00,0.00000000e+00,-1.98689212e-03,0
12,8,1.69042360e-03,0.00000000e+00,0.00000000e+00,-1.69042360e-03,0
12,9,3.17675352e-03,0.00000000e+00,0.00000000e+00,3.17675352e-03,0
12,10,1.14481149e-03,0.00000000e+00,0.00000000e+00,1.14481149e-03,0
12,11,2.60277453e-04,0.00000000e+00,0.00000000e+00,-2.60277453e-04,0
12,12,1.02742000e-03,0.00000000e+00,0.00000000e+00,-1.02742000e-03,0
12,13,3.96776772e-04,0.00000000e+00,0.00000000e+00,-3.96776772e-04,0
12,14,1.10919170e-03,0.00000000e+00,0.00000000e+00,1.10919170e-03,0
12,15,4.60236441e-03,0.00000000e+00,0.00000000e+00,4.60236441e-03,0
12,16,2.22824794e-03,0.00000000e+00,0.00000000e+00,-2.22824794e-03,0
12,17,1.70864571e-03,0.00000000e+00,0.00000000e+00,-1.70864571e-03,0
12,18,1.42608466e-03,0.00000000e+00,0.00000000e+00,-1.42608466e-03,0
12,19,2.26478485e-03,0.00000000e+00,0.00000000e+00,-2.26478485e-03,0
12,20,1.12190694e-03,0.00000000e+00,0.00000000e+00,1.12190694e-03,0
12,21,1.88993033e-03,0.00000000e+00,0.00000000e+00,1.88993033e-03,0
12,22,1.37315210e-03,0.00000000e+00,0.00000000e+00,-1.37315210e-03,0
12,23,1.05307281e-03,0.00000000e+00,0.00000000e+00,1.05307281e-03,0
12,24,1.38598612e-03,0.00000000e+00,0.00000000e+00,-1.38598612e-03,0
12,25,9.33320390e-05,0.00000000e+00,0.00000000e+00,-9.33320390e-05,0
12,26,4.26589718e-04,0.00000000e+00,0.00000000e+00,-4.26589718e-04,0
12,27,2.38319319e-04,0.00000000e+00,0.00000000e+00,2.38319319e-04,0
12,28,6.94263805e-04,0.00000000e+00,0.00000000e+00,6.94263805e-04,0
12,29,9.41413724e-05,0.00000000e+00,0.00000000e+00,-9.41413724e-05,0
12,30,1.11412894e-03,0.00000000e+00,0.00000000e+00,1.11412894e-03,0
12,31,1.31821587e-03,0.00000000e+00,0.00000000e+00,1.31821587e-03,0
12,32,2.23457815e-03,0.00000000e+00,0.00000000e+00,2.23457815e-03,0
12,33,1.31821587e-03,0.00000000e+00,0.00000000e+00,1.31821587e-03,0
12,34,1.11412894e-03,0.00000000e+00,0.00000000e+00,1.11412894e-03,0
12,35,9.41413724e-05,0.00000000e+00,0.00000000e+00,-9.41413724e-05,0
12,36,6.94263805e-04,0.00000000e+00,0.00000000e+00,6.94263805e-04,0
12,37,2.38319319e-04,0.00000000e+00,0.00000000e+00,2.38319319e-04,0
12,38,4.26589718e-04,0.00000000e+00,0.00000000e+00,-4.26589718e-04,0
12,39,9.33320390e-05,0.00000000e+00,0.00000000e+00,-9.33320390e-05,0
12,40,1.38598612e-03,0.00000000e+00,0.00000000e+00,-1.38598612e-03,0
12,41,1.05307281e-03,0.00000000e+00,0.00000000e+00,1.05307281e-03,0
12,42,1.37315210e-03,0.00000000e+00,0.00000000e+00,-1.37315210e-03,0
12,43,1.88993033e-03,0.00000000e+00,0.00000000e+00,1.88993033e-03,0
12,44,1.12190694e-03,0.00000000e+00,0.00000000e+00,1.12190694e-03,0
12,45,2.26478485e-03,0.00000000e+00,0.00000000e+00,-2.26478485e-03,0
12,46,1.42608466e-03,0.00000000e+00,0.00000000e+00,-1.42608466e-03,0
12,47,1.70864571e-03,0.00000000e+00,0.00000000e+00,-1.70864571e-03,0
12,48,2.22824794e-03,0.00000000e+00,0.00000000e+00,-2.22824794e-03,0
12,49,4.60236441e-03,0.00000000e+00,0.00000000e+00,4.60236441e-03,0
12,50,1.10919170e-03,0.00000000e+00,0.00000000e+00,1.10919170e-03,0
12,51,3.96776772e-04,0.00000000e+00,0.00000000e+00,-3.96776772e-04,0
12,52,1.02742000e-03,0.00000000e+00,0.00000000e+00,-1.02742000e-03,0
12,53,2.60277453e-04,0.00000000e+00,0.00000000e+00,-2.60277453e-04,0
12,54,1.14481149e-03,0.00000000e+00,0.00000000e+00,1.14481149e-03,0
12,55,3.17675352e-03,0.00000000e+00,0.00000000e+00,3.17675352e-03,0
12,56,1.69042360e-03,0.00000000e+00,0.00000000e+00,-1.69042360e-03,0
12,57,1.98689212e-03,0.00000000e+00,0.00000000e+00,-1.98689212e-03,0
12,58,1.15519046e-03,0.00000000e+00,0.00000000e+00,1.15519046e-03,0
12,59,3.81560392e-04,0.00000000e+00,0.00000000e+00,-3.81560392e-04,0
12,60,3.32333292e-03,0.00000000e+00,0.00000000e+00,3.32333292e-03,0
12,61,1.25882947e-03,0.00000000e+00,0.00000000e+00,1.25882947e-03,0
12,62,1.54629606e-03,0.00000000e+00,0.00000000e+00,-1.54629606e-03,0
12,63,1.04065741e-03,0.00000000e+00,0.00000000e+00,-1.04065741e-03,0
13,0,7.62708241e-04,0.00000000e+00,0.00000000e+00,-7.62708241e-04,0
13,1,7.15135476e-04,0.00000000e+00,0.00000000e+00,7.15135476e-04,0
13,2,6.47134022e-04,0.00000000e+00,0.00000000e+00,-6.47134022e-04,0
13,3,8.93754911e-04,0.00000000e+00,0.00000000e+00,-8.93754911e-04,0
13,4,7.91422977e-04,0.00000000e+00,0.00000000e+00,7.91422977e-04,0
13,5,1.00024530e-03,0.00000000e+00,0.00000000e+00,-1.00024530e-03,0
13,6,2.10889090e-03,0.00000000e+00,0.00000000e+00,2.10889090e-03,0
13,7,1.42633876e-03,0.00000000e+00,0.00000000e+00,1.42633876e-03,0
13,8,2.10872386e-03,0.00000000e+00,0.00000000e+00,-2.10872386e-03,0
13,9,3.29830822e-04,0.00000000e+00,0.00000000e+00,-3.29830822e-04,0
13,10,7.01421281e-04,0.00000000e+00,0.00000000e+00,7.01421281e-04,0
13,11,1.56827994e-03,0.00000000e+00,0.00000000e+00,1.56827994e-03,0
13,12,3.96776772e-04,0.00000000e+00,0.00000000e+00,-3.96776772e-04,0
13,13,1.95722101e-03,0.00000000e+00,0.00000000e+00,1.95722101e-03,0
13,14,1.13442816e-03,0.00000000e+00,0.00000000e+00,1.13442816e-03,0
13,15,3.16659442e-04,0.00000000e+00,0.00000000e+00,-3.16659442e-04,0
13,16,1.67436956e-04,0.00000000e+00,0.00000000e+00,-1.67436956e-04,0
13,17,7.16430151e-04,0.00000000e+00,0.00000000e+00,7.16430151e-04,0
13,18,9.25901589e-04,0.00000000e+00,0.00000000e+00,9.25901589e-04,0
13,19,4.65678196e-04,0.00000000e+00,0.00000000e+00,-4.65678196e-04,0
13,20,9.61269927e-04,0.00000000e+00,0.00000000e+00,9.61269927e-04,0
13,21,5.05923467e-04,0.00000000e+00,0.00000000e+00,5.05923467e-04,0
13,22,1.33276652e-03,0.00000000e+00,0.00000000e+00,-1.33276652e-03,0
13,23,6.14638683e-04,0.00000000e+00,0.00000000e+00,6.14638683e-04,0
13,24,5.07789348e-05,0.00000000e+00,0.00000000e+00,-5.07789348e-05,0
13,25,8.18865210e-04,0.00000000e+00,0.00000000e+00,8.18865210e-04,0
13,26,8.71134293e-04,0.00000000e+00,0.00000000e+00,8.71134293e-04,0
13,27,1.01161896e-03,0.00000000e+00,0.00000000e+00,1.01161896e-03,0
13,28,9.72074950e-04,0.00000000e+00,0.00000000e+00,9.72074950e-04,0
13,29,4.56092170e-04,0.00000000e+00,0.00000000e+00,4.56092170e-04,0
13,30,9.51793377e-06,0.00000000e+00,0.00000000e+00,-9.51793377e-06,0
13,31,1.57166087e-03,0.00000000e+00,0.00000000e+00,1.57166087e-03,0
13,32,3.50456975e-04,0.00000000e+00,0.00000000e+00,3.50456975e-04,0
13,33,1.57166087e-03,0.00000000e+00,0.00000000e+00,1.57166087e-03,0
13,34,9.51793377e-06,0.00000000e+00,0.00000000e+00,-9.51793377e-06,0
13,35,4.56092170e-04,0.00000000e+00,0.00000000e+00,4.56092170e-04,0
13,36,9.72074950e-04,0.00000000e+00,0.00000000e+00,9.72074950e-04,0
13,37,1.01161896e-03,0.00000000e+00,0.00000000e+00,1.01161896e-03,0
13,38,8.71134293e-04,0.00000000e+00,0.00000000e+00,8.71134293e-04,0
13,39,8.18865210e-04,0.00000000e+00,0.00000000e+00,8.18865210e-04,0
13,40,5.07789348e-05,0.00000000e+00,0.00000000e+00,-5.07789348e-05,0
13,41,6.14638683e-04,0.00000000e+00,0.00000000e+00,6.14638683e-04,0
13,42,1.33276652e-03,0.00000000e+00,0.00000000e+00,-1.33276652e-03,0
13,43,5.05923467e-04,0.00000000e+00,0.00000000e+00,5.05923467e-04,0
13,44,9.61269927e-04,0.00000000e+00,0.00000000e+00,9.61269927e-04,0
13,45,4.65678196e-04,0.00000000e+00,0.00000000e+00,-4.65678196e-04,0
13,46,9.25901589e-04,0.00000000e+00,0.00000000e+00,9.25901589e-04,0
13,47,7.16430151e-04,0.00000000e+00,0.00000000e+00,7.16430151e-04,0
13,48,1.67436956e-04,0.00000000e+00,0.00000000e+00,-1.67436956e-04,0
13,49,3.16659442e-04,0.00000000e+00,0.00000000e+00,-3.16659442e-04,0
13,50,1.13442816e-03,0.00000000e+00,0.00000000e+00,1.13442816e-03,0
13,51,1.95722101e-03,0.00000000e+00,0.00000000e+00,1.95722101e-03,0
13,52,3.96776772e-04,0.00000000e+00,0.00000000e+00,-3.96776772e-04,0
13,53,1.56827994e-03,0.00000000e+00,0.00000000e+00,1.56827994e-03,0
13,54,7.01421281e-04,0.00000000e+00,0.00000000e+00,7.01421281e-04,0
13,55,3.29830822e-04,0.00000000e+00,0.00000000e+00,-3.29830822e-04,0
13,56,2.10872386e-03,0.00000000e+00,0.00000000e+00,-2.10872386e-03,0
13,57,1.42633876e-03,0.00000000e+00,0.00000000e+00,1.42633876e-03,0
13,58,2.10889090e-03,0.00000000e+00,0.00000000e+00,2.10889090e-03,0
13,59,1.00024530e-03,0.00000000e+00,0.00000000e+00,-1.00024530e-03,0
13,60,7.91422977e-04,0.00000000e+00,0.00000000e+00,7.91422977e-04,0
13,61,8.93754911e-04,0.00000000e+00,0.00000000e+00,-8.93754911e-04,0
13,62,6.47134022e-04,0.00000000e+00,0.00000000e+00,-6.47134022e-04,0
13,63,7.15135476e-04,0.00000000e+00,0.00000000e+00,7.15135476e-04,0
14,0,5.58150907e-04,0.00000000e+00,0.00000000e+00,-5.58150907e-04,0
14,1,4.47682231e-04,0.00000000e+00,0.00000000e+00,4.47682231e-04,0
14,2,3.08085751e-04,0.00000000e+00,0.00000000e+00,3.08085751e-04,0
14,3,4.83013029e-04,0.00000000e+00,0.00000000e+00,4.83013029e-04,0
14,4,8.10263895e-04,0.00000000e+00,0.00000000e+00,-8.10263895e-04,0
14,5,1.20123639e-03,0.00000000e+00,0.00000000e+00,-1.20123639e-03,0
14,6,1.07428443e-03,0.00000000e+00,0.00000000e+00,-1.07428443e-03,0
14,7,9.89442750e-04,0.00000000e+00,0.00000000e+00,9.89442750e-04,0
14,8,3.31931759e-03,0.00000000e+00,0.00000000e+00,3.31931759e-03,0
14,9,1.56021876e-03,0.00000000e+00,0.00000000e+00,-1.56021876e-03,0
14,10,2.06117353e-04,0.00000000e+00,0.00000000e+00,-2.06117353e-04,0
14,11,2.78684722e-04,0.00000000e+00,0.00000000e+00,2.78684722e-04,0
14,12,1.10919170e-03,0.00000000e+00,0.00000000e+00,1.10919170e-03,0
14,13,1.13442816e-03,0.00000000e+00,0.00000000e+00,1.13442816e-03,0
14,14,6.95785592e-04,0.00000000e+00,0.00000000e+00,-6.95785592e-04,0
14,15,2.02133421e-03,0.00000000e+00,0.00000000e+00,-2.02133421e-03,0
14,16,2.00507203e-03,0.00000000e+00,0.00000000e+00,2.00507203e-03,0
14,17,1.28131898e-03,0.00000000e+00,0.00000000e+00,1.28131898e-03,0
14,18,1.14038571e-04,0.00000000e+00,0.00000000e+00,-1.14038571e-04,0
14,19,1.47078672e-03,0.00000000e+00,0.00000000e+00,1.47078672e-03,0
14,20,7.10602884e-04,0.00000000e+00,0.00000000e+00,-7.10602884e-04,0
14,21,5.82070937e-04,0.00000000e+00,0.00000000e+00,-5.82070937e-04,0
14,22,3.52173128e-04,0.00000000e+00,0.00000000e+00,3.52173128e-04,0
14,23,1.06610193e-04,0.00000000e+00,0.00000000e+00,1.06610193e-04,0
14,24,8.81221773e-04,0.00000000e+00,0.00000000e+00,8.81221773e-04,0
14,25,2.21143304e-03,0.00000000e+00,0.00000000e+00,2.21143304e-03,0
14,26,2.71515898e-04,0.00000000e+00,0.00000000e+00,-2.71515898e-04,0
14,27,2.17872471e-03,0.00000000e+00,0.00000000e+00,2.17872471e-03,0
14,28,4.72309164e-04,0.00000000e+00,0.00000000e+00,-4.72309164e-04,0
14,29,7.60166055e-04,0.00000000e+00,0.00000000e+00,-7.60166055e-04,0
14,30,1.94586114e-04,0.00000000e+00,0.00000000e+00,1.94586114e-04,0
14,31,2.31537054e-03,0.00000000e+00,0.00000000e+00,-2.31537054e-03,0
14,32,8.86992610e-04,0.00000000e+00,0.00000000e+00,8.86992610e-04,0
14,33,2.31537054e-03,0.00000000e+00,0.00000000e+00,-2.31537054e-03,0
14,34,1.94586114e-04,0.00000000e+00,0.00000000e+00,1.94586114e-04,0
14,35,7.60166055e-04,0.00000000e+00,0.00000000e+00,-7.60166055e-04,0
14,36,4.72309164e-04,0.00000000e+00,0.00000000e+00,-4.72309164e-04,0
14,37,2.17872471e-03,0.00000000e+00,0.00000000e+00,2.17872471e-03,0
14,38,2.71515898e-04,0.00000000e+00,0.00000000e+00,-2.71515898e-04,0
14,39,2.21143304e-03,0.00000000e+00,0.00000000e+00,2.21143304e-03,0
14,40,8.81221773e-04,0.00000000e+00,0.00000000e+00,8.81221773e-04,0
14,41,1.06610193e-04,0.00000000e+00,0.00000000e+00,1.06610193e-04,0
14,42,3.52173128e-04,0.00000000e+00,0.00000000e+00,3.52173128e-04,0
14,43,5.82070937e-04,0.00000000e+00,0.00000000e+00,-5.82070937e-04,0
14,44,7.10602884e-04,0.00000000e+00,0.00000000e+00,-7.10602884e-04,0
14,45,1.47078672e-03,0.00000000e+00,0.00000000e+00,1.47078672e-03,0
14,46,1.14038571e-04,0.00000000e+00,0.00000000e+00,-1.14038571e-04,0
14,47,1.28131898e-03,0.00000000e+00,0.00000000e+00,1.28131898e-03,0
14,48,2.00507203e-03,0.00000000e+00,0.00000000e+00,2.00507203e-03,0
14,49,2.02133421e-03,0.00000000e+00,0.00000000e+00,-2.02133421e-03,0
14,50,6.95785592e-04,0.00000000e+00,0.00000000e+00,-6.95785592e-04,0
14,51,1.13442816e-03,0.00000000e+00,0.00000000e+00,1.13442816e-03,0
14,52,1.10919170e-03,0.00000000e+00,0.00000000e+00,1.10919170e-03,0
14,53,2.78684722e-04,0.00000000e+00,0.00000000e+00,2.78684722e-04,0
14,54,2.06117353e-04,0.00000000e+00,0.00000000e+00,-2.06117353e-04,0
14,55,1.56021876e-03,0.00000000e+00,0.00000000e+00,-1.56021876e-03,0
14,56,3.31931759e-03,0.00000000e+00,0.00000000e+00,3.31931759e-03,0
14,57,9.89442750e-04,0.00000000e+00,0.00000000e+00,9.89442750e-04,0
14,58,1.07428443e-03,0.00000000e+00,0.00000000e+00,-1.07428443e-03,0
14,59,1.20123639e-03,0.00000000e+00,0.00000000e+00,-1.20123639e-03,0
14,60,8.10263895e-04,0.00000000e+00,0.00000000e+00,-8.10263895e-04,0
14,61,4.83013029e-04,0.00000000e+00,0.00000000e+00,4.83013029e-04,0
14,62,3.08085751e-04,0.00000000e+00,0.00000000e+00,3.08085751e-04,0
14,63,4.47682231e-04,0.00000000e+00,0.00000000e+00,4.47682231e-04,0
15,0,4.15089725e-04,0.00000000e+00,0.00000000e+00,-4.15089725e-04,0
15,1,9.55436510e-04,0.00000000e+00,0.00000000e+00,9.55436510e-04,0
15,2,2.61632509e-04,0.00000000e+00,0.00000000e+00,2.61632509e-04,0
15,3,1.03316904e-03,0.00000000e+00,0.00000000e+00,-1.03316904e-03,0
15,4,9.58256623e-04,0.00000000e+00,0.00000000e+00,-9.58256623e-04,0
15,5,4.66294341e-04,0.00000000e+00,0.00000000e+00,-4.66294341e-04,0
15,6,2.44504313e-04,0.00000000e+00,0.00000000e+00,-2.44504313e-04,0
15,7,6.51707234e-04,0.00000000e+00,0.00000000e+00,-6.51707234e-04,0
15,8,1.32429709e-03,0.00000000e+00,0.00000000e+00,1.32429709e-03,0
15,9,7.73649047e-04,0.00000000e+00,0.00000000e+00,7.73649047e-04,0
15,10,2.67924706e-03,0.00000000e+00,0.00000000e+00,-2.67924706e-03,0
15,11,4.89085079e-04,0.00000000e+00,0.00000000e+00,4.89085079e-04,0
15,12,4.60236441e-03,0.00000000e+00,0.00000000e+00,4.60236441e-03,0
15,13,3.16659442e-04,0.00000000e+00,0.00000000e+00,-3.16659442e-04,0
15,14,2.02133421e-03,0.00000000e+00,0.00000000e+00,-2.02133421e-03,0
15,15,2.08720811e-03,0.00000000e+00,0.00000000e+00,2.08720811e-03,0
15,16,3.19532699e-03,0.00000000e+00,0.00000000e+00,3.19532699e-03,0
15,17,1.31156160e-04,0.00000000e+00,0.00000000e+00,-1.31156160e-04,0
15,18,7.40706629e-04,0.00000000e+00,0.00000000e+00,7.40706629e-04,0
15,19,5.55860595e-04,0.00000000e+00,0.00000000e+00,-5.55860595e-04,0
15,20,8.01548393e-04,0.00000000e+00,0.00000000e+00,8.01548393e-04,0
15,21,1.21580261e-03,0.00000000e+00,0.00000000e+00,1.21580261e-03,0
15,22,1.22025920e-03,0.00000000e+00,0.00000000e+00,1.22025920e-03,0
15,23,8.59642769e-04,0.00000000e+00,0.00000000e+00,8.59642769e-04,0
15,24,2.16719450e-03,0.00000000e+00,0.00000000e+00,2.16719450e-03,0
15,25,2.61190557e-04,0.00000000e+00,0.00000000e+00,-2.61190557e-04,0
15,26,1.87628239e-03,0.00000000e+00,0.00000000e+00,1.87628239e-03,0
15,27,1.29207221e-04,0.00000000e+00,0.00000000e+00,-1.29207221e-04,0
15,28,3.63793370e-05,0.00000000e+00,0.00000000e+00,-3.63793370e-05,0
15,29,3.22285933e-04,0.00000000e+00,0.00000000e+00,3.22285933e-04,0
15,30,7.98533845e-04,0.00000000e+00,0.00000000e+00,-7.98533845e-04,0
15,31,9.40742640e-04,0.00000000e+00,0.00000000e+00,9.40742640e-04,0
15,32,1.43861212e-03,0.00000000e+00,0.00000000e+00,-1.43861212e-03,0
15,33,9.40742640e-04,0.00000000e+00,0.00000000e+00,9.40742640e-04,0
15,34,7.98533845e-04,0.00000000e+00,0.00000000e+00,-7.98533845e-04,0
15,35,3.22285933e-04,0.00000000e+00,0.00000000e+00,3.22285933e-04,0
15,36,3.63793370e-05,0.00000000e+00,0.00000000e+00,-3.63793370e-05,0
15,37,1.29207221e-04,0.00000000e+00,0.00000000e+00,-1.29207221e-04,0
15,38,1.87628239e-03,0.00000000e+00,0.00000000e+00,1.87628239e-03,0
15,39,2.61190557e-04,0.00000000e+00,0.00000000e+00,-2.61190557e-04,0
15,40,2.16719450e-03,0.00000000e+00,0.00000000e+00,2.16719450e-03,0
15,41,8.59642769e-04,0.00000000e+00,0.00000000e+00,8.59642769e-04,0
15,42,1.22025920e-03,0.00000000e+00,0.00000000e+00,1.22025920e-03,0
15,43,1.21580261e-03,0.00000000e+00,0.00000000e+00,1.21580261e-03,0
15,44,8.01548393e-04,0.00000000e+00,0.00000000e+00,8.01548393e-04,0
15,45,5.55860595e-04,0.00000000e+00,0.00000000e+00,-5.55860595e-04,0
15,46,7.40706629e-04,0.00000000e+00,0.00000000e+00,7.40706629e-04,0
15,47,1.31156160e-04,0.00000000e+00,0.00000000e+00,-1.31156160e-04,0
15,48,3.19532699e-03,0.00000000e+00,0.00000000e+00,3.19532699e-03,0
15,49,2.08720811e-03,0.00000000e+00,0.00000000e+00,2.08720811e-03,0
15,50,2.02133421e-03,0.00000000e+00,0.00000000e+00,-2.02133421e-03,0
15,51,3.16659442e-04,0.00000000e+00,0.00000000e+00,-3.16659442e-04,0
15,52,4.60236441e-03,0.00000000e+00,0.00000000e+00,4.60236441e-03,0
15,53,4.89085079e-04,0.00000000e+00,0.00000000e+00,4.89085079e-04,0
15,54,2.67924706e-03,0.00000000e+00,0.00000000e+00,-2.67924706e-03,0
15,55,7.73649047e-04,0.00000000e+00,0.00000000e+00,7.73649047e-04,0
15,56,1.32429709e-03,0.00000000e+00,0.00000000e+00,1.32429709e-03,0
15,57,6.51707234e-04,0.00000000e+00,0.00000000e+00,-6.51707234e-04,0
15,58,2.44504313e-04,0.00000000e+00,0.00000000e+00,-2.44504313e-04,0
15,59,4.66294341e-04,0.00000000e+00,0.00000000e+00,-4.66294341e-04,0
15,60,9.58256623e-04,0.00000000e+00,0.00000000e+00,-9.58256623e-04,0
15,61,1.03316904e-03,0.00000000e+00,0.00000000e+00,-1.03316904e-03,0
15,62,2.61632509e-04,0.00000000e+00,0.00000000e+00,2.61632509e-04,0
15,63,9.55436510e-04,0.00000000e+00,0.00000000e+00,9.55436510e-04,0
16,0,1.67034640e-03,0.00000000e+00,0.00000000e+00,-1.67034640e-03,0
16,1,3.14005877e-04,0.00000000e+00,0.00000000e+00,3.14005877e-04,0
16,2,8.98979302e-05,0.00000000e+00,0.00000000e+00,-8.98979302e-05,0
16,3,1.08693258e-03,0.00000000e+00,0.00000000e+00,-1.08693258e-03,0
16,4,1.44730807e-04,0.00000000e+00,0.00000000e+00,1.44730807e-04,0
16,5,4.47963335e-04,0.00000000e+00,0.00000000e+00,4.47963335e-04,0
16,6,1.70985163e-03,0.00000000e+00,0.00000000e+00,1.70985163e-03,0
16,7,1.11655305e-04,0.00000000e+00,0.00000000e+00,-1.11655305e-04,0
16,8,1.39784980e-03,0.00000000e+00,0.00000000e+00,-1.39784980e-03,0
16,9,1.51481671e-03,0.00000000e+00,0.00000000e+00,1.51481671e-03,0
16,10,2.78700467e-03,0.00000000e+00,0.00000000e+00,2.78700467e-03,0
16,11,9.83845063e-04,0.00000000e+00,0.00000000e+00,-9.83845063e-04,0
16,12,2.22824794e-03,0.00000000e+00,0.00000000e+00,-2.22824794e-03,0
16,13,1.67436956e-04,0.00000000e+00,0.00000000e+00,-1.67436956e-04,0
16,14,2.00507203e-03,0.00000000e+00,0.00000000e+00,2.00507203e-03,0
16,15,3.19532699e-03,0.00000000e+00,0.00000000e+00,3.19532699e-03,0
16,16,3.40422446e-03,0.00000000e+00,0.00000000e+00,-3.40422446e-03,0
16,17,1.31891543e-03,0.00000000e+00,0.00000000e+00,-1.31891543e-03,0
16,18,3.63973876e-04,0.00000000e+00,0.00000000e+00,3.63973876e-04,0
16,19,6.77984351e-04,0.00000000e+00,0.00000000e+00,-6.77984351e-04,0
16,20,1.17567474e-04,0.00000000e+00,0.00000000e+00,1.17567474e-04,0
16,21,3.59539555e-06,0.00000000e+00,0.00000000e+00,3.59539555e-06,0
16,22,1.03357418e-03,0.00000000e+00,0.00000000e+00,-1.03357418e-03,0
16,23,1.20063130e-04,0.00000000e+00,0.00000000e+00,1.20063130e-04,0
16,24,2.13230912e-03,0.00000000e+00,0.00000000e+00,-2.13230912e-03,0
16,25,1.03220594e-04,0.00000000e+00,0.00000000e+00,1.03220594e-04,0
16,26,3.19628206e-04,0.00000000e+00,0.00000000e+00,-3.19628206e-04,0
16,27,7.96359542e-07,0.00000000e+00,0.00000000e+00,-7.96359542e-07,0
16,28,7.97700161e-05,0.00000000e+00,0.00000000e+00,7.97700161e-05,0
16,29,5.86740745e-04,0.00000000e+00,0.00000000e+00,5.86740745e-04,0
16,30,1.08509297e-03,0.00000000e+00,0.00000000e+00,1.08509297e-03,0
16,31,8.96580819e-04,0.00000000e+00,0.00000000e+00,8.96580819e-04,0
16,32,3.14372512e-04,0.00000000e+00,0.00000000e+00,3.14372512e-04,0
16,33,8.96580819e-04,0.00000000e+00,0.00000000e+00,8.96580819e-04,0
16,34,1.08509297e-03,0.00000000e+00,0.00000000e+00,1.08509297e-03,0
16,35,5.86740745e-04,0.00000000e+00,0.00000000e+00,5.86740745e-04,0
16,36,7.97700161e-05,0.00000000e+00,0.00000000e+00,7.97700161e-05,0
16,37,7.96359542e-07,0.00000000e+00,0.00000000e+00,-7.96359542e-07,0
16,38,3.19628206e-04,0.00000000e+00,0.00000000e+00,-3.19628206e-04,0
16,39,1.03220594e-04,0.00000000e+00,0.00000000e+00,1.03220594e-04,0
16,40,2.13230912e-03,0.00000000e+00,0.00000000e+00,-2.13230912e-03,0
16,41,1.20063130e-04,0.00000000e+00,0.00000000e+00,1.20063130e-04,0
16,42,1.03357418e-03,0.00000000e+00,0.00000000e+00,-1.03357418e-03,0
16,43,3.59539555e-06,0.00000000e+00,0.00000000e+00,3.59539555e-06,0
16,44,1.17567474e-04,0.00000000e+00,0.00000000e+00,1.17567474e-04,0
16,45,6.77984351e-04,0.00000000e+00,0.00000000e+00,-6.77984351e-04,0
16,46,3.63973876e-04,0.00000000e+00,0.00000000e+00,3.63973876e-04,0
16,47,1.31891543e-03,0.00000000e+00,0.00000000e+00,-1.31891543e-03,0
16,48,3.40422446e-03,0.00000000e+00,0.00000000e+00,-3.40422446e-03,0
16,49,3.19532699e-03,0.00000000e+00,0.00000000e+00,3.19532699e-03,0
16,50,2.00507203e-03,0.00000000e+00,0.00000000e+00,2.00507203e-03,0
16,51,1.67436956e-04,0.00000000e+00,0.00000000e+00,-1.67436956e-04,0
16,52,2.22824794e-03,0.00000000e+00,0.00000000e+00,-2.22824794e-03,0
16,53,9.83845063e-04,0.00000000e+00,0.00000000e+00,-9.83845063e-04,0
16,54,2.78700467e-03,0.00000000e+00,0.00000000e+00,2.78700467e-03,0
16,55,1.51481671e-03,0.00000000e+00,0.00000000e+00,1.51481671e-03,0
16,56,1.39784980e-03,0.00000000e+00,0.00000000e+00,-1.39784980e-03,0
16,57,1.11655305e-04,0.00000000e+00,0.00000000e+00,-1.11655305e-04,0
16,58,1.70985163e-03,0.00000000e+00,0.00000000e+00,1.70985163e-03,0
16,59,4.47963335e-04,0.00000000e+00,0.00000000e+00,4.47963335e-04,0
16,60,1.44730807e-04,0.00000000e+00,0.00000000e+00,1.44730807e-04,0
16,61,1.08693258e-03,0.00000000e+00,0.00000000e+00,-1.08693258e-03,0
16,62,8.98979302e-05,0.00000000e+00,0.00000000e+00,-8.98979302e-05,0
16,63,3.14005877e-04,0.00000000e+00,0.00000000e+00,3.14005877e-04,0
17,0,8.49672473e-04,0.00000000e+00,0.00000000e+00,-8.49672473e-04,0
17,1,5.78157195e-04,0.00000000e+00,0.00000000e+00,5.78157195e-04,0
17,2,6.87580081e-05,0.00000000e+00,0.00000000e+00,-6.87580081e-05,0
17,3,6.66648899e-04,0.00000000e+00,0.00000000e+00,-6.66648899e-04,0
17,4,8.66735470e-04,0.00000000e+00,0.00000000e+00,8.66735470e-04,0
17,5,1.03220431e-03,0.00000000e+00,0.00000000e+00,-1.03220431e-03,0
17,6,7.18074891e-04,0.00000000e+00,0.00000000e+00,7.18074891e-04,0
17,7,7.39370321e-04,0.00000000e+00,0.00000000e+00,7.39370321e-04,0
17,8,2.48433811e-03,0.00000000e+00,0.00000000e+00,-2.48433811e-03,0
17,9,5.47858044e-04,0.00000000e+00,0.00000000e+00,-5.47858044e-04,0
17,10,1.44886269e-03,0.00000000e+00,0.00000000e+00,1.44886269e-03,0
17,11,1.63747313e-03,0.00000000e+00,0.00000000e+00,1.63747313e-03,0
17,12,1.70864571e-03,0.00000000e+00,0.00000000e+00,-1.70864571e-03,0
17,13,7.16430151e-04,0.00000000e+00,0.00000000e+00,7.16430151e-04,0
17,14,1.28131898e-03,0.00000000e+00,0.00000000e+00,1.28131898e-03,0
17,15,1.31156160e-04,0.00000000e+00,0.00000000e+00,-1.31156160e-04,0
17,16,1.31891543e-03,0.00000000e+00,0.00000000e+00,-1.31891543e-03,0
17,17,1.29239490e-03,0.00000000e+00,0.00000000e+00,1.29239490e-03,0
17,18,1.68610373e-03,0.00000000e+00,0.00000000e+00,1.68610373e-03,0
17,19,7.51412855e-04,0.00000000e+00,0.00000000e+00,-7.51412855e-04,0
17,20,3.56698635e-04,0.00000000e+00,0.00000000e+00,-3.56698635e-04,0
17,21,1.47767840e-04,0.00000000e+00,0.00000000e+00,1.47767840e-04,0
17,22,1.08225133e-04,0.00000000e+00,0.00000000e+00,-1.08225133e-04,0
17,23,5.27907067e-04,0.00000000e+00,0.00000000e+00,5.27907067e-04,0
17,24,6.88320779e-04,0.00000000e+00,0.00000000e+00,6.88320779e-04,0
17,25,6.31683736e-04,0.00000000e+00,0.00000000e+00,6.31683736e-04,0
17,26,1.64620832e-03,0.00000000e+00,0.00000000e+00,1.64620832e-03,0
17,27,5.38445339e-04,0.00000000e+00,0.00000000e+00,-5.38445339e-04,0
17,28,1.33308901e-04,0.00000000e+00,0.00000000e+00,1.33308901e-04,0
17,29,2.36447435e-04,0.00000000e+00,0.00000000e+00,2.36447435e-04,0
17,30,2.25709114e-04,0.00000000e+00,0.00000000e+00,-2.25709114e-04,0
17,31,5.52251437e-04,0.00000000e+00,0.00000000e+00,5.52251437e-04,0
17,32,1.64912355e-03,0.00000000e+00,0.00000000e+00,-1.64912355e-03,0
17,33,5.52251437e-04,0.00000000e+00,0.00000000e+00,5.52251437e-04,0
17,34,2.25709114e-04,0.00000000e+00,0.00000000e+00,-2.25709114e-04,0
17,35,2.36447435e-04,0.00000000e+00,0.00000000e+00,2.36447435e-04,0
17,36,1.33308901e-04,0.00000000e+00,0.00000000e+00,1.33308901e-04,0
17,37,5.38445339e-04,0.00000000e+00,0.00000000e+00,-5.38445339e-04,0
17,38,1.64620832e-03,0.00000000e+00,0.00000000e+00,1.64620832e-03,0
17,39,6.31683736e-04,0.00000000e+00,0.00000000e+00,6.31683736e-04,0
17,40,6.88320779e-04,0.00000000e+00,0.00000000e+00,6.88320779e-04,0
17,41,5.27907067e-04,0.00000000e+00,0.00000000e+00,5.27907067e-04,0
17,42,1.08225133e-04,0.00000000e+00,0.00000000e+00,-1.08225133e-04,0
17,43,1.47767840e-04,0.00000000e+00,0.00000000e+00,1.47767840e-04,0
17,44,3.56698635e-04,0.00000000e+00,0.00000000e+00,-3.56698635e-04,0
17,45,7.51412855e-04,0.00000000e+00,0.00000000e+00,-7.51412855e-04,0
17,46,1.68610373e-03,0.00000000e+00,0.00000000e+00,1.68610373e-03,0
17,47,1.29239490e-03,0.00000000e+00,0.00000000e+00,1.29239490e-03,0
17,48,1.31891543e-03,0.00000000e+00,0.00000000e+00,-1.31891543e-03,0
17,49,1.31156160e-04,0.00000000e+00,0.00000000e+00,-1.31156160e-04,0
17,50,1.28131898e-03,0.00000000e+00,0.00000000e+00,1.28131898e-03,0
17,51,7.16430151e-04,0.00000000e+00,0.00000000e+00,7.16430151e-04,0
17,52,1.70864571e-03,0.00000000e+00,0.00000000e+00,-1.70864571e-03,0
17,53,1.63747313e-03,0.00000000e+00,0.00000000e+00,1.63747313e-03,0
17,54,1.44886269e-03,0.00000000e+00,0.00000000e+00,1.44886269e-03,0
17,55,5.47858044e-04,0.00000000e+00,0.00000000e+00,-5.47858044e-04,0
17,56,2.48433811e-03,0.00000000e+00,0.00000000e+00,-2.48433811e-03,0
17,57,7.39370321e-04,0.00000000e+00,0.00000000e+00,7.39370321e-04,0
17,58,7.18074891e-04,0.00000000e+00,0.00000000e+00,7.18074891e-04,0
17,59,1.03220431e-03,0.00000000e+00,0.00000000e+00,-1.03220431e-03,0
17,60,8.66735470e-04,0.00000000e+00,0.00000000e+00,8.66735470e-04,0
17,61,6.66648899e-04,0.00000000e+00,0.00000000e+00,-6.66648899e-04,0
17,62,6.87580081e-05,0.00000000e+00,0.00000000e+00,-6.87580081e-05,0
17,63,5.78157195e-04,0.00000000e+00,0.00000000e+00,5.78157195e-04,0
18,0,1.37704871e-03,0.00000000e+00,0.00000000e+00,-1.37704871e-03,0
18,1,3.22488082e-06,0.00000000e+00,0.00000000e+00,-3.22488082e-06,0
18,2,4.48317356e-04,0.00000000e+00,0.00000000e+00,4.48317356e-04,0
18,3,7.96116156e-04,0.00000000e+00,0.00000000e+00,7.96116156e-04,0
18,4,4.38489446e-04,0.00000000e+00,0.00000000e+00,-4.38489446e-04,0
18,5,1.43058561e-03,0.00000000e+00,0.00000000e+00,-1.43058561e-03,0
18,6,7.29584516e-04,0.00000000e+00,0.00000000e+00,-7.29584516e-04,0
18,7,4.57867343e-04,0.00000000e+00,0.00000000e+00,-4.57867343e-04,0
18,8,1.98570380e-03,0.00000000e+00,0.00000000e+00,1.98570380e-03,0
18,9,7.36558672e-04,0.00000000e+00,0.00000000e+00,-7.36558672e-04,0
18,10,1.35285648e-03,0.00000000e+00,0.00000000e+00,1.35285648e-03,0
18,11,7.68402699e-04,0.00000000e+00,0.00000000e+00,7.68402699e-04,0
18,12,1.42608466e-03,0.00000000e+00,0.00000000e+00,-1.42608466e-03,0
18,13,9.25901589e-04,0.00000000e+00,0.00000000e+00,9.25901589e-04,0
18,14,1.14038571e-04,0.00000000e+00,0.00000000e+00,-1.14038571e-04,0
18,15,7.40706629e-04,0.00000000e+00,0.00000000e+00,7.40706629e-04,0
18,16,3.63973876e-04,0.00000000e+00,0.00000000e+00,3.63973876e-04,0
18,17,1.68610373e-03,0.00000000e+00,0.00000000e+00,1.68610373e-03,0
18,18,1.92059459e-03,0.00000000e+00,0.00000000e+00,-1.92059459e-03,0
18,19,1.42695969e-04,0.00000000e+00,0.00000000e+00,1.42695969e-04,0
18,20,3.38097833e-05,0.00000000e+00,0.00000000e+00,-3.38097833e-05,0
18,21,1.79414656e-03,0.00000000e+00,0.00000000e+00,1.79414656e-03,0
18,22,3.78088580e-04,0.00000000e+00,0.00000000e+00,-3.78088580e-04,0
18,23,1.69504310e-03,0.00000000e+00,0.00000000e+00,1.69504310e-03,0
18,24,1.60076332e-03,0.00000000e+00,0.00000000e+00,-1.60076332e-03,0
18,25,1.95262762e-03,0.00000000e+00,0.00000000e+00,1.95262762e-03,0
18,26,1.95223166e-03,0.00000000e+00,0.00000000e+00,-1.95223166e-03,0
18,27,8.70729601e-06,0.00000000e+00,0.00000000e+00,-8.70729601e-06,0
18,28,6.72479156e-04,0.00000000e+00,0.00000000e+00,-6.72479156e-04,0
18,29,4.22480878e-04,0.00000000e+00,0.00000000e+00,-4.22480878e-04,0
18,30,1.30250179e-03,0.00000000e+00,0.00000000e+00,1.30250179e-03,0
18,31,9.47063858e-04,0.00000000e+00,0.00000000e+00,-9.47063858e-04,0
18,32,1.03073120e-03,0.00000000e+00,0.00000000e+00,1.03073120e-03,0
18,33,9.47063858e-04,0.00000000e+00,0.00000000e+00,-9.47063858e-04,0
18,34,1.30250179e-03,0.00000000e+00,0.00000000e+00,1.30250179e-03,0
18,35,4.22480878e-04,0.00000000e+00,0.00000000e+00,-4.22480878e-04,0
18,36,6.72479156e-04,0.00000000e+00,0.00000000e+00,-6.72479156e-04,0
18,37,8.70729601e-06,0.00000000e+00,0.00000000e+00,-8.70729601e-06,0
18,38,1.95223166e-03,0.00000000e+00,0.00000000e+00,-1.95223166e-03,0
18,39,1.95262762e-03,0.00000000e+00,0.00000000e+00,1.95262762e-03,0
18,40,1.60076332e-03,0.00000000e+00,0.00000000e+00,-1.60076332e-03,0
18,41,1.69504310e-03,0.00000000e+00,0.00000000e+00,1.69504310e-03,0
18,42,3.78088580e-04,0.00000000e+00,0.00000000e+00,-3.78088580e-04,0
18,43,1.79414656e-03,0.00000000e+00,0.00000000e+00,1.79414656e-03,0
18,44,3.38097833e-05,0.00000000e+00,0.00000000e+00,-3.38097833e-05,0
18,45,1.42695969e-04,0.00000000e+00,0.00000000e+00,1.42695969e-04,0
18,46,1.92059459e-03,0.00000000e+00,0.00000000e+00,-1.92059459e-03,0
18,47,1.68610373e-03,0.00000000e+00,0.00000000e+00,1.68610373e-03,0
18,48,3.63973876e-04,0.00000000e+00,0.00000000e+00,3.63973876e-04,0
18,49,7.40706629e-04,0.00000000e+00,0.00000000e+00,7.40706629e-04,0
18,50,1.14038571e-04,0.00000000e+00,0.00000000e+00,-1.14038571e-04,0
18,51,9.25901589e-04,0.00000000e+00,0.00000000e+00,9.25901589e-04,0
18,52,1.42608466e-03,0.00000000e+00,0.00000000e+00,-1.42608466e-03,0
18,53,7.68402699e-04,0.00000000e+00,0.00000000e+00,7.68402699e-04,0
18,54,1.35285648e-03,0.00000000e+00,0.00000000e+00,1.35285648e-03,0
18,55,7.36558672e-04,0.00000000e+00,0.00000000e+00,-7.36558672e-04,0
18,56,1.98570380e-03,0.00000000e+00,0.00000000e+00,1.98570380e-03,0
18,57,4.57867343e-04,0.00000000e+00,0.00000000e+00,-4.57867343e-04,0
18,58,7.29584516e-04,0.00000000e+00,0.00000000e+00,-7.29584516e-04,0
18,59,1.43058561e-03,0.00000000e+00,0.00000000e+00,-1.43058561e-03,0
18,60,4.38489446e-04,0.00000000e+00,0.00000000e+00,-4.38489446e-04,0
18,61,7.96116156e-04,0.00000000e+00,0.00000000e+00,7.96116156e-04,0
18,62,4.48317356e-04,0.00000000e+00,0.00000000e+00,4.48317356e-04,0
18,63,3.22488082e-06,0.00000000e+00,0.00000000e+00,-3.22488082e-06,0
19,0,1.33822377e-03,0.00000000e+00,0.00000000e+00,-1.33822377e-03,0
19,1,6.55594633e-04,0.00000000e+00,0.00000000e+00,-6.55594633e-04,0
19,2,1.07182248e-03,0.00000000e+00,0.00000000e+00,-1.07182248e-03,0
19,3,5.40737865e-04,0.00000000e+00,0.00000000e+00,-5.40737865e-04,0
19,4,1.35719198e-03,0.00000000e+00,0.00000000e+00,1.35719198e-03,0
19,5,1.39856062e-03,0.00000000e+00,0.00000000e+00,1.39856062e-03,0
19,6,8.91087256e-04,0.00000000e+00,0.00000000e+00,8.91087256e-04,0
19,7,4.19075383e-05,0.00000000e+00,0.00000000e+00,4.19075383e-05,0
19,8,1.41009252e-03,0.00000000e+00,0.00000000e+00,-1.41009252e-03,0
19,9,4.29112547e-04,0.00000000e+00,0.00000000e+00,-4.29112547e-04,0
19,10,2.50561681e-03,0.00000000e+00,0.00000000e+00,2.50561681e-03,0
19,11,4.44589055e-05,0.00000000e+00,0.00000000e+00,-4.44589055e-05,0
19,12,2.26478485e-03,0.00000000e+00,0.00000000e+00,-2.26478485e-03,0
19,13,4.65678196e-04,0.00000000e+00,0.00000000e+00,-4.65678196e-04,0
19,14,1.47078672e-03,0.00000000e+00,0.00000000e+00,1.47078672e-03,0
19,15,5.55860595e-04,0.00000000e+00,0.00000000e+00,-5.55860595e-04,0
19,16,6.77984351e-04,0.00000000e+00,0.00000000e+00,-6.77984351e-04,0
19,17,7.51412855e-04,0.00000000e+00,0.00000000e+00,-7.51412855e-04,0
19,18,1.42695969e-04,0.00000000e+00,0.00000000e+00,1.42695969e-04,0
19,19,1.36061608e-04,0.00000000e+00,0.00000000e+00,-1.36061608e-04,0
19,20,4.34234772e-04,0.00000000e+00,0.00000000e+00,-4.34234772e-04,0
19,21,6.70907360e-04,0.00000000e+00,0.00000000e+00,-6.70907360e-04,0
19,22,2.20418288e-03,0.00000000e+00,0.00000000e+00,-2.20418288e-03,0
19,23,5.02220875e-04,0.00000000e+00,0.00000000e+00,-5.02220875e-04,0
19,24,8.46503929e-05,0.00000000e+00,0.00000000e+00,-8.46503929e-05,0
19,25,3.13307410e-04,0.00000000e+00,0.00000000e+00,-3.13307410e-04,0
19,26,1.24913985e-04,0.00000000e+00,0.00000000e+00,-1.24913985e-04,0
19,27,6.06174707e-05,0.00000000e+00,0.00000000e+00,-6.06174707e-05,0
19,28,5.36960707e-04,0.00000000e+00,0.00000000e+00,5.36960707e-04,0
19,29,1.83192537e-04,0.00000000e+00,0.00000000e+00,1.83192537e-04,0
19,30,9.89103115e-04,0.00000000e+00,0.00000000e+00,9.89103115e-04,0
19,31,1.04032750e-04,0.00000000e+00,0.00000000e+00,-1.04032750e-04,0
19,32,7.94705449e-04,0.00000000e+00,0.00000000e+00,7.94705449e-04,0
19,33,1.04032750e-04,0.00000000e+00,0.00000000e+00,-1.04032750e-04,0
19,34,9.89103115e-04,0.00000000e+00,0.00000000e+00,9.89103115e-04,0
19,35,1.83192537e-04,0.00000000e+00,0.00000000e+00,1.83192537e-04,0
19,36,5.36960707e-04,0.00000000e+00,0.00000000e+00,5.36960707e-04,0
19,37,6.06174707e-05,0.00000000e+00,0.00000000e+00,-6.06174707e-05,0
19,38,1.24913985e-04,0.00000000e+00,0.00000000e+00,-1.24913985e-04,0
19,39,3.13307410e-04,0.00000000e+00,0.00000000e+00,-3.13307410e-04,0
19,40,8.46503929e-05,0.00000000e+00,0.00000000e+00,-8.46503929e-05,0
19,41,5.02220875e-04,0.00000000e+00,0.00000000e+00,-5.02220875e-04,0
19,42,2.20418288e-03,0.00000000e+00,0.00000000e+00,-2.20418288e-03,0
19,43,6.70907360e-04,0.00000000e+00,0.00000000e+00,-6.70907360e-04,0
19,44,4.34234772e-04,0.00000000e+00,0.00000000e+00,-4.34234772e-04,0
19,45,1.36061608e-04,0.00000000e+00,0.00000000e+00,-1.36061608e-04,0
19,46,1.42695969e-04,0.00000000e+00,0.00000000e+00,1.42695969e-04,0
19,47,7.51412855e-04,0.00000000e+00,0.00000000e+00,-7.51412855e-04,0
19,48,6.77984351e-04,0.00000000e+00,0.00000000e+00,-6.77984351e-04,0
19,49,5.55860595e-04,0.00000000e+00,0.00000000e+00,-5.55860595e-04,0
19,50,1.47078672e-03,0.00000000e+00,0.00000000e+00,1.47078672e-03,0
19,51,4.65678196e-04,0.00000000e+00,0.00000000e+00,-4.65678196e-04,0
19,52,2.26478485e-03,0.00000000e+00,0.00000000e+00,-2.26478485e-03,0
19,53,4.44589055e-05,0.00000000e+00,0.00000000e+00,-4.44589055e-05,0
19,54,2.50561681e-03,0.00000000e+00,0.00000000e+00,2.50561681e-03,0
19,55,4.29112547e-04,0.00000000e+00,0.00000000e+00,-4.29112547e-04,0
19,56,1.41009252e-03,0.00000000e+00,0.00000000e+00,-1.41009252e-03,0
19,57,4.19075383e-05,0.00000000e+00,0.00000000e+00,4.19075383e-05,0
19,58,8.91087256e-04,0.00000000e+00,0.00000000e+00,8.91087256e-04,0
19,59,1.39856062e-03,0.00000000e+00,0.00000000e+00,1.39856062e-03,0
19,60,1.35719198e-03,0.00000000e+00,0.00000000e+00,1.35719198e-03,0
19,61,5.40737865e-04,0.00000000e+00,0.00000000e+00,-5.40737865e-04,0
19,62,1.07182248e-03,0.00000000e+00,0.00000000e+00,-1.07182248e-03,0
19,63,6.55594633e-04,0.00000000e+00,0.00000000e+00,-6.55594633e-04,0
20,0,7.66120744e-04,0.00000000e+00,0.00000000e+00,-7.66120744e-04,0
20,1,4.07323977e-04,0.00000000e+00,0.00000000e+00,4.07323977e-04,0
20,2,9.17834700e-04,0.00000000e+00,0.00000000e+00,-9.17834700e-04,0
20,3,1.16055355e-03,0.00000000e+00,0.00000000e+00,-1.16055355e-03,0
20,4,4.65003316e-04,0.00000000e+00,0.00000000e+00,4.65003316e-04,0
20,5,9.49445324e-05,0.00000000e+00,0.00000000e+00,-9.49445324e-05,0
20,6,8.84386841e-04,0.00000000e+00,0.00000000e+00,-8.84386841e-04,0
20,7,3.49444305e-05,0.00000000e+00,0.00000000e+00,3.49444305e-05,0
20,8,1.61129763e-03,0.00000000e+00,0.00000000e+00,1.61129763e-03,0
20,9,8.95210899e-04,0.00000000e+00,0.00000000e+00,-8.95210899e-04,0
20,10,4.28771298e-04,0.00000000e+00,0.00000000e+00,-4.28771298e-04,0
20,11,3.17232054e-04,0.00000000e+00,0.00000000e+00,-3.17232054e-04,0
20,12,1.12190694e-03,0.00000000e+00,0.00000000e+00,1.12190694e-03,0
20,13,9.61269927e-04,0.00000000e+00,0.00000000e+00,9.61269927e-04,0
20,14,7.10602884e-04,0.00000000e+00,0.00000000e+00,-7.10602884e-04,0
20,15,8.01548393e-04,0.00000000e+00,0.00000000e+00,8.01548393e-04,0
20,16,1.17567474e-04,0.00000000e+00,0.00000000e+00,1.17567474e-04,0
20,17,3.56698635e-04,0.00000000e+00,0.00000000e+00,-3.56698635e-04,0
20,18,3.38097833e-05,0.00000000e+00,0.00000000e+00,-3.38097833e-05,0
20,19,4.34234772e-04,0.00000000e+00,0.00000000e+00,-4.34234772e-04,0
20,20,4.17529954e-05,0.00000000e+00,0.00000000e+00,4.17529954e-05,0
20,21,8.22272586e-04,0.00000000e+00,0.00000000e+00,-8.22272586e-04,0
20,22,4.48570012e-04,0.00000000e+00,0.00000000e+00,-4.48570012e-04,0
20,23,1.74070304e-03,0.00000000e+00,0.00000000e+00,1.74070304e-03,0
20,24,5.69205198e-04,0.00000000e+00,0.00000000e+00,-5.69205198e-04,0
20,25,8.22233129e-04,0.00000000e+00,0.00000000e+00,8.22233129e-04,0
20,26,1.02802179e-03,0.00000000e+00,0.00000000e+00,-1.02802179e-03,0
20,27,3.59914504e-04,0.00000000e+00,0.00000000e+00,3.59914504e-04,0
20,28,2.59583888e-04,0.00000000e+00,0.00000000e+00,-2.59583888e-04,0
20,29,6.76761986e-04,0.00000000e+00,0.00000000e+00,-6.76761986e-04,0
20,30,3.78182927e-04,0.00000000e+00,0.00000000e+00,-3.78182927e-04,0
20,31,8.21547683e-04,0.00000000e+00,0.00000000e+00,-8.21547683e-04,0
20,32,3.02265192e-04,0.00000000e+00,0.00000000e+00,-3.02265192e-04,0
20,33,8.21547683e-04,0.00000000e+00,0.00000000e+00,-8.21547683e-04,0
20,34,3.78182927e-04,0.00000000e+00,0.00000000e+00,-3.78182927e-04,0
20,35,6.76761986e-04,0.00000000e+00,0.00000000e+00,-6.76761986e-04,0
20,36,2.59583888e-04,0.00000000e+00,0.00000000e+00,-2.59583888e-04,0
20,37,3.59914504e-04,0.00000000e+00,0.00000000e+00,3.59914504e-04,0
20,38,1.02802179e-03,0.00000000e+00,0.00000000e+00,-1.02802179e-03,0
20,39,8.22233129e-04,0.00000000e+00,0.00000000e+00,8.22233129e-04,0
20,40,5.69205198e-04,0.00000000e+00,0.00000000e+00,-5.69205198e-04,0
20,41,1.74070304e-03,0.00000000e+00,0.00000000e+00,1.74070304e-03,0
20,42,4.48570012e-04,0.00000000e+00,0.00000000e+00,-4.48570012e-04,0
20,43,8.22272586e-04,0.00000000e+00,0.00000000e+00,-8.22272586e-04,0
20,44,4.17529954e-05,0.00000000e+00,0.00000000e+00,4.17529954e-05,0
20,45,4.34234772e-04,0.00000000e+00,0.00000000e+00,-4.34234772e-04,0
20,46,3.38097833e-05,0.00000000e+00,0.00000000e+00,-3.38097833e-05,0
20,47,3.56698635e-04,0.00000000e+00,0.00000000e+00,-3.56698635e-04,0
20,48,1.17567474e-04,0.00000000e+00,0.00000000e+00,1.17567474e-04,0
20,49,8.01548393e-04,0.00000000e+00,0.00000000e+00,8.01548393e-04,0
20,50,7.10602884e-04,0.00000000e+00,0.00000000e+00,-7.10602884e-04,0
20,51,9.61269927e-04,0.00000000e+00,0.00000000e+00,9.61269927e-04,0
20,52,1.12190694e-03,0.00000000e+00,0.00000000e+00,1.12190694e-03,0
20,53,3.17232054e-04,0.00000000e+00,0.00000000e+00,-3.17232054e-04,0
20,54,4.28771298e-04,0.00000000e+00,0.00000000e+00,-4.28771298e-04,0
20,55,8.95210899e-04,0.00000000e+00,0.00000000e+00,-8.95210899e-04,0
20,56,1.61129763e-03,0.00000000e+00,0.00000000e+00,1.61129763e-03,0
20,57,3.49444305e-05,0.00000000e+00,0.00000000e+00,3.49444305e-05,0
20,58,8.84386841e-04,0.00000000e+00,0.00000000e+00,-8.84386841e-04,0
20,59,9.49445324e-05,0.00000000e+00,0.00000000e+00,-9.49445324e-05,0
20,60,4.65003316e-04,0.00000000e+00,0.00000000e+00,4.65003316e-04,0
20,61,1.16055355e-03,0.00000000e+00,0.00000000e+00,-1.16055355e-03,0
20,62,9.17834700e-04,0.00000000e+00,0.00000000e+00,-9.17834700e-04,0
20,63,4.07323977e-04,0.00000000e+00,0.00000000e+00,4.07323977e-04,0
21,0,1.78824091e-03,0.00000000e+00,0.00000000e+00,-1.78824091e-03,0
21,1,4.96012030e-04,0.00000000e+00,0.00000000e+00,-4.96012030e-04,0
21,2,1.29674063e-04,0.00000000e+00,0.00000000e+00,1.29674063e-04,0
21,3,2.88367402e-05,0.00000000e+00,0.00000000e+00,-2.88367402e-05,0
21,4,6.99575301e-04,0.00000000e+00,0.00000000e+00,-6.99575301e-04,0
21,5,1.26148838e-03,0.00000000e+00,0.00000000e+00,-1.26148838e-03,0
21,6,8.68466231e-04,0.00000000e+00,0.00000000e+00,8.68466231e-04,0
21,7,6.61255945e-04,0.00000000e+00,0.00000000e+00,6.61255945e-04,0
21,8,1.81466775e-04,0.00000000e+00,0.00000000e+00,1.81466775e-04,0
21,9,3.79959597e-04,0.00000000e+00,0.00000000e+00,3.79959597e-04,0
21,10,1.25411337e-03,0.00000000e+00,0.00000000e+00,-1.25411337e-03,0
21,11,2.48347485e-04,0.00000000e+00,0.00000000e+00,2.48347485e-04,0
21,12,1.88993033e-03,0.00000000e+00,0.00000000e+00,1.88993033e-03,0
21,13,5.05923467e-04,0.00000000e+00,0.00000000e+00,5.05923467e-04,0
21,14,5.82070937e-04,0.00000000e+00,0.00000000e+00,-5.82070937e-04,0
21,15,1.21580261e-03,0.00000000e+00,0.00000000e+00,1.21580261e-03,0
21,16,3.59539555e-06,0.00000000e+00,0.00000000e+00,3.59539555e-06,0
21,17,1.47767840e-04,0.00000000e+00,0.00000000e+00,1.47767840e-04,0
21,18,1.79414656e-03,0.00000000e+00,0.00000000e+00,1.79414656e-03,0
21,19,6.70907360e-04,0.00000000e+00,0.00000000e+00,-6.70907360e-04,0
21,20,8.22272586e-04,0.00000000e+00,0.00000000e+00,-8.22272586e-04,0
21,21,2.11679964e-04,0.00000000e+00,0.00000000e+00,-2.11679964e-04,0
21,22,2.46717812e-04,0.00000000e+00,0.00000000e+00,-2.46717812e-04,0
21,23,8.62328717e-05,0.00000000e+00,0.00000000e+00,8.62328717e-05,0
21,24,2.26920460e-04,0.00000000e+00,0.00000000e+00,-2.26920460e-04,0
21,25,8.08732527e-04,0.00000000e+00,0.00000000e+00,-8.08732527e-04,0
21,26,3.60533068e-05,0.00000000e+00,0.00000000e+00,-3.60533068e-05,0
21,27,7.90117222e-05,0.00000000e+00,0.00000000e+00,-7.90117222e-05,0
21,28,1.62897202e-04,0.00000000e+00,0.00000000e+00,1.62897202e-04,0
21,29,2.84836555e-04,0.00000000e+00,0.00000000e+00,-2.84836555e-04,0
21,30,4.80505624e-06,0.00000000e+00,0.00000000e+00,-4.80505624e-06,0
21,31,3.47831051e-04,0.00000000e+00,0.00000000e+00,3.47831051e-04,0
21,32,4.13766346e-04,0.00000000e+00,0.00000000e+00,4.13766346e-04,0
21,33,3.47831051e-04,0.00000000e+00,0.00000000e+00,3.47831051e-04,0
21,34,4.80505624e-06,0.00000000e+00,0.00000000e+00,-4.80505624e-06,0
21,35,2.84836555e-04,0.00000000e+00,0.00000000e+00,-2.84836555e-04,0
21,36,1.62897202e-04,0.00000000e+00,0.00000000e+00,1.62897202e-04,0
21,37,7.90117222e-05,0.00000000e+00,0.00000000e+00,-7.90117222e-05,0
21,38,3.60533068e-05,0.00000000e+00,0.00000000e+00,-3.60533068e-05,0
21,39,8.08732527e-04,0.00000000e+00,0.00000000e+00,-8.08732527e-04,0
21,40,2.26920460e-04,0.00000000e+00,0.00000000e+00,-2.26920460e-04,0
21,41,8.62328717e-05,0.00000000e+00,0.00000000e+00,8.62328717e-05,0
21,42,2.46717812e-04,0.00000000e+00,0.00000000e+00,-2.46717812e-04,0
21,43,2.11679964e-04,0.00000000e+00,0.00000000e+00,-2.11679964e-04,0
21,44,8.22272586e-04,0.00000000e+00,0.00000000e+00,-8.22272586e-04,0
21,45,6.70907360e-04,0.00000000e+00,0.00000000e+00,-6.70907360e-04,0
21,46,1.79414656e-03,0.00000000e+00,0.00000000e+00,1.79414656e-03,0
21,47,1.47767840e-04,0.00000000e+00,0.00000000e+00,1.47767840e-04,0
21,48,3.59539555e-06,0.00000000e+00,0.00000000e+00,3.59539555e-06,0
21,49,1.21580261e-03,0.00000000e+00,0.00000000e+00,1.21580261e-03,0
21,50,5.82070937e-04,0.00000000e+00,0.00000000e+00,-5.82070937e-04,0
21,51,5.05923467e-04,0.00000000e+00,0.00000000e+00,5.05923467e-04,0
21,52,1.88993033e-03,0.00000000e+00,0.00000000e+00,1.88993033e-03,0
21,53,2.48347485e-04,0.00000000e+00,0.00000000e+00,2.48347485e-04,0
21,54,1.25411337e-03,0.00000000e+00,0.00000000e+00,-1.25411337e-03,0
21,55,3.79959597e-04,0.00000000e+00,0.00000000e+00,3.79959597e-04,0
21,56,1.81466775e-04,0.00000000e+00,0.00000000e+00,1.81466775e-04,0
21,57,6.61255945e-04,0.00000000e+00,0.00000000e+00,6.61255945e-04,0
21,58,8.68466231e-04,0.00000000e+00,0.00000000e+00,8.68466231e-04,0
21,59,1.26148838e-03,0.00000000e+00,0.00000000e+00,-1.26148838e-03,0
21,60,6.99575301e-04,0.00000000e+00,0.00000000e+00,-6.99575301e-04,0
21,61,2.88367402e-05,0.00000000e+00,0.00000000e+00,-2.88367402e-05,0
21,62,1.29674063e-04,0.00000000e+00,0.00000000e+00,1.29674063e-04,0
21,63,4.96012030e-04,0.00000000e+00,0.00000000e+00,-4.96012030e-04,0
22,0,7.25075522e-06,0.00000000e+00,0.00000000e+00,7.25075522e-06,0
22,1,7.22282862e-05,0.00000000e+00,0.00000000e+00,7.22282862e-05,0
22,2,4.24535725e-04,0.00000000e+00,0.00000000e+00,-4.24535725e-04,0
22,3,5.22423330e-04,0.00000000e+00,0.00000000e+00,5.22423330e-04,0
22,4,9.56106355e-04,0.00000000e+00,0.00000000e+00,-9.56106355e-04,0
22,5,1.70688188e-03,0.00000000e+00,0.00000000e+00,-1.70688188e-03,0
22,6,9.44125105e-05,0.00000000e+00,0.00000000e+00,9.44125105e-05,0
22,7,7.07559045e-04,0.00000000e+00,0.00000000e+00,7.07559045e-04,0
22,8,9.41739455e-04,0.00000000e+00,0.00000000e+00,9.41739455e-04,0
22,9,4.66428793e-04,0.00000000e+00,0.00000000e+00,-4.66428793e-04,0
22,10,7.11228252e-04,0.00000000e+00,0.00000000e+00,7.11228252e-04,0
22,11,1.68019073e-03,0.00000000e+00,0.00000000e+00,-1.68019073e-03,0
22,12,1.37315210e-03,0.00000000e+00,0.00000000e+00,-1.37315210e-03,0
22,13,1.33276652e-03,0.00000000e+00,0.00000000e+00,-1.33276652e-03,0
22,14,3.52173128e-04,0.00000000e+00,0.00000000e+00,3.52173128e-04,0
22,15,1.22025920e-03,0.00000000e+00,0.00000000e+00,1.22025920e-03,0
22,16,1.03357418e-03,0.00000000e+00,0.00000000e+00,-1.03357418e-03,0
22,17,1.08225133e-04,0.00000000e+00,0.00000000e+00,-1.08225133e-04,0
22,18,3.78088580e-04,0.00000000e+00,0.00000000e+00,-3.78088580e-04,0
22,19,2.20418288e-03,0.00000000e+00,0.00000000e+00,-2.20418288e-03,0
22,20,4.48570012e-04,0.00000000e+00,0.00000000e+00,-4.48570012e-04,0
22,21,2.46717812e-04,0.00000000e+00,0.00000000e+00,-2.46717812e-04,0
22,22,1.37753622e-03,0.00000000e+00,0.00000000e+00,-1.37753622e-03,0
22,23,1.19895674e-04,0.00000000e+00,0.00000000e+00,-1.19895674e-04,0
22,24,1.79118090e-03,0.00000000e+00,0.00000000e+00,-1.79118090e-03,0
22,25,6.66408903e-06,0.00000000e+00,0.00000000e+00,6.66408903e-06,0
22,26,6.92870797e-04,0.00000000e+00,0.00000000e+00,-6.92870797e-04,0
22,27,2.44544152e-04,0.00000000e+00,0.00000000e+00,-2.44544152e-04,0
22,28,2.08361614e-04,0.00000000e+00,0.00000000e+00,-2.08361614e-04,0
22,29,1.21561845e-03,0.00000000e+00,0.00000000e+00,-1.21561845e-03,0
22,30,4.63635301e-04,0.00000000e+00,0.00000000e+00,-4.63635301e-04,0
22,31,1.37276875e-03,0.00000000e+00,0.00000000e+00,-1.37276875e-03,0
22,32,2.50988361e-04,0.00000000e+00,0.00000000e+00,-2.50988361e-04,0
22,33,1.37276875e-03,0.00000000e+00,0.00000000e+00,-1.37276875e-03,0
22,34,4.63635301e-04,0.00000000e+00,0.00000000e+00,-4.63635301e-04,0
22,35,1.21561845e-03,0.00000000e+00,0.00000000e+00,-1.21561845e-03,0
22,36,2.08361614e-04,0.00000000e+00,0.00000000e+00,-2.08361614e-04,0
22,37,2.44544152e-04,0.00000000e+00,0.00000000e+00,-2.44544152e-04,0
22,38,6.92870797e-04,0.00000000e+00,0.00000000e+00,-6.92870797e-04,0
22,39,6.66408903e-06,0.00000000e+00,0.00000000e+00,6.66408903e-06,0
22,40,1.79118090e-03,0.00000000e+00,0.00000000e+00,-1.79118090e-03,0
22,41,1.19895674e-04,0.00000000e+00,0.00000000e+00,-1.19895674e-04,0
22,42,1.37753622e-03,0.00000000e+00,0.00000000e+00,-1.37753622e-03,0
22,43,2.46717812e-04,0.00000000e+00,0.00000000e+00,-2.46717812e-04,0
22,44,4.48570012e-04,0.00000000e+00,0.00000000e+00,-4.48570012e-04,0
22,45,2.20418288e-03,0.00000000e+00,0.00000000e+00,-2.20418288e-03,0
22,46,3.78088580e-04,0.00000000e+00,0.00000000e+00,-3.78088580e-04,0
22,47,1.08225133e-04,0.00000000e+00,0.00000000e+00,-1.08225133e-04,0
22,48,1.03357418e-03,0.00000000e+00,0.00000000e+00,-1.03357418e-03,0
22,49,1.22025920e-03,0.00000000e+00,0.00000000e+00,1.22025920e-03,0
22,50,3.52173128e-04,0.00000000e+00,0.00000000e+00,3.52173128e-04,0
22,51,1.33276652e-03,0.00000000e+00,0.00000000e+00,-1.33276652e-03,0
22,52,1.37315210e-03,0.00000000e+00,0.00000000e+00,-1.37315210e-03,0
22,53,1.68019073e-03,0.00000000e+00,0.00000000e+00,-1.68019073e-03,0
22,54,7.11228252e-04,0.00000000e+00,0.00000000e+00,7.11228252e-04,0
22,55,4.66428793e-04,0.00000000e+00,0.00000000e+00,-4.66428793e-04,0
22,56,9.41739455e-04,0.00000000e+00,0.00000000e+00,9.41739455e-04,0
22,57,7.07559045e-04,0.00000000e+00,0.00000000e+00,7.07559045e-04,0
22,58,9.44125105e-05,0.00000000e+00,0.00000000e+00,9.44125105e-05,0
22,59,1.70688188e-03,0.00000000e+00,0.00000000e+00,-1.70688188e-03,0
22,60,9.56106355e-04,0.00000000e+00,0.00000000e+00,-9.56106355e-04,0
22,61,5.22423330e-04,0.00000000e+00,0.00000000e+00,5.22423330e-04,0
22,62,4.24535725e-04,0.00000000e+00,0.00000000e+00,-4.24535725e-04,0
22,63,7.22282862e-05,0.00000000e+00,0.00000000e+00,7.22282862e-05,0
23,0,1.13062091e-03,0.00000000e+00,0.00000000e+00,1.13062091e-03,0
23,1,5.64938084e-04,0.00000000e+00,0.00000000e+00,5.64938084e-04,0
23,2,1.67808475e-03,0.00000000e+00,0.00000000e+00,-1.67808475e-03,0
23,3,1.36104408e-03,0.00000000e+00,0.00000000e+00,-1.36104408e-03,0
23,4,4.76504985e-04,0.00000000e+00,0.00000000e+00,4.76504985e-04,0
23,5,1.60530688e-03,0.00000000e+00,0.00000000e+00,-1.60530688e-03,0
23,6,1.74153854e-04,0.00000000e+00,0.00000000e+00,1.74153854e-04,0
23,7,5.51605636e-04,0.00000000e+00,0.00000000e+00,5.51605636e-04,0
23,8,9.51079486e-04,0.00000000e+00,0.00000000e+00,-9.51079486e-04,0
23,9,7.94360059e-04,0.00000000e+00,0.00000000e+00,7.94360059e-04,0
23,10,2.08588520e-03,0.00000000e+00,0.00000000e+00,-2.08588520e-03,0
23,11,7.01037001e-04,0.00000000e+00,0.00000000e+00,7.01037001e-04,0
23,12,1.05307281e-03,0.00000000e+00,0.00000000e+00,1.05307281e-03,0
23,13,6.14638683e-04,0.00000000e+00,0.00000000e+00,6.14638683e-04,0
23,14,1.06610193e-04,0.00000000e+00,0.00000000e+00,1.06610193e-04,0
23,15,8.59642769e-04,0.00000000e+00,0.00000000e+00,8.59642769e-04,0
23,16,1.20063130e-04,0.00000000e+00,0.00000000e+00,1.20063130e-04,0
23,17,5.27907067e-04,0.00000000e+00,0.00000000e+00,5.27907067e-04,0
23,18,1.69504310e-03,0.00000000e+00,0.00000000e+00,1.69504310e-03,0
23,19,5.02220875e-04,0.00000000e+00,0.00000000e+00,-5.02220875e-04,0
23,20,1.74070304e-03,0.00000000e+00,0.00000000e+00,1.74070304e-03,0
23,21,8.62328717e-05,0.00000000e+00,0.00000000e+00,8.62328717e-05,0
23,22,1.19895674e-04,0.00000000e+00,0.00000000e+00,-1.19895674e-04,0
23,23,8.14024929e-04,0.00000000e+00,0.00000000e+00,8.14024929e-04,0
23,24,5.79373887e-04,0.00000000e+00,0.00000000e+00,5.79373887e-04,0
23,25,1.01248995e-03,0.00000000e+00,0.00000000e+00,1.01248995e-03,0
23,26,5.26048522e-04,0.00000000e+00,0.00000000e+00,5.26048522e-04,0
23,27,2.57201241e-04,0.00000000e+00,0.00000000e+00,-2.57201241e-04,0
23,28,1.26214387e-04,0.00000000e+00,0.00000000e+00,-1.26214387e-04,0
23,29,4.90781181e-04,0.00000000e+00,0.00000000e+00,-4.90781181e-04,0
23,30,1.42618278e-03,0.00000000e+00,0.00000000e+00,-1.42618278e-03,0
23,31,1.47000134e-04,0.00000000e+00,0.00000000e+00,-1.47000134e-04,0
23,32,1.75320251e-03,0.00000000e+00,0.00000000e+00,-1.75320251e-03,0
23,33,1.47000134e-04,0.00000000e+00,0.00000000e+00,-1.47000134e-04,0
23,34,1.42618278e-03,0.00000000e+00,0.00000000e+00,-1.42618278e-03,0
23,35,4.90781181e-04,0.00000000e+00,0.00000000e+00,-4.90781181e-04,0
23,36,1.26214387e-04,0.00000000e+00,0.00000000e+00,-1.26214387e-04,0
23,37,2.57201241e-04,0.00000000e+00,0.00000000e+00,-2.57201241e-04,0
23,38,5.26048522e-04,0.00000000e+00,0.00000000e+00,5.26048522e-04,0
23,39,1.01248995e-03,0.00000000e+00,0.00000000e+00,1.01248995e-03,0
23,40,5.79373887e-04,0.00000000e+00,0.00000000e+00,5.79373887e-04,0
23,41,8.14024929e-04,0.00000000e+00,0.00000000e+00,8.14024929e-04,0
23,42,1.19895674e-04,0.00000000e+00,0.00000000e+00,-1.19895674e-04,0
23,43,8.62328717e-05,0.00000000e+00,0.00000000e+00,8.62328717e-05,0
23,44,1.74070304e-03,0.00000000e+00,0.00000000e+00,1.74070304e-03,0
23,45,5.02220875e-04,0.00000000e+00,0.00000000e+00,-5.02220875e-04,0
23,46,1.69504310e-03,0.00000000e+00,0.00000000e+00,1.69504310e-03,0
23,47,5.27907067e-04,0.00000000e+00,0.00000000e+00,5.27907067e-04,0
23,48,1.20063130e-04,0.00000000e+00,0.00000000e+00,1.20063130e-04,0
23,49,8.59642769e-04,0.00000000e+00,0.00000000e+00,8.59642769e-04,0
23,50,1.06610193e-04,0.00000000e+00,0.00000000e+00,1.06610193e-04,0
23,51,6.14638683e-04,0.00000000e+00,0.00000000e+00,6.14638683e-04,0
23,52,1.05307281e-03,0.00000000e+00,0.00000000e+00,1.05307281e-03,0
23,53,7.01037001e-04,0.00000000e+00,0.00000000e+00,7.01037001e-04,0
23,54,2.08588520e-03,0.00000000e+00,0.00000000e+00,-2.08588520e-03,0
23,55,7.94360059e-04,0.00000000e+00,0.00000000e+00,7.94360059e-04,0
23,56,9.51079486e-04,0.00000000e+00,0.00000000e+00,-9.51079486e-04,0
23,57,5.51605636e-04,0.00000000e+00,0.00000000e+00,5.51605636e-04,0
23,58,1.74153854e-04,0.00000000e+00,0.00000000e+00,1.74153854e-04,0
23,59,1.60530688e-03,0.00000000e+00,0.00000000e+00,-1.60530688e-03,0
23,60,4.76504985e-04,0.00000000e+00,0.00000000e+00,4.76504985e-04,0
23,61,1.36104408e-03,0.00000000e+00,0.00000000e+00,-1.36104408e-03,0
23,62,1.67808475e-03,0.00000000e+00,0.00000000e+00,-1.67808475e-03,0
23,63,5.64938084e-04,0.00000000e+00,0.00000000e+00,5.64938084e-04,0
24,0,4.44139853e-04,0.00000000e+00,0.00000000e+00,-4.44139853e-04,0
24,1,6.64925600e-04,0.00000000e+00,0.00000000e+00,6.64925600e-04,0
24,2,6.10632174e-04,0.00000000e+00,0.00000000e+00,-6.10632174e-04,0
24,3,7.03986332e-05,0.00000000e+00,0.00000000e+00,-7.03986332e-05,0
24,4,6.31059684e-04,0.00000000e+00,0.00000000e+00,-6.31059684e-04,0
24,5,7.96014971e-04,0.00000000e+00,0.00000000e+00,-7.96014971e-04,0
24,6,8.38992983e-04,0.00000000e+00,0.00000000e+00,8.38992983e-04,0
24,7,1.80547072e-03,0.00000000e+00,0.00000000e+00,-1.80547072e-03,0
24,8,4.21842488e-05,0.00000000e+00,0.00000000e+00,4.21842488e-05,0
24,9,7.46059819e-04,0.00000000e+00,0.00000000e+00,-7.46059819e-04,0
24,10,8.72319667e-04,0.00000000e+00,0.00000000e+00,8.72319667e-04,0
24,11,1.17576102e-03,0.00000000e+00,0.00000000e+00,-1.17576102e-03,0
24,12,1.38598612e-03,0.00000000e+00,0.00000000e+00,-1.38598612e-03,0
24,13,5.07789348e-05,0.00000000e+00,0.00000000e+00,-5.07789348e-05,0
24,14,8.81221773e-04,0.00000000e+00,0.00000000e+00,8.81221773e-04,0
24,15,2.16719450e-03,0.00000000e+00,0.00000000e+00,2.16719450e-03,0
24,16,2.13230912e-03,0.00000000e+00,0.00000000e+00,-2.13230912e-03,0
24,17,6.88320779e-04,0.00000000e+00,0.00000000e+00,6.88320779e-04,0
24,18,1.60076332e-03,0.00000000e+00,0.00000000e+00,-1.60076332e-03,0
24,19,8.46503929e-05,0.00000000e+00,0.00000000e+00,-8.46503929e-05,0
24,20,5.69205198e-04,0.00000000e+00,0.00000000e+00,-5.69205198e-04,0
24,21,2.26920460e-04,0.00000000e+00,0.00000000e+00,-2.26920460e-04,0
24,22,1.79118090e-03,0.00000000e+00,0.00000000e+00,-1.79118090e-03,0
24,23,5.79373887e-04,0.00000000e+00,0.00000000e+00,5.79373887e-04,0
24,24,2.45272481e-03,0.00000000e+00,0.00000000e+00,-2.45272481e-03,0
24,25,5.32211861e-04,0.00000000e+00,0.00000000e+00,5.32211861e-04,0
24,26,2.60325791e-03,0.00000000e+00,0.00000000e+00,-2.60325791e-03,0
24,27,4.65521644e-04,0.00000000e+00,0.00000000e+00,-4.65521644e-04,0
24,28,4.90572304e-04,0.00000000e+00,0.00000000e+00,-4.90572304e-04,0
24,29,1.27856692e-03,0.00000000e+00,0.00000000e+00,-1.27856692e-03,0
24,30,5.23956684e-04,0.00000000e+00,0.00000000e+00,5.23956684e-04,0
24,31,2.18721019e-03,0.00000000e+00,0.00000000e+00,-2.18721019e-03,0
24,32,1.01939530e-03,0.00000000e+00,0.00000000e+00,1.01939530e-03,0
24,33,2.18721019e-03,0.00000000e+00,0.00000000e+00,-2.18721019e-03,0
24,34,5.23956684e-04,0.00000000e+00,0.00000000e+00,5.23956684e-04,0
24,35,1.27856692e-03,0.00000000e+00,0.00000000e+00,-1.27856692e-03,0
24,36,4.90572304e-04,0.00000000e+00,0.00000000e+00,-4.90572304e-04,0
24,37,4.65521644e-04,0.00000000e+00,0.00000000e+00,-4.65521644e-04,0
24,38,2.60325791e-03,0.00000000e+00,0.00000000e+00,-2.60325791e-03,0
24,39,5.32211861e-04,0.00000000e+00,0.00000000e+00,5.32211861e-04,0
24,40,2.45272481e-03,0.00000000e+00,0.00000000e+00,-2.45272481e-03,0
24,41,5.79373887e-04,0.00000000e+00,0.00000000e+00,5.79373887e-04,0
24,42,1.79118090e-03,0.00000000e+00,0.00000000e+00,-1.79118090e-03,0
24,43,2.26920460e-04,0.00000000e+00,0.00000000e+00,-2.26920460e-04,0
24,44,5.69205198e-04,0.00000000e+00,0.00000000e+00,-5.69205198e-04,0
24,45,8.46503929e-05,0.00000000e+00,0.00000000e+00,-8.46503929e-05,0
24,46,1.60076332e-03,0.00000000e+00,0.00000000e+00,-1.60076332e-03,0
24,47,6.88320779e-04,0.00000000e+00,0.00000000e+00,6.88320779e-04,0
24,48,2.13230912e-03,0.00000000e+00,0.00000000e+00,-2.13230912e-03,0
24,49,2.16719450e-03,0.00000000e+00,0.00000000e+00,2.16719450e-03,0
24,50,8.81221773e-04,0.00000000e+00,0.00000000e+00,8.81221773e-04,0
24,51,5.07789348e-05,0.00000000e+00,0.00000000e+00,-5.07789348e-05,0
24,52,1.38598612e-03,0.00000000e+00,0.00000000e+00,-1.38598612e-03,0
24,53,1.17576102e-03,0.00000000e+00,0.00000000e+00,-1.17576102e-03,0
24,54,8.72319667e-04,0.00000000e+00,0.00000000e+00,8.72319667e-04,0
24,55,7.46059819e-04,0.00000000e+00,0.00000000e+00,-7.46059819e-04,0
24,56,4.21842488e-05,0.00000000e+00,0.00000000e+00,4.21842488e-05,0
24,57,1.80547072e-03,0.00000000e+00,0.00000000e+00,-1.80547072e-03,0
24,58,8.38992983e-04,0.00000000e+00,0.00000000e+00,8.38992983e-04,0
24,59,7.96014971e-04,0.00000000e+00,0.00000000e+00,-7.96014971e-04,0
24,60,6.31059684e-04,0.00000000e+00,0.00000000e+00,-6.31059684e-04,0
24,61,7.03986332e-05,0.00000000e+00,0.00000000e+00,-7.03986332e-05,0
24,62,6.10632174e-04,0.00000000e+00,0.00000000e+00,-6.10632174e-04,0
24,63,6.64925600e-04,0.00000000e+00,0.00000000e+00,6.64925600e-04,0
25,0,1.45560612e-03,0.00000000e+00,0.00000000e+00,1.45560612e-03,0
25,1,5.59280012e-04,0.00000000e+00,0.00000000e+00,5.59280012e-04,0
25,2,6.04722794e-04,0.00000000e+00,0.00000000e+00,-6.04722794e-04,0
25,3,1.00824774e-03,0.00000000e+00,0.00000000e+00,-1.00824774e-03,0
25,4,3.64701375e-04,0.00000000e+00,0.00000000e+00,-3.64701375e-04,0
25,5,1.02816744e-03,0.00000000e+00,0.00000000e+00,-1.02816744e-03,0
25,6,6.82565878e-04,0.00000000e+00,0.00000000e+00,-6.82565878e-04,0
25,7,2.38072395e-04,0.00000000e+00,0.00000000e+00,-2.38072395e-04,0
25,8,1.50037446e-03,0.00000000e+00,0.00000000e+00,-1.50037446e-03,0
25,9,2.70491820e-04,0.00000000e+00,0.00000000e+00,2.70491820e-04,0
25,10,8.80833844e-04,0.00000000e+00,0.00000000e+00,-8.80833844e-04,0
25,11,6.25703091e-04,0.00000000e+00,0.00000000e+00,6.25703091e-04,0
25,12,9.33320390e-05,0.00000000e+00,0.00000000e+00,-9.33320390e-05,0
25,13,8.18865210e-04,0.00000000e+00,0.00000000e+00,8.18865210e-04,0
25,14,2.21143304e-03,0.00000000e+00,0.00000000e+00,2.21143304e-03,0
25,15,2.61190557e-04,0.00000000e+00,0.00000000e+00,-2.61190557e-04,0
25,16,1.03220594e-04,0.00000000e+00,0.00000000e+00,1.03220594e-04,0
25,17,6.31683736e-04,0.00000000e+00,0.00000000e+00,6.31683736e-04,0
25,18,1.95262762e-03,0.00000000e+00,0.00000000e+00,1.95262762e-03,0
25,19,3.13307410e-04,0.00000000e+00,0.00000000e+00,-3.13307410e-04,0
25,20,8.22233129e-04,0.00000000e+00,0.00000000e+00,8.22233129e-04,0
25,21,8.08732527e-04,0.00000000e+00,0.00000000e+00,-8.08732527e-04,0
25,22,6.66408903e-06,0.00000000e+00,0.00000000e+00,6.66408903e-06,0
25,23,1.01248995e-03,0.00000000e+00,0.00000000e+00,1.01248995e-03,0
25,24,5.32211861e-04,0.00000000e+00,0.00000000e+00,5.32211861e-04,0
25,25,8.19964790e-04,0.00000000e+00,0.00000000e+00,8.19964790e-04,0
25,26,6.26872582e-04,0.00000000e+00,0.00000000e+00,6.26872582e-04,0
25,27,2.01017433e-04,0.00000000e+00,0.00000000e+00,2.01017433e-04,0
25,28,4.48068418e-04,0.00000000e+00,0.00000000e+00,4.48068418e-04,0
25,29,2.36204321e-04,0.00000000e+00,0.00000000e+00,-2.36204321e-04,0
25,30,1.24323535e-03,0.00000000e+00,0.00000000e+00,-1.24323535e-03,0
25,31,6.35463497e-04,0.00000000e+00,0.00000000e+00,-6.35463497e-04,0
25,32,1.76344690e-03,0.00000000e+00,0.00000000e+00,-1.76344690e-03,0
25,33,6.35463497e-04,0.00000000e+00,0.00000000e+00,-6.35463497e-04,0
25,34,1.24323535e-03,0.00000000e+00,0.00000000e+00,-1.24323535e-03,0
25,35,2.36204321e-04,0.00000000e+00,0.00000000e+00,-2.36204321e-04,0
25,36,4.48068418e-04,0.00000000e+00,0.00000000e+00,4.48068418e-04,0
25,37,2.01017433e-04,0.00000000e+00,0.00000000e+00,2.01017433e-04,0
25,38,6.26872582e-04,0.00000000e+00,0.00000000e+00,6.26872582e-04,0
25,39,8.19964790e-04,0.00000000e+00,0.00000000e+00,8.19964790e-04,0
25,40,5.32211861e-04,0.00000000e+00,0.00000000e+00,5.32211861e-04,0
25,41,1.01248995e-03,0.00000000e+00,0.00000000e+00,1.01248995e-03,0
25,42,6.66408903e-06,0.00000000e+00,0.00000000e+00,6.66408903e-06,0
25,43,8.08732527e-04,0.00000000e+00,0.00000000e+00,-8.08732527e-04,0
25,44,8.22233129e-04,0.00000000e+00,0.00000000e+00,8.22233129e-04,0
25,45,3.13307410e-04,0.00000000e+00,0.00000000e+00,-3.13307410e-04,0
25,46,1.95262762e-03,0.00000000e+00,0.00000000e+00,1.95262762e-03,0
25,47,6.31683736e-04,0.00000000e+00,0.00000000e+00,6.31683736e-04,0
25,48,1.03220594e-04,0.00000000e+00,0.00000000e+00,1.03220594e-04,0
25,49,2.61190557e-04,0.00000000e+00,0.00000000e+00,-2.61190557e-04,0
25,50,2.21143304e-03,0.00000000e+00,0.00000000e+00,2.21143304e-03,0
25,51,8.18865210e-04,0.00000000e+00,0.00000000e+00,8.18865210e-04,0
25,52,9.33320390e-05,0.00000000e+00,0.00000000e+00,-9.33320390e-05,0
25,53,6.25703091e-04,0.00000000e+00,0.00000000e+00,6.25703091e-04,0
25,54,8.80833844e-04,0.00000000e+00,0.00000000e+00,-8.80833844e-04,0
25,55,2.70491820e-04,0.00000000e+00,0.00000000e+00,2.70491820e-04,0
25,56,1.50037446e-03,0.00000000e+00,0.00000000e+00,-1.50037446e-03,0
25,57,2.38072395e-04,0.00000000e+00,0.00000000e+00,-2.38072395e-04,0
25,58,6.82565878e-04,0.00000000e+00,0.00000000e+00,-6.82565878e-04,0
25,59,1.02816744e-03,0.00000000e+00,0.00000000e+00,-1.02816744e-03,0
25,60,3.64701375e-04,0.00000000e+00,0.00000000e+00,-3.64701375e-04,0
25,61,1.00824774e-03,0.00000000e+00,0.00000000e+00,-1.00824774e-03,0
25,62,6.04722794e-04,0.00000000e+00,0.00000000e+00,-6.04722794e-04,0
25,63,5.59280012e-04,0.00000000e+00,0.00000000e+00,5.59280012e-04,0
26,0,2.80761645e-03,0.00000000e+00,0.00000000e+00,-2.80761645e-03,0
26,1,1.23771201e-05,0.00000000e+00,0.00000000e+00,-1.23771201e-05,0
26,2,1.21248007e-04,0.00000000e+00,0.00000000e+00,1.21248007e-04,0
26,3,1.38638992e-04,0.00000000e+00,0.00000000e+00,1.38638992e-04,0
26,4,2.18212333e-04,0.00000000e+00,0.00000000e+00,-2.18212333e-04,0
26,5,1.65634488e-03,0.00000000e+00,0.00000000e+00,-1.65634488e-03,0
26,6,9.11073512e-05,0.00000000e+00,0.00000000e+00,-9.11073512e-05,0
26,7,1.19987102e-03,0.00000000e+00,0.00000000e+00,-1.19987102e-03,0
26,8,1.56002491e-03,0.00000000e+00,0.00000000e+00,1.56002491e-03,0
26,9,4.26481365e-04,0.00000000e+00,0.00000000e+00,4.26481365e-04,0
26,10,1.35808351e-03,0.00000000e+00,0.00000000e+00,1.35808351e-03,0
26,11,8.29809194e-04,0.00000000e+00,0.00000000e+00,8.29809194e-04,0
26,12,4.26589718e-04,0.00000000e+00,0.00000000e+00,-4.26589718e-04,0
26,13,8.71134293e-04,0.00000000e+00,0.00000000e+00,8.71134293e-04,0
26,14,2.71515898e-04,0.00000000e+00,0.00000000e+00,-2.71515898e-04,0
26,15,1.87628239e-03,0.00000000e+00,0.00000000e+00,1.87628239e-03,0
26,16,3.19628206e-04,0.00000000e+00,0.00000000e+00,-3.19628206e-04,0
26,17,1.64620832e-03,0.00000000e+00,0.00000000e+00,1.64620832e-03,0
26,18,1.95223166e-03,0.00000000e+00,0.00000000e+00,-1.95223166e-03,0
26,19,1.24913985e-04,0.00000000e+00,0.00000000e+00,-1.24913985e-04,0
26,20,1.02802179e-03,0.00000000e+00,0.00000000e+00,-1.02802179e-03,0
26,21,3.60533068e-05,0.00000000e+00,0.00000000e+00,-3.60533068e-05,0
26,22,6.92870797e-04,0.00000000e+00,0.00000000e+00,-6.92870797e-04,0
26,23,5.26048522e-04,0.00000000e+00,0.00000000e+00,5.26048522e-04,0
26,24,2.60325791e-03,0.00000000e+00,0.00000000e+00,-2.60325791e-03,0
26,25,6.26872582e-04,0.00000000e+00,0.00000000e+00,6.26872582e-04,0
26,26,2.23331345e-03,0.00000000e+00,0.00000000e+00,-2.23331345e-03,0
26,27,6.89600125e-04,0.00000000e+00,0.00000000e+00,6.89600125e-04,0
26,28,1.17720660e-04,0.00000000e+00,0.00000000e+00,-1.17720660e-04,0
26,29,3.75848137e-05,0.00000000e+00,0.00000000e+00,-3.75848137e-05,0
26,30,1.27596417e-03,0.00000000e+00,0.00000000e+00,1.27596417e-03,0
26,31,5.93746124e-04,0.00000000e+00,0.00000000e+00,-5.93746124e-04,0
26,32,2.08406895e-03,0.00000000e+00,0.00000000e+00,2.08406895e-03,0
26,33,5.93746124e-04,0.00000000e+00,0.00000000e+00,-5.93746124e-04,0
26,34,1.27596417e-03,0.00000000e+00,0.00000000e+00,1.27596417e-03,0
26,35,3.75848137e-05,0.00000000e+00,0.00000000e+00,-3.75848137e-05,0
26,36,1.17720660e-04,0.00000000e+00,0.00000000e+00,-1.17720660e-04,0
26,37,6.89600125e-04,0.00000000e+00,0.00000000e+00,6.89600125e-04,0
26,38,2.23331345e-03,0.00000000e+00,0.00000000e+00,-2.23331345e-03,0
26,39,6.26872582e-04,0.00000000e+00,0.00000000e+00,6.26872582e-04,0
26,40,2.60325791e-03,0.00000000e+00,0.00000000e+00,-2.60325791e-03,0
26,41,5.26048522e-04,0.00000000e+00,0.00000000e+00,5.26048522e-04,0
26,42,6.92870797e-04,0.00000000e+00,0.00000000e+00,-6.92870797e-04,0
26,43,3.60533068e-05,0.00000000e+00,0.00000000e+00,-3.60533068e-05,0
26,44,1.02802179e-03,0.00000000e+00,0.00000000e+00,-1.02802179e-03,0
26,45,1.24913985e-04,0.00000000e+00,0.00000000e+00,-1.24913985e-04,0
26,46,1.95223166e-03,0.00000000e+00,0.00000000e+00,-1.95223166e-03,0
26,47,1.64620832e-03,0.00000000e+00,0.00000000e+00,1.64620832e-03,0
26,48,3.19628206e-04,0.00000000e+00,0.00000000e+00,-3.19628206e-04,0
26,49,1.87628239e-03,0.00000000e+00,0.00000000e+00,1.87628239e-03,0
26,50,2.71515898e-04,0.00000000e+00,0.00000000e+00,-2.71515898e-04,0
26,51,8.71134293e-04,0.00000000e+00,0.00000000e+00,8.71134293e-04,0
26,52,4.26589718e-04,0.00000000e+00,0.00000000e+00,-4.26589718e-04,0
26,53,8.29809194e-04,0.00000000e+00,0.00000000e+00,8.29809194e-04,0
26,54,1.35808351e-03,0.00000000e+00,0.00000000e+00,1.35808351e-03,0
26,55,4.26481365e-04,0.00000000e+00,0.00000000e+00,4.26481365e-04,0
26,56,1.56002491e-03,0.00000000e+00,0.00000000e+00,1.56002491e-03,0
26,57,1.19987102e-03,0.00000000e+00,0.00000000e+00,-1.19987102e-03,0
26,58,9.11073512e-05,0.00000000e+00,0.00000000e+00,-9.11073512e-05,0
26,59,1.65634488e-03,0.00000000e+00,0.00000000e+00,-1.65634488e-03,0
26,60,2.18212333e-04,0.00000000e+00,0.00000000e+00,-2.18212333e-04,0
26,61,1.38638992e-04,0.00000000e+00,0.00000000e+00,1.38638992e-04,0
26,62,1.21248007e-04,0.00000000e+00,0.00000000e+00,1.21248007e-04,0
26,63,1.23771201e-05,0.00000000e+00,0.00000000e+00,-1.23771201e-05,0
27,0,1.06902585e-03,0.00000000e+00,0.00000000e+00,-1.06902585e-03,0
27,1,1.06382387e-03,0.00000000e+00,0.00000000e+00,-1.06382387e-03,0
27,2,2.88067594e-04,0.00000000e+00,0.00000000e+00,-2.88067594e-04,0
27,3,2.35392135e-04,0.00000000e+00,0.00000000e+00,-2.35392135e-04,0
27,4,3.07731732e-04,0.00000000e+00,0.00000000e+00,-3.07731732e-04,0
27,5,2.36476260e-04,0.00000000e+00,0.00000000e+00,2.36476260e-04,0
27,6,3.40066255e-04,0.00000000e+00,0.00000000e+00,-3.40066255e-04,0
27,7,9.63355084e-04,0.00000000e+00,0.00000000e+00,-9.63355084e-04,0
27,8,9.53539697e-04,0.00000000e+00,0.00000000e+00,-9.53539697e-04,0
27,9,3.09004889e-04,0.00000000e+00,0.00000000e+00,3.09004889e-04,0
27,10,7.77546683e-04,0.00000000e+00,0.00000000e+00,7.77546683e-04,0
27,11,1.23685964e-03,0.00000000e+00,0.00000000e+00,1.23685964e-03,0
27,12,2.38319319e-04,0.00000000e+00,0.00000000e+00,2.38319319e-04,0
27,13,1.01161896e-03,0.00000000e+00,0.00000000e+00,1.01161896e-03,0
27,14,2.17872471e-03,0.00000000e+00,0.00000000e+00,2.17872471e-03,0
27,15,1.29207221e-04,0.00000000e+00,0.00000000e+00,-1.29207221e-04,0
27,16,7.96359542e-07,0.00000000e+00,0.00000000e+00,-7.96359542e-07,0
27,17,5.38445339e-04,0.00000000e+00,0.00000000e+00,-5.38445339e-04,0
27,18,8.70729601e-06,0.00000000e+00,0.00000000e+00,-8.70729601e-06,0
27,19,6.06174707e-05,0.00000000e+00,0.00000000e+00,-6.06174707e-05,0
27,20,3.59914504e-04,0.00000000e+00,0.00000000e+00,3.59914504e-04,0
27,21,7.90117222e-05,0.00000000e+00,0.00000000e+00,-7.90117222e-05,0
27,22,2.44544152e-04,0.00000000e+00,0.00000000e+00,-2.44544152e-04,0
27,23,2.57201241e-04,0.00000000e+00,0.00000000e+00,-2.57201241e-04,0
27,24,4.65521644e-04,0.00000000e+00,0.00000000e+00,-4.65521644e-04,0
27,25,2.01017433e-04,0.00000000e+00,0.00000000e+00,2.01017433e-04,0
27,26,6.89600125e-04,0.00000000e+00,0.00000000e+00,6.89600125e-04,0
27,27,4.40521795e-04,0.00000000e+00,0.00000000e+00,4.40521795e-04,0
27,28,4.15702577e-04,0.00000000e+00,0.00000000e+00,4.15702577e-04,0
27,29,9.67436310e-06,0.00000000e+00,0.00000000e+00,-9.67436310e-06,0
27,30,2.71503836e-04,0.00000000e+00,0.00000000e+00,-2.71503836e-04,0
27,31,6.60165955e-05,0.00000000e+00,0.00000000e+00,-6.60165955e-05,0
27,32,3.45952769e-04,0.00000000e+00,0.00000000e+00,-3.45952769e-04,0
27,33,6.60165955e-05,0.00000000e+00,0.00000000e+00,-6.60165955e-05,0
27,34,2.71503836e-04,0.00000000e+00,0.00000000e+00,-2.71503836e-04,0
27,35,9.67436310e-06,0.00000000e+00,0.00000000e+00,-9.67436310e-06,0
27,36,4.15702577e-04,0.00000000e+00,0.00000000e+00,4.15702577e-04,0
27,37,4.40521795e-04,0.00000000e+00,0.00000000e+00,4.40521795e-04,0
27,38,6.89600125e-04,0.00000000e+00,0.00000000e+00,6.89600125e-04,0
27,39,2.01017433e-04,0.00000000e+00,0.00000000e+00,2.01017433e-04,0
27,40,4.65521644e-04,0.00000000e+00,0.00000000e+00,-4.65521644e-04,0
27,41,2.57201241e-04,0.00000000e+00,0.00000000e+00,-2.57201241e-04,0
27,42,2.44544152e-04,0.00000000e+00,0.00000000e+00,-2.44544152e-04,0
27,43,7.90117222e-05,0.00000000e+00,0.00000000e+00,-7.90117222e-05,0
27,44,3.59914504e-04,0.00000000e+00,0.00000000e+00,3.59914504e-04,0
27,45,6.06174707e-05,0.00000000e+00,0.00000000e+00,-6.06174707e-05,0
27,46,8.70729601e-06,0.00000000e+00,0.00000000e+00,-8.70729601e-06,0
27,47,5.38445339e-04,0.00000000e+00,0.00000000e+00,-5.38445339e-04,0
27,48,7.96359542e-07,0.00000000e+00,0.00000000e+00,-7.96359542e-07,0
27,49,1.29207221e-04,0.00000000e+00,0.00000000e+00,-1.29207221e-04,0
27,50,2.17872471e-03,0.00000000e+00,0.00000000e+00,2.17872471e-03,0
27,51,1.01161896e-03,0.00000000e+00,0.00000000e+00,1.01161896e-03,0
27,52,2.38319319e-04,0.00000000e+00,0.00000000e+00,2.38319319e-04,0
27,53,1.23685964e-03,0.00000000e+00,0.00000000e+00,1.23685964e-03,0
27,54,7.77546683e-04,0.00000000e+00,0.00000000e+00,7.77546683e-04,0
27,55,3.09004889e-04,0.00000000e+00,0.00000000e+00,3.09004889e-04,0
27,56,9.53539697e-04,0.00000000e+00,0.00000000e+00,-9.53539697e-04,0
27,57,9.63355084e-04,0.00000000e+00,0.00000000e+00,-9.63355084e-04,0
27,58,3.40066255e-04,0.00000000e+00,0.00000000e+00,-3.40066255e-04,0
27,59,2.36476260e-04,0.00000000e+00,0.00000000e+00,2.36476260e-04,0
27,60,3.07731732e-04,0.00000000e+00,0.00000000e+00,-3.07731732e-04,0
27,61,2.35392135e-04,0.00000000e+00,0.00000000e+00,-2.35392135e-04,0
27,62,2.88067594e-04,0.00000000e+00,0.00000000e+00,-2.88067594e-04,0
27,63,1.06382387e-03,0.00000000e+00,0.00000000e+00,-1.06382387e-03,0
28,0,1.59931234e-03,0.00000000e+00,0.00000000e+00,-1.59931234e-03,0
28,1,2.91644699e-04,0.00000000e+00,0.00000000e+00,-2.91644699e-04,0
28,2,5.28451295e-04,0.00000000e+00,0.00000000e+00,-5.28451295e-04,0
28,3,6.89721616e-04,0.00000000e+00,0.00000000e+00,-6.89721616e-04,0
28,4,1.43519537e-04,0.00000000e+00,0.00000000e+00,1.43519537e-04,0
28,5,6.51195056e-04,0.00000000e+00,0.00000000e+00,-6.51195056e-04,0
28,6,3.15548986e-04,0.00000000e+00,0.00000000e+00,-3.15548986e-04,0
28,7,9.50463228e-04,0.00000000e+00,0.00000000e+00,-9.50463228e-04,0
28,8,7.88034298e-05,0.00000000e+00,0.00000000e+00,7.88034298e-05,0
28,9,6.88271821e-06,0.00000000e+00,0.00000000e+00,6.88271821e-06,0
28,10,1.08977549e-04,0.00000000e+00,0.00000000e+00,1.08977549e-04,0
28,11,1.01327609e-03,0.00000000e+00,0.00000000e+00,1.01327609e-03,0
28,12,6.94263805e-04,0.00000000e+00,0.00000000e+00,6.94263805e-04,0
28,13,9.72074950e-04,0.00000000e+00,0.00000000e+00,9.72074950e-04,0
28,14,4.72309164e-04,0.00000000e+00,0.00000000e+00,-4.72309164e-04,0
28,15,3.63793370e-05,0.00000000e+00,0.00000000e+00,-3.63793370e-05,0
28,16,7.97700161e-05,0.00000000e+00,0.00000000e+00,7.97700161e-05,0
28,17,1.33308901e-04,0.00000000e+00,0.00000000e+00,1.33308901e-04,0
28,18,6.72479156e-04,0.00000000e+00,0.00000000e+00,-6.72479156e-04,0
28,19,5.36960707e-04,0.00000000e+00,0.00000000e+00,5.36960707e-04,0
28,20,2.59583888e-04,0.00000000e+00,0.00000000e+00,-2.59583888e-04,0
28,21,1.62897202e-04,0.00000000e+00,0.00000000e+00,1.62897202e-04,0
28,22,2.08361614e-04,0.00000000e+00,0.00000000e+00,-2.08361614e-04,0
28,23,1.26214387e-04,0.00000000e+00,0.00000000e+00,-1.26214387e-04,0
28,24,4.90572304e-04,0.00000000e+00,0.00000000e+00,-4.90572304e-04,0
28,25,4.48068418e-04,0.00000000e+00,0.00000000e+00,4.48068418e-04,0
28,26,1.17720660e-04,0.00000000e+00,0.00000000e+00,-1.17720660e-04,0
28,27,4.15702577e-04,0.00000000e+00,0.00000000e+00,4.15702577e-04,0
28,28,4.48121235e-04,0.00000000e+00,0.00000000e+00,-4.48121235e-04,0
28,29,2.37676486e-04,0.00000000e+00,0.00000000e+00,-2.37676486e-04,0
28,30,1.08344517e-04,0.00000000e+00,0.00000000e+00,1.08344517e-04,0
28,31,3.79238059e-04,0.00000000e+00,0.00000000e+00,-3.79238059e-04,0
28,32,4.91691005e-04,0.00000000e+00,0.00000000e+00,4.91691005e-04,0
28,33,3.79238059e-04,0.00000000e+00,0.00000000e+00,-3.79238059e-04,0
28,34,1.08344517e-04,0.00000000e+00,0.00000000e+00,1.08344517e-04,0
28,35,2.37676486e-04,0.00000000e+00,0.00000000e+00,-2.37676486e-04,0
28,36,4.48121235e-04,0.00000000e+00,0.00000000e+00,-4.48121235e-04,0
28,37,4.15702577e-04,0.00000000e+00,0.00000000e+00,4.15702577e-04,0
28,38,1.17720660e-04,0.00000000e+00,0.00000000e+00,-1.17720660e-04,0
28,39,4.48068418e-04,0.00000000e+00,0.00000000e+00,4.48068418e-04,0
28,40,4.90572304e-04,0.00000000e+00,0.00000000e+00,-4.90572304e-04,0
28,41,1.26214387e-04,0.00000000e+00,0.00000000e+00,-1.26214387e-04,0
28,42,2.08361614e-04,0.00000000e+00,0.00000000e+00,-2.08361614e-04,0
28,43,1.62897202e-04,0.00000000e+00,0.00000000e+00,1.62897202e-04,0
28,44,2.59583888e-04,0.00000000e+00,0.00000000e+00,-2.59583888e-04,0
28,45,5.36960707e-04,0.00000000e+00,0.00000000e+00,5.36960707e-04,0
28,46,6.72479156e-04,0.00000000e+00,0.00000000e+00,-6.72479156e-04,0
28,47,1.33308901e-04,0.00000000e+00,0.00000000e+00,1.33308901e-04,0
28,48,7.97700161e-05,0.00000000e+00,0.00000000e+00,7.97700161e-05,0
28,49,3.63793370e-05,0.00000000e+00,0.00000000e+00,-3.63793370e-05,0
28,50,4.72309164e-04,0.00000000e+00,0.00000000e+00,-4.72309164e-04,0
28,51,9.72074950e-04,0.00000000e+00,0.00000000e+00,9.72074950e-04,0
28,52,6.94263805e-04,0.00000000e+00,0.00000000e+00,6.94263805e-04,0
28,53,1.01327609e-03,0.00000000e+00,0.00000000e+00,1.01327609e-03,0
28,54,1.08977549e-04,0.00000000e+00,0.00000000e+00,1.08977549e-04,0
28,55,6.88271821e-06,0.00000000e+00,0.00000000e+00,6.88271821e-06,0
28,56,7.88034298e-05,0.00000000e+00,0.00000000e+00,7.88034298e-05,0
28,57,9.50463228e-04,0.00000000e+00,0.00000000e+00,-9.50463228e-04,0
28,58,3.15548986e-04,0.00000000e+00,0.00000000e+00,-3.15548986e-04,0
28,59,6.51195056e-04,0.00000000e+00,0.00000000e+00,-6.51195056e-04,0
28,60,1.43519537e-04,0.00000000e+00,0.00000000e+00,1.43519537e-04,0
28,61,6.89721616e-04,0.00000000e+00,0.00000000e+00,-6.89721616e-04,0
28,62,5.28451295e-04,0.00000000e+00,0.00000000e+00,-5.28451295e-04,0
28,63,2.91644699e-04,0.00000000e+00,0.00000000e+00,-2.91644699e-04,0
29,0,1.28316577e-03,0.00000000e+00,0.00000000e+00,-1.28316577e-03,0
29,1,2.87568685e-04,0.00000000e+00,0.00000000e+00,-2.87568685e-04,0
29,2,9.84580026e-04,0.00000000e+00,0.00000000e+00,-9.84580026e-04,0
29,3,1.78308837e-03,0.00000000e+00,0.00000000e+00,-1.78308837e-03,0
29,4,7.95267817e-04,0.00000000e+00,0.00000000e+00,-7.95267817e-04,0
29,5,4.15195004e-04,0.00000000e+00,0.00000000e+00,-4.15195004e-04,0
29,6,8.10251709e-04,0.00000000e+00,0.00000000e+00,8.10251709e-04,0
29,7,3.11403066e-04,0.00000000e+00,0.00000000e+00,3.11403066e-04,0
29,8,1.16370662e-03,0.00000000e+00,0.00000000e+00,1.16370662e-03,0
29,9,9.61558502e-04,0.00000000e+00,0.00000000e+00,9.61558502e-04,0
29,10,1.54154667e-04,0.00000000e+00,0.00000000e+00,-1.54154667e-04,0
29,11,6.97387820e-04,0.00000000e+00,0.00000000e+00,6.97387820e-04,0
29,12,9.41413724e-05,0.00000000e+00,0.00000000e+00,-9.41413724e-05,0
29,13,4.56092170e-04,0.00000000e+00,0.00000000e+00,4.56092170e-04,0
29,14,7.60166055e-04,0.00000000e+00,0.00000000e+00,-7.60166055e-04,0
29,15,3.22285933e-04,0.00000000e+00,0.00000000e+00,3.22285933e-04,0
29,16,5.86740745e-04,0.00000000e+00,0.00000000e+00,5.86740745e-04,0
29,17,2.36447435e-04,0.00000000e+00,0.00000000e+00,2.36447435e-04,0
29,18,4.22480878e-04,0.00000000e+00,0.00000000e+00,-4.22480878e-04,0
29,19,1.83192537e-04,0.00000000e+00,0.00000000e+00,1.83192537e-04,0
29,20,6.76761986e-04,0.00000000e+00,0.00000000e+00,-6.76761986e-04,0
29,21,2.84836555e-04,0.00000000e+00,0.00000000e+00,-2.84836555e-04,0
29,22,1.21561845e-03,0.00000000e+00,0.00000000e+00,-1.21561845e-03,0
29,23,4.90781181e-04,0.00000000e+00,0.00000000e+00,-4.90781181e-04,0
29,24,1.27856692e-03,0.00000000e+00,0.00000000e+00,-1.27856692e-03,0
29,25,2.36204321e-04,0.00000000e+00,0.00000000e+00,-2.36204321e-04,0
29,26,3.75848137e-05,0.00000000e+00,0.00000000e+00,-3.75848137e-05,0
29,27,9.67436310e-06,0.00000000e+00,0.00000000e+00,-9.67436310e-06,0
29,28,2.37676486e-04,0.00000000e+00,0.00000000e+00,-2.37676486e-04,0
29,29,3.14588262e-04,0.00000000e+00,0.00000000e+00,3.14588262e-04,0
29,30,2.85885285e-05,0.00000000e+00,0.00000000e+00,2.85885285e-05,0
29,31,9.57862678e-04,0.00000000e+00,0.00000000e+00,9.57862678e-04,0
29,32,2.12074688e-05,0.00000000e+00,0.00000000e+00,-2.12074688e-05,0
29,33,9.57862678e-04,0.00000000e+00,0.00000000e+00,9.57862678e-04,0
29,34,2.85885285e-05,0.00000000e+00,0.00000000e+00,2.85885285e-05,0
29,35,3.14588262e-04,0.00000000e+00,0.00000000e+00,3.14588262e-04,0
29,36,2.37676486e-04,0.00000000e+00,0.00000000e+00,-2.37676486e-04,0
29,37,9.67436310e-06,0.00000000e+00,0.00000000e+00,-9.67436310e-06,0
29,38,3.75848137e-05,0.00000000e+00,0.00000000e+00,-3.75848137e-05,0
29,39,2.36204321e-04,0.00000000e+00,0.00000000e+00,-2.36204321e-04,0
29,40,1.27856692e-03,0.00000000e+00,0.00000000e+00,-1.27856692e-03,0
29,41,4.90781181e-04,0.00000000e+00,0.00000000e+00,-4.90781181e-04,0
29,42,1.21561845e-03,0.00000000e+00,0.00000000e+00,-1.21561845e-03,0
29,43,2.84836555e-04,0.00000000e+00,0.00000000e+00,-2.84836555e-04,0
29,44,6.76761986e-04,0.00000000e+00,0.00000000e+00,-6.76761986e-04,0
29,45,1.83192537e-04,0.00000000e+00,0.00000000e+00,1.83192537e-04,0
29,46,4.22480878e-04,0.00000000e+00,0.00000000e+00,-4.22480878e-04,0
29,47,2.36447435e-04,0.00000000e+00,0.00000000e+00,2.36447435e-04,0
29,48,5.86740745e-04,0.00000000e+00,0.00000000e+00,5.86740745e-04,0
29,49,3.22285933e-04,0.00000000e+00,0.00000000e+00,3.22285933e-04,0
29,50,7.60166055e-04,0.00000000e+00,0.00000000e+00,-7.60166055e-04,0
29,51,4.56092170e-04,0.00000000e+00,0.00000000e+00,4.56092170e-04,0
29,52,9.41413724e-05,0.00000000e+00,0.00000000e+00,-9.41413724e-05,0
29,53,6.97387820e-04,0.00000000e+00,0.00000000e+00,6.97387820e-04,0
29,54,1.54154667e-04,0.00000000e+00,0.00000000e+00,-1.54154667e-04,0
29,55,9.61558502e-04,0.00000000e+00,0.00000000e+00,9.61558502e-04,0
29,56,1.16370662e-03,0.00000000e+00,0.00000000e+00,1.16370662e-03,0
29,57,3.11403066e-04,0.00000000e+00,0.00000000e+00,3.11403066e-04,0
29,58,8.10251709e-04,0.00000000e+00,0.00000000e+00,8.10251709e-04,0
29,59,4.15195004e-04,0.00000000e+00,0.00000000e+00,-4.15195004e-04,0
29,60,7.95267817e-04,0.00000000e+00,0.00000000e+00,-7.95267817e-04,0
29,61,1.78308837e-03,0.00000000e+00,0.00000000e+00,-1.78308837e-03,0
29,62,9.84580026e-04,0.00000000e+00,0.00000000e+00,-9.84580026e-04,0
29,63,2.87568685e-04,0.00000000e+00,0.00000000e+00,-2.87568685e-04,0
30,0,7.79309768e-04,0.00000000e+00,0.00000000e+00,-7.79309768e-04,0
30,1,1.36858950e-03,0.00000000e+00,0.00000000e+00,-1.36858950e-03,0
30,2,1.48072390e-03,0.00000000e+00,0.00000000e+00,-1.48072390e-03,0
30,3,1.30298691e-03,0.00000000e+00,0.00000000e+00,-1.30298691e-03,0
30,4,5.84318851e-04,0.00000000e+00,0.00000000e+00,-5.84318851e-04,0
30,5,7.53455202e-05,0.00000000e+00,0.00000000e+00,7.53455202e-05,0
30,6,6.02339480e-04,0.00000000e+00,0.00000000e+00,6.02339480e-04,0
30,7,6.18871281e-04,0.00000000e+00,0.00000000e+00,6.18871281e-04,0
30,8,1.55220017e-04,0.00000000e+00,0.00000000e+00,1.55220017e-04,0
30,9,1.11689537e-03,0.00000000e+00,0.00000000e+00,1.11689537e-03,0
30,10,3.11407609e-04,0.00000000e+00,0.00000000e+00,-3.11407609e-04,0
30,11,2.88145892e-04,0.00000000e+00,0.00000000e+00,2.88145892e-04,0
30,12,1.11412894e-03,0.00000000e+00,0.00000000e+00,1.11412894e-03,0
30,13,9.51793377e-06,0.00000000e+00,0.00000000e+00,-9.51793377e-06,0
30,14,1.94586114e-04,0.00000000e+00,0.00000000e+00,1.94586114e-04,0
30,15,7.98533845e-04,0.00000000e+00,0.00000000e+00,-7.98533845e-04,0
30,16,1.08509297e-03,0.00000000e+00,0.00000000e+00,1.08509297e-03,0
30,17,2.25709114e-04,0.00000000e+00,0.00000000e+00,-2.25709114e-04,0
30,18,1.30250179e-03,0.00000000e+00,0.00000000e+00,1.30250179e-03,0
30,19,9.89103115e-04,0.00000000e+00,0.00000000e+00,9.89103115e-04,0
30,20,3.78182927e-04,0.00000000e+00,0.00000000e+00,-3.78182927e-04,0
30,21,4.80505624e-06,0.00000000e+00,0.00000000e+00,-4.80505624e-06,0
30,22,4.63635301e-04,0.00000000e+00,0.00000000e+00,-4.63635301e-04,0
30,23,1.42618278e-03,0.00000000e+00,0.00000000e+00,-1.42618278e-03,0
30,24,5.23956684e-04,0.00000000e+00,0.00000000e+00,5.23956684e-04,0
30,25,1.24323535e-03,0.00000000e+00,0.00000000e+00,-1.24323535e-03,0
30,26,1.27596417e-03,0.00000000e+00,0.00000000e+00,1.27596417e-03,0
30,27,2.71503836e-04,0.00000000e+00,0.00000000e+00,-2.71503836e-04,0
30,28,1.08344517e-04,0.00000000e+00,0.00000000e+00,1.08344517e-04,0
30,29,2.85885285e-05,0.00000000e+00,0.00000000e+00,2.85885285e-05,0
30,30,1.92635205e-04,0.00000000e+00,0.00000000e+00,1.92635205e-04,0
30,31,1.63562931e-04,0.00000000e+00,0.00000000e+00,1.63562931e-04,0
30,32,6.76091525e-05,0.00000000e+00,0.00000000e+00,6.76091525e-05,0
30,33,1.63562931e-04,0.00000000e+00,0.00000000e+00,1.63562931e-04,0
30,34,1.92635205e-04,0.00000000e+00,0.00000000e+00,1.92635205e-04,0
30,35,2.85885285e-05,0.00000000e+00,0.00000000e+00,2.85885285e-05,0
30,36,1.08344517e-04,0.00000000e+00,0.00000000e+00,1.08344517e-04,0
30,37,2.71503836e-04,0.00000000e+00,0.00000000e+00,-2.71503836e-04,0
30,38,1.27596417e-03,0.00000000e+00,0.00000000e+00,1.27596417e-03,0
30,39,1.24323535e-03,0.00000000e+00,0.00000000e+00,-1.24323535e-03,0
30,40,5.23956684e-04,0.00000000e+00,0.00000000e+00,5.23956684e-04,0
30,41,1.42618278e-03,0.00000000e+00,0.00000000e+00,-1.42618278e-03,0
30,42,4.63635301e-04,0.00000000e+00,0.00000000e+00,-4.63635301e-04,0
30,43,4.80505624e-06,0.00000000e+00,0.00000000e+00,-4.80505624e-06,0
30,44,3.78182927e-04,0.00000000e+00,0.00000000e+00,-3.78182927e-04,0
30,45,9.89103115e-04,0.00000000e+00,0.00000000e+00,9.89103115e-04,0
30,46,1.30250179e-03,0.00000000e+00,0.00000000e+00,1.30250179e-03,0
30,47,2.25709114e-04,0.00000000e+00,0.00000000e+00,-2.25709114e-04,0
30,48,1.08509297e-03,0.00000000e+00,0.00000000e+00,1.08509297e-03,0
30,49,7.98533845e-04,0.00000000e+00,0.00000000e+00,-7.98533845e-04,0
30,50,1.94586114e-04,0.00000000e+00,0.00000000e+00,1.94586114e-04,0
30,51,9.51793377e-06,0.00000000e+00,0.00000000e+00,-9.51793377e-06,0
30,52,1.11412894e-03,0.00000000e+00,0.00000000e+00,1.11412894e-03,0
30,53,2.88145892e-04,0.00000000e+00,0.00000000e+00,2.88145892e-04,0
30,54,3.11407609e-04,0.00000000e+00,0.00000000e+00,-3.11407609e-04,0
30,55,1.11689537e-03,0.00000000e+00,0.00000000e+00,1.11689537e-03,0
30,56,1.55220017e-04,0.00000000e+00,0.00000000e+00,1.55220017e-04,0
30,57,6.18871281e-04,0.00000000e+00,0.00000000e+00,6.18871281e-04,0
30,58,6.02339480e-04,0.00000000e+00,0.00000000e+00,6.02339480e-04,0
30,59,7.53455202e-05,0.00000000e+00,0.00000000e+00,7.53455202e-05,0
30,60,5.84318851e-04,0.00000000e+00,0.00000000e+00,-5.84318851e-04,0
30,61,1.30298691e-03,0.00000000e+00,0.00000000e+00,-1.30298691e-03,0
30,62,1.48072390e-03,0.00000000e+00,0.00000000e+00,-1.48072390e-03,0
30,63,1.36858950e-03,0.00000000e+00,0.00000000e+00,-1.36858950e-03,0
31,0,3.09719459e-03,0.00000000e+00,0.00000000e+00,-3.09719459e-03,0
31,1,6.06701145e-04,0.00000000e+00,0.00000000e+00,-6.06701145e-04,0
31,2,1.53629535e-03,0.00000000e+00,0.00000000e+00,-1.53629535e-03,0
31,3,1.73025123e-03,0.00000000e+00,0.00000000e+00,-1.73025123e-03,0
31,4,8.73566782e-04,0.00000000e+00,0.00000000e+00,8.73566782e-04,0
31,5,6.17889183e-04,0.00000000e+00,0.00000000e+00,-6.17889183e-04,0
31,6,1.16200684e-03,0.00000000e+00,0.00000000e+00,1.16200684e-03,0
31,7,2.32397339e-04,0.00000000e+00,0.00000000e+00,2.32397339e-04,0
31,8,1.16021780e-03,0.00000000e+00,0.00000000e+00,1.16021780e-03,0
31,9,8.01401629e-04,0.00000000e+00,0.00000000e+00,8.01401629e-04,0
31,10,9.48065914e-04,0.00000000e+00,0.00000000e+00,-9.48065914e-04,0
31,11,1.85339547e-03,0.00000000e+00,0.00000000e+00,1.85339547e-03,0
31,12,1.31821587e-03,0.00000000e+00,0.00000000e+00,1.31821587e-03,0
31,13,1.57166087e-03,0.00000000e+00,0.00000000e+00,1.57166087e-03,0
31,14,2.31537054e-03,0.00000000e+00,0.00000000e+00,-2.31537054e-03,0
31,15,9.40742640e-04,0.00000000e+00,0.00000000e+00,9.40742640e-04,0
31,16,8.96580819e-04,0.00000000e+00,0.00000000e+00,8.96580819e-04,0
31,17,5.52251437e-04,0.00000000e+00,0.00000000e+00,5.52251437e-04,0
31,18,9.47063858e-04,0.00000000e+00,0.00000000e+00,-9.47063858e-04,0
31,19,1.04032750e-04,0.00000000e+00,0.00000000e+00,-1.04032750e-04,0
31,20,8.21547683e-04,0.00000000e+00,0.00000000e+00,-8.21547683e-04,0
31,21,3.47831051e-04,0.00000000e+00,0.00000000e+00,3.47831051e-04,0
31,22,1.37276875e-03,0.00000000e+00,0.00000000e+00,-1.37276875e-03,0
31,23,1.47000134e-04,0.00000000e+00,0.00000000e+00,-1.47000134e-04,0
31,24,2.18721019e-03,0.00000000e+00,0.00000000e+00,-2.18721019e-03,0
31,25,6.35463497e-04,0.00000000e+00,0.00000000e+00,-6.35463497e-04,0
31,26,5.93746124e-04,0.00000000e+00,0.00000000e+00,-5.93746124e-04,0
31,27,6.60165955e-05,0.00000000e+00,0.00000000e+00,-6.60165955e-05,0
31,28,3.79238059e-04,0.00000000e+00,0.00000000e+00,-3.79238059e-04,0
31,29,9.57862678e-04,0.00000000e+00,0.00000000e+00,9.57862678e-04,0
31,30,1.63562931e-04,0.00000000e+00,0.00000000e+00,1.63562931e-04,0
31,31,2.07004691e-03,0.00000000e+00,0.00000000e+00,2.07004691e-03,0
31,32,8.83401328e-05,0.00000000e+00,0.00000000e+00,-8.83401328e-05,0
31,33,2.07004691e-03,0.00000000e+00,0.00000000e+00,2.07004691e-03,0
31,34,1.63562931e-04,0.00000000e+00,0.00000000e+00,1.63562931e-04,0
31,35,9.57862678e-04,0.00000000e+00,0.00000000e+00,9.57862678e-04,0
31,36,3.79238059e-04,0.00000000e+00,0.00000000e+00,-3.79238059e-04,0
31,37,6.60165955e-05,0.00000000e+00,0.00000000e+00,-6.60165955e-05,0
31,38,5.93746124e-04,0.00000000e+00,0.00000000e+00,-5.93746124e-04,0
31,39,6.35463497e-04,0.00000000e+00,0.00000000e+00,-6.35463497e-04,0
31,40,2.18721019e-03,0.00000000e+00,0.00000000e+00,-2.18721019e-03,0
31,41,1.47000134e-04,0.00000000e+00,0.00000000e+00,-1.47000134e-04,0
31,42,1.37276875e-03,0.00000000e+00,0.00000000e+00,-1.37276875e-03,0
31,43,3.47831051e-04,0.00000000e+00,0.00000000e+00,3.47831051e-04,0
31,44,8.21547683e-04,0.00000000e+00,0.00000000e+00,-8.21547683e-04,0
31,45,1.04032750e-04,0.00000000e+00,0.00000000e+00,-1.04032750e-04,0
31,46,9.47063858e-04,0.00000000e+00,0.00000000e+00,-9.47063858e-04,0
31,47,5.52251437e-04,0.00000000e+00,0.00000000e+00,5.52251437e-04,0
31,48,8.96580819e-04,0.00000000e+00,0.00000000e+00,8.96580819e-04,0
31,49,9.40742640e-04,0.00000000e+00,0.00000000e+00,9.40742640e-04,0
31,50,2.31537054e-03,0.00000000e+00,0.00000000e+00,-2.31537054e-03,0
31,51,1.57166087e-03,0.00000000e+00,0.00000000e+00,1.57166087e-03,0
31,52,1.31821587e-03,0.00000000e+00,0.00000000e+00,1.31821587e-03,0
31,53,1.85339547e-03,0.00000000e+00,0.00000000e+00,1.85339547e-03,0
31,54,9.48065914e-04,0.00000000e+00,0.00000000e+00,-9.48065914e-04,0
31,55,8.01401629e-04,0.00000000e+00,0.00000000e+00,8.01401629e-04,0
31,56,1.16021780e-03,0.00000000e+00,0.00000000e+00,1.16021780e-03,0
31,57,2.32397339e-04,0.00000000e+00,0.00000000e+00,2.32397339e-04,0
31,58,1.16200684e-03,0.00000000e+00,0.00000000e+00,1.16200684e-03,0
31,59,6.17889183e-04,0.00000000e+00,0.00000000e+00,-6.17889183e-04,0
31,60,8.73566782e-04,0.00000000e+00,0.00000000e+00,8.73566782e-04,0
31,61,1.73025123e-03,0.00000000e+00,0.00000000e+00,-1.73025123e-03,0
31,62,1.53629535e-03,0.00000000e+00,0.00000000e+00,-1.53629535e-03,0
31,63,6.06701145e-04,0.00000000e+00,0.00000000e+00,-6.06701145e-04,0
32,0,1.15273876e-03,0.00000000e+00,0.00000000e+00,-1.15273876e-03,0
32,1,2.16740699e-03,0.00000000e+00,0.00000000e+00,-2.16740699e-03,0
32,2,1.26937179e-03,0.00000000e+00,0.00000000e+00,-1.26937179e-03,0
32,3,5.63654293e-05,0.00000000e+00,0.00000000e+00,-5.63654293e-05,0
32,4,5.09747423e-04,0.00000000e+00,0.00000000e+00,5.09747423e-04,0
32,5,1.04624744e-03,0.00000000e+00,0.00000000e+00,1.04624744e-03,0
32,6,4.60917840e-04,0.00000000e+00,0.00000000e+00,4.60917840e-04,0
32,7,5.41250062e-04,0.00000000e+00,0.00000000e+00,-5.41250062e-04,0
32,8,1.86918822e-03,0.00000000e+00,0.00000000e+00,-1.86918822e-03,0
32,9,1.54243723e-04,0.00000000e+00,0.00000000e+00,1.54243723e-04,0
32,10,8.04463039e-04,0.00000000e+00,0.00000000e+00,-8.04463039e-04,0
32,11,4.33179832e-04,0.00000000e+00,0.00000000e+00,4.33179832e-04,0
32,12,2.23457815e-03,0.00000000e+00,0.00000000e+00,2.23457815e-03,0
32,13,3.50456975e-04,0.00000000e+00,0.00000000e+00,3.50456975e-04,0
32,14,8.86992610e-04,0.00000000e+00,0.00000000e+00,8.86992610e-04,0
32,15,1.43861212e-03,0.00000000e+00,0.00000000e+00,-1.43861212e-03,0
32,16,3.14372512e-04,0.00000000e+00,0.00000000e+00,3.14372512e-04,0
32,17,1.64912355e-03,0.00000000e+00,0.00000000e+00,-1.64912355e-03,0
32,18,1.03073120e-03,0.00000000e+00,0.00000000e+00,1.03073120e-03,0
32,19,7.94705449e-04,0.00000000e+00,0.00000000e+00,7.94705449e-04,0
32,20,3.02265192e-04,0.00000000e+00,0.00000000e+00,-3.02265192e-04,0
32,21,4.13766346e-04,0.00000000e+00,0.00000000e+00,4.13766346e-04,0
32,22,2.50988361e-04,0.00000000e+00,0.00000000e+00,-2.50988361e-04,0
32,23,1.75320251e-03,0.00000000e+00,0.00000000e+00,-1.75320251e-03,0
32,24,1.01939530e-03,0.00000000e+00,0.00000000e+00,1.01939530e-03,0
32,25,1.76344690e-03,0.00000000e+00,0.00000000e+00,-1.76344690e-03,0
32,26,2.08406895e-03,0.00000000e+00,0.00000000e+00,2.08406895e-03,0
32,27,3.45952769e-04,0.00000000e+00,0.00000000e+00,-3.45952769e-04,0
32,28,4.91691005e-04,0.00000000e+00,0.00000000e+00,4.91691005e-04,0
32,29,2.12074688e-05,0.00000000e+00,0.00000000e+00,-2.12074688e-05,0
32,30,6.76091525e-05,0.00000000e+00,0.00000000e+00,6.76091525e-05,0
32,31,8.83401328e-05,0.00000000e+00,0.00000000e+00,-8.83401328e-05,0
32,32,3.90701556e-04,0.00000000e+00,0.00000000e+00,-3.90701556e-04,0
32,33,8.83401328e-05,0.00000000e+00,0.00000000e+00,-8.83401328e-05,0
32,34,6.76091525e-05,0.00000000e+00,0.00000000e+00,6.76091525e-05,0
32,35,2.12074688e-05,0.00000000e+00,0.00000000e+00,-2.12074688e-05,0
32,36,4.91691005e-04,0.00000000e+00,0.00000000e+00,4.91691005e-04,0
32,37,3.45952769e-04,0.00000000e+00,0.00000000e+00,-3.45952769e-04,0
32,38,2.08406895e-03,0.00000000e+00,0.00000000e+00,2.08406895e-03,0
32,39,1.76344690e-03,0.00000000e+00,0.00000000e+00,-1.76344690e-03,0
32,40,1.01939530e-03,0.00000000e+00,0.00000000e+00,1.01939530e-03,0
32,41,1.75320251e-03,0.00000000e+00,0.00000000e+00,-1.75320251e-03,0
32,42,2.50988361e-04,0.00000000e+00,0.00000000e+00,-2.50988361e-04,0
32,43,4.13766346e-04,0.00000000e+00,0.00000000e+00,4.13766346e-04,0
32,44,3.02265192e-04,0.00000000e+00,0.00000000e+00,-3.02265192e-04,0
32,45,7.94705449e-04,0.00000000e+00,0.00000000e+00,7.94705449e-04,0
32,46,1.03073120e-03,0.00000000e+00,0.00000000e+00,1.03073120e-03,0
32,47,1.64912355e-03,0.00000000e+00,0.00000000e+00,-1.64912355e-03,0
32,48,3.14372512e-04,0.00000000e+00,0.00000000e+00,3.14372512e-04,0
32,49,1.43861212e-03,0.00000000e+00,0.00000000e+00,-1.43861212e-03,0
32,50,8.86992610e-04,0.00000000e+00,0.00000000e+00,8.86992610e-04,0
32,51,3.50456975e-04,0.00000000e+00,0.00000000e+00,3.50456975e-04,0
32,52,2.23457815e-03,0.00000000e+00,0.00000000e+00,2.23457815e-03,0
32,53,4.33179832e-04,0.00000000e+00,0.00000000e+00,4.33179832e-04,0
32,54,8.04463039e-04,0.00000000e+00,0.00000000e+00,-8.04463039e-04,0
32,55,1.54243723e-04,0.00000000e+00,0.00000000e+00,1.54243723e-04,0
32,56,1.86918822e-03,0.00000000e+00,0.00000000e+00,-1.86918822e-03,0
32,57,5.41250062e-04,0.00000000e+00,0.00000000e+00,-5.41250062e-04,0
32,58,4.60917840e-04,0.00000000e+00,0.00000000e+00,4.60917840e-04,0
32,59,1.04624744e-03,0.00000000e+00,0.00000000e+00,1.04624744e-03,0
32,60,5.09747423e-04,0.00000000e+00,0.00000000e+00,5.09747423e-04,0
32,61,5.63654293e-05,0.00000000e+00,0.00000000e+00,-5.63654293e-05,0
32,62,1.26937179e-03,0.00000000e+00,0.00000000e+00,-1.26937179e-03,0
32,63,2.16740699e-03,0.00000000e+00,0.00000000e+00,-2.16740699e-03,0
33,0,3.09719459e-03,0.00000000e+00,0.00000000e+00,-3.09719459e-03,0
33,1,6.06701145e-04,0.00000000e+00,0.00000000e+00,-6.06701145e-04,0
33,2,1.53629535e-03,0.00000000e+00,0.00000000e+00,-1.53629535e-03,0
33,3,1.73025123e-03,0.00000000e+00,0.00000000e+00,-1.73025123e-03,0
33,4,8.73566782e-04,0.00000000e+00,0.00000000e+00,8.73566782e-04,0
33,5,6.17889183e-04,0.00000000e+00,0.00000000e+00,-6.17889183e-04,0
33,6,1.16200684e-03,0.00000000e+00,0.00000000e+00,1.16200684e-03,0
33,7,2.32397339e-04,0.00000000e+00,0.00000000e+00,2.32397339e-04,0
33,8,1.16021780e-03,0.00000000e+00,0.00000000e+00,1.16021780e-03,0
33,9,8.01401629e-04,0.00000000e+00,0.00000000e+00,8.01401629e-04,0
33,10,9.48065914e-04,0.00000000e+00,0.00000000e+00,-9.48065914e-04,0
33,11,1.85339547e-03,0.00000000e+00,0.00000000e+00,1.85339547e-03,0
33,12,1.31821587e-03,0.00000000e+00,0.00000000e+00,1.31821587e-03,0
33,13,1.57166087e-03,0.00000000e+00,0.00000000e+00,1.57166087e-03,0
33,14,2.31537054e-03,0.00000000e+00,0.00000000e+00,-2.31537054e-03,0
33,15,9.40742640e-04,0.00000000e+00,0.00000000e+00,9.40742640e-04,0
33,16,8.96580819e-04,0.00000000e+00,0.00000000e+00,8.96580819e-04,0
33,17,5.52251437e-04,0.00000000e+00,0.00000000e+00,5.52251437e-04,0
33,18,9.47063858e-04,0.00000000e+00,0.00000000e+00,-9.47063858e-04,0
33,19,1.04032750e-04,0.00000000e+00,0.00000000e+00,-1.04032750e-04,0
33,20,8.21547683e-04,0.00000000e+00,0.00000000e+00,-8.21547683e-04,0
33,21,3.47831051e-04,0.00000000e+00,0.00000000e+00,3.47831051e-04,0
33,22,1.37276875e-03,0.00000000e+00,0.00000000e+00,-1.37276875e-03,0
33,23,1.47000134e-04,0.00000000e+00,0.00000000e+00,-1.47000134e-04,0
33,24,2.18721019e-03,0.00000000e+00,0.00000000e+00,-2.18721019e-03,0
33,25,6.35463497e-04,0.00000000e+00,0.00000000e+00,-6.35463497e-04,0
33,26,5.93746124e-04,0.00000000e+00,0.00000000e+00,-5.93746124e-04,0
33,27,6.60165955e-05,0.00000000e+00,0.00000000e+00,-6.60165955e-05,0
33,28,3.79238059e-04,0.00000000e+00,0.00000000e+00,-3.79238059e-04,0
33,29,9.57862678e-04,0.00000000e+00,0.00000000e+00,9.57862678e-04,0
33,30,1.63562931e-04,0.00000000e+00,0.00000000e+00,1.63562931e-04,0
33,31,2.07004691e-03,0.00000000e+00,0.00000000e+00,2.07004691e-03,0
33,32,8.83401328e-05,0.00000000e+00,0.00000000e+00,-8.83401328e-05,0
33,33,2.07004691e-03,0.00000000e+00,0.00000000e+00,2.07004691e-03,0
33,34,1.63562931e-04,0.00000000e+00,0.00000000e+00,1.63562931e-04,0
33,35,9.57862678e-04,0.00000000e+00,0.00000000e+00,9.57862678e-04,0
33,36,3.79238059e-04,0.00000000e+00,0.00000000e+00,-3.79238059e-04,0
33,37,6.60165955e-05,0.00000000e+00,0.00000000e+00,-6.60165955e-05,0
33,38,5.93746124e-04,0.00000000e+00,0.00000000e+00,-5.93746124e-04,0
33,39,6.35463497e-04,0.00000000e+00,0.00000000e+00,-6.35463497e-04,0
33,40,2.18721019e-03,0.00000000e+00,0.00000000e+00,-2.18721019e-03,0
33,41,1.47000134e-04,0.00000000e+00,0.00000000e+00,-1.47000134e-04,0
33,42,1.37276875e-03,0.00000000e+00,0.00000000e+00,-1.37276875e-03,0
33,43,3.47831051e-04,0.00000000e+00,0.00000000e+00,3.47831051e-04,0
33,44,8.21547683e-04,0.00000000e+00,0.00000000e+00,-8.21547683e-04,0
33,45,1.04032750e-04,0.00000000e+00,0.00000000e+00,-1.04032750e-04,0
33,46,9.47063858e-04,0.00000000e+00,0.00000000e+00,-9.47063858e-04,0
33,47,5.52251437e-04,0.00000000e+00,0.00000000e+00,5.52251437e-04,0
33,48,8.96580819e-04,0.00000000e+00,0.00000000e+00,8.96580819e-04,0
33,49,9.40742640e-04,0.00000000e+00,0.00000000e+00,9.40742640e-04,0
33,50,2.31537054e-03,0.00000000e+00,0.00000000e+00,-2.31537054e-03,0
33,51,1.57166087e-03,0.00000000e+00,0.00000000e+00,1.57166087e-03,0
33,52,1.31821587e-03,0.00000000e+00,0.00000000e+00,1.31821587e-03,0
33,53,1.85339547e-03,0.00000000e+00,0.00000000e+00,1.85339547e-03,0
33,54,9.48065914e-04,0.00000000e+00,0.00000000e+00,-9.48065914e-04,0
33,55,8.01401629e-04,0.00000000e+00,0.00000000e+00,8.01401629e-04,0
33,56,1.16021780e-03,0.00000000e+00,0.00000000e+00,1.16021780e-03,0
33,57,2.32397339e-04,0.00000000e+00,0.00000000e+00,2.32397339e-04,0
33,58,1.16200684e-03,0.00000000e+00,0.00000000e+00,1.16200684e-03,0
33,59,6.17889183e-04,0.00000000e+00,0.00000000e+00,-6.17889183e-04,0
33,60,8.73566782e-04,0.00000000e+00,0.00000000e+00,8.73566782e-04,0
33,61,1.73025123e-03,0.00000000e+00,0.00000000e+00,-1.73025123e-03,0
33,62,1.53629535e-03,0.00000000e+00,0.00000000e+00,-1.53629535e-03,0
33,63,6.06701145e-04,0.00000000e+00,0.00000000e+00,-6.06701145e-04,0
34,0,7.79309768e-04,0.00000000e+00,0.00000000e+00,-7.79309768e-04,0
34,1,1.36858950e-03,0.00000000e+00,0.00000000e+00,-1.36858950e-03,0
34,2,1.48072390e-03,0.00000000e+00,0.00000000e+00,-1.48072390e-03,0
34,3,1.30298691e-03,0.00000000e+00,0.00000000e+00,-1.30298691e-03,0
34,4,5.84318851e-04,0.00000000e+00,0.00000000e+00,-5.84318851e-04,0
34,5,7.53455202e-05,0.00000000e+00,0.00000000e+00,7.53455202e-05,0
34,6,6.02339480e-04,0.00000000e+00,0.00000000e+00,6.02339480e-04,0
34,7,6.18871281e-04,0.00000000e+00,0.00000000e+00,6.18871281e-04,0
34,8,1.55220017e-04,0.00000000e+00,0.00000000e+00,1.55220017e-04,0
34,9,1.11689537e-03,0.00000000e+00,0.00000000e+00,1.11689537e-03,0
34,10,3.11407609e-04,0.00000000e+00,0.00000000e+00,-3.11407609e-04,0
34,11,2.88145892e-04,0.00000000e+00,0.00000000e+00,2.88145892e-04,0
34,12,1.11412894e-03,0.00000000e+00,0.00000000e+00,1.11412894e-03,0
34,13,9.51793377e-06,0.00000000e+00,0.00000000e+00,-9.51793377e-06,0
34,14,1.94586114e-04,0.00000000e+00,0.00000000e+00,1.94586114e-04,0
34,15,7.98533845e-04,0.00000000e+00,0.00000000e+00,-7.98533845e-04,0
34,16,1.08509297e-03,0.00000000e+00,0.00000000e+00,1.08509297e-03,0
34,17,2.25709114e-04,0.00000000e+00,0.00000000e+00,-2.25709114e-04,0
34,18,1.30250179e-03,0.00000000e+00,0.00000000e+00,1.30250179e-03,0
34,19,9.89103115e-04,0.00000000e+00,0.00000000e+00,9.89103115e-04,0
34,20,3.78182927e-04,0.00000000e+00,0.00000000e+00,-3.78182927e-04,0
34,21,4.80505624e-06,0.00000000e+00,0.00000000e+00,-4.80505624e-06,0
34,22,4.63635301e-04,0.00000000e+00,0.00000000e+00,-4.63635301e-04,0
34,23,1.42618278e-03,0.00000000e+00,0.00000000e+00,-1.42618278e-03,0
34,24,5.23956684e-04,0.00000000e+00,0.00000000e+00,5.23956684e-04,0
34,25,1.24323535e-03,0.00000000e+00,0.00000000e+00,-1.24323535e-03,0
34,26,1.27596417e-03,0.00000000e+00,0.00000000e+00,1.27596417e-03,0
34,27,2.71503836e-04,0.00000000e+00,0.00000000e+00,-2.71503836e-04,0
34,28,1.08344517e-04,0.00000000e+00,0.00000000e+00,1.08344517e-04,0
34,29,2.85885285e-05,0.00000000e+00,0.00000000e+00,2.85885285e-05,0
34,30,1.92635205e-04,0.00000000e+00,0.00000000e+00,1.92635205e-04,0
34,31,1.63562931e-04,0.00000000e+00,0.00000000e+00,1.63562931e-04,0
34,32,6.76091525e-05,0.00000000e+00,0.00000000e+00,6.76091525e-05,0
34,33,1.63562931e-04,0.00000000e+00,0.00000000e+00,1.63562931e-04,0
34,34,1.92635205e-04,0.00000000e+00,0.00000000e+00,1.92635205e-04,0
34,35,2.85885285e-05,0.00000000e+00,0.00000000e+00,2.85885285e-05,0
34,36,1.08344517e-04,0.00000000e+00,0.00000000e+00,1.08344517e-04,0
34,37,2.71503836e-04,0.00000000e+00,0.00000000e+00,-2.71503836e-04,0
34,38,1.27596417e-03,0.00000000e+00,0.00000000e+00,1.27596417e-03,0
34,39,1.24323535e-03,0.00000000e+00,0.00000000e+00,-1.24323535e-03,0
34,40,5.23956684e-04,0.00000000e+00,0.00000000e+00,5.23956684e-04,0
34,41,1.42618278e-03,0.00000000e+00,0.00000000e+00,-1.42618278e-03,0
34,42,4.63635301e-04,0.00000000e+00,0.00000000e+00,-4.63635301e-04,0
34,43,4.80505624e-06,0.00000000e+00,0.00000000e+00,-4.80505624e-06,0
34,44,3.78182927e-04,0.00000000e+00,0.00000000e+00,-3.78182927e-04,0
34,45,9.89103115e-04,0.00000000e+00,0.00000000e+00,9.89103115e-04,0
34,46,1.30250179e-03,0.00000000e+00,0.00000000e+00,1.30250179e-03,0
34,47,2.25709114e-04,0.00000000e+00,0.00000000e+00,-2.25709114e-04,0
34,48,1.08509297e-03,0.00000000e+00,0.00000000e+00,1.08509297e-03,0
34,49,7.98533845e-04,0.00000000e+00,0.00000000e+00,-7.98533845e-04,0
34,50,1.94586114e-04,0.00000000e+00,0.00000000e+00,1.94586114e-04,0
34,51,9.51793377e-06,0.00000000e+00,0.00000000e+00,-9.51793377e-06,0
34,52,1.11412894e-03,0.00000000e+00,0.00000000e+00,1.11412894e-03,0
34,53,2.88145892e-04,0.00000000e+00,0.00000000e+00,2.88145892e-04,0
34,54,3.11407609e-04,0.00000000e+00,0.00000000e+00,-3.11407609e-04,0
34,55,1.11689537e-03,0.00000000e+00,0.00000000e+00,1.11689537e-03,0
34,56,1.55220017e-04,0.00000000e+00,0.00000000e+00,1.55220017e-04,0
34,57,6.18871281e-04,0.00000000e+00,0.00000000e+00,6.18871281e-04,0
34,58,6.02339480e-04,0.00000000e+00,0.00000000e+00,6.02339480e-04,0
34,59,7.53455202e-05,0.00000000e+00,0.00000000e+00,7.53455202e-05,0
34,60,5.84318851e-04,0.00000000e+00,0.00000000e+00,-5.84318851e-04,0
34,61,1.30298691e-03,0.00000000e+00,0.00000000e+00,-1.30298691e-03,0
34,62,1.48072390e-03,0.00000000e+00,0.00000000e+00,-1.48072390e-03,0
34,63,1.36858950e-03,0.00000000e+00,0.00000000e+00,-1.36858950e-03,0
35,0,1.28316577e-03,0.00000000e+00,0.00000000e+00,-1.28316577e-03,0
35,1,2.87568685e-04,0.00000000e+00,0.00000000e+00,-2.87568685e-04,0
35,2,9.84580026e-04,0.00000000e+00,0.00000000e+00,-9.84580026e-04,0
35,3,1.78308837e-03,0.00000000e+00,0.00000000e+00,-1.78308837e-03,0
35,4,7.95267817e-04,0.00000000e+00,0.00000000e+00,-7.95267817e-04,0
35,5,4.15195004e-04,0.00000000e+00,0.00000000e+00,-4.15195004e-04,0
35,6,8.10251709e-04,0.00000000e+00,0.00000000e+00,8.10251709e-04,0
35,7,3.11403066e-04,0.00000000e+00,0.00000000e+00,3.11403066e-04,0
35,8,1.16370662e-03,0.00000000e+00,0.00000000e+00,1.16370662e-03,0
35,9,9.61558502e-04,0.00000000e+00,0.00000000e+00,9.61558502e-04,0
35,10,1.54154667e-04,0.00000000e+00,0.00000000e+00,-1.54154667e-04,0
35,11,6.97387820e-04,0.00000000e+00,0.00000000e+00,6.97387820e-04,0
35,12,9.41413724e-05,0.00000000e+00,0.00000000e+00,-9.41413724e-05,0
35,13,4.56092170e-04,0.00000000e+00,0.00000000e+00,4.56092170e-04,0
35,14,7.60166055e-04,0.00000000e+00,0.00000000e+00,-7.60166055e-04,0
35,15,3.22285933e-04,0.00000000e+00,0.00000000e+00,3.22285933e-04,0
35,16,5.86740745e-04,0.00000000e+00,0.00000000e+00,5.86740745e-04,0
35,17,2.36447435e-04,0.00000000e+00,0.00000000e+00,2.36447435e-04,0
35,18,4.22480878e-04,0.00000000e+00,0.00000000e+00,-4.22480878e-04,0
35,19,1.83192537e-04,0.00000000e+00,0.00000000e+00,1.83192537e-04,0
35,20,6.76761986e-04,0.00000000e+00,0.00000000e+00,-6.76761986e-04,0
35,21,2.84836555e-04,0.00000000e+00,0.00000000e+00,-2.84836555e-04,0
35,22,1.21561845e-03,0.00000000e+00,0.00000000e+00,-1.21561845e-03,0
35,23,4.90781181e-04,0.00000000e+00,0.00000000e+00,-4.90781181e-04,0
35,24,1.27856692e-03,0.00000000e+00,0.00000000e+00,-1.27856692e-03,0
35,25,2.36204321e-04,0.00000000e+00,0.00000000e+00,-2.36204321e-04,0
35,26,3.75848137e-05,0.00000000e+00,0.00000000e+00,-3.75848137e-05,0
35,27,9.67436310e-06,0.00000000e+00,0.00000000e+00,-9.67436310e-06,0
35,28,2.37676486e-04,0.00000000e+00,0.00000000e+00,-2.37676486e-04,0
35,29,3.14588262e-04,0.00000000e+00,0.00000000e+00,3.14588262e-04,0
35,30,2.85885285e-05,0.00000000e+00,0.00000000e+00,2.85885285e-05,0
35,31,9.57862678e-04,0.00000000e+00,0.00000000e+00,9.57862678e-04,0
35,32,2.12074688e-05,0.00000000e+00,0.00000000e+00,-2.12074688e-05,0
35,33,9.57862678e-04,0.00000000e+00,0.00000000e+00,9.57862678e-04,0
35,34,2.85885285e-05,0.00000000e+00,0.00000000e+00,2.85885285e-05,0
35,35,3.14588262e-04,0.00000000e+00,0.00000000e+00,3.14588262e-04,0
35,36,2.37676486e-04,0.00000000e+00,0.00000000e+00,-2.37676486e-04,0
35,37,9.67436310e-06,0.00000000e+00,0.00000000e+00,-9.67436310e-06,0
35,38,3.75848137e-05,0.00000000e+00,0.00000000e+00,-3.75848137e-05,0
35,39,2.36204321e-04,0.00000000e+00,0.00000000e+00,-2.36204321e-04,0
35,40,1.27856692e-03,0.00000000e+00,0.00000000e+00,-1.27856692e-03,0
35,41,4.90781181e-04,0.00000000e+00,0.00000000e+00,-4.90781181e-04,0
35,42,1.21561845e-03,0.00000000e+00,0.00000000e+00,-1.21561845e-03,0
35,43,2.84836555e-04,0.00000000e+00,0.00000000e+00,-2.84836555e-04,0
35,44,6.76761986e-04,0.00000000e+00,0.00000000e+00,-6.76761986e-04,0
35,45,1.83192537e-04,0.00000000e+00,0.00000000e+00,1.83192537e-04,0
35,46,4.22480878e-04,0.00000000e+00,0.00000000e+00,-4.22480878e-04,0
35,47,2.36447435e-04,0.00000000e+00,0.00000000e+00,2.36447435e-04,0
35,48,5.86740745e-04,0.00000000e+00,0.00000000e+00,5.86740745e-04,0
35,49,3.22285933e-04,0.00000000e+00,0.00000000e+00,3.22285933e-04,0
35,50,7.60166055e-04,0.00000000e+00,0.00000000e+00,-7.60166055e-04,0
35,51,4.56092170e-04,0.00000000e+00,0.00000000e+00,4.56092170e-04,0
35,52,9.41413724e-05,0.00000000e+00,0.00000000e+00,-9.41413724e-05,0
35,53,6.97387820e-04,0.00000000e+00,0.00000000e+00,6.97387820e-04,0
35,54,1.54154667e-04,0.00000000e+00,0.00000000e+00,-1.54154667e-04,0
35,55,9.61558502e-04,0.00000000e+00,0.00000000e+00,9.61558502e-04,0
35,56,1.16370662e-03,0.00000000e+00,0.00000000e+00,1.16370662e-03,0
35,57,3.11403066e-04,0.00000000e+00,0.00000000e+00,3.11403066e-04,0
35,58,8.10251709e-04,0.00000000e+00,0.00000000e+00,8.10251709e-04,0
35,59,4.15195004e-04,0.00000000e+00,0.00000000e+00,-4.15195004e-04,0
35,60,7.95267817e-04,0.00000000e+00,0.00000000e+00,-7.95267817e-04,0
35,61,1.78308837e-03,0.00000000e+00,0.00000000e+00,-1.78308837e-03,0
35,62,9.84580026e-04,0.00000000e+00,0.00000000e+00,-9.84580026e-04,0
35,63,2.87568685e-04,0.00000000e+00,0.00000000e+00,-2.87568685e-04,0
36,0,1.59931234e-03,0.00000000e+00,0.00000000e+00,-1.59931234e-03,0
36,1,2.91644699e-04,0.00000000e+00,0.00000000e+00,-2.91644699e-04,0
36,2,5.28451295e-04,0.00000000e+00,0.00000000e+00,-5.28451295e-04,0
36,3,6.89721616e-04,0.00000000e+00,0.00000000e+00,-6.89721616e-04,0
36,4,1.43519537e-04,0.00000000e+00,0.00000000e+00,1.43519537e-04,0
36,5,6.51195056e-04,0.00000000e+00,0.00000000e+00,-6.51195056e-04,0
36,6,3.15548986e-04,0.00000000e+00,0.00000000e+00,-3.15548986e-04,0
36,7,9.50463228e-04,0.00000000e+00,0.00000000e+00,-9.50463228e-04,0
36,8,7.88034298e-05,0.00000000e+00,0.00000000e+00,7.88034298e-05,0
36,9,6.88271821e-06,0.00000000e+00,0.00000000e+00,6.88271821e-06,0
36,10,1.08977549e-04,0.00000000e+00,0.00000000e+00,1.08977549e-04,0
36,11,1.01327609e-03,0.00000000e+00,0.00000000e+00,1.01327609e-03,0
36,12,6.94263805e-04,0.00000000e+00,0.00000000e+00,6.94263805e-04,0
36,13,9.72074950e-04,0.00000000e+00,0.00000000e+00,9.72074950e-04,0
36,14,4.72309164e-04,0.00000000e+00,0.00000000e+00,-4.72309164e-04,0
36,15,3.63793370e-05,0.00000000e+00,0.00000000e+00,-3.63793370e-05,0
36,16,7.97700161e-05,0.00000000e+00,0.00000000e+00,7.97700161e-05,0
36,17,1.33308901e-04,0.00000000e+00,0.00000000e+00,1.33308901e-04,0
36,18,6.72479156e-04,0.00000000e+00,0.00000000e+00,-6.72479156e-04,0
36,19,5.36960707e-04,0.00000000e+00,0.00000000e+00,5.36960707e-04,0
36,20,2.59583888e-04,0.00000000e+00,0.00000000e+00,-2.59583888e-04,0
36,21,1.62897202e-04,0.00000000e+00,0.00000000e+00,1.62897202e-04,0
36,22,2.08361614e-04,0.00000000e+00,0.00000000e+00,-2.08361614e-04,0
36,23,1.26214387e-04,0.00000000e+00,0.00000000e+00,-1.26214387e-04,0
36,24,4.90572304e-04,0.00000000e+00,0.00000000e+00,-4.90572304e-04,0
36,25,4.48068418e-04,0.00000000e+00,0.00000000e+00,4.48068418e-04,0
36,26,1.17720660e-04,0.00000000e+00,0.00000000e+00,-1.17720660e-04,0
36,27,4.15702577e-04,0.00000000e+00,0.00000000e+00,4.15702577e-04,0
36,28,4.48121235e-04,0.00000000e+00,0.00000000e+00,-4.48121235e-04,0
36,29,2.37676486e-04,0.00000000e+00,0.00000000e+00,-2.37676486e-04,0
36,30,1.08344517e-04,0.00000000e+00,0.00000000e+00,1.08344517e-04,0
36,31,3.79238059e-04,0.00000000e+00,0.00000000e+00,-3.79238059e-04,0
36,32,4.91691005e-04,0.00000000e+00,0.00000000e+00,4.91691005e-04,0
36,33,3.79238059e-04,0.00000000e+00,0.00000000e+00,-3.79238059e-04,0
36,34,1.08344517e-04,0.00000000e+00,0.00000000e+00,1.08344517e-04,0
36,35,2.37676486e-04,0.00000000e+00,0.00000000e+00,-2.37676486e-04,0
36,36,4.48121235e-04,0.00000000e+00,0.00000000e+00,-4.48121235e-04,0
36,37,4.15702577e-04,0.00000000e+00,0.00000000e+00,4.15702577e-04,0
36,38,1.17720660e-04,0.00000000e+00,0.00000000e+00,-1.17720660e-04,0
36,39,4.48068418e-04,0.00000000e+00,0.00000000e+00,4.48068418e-04,0
36,40,4.90572304e-04,0.00000000e+00,0.00000000e+00,-4.90572304e-04,0
36,41,1.26214387e-04,0.00000000e+00,0.00000000e+00,-1.26214387e-04,0
36,42,2.08361614e-04,0.00000000e+00,0.00000000e+00,-2.08361614e-04,0
36,43,1.62897202e-04,0.00000000e+00,0.00000000e+00,1.62897202e-04,0
36,44,2.59583888e-04,0.00000000e+00,0.00000000e+00,-2.59583888e-04,0
36,45,5.36960707e-04,0.00000000e+00,0.00000000e+00,5.36960707e-04,0
36,46,6.72479156e-04,0.00000000e+00,0.00000000e+00,-6.72479156e-04,0
36,47,1.33308901e-04,0.00000000e+00,0.00000000e+00,1.33308901e-04,0
36,48,7.97700161e-05,0.00000000e+00,0.00000000e+00,7.97700161e-05,0
36,49,3.63793370e-05,0.00000000e+00,0.00000000e+00,-3.63793370e-05,0
36,50,4.72309164e-04,0.00000000e+00,0.00000000e+00,-4.72309164e-04,0
36,51,9.72074950e-04,0.00000000e+00,0.00000000e+00,9.72074950e-04,0
36,52,6.94263805e-04,0.00000000e+00,0.00000000e+00,6.94263805e-04,0
36,53,1.01327609e-03,0.00000000e+00,0.00000000e+00,1.01327609e-03,0
36,54,1.08977549e-04,0.00000000e+00,0.00000000e+00,1.08977549e-04,0
36,55,6.88271821e-06,0.00000000e+00,0.00000000e+00,6.88271821e-06,0
36,56,7.88034298e-05,0.00000000e+00,0.00000000e+00,7.88034298e-05,0
36,57,9.50463228e-04,0.00000000e+00,0.00000000e+00,-9.50463228e-04,0
36,58,3.15548986e-04,0.00000000e+00,0.00000000e+00,-3.15548986e-04,0
36,59,6.51195056e-04,0.00000000e+00,0.00000000e+00,-6.51195056e-04,0
36,60,1.43519537e-04,0.00000000e+00,0.00000000e+00,1.43519537e-04,0
36,61,6.89721616e-04,0.00000000e+00,0.00000000e+00,-6.89721616e-04,0
36,62,5.28451295e-04,0.00000000e+00,0.00000000e+00,-5.28451295e-04,0
36,63,2.91644699e-04,0.00000000e+00,0.00000000e+00,-2.91644699e-04,0
37,0,1.06902585e-03,0.00000000e+00,0.00000000e+00,-1.06902585e-03,0
37,1,1.06382387e-03,0.00000000e+00,0.00000000e+00,-1.06382387e-03,0
37,2,2.88067594e-04,0.00000000e+00,0.00000000e+00,-2.88067594e-04,0
37,3,2.35392135e-04,0.00000000e+00,0.00000000e+00,-2.35392135e-04,0
37,4,3.07731732e-04,0.00000000e+00,0.00000000e+00,-3.07731732e-04,0
37,5,2.36476260e-04,0.00000000e+00,0.00000000e+00,2.36476260e-04,0
37,6,3.40066255e-04,0.00000000e+00,0.00000000e+00,-3.40066255e-04,0
37,7,9.63355084e-04,0.00000000e+00,0.00000000e+00,-9.63355084e-04,0
37,8,9.53539697e-04,0.00000000e+00,0.00000000e+00,-9.53539697e-04,0
37,9,3.09004889e-04,0.00000000e+00,0.00000000e+00,3.09004889e-04,0
37,10,7.77546683e-04,0.00000000e+00,0.00000000e+00,7.77546683e-04,0
37,11,1.23685964e-03,0.00000000e+00,0.00000000e+00,1.23685964e-03,0
37,12,2.38319319e-04,0.00000000e+00,0.00000000e+00,2.38319319e-04,0
37,13,1.01161896e-03,0.00000000e+00,0.00000000e+00,1.01161896e-03,0
37,14,2.17872471e-03,0.00000000e+00,0.00000000e+00,2.17872471e-03,0
37,15,1.29207221e-04,0.00000000e+00,0.00000000e+00,-1.29207221e-04,0
37,16,7.96359542e-07,0.00000000e+00,0.00000000e+00,-7.96359542e-07,0
37,17,5.38445339e-04,0.00000000e+00,0.00000000e+00,-5.38445339e-04,0
37,18,8.70729601e-06,0.00000000e+00,0.00000000e+00,-8.70729601e-06,0
37,19,6.06174707e-05,0.00000000e+00,0.00000000e+00,-6.06174707e-05,0
37,20,3.59914504e-04,0.00000000e+00,0.00000000e+00,3.59914504e-04,0
37,21,7.90117222e-05,0.00000000e+00,0.00000000e+00,-7.90117222e-05,0
37,22,2.44544152e-04,0.00000000e+00,0.00000000e+00,-2.44544152e-04,0
37,23,2.57201241e-04,0.00000000e+00,0.00000000e+00,-2.57201241e-04,0
37,24,4.65521644e-04,0.00000000e+00,0.00000000e+00,-4.65521644e-04,0
37,25,2.01017433e-04,0.00000000e+00,0.00000000e+00,2.01017433e-04,0
37,26,6.89600125e-04,0.00000000e+00,0.00000000e+00,6.89600125e-04,0
37,27,4.40521795e-04,0.00000000e+00,0.00000000e+00,4.40521795e-04,0
37,28,4.15702577e-04,0.00000000e+00,0.00000000e+00,4.15702577e-04,0
37,29,9.67436310e-06,0.00000000e+00,0.00000000e+00,-9.67436310e-06,0
37,30,2.71503836e-04,0.00000000e+00,0.00000000e+00,-2.71503836e-04,0
37,31,6.60165955e-05,0.00000000e+00,0.00000000e+00,-6.60165955e-05,0
37,32,3.45952769e-04,0.00000000e+00,0.00000000e+00,-3.45952769e-04,0
37,33,6.60165955e-05,0.00000000e+00,0.00000000e+00,-6.60165955e-05,0
37,34,2.71503836e-04,0.00000000e+00,0.00000000e+00,-2.71503836e-04,0
37,35,9.67436310e-06,0.00000000e+00,0.00000000e+00,-9.67436310e-06,0
37,36,4.15702577e-04,0.00000000e+00,0.00000000e+00,4.15702577e-04,0
37,37,4.40521795e-04,0.00000000e+00,0.00000000e+00,4.40521795e-04,0
37,38,6.89600125e-04,0.00000000e+00,0.00000000e+00,6.89600125e-04,0
37,39,2.01017433e-04,0.00000000e+00,0.00000000e+00,2.01017433e-04,0
37,40,4.65521644e-04,0.00000000e+00,0.00000000e+00,-4.65521644e-04,0
37,41,2.57201241e-04,0.00000000e+00,0.00000000e+00,-2.57201241e-04,0
37,42,2.44544152e-04,0.00000000e+00,0.00000000e+00,-2.44544152e-04,0
37,43,7.90117222e-05,0.00000000e+00,0.00000000e+00,-7.90117222e-05,0
37,44,3.59914504e-04,0.00000000e+00,0.00000000e+00,3.59914504e-04,0
37,45,6.06174707e-05,0.00000000e+00,0.00000000e+00,-6.06174707e-05,0
37,46,8.70729601e-06,0.00000000e+00,0.00000000e+00,-8.70729601e-06,0
37,47,5.38445339e-04,0.00000000e+00,0.00000000e+00,-5.38445339e-04,0
37,48,7.96359542e-07,0.00000000e+00,0.00000000e+00,-7.96359542e-07,0
37,49,1.29207221e-04,0.00000000e+00,0.00000000e+00,-1.29207221e-04,0
37,50,2.17872471e-03,0.00000000e+00,0.00000000e+00,2.17872471e-03,0
37,51,1.01161896e-03,0.00000000e+00,0.00000000e+00,1.01161896e-03,0
37,52,2.38319319e-04,0.00000000e+00,0.00000000e+00,2.38319319e-04,0
37,53,1.23685964e-03,0.00000000e+00,0.00000000e+00,1.23685964e-03,0
37,54,7.77546683e-04,0.00000000e+00,0.00000000e+00,7.77546683e-04,0
37,55,3.09004889e-04,0.00000000e+00,0.00000000e+00,3.09004889e-04,0
37,56,9.53539697e-04,0.00000000e+00,0.00000000e+00,-9.53539697e-04,0
37,57,9.63355084e-04,0.00000000e+00,0.00000000e+00,-9.63355084e-04,0
37,58,3.40066255e-04,0.00000000e+00,0.00000000e+00,-3.40066255e-04,0
37,59,2.36476260e-04,0.00000000e+00,0.00000000e+00,2.36476260e-04,0
37,60,3.07731732e-04,0.00000000e+00,0.00000000e+00,-3.07731732e-04,0
37,61,2.35392135e-04,0.00000000e+00,0.00000000e+00,-2.35392135e-04,0
37,62,2.88067594e-04,0.00000000e+00,0.00000000e+00,-2.88067594e-04,0
37,63,1.06382387e-03,0.00000000e+00,0.00000000e+00,-1.06382387e-03,0
38,0,2.80761645e-03,0.00000000e+00,0.00000000e+00,-2.80761645e-03,0
38,1,1.23771201e-05,0.00000000e+00,0.00000000e+00,-1.23771201e-05,0
38,2,1.21248007e-04,0.00000000e+00,0.00000000e+00,1.21248007e-04,0
38,3,1.38638992e-04,0.00000000e+00,0.00000000e+00,1.38638992e-04,0
38,4,2.18212333e-04,0.00000000e+00,0.00000000e+00,-2.18212333e-04,0
38,5,1.65634488e-03,0.00000000e+00,0.00000000e+00,-1.65634488e-03,0
38,6,9.11073512e-05,0.00000000e+00,0.00000000e+00,-9.11073512e-05,0
38,7,1.19987102e-03,0.00000000e+00,0.00000000e+00,-1.19987102e-03,0
38,8,1.56002491e-03,0.00000000e+00,0.00000000e+00,1.56002491e-03,0
38,9,4.26481365e-04,0.00000000e+00,0.00000000e+00,4.26481365e-04,0
38,10,1.35808351e-03,0.00000000e+00,0.00000000e+00,1.35808351e-03,0
38,11,8.29809194e-04,0.00000000e+00,0.00000000e+00,8.29809194e-04,0
38,12,4.26589718e-04,0.00000000e+00,0.00000000e+00,-4.26589718e-04,0
38,13,8.71134293e-04,0.00000000e+00,0.00000000e+00,8.71134293e-04,0
38,14,2.71515898e-04,0.00000000e+00,0.00000000e+00,-2.71515898e-04,0
38,15,1.87628239e-03,0.00000000e+00,0.00000000e+00,1.87628239e-03,0
38,16,3.19628206e-04,0.00000000e+00,0.00000000e+00,-3.19628206e-04,0
38,17,1.64620832e-03,0.00000000e+00,0.00000000e+00,1.64620832e-03,0
38,18,1.95223166e-03,0.00000000e+00,0.00000000e+00,-1.95223166e-03,0
38,19,1.24913985e-04,0.00000000e+00,0.00000000e+00,-1.24913985e-04,0
38,20,1.02802179e-03,0.00000000e+00,0.00000000e+00,-1.02802179e-03,0
38,21,3.60533068e-05,0.00000000e+00,0.00000000e+00,-3.60533068e-05,0
38,22,6.92870797e-04,0.00000000e+00,0.00000000e+00,-6.92870797e-04,0
38,23,5.26048522e-04,0.00000000e+00,0.00000000e+00,5.26048522e-04,0
38,24,2.60325791e-03,0.00000000e+00,0.00000000e+00,-2.60325791e-03,0
38,25,6.26872582e-04,0.00000000e+00,0.00000000e+00,6.26872582e-04,0
38,26,2.23331345e-03,0.00000000e+00,0.00000000e+00,-2.23331345e-03,0
38,27,6.89600125e-04,0.00000000e+00,0.00000000e+00,6.89600125e-04,0
38,28,1.17720660e-04,0.00000000e+00,0.00000000e+00,-1.17720660e-04,0
38,29,3.75848137e-05,0.00000000e+00,0.00000000e+00,-3.75848137e-05,0
38,30,1.27596417e-03,0.00000000e+00,0.00000000e+00,1.27596417e-03,0
38,31,5.93746124e-04,0.00000000e+00,0.00000000e+00,-5.93746124e-04,0
38,32,2.08406895e-03,0.00000000e+00,0.00000000e+00,2.08406895e-03,0
38,33,5.93746124e-04,0.00000000e+00,0.00000000e+00,-5.93746124e-04,0
38,34,1.27596417e-03,0.00000000e+00,0.00000000e+00,1.27596417e-03,0
38,35,3.75848137e-05,0.00000000e+00,0.00000000e+00,-3.75848137e-05,0
38,36,1.17720660e-04,0.00000000e+00,0.00000000e+00,-1.17720660e-04,0
38,37,6.89600125e-04,0.00000000e+00,0.00000000e+00,6.89600125e-04,0
38,38,2.23331345e-03,0.00000000e+00,0.00000000e+00,-2.23331345e-03,0
38,39,6.26872582e-04,0.00000000e+00,0.00000000e+00,6.26872582e-04,0
38,40,2.60325791e-03,0.00000000e+00,0.00000000e+00,-2.60325791e-03,0
38,41,5.26048522e-04,0.00000000e+00,0.00000000e+00,5.26048522e-04,0
38,42,6.92870797e-04,0.00000000e+00,0.00000000e+00,-6.92870797e-04,0
38,43,3.60533068e-05,0.00000000e+00,0.00000000e+00,-3.60533068e-05,0
38,44,1.02802179e-03,0.00000000e+00,0.00000000e+00,-1.02802179e-03,0
38,45,1.24913985e-04,0.00000000e+00,0.00000000e+00,-1.24913985e-04,0
38,46,1.95223166e-03,0.00000000e+00,0.00000000e+00,-1.95223166e-03,0
38,47,1.64620832e-03,0.00000000e+00,0.00000000e+00,1.64620832e-03,0
38,48,3.19628206e-04,0.00000000e+00,0.00000000e+00,-3.19628206e-04,0
38,49,1.87628239e-03,0.00000000e+00,0.00000000e+00,1.87628239e-03,0
38,50,2.71515898e-04,0.00000000e+00,0.00000000e+00,-2.71515898e-04,0
38,51,8.71134293e-04,0.00000000e+00,0.00000000e+00,8.71134293e-04,0
38,52,4.26589718e-04,0.00000000e+00,0.00000000e+00,-4.26589718e-04,0
38,53,8.29809194e-04,0.00000000e+00,0.00000000e+00,8.29809194e-04,0
38,54,1.35808351e-03,0.00000000e+00,0.00000000e+00,1.35808351e-03,0
38,55,4.26481365e-04,0.00000000e+00,0.00000000e+00,4.26481365e-04,0
38,56,1.56002491e-03,0.00000000e+00,0.00000000e+00,1.56002491e-03,0
38,57,1.19987102e-03,0.00000000e+00,0.00000000e+00,-1.19987102e-03,0
38,58,9.11073512e-05,0.00000000e+00,0.00000000e+00,-9.11073512e-05,0
38,59,1.65634488e-03,0.00000000e+00,0.00000000e+00,-1.65634488e-03,0
38,60,2.18212333e-04,0.00000000e+00,0.00000000e+00,-2.18212333e-04,0
38,61,1.38638992e-04,0.00000000e+00,0.00000000e+00,1.38638992e-04,0
38,62,1.21248007e-04,0.00000000e+00,0.00000000e+00,1.21248007e-04,0
38,63,1.23771201e-05,0.00000000e+00,0.00000000e+00,-1.23771201e-05,0
39,0,1.45560612e-03,0.00000000e+00,0.00000000e+00,1.45560612e-03,0
39,1,5.59280012e-04,0.00000000e+00,0.00000000e+00,5.59280012e-04,0
39,2,6.04722794e-04,0.00000000e+00,0.00000000e+00,-6.04722794e-04,0
39,3,1.00824774e-03,0.00000000e+00,0.00000000e+00,-1.00824774e-03,0
39,4,3.64701375e-04,0.00000000e+00,0.00000000e+00,-3.64701375e-04,0
39,5,1.02816744e-03,0.00000000e+00,0.00000000e+00,-1.02816744e-03,0
39,6,6.82565878e-04,0.00000000e+00,0.00000000e+00,-6.82565878e-04,0
39,7,2.38072395e-04,0.00000000e+00,0.00000000e+00,-2.38072395e-04,0
39,8,1.50037446e-03,0.00000000e+00,0.00000000e+00,-1.50037446e-03,0
39,9,2.70491820e-04,0.00000000e+00,0.00000000e+00,2.70491820e-04,0
39,10,8.80833844e-04,0.00000000e+00,0.00000000e+00,-8.80833844e-04,0
39,11,6.25703091e-04,0.00000000e+00,0.00000000e+00,6.25703091e-04,0
39,12,9.33320390e-05,0.00000000e+00,0.00000000e+00,-9.33320390e-05,0
39,13,8.18865210e-04,0.00000000e+00,0.00000000e+00,8.18865210e-04,0
39,14,2.21143304e-03,0.00000000e+00,0.00000000e+00,2.21143304e-03,0
39,15,2.61190557e-04,0.00000000e+00,0.00000000e+00,-2.61190557e-04,0
39,16,1.03220594e-04,0.00000000e+00,0.00000000e+00,1.03220594e-04,0
39,17,6.31683736e-04,0.00000000e+00,0.00000000e+00,6.31683736e-04,0
39,18,1.95262762e-03,0.00000000e+00,0.00000000e+00,1.95262762e-03,0
39,19,3.13307410e-04,0.00000000e+00,0.00000000e+00,-3.13307410e-04,0
39,20,8.22233129e-04,0.00000000e+00,0.00000000e+00,8.22233129e-04,0
39,21,8.08732527e-04,0.00000000e+00,0.00000000e+00,-8.08732527e-04,0
39,22,6.66408903e-06,0.00000000e+00,0.00000000e+00,6.66408903e-06,0
39,23,1.01248995e-03,0.00000000e+00,0.00000000e+00,1.01248995e-03,0
39,24,5.32211861e-04,0.00000000e+00,0.00000000e+00,5.32211861e-04,0
39,25,8.19964790e-04,0.00000000e+00,0.00000000e+00,8.19964790e-04,0
39,26,6.26872582e-04,0.00000000e+00,0.00000000e+00,6.26872582e-04,0
39,27,2.01017433e-04,0.00000000e+00,0.00000000e+00,2.01017433e-04,0
39,28,4.48068418e-04,0.00000000e+00,0.00000000e+00,4.48068418e-04,0
39,29,2.36204321e-04,0.00000000e+00,0.00000000e+00,-2.36204321e-04,0
39,30,1.24323535e-03,0.00000000e+00,0.00000000e+00,-1.24323535e-03,0
39,31,6.35463497e-04,0.00000000e+00,0.00000000e+00,-6.35463497e-04,0
39,32,1.76344690e-03,0.00000000e+00,0.00000000e+00,-1.76344690e-03,0
39,33,6.35463497e-04,0.00000000e+00,0.00000000e+00,-6.35463497e-04,0
39,34,1.24323535e-03,0.00000000e+00,0.00000000e+00,-1.24323535e-03,0
39,35,2.36204321e-04,0.00000000e+00,0.00000000e+00,-2.36204321e-04,0
39,36,4.48068418e-04,0.00000000e+00,0.00000000e+00,4.48068418e-04,0
39,37,2.01017433e-04,0.00000000e+00,0.00000000e+00,2.01017433e-04,0
39,38,6.26872582e-04,0.00000000e+00,0.00000000e+00,6.26872582e-04,0
39,39,8.19964790e-04,0.00000000e+00,0.00000000e+00,8.19964790e-04,0
39,40,5.32211861e-04,0.00000000e+00,0.00000000e+00,5.32211861e-04,0
39,41,1.01248995e-03,0.00000000e+00,0.00000000e+00,1.01248995e-03,0
39,42,6.66408903e-06,0.00000000e+00,0.00000000e+00,6.66408903e-06,0
39,43,8.08732527e-04,0.00000000e+00,0.00000000e+00,-8.08732527e-04,0
39,44,8.22233129e-04,0.00000000e+00,0.00000000e+00,8.22233129e-04,0
39,45,3.13307410e-04,0.00000000e+00,0.00000000e+00,-3.13307410e-04,0
39,46,1.95262762e-03,0.00000000e+00,0.00000000e+00,1.95262762e-03,0
39,47,6.31683736e-04,0.00000000e+00,0.00000000e+00,6.31683736e-04,0
39,48,1.03220594e-04,0.00000000e+00,0.00000000e+00,1.03220594e-04,0
39,49,2.61190557e-04,0.00000000e+00,0.00000000e+00,-2.61190557e-04,0
39,50,2.21143304e-03,0.00000000e+00,0.00000000e+00,2.21143304e-03,0
39,51,8.18865210e-04,0.00000000e+00,0.00000000e+00,8.18865210e-04,0
39,52,9.33320390e-05,0.00000000e+00,0.00000000e+00,-9.33320390e-05,0
39,53,6.25703091e-04,0.00000000e+00,0.00000000e+00,6.25703091e-04,0
39,54,8.80833844e-04,0.00000000e+00,0.00000000e+00,-8.80833844e-04,0
39,55,2.70491820e-04,0.00000000e+00,0.00000000e+00,2.70491820e-04,0
39,56,1.50037446e-03,0.00000000e+00,0.00000000e+00,-1.50037446e-03,0
39,57,2.38072395e-04,0.00000000e+00,0.00000000e+00,-2.38072395e-04,0
39,58,6.82565878e-04,0.00000000e+00,0.00000000e+00,-6.82565878e-04,0
39,59,1.02816744e-03,0.00000000e+00,0.00000000e+00,-1.02816744e-03,0
39,60,3.64701375e-04,0.00000000e+00,0.00000000e+00,-3.64701375e-04,0
39,61,1.00824774e-03,0.00000000e+00,0.00000000e+00,-1.00824774e-03,0
39,62,6.04722794e-04,0.00000000e+00,0.00000000e+00,-6.04722794e-04,0
39,63,5.59280012e-04,0.00000000e+00,0.00000000e+00,5.59280012e-04,0
40,0,4.44139853e-04,0.00000000e+00,0.00000000e+00,-4.44139853e-04,0
40,1,6.64925600e-04,0.00000000e+00,0.00000000e+00,6.64925600e-04,0
40,2,6.10632174e-04,0.00000000e+00,0.00000000e+00,-6.10632174e-04,0
40,3,7.03986332e-05,0.00000000e+00,0.00000000e+00,-7.03986332e-05,0
40,4,6.31059684e-04,0.00000000e+00,0.00000000e+00,-6.31059684e-04,0
40,5,7.96014971e-04,0.00000000e+00,0.00000000e+00,-7.96014971e-04,0
40,6,8.38992983e-04,0.00000000e+00,0.00000000e+00,8.38992983e-04,0
40,7,1.80547072e-03,0.00000000e+00,0.00000000e+00,-1.80547072e-03,0
40,8,4.21842488e-05,0.00000000e+00,0.00000000e+00,4.21842488e-05,0
40,9,7.46059819e-04,0.00000000e+00,0.00000000e+00,-7.46059819e-04,0
40,10,8.72319667e-04,0.00000000e+00,0.00000000e+00,8.72319667e-04,0
40,11,1.17576102e-03,0.00000000e+00,0.00000000e+00,-1.17576102e-03,0
40,12,1.38598612e-03,0.00000000e+00,0.00000000e+00,-1.38598612e-03,0
40,13,5.07789348e-05,0.00000000e+00,0.00000000e+00,-5.07789348e-05,0
40,14,8.81221773e-04,0.00000000e+00,0.00000000e+00,8.81221773e-04,0
40,15,2.16719450e-03,0.00000000e+00,0.00000000e+00,2.16719450e-03,0
40,16,2.13230912e-03,0.00000000e+00,0.00000000e+00,-2.13230912e-03,0
40,17,6.88320779e-04,0.00000000e+00,0.00000000e+00,6.88320779e-04,0
40,18,1.60076332e-03,0.00000000e+00,0.00000000e+00,-1.60076332e-03,0
40,19,8.46503929e-05,0.00000000e+00,0.00000000e+00,-8.46503929e-05,0
40,20,5.69205198e-04,0.00000000e+00,0.00000000e+00,-5.69205198e-04,0
40,21,2.26920460e-04,0.00000000e+00,0.00000000e+00,-2.26920460e-04,0
40,22,1.79118090e-03,0.00000000e+00,0.00000000e+00,-1.79118090e-03,0
40,23,5.79373887e-04,0.00000000e+00,0.00000000e+00,5.79373887e-04,0
40,24,2.45272481e-03,0.00000000e+00,0.00000000e+00,-2.45272481e-03,0
40,25,5.32211861e-04,0.00000000e+00,0.00000000e+00,5.32211861e-04,0
40,26,2.60325791e-03,0.00000000e+00,0.00000000e+00,-2.60325791e-03,0
40,27,4.65521644e-04,0.00000000e+00,0.00000000e+00,-4.65521644e-04,0
40,28,4.90572304e-04,0.00000000e+00,0.00000000e+00,-4.90572304e-04,0
40,29,1.27856692e-03,0.00000000e+00,0.00000000e+00,-1.27856692e-03,0
40,30,5.23956684e-04,0.00000000e+00,0.00000000e+00,5.23956684e-04,0
40,31,2.18721019e-03,0.00000000e+00,0.00000000e+00,-2.18721019e-03,0
40,32,1.01939530e-03,0.00000000e+00,0.00000000e+00,1.01939530e-03,0
40,33,2.18721019e-03,0.00000000e+00,0.00000000e+00,-2.18721019e-03,0
40,34,5.23956684e-04,0.00000000e+00,0.00000000e+00,5.23956684e-04,0
40,35,1.27856692e-03,0.00000000e+00,0.00000000e+00,-1.27856692e-03,0
40,36,4.90572304e-04,0.00000000e+00,0.00000000e+00,-4.90572304e-04,0
40,37,4.65521644e-04,0.00000000e+00,0.00000000e+00,-4.65521644e-04,0
40,38,2.60325791e-03,0.00000000e+00,0.00000000e+00,-2.60325791e-03,0
40,39,5.32211861e-04,0.00000000e+00,0.00000000e+00,5.32211861e-04,0
40,40,2.45272481e-03,0.00000000e+00,0.00000000e+00,-2.45272481e-03,0
40,41,5.79373887e-04,0.00000000e+00,0.00000000e+00,5.79373887e-04,0
40,42,1.79118090e-03,0.00000000e+00,0.00000000e+00,-1.79118090e-03,0
40,43,2.26920460e-04,0.00000000e+00,0.00000000e+00,-2.26920460e-04,0
40,44,5.69205198e-04,0.00000000e+00,0.00000000e+00,-5.69205198e-04,0
40,45,8.46503929e-05,0.00000000e+00,0.00000000e+00,-8.46503929e-05,0
40,46,1.60076332e-03,0.00000000e+00,0.00000000e+00,-1.60076332e-03,0
40,47,6.88320779e-04,0.00000000e+00,0.00000000e+00,6.88320779e-04,0
40,48,2.13230912e-03,0.00000000e+00,0.00000000e+00,-2.13230912e-03,0
40,49,2.16719450e-03,0.00000000e+00,0.00000000e+00,2.16719450e-03,0
40,50,8.81221773e-04,0.00000000e+00,0.00000000e+00,8.81221773e-04,0
40,51,5.07789348e-05,0.00000000e+00,0.00000000e+00,-5.07789348e-05,0
40,52,1.38598612e-03,0.00000000e+00,0.00000000e+00,-1.38598612e-03,0
40,53,1.17576102e-03,0.00000000e+00,0.00000000e+00,-1.17576102e-03,0
40,54,8.72319667e-04,0.00000000e+00,0.00000000e+00,8.72319667e-04,0
40,55,7.46059819e-04,0.00000000e+00,0.00000000e+00,-7.46059819e-04,0
40,56,4.21842488e-05,0.00000000e+00,0.00000000e+00,4.21842488e-05,0
40,57,1.80547072e-03,0.00000000e+00,0.00000000e+00,-1.80547072e-03,0
40,58,8.38992983e-04,0.00000000e+00,0.00000000e+00,8.38992983e-04,0
40,59,7.96014971e-04,0.00000000e+00,0.00000000e+00,-7.96014971e-04,0
40,60,6.31059684e-04,0.00000000e+00,0.00000000e+00,-6.31059684e-04,0
40,61,7.03986332e-05,0.00000000e+00,0.00000000e+00,-7.03986332e-05,0
40,62,6.10632174e-04,0.00000000e+00,0.00000000e+00,-6.10632174e-04,0
40,63,6.64925600e-04,0.00000000e+00,0.00000000e+00,6.64925600e-04,0
41,0,1.13062091e-03,0.00000000e+00,0.00000000e+00,1.13062091e-03,0
41,1,5.64938084e-04,0.00000000e+00,0.00000000e+00,5.64938084e-04,0
41,2,1.67808475e-03,0.00000000e+00,0.00000000e+00,-1.67808475e-03,0
41,3,1.36104408e-03,0.00000000e+00,0.00000000e+00,-1.36104408e-03,0
41,4,4.76504985e-04,0.00000000e+00,0.00000000e+00,4.76504985e-04,0
41,5,1.60530688e-03,0.00000000e+00,0.00000000e+00,-1.60530688e-03,0
41,6,1.74153854e-04,0.00000000e+00,0.00000000e+00,1.74153854e-04,0
41,7,5.51605636e-04,0.00000000e+00,0.00000000e+00,5.51605636e-04,0
41,8,9.51079486e-04,0.00000000e+00,0.00000000e+00,-9.51079486e-04,0
41,9,7.94360059e-04,0.00000000e+00,0.00000000e+00,7.94360059e-04,0
41,10,2.08588520e-03,0.00000000e+00,0.00000000e+00,-2.08588520e-03,0
41,11,7.01037001e-04,0.00000000e+00,0.00000000e+00,7.01037001e-04,0
41,12,1.05307281e-03,0.00000000e+00,0.00000000e+00,1.05307281e-03,0
41,13,6.14638683e-04,0.00000000e+00,0.00000000e+00,6.14638683e-04,0
41,14,1.06610193e-04,0.00000000e+00,0.00000000e+00,1.06610193e-04,0
41,15,8.59642769e-04,0.00000000e+00,0.00000000e+00,8.59642769e-04,0
41,16,1.20063130e-04,0.00000000e+00,0.00000000e+00,1.20063130e-04,0
41,17,5.27907067e-04,0.00000000e+00,0.00000000e+00,5.27907067e-04,0
41,18,1.69504310e-03,0.00000000e+00,0.00000000e+00,1.69504310e-03,0
41,19,5.02220875e-04,0.00000000e+00,0.00000000e+00,-5.02220875e-04,0
41,20,1.74070304e-03,0.00000000e+00,0.00000000e+00,1.74070304e-03,0
41,21,8.62328717e-05,0.00000000e+00,0.00000000e+00,8.62328717e-05,0
41,22,1.19895674e-04,0.00000000e+00,0.00000000e+00,-1.19895674e-04,0
41,23,8.14024929e-04,0.00000000e+00,0.00000000e+00,8.14024929e-04,0
41,24,5.79373887e-04,0.00000000e+00,0.00000000e+00,5.79373887e-04,0
41,25,1.01248995e-03,0.00000000e+00,0.00000000e+00,1.01248995e-03,0
41,26,5.26048522e-04,0.00000000e+00,0.00000000e+00,5.26048522e-04,0
41,27,2.57201241e-04,0.00000000e+00,0.00000000e+00,-2.57201241e-04,0
41,28,1.26214387e-04,0.00000000e+00,0.00000000e+00,-1.26214387e-04,0
41,29,4.90781181e-04,0.00000000e+00,0.00000000e+00,-4.90781181e-04,0
41,30,1.42618278e-03,0.00000000e+00,0.00000000e+00,-1.42618278e-03,0
41,31,1.47000134e-04,0.00000000e+00,0.00000000e+00,-1.47000134e-04,0
41,32,1.75320251e-03,0.00000000e+00,0.00000000e+00,-1.75320251e-03,0
41,33,1.47000134e-04,0.00000000e+00,0.00000000e+00,-1.47000134e-04,0
41,34,1.42618278e-03,0.00000000e+00,0.00000000e+00,-1.42618278e-03,0
41,35,4.90781181e-04,0.00000000e+00,0.00000000e+00,-4.90781181e-04,0
41,36,1.26214387e-04,0.00000000e+00,0.00000000e+00,-1.26214387e-04,0
41,37,2.57201241e-04,0.00000000e+00,0.00000000e+00,-2.57201241e-04,0
41,38,5.26048522e-04,0.00000000e+00,0.00000000e+00,5.26048522e-04,0
41,39,1.01248995e-03,0.00000000e+00,0.00000000e+00,1.01248995e-03,0
41,40,5.79373887e-04,0.00000000e+00,0.00000000e+00,5.79373887e-04,0
41,41,8.14024929e-04,0.00000000e+00,0.00000000e+00,8.14024929e-04,0
41,42,1.19895674e-04,0.00000000e+00,0.00000000e+00,-1.19895674e-04,0
41,43,8.62328717e-05,0.00000000e+00,0.00000000e+00,8.62328717e-05,0
41,44,1.74070304e-03,0.00000000e+00,0.00000000e+00,1.74070304e-03,0
41,45,5.02220875e-04,0.00000000e+00,0.00000000e+00,-5.02220875e-04,0
41,46,1.69504310e-03,0.00000000e+00,0.00000000e+00,1.69504310e-03,0
41,47,5.27907067e-04,0.00000000e+00,0.00000000e+00,5.27907067e-04,0
41,48,1.20063130e-04,0.00000000e+00,0.00000000e+00,1.20063130e-04,0
41,49,8.59642769e-04,0.00000000e+00,0.00000000e+00,8.59642769e-04,0
41,50,1.06610193e-04,0.00000000e+00,0.00000000e+00,1.06610193e-04,0
41,51,6.14638683e-04,0.00000000e+00,0.00000000e+00,6.14638683e-04,0
41,52,1.05307281e-03,0.00000000e+00,0.00000000e+00,1.05307281e-03,0
41,53,7.01037001e-04,0.00000000e+00,0.00000000e+00,7.01037001e-04,0
41,54,2.08588520e-03,0.00000000e+00,0.00000000e+00,-2.08588520e-03,0
41,55,7.94360059e-04,0.00000000e+00,0.00000000e+00,7.94360059e-04,0
41,56,9.51079486e-04,0.00000000e+00,0.00000000e+00,-9.51079486e-04,0
41,57,5.51605636e-04,0.00000000e+00,0.00000000e+00,5.51605636e-04,0
41,58,1.74153854e-04,0.00000000e+00,0.00000000e+00,1.74153854e-04,0
41,59,1.60530688e-03,0.00000000e+00,0.00000000e+00,-1.60530688e-03,0
41,60,4.76504985e-04,0.00000000e+00,0.00000000e+00,4.76504985e-04,0
41,61,1.36104408e-03,0.00000000e+00,0.00000000e+00,-1.36104408e-03,0
41,62,1.67808475e-03,0.00000000e+00,0.00000000e+00,-1.67808475e-03,0
41,63,5.64938084e-04,0.00000000e+00,0.00000000e+00,5.64938084e-04,0
42,0,7.25075522e-06,0.00000000e+00,0.00000000e+00,7.25075522e-06,0
42,1,7.22282862e-05,0.00000000e+00,0.00000000e+00,7.22282862e-05,0
42,2,4.24535725e-04,0.00000000e+00,0.00000000e+00,-4.24535725e-04,0
42,3,5.22423330e-04,0.00000000e+00,0.00000000e+00,5.22423330e-04,0
42,4,9.56106355e-04,0.00000000e+00,0.00000000e+00,-9.56106355e-04,0
42,5,1.70688188e-03,0.00000000e+00,0.00000000e+00,-1.70688188e-03,0
42,6,9.44125105e-05,0.00000000e+00,0.00000000e+00,9.44125105e-05,0
42,7,7.07559045e-04,0.00000000e+00,0.00000000e+00,7.07559045e-04,0
42,8,9.41739455e-04,0.00000000e+00,0.00000000e+00,9.41739455e-04,0
42,9,4.66428793e-04,0.00000000e+00,0.00000000e+00,-4.66428793e-04,0
42,10,7.11228252e-04,0.00000000e+00,0.00000000e+00,7.11228252e-04,0
42,11,1.68019073e-03,0.00000000e+00,0.00000000e+00,-1.68019073e-03,0
42,12,1.37315210e-03,0.00000000e+00,0.00000000e+00,-1.37315210e-03,0
42,13,1.33276652e-03,0.00000000e+00,0.00000000e+00,-1.33276652e-03,0
42,14,3.52173128e-04,0.00000000e+00,0.00000000e+00,3.52173128e-04,0
42,15,1.22025920e-03,0.00000000e+00,0.00000000e+00,1.22025920e-03,0
42,16,1.03357418e-03,0.00000000e+00,0.00000000e+00,-1.03357418e-03,0
42,17,1.08225133e-04,0.00000000e+00,0.00000000e+00,-1.08225133e-04,0
42,18,3.78088580e-04,0.00000000e+00,0.00000000e+00,-3.78088580e-04,0
42,19,2.20418288e-03,0.00000000e+00,0.00000000e+00,-2.20418288e-03,0
42,20,4.48570012e-04,0.00000000e+00,0.00000000e+00,-4.48570012e-04,0
42,21,2.46717812e-04,0.00000000e+00,0.00000000e+00,-2.46717812e-04,0
42,22,1.37753622e-03,0.00000000e+00,0.00000000e+00,-1.37753622e-03,0
42,23,1.19895674e-04,0.00000000e+00,0.00000000e+00,-1.19895674e-04,0
42,24,1.79118090e-03,0.00000000e+00,0.00000000e+00,-1.79118090e-03,0
42,25,6.66408903e-06,0.00000000e+00,0.00000000e+00,6.66408903e-06,0
42,26,6.92870797e-04,0.00000000e+00,0.00000000e+00,-6.92870797e-04,0
42,27,2.44544152e-04,0.00000000e+00,0.00000000e+00,-2.44544152e-04,0
42,28,2.08361614e-04,0.00000000e+00,0.00000000e+00,-2.08361614e-04,0
42,29,1.21561845e-03,0.00000000e+00,0.00000000e+00,-1.21561845e-03,0
42,30,4.63635301e-04,0.00000000e+00,0.00000000e+00,-4.63635301e-04,0
42,31,1.37276875e-03,0.00000000e+00,0.00000000e+00,-1.37276875e-03,0
42,32,2.50988361e-04,0.00000000e+00,0.00000000e+00,-2.50988361e-04,0
42,33,1.37276875e-03,0.00000000e+00,0.00000000e+00,-1.37276875e-03,0
42,34,4.63635301e-04,0.00000000e+00,0.00000000e+00,-4.63635301e-04,0
42,35,1.21561845e-03,0.00000000e+00,0.00000000e+00,-1.21561845e-03,0
42,36,2.08361614e-04,0.00000000e+00,0.00000000e+00,-2.08361614e-04,0
42,37,2.44544152e-04,0.00000000e+00,0.00000000e+00,-2.44544152e-04,0
42,38,6.92870797e-04,0.00000000e+00,0.00000000e+00,-6.92870797e-04,0
42,39,6.66408903e-06,0.00000000e+00,0.00000000e+00,6.66408903e-06,0
42,40,1.79118090e-03,0.00000000e+00,0.00000000e+00,-1.79118090e-03,0
42,41,1.19895674e-04,0.00000000e+00,0.00000000e+00,-1.19895674e-04,0
42,42,1.37753622e-03,0.00000000e+00,0.00000000e+00,-1.37753622e-03,0
42,43,2.46717812e-04,0.00000000e+00,0.00000000e+00,-2.46717812e-04,0
42,44,4.48570012e-04,0.00000000e+00,0.00000000e+00,-4.48570012e-04,0
42,45,2.20418288e-03,0.00000000e+00,0.00000000e+00,-2.20418288e-03,0
42,46,3.78088580e-04,0.00000000e+00,0.00000000e+00,-3.78088580e-04,0
42,47,1.08225133e-04,0.00000000e+00,0.00000000e+00,-1.08225133e-04,0
42,48,1.03357418e-03,0.00000000e+00,0.00000000e+00,-1.03357418e-03,0
42,49,1.22025920e-03,0.00000000e+00,0.00000000e+00,1.22025920e-03,0
42,50,3.52173128e-04,0.00000000e+00,0.00000000e+00,3.52173128e-04,0
42,51,1.33276652e-03,0.00000000e+00,0.00000000e+00,-1.33276652e-03,0
42,52,1.37315210e-03,0.00000000e+00,0.00000000e+00,-1.37315210e-03,0
42,53,1.68019073e-03,0.00000000e+00,0.00000000e+00,-1.68019073e-03,0
42,54,7.11228252e-04,0.00000000e+00,0.00000000e+00,7.11228252e-04,0
42,55,4.66428793e-04,0.00000000e+00,0.00000000e+00,-4.66428793e-04,0
42,56,9.41739455e-04,0.00000000e+00,0.00000000e+00,9.41739455e-04,0
42,57,7.07559045e-04,0.00000000e+00,0.00000000e+00,7.07559045e-04,0
42,58,9.44125105e-05,0.00000000e+00,0.00000000e+00,9.44125105e-05,0
42,59,1.70688188e-03,0.00000000e+00,0.00000000e+00,-1.70688188e-03,0
42,60,9.56106355e-04,0.00000000e+00,0.00000000e+00,-9.56106355e-04,0
42,61,5.22423330e-04,0.00000000e+00,0.00000000e+00,5.22423330e-04,0
42,62,4.24535725e-04,0.00000000e+00,0.00000000e+00,-4.24535725e-04,0
42,63,7.22282862e-05,0.00000000e+00,0.00000000e+00,7.22282862e-05,0
43,0,1.78824091e-03,0.00000000e+00,0.00000000e+00,-1.78824091e-03,0
43,1,4.96012030e-04,0.00000000e+00,0.00000000e+00,-4.96012030e-04,0
43,2,1.29674063e-04,0.00000000e+00,0.00000000e+00,1.29674063e-04,0
43,3,2.88367402e-05,0.00000000e+00,0.00000000e+00,-2.88367402e-05,0
43,4,6.99575301e-04,0.00000000e+00,0.00000000e+00,-6.99575301e-04,0
43,5,1.26148838e-03,0.00000000e+00,0.00000000e+00,-1.26148838e-03,0
43,6,8.68466231e-04,0.00000000e+00,0.00000000e+00,8.68466231e-04,0
43,7,6.61255945e-04,0.00000000e+00,0.00000000e+00,6.61255945e-04,0
43,8,1.81466775e-04,0.00000000e+00,0.00000000e+00,1.81466775e-04,0
43,9,3.79959597e-04,0.00000000e+00,0.00000000e+00,3.79959597e-04,0
43,10,1.25411337e-03,0.00000000e+00,0.00000000e+00,-1.25411337e-03,0
43,11,2.48347485e-04,0.00000000e+00,0.00000000e+00,2.48347485e-04,0
43,12,1.88993033e-03,0.00000000e+00,0.00000000e+00,1.88993033e-03,0
43,13,5.05923467e-04,0.00000000e+00,0.00000000e+00,5.05923467e-04,0
43,14,5.82070937e-04,0.00000000e+00,0.00000000e+00,-5.82070937e-04,0
43,15,1.21580261e-03,0.00000000e+00,0.00000000e+00,1.21580261e-03,0
43,16,3.59539555e-06,0.00000000e+00,0.00000000e+00,3.59539555e-06,0
43,17,1.47767840e-04,0.00000000e+00,0.00000000e+00,1.47767840e-04,0
43,18,1.79414656e-03,0.00000000e+00,0.00000000e+00,1.79414656e-03,0
43,19,6.70907360e-04,0.00000000e+00,0.00000000e+00,-6.70907360e-04,0
43,20,8.22272586e-04,0.00000000e+00,0.00000000e+00,-8.22272586e-04,0
43,21,2.11679964e-04,0.00000000e+00,0.00000000e+00,-2.11679964e-04,0
43,22,2.46717812e-04,0.00000000e+00,0.00000000e+00,-2.46717812e-04,0
43,23,8.62328717e-05,0.00000000e+00,0.00000000e+00,8.62328717e-05,0
43,24,2.26920460e-04,0.00000000e+00,0.00000000e+00,-2.26920460e-04,0
43,25,8.08732527e-04,0.00000000e+00,0.00000000e+00,-8.08732527e-04,0
43,26,3.60533068e-05,0.00000000e+00,0.00000000e+00,-3.60533068e-05,0
43,27,7.90117222e-05,0.00000000e+00,0.00000000e+00,-7.90117222e-05,0
43,28,1.62897202e-04,0.00000000e+00,0.00000000e+00,1.62897202e-04,0
43,29,2.84836555e-04,0.00000000e+00,0.00000000e+00,-2.84836555e-04,0
43,30,4.80505624e-06,0.00000000e+00,0.00000000e+00,-4.80505624e-06,0
43,31,3.47831051e-04,0.00000000e+00,0.00000000e+00,3.47831051e-04,0
43,32,4.13766346e-04,0.00000000e+00,0.00000000e+00,4.13766346e-04,0
43,33,3.47831051e-04,0.00000000e+00,0.00000000e+00,3.47831051e-04,0
43,34,4.80505624e-06,0.00000000e+00,0.00000000e+00,-4.80505624e-06,0
43,35,2.84836555e-04,0.00000000e+00,0.00000000e+00,-2.84836555e-04,0
43,36,1.62897202e-04,0.00000000e+00,0.00000000e+00,1.62897202e-04,0
43,37,7.90117222e-05,0.00000000e+00,0.00000000e+00,-7.90117222e-05,0
43,38,3.60533068e-05,0.00000000e+00,0.00000000e+00,-3.60533068e-05,0
43,39,8.08732527e-04,0.00000000e+00,0.00000000e+00,-8.08732527e-04,0
43,40,2.26920460e-04,0.00000000e+00,0.00000000e+00,-2.26920460e-04,0
43,41,8.62328717e-05,0.00000000e+00,0.00000000e+00,8.62328717e-05,0
43,42,2.46717812e-04,0.00000000e+00,0.00000000e+00,-2.46717812e-04,0
43,43,2.11679964e-04,0.00000000e+00,0.00000000e+00,-2.11679964e-04,0
43,44,8.22272586e-04,0.00000000e+00,0.00000000e+00,-8.22272586e-04,0
43,45,6.70907360e-04,0.00000000e+00,0.00000000e+00,-6.70907360e-04,0
43,46,1.79414656e-03,0.00000000e+00,0.00000000e+00,1.79414656e-03,0
43,47,1.47767840e-04,0.00000000e+00,0.00000000e+00,1.47767840e-04,0
43,48,3.59539555e-06,0.00000000e+00,0.00000000e+00,3.59539555e-06,0
43,49,1.21580261e-03,0.00000000e+00,0.00000000e+00,1.21580261e-03,0
43,50,5.82070937e-04,0.00000000e+00,0.00000000e+00,-5.82070937e-04,0
43,51,5.05923467e-04,0.00000000e+00,0.00000000e+00,5.05923467e-04,0
43,52,1.88993033e-03,0.00000000e+00,0.00000000e+00,1.88993033e-03,0
43,53,2.48347485e-04,0.00000000e+00,0.00000000e+00,2.48347485e-04,0
43,54,1.25411337e-03,0.00000000e+00,0.00000000e+00,-1.25411337e-03,0
43,55,3.79959597e-04,0.00000000e+00,0.00000000e+00,3.79959597e-04,0
43,56,1.81466775e-04,0.00000000e+00,0.00000000e+00,1.81466775e-04,0
43,57,6.61255945e-04,0.00000000e+00,0.00000000e+00,6.61255945e-04,0
43,58,8.68466231e-04,0.00000000e+00,0.00000000e+00,8.68466231e-04,0
43,59,1.26148838e-03,0.00000000e+00,0.00000000e+00,-1.26148838e-03,0
43,60,6.99575301e-04,0.00000000e+00,0.00000000e+00,-6.99575301e-04,0
43,61,2.88367402e-05,0.00000000e+00,0.00000000e+00,-2.88367402e-05,0
43,62,1.29674063e-04,0.00000000e+00,0.00000000e+00,1.29674063e-04,0
43,63,4.96012030e-04,0.00000000e+00,0.00000000e+00,-4.96012030e-04,0
44,0,7.66120744e-04,0.00000000e+00,0.00000000e+00,-7.66120744e-04,0
44,1,4.07323977e-04,0.00000000e+00,0.00000000e+00,4.07323977e-04,0
44,2,9.17834700e-04,0.00000000e+00,0.00000000e+00,-9.17834700e-04,0
44,3,1.16055355e-03,0.00000000e+00,0.00000000e+00,-1.16055355e-03,0
44,4,4.65003316e-04,0.00000000e+00,0.00000000e+00,4.65003316e-04,0
44,5,9.49445324e-05,0.00000000e+00,0.00000000e+00,-9.49445324e-05,0
44,6,8.84386841e-04,0.00000000e+00,0.00000000e+00,-8.84386841e-04,0
44,7,3.49444305e-05,0.00000000e+00,0.00000000e+00,3.49444305e-05,0
44,8,1.61129763e-03,0.00000000e+00,0.00000000e+00,1.61129763e-03,0
44,9,8.95210899e-04,0.00000000e+00,0.00000000e+00,-8.95210899e-04,0
44,10,4.28771298e-04,0.00000000e+00,0.00000000e+00,-4.28771298e-04,0
44,11,3.17232054e-04,0.00000000e+00,0.00000000e+00,-3.17232054e-04,0
44,12,1.12190694e-03,0.00000000e+00,0.00000000e+00,1.12190694e-03,0
44,13,9.61269927e-04,0.00000000e+00,0.00000000e+00,9.61269927e-04,0
44,14,7.10602884e-04,0.00000000e+00,0.00000000e+00,-7.10602884e-04,0
44,15,8.01548393e-04,0.00000000e+00,0.00000000e+00,8.01548393e-04,0
44,16,1.17567474e-04,0.00000000e+00,0.00000000e+00,1.17567474e-04,0
44,17,3.56698635e-04,0.00000000e+00,0.00000000e+00,-3.56698635e-04,0
44,18,3.38097833e-05,0.00000000e+00,0.00000000e+00,-3.38097833e-05,0
44,19,4.34234772e-04,0.00000000e+00,0.00000000e+00,-4.34234772e-04,0
44,20,4.17529954e-05,0.00000000e+00,0.00000000e+00,4.17529954e-05,0
44,21,8.22272586e-04,0.00000000e+00,0.00000000e+00,-8.22272586e-04,0
44,22,4.48570012e-04,0.00000000e+00,0.00000000e+00,-4.48570012e-04,0
44,23,1.74070304e-03,0.00000000e+00,0.00000000e+00,1.74070304e-03,0
44,24,5.69205198e-04,0.00000000e+00,0.00000000e+00,-5.69205198e-04,0
44,25,8.22233129e-04,0.00000000e+00,0.00000000e+00,8.22233129e-04,0
44,26,1.02802179e-03,0.00000000e+00,0.00000000e+00,-1.02802179e-03,0
44,27,3.59914504e-04,0.00000000e+00,0.00000000e+00,3.59914504e-04,0
44,28,2.59583888e-04,0.00000000e+00,0.00000000e+00,-2.59583888e-04,0
44,29,6.76761986e-04,0.00000000e+00,0.00000000e+00,-6.76761986e-04,0
44,30,3.78182927e-04,0.00000000e+00,0.00000000e+00,-3.78182927e-04,0
44,31,8.21547683e-04,0.00000000e+00,0.00000000e+00,-8.21547683e-04,0
44,32,3.02265192e-04,0.00000000e+00,0.00000000e+00,-3.02265192e-04,0
44,33,8.21547683e-04,0.00000000e+00,0.00000000e+00,-8.21547683e-04,0
44,34,3.78182927e-04,0.00000000e+00,0.00000000e+00,-3.78182927e-04,0
44,35,6.76761986e-04,0.00000000e+00,0.00000000e+00,-6.76761986e-04,0
44,36,2.59583888e-04,0.00000000e+00,0.00000000e+00,-2.59583888e-04,0
44,37,3.59914504e-04,0.00000000e+00,0.00000000e+00,3.59914504e-04,0
44,38,1.02802179e-03,0.00000000e+00,0.00000000e+00,-1.02802179e-03,0
44,39,8.22233129e-04,0.00000000e+00,0.00000000e+00,8.22233129e-04,0
44,40,5.69205198e-04,0.00000000e+00,0.00000000e+00,-5.69205198e-04,0
44,41,1.74070304e-03,0.00000000e+00,0.00000000e+00,1.74070304e-03,0
44,42,4.48570012e-04,0.00000000e+00,0.00000000e+00,-4.48570012e-04,0
44,43,8.22272586e-04,0.00000000e+00,0.00000000e+00,-8.22272586e-04,0
44,44,4.17529954e-05,0.00000000e+00,0.00000000e+00,4.17529954e-05,0
44,45,4.34234772e-04,0.00000000e+00,0.00000000e+00,-4.34234772e-04,0
44,46,3.38097833e-05,0.00000000e+00,0.00000000e+00,-3.38097833e-05,0
44,47,3.56698635e-04,0.00000000e+00,0.00000000e+00,-3.56698635e-04,0
44,48,1.17567474e-04,0.00000000e+00,0.00000000e+00,1.17567474e-04,0
44,49,8.01548393e-04,0.00000000e+00,0.00000000e+00,8.01548393e-04,0
44,50,7.10602884e-04,0.00000000e+00,0.00000000e+00,-7.10602884e-04,0
44,51,9.61269927e-04,0.00000000e+00,0.00000000e+00,9.61269927e-04,0
44,52,1.12190694e-03,0.00000000e+00,0.00000000e+00,1.12190694e-03,0
44,53,3.17232054e-04,0.00000000e+00,0.00000000e+00,-3.17232054e-04,0
44,54,4.28771298e-04,0.00000000e+00,0.00000000e+00,-4.28771298e-04,0
44,55,8.95210899e-04,0.00000000e+00,0.00000000e+00,-8.95210899e-04,0
44,56,1.61129763e-03,0.00000000e+00,0.00000000e+00,1.61129763e-03,0
44,57,3.49444305e-05,0.00000000e+00,0.00000000e+00,3.49444305e-05,0
44,58,8.84386841e-04,0.00000000e+00,0.00000000e+00,-8.84386841e-04,0
44,59,9.49445324e-05,0.00000000e+00,0.00000000e+00,-9.49445324e-05,0
44,60,4.65003316e-04,0.00000000e+00,0.00000000e+00,4.65003316e-04,0
44,61,1.16055355e-03,0.00000000e+00,0.00000000e+00,-1.16055355e-03,0
44,62,9.17834700e-04,0.00000000e+00,0.00000000e+00,-9.17834700e-04,0
44,63,4.07323977e-04,0.00000000e+00,0.00000000e+00,4.07323977e-04,0
45,0,1.33822377e-03,0.00000000e+00,0.00000000e+00,-1.33822377e-03,0
45,1,6.55594633e-04,0.00000000e+00,0.00000000e+00,-6.55594633e-04,0
45,2,1.07182248e-03,0.00000000e+00,0.00000000e+00,-1.07182248e-03,0
45,3,5.40737865e-04,0.00000000e+00,0.00000000e+00,-5.40737865e-04,0
45,4,1.35719198e-03,0.00000000e+00,0.00000000e+00,1.35719198e-03,0
45,5,1.39856062e-03,0.00000000e+00,0.00000000e+00,1.39856062e-03,0
45,6,8.91087256e-04,0.00000000e+00,0.00000000e+00,8.91087256e-04,0
45,7,4.19075383e-05,0.00000000e+00,0.00000000e+00,4.19075383e-05,0
45,8,1.41009252e-03,0.00000000e+00,0.00000000e+00,-1.41009252e-03,0
45,9,4.29112547e-04,0.00000000e+00,0.00000000e+00,-4.29112547e-04,0
45,10,2.50561681e-03,0.00000000e+00,0.00000000e+00,2.50561681e-03,0
45,11,4.44589055e-05,0.00000000e+00,0.00000000e+00,-4.44589055e-05,0
45,12,2.26478485e-03,0.00000000e+00,0.00000000e+00,-2.26478485e-03,0
45,13,4.65678196e-04,0.00000000e+00,0.00000000e+00,-4.65678196e-04,0
45,14,1.47078672e-03,0.00000000e+00,0.00000000e+00,1.47078672e-03,0
45,15,5.55860595e-04,0.00000000e+00,0.00000000e+00,-5.55860595e-04,0
45,16,6.77984351e-04,0.00000000e+00,0.00000000e+00,-6.77984351e-04,0
45,17,7.51412855e-04,0.00000000e+00,0.00000000e+00,-7.51412855e-04,0
45,18,1.42695969e-04,0.00000000e+00,0.00000000e+00,1.42695969e-04,0
45,19,1.36061608e-04,0.00000000e+00,0.00000000e+00,-1.36061608e-04,0
45,20,4.34234772e-04,0.00000000e+00,0.00000000e+00,-4.34234772e-04,0
45,21,6.70907360e-04,0.00000000e+00,0.00000000e+00,-6.70907360e-04,0
45,22,2.20418288e-03,0.00000000e+00,0.00000000e+00,-2.20418288e-03,0
45,23,5.02220875e-04,0.00000000e+00,0.00000000e+00,-5.02220875e-04,0
45,24,8.46503929e-05,0.00000000e+00,0.00000000e+00,-8.46503929e-05,0
45,25,3.13307410e-04,0.00000000e+00,0.00000000e+00,-3.13307410e-04,0
45,26,1.24913985e-04,0.00000000e+00,0.00000000e+00,-1.24913985e-04,0
45,27,6.06174707e-05,0.00000000e+00,0.00000000e+00,-6.06174707e-05,0
45,28,5.36960707e-04,0.00000000e+00,0.00000000e+00,5.36960707e-04,0
45,29,1.83192537e-04,0.00000000e+00,0.00000000e+00,1.83192537e-04,0
45,30,9.89103115e-04,0.00000000e+00,0.00000000e+00,9.89103115e-04,0
45,31,1.04032750e-04,0.00000000e+00,0.00000000e+00,-1.04032750e-04,0
45,32,7.94705449e-04,0.00000000e+00,0.00000000e+00,7.94705449e-04,0
45,33,1.04032750e-04,0.00000000e+00,0.00000000e+00,-1.04032750e-04,0
45,34,9.89103115e-04,0.00000000e+00,0.00000000e+00,9.89103115e-04,0
45,35,1.83192537e-04,0.00000000e+00,0.00000000e+00,1.83192537e-04,0
45,36,5.36960707e-04,0.00000000e+00,0.00000000e+00,5.36960707e-04,0
45,37,6.06174707e-05,0.00000000e+00,0.00000000e+00,-6.06174707e-05,0
45,38,1.24913985e-04,0.00000000e+00,0.00000000e+00,-1.24913985e-04,0
45,39,3.13307410e-04,0.00000000e+00,0.00000000e+00,-3.13307410e-04,0
45,40,8.46503929e-05,0.00000000e+00,0.00000000e+00,-8.46503929e-05,0
45,41,5.02220875e-04,0.00000000e+00,0.00000000e+00,-5.02220875e-04,0
45,42,2.20418288e-03,0.00000000e+00,0.00000000e+00,-2.20418288e-03,0
45,43,6.70907360e-04,0.00000000e+00,0.00000000e+00,-6.70907360e-04,0
45,44,4.34234772e-04,0.00000000e+00,0.00000000e+00,-4.34234772e-04,0
45,45,1.36061608e-04,0.00000000e+00,0.00000000e+00,-1.36061608e-04,0
45,46,1.42695969e-04,0.00000000e+00,0.00000000e+00,1.42695969e-04,0
45,47,7.51412855e-04,0.00000000e+00,0.00000000e+00,-7.51412855e-04,0
45,48,6.77984351e-04,0.00000000e+00,0.00000000e+00,-6.77984351e-04,0
45,49,5.55860595e-04,0.00000000e+00,0.00000000e+00,-5.55860595e-04,0
45,50,1.47078672e-03,0.00000000e+00,0.00000000e+00,1.47078672e-03,0
45,51,4.65678196e-04,0.00000000e+00,0.00000000e+00,-4.65678196e-04,0
45,52,2.26478485e-03,0.00000000e+00,0.00000000e+00,-2.26478485e-03,0
45,53,4.44589055e-05,0.00000000e+00,0.00000000e+00,-4.44589055e-05,0
45,54,2.50561681e-03,0.00000000e+00,0.00000000e+00,2.50561681e-03,0
45,55,4.29112547e-04,0.00000000e+00,0.00000000e+00,-4.29112547e-04,0
45,56,1.41009252e-03,0.00000000e+00,0.00000000e+00,-1.41009252e-03,0
45,57,4.19075383e-05,0.00000000e+00,0.00000000e+00,4.19075383e-05,0
45,58,8.91087256e-04,0.00000000e+00,0.00000000e+00,8.91087256e-04,0
45,59,1.39856062e-03,0.00000000e+00,0.00000000e+00,1.39856062e-03,0
45,60,1.35719198e-03,0.00000000e+00,0.00000000e+00,1.35719198e-03,0
45,61,5.40737865e-04,0.00000000e+00,0.00000000e+00,-5.40737865e-04,0
45,62,1.07182248e-03,0.00000000e+00,0.00000000e+00,-1.07182248e-03,0
45,63,6.55594633e-04,0.00000000e+00,0.00000000e+00,-6.55594633e-04,0
46,0,1.37704871e-03,0.00000000e+00,0.00000000e+00,-1.37704871e-03,0
46,1,3.22488082e-06,0.00000000e+00,0.00000000e+00,-3.22488082e-06,0
46,2,4.48317356e-04,0.00000000e+00,0.00000000e+00,4.48317356e-04,0
46,3,7.96116156e-04,0.00000000e+00,0.00000000e+00,7.96116156e-04,0
46,4,4.38489446e-04,0.00000000e+00,0.00000000e+00,-4.38489446e-04,0
46,5,1.43058561e-03,0.00000000e+00,0.00000000e+00,-1.43058561e-03,0
46,6,7.29584516e-04,0.00000000e+00,0.00000000e+00,-7.29584516e-04,0
46,7,4.57867343e-04,0.00000000e+00,0.00000000e+00,-4.57867343e-04,0
46,8,1.98570380e-03,0.00000000e+00,0.00000000e+00,1.98570380e-03,0
46,9,7.36558672e-04,0.00000000e+00,0.00000000e+00,-7.36558672e-04,0
46,10,1.35285648e-03,0.00000000e+00,0.00000000e+00,1.35285648e-03,0
46,11,7.68402699e-04,0.00000000e+00,0.00000000e+00,7.68402699e-04,0
46,12,1.42608466e-03,0.00000000e+00,0.00000000e+00,-1.42608466e-03,0
46,13,9.25901589e-04,0.00000000e+00,0.00000000e+00,9.25901589e-04,0
46,14,1.14038571e-04,0.00000000e+00,0.00000000e+00,-1.14038571e-04,0
46,15,7.40706629e-04,0.00000000e+00,0.00000000e+00,7.40706629e-04,0
46,16,3.63973876e-04,0.00000000e+00,0.00000000e+00,3.63973876e-04,0
46,17,1.68610373e-03,0.00000000e+00,0.00000000e+00,1.68610373e-03,0
46,18,1.92059459e-03,0.00000000e+00,0.00000000e+00,-1.92059459e-03,0
46,19,1.42695969e-04,0.00000000e+00,0.00000000e+00,1.42695969e-04,0
46,20,3.38097833e-05,0.00000000e+00,0.00000000e+00,-3.38097833e-05,0
46,21,1.79414656e-03,0.00000000e+00,0.00000000e+00,1.79414656e-03,0
46,22,3.78088580e-04,0.00000000e+00,0.00000000e+00,-3.78088580e-04,0
46,23,1.69504310e-03,0.00000000e+00,0.00000000e+00,1.69504310e-03,0
46,24,1.60076332e-03,0.00000000e+00,0.00000000e+00,-1.60076332e-03,0
46,25,1.95262762e-03,0.00000000e+00,0.00000000e+00,1.95262762e-03,0
46,26,1.95223166e-03,0.00000000e+00,0.00000000e+00,-1.95223166e-03,0
46,27,8.70729601e-06,0.00000000e+00,0.00000000e+00,-8.70729601e-06,0
46,28,6.72479156e-04,0.00000000e+00,0.00000000e+00,-6.72479156e-04,0
46,29,4.22480878e-04,0.00000000e+00,0.00000000e+00,-4.22480878e-04,0
46,30,1.30250179e-03,0.00000000e+00,0.00000000e+00,1.30250179e-03,0
46,31,9.47063858e-04,0.00000000e+00,0.00000000e+00,-9.47063858e-04,0
46,32,1.03073120e-03,0.00000000e+00,0.00000000e+00,1.03073120e-03,0
46,33,9.47063858e-04,0.00000000e+00,0.00000000e+00,-9.47063858e-04,0
46,34,1.30250179e-03,0.00000000e+00,0.00000000e+00,1.30250179e-03,0
46,35,4.22480878e-04,0.00000000e+00,0.00000000e+00,-4.22480878e-04,0
46,36,6.72479156e-04,0.00000000e+00,0.00000000e+00,-6.72479156e-04,0
46,37,8.70729601e-06,0.00000000e+00,0.00000000e+00,-8.70729601e-06,0
46,38,1.95223166e-03,0.00000000e+00,0.00000000e+00,-1.95223166e-03,0
46,39,1.95262762e-03,0.00000000e+00,0.00000000e+00,1.95262762e-03,0
46,40,1.60076332e-03,0.00000000e+00,0.00000000e+00,-1.60076332e-03,0
46,41,1.69504310e-03,0.00000000e+00,0.00000000e+00,1.69504310e-03,0
46,42,3.78088580e-04,0.00000000e+00,0.00000000e+00,-3.78088580e-04,0
46,43,1.79414656e-03,0.00000000e+00,0.00000000e+00,1.79414656e-03,0
46,44,3.38097833e-05,0.00000000e+00,0.00000000e+00,-3.38097833e-05,0
46,45,1.42695969e-04,0.00000000e+00,0.00000000e+00,1.42695969e-04,0
46,46,1.92059459e-03,0.00000000e+00,0.00000000e+00,-1.92059459e-03,0
46,47,1.68610373e-03,0.00000000e+00,0.00000000e+00,1.68610373e-03,0
46,48,3.63973876e-04,0.00000000e+00,0.00000000e+00,3.63973876e-04,0
46,49,7.40706629e-04,0.00000000e+00,0.00000000e+00,7.40706629e-04,0
46,50,1.14038571e-04,0.00000000e+00,0.00000000e+00,-1.14038571e-04,0
46,51,9.25901589e-04,0.00000000e+00,0.00000000e+00,9.25901589e-04,0
46,52,1.42608466e-03,0.00000000e+00,0.00000000e+00,-1.42608466e-03,0
46,53,7.68402699e-04,0.00000000e+00,0.00000000e+00,7.68402699e-04,0
46,54,1.35285648e-03,0.00000000e+00,0.00000000e+00,1.35285648e-03,0
46,55,7.36558672e-04,0.00000000e+00,0.00000000e+00,-7.36558672e-04,0
46,56,1.98570380e-03,0.00000000e+00,0.00000000e+00,1.98570380e-03,0
46,57,4.57867343e-04,0.00000000e+00,0.00000000e+00,-4.57867343e-04,0
46,58,7.29584516e-04,0.00000000e+00,0.00000000e+00,-7.29584516e-04,0
46,59,1.43058561e-03,0.00000000e+00,0.00000000e+00,-1.43058561e-03,0
46,60,4.38489446e-04,0.00000000e+00,0.00000000e+00,-4.38489446e-04,0
46,61,7.96116156e-04,0.00000000e+00,0.00000000e+00,7.96116156e-04,0
46,62,4.48317356e-04,0.00000000e+00,0.00000000e+00,4.48317356e-04,0
46,63,3.22488082e-06,0.00000000e+00,0.00000000e+00,-3.22488082e-06,0
47,0,8.49672473e-04,0.00000000e+00,0.00000000e+00,-8.49672473e-04,0
47,1,5.78157195e-04,0.00000000e+00,0.00000000e+00,5.78157195e-04,0
47,2,6.87580081e-05,0.00000000e+00,0.00000000e+00,-6.87580081e-05,0
47,3,6.66648899e-04,0.00000000e+00,0.00000000e+00,-6.66648899e-04,0
47,4,8.66735470e-04,0.00000000e+00,0.00000000e+00,8.66735470e-04,0
47,5,1.03220431e-03,0.00000000e+00,0.00000000e+00,-1.03220431e-03,0
47,6,7.18074891e-04,0.00000000e+00,0.00000000e+00,7.18074891e-04,0
47,7,7.39370321e-04,0.00000000e+00,0.00000000e+00,7.39370321e-04,0
47,8,2.48433811e-03,0.00000000e+00,0.00000000e+00,-2.48433811e-03,0
47,9,5.47858044e-04,0.00000000e+00,0.00000000e+00,-5.47858044e-04,0
47,10,1.44886269e-03,0.00000000e+00,0.00000000e+00,1.44886269e-03,0
47,11,1.63747313e-03,0.00000000e+00,0.00000000e+00,1.63747313e-03,0
47,12,1.70864571e-03,0.00000000e+00,0.00000000e+00,-1.70864571e-03,0
47,13,7.16430151e-04,0.00000000e+00,0.00000000e+00,7.16430151e-04,0
47,14,1.28131898e-03,0.00000000e+00,0.00000000e+00,1.28131898e-03,0
47,15,1.31156160e-04,0.00000000e+00,0.00000000e+00,-1.31156160e-04,0
47,16,1.31891543e-03,0.00000000e+00,0.00000000e+00,-1.31891543e-03,0
47,17,1.29239490e-03,0.00000000e+00,0.00000000e+00,1.29239490e-03,0
47,18,1.68610373e-03,0.00000000e+00,0.00000000e+00,1.68610373e-03,0
47,19,7.51412855e-04,0.00000000e+00,0.00000000e+00,-7.51412855e-04,0
47,20,3.56698635e-04,0.00000000e+00,0.00000000e+00,-3.56698635e-04,0
47,21,1.47767840e-04,0.00000000e+00,0.00000000e+00,1.47767840e-04,0
47,22,1.08225133e-04,0.00000000e+00,0.00000000e+00,-1.08225133e-04,0
47,23,5.27907067e-04,0.00000000e+00,0.00000000e+00,5.27907067e-04,0
47,24,6.88320779e-04,0.00000000e+00,0.00000000e+00,6.88320779e-04,0
47,25,6.31683736e-04,0.00000000e+00,0.00000000e+00,6.31683736e-04,0
47,26,1.64620832e-03,0.00000000e+00,0.00000000e+00,1.64620832e-03,0
47,27,5.38445339e-04,0.00000000e+00,0.00000000e+00,-5.38445339e-04,0
47,28,1.33308901e-04,0.00000000e+00,0.00000000e+00,1.33308901e-04,0
47,29,2.36447435e-04,0.00000000e+00,0.00000000e+00,2.36447435e-04,0
47,30,2.25709114e-04,0.00000000e+00,0.00000000e+00,-2.25709114e-04,0
47,31,5.52251437e-04,0.00000000e+00,0.00000000e+00,5.52251437e-04,0
47,32,1.64912355e-03,0.00000000e+00,0.00000000e+00,-1.64912355e-03,0
47,33,5.52251437e-04,0.00000000e+00,0.00000000e+00,5.52251437e-04,0
47,34,2.25709114e-04,0.00000000e+00,0.00000000e+00,-2.25709114e-04,0
47,35,2.36447435e-04,0.00000000e+00,0.00000000e+00,2.36447435e-04,0
47,36,1.33308901e-04,0.00000000e+00,0.00000000e+00,1.33308901e-04,0
47,37,5.38445339e-04,0.00000000e+00,0.00000000e+00,-5.38445339e-04,0
47,38,1.64620832e-03,0.00000000e+00,0.00000000e+00,1.64620832e-03,0
47,39,6.31683736e-04,0.00000000e+00,0.00000000e+00,6.31683736e-04,0
47,40,6.88320779e-04,0.00000000e+00,0.00000000e+00,6.88320779e-04,0
47,41,5.27907067e-04,0.00000000e+00,0.00000000e+00,5.27907067e-04,0
47,42,1.08225133e-04,0.00000000e+00,0.00000000e+00,-1.08225133e-04,0
47,43,1.47767840e-04,0.00000000e+00,0.00000000e+00,1.47767840e-04,0
47,44,3.56698635e-04,0.00000000e+00,0.00000000e+00,-3.56698635e-04,0
47,45,7.51412855e-04,0.00000000e+00,0.00000000e+00,-7.51412855e-04,0
47,46,1.68610373e-03,0.00000000e+00,0.00000000e+00,1.68610373e-03,0
47,47,1.29239490e-03,0.00000000e+00,0.00000000e+00,1.29239490e-03,0
47,48,1.31891543e-03,0.00000000e+00,0.00000000e+00,-1.31891543e-03,0
47,49,1.31156160e-04,0.00000000e+00,0.00000000e+00,-1.31156160e-04,0
47,50,1.28131898e-03,0.00000000e+00,0.00000000e+00,1.28131898e-03,0
47,51,7.16430151e-04,0.00000000e+00,0.00000000e+00,7.16430151e-04,0
47,52,1.70864571e-03,0.00000000e+00,0.00000000e+00,-1.70864571e-03,0
47,53,1.63747313e-03,0.00000000e+00,0.00000000e+00,1.63747313e-03,0
47,54,1.44886269e-03,0.00000000e+00,0.00000000e+00,1.44886269e-03,0
47,55,5.47858044e-04,0.00000000e+00,0.00000000e+00,-5.47858044e-04,0
47,56,2.48433811e-03,0.00000000e+00,0.00000000e+00,-2.48433811e-03,0
47,57,7.39370321e-04,0.00000000e+00,0.00000000e+00,7.39370321e-04,0
47,58,7.18074891e-04,0.00000000e+00,0.00000000e+00,7.18074891e-04,0
47,59,1.03220431e-03,0.00000000e+00,0.00000000e+00,-1.03220431e-03,0
47,60,8.66735470e-04,0.00000000e+00,0.00000000e+00,8.66735470e-04,0
47,61,6.66648899e-04,0.00000000e+00,0.00000000e+00,-6.66648899e-04,0
47,62,6.87580081e-05,0.00000000e+00,0.00000000e+00,-6.87580081e-05,0
47,63,5.78157195e-04,0.00000000e+00,0.00000000e+00,5.78157195e-04,0
48,0,1.67034640e-03,0.00000000e+00,0.00000000e+00,-1.67034640e-03,0
48,1,3.14005877e-04,0.00000000e+00,0.00000000e+00,3.14005877e-04,0
48,2,8.98979302e-05,0.00000000e+00,0.00000000e+00,-8.98979302e-05,0
48,3,1.08693258e-03,0.00000000e+00,0.00000000e+00,-1.08693258e-03,0
48,4,1.44730807e-04,0.00000000e+00,0.00000000e+00,1.44730807e-04,0
48,5,4.47963335e-04,0.00000000e+00,0.00000000e+00,4.47963335e-04,0
48,6,1.70985163e-03,0.00000000e+00,0.00000000e+00,1.70985163e-03,0
48,7,1.11655305e-04,0.00000000e+00,0.00000000e+00,-1.11655305e-04,0
48,8,1.39784980e-03,0.00000000e+00,0.00000000e+00,-1.39784980e-03,0
48,9,1.51481671e-03,0.00000000e+00,0.00000000e+00,1.51481671e-03,0
48,10,2.78700467e-03,0.00000000e+00,0.00000000e+00,2.78700467e-03,0
48,11,9.83845063e-04,0.00000000e+00,0.00000000e+00,-9.83845063e-04,0
48,12,2.22824794e-03,0.00000000e+00,0.00000000e+00,-2.22824794e-03,0
48,13,1.67436956e-04,0.00000000e+00,0.00000000e+00,-1.67436956e-04,0
48,14,2.00507203e-03,0.00000000e+00,0.00000000e+00,2.00507203e-03,0
48,15,3.19532699e-03,0.00000000e+00,0.00000000e+00,3.19532699e-03,0
48,16,3.40422446e-03,0.00000000e+00,0.00000000e+00,-3.40422446e-03,0
48,17,1.31891543e-03,0.00000000e+00,0.00000000e+00,-1.31891543e-03,0
48,18,3.63973876e-04,0.00000000e+00,0.00000000e+00,3.63973876e-04,0
48,19,6.77984351e-04,0.00000000e+00,0.00000000e+00,-6.77984351e-04,0
48,20,1.17567474e-04,0.00000000e+00,0.00000000e+00,1.17567474e-04,0
48,21,3.59539555e-06,0.00000000e+00,0.00000000e+00,3.59539555e-06,0
48,22,1.03357418e-03,0.00000000e+00,0.00000000e+00,-1.03357418e-03,0
48,23,1.20063130e-04,0.00000000e+00,0.00000000e+00,1.20063130e-04,0
48,24,2.13230912e-03,0.00000000e+00,0.00000000e+00,-2.13230912e-03,0
48,25,1.03220594e-04,0.00000000e+00,0.00000000e+00,1.03220594e-04,0
48,26,3.19628206e-04,0.00000000e+00,0.00000000e+00,-3.19628206e-04,0
48,27,7.96359542e-07,0.00000000e+00,0.00000000e+00,-7.96359542e-07,0
48,28,7.97700161e-05,0.00000000e+00,0.00000000e+00,7.97700161e-05,0
48,29,5.86740745e-04,0.00000000e+00,0.00000000e+00,5.86740745e-04,0
48,30,1.08509297e-03,0.00000000e+00,0.00000000e+00,1.08509297e-03,0
48,31,8.96580819e-04,0.00000000e+00,0.00000000e+00,8.96580819e-04,0
48,32,3.14372512e-04,0.00000000e+00,0.00000000e+00,3.14372512e-04,0
48,33,8.96580819e-04,0.00000000e+00,0.00000000e+00,8.96580819e-04,0
48,34,1.08509297e-03,0.00000000e+00,0.00000000e+00,1.08509297e-03,0
48,35,5.86740745e-04,0.00000000e+00,0.00000000e+00,5.86740745e-04,0
48,36,7.97700161e-05,0.00000000e+00,0.00000000e+00,7.97700161e-05,0
48,37,7.96359542e-07,0.00000000e+00,0.00000000e+00,-7.96359542e-07,0
48,38,3.19628206e-04,0.00000000e+00,0.00000000e+00,-3.19628206e-04,0
48,39,1.03220594e-04,0.00000000e+00,0.00000000e+00,1.03220594e-04,0
48,40,2.13230912e-03,0.00000000e+00,0.00000000e+00,-2.13230912e-03,0
48,41,1.20063130e-04,0.00000000e+00,0.00000000e+00,1.20063130e-04,0
48,42,1.03357418e-03,0.00000000e+00,0.00000000e+00,-1.03357418e-03,0
48,43,3.59539555e-06,0.00000000e+00,0.00000000e+00,3.59539555e-06,0
48,44,1.17567474e-04,0.00000000e+00,0.00000000e+00,1.17567474e-04,0
48,45,6.77984351e-04,0.00000000e+00,0.00000000e+00,-6.77984351e-04,0
48,46,3.63973876e-04,0.00000000e+00,0.00000000e+00,3.63973876e-04,0
48,47,1.31891543e-03,0.00000000e+00,0.00000000e+00,-1.31891543e-03,0
48,48,3.40422446e-03,0.00000000e+00,0.00000000e+00,-3.40422446e-03,0
48,49,3.19532699e-03,0.00000000e+00,0.00000000e+00,3.19532699e-03,0
48,50,2.00507203e-03,0.00000000e+00,0.00000000e+00,2.00507203e-03,0
48,51,1.67436956e-04,0.00000000e+00,0.00000000e+00,-1.67436956e-04,0
48,52,2.22824794e-03,0.00000000e+00,0.00000000e+00,-2.22824794e-03,0
48,53,9.83845063e-04,0.00000000e+00,0.00000000e+00,-9.83845063e-04,0
48,54,2.78700467e-03,0.00000000e+00,0.00000000e+00,2.78700467e-03,0
48,55,1.51481671e-03,0.00000000e+00,0.00000000e+00,1.51481671e-03,0
48,56,1.39784980e-03,0.00000000e+00,0.00000000e+00,-1.39784980e-03,0
48,57,1.11655305e-04,0.00000000e+00,0.00000000e+00,-1.11655305e-04,0
48,58,1.70985163e-03,0.00000000e+00,0.00000000e+00,1.70985163e-03,0
48,59,4.47963335e-04,0.00000000e+00,0.00000000e+00,4.47963335e-04,0
48,60,1.44730807e-04,0.00000000e+00,0.00000000e+00,1.44730807e-04,0
48,61,1.08693258e-03,0.00000000e+00,0.00000000e+00,-1.08693258e-03,0
48,62,8.98979302e-05,0.00000000e+00,0.00000000e+00,-8.98979302e-05,0
48,63,3.14005877e-04,0.00000000e+00,0.00000000e+00,3.14005877e-04,0
49,0,4.15089725e-04,0.00000000e+00,0.00000000e+00,-4.15089725e-04,0
49,1,9.55436510e-04,0.00000000e+00,0.00000000e+00,9.55436510e-04,0
49,2,2.61632509e-04,0.00000000e+00,0.00000000e+00,2.61632509e-04,0
49,3,1.03316904e-03,0.00000000e+00,0.00000000e+00,-1.03316904e-03,0
49,4,9.58256623e-04,0.00000000e+00,0.00000000e+00,-9.58256623e-04,0
49,5,4.66294341e-04,0.00000000e+00,0.00000000e+00,-4.66294341e-04,0
49,6,2.44504313e-04,0.00000000e+00,0.00000000e+00,-2.44504313e-04,0
49,7,6.51707234e-04,0.00000000e+00,0.00000000e+00,-6.51707234e-04,0
49,8,1.32429709e-03,0.00000000e+00,0.00000000e+00,1.32429709e-03,0
49,9,7.73649047e-04,0.00000000e+00,0.00000000e+00,7.73649047e-04,0
49,10,2.67924706e-03,0.00000000e+00,0.00000000e+00,-2.67924706e-03,0
49,11,4.89085079e-04,0.00000000e+00,0.00000000e+00,4.89085079e-04,0
49,12,4.60236441e-03,0.00000000e+00,0.00000000e+00,4.60236441e-03,0
49,13,3.16659442e-04,0.00000000e+00,0.00000000e+00,-3.16659442e-04,0
49,14,2.02133421e-03,0.00000000e+00,0.00000000e+00,-2.02133421e-03,0
49,15,2.08720811e-03,0.00000000e+00,0.00000000e+00,2.08720811e-03,0
49,16,3.19532699e-03,0.00000000e+00,0.00000000e+00,3.19532699e-03,0
49,17,1.31156160e-04,0.00000000e+00,0.00000000e+00,-1.31156160e-04,0
49,18,7.40706629e-04,0.00000000e+00,0.00000000e+00,7.40706629e-04,0
49,19,5.55860595e-04,0.00000000e+00,0.00000000e+00,-5.55860595e-04,0
49,20,8.01548393e-04,0.00000000e+00,0.00000000e+00,8.01548393e-04,0
49,21,1.21580261e-03,0.00000000e+00,0.00000000e+00,1.21580261e-03,0
49,22,1.22025920e-03,0.00000000e+00,0.00000000e+00,1.22025920e-03,0
49,23,8.59642769e-04,0.00000000e+00,0.00000000e+00,8.59642769e-04,0
49,24,2.16719450e-03,0.00000000e+00,0.00000000e+00,2.16719450e-03,0
49,25,2.61190557e-04,0.00000000e+00,0.00000000e+00,-2.61190557e-04,0
49,26,1.87628239e-03,0.00000000e+00,0.00000000e+00,1.87628239e-03,0
49,27,1.29207221e-04,0.00000000e+00,0.00000000e+00,-1.29207221e-04,0
49,28,3.63793370e-05,0.00000000e+00,0.00000000e+00,-3.63793370e-05,0
49,29,3.22285933e-04,0.00000000e+00,0.00000000e+00,3.22285933e-04,0
49,30,7.98533845e-04,0.00000000e+00,0.00000000e+00,-7.98533845e-04,0
49,31,9.40742640e-04,0.00000000e+00,0.00000000e+00,9.40742640e-04,0
49,32,1.43861212e-03,0.00000000e+00,0.00000000e+00,-1.43861212e-03,0
49,33,9.40742640e-04,0.00000000e+00,0.00000000e+00,9.40742640e-04,0
49,34,7.98533845e-04,0.00000000e+00,0.00000000e+00,-7.98533845e-04,0
49,35,3.22285933e-04,0.00000000e+00,0.00000000e+00,3.22285933e-04,0
49,36,3.63793370e-05,0.00000000e+00,0.00000000e+00,-3.63793370e-05,0
49,37,1.29207221e-04,0.00000000e+00,0.00000000e+00,-1.29207221e-04,0
49,38,1.87628239e-03,0.00000000e+00,0.00000000e+00,1.87628239e-03,0
49,39,2.61190557e-04,0.00000000e+00,0.00000000e+00,-2.61190557e-04,0
49,40,2.16719450e-03,0.00000000e+00,0.00000000e+00,2.16719450e-03,0
49,41,8.59642769e-04,0.00000000e+00,0.00000000e+00,8.59642769e-04,0
49,42,1.22025920e-03,0.00000000e+00,0.00000000e+00,1.22025920e-03,0
49,43,1.21580261e-03,0.00000000e+00,0.00000000e+00,1.21580261e-03,0
49,44,8.01548393e-04,0.00000000e+00,0.00000000e+00,8.01548393e-04,0
49,45,5.55860595e-04,0.00000000e+00,0.00000000e+00,-5.55860595e-04,0
49,46,7.40706629e-04,0.00000000e+00,0.00000000e+00,7.40706629e-04,0
49,47,1.31156160e-04,0.00000000e+00,0.00000000e+00,-1.31156160e-04,0
49,48,3.19532699e-03,0.00000000e+00,0.00000000e+00,3.19532699e-03,0
49,49,2.08720811e-03,0.00000000e+00,0.00000000e+00,2.08720811e-03,0
49,50,2.02133421e-03,0.00000000e+00,0.00000000e+00,-2.02133421e-03,0
49,51,3.16659442e-04,0.00000000e+00,0.00000000e+00,-3.16659442e-04,0
49,52,4.60236441e-03,0.00000000e+00,0.00000000e+00,4.60236441e-03,0
49,53,4.89085079e-04,0.00000000e+00,0.00000000e+00,4.89085079e-04,0
49,54,2.67924706e-03,0.00000000e+00,0.00000000e+00,-2.67924706e-03,0
49,55,7.73649047e-04,0.00000000e+00,0.00000000e+00,7.73649047e-04,0
49,56,1.32429709e-03,0.00000000e+00,0.00000000e+00,1.32429709e-03,0
49,57,6.51707234e-04,0.00000000e+00,0.00000000e+00,-6.51707234e-04,0
49,58,2.44504313e-04,0.00000000e+00,0.00000000e+00,-2.44504313e-04,0
49,59,4.66294341e-04,0.00000000e+00,0.00000000e+00,-4.66294341e-04,0
49,60,9.58256623e-04,0.00000000e+00,0.00000000e+00,-9.58256623e-04,0
49,61,1.03316904e-03,0.00000000e+00,0.00000000e+00,-1.03316904e-03,0
49,62,2.61632509e-04,0.00000000e+00,0.00000000e+00,2.61632509e-04,0
49,63,9.55436510e-04,0.00000000e+00,0.00000000e+00,9.55436510e-04,0
50,0,5.58150907e-04,0.00000000e+00,0.00000000e+00,-5.58150907e-04,0
50,1,4.47682231e-04,0.00000000e+00,0.00000000e+00,4.47682231e-04,0
50,2,3.08085751e-04,0.00000000e+00,0.00000000e+00,3.08085751e-04,0
50,3,4.83013029e-04,0.00000000e+00,0.00000000e+00,4.83013029e-04,0
50,4,8.10263895e-04,0.00000000e+00,0.00000000e+00,-8.10263895e-04,0
50,5,1.20123639e-03,0.00000000e+00,0.00000000e+00,-1.20123639e-03,0
50,6,1.07428443e-03,0.00000000e+00,0.00000000e+00,-1.07428443e-03,0
50,7,9.89442750e-04,0.00000000e+00,0.00000000e+00,9.89442750e-04,0
50,8,3.31931759e-03,0.00000000e+00,0.00000000e+00,3.31931759e-03,0
50,9,1.56021876e-03,0.00000000e+00,0.00000000e+00,-1.56021876e-03,0
50,10,2.06117353e-04,0.00000000e+00,0.00000000e+00,-2.06117353e-04,0
50,11,2.78684722e-04,0.00000000e+00,0.00000000e+00,2.78684722e-04,0
50,12,1.10919170e-03,0.00000000e+00,0.00000000e+00,1.10919170e-03,0
50,13,1.13442816e-03,0.00000000e+00,0.00000000e+00,1.13442816e-03,0
50,14,6.95785592e-04,0.00000000e+00,0.00000000e+00,-6.95785592e-04,0
50,15,2.02133421e-03,0.00000000e+00,0.00000000e+00,-2.02133421e-03,0
50,16,2.00507203e-03,0.00000000e+00,0.00000000e+00,2.00507203e-03,0
50,17,1.28131898e-03,0.00000000e+00,0.00000000e+00,1.28131898e-03,0
50,18,1.14038571e-04,0.00000000e+00,0.00000000e+00,-1.14038571e-04,0
50,19,1.47078672e-03,0.00000000e+00,0.00000000e+00,1.47078672e-03,0
50,20,7.10602884e-04,0.00000000e+00,0.00000000e+00,-7.10602884e-04,0
50,21,5.82070937e-04,0.00000000e+00,0.00000000e+00,-5.82070937e-04,0
50,22,3.52173128e-04,0.00000000e+00,0.00000000e+00,3.52173128e-04,0
50,23,1.06610193e-04,0.00000000e+00,0.00000000e+00,1.06610193e-04,0
50,24,8.81221773e-04,0.00000000e+00,0.00000000e+00,8.81221773e-04,0
50,25,2.21143304e-03,0.00000000e+00,0.00000000e+00,2.21143304e-03,0
50,26,2.71515898e-04,0.00000000e+00,0.00000000e+00,-2.71515898e-04,0
50,27,2.17872471e-03,0.00000000e+00,0.00000000e+00,2.17872471e-03,0
50,28,4.72309164e-04,0.00000000e+00,0.00000000e+00,-4.72309164e-04,0
50,29,7.60166055e-04,0.00000000e+00,0.00000000e+00,-7.60166055e-04,0
50,30,1.94586114e-04,0.00000000e+00,0.00000000e+00,1.94586114e-04,0
50,31,2.31537054e-03,0.00000000e+00,0.00000000e+00,-2.31537054e-03,0
50,32,8.86992610e-04,0.00000000e+00,0.00000000e+00,8.86992610e-04,0
50,33,2.31537054e-03,0.00000000e+00,0.00000000e+00,-2.31537054e-03,0
50,34,1.94586114e-04,0.00000000e+00,0.00000000e+00,1.94586114e-04,0
50,35,7.60166055e-04,0.00000000e+00,0.00000000e+00,-7.60166055e-04,0
50,36,4.72309164e-04,0.00000000e+00,0.00000000e+00,-4.72309164e-04,0
50,37,2.17872471e-03,0.00000000e+00,0.00000000e+00,2.17872471e-03,0
50,38,2.71515898e-04,0.00000000e+00,0.00000000e+00,-2.71515898e-04,0
50,39,2.21143304e-03,0.00000000e+00,0.00000000e+00,2.21143304e-03,0
50,40,8.81221773e-04,0.00000000e+00,0.00000000e+00,8.81221773e-04,0
50,41,1.06610193e-04,0.00000000e+00,0.00000000e+00,1.06610193e-04,0
50,42,3.52173128e-04,0.00000000e+00,0.00000000e+00,3.52173128e-04,0
50,43,5.82070937e-04,0.00000000e+00,0.00000000e+00,-5.82070937e-04,0
50,44,7.10602884e-04,0.00000000e+00,0.00000000e+00,-7.10602884e-04,0
50,45,1.47078672e-03,0.00000000e+00,0.00000000e+00,1.47078672e-03,0
50,46,1.14038571e-04,0.00000000e+00,0.00000000e+00,-1.14038571e-04,0
50,47,1.28131898e-03,0.00000000e+00,0.00000000e+00,1.28131898e-03,0
50,48,2.00507203e-03,0.00000000e+00,0.00000000e+00,2.00507203e-03,0
50,49,2.02133421e-03,0.00000000e+00,0.00000000e+00,-2.02133421e-03,0
50,50,6.95785592e-04,0.00000000e+00,0.00000000e+00,-6.95785592e-04,0
50,51,1.13442816e-03,0.00000000e+00,0.00000000e+00,1.13442816e-03,0
50,52,1.10919170e-03,0.00000000e+00,0.00000000e+00,1.10919170e-03,0
50,53,2.78684722e-04,0.00000000e+00,0.00000000e+00,2.78684722e-04,0
50,54,2.06117353e-04,0.00000000e+00,0.00000000e+00,-2.06117353e-04,0
50,55,1.56021876e-03,0.00000000e+00,0.00000000e+00,-1.56021876e-03,0
50,56,3.31931759e-03,0.00000000e+00,0.00000000e+00,3.31931759e-03,0
50,57,9.89442750e-04,0.00000000e+00,0.00000000e+00,9.89442750e-04,0
50,58,1.07428443e-03,0.00000000e+00,0.00000000e+00,-1.07428443e-03,0
50,59,1.20123639e-03,0.00000000e+00,0.00000000e+00,-1.20123639e-03,0
50,60,8.10263895e-04,0.00000000e+00,0.00000000e+00,-8.10263895e-04,0
50,61,4.83013029e-04,0.00000000e+00,0.00000000e+00,4.83013029e-04,0
50,62,3.08085751e-04,0.00000000e+00,0.00000000e+00,3.08085751e-04,0
50,63,4.47682231e-04,0.00000000e+00,0.00000000e+00,4.47682231e-04,0
51,0,7.62708241e-04,0.00000000e+00,0.00000000e+00,-7.62708241e-04,0
51,1,7.15135476e-04,0.00000000e+00,0.00000000e+00,7.15135476e-04,0
51,2,6.47134022e-04,0.00000000e+00,0.00000000e+00,-6.47134022e-04,0
51,3,8.93754911e-04,0.00000000e+00,0.00000000e+00,-8.93754911e-04,0
51,4,7.91422977e-04,0.00000000e+00,0.00000000e+00,7.91422977e-04,0
51,5,1.00024530e-03,0.00000000e+00,0.00000000e+00,-1.00024530e-03,0
51,6,2.10889090e-03,0.00000000e+00,0.00000000e+00,2.10889090e-03,0
51,7,1.42633876e-03,0.00000000e+00,0.00000000e+00,1.42633876e-03,0
51,8,2.10872386e-03,0.00000000e+00,0.00000000e+00,-2.10872386e-03,0
51,9,3.29830822e-04,0.00000000e+00,0.00000000e+00,-3.29830822e-04,0
51,10,7.01421281e-04,0.00000000e+00,0.00000000e+00,7.01421281e-04,0
51,11,1.56827994e-03,0.00000000e+00,0.00000000e+00,1.56827994e-03,0
51,12,3.96776772e-04,0.00000000e+00,0.00000000e+00,-3.96776772e-04,0
51,13,1.95722101e-03,0.00000000e+00,0.00000000e+00,1.95722101e-03,0
51,14,1.13442816e-03,0.00000000e+00,0.00000000e+00,1.13442816e-03,0
51,15,3.16659442e-04,0.00000000e+00,0.00000000e+00,-3.16659442e-04,0
51,16,1.67436956e-04,0.00000000e+00,0.00000000e+00,-1.67436956e-04,0
51,17,7.16430151e-04,0.00000000e+00,0.00000000e+00,7.16430151e-04,0
51,18,9.25901589e-04,0.00000000e+00,0.00000000e+00,9.25901589e-04,0
51,19,4.65678196e-04,0.00000000e+00,0.00000000e+00,-4.65678196e-04,0
51,20,9.61269927e-04,0.00000000e+00,0.00000000e+00,9.61269927e-04,0
51,21,5.05923467e-04,0.00000000e+00,0.00000000e+00,5.05923467e-04,0
51,22,1.33276652e-03,0.00000000e+00,0.00000000e+00,-1.33276652e-03,0
51,23,6.14638683e-04,0.00000000e+00,0.00000000e+00,6.14638683e-04,0
51,24,5.07789348e-05,0.00000000e+00,0.00000000e+00,-5.07789348e-05,0
51,25,8.18865210e-04,0.00000000e+00,0.00000000e+00,8.18865210e-04,0
51,26,8.71134293e-04,0.00000000e+00,0.00000000e+00,8.71134293e-04,0
51,27,1.01161896e-03,0.00000000e+00,0.00000000e+00,1.01161896e-03,0
51,28,9.72074950e-04,0.00000000e+00,0.00000000e+00,9.72074950e-04,0
51,29,4.56092170e-04,0.00000000e+00,0.00000000e+00,4.56092170e-04,0
51,30,9.51793377e-06,0.00000000e+00,0.00000000e+00,-9.51793377e-06,0
51,31,1.57166087e-03,0.00000000e+00,0.00000000e+00,1.57166087e-03,0
51,32,3.50456975e-04,0.00000000e+00,0.00000000e+00,3.50456975e-04,0
51,33,1.57166087e-03,0.00000000e+00,0.00000000e+00,1.57166087e-03,0
51,34,9.51793377e-06,0.00000000e+00,0.00000000e+00,-9.51793377e-06,0
51,35,4.56092170e-04,0.00000000e+00,0.00000000e+00,4.56092170e-04,0
51,36,9.72074950e-04,0.00000000e+00,0.00000000e+00,9.72074950e-04,0
51,37,1.01161896e-03,0.00000000e+00,0.00000000e+00,1.01161896e-03,0
51,38,8.71134293e-04,0.00000000e+00,0.00000000e+00,8.71134293e-04,0
51,39,8.18865210e-04,0.00000000e+00,0.00000000e+00,8.18865210e-04,0
51,40,5.07789348e-05,0.00000000e+00,0.00000000e+00,-5.07789348e-05,0
51,41,6.14638683e-04,0.00000000e+00,0.00000000e+00,6.14638683e-04,0
51,42,1.33276652e-03,0.00000000e+00,0.00000000e+00,-1.33276652e-03,0
51,43,5.05923467e-04,0.00000000e+00,0.00000000e+00,5.05923467e-04,0
51,44,9.61269927e-04,0.00000000e+00,0.00000000e+00,9.61269927e-04,0
51,45,4.65678196e-04,0.00000000e+00,0.00000000e+00,-4.65678196e-04,0
51,46,9.25901589e-04,0.00000000e+00,0.00000000e+00,9.25901589e-04,0
51,47,7.16430151e-04,0.00000000e+00,0.00000000e+00,7.16430151e-04,0
51,48,1.67436956e-04,0.00000000e+00,0.00000000e+00,-1.67436956e-04,0
51,49,3.16659442e-04,0.00000000e+00,0.00000000e+00,-3.16659442e-04,0
51,50,1.13442816e-03,0.00000000e+00,0.00000000e+00,1.13442816e-03,0
51,51,1.95722101e-03,0.00000000e+00,0.00000000e+00,1.95722101e-03,0
51,52,3.96776772e-04,0.00000000e+00,0.00000000e+00,-3.96776772e-04,0
51,53,1.56827994e-03,0.00000000e+00,0.00000000e+00,1.56827994e-03,0
51,54,7.01421281e-04,0.00000000e+00,0.00000000e+00,7.01421281e-04,0
51,55,3.29830822e-04,0.00000000e+00,0.00000000e+00,-3.29830822e-04,0
51,56,2.10872386e-03,0.00000000e+00,0.00000000e+00,-2.10872386e-03,0
51,57,1.42633876e-03,0.00000000e+00,0.00000000e+00,1.42633876e-03,0
51,58,2.10889090e-03,0.00000000e+00,0.00000000e+00,2.10889090e-03,0
51,59,1.00024530e-03,0.00000000e+00,0.00000000e+00,-1.00024530e-03,0
51,60,7.91422977e-04,0.00000000e+00,0.00000000e+00,7.91422977e-04,0
51,61,8.93754911e-04,0.00000000e+00,0.00000000e+00,-8.93754911e-04,0
51,62,6.47134022e-04,0.00000000e+00,0.00000000e+00,-6.47134022e-04,0
51,63,7.15135476e-04,0.00000000e+00,0.00000000e+00,7.15135476e-04,0
52,0,1.91779254e-03,0.00000000e+00,0.00000000e+00,-1.91779254e-03,0
52,1,1.04065741e-03,0.00000000e+00,0.00000000e+00,-1.04065741e-03,0
52,2,1.54629606e-03,0.00000000e+00,0.00000000e+00,-1.54629606e-03,0
52,3,1.25882947e-03,0.00000000e+00,0.00000000e+00,1.25882947e-03,0
52,4,3.32333292e-03,0.00000000e+00,0.00000000e+00,3.32333292e-03,0
52,5,3.81560392e-04,0.00000000e+00,0.00000000e+00,-3.81560392e-04,0
52,6,1.15519046e-03,0.00000000e+00,0.00000000e+00,1.15519046e-03,0
52,7,1.98689212e-03,0.00000000e+00,0.00000000e+00,-1.98689212e-03,0
52,8,1.69042360e-03,0.00000000e+00,0.00000000e+00,-1.69042360e-03,0
52,9,3.17675352e-03,0.00000000e+00,0.00000000e+00,3.17675352e-03,0
52,10,1.14481149e-03,0.00000000e+00,0.00000000e+00,1.14481149e-03,0
52,11,2.60277453e-04,0.00000000e+00,0.00000000e+00,-2.60277453e-04,0
52,12,1.02742000e-03,0.00000000e+00,0.00000000e+00,-1.02742000e-03,0
52,13,3.96776772e-04,0.00000000e+00,0.00000000e+00,-3.96776772e-04,0
52,14,1.10919170e-03,0.00000000e+00,0.00000000e+00,1.10919170e-03,0
52,15,4.60236441e-03,0.00000000e+00,0.00000000e+00,4.60236441e-03,0
52,16,2.22824794e-03,0.00000000e+00,0.00000000e+00,-2.22824794e-03,0
52,17,1.70864571e-03,0.00000000e+00,0.00000000e+00,-1.70864571e-03,0
52,18,1.42608466e-03,0.00000000e+00,0.00000000e+00,-1.42608466e-03,0
52,19,2.26478485e-03,0.00000000e+00,0.00000000e+00,-2.26478485e-03,0
52,20,1.12190694e-03,0.00000000e+00,0.00000000e+00,1.12190694e-03,0
52,21,1.88993033e-03,0.00000000e+00,0.00000000e+00,1.88993033e-03,0
52,22,1.37315210e-03,0.00000000e+00,0.00000000e+00,-1.37315210e-03,0
52,23,1.05307281e-03,0.00000000e+00,0.00000000e+00,1.05307281e-03,0
52,24,1.38598612e-03,0.00000000e+00,0.00000000e+00,-1.38598612e-03,0
52,25,9.33320390e-05,0.00000000e+00,0.00000000e+00,-9.33320390e-05,0
52,26,4.26589718e-04,0.00000000e+00,0.00000000e+00,-4.26589718e-04,0
52,27,2.38319319e-04,0.00000000e+00,0.00000000e+00,2.38319319e-04,0
52,28,6.94263805e-04,0.00000000e+00,0.00000000e+00,6.94263805e-04,0
52,29,9.41413724e-05,0.00000000e+00,0.00000000e+00,-9.41413724e-05,0
52,30,1.11412894e-03,0.00000000e+00,0.00000000e+00,1.11412894e-03,0
52,31,1.31821587e-03,0.00000000e+00,0.00000000e+00,1.31821587e-03,0
52,32,2.23457815e-03,0.00000000e+00,0.00000000e+00,2.23457815e-03,0
52,33,1.31821587e-03,0.00000000e+00,0.00000000e+00,1.31821587e-03,0
52,34,1.11412894e-03,0.00000000e+00,0.00000000e+00,1.11412894e-03,0
52,35,9.41413724e-05,0.00000000e+00,0.00000000e+00,-9.41413724e-05,0
52,36,6.94263805e-04,0.00000000e+00,0.00000000e+00,6.94263805e-04,0
52,37,2.38319319e-04,0.00000000e+00,0.00000000e+00,2.38319319e-04,0
52,38,4.26589718e-04,0.00000000e+00,0.00000000e+00,-4.26589718e-04,0
52,39,9.33320390e-05,0.00000000e+00,0.00000000e+00,-9.33320390e-05,0
52,40,1.38598612e-03,0.00000000e+00,0.00000000e+00,-1.38598612e-03,0
52,41,1.05307281e-03,0.00000000e+00,0.00000000e+00,1.05307281e-03,0
52,42,1.37315210e-03,0.00000000e+00,0.00000000e+00,-1.37315210e-03,0
52,43,1.88993033e-03,0.00000000e+00,0.00000000e+00,1.88993033e-03,0
52,44,1.12190694e-03,0.00000000e+00,0.00000000e+00,1.12190694e-03,0
52,45,2.26478485e-03,0.00000000e+00,0.00000000e+00,-2.26478485e-03,0
52,46,1.42608466e-03,0.00000000e+00,0.00000000e+00,-1.42608466e-03,0
52,47,1.70864571e-03,0.00000000e+00,0.00000000e+00,-1.70864571e-03,0
52,48,2.22824794e-03,0.00000000e+00,0.00000000e+00,-2.22824794e-03,0
52,49,4.60236441e-03,0.00000000e+00,0.00000000e+00,4.60236441e-03,0
52,50,1.10919170e-03,0.00000000e+00,0.00000000e+00,1.10919170e-03,0
52,51,3.96776772e-04,0.00000000e+00,0.00000000e+00,-3.96776772e-04,0
52,52,1.02742000e-03,0.00000000e+00,0.00000000e+00,-1.02742000e-03,0
52,53,2.60277453e-04,0.00000000e+00,0.00000000e+00,-2.60277453e-04,0
52,54,1.14481149e-03,0.00000000e+00,0.00000000e+00,1.14481149e-03,0
52,55,3.17675352e-03,0.00000000e+00,0.00000000e+00,3.17675352e-03,0
52,56,1.69042360e-03,0.00000000e+00,0.00000000e+00,-1.69042360e-03,0
52,57,1.98689212e-03,0.00000000e+00,0.00000000e+00,-1.98689212e-03,0
52,58,1.15519046e-03,0.00000000e+00,0.00000000e+00,1.15519046e-03,0
52,59,3.81560392e-04,0.00000000e+00,0.00000000e+00,-3.81560392e-04,0
52,60,3.32333292e-03,0.00000000e+00,0.00000000e+00,3.32333292e-03,0
52,61,1.25882947e-03,0.00000000e+00,0.00000000e+00,1.25882947e-03,0
52,62,1.54629606e-03,0.00000000e+00,0.00000000e+00,-1.54629606e-03,0
52,63,1.04065741e-03,0.00000000e+00,0.00000000e+00,-1.04065741e-03,0
53,0,8.34277153e-04,0.00000000e+00,0.00000000e+00,-8.34277153e-04,0
53,1,2.31499832e-04,0.00000000e+00,0.00000000e+00,-2.31499832e-04,0
53,2,2.31996982e-03,0.00000000e+00,0.00000000e+00,-2.31996982e-03,0
53,3,7.79605689e-04,0.00000000e+00,0.00000000e+00,-7.79605689e-04,0
53,4,2.01327410e-03,0.00000000e+00,0.00000000e+00,2.01327410e-03,0
53,5,6.55527920e-04,0.00000000e+00,0.00000000e+00,-6.55527920e-04,0
53,6,2.13219551e-03,0.00000000e+00,0.00000000e+00,2.13219551e-03,0
53,7,8.76707845e-04,0.00000000e+00,0.00000000e+00,8.76707845e-04,0
53,8,4.04820051e-04,0.00000000e+00,0.00000000e+00,-4.04820051e-04,0
53,9,6.89843109e-04,0.00000000e+00,0.00000000e+00,6.89843109e-04,0
53,10,2.82054068e-05,0.00000000e+00,0.00000000e+00,2.82054068e-05,0
53,11,2.48949343e-03,0.00000000e+00,0.00000000e+00,2.48949343e-03,0
53,12,2.60277453e-04,0.00000000e+00,0.00000000e+00,-2.60277453e-04,0
53,13,1.56827994e-03,0.00000000e+00,0.00000000e+00,1.56827994e-03,0
53,14,2.78684722e-04,0.00000000e+00,0.00000000e+00,2.78684722e-04,0
53,15,4.89085079e-04,0.00000000e+00,0.00000000e+00,4.89085079e-04,0
53,16,9.83845063e-04,0.00000000e+00,0.00000000e+00,-9.83845063e-04,0
53,17,1.63747313e-03,0.00000000e+00,0.00000000e+00,1.63747313e-03,0
53,18,7.68402699e-04,0.00000000e+00,0.00000000e+00,7.68402699e-04,0
53,19,4.44589055e-05,0.00000000e+00,0.00000000e+00,-4.44589055e-05,0
53,20,3.17232054e-04,0.00000000e+00,0.00000000e+00,-3.17232054e-04,0
53,21,2.48347485e-04,0.00000000e+00,0.00000000e+00,2.48347485e-04,0
53,22,1.68019073e-03,0.00000000e+00,0.00000000e+00,-1.68019073e-03,0
53,23,7.01037001e-04,0.00000000e+00,0.00000000e+00,7.01037001e-04,0
53,24,1.17576102e-03,0.00000000e+00,0.00000000e+00,-1.17576102e-03,0
53,25,6.25703091e-04,0.00000000e+00,0.00000000e+00,6.25703091e-04,0
53,26,8.29809194e-04,0.00000000e+00,0.00000000e+00,8.29809194e-04,0
53,27,1.23685964e-03,0.00000000e+00,0.00000000e+00,1.23685964e-03,0
53,28,1.01327609e-03,0.00000000e+00,0.00000000e+00,1.01327609e-03,0
53,29,6.97387820e-04,0.00000000e+00,0.00000000e+00,6.97387820e-04,0
53,30,2.88145892e-04,0.00000000e+00,0.00000000e+00,2.88145892e-04,0
53,31,1.85339547e-03,0.00000000e+00,0.00000000e+00,1.85339547e-03,0
53,32,4.33179832e-04,0.00000000e+00,0.00000000e+00,4.33179832e-04,0
53,33,1.85339547e-03,0.00000000e+00,0.00000000e+00,1.85339547e-03,0
53,34,2.88145892e-04,0.00000000e+00,0.00000000e+00,2.88145892e-04,0
53,35,6.97387820e-04,0.00000000e+00,0.00000000e+00,6.97387820e-04,0
53,36,1.01327609e-03,0.00000000e+00,0.00000000e+00,1.01327609e-03,0
53,37,1.23685964e-03,0.00000000e+00,0.00000000e+00,1.23685964e-03,0
53,38,8.29809194e-04,0.00000000e+00,0.00000000e+00,8.29809194e-04,0
53,39,6.25703091e-04,0.00000000e+00,0.00000000e+00,6.25703091e-04,0
53,40,1.17576102e-03,0.00000000e+00,0.00000000e+00,-1.17576102e-03,0
53,41,7.01037001e-04,0.00000000e+00,0.00000000e+00,7.01037001e-04,0
53,42,1.68019073e-03,0.00000000e+00,0.00000000e+00,-1.68019073e-03,0
53,43,2.48347485e-04,0.00000000e+00,0.00000000e+00,2.48347485e-04,0
53,44,3.17232054e-04,0.00000000e+00,0.00000000e+00,-3.17232054e-04,0
53,45,4.44589055e-05,0.00000000e+00,0.00000000e+00,-4.44589055e-05,0
53,46,7.68402699e-04,0.00000000e+00,0.00000000e+00,7.68402699e-04,0
53,47,1.63747313e-03,0.00000000e+00,0.00000000e+00,1.63747313e-03,0
53,48,9.83845063e-04,0.00000000e+00,0.00000000e+00,-9.83845063e-04,0
53,49,4.89085079e-04,0.00000000e+00,0.00000000e+00,4.89085079e-04,0
53,50,2.78684722e-04,0.00000000e+00,0.00000000e+00,2.78684722e-04,0
53,51,1.56827994e-03,0.00000000e+00,0.00000000e+00,1.56827994e-03,0
53,52,2.60277453e-04,0.00000000e+00,0.00000000e+00,-2.60277453e-04,0
53,53,2.48949343e-03,0.00000000e+00,0.00000000e+00,2.48949343e-03,0
53,54,2.82054068e-05,0.00000000e+00,0.00000000e+00,2.82054068e-05,0
53,55,6.89843109e-04,0.00000000e+00,0.00000000e+00,6.89843109e-04,0
53,56,4.04820051e-04,0.00000000e+00,0.00000000e+00,-4.04820051e-04,0
53,57,8.76707845e-04,0.00000000e+00,0.00000000e+00,8.76707845e-04,0
53,58,2.13219551e-03,0.00000000e+00,0.00000000e+00,2.13219551e-03,0
53,59,6.55527920e-04,0.00000000e+00,0.00000000e+00,-6.55527920e-04,0
53,60,2.01327410e-03,0.00000000e+00,0.00000000e+00,2.01327410e-03,0
53,61,7.79605689e-04,0.00000000e+00,0.00000000e+00,-7.79605689e-04,0
53,62,2.31996982e-03,0.00000000e+00,0.00000000e+00,-2.31996982e-03,0
53,63,2.31499832e-04,0.00000000e+00,0.00000000e+00,-2.31499832e-04,0
54,0,1.89258771e-04,0.00000000e+00,0.00000000e+00,-1.89258771e-04,0
54,1,8.98770837e-04,0.00000000e+00,0.00000000e+00,8.98770837e-04,0
54,2,1.28817126e-03,0.00000000e+00,0.00000000e+00,1.28817126e-03,0
54,3,4.53075104e-04,0.00000000e+00,0.00000000e+00,-4.53075104e-04,0
54,4,2.50671025e-03,0.00000000e+00,0.00000000e+00,-2.50671025e-03,0
54,5,4.78912175e-04,0.00000000e+00,0.00000000e+00,-4.78912175e-04,0
54,6,4.97576400e-04,0.00000000e+00,0.00000000e+00,-4.97576400e-04,0
54,7,8.45767767e-04,0.00000000e+00,0.00000000e+00,8.45767767e-04,0
54,8,1.69470689e-03,0.00000000e+00,0.00000000e+00,1.69470689e-03,0
54,9,2.38878592e-03,0.00000000e+00,0.00000000e+00,-2.38878592e-03,0
54,10,2.33963098e-04,0.00000000e+00,0.00000000e+00,-2.33963098e-04,0
54,11,2.82054068e-05,0.00000000e+00,0.00000000e+00,2.82054068e-05,0
54,12,1.14481149e-03,0.00000000e+00,0.00000000e+00,1.14481149e-03,0
54,13,7.01421281e-04,0.00000000e+00,0.00000000e+00,7.01421281e-04,0
54,14,2.06117353e-04,0.00000000e+00,0.00000000e+00,-2.06117353e-04,0
54,15,2.67924706e-03,0.00000000e+00,0.00000000e+00,-2.67924706e-03,0
54,16,2.78700467e-03,0.00000000e+00,0.00000000e+00,2.78700467e-03,0
54,17,1.44886269e-03,0.00000000e+00,0.00000000e+00,1.44886269e-03,0
54,18,1.35285648e-03,0.00000000e+00,0.00000000e+00,1.35285648e-03,0
54,19,2.50561681e-03,0.00000000e+00,0.00000000e+00,2.50561681e-03,0
54,20,4.28771298e-04,0.00000000e+00,0.00000000e+00,-4.28771298e-04,0
54,21,1.25411337e-03,0.00000000e+00,0.00000000e+00,-1.25411337e-03,0
54,22,7.11228252e-04,0.00000000e+00,0.00000000e+00,7.11228252e-04,0
54,23,2.08588520e-03,0.00000000e+00,0.00000000e+00,-2.08588520e-03,0
54,24,8.72319667e-04,0.00000000e+00,0.00000000e+00,8.72319667e-04,0
54,25,8.80833844e-04,0.00000000e+00,0.00000000e+00,-8.80833844e-04,0
54,26,1.35808351e-03,0.00000000e+00,0.00000000e+00,1.35808351e-03,0
54,27,7.77546683e-04,0.00000000e+00,0.00000000e+00,7.77546683e-04,0
54,28,1.08977549e-04,0.00000000e+00,0.00000000e+00,1.08977549e-04,0
54,29,1.54154667e-04,0.00000000e+00,0.00000000e+00,-1.54154667e-04,0
54,30,3.11407609e-04,0.00000000e+00,0.00000000e+00,-3.11407609e-04,0
54,31,9.48065914e-04,0.00000000e+00,0.00000000e+00,-9.48065914e-04,0
54,32,8.04463039e-04,0.00000000e+00,0.00000000e+00,-8.04463039e-04,0
54,33,9.48065914e-04,0.00000000e+00,0.00000000e+00,-9.48065914e-04,0
54,34,3.11407609e-04,0.00000000e+00,0.00000000e+00,-3.11407609e-04,0
54,35,1.54154667e-04,0.00000000e+00,0.00000000e+00,-1.54154667e-04,0
54,36,1.08977549e-04,0.00000000e+00,0.00000000e+00,1.08977549e-04,0
54,37,7.77546683e-04,0.00000000e+00,0.00000000e+00,7.77546683e-04,0
54,38,1.35808351e-03,0.00000000e+00,0.00000000e+00,1.35808351e-03,0
54,39,8.80833844e-04,0.00000000e+00,0.00000000e+00,-8.80833844e-04,0
54,40,8.72319667e-04,0.00000000e+00,0.00000000e+00,8.72319667e-04,0
54,41,2.08588520e-03,0.00000000e+00,0.00000000e+00,-2.08588520e-03,0
54,42,7.11228252e-04,0.00000000e+00,0.00000000e+00,7.11228252e-04,0
54,43,1.25411337e-03,0.00000000e+00,0.00000000e+00,-1.25411337e-03,0
54,44,4.28771298e-04,0.00000000e+00,0.00000000e+00,-4.28771298e-04,0
54,45,2.50561681e-03,0.00000000e+00,0.00000000e+00,2.50561681e-03,0
54,46,1.35285648e-03,0.00000000e+00,0.00000000e+00,1.35285648e-03,0
54,47,1.44886269e-03,0.00000000e+00,0.00000000e+00,1.44886269e-03,0
54,48,2.78700467e-03,0.00000000e+00,0.00000000e+00,2.78700467e-03,0
54,49,2.67924706e-03,0.00000000e+00,0.00000000e+00,-2.67924706e-03,0
54,50,2.06117353e-04,0.00000000e+00,0.00000000e+00,-2.06117353e-04,0
54,51,7.01421281e-04,0.00000000e+00,0.00000000e+00,7.01421281e-04,0
54,52,1.14481149e-03,0.00000000e+00,0.00000000e+00,1.14481149e-03,0
54,53,2.82054068e-05,0.00000000e+00,0.00000000e+00,2.82054068e-05,0
54,54,2.33963098e-04,0.00000000e+00,0.00000000e+00,-2.33963098e-04,0
54,55,2.38878592e-03,0.00000000e+00,0.00000000e+00,-2.38878592e-03,0
54,56,1.69470689e-03,0.00000000e+00,0.00000000e+00,1.69470689e-03,0
54,57,8.45767767e-04,0.00000000e+00,0.00000000e+00,8.45767767e-04,0
54,58,4.97576400e-04,0.00000000e+00,0.00000000e+00,-4.97576400e-04,0
54,59,4.78912175e-04,0.00000000e+00,0.00000000e+00,-4.78912175e-04,0
54,60,2.50671025e-03,0.00000000e+00,0.00000000e+00,-2.50671025e-03,0
54,61,4.53075104e-04,0.00000000e+00,0.00000000e+00,-4.53075104e-04,0
54,62,1.28817126e-03,0.00000000e+00,0.00000000e+00,1.28817126e-03,0
54,63,8.98770837e-04,0.00000000e+00,0.00000000e+00,8.98770837e-04,0
55,0,8.97344581e-04,0.00000000e+00,0.00000000e+00,-8.97344581e-04,0
55,1,4.80067103e-04,0.00000000e+00,0.00000000e+00,4.80067103e-04,0
55,2,4.67890023e-04,0.00000000e+00,0.00000000e+00,4.67890023e-04,0
55,3,9.92582515e-04,0.00000000e+00,0.00000000e+00,-9.92582515e-04,0
55,4,1.04252321e-03,0.00000000e+00,0.00000000e+00,-1.04252321e-03,0
55,5,4.11715794e-04,0.00000000e+00,0.00000000e+00,4.11715794e-04,0
55,6,2.31511135e-04,0.00000000e+00,0.00000000e+00,2.31511135e-04,0
55,7,8.51402011e-04,0.00000000e+00,0.00000000e+00,-8.51402011e-04,0
55,8,2.50930788e-03,0.00000000e+00,0.00000000e+00,2.50930788e-03,0
55,9,1.22945542e-03,0.00000000e+00,0.00000000e+00,1.22945542e-03,0
55,10,2.38878592e-03,0.00000000e+00,0.00000000e+00,-2.38878592e-03,0
55,11,6.89843109e-04,0.00000000e+00,0.00000000e+00,6.89843109e-04,0
55,12,3.17675352e-03,0.00000000e+00,0.00000000e+00,3.17675352e-03,0
55,13,3.29830822e-04,0.00000000e+00,0.00000000e+00,-3.29830822e-04,0
55,14,1.56021876e-03,0.00000000e+00,0.00000000e+00,-1.56021876e-03,0
55,15,7.73649047e-04,0.00000000e+00,0.00000000e+00,7.73649047e-04,0
55,16,1.51481671e-03,0.00000000e+00,0.00000000e+00,1.51481671e-03,0
55,17,5.47858044e-04,0.00000000e+00,0.00000000e+00,-5.47858044e-04,0
55,18,7.36558672e-04,0.00000000e+00,0.00000000e+00,-7.36558672e-04,0
55,19,4.29112547e-04,0.00000000e+00,0.00000000e+00,-4.29112547e-04,0
55,20,8.95210899e-04,0.00000000e+00,0.00000000e+00,-8.95210899e-04,0
55,21,3.79959597e-04,0.00000000e+00,0.00000000e+00,3.79959597e-04,0
55,22,4.66428793e-04,0.00000000e+00,0.00000000e+00,-4.66428793e-04,0
55,23,7.94360059e-04,0.00000000e+00,0.00000000e+00,7.94360059e-04,0
55,24,7.46059819e-04,0.00000000e+00,0.00000000e+00,-7.46059819e-04,0
55,25,2.70491820e-04,0.00000000e+00,0.00000000e+00,2.70491820e-04,0
55,26,4.26481365e-04,0.00000000e+00,0.00000000e+00,4.26481365e-04,0
55,27,3.09004889e-04,0.00000000e+00,0.00000000e+00,3.09004889e-04,0
55,28,6.88271821e-06,0.00000000e+00,0.00000000e+00,6.88271821e-06,0
55,29,9.61558502e-04,0.00000000e+00,0.00000000e+00,9.61558502e-04,0
55,30,1.11689537e-03,0.00000000e+00,0.00000000e+00,1.11689537e-03,0
55,31,8.01401629e-04,0.00000000e+00,0.00000000e+00,8.01401629e-04,0
55,32,1.54243723e-04,0.00000000e+00,0.00000000e+00,1.54243723e-04,0
55,33,8.01401629e-04,0.00000000e+00,0.00000000e+00,8.01401629e-04,0
55,34,1.11689537e-03,0.00000000e+00,0.00000000e+00,1.11689537e-03,0
55,35,9.61558502e-04,0.00000000e+00,0.00000000e+00,9.61558502e-04,0
55,36,6.88271821e-06,0.00000000e+00,0.00000000e+00,6.88271821e-06,0
55,37,3.09004889e-04,0.00000000e+00,0.00000000e+00,3.09004889e-04,0
55,38,4.26481365e-04,0.00000000e+00,0.00000000e+00,4.26481365e-04,0
55,39,2.70491820e-04,0.00000000e+00,0.00000000e+00,2.70491820e-04,0
55,40,7.46059819e-04,0.00000000e+00,0.00000000e+00,-7.46059819e-04,0
55,41,7.94360059e-04,0.00000000e+00,0.00000000e+00,7.94360059e-04,0
55,42,4.66428793e-04,0.00000000e+00,0.00000000e+00,-4.66428793e-04,0
55,43,3.79959597e-04,0.00000000e+00,0.00000000e+00,3.79959597e-04,0
55,44,8.95210899e-04,0.00000000e+00,0.00000000e+00,-8.95210899e-04,0
55,45,4.29112547e-04,0.00000000e+00,0.00000000e+00,-4.29112547e-04,0
55,46,7.36558672e-04,0.00000000e+00,0.00000000e+00,-7.36558672e-04,0
55,47,5.47858044e-04,0.00000000e+00,0.00000000e+00,-5.47858044e-04,0
55,48,1.51481671e-03,0.00000000e+00,0.00000000e+00,1.51481671e-03,0
55,49,7.73649047e-04,0.00000000e+00,0.00000000e+00,7.73649047e-04,0
55,50,1.56021876e-03,0.00000000e+00,0.00000000e+00,-1.56021876e-03,0
55,51,3.29830822e-04,0.00000000e+00,0.00000000e+00,-3.29830822e-04,0
55,52,3.17675352e-03,0.00000000e+00,0.00000000e+00,3.17675352e-03,0
55,53,6.89843109e-04,0.00000000e+00,0.00000000e+00,6.89843109e-04,0
55,54,2.38878592e-03,0.00000000e+00,0.00000000e+00,-2.38878592e-03,0
55,55,1.22945542e-03,0.00000000e+00,0.00000000e+00,1.22945542e-03,0
55,56,2.50930788e-03,0.00000000e+00,0.00000000e+00,2.50930788e-03,0
55,57,8.51402011e-04,0.00000000e+00,0.00000000e+00,-8.51402011e-04,0
55,58,2.31511135e-04,0.00000000e+00,0.00000000e+00,2.31511135e-04,0
55,59,4.11715794e-04,0.00000000e+00,0.00000000e+00,4.11715794e-04,0
55,60,1.04252321e-03,0.00000000e+00,0.00000000e+00,-1.04252321e-03,0
55,61,9.92582515e-04,0.00000000e+00,0.00000000e+00,-9.92582515e-04,0
55,62,4.67890023e-04,0.00000000e+00,0.00000000e+00,4.67890023e-04,0
55,63,4.80067103e-04,0.00000000e+00,0.00000000e+00,4.80067103e-04,0
56,0,1.02605652e-03,0.00000000e+00,0.00000000e+00,-1.02605652e-03,0
56,1,2.19614025e-03,0.00000000e+00,0.00000000e+00,-2.19614025e-03,0
56,2,2.78843623e-04,0.00000000e+00,0.00000000e+00,2.78843623e-04,0
56,3,9.02851402e-04,0.00000000e+00,0.00000000e+00,9.02851402e-04,0
56,4,2.96194044e-04,0.00000000e+00,0.00000000e+00,2.96194044e-04,0
56,5,2.23513781e-03,0.00000000e+00,0.00000000e+00,2.23513781e-03,0
56,6,1.48135505e-03,0.00000000e+00,0.00000000e+00,1.48135505e-03,0
56,7,1.11011767e-03,0.00000000e+00,0.00000000e+00,-1.11011767e-03,0
56,8,3.48601444e-03,0.00000000e+00,0.00000000e+00,-3.48601444e-03,0
56,9,2.50930788e-03,0.00000000e+00,0.00000000e+00,2.50930788e-03,0
56,10,1.69470689e-03,0.00000000e+00,0.00000000e+00,1.69470689e-03,0
56,11,4.04820051e-04,0.00000000e+00,0.00000000e+00,-4.04820051e-04,0
56,12,1.69042360e-03,0.00000000e+00,0.00000000e+00,-1.69042360e-03,0
56,13,2.10872386e-03,0.00000000e+00,0.00000000e+00,-2.10872386e-03,0
56,14,3.31931759e-03,0.00000000e+00,0.00000000e+00,3.31931759e-03,0
56,15,1.32429709e-03,0.00000000e+00,0.00000000e+00,1.32429709e-03,0
56,16,1.39784980e-03,0.00000000e+00,0.00000000e+00,-1.39784980e-03,0
56,17,2.48433811e-03,0.00000000e+00,0.00000000e+00,-2.48433811e-03,0
56,18,1.98570380e-03,0.00000000e+00,0.00000000e+00,1.98570380e-03,0
56,19,1.41009252e-03,0.00000000e+00,0.00000000e+00,-1.41009252e-03,0
56,20,1.61129763e-03,0.00000000e+00,0.00000000e+00,1.61129763e-03,0
56,21,1.81466775e-04,0.00000000e+00,0.00000000e+00,1.81466775e-04,0
56,22,9.41739455e-04,0.00000000e+00,0.00000000e+00,9.41739455e-04,0
56,23,9.51079486e-04,0.00000000e+00,0.00000000e+00,-9.51079486e-04,0
56,24,4.21842488e-05,0.00000000e+00,0.00000000e+00,4.21842488e-05,0
56,25,1.50037446e-03,0.00000000e+00,0.00000000e+00,-1.50037446e-03,0
56,26,1.56002491e-03,0.00000000e+00,0.00000000e+00,1.56002491e-03,0
56,27,9.53539697e-04,0.00000000e+00,0.00000000e+00,-9.53539697e-04,0
56,28,7.88034298e-05,0.00000000e+00,0.00000000e+00,7.88034298e-05,0
56,29,1.16370662e-03,0.00000000e+00,0.00000000e+00,1.16370662e-03,0
56,30,1.55220017e-04,0.00000000e+00,0.00000000e+00,1.55220017e-04,0
56,31,1.16021780e-03,0.00000000e+00,0.00000000e+00,1.16021780e-03,0
56,32,1.86918822e-03,0.00000000e+00,0.00000000e+00,-1.86918822e-03,0
56,33,1.16021780e-03,0.00000000e+00,0.00000000e+00,1.16021780e-03,0
56,34,1.55220017e-04,0.00000000e+00,0.00000000e+00,1.55220017e-04,0
56,35,1.16370662e-03,0.00000000e+00,0.00000000e+00,1.16370662e-03,0
56,36,7.88034298e-05,0.00000000e+00,0.00000000e+00,7.88034298e-05,0
56,37,9.53539697e-04,0.00000000e+00,0.00000000e+00,-9.53539697e-04,0
56,38,1.56002491e-03,0.00000000e+00,0.00000000e+00,1.56002491e-03,0
56,39,1.50037446e-03,0.00000000e+00,0.00000000e+00,-1.50037446e-03,0
56,40,4.21842488e-05,0.00000000e+00,0.00000000e+00,4.21842488e-05,0
56,41,9.51079486e-04,0.00000000e+00,0.00000000e+00,-9.51079486e-04,0
56,42,9.41739455e-04,0.00000000e+00,0.00000000e+00,9.41739455e-04,0
56,43,1.81466775e-04,0.00000000e+00,0.00000000e+00,1.81466775e-04,0
56,44,1.61129763e-03,0.00000000e+00,0.00000000e+00,1.61129763e-03,0
56,45,1.41009252e-03,0.00000000e+00,0.00000000e+00,-1.41009252e-03,0
56,46,1.98570380e-03,0.00000000e+00,0.00000000e+00,1.98570380e-03,0
56,47,2.48433811e-03,0.00000000e+00,0.00000000e+00,-2.48433811e-03,0
56,48,1.39784980e-03,0.00000000e+00,0.00000000e+00,-1.39784980e-03,0
56,49,1.32429709e-03,0.00000000e+00,0.00000000e+00,1.32429709e-03,0
56,50,3.31931759e-03,0.00000000e+00,0.00000000e+00,3.31931759e-03,0
56,51,2.10872386e-03,0.00000000e+00,0.00000000e+00,-2.10872386e-03,0
56,52,1.69042360e-03,0.00000000e+00,0.00000000e+00,-1.69042360e-03,0
56,53,4.04820051e-04,0.00000000e+00,0.00000000e+00,-4.04820051e-04,0
56,54,1.69470689e-03,0.00000000e+00,0.00000000e+00,1.69470689e-03,0
56,55,2.50930788e-03,0.00000000e+00,0.00000000e+00,2.50930788e-03,0
56,56,3.48601444e-03,0.00000000e+00,0.00000000e+00,-3.48601444e-03,0
56,57,1.11011767e-03,0.00000000e+00,0.00000000e+00,-1.11011767e-03,0
56,58,1.48135505e-03,0.00000000e+00,0.00000000e+00,1.48135505e-03,0
56,59,2.23513781e-03,0.00000000e+00,0.00000000e+00,2.23513781e-03,0
56,60,2.96194044e-04,0.00000000e+00,0.00000000e+00,2.96194044e-04,0
56,61,9.02851402e-04,0.00000000e+00,0.00000000e+00,9.02851402e-04,0
56,62,2.78843623e-04,0.00000000e+00,0.00000000e+00,2.78843623e-04,0
56,63,2.19614025e-03,0.00000000e+00,0.00000000e+00,-2.19614025e-03,0
57,0,2.13026022e-04,0.00000000e+00,0.00000000e+00,-2.13026022e-04,0
57,1,4.30053992e-04,0.00000000e+00,0.00000000e+00,4.30053992e-04,0
57,2,5.00398105e-04,0.00000000e+00,0.00000000e+00,5.00398105e-04,0
57,3,9.26649075e-04,0.00000000e+00,0.00000000e+00,-9.26649075e-04,0
57,4,7.52323230e-04,0.00000000e+00,0.00000000e+00,-7.52323230e-04,0
57,5,6.47252111e-04,0.00000000e+00,0.00000000e+00,-6.47252111e-04,0
57,6,1.18995558e-03,0.00000000e+00,0.00000000e+00,1.18995558e-03,0
57,7,1.29639308e-03,0.00000000e+00,0.00000000e+00,1.29639308e-03,0
57,8,1.11011767e-03,0.00000000e+00,0.00000000e+00,-1.11011767e-03,0
57,9,8.51402011e-04,0.00000000e+00,0.00000000e+00,-8.51402011e-04,0
57,10,8.45767767e-04,0.00000000e+00,0.00000000e+00,8.45767767e-04,0
57,11,8.76707845e-04,0.00000000e+00,0.00000000e+00,8.76707845e-04,0
57,12,1.98689212e-03,0.00000000e+00,0.00000000e+00,-1.98689212e-03,0
57,13,1.42633876e-03,0.00000000e+00,0.00000000e+00,1.42633876e-03,0
57,14,9.89442750e-04,0.00000000e+00,0.00000000e+00,9.89442750e-04,0
57,15,6.51707234e-04,0.00000000e+00,0.00000000e+00,-6.51707234e-04,0
57,16,1.11655305e-04,0.00000000e+00,0.00000000e+00,-1.11655305e-04,0
57,17,7.39370321e-04,0.00000000e+00,0.00000000e+00,7.39370321e-04,0
57,18,4.57867343e-04,0.00000000e+00,0.00000000e+00,-4.57867343e-04,0
57,19,4.19075383e-05,0.00000000e+00,0.00000000e+00,4.19075383e-05,0
57,20,3.49444305e-05,0.00000000e+00,0.00000000e+00,3.49444305e-05,0
57,21,6.61255945e-04,0.00000000e+00,0.00000000e+00,6.61255945e-04,0
57,22,7.07559045e-04,0.00000000e+00,0.00000000e+00,7.07559045e-04,0
57,23,5.51605636e-04,0.00000000e+00,0.00000000e+00,5.51605636e-04,0
57,24,1.80547072e-03,0.00000000e+00,0.00000000e+00,-1.80547072e-03,0
57,25,2.38072395e-04,0.00000000e+00,0.00000000e+00,-2.38072395e-04,0
57,26,1.19987102e-03,0.00000000e+00,0.00000000e+00,-1.19987102e-03,0
57,27,9.63355084e-04,0.00000000e+00,0.00000000e+00,-9.63355084e-04,0
57,28,9.50463228e-04,0.00000000e+00,0.00000000e+00,-9.50463228e-04,0
57,29,3.11403066e-04,0.00000000e+00,0.00000000e+00,3.11403066e-04,0
57,30,6.18871281e-04,0.00000000e+00,0.00000000e+00,6.18871281e-04,0
57,31,2.32397339e-04,0.00000000e+00,0.00000000e+00,2.32397339e-04,0
57,32,5.41250062e-04,0.00000000e+00,0.00000000e+00,-5.41250062e-04,0
57,33,2.32397339e-04,0.00000000e+00,0.00000000e+00,2.32397339e-04,0
57,34,6.18871281e-04,0.00000000e+00,0.00000000e+00,6.18871281e-04,0
57,35,3.11403066e-04,0.00000000e+00,0.00000000e+00,3.11403066e-04,0
57,36,9.50463228e-04,0.00000000e+00,0.00000000e+00,-9.50463228e-04,0
57,37,9.63355084e-04,0.00000000e+00,0.00000000e+00,-9.63355084e-04,0
57,38,1.19987102e-03,0.00000000e+00,0.00000000e+00,-1.19987102e-03,0
57,39,2.38072395e-04,0.00000000e+00,0.00000000e+00,-2.38072395e-04,0
57,40,1.80547072e-03,0.00000000e+00,0.00000000e+00,-1.80547072e-03,0
57,41,5.51605636e-04,0.00000000e+00,0.00000000e+00,5.51605636e-04,0
57,42,7.07559045e-04,0.00000000e+00,0.00000000e+00,7.07559045e-04,0
57,43,6.61255945e-04,0.00000000e+00,0.00000000e+00,6.61255945e-04,0
57,44,3.49444305e-05,0.00000000e+00,0.00000000e+00,3.49444305e-05,0
57,45,4.19075383e-05,0.00000000e+00,0.00000000e+00,4.19075383e-05,0
57,46,4.57867343e-04,0.00000000e+00,0.00000000e+00,-4.57867343e-04,0
57,47,7.39370321e-04,0.00000000e+00,0.00000000e+00,7.39370321e-04,0
57,48,1.11655305e-04,0.00000000e+00,0.00000000e+00,-1.11655305e-04,0
57,49,6.51707234e-04,0.00000000e+00,0.00000000e+00,-6.51707234e-04,0
57,50,9.89442750e-04,0.00000000e+00,0.00000000e+00,9.89442750e-04,0
57,51,1.42633876e-03,0.00000000e+00,0.00000000e+00,1.42633876e-03,0
57,52,1.98689212e-03,0.00000000e+00,0.00000000e+00,-1.98689212e-03,0
57,53,8.76707845e-04,0.00000000e+00,0.00000000e+00,8.76707845e-04,0
57,54,8.45767767e-04,0.00000000e+00,0.00000000e+00,8.45767767e-04,0
57,55,8.51402011e-04,0.00000000e+00,0.00000000e+00,-8.51402011e-04,0
57,56,1.11011767e-03,0.00000000e+00,0.00000000e+00,-1.11011767e-03,0
57,57,1.29639308e-03,0.00000000e+00,0.00000000e+00,1.29639308e-03,0
57,58,1.18995558e-03,0.00000000e+00,0.00000000e+00,1.18995558e-03,0
57,59,6.47252111e-04,0.00000000e+00,0.00000000e+00,-6.47252111e-04,0
57,60,7.52323230e-04,0.00000000e+00,0.00000000e+00,-7.52323230e-04,0
57,61,9.26649075e-04,0.00000000e+00,0.00000000e+00,-9.26649075e-04,0
57,62,5.00398105e-04,0.00000000e+00,0.00000000e+00,5.00398105e-04,0
57,63,4.30053992e-04,0.00000000e+00,0.00000000e+00,4.30053992e-04,0
58,0,2.28574400e-04,0.00000000e+00,0.00000000e+00,2.28574400e-04,0
58,1,4.63061550e-04,0.00000000e+00,0.00000000e+00,-4.63061550e-04,0
58,2,9.20590626e-04,0.00000000e+00,0.00000000e+00,-9.20590626e-04,0
58,3,6.85985021e-04,0.00000000e+00,0.00000000e+00,-6.85985021e-04,0
58,4,4.39060709e-04,0.00000000e+00,0.00000000e+00,4.39060709e-04,0
58,5,8.05348605e-04,0.00000000e+00,0.00000000e+00,-8.05348605e-04,0
58,6,5.64998337e-04,0.00000000e+00,0.00000000e+00,-5.64998337e-04,0
58,7,1.18995558e-03,0.00000000e+00,0.00000000e+00,1.18995558e-03,0
58,8,1.48135505e-03,0.00000000e+00,0.00000000e+00,1.48135505e-03,0
58,9,2.31511135e-04,0.00000000e+00,0.00000000e+00,2.31511135e-04,0
58,10,4.97576400e-04,0.00000000e+00,0.00000000e+00,-4.97576400e-04,0
58,11,2.13219551e-03,0.00000000e+00,0.00000000e+00,2.13219551e-03,0
58,12,1.15519046e-03,0.00000000e+00,0.00000000e+00,1.15519046e-03,0
58,13,2.10889090e-03,0.00000000e+00,0.00000000e+00,2.10889090e-03,0
58,14,1.07428443e-03,0.00000000e+00,0.00000000e+00,-1.07428443e-03,0
58,15,2.44504313e-04,0.00000000e+00,0.00000000e+00,-2.44504313e-04,0
58,16,1.70985163e-03,0.00000000e+00,0.00000000e+00,1.70985163e-03,0
58,17,7.18074891e-04,0.00000000e+00,0.00000000e+00,7.18074891e-04,0
58,18,7.29584516e-04,0.00000000e+00,0.00000000e+00,-7.29584516e-04,0
58,19,8.91087256e-04,0.00000000e+00,0.00000000e+00,8.91087256e-04,0
58,20,8.84386841e-04,0.00000000e+00,0.00000000e+00,-8.84386841e-04,0
58,21,8.68466231e-04,0.00000000e+00,0.00000000e+00,8.68466231e-04,0
58,22,9.44125105e-05,0.00000000e+00,0.00000000e+00,9.44125105e-05,0
58,23,1.74153854e-04,0.00000000e+00,0.00000000e+00,1.74153854e-04,0
58,24,8.38992983e-04,0.00000000e+00,0.00000000e+00,8.38992983e-04,0
58,25,6.82565878e-04,0.00000000e+00,0.00000000e+00,-6.82565878e-04,0
58,26,9.11073512e-05,0.00000000e+00,0.00000000e+00,-9.11073512e-05,0
58,27,3.40066255e-04,0.00000000e+00,0.00000000e+00,-3.40066255e-04,0
58,28,3.15548986e-04,0.00000000e+00,0.00000000e+00,-3.15548986e-04,0
58,29,8.10251709e-04,0.00000000e+00,0.00000000e+00,8.10251709e-04,0
58,30,6.02339480e-04,0.00000000e+00,0.00000000e+00,6.02339480e-04,0
58,31,1.16200684e-03,0.00000000e+00,0.00000000e+00,1.16200684e-03,0
58,32,4.60917840e-04,0.00000000e+00,0.00000000e+00,4.60917840e-04,0
58,33,1.16200684e-03,0.00000000e+00,0.00000000e+00,1.16200684e-03,0
58,34,6.02339480e-04,0.00000000e+00,0.00000000e+00,6.02339480e-04,0
58,35,8.10251709e-04,0.00000000e+00,0.00000000e+00,8.10251709e-04,0
58,36,3.15548986e-04,0.00000000e+00,0.00000000e+00,-3.15548986e-04,0
58,37,3.40066255e-04,0.00000000e+00,0.00000000e+00,-3.40066255e-04,0
58,38,9.11073512e-05,0.00000000e+00,0.00000000e+00,-9.11073512e-05,0
58,39,6.82565878e-04,0.00000000e+00,0.00000000e+00,-6.82565878e-04,0
58,40,8.38992983e-04,0.00000000e+00,0.00000000e+00,8.38992983e-04,0
58,41,1.74153854e-04,0.00000000e+00,0.00000000e+00,1.74153854e-04,0
58,42,9.44125105e-05,0.00000000e+00,0.00000000e+00,9.44125105e-05,0
58,43,8.68466231e-04,0.00000000e+00,0.00000000e+00,8.68466231e-04,0
58,44,8.84386841e-04,0.00000000e+00,0.00000000e+00,-8.84386841e-04,0
58,45,8.91087256e-04,0.00000000e+00,0.00000000e+00,8.91087256e-04,0
58,46,7.29584516e-04,0.00000000e+00,0.00000000e+00,-7.29584516e-04,0
58,47,7.18074891e-04,0.00000000e+00,0.00000000e+00,7.18074891e-04,0
58,48,1.70985163e-03,0.00000000e+00,0.00000000e+00,1.70985163e-03,0
58,49,2.44504313e-04,0.00000000e+00,0.00000000e+00,-2.44504313e-04,0
58,50,1.07428443e-03,0.00000000e+00,0.00000000e+00,-1.07428443e-03,0
58,51,2.10889090e-03,0.00000000e+00,0.00000000e+00,2.10889090e-03,0
58,52,1.15519046e-03,0.00000000e+00,0.00000000e+00,1.15519046e-03,0
58,53,2.13219551e-03,0.00000000e+00,0.00000000e+00,2.13219551e-03,0
58,54,4.97576400e-04,0.00000000e+00,0.00000000e+00,-4.97576400e-04,0
58,55,2.31511135e-04,0.00000000e+00,0.00000000e+00,2.31511135e-04,0
58,56,1.48135505e-03,0.00000000e+00,0.00000000e+00,1.48135505e-03,0
58,57,1.18995558e-03,0.00000000e+00,0.00000000e+00,1.18995558e-03,0
58,58,5.64998337e-04,0.00000000e+00,0.00000000e+00,-5.64998337e-04,0
58,59,8.05348605e-04,0.00000000e+00,0.00000000e+00,-8.05348605e-04,0
58,60,4.39060709e-04,0.00000000e+00,0.00000000e+00,4.39060709e-04,0
58,61,6.85985021e-04,0.00000000e+00,0.00000000e+00,-6.85985021e-04,0
58,62,9.20590626e-04,0.00000000e+00,0.00000000e+00,-9.20590626e-04,0
58,63,4.63061550e-04,0.00000000e+00,0.00000000e+00,-4.63061550e-04,0
59,0,2.37833329e-03,0.00000000e+00,0.00000000e+00,2.37833329e-03,0
59,1,1.59839406e-03,0.00000000e+00,0.00000000e+00,-1.59839406e-03,0
59,2,2.13028256e-03,0.00000000e+00,0.00000000e+00,-2.13028256e-03,0
59,3,7.43692161e-04,0.00000000e+00,0.00000000e+00,7.43692161e-04,0
59,4,1.04538047e-03,0.00000000e+00,0.00000000e+00,1.04538047e-03,0
59,5,2.05667952e-03,0.00000000e+00,0.00000000e+00,2.05667952e-03,0
59,6,8.05348605e-04,0.00000000e+00,0.00000000e+00,-8.05348605e-04,0
59,7,6.47252111e-04,0.00000000e+00,0.00000000e+00,-6.47252111e-04,0
59,8,2.23513781e-03,0.00000000e+00,0.00000000e+00,2.23513781e-03,0
59,9,4.11715794e-04,0.00000000e+00,0.00000000e+00,4.11715794e-04,0
59,10,4.78912175e-04,0.00000000e+00,0.00000000e+00,-4.78912175e-04,0
59,11,6.55527920e-04,0.00000000e+00,0.00000000e+00,-6.55527920e-04,0
59,12,3.81560392e-04,0.00000000e+00,0.00000000e+00,-3.81560392e-04,0
59,13,1.00024530e-03,0.00000000e+00,0.00000000e+00,-1.00024530e-03,0
59,14,1.20123639e-03,0.00000000e+00,0.00000000e+00,-1.20123639e-03,0
59,15,4.66294341e-04,0.00000000e+00,0.00000000e+00,-4.66294341e-04,0
59,16,4.47963335e-04,0.00000000e+00,0.00000000e+00,4.47963335e-04,0
59,17,1.03220431e-03,0.00000000e+00,0.00000000e+00,-1.03220431e-03,0
59,18,1.43058561e-03,0.00000000e+00,0.00000000e+00,-1.43058561e-03,0
59,19,1.39856062e-03,0.00000000e+00,0.00000000e+00,1.39856062e-03,0
59,20,9.49445324e-05,0.00000000e+00,0.00000000e+00,-9.49445324e-05,0
59,21,1.26148838e-03,0.00000000e+00,0.00000000e+00,-1.26148838e-03,0
59,22,1.70688188e-03,0.00000000e+00,0.00000000e+00,-1.70688188e-03,0
59,23,1.60530688e-03,0.00000000e+00,0.00000000e+00,-1.60530688e-03,0
59,24,7.96014971e-04,0.00000000e+00,0.00000000e+00,-7.96014971e-04,0
59,25,1.02816744e-03,0.00000000e+00,0.00000000e+00,-1.02816744e-03,0
59,26,1.65634488e-03,0.00000000e+00,0.00000000e+00,-1.65634488e-03,0
59,27,2.36476260e-04,0.00000000e+00,0.00000000e+00,2.36476260e-04,0
59,28,6.51195056e-04,0.00000000e+00,0.00000000e+00,-6.51195056e-04,0
59,29,4.15195004e-04,0.00000000e+00,0.00000000e+00,-4.15195004e-04,0
59,30,7.53455202e-05,0.00000000e+00,0.00000000e+00,7.53455202e-05,0
59,31,6.17889183e-04,0.00000000e+00,0.00000000e+00,-6.17889183e-04,0
59,32,1.04624744e-03,0.00000000e+00,0.00000000e+00,1.04624744e-03,0
59,33,6.17889183e-04,0.00000000e+00,0.00000000e+00,-6.17889183e-04,0
59,34,7.53455202e-05,0.00000000e+00,0.00000000e+00,7.53455202e-05,0
59,35,4.15195004e-04,0.00000000e+00,0.00000000e+00,-4.15195004e-04,0
59,36,6.51195056e-04,0.00000000e+00,0.00000000e+00,-6.51195056e-04,0
59,37,2.36476260e-04,0.00000000e+00,0.00000000e+00,2.36476260e-04,0
59,38,1.65634488e-03,0.00000000e+00,0.00000000e+00,-1.65634488e-03,0
59,39,1.02816744e-03,0.00000000e+00,0.00000000e+00,-1.02816744e-03,0
59,40,7.96014971e-04,0.00000000e+00,0.00000000e+00,-7.96014971e-04,0
59,41,1.60530688e-03,0.00000000e+00,0.00000000e+00,-1.60530688e-03,0
59,42,1.70688188e-03,0.00000000e+00,0.00000000e+00,-1.70688188e-03,0
59,43,1.26148838e-03,0.00000000e+00,0.00000000e+00,-1.26148838e-03,0
59,44,9.49445324e-05,0.00000000e+00,0.00000000e+00,-9.49445324e-05,0
59,45,1.39856062e-03,0.00000000e+00,0.00000000e+00,1.39856062e-03,0
59,46,1.43058561e-03,0.00000000e+00,0.00000000e+00,-1.43058561e-03,0
59,47,1.03220431e-03,0.00000000e+00,0.00000000e+00,-1.03220431e-03,0
59,48,4.47963335e-04,0.00000000e+00,0.00000000e+00,4.47963335e-04,0
59,49,4.66294341e-04,0.00000000e+00,0.00000000e+00,-4.66294341e-04,0
59,50,1.20123639e-03,0.00000000e+00,0.00000000e+00,-1.20123639e-03,0
59,51,1.00024530e-03,0.00000000e+00,0.00000000e+00,-1.00024530e-03,0
59,52,3.81560392e-04,0.00000000e+00,0.00000000e+00,-3.81560392e-04,0
59,53,6.55527920e-04,0.00000000e+00,0.00000000e+00,-6.55527920e-04,0
59,54,4.78912175e-04,0.00000000e+00,0.00000000e+00,-4.78912175e-04,0
59,55,4.11715794e-04,0.00000000e+00,0.00000000e+00,4.11715794e-04,0
59,56,2.23513781e-03,0.00000000e+00,0.00000000e+00,2.23513781e-03,0
59,57,6.47252111e-04,0.00000000e+00,0.00000000e+00,-6.47252111e-04,0
59,58,8.05348605e-04,0.00000000e+00,0.00000000e+00,-8.05348605e-04,0
59,59,2.05667952e-03,0.00000000e+00,0.00000000e+00,2.05667952e-03,0
59,60,1.04538047e-03,0.00000000e+00,0.00000000e+00,1.04538047e-03,0
59,61,7.43692161e-04,0.00000000e+00,0.00000000e+00,7.43692161e-04,0
59,62,2.13028256e-03,0.00000000e+00,0.00000000e+00,-2.13028256e-03,0
59,63,1.59839406e-03,0.00000000e+00,0.00000000e+00,-1.59839406e-03,0
60,0,2.08500536e-03,0.00000000e+00,0.00000000e+00,2.08500536e-03,0
60,1,2.21066061e-04,0.00000000e+00,0.00000000e+00,-2.21066061e-04,0
60,2,1.90149996e-04,0.00000000e+00,0.00000000e+00,-1.90149996e-04,0
60,3,4.42752751e-04,0.00000000e+00,0.00000000e+00,-4.42752751e-04,0
60,4,1.58720437e-03,0.00000000e+00,0.00000000e+00,-1.58720437e-03,0
60,5,1.04538047e-03,0.00000000e+00,0.00000000e+00,1.04538047e-03,0
60,6,4.39060709e-04,0.00000000e+00,0.00000000e+00,4.39060709e-04,0
60,7,7.52323230e-04,0.00000000e+00,0.00000000e+00,-7.52323230e-04,0
60,8,2.96194044e-04,0.00000000e+00,0.00000000e+00,2.96194044e-04,0
60,9,1.04252321e-03,0.00000000e+00,0.00000000e+00,-1.04252321e-03,0
60,10,2.50671025e-03,0.00000000e+00,0.00000000e+00,-2.50671025e-03,0
60,11,2.01327410e-03,0.00000000e+00,0.00000000e+00,2.01327410e-03,0
60,12,3.32333292e-03,0.00000000e+00,0.00000000e+00,3.32333292e-03,0
60,13,7.91422977e-04,0.00000000e+00,0.00000000e+00,7.91422977e-04,0
60,14,8.10263895e-04,0.00000000e+00,0.00000000e+00,-8.10263895e-04,0
60,15,9.58256623e-04,0.00000000e+00,0.00000000e+00,-9.58256623e-04,0
60,16,1.44730807e-04,0.00000000e+00,0.00000000e+00,1.44730807e-04,0
60,17,8.66735470e-04,0.00000000e+00,0.00000000e+00,8.66735470e-04,0
60,18,4.38489446e-04,0.00000000e+00,0.00000000e+00,-4.38489446e-04,0
60,19,1.35719198e-03,0.00000000e+00,0.00000000e+00,1.35719198e-03,0
60,20,4.65003316e-04,0.00000000e+00,0.00000000e+00,4.65003316e-04,0
60,21,6.99575301e-04,0.00000000e+00,0.00000000e+00,-6.99575301e-04,0
60,22,9.56106355e-04,0.00000000e+00,0.00000000e+00,-9.56106355e-04,0
60,23,4.76504985e-04,0.00000000e+00,0.00000000e+00,4.76504985e-04,0
60,24,6.31059684e-04,0.00000000e+00,0.00000000e+00,-6.31059684e-04,0
60,25,3.64701375e-04,0.00000000e+00,0.00000000e+00,-3.64701375e-04,0
60,26,2.18212333e-04,0.00000000e+00,0.00000000e+00,-2.18212333e-04,0
60,27,3.07731732e-04,0.00000000e+00,0.00000000e+00,-3.07731732e-04,0
60,28,1.43519537e-04,0.00000000e+00,0.00000000e+00,1.43519537e-04,0
60,29,7.95267817e-04,0.00000000e+00,0.00000000e+00,-7.95267817e-04,0
60,30,5.84318851e-04,0.00000000e+00,0.00000000e+00,-5.84318851e-04,0
60,31,8.73566782e-04,0.00000000e+00,0.00000000e+00,8.73566782e-04,0
60,32,5.09747423e-04,0.00000000e+00,0.00000000e+00,5.09747423e-04,0
60,33,8.73566782e-04,0.00000000e+00,0.00000000e+00,8.73566782e-04,0
60,34,5.84318851e-04,0.00000000e+00,0.00000000e+00,-5.84318851e-04,0
60,35,7.95267817e-04,0.00000000e+00,0.00000000e+00,-7.95267817e-04,0
60,36,1.43519537e-04,0.00000000e+00,0.00000000e+00,1.43519537e-04,0
60,37,3.07731732e-04,0.00000000e+00,0.00000000e+00,-3.07731732e-04,0
60,38,2.18212333e-04,0.00000000e+00,0.00000000e+00,-2.18212333e-04,0
60,39,3.64701375e-04,0.00000000e+00,0.00000000e+00,-3.64701375e-04,0
60,40,6.31059684e-04,0.00000000e+00,0.00000000e+00,-6.31059684e-04,0
60,41,4.76504985e-04,0.00000000e+00,0.00000000e+00,4.76504985e-04,0
60,42,9.56106355e-04,0.00000000e+00,0.00000000e+00,-9.56106355e-04,0
60,43,6.99575301e-04,0.00000000e+00,0.00000000e+00,-6.99575301e-04,0
60,44,4.65003316e-04,0.00000000e+00,0.00000000e+00,4.65003316e-04,0
60,45,1.35719198e-03,0.00000000e+00,0.00000000e+00,1.35719198e-03,0
60,46,4.38489446e-04,0.00000000e+00,0.00000000e+00,-4.38489446e-04,0
60,47,8.66735470e-04,0.00000000e+00,0.00000000e+00,8.66735470e-04,0
60,48,1.44730807e-04,0.00000000e+00,0.00000000e+00,1.44730807e-04,0
60,49,9.58256623e-04,0.00000000e+00,0.00000000e+00,-9.58256623e-04,0
60,50,8.10263895e-04,0.00000000e+00,0.00000000e+00,-8.10263895e-04,0
60,51,7.91422977e-04,0.00000000e+00,0.00000000e+00,7.91422977e-04,0
60,52,3.32333292e-03,0.00000000e+00,0.00000000e+00,3.32333292e-03,0
60,53,2.01327410e-03,0.00000000e+00,0.00000000e+00,2.01327410e-03,0
60,54,2.50671025e-03,0.00000000e+00,0.00000000e+00,-2.50671025e-03,0
60,55,1.04252321e-03,0.00000000e+00,0.00000000e+00,-1.04252321e-03,0
60,56,2.96194044e-04,0.00000000e+00,0.00000000e+00,2.96194044e-04,0
60,57,7.52323230e-04,0.00000000e+00,0.00000000e+00,-7.52323230e-04,0
60,58,4.39060709e-04,0.00000000e+00,0.00000000e+00,4.39060709e-04,0
60,59,1.04538047e-03,0.00000000e+00,0.00000000e+00,1.04538047e-03,0
60,60,1.58720437e-03,0.00000000e+00,0.00000000e+00,-1.58720437e-03,0
60,61,4.42752751e-04,0.00000000e+00,0.00000000e+00,-4.42752751e-04,0
60,62,1.90149996e-04,0.00000000e+00,0.00000000e+00,-1.90149996e-04,0
60,63,2.21066061e-04,0.00000000e+00,0.00000000e+00,-2.21066061e-04,0
61,0,9.19713482e-04,0.00000000e+00,0.00000000e+00,-9.19713482e-04,0
61,1,1.40051702e-03,0.00000000e+00,0.00000000e+00,-1.40051702e-03,0
61,2,5.00149050e-04,0.00000000e+00,0.00000000e+00,5.00149050e-04,0
61,3,1.81855310e-03,0.00000000e+00,0.00000000e+00,1.81855310e-03,0
61,4,4.42752751e-04,0.00000000e+00,0.00000000e+00,-4.42752751e-04,0
61,5,7.43692161e-04,0.00000000e+00,0.00000000e+00,7.43692161e-04,0
61,6,6.85985021e-04,0.00000000e+00,0.00000000e+00,-6.85985021e-04,0
61,7,9.26649075e-04,0.00000000e+00,0.00000000e+00,-9.26649075e-04,0
61,8,9.02851402e-04,0.00000000e+00,0.00000000e+00,9.02851402e-04,0
61,9,9.92582515e-04,0.00000000e+00,0.00000000e+00,-9.92582515e-04,0
61,10,4.53075104e-04,0.00000000e+00,0.00000000e+00,-4.53075104e-04,0
61,11,7.79605689e-04,0.00000000e+00,0.00000000e+00,-7.79605689e-04,0
61,12,1.25882947e-03,0.00000000e+00,0.00000000e+00,1.25882947e-03,0
61,13,8.93754911e-04,0.00000000e+00,0.00000000e+00,-8.93754911e-04,0
61,14,4.83013029e-04,0.00000000e+00,0.00000000e+00,4.83013029e-04,0
61,15,1.03316904e-03,0.00000000e+00,0.00000000e+00,-1.03316904e-03,0
61,16,1.08693258e-03,0.00000000e+00,0.00000000e+00,-1.08693258e-03,0
61,17,6.66648899e-04,0.00000000e+00,0.00000000e+00,-6.66648899e-04,0
61,18,7.96116156e-04,0.00000000e+00,0.00000000e+00,7.96116156e-04,0
61,19,5.40737865e-04,0.00000000e+00,0.00000000e+00,-5.40737865e-04,0
61,20,1.16055355e-03,0.00000000e+00,0.00000000e+00,-1.16055355e-03,0
61,21,2.88367402e-05,0.00000000e+00,0.00000000e+00,-2.88367402e-05,0
61,22,5.22423330e-04,0.00000000e+00,0.00000000e+00,5.22423330e-04,0
61,23,1.36104408e-03,0.00000000e+00,0.00000000e+00,-1.36104408e-03,0
61,24,7.03986332e-05,0.00000000e+00,0.00000000e+00,-7.03986332e-05,0
61,25,1.00824774e-03,0.00000000e+00,0.00000000e+00,-1.00824774e-03,0
61,26,1.38638992e-04,0.00000000e+00,0.00000000e+00,1.38638992e-04,0
61,27,2.35392135e-04,0.00000000e+00,0.00000000e+00,-2.35392135e-04,0
61,28,6.89721616e-04,0.00000000e+00,0.00000000e+00,-6.89721616e-04,0
61,29,1.78308837e-03,0.00000000e+00,0.00000000e+00,-1.78308837e-03,0
61,30,1.30298691e-03,0.00000000e+00,0.00000000e+00,-1.30298691e-03,0
61,31,1.73025123e-03,0.00000000e+00,0.00000000e+00,-1.73025123e-03,0
61,32,5.63654293e-05,0.00000000e+00,0.00000000e+00,-5.63654293e-05,0
61,33,1.73025123e-03,0.00000000e+00,0.00000000e+00,-1.73025123e-03,0
61,34,1.30298691e-03,0.00000000e+00,0.00000000e+00,-1.30298691e-03,0
61,35,1.78308837e-03,0.00000000e+00,0.00000000e+00,-1.78308837e-03,0
61,36,6.89721616e-04,0.00000000e+00,0.00000000e+00,-6.89721616e-04,0
61,37,2.35392135e-04,0.00000000e+00,0.00000000e+00,-2.35392135e-04,0
61,38,1.38638992e-04,0.00000000e+00,0.00000000e+00,1.38638992e-04,0
61,39,1.00824774e-03,0.00000000e+00,0.00000000e+00,-1.00824774e-03,0
61,40,7.03986332e-05,0.00000000e+00,0.00000000e+00,-7.03986332e-05,0
61,41,1.36104408e-03,0.00000000e+00,0.00000000e+00,-1.36104408e-03,0
61,42,5.22423330e-04,0.00000000e+00,0.00000000e+00,5.22423330e-04,0
61,43,2.88367402e-05,0.00000000e+00,0.00000000e+00,-2.88367402e-05,0
61,44,1.16055355e-03,0.00000000e+00,0.00000000e+00,-1.16055355e-03,0
61,45,5.40737865e-04,0.00000000e+00,0.00000000e+00,-5.40737865e-04,0
61,46,7.96116156e-04,0.00000000e+00,0.00000000e+00,7.96116156e-04,0
61,47,6.66648899e-04,0.00000000e+00,0.00000000e+00,-6.66648899e-04,0
61,48,1.08693258e-03,0.00000000e+00,0.00000000e+00,-1.08693258e-03,0
61,49,1.03316904e-03,0.00000000e+00,0.00000000e+00,-1.03316904e-03,0
61,50,4.83013029e-04,0.00000000e+00,0.00000000e+00,4.83013029e-04,0
61,51,8.93754911e-04,0.00000000e+00,0.00000000e+00,-8.93754911e-04,0
61,52,1.25882947e-03,0.00000000e+00,0.00000000e+00,1.25882947e-03,0
61,53,7.79605689e-04,0.00000000e+00,0.00000000e+00,-7.79605689e-04,0
61,54,4.53075104e-04,0.00000000e+00,0.00000000e+00,-4.53075104e-04,0
61,55,9.92582515e-04,0.00000000e+00,0.00000000e+00,-9.92582515e-04,0
61,56,9.02851402e-04,0.00000000e+00,0.00000000e+00,9.02851402e-04,0
61,57,9.26649075e-04,0.00000000e+00,0.00000000e+00,-9.26649075e-04,0
61,58,6.85985021e-04,0.00000000e+00,0.00000000e+00,-6.85985021e-04,0
61,59,7.43692161e-04,0.00000000e+00,0.00000000e+00,7.43692161e-04,0
61,60,4.42752751e-04,0.00000000e+00,0.00000000e+00,-4.42752751e-04,0
61,61,1.81855310e-03,0.00000000e+00,0.00000000e+00,1.81855310e-03,0
61,62,5.00149050e-04,0.00000000e+00,0.00000000e+00,5.00149050e-04,0
61,63,1.40051702e-03,0.00000000e+00,0.00000000e+00,-1.40051702e-03,0
62,0,8.85814313e-04,0.00000000e+00,0.00000000e+00,-8.85814313e-04,0
62,1,9.32139141e-04,0.00000000e+00,0.00000000e+00,9.32139141e-04,0
62,2,6.85867958e-04,0.00000000e+00,0.00000000e+00,6.85867958e-04,0
62,3,5.00149050e-04,0.00000000e+00,0.00000000e+00,5.00149050e-04,0
62,4,1.90149996e-04,0.00000000e+00,0.00000000e+00,-1.90149996e-04,0
62,5,2.13028256e-03,0.00000000e+00,0.00000000e+00,-2.13028256e-03,0
62,6,9.20590626e-04,0.00000000e+00,0.00000000e+00,-9.20590626e-04,0
62,7,5.00398105e-04,0.00000000e+00,0.00000000e+00,5.00398105e-04,0
62,8,2.78843623e-04,0.00000000e+00,0.00000000e+00,2.78843623e-04,0
62,9,4.67890023e-04,0.00000000e+00,0.00000000e+00,4.67890023e-04,0
62,10,1.28817126e-03,0.00000000e+00,0.00000000e+00,1.28817126e-03,0
62,11,2.31996982e-03,0.00000000e+00,0.00000000e+00,-2.31996982e-03,0
62,12,1.54629606e-03,0.00000000e+00,0.00000000e+00,-1.54629606e-03,0
62,13,6.47134022e-04,0.00000000e+00,0.00000000e+00,-6.47134022e-04,0
62,14,3.08085751e-04,0.00000000e+00,0.00000000e+00,3.08085751e-04,0
62,15,2.61632509e-04,0.00000000e+00,0.00000000e+00,2.61632509e-04,0
62,16,8.98979302e-05,0.00000000e+00,0.00000000e+00,-8.98979302e-05,0
62,17,6.87580081e-05,0.00000000e+00,0.00000000e+00,-6.87580081e-05,0
62,18,4.48317356e-04,0.00000000e+00,0.00000000e+00,4.48317356e-04,0
62,19,1.07182248e-03,0.00000000e+00,0.00000000e+00,-1.07182248e-03,0
62,20,9.17834700e-04,0.00000000e+00,0.00000000e+00,-9.17834700e-04,0
62,21,1.29674063e-04,0.00000000e+00,0.00000000e+00,1.29674063e-04,0
62,22,4.24535725e-04,0.00000000e+00,0.00000000e+00,-4.24535725e-04,0
62,23,1.67808475e-03,0.00000000e+00,0.00000000e+00,-1.67808475e-03,0
62,24,6.10632174e-04,0.00000000e+00,0.00000000e+00,-6.10632174e-04,0
62,25,6.04722794e-04,0.00000000e+00,0.00000000e+00,-6.04722794e-04,0
62,26,1.21248007e-04,0.00000000e+00,0.00000000e+00,1.21248007e-04,0
62,27,2.88067594e-04,0.00000000e+00,0.00000000e+00,-2.88067594e-04,0
62,28,5.28451295e-04,0.00000000e+00,0.00000000e+00,-5.28451295e-04,0
62,29,9.84580026e-04,0.00000000e+00,0.00000000e+00,-9.84580026e-04,0
62,30,1.48072390e-03,0.00000000e+00,0.00000000e+00,-1.48072390e-03,0
62,31,1.53629535e-03,0.00000000e+00,0.00000000e+00,-1.53629535e-03,0
62,32,1.26937179e-03,0.00000000e+00,0.00000000e+00,-1.26937179e-03,0
62,33,1.53629535e-03,0.00000000e+00,0.00000000e+00,-1.53629535e-03,0
62,34,1.48072390e-03,0.00000000e+00,0.00000000e+00,-1.48072390e-03,0
62,35,9.84580026e-04,0.00000000e+00,0.00000000e+00,-9.84580026e-04,0
62,36,5.28451295e-04,0.00000000e+00,0.00000000e+00,-5.28451295e-04,0
62,37,2.88067594e-04,0.00000000e+00,0.00000000e+00,-2.88067594e-04,0
62,38,1.21248007e-04,0.00000000e+00,0.00000000e+00,1.21248007e-04,0
62,39,6.04722794e-04,0.00000000e+00,0.00000000e+00,-6.04722794e-04,0
62,40,6.10632174e-04,0.00000000e+00,0.00000000e+00,-6.10632174e-04,0
62,41,1.67808475e-03,0.00000000e+00,0.00000000e+00,-1.67808475e-03,0
62,42,4.24535725e-04,0.00000000e+00,0.00000000e+00,-4.24535725e-04,0
62,43,1.29674063e-04,0.00000000e+00,0.00000000e+00,1.29674063e-04,0
62,44,9.17834700e-04,0.00000000e+00,0.00000000e+00,-9.17834700e-04,0
62,45,1.07182248e-03,0.00000000e+00,0.00000000e+00,-1.07182248e-03,0
62,46,4.48317356e-04,0.00000000e+00,0.00000000e+00,4.48317356e-04,0
62,47,6.87580081e-05,0.00000000e+00,0.00000000e+00,-6.87580081e-05,0
62,48,8.98979302e-05,0.00000000e+00,0.00000000e+00,-8.98979302e-05,0
62,49,2.61632509e-04,0.00000000e+00,0.00000000e+00,2.61632509e-04,0
62,50,3.08085751e-04,0.00000000e+00,0.00000000e+00,3.08085751e-04,0
62,51,6.47134022e-04,0.00000000e+00,0.00000000e+00,-6.47134022e-04,0
62,52,1.54629606e-03,0.00000000e+00,0.00000000e+00,-1.54629606e-03,0
62,53,2.31996982e-03,0.00000000e+00,0.00000000e+00,-2.31996982e-03,0
62,54,1.28817126e-03,0.00000000e+00,0.00000000e+00,1.28817126e-03,0
62,55,4.67890023e-04,0.00000000e+00,0.00000000e+00,4.67890023e-04,0
62,56,2.78843623e-04,0.00000000e+00,0.00000000e+00,2.78843623e-04,0
62,57,5.00398105e-04,0.00000000e+00,0.00000000e+00,5.00398105e-04,0
62,58,9.20590626e-04,0.00000000e+00,0.00000000e+00,-9.20590626e-04,0
62,59,2.13028256e-03,0.00000000e+00,0.00000000e+00,-2.13028256e-03,0
62,60,1.90149996e-04,0.00000000e+00,0.00000000e+00,-1.90149996e-04,0
62,61,5.00149050e-04,0.00000000e+00,0.00000000e+00,5.00149050e-04,0
62,62,6.85867958e-04,0.00000000e+00,0.00000000e+00,6.85867958e-04,0
62,63,9.32139141e-04,0.00000000e+00,0.00000000e+00,9.32139141e-04,0
63,0,2.95659815e-04,0.00000000e+00,0.00000000e+00,-2.95659815e-04,0
63,1,1.65632313e-03,0.00000000e+00,0.00000000e+00,1.65632313e-03,0
63,2,9.32139141e-04,0.00000000e+00,0.00000000e+00,9.32139141e-04,0
63,3,1.40051702e-03,0.00000000e+00,0.00000000e+00,-1.40051702e-03,0
63,4,2.21066061e-04,0.00000000e+00,0.00000000e+00,-2.21066061e-04,0
63,5,1.59839406e-03,0.00000000e+00,0.00000000e+00,-1.59839406e-03,0
63,6,4.63061550e-04,0.00000000e+00,0.00000000e+00,-4.63061550e-04,0
63,7,4.30053992e-04,0.00000000e+00,0.00000000e+00,4.30053992e-04,0
63,8,2.19614025e-03,0.00000000e+00,0.00000000e+00,-2.19614025e-03,0
63,9,4.80067103e-04,0.00000000e+00,0.00000000e+00,4.80067103e-04,0
63,10,8.98770837e-04,0.00000000e+00,0.00000000e+00,8.98770837e-04,0
63,11,2.31499832e-04,0.00000000e+00,0.00000000e+00,-2.31499832e-04,0
63,12,1.04065741e-03,0.00000000e+00,0.00000000e+00,-1.04065741e-03,0
63,13,7.15135476e-04,0.00000000e+00,0.00000000e+00,7.15135476e-04,0
63,14,4.47682231e-04,0.00000000e+00,0.00000000e+00,4.47682231e-04,0
63,15,9.55436510e-04,0.00000000e+00,0.00000000e+00,9.55436510e-04,0
63,16,3.14005877e-04,0.00000000e+00,0.00000000e+00,3.14005877e-04,0
63,17,5.78157195e-04,0.00000000e+00,0.00000000e+00,5.78157195e-04,0
63,18,3.22488082e-06,0.00000000e+00,0.00000000e+00,-3.22488082e-06,0
63,19,6.55594633e-04,0.00000000e+00,0.00000000e+00,-6.55594633e-04,0
63,20,4.07323977e-04,0.00000000e+00,0.00000000e+00,4.07323977e-04,0
63,21,4.96012030e-04,0.00000000e+00,0.00000000e+00,-4.96012030e-04,0
63,22,7.22282862e-05,0.00000000e+00,0.00000000e+00,7.22282862e-05,0
63,23,5.64938084e-04,0.00000000e+00,0.00000000e+00,5.64938084e-04,0
63,24,6.64925600e-04,0.00000000e+00,0.00000000e+00,6.64925600e-04,0
63,25,5.59280012e-04,0.00000000e+00,0.00000000e+00,5.59280012e-04,0
63,26,1.23771201e-05,0.00000000e+00,0.00000000e+00,-1.23771201e-05,0
63,27,1.06382387e-03,0.00000000e+00,0.00000000e+00,-1.06382387e-03,0
63,28,2.91644699e-04,0.00000000e+00,0.00000000e+00,-2.91644699e-04,0
63,29,2.87568685e-04,0.00000000e+00,0.00000000e+00,-2.87568685e-04,0
63,30,1.36858950e-03,0.00000000e+00,0.00000000e+00,-1.36858950e-03,0
63,31,6.06701145e-04,0.00000000e+00,0.00000000e+00,-6.06701145e-04,0
63,32,2.16740699e-03,0.00000000e+00,0.00000000e+00,-2.16740699e-03,0
63,33,6.06701145e-04,0.00000000e+00,0.00000000e+00,-6.06701145e-04,0
63,34,1.36858950e-03,0.00000000e+00,0.00000000e+00,-1.36858950e-03,0
63,35,2.87568685e-04,0.00000000e+00,0.00000000e+00,-2.87568685e-04,0
63,36,2.91644699e-04,0.00000000e+00,0.00000000e+00,-2.91644699e-04,0
63,37,1.06382387e-03,0.00000000e+00,0.00000000e+00,-1.06382387e-03,0
63,38,1.23771201e-05,0.00000000e+00,0.00000000e+00,-1.23771201e-05,0
63,39,5.59280012e-04,0.00000000e+00,0.00000000e+00,5.59280012e-04,0
63,40,6.64925600e-04,0.00000000e+00,0.00000000e+00,6.64925600e-04,0
63,41,5.64938084e-04,0.00000000e+00,0.00000000e+00,5.64938084e-04,0
63,42,7.22282862e-05,0.00000000e+00,0.00000000e+00,7.22282862e-05,0
63,43,4.96012030e-04,0.00000000e+00,0.00000000e+00,-4.96012030e-04,0
63,44,4.07323977e-04,0.00000000e+00,0.00000000e+00,4.07323977e-04,0
63,45,6.55594633e-04,0.00000000e+00,0.00000000e+00,-6.55594633e-04,0
63,46,3.22488082e-06,0.00000000e+00,0.00000000e+00,-3.22488082e-06,0
63,47,5.78157195e-04,0.00000000e+00,0.00000000e+00,5.78157195e-04,0
63,48,3.14005877e-04,0.00000000e+00,0.00000000e+00,3.14005877e-04,0
63,49,9.55436510e-04,0.00000000e+00,0.00000000e+00,9.55436510e-04,0
63,50,4.47682231e-04,0.00000000e+00,0.00000000e+00,4.47682231e-04,0
63,51,7.15135476e-04,0.00000000e+00,0.00000000e+00,7.15135476e-04,0
63,52,1.04065741e-03,0.00000000e+00,0.00000000e+00,-1.04065741e-03,0
63,53,2.31499832e-04,0.00000000e+00,0.00000000e+00,-2.31499832e-04,0
63,54,8.98770837e-04,0.00000000e+00,0.00000000e+00,8.98770837e-04,0
63,55,4.80067103e-04,0.00000000e+00,0.00000000e+00,4.80067103e-04,0
63,56,2.19614025e-03,0.00000000e+00,0.00000000e+00,-2.19614025e-03,0
63,57,4.30053992e-04,0.00000000e+00,0.00000000e+00,4.30053992e-04,0
63,58,4.63061550e-04,0.00000000e+00,0.00000000e+00,-4.63061550e-04,0
63,59,1.59839406e-03,0.00000000e+00,0.00000000e+00,-1.59839406e-03,0
63,60,2.21066061e-04,0.00000000e+00,0.00000000e+00,-2.21066061e-04,0
63,61,1.40051702e-03,0.00000000e+00,0.00000000e+00,-1.40051702e-03,0
63,62,9.32139141e-04,0.00000000e+00,0.00000000e+00,9.32139141e-04,0
63,63,1.65632313e-03,0.00000000e+00,0.00000000e+00,1.65632313e-03,0
