x,y,density,Jx,Jy,Jz,state
0,0,2.32418995e-03,0.00000000e+00,0.00000000e+00,2.32418995e-03,0
0,1,1.48588367e-03,0.00000000e+00,0.00000000e+00,1.48588367e-03,0
0,2,1.44079525e-03,0.00000000e+00,0.00000000e+00,-1.44079525e-03,0
0,3,4.21454689e-03,0.00000000e+00,0.00000000e+00,-4.21454689e-03,0
0,4,2.56493337e-03,0.00000000e+00,0.00000000e+00,-2.56493337e-03,0
0,5,1.45694199e-03,0.00000000e+00,0.00000000e+00,1.45694199e-03,0
0,6,2.73025231e-03,0.00000000e+00,0.00000000e+00,2.73025231e-03,0
0,7,2.36822438e-03,0.00000000e+00,0.00000000e+00,2.36822438e-03,0
0,8,1.65720428e-03,0.00000000e+00,0.00000000e+00,1.65720428e-03,0
0,9,1.06922419e-04,0.00000000e+00,0.00000000e+00,-1.06922419e-04,0
0,10,4.83954228e-05,0.00000000e+00,0.00000000e+00,4.83954228e-05,0
0,11,8.67816132e-04,0.00000000e+00,0.00000000e+00,8.67816132e-04,0
0,12,4.77694371e-04,0.00000000e+00,0.00000000e+00,-4.77694371e-04,0
0,13,2.37879114e-03,0.00000000e+00,0.00000000e+00,-2.37879114e-03,0
0,14,2.73660584e-03,0.00000000e+00,0.00000000e+00,-2.73660584e-03,0
0,15,6.02572469e-04,0.00000000e+00,0.00000000e+00,6.02572469e-04,0
0,16,1.39244970e-03,0.00000000e+00,0.00000000e+00,1.39244970e-03,0
0,17,5.32633864e-04,0.00000000e+00,0.00000000e+00,-5.32633864e-04,0
0,18,4.85655057e-04,0.00000000e+00,0.00000000e+00,-4.85655057e-04,0
0,19,2.89185113e-05,0.00000000e+00,0.00000000e+00,2.89185113e-05,0
0,20,1.04823702e-03,0.00000000e+00,0.00000000e+00,-1.04823702e-03,0
0,21,1.87870165e-03,0.00000000e+00,0.00000000e+00,-1.87870165e-03,0
0,22,3.71946338e-03,0.00000000e+00,0.00000000e+00,-3.71946338e-03,0
0,23,3.43852497e-03,0.00000000e+00,0.00000000e+00,-3.43852497e-03,0
0,24,1.37388670e-03,0.00000000e+00,0.00000000e+00,1.37388670e-03,0
0,25,4.25726314e-03,0.00000000e+00,0.00000000e+00,4.25726314e-03,0
0,26,2.69848035e-03,0.00000000e+00,0.00000000e+00,2.69848035e-03,0
0,27,2.27086563e-03,0.00000000e+00,0.00000000e+00,-2.27086563e-03,0
0,28,3.63373369e-03,0.00000000e+00,0.00000000e+00,-3.63373369e-03,0
0,29,7.95316417e-04,0.00000000e+00,0.00000000e+00,-7.95316417e-04,0
0,30,6.11114580e-04,0.00000000e+00,0.00000000e+00,6.11114580e-04,0
0,31,2.13633783e-03,0.00000000e+00,0.00000000e+00,2.13633783e-03,0
0,32,3.49571622e-03,0.00000000e+00,0.00000000e+00,3.49571622e-03,0
0,33,2.13633783e-03,0.00000000e+00,0.00000000e+00,2.13633783e-03,0
0,34,6.11114580e-04,0.00000000e+00,0.00000000e+00,6.11114580e-04,0
0,35,7.95316417e-04,0.00000000e+00,0.00000000e+00,-7.95316417e-04,0
0,36,3.63373369e-03,0.00000000e+00,0.00000000e+00,-3.63373369e-03,0
0,37,2.27086563e-03,0.00000000e+00,0.00000000e+00,-2.27086563e-03,0
0,38,2.69848035e-03,0.00000000e+00,0.00000000e+00,2.69848035e-03,0
0,39,4.25726314e-03,0.00000000e+00,0.00000000e+00,4.25726314e-03,0
0,40,1.37388670e-03,0.00000000e+00,0.00000000e+00,1.37388670e-03,0
0,41,3.43852497e-03,0.00000000e+00,0.00000000e+00,-3.43852497e-03,0
0,42,3.71946338e-03,0.00000000e+00,0.00000000e+00,-3.71946338e-03,0
0,43,1.87870165e-03,0.00000000e+00,0.00000000e+00,-1.87870165e-03,0
0,44,1.04823702e-03,0.00000000e+00,0.00000000e+00,-1.04823702e-03,0
0,45,2.89185113e-05,0.00000000e+00,0.00000000e+00,2.89185113e-05,0
0,46,4.85655057e-04,0.00000000e+00,0.00000000e+00,-4.85655057e-04,0
0,47,5.32633864e-04,0.00000000e+00,0.00000000e+00,-5.32633864e-04,0
0,48,1.39244970e-03,0.00000000e+00,0.00000000e+00,1.39244970e-03,0
0,49,6.02572469e-04,0.00000000e+00,0.00000000e+00,6.02572469e-04,0
0,50,2.73660584e-03,0.00000000e+00,0.00000000e+00,-2.73660584e-03,0
0,51,2.37879114e-03,0.00000000e+00,0.00000000e+00,-2.37879114e-03,0
0,52,4.77694371e-04,0.00000000e+00,0.00000000e+00,-4.77694371e-04,0
0,53,8.67816132e-04,0.00000000e+00,0.00000000e+00,8.67816132e-04,0
0,54,4.83954228e-05,0.00000000e+00,0.00000000e+00,4.83954228e-05,0
0,55,1.06922419e-04,0.00000000e+00,0.00000000e+00,-1.06922419e-04,0
0,56,1.65720428e-03,0.00000000e+00,0.00000000e+00,1.65720428e-03,0
0,57,2.36822438e-03,0.00000000e+00,0.00000000e+00,2.36822438e-03,0
0,58,2.73025231e-03,0.00000000e+00,0.00000000e+00,2.73025231e-03,0
0,59,1.45694199e-03,0.00000000e+00,0.00000000e+00,1.45694199e-03,0
0,60,2.56493337e-03,0.00000000e+00,0.00000000e+00,-2.56493337e-03,0
0,61,4.21454689e-03,0.00000000e+00,0.00000000e+00,-4.21454689e-03,0
0,62,1.44079525e-03,0.00000000e+00,0.00000000e+00,-1.44079525e-03,0
0,63,1.48588367e-03,0.00000000e+00,0.00000000e+00,1.48588367e-03,0
1,0,1.48588367e-03,0.00000000e+00,0.00000000e+00,1.48588367e-03,0
1,1,1.36759432e-05,0.00000000e+00,0.00000000e+00,1.36759432e-05,0
1,2,2.28531999e-03,0.00000000e+00,0.00000000e+00,-2.28531999e-03,0
1,3,1.73351864e-03,0.00000000e+00,0.00000000e+00,-1.73351864e-03,0
1,4,1.08251826e-03,0.00000000e+00,0.00000000e+00,1.08251826e-03,0
1,5,1.88830917e-03,0.00000000e+00,0.00000000e+00,1.88830917e-03,0
1,6,6.85118062e-04,0.00000000e+00,0.00000000e+00,6.85118062e-04,0
1,7,1.04765578e-04,0.00000000e+00,0.00000000e+00,1.04765578e-04,0
1,8,7.35233188e-04,0.00000000e+00,0.00000000e+00,-7.35233188e-04,0
1,9,1.01265604e-03,0.00000000e+00,0.00000000e+00,-1.01265604e-03,0
1,10,3.60877408e-04,0.00000000e+00,0.00000000e+00,3.60877408e-04,0
1,11,8.49995550e-04,0.00000000e+00,0.00000000e+00,8.49995550e-04,0
1,12,7.93079020e-04,0.00000000e+00,0.00000000e+00,7.93079020e-04,0
1,13,2.49990669e-04,0.00000000e+00,0.00000000e+00,2.49990669e-04,0
1,14,3.97864920e-04,0.00000000e+00,0.00000000e+00,3.97864920e-04,0
1,15,1.17004639e-03,0.00000000e+00,0.00000000e+00,1.17004639e-03,0
1,16,2.03673555e-04,0.00000000e+00,0.00000000e+00,2.03673555e-04,0
1,17,6.97987180e-04,0.00000000e+00,0.00000000e+00,6.97987180e-04,0
1,18,1.53041669e-03,0.00000000e+00,0.00000000e+00,1.53041669e-03,0
1,19,1.66651121e-03,0.00000000e+00,0.00000000e+00,1.66651121e-03,0
1,20,5.00160028e-04,0.00000000e+00,0.00000000e+00,5.00160028e-04,0
1,21,6.50726023e-04,0.00000000e+00,0.00000000e+00,-6.50726023e-04,0
1,22,2.70564390e-03,0.00000000e+00,0.00000000e+00,-2.70564390e-03,0
1,23,9.39542001e-04,0.00000000e+00,0.00000000e+00,-9.39542001e-04,0
1,24,7.79818904e-04,0.00000000e+00,0.00000000e+00,7.79818904e-04,0
1,25,1.60468864e-03,0.00000000e+00,0.00000000e+00,1.60468864e-03,0
1,26,1.48024458e-04,0.00000000e+00,0.00000000e+00,1.48024458e-04,0
1,27,6.63685967e-04,0.00000000e+00,0.00000000e+00,-6.63685967e-04,0
1,28,1.09899441e-03,0.00000000e+00,0.00000000e+00,1.09899441e-03,0
1,29,3.37502990e-04,0.00000000e+00,0.00000000e+00,3.37502990e-04,0
1,30,2.18097044e-04,0.00000000e+00,0.00000000e+00,2.18097044e-04,0
1,31,7.90865212e-04,0.00000000e+00,0.00000000e+00,-7.90865212e-04,0
1,32,4.78358428e-04,0.00000000e+00,0.00000000e+00,-4.78358428e-04,0
1,33,7.90865212e-04,0.00000000e+00,0.00000000e+00,-7.90865212e-04,0
1,34,2.18097044e-04,0.00000000e+00,0.00000000e+00,2.18097044e-04,0
1,35,3.37502990e-04,0.00000000e+00,0.00000000e+00,3.37502990e-04,0
1,36,1.09899441e-03,0.00000000e+00,0.00000000e+00,1.09899441e-03,0
1,37,6.63685967e-04,0.00000000e+00,0.00000000e+00,-6.63685967e-04,0
1,38,1.48024458e-04,0.00000000e+00,0.00000000e+00,1.48024458e-04,0
1,39,1.60468864e-03,0.00000000e+00,0.00000000e+00,1.60468864e-03,0
1,40,7.79818904e-04,0.00000000e+00,0.00000000e+00,7.79818904e-04,0
1,41,9.39542001e-04,0.00000000e+00,0.00000000e+00,-9.39542001e-04,0
1,42,2.70564390e-03,0.00000000e+00,0.00000000e+00,-2.70564390e-03,0
1,43,6.50726023e-04,0.00000000e+00,0.00000000e+00,-6.50726023e-04,0
1,44,5.00160028e-04,0.00000000e+00,0.00000000e+00,5.00160028e-04,0
1,45,1.66651121e-03,0.00000000e+00,0.00000000e+00,1.66651121e-03,0
1,46,1.53041669e-03,0.00000000e+00,0.00000000e+00,1.53041669e-03,0
1,47,6.97987180e-04,0.00000000e+00,0.00000000e+00,6.97987180e-04,0
1,48,2.03673555e-04,0.00000000e+00,0.00000000e+00,2.03673555e-04,0
1,49,1.17004639e-03,0.00000000e+00,0.00000000e+00,1.17004639e-03,0
1,50,3.97864920e-04,0.00000000e+00,0.00000000e+00,3.97864920e-04,0
1,51,2.49990669e-04,0.00000000e+00,0.00000000e+00,2.49990669e-04,0
1,52,7.93079020e-04,0.00000000e+00,0.00000000e+00,7.93079020e-04,0
1,53,8.49995550e-04,0.00000000e+00,0.00000000e+00,8.49995550e-04,0
1,54,3.60877408e-04,0.00000000e+00,0.00000000e+00,3.60877408e-04,0
1,55,1.01265604e-03,0.00000000e+00,0.00000000e+00,-1.01265604e-03,0
1,56,7.35233188e-04,0.00000000e+00,0.00000000e+00,-7.35233188e-04,0
1,57,1.04765578e-04,0.00000000e+00,0.00000000e+00,1.04765578e-04,0
1,58,6.85118062e-04,0.00000000e+00,0.00000000e+00,6.85118062e-04,0
1,59,1.88830917e-03,0.00000000e+00,0.00000000e+00,1.88830917e-03,0
1,60,1.08251826e-03,0.00000000e+00,0.00000000e+00,1.08251826e-03,0
1,61,1.73351864e-03,0.00000000e+00,0.00000000e+00,-1.73351864e-03,0
1,62,2.28531999e-03,0.00000000e+00,0.00000000e+00,-2.28531999e-03,0
1,63,1.36759432e-05,0.00000000e+00,0.00000000e+00,1.36759432e-05,0
2,0,1.44079525e-03,0.00000000e+00,0.00000000e+00,-1.44079525e-03,0
2,1,2.28531999e-03,0.00000000e+00,0.00000000e+00,-2.28531999e-03,0
2,2,1.18717029e-03,0.00000000e+00,0.00000000e+00,-1.18717029e-03,0
2,3,3.14598466e-03,0.00000000e+00,0.00000000e+00,3.14598466e-03,0
2,4,3.60221996e-03,0.00000000e+00,0.00000000e+00,3.60221996e-03,0
2,5,5.19545998e-04,0.00000000e+00,0.00000000e+00,-5.19545998e-04,0
2,6,1.71364905e-03,0.00000000e+00,0.00000000e+00,-1.71364905e-03,0
2,7,1.31536306e-03,0.00000000e+00,0.00000000e+00,-1.31536306e-03,0
2,8,1.78787479e-03,0.00000000e+00,0.00000000e+00,-1.78787479e-03,0
2,9,3.96362722e-04,0.00000000e+00,0.00000000e+00,3.96362722e-04,0
2,10,9.55470979e-04,0.00000000e+00,0.00000000e+00,9.55470979e-04,0
2,11,8.01140945e-05,0.00000000e+00,0.00000000e+00,8.01140945e-05,0
2,12,1.19902661e-03,0.00000000e+00,0.00000000e+00,1.19902661e-03,0
2,13,1.56022825e-03,0.00000000e+00,0.00000000e+00,1.56022825e-03,0
2,14,2.47477912e-03,0.00000000e+00,0.00000000e+00,2.47477912e-03,0
2,15,6.47765837e-04,0.00000000e+00,0.00000000e+00,-6.47765837e-04,0
2,16,1.25660852e-03,0.00000000e+00,0.00000000e+00,-1.25660852e-03,0
2,17,1.54130912e-03,0.00000000e+00,0.00000000e+00,1.54130912e-03,0
2,18,1.78993539e-03,0.00000000e+00,0.00000000e+00,1.78993539e-03,0
2,19,7.84929745e-04,0.00000000e+00,0.00000000e+00,7.84929745e-04,0
2,20,2.63129060e-05,0.00000000e+00,0.00000000e+00,-2.63129060e-05,0
2,21,1.47774866e-03,0.00000000e+00,0.00000000e+00,-1.47774866e-03,0
2,22,3.51773027e-04,0.00000000e+00,0.00000000e+00,-3.51773027e-04,0
2,23,1.87724376e-03,0.00000000e+00,0.00000000e+00,1.87724376e-03,0
2,24,1.06806316e-03,0.00000000e+00,0.00000000e+00,-1.06806316e-03,0
2,25,3.20895527e-03,0.00000000e+00,0.00000000e+00,-3.20895527e-03,0
2,26,2.35904145e-03,0.00000000e+00,0.00000000e+00,-2.35904145e-03,0
2,27,3.14213918e-03,0.00000000e+00,0.00000000e+00,3.14213918e-03,0
2,28,5.28430136e-03,0.00000000e+00,0.00000000e+00,5.28430136e-03,0
2,29,7.36145056e-04,0.00000000e+00,0.00000000e+00,7.36145056e-04,0
2,30,8.16359199e-05,0.00000000e+00,0.00000000e+00,8.16359199e-05,0
2,31,1.04987986e-03,0.00000000e+00,0.00000000e+00,-1.04987986e-03,0
2,32,2.95918706e-03,0.00000000e+00,0.00000000e+00,-2.95918706e-03,0
2,33,1.04987986e-03,0.00000000e+00,0.00000000e+00,-1.04987986e-03,0
2,34,8.16359199e-05,0.00000000e+00,0.00000000e+00,8.16359199e-05,0
2,35,7.36145056e-04,0.00000000e+00,0.00000000e+00,7.36145056e-04,0
2,36,5.28430136e-03,0.00000000e+00,0.00000000e+00,5.28430136e-03,0
2,37,3.14213918e-03,0.00000000e+00,0.00000000e+00,3.14213918e-03,0
2,38,2.35904145e-03,0.00000000e+00,0.00000000e+00,-2.35904145e-03,0
2,39,3.20895527e-03,0.00000000e+00,0.00000000e+00,-3.20895527e-03,0
2,40,1.06806316e-03,0.00000000e+00,0.00000000e+00,-1.06806316e-03,0
2,41,1.87724376e-03,0.00000000e+00,0.00000000e+00,1.87724376e-03,0
2,42,3.51773027e-04,0.00000000e+00,0.00000000e+00,-3.51773027e-04,0
2,43,1.47774866e-03,0.00000000e+00,0.00000000e+00,-1.47774866e-03,0
2,44,2.63129060e-05,0.00000000e+00,0.00000000e+00,-2.63129060e-05,0
2,45,7.84929745e-04,0.00000000e+00,0.00000000e+00,7.84929745e-04,0
2,46,1.78993539e-03,0.00000000e+00,0.00000000e+00,1.78993539e-03,0
2,47,1.54130912e-03,0.00000000e+00,0.00000000e+00,1.54130912e-03,0
2,48,1.25660852e-03,0.00000000e+00,0.00000000e+00,-1.25660852e-03,0
2,49,6.47765837e-04,0.00000000e+00,0.00000000e+00,-6.47765837e-04,0
2,50,2.47477912e-03,0.00000000e+00,0.00000000e+00,2.47477912e-03,0
2,51,1.56022825e-03,0.00000000e+00,0.00000000e+00,1.56022825e-03,0
2,52,1.19902661e-03,0.00000000e+00,0.00000000e+00,1.19902661e-03,0
2,53,8.01140945e-05,0.00000000e+00,0.00000000e+00,8.01140945e-05,0
2,54,9.55470979e-04,0.00000000e+00,0.00000000e+00,9.55470979e-04,0
2,55,3.96362722e-04,0.00000000e+00,0.00000000e+00,3.96362722e-04,0
2,56,1.78787479e-03,0.00000000e+00,0.00000000e+00,-1.78787479e-03,0
2,57,1.31536306e-03,0.00000000e+00,0.00000000e+00,-1.31536306e-03,0
2,58,1.71364905e-03,0.00000000e+00,0.00000000e+00,-1.71364905e-03,0
2,59,5.19545998e-04,0.00000000e+00,0.00000000e+00,-5.19545998e-04,0
2,60,3.60221996e-03,0.00000000e+00,0.00000000e+00,3.60221996e-03,0
2,61,3.14598466e-03,0.00000000e+00,0.00000000e+00,3.14598466e-03,0
2,62,1.18717029e-03,0.00000000e+00,0.00000000e+00,-1.18717029e-03,0
2,63,2.28531999e-03,0.00000000e+00,0.00000000e+00,-2.28531999e-03,0
3,0,4.21454689e-03,0.00000000e+00,0.00000000e+00,-4.21454689e-03,0
3,1,1.73351864e-03,0.00000000e+00,0.00000000e+00,-1.73351864e-03,0
3,2,3.14598466e-03,0.00000000e+00,0.00000000e+00,3.14598466e-03,0
3,3,3.19483067e-03,0.00000000e+00,0.00000000e+00,3.19483067e-03,0
3,4,2.45254174e-03,0.00000000e+00,0.00000000e+00,-2.45254174e-03,0
3,5,3.09281675e-03,0.00000000e+00,0.00000000e+00,-3.09281675e-03,0
3,6,1.36338017e-03,0.00000000e+00,0.00000000e+00,1.36338017e-03,0
3,7,1.47472069e-03,0.00000000e+00,0.00000000e+00,1.47472069e-03,0
3,8,1.86105333e-03,0.00000000e+00,0.00000000e+00,1.86105333e-03,0
3,9,2.43807271e-03,0.00000000e+00,0.00000000e+00,2.43807271e-03,0
3,10,1.43097008e-03,0.00000000e+00,0.00000000e+00,-1.43097008e-03,0
3,11,1.81427638e-03,0.00000000e+00,0.00000000e+00,-1.81427638e-03,0
3,12,2.34241845e-03,0.00000000e+00,0.00000000e+00,-2.34241845e-03,0
3,13,1.40303212e-03,0.00000000e+00,0.00000000e+00,-1.40303212e-03,0
3,14,2.14287505e-04,0.00000000e+00,0.00000000e+00,-2.14287505e-04,0
3,15,2.39335762e-03,0.00000000e+00,0.00000000e+00,-2.39335762e-03,0
3,16,1.07670016e-03,0.00000000e+00,0.00000000e+00,1.07670016e-03,0
3,17,1.15617164e-04,0.00000000e+00,0.00000000e+00,1.15617164e-04,0
3,18,6.36033783e-04,0.00000000e+00,0.00000000e+00,-6.36033783e-04,0
3,19,2.85618073e-03,0.00000000e+00,0.00000000e+00,-2.85618073e-03,0
3,20,1.97529711e-03,0.00000000e+00,0.00000000e+00,-1.97529711e-03,0
3,21,1.81887372e-03,0.00000000e+00,0.00000000e+00,-1.81887372e-03,0
3,22,4.44676867e-03,0.00000000e+00,0.00000000e+00,4.44676867e-03,0
3,23,9.53953517e-04,0.00000000e+00,0.00000000e+00,9.53953517e-04,0
3,24,1.11922485e-03,0.00000000e+00,0.00000000e+00,-1.11922485e-03,0
3,25,4.30489663e-03,0.00000000e+00,0.00000000e+00,-4.30489663e-03,0
3,26,1.65863131e-04,0.00000000e+00,0.00000000e+00,-1.65863131e-04,0
3,27,2.27623940e-03,0.00000000e+00,0.00000000e+00,2.27623940e-03,0
3,28,3.60191714e-03,0.00000000e+00,0.00000000e+00,-3.60191714e-03,0
3,29,1.10223904e-03,0.00000000e+00,0.00000000e+00,-1.10223904e-03,0
3,30,8.90743258e-04,0.00000000e+00,0.00000000e+00,-8.90743258e-04,0
3,31,3.20355112e-03,0.00000000e+00,0.00000000e+00,3.20355112e-03,0
3,32,1.95403153e-03,0.00000000e+00,0.00000000e+00,1.95403153e-03,0
3,33,3.20355112e-03,0.00000000e+00,0.00000000e+00,3.20355112e-03,0
3,34,8.90743258e-04,0.00000000e+00,0.00000000e+00,-8.90743258e-04,0
3,35,1.10223904e-03,0.00000000e+00,0.00000000e+00,-1.10223904e-03,0
3,36,3.60191714e-03,0.00000000e+00,0.00000000e+00,-3.60191714e-03,0
3,37,2.27623940e-03,0.00000000e+00,0.00000000e+00,2.27623940e-03,0
3,38,1.65863131e-04,0.00000000e+00,0.00000000e+00,-1.65863131e-04,0
3,39,4.30489663e-03,0.00000000e+00,0.00000000e+00,-4.30489663e-03,0
3,40,1.11922485e-03,0.00000000e+00,0.00000000e+00,-1.11922485e-03,0
3,41,9.53953517e-04,0.00000000e+00,0.00000000e+00,9.53953517e-04,0
3,42,4.44676867e-03,0.00000000e+00,0.00000000e+00,4.44676867e-03,0
3,43,1.81887372e-03,0.00000000e+00,0.00000000e+00,-1.81887372e-03,0
3,44,1.97529711e-03,0.00000000e+00,0.00000000e+00,-1.97529711e-03,0
3,45,2.85618073e-03,0.00000000e+00,0.00000000e+00,-2.85618073e-03,0
3,46,6.36033783e-04,0.00000000e+00,0.00000000e+00,-6.36033783e-04,0
3,47,1.15617164e-04,0.00000000e+00,0.00000000e+00,1.15617164e-04,0
3,48,1.07670016e-03,0.00000000e+00,0.00000000e+00,1.07670016e-03,0
3,49,2.39335762e-03,0.00000000e+00,0.00000000e+00,-2.39335762e-03,0
3,50,2.14287505e-04,0.00000000e+00,0.00000000e+00,-2.14287505e-04,0
3,51,1.40303212e-03,0.00000000e+00,0.00000000e+00,-1.40303212e-03,0
3,52,2.34241845e-03,0.00000000e+00,0.00000000e+00,-2.34241845e-03,0
3,53,1.81427638e-03,0.00000000e+00,0.00000000e+00,-1.81427638e-03,0
3,54,1.43097008e-03,0.00000000e+00,0.00000000e+00,-1.43097008e-03,0
3,55,2.43807271e-03,0.00000000e+00,0.00000000e+00,2.43807271e-03,0
3,56,1.86105333e-03,0.00000000e+00,0.00000000e+00,1.86105333e-03,0
3,57,1.47472069e-03,0.00000000e+00,0.00000000e+00,1.47472069e-03,0
3,58,1.36338017e-03,0.00000000e+00,0.00000000e+00,1.36338017e-03,0
3,59,3.09281675e-03,0.00000000e+00,0.00000000e+00,-3.09281675e-03,0
3,60,2.45254174e-03,0.00000000e+00,0.00000000e+00,-2.45254174e-03,0
3,61,3.19483067e-03,0.00000000e+00,0.00000000e+00,3.19483067e-03,0
3,62,3.14598466e-03,0.00000000e+00,0.00000000e+00,3.14598466e-03,0
3,63,1.73351864e-03,0.00000000e+00,0.00000000e+00,-1.73351864e-03,0
4,0,2.56493337e-03,0.00000000e+00,0.00000000e+00,-2.56493337e-03,0
4,1,1.08251826e-03,0.00000000e+00,0.00000000e+00,1.08251826e-03,0
4,2,3.60221996e-03,0.00000000e+00,0.00000000e+00,3.60221996e-03,0
4,3,2.45254174e-03,0.00000000e+00,0.00000000e+00,-2.45254174e-03,0
4,4,5.22002647e-03,0.00000000e+00,0.00000000e+00,-5.22002647e-03,0
4,5,1.55950182e-03,0.00000000e+00,0.00000000e+00,1.55950182e-03,0
4,6,3.34722014e-03,0.00000000e+00,0.00000000e+00,3.34722014e-03,0
4,7,6.78582829e-04,0.00000000e+00,0.00000000e+00,6.78582829e-04,0
4,8,1.76108539e-03,0.00000000e+00,0.00000000e+00,1.76108539e-03,0
4,9,1.93722391e-03,0.00000000e+00,0.00000000e+00,-1.93722391e-03,0
4,10,2.88638257e-03,0.00000000e+00,0.00000000e+00,-2.88638257e-03,0
4,11,8.08302085e-04,0.00000000e+00,0.00000000e+00,-8.08302085e-04,0
4,12,2.62599936e-03,0.00000000e+00,0.00000000e+00,-2.62599936e-03,0
4,13,1.41957931e-03,0.00000000e+00,0.00000000e+00,1.41957931e-03,0
4,14,3.08877122e-04,0.00000000e+00,0.00000000e+00,-3.08877122e-04,0
4,15,2.35948474e-03,0.00000000e+00,0.00000000e+00,2.35948474e-03,0
4,16,3.26626545e-03,0.00000000e+00,0.00000000e+00,3.26626545e-03,0
4,17,4.77973017e-04,0.00000000e+00,0.00000000e+00,4.77973017e-04,0
4,18,2.68655222e-04,0.00000000e+00,0.00000000e+00,-2.68655222e-04,0
4,19,1.98291682e-03,0.00000000e+00,0.00000000e+00,-1.98291682e-03,0
4,20,2.84109713e-04,0.00000000e+00,0.00000000e+00,2.84109713e-04,0
4,21,3.71343549e-03,0.00000000e+00,0.00000000e+00,3.71343549e-03,0
4,22,4.81802017e-03,0.00000000e+00,0.00000000e+00,4.81802017e-03,0
4,23,1.45291529e-04,0.00000000e+00,0.00000000e+00,-1.45291529e-04,0
4,24,6.43750746e-06,0.00000000e+00,0.00000000e+00,-6.43750746e-06,0
4,25,5.15817991e-04,0.00000000e+00,0.00000000e+00,5.15817991e-04,0
4,26,1.97588150e-03,0.00000000e+00,0.00000000e+00,1.97588150e-03,0
4,27,3.31727619e-03,0.00000000e+00,0.00000000e+00,-3.31727619e-03,0
4,28,7.88851771e-03,0.00000000e+00,0.00000000e+00,-7.88851771e-03,0
4,29,6.22499844e-04,0.00000000e+00,0.00000000e+00,6.22499844e-04,0
4,30,4.22423734e-04,0.00000000e+00,0.00000000e+00,-4.22423734e-04,0
4,31,5.84586815e-04,0.00000000e+00,0.00000000e+00,-5.84586815e-04,0
4,32,3.17355411e-03,0.00000000e+00,0.00000000e+00,3.17355411e-03,0
4,33,5.84586815e-04,0.00000000e+00,0.00000000e+00,-5.84586815e-04,0
4,34,4.22423734e-04,0.00000000e+00,0.00000000e+00,-4.22423734e-04,0
4,35,6.22499844e-04,0.00000000e+00,0.00000000e+00,6.22499844e-04,0
4,36,7.88851771e-03,0.00000000e+00,0.00000000e+00,-7.88851771e-03,0
4,37,3.31727619e-03,0.00000000e+00,0.00000000e+00,-3.31727619e-03,0
4,38,1.97588150e-03,0.00000000e+00,0.00000000e+00,1.97588150e-03,0
4,39,5.15817991e-04,0.00000000e+00,0.00000000e+00,5.15817991e-04,0
4,40,6.43750746e-06,0.00000000e+00,0.00000000e+00,-6.43750746e-06,0
4,41,1.45291529e-04,0.00000000e+00,0.00000000e+00,-1.45291529e-04,0
4,42,4.81802017e-03,0.00000000e+00,0.00000000e+00,4.81802017e-03,0
4,43,3.71343549e-03,0.00000000e+00,0.00000000e+00,3.71343549e-03,0
4,44,2.84109713e-04,0.00000000e+00,0.00000000e+00,2.84109713e-04,0
4,45,1.98291682e-03,0.00000000e+00,0.00000000e+00,-1.98291682e-03,0
4,46,2.68655222e-04,0.00000000e+00,0.00000000e+00,-2.68655222e-04,0
4,47,4.77973017e-04,0.00000000e+00,0.00000000e+00,4.77973017e-04,0
4,48,3.26626545e-03,0.00000000e+00,0.00000000e+00,3.26626545e-03,0
4,49,2.35948474e-03,0.00000000e+00,0.00000000e+00,2.35948474e-03,0
4,50,3.08877122e-04,0.00000000e+00,0.00000000e+00,-3.08877122e-04,0
4,51,1.41957931e-03,0.00000000e+00,0.00000000e+00,1.41957931e-03,0
4,52,2.62599936e-03,0.00000000e+00,0.00000000e+00,-2.62599936e-03,0
4,53,8.08302085e-04,0.00000000e+00,0.00000000e+00,-8.08302085e-04,0
4,54,2.88638257e-03,0.00000000e+00,0.00000000e+00,-2.88638257e-03,0
4,55,1.93722391e-03,0.00000000e+00,0.00000000e+00,-1.93722391e-03,0
4,56,1.76108539e-03,0.00000000e+00,0.00000000e+00,1.76108539e-03,0
4,57,6.78582829e-04,0.00000000e+00,0.00000000e+00,6.78582829e-04,0
4,58,3.34722014e-03,0.00000000e+00,0.00000000e+00,3.34722014e-03,0
4,59,1.55950182e-03,0.00000000e+00,0.00000000e+00,1.55950182e-03,0
4,60,5.22002647e-03,0.00000000e+00,0.00000000e+00,-5.22002647e-03,0
4,61,2.45254174e-03,0.00000000e+00,0.00000000e+00,-2.45254174e-03,0
4,62,3.60221996e-03,0.00000000e+00,0.00000000e+00,3.60221996e-03,0
4,63,1.08251826e-03,0.00000000e+00,0.00000000e+00,1.08251826e-03,0
5,0,1.45694199e-03,0.00000000e+00,0.00000000e+00,1.45694199e-03,0
5,1,1.88830917e-03,0.00000000e+00,0.00000000e+00,1.88830917e-03,0
5,2,5.19545998e-04,0.00000000e+00,0.00000000e+00,-5.19545998e-04,0
5,3,3.09281675e-03,0.00000000e+00,0.00000000e+00,-3.09281675e-03,0
5,4,1.55950182e-03,0.00000000e+00,0.00000000e+00,1.55950182e-03,0
5,5,2.81193877e-03,0.00000000e+00,0.00000000e+00,2.81193877e-03,0
5,6,3.64475419e-03,0.00000000e+00,0.00000000e+00,-3.64475419e-03,0
5,7,3.11621568e-03,0.00000000e+00,0.00000000e+00,-3.11621568e-03,0
5,8,2.08536315e-03,0.00000000e+00,0.00000000e+00,-2.08536315e-03,0
5,9,2.24847479e-03,0.00000000e+00,0.00000000e+00,-2.24847479e-03,0
5,10,4.23094838e-03,0.00000000e+00,0.00000000e+00,4.23094838e-03,0
5,11,1.90475002e-03,0.00000000e+00,0.00000000e+00,1.90475002e-03,0
5,12,3.47810775e-03,0.00000000e+00,0.00000000e+00,3.47810775e-03,0
5,13,3.98802865e-03,0.00000000e+00,0.00000000e+00,3.98802865e-03,0
5,14,5.85057096e-04,0.00000000e+00,0.00000000e+00,-5.85057096e-04,0
5,15,3.59129410e-03,0.00000000e+00,0.00000000e+00,3.59129410e-03,0
5,16,1.41717565e-03,0.00000000e+00,0.00000000e+00,-1.41717565e-03,0
5,17,1.19468088e-03,0.00000000e+00,0.00000000e+00,1.19468088e-03,0
5,18,3.96967357e-03,0.00000000e+00,0.00000000e+00,-3.96967357e-03,0
5,19,3.19956092e-04,0.00000000e+00,0.00000000e+00,3.19956092e-04,0
5,20,1.19871097e-04,0.00000000e+00,0.00000000e+00,-1.19871097e-04,0
5,21,3.59265150e-03,0.00000000e+00,0.00000000e+00,3.59265150e-03,0
5,22,4.63261443e-03,0.00000000e+00,0.00000000e+00,-4.63261443e-03,0
5,23,2.94487803e-04,0.00000000e+00,0.00000000e+00,2.94487803e-04,0
5,24,3.28193391e-03,0.00000000e+00,0.00000000e+00,-3.28193391e-03,0
5,25,4.55939767e-03,0.00000000e+00,0.00000000e+00,4.55939767e-03,0
5,26,7.07920932e-04,0.00000000e+00,0.00000000e+00,-7.07920932e-04,0
5,27,3.00666286e-03,0.00000000e+00,0.00000000e+00,-3.00666286e-03,0
5,28,6.43646283e-03,0.00000000e+00,0.00000000e+00,6.43646283e-03,0
5,29,2.20647796e-03,0.00000000e+00,0.00000000e+00,2.20647796e-03,0
5,30,4.06678149e-03,0.00000000e+00,0.00000000e+00,4.06678149e-03,0
5,31,5.02115157e-03,0.00000000e+00,0.00000000e+00,-5.02115157e-03,0
5,32,4.05826442e-03,0.00000000e+00,0.00000000e+00,-4.05826442e-03,0
5,33,5.02115157e-03,0.00000000e+00,0.00000000e+00,-5.02115157e-03,0
5,34,4.06678149e-03,0.00000000e+00,0.00000000e+00,4.06678149e-03,0
5,35,2.20647796e-03,0.00000000e+00,0.00000000e+00,2.20647796e-03,0
5,36,6.43646283e-03,0.00000000e+00,0.00000000e+00,6.43646283e-03,0
5,37,3.00666286e-03,0.00000000e+00,0.00000000e+00,-3.00666286e-03,0
5,38,7.07920932e-04,0.00000000e+00,0.00000000e+00,-7.07920932e-04,0
5,39,4.55939767e-03,0.00000000e+00,0.00000000e+00,4.55939767e-03,0
5,40,3.28193391e-03,0.00000000e+00,0.00000000e+00,-3.28193391e-03,0
5,41,2.94487803e-04,0.00000000e+00,0.00000000e+00,2.94487803e-04,0
5,42,4.63261443e-03,0.00000000e+00,0.00000000e+00,-4.63261443e-03,0
5,43,3.59265150e-03,0.00000000e+00,0.00000000e+00,3.59265150e-03,0
5,44,1.19871097e-04,0.00000000e+00,0.00000000e+00,-1.19871097e-04,0
5,45,3.19956092e-04,0.00000000e+00,0.00000000e+00,3.19956092e-04,0
5,46,3.96967357e-03,0.00000000e+00,0.00000000e+00,-3.96967357e-03,0
5,47,1.19468088e-03,0.00000000e+00,0.00000000e+00,1.19468088e-03,0
5,48,1.41717565e-03,0.00000000e+00,0.00000000e+00,-1.41717565e-03,0
5,49,3.59129410e-03,0.00000000e+00,0.00000000e+00,3.59129410e-03,0
5,50,5.85057096e-04,0.00000000e+00,0.00000000e+00,-5.85057096e-04,0
5,51,3.98802865e-03,0.00000000e+00,0.00000000e+00,3.98802865e-03,0
5,52,3.47810775e-03,0.00000000e+00,0.00000000e+00,3.47810775e-03,0
5,53,1.90475002e-03,0.00000000e+00,0.00000000e+00,1.90475002e-03,0
5,54,4.23094838e-03,0.00000000e+00,0.00000000e+00,4.23094838e-03,0
5,55,2.24847479e-03,0.00000000e+00,0.00000000e+00,-2.24847479e-03,0
5,56,2.08536315e-03,0.00000000e+00,0.00000000e+00,-2.08536315e-03,0
5,57,3.11621568e-03,0.00000000e+00,0.00000000e+00,-3.11621568e-03,0
5,58,3.64475419e-03,0.00000000e+00,0.00000000e+00,-3.64475419e-03,0
5,59,2.81193877e-03,0.00000000e+00,0.00000000e+00,2.81193877e-03,0
5,60,1.55950182e-03,0.00000000e+00,0.00000000e+00,1.55950182e-03,0
5,61,3.09281675e-03,0.00000000e+00,0.00000000e+00,-3.09281675e-03,0
5,62,5.19545998e-04,0.00000000e+00,0.00000000e+00,-5.19545998e-04,0
5,63,1.88830917e-03,0.00000000e+00,0.00000000e+00,1.88830917e-03,0
6,0,2.73025231e-03,0.00000000e+00,0.00000000e+00,2.73025231e-03,0
6,1,6.85118062e-04,0.00000000e+00,0.00000000e+00,6.85118062e-04,0
6,2,1.71364905e-03,0.00000000e+00,0.00000000e+00,-1.71364905e-03,0
6,3,1.36338017e-03,0.00000000e+00,0.00000000e+00,1.36338017e-03,0
6,4,3.34722014e-03,0.00000000e+00,0.00000000e+00,3.34722014e-03,0
6,5,3.64475419e-03,0.00000000e+00,0.00000000e+00,-3.64475419e-03,0
6,6,6.17844441e-03,0.00000000e+00,0.00000000e+00,-6.17844441e-03,0
6,7,1.60576596e-03,0.00000000e+00,0.00000000e+00,-1.60576596e-03,0
6,8,1.53566854e-05,0.00000000e+00,0.00000000e+00,1.53566854e-05,0
6,9,6.05128699e-03,0.00000000e+00,0.00000000e+00,6.05128699e-03,0
6,10,4.05275073e-03,0.00000000e+00,0.00000000e+00,4.05275073e-03,0
6,11,1.02355245e-03,0.00000000e+00,0.00000000e+00,-1.02355245e-03,0
6,12,3.12157188e-03,0.00000000e+00,0.00000000e+00,3.12157188e-03,0
6,13,4.76583387e-03,0.00000000e+00,0.00000000e+00,-4.76583387e-03,0
6,14,1.32791406e-03,0.00000000e+00,0.00000000e+00,-1.32791406e-03,0
6,15,2.77787464e-03,0.00000000e+00,0.00000000e+00,-2.77787464e-03,0
6,16,2.40569347e-03,0.00000000e+00,0.00000000e+00,-2.40569347e-03,0
6,17,2.99131232e-03,0.00000000e+00,0.00000000e+00,-2.99131232e-03,0
6,18,4.40444599e-03,0.00000000e+00,0.00000000e+00,-4.40444599e-03,0
6,19,2.08576206e-03,0.00000000e+00,0.00000000e+00,2.08576206e-03,0
6,20,1.12647936e-03,0.00000000e+00,0.00000000e+00,-1.12647936e-03,0
6,21,1.77524100e-03,0.00000000e+00,0.00000000e+00,-1.77524100e-03,0
6,22,3.08728843e-03,0.00000000e+00,0.00000000e+00,-3.08728843e-03,0
6,23,1.81627632e-03,0.00000000e+00,0.00000000e+00,-1.81627632e-03,0
6,24,1.00987965e-03,0.00000000e+00,0.00000000e+00,-1.00987965e-03,0
6,25,5.29358919e-04,0.00000000e+00,0.00000000e+00,-5.29358919e-04,0
6,26,2.32461922e-03,0.00000000e+00,0.00000000e+00,-2.32461922e-03,0
6,27,6.92573210e-04,0.00000000e+00,0.00000000e+00,-6.92573210e-04,0
6,28,6.62512836e-03,0.00000000e+00,0.00000000e+00,6.62512836e-03,0
6,29,1.06921797e-03,0.00000000e+00,0.00000000e+00,-1.06921797e-03,0
6,30,8.14421019e-04,0.00000000e+00,0.00000000e+00,-8.14421019e-04,0
6,31,9.53877103e-04,0.00000000e+00,0.00000000e+00,9.53877103e-04,0
6,32,5.70733749e-03,0.00000000e+00,0.00000000e+00,-5.70733749e-03,0
6,33,9.53877103e-04,0.00000000e+00,0.00000000e+00,9.53877103e-04,0
6,34,8.14421019e-04,0.00000000e+00,0.00000000e+00,-8.14421019e-04,0
6,35,1.06921797e-03,0.00000000e+00,0.00000000e+00,-1.06921797e-03,0
6,36,6.62512836e-03,0.00000000e+00,0.00000000e+00,6.62512836e-03,0
6,37,6.92573210e-04,0.00000000e+00,0.00000000e+00,-6.92573210e-04,0
6,38,2.32461922e-03,0.00000000e+00,0.00000000e+00,-2.32461922e-03,0
6,39,5.29358919e-04,0.00000000e+00,0.00000000e+00,-5.29358919e-04,0
6,40,1.00987965e-03,0.00000000e+00,0.00000000e+00,-1.00987965e-03,0
6,41,1.81627632e-03,0.00000000e+00,0.00000000e+00,-1.81627632e-03,0
6,42,3.08728843e-03,0.00000000e+00,0.00000000e+00,-3.08728843e-03,0
6,43,1.77524100e-03,0.00000000e+00,0.00000000e+00,-1.77524100e-03,0
6,44,1.12647936e-03,0.00000000e+00,0.00000000e+00,-1.12647936e-03,0
6,45,2.08576206e-03,0.00000000e+00,0.00000000e+00,2.08576206e-03,0
6,46,4.40444599e-03,0.00000000e+00,0.00000000e+00,-4.40444599e-03,0
6,47,2.99131232e-03,0.00000000e+00,0.00000000e+00,-2.99131232e-03,0
6,48,2.40569347e-03,0.00000000e+00,0.00000000e+00,-2.40569347e-03,0
6,49,2.77787464e-03,0.00000000e+00,0.00000000e+00,-2.77787464e-03,0
6,50,1.32791406e-03,0.00000000e+00,0.00000000e+00,-1.32791406e-03,0
6,51,4.76583387e-03,0.00000000e+00,0.00000000e+00,-4.76583387e-03,0
6,52,3.12157188e-03,0.00000000e+00,0.00000000e+00,3.12157188e-03,0
6,53,1.02355245e-03,0.00000000e+00,0.00000000e+00,-1.02355245e-03,0
6,54,4.05275073e-03,0.00000000e+00,0.00000000e+00,4.05275073e-03,0
6,55,6.05128699e-03,0.00000000e+00,0.00000000e+00,6.05128699e-03,0
6,56,1.53566854e-05,0.00000000e+00,0.00000000e+00,1.53566854e-05,0
6,57,1.60576596e-03,0.00000000e+00,0.00000000e+00,-1.60576596e-03,0
6,58,6.17844441e-03,0.00000000e+00,0.00000000e+00,-6.17844441e-03,0
6,59,3.64475419e-03,0.00000000e+00,0.00000000e+00,-3.64475419e-03,0
6,60,3.34722014e-03,0.00000000e+00,0.00000000e+00,3.34722014e-03,0
6,61,1.36338017e-03,0.00000000e+00,0.00000000e+00,1.36338017e-03,0
6,62,1.71364905e-03,0.00000000e+00,0.00000000e+00,-1.71364905e-03,0
6,63,6.85118062e-04,0.00000000e+00,0.00000000e+00,6.85118062e-04,0
7,0,2.36822438e-03,0.00000000e+00,0.00000000e+00,2.36822438e-03,0
7,1,1.04765578e-04,0.00000000e+00,0.00000000e+00,1.04765578e-04,0
7,2,1.31536306e-03,0.00000000e+00,0.00000000e+00,-1.31536306e-03,0
7,3,1.47472069e-03,0.00000000e+00,0.00000000e+00,1.47472069e-03,0
7,4,6.78582829e-04,0.00000000e+00,0.00000000e+00,6.78582829e-04,0
7,5,3.11621568e-03,0.00000000e+00,0.00000000e+00,-3.11621568e-03,0
7,6,1.60576596e-03,0.00000000e+00,0.00000000e+00,-1.60576596e-03,0
7,7,1.56405396e-03,0.00000000e+00,0.00000000e+00,1.56405396e-03,0
7,8,5.03880905e-03,0.00000000e+00,0.00000000e+00,5.03880905e-03,0
7,9,1.95567486e-03,0.00000000e+00,0.00000000e+00,1.95567486e-03,0
7,10,6.74448234e-03,0.00000000e+00,0.00000000e+00,-6.74448234e-03,0
7,11,1.07618198e-03,0.00000000e+00,0.00000000e+00,-1.07618198e-03,0
7,12,3.38358677e-03,0.00000000e+00,0.00000000e+00,-3.38358677e-03,0
7,13,3.51963701e-03,0.00000000e+00,0.00000000e+00,-3.51963701e-03,0
7,14,2.66671483e-03,0.00000000e+00,0.00000000e+00,2.66671483e-03,0
7,15,2.06625092e-03,0.00000000e+00,0.00000000e+00,-2.06625092e-03,0
7,16,3.10828240e-03,0.00000000e+00,0.00000000e+00,3.10828240e-03,0
7,17,4.28129863e-03,0.00000000e+00,0.00000000e+00,-4.28129863e-03,0
7,18,6.38976034e-03,0.00000000e+00,0.00000000e+00,6.38976034e-03,0
7,19,6.95519271e-05,0.00000000e+00,0.00000000e+00,6.95519271e-05,0
7,20,3.43206540e-03,0.00000000e+00,0.00000000e+00,3.43206540e-03,0
7,21,4.10719859e-04,0.00000000e+00,0.00000000e+00,-4.10719859e-04,0
7,22,5.67585203e-03,0.00000000e+00,0.00000000e+00,5.67585203e-03,0
7,23,3.56845400e-03,0.00000000e+00,0.00000000e+00,-3.56845400e-03,0
7,24,6.81652649e-03,0.00000000e+00,0.00000000e+00,6.81652649e-03,0
7,25,3.97521456e-03,0.00000000e+00,0.00000000e+00,-3.97521456e-03,0
7,26,7.16586651e-04,0.00000000e+00,0.00000000e+00,7.16586651e-04,0
7,27,7.15933761e-04,0.00000000e+00,0.00000000e+00,7.15933761e-04,0
7,28,6.84050756e-03,0.00000000e+00,0.00000000e+00,-6.84050756e-03,0
7,29,5.28830200e-05,0.00000000e+00,0.00000000e+00,-5.28830200e-05,0
7,30,9.94842358e-03,0.00000000e+00,0.00000000e+00,-9.94842358e-03,0
7,31,1.84954982e-03,0.00000000e+00,0.00000000e+00,1.84954982e-03,0
7,32,9.60692444e-03,0.00000000e+00,0.00000000e+00,9.60692444e-03,0
7,33,1.84954982e-03,0.00000000e+00,0.00000000e+00,1.84954982e-03,0
7,34,9.94842358e-03,0.00000000e+00,0.00000000e+00,-9.94842358e-03,0
7,35,5.28830200e-05,0.00000000e+00,0.00000000e+00,-5.28830200e-05,0
7,36,6.84050756e-03,0.00000000e+00,0.00000000e+00,-6.84050756e-03,0
7,37,7.15933761e-04,0.00000000e+00,0.00000000e+00,7.15933761e-04,0
7,38,7.16586651e-04,0.00000000e+00,0.00000000e+00,7.16586651e-04,0
7,39,3.97521456e-03,0.00000000e+00,0.00000000e+00,-3.97521456e-03,0
7,40,6.81652649e-03,0.00000000e+00,0.00000000e+00,6.81652649e-03,0
7,41,3.56845400e-03,0.00000000e+00,0.00000000e+00,-3.56845400e-03,0
7,42,5.67585203e-03,0.00000000e+00,0.00000000e+00,5.67585203e-03,0
7,43,4.10719859e-04,0.00000000e+00,0.00000000e+00,-4.10719859e-04,0
7,44,3.43206540e-03,0.00000000e+00,0.00000000e+00,3.43206540e-03,0
7,45,6.95519271e-05,0.00000000e+00,0.00000000e+00,6.95519271e-05,0
7,46,6.38976034e-03,0.00000000e+00,0.00000000e+00,6.38976034e-03,0
7,47,4.28129863e-03,0.00000000e+00,0.00000000e+00,-4.28129863e-03,0
7,48,3.10828240e-03,0.00000000e+00,0.00000000e+00,3.10828240e-03,0
7,49,2.06625092e-03,0.00000000e+00,0.00000000e+00,-2.06625092e-03,0
7,50,2.66671483e-03,0.00000000e+00,0.00000000e+00,2.66671483e-03,0
7,51,3.51963701e-03,0.00000000e+00,0.00000000e+00,-3.51963701e-03,0
7,52,3.38358677e-03,0.00000000e+00,0.00000000e+00,-3.38358677e-03,0
7,53,1.07618198e-03,0.00000000e+00,0.00000000e+00,-1.07618198e-03,0
7,54,6.74448234e-03,0.00000000e+00,0.00000000e+00,-6.74448234e-03,0
7,55,1.95567486e-03,0.00000000e+00,0.00000000e+00,1.95567486e-03,0
7,56,5.03880905e-03,0.00000000e+00,0.00000000e+00,5.03880905e-03,0
7,57,1.56405396e-03,0.00000000e+00,0.00000000e+00,1.56405396e-03,0
7,58,1.60576596e-03,0.00000000e+00,0.00000000e+00,-1.60576596e-03,0
7,59,3.11621568e-03,0.00000000e+00,0.00000000e+00,-3.11621568e-03,0
7,60,6.78582829e-04,0.00000000e+00,0.00000000e+00,6.78582829e-04,0
7,61,1.47472069e-03,0.00000000e+00,0.00000000e+00,1.47472069e-03,0
7,62,1.31536306e-03,0.00000000e+00,0.00000000e+00,-1.31536306e-03,0
7,63,1.04765578e-04,0.00000000e+00,0.00000000e+00,1.04765578e-04,0
8,0,1.65720428e-03,0.00000000e+00,0.00000000e+00,1.65720428e-03,0
8,1,7.35233188e-04,0.00000000e+00,0.00000000e+00,-7.35233188e-04,0
8,2,1.78787479e-03,0.00000000e+00,0.00000000e+00,-1.78787479e-03,0
8,3,1.86105333e-03,0.00000000e+00,0.00000000e+00,1.86105333e-03,0
8,4,1.76108539e-03,0.00000000e+00,0.00000000e+00,1.76108539e-03,0
8,5,2.08536315e-03,0.00000000e+00,0.00000000e+00,-2.08536315e-03,0
8,6,1.53566854e-05,0.00000000e+00,0.00000000e+00,1.53566854e-05,0
8,7,5.03880905e-03,0.00000000e+00,0.00000000e+00,5.03880905e-03,0
8,8,2.63657639e-04,0.00000000e+00,0.00000000e+00,2.63657639e-04,0
8,9,7.84187617e-03,0.00000000e+00,0.00000000e+00,-7.84187617e-03,0
8,10,6.57596953e-04,0.00000000e+00,0.00000000e+00,-6.57596953e-04,0
8,11,2.21191267e-03,0.00000000e+00,0.00000000e+00,2.21191267e-03,0
8,12,1.56157088e-03,0.00000000e+00,0.00000000e+00,-1.56157088e-03,0
8,13,5.61278573e-03,0.00000000e+00,0.00000000e+00,5.61278573e-03,0
8,14,7.10916818e-04,0.00000000e+00,0.00000000e+00,-7.10916818e-04,0
8,15,2.30827245e-03,0.00000000e+00,0.00000000e+00,2.30827245e-03,0
8,16,2.16022481e-03,0.00000000e+00,0.00000000e+00,-2.16022481e-03,0
8,17,1.21831214e-04,0.00000000e+00,0.00000000e+00,-1.21831214e-04,0
8,18,6.87150319e-04,0.00000000e+00,0.00000000e+00,6.87150319e-04,0
8,19,3.05950713e-03,0.00000000e+00,0.00000000e+00,-3.05950713e-03,0
8,20,7.35254406e-04,0.00000000e+00,0.00000000e+00,7.35254406e-04,0
8,21,1.18006072e-04,0.00000000e+00,0.00000000e+00,1.18006072e-04,0
8,22,3.53604566e-03,0.00000000e+00,0.00000000e+00,-3.53604566e-03,0
8,23,2.23982825e-03,0.00000000e+00,0.00000000e+00,2.23982825e-03,0
8,24,9.34490459e-04,0.00000000e+00,0.00000000e+00,-9.34490459e-04,0
8,25,3.30477574e-03,0.00000000e+00,0.00000000e+00,3.30477574e-03,0
8,26,1.57717279e-03,0.00000000e+00,0.00000000e+00,-1.57717279e-03,0
8,27,4.30640193e-03,0.00000000e+00,0.00000000e+00,4.30640193e-03,0
8,28,1.05817055e-03,0.00000000e+00,0.00000000e+00,-1.05817055e-03,0
8,29,6.02184950e-03,0.00000000e+00,0.00000000e+00,-6.02184950e-03,0
8,30,1.66710926e-03,0.00000000e+00,0.00000000e+00,1.66710926e-03,0
8,31,6.69406858e-04,0.00000000e+00,0.00000000e+00,6.69406858e-04,0
8,32,7.31017046e-03,0.00000000e+00,0.00000000e+00,7.31017046e-03,0
8,33,6.69406858e-04,0.00000000e+00,0.00000000e+00,6.69406858e-04,0
8,34,1.66710926e-03,0.00000000e+00,0.00000000e+00,1.66710926e-03,0
8,35,6.02184950e-03,0.00000000e+00,0.00000000e+00,-6.02184950e-03,0
8,36,1.05817055e-03,0.00000000e+00,0.00000000e+00,-1.05817055e-03,0
8,37,4.30640193e-03,0.00000000e+00,0.00000000e+00,4.30640193e-03,0
8,38,1.57717279e-03,0.00000000e+00,0.00000000e+00,-1.57717279e-03,0
8,39,3.30477574e-03,0.00000000e+00,0.00000000e+00,3.30477574e-03,0
8,40,9.34490459e-04,0.00000000e+00,0.00000000e+00,-9.34490459e-04,0
8,41,2.23982825e-03,0.00000000e+00,0.00000000e+00,2.23982825e-03,0
8,42,3.53604566e-03,0.00000000e+00,0.00000000e+00,-3.53604566e-03,0
8,43,1.18006072e-04,0.00000000e+00,0.00000000e+00,1.18006072e-04,0
8,44,7.35254406e-04,0.00000000e+00,0.00000000e+00,7.35254406e-04,0
8,45,3.05950713e-03,0.00000000e+00,0.00000000e+00,-3.05950713e-03,0
8,46,6.87150319e-04,0.00000000e+00,0.00000000e+00,6.87150319e-04,0
8,47,1.21831214e-04,0.00000000e+00,0.00000000e+00,-1.21831214e-04,0
8,48,2.16022481e-03,0.00000000e+00,0.00000000e+00,-2.16022481e-03,0
8,49,2.30827245e-03,0.00000000e+00,0.00000000e+00,2.30827245e-03,0
8,50,7.10916818e-04,0.00000000e+00,0.00000000e+00,-7.10916818e-04,0
8,51,5.61278573e-03,0.00000000e+00,0.00000000e+00,5.61278573e-03,0
8,52,1.56157088e-03,0.00000000e+00,0.00000000e+00,-1.56157088e-03,0
8,53,2.21191267e-03,0.00000000e+00,0.00000000e+00,2.21191267e-03,0
8,54,6.57596953e-04,0.00000000e+00,0.00000000e+00,-6.57596953e-04,0
8,55,7.84187617e-03,0.00000000e+00,0.00000000e+00,-7.84187617e-03,0
8,56,2.63657639e-04,0.00000000e+00,0.00000000e+00,2.63657639e-04,0
8,57,5.03880905e-03,0.00000000e+00,0.00000000e+00,5.03880905e-03,0
8,58,1.53566854e-05,0.00000000e+00,0.00000000e+00,1.53566854e-05,0
8,59,2.08536315e-03,0.00000000e+00,0.00000000e+00,-2.08536315e-03,0
8,60,1.76108539e-03,0.00000000e+00,0.00000000e+00,1.76108539e-03,0
8,61,1.86105333e-03,0.00000000e+00,0.00000000e+00,1.86105333e-03,0
8,62,1.78787479e-03,0.00000000e+00,0.00000000e+00,-1.78787479e-03,0
8,63,7.35233188e-04,0.00000000e+00,0.00000000e+00,-7.35233188e-04,0
9,0,1.06922419e-04,0.00000000e+00,0.00000000e+00,-1.06922419e-04,0
9,1,1.01265604e-03,0.00000000e+00,0.00000000e+00,-1.01265604e-03,0
9,2,3.96362722e-04,0.00000000e+00,0.00000000e+00,3.96362722e-04,0
9,3,2.43807271e-03,0.00000000e+00,0.00000000e+00,2.43807271e-03,0
9,4,1.93722391e-03,0.00000000e+00,0.00000000e+00,-1.93722391e-03,0
9,5,2.24847479e-03,0.00000000e+00,0.00000000e+00,-2.24847479e-03,0
9,6,6.05128699e-03,0.00000000e+00,0.00000000e+00,6.05128699e-03,0
9,7,1.95567486e-03,0.00000000e+00,0.00000000e+00,1.95567486e-03,0
9,8,7.84187617e-03,0.00000000e+00,0.00000000e+00,-7.84187617e-03,0
9,9,1.19613063e-03,0.00000000e+00,0.00000000e+00,1.19613063e-03,0
9,10,5.17111050e-03,0.00000000e+00,0.00000000e+00,5.17111050e-03,0
9,11,2.41823560e-03,0.00000000e+00,0.00000000e+00,-2.41823560e-03,0
9,12,2.42105070e-03,0.00000000e+00,0.00000000e+00,2.42105070e-03,0
9,13,2.19125880e-03,0.00000000e+00,0.00000000e+00,-2.19125880e-03,0
9,14,2.56529934e-03,0.00000000e+00,0.00000000e+00,-2.56529934e-03,0
9,15,2.67018203e-04,0.00000000e+00,0.00000000e+00,-2.67018203e-04,0
9,16,4.76882490e-03,0.00000000e+00,0.00000000e+00,-4.76882490e-03,0
9,17,5.80545263e-04,0.00000000e+00,0.00000000e+00,5.80545263e-04,0
9,18,3.83646646e-03,0.00000000e+00,0.00000000e+00,-3.83646646e-03,0
9,19,2.53060792e-03,0.00000000e+00,0.00000000e+00,2.53060792e-03,0
9,20,2.92169689e-03,0.00000000e+00,0.00000000e+00,-2.92169689e-03,0
9,21,1.14499715e-04,0.00000000e+00,0.00000000e+00,-1.14499715e-04,0
9,22,3.02310613e-03,0.00000000e+00,0.00000000e+00,-3.02310613e-03,0
9,23,3.34567944e-03,0.00000000e+00,0.00000000e+00,3.34567944e-03,0
9,24,1.83655544e-03,0.00000000e+00,0.00000000e+00,-1.83655544e-03,0
9,25,7.41187311e-04,0.00000000e+00,0.00000000e+00,7.41187311e-04,0
9,26,6.81389061e-04,0.00000000e+00,0.00000000e+00,6.81389061e-04,0
9,27,1.79778695e-03,0.00000000e+00,0.00000000e+00,-1.79778695e-03,0
9,28,6.42315377e-04,0.00000000e+00,0.00000000e+00,6.42315377e-04,0
9,29,8.11638776e-03,0.00000000e+00,0.00000000e+00,-8.11638776e-03,0
9,30,9.22323227e-03,0.00000000e+00,0.00000000e+00,9.22323227e-03,0
9,31,5.97761620e-03,0.00000000e+00,0.00000000e+00,5.97761620e-03,0
9,32,1.73957560e-02,0.00000000e+00,0.00000000e+00,-1.73957560e-02,0
9,33,5.97761620e-03,0.00000000e+00,0.00000000e+00,5.97761620e-03,0
9,34,9.22323227e-03,0.00000000e+00,0.00000000e+00,9.22323227e-03,0
9,35,8.11638776e-03,0.00000000e+00,0.00000000e+00,-8.11638776e-03,0
9,36,6.42315377e-04,0.00000000e+00,0.00000000e+00,6.42315377e-04,0
9,37,1.79778695e-03,0.00000000e+00,0.00000000e+00,-1.79778695e-03,0
9,38,6.81389061e-04,0.00000000e+00,0.00000000e+00,6.81389061e-04,0
9,39,7.41187311e-04,0.00000000e+00,0.00000000e+00,7.41187311e-04,0
9,40,1.83655544e-03,0.00000000e+00,0.00000000e+00,-1.83655544e-03,0
9,41,3.34567944e-03,0.00000000e+00,0.00000000e+00,3.34567944e-03,0
9,42,3.02310613e-03,0.00000000e+00,0.00000000e+00,-3.02310613e-03,0
9,43,1.14499715e-04,0.00000000e+00,0.00000000e+00,-1.14499715e-04,0
9,44,2.92169689e-03,0.00000000e+00,0.00000000e+00,-2.92169689e-03,0
9,45,2.53060792e-03,0.00000000e+00,0.00000000e+00,2.53060792e-03,0
9,46,3.83646646e-03,0.00000000e+00,0.00000000e+00,-3.83646646e-03,0
9,47,5.80545263e-04,0.00000000e+00,0.00000000e+00,5.80545263e-04,0
9,48,4.76882490e-03,0.00000000e+00,0.00000000e+00,-4.76882490e-03,0
9,49,2.67018203e-04,0.00000000e+00,0.00000000e+00,-2.67018203e-04,0
9,50,2.56529934e-03,0.00000000e+00,0.00000000e+00,-2.56529934e-03,0
9,51,2.19125880e-03,0.00000000e+00,0.00000000e+00,-2.19125880e-03,0
9,52,2.42105070e-03,0.00000000e+00,0.00000000e+00,2.42105070e-03,0
9,53,2.41823560e-03,0.00000000e+00,0.00000000e+00,-2.41823560e-03,0
9,54,5.17111050e-03,0.00000000e+00,0.00000000e+00,5.17111050e-03,0
9,55,1.19613063e-03,0.00000000e+00,0.00000000e+00,1.19613063e-03,0
9,56,7.84187617e-03,0.00000000e+00,0.00000000e+00,-7.84187617e-03,0
9,57,1.95567486e-03,0.00000000e+00,0.00000000e+00,1.95567486e-03,0
9,58,6.05128699e-03,0.00000000e+00,0.00000000e+00,6.05128699e-03,0
9,59,2.24847479e-03,0.00000000e+00,0.00000000e+00,-2.24847479e-03,0
9,60,1.93722391e-03,0.00000000e+00,0.00000000e+00,-1.93722391e-03,0
9,61,2.43807271e-03,0.00000000e+00,0.00000000e+00,2.43807271e-03,0
9,62,3.96362722e-04,0.00000000e+00,0.00000000e+00,3.96362722e-04,0
9,63,1.01265604e-03,0.00000000e+00,0.00000000e+00,-1.01265604e-03,0
10,0,4.83954228e-05,0.00000000e+00,0.00000000e+00,4.83954228e-05,0
10,1,3.60877408e-04,0.00000000e+00,0.00000000e+00,3.60877408e-04,0
10,2,9.55470979e-04,0.00000000e+00,0.00000000e+00,9.55470979e-04,0
10,3,1.43097008e-03,0.00000000e+00,0.00000000e+00,-1.43097008e-03,0
10,4,2.88638257e-03,0.00000000e+00,0.00000000e+00,-2.88638257e-03,0
10,5,4.23094838e-03,0.00000000e+00,0.00000000e+00,4.23094838e-03,0
10,6,4.05275073e-03,0.00000000e+00,0.00000000e+00,4.05275073e-03,0
10,7,6.74448234e-03,0.00000000e+00,0.00000000e+00,-6.74448234e-03,0
10,8,6.57596953e-04,0.00000000e+00,0.00000000e+00,-6.57596953e-04,0
10,9,5.17111050e-03,0.00000000e+00,0.00000000e+00,5.17111050e-03,0
10,10,4.40478195e-03,0.00000000e+00,0.00000000e+00,-4.40478195e-03,0
10,11,1.00238299e-04,0.00000000e+00,0.00000000e+00,1.00238299e-04,0
10,12,7.07312082e-04,0.00000000e+00,0.00000000e+00,7.07312082e-04,0
10,13,9.77563774e-04,0.00000000e+00,0.00000000e+00,-9.77563774e-04,0
10,14,4.66514662e-03,0.00000000e+00,0.00000000e+00,4.66514662e-03,0
10,15,2.80789081e-04,0.00000000e+00,0.00000000e+00,2.80789081e-04,0
10,16,3.34475315e-03,0.00000000e+00,0.00000000e+00,3.34475315e-03,0
10,17,2.26582217e-03,0.00000000e+00,0.00000000e+00,2.26582217e-03,0
10,18,6.44141435e-03,0.00000000e+00,0.00000000e+00,6.44141435e-03,0
10,19,2.35609768e-04,0.00000000e+00,0.00000000e+00,-2.35609768e-04,0
10,20,3.99594665e-03,0.00000000e+00,0.00000000e+00,3.99594665e-03,0
10,21,1.34060608e-03,0.00000000e+00,0.00000000e+00,1.34060608e-03,0
10,22,5.48391611e-03,0.00000000e+00,0.00000000e+00,5.48391611e-03,0
10,23,1.95236247e-05,0.00000000e+00,0.00000000e+00,1.95236247e-05,0
10,24,7.04772736e-03,0.00000000e+00,0.00000000e+00,7.04772736e-03,0
10,25,2.67902425e-03,0.00000000e+00,0.00000000e+00,-2.67902425e-03,0
10,26,6.11357718e-03,0.00000000e+00,0.00000000e+00,6.11357718e-03,0
10,27,2.75811683e-03,0.00000000e+00,0.00000000e+00,-2.75811683e-03,0
10,28,3.79997993e-03,0.00000000e+00,0.00000000e+00,-3.79997993e-03,0
10,29,1.01451711e-02,0.00000000e+00,0.00000000e+00,1.01451711e-02,0
10,30,2.65073986e-03,0.00000000e+00,0.00000000e+00,-2.65073986e-03,0
10,31,4.41468190e-03,0.00000000e+00,0.00000000e+00,-4.41468190e-03,0
10,32,5.73536298e-06,0.00000000e+00,0.00000000e+00,-5.73536298e-06,0
10,33,4.41468190e-03,0.00000000e+00,0.00000000e+00,-4.41468190e-03,0
10,34,2.65073986e-03,0.00000000e+00,0.00000000e+00,-2.65073986e-03,0
10,35,1.01451711e-02,0.00000000e+00,0.00000000e+00,1.01451711e-02,0
10,36,3.79997993e-03,0.00000000e+00,0.00000000e+00,-3.79997993e-03,0
10,37,2.75811683e-03,0.00000000e+00,0.00000000e+00,-2.75811683e-03,0
10,38,6.11357718e-03,0.00000000e+00,0.00000000e+00,6.11357718e-03,0
10,39,2.67902425e-03,0.00000000e+00,0.00000000e+00,-2.67902425e-03,0
10,40,7.04772736e-03,0.00000000e+00,0.00000000e+00,7.04772736e-03,0
10,41,1.95236247e-05,0.00000000e+00,0.00000000e+00,1.95236247e-05,0
10,42,5.48391611e-03,0.00000000e+00,0.00000000e+00,5.48391611e-03,0
10,43,1.34060608e-03,0.00000000e+00,0.00000000e+00,1.34060608e-03,0
10,44,3.99594665e-03,0.00000000e+00,0.00000000e+00,3.99594665e-03,0
10,45,2.35609768e-04,0.00000000e+00,0.00000000e+00,-2.35609768e-04,0
10,46,6.44141435e-03,0.00000000e+00,0.00000000e+00,6.44141435e-03,0
10,47,2.26582217e-03,0.00000000e+00,0.00000000e+00,2.26582217e-03,0
10,48,3.34475315e-03,0.00000000e+00,0.00000000e+00,3.34475315e-03,0
10,49,2.80789081e-04,0.00000000e+00,0.00000000e+00,2.80789081e-04,0
10,50,4.66514662e-03,0.00000000e+00,0.00000000e+00,4.66514662e-03,0
10,51,9.77563774e-04,0.00000000e+00,0.00000000e+00,-9.77563774e-04,0
10,52,7.07312082e-04,0.00000000e+00,0.00000000e+00,7.07312082e-04,0
10,53,1.00238299e-04,0.00000000e+00,0.00000000e+00,1.00238299e-04,0
10,54,4.40478195e-03,0.00000000e+00,0.00000000e+00,-4.40478195e-03,0
10,55,5.17111050e-03,0.00000000e+00,0.00000000e+00,5.17111050e-03,0
10,56,6.57596953e-04,0.00000000e+00,0.00000000e+00,-6.57596953e-04,0
10,57,6.74448234e-03,0.00000000e+00,0.00000000e+00,-6.74448234e-03,0
10,58,4.05275073e-03,0.00000000e+00,0.00000000e+00,4.05275073e-03,0
10,59,4.23094838e-03,0.00000000e+00,0.00000000e+00,4.23094838e-03,0
10,60,2.88638257e-03,0.00000000e+00,0.00000000e+00,-2.88638257e-03,0
10,61,1.43097008e-03,0.00000000e+00,0.00000000e+00,-1.43097008e-03,0
10,62,9.55470979e-04,0.00000000e+00,0.00000000e+00,9.55470979e-04,0
10,63,3.60877408e-04,0.00000000e+00,0.00000000e+00,3.60877408e-04,0
11,0,8.67816132e-04,0.00000000e+00,0.00000000e+00,8.67816132e-04,0
11,1,8.49995550e-04,0.00000000e+00,0.00000000e+00,8.49995550e-04,0
11,2,8.01140945e-05,0.00000000e+00,0.00000000e+00,8.01140945e-05,0
11,3,1.81427638e-03,0.00000000e+00,0.00000000e+00,-1.81427638e-03,0
11,4,8.08302085e-04,0.00000000e+00,0.00000000e+00,-8.08302085e-04,0
11,5,1.90475002e-03,0.00000000e+00,0.00000000e+00,1.90475002e-03,0
11,6,1.02355245e-03,0.00000000e+00,0.00000000e+00,-1.02355245e-03,0
11,7,1.07618198e-03,0.00000000e+00,0.00000000e+00,-1.07618198e-03,0
11,8,2.21191267e-03,0.00000000e+00,0.00000000e+00,2.21191267e-03,0
11,9,2.41823560e-03,0.00000000e+00,0.00000000e+00,-2.41823560e-03,0
11,10,1.00238299e-04,0.00000000e+00,0.00000000e+00,1.00238299e-04,0
11,11,4.32826049e-03,0.00000000e+00,0.00000000e+00,4.32826049e-03,0
11,12,2.41493870e-03,0.00000000e+00,0.00000000e+00,2.41493870e-03,0
11,13,4.21949717e-03,0.00000000e+00,0.00000000e+00,4.21949717e-03,0
11,14,1.30815027e-03,0.00000000e+00,0.00000000e+00,1.30815027e-03,0
11,15,1.55658530e-03,0.00000000e+00,0.00000000e+00,1.55658530e-03,0
11,16,1.14460340e-03,0.00000000e+00,0.00000000e+00,-1.14460340e-03,0
11,17,2.49409019e-03,0.00000000e+00,0.00000000e+00,2.49409019e-03,0
11,18,3.96446059e-03,0.00000000e+00,0.00000000e+00,-3.96446059e-03,0
11,19,2.36024255e-05,0.00000000e+00,0.00000000e+00,-2.36024255e-05,0
11,20,2.28667923e-04,0.00000000e+00,0.00000000e+00,-2.28667923e-04,0
11,21,3.74277759e-04,0.00000000e+00,0.00000000e+00,-3.74277759e-04,0
11,22,3.35303526e-03,0.00000000e+00,0.00000000e+00,-3.35303526e-03,0
11,23,4.63587788e-03,0.00000000e+00,0.00000000e+00,4.63587788e-03,0
11,24,4.36073602e-03,0.00000000e+00,0.00000000e+00,-4.36073602e-03,0
11,25,5.54620582e-03,0.00000000e+00,0.00000000e+00,5.54620582e-03,0
11,26,3.29264775e-03,0.00000000e+00,0.00000000e+00,-3.29264775e-03,0
11,27,5.14169598e-03,0.00000000e+00,0.00000000e+00,5.14169598e-03,0
11,28,4.42560076e-03,0.00000000e+00,0.00000000e+00,4.42560076e-03,0
11,29,3.41370064e-03,0.00000000e+00,0.00000000e+00,3.41370064e-03,0
11,30,1.82521078e-03,0.00000000e+00,0.00000000e+00,1.82521078e-03,0
11,31,6.58703473e-03,0.00000000e+00,0.00000000e+00,-6.58703473e-03,0
11,32,3.23578254e-03,0.00000000e+00,0.00000000e+00,3.23578254e-03,0
11,33,6.58703473e-03,0.00000000e+00,0.00000000e+00,-6.58703473e-03,0
11,34,1.82521078e-03,0.00000000e+00,0.00000000e+00,1.82521078e-03,0
11,35,3.41370064e-03,0.00000000e+00,0.00000000e+00,3.41370064e-03,0
11,36,4.42560076e-03,0.00000000e+00,0.00000000e+00,4.42560076e-03,0
11,37,5.14169598e-03,0.00000000e+00,0.00000000e+00,5.14169598e-03,0
11,38,3.29264775e-03,0.00000000e+00,0.00000000e+00,-3.29264775e-03,0
11,39,5.54620582e-03,0.00000000e+00,0.00000000e+00,5.54620582e-03,0
11,40,4.36073602e-03,0.00000000e+00,0.00000000e+00,-4.36073602e-03,0
11,41,4.63587788e-03,0.00000000e+00,0.00000000e+00,4.63587788e-03,0
11,42,3.35303526e-03,0.00000000e+00,0.00000000e+00,-3.35303526e-03,0
11,43,3.74277759e-04,0.00000000e+00,0.00000000e+00,-3.74277759e-04,0
11,44,2.28667923e-04,0.00000000e+00,0.00000000e+00,-2.28667923e-04,0
11,45,2.36024255e-05,0.00000000e+00,0.00000000e+00,-2.36024255e-05,0
11,46,3.96446059e-03,0.00000000e+00,0.00000000e+00,-3.96446059e-03,0
11,47,2.49409019e-03,0.00000000e+00,0.00000000e+00,2.49409019e-03,0
11,48,1.14460340e-03,0.00000000e+00,0.00000000e+00,-1.14460340e-03,0
11,49,1.55658530e-03,0.00000000e+00,0.00000000e+00,1.55658530e-03,0
11,50,1.30815027e-03,0.00000000e+00,0.00000000e+00,1.30815027e-03,0
11,51,4.21949717e-03,0.00000000e+00,0.00000000e+00,4.21949717e-03,0
11,52,2.41493870e-03,0.00000000e+00,0.00000000e+00,2.41493870e-03,0
11,53,4.32826049e-03,0.00000000e+00,0.00000000e+00,4.32826049e-03,0
11,54,1.00238299e-04,0.00000000e+00,0.00000000e+00,1.00238299e-04,0
11,55,2.41823560e-03,0.00000000e+00,0.00000000e+00,-2.41823560e-03,0
11,56,2.21191267e-03,0.00000000e+00,0.00000000e+00,2.21191267e-03,0
11,57,1.07618198e-03,0.00000000e+00,0.00000000e+00,-1.07618198e-03,0
11,58,1.02355245e-03,0.00000000e+00,0.00000000e+00,-1.02355245e-03,0
11,59,1.90475002e-03,0.00000000e+00,0.00000000e+00,1.90475002e-03,0
11,60,8.08302085e-04,0.00000000e+00,0.00000000e+00,-8.08302085e-04,0
11,61,1.81427638e-03,0.00000000e+00,0.00000000e+00,-1.81427638e-03,0
11,62,8.01140945e-05,0.00000000e+00,0.00000000e+00,8.01140945e-05,0
11,63,8.49995550e-04,0.00000000e+00,0.00000000e+00,8.49995550e-04,0
12,0,4.77694371e-04,0.00000000e+00,0.00000000e+00,-4.77694371e-04,0
12,1,7.93079020e-04,0.00000000e+00,0.00000000e+00,7.93079020e-04,0
12,2,1.19902661e-03,0.00000000e+00,0.00000000e+00,1.19902661e-03,0
12,3,2.34241845e-03,0.00000000e+00,0.00000000e+00,-2.34241845e-03,0
12,4,2.62599936e-03,0.00000000e+00,0.00000000e+00,-2.62599936e-03,0
12,5,3.47810775e-03,0.00000000e+00,0.00000000e+00,3.47810775e-03,0
12,6,3.12157188e-03,0.00000000e+00,0.00000000e+00,3.12157188e-03,0
12,7,3.38358677e-03,0.00000000e+00,0.00000000e+00,-3.38358677e-03,0
12,8,1.56157088e-03,0.00000000e+00,0.00000000e+00,-1.56157088e-03,0
12,9,2.42105070e-03,0.00000000e+00,0.00000000e+00,2.42105070e-03,0
12,10,7.07312082e-04,0.00000000e+00,0.00000000e+00,7.07312082e-04,0
12,11,2.41493870e-03,0.00000000e+00,0.00000000e+00,2.41493870e-03,0
12,12,8.90475096e-04,0.00000000e+00,0.00000000e+00,8.90475096e-04,0
12,13,2.21404400e-03,0.00000000e+00,0.00000000e+00,-2.21404400e-03,0
12,14,2.00191351e-03,0.00000000e+00,0.00000000e+00,2.00191351e-03,0
12,15,3.60082247e-03,0.00000000e+00,0.00000000e+00,-3.60082247e-03,0
12,16,9.85967820e-04,0.00000000e+00,0.00000000e+00,9.85967820e-04,0
12,17,1.33438046e-03,0.00000000e+00,0.00000000e+00,-1.33438046e-03,0
12,18,1.15505211e-03,0.00000000e+00,0.00000000e+00,1.15505211e-03,0
12,19,1.38281421e-03,0.00000000e+00,0.00000000e+00,1.38281421e-03,0
12,20,8.29655307e-04,0.00000000e+00,0.00000000e+00,-8.29655307e-04,0
12,21,4.67869045e-05,0.00000000e+00,0.00000000e+00,4.67869045e-05,0
12,22,2.31770415e-03,0.00000000e+00,0.00000000e+00,2.31770415e-03,0
12,23,5.68297808e-04,0.00000000e+00,0.00000000e+00,-5.68297808e-04,0
12,24,1.41437487e-03,0.00000000e+00,0.00000000e+00,1.41437487e-03,0
12,25,3.63383776e-03,0.00000000e+00,0.00000000e+00,-3.63383776e-03,0
12,26,3.23265907e-03,0.00000000e+00,0.00000000e+00,3.23265907e-03,0
12,27,2.19916895e-03,0.00000000e+00,0.00000000e+00,-2.19916895e-03,0
12,28,2.99828695e-03,0.00000000e+00,0.00000000e+00,2.99828695e-03,0
12,29,1.13146161e-03,0.00000000e+00,0.00000000e+00,1.13146161e-03,0
12,30,1.42310842e-03,0.00000000e+00,0.00000000e+00,1.42310842e-03,0
12,31,2.35403633e-03,0.00000000e+00,0.00000000e+00,2.35403633e-03,0
12,32,1.10633066e-02,0.00000000e+00,0.00000000e+00,-1.10633066e-02,0
12,33,2.35403633e-03,0.00000000e+00,0.00000000e+00,2.35403633e-03,0
12,34,1.42310842e-03,0.00000000e+00,0.00000000e+00,1.42310842e-03,0
12,35,1.13146161e-03,0.00000000e+00,0.00000000e+00,1.13146161e-03,0
12,36,2.99828695e-03,0.00000000e+00,0.00000000e+00,2.99828695e-03,0
12,37,2.19916895e-03,0.00000000e+00,0.00000000e+00,-2.19916895e-03,0
12,38,3.23265907e-03,0.00000000e+00,0.00000000e+00,3.23265907e-03,0
12,39,3.63383776e-03,0.00000000e+00,0.00000000e+00,-3.63383776e-03,0
12,40,1.41437487e-03,0.00000000e+00,0.00000000e+00,1.41437487e-03,0
12,41,5.68297808e-04,0.00000000e+00,0.00000000e+00,-5.68297808e-04,0
12,42,2.31770415e-03,0.00000000e+00,0.00000000e+00,2.31770415e-03,0
12,43,4.67869045e-05,0.00000000e+00,0.00000000e+00,4.67869045e-05,0
12,44,8.29655307e-04,0.00000000e+00,0.00000000e+00,-8.29655307e-04,0
12,45,1.38281421e-03,0.00000000e+00,0.00000000e+00,1.38281421e-03,0
12,46,1.15505211e-03,0.00000000e+00,0.00000000e+00,1.15505211e-03,0
12,47,1.33438046e-03,0.00000000e+00,0.00000000e+00,-1.33438046e-03,0
12,48,9.85967820e-04,0.00000000e+00,0.00000000e+00,9.85967820e-04,0
12,49,3.60082247e-03,0.00000000e+00,0.00000000e+00,-3.60082247e-03,0
12,50,2.00191351e-03,0.00000000e+00,0.00000000e+00,2.00191351e-03,0
12,51,2.21404400e-03,0.00000000e+00,0.00000000e+00,-2.21404400e-03,0
12,52,8.90475096e-04,0.00000000e+00,0.00000000e+00,8.90475096e-04,0
12,53,2.41493870e-03,0.00000000e+00,0.00000000e+00,2.41493870e-03,0
12,54,7.07312082e-04,0.00000000e+00,0.00000000e+00,7.07312082e-04,0
12,55,2.42105070e-03,0.00000000e+00,0.00000000e+00,2.42105070e-03,0
12,56,1.56157088e-03,0.00000000e+00,0.00000000e+00,-1.56157088e-03,0
12,57,3.38358677e-03,0.00000000e+00,0.00000000e+00,-3.38358677e-03,0
12,58,3.12157188e-03,0.00000000e+00,0.00000000e+00,3.12157188e-03,0
12,59,3.47810775e-03,0.00000000e+00,0.00000000e+00,3.47810775e-03,0
12,60,2.62599936e-03,0.00000000e+00,0.00000000e+00,-2.62599936e-03,0
12,61,2.34241845e-03,0.00000000e+00,0.00000000e+00,-2.34241845e-03,0
12,62,1.19902661e-03,0.00000000e+00,0.00000000e+00,1.19902661e-03,0
12,63,7.93079020e-04,0.00000000e+00,0.00000000e+00,7.93079020e-04,0
13,0,2.37879114e-03,0.00000000e+00,0.00000000e+00,-2.37879114e-03,0
13,1,2.49990669e-04,0.00000000e+00,0.00000000e+00,2.49990669e-04,0
13,2,1.56022825e-03,0.00000000e+00,0.00000000e+00,1.56022825e-03,0
13,3,1.40303212e-03,0.00000000e+00,0.00000000e+00,-1.40303212e-03,0
13,4,1.41957931e-03,0.00000000e+00,0.00000000e+00,1.41957931e-03,0
13,5,3.98802865e-03,0.00000000e+00,0.00000000e+00,3.98802865e-03,0
13,6,4.76583387e-03,0.00000000e+00,0.00000000e+00,-4.76583387e-03,0
13,7,3.51963701e-03,0.00000000e+00,0.00000000e+00,-3.51963701e-03,0
13,8,5.61278573e-03,0.00000000e+00,0.00000000e+00,5.61278573e-03,0
13,9,2.19125880e-03,0.00000000e+00,0.00000000e+00,-2.19125880e-03,0
13,10,9.77563774e-04,0.00000000e+00,0.00000000e+00,-9.77563774e-04,0
13,11,4.21949717e-03,0.00000000e+00,0.00000000e+00,4.21949717e-03,0
13,12,2.21404400e-03,0.00000000e+00,0.00000000e+00,-2.21404400e-03,0
13,13,5.30705034e-03,0.00000000e+00,0.00000000e+00,5.30705034e-03,0
13,14,2.44807842e-04,0.00000000e+00,0.00000000e+00,2.44807842e-04,0
13,15,6.80039626e-04,0.00000000e+00,0.00000000e+00,6.80039626e-04,0
13,16,2.41282456e-03,0.00000000e+00,0.00000000e+00,2.41282456e-03,0
13,17,9.10680093e-05,0.00000000e+00,0.00000000e+00,9.10680093e-05,0
13,18,1.59519054e-03,0.00000000e+00,0.00000000e+00,1.59519054e-03,0
13,19,4.39655578e-03,0.00000000e+00,0.00000000e+00,-4.39655578e-03,0
13,20,4.83309436e-03,0.00000000e+00,0.00000000e+00,4.83309436e-03,0
13,21,3.31244539e-03,0.00000000e+00,0.00000000e+00,-3.31244539e-03,0
13,22,2.26289400e-03,0.00000000e+00,0.00000000e+00,2.26289400e-03,0
13,23,1.86163828e-03,0.00000000e+00,0.00000000e+00,-1.86163828e-03,0
13,24,4.54767400e-04,0.00000000e+00,0.00000000e+00,4.54767400e-04,0
13,25,1.36660003e-05,0.00000000e+00,0.00000000e+00,1.36660003e-05,0
13,26,9.09590576e-04,0.00000000e+00,0.00000000e+00,9.09590576e-04,0
13,27,3.19186604e-03,0.00000000e+00,0.00000000e+00,3.19186604e-03,0
13,28,1.63238920e-03,0.00000000e+00,0.00000000e+00,-1.63238920e-03,0
13,29,8.60461726e-03,0.00000000e+00,0.00000000e+00,8.60461726e-03,0
13,30,5.06652897e-03,0.00000000e+00,0.00000000e+00,-5.06652897e-03,0
13,31,5.79401978e-03,0.00000000e+00,0.00000000e+00,-5.79401978e-03,0
13,32,1.61433632e-02,0.00000000e+00,0.00000000e+00,1.61433632e-02,0
13,33,5.79401978e-03,0.00000000e+00,0.00000000e+00,-5.79401978e-03,0
13,34,5.06652897e-03,0.00000000e+00,0.00000000e+00,-5.06652897e-03,0
13,35,8.60461726e-03,0.00000000e+00,0.00000000e+00,8.60461726e-03,0
13,36,1.63238920e-03,0.00000000e+00,0.00000000e+00,-1.63238920e-03,0
13,37,3.19186604e-03,0.00000000e+00,0.00000000e+00,3.19186604e-03,0
13,38,9.09590576e-04,0.00000000e+00,0.00000000e+00,9.09590576e-04,0
13,39,1.36660003e-05,0.00000000e+00,0.00000000e+00,1.36660003e-05,0
13,40,4.54767400e-04,0.00000000e+00,0.00000000e+00,4.54767400e-04,0
13,41,1.86163828e-03,0.00000000e+00,0.00000000e+00,-1.86163828e-03,0
13,42,2.26289400e-03,0.00000000e+00,0.00000000e+00,2.26289400e-03,0
13,43,3.31244539e-03,0.00000000e+00,0.00000000e+00,-3.31244539e-03,0
13,44,4.83309436e-03,0.00000000e+00,0.00000000e+00,4.83309436e-03,0
13,45,4.39655578e-03,0.00000000e+00,0.00000000e+00,-4.39655578e-03,0
13,46,1.59519054e-03,0.00000000e+00,0.00000000e+00,1.59519054e-03,0
13,47,9.10680093e-05,0.00000000e+00,0.00000000e+00,9.10680093e-05,0
13,48,2.41282456e-03,0.00000000e+00,0.00000000e+00,2.41282456e-03,0
13,49,6.80039626e-04,0.00000000e+00,0.00000000e+00,6.80039626e-04,0
13,50,2.44807842e-04,0.00000000e+00,0.00000000e+00,2.44807842e-04,0
13,51,5.30705034e-03,0.00000000e+00,0.00000000e+00,5.30705034e-03,0
13,52,2.21404400e-03,0.00000000e+00,0.00000000e+00,-2.21404400e-03,0
13,53,4.21949717e-03,0.00000000e+00,0.00000000e+00,4.21949717e-03,0
13,54,9.77563774e-04,0.00000000e+00,0.00000000e+00,-9.77563774e-04,0
13,55,2.19125880e-03,0.00000000e+00,0.00000000e+00,-2.19125880e-03,0
13,56,5.61278573e-03,0.00000000e+00,0.00000000e+00,5.61278573e-03,0
13,57,3.51963701e-03,0.00000000e+00,0.00000000e+00,-3.51963701e-03,0
13,58,4.76583387e-03,0.00000000e+00,0.00000000e+00,-4.76583387e-03,0
13,59,3.98802865e-03,0.00000000e+00,0.00000000e+00,3.98802865e-03,0
13,60,1.41957931e-03,0.00000000e+00,0.00000000e+00,1.41957931e-03,0
13,61,1.40303212e-03,0.00000000e+00,0.00000000e+00,-1.40303212e-03,0
13,62,1.56022825e-03,0.00000000e+00,0.00000000e+00,1.56022825e-03,0
13,63,2.49990669e-04,0.00000000e+00,0.00000000e+00,2.49990669e-04,0
14,0,2.73660584e-03,0.00000000e+00,0.00000000e+00,-2.73660584e-03,0
14,1,3.97864920e-04,0.00000000e+00,0.00000000e+00,3.97864920e-04,0
14,2,2.47477912e-03,0.00000000e+00,0.00000000e+00,2.47477912e-03,0
14,3,2.14287505e-04,0.00000000e+00,0.00000000e+00,-2.14287505e-04,0
14,4,3.08877122e-04,0.00000000e+00,0.00000000e+00,-3.08877122e-04,0
14,5,5.85057096e-04,0.00000000e+00,0.00000000e+00,-5.85057096e-04,0
14,6,1.32791406e-03,0.00000000e+00,0.00000000e+00,-1.32791406e-03,0
14,7,2.66671483e-03,0.00000000e+00,0.00000000e+00,2.66671483e-03,0
14,8,7.10916818e-04,0.00000000e+00,0.00000000e+00,-7.10916818e-04,0
14,9,2.56529934e-03,0.00000000e+00,0.00000000e+00,-2.56529934e-03,0
14,10,4.66514662e-03,0.00000000e+00,0.00000000e+00,4.66514662e-03,0
14,11,1.30815027e-03,0.00000000e+00,0.00000000e+00,1.30815027e-03,0
14,12,2.00191351e-03,0.00000000e+00,0.00000000e+00,2.00191351e-03,0
14,13,2.44807842e-04,0.00000000e+00,0.00000000e+00,2.44807842e-04,0
14,14,2.24545246e-03,0.00000000e+00,0.00000000e+00,-2.24545246e-03,0
14,15,1.21894634e-03,0.00000000e+00,0.00000000e+00,-1.21894634e-03,0
14,16,4.19895170e-03,0.00000000e+00,0.00000000e+00,-4.19895170e-03,0
14,17,1.01427475e-03,0.00000000e+00,0.00000000e+00,-1.01427475e-03,0
14,18,5.70921895e-03,0.00000000e+00,0.00000000e+00,-5.70921895e-03,0
14,19,2.75809182e-03,0.00000000e+00,0.00000000e+00,2.75809182e-03,0
14,20,5.31357591e-03,0.00000000e+00,0.00000000e+00,-5.31357591e-03,0
14,21,1.03223628e-03,0.00000000e+00,0.00000000e+00,-1.03223628e-03,0
14,22,3.27676715e-03,0.00000000e+00,0.00000000e+00,-3.27676715e-03,0
14,23,4.63370881e-04,0.00000000e+00,0.00000000e+00,4.63370881e-04,0
14,24,5.34624991e-03,0.00000000e+00,0.00000000e+00,-5.34624991e-03,0
14,25,1.90800008e-03,0.00000000e+00,0.00000000e+00,1.90800008e-03,0
14,26,4.08631444e-03,0.00000000e+00,0.00000000e+00,-4.08631444e-03,0
14,27,8.51421162e-04,0.00000000e+00,0.00000000e+00,8.51421162e-04,0
14,28,1.20950472e-03,0.00000000e+00,0.00000000e+00,1.20950472e-03,0
14,29,3.09396557e-03,0.00000000e+00,0.00000000e+00,-3.09396557e-03,0
14,30,3.15110600e-03,0.00000000e+00,0.00000000e+00,3.15110600e-03,0
14,31,2.30516868e-03,0.00000000e+00,0.00000000e+00,2.30516868e-03,0
14,32,5.75766548e-03,0.00000000e+00,0.00000000e+00,-5.75766548e-03,0
14,33,2.30516868e-03,0.00000000e+00,0.00000000e+00,2.30516868e-03,0
14,34,3.15110600e-03,0.00000000e+00,0.00000000e+00,3.15110600e-03,0
14,35,3.09396557e-03,0.00000000e+00,0.00000000e+00,-3.09396557e-03,0
14,36,1.20950472e-03,0.00000000e+00,0.00000000e+00,1.20950472e-03,0
14,37,8.51421162e-04,0.00000000e+00,0.00000000e+00,8.51421162e-04,0
14,38,4.08631444e-03,0.00000000e+00,0.00000000e+00,-4.08631444e-03,0
14,39,1.90800008e-03,0.00000000e+00,0.00000000e+00,1.90800008e-03,0
14,40,5.34624991e-03,0.00000000e+00,0.00000000e+00,-5.34624991e-03,0
14,41,4.63370881e-04,0.00000000e+00,0.00000000e+00,4.63370881e-04,0
14,42,3.27676715e-03,0.00000000e+00,0.00000000e+00,-3.27676715e-03,0
14,43,1.03223628e-03,0.00000000e+00,0.00000000e+00,-1.03223628e-03,0
14,44,5.31357591e-03,0.00000000e+00,0.00000000e+00,-5.31357591e-03,0
14,45,2.75809182e-03,0.00000000e+00,0.00000000e+00,2.75809182e-03,0
14,46,5.70921895e-03,0.00000000e+00,0.00000000e+00,-5.70921895e-03,0
14,47,1.01427475e-03,0.00000000e+00,0.00000000e+00,-1.01427475e-03,0
14,48,4.19895170e-03,0.00000000e+00,0.00000000e+00,-4.19895170e-03,0
14,49,1.21894634e-03,0.00000000e+00,0.00000000e+00,-1.21894634e-03,0
14,50,2.24545246e-03,0.00000000e+00,0.00000000e+00,-2.24545246e-03,0
14,51,2.44807842e-04,0.00000000e+00,0.00000000e+00,2.44807842e-04,0
14,52,2.00191351e-03,0.00000000e+00,0.00000000e+00,2.00191351e-03,0
14,53,1.30815027e-03,0.00000000e+00,0.00000000e+00,1.30815027e-03,0
14,54,4.66514662e-03,0.00000000e+00,0.00000000e+00,4.66514662e-03,0
14,55,2.56529934e-03,0.00000000e+00,0.00000000e+00,-2.56529934e-03,0
14,56,7.10916818e-04,0.00000000e+00,0.00000000e+00,-7.10916818e-04,0
14,57,2.66671483e-03,0.00000000e+00,0.00000000e+00,2.66671483e-03,0
14,58,1.32791406e-03,0.00000000e+00,0.00000000e+00,-1.32791406e-03,0
14,59,5.85057096e-04,0.00000000e+00,0.00000000e+00,-5.85057096e-04,0
14,60,3.08877122e-04,0.00000000e+00,0.00000000e+00,-3.08877122e-04,0
14,61,2.14287505e-04,0.00000000e+00,0.00000000e+00,-2.14287505e-04,0
14,62,2.47477912e-03,0.00000000e+00,0.00000000e+00,2.47477912e-03,0
14,63,3.97864920e-04,0.00000000e+00,0.00000000e+00,3.97864920e-04,0
15,0,6.02572469e-04,0.00000000e+00,0.00000000e+00,6.02572469e-04,0
15,1,1.17004639e-03,0.00000000e+00,0.00000000e+00,1.17004639e-03,0
15,2,6.47765837e-04,0.00000000e+00,0.00000000e+00,-6.47765837e-04,0
15,3,2.39335762e-03,0.00000000e+00,0.00000000e+00,-2.39335762e-03,0
15,4,2.35948474e-03,0.00000000e+00,0.00000000e+00,2.35948474e-03,0
15,5,3.59129410e-03,0.00000000e+00,0.00000000e+00,3.59129410e-03,0
15,6,2.77787464e-03,0.00000000e+00,0.00000000e+00,-2.77787464e-03,0
15,7,2.06625092e-03,0.00000000e+00,0.00000000e+00,-2.06625092e-03,0
15,8,2.30827245e-03,0.00000000e+00,0.00000000e+00,2.30827245e-03,0
15,9,2.67018203e-04,0.00000000e+00,0.00000000e+00,-2.67018203e-04,0
15,10,2.80789081e-04,0.00000000e+00,0.00000000e+00,2.80789081e-04,0
15,11,1.55658530e-03,0.00000000e+00,0.00000000e+00,1.55658530e-03,0
15,12,3.60082247e-03,0.00000000e+00,0.00000000e+00,-3.60082247e-03,0
15,13,6.80039626e-04,0.00000000e+00,0.00000000e+00,6.80039626e-04,0
15,14,1.21894634e-03,0.00000000e+00,0.00000000e+00,-1.21894634e-03,0
15,15,3.14819258e-03,0.00000000e+00,0.00000000e+00,-3.14819258e-03,0
15,16,2.48163054e-03,0.00000000e+00,0.00000000e+00,2.48163054e-03,0
15,17,2.51087242e-03,0.00000000e+00,0.00000000e+00,-2.51087242e-03,0
15,18,3.29828257e-03,0.00000000e+00,0.00000000e+00,3.29828257e-03,0
15,19,5.28897915e-03,0.00000000e+00,0.00000000e+00,-5.28897915e-03,0
15,20,4.45614439e-03,0.00000000e+00,0.00000000e+00,4.45614439e-03,0
15,21,3.80101104e-03,0.00000000e+00,0.00000000e+00,-3.80101104e-03,0
15,22,3.66916032e-03,0.00000000e+00,0.00000000e+00,3.66916032e-03,0
15,23,4.67533983e-03,0.00000000e+00,0.00000000e+00,-4.67533983e-03,0
15,24,3.36487648e-03,0.00000000e+00,0.00000000e+00,3.36487648e-03,0
15,25,4.92488371e-03,0.00000000e+00,0.00000000e+00,-4.92488371e-03,0
15,26,2.14551921e-03,0.00000000e+00,0.00000000e+00,2.14551921e-03,0
15,27,2.46628406e-03,0.00000000e+00,0.00000000e+00,-2.46628406e-03,0
15,28,1.84125986e-03,0.00000000e+00,0.00000000e+00,-1.84125986e-03,0
15,29,7.41440927e-03,0.00000000e+00,0.00000000e+00,7.41440927e-03,0
15,30,5.45797542e-03,0.00000000e+00,0.00000000e+00,-5.45797542e-03,0
15,31,2.79742009e-03,0.00000000e+00,0.00000000e+00,-2.79742009e-03,0
15,32,1.00722611e-02,0.00000000e+00,0.00000000e+00,1.00722611e-02,0
15,33,2.79742009e-03,0.00000000e+00,0.00000000e+00,-2.79742009e-03,0
15,34,5.45797542e-03,0.00000000e+00,0.00000000e+00,-5.45797542e-03,0
15,35,7.41440927e-03,0.00000000e+00,0.00000000e+00,7.41440927e-03,0
15,36,1.84125986e-03,0.00000000e+00,0.00000000e+00,-1.84125986e-03,0
15,37,2.46628406e-03,0.00000000e+00,0.00000000e+00,-2.46628406e-03,0
15,38,2.14551921e-03,0.00000000e+00,0.00000000e+00,2.14551921e-03,0
15,39,4.92488371e-03,0.00000000e+00,0.00000000e+00,-4.92488371e-03,0
15,40,3.36487648e-03,0.00000000e+00,0.00000000e+00,3.36487648e-03,0
15,41,4.67533983e-03,0.00000000e+00,0.00000000e+00,-4.67533983e-03,0
15,42,3.66916032e-03,0.00000000e+00,0.00000000e+00,3.66916032e-03,0
15,43,3.80101104e-03,0.00000000e+00,0.00000000e+00,-3.80101104e-03,0
15,44,4.45614439e-03,0.00000000e+00,0.00000000e+00,4.45614439e-03,0
15,45,5.28897915e-03,0.00000000e+00,0.00000000e+00,-5.28897915e-03,0
15,46,3.29828257e-03,0.00000000e+00,0.00000000e+00,3.29828257e-03,0
15,47,2.51087242e-03,0.00000000e+00,0.00000000e+00,-2.51087242e-03,0
15,48,2.48163054e-03,0.00000000e+00,0.00000000e+00,2.48163054e-03,0
15,49,3.14819258e-03,0.00000000e+00,0.00000000e+00,-3.14819258e-03,0
15,50,1.21894634e-03,0.00000000e+00,0.00000000e+00,-1.21894634e-03,0
15,51,6.80039626e-04,0.00000000e+00,0.00000000e+00,6.80039626e-04,0
15,52,3.60082247e-03,0.00000000e+00,0.00000000e+00,-3.60082247e-03,0
15,53,1.55658530e-03,0.00000000e+00,0.00000000e+00,1.55658530e-03,0
15,54,2.80789081e-04,0.00000000e+00,0.00000000e+00,2.80789081e-04,0
15,55,2.67018203e-04,0.00000000e+00,0.00000000e+00,-2.67018203e-04,0
15,56,2.30827245e-03,0.00000000e+00,0.00000000e+00,2.30827245e-03,0
15,57,2.06625092e-03,0.00000000e+00,0.00000000e+00,-2.06625092e-03,0
15,58,2.77787464e-03,0.00000000e+00,0.00000000e+00,-2.77787464e-03,0
15,59,3.59129410e-03,0.00000000e+00,0.00000000e+00,3.59129410e-03,0
15,60,2.35948474e-03,0.00000000e+00,0.00000000e+00,2.35948474e-03,0
15,61,2.39335762e-03,0.00000000e+00,0.00000000e+00,-2.39335762e-03,0
15,62,6.47765837e-04,0.00000000e+00,0.00000000e+00,-6.47765837e-04,0
15,63,1.17004639e-03,0.00000000e+00,0.00000000e+00,1.17004639e-03,0
16,0,1.39244970e-03,0.00000000e+00,0.00000000e+00,1.39244970e-03,0
16,1,2.03673555e-04,0.00000000e+00,0.00000000e+00,2.03673555e-04,0
16,2,1.25660852e-03,0.00000000e+00,0.00000000e+00,-1.25660852e-03,0
16,3,1.07670016e-03,0.00000000e+00,0.00000000e+00,1.07670016e-03,0
16,4,3.26626545e-03,0.00000000e+00,0.00000000e+00,3.26626545e-03,0
16,5,1.41717565e-03,0.00000000e+00,0.00000000e+00,-1.41717565e-03,0
16,6,2.40569347e-03,0.00000000e+00,0.00000000e+00,-2.40569347e-03,0
16,7,3.10828240e-03,0.00000000e+00,0.00000000e+00,3.10828240e-03,0
16,8,2.16022481e-03,0.00000000e+00,0.00000000e+00,-2.16022481e-03,0
16,9,4.76882490e-03,0.00000000e+00,0.00000000e+00,-4.76882490e-03,0
16,10,3.34475315e-03,0.00000000e+00,0.00000000e+00,3.34475315e-03,0
16,11,1.14460340e-03,0.00000000e+00,0.00000000e+00,-1.14460340e-03,0
16,12,9.85967820e-04,0.00000000e+00,0.00000000e+00,9.85967820e-04,0
16,13,2.41282456e-03,0.00000000e+00,0.00000000e+00,2.41282456e-03,0
16,14,4.19895170e-03,0.00000000e+00,0.00000000e+00,-4.19895170e-03,0
16,15,2.48163054e-03,0.00000000e+00,0.00000000e+00,2.48163054e-03,0
16,16,4.87583338e-03,0.00000000e+00,0.00000000e+00,-4.87583338e-03,0
16,17,1.01059989e-03,0.00000000e+00,0.00000000e+00,1.01059989e-03,0
16,18,6.09999632e-03,0.00000000e+00,0.00000000e+00,-6.09999632e-03,0
16,19,3.66052498e-03,0.00000000e+00,0.00000000e+00,3.66052498e-03,0
16,20,4.15122331e-03,0.00000000e+00,0.00000000e+00,-4.15122331e-03,0
16,21,1.17276234e-03,0.00000000e+00,0.00000000e+00,-1.17276234e-03,0
16,22,3.17938714e-03,0.00000000e+00,0.00000000e+00,-3.17938714e-03,0
16,23,2.32250829e-03,0.00000000e+00,0.00000000e+00,2.32250829e-03,0
16,24,7.32737361e-03,0.00000000e+00,0.00000000e+00,-7.32737361e-03,0
16,25,4.73529091e-03,0.00000000e+00,0.00000000e+00,4.73529091e-03,0
16,26,9.85038506e-03,0.00000000e+00,0.00000000e+00,-9.85038506e-03,0
16,27,4.21697146e-03,0.00000000e+00,0.00000000e+00,4.21697146e-03,0
16,28,2.33569717e-03,0.00000000e+00,0.00000000e+00,-2.33569717e-03,0
16,29,5.10744549e-03,0.00000000e+00,0.00000000e+00,-5.10744549e-03,0
16,30,7.37867783e-04,0.00000000e+00,0.00000000e+00,-7.37867783e-04,0
16,31,5.50033067e-04,0.00000000e+00,0.00000000e+00,5.50033067e-04,0
16,32,5.47825730e-03,0.00000000e+00,0.00000000e+00,5.47825730e-03,0
16,33,5.50033067e-04,0.00000000e+00,0.00000000e+00,5.50033067e-04,0
16,34,7.37867783e-04,0.00000000e+00,0.00000000e+00,-7.37867783e-04,0
16,35,5.10744549e-03,0.00000000e+00,0.00000000e+00,-5.10744549e-03,0
16,36,2.33569717e-03,0.00000000e+00,0.00000000e+00,-2.33569717e-03,0
16,37,4.21697146e-03,0.00000000e+00,0.00000000e+00,4.21697146e-03,0
16,38,9.85038506e-03,0.00000000e+00,0.00000000e+00,-9.85038506e-03,0
16,39,4.73529091e-03,0.00000000e+00,0.00000000e+00,4.73529091e-03,0
16,40,7.32737361e-03,0.00000000e+00,0.00000000e+00,-7.32737361e-03,0
16,41,2.32250829e-03,0.00000000e+00,0.00000000e+00,2.32250829e-03,0
16,42,3.17938714e-03,0.00000000e+00,0.00000000e+00,-3.17938714e-03,0
16,43,1.17276234e-03,0.00000000e+00,0.00000000e+00,-1.17276234e-03,0
16,44,4.15122331e-03,0.00000000e+00,0.00000000e+00,-4.15122331e-03,0
16,45,3.66052498e-03,0.00000000e+00,0.00000000e+00,3.66052498e-03,0
16,46,6.09999632e-03,0.00000000e+00,0.00000000e+00,-6.09999632e-03,0
16,47,1.01059989e-03,0.00000000e+00,0.00000000e+00,1.01059989e-03,0
16,48,4.87583338e-03,0.00000000e+00,0.00000000e+00,-4.87583338e-03,0
16,49,2.48163054e-03,0.00000000e+00,0.00000000e+00,2.48163054e-03,0
16,50,4.19895170e-03,0.00000000e+00,0.00000000e+00,-4.19895170e-03,0
16,51,2.41282456e-03,0.00000000e+00,0.00000000e+00,2.41282456e-03,0
16,52,9.85967820e-04,0.00000000e+00,0.00000000e+00,9.85967820e-04,0
16,53,1.14460340e-03,0.00000000e+00,0.00000000e+00,-1.14460340e-03,0
16,54,3.34475315e-03,0.00000000e+00,0.00000000e+00,3.34475315e-03,0
16,55,4.76882490e-03,0.00000000e+00,0.00000000e+00,-4.76882490e-03,0
16,56,2.16022481e-03,0.00000000e+00,0.00000000e+00,-2.16022481e-03,0
16,57,3.10828240e-03,0.00000000e+00,0.00000000e+00,3.10828240e-03,0
16,58,2.40569347e-03,0.00000000e+00,0.00000000e+00,-2.40569347e-03,0
16,59,1.41717565e-03,0.00000000e+00,0.00000000e+00,-1.41717565e-03,0
16,60,3.26626545e-03,0.00000000e+00,0.00000000e+00,3.26626545e-03,0
16,61,1.07670016e-03,0.00000000e+00,0.00000000e+00,1.07670016e-03,0
16,62,1.25660852e-03,0.00000000e+00,0.00000000e+00,-1.25660852e-03,0
16,63,2.03673555e-04,0.00000000e+00,0.00000000e+00,2.03673555e-04,0
17,0,5.32633864e-04,0.00000000e+00,0.00000000e+00,-5.32633864e-04,0
17,1,6.97987180e-04,0.00000000e+00,0.00000000e+00,6.97987180e-04,0
17,2,1.54130912e-03,0.00000000e+00,0.00000000e+00,1.54130912e-03,0
17,3,1.15617164e-04,0.00000000e+00,0.00000000e+00,1.15617164e-04,0
17,4,4.77973017e-04,0.00000000e+00,0.00000000e+00,4.77973017e-04,0
17,5,1.19468088e-03,0.00000000e+00,0.00000000e+00,1.19468088e-03,0
17,6,2.99131232e-03,0.00000000e+00,0.00000000e+00,-2.99131232e-03,0
17,7,4.28129863e-03,0.00000000e+00,0.00000000e+00,-4.28129863e-03,0
17,8,1.21831214e-04,0.00000000e+00,0.00000000e+00,-1.21831214e-04,0
17,9,5.80545263e-04,0.00000000e+00,0.00000000e+00,5.80545263e-04,0
17,10,2.26582217e-03,0.00000000e+00,0.00000000e+00,2.26582217e-03,0
17,11,2.49409019e-03,0.00000000e+00,0.00000000e+00,2.49409019e-03,0
17,12,1.33438046e-03,0.00000000e+00,0.00000000e+00,-1.33438046e-03,0
17,13,9.10680093e-05,0.00000000e+00,0.00000000e+00,9.10680093e-05,0
17,14,1.01427475e-03,0.00000000e+00,0.00000000e+00,-1.01427475e-03,0
17,15,2.51087242e-03,0.00000000e+00,0.00000000e+00,-2.51087242e-03,0
17,16,1.01059989e-03,0.00000000e+00,0.00000000e+00,1.01059989e-03,0
17,17,3.97341352e-04,0.00000000e+00,0.00000000e+00,-3.97341352e-04,0
17,18,1.41911019e-03,0.00000000e+00,0.00000000e+00,1.41911019e-03,0
17,19,1.42885439e-03,0.00000000e+00,0.00000000e+00,-1.42885439e-03,0
17,20,8.83121214e-04,0.00000000e+00,0.00000000e+00,8.83121214e-04,0
17,21,8.32394753e-04,0.00000000e+00,0.00000000e+00,8.32394753e-04,0
17,22,2.02424718e-03,0.00000000e+00,0.00000000e+00,2.02424718e-03,0
17,23,4.87669526e-04,0.00000000e+00,0.00000000e+00,-4.87669526e-04,0
17,24,2.33068187e-03,0.00000000e+00,0.00000000e+00,2.33068187e-03,0
17,25,4.27447332e-03,0.00000000e+00,0.00000000e+00,-4.27447332e-03,0
17,26,4.13308007e-03,0.00000000e+00,0.00000000e+00,4.13308007e-03,0
17,27,4.02682352e-03,0.00000000e+00,0.00000000e+00,-4.02682352e-03,0
17,28,8.34817496e-05,0.00000000e+00,0.00000000e+00,-8.34817496e-05,0
17,29,2.75811280e-03,0.00000000e+00,0.00000000e+00,-2.75811280e-03,0
17,30,3.65991414e-03,0.00000000e+00,0.00000000e+00,-3.65991414e-03,0
17,31,2.07844260e-03,0.00000000e+00,0.00000000e+00,2.07844260e-03,0
17,32,1.10017702e-03,0.00000000e+00,0.00000000e+00,1.10017702e-03,0
17,33,2.07844260e-03,0.00000000e+00,0.00000000e+00,2.07844260e-03,0
17,34,3.65991414e-03,0.00000000e+00,0.00000000e+00,-3.65991414e-03,0
17,35,2.75811280e-03,0.00000000e+00,0.00000000e+00,-2.75811280e-03,0
17,36,8.34817496e-05,0.00000000e+00,0.00000000e+00,-8.34817496e-05,0
17,37,4.02682352e-03,0.00000000e+00,0.00000000e+00,-4.02682352e-03,0
17,38,4.13308007e-03,0.00000000e+00,0.00000000e+00,4.13308007e-03,0
17,39,4.27447332e-03,0.00000000e+00,0.00000000e+00,-4.27447332e-03,0
17,40,2.33068187e-03,0.00000000e+00,0.00000000e+00,2.33068187e-03,0
17,41,4.87669526e-04,0.00000000e+00,0.00000000e+00,-4.87669526e-04,0
17,42,2.02424718e-03,0.00000000e+00,0.00000000e+00,2.02424718e-03,0
17,43,8.32394753e-04,0.00000000e+00,0.00000000e+00,8.32394753e-04,0
17,44,8.83121214e-04,0.00000000e+00,0.00000000e+00,8.83121214e-04,0
17,45,1.42885439e-03,0.00000000e+00,0.00000000e+00,-1.42885439e-03,0
17,46,1.41911019e-03,0.00000000e+00,0.00000000e+00,1.41911019e-03,0
17,47,3.97341352e-04,0.00000000e+00,0.00000000e+00,-3.97341352e-04,0
17,48,1.01059989e-03,0.00000000e+00,0.00000000e+00,1.01059989e-03,0
17,49,2.51087242e-03,0.00000000e+00,0.00000000e+00,-2.51087242e-03,0
17,50,1.01427475e-03,0.00000000e+00,0.00000000e+00,-1.01427475e-03,0
17,51,9.10680093e-05,0.00000000e+00,0.00000000e+00,9.10680093e-05,0
17,52,1.33438046e-03,0.00000000e+00,0.00000000e+00,-1.33438046e-03,0
17,53,2.49409019e-03,0.00000000e+00,0.00000000e+00,2.49409019e-03,0
17,54,2.26582217e-03,0.00000000e+00,0.00000000e+00,2.26582217e-03,0
17,55,5.80545263e-04,0.00000000e+00,0.00000000e+00,5.80545263e-04,0
17,56,1.21831214e-04,0.00000000e+00,0.00000000e+00,-1.21831214e-04,0
17,57,4.28129863e-03,0.00000000e+00,0.00000000e+00,-4.28129863e-03,0
17,58,2.99131232e-03,0.00000000e+00,0.00000000e+00,-2.99131232e-03,0
17,59,1.19468088e-03,0.00000000e+00,0.00000000e+00,1.19468088e-03,0
17,60,4.77973017e-04,0.00000000e+00,0.00000000e+00,4.77973017e-04,0
17,61,1.15617164e-04,0.00000000e+00,0.00000000e+00,1.15617164e-04,0
17,62,1.54130912e-03,0.00000000e+00,0.00000000e+00,1.54130912e-03,0
17,63,6.97987180e-04,0.00000000e+00,0.00000000e+00,6.97987180e-04,0
18,0,4.85655057e-04,0.00000000e+00,0.00000000e+00,-4.85655057e-04,0
18,1,1.53041669e-03,0.00000000e+00,0.00000000e+00,1.53041669e-03,0
18,2,1.78993539e-03,0.00000000e+00,0.00000000e+00,1.78993539e-03,0
18,3,6.36033783e-04,0.00000000e+00,0.00000000e+00,-6.36033783e-04,0
18,4,2.68655222e-04,0.00000000e+00,0.00000000e+00,-2.68655222e-04,0
18,5,3.96967357e-03,0.00000000e+00,0.00000000e+00,-3.96967357e-03,0
18,6,4.40444599e-03,0.00000000e+00,0.00000000e+00,-4.40444599e-03,0
18,7,6.38976034e-03,0.00000000e+00,0.00000000e+00,6.38976034e-03,0
18,8,6.87150319e-04,0.00000000e+00,0.00000000e+00,6.87150319e-04,0
18,9,3.83646646e-03,0.00000000e+00,0.00000000e+00,-3.83646646e-03,0
18,10,6.44141435e-03,0.00000000e+00,0.00000000e+00,6.44141435e-03,0
18,11,3.96446059e-03,0.00000000e+00,0.00000000e+00,-3.96446059e-03,0
18,12,1.15505211e-03,0.00000000e+00,0.00000000e+00,1.15505211e-03,0
18,13,1.59519054e-03,0.00000000e+00,0.00000000e+00,1.59519054e-03,0
18,14,5.70921895e-03,0.00000000e+00,0.00000000e+00,-5.70921895e-03,0
18,15,3.29828257e-03,0.00000000e+00,0.00000000e+00,3.29828257e-03,0
18,16,6.09999632e-03,0.00000000e+00,0.00000000e+00,-6.09999632e-03,0
18,17,1.41911019e-03,0.00000000e+00,0.00000000e+00,1.41911019e-03,0
18,18,7.38422310e-03,0.00000000e+00,0.00000000e+00,-7.38422310e-03,0
18,19,2.88566409e-03,0.00000000e+00,0.00000000e+00,2.88566409e-03,0
18,20,4.79593534e-03,0.00000000e+00,0.00000000e+00,-4.79593534e-03,0
18,21,2.70210327e-03,0.00000000e+00,0.00000000e+00,-2.70210327e-03,0
18,22,2.90665311e-03,0.00000000e+00,0.00000000e+00,-2.90665311e-03,0
18,23,4.21891735e-04,0.00000000e+00,0.00000000e+00,-4.21891735e-04,0
18,24,7.10002332e-03,0.00000000e+00,0.00000000e+00,-7.10002332e-03,0
18,25,2.56036301e-03,0.00000000e+00,0.00000000e+00,2.56036301e-03,0
18,26,6.27498391e-03,0.00000000e+00,0.00000000e+00,-6.27498391e-03,0
18,27,5.03865867e-03,0.00000000e+00,0.00000000e+00,5.03865867e-03,0
18,28,3.22567482e-03,0.00000000e+00,0.00000000e+00,-3.22567482e-03,0
18,29,9.84016326e-04,0.00000000e+00,0.00000000e+00,9.84016326e-04,0
18,30,1.00187115e-03,0.00000000e+00,0.00000000e+00,-1.00187115e-03,0
18,31,3.12116047e-03,0.00000000e+00,0.00000000e+00,-3.12116047e-03,0
18,32,4.43477432e-03,0.00000000e+00,0.00000000e+00,4.43477432e-03,0
18,33,3.12116047e-03,0.00000000e+00,0.00000000e+00,-3.12116047e-03,0
18,34,1.00187115e-03,0.00000000e+00,0.00000000e+00,-1.00187115e-03,0
18,35,9.84016326e-04,0.00000000e+00,0.00000000e+00,9.84016326e-04,0
18,36,3.22567482e-03,0.00000000e+00,0.00000000e+00,-3.22567482e-03,0
18,37,5.03865867e-03,0.00000000e+00,0.00000000e+00,5.03865867e-03,0
18,38,6.27498391e-03,0.00000000e+00,0.00000000e+00,-6.27498391e-03,0
18,39,2.56036301e-03,0.00000000e+00,0.00000000e+00,2.56036301e-03,0
18,40,7.10002332e-03,0.00000000e+00,0.00000000e+00,-7.10002332e-03,0
18,41,4.21891735e-04,0.00000000e+00,0.00000000e+00,-4.21891735e-04,0
18,42,2.90665311e-03,0.00000000e+00,0.00000000e+00,-2.90665311e-03,0
18,43,2.70210327e-03,0.00000000e+00,0.00000000e+00,-2.70210327e-03,0
18,44,4.79593534e-03,0.00000000e+00,0.00000000e+00,-4.79593534e-03,0
18,45,2.88566409e-03,0.00000000e+00,0.00000000e+00,2.88566409e-03,0
18,46,7.38422310e-03,0.00000000e+00,0.00000000e+00,-7.38422310e-03,0
18,47,1.41911019e-03,0.00000000e+00,0.00000000e+00,1.41911019e-03,0
18,48,6.09999632e-03,0.00000000e+00,0.00000000e+00,-6.09999632e-03,0
18,49,3.29828257e-03,0.00000000e+00,0.00000000e+00,3.29828257e-03,0
18,50,5.70921895e-03,0.00000000e+00,0.00000000e+00,-5.70921895e-03,0
18,51,1.59519054e-03,0.00000000e+00,0.00000000e+00,1.59519054e-03,0
18,52,1.15505211e-03,0.00000000e+00,0.00000000e+00,1.15505211e-03,0
18,53,3.96446059e-03,0.00000000e+00,0.00000000e+00,-3.96446059e-03,0
18,54,6.44141435e-03,0.00000000e+00,0.00000000e+00,6.44141435e-03,0
18,55,3.83646646e-03,0.00000000e+00,0.00000000e+00,-3.83646646e-03,0
18,56,6.87150319e-04,0.00000000e+00,0.00000000e+00,6.87150319e-04,0
18,57,6.38976034e-03,0.00000000e+00,0.00000000e+00,6.38976034e-03,0
18,58,4.40444599e-03,0.00000000e+00,0.00000000e+00,-4.40444599e-03,0
18,59,3.96967357e-03,0.00000000e+00,0.00000000e+00,-3.96967357e-03,0
18,60,2.68655222e-04,0.00000000e+00,0.00000000e+00,-2.68655222e-04,0
18,61,6.36033783e-04,0.00000000e+00,0.00000000e+00,-6.36033783e-04,0
18,62,1.78993539e-03,0.00000000e+00,0.00000000e+00,1.78993539e-03,0
18,63,1.53041669e-03,0.00000000e+00,0.00000000e+00,1.53041669e-03,0
19,0,2.89185113e-05,0.00000000e+00,0.00000000e+00,2.89185113e-05,0
19,1,1.66651121e-03,0.00000000e+00,0.00000000e+00,1.66651121e-03,0
19,2,7.84929745e-04,0.00000000e+00,0.00000000e+00,7.84929745e-04,0
19,3,2.85618073e-03,0.00000000e+00,0.00000000e+00,-2.85618073e-03,0
19,4,1.98291682e-03,0.00000000e+00,0.00000000e+00,-1.98291682e-03,0
19,5,3.19956092e-04,0.00000000e+00,0.00000000e+00,3.19956092e-04,0
19,6,2.08576206e-03,0.00000000e+00,0.00000000e+00,2.08576206e-03,0
19,7,6.95519271e-05,0.00000000e+00,0.00000000e+00,6.95519271e-05,0
19,8,3.05950713e-03,0.00000000e+00,0.00000000e+00,-3.05950713e-03,0
19,9,2.53060792e-03,0.00000000e+00,0.00000000e+00,2.53060792e-03,0
19,10,2.35609768e-04,0.00000000e+00,0.00000000e+00,-2.35609768e-04,0
19,11,2.36024255e-05,0.00000000e+00,0.00000000e+00,-2.36024255e-05,0
19,12,1.38281421e-03,0.00000000e+00,0.00000000e+00,1.38281421e-03,0
19,13,4.39655578e-03,0.00000000e+00,0.00000000e+00,-4.39655578e-03,0
19,14,2.75809182e-03,0.00000000e+00,0.00000000e+00,2.75809182e-03,0
19,15,5.28897915e-03,0.00000000e+00,0.00000000e+00,-5.28897915e-03,0
19,16,3.66052498e-03,0.00000000e+00,0.00000000e+00,3.66052498e-03,0
19,17,1.42885439e-03,0.00000000e+00,0.00000000e+00,-1.42885439e-03,0
19,18,2.88566409e-03,0.00000000e+00,0.00000000e+00,2.88566409e-03,0
19,19,1.96294519e-03,0.00000000e+00,0.00000000e+00,-1.96294519e-03,0
19,20,2.16353326e-03,0.00000000e+00,0.00000000e+00,2.16353326e-03,0
19,21,3.00041954e-04,0.00000000e+00,0.00000000e+00,3.00041954e-04,0
19,22,2.88996838e-03,0.00000000e+00,0.00000000e+00,2.88996838e-03,0
19,23,2.64962920e-03,0.00000000e+00,0.00000000e+00,-2.64962920e-03,0
19,24,6.29784931e-04,0.00000000e+00,0.00000000e+00,6.29784931e-04,0
19,25,5.79993266e-03,0.00000000e+00,0.00000000e+00,-5.79993266e-03,0
19,26,1.03253135e-03,0.00000000e+00,0.00000000e+00,1.03253135e-03,0
19,27,5.48036143e-03,0.00000000e+00,0.00000000e+00,-5.48036143e-03,0
19,28,1.64795471e-03,0.00000000e+00,0.00000000e+00,-1.64795471e-03,0
19,29,1.21689960e-03,0.00000000e+00,0.00000000e+00,-1.21689960e-03,0
19,30,1.52592930e-03,0.00000000e+00,0.00000000e+00,1.52592930e-03,0
19,31,2.91165690e-03,0.00000000e+00,0.00000000e+00,2.91165690e-03,0
19,32,7.09282075e-04,0.00000000e+00,0.00000000e+00,-7.09282075e-04,0
19,33,2.91165690e-03,0.00000000e+00,0.00000000e+00,2.91165690e-03,0
19,34,1.52592930e-03,0.00000000e+00,0.00000000e+00,1.52592930e-03,0
19,35,1.21689960e-03,0.00000000e+00,0.00000000e+00,-1.21689960e-03,0
19,36,1.64795471e-03,0.00000000e+00,0.00000000e+00,-1.64795471e-03,0
19,37,5.48036143e-03,0.00000000e+00,0.00000000e+00,-5.48036143e-03,0
19,38,1.03253135e-03,0.00000000e+00,0.00000000e+00,1.03253135e-03,0
19,39,5.79993266e-03,0.00000000e+00,0.00000000e+00,-5.79993266e-03,0
19,40,6.29784931e-04,0.00000000e+00,0.00000000e+00,6.29784931e-04,0
19,41,2.64962920e-03,0.00000000e+00,0.00000000e+00,-2.64962920e-03,0
19,42,2.88996838e-03,0.00000000e+00,0.00000000e+00,2.88996838e-03,0
19,43,3.00041954e-04,0.00000000e+00,0.00000000e+00,3.00041954e-04,0
19,44,2.16353326e-03,0.00000000e+00,0.00000000e+00,2.16353326e-03,0
19,45,1.96294519e-03,0.00000000e+00,0.00000000e+00,-1.96294519e-03,0
19,46,2.88566409e-03,0.00000000e+00,0.00000000e+00,2.88566409e-03,0
19,47,1.42885439e-03,0.00000000e+00,0.00000000e+00,-1.42885439e-03,0
19,48,3.66052498e-03,0.00000000e+00,0.00000000e+00,3.66052498e-03,0
19,49,5.28897915e-03,0.00000000e+00,0.00000000e+00,-5.28897915e-03,0
19,50,2.75809182e-03,0.00000000e+00,0.00000000e+00,2.75809182e-03,0
19,51,4.39655578e-03,0.00000000e+00,0.00000000e+00,-4.39655578e-03,0
19,52,1.38281421e-03,0.00000000e+00,0.00000000e+00,1.38281421e-03,0
19,53,2.36024255e-05,0.00000000e+00,0.00000000e+00,-2.36024255e-05,0
19,54,2.35609768e-04,0.00000000e+00,0.00000000e+00,-2.35609768e-04,0
19,55,2.53060792e-03,0.00000000e+00,0.00000000e+00,2.53060792e-03,0
19,56,3.05950713e-03,0.00000000e+00,0.00000000e+00,-3.05950713e-03,0
19,57,6.95519271e-05,0.00000000e+00,0.00000000e+00,6.95519271e-05,0
19,58,2.08576206e-03,0.00000000e+00,0.00000000e+00,2.08576206e-03,0
19,59,3.19956092e-04,0.00000000e+00,0.00000000e+00,3.19956092e-04,0
19,60,1.98291682e-03,0.00000000e+00,0.00000000e+00,-1.98291682e-03,0
19,61,2.85618073e-03,0.00000000e+00,0.00000000e+00,-2.85618073e-03,0
19,62,7.84929745e-04,0.00000000e+00,0.00000000e+00,7.84929745e-04,0
19,63,1.66651121e-03,0.00000000e+00,0.00000000e+00,1.66651121e-03,0
20,0,1.04823702e-03,0.00000000e+00,0.00000000e+00,-1.04823702e-03,0
20,1,5.00160028e-04,0.00000000e+00,0.00000000e+00,5.00160028e-04,0
20,2,2.63129060e-05,0.00000000e+00,0.00000000e+00,-2.63129060e-05,0
20,3,1.97529711e-03,0.00000000e+00,0.00000000e+00,-1.97529711e-03,0
20,4,2.84109713e-04,0.00000000e+00,0.00000000e+00,2.84109713e-04,0
20,5,1.19871097e-04,0.00000000e+00,0.00000000e+00,-1.19871097e-04,0
20,6,1.12647936e-03,0.00000000e+00,0.00000000e+00,-1.12647936e-03,0
20,7,3.43206540e-03,0.00000000e+00,0.00000000e+00,3.43206540e-03,0
20,8,7.35254406e-04,0.00000000e+00,0.00000000e+00,7.35254406e-04,0
20,9,2.92169689e-03,0.00000000e+00,0.00000000e+00,-2.92169689e-03,0
20,10,3.99594665e-03,0.00000000e+00,0.00000000e+00,3.99594665e-03,0
20,11,2.28667923e-04,0.00000000e+00,0.00000000e+00,-2.28667923e-04,0
20,12,8.29655307e-04,0.00000000e+00,0.00000000e+00,-8.29655307e-04,0
20,13,4.83309436e-03,0.00000000e+00,0.00000000e+00,4.83309436e-03,0
20,14,5.31357591e-03,0.00000000e+00,0.00000000e+00,-5.31357591e-03,0
20,15,4.45614439e-03,0.00000000e+00,0.00000000e+00,4.45614439e-03,0
20,16,4.15122331e-03,0.00000000e+00,0.00000000e+00,-4.15122331e-03,0
20,17,8.83121214e-04,0.00000000e+00,0.00000000e+00,8.83121214e-04,0
20,18,4.79593534e-03,0.00000000e+00,0.00000000e+00,-4.79593534e-03,0
20,19,2.16353326e-03,0.00000000e+00,0.00000000e+00,2.16353326e-03,0
20,20,2.27412048e-03,0.00000000e+00,0.00000000e+00,-2.27412048e-03,0
20,21,1.68473526e-03,0.00000000e+00,0.00000000e+00,-1.68473526e-03,0
20,22,8.71668693e-04,0.00000000e+00,0.00000000e+00,-8.71668693e-04,0
20,23,2.32882587e-03,0.00000000e+00,0.00000000e+00,2.32882587e-03,0
20,24,7.02224640e-03,0.00000000e+00,0.00000000e+00,-7.02224640e-03,0
20,25,7.36257930e-03,0.00000000e+00,0.00000000e+00,7.36257930e-03,0
20,26,8.14967792e-03,0.00000000e+00,0.00000000e+00,-8.14967792e-03,0
20,27,3.92427385e-03,0.00000000e+00,0.00000000e+00,3.92427385e-03,0
20,28,5.67177681e-03,0.00000000e+00,0.00000000e+00,-5.67177681e-03,0
20,29,2.34245408e-03,0.00000000e+00,0.00000000e+00,-2.34245408e-03,0
20,30,2.79086385e-04,0.00000000e+00,0.00000000e+00,2.79086385e-04,0
20,31,1.25042714e-03,0.00000000e+00,0.00000000e+00,1.25042714e-03,0
20,32,8.66300674e-03,0.00000000e+00,0.00000000e+00,8.66300674e-03,0
20,33,1.25042714e-03,0.00000000e+00,0.00000000e+00,1.25042714e-03,0
20,34,2.79086385e-04,0.00000000e+00,0.00000000e+00,2.79086385e-04,0
20,35,2.34245408e-03,0.00000000e+00,0.00000000e+00,-2.34245408e-03,0
20,36,5.67177681e-03,0.00000000e+00,0.00000000e+00,-5.67177681e-03,0
20,37,3.92427385e-03,0.00000000e+00,0.00000000e+00,3.92427385e-03,0
20,38,8.14967792e-03,0.00000000e+00,0.00000000e+00,-8.14967792e-03,0
20,39,7.36257930e-03,0.00000000e+00,0.00000000e+00,7.36257930e-03,0
20,40,7.02224640e-03,0.00000000e+00,0.00000000e+00,-7.02224640e-03,0
20,41,2.32882587e-03,0.00000000e+00,0.00000000e+00,2.32882587e-03,0
20,42,8.71668693e-04,0.00000000e+00,0.00000000e+00,-8.71668693e-04,0
20,43,1.68473526e-03,0.00000000e+00,0.00000000e+00,-1.68473526e-03,0
20,44,2.27412048e-03,0.00000000e+00,0.00000000e+00,-2.27412048e-03,0
20,45,2.16353326e-03,0.00000000e+00,0.00000000e+00,2.16353326e-03,0
20,46,4.79593534e-03,0.00000000e+00,0.00000000e+00,-4.79593534e-03,0
20,47,8.83121214e-04,0.00000000e+00,0.00000000e+00,8.83121214e-04,0
20,48,4.15122331e-03,0.00000000e+00,0.00000000e+00,-4.15122331e-03,0
20,49,4.45614439e-03,0.00000000e+00,0.00000000e+00,4.45614439e-03,0
20,50,5.31357591e-03,0.00000000e+00,0.00000000e+00,-5.31357591e-03,0
20,51,4.83309436e-03,0.00000000e+00,0.00000000e+00,4.83309436e-03,0
20,52,8.29655307e-04,0.00000000e+00,0.00000000e+00,-8.29655307e-04,0
20,53,2.28667923e-04,0.00000000e+00,0.00000000e+00,-2.28667923e-04,0
20,54,3.99594665e-03,0.00000000e+00,0.00000000e+00,3.99594665e-03,0
20,55,2.92169689e-03,0.00000000e+00,0.00000000e+00,-2.92169689e-03,0
20,56,7.35254406e-04,0.00000000e+00,0.00000000e+00,7.35254406e-04,0
20,57,3.43206540e-03,0.00000000e+00,0.00000000e+00,3.43206540e-03,0
20,58,1.12647936e-03,0.00000000e+00,0.00000000e+00,-1.12647936e-03,0
20,59,1.19871097e-04,0.00000000e+00,0.00000000e+00,-1.19871097e-04,0
20,60,2.84109713e-04,0.00000000e+00,0.00000000e+00,2.84109713e-04,0
20,61,1.97529711e-03,0.00000000e+00,0.00000000e+00,-1.97529711e-03,0
20,62,2.63129060e-05,0.00000000e+00,0.00000000e+00,-2.63129060e-05,0
20,63,5.00160028e-04,0.00000000e+00,0.00000000e+00,5.00160028e-04,0
21,0,1.87870165e-03,0.00000000e+00,0.00000000e+00,-1.87870165e-03,0
21,1,6.50726023e-04,0.00000000e+00,0.00000000e+00,-6.50726023e-04,0
21,2,1.47774866e-03,0.00000000e+00,0.00000000e+00,-1.47774866e-03,0
21,3,1.81887372e-03,0.00000000e+00,0.00000000e+00,-1.81887372e-03,0
21,4,3.71343549e-03,0.00000000e+00,0.00000000e+00,3.71343549e-03,0
21,5,3.59265150e-03,0.00000000e+00,0.00000000e+00,3.59265150e-03,0
21,6,1.77524100e-03,0.00000000e+00,0.00000000e+00,-1.77524100e-03,0
21,7,4.10719859e-04,0.00000000e+00,0.00000000e+00,-4.10719859e-04,0
21,8,1.18006072e-04,0.00000000e+00,0.00000000e+00,1.18006072e-04,0
21,9,1.14499715e-04,0.00000000e+00,0.00000000e+00,-1.14499715e-04,0
21,10,1.34060608e-03,0.00000000e+00,0.00000000e+00,1.34060608e-03,0
21,11,3.74277759e-04,0.00000000e+00,0.00000000e+00,-3.74277759e-04,0
21,12,4.67869045e-05,0.00000000e+00,0.00000000e+00,4.67869045e-05,0
21,13,3.31244539e-03,0.00000000e+00,0.00000000e+00,-3.31244539e-03,0
21,14,1.03223628e-03,0.00000000e+00,0.00000000e+00,-1.03223628e-03,0
21,15,3.80101104e-03,0.00000000e+00,0.00000000e+00,-3.80101104e-03,0
21,16,1.17276234e-03,0.00000000e+00,0.00000000e+00,-1.17276234e-03,0
21,17,8.32394753e-04,0.00000000e+00,0.00000000e+00,8.32394753e-04,0
21,18,2.70210327e-03,0.00000000e+00,0.00000000e+00,-2.70210327e-03,0
21,19,3.00041954e-04,0.00000000e+00,0.00000000e+00,3.00041954e-04,0
21,20,1.68473526e-03,0.00000000e+00,0.00000000e+00,-1.68473526e-03,0
21,21,3.37180934e-03,0.00000000e+00,0.00000000e+00,3.37180934e-03,0
21,22,1.14074233e-03,0.00000000e+00,0.00000000e+00,-1.14074233e-03,0
21,23,7.63263028e-04,0.00000000e+00,0.00000000e+00,7.63263028e-04,0
21,24,8.45740266e-04,0.00000000e+00,0.00000000e+00,-8.45740266e-04,0
21,25,5.04070791e-03,0.00000000e+00,0.00000000e+00,-5.04070791e-03,0
21,26,2.31569198e-03,0.00000000e+00,0.00000000e+00,2.31569198e-03,0
21,27,9.44946660e-03,0.00000000e+00,0.00000000e+00,-9.44946660e-03,0
21,28,2.64353372e-03,0.00000000e+00,0.00000000e+00,2.64353372e-03,0
21,29,9.87405570e-04,0.00000000e+00,0.00000000e+00,-9.87405570e-04,0
21,30,3.86560137e-03,0.00000000e+00,0.00000000e+00,-3.86560137e-03,0
21,31,3.13475168e-03,0.00000000e+00,0.00000000e+00,3.13475168e-03,0
21,32,6.73017336e-03,0.00000000e+00,0.00000000e+00,6.73017336e-03,0
21,33,3.13475168e-03,0.00000000e+00,0.00000000e+00,3.13475168e-03,0
21,34,3.86560137e-03,0.00000000e+00,0.00000000e+00,-3.86560137e-03,0
21,35,9.87405570e-04,0.00000000e+00,0.00000000e+00,-9.87405570e-04,0
21,36,2.64353372e-03,0.00000000e+00,0.00000000e+00,2.64353372e-03,0
21,37,9.44946660e-03,0.00000000e+00,0.00000000e+00,-9.44946660e-03,0
21,38,2.31569198e-03,0.00000000e+00,0.00000000e+00,2.31569198e-03,0
21,39,5.04070791e-03,0.00000000e+00,0.00000000e+00,-5.04070791e-03,0
21,40,8.45740266e-04,0.00000000e+00,0.00000000e+00,-8.45740266e-04,0
21,41,7.63263028e-04,0.00000000e+00,0.00000000e+00,7.63263028e-04,0
21,42,1.14074233e-03,0.00000000e+00,0.00000000e+00,-1.14074233e-03,0
21,43,3.37180934e-03,0.00000000e+00,0.00000000e+00,3.37180934e-03,0
21,44,1.68473526e-03,0.00000000e+00,0.00000000e+00,-1.68473526e-03,0
21,45,3.00041954e-04,0.00000000e+00,0.00000000e+00,3.00041954e-04,0
21,46,2.70210327e-03,0.00000000e+00,0.00000000e+00,-2.70210327e-03,0
21,47,8.32394753e-04,0.00000000e+00,0.00000000e+00,8.32394753e-04,0
21,48,1.17276234e-03,0.00000000e+00,0.00000000e+00,-1.17276234e-03,0
21,49,3.80101104e-03,0.00000000e+00,0.00000000e+00,-3.80101104e-03,0
21,50,1.03223628e-03,0.00000000e+00,0.00000000e+00,-1.03223628e-03,0
21,51,3.31244539e-03,0.00000000e+00,0.00000000e+00,-3.31244539e-03,0
21,52,4.67869045e-05,0.00000000e+00,0.00000000e+00,4.67869045e-05,0
21,53,3.74277759e-04,0.00000000e+00,0.00000000e+00,-3.74277759e-04,0
21,54,1.34060608e-03,0.00000000e+00,0.00000000e+00,1.34060608e-03,0
21,55,1.14499715e-04,0.00000000e+00,0.00000000e+00,-1.14499715e-04,0
21,56,1.18006072e-04,0.00000000e+00,0.00000000e+00,1.18006072e-04,0
21,57,4.10719859e-04,0.00000000e+00,0.00000000e+00,-4.10719859e-04,0
21,58,1.77524100e-03,0.00000000e+00,0.00000000e+00,-1.77524100e-03,0
21,59,3.59265150e-03,0.00000000e+00,0.00000000e+00,3.59265150e-03,0
21,60,3.71343549e-03,0.00000000e+00,0.00000000e+00,3.71343549e-03,0
21,61,1.81887372e-03,0.00000000e+00,0.00000000e+00,-1.81887372e-03,0
21,62,1.47774866e-03,0.00000000e+00,0.00000000e+00,-1.47774866e-03,0
21,63,6.50726023e-04,0.00000000e+00,0.00000000e+00,-6.50726023e-04,0
22,0,3.71946338e-03,0.00000000e+00,0.00000000e+00,-3.71946338e-03,0
22,1,2.70564390e-03,0.00000000e+00,0.00000000e+00,-2.70564390e-03,0
22,2,3.51773027e-04,0.00000000e+00,0.00000000e+00,-3.51773027e-04,0
22,3,4.44676867e-03,0.00000000e+00,0.00000000e+00,4.44676867e-03,0
22,4,4.81802017e-03,0.00000000e+00,0.00000000e+00,4.81802017e-03,0
22,5,4.63261443e-03,0.00000000e+00,0.00000000e+00,-4.63261443e-03,0
22,6,3.08728843e-03,0.00000000e+00,0.00000000e+00,-3.08728843e-03,0
22,7,5.67585203e-03,0.00000000e+00,0.00000000e+00,5.67585203e-03,0
22,8,3.53604566e-03,0.00000000e+00,0.00000000e+00,-3.53604566e-03,0
22,9,3.02310613e-03,0.00000000e+00,0.00000000e+00,-3.02310613e-03,0
22,10,5.48391611e-03,0.00000000e+00,0.00000000e+00,5.48391611e-03,0
22,11,3.35303526e-03,0.00000000e+00,0.00000000e+00,-3.35303526e-03,0
22,12,2.31770415e-03,0.00000000e+00,0.00000000e+00,2.31770415e-03,0
22,13,2.26289400e-03,0.00000000e+00,0.00000000e+00,2.26289400e-03,0
22,14,3.27676715e-03,0.00000000e+00,0.00000000e+00,-3.27676715e-03,0
22,15,3.66916032e-03,0.00000000e+00,0.00000000e+00,3.66916032e-03,0
22,16,3.17938714e-03,0.00000000e+00,0.00000000e+00,-3.17938714e-03,0
22,17,2.02424718e-03,0.00000000e+00,0.00000000e+00,2.02424718e-03,0
22,18,2.90665311e-03,0.00000000e+00,0.00000000e+00,-2.90665311e-03,0
22,19,2.88996838e-03,0.00000000e+00,0.00000000e+00,2.88996838e-03,0
22,20,8.71668693e-04,0.00000000e+00,0.00000000e+00,-8.71668693e-04,0
22,21,1.14074233e-03,0.00000000e+00,0.00000000e+00,-1.14074233e-03,0
22,22,2.45666570e-03,0.00000000e+00,0.00000000e+00,2.45666570e-03,0
22,23,1.32365250e-04,0.00000000e+00,0.00000000e+00,1.32365250e-04,0
22,24,4.68285091e-03,0.00000000e+00,0.00000000e+00,-4.68285091e-03,0
22,25,2.77238812e-03,0.00000000e+00,0.00000000e+00,2.77238812e-03,0
22,26,7.45244324e-03,0.00000000e+00,0.00000000e+00,-7.45244324e-03,0
22,27,5.93397848e-03,0.00000000e+00,0.00000000e+00,5.93397848e-03,0
22,28,6.05473544e-03,0.00000000e+00,0.00000000e+00,-6.05473544e-03,0
22,29,1.08270761e-03,0.00000000e+00,0.00000000e+00,1.08270761e-03,0
22,30,3.05521203e-03,0.00000000e+00,0.00000000e+00,-3.05521203e-03,0
22,31,3.52032427e-03,0.00000000e+00,0.00000000e+00,-3.52032427e-03,0
22,32,6.91591773e-03,0.00000000e+00,0.00000000e+00,6.91591773e-03,0
22,33,3.52032427e-03,0.00000000e+00,0.00000000e+00,-3.52032427e-03,0
22,34,3.05521203e-03,0.00000000e+00,0.00000000e+00,-3.05521203e-03,0
22,35,1.08270761e-03,0.00000000e+00,0.00000000e+00,1.08270761e-03,0
22,36,6.05473544e-03,0.00000000e+00,0.00000000e+00,-6.05473544e-03,0
22,37,5.93397848e-03,0.00000000e+00,0.00000000e+00,5.93397848e-03,0
22,38,7.45244324e-03,0.00000000e+00,0.00000000e+00,-7.45244324e-03,0
22,39,2.77238812e-03,0.00000000e+00,0.00000000e+00,2.77238812e-03,0
22,40,4.68285091e-03,0.00000000e+00,0.00000000e+00,-4.68285091e-03,0
22,41,1.32365250e-04,0.00000000e+00,0.00000000e+00,1.32365250e-04,0
22,42,2.45666570e-03,0.00000000e+00,0.00000000e+00,2.45666570e-03,0
22,43,1.14074233e-03,0.00000000e+00,0.00000000e+00,-1.14074233e-03,0
22,44,8.71668693e-04,0.00000000e+00,0.00000000e+00,-8.71668693e-04,0
22,45,2.88996838e-03,0.00000000e+00,0.00000000e+00,2.88996838e-03,0
22,46,2.90665311e-03,0.00000000e+00,0.00000000e+00,-2.90665311e-03,0
22,47,2.02424718e-03,0.00000000e+00,0.00000000e+00,2.02424718e-03,0
22,48,3.17938714e-03,0.00000000e+00,0.00000000e+00,-3.17938714e-03,0
22,49,3.66916032e-03,0.00000000e+00,0.00000000e+00,3.66916032e-03,0
22,50,3.27676715e-03,0.00000000e+00,0.00000000e+00,-3.27676715e-03,0
22,51,2.26289400e-03,0.00000000e+00,0.00000000e+00,2.26289400e-03,0
22,52,2.31770415e-03,0.00000000e+00,0.00000000e+00,2.31770415e-03,0
22,53,3.35303526e-03,0.00000000e+00,0.00000000e+00,-3.35303526e-03,0
22,54,5.48391611e-03,0.00000000e+00,0.00000000e+00,5.48391611e-03,0
22,55,3.02310613e-03,0.00000000e+00,0.00000000e+00,-3.02310613e-03,0
22,56,3.53604566e-03,0.00000000e+00,0.00000000e+00,-3.53604566e-03,0
22,57,5.67585203e-03,0.00000000e+00,0.00000000e+00,5.67585203e-03,0
22,58,3.08728843e-03,0.00000000e+00,0.00000000e+00,-3.08728843e-03,0
22,59,4.63261443e-03,0.00000000e+00,0.00000000e+00,-4.63261443e-03,0
22,60,4.81802017e-03,0.00000000e+00,0.00000000e+00,4.81802017e-03,0
22,61,4.44676867e-03,0.00000000e+00,0.00000000e+00,4.44676867e-03,0
22,62,3.51773027e-04,0.00000000e+00,0.00000000e+00,-3.51773027e-04,0
22,63,2.70564390e-03,0.00000000e+00,0.00000000e+00,-2.70564390e-03,0
23,0,3.43852497e-03,0.00000000e+00,0.00000000e+00,-3.43852497e-03,0
23,1,9.39542001e-04,0.00000000e+00,0.00000000e+00,-9.39542001e-04,0
23,2,1.87724376e-03,0.00000000e+00,0.00000000e+00,1.87724376e-03,0
23,3,9.53953517e-04,0.00000000e+00,0.00000000e+00,9.53953517e-04,0
23,4,1.45291529e-04,0.00000000e+00,0.00000000e+00,-1.45291529e-04,0
23,5,2.94487803e-04,0.00000000e+00,0.00000000e+00,2.94487803e-04,0
23,6,1.81627632e-03,0.00000000e+00,0.00000000e+00,-1.81627632e-03,0
23,7,3.56845400e-03,0.00000000e+00,0.00000000e+00,-3.56845400e-03,0
23,8,2.23982825e-03,0.00000000e+00,0.00000000e+00,2.23982825e-03,0
23,9,3.34567944e-03,0.00000000e+00,0.00000000e+00,3.34567944e-03,0
23,10,1.95236247e-05,0.00000000e+00,0.00000000e+00,1.95236247e-05,0
23,11,4.63587788e-03,0.00000000e+00,0.00000000e+00,4.63587788e-03,0
23,12,5.68297808e-04,0.00000000e+00,0.00000000e+00,-5.68297808e-04,0
23,13,1.86163828e-03,0.00000000e+00,0.00000000e+00,-1.86163828e-03,0
23,14,4.63370881e-04,0.00000000e+00,0.00000000e+00,4.63370881e-04,0
23,15,4.67533983e-03,0.00000000e+00,0.00000000e+00,-4.67533983e-03,0
23,16,2.32250829e-03,0.00000000e+00,0.00000000e+00,2.32250829e-03,0
23,17,4.87669526e-04,0.00000000e+00,0.00000000e+00,-4.87669526e-04,0
23,18,4.21891735e-04,0.00000000e+00,0.00000000e+00,-4.21891735e-04,0
23,19,2.64962920e-03,0.00000000e+00,0.00000000e+00,-2.64962920e-03,0
23,20,2.32882587e-03,0.00000000e+00,0.00000000e+00,2.32882587e-03,0
23,21,7.63263028e-04,0.00000000e+00,0.00000000e+00,7.63263028e-04,0
23,22,1.32365250e-04,0.00000000e+00,0.00000000e+00,1.32365250e-04,0
23,23,7.97266758e-05,0.00000000e+00,0.00000000e+00,-7.97266758e-05,0
23,24,2.73163351e-03,0.00000000e+00,0.00000000e+00,-2.73163351e-03,0
23,25,7.28625381e-04,0.00000000e+00,0.00000000e+00,-7.28625381e-04,0
23,26,4.23636767e-03,0.00000000e+00,0.00000000e+00,4.23636767e-03,0
23,27,2.52598987e-03,0.00000000e+00,0.00000000e+00,-2.52598987e-03,0
23,28,2.82187986e-03,0.00000000e+00,0.00000000e+00,2.82187986e-03,0
23,29,2.51600174e-03,0.00000000e+00,0.00000000e+00,-2.51600174e-03,0
23,30,2.79592887e-03,0.00000000e+00,0.00000000e+00,-2.79592887e-03,0
23,31,4.17363591e-04,0.00000000e+00,0.00000000e+00,-4.17363591e-04,0
23,32,4.78785573e-03,0.00000000e+00,0.00000000e+00,4.78785573e-03,0
23,33,4.17363591e-04,0.00000000e+00,0.00000000e+00,-4.17363591e-04,0
23,34,2.79592887e-03,0.00000000e+00,0.00000000e+00,-2.79592887e-03,0
23,35,2.51600174e-03,0.00000000e+00,0.00000000e+00,-2.51600174e-03,0
23,36,2.82187986e-03,0.00000000e+00,0.00000000e+00,2.82187986e-03,0
23,37,2.52598987e-03,0.00000000e+00,0.00000000e+00,-2.52598987e-03,0
23,38,4.23636767e-03,0.00000000e+00,0.00000000e+00,4.23636767e-03,0
23,39,7.28625381e-04,0.00000000e+00,0.00000000e+00,-7.28625381e-04,0
23,40,2.73163351e-03,0.00000000e+00,0.00000000e+00,-2.73163351e-03,0
23,41,7.97266758e-05,0.00000000e+00,0.00000000e+00,-7.97266758e-05,0
23,42,1.32365250e-04,0.00000000e+00,0.00000000e+00,1.32365250e-04,0
23,43,7.63263028e-04,0.00000000e+00,0.00000000e+00,7.63263028e-04,0
23,44,2.32882587e-03,0.00000000e+00,0.00000000e+00,2.32882587e-03,0
23,45,2.64962920e-03,0.00000000e+00,0.00000000e+00,-2.64962920e-03,0
23,46,4.21891735e-04,0.00000000e+00,0.00000000e+00,-4.21891735e-04,0
23,47,4.87669526e-04,0.00000000e+00,0.00000000e+00,-4.87669526e-04,0
23,48,2.32250829e-03,0.00000000e+00,0.00000000e+00,2.32250829e-03,0
23,49,4.67533983e-03,0.00000000e+00,0.00000000e+00,-4.67533983e-03,0
23,50,4.63370881e-04,0.00000000e+00,0.00000000e+00,4.63370881e-04,0
23,51,1.86163828e-03,0.00000000e+00,0.00000000e+00,-1.86163828e-03,0
23,52,5.68297808e-04,0.00000000e+00,0.00000000e+00,-5.68297808e-04,0
23,53,4.63587788e-03,0.00000000e+00,0.00000000e+00,4.63587788e-03,0
23,54,1.95236247e-05,0.00000000e+00,0.00000000e+00,1.95236247e-05,0
23,55,3.34567944e-03,0.00000000e+00,0.00000000e+00,3.34567944e-03,0
23,56,2.23982825e-03,0.00000000e+00,0.00000000e+00,2.23982825e-03,0
23,57,3.56845400e-03,0.00000000e+00,0.00000000e+00,-3.56845400e-03,0
23,58,1.81627632e-03,0.00000000e+00,0.00000000e+00,-1.81627632e-03,0
23,59,2.94487803e-04,0.00000000e+00,0.00000000e+00,2.94487803e-04,0
23,60,1.45291529e-04,0.00000000e+00,0.00000000e+00,-1.45291529e-04,0
23,61,9.53953517e-04,0.00000000e+00,0.00000000e+00,9.53953517e-04,0
23,62,1.87724376e-03,0.00000000e+00,0.00000000e+00,1.87724376e-03,0
23,63,9.39542001e-04,0.00000000e+00,0.00000000e+00,-9.39542001e-04,0
24,0,1.37388670e-03,0.00000000e+00,0.00000000e+00,1.37388670e-03,0
24,1,7.79818904e-04,0.00000000e+00,0.00000000e+00,7.79818904e-04,0
24,2,1.06806316e-03,0.00000000e+00,0.00000000e+00,-1.06806316e-03,0
24,3,1.11922485e-03,0.00000000e+00,0.00000000e+00,-1.11922485e-03,0
24,4,6.43750746e-06,0.00000000e+00,0.00000000e+00,-6.43750746e-06,0
24,5,3.28193391e-03,0.00000000e+00,0.00000000e+00,-3.28193391e-03,0
24,6,1.00987965e-03,0.00000000e+00,0.00000000e+00,-1.00987965e-03,0
24,7,6.81652649e-03,0.00000000e+00,0.00000000e+00,6.81652649e-03,0
24,8,9.34490459e-04,0.00000000e+00,0.00000000e+00,-9.34490459e-04,0
24,9,1.83655544e-03,0.00000000e+00,0.00000000e+00,-1.83655544e-03,0
24,10,7.04772736e-03,0.00000000e+00,0.00000000e+00,7.04772736e-03,0
24,11,4.36073602e-03,0.00000000e+00,0.00000000e+00,-4.36073602e-03,0
24,12,1.41437487e-03,0.00000000e+00,0.00000000e+00,1.41437487e-03,0
24,13,4.54767400e-04,0.00000000e+00,0.00000000e+00,4.54767400e-04,0
24,14,5.34624991e-03,0.00000000e+00,0.00000000e+00,-5.34624991e-03,0
24,15,3.36487648e-03,0.00000000e+00,0.00000000e+00,3.36487648e-03,0
24,16,7.32737361e-03,0.00000000e+00,0.00000000e+00,-7.32737361e-03,0
24,17,2.33068187e-03,0.00000000e+00,0.00000000e+00,2.33068187e-03,0
24,18,7.10002332e-03,0.00000000e+00,0.00000000e+00,-7.10002332e-03,0
24,19,6.29784931e-04,0.00000000e+00,0.00000000e+00,6.29784931e-04,0
24,20,7.02224640e-03,0.00000000e+00,0.00000000e+00,-7.02224640e-03,0
24,21,8.45740266e-04,0.00000000e+00,0.00000000e+00,-8.45740266e-04,0
24,22,4.68285091e-03,0.00000000e+00,0.00000000e+00,-4.68285091e-03,0
24,23,2.73163351e-03,0.00000000e+00,0.00000000e+00,-2.73163351e-03,0
24,24,6.45247373e-03,0.00000000e+00,0.00000000e+00,-6.45247373e-03,0
24,25,4.39244775e-03,0.00000000e+00,0.00000000e+00,4.39244775e-03,0
24,26,3.97473974e-03,0.00000000e+00,0.00000000e+00,-3.97473974e-03,0
24,27,1.41018962e-03,0.00000000e+00,0.00000000e+00,1.41018962e-03,0
24,28,5.87109283e-03,0.00000000e+00,0.00000000e+00,-5.87109283e-03,0
24,29,1.43929043e-03,0.00000000e+00,0.00000000e+00,1.43929043e-03,0
24,30,7.39175731e-04,0.00000000e+00,0.00000000e+00,-7.39175731e-04,0
24,31,6.13368510e-05,0.00000000e+00,0.00000000e+00,-6.13368510e-05,0
24,32,8.39107541e-03,0.00000000e+00,0.00000000e+00,8.39107541e-03,0
24,33,6.13368510e-05,0.00000000e+00,0.00000000e+00,-6.13368510e-05,0
24,34,7.39175731e-04,0.00000000e+00,0.00000000e+00,-7.39175731e-04,0
24,35,1.43929043e-03,0.00000000e+00,0.00000000e+00,1.43929043e-03,0
24,36,5.87109283e-03,0.00000000e+00,0.00000000e+00,-5.87109283e-03,0
24,37,1.41018962e-03,0.00000000e+00,0.00000000e+00,1.41018962e-03,0
24,38,3.97473974e-03,0.00000000e+00,0.00000000e+00,-3.97473974e-03,0
24,39,4.39244775e-03,0.00000000e+00,0.00000000e+00,4.39244775e-03,0
24,40,6.45247373e-03,0.00000000e+00,0.00000000e+00,-6.45247373e-03,0
24,41,2.73163351e-03,0.00000000e+00,0.00000000e+00,-2.73163351e-03,0
24,42,4.68285091e-03,0.00000000e+00,0.00000000e+00,-4.68285091e-03,0
24,43,8.45740266e-04,0.00000000e+00,0.00000000e+00,-8.45740266e-04,0
24,44,7.02224640e-03,0.00000000e+00,0.00000000e+00,-7.02224640e-03,0
24,45,6.29784931e-04,0.00000000e+00,0.00000000e+00,6.29784931e-04,0
24,46,7.10002332e-03,0.00000000e+00,0.00000000e+00,-7.10002332e-03,0
24,47,2.33068187e-03,0.00000000e+00,0.00000000e+00,2.33068187e-03,0
24,48,7.32737361e-03,0.00000000e+00,0.00000000e+00,-7.32737361e-03,0
24,49,3.36487648e-03,0.00000000e+00,0.00000000e+00,3.36487648e-03,0
24,50,5.34624991e-03,0.00000000e+00,0.00000000e+00,-5.34624991e-03,0
24,51,4.54767400e-04,0.00000000e+00,0.00000000e+00,4.54767400e-04,0
24,52,1.41437487e-03,0.00000000e+00,0.00000000e+00,1.41437487e-03,0
24,53,4.36073602e-03,0.00000000e+00,0.00000000e+00,-4.36073602e-03,0
24,54,7.04772736e-03,0.00000000e+00,0.00000000e+00,7.04772736e-03,0
24,55,1.83655544e-03,0.00000000e+00,0.00000000e+00,-1.83655544e-03,0
24,56,9.34490459e-04,0.00000000e+00,0.00000000e+00,-9.34490459e-04,0
24,57,6.81652649e-03,0.00000000e+00,0.00000000e+00,6.81652649e-03,0
24,58,1.00987965e-03,0.00000000e+00,0.00000000e+00,-1.00987965e-03,0
24,59,3.28193391e-03,0.00000000e+00,0.00000000e+00,-3.28193391e-03,0
24,60,6.43750746e-06,0.00000000e+00,0.00000000e+00,-6.43750746e-06,0
24,61,1.11922485e-03,0.00000000e+00,0.00000000e+00,-1.11922485e-03,0
24,62,1.06806316e-03,0.00000000e+00,0.00000000e+00,-1.06806316e-03,0
24,63,7.79818904e-04,0.00000000e+00,0.00000000e+00,7.79818904e-04,0
25,0,4.25726314e-03,0.00000000e+00,0.00000000e+00,4.25726314e-03,0
25,1,1.60468864e-03,0.00000000e+00,0.00000000e+00,1.60468864e-03,0
25,2,3.20895527e-03,0.00000000e+00,0.00000000e+00,-3.20895527e-03,0
25,3,4.30489663e-03,0.00000000e+00,0.00000000e+00,-4.30489663e-03,0
25,4,5.15817991e-04,0.00000000e+00,0.00000000e+00,5.15817991e-04,0
25,5,4.55939767e-03,0.00000000e+00,0.00000000e+00,4.55939767e-03,0
25,6,5.29358919e-04,0.00000000e+00,0.00000000e+00,-5.29358919e-04,0
25,7,3.97521456e-03,0.00000000e+00,0.00000000e+00,-3.97521456e-03,0
25,8,3.30477574e-03,0.00000000e+00,0.00000000e+00,3.30477574e-03,0
25,9,7.41187311e-04,0.00000000e+00,0.00000000e+00,7.41187311e-04,0
25,10,2.67902425e-03,0.00000000e+00,0.00000000e+00,-2.67902425e-03,0
25,11,5.54620582e-03,0.00000000e+00,0.00000000e+00,5.54620582e-03,0
25,12,3.63383776e-03,0.00000000e+00,0.00000000e+00,-3.63383776e-03,0
25,13,1.36660003e-05,0.00000000e+00,0.00000000e+00,1.36660003e-05,0
25,14,1.90800008e-03,0.00000000e+00,0.00000000e+00,1.90800008e-03,0
25,15,4.92488371e-03,0.00000000e+00,0.00000000e+00,-4.92488371e-03,0
25,16,4.73529091e-03,0.00000000e+00,0.00000000e+00,4.73529091e-03,0
25,17,4.27447332e-03,0.00000000e+00,0.00000000e+00,-4.27447332e-03,0
25,18,2.56036301e-03,0.00000000e+00,0.00000000e+00,2.56036301e-03,0
25,19,5.79993266e-03,0.00000000e+00,0.00000000e+00,-5.79993266e-03,0
25,20,7.36257930e-03,0.00000000e+00,0.00000000e+00,7.36257930e-03,0
25,21,5.04070791e-03,0.00000000e+00,0.00000000e+00,-5.04070791e-03,0
25,22,2.77238812e-03,0.00000000e+00,0.00000000e+00,2.77238812e-03,0
25,23,7.28625381e-04,0.00000000e+00,0.00000000e+00,-7.28625381e-04,0
25,24,4.39244775e-03,0.00000000e+00,0.00000000e+00,4.39244775e-03,0
25,25,2.04208882e-03,0.00000000e+00,0.00000000e+00,2.04208882e-03,0
25,26,1.95307195e-03,0.00000000e+00,0.00000000e+00,-1.95307195e-03,0
25,27,4.13314855e-03,0.00000000e+00,0.00000000e+00,-4.13314855e-03,0
25,28,3.46311776e-04,0.00000000e+00,0.00000000e+00,-3.46311776e-04,0
25,29,1.78579620e-03,0.00000000e+00,0.00000000e+00,1.78579620e-03,0
25,30,1.14462251e-03,0.00000000e+00,0.00000000e+00,-1.14462251e-03,0
25,31,2.37624707e-03,0.00000000e+00,0.00000000e+00,-2.37624707e-03,0
25,32,5.85127121e-03,0.00000000e+00,0.00000000e+00,5.85127121e-03,0
25,33,2.37624707e-03,0.00000000e+00,0.00000000e+00,-2.37624707e-03,0
25,34,1.14462251e-03,0.00000000e+00,0.00000000e+00,-1.14462251e-03,0
25,35,1.78579620e-03,0.00000000e+00,0.00000000e+00,1.78579620e-03,0
25,36,3.46311776e-04,0.00000000e+00,0.00000000e+00,-3.46311776e-04,0
25,37,4.13314855e-03,0.00000000e+00,0.00000000e+00,-4.13314855e-03,0
25,38,1.95307195e-03,0.00000000e+00,0.00000000e+00,-1.95307195e-03,0
25,39,2.04208882e-03,0.00000000e+00,0.00000000e+00,2.04208882e-03,0
25,40,4.39244775e-03,0.00000000e+00,0.00000000e+00,4.39244775e-03,0
25,41,7.28625381e-04,0.00000000e+00,0.00000000e+00,-7.28625381e-04,0
25,42,2.77238812e-03,0.00000000e+00,0.00000000e+00,2.77238812e-03,0
25,43,5.04070791e-03,0.00000000e+00,0.00000000e+00,-5.04070791e-03,0
25,44,7.36257930e-03,0.00000000e+00,0.00000000e+00,7.36257930e-03,0
25,45,5.79993266e-03,0.00000000e+00,0.00000000e+00,-5.79993266e-03,0
25,46,2.56036301e-03,0.00000000e+00,0.00000000e+00,2.56036301e-03,0
25,47,4.27447332e-03,0.00000000e+00,0.00000000e+00,-4.27447332e-03,0
25,48,4.73529091e-03,0.00000000e+00,0.00000000e+00,4.73529091e-03,0
25,49,4.92488371e-03,0.00000000e+00,0.00000000e+00,-4.92488371e-03,0
25,50,1.90800008e-03,0.00000000e+00,0.00000000e+00,1.90800008e-03,0
25,51,1.36660003e-05,0.00000000e+00,0.00000000e+00,1.36660003e-05,0
25,52,3.63383776e-03,0.00000000e+00,0.00000000e+00,-3.63383776e-03,0
25,53,5.54620582e-03,0.00000000e+00,0.00000000e+00,5.54620582e-03,0
25,54,2.67902425e-03,0.00000000e+00,0.00000000e+00,-2.67902425e-03,0
25,55,7.41187311e-04,0.00000000e+00,0.00000000e+00,7.41187311e-04,0
25,56,3.30477574e-03,0.00000000e+00,0.00000000e+00,3.30477574e-03,0
25,57,3.97521456e-03,0.00000000e+00,0.00000000e+00,-3.97521456e-03,0
25,58,5.29358919e-04,0.00000000e+00,0.00000000e+00,-5.29358919e-04,0
25,59,4.55939767e-03,0.00000000e+00,0.00000000e+00,4.55939767e-03,0
25,60,5.15817991e-04,0.00000000e+00,0.00000000e+00,5.15817991e-04,0
25,61,4.30489663e-03,0.00000000e+00,0.00000000e+00,-4.30489663e-03,0
25,62,3.20895527e-03,0.00000000e+00,0.00000000e+00,-3.20895527e-03,0
25,63,1.60468864e-03,0.00000000e+00,0.00000000e+00,1.60468864e-03,0
26,0,2.69848035e-03,0.00000000e+00,0.00000000e+00,2.69848035e-03,0
26,1,1.48024458e-04,0.00000000e+00,0.00000000e+00,1.48024458e-04,0
26,2,2.35904145e-03,0.00000000e+00,0.00000000e+00,-2.35904145e-03,0
26,3,1.65863131e-04,0.00000000e+00,0.00000000e+00,-1.65863131e-04,0
26,4,1.97588150e-03,0.00000000e+00,0.00000000e+00,1.97588150e-03,0
26,5,7.07920932e-04,0.00000000e+00,0.00000000e+00,-7.07920932e-04,0
26,6,2.32461922e-03,0.00000000e+00,0.00000000e+00,-2.32461922e-03,0
26,7,7.16586651e-04,0.00000000e+00,0.00000000e+00,7.16586651e-04,0
26,8,1.57717279e-03,0.00000000e+00,0.00000000e+00,-1.57717279e-03,0
26,9,6.81389061e-04,0.00000000e+00,0.00000000e+00,6.81389061e-04,0
26,10,6.11357718e-03,0.00000000e+00,0.00000000e+00,6.11357718e-03,0
26,11,3.29264775e-03,0.00000000e+00,0.00000000e+00,-3.29264775e-03,0
26,12,3.23265907e-03,0.00000000e+00,0.00000000e+00,3.23265907e-03,0
26,13,9.09590576e-04,0.00000000e+00,0.00000000e+00,9.09590576e-04,0
26,14,4.08631444e-03,0.00000000e+00,0.00000000e+00,-4.08631444e-03,0
26,15,2.14551921e-03,0.00000000e+00,0.00000000e+00,2.14551921e-03,0
26,16,9.85038506e-03,0.00000000e+00,0.00000000e+00,-9.85038506e-03,0
26,17,4.13308007e-03,0.00000000e+00,0.00000000e+00,4.13308007e-03,0
26,18,6.27498391e-03,0.00000000e+00,0.00000000e+00,-6.27498391e-03,0
26,19,1.03253135e-03,0.00000000e+00,0.00000000e+00,1.03253135e-03,0
26,20,8.14967792e-03,0.00000000e+00,0.00000000e+00,-8.14967792e-03,0
26,21,2.31569198e-03,0.00000000e+00,0.00000000e+00,2.31569198e-03,0
26,22,7.45244324e-03,0.00000000e+00,0.00000000e+00,-7.45244324e-03,0
26,23,4.23636767e-03,0.00000000e+00,0.00000000e+00,4.23636767e-03,0
26,24,3.97473974e-03,0.00000000e+00,0.00000000e+00,-3.97473974e-03,0
26,25,1.95307195e-03,0.00000000e+00,0.00000000e+00,-1.95307195e-03,0
26,26,4.86395771e-03,0.00000000e+00,0.00000000e+00,-4.86395771e-03,0
26,27,1.53196305e-03,0.00000000e+00,0.00000000e+00,1.53196305e-03,0
26,28,4.84553188e-03,0.00000000e+00,0.00000000e+00,4.84553188e-03,0
26,29,1.54029864e-03,0.00000000e+00,0.00000000e+00,1.54029864e-03,0
26,30,1.53343280e-03,0.00000000e+00,0.00000000e+00,1.53343280e-03,0
26,31,2.86462592e-03,0.00000000e+00,0.00000000e+00,-2.86462592e-03,0
26,32,5.44175683e-03,0.00000000e+00,0.00000000e+00,-5.44175683e-03,0
26,33,2.86462592e-03,0.00000000e+00,0.00000000e+00,-2.86462592e-03,0
26,34,1.53343280e-03,0.00000000e+00,0.00000000e+00,1.53343280e-03,0
26,35,1.54029864e-03,0.00000000e+00,0.00000000e+00,1.54029864e-03,0
26,36,4.84553188e-03,0.00000000e+00,0.00000000e+00,4.84553188e-03,0
26,37,1.53196305e-03,0.00000000e+00,0.00000000e+00,1.53196305e-03,0
26,38,4.86395771e-03,0.00000000e+00,0.00000000e+00,-4.86395771e-03,0
26,39,1.95307195e-03,0.00000000e+00,0.00000000e+00,-1.95307195e-03,0
26,40,3.97473974e-03,0.00000000e+00,0.00000000e+00,-3.97473974e-03,0
26,41,4.23636767e-03,0.00000000e+00,0.00000000e+00,4.23636767e-03,0
26,42,7.45244324e-03,0.00000000e+00,0.00000000e+00,-7.45244324e-03,0
26,43,2.31569198e-03,0.00000000e+00,0.00000000e+00,2.31569198e-03,0
26,44,8.14967792e-03,0.00000000e+00,0.00000000e+00,-8.14967792e-03,0
26,45,1.03253135e-03,0.00000000e+00,0.00000000e+00,1.03253135e-03,0
26,46,6.27498391e-03,0.00000000e+00,0.00000000e+00,-6.27498391e-03,0
26,47,4.13308007e-03,0.00000000e+00,0.00000000e+00,4.13308007e-03,0
26,48,9.85038506e-03,0.00000000e+00,0.00000000e+00,-9.85038506e-03,0
26,49,2.14551921e-03,0.00000000e+00,0.00000000e+00,2.14551921e-03,0
26,50,4.08631444e-03,0.00000000e+00,0.00000000e+00,-4.08631444e-03,0
26,51,9.09590576e-04,0.00000000e+00,0.00000000e+00,9.09590576e-04,0
26,52,3.23265907e-03,0.00000000e+00,0.00000000e+00,3.23265907e-03,0
26,53,3.29264775e-03,0.00000000e+00,0.00000000e+00,-3.29264775e-03,0
26,54,6.11357718e-03,0.00000000e+00,0.00000000e+00,6.11357718e-03,0
26,55,6.81389061e-04,0.00000000e+00,0.00000000e+00,6.81389061e-04,0
26,56,1.57717279e-03,0.00000000e+00,0.00000000e+00,-1.57717279e-03,0
26,57,7.16586651e-04,0.00000000e+00,0.00000000e+00,7.16586651e-04,0
26,58,2.32461922e-03,0.00000000e+00,0.00000000e+00,-2.32461922e-03,0
26,59,7.07920932e-04,0.00000000e+00,0.00000000e+00,-7.07920932e-04,0
26,60,1.97588150e-03,0.00000000e+00,0.00000000e+00,1.97588150e-03,0
26,61,1.65863131e-04,0.00000000e+00,0.00000000e+00,-1.65863131e-04,0
26,62,2.35904145e-03,0.00000000e+00,0.00000000e+00,-2.35904145e-03,0
26,63,1.48024458e-04,0.00000000e+00,0.00000000e+00,1.48024458e-04,0
27,0,2.27086563e-03,0.00000000e+00,0.00000000e+00,-2.27086563e-03,0
27,1,6.63685967e-04,0.00000000e+00,0.00000000e+00,-6.63685967e-04,0
27,2,3.14213918e-03,0.00000000e+00,0.00000000e+00,3.14213918e-03,0
27,3,2.27623940e-03,0.00000000e+00,0.00000000e+00,2.27623940e-03,0
27,4,3.31727619e-03,0.00000000e+00,0.00000000e+00,-3.31727619e-03,0
27,5,3.00666286e-03,0.00000000e+00,0.00000000e+00,-3.00666286e-03,0
27,6,6.92573210e-04,0.00000000e+00,0.00000000e+00,-6.92573210e-04,0
27,7,7.15933761e-04,0.00000000e+00,0.00000000e+00,7.15933761e-04,0
27,8,4.30640193e-03,0.00000000e+00,0.00000000e+00,4.30640193e-03,0
27,9,1.79778695e-03,0.00000000e+00,0.00000000e+00,-1.79778695e-03,0
27,10,2.75811683e-03,0.00000000e+00,0.00000000e+00,-2.75811683e-03,0
27,11,5.14169598e-03,0.00000000e+00,0.00000000e+00,5.14169598e-03,0
27,12,2.19916895e-03,0.00000000e+00,0.00000000e+00,-2.19916895e-03,0
27,13,3.19186604e-03,0.00000000e+00,0.00000000e+00,3.19186604e-03,0
27,14,8.51421162e-04,0.00000000e+00,0.00000000e+00,8.51421162e-04,0
27,15,2.46628406e-03,0.00000000e+00,0.00000000e+00,-2.46628406e-03,0
27,16,4.21697146e-03,0.00000000e+00,0.00000000e+00,4.21697146e-03,0
27,17,4.02682352e-03,0.00000000e+00,0.00000000e+00,-4.02682352e-03,0
27,18,5.03865867e-03,0.00000000e+00,0.00000000e+00,5.03865867e-03,0
27,19,5.48036143e-03,0.00000000e+00,0.00000000e+00,-5.48036143e-03,0
27,20,3.92427385e-03,0.00000000e+00,0.00000000e+00,3.92427385e-03,0
27,21,9.44946660e-03,0.00000000e+00,0.00000000e+00,-9.44946660e-03,0
27,22,5.93397848e-03,0.00000000e+00,0.00000000e+00,5.93397848e-03,0
27,23,2.52598987e-03,0.00000000e+00,0.00000000e+00,-2.52598987e-03,0
27,24,1.41018962e-03,0.00000000e+00,0.00000000e+00,1.41018962e-03,0
27,25,4.13314855e-03,0.00000000e+00,0.00000000e+00,-4.13314855e-03,0
27,26,1.53196305e-03,0.00000000e+00,0.00000000e+00,1.53196305e-03,0
27,27,9.43557224e-03,0.00000000e+00,0.00000000e+00,9.43557224e-03,0
27,28,7.63974510e-03,0.00000000e+00,0.00000000e+00,-7.63974510e-03,0
27,29,5.20345555e-03,0.00000000e+00,0.00000000e+00,5.20345555e-03,0
27,30,3.40186188e-03,0.00000000e+00,0.00000000e+00,-3.40186188e-03,0
27,31,2.83698024e-03,0.00000000e+00,0.00000000e+00,-2.83698024e-03,0
27,32,1.20787594e-02,0.00000000e+00,0.00000000e+00,1.20787594e-02,0
27,33,2.83698024e-03,0.00000000e+00,0.00000000e+00,-2.83698024e-03,0
27,34,3.40186188e-03,0.00000000e+00,0.00000000e+00,-3.40186188e-03,0
27,35,5.20345555e-03,0.00000000e+00,0.00000000e+00,5.20345555e-03,0
27,36,7.63974510e-03,0.00000000e+00,0.00000000e+00,-7.63974510e-03,0
27,37,9.43557224e-03,0.00000000e+00,0.00000000e+00,9.43557224e-03,0
27,38,1.53196305e-03,0.00000000e+00,0.00000000e+00,1.53196305e-03,0
27,39,4.13314855e-03,0.00000000e+00,0.00000000e+00,-4.13314855e-03,0
27,40,1.41018962e-03,0.00000000e+00,0.00000000e+00,1.41018962e-03,0
27,41,2.52598987e-03,0.00000000e+00,0.00000000e+00,-2.52598987e-03,0
27,42,5.93397848e-03,0.00000000e+00,0.00000000e+00,5.93397848e-03,0
27,43,9.44946660e-03,0.00000000e+00,0.00000000e+00,-9.44946660e-03,0
27,44,3.92427385e-03,0.00000000e+00,0.00000000e+00,3.92427385e-03,0
27,45,5.48036143e-03,0.00000000e+00,0.00000000e+00,-5.48036143e-03,0
27,46,5.03865867e-03,0.00000000e+00,0.00000000e+00,5.03865867e-03,0
27,47,4.02682352e-03,0.00000000e+00,0.00000000e+00,-4.02682352e-03,0
27,48,4.21697146e-03,0.00000000e+00,0.00000000e+00,4.21697146e-03,0
27,49,2.46628406e-03,0.00000000e+00,0.00000000e+00,-2.46628406e-03,0
27,50,8.51421162e-04,0.00000000e+00,0.00000000e+00,8.51421162e-04,0
27,51,3.19186604e-03,0.00000000e+00,0.00000000e+00,3.19186604e-03,0
27,52,2.19916895e-03,0.00000000e+00,0.00000000e+00,-2.19916895e-03,0
27,53,5.14169598e-03,0.00000000e+00,0.00000000e+00,5.14169598e-03,0
27,54,2.75811683e-03,0.00000000e+00,0.00000000e+00,-2.75811683e-03,0
27,55,1.79778695e-03,0.00000000e+00,0.00000000e+00,-1.79778695e-03,0
27,56,4.30640193e-03,0.00000000e+00,0.00000000e+00,4.30640193e-03,0
27,57,7.15933761e-04,0.00000000e+00,0.00000000e+00,7.15933761e-04,0
27,58,6.92573210e-04,0.00000000e+00,0.00000000e+00,-6.92573210e-04,0
27,59,3.00666286e-03,0.00000000e+00,0.00000000e+00,-3.00666286e-03,0
27,60,3.31727619e-03,0.00000000e+00,0.00000000e+00,-3.31727619e-03,0
27,61,2.27623940e-03,0.00000000e+00,0.00000000e+00,2.27623940e-03,0
27,62,3.14213918e-03,0.00000000e+00,0.00000000e+00,3.14213918e-03,0
27,63,6.63685967e-04,0.00000000e+00,0.00000000e+00,-6.63685967e-04,0
28,0,3.63373369e-03,0.00000000e+00,0.00000000e+00,-3.63373369e-03,0
28,1,1.09899441e-03,0.00000000e+00,0.00000000e+00,1.09899441e-03,0
28,2,5.28430136e-03,0.00000000e+00,0.00000000e+00,5.28430136e-03,0
28,3,3.60191714e-03,0.00000000e+00,0.00000000e+00,-3.60191714e-03,0
28,4,7.88851771e-03,0.00000000e+00,0.00000000e+00,-7.88851771e-03,0
28,5,6.43646283e-03,0.00000000e+00,0.00000000e+00,6.43646283e-03,0
28,6,6.62512836e-03,0.00000000e+00,0.00000000e+00,6.62512836e-03,0
28,7,6.84050756e-03,0.00000000e+00,0.00000000e+00,-6.84050756e-03,0
28,8,1.05817055e-03,0.00000000e+00,0.00000000e+00,-1.05817055e-03,0
28,9,6.42315377e-04,0.00000000e+00,0.00000000e+00,6.42315377e-04,0
28,10,3.79997993e-03,0.00000000e+00,0.00000000e+00,-3.79997993e-03,0
28,11,4.42560076e-03,0.00000000e+00,0.00000000e+00,4.42560076e-03,0
28,12,2.99828695e-03,0.00000000e+00,0.00000000e+00,2.99828695e-03,0
28,13,1.63238920e-03,0.00000000e+00,0.00000000e+00,-1.63238920e-03,0
28,14,1.20950472e-03,0.00000000e+00,0.00000000e+00,1.20950472e-03,0
28,15,1.84125986e-03,0.00000000e+00,0.00000000e+00,-1.84125986e-03,0
28,16,2.33569717e-03,0.00000000e+00,0.00000000e+00,-2.33569717e-03,0
28,17,8.34817496e-05,0.00000000e+00,0.00000000e+00,-8.34817496e-05,0
28,18,3.22567482e-03,0.00000000e+00,0.00000000e+00,-3.22567482e-03,0
28,19,1.64795471e-03,0.00000000e+00,0.00000000e+00,-1.64795471e-03,0
28,20,5.67177681e-03,0.00000000e+00,0.00000000e+00,-5.67177681e-03,0
28,21,2.64353372e-03,0.00000000e+00,0.00000000e+00,2.64353372e-03,0
28,22,6.05473544e-03,0.00000000e+00,0.00000000e+00,-6.05473544e-03,0
28,23,2.82187986e-03,0.00000000e+00,0.00000000e+00,2.82187986e-03,0
28,24,5.87109283e-03,0.00000000e+00,0.00000000e+00,-5.87109283e-03,0
28,25,3.46311776e-04,0.00000000e+00,0.00000000e+00,-3.46311776e-04,0
28,26,4.84553188e-03,0.00000000e+00,0.00000000e+00,4.84553188e-03,0
28,27,7.63974510e-03,0.00000000e+00,0.00000000e+00,-7.63974510e-03,0
28,28,3.52294431e-03,0.00000000e+00,0.00000000e+00,-3.52294431e-03,0
28,29,1.09177718e-03,0.00000000e+00,0.00000000e+00,1.09177718e-03,0
28,30,6.35699571e-03,0.00000000e+00,0.00000000e+00,6.35699571e-03,0
28,31,4.26091666e-04,0.00000000e+00,0.00000000e+00,-4.26091666e-04,0
28,32,2.12168952e-03,0.00000000e+00,0.00000000e+00,2.12168952e-03,0
28,33,4.26091666e-04,0.00000000e+00,0.00000000e+00,-4.26091666e-04,0
28,34,6.35699571e-03,0.00000000e+00,0.00000000e+00,6.35699571e-03,0
28,35,1.09177718e-03,0.00000000e+00,0.00000000e+00,1.09177718e-03,0
28,36,3.52294431e-03,0.00000000e+00,0.00000000e+00,-3.52294431e-03,0
28,37,7.63974510e-03,0.00000000e+00,0.00000000e+00,-7.63974510e-03,0
28,38,4.84553188e-03,0.00000000e+00,0.00000000e+00,4.84553188e-03,0
28,39,3.46311776e-04,0.00000000e+00,0.00000000e+00,-3.46311776e-04,0
28,40,5.87109283e-03,0.00000000e+00,0.00000000e+00,-5.87109283e-03,0
28,41,2.82187986e-03,0.00000000e+00,0.00000000e+00,2.82187986e-03,0
28,42,6.05473544e-03,0.00000000e+00,0.00000000e+00,-6.05473544e-03,0
28,43,2.64353372e-03,0.00000000e+00,0.00000000e+00,2.64353372e-03,0
28,44,5.67177681e-03,0.00000000e+00,0.00000000e+00,-5.67177681e-03,0
28,45,1.64795471e-03,0.00000000e+00,0.00000000e+00,-1.64795471e-03,0
28,46,3.22567482e-03,0.00000000e+00,0.00000000e+00,-3.22567482e-03,0
28,47,8.34817496e-05,0.00000000e+00,0.00000000e+00,-8.34817496e-05,0
28,48,2.33569717e-03,0.00000000e+00,0.00000000e+00,-2.33569717e-03,0
28,49,1.84125986e-03,0.00000000e+00,0.00000000e+00,-1.84125986e-03,0
28,50,1.20950472e-03,0.00000000e+00,0.00000000e+00,1.20950472e-03,0
28,51,1.63238920e-03,0.00000000e+00,0.00000000e+00,-1.63238920e-03,0
28,52,2.99828695e-03,0.00000000e+00,0.00000000e+00,2.99828695e-03,0
28,53,4.42560076e-03,0.00000000e+00,0.00000000e+00,4.42560076e-03,0
28,54,3.79997993e-03,0.00000000e+00,0.00000000e+00,-3.79997993e-03,0
28,55,6.42315377e-04,0.00000000e+00,0.00000000e+00,6.42315377e-04,0
28,56,1.05817055e-03,0.00000000e+00,0.00000000e+00,-1.05817055e-03,0
28,57,6.84050756e-03,0.00000000e+00,0.00000000e+00,-6.84050756e-03,0
28,58,6.62512836e-03,0.00000000e+00,0.00000000e+00,6.62512836e-03,0
28,59,6.43646283e-03,0.00000000e+00,0.00000000e+00,6.43646283e-03,0
28,60,7.88851771e-03,0.00000000e+00,0.00000000e+00,-7.88851771e-03,0
28,61,3.60191714e-03,0.00000000e+00,0.00000000e+00,-3.60191714e-03,0
28,62,5.28430136e-03,0.00000000e+00,0.00000000e+00,5.28430136e-03,0
28,63,1.09899441e-03,0.00000000e+00,0.00000000e+00,1.09899441e-03,0
29,0,7.95316417e-04,0.00000000e+00,0.00000000e+00,-7.95316417e-04,0
29,1,3.37502990e-04,0.00000000e+00,0.00000000e+00,3.37502990e-04,0
29,2,7.36145056e-04,0.00000000e+00,0.00000000e+00,7.36145056e-04,0
29,3,1.10223904e-03,0.00000000e+00,0.00000000e+00,-1.10223904e-03,0
29,4,6.22499844e-04,0.00000000e+00,0.00000000e+00,6.22499844e-04,0
29,5,2.20647796e-03,0.00000000e+00,0.00000000e+00,2.20647796e-03,0
29,6,1.06921797e-03,0.00000000e+00,0.00000000e+00,-1.06921797e-03,0
29,7,5.28830200e-05,0.00000000e+00,0.00000000e+00,-5.28830200e-05,0
29,8,6.02184950e-03,0.00000000e+00,0.00000000e+00,-6.02184950e-03,0
29,9,8.11638776e-03,0.00000000e+00,0.00000000e+00,-8.11638776e-03,0
29,10,1.01451711e-02,0.00000000e+00,0.00000000e+00,1.01451711e-02,0
29,11,3.41370064e-03,0.00000000e+00,0.00000000e+00,3.41370064e-03,0
29,12,1.13146161e-03,0.00000000e+00,0.00000000e+00,1.13146161e-03,0
29,13,8.60461726e-03,0.00000000e+00,0.00000000e+00,8.60461726e-03,0
29,14,3.09396557e-03,0.00000000e+00,0.00000000e+00,-3.09396557e-03,0
29,15,7.41440927e-03,0.00000000e+00,0.00000000e+00,7.41440927e-03,0
29,16,5.10744549e-03,0.00000000e+00,0.00000000e+00,-5.10744549e-03,0
29,17,2.75811280e-03,0.00000000e+00,0.00000000e+00,-2.75811280e-03,0
29,18,9.84016326e-04,0.00000000e+00,0.00000000e+00,9.84016326e-04,0
29,19,1.21689960e-03,0.00000000e+00,0.00000000e+00,-1.21689960e-03,0
29,20,2.34245408e-03,0.00000000e+00,0.00000000e+00,-2.34245408e-03,0
29,21,9.87405570e-04,0.00000000e+00,0.00000000e+00,-9.87405570e-04,0
29,22,1.08270761e-03,0.00000000e+00,0.00000000e+00,1.08270761e-03,0
29,23,2.51600174e-03,0.00000000e+00,0.00000000e+00,-2.51600174e-03,0
29,24,1.43929043e-03,0.00000000e+00,0.00000000e+00,1.43929043e-03,0
29,25,1.78579620e-03,0.00000000e+00,0.00000000e+00,1.78579620e-03,0
29,26,1.54029864e-03,0.00000000e+00,0.00000000e+00,1.54029864e-03,0
29,27,5.20345555e-03,0.00000000e+00,0.00000000e+00,5.20345555e-03,0
29,28,1.09177718e-03,0.00000000e+00,0.00000000e+00,1.09177718e-03,0
29,29,7.94091103e-03,0.00000000e+00,0.00000000e+00,7.94091103e-03,0
29,30,4.29521284e-03,0.00000000e+00,0.00000000e+00,4.29521284e-03,0
29,31,5.76621555e-03,0.00000000e+00,0.00000000e+00,-5.76621555e-03,0
29,32,1.53621092e-02,0.00000000e+00,0.00000000e+00,-1.53621092e-02,0
29,33,5.76621555e-03,0.00000000e+00,0.00000000e+00,-5.76621555e-03,0
29,34,4.29521284e-03,0.00000000e+00,0.00000000e+00,4.29521284e-03,0
29,35,7.94091103e-03,0.00000000e+00,0.00000000e+00,7.94091103e-03,0
29,36,1.09177718e-03,0.00000000e+00,0.00000000e+00,1.09177718e-03,0
29,37,5.20345555e-03,0.00000000e+00,0.00000000e+00,5.20345555e-03,0
29,38,1.54029864e-03,0.00000000e+00,0.00000000e+00,1.54029864e-03,0
29,39,1.78579620e-03,0.00000000e+00,0.00000000e+00,1.78579620e-03,0
29,40,1.43929043e-03,0.00000000e+00,0.00000000e+00,1.43929043e-03,0
29,41,2.51600174e-03,0.00000000e+00,0.00000000e+00,-2.51600174e-03,0
29,42,1.08270761e-03,0.00000000e+00,0.00000000e+00,1.08270761e-03,0
29,43,9.87405570e-04,0.00000000e+00,0.00000000e+00,-9.87405570e-04,0
29,44,2.34245408e-03,0.00000000e+00,0.00000000e+00,-2.34245408e-03,0
29,45,1.21689960e-03,0.00000000e+00,0.00000000e+00,-1.21689960e-03,0
29,46,9.84016326e-04,0.00000000e+00,0.00000000e+00,9.84016326e-04,0
29,47,2.75811280e-03,0.00000000e+00,0.00000000e+00,-2.75811280e-03,0
29,48,5.10744549e-03,0.00000000e+00,0.00000000e+00,-5.10744549e-03,0
29,49,7.41440927e-03,0.00000000e+00,0.00000000e+00,7.41440927e-03,0
29,50,3.09396557e-03,0.00000000e+00,0.00000000e+00,-3.09396557e-03,0
29,51,8.60461726e-03,0.00000000e+00,0.00000000e+00,8.60461726e-03,0
29,52,1.13146161e-03,0.00000000e+00,0.00000000e+00,1.13146161e-03,0
29,53,3.41370064e-03,0.00000000e+00,0.00000000e+00,3.41370064e-03,0
29,54,1.01451711e-02,0.00000000e+00,0.00000000e+00,1.01451711e-02,0
29,55,8.11638776e-03,0.00000000e+00,0.00000000e+00,-8.11638776e-03,0
29,56,6.02184950e-03,0.00000000e+00,0.00000000e+00,-6.02184950e-03,0
29,57,5.28830200e-05,0.00000000e+00,0.00000000e+00,-5.28830200e-05,0
29,58,1.06921797e-03,0.00000000e+00,0.00000000e+00,-1.06921797e-03,0
29,59,2.20647796e-03,0.00000000e+00,0.00000000e+00,2.20647796e-03,0
29,60,6.22499844e-04,0.00000000e+00,0.00000000e+00,6.22499844e-04,0
29,61,1.10223904e-03,0.00000000e+00,0.00000000e+00,-1.10223904e-03,0
29,62,7.36145056e-04,0.00000000e+00,0.00000000e+00,7.36145056e-04,0
29,63,3.37502990e-04,0.00000000e+00,0.00000000e+00,3.37502990e-04,0
30,0,6.11114580e-04,0.00000000e+00,0.00000000e+00,6.11114580e-04,0
30,1,2.18097044e-04,0.00000000e+00,0.00000000e+00,2.18097044e-04,0
30,2,8.16359199e-05,0.00000000e+00,0.00000000e+00,8.16359199e-05,0
30,3,8.90743258e-04,0.00000000e+00,0.00000000e+00,-8.90743258e-04,0
30,4,4.22423734e-04,0.00000000e+00,0.00000000e+00,-4.22423734e-04,0
30,5,4.06678149e-03,0.00000000e+00,0.00000000e+00,4.06678149e-03,0
30,6,8.14421019e-04,0.00000000e+00,0.00000000e+00,-8.14421019e-04,0
30,7,9.94842358e-03,0.00000000e+00,0.00000000e+00,-9.94842358e-03,0
30,8,1.66710926e-03,0.00000000e+00,0.00000000e+00,1.66710926e-03,0
30,9,9.22323227e-03,0.00000000e+00,0.00000000e+00,9.22323227e-03,0
30,10,2.65073986e-03,0.00000000e+00,0.00000000e+00,-2.65073986e-03,0
30,11,1.82521078e-03,0.00000000e+00,0.00000000e+00,1.82521078e-03,0
30,12,1.42310842e-03,0.00000000e+00,0.00000000e+00,1.42310842e-03,0
30,13,5.06652897e-03,0.00000000e+00,0.00000000e+00,-5.06652897e-03,0
30,14,3.15110600e-03,0.00000000e+00,0.00000000e+00,3.15110600e-03,0
30,15,5.45797542e-03,0.00000000e+00,0.00000000e+00,-5.45797542e-03,0
30,16,7.37867783e-04,0.00000000e+00,0.00000000e+00,-7.37867783e-04,0
30,17,3.65991414e-03,0.00000000e+00,0.00000000e+00,-3.65991414e-03,0
30,18,1.00187115e-03,0.00000000e+00,0.00000000e+00,-1.00187115e-03,0
30,19,1.52592930e-03,0.00000000e+00,0.00000000e+00,1.52592930e-03,0
30,20,2.79086385e-04,0.00000000e+00,0.00000000e+00,2.79086385e-04,0
30,21,3.86560137e-03,0.00000000e+00,0.00000000e+00,-3.86560137e-03,0
30,22,3.05521203e-03,0.00000000e+00,0.00000000e+00,-3.05521203e-03,0
30,23,2.79592887e-03,0.00000000e+00,0.00000000e+00,-2.79592887e-03,0
30,24,7.39175731e-04,0.00000000e+00,0.00000000e+00,-7.39175731e-04,0
30,25,1.14462251e-03,0.00000000e+00,0.00000000e+00,-1.14462251e-03,0
30,26,1.53343280e-03,0.00000000e+00,0.00000000e+00,1.53343280e-03,0
30,27,3.40186188e-03,0.00000000e+00,0.00000000e+00,-3.40186188e-03,0
30,28,6.35699571e-03,0.00000000e+00,0.00000000e+00,6.35699571e-03,0
30,29,4.29521284e-03,0.00000000e+00,0.00000000e+00,4.29521284e-03,0
30,30,1.39496275e-03,0.00000000e+00,0.00000000e+00,1.39496275e-03,0
30,31,2.72778711e-03,0.00000000e+00,0.00000000e+00,2.72778711e-03,0
30,32,3.52901178e-03,0.00000000e+00,0.00000000e+00,-3.52901178e-03,0
30,33,2.72778711e-03,0.00000000e+00,0.00000000e+00,2.72778711e-03,0
30,34,1.39496275e-03,0.00000000e+00,0.00000000e+00,1.39496275e-03,0
30,35,4.29521284e-03,0.00000000e+00,0.00000000e+00,4.29521284e-03,0
30,36,6.35699571e-03,0.00000000e+00,0.00000000e+00,6.35699571e-03,0
30,37,3.40186188e-03,0.00000000e+00,0.00000000e+00,-3.40186188e-03,0
30,38,1.53343280e-03,0.00000000e+00,0.00000000e+00,1.53343280e-03,0
30,39,1.14462251e-03,0.00000000e+00,0.00000000e+00,-1.14462251e-03,0
30,40,7.39175731e-04,0.00000000e+00,0.00000000e+00,-7.39175731e-04,0
30,41,2.79592887e-03,0.00000000e+00,0.00000000e+00,-2.79592887e-03,0
30,42,3.05521203e-03,0.00000000e+00,0.00000000e+00,-3.05521203e-03,0
30,43,3.86560137e-03,0.00000000e+00,0.00000000e+00,-3.86560137e-03,0
30,44,2.79086385e-04,0.00000000e+00,0.00000000e+00,2.79086385e-04,0
30,45,1.52592930e-03,0.00000000e+00,0.00000000e+00,1.52592930e-03,0
30,46,1.00187115e-03,0.00000000e+00,0.00000000e+00,-1.00187115e-03,0
30,47,3.65991414e-03,0.00000000e+00,0.00000000e+00,-3.65991414e-03,0
30,48,7.37867783e-04,0.00000000e+00,0.00000000e+00,-7.37867783e-04,0
30,49,5.45797542e-03,0.00000000e+00,0.00000000e+00,-5.45797542e-03,0
30,50,3.15110600e-03,0.00000000e+00,0.00000000e+00,3.15110600e-03,0
30,51,5.06652897e-03,0.00000000e+00,0.00000000e+00,-5.06652897e-03,0
30,52,1.42310842e-03,0.00000000e+00,0.00000000e+00,1.42310842e-03,0
30,53,1.82521078e-03,0.00000000e+00,0.00000000e+00,1.82521078e-03,0
30,54,2.65073986e-03,0.00000000e+00,0.00000000e+00,-2.65073986e-03,0
30,55,9.22323227e-03,0.00000000e+00,0.00000000e+00,9.22323227e-03,0
30,56,1.66710926e-03,0.00000000e+00,0.00000000e+00,1.66710926e-03,0
30,57,9.94842358e-03,0.00000000e+00,0.00000000e+00,-9.94842358e-03,0
30,58,8.14421019e-04,0.00000000e+00,0.00000000e+00,-8.14421019e-04,0
30,59,4.06678149e-03,0.00000000e+00,0.00000000e+00,4.06678149e-03,0
30,60,4.22423734e-04,0.00000000e+00,0.00000000e+00,-4.22423734e-04,0
30,61,8.90743258e-04,0.00000000e+00,0.00000000e+00,-8.90743258e-04,0
30,62,8.16359199e-05,0.00000000e+00,0.00000000e+00,8.16359199e-05,0
30,63,2.18097044e-04,0.00000000e+00,0.00000000e+00,2.18097044e-04,0
31,0,2.13633783e-03,0.00000000e+00,0.00000000e+00,2.13633783e-03,0
31,1,7.90865212e-04,0.00000000e+00,0.00000000e+00,-7.90865212e-04,0
31,2,1.04987986e-03,0.00000000e+00,0.00000000e+00,-1.04987986e-03,0
31,3,3.20355112e-03,0.00000000e+00,0.00000000e+00,3.20355112e-03,0
31,4,5.84586815e-04,0.00000000e+00,0.00000000e+00,-5.84586815e-04,0
31,5,5.02115157e-03,0.00000000e+00,0.00000000e+00,-5.02115157e-03,0
31,6,9.53877103e-04,0.00000000e+00,0.00000000e+00,9.53877103e-04,0
31,7,1.84954982e-03,0.00000000e+00,0.00000000e+00,1.84954982e-03,0
31,8,6.69406858e-04,0.00000000e+00,0.00000000e+00,6.69406858e-04,0
31,9,5.97761620e-03,0.00000000e+00,0.00000000e+00,5.97761620e-03,0
31,10,4.41468190e-03,0.00000000e+00,0.00000000e+00,-4.41468190e-03,0
31,11,6.58703473e-03,0.00000000e+00,0.00000000e+00,-6.58703473e-03,0
31,12,2.35403633e-03,0.00000000e+00,0.00000000e+00,2.35403633e-03,0
31,13,5.79401978e-03,0.00000000e+00,0.00000000e+00,-5.79401978e-03,0
31,14,2.30516868e-03,0.00000000e+00,0.00000000e+00,2.30516868e-03,0
31,15,2.79742009e-03,0.00000000e+00,0.00000000e+00,-2.79742009e-03,0
31,16,5.50033067e-04,0.00000000e+00,0.00000000e+00,5.50033067e-04,0
31,17,2.07844260e-03,0.00000000e+00,0.00000000e+00,2.07844260e-03,0
31,18,3.12116047e-03,0.00000000e+00,0.00000000e+00,-3.12116047e-03,0
31,19,2.91165690e-03,0.00000000e+00,0.00000000e+00,2.91165690e-03,0
31,20,1.25042714e-03,0.00000000e+00,0.00000000e+00,1.25042714e-03,0
31,21,3.13475168e-03,0.00000000e+00,0.00000000e+00,3.13475168e-03,0
31,22,3.52032427e-03,0.00000000e+00,0.00000000e+00,-3.52032427e-03,0
31,23,4.17363591e-04,0.00000000e+00,0.00000000e+00,-4.17363591e-04,0
31,24,6.13368510e-05,0.00000000e+00,0.00000000e+00,-6.13368510e-05,0
31,25,2.37624707e-03,0.00000000e+00,0.00000000e+00,-2.37624707e-03,0
31,26,2.86462592e-03,0.00000000e+00,0.00000000e+00,-2.86462592e-03,0
31,27,2.83698024e-03,0.00000000e+00,0.00000000e+00,-2.83698024e-03,0
31,28,4.26091666e-04,0.00000000e+00,0.00000000e+00,-4.26091666e-04,0
31,29,5.76621555e-03,0.00000000e+00,0.00000000e+00,-5.76621555e-03,0
31,30,2.72778711e-03,0.00000000e+00,0.00000000e+00,2.72778711e-03,0
31,31,4.84939217e-03,0.00000000e+00,0.00000000e+00,4.84939217e-03,0
31,32,7.62623983e-04,0.00000000e+00,0.00000000e+00,7.62623983e-04,0
31,33,4.84939217e-03,0.00000000e+00,0.00000000e+00,4.84939217e-03,0
31,34,2.72778711e-03,0.00000000e+00,0.00000000e+00,2.72778711e-03,0
31,35,5.76621555e-03,0.00000000e+00,0.00000000e+00,-5.76621555e-03,0
31,36,4.26091666e-04,0.00000000e+00,0.00000000e+00,-4.26091666e-04,0
31,37,2.83698024e-03,0.00000000e+00,0.00000000e+00,-2.83698024e-03,0
31,38,2.86462592e-03,0.00000000e+00,0.00000000e+00,-2.86462592e-03,0
31,39,2.37624707e-03,0.00000000e+00,0.00000000e+00,-2.37624707e-03,0
31,40,6.13368510e-05,0.00000000e+00,0.00000000e+00,-6.13368510e-05,0
31,41,4.17363591e-04,0.00000000e+00,0.00000000e+00,-4.17363591e-04,0
31,42,3.52032427e-03,0.00000000e+00,0.00000000e+00,-3.52032427e-03,0
31,43,3.13475168e-03,0.00000000e+00,0.00000000e+00,3.13475168e-03,0
31,44,1.25042714e-03,0.00000000e+00,0.00000000e+00,1.25042714e-03,0
31,45,2.91165690e-03,0.00000000e+00,0.00000000e+00,2.91165690e-03,0
31,46,3.12116047e-03,0.00000000e+00,0.00000000e+00,-3.12116047e-03,0
31,47,2.07844260e-03,0.00000000e+00,0.00000000e+00,2.07844260e-03,0
31,48,5.50033067e-04,0.00000000e+00,0.00000000e+00,5.50033067e-04,0
31,49,2.79742009e-03,0.00000000e+00,0.00000000e+00,-2.79742009e-03,0
31,50,2.30516868e-03,0.00000000e+00,0.00000000e+00,2.30516868e-03,0
31,51,5.79401978e-03,0.00000000e+00,0.00000000e+00,-5.79401978e-03,0
31,52,2.35403633e-03,0.00000000e+00,0.00000000e+00,2.35403633e-03,0
31,53,6.58703473e-03,0.00000000e+00,0.00000000e+00,-6.58703473e-03,0
31,54,4.41468190e-03,0.00000000e+00,0.00000000e+00,-4.41468190e-03,0
31,55,5.97761620e-03,0.00000000e+00,0.00000000e+00,5.97761620e-03,0
31,56,6.69406858e-04,0.00000000e+00,0.00000000e+00,6.69406858e-04,0
31,57,1.84954982e-03,0.00000000e+00,0.00000000e+00,1.84954982e-03,0
31,58,9.53877103e-04,0.00000000e+00,0.00000000e+00,9.53877103e-04,0
31,59,5.02115157e-03,0.00000000e+00,0.00000000e+00,-5.02115157e-03,0
31,60,5.84586815e-04,0.00000000e+00,0.00000000e+00,-5.84586815e-04,0
31,61,3.20355112e-03,0.00000000e+00,0.00000000e+00,3.20355112e-03,0
31,62,1.04987986e-03,0.00000000e+00,0.00000000e+00,-1.04987986e-03,0
31,63,7.90865212e-04,0.00000000e+00,0.00000000e+00,-7.90865212e-04,0
32,0,3.49571622e-03,0.00000000e+00,0.00000000e+00,3.49571622e-03,0
32,1,4.78358428e-04,0.00000000e+00,0.00000000e+00,-4.78358428e-04,0
32,2,2.95918706e-03,0.00000000e+00,0.00000000e+00,-2.95918706e-03,0
32,3,1.95403153e-03,0.00000000e+00,0.00000000e+00,1.95403153e-03,0
32,4,3.17355411e-03,0.00000000e+00,0.00000000e+00,3.17355411e-03,0
32,5,4.05826442e-03,0.00000000e+00,0.00000000e+00,-4.05826442e-03,0
32,6,5.70733749e-03,0.00000000e+00,0.00000000e+00,-5.70733749e-03,0
32,7,9.60692444e-03,0.00000000e+00,0.00000000e+00,9.60692444e-03,0
32,8,7.31017046e-03,0.00000000e+00,0.00000000e+00,7.31017046e-03,0
32,9,1.73957560e-02,0.00000000e+00,0.00000000e+00,-1.73957560e-02,0
32,10,5.73536298e-06,0.00000000e+00,0.00000000e+00,-5.73536298e-06,0
32,11,3.23578254e-03,0.00000000e+00,0.00000000e+00,3.23578254e-03,0
32,12,1.10633066e-02,0.00000000e+00,0.00000000e+00,-1.10633066e-02,0
32,13,1.61433632e-02,0.00000000e+00,0.00000000e+00,1.61433632e-02,0
32,14,5.75766548e-03,0.00000000e+00,0.00000000e+00,-5.75766548e-03,0
32,15,1.00722611e-02,0.00000000e+00,0.00000000e+00,1.00722611e-02,0
32,16,5.47825730e-03,0.00000000e+00,0.00000000e+00,5.47825730e-03,0
32,17,1.10017702e-03,0.00000000e+00,0.00000000e+00,1.10017702e-03,0
32,18,4.43477432e-03,0.00000000e+00,0.00000000e+00,4.43477432e-03,0
32,19,7.09282075e-04,0.00000000e+00,0.00000000e+00,-7.09282075e-04,0
32,20,8.66300674e-03,0.00000000e+00,0.00000000e+00,8.66300674e-03,0
32,21,6.73017336e-03,0.00000000e+00,0.00000000e+00,6.73017336e-03,0
32,22,6.91591773e-03,0.00000000e+00,0.00000000e+00,6.91591773e-03,0
32,23,4.78785573e-03,0.00000000e+00,0.00000000e+00,4.78785573e-03,0
32,24,8.39107541e-03,0.00000000e+00,0.00000000e+00,8.39107541e-03,0
32,25,5.85127121e-03,0.00000000e+00,0.00000000e+00,5.85127121e-03,0
32,26,5.44175683e-03,0.00000000e+00,0.00000000e+00,-5.44175683e-03,0
32,27,1.20787594e-02,0.00000000e+00,0.00000000e+00,1.20787594e-02,0
32,28,2.12168952e-03,0.00000000e+00,0.00000000e+00,2.12168952e-03,0
32,29,1.53621092e-02,0.00000000e+00,0.00000000e+00,-1.53621092e-02,0
32,30,3.52901178e-03,0.00000000e+00,0.00000000e+00,-3.52901178e-03,0
32,31,7.62623983e-04,0.00000000e+00,0.00000000e+00,7.62623983e-04,0
32,32,1.14222607e-02,0.00000000e+00,0.00000000e+00,-1.14222607e-02,0
32,33,7.62623983e-04,0.00000000e+00,0.00000000e+00,7.62623983e-04,0
32,34,3.52901178e-03,0.00000000e+00,0.00000000e+00,-3.52901178e-03,0
32,35,1.53621092e-02,0.00000000e+00,0.00000000e+00,-1.53621092e-02,0
32,36,2.12168952e-03,0.00000000e+00,0.00000000e+00,2.12168952e-03,0
32,37,1.20787594e-02,0.00000000e+00,0.00000000e+00,1.20787594e-02,0
32,38,5.44175683e-03,0.00000000e+00,0.00000000e+00,-5.44175683e-03,0
32,39,5.85127121e-03,0.00000000e+00,0.00000000e+00,5.85127121e-03,0
32,40,8.39107541e-03,0.00000000e+00,0.00000000e+00,8.39107541e-03,0
32,41,4.78785573e-03,0.00000000e+00,0.00000000e+00,4.78785573e-03,0
32,42,6.91591773e-03,0.00000000e+00,0.00000000e+00,6.91591773e-03,0
32,43,6.73017336e-03,0.00000000e+00,0.00000000e+00,6.73017336e-03,0
32,44,8.66300674e-03,0.00000000e+00,0.00000000e+00,8.66300674e-03,0
32,45,7.09282075e-04,0.00000000e+00,0.00000000e+00,-7.09282075e-04,0
32,46,4.43477432e-03,0.00000000e+00,0.00000000e+00,4.43477432e-03,0
32,47,1.10017702e-03,0.00000000e+00,0.00000000e+00,1.10017702e-03,0
32,48,5.47825730e-03,0.00000000e+00,0.00000000e+00,5.47825730e-03,0
32,49,1.00722611e-02,0.00000000e+00,0.00000000e+00,1.00722611e-02,0
32,50,5.75766548e-03,0.00000000e+00,0.00000000e+00,-5.75766548e-03,0
32,51,1.61433632e-02,0.00000000e+00,0.00000000e+00,1.61433632e-02,0
32,52,1.10633066e-02,0.00000000e+00,0.00000000e+00,-1.10633066e-02,0
32,53,3.23578254e-03,0.00000000e+00,0.00000000e+00,3.23578254e-03,0
32,54,5.73536298e-06,0.00000000e+00,0.00000000e+00,-5.73536298e-06,0
32,55,1.73957560e-02,0.00000000e+00,0.00000000e+00,-1.73957560e-02,0
32,56,7.31017046e-03,0.00000000e+00,0.00000000e+00,7.31017046e-03,0
32,57,9.60692444e-03,0.00000000e+00,0.00000000e+00,9.60692444e-03,0
32,58,5.70733749e-03,0.00000000e+00,0.00000000e+00,-5.70733749e-03,0
32,59,4.05826442e-03,0.00000000e+00,0.00000000e+00,-4.05826442e-03,0
32,60,3.17355411e-03,0.00000000e+00,0.00000000e+00,3.17355411e-03,0
32,61,1.95403153e-03,0.00000000e+00,0.00000000e+00,1.95403153e-03,0
32,62,2.95918706e-03,0.00000000e+00,0.00000000e+00,-2.95918706e-03,0
32,63,4.78358428e-04,0.00000000e+00,0.00000000e+00,-4.78358428e-04,0
33,0,2.13633783e-03,0.00000000e+00,0.00000000e+00,2.13633783e-03,0
33,1,7.90865212e-04,0.00000000e+00,0.00000000e+00,-7.90865212e-04,0
33,2,1.04987986e-03,0.00000000e+00,0.00000000e+00,-1.04987986e-03,0
33,3,3.20355112e-03,0.00000000e+00,0.00000000e+00,3.20355112e-03,0
33,4,5.84586815e-04,0.00000000e+00,0.00000000e+00,-5.84586815e-04,0
33,5,5.02115157e-03,0.00000000e+00,0.00000000e+00,-5.02115157e-03,0
33,6,9.53877103e-04,0.00000000e+00,0.00000000e+00,9.53877103e-04,0
33,7,1.84954982e-03,0.00000000e+00,0.00000000e+00,1.84954982e-03,0
33,8,6.69406858e-04,0.00000000e+00,0.00000000e+00,6.69406858e-04,0
33,9,5.97761620e-03,0.00000000e+00,0.00000000e+00,5.97761620e-03,0
33,10,4.41468190e-03,0.00000000e+00,0.00000000e+00,-4.41468190e-03,0
33,11,6.58703473e-03,0.00000000e+00,0.00000000e+00,-6.58703473e-03,0
33,12,2.35403633e-03,0.00000000e+00,0.00000000e+00,2.35403633e-03,0
33,13,5.79401978e-03,0.00000000e+00,0.00000000e+00,-5.79401978e-03,0
33,14,2.30516868e-03,0.00000000e+00,0.00000000e+00,2.30516868e-03,0
33,15,2.79742009e-03,0.00000000e+00,0.00000000e+00,-2.79742009e-03,0
33,16,5.50033067e-04,0.00000000e+00,0.00000000e+00,5.50033067e-04,0
33,17,2.07844260e-03,0.00000000e+00,0.00000000e+00,2.07844260e-03,0
33,18,3.12116047e-03,0.00000000e+00,0.00000000e+00,-3.12116047e-03,0
33,19,2.91165690e-03,0.00000000e+00,0.00000000e+00,2.91165690e-03,0
33,20,1.25042714e-03,0.00000000e+00,0.00000000e+00,1.25042714e-03,0
33,21,3.13475168e-03,0.00000000e+00,0.00000000e+00,3.13475168e-03,0
33,22,3.52032427e-03,0.00000000e+00,0.00000000e+00,-3.52032427e-03,0
33,23,4.17363591e-04,0.00000000e+00,0.00000000e+00,-4.17363591e-04,0
33,24,6.13368510e-05,0.00000000e+00,0.00000000e+00,-6.13368510e-05,0
33,25,2.37624707e-03,0.00000000e+00,0.00000000e+00,-2.37624707e-03,0
33,26,2.86462592e-03,0.00000000e+00,0.00000000e+00,-2.86462592e-03,0
33,27,2.83698024e-03,0.00000000e+00,0.00000000e+00,-2.83698024e-03,0
33,28,4.26091666e-04,0.00000000e+00,0.00000000e+00,-4.26091666e-04,0
33,29,5.76621555e-03,0.00000000e+00,0.00000000e+00,-5.76621555e-03,0
33,30,2.72778711e-03,0.00000000e+00,0.00000000e+00,2.72778711e-03,0
33,31,4.84939217e-03,0.00000000e+00,0.00000000e+00,4.84939217e-03,0
33,32,7.62623983e-04,0.00000000e+00,0.00000000e+00,7.62623983e-04,0
33,33,4.84939217e-03,0.00000000e+00,0.00000000e+00,4.84939217e-03,0
33,34,2.72778711e-03,0.00000000e+00,0.00000000e+00,2.72778711e-03,0
33,35,5.76621555e-03,0.00000000e+00,0.00000000e+00,-5.76621555e-03,0
33,36,4.26091666e-04,0.00000000e+00,0.00000000e+00,-4.26091666e-04,0
33,37,2.83698024e-03,0.00000000e+00,0.00000000e+00,-2.83698024e-03,0
33,38,2.86462592e-03,0.00000000e+00,0.00000000e+00,-2.86462592e-03,0
33,39,2.37624707e-03,0.00000000e+00,0.00000000e+00,-2.37624707e-03,0
33,40,6.13368510e-05,0.00000000e+00,0.00000000e+00,-6.13368510e-05,0
33,41,4.17363591e-04,0.00000000e+00,0.00000000e+00,-4.17363591e-04,0
33,42,3.52032427e-03,0.00000000e+00,0.00000000e+00,-3.52032427e-03,0
33,43,3.13475168e-03,0.00000000e+00,0.00000000e+00,3.13475168e-03,0
33,44,1.25042714e-03,0.00000000e+00,0.00000000e+00,1.25042714e-03,0
33,45,2.91165690e-03,0.00000000e+00,0.00000000e+00,2.91165690e-03,0
33,46,3.12116047e-03,0.00000000e+00,0.00000000e+00,-3.12116047e-03,0
33,47,2.07844260e-03,0.00000000e+00,0.00000000e+00,2.07844260e-03,0
33,48,5.50033067e-04,0.00000000e+00,0.00000000e+00,5.50033067e-04,0
33,49,2.79742009e-03,0.00000000e+00,0.00000000e+00,-2.79742009e-03,0
33,50,2.30516868e-03,0.00000000e+00,0.00000000e+00,2.30516868e-03,0
33,51,5.79401978e-03,0.00000000e+00,0.00000000e+00,-5.79401978e-03,0
33,52,2.35403633e-03,0.00000000e+00,0.00000000e+00,2.35403633e-03,0
33,53,6.58703473e-03,0.00000000e+00,0.00000000e+00,-6.58703473e-03,0
33,54,4.41468190e-03,0.00000000e+00,0.00000000e+00,-4.41468190e-03,0
33,55,5.97761620e-03,0.00000000e+00,0.00000000e+00,5.97761620e-03,0
33,56,6.69406858e-04,0.00000000e+00,0.00000000e+00,6.69406858e-04,0
33,57,1.84954982e-03,0.00000000e+00,0.00000000e+00,1.84954982e-03,0
33,58,9.53877103e-04,0.00000000e+00,0.00000000e+00,9.53877103e-04,0
33,59,5.02115157e-03,0.00000000e+00,0.00000000e+00,-5.02115157e-03,0
33,60,5.84586815e-04,0.00000000e+00,0.00000000e+00,-5.84586815e-04,0
33,61,3.20355112e-03,0.00000000e+00,0.00000000e+00,3.20355112e-03,0
33,62,1.04987986e-03,0.00000000e+00,0.00000000e+00,-1.04987986e-03,0
33,63,7.90865212e-04,0.00000000e+00,0.00000000e+00,-7.90865212e-04,0
34,0,6.11114580e-04,0.00000000e+00,0.00000000e+00,6.11114580e-04,0
34,1,2.18097044e-04,0.00000000e+00,0.00000000e+00,2.18097044e-04,0
34,2,8.16359199e-05,0.00000000e+00,0.00000000e+00,8.16359199e-05,0
34,3,8.90743258e-04,0.00000000e+00,0.00000000e+00,-8.90743258e-04,0
34,4,4.22423734e-04,0.00000000e+00,0.00000000e+00,-4.22423734e-04,0
34,5,4.06678149e-03,0.00000000e+00,0.00000000e+00,4.06678149e-03,0
34,6,8.14421019e-04,0.00000000e+00,0.00000000e+00,-8.14421019e-04,0
34,7,9.94842358e-03,0.00000000e+00,0.00000000e+00,-9.94842358e-03,0
34,8,1.66710926e-03,0.00000000e+00,0.00000000e+00,1.66710926e-03,0
34,9,9.22323227e-03,0.00000000e+00,0.00000000e+00,9.22323227e-03,0
34,10,2.65073986e-03,0.00000000e+00,0.00000000e+00,-2.65073986e-03,0
34,11,1.82521078e-03,0.00000000e+00,0.00000000e+00,1.82521078e-03,0
34,12,1.42310842e-03,0.00000000e+00,0.00000000e+00,1.42310842e-03,0
34,13,5.06652897e-03,0.00000000e+00,0.00000000e+00,-5.06652897e-03,0
34,14,3.15110600e-03,0.00000000e+00,0.00000000e+00,3.15110600e-03,0
34,15,5.45797542e-03,0.00000000e+00,0.00000000e+00,-5.45797542e-03,0
34,16,7.37867783e-04,0.00000000e+00,0.00000000e+00,-7.37867783e-04,0
34,17,3.65991414e-03,0.00000000e+00,0.00000000e+00,-3.65991414e-03,0
34,18,1.00187115e-03,0.00000000e+00,0.00000000e+00,-1.00187115e-03,0
34,19,1.52592930e-03,0.00000000e+00,0.00000000e+00,1.52592930e-03,0
34,20,2.79086385e-04,0.00000000e+00,0.00000000e+00,2.79086385e-04,0
34,21,3.86560137e-03,0.00000000e+00,0.00000000e+00,-3.86560137e-03,0
34,22,3.05521203e-03,0.00000000e+00,0.00000000e+00,-3.05521203e-03,0
34,23,2.79592887e-03,0.00000000e+00,0.00000000e+00,-2.79592887e-03,0
34,24,7.39175731e-04,0.00000000e+00,0.00000000e+00,-7.39175731e-04,0
34,25,1.14462251e-03,0.00000000e+00,0.00000000e+00,-1.14462251e-03,0
34,26,1.53343280e-03,0.00000000e+00,0.00000000e+00,1.53343280e-03,0
34,27,3.40186188e-03,0.00000000e+00,0.00000000e+00,-3.40186188e-03,0
34,28,6.35699571e-03,0.00000000e+00,0.00000000e+00,6.35699571e-03,0
34,29,4.29521284e-03,0.00000000e+00,0.00000000e+00,4.29521284e-03,0
34,30,1.39496275e-03,0.00000000e+00,0.00000000e+00,1.39496275e-03,0
34,31,2.72778711e-03,0.00000000e+00,0.00000000e+00,2.72778711e-03,0
34,32,3.52901178e-03,0.00000000e+00,0.00000000e+00,-3.52901178e-03,0
34,33,2.72778711e-03,0.00000000e+00,0.00000000e+00,2.72778711e-03,0
34,34,1.39496275e-03,0.00000000e+00,0.00000000e+00,1.39496275e-03,0
34,35,4.29521284e-03,0.00000000e+00,0.00000000e+00,4.29521284e-03,0
34,36,6.35699571e-03,0.00000000e+00,0.00000000e+00,6.35699571e-03,0
34,37,3.40186188e-03,0.00000000e+00,0.00000000e+00,-3.40186188e-03,0
34,38,1.53343280e-03,0.00000000e+00,0.00000000e+00,1.53343280e-03,0
34,39,1.14462251e-03,0.00000000e+00,0.00000000e+00,-1.14462251e-03,0
34,40,7.39175731e-04,0.00000000e+00,0.00000000e+00,-7.39175731e-04,0
34,41,2.79592887e-03,0.00000000e+00,0.00000000e+00,-2.79592887e-03,0
34,42,3.05521203e-03,0.00000000e+00,0.00000000e+00,-3.05521203e-03,0
34,43,3.86560137e-03,0.00000000e+00,0.00000000e+00,-3.86560137e-03,0
34,44,2.79086385e-04,0.00000000e+00,0.00000000e+00,2.79086385e-04,0
34,45,1.52592930e-03,0.00000000e+00,0.00000000e+00,1.52592930e-03,0
34,46,1.00187115e-03,0.00000000e+00,0.00000000e+00,-1.00187115e-03,0
34,47,3.65991414e-03,0.00000000e+00,0.00000000e+00,-3.65991414e-03,0
34,48,7.37867783e-04,0.00000000e+00,0.00000000e+00,-7.37867783e-04,0
34,49,5.45797542e-03,0.00000000e+00,0.00000000e+00,-5.45797542e-03,0
34,50,3.15110600e-03,0.00000000e+00,0.00000000e+00,3.15110600e-03,0
34,51,5.06652897e-03,0.00000000e+00,0.00000000e+00,-5.06652897e-03,0
34,52,1.42310842e-03,0.00000000e+00,0.00000000e+00,1.42310842e-03,0
34,53,1.82521078e-03,0.00000000e+00,0.00000000e+00,1.82521078e-03,0
34,54,2.65073986e-03,0.00000000e+00,0.00000000e+00,-2.65073986e-03,0
34,55,9.22323227e-03,0.00000000e+00,0.00000000e+00,9.22323227e-03,0
34,56,1.66710926e-03,0.00000000e+00,0.00000000e+00,1.66710926e-03,0
34,57,9.94842358e-03,0.00000000e+00,0.00000000e+00,-9.94842358e-03,0
34,58,8.14421019e-04,0.00000000e+00,0.00000000e+00,-8.14421019e-04,0
34,59,4.06678149e-03,0.00000000e+00,0.00000000e+00,4.06678149e-03,0
34,60,4.22423734e-04,0.00000000e+00,0.00000000e+00,-4.22423734e-04,0
34,61,8.90743258e-04,0.00000000e+00,0.00000000e+00,-8.90743258e-04,0
34,62,8.16359199e-05,0.00000000e+00,0.00000000e+00,8.16359199e-05,0
34,63,2.18097044e-04,0.00000000e+00,0.00000000e+00,2.18097044e-04,0
35,0,7.95316417e-04,0.00000000e+00,0.00000000e+00,-7.95316417e-04,0
35,1,3.37502990e-04,0.00000000e+00,0.00000000e+00,3.37502990e-04,0
35,2,7.36145056e-04,0.00000000e+00,0.00000000e+00,7.36145056e-04,0
35,3,1.10223904e-03,0.00000000e+00,0.00000000e+00,-1.10223904e-03,0
35,4,6.22499844e-04,0.00000000e+00,0.00000000e+00,6.22499844e-04,0
35,5,2.20647796e-03,0.00000000e+00,0.00000000e+00,2.20647796e-03,0
35,6,1.06921797e-03,0.00000000e+00,0.00000000e+00,-1.06921797e-03,0
35,7,5.28830200e-05,0.00000000e+00,0.00000000e+00,-5.28830200e-05,0
35,8,6.02184950e-03,0.00000000e+00,0.00000000e+00,-6.02184950e-03,0
35,9,8.11638776e-03,0.00000000e+00,0.00000000e+00,-8.11638776e-03,0
35,10,1.01451711e-02,0.00000000e+00,0.00000000e+00,1.01451711e-02,0
35,11,3.41370064e-03,0.00000000e+00,0.00000000e+00,3.41370064e-03,0
35,12,1.13146161e-03,0.00000000e+00,0.00000000e+00,1.13146161e-03,0
35,13,8.60461726e-03,0.00000000e+00,0.00000000e+00,8.60461726e-03,0
35,14,3.09396557e-03,0.00000000e+00,0.00000000e+00,-3.09396557e-03,0
35,15,7.41440927e-03,0.00000000e+00,0.00000000e+00,7.41440927e-03,0
35,16,5.10744549e-03,0.00000000e+00,0.00000000e+00,-5.10744549e-03,0
35,17,2.75811280e-03,0.00000000e+00,0.00000000e+00,-2.75811280e-03,0
35,18,9.84016326e-04,0.00000000e+00,0.00000000e+00,9.84016326e-04,0
35,19,1.21689960e-03,0.00000000e+00,0.00000000e+00,-1.21689960e-03,0
35,20,2.34245408e-03,0.00000000e+00,0.00000000e+00,-2.34245408e-03,0
35,21,9.87405570e-04,0.00000000e+00,0.00000000e+00,-9.87405570e-04,0
35,22,1.08270761e-03,0.00000000e+00,0.00000000e+00,1.08270761e-03,0
35,23,2.51600174e-03,0.00000000e+00,0.00000000e+00,-2.51600174e-03,0
35,24,1.43929043e-03,0.00000000e+00,0.00000000e+00,1.43929043e-03,0
35,25,1.78579620e-03,0.00000000e+00,0.00000000e+00,1.78579620e-03,0
35,26,1.54029864e-03,0.00000000e+00,0.00000000e+00,1.54029864e-03,0
35,27,5.20345555e-03,0.00000000e+00,0.00000000e+00,5.20345555e-03,0
35,28,1.09177718e-03,0.00000000e+00,0.00000000e+00,1.09177718e-03,0
35,29,7.94091103e-03,0.00000000e+00,0.00000000e+00,7.94091103e-03,0
35,30,4.29521284e-03,0.00000000e+00,0.00000000e+00,4.29521284e-03,0
35,31,5.76621555e-03,0.00000000e+00,0.00000000e+00,-5.76621555e-03,0
35,32,1.53621092e-02,0.00000000e+00,0.00000000e+00,-1.53621092e-02,0
35,33,5.76621555e-03,0.00000000e+00,0.00000000e+00,-5.76621555e-03,0
35,34,4.29521284e-03,0.00000000e+00,0.00000000e+00,4.29521284e-03,0
35,35,7.94091103e-03,0.00000000e+00,0.00000000e+00,7.94091103e-03,0
35,36,1.09177718e-03,0.00000000e+00,0.00000000e+00,1.09177718e-03,0
35,37,5.20345555e-03,0.00000000e+00,0.00000000e+00,5.20345555e-03,0
35,38,1.54029864e-03,0.00000000e+00,0.00000000e+00,1.54029864e-03,0
35,39,1.78579620e-03,0.00000000e+00,0.00000000e+00,1.78579620e-03,0
35,40,1.43929043e-03,0.00000000e+00,0.00000000e+00,1.43929043e-03,0
35,41,2.51600174e-03,0.00000000e+00,0.00000000e+00,-2.51600174e-03,0
35,42,1.08270761e-03,0.00000000e+00,0.00000000e+00,1.08270761e-03,0
35,43,9.87405570e-04,0.00000000e+00,0.00000000e+00,-9.87405570e-04,0
35,44,2.34245408e-03,0.00000000e+00,0.00000000e+00,-2.34245408e-03,0
35,45,1.21689960e-03,0.00000000e+00,0.00000000e+00,-1.21689960e-03,0
35,46,9.84016326e-04,0.00000000e+00,0.00000000e+00,9.84016326e-04,0
35,47,2.75811280e-03,0.00000000e+00,0.00000000e+00,-2.75811280e-03,0
35,48,5.10744549e-03,0.00000000e+00,0.00000000e+00,-5.10744549e-03,0
35,49,7.41440927e-03,0.00000000e+00,0.00000000e+00,7.41440927e-03,0
35,50,3.09396557e-03,0.00000000e+00,0.00000000e+00,-3.09396557e-03,0
35,51,8.60461726e-03,0.00000000e+00,0.00000000e+00,8.60461726e-03,0
35,52,1.13146161e-03,0.00000000e+00,0.00000000e+00,1.13146161e-03,0
35,53,3.41370064e-03,0.00000000e+00,0.00000000e+00,3.41370064e-03,0
35,54,1.01451711e-02,0.00000000e+00,0.00000000e+00,1.01451711e-02,0
35,55,8.11638776e-03,0.00000000e+00,0.00000000e+00,-8.11638776e-03,0
35,56,6.02184950e-03,0.00000000e+00,0.00000000e+00,-6.02184950e-03,0
35,57,5.28830200e-05,0.00000000e+00,0.00000000e+00,-5.28830200e-05,0
35,58,1.06921797e-03,0.00000000e+00,0.00000000e+00,-1.06921797e-03,0
35,59,2.20647796e-03,0.00000000e+00,0.00000000e+00,2.20647796e-03,0
35,60,6.22499844e-04,0.00000000e+00,0.00000000e+00,6.22499844e-04,0
35,61,1.10223904e-03,0.00000000e+00,0.00000000e+00,-1.10223904e-03,0
35,62,7.36145056e-04,0.00000000e+00,0.00000000e+00,7.36145056e-04,0
35,63,3.37502990e-04,0.00000000e+00,0.00000000e+00,3.37502990e-04,0
36,0,3.63373369e-03,0.00000000e+00,0.00000000e+00,-3.63373369e-03,0
36,1,1.09899441e-03,0.00000000e+00,0.00000000e+00,1.09899441e-03,0
36,2,5.28430136e-03,0.00000000e+00,0.00000000e+00,5.28430136e-03,0
36,3,3.60191714e-03,0.00000000e+00,0.00000000e+00,-3.60191714e-03,0
36,4,7.88851771e-03,0.00000000e+00,0.00000000e+00,-7.88851771e-03,0
36,5,6.43646283e-03,0.00000000e+00,0.00000000e+00,6.43646283e-03,0
36,6,6.62512836e-03,0.00000000e+00,0.00000000e+00,6.62512836e-03,0
36,7,6.84050756e-03,0.00000000e+00,0.00000000e+00,-6.84050756e-03,0
36,8,1.05817055e-03,0.00000000e+00,0.00000000e+00,-1.05817055e-03,0
36,9,6.42315377e-04,0.00000000e+00,0.00000000e+00,6.42315377e-04,0
36,10,3.79997993e-03,0.00000000e+00,0.00000000e+00,-3.79997993e-03,0
36,11,4.42560076e-03,0.00000000e+00,0.00000000e+00,4.42560076e-03,0
36,12,2.99828695e-03,0.00000000e+00,0.00000000e+00,2.99828695e-03,0
36,13,1.63238920e-03,0.00000000e+00,0.00000000e+00,-1.63238920e-03,0
36,14,1.20950472e-03,0.00000000e+00,0.00000000e+00,1.20950472e-03,0
36,15,1.84125986e-03,0.00000000e+00,0.00000000e+00,-1.84125986e-03,0
36,16,2.33569717e-03,0.00000000e+00,0.00000000e+00,-2.33569717e-03,0
36,17,8.34817496e-05,0.00000000e+00,0.00000000e+00,-8.34817496e-05,0
36,18,3.22567482e-03,0.00000000e+00,0.00000000e+00,-3.22567482e-03,0
36,19,1.64795471e-03,0.00000000e+00,0.00000000e+00,-1.64795471e-03,0
36,20,5.67177681e-03,0.00000000e+00,0.00000000e+00,-5.67177681e-03,0
36,21,2.64353372e-03,0.00000000e+00,0.00000000e+00,2.64353372e-03,0
36,22,6.05473544e-03,0.00000000e+00,0.00000000e+00,-6.05473544e-03,0
36,23,2.82187986e-03,0.00000000e+00,0.00000000e+00,2.82187986e-03,0
36,24,5.87109283e-03,0.00000000e+00,0.00000000e+00,-5.87109283e-03,0
36,25,3.46311776e-04,0.00000000e+00,0.00000000e+00,-3.46311776e-04,0
36,26,4.84553188e-03,0.00000000e+00,0.00000000e+00,4.84553188e-03,0
36,27,7.63974510e-03,0.00000000e+00,0.00000000e+00,-7.63974510e-03,0
36,28,3.52294431e-03,0.00000000e+00,0.00000000e+00,-3.52294431e-03,0
36,29,1.09177718e-03,0.00000000e+00,0.00000000e+00,1.09177718e-03,0
36,30,6.35699571e-03,0.00000000e+00,0.00000000e+00,6.35699571e-03,0
36,31,4.26091666e-04,0.00000000e+00,0.00000000e+00,-4.26091666e-04,0
36,32,2.12168952e-03,0.00000000e+00,0.00000000e+00,2.12168952e-03,0
36,33,4.26091666e-04,0.00000000e+00,0.00000000e+00,-4.26091666e-04,0
36,34,6.35699571e-03,0.00000000e+00,0.00000000e+00,6.35699571e-03,0
36,35,1.09177718e-03,0.00000000e+00,0.00000000e+00,1.09177718e-03,0
36,36,3.52294431e-03,0.00000000e+00,0.00000000e+00,-3.52294431e-03,0
36,37,7.63974510e-03,0.00000000e+00,0.00000000e+00,-7.63974510e-03,0
36,38,4.84553188e-03,0.00000000e+00,0.00000000e+00,4.84553188e-03,0
36,39,3.46311776e-04,0.00000000e+00,0.00000000e+00,-3.46311776e-04,0
36,40,5.87109283e-03,0.00000000e+00,0.00000000e+00,-5.87109283e-03,0
36,41,2.82187986e-03,0.00000000e+00,0.00000000e+00,2.82187986e-03,0
36,42,6.05473544e-03,0.00000000e+00,0.00000000e+00,-6.05473544e-03,0
36,43,2.64353372e-03,0.00000000e+00,0.00000000e+00,2.64353372e-03,0
36,44,5.67177681e-03,0.00000000e+00,0.00000000e+00,-5.67177681e-03,0
36,45,1.64795471e-03,0.00000000e+00,0.00000000e+00,-1.64795471e-03,0
36,46,3.22567482e-03,0.00000000e+00,0.00000000e+00,-3.22567482e-03,0
36,47,8.34817496e-05,0.00000000e+00,0.00000000e+00,-8.34817496e-05,0
36,48,2.33569717e-03,0.00000000e+00,0.00000000e+00,-2.33569717e-03,0
36,49,1.84125986e-03,0.00000000e+00,0.00000000e+00,-1.84125986e-03,0
36,50,1.20950472e-03,0.00000000e+00,0.00000000e+00,1.20950472e-03,0
36,51,1.63238920e-03,0.00000000e+00,0.00000000e+00,-1.63238920e-03,0
36,52,2.99828695e-03,0.00000000e+00,0.00000000e+00,2.99828695e-03,0
36,53,4.42560076e-03,0.00000000e+00,0.00000000e+00,4.42560076e-03,0
36,54,3.79997993e-03,0.00000000e+00,0.00000000e+00,-3.79997993e-03,0
36,55,6.42315377e-04,0.00000000e+00,0.00000000e+00,6.42315377e-04,0
36,56,1.05817055e-03,0.00000000e+00,0.00000000e+00,-1.05817055e-03,0
36,57,6.84050756e-03,0.00000000e+00,0.00000000e+00,-6.84050756e-03,0
36,58,6.62512836e-03,0.00000000e+00,0.00000000e+00,6.62512836e-03,0
36,59,6.43646283e-03,0.00000000e+00,0.00000000e+00,6.43646283e-03,0
36,60,7.88851771e-03,0.00000000e+00,0.00000000e+00,-7.88851771e-03,0
36,61,3.60191714e-03,0.00000000e+00,0.00000000e+00,-3.60191714e-03,0
36,62,5.28430136e-03,0.00000000e+00,0.00000000e+00,5.28430136e-03,0
36,63,1.09899441e-03,0.00000000e+00,0.00000000e+00,1.09899441e-03,0
37,0,2.27086563e-03,0.00000000e+00,0.00000000e+00,-2.27086563e-03,0
37,1,6.63685967e-04,0.00000000e+00,0.00000000e+00,-6.63685967e-04,0
37,2,3.14213918e-03,0.00000000e+00,0.00000000e+00,3.14213918e-03,0
37,3,2.27623940e-03,0.00000000e+00,0.00000000e+00,2.27623940e-03,0
37,4,3.31727619e-03,0.00000000e+00,0.00000000e+00,-3.31727619e-03,0
37,5,3.00666286e-03,0.00000000e+00,0.00000000e+00,-3.00666286e-03,0
37,6,6.92573210e-04,0.00000000e+00,0.00000000e+00,-6.92573210e-04,0
37,7,7.15933761e-04,0.00000000e+00,0.00000000e+00,7.15933761e-04,0
37,8,4.30640193e-03,0.00000000e+00,0.00000000e+00,4.30640193e-03,0
37,9,1.79778695e-03,0.00000000e+00,0.00000000e+00,-1.79778695e-03,0
37,10,2.75811683e-03,0.00000000e+00,0.00000000e+00,-2.75811683e-03,0
37,11,5.14169598e-03,0.00000000e+00,0.00000000e+00,5.14169598e-03,0
37,12,2.19916895e-03,0.00000000e+00,0.00000000e+00,-2.19916895e-03,0
37,13,3.19186604e-03,0.00000000e+00,0.00000000e+00,3.19186604e-03,0
37,14,8.51421162e-04,0.00000000e+00,0.00000000e+00,8.51421162e-04,0
37,15,2.46628406e-03,0.00000000e+00,0.00000000e+00,-2.46628406e-03,0
37,16,4.21697146e-03,0.00000000e+00,0.00000000e+00,4.21697146e-03,0
37,17,4.02682352e-03,0.00000000e+00,0.00000000e+00,-4.02682352e-03,0
37,18,5.03865867e-03,0.00000000e+00,0.00000000e+00,5.03865867e-03,0
37,19,5.48036143e-03,0.00000000e+00,0.00000000e+00,-5.48036143e-03,0
37,20,3.92427385e-03,0.00000000e+00,0.00000000e+00,3.92427385e-03,0
37,21,9.44946660e-03,0.00000000e+00,0.00000000e+00,-9.44946660e-03,0
37,22,5.93397848e-03,0.00000000e+00,0.00000000e+00,5.93397848e-03,0
37,23,2.52598987e-03,0.00000000e+00,0.00000000e+00,-2.52598987e-03,0
37,24,1.41018962e-03,0.00000000e+00,0.00000000e+00,1.41018962e-03,0
37,25,4.13314855e-03,0.00000000e+00,0.00000000e+00,-4.13314855e-03,0
37,26,1.53196305e-03,0.00000000e+00,0.00000000e+00,1.53196305e-03,0
37,27,9.43557224e-03,0.00000000e+00,0.00000000e+00,9.43557224e-03,0
37,28,7.63974510e-03,0.00000000e+00,0.00000000e+00,-7.63974510e-03,0
37,29,5.20345555e-03,0.00000000e+00,0.00000000e+00,5.20345555e-03,0
37,30,3.40186188e-03,0.00000000e+00,0.00000000e+00,-3.40186188e-03,0
37,31,2.83698024e-03,0.00000000e+00,0.00000000e+00,-2.83698024e-03,0
37,32,1.20787594e-02,0.00000000e+00,0.00000000e+00,1.20787594e-02,0
37,33,2.83698024e-03,0.00000000e+00,0.00000000e+00,-2.83698024e-03,0
37,34,3.40186188e-03,0.00000000e+00,0.00000000e+00,-3.40186188e-03,0
37,35,5.20345555e-03,0.00000000e+00,0.00000000e+00,5.20345555e-03,0
37,36,7.63974510e-03,0.00000000e+00,0.00000000e+00,-7.63974510e-03,0
37,37,9.43557224e-03,0.00000000e+00,0.00000000e+00,9.43557224e-03,0
37,38,1.53196305e-03,0.00000000e+00,0.00000000e+00,1.53196305e-03,0
37,39,4.13314855e-03,0.00000000e+00,0.00000000e+00,-4.13314855e-03,0
37,40,1.41018962e-03,0.00000000e+00,0.00000000e+00,1.41018962e-03,0
37,41,2.52598987e-03,0.00000000e+00,0.00000000e+00,-2.52598987e-03,0
37,42,5.93397848e-03,0.00000000e+00,0.00000000e+00,5.93397848e-03,0
37,43,9.44946660e-03,0.00000000e+00,0.00000000e+00,-9.44946660e-03,0
37,44,3.92427385e-03,0.00000000e+00,0.00000000e+00,3.92427385e-03,0
37,45,5.48036143e-03,0.00000000e+00,0.00000000e+00,-5.48036143e-03,0
37,46,5.03865867e-03,0.00000000e+00,0.00000000e+00,5.03865867e-03,0
37,47,4.02682352e-03,0.00000000e+00,0.00000000e+00,-4.02682352e-03,0
37,48,4.21697146e-03,0.00000000e+00,0.00000000e+00,4.21697146e-03,0
37,49,2.46628406e-03,0.00000000e+00,0.00000000e+00,-2.46628406e-03,0
37,50,8.51421162e-04,0.00000000e+00,0.00000000e+00,8.51421162e-04,0
37,51,3.19186604e-03,0.00000000e+00,0.00000000e+00,3.19186604e-03,0
37,52,2.19916895e-03,0.00000000e+00,0.00000000e+00,-2.19916895e-03,0
37,53,5.14169598e-03,0.00000000e+00,0.00000000e+00,5.14169598e-03,0
37,54,2.75811683e-03,0.00000000e+00,0.00000000e+00,-2.75811683e-03,0
37,55,1.79778695e-03,0.00000000e+00,0.00000000e+00,-1.79778695e-03,0
37,56,4.30640193e-03,0.00000000e+00,0.00000000e+00,4.30640193e-03,0
37,57,7.15933761e-04,0.00000000e+00,0.00000000e+00,7.15933761e-04,0
37,58,6.92573210e-04,0.00000000e+00,0.00000000e+00,-6.92573210e-04,0
37,59,3.00666286e-03,0.00000000e+00,0.00000000e+00,-3.00666286e-03,0
37,60,3.31727619e-03,0.00000000e+00,0.00000000e+00,-3.31727619e-03,0
37,61,2.27623940e-03,0.00000000e+00,0.00000000e+00,2.27623940e-03,0
37,62,3.14213918e-03,0.00000000e+00,0.00000000e+00,3.14213918e-03,0
37,63,6.63685967e-04,0.00000000e+00,0.00000000e+00,-6.63685967e-04,0
38,0,2.69848035e-03,0.00000000e+00,0.00000000e+00,2.69848035e-03,0
38,1,1.48024458e-04,0.00000000e+00,0.00000000e+00,1.48024458e-04,0
38,2,2.35904145e-03,0.00000000e+00,0.00000000e+00,-2.35904145e-03,0
38,3,1.65863131e-04,0.00000000e+00,0.00000000e+00,-1.65863131e-04,0
38,4,1.97588150e-03,0.00000000e+00,0.00000000e+00,1.97588150e-03,0
38,5,7.07920932e-04,0.00000000e+00,0.00000000e+00,-7.07920932e-04,0
38,6,2.32461922e-03,0.00000000e+00,0.00000000e+00,-2.32461922e-03,0
38,7,7.16586651e-04,0.00000000e+00,0.00000000e+00,7.16586651e-04,0
38,8,1.57717279e-03,0.00000000e+00,0.00000000e+00,-1.57717279e-03,0
38,9,6.81389061e-04,0.00000000e+00,0.00000000e+00,6.81389061e-04,0
38,10,6.11357718e-03,0.00000000e+00,0.00000000e+00,6.11357718e-03,0
38,11,3.29264775e-03,0.00000000e+00,0.00000000e+00,-3.29264775e-03,0
38,12,3.23265907e-03,0.00000000e+00,0.00000000e+00,3.23265907e-03,0
38,13,9.09590576e-04,0.00000000e+00,0.00000000e+00,9.09590576e-04,0
38,14,4.08631444e-03,0.00000000e+00,0.00000000e+00,-4.08631444e-03,0
38,15,2.14551921e-03,0.00000000e+00,0.00000000e+00,2.14551921e-03,0
38,16,9.85038506e-03,0.00000000e+00,0.00000000e+00,-9.85038506e-03,0
38,17,4.13308007e-03,0.00000000e+00,0.00000000e+00,4.13308007e-03,0
38,18,6.27498391e-03,0.00000000e+00,0.00000000e+00,-6.27498391e-03,0
38,19,1.03253135e-03,0.00000000e+00,0.00000000e+00,1.03253135e-03,0
38,20,8.14967792e-03,0.00000000e+00,0.00000000e+00,-8.14967792e-03,0
38,21,2.31569198e-03,0.00000000e+00,0.00000000e+00,2.31569198e-03,0
38,22,7.45244324e-03,0.00000000e+00,0.00000000e+00,-7.45244324e-03,0
38,23,4.23636767e-03,0.00000000e+00,0.00000000e+00,4.23636767e-03,0
38,24,3.97473974e-03,0.00000000e+00,0.00000000e+00,-3.97473974e-03,0
38,25,1.95307195e-03,0.00000000e+00,0.00000000e+00,-1.95307195e-03,0
38,26,4.86395771e-03,0.00000000e+00,0.00000000e+00,-4.86395771e-03,0
38,27,1.53196305e-03,0.00000000e+00,0.00000000e+00,1.53196305e-03,0
38,28,4.84553188e-03,0.00000000e+00,0.00000000e+00,4.84553188e-03,0
38,29,1.54029864e-03,0.00000000e+00,0.00000000e+00,1.54029864e-03,0
38,30,1.53343280e-03,0.00000000e+00,0.00000000e+00,1.53343280e-03,0
38,31,2.86462592e-03,0.00000000e+00,0.00000000e+00,-2.86462592e-03,0
38,32,5.44175683e-03,0.00000000e+00,0.00000000e+00,-5.44175683e-03,0
38,33,2.86462592e-03,0.00000000e+00,0.00000000e+00,-2.86462592e-03,0
38,34,1.53343280e-03,0.00000000e+00,0.00000000e+00,1.53343280e-03,0
38,35,1.54029864e-03,0.00000000e+00,0.00000000e+00,1.54029864e-03,0
38,36,4.84553188e-03,0.00000000e+00,0.00000000e+00,4.84553188e-03,0
38,37,1.53196305e-03,0.00000000e+00,0.00000000e+00,1.53196305e-03,0
38,38,4.86395771e-03,0.00000000e+00,0.00000000e+00,-4.86395771e-03,0
38,39,1.95307195e-03,0.00000000e+00,0.00000000e+00,-1.95307195e-03,0
38,40,3.97473974e-03,0.00000000e+00,0.00000000e+00,-3.97473974e-03,0
38,41,4.23636767e-03,0.00000000e+00,0.00000000e+00,4.23636767e-03,0
38,42,7.45244324e-03,0.00000000e+00,0.00000000e+00,-7.45244324e-03,0
38,43,2.31569198e-03,0.00000000e+00,0.00000000e+00,2.31569198e-03,0
38,44,8.14967792e-03,0.00000000e+00,0.00000000e+00,-8.14967792e-03,0
38,45,1.03253135e-03,0.00000000e+00,0.00000000e+00,1.03253135e-03,0
38,46,6.27498391e-03,0.00000000e+00,0.00000000e+00,-6.27498391e-03,0
38,47,4.13308007e-03,0.00000000e+00,0.00000000e+00,4.13308007e-03,0
38,48,9.85038506e-03,0.00000000e+00,0.00000000e+00,-9.85038506e-03,0
38,49,2.14551921e-03,0.00000000e+00,0.00000000e+00,2.14551921e-03,0
38,50,4.08631444e-03,0.00000000e+00,0.00000000e+00,-4.08631444e-03,0
38,51,9.09590576e-04,0.00000000e+00,0.00000000e+00,9.09590576e-04,0
38,52,3.23265907e-03,0.00000000e+00,0.00000000e+00,3.23265907e-03,0
38,53,3.29264775e-03,0.00000000e+00,0.00000000e+00,-3.29264775e-03,0
38,54,6.11357718e-03,0.00000000e+00,0.00000000e+00,6.11357718e-03,0
38,55,6.81389061e-04,0.00000000e+00,0.00000000e+00,6.81389061e-04,0
38,56,1.57717279e-03,0.00000000e+00,0.00000000e+00,-1.57717279e-03,0
38,57,7.16586651e-04,0.00000000e+00,0.00000000e+00,7.16586651e-04,0
38,58,2.32461922e-03,0.00000000e+00,0.00000000e+00,-2.32461922e-03,0
38,59,7.07920932e-04,0.00000000e+00,0.00000000e+00,-7.07920932e-04,0
38,60,1.97588150e-03,0.00000000e+00,0.00000000e+00,1.97588150e-03,0
38,61,1.65863131e-04,0.00000000e+00,0.00000000e+00,-1.65863131e-04,0
38,62,2.35904145e-03,0.00000000e+00,0.00000000e+00,-2.35904145e-03,0
38,63,1.48024458e-04,0.00000000e+00,0.00000000e+00,1.48024458e-04,0
39,0,4.25726314e-03,0.00000000e+00,0.00000000e+00,4.25726314e-03,0
39,1,1.60468864e-03,0.00000000e+00,0.00000000e+00,1.60468864e-03,0
39,2,3.20895527e-03,0.00000000e+00,0.00000000e+00,-3.20895527e-03,0
39,3,4.30489663e-03,0.00000000e+00,0.00000000e+00,-4.30489663e-03,0
39,4,5.15817991e-04,0.00000000e+00,0.00000000e+00,5.15817991e-04,0
39,5,4.55939767e-03,0.00000000e+00,0.00000000e+00,4.55939767e-03,0
39,6,5.29358919e-04,0.00000000e+00,0.00000000e+00,-5.29358919e-04,0
39,7,3.97521456e-03,0.00000000e+00,0.00000000e+00,-3.97521456e-03,0
39,8,3.30477574e-03,0.00000000e+00,0.00000000e+00,3.30477574e-03,0
39,9,7.41187311e-04,0.00000000e+00,0.00000000e+00,7.41187311e-04,0
39,10,2.67902425e-03,0.00000000e+00,0.00000000e+00,-2.67902425e-03,0
39,11,5.54620582e-03,0.00000000e+00,0.00000000e+00,5.54620582e-03,0
39,12,3.63383776e-03,0.00000000e+00,0.00000000e+00,-3.63383776e-03,0
39,13,1.36660003e-05,0.00000000e+00,0.00000000e+00,1.36660003e-05,0
39,14,1.90800008e-03,0.00000000e+00,0.00000000e+00,1.90800008e-03,0
39,15,4.92488371e-03,0.00000000e+00,0.00000000e+00,-4.92488371e-03,0
39,16,4.73529091e-03,0.00000000e+00,0.00000000e+00,4.73529091e-03,0
39,17,4.27447332e-03,0.00000000e+00,0.00000000e+00,-4.27447332e-03,0
39,18,2.56036301e-03,0.00000000e+00,0.00000000e+00,2.56036301e-03,0
39,19,5.79993266e-03,0.00000000e+00,0.00000000e+00,-5.79993266e-03,0
39,20,7.36257930e-03,0.00000000e+00,0.00000000e+00,7.36257930e-03,0
39,21,5.04070791e-03,0.00000000e+00,0.00000000e+00,-5.04070791e-03,0
39,22,2.77238812e-03,0.00000000e+00,0.00000000e+00,2.77238812e-03,0
39,23,7.28625381e-04,0.00000000e+00,0.00000000e+00,-7.28625381e-04,0
39,24,4.39244775e-03,0.00000000e+00,0.00000000e+00,4.39244775e-03,0
39,25,2.04208882e-03,0.00000000e+00,0.00000000e+00,2.04208882e-03,0
39,26,1.95307195e-03,0.00000000e+00,0.00000000e+00,-1.95307195e-03,0
39,27,4.13314855e-03,0.00000000e+00,0.00000000e+00,-4.13314855e-03,0
39,28,3.46311776e-04,0.00000000e+00,0.00000000e+00,-3.46311776e-04,0
39,29,1.78579620e-03,0.00000000e+00,0.00000000e+00,1.78579620e-03,0
39,30,1.14462251e-03,0.00000000e+00,0.00000000e+00,-1.14462251e-03,0
39,31,2.37624707e-03,0.00000000e+00,0.00000000e+00,-2.37624707e-03,0
39,32,5.85127121e-03,0.00000000e+00,0.00000000e+00,5.85127121e-03,0
39,33,2.37624707e-03,0.00000000e+00,0.00000000e+00,-2.37624707e-03,0
39,34,1.14462251e-03,0.00000000e+00,0.00000000e+00,-1.14462251e-03,0
39,35,1.78579620e-03,0.00000000e+00,0.00000000e+00,1.78579620e-03,0
39,36,3.46311776e-04,0.00000000e+00,0.00000000e+00,-3.46311776e-04,0
39,37,4.13314855e-03,0.00000000e+00,0.00000000e+00,-4.13314855e-03,0
39,38,1.95307195e-03,0.00000000e+00,0.00000000e+00,-1.95307195e-03,0
39,39,2.04208882e-03,0.00000000e+00,0.00000000e+00,2.04208882e-03,0
39,40,4.39244775e-03,0.00000000e+00,0.00000000e+00,4.39244775e-03,0
39,41,7.28625381e-04,0.00000000e+00,0.00000000e+00,-7.28625381e-04,0
39,42,2.77238812e-03,0.00000000e+00,0.00000000e+00,2.77238812e-03,0
39,43,5.04070791e-03,0.00000000e+00,0.00000000e+00,-5.04070791e-03,0
39,44,7.36257930e-03,0.00000000e+00,0.00000000e+00,7.36257930e-03,0
39,45,5.79993266e-03,0.00000000e+00,0.00000000e+00,-5.79993266e-03,0
39,46,2.56036301e-03,0.00000000e+00,0.00000000e+00,2.56036301e-03,0
39,47,4.27447332e-03,0.00000000e+00,0.00000000e+00,-4.27447332e-03,0
39,48,4.73529091e-03,0.00000000e+00,0.00000000e+00,4.73529091e-03,0
39,49,4.92488371e-03,0.00000000e+00,0.00000000e+00,-4.92488371e-03,0
39,50,1.90800008e-03,0.00000000e+00,0.00000000e+00,1.90800008e-03,0
39,51,1.36660003e-05,0.00000000e+00,0.00000000e+00,1.36660003e-05,0
39,52,3.63383776e-03,0.00000000e+00,0.00000000e+00,-3.63383776e-03,0
39,53,5.54620582e-03,0.00000000e+00,0.00000000e+00,5.54620582e-03,0
39,54,2.67902425e-03,0.00000000e+00,0.00000000e+00,-2.67902425e-03,0
39,55,7.41187311e-04,0.00000000e+00,0.00000000e+00,7.41187311e-04,0
39,56,3.30477574e-03,0.00000000e+00,0.00000000e+00,3.30477574e-03,0
39,57,3.97521456e-03,0.00000000e+00,0.00000000e+00,-3.97521456e-03,0
39,58,5.29358919e-04,0.00000000e+00,0.00000000e+00,-5.29358919e-04,0
39,59,4.55939767e-03,0.00000000e+00,0.00000000e+00,4.55939767e-03,0
39,60,5.15817991e-04,0.00000000e+00,0.00000000e+00,5.15817991e-04,0
39,61,4.30489663e-03,0.00000000e+00,0.00000000e+00,-4.30489663e-03,0
39,62,3.20895527e-03,0.00000000e+00,0.00000000e+00,-3.20895527e-03,0
39,63,1.60468864e-03,0.00000000e+00,0.00000000e+00,1.60468864e-03,0
40,0,1.37388670e-03,0.00000000e+00,0.00000000e+00,1.37388670e-03,0
40,1,7.79818904e-04,0.00000000e+00,0.00000000e+00,7.79818904e-04,0
40,2,1.06806316e-03,0.00000000e+00,0.00000000e+00,-1.06806316e-03,0
40,3,1.11922485e-03,0.00000000e+00,0.00000000e+00,-1.11922485e-03,0
40,4,6.43750746e-06,0.00000000e+00,0.00000000e+00,-6.43750746e-06,0
40,5,3.28193391e-03,0.00000000e+00,0.00000000e+00,-3.28193391e-03,0
40,6,1.00987965e-03,0.00000000e+00,0.00000000e+00,-1.00987965e-03,0
40,7,6.81652649e-03,0.00000000e+00,0.00000000e+00,6.81652649e-03,0
40,8,9.34490459e-04,0.00000000e+00,0.00000000e+00,-9.34490459e-04,0
40,9,1.83655544e-03,0.00000000e+00,0.00000000e+00,-1.83655544e-03,0
40,10,7.04772736e-03,0.00000000e+00,0.00000000e+00,7.04772736e-03,0
40,11,4.36073602e-03,0.00000000e+00,0.00000000e+00,-4.36073602e-03,0
40,12,1.41437487e-03,0.00000000e+00,0.00000000e+00,1.41437487e-03,0
40,13,4.54767400e-04,0.00000000e+00,0.00000000e+00,4.54767400e-04,0
40,14,5.34624991e-03,0.00000000e+00,0.00000000e+00,-5.34624991e-03,0
40,15,3.36487648e-03,0.00000000e+00,0.00000000e+00,3.36487648e-03,0
40,16,7.32737361e-03,0.00000000e+00,0.00000000e+00,-7.32737361e-03,0
40,17,2.33068187e-03,0.00000000e+00,0.00000000e+00,2.33068187e-03,0
40,18,7.10002332e-03,0.00000000e+00,0.00000000e+00,-7.10002332e-03,0
40,19,6.29784931e-04,0.00000000e+00,0.00000000e+00,6.29784931e-04,0
40,20,7.02224640e-03,0.00000000e+00,0.00000000e+00,-7.02224640e-03,0
40,21,8.45740266e-04,0.00000000e+00,0.00000000e+00,-8.45740266e-04,0
40,22,4.68285091e-03,0.00000000e+00,0.00000000e+00,-4.68285091e-03,0
40,23,2.73163351e-03,0.00000000e+00,0.00000000e+00,-2.73163351e-03,0
40,24,6.45247373e-03,0.00000000e+00,0.00000000e+00,-6.45247373e-03,0
40,25,4.39244775e-03,0.00000000e+00,0.00000000e+00,4.39244775e-03,0
40,26,3.97473974e-03,0.00000000e+00,0.00000000e+00,-3.97473974e-03,0
40,27,1.41018962e-03,0.00000000e+00,0.00000000e+00,1.41018962e-03,0
40,28,5.87109283e-03,0.00000000e+00,0.00000000e+00,-5.87109283e-03,0
40,29,1.43929043e-03,0.00000000e+00,0.00000000e+00,1.43929043e-03,0
40,30,7.39175731e-04,0.00000000e+00,0.00000000e+00,-7.39175731e-04,0
40,31,6.13368510e-05,0.00000000e+00,0.00000000e+00,-6.13368510e-05,0
40,32,8.39107541e-03,0.00000000e+00,0.00000000e+00,8.39107541e-03,0
40,33,6.13368510e-05,0.00000000e+00,0.00000000e+00,-6.13368510e-05,0
40,34,7.39175731e-04,0.00000000e+00,0.00000000e+00,-7.39175731e-04,0
40,35,1.43929043e-03,0.00000000e+00,0.00000000e+00,1.43929043e-03,0
40,36,5.87109283e-03,0.00000000e+00,0.00000000e+00,-5.87109283e-03,0
40,37,1.41018962e-03,0.00000000e+00,0.00000000e+00,1.41018962e-03,0
40,38,3.97473974e-03,0.00000000e+00,0.00000000e+00,-3.97473974e-03,0
40,39,4.39244775e-03,0.00000000e+00,0.00000000e+00,4.39244775e-03,0
40,40,6.45247373e-03,0.00000000e+00,0.00000000e+00,-6.45247373e-03,0
40,41,2.73163351e-03,0.00000000e+00,0.00000000e+00,-2.73163351e-03,0
40,42,4.68285091e-03,0.00000000e+00,0.00000000e+00,-4.68285091e-03,0
40,43,8.45740266e-04,0.00000000e+00,0.00000000e+00,-8.45740266e-04,0
40,44,7.02224640e-03,0.00000000e+00,0.00000000e+00,-7.02224640e-03,0
40,45,6.29784931e-04,0.00000000e+00,0.00000000e+00,6.29784931e-04,0
40,46,7.10002332e-03,0.00000000e+00,0.00000000e+00,-7.10002332e-03,0
40,47,2.33068187e-03,0.00000000e+00,0.00000000e+00,2.33068187e-03,0
40,48,7.32737361e-03,0.00000000e+00,0.00000000e+00,-7.32737361e-03,0
40,49,3.36487648e-03,0.00000000e+00,0.00000000e+00,3.36487648e-03,0
40,50,5.34624991e-03,0.00000000e+00,0.00000000e+00,-5.34624991e-03,0
40,51,4.54767400e-04,0.00000000e+00,0.00000000e+00,4.54767400e-04,0
40,52,1.41437487e-03,0.00000000e+00,0.00000000e+00,1.41437487e-03,0
40,53,4.36073602e-03,0.00000000e+00,0.00000000e+00,-4.36073602e-03,0
40,54,7.04772736e-03,0.00000000e+00,0.00000000e+00,7.04772736e-03,0
40,55,1.83655544e-03,0.00000000e+00,0.00000000e+00,-1.83655544e-03,0
40,56,9.34490459e-04,0.00000000e+00,0.00000000e+00,-9.34490459e-04,0
40,57,6.81652649e-03,0.00000000e+00,0.00000000e+00,6.81652649e-03,0
40,58,1.00987965e-03,0.00000000e+00,0.00000000e+00,-1.00987965e-03,0
40,59,3.28193391e-03,0.00000000e+00,0.00000000e+00,-3.28193391e-03,0
40,60,6.43750746e-06,0.00000000e+00,0.00000000e+00,-6.43750746e-06,0
40,61,1.11922485e-03,0.00000000e+00,0.00000000e+00,-1.11922485e-03,0
40,62,1.06806316e-03,0.00000000e+00,0.00000000e+00,-1.06806316e-03,0
40,63,7.79818904e-04,0.00000000e+00,0.00000000e+00,7.79818904e-04,0
41,0,3.43852497e-03,0.00000000e+00,0.00000000e+00,-3.43852497e-03,0
41,1,9.39542001e-04,0.00000000e+00,0.00000000e+00,-9.39542001e-04,0
41,2,1.87724376e-03,0.00000000e+00,0.00000000e+00,1.87724376e-03,0
41,3,9.53953517e-04,0.00000000e+00,0.00000000e+00,9.53953517e-04,0
41,4,1.45291529e-04,0.00000000e+00,0.00000000e+00,-1.45291529e-04,0
41,5,2.94487803e-04,0.00000000e+00,0.00000000e+00,2.94487803e-04,0
41,6,1.81627632e-03,0.00000000e+00,0.00000000e+00,-1.81627632e-03,0
41,7,3.56845400e-03,0.00000000e+00,0.00000000e+00,-3.56845400e-03,0
41,8,2.23982825e-03,0.00000000e+00,0.00000000e+00,2.23982825e-03,0
41,9,3.34567944e-03,0.00000000e+00,0.00000000e+00,3.34567944e-03,0
41,10,1.95236247e-05,0.00000000e+00,0.00000000e+00,1.95236247e-05,0
41,11,4.63587788e-03,0.00000000e+00,0.00000000e+00,4.63587788e-03,0
41,12,5.68297808e-04,0.00000000e+00,0.00000000e+00,-5.68297808e-04,0
41,13,1.86163828e-03,0.00000000e+00,0.00000000e+00,-1.86163828e-03,0
41,14,4.63370881e-04,0.00000000e+00,0.00000000e+00,4.63370881e-04,0
41,15,4.67533983e-03,0.00000000e+00,0.00000000e+00,-4.67533983e-03,0
41,16,2.32250829e-03,0.00000000e+00,0.00000000e+00,2.32250829e-03,0
41,17,4.87669526e-04,0.00000000e+00,0.00000000e+00,-4.87669526e-04,0
41,18,4.21891735e-04,0.00000000e+00,0.00000000e+00,-4.21891735e-04,0
41,19,2.64962920e-03,0.00000000e+00,0.00000000e+00,-2.64962920e-03,0
41,20,2.32882587e-03,0.00000000e+00,0.00000000e+00,2.32882587e-03,0
41,21,7.63263028e-04,0.00000000e+00,0.00000000e+00,7.63263028e-04,0
41,22,1.32365250e-04,0.00000000e+00,0.00000000e+00,1.32365250e-04,0
41,23,7.97266758e-05,0.00000000e+00,0.00000000e+00,-7.97266758e-05,0
41,24,2.73163351e-03,0.00000000e+00,0.00000000e+00,-2.73163351e-03,0
41,25,7.28625381e-04,0.00000000e+00,0.00000000e+00,-7.28625381e-04,0
41,26,4.23636767e-03,0.00000000e+00,0.00000000e+00,4.23636767e-03,0
41,27,2.52598987e-03,0.00000000e+00,0.00000000e+00,-2.52598987e-03,0
41,28,2.82187986e-03,0.00000000e+00,0.00000000e+00,2.82187986e-03,0
41,29,2.51600174e-03,0.00000000e+00,0.00000000e+00,-2.51600174e-03,0
41,30,2.79592887e-03,0.00000000e+00,0.00000000e+00,-2.79592887e-03,0
41,31,4.17363591e-04,0.00000000e+00,0.00000000e+00,-4.17363591e-04,0
41,32,4.78785573e-03,0.00000000e+00,0.00000000e+00,4.78785573e-03,0
41,33,4.17363591e-04,0.00000000e+00,0.00000000e+00,-4.17363591e-04,0
41,34,2.79592887e-03,0.00000000e+00,0.00000000e+00,-2.79592887e-03,0
41,35,2.51600174e-03,0.00000000e+00,0.00000000e+00,-2.51600174e-03,0
41,36,2.82187986e-03,0.00000000e+00,0.00000000e+00,2.82187986e-03,0
41,37,2.52598987e-03,0.00000000e+00,0.00000000e+00,-2.52598987e-03,0
41,38,4.23636767e-03,0.00000000e+00,0.00000000e+00,4.23636767e-03,0
41,39,7.28625381e-04,0.00000000e+00,0.00000000e+00,-7.28625381e-04,0
41,40,2.73163351e-03,0.00000000e+00,0.00000000e+00,-2.73163351e-03,0
41,41,7.97266758e-05,0.00000000e+00,0.00000000e+00,-7.97266758e-05,0
41,42,1.32365250e-04,0.00000000e+00,0.00000000e+00,1.32365250e-04,0
41,43,7.63263028e-04,0.00000000e+00,0.00000000e+00,7.63263028e-04,0
41,44,2.32882587e-03,0.00000000e+00,0.00000000e+00,2.32882587e-03,0
41,45,2.64962920e-03,0.00000000e+00,0.00000000e+00,-2.64962920e-03,0
41,46,4.21891735e-04,0.00000000e+00,0.00000000e+00,-4.21891735e-04,0
41,47,4.87669526e-04,0.00000000e+00,0.00000000e+00,-4.87669526e-04,0
41,48,2.32250829e-03,0.00000000e+00,0.00000000e+00,2.32250829e-03,0
41,49,4.67533983e-03,0.00000000e+00,0.00000000e+00,-4.67533983e-03,0
41,50,4.63370881e-04,0.00000000e+00,0.00000000e+00,4.63370881e-04,0
41,51,1.86163828e-03,0.00000000e+00,0.00000000e+00,-1.86163828e-03,0
41,52,5.68297808e-04,0.00000000e+00,0.00000000e+00,-5.68297808e-04,0
41,53,4.63587788e-03,0.00000000e+00,0.00000000e+00,4.63587788e-03,0
41,54,1.95236247e-05,0.00000000e+00,0.00000000e+00,1.95236247e-05,0
41,55,3.34567944e-03,0.00000000e+00,0.00000000e+00,3.34567944e-03,0
41,56,2.23982825e-03,0.00000000e+00,0.00000000e+00,2.23982825e-03,0
41,57,3.56845400e-03,0.00000000e+00,0.00000000e+00,-3.56845400e-03,0
41,58,1.81627632e-03,0.00000000e+00,0.00000000e+00,-1.81627632e-03,0
41,59,2.94487803e-04,0.00000000e+00,0.00000000e+00,2.94487803e-04,0
41,60,1.45291529e-04,0.00000000e+00,0.00000000e+00,-1.45291529e-04,0
41,61,9.53953517e-04,0.00000000e+00,0.00000000e+00,9.53953517e-04,0
41,62,1.87724376e-03,0.00000000e+00,0.00000000e+00,1.87724376e-03,0
41,63,9.39542001e-04,0.00000000e+00,0.00000000e+00,-9.39542001e-04,0
42,0,3.71946338e-03,0.00000000e+00,0.00000000e+00,-3.71946338e-03,0
42,1,2.70564390e-03,0.00000000e+00,0.00000000e+00,-2.70564390e-03,0
42,2,3.51773027e-04,0.00000000e+00,0.00000000e+00,-3.51773027e-04,0
42,3,4.44676867e-03,0.00000000e+00,0.00000000e+00,4.44676867e-03,0
42,4,4.81802017e-03,0.00000000e+00,0.00000000e+00,4.81802017e-03,0
42,5,4.63261443e-03,0.00000000e+00,0.00000000e+00,-4.63261443e-03,0
42,6,3.08728843e-03,0.00000000e+00,0.00000000e+00,-3.08728843e-03,0
42,7,5.67585203e-03,0.00000000e+00,0.00000000e+00,5.67585203e-03,0
42,8,3.53604566e-03,0.00000000e+00,0.00000000e+00,-3.53604566e-03,0
42,9,3.02310613e-03,0.00000000e+00,0.00000000e+00,-3.02310613e-03,0
42,10,5.48391611e-03,0.00000000e+00,0.00000000e+00,5.48391611e-03,0
42,11,3.35303526e-03,0.00000000e+00,0.00000000e+00,-3.35303526e-03,0
42,12,2.31770415e-03,0.00000000e+00,0.00000000e+00,2.31770415e-03,0
42,13,2.26289400e-03,0.00000000e+00,0.00000000e+00,2.26289400e-03,0
42,14,3.27676715e-03,0.00000000e+00,0.00000000e+00,-3.27676715e-03,0
42,15,3.66916032e-03,0.00000000e+00,0.00000000e+00,3.66916032e-03,0
42,16,3.17938714e-03,0.00000000e+00,0.00000000e+00,-3.17938714e-03,0
42,17,2.02424718e-03,0.00000000e+00,0.00000000e+00,2.02424718e-03,0
42,18,2.90665311e-03,0.00000000e+00,0.00000000e+00,-2.90665311e-03,0
42,19,2.88996838e-03,0.00000000e+00,0.00000000e+00,2.88996838e-03,0
42,20,8.71668693e-04,0.00000000e+00,0.00000000e+00,-8.71668693e-04,0
42,21,1.14074233e-03,0.00000000e+00,0.00000000e+00,-1.14074233e-03,0
42,22,2.45666570e-03,0.00000000e+00,0.00000000e+00,2.45666570e-03,0
42,23,1.32365250e-04,0.00000000e+00,0.00000000e+00,1.32365250e-04,0
42,24,4.68285091e-03,0.00000000e+00,0.00000000e+00,-4.68285091e-03,0
42,25,2.77238812e-03,0.00000000e+00,0.00000000e+00,2.77238812e-03,0
42,26,7.45244324e-03,0.00000000e+00,0.00000000e+00,-7.45244324e-03,0
42,27,5.93397848e-03,0.00000000e+00,0.00000000e+00,5.93397848e-03,0
42,28,6.05473544e-03,0.00000000e+00,0.00000000e+00,-6.05473544e-03,0
42,29,1.08270761e-03,0.00000000e+00,0.00000000e+00,1.08270761e-03,0
42,30,3.05521203e-03,0.00000000e+00,0.00000000e+00,-3.05521203e-03,0
42,31,3.52032427e-03,0.00000000e+00,0.00000000e+00,-3.52032427e-03,0
42,32,6.91591773e-03,0.00000000e+00,0.00000000e+00,6.91591773e-03,0
42,33,3.52032427e-03,0.00000000e+00,0.00000000e+00,-3.52032427e-03,0
42,34,3.05521203e-03,0.00000000e+00,0.00000000e+00,-3.05521203e-03,0
42,35,1.08270761e-03,0.00000000e+00,0.00000000e+00,1.08270761e-03,0
42,36,6.05473544e-03,0.00000000e+00,0.00000000e+00,-6.05473544e-03,0
42,37,5.93397848e-03,0.00000000e+00,0.00000000e+00,5.93397848e-03,0
42,38,7.45244324e-03,0.00000000e+00,0.00000000e+00,-7.45244324e-03,0
42,39,2.77238812e-03,0.00000000e+00,0.00000000e+00,2.77238812e-03,0
42,40,4.68285091e-03,0.00000000e+00,0.00000000e+00,-4.68285091e-03,0
42,41,1.32365250e-04,0.00000000e+00,0.00000000e+00,1.32365250e-04,0
42,42,2.45666570e-03,0.00000000e+00,0.00000000e+00,2.45666570e-03,0
42,43,1.14074233e-03,0.00000000e+00,0.00000000e+00,-1.14074233e-03,0
42,44,8.71668693e-04,0.00000000e+00,0.00000000e+00,-8.71668693e-04,0
42,45,2.88996838e-03,0.00000000e+00,0.00000000e+00,2.88996838e-03,0
42,46,2.90665311e-03,0.00000000e+00,0.00000000e+00,-2.90665311e-03,0
42,47,2.02424718e-03,0.00000000e+00,0.00000000e+00,2.02424718e-03,0
42,48,3.17938714e-03,0.00000000e+00,0.00000000e+00,-3.17938714e-03,0
42,49,3.66916032e-03,0.00000000e+00,0.00000000e+00,3.66916032e-03,0
42,50,3.27676715e-03,0.00000000e+00,0.00000000e+00,-3.27676715e-03,0
42,51,2.26289400e-03,0.00000000e+00,0.00000000e+00,2.26289400e-03,0
42,52,2.31770415e-03,0.00000000e+00,0.00000000e+00,2.31770415e-03,0
42,53,3.35303526e-03,0.00000000e+00,0.00000000e+00,-3.35303526e-03,0
42,54,5.48391611e-03,0.00000000e+00,0.00000000e+00,5.48391611e-03,0
42,55,3.02310613e-03,0.00000000e+00,0.00000000e+00,-3.02310613e-03,0
42,56,3.53604566e-03,0.00000000e+00,0.00000000e+00,-3.53604566e-03,0
42,57,5.67585203e-03,0.00000000e+00,0.00000000e+00,5.67585203e-03,0
42,58,3.08728843e-03,0.00000000e+00,0.00000000e+00,-3.08728843e-03,0
42,59,4.63261443e-03,0.00000000e+00,0.00000000e+00,-4.63261443e-03,0
42,60,4.81802017e-03,0.00000000e+00,0.00000000e+00,4.81802017e-03,0
42,61,4.44676867e-03,0.00000000e+00,0.00000000e+00,4.44676867e-03,0
42,62,3.51773027e-04,0.00000000e+00,0.00000000e+00,-3.51773027e-04,0
42,63,2.70564390e-03,0.00000000e+00,0.00000000e+00,-2.70564390e-03,0
43,0,1.87870165e-03,0.00000000e+00,0.00000000e+00,-1.87870165e-03,0
43,1,6.50726023e-04,0.00000000e+00,0.00000000e+00,-6.50726023e-04,0
43,2,1.47774866e-03,0.00000000e+00,0.00000000e+00,-1.47774866e-03,0
43,3,1.81887372e-03,0.00000000e+00,0.00000000e+00,-1.81887372e-03,0
43,4,3.71343549e-03,0.00000000e+00,0.00000000e+00,3.71343549e-03,0
43,5,3.59265150e-03,0.00000000e+00,0.00000000e+00,3.59265150e-03,0
43,6,1.77524100e-03,0.00000000e+00,0.00000000e+00,-1.77524100e-03,0
43,7,4.10719859e-04,0.00000000e+00,0.00000000e+00,-4.10719859e-04,0
43,8,1.18006072e-04,0.00000000e+00,0.00000000e+00,1.18006072e-04,0
43,9,1.14499715e-04,0.00000000e+00,0.00000000e+00,-1.14499715e-04,0
43,10,1.34060608e-03,0.00000000e+00,0.00000000e+00,1.34060608e-03,0
43,11,3.74277759e-04,0.00000000e+00,0.00000000e+00,-3.74277759e-04,0
43,12,4.67869045e-05,0.00000000e+00,0.00000000e+00,4.67869045e-05,0
43,13,3.31244539e-03,0.00000000e+00,0.00000000e+00,-3.31244539e-03,0
43,14,1.03223628e-03,0.00000000e+00,0.00000000e+00,-1.03223628e-03,0
43,15,3.80101104e-03,0.00000000e+00,0.00000000e+00,-3.80101104e-03,0
43,16,1.17276234e-03,0.00000000e+00,0.00000000e+00,-1.17276234e-03,0
43,17,8.32394753e-04,0.00000000e+00,0.00000000e+00,8.32394753e-04,0
43,18,2.70210327e-03,0.00000000e+00,0.00000000e+00,-2.70210327e-03,0
43,19,3.00041954e-04,0.00000000e+00,0.00000000e+00,3.00041954e-04,0
43,20,1.68473526e-03,0.00000000e+00,0.00000000e+00,-1.68473526e-03,0
43,21,3.37180934e-03,0.00000000e+00,0.00000000e+00,3.37180934e-03,0
43,22,1.14074233e-03,0.00000000e+00,0.00000000e+00,-1.14074233e-03,0
43,23,7.63263028e-04,0.00000000e+00,0.00000000e+00,7.63263028e-04,0
43,24,8.45740266e-04,0.00000000e+00,0.00000000e+00,-8.45740266e-04,0
43,25,5.04070791e-03,0.00000000e+00,0.00000000e+00,-5.04070791e-03,0
43,26,2.31569198e-03,0.00000000e+00,0.00000000e+00,2.31569198e-03,0
43,27,9.44946660e-03,0.00000000e+00,0.00000000e+00,-9.44946660e-03,0
43,28,2.64353372e-03,0.00000000e+00,0.00000000e+00,2.64353372e-03,0
43,29,9.87405570e-04,0.00000000e+00,0.00000000e+00,-9.87405570e-04,0
43,30,3.86560137e-03,0.00000000e+00,0.00000000e+00,-3.86560137e-03,0
43,31,3.13475168e-03,0.00000000e+00,0.00000000e+00,3.13475168e-03,0
43,32,6.73017336e-03,0.00000000e+00,0.00000000e+00,6.73017336e-03,0
43,33,3.13475168e-03,0.00000000e+00,0.00000000e+00,3.13475168e-03,0
43,34,3.86560137e-03,0.00000000e+00,0.00000000e+00,-3.86560137e-03,0
43,35,9.87405570e-04,0.00000000e+00,0.00000000e+00,-9.87405570e-04,0
43,36,2.64353372e-03,0.00000000e+00,0.00000000e+00,2.64353372e-03,0
43,37,9.44946660e-03,0.00000000e+00,0.00000000e+00,-9.44946660e-03,0
43,38,2.31569198e-03,0.00000000e+00,0.00000000e+00,2.31569198e-03,0
43,39,5.04070791e-03,0.00000000e+00,0.00000000e+00,-5.04070791e-03,0
43,40,8.45740266e-04,0.00000000e+00,0.00000000e+00,-8.45740266e-04,0
43,41,7.63263028e-04,0.00000000e+00,0.00000000e+00,7.63263028e-04,0
43,42,1.14074233e-03,0.00000000e+00,0.00000000e+00,-1.14074233e-03,0
43,43,3.37180934e-03,0.00000000e+00,0.00000000e+00,3.37180934e-03,0
43,44,1.68473526e-03,0.00000000e+00,0.00000000e+00,-1.68473526e-03,0
43,45,3.00041954e-04,0.00000000e+00,0.00000000e+00,3.00041954e-04,0
43,46,2.70210327e-03,0.00000000e+00,0.00000000e+00,-2.70210327e-03,0
43,47,8.32394753e-04,0.00000000e+00,0.00000000e+00,8.32394753e-04,0
43,48,1.17276234e-03,0.00000000e+00,0.00000000e+00,-1.17276234e-03,0
43,49,3.80101104e-03,0.00000000e+00,0.00000000e+00,-3.80101104e-03,0
43,50,1.03223628e-03,0.00000000e+00,0.00000000e+00,-1.03223628e-03,0
43,51,3.31244539e-03,0.00000000e+00,0.00000000e+00,-3.31244539e-03,0
43,52,4.67869045e-05,0.00000000e+00,0.00000000e+00,4.67869045e-05,0
43,53,3.74277759e-04,0.00000000e+00,0.00000000e+00,-3.74277759e-04,0
43,54,1.34060608e-03,0.00000000e+00,0.00000000e+00,1.34060608e-03,0
43,55,1.14499715e-04,0.00000000e+00,0.00000000e+00,-1.14499715e-04,0
43,56,1.18006072e-04,0.00000000e+00,0.00000000e+00,1.18006072e-04,0
43,57,4.10719859e-04,0.00000000e+00,0.00000000e+00,-4.10719859e-04,0
43,58,1.77524100e-03,0.00000000e+00,0.00000000e+00,-1.77524100e-03,0
43,59,3.59265150e-03,0.00000000e+00,0.00000000e+00,3.59265150e-03,0
43,60,3.71343549e-03,0.00000000e+00,0.00000000e+00,3.71343549e-03,0
43,61,1.81887372e-03,0.00000000e+00,0.00000000e+00,-1.81887372e-03,0
43,62,1.47774866e-03,0.00000000e+00,0.00000000e+00,-1.47774866e-03,0
43,63,6.50726023e-04,0.00000000e+00,0.00000000e+00,-6.50726023e-04,0
44,0,1.04823702e-03,0.00000000e+00,0.00000000e+00,-1.04823702e-03,0
44,1,5.00160028e-04,0.00000000e+00,0.00000000e+00,5.00160028e-04,0
44,2,2.63129060e-05,0.00000000e+00,0.00000000e+00,-2.63129060e-05,0
44,3,1.97529711e-03,0.00000000e+00,0.00000000e+00,-1.97529711e-03,0
44,4,2.84109713e-04,0.00000000e+00,0.00000000e+00,2.84109713e-04,0
44,5,1.19871097e-04,0.00000000e+00,0.00000000e+00,-1.19871097e-04,0
44,6,1.12647936e-03,0.00000000e+00,0.00000000e+00,-1.12647936e-03,0
44,7,3.43206540e-03,0.00000000e+00,0.00000000e+00,3.43206540e-03,0
44,8,7.35254406e-04,0.00000000e+00,0.00000000e+00,7.35254406e-04,0
44,9,2.92169689e-03,0.00000000e+00,0.00000000e+00,-2.92169689e-03,0
44,10,3.99594665e-03,0.00000000e+00,0.00000000e+00,3.99594665e-03,0
44,11,2.28667923e-04,0.00000000e+00,0.00000000e+00,-2.28667923e-04,0
44,12,8.29655307e-04,0.00000000e+00,0.00000000e+00,-8.29655307e-04,0
44,13,4.83309436e-03,0.00000000e+00,0.00000000e+00,4.83309436e-03,0
44,14,5.31357591e-03,0.00000000e+00,0.00000000e+00,-5.31357591e-03,0
44,15,4.45614439e-03,0.00000000e+00,0.00000000e+00,4.45614439e-03,0
44,16,4.15122331e-03,0.00000000e+00,0.00000000e+00,-4.15122331e-03,0
44,17,8.83121214e-04,0.00000000e+00,0.00000000e+00,8.83121214e-04,0
44,18,4.79593534e-03,0.00000000e+00,0.00000000e+00,-4.79593534e-03,0
44,19,2.16353326e-03,0.00000000e+00,0.00000000e+00,2.16353326e-03,0
44,20,2.27412048e-03,0.00000000e+00,0.00000000e+00,-2.27412048e-03,0
44,21,1.68473526e-03,0.00000000e+00,0.00000000e+00,-1.68473526e-03,0
44,22,8.71668693e-04,0.00000000e+00,0.00000000e+00,-8.71668693e-04,0
44,23,2.32882587e-03,0.00000000e+00,0.00000000e+00,2.32882587e-03,0
44,24,7.02224640e-03,0.00000000e+00,0.00000000e+00,-7.02224640e-03,0
44,25,7.36257930e-03,0.00000000e+00,0.00000000e+00,7.36257930e-03,0
44,26,8.14967792e-03,0.00000000e+00,0.00000000e+00,-8.14967792e-03,0
44,27,3.92427385e-03,0.00000000e+00,0.00000000e+00,3.92427385e-03,0
44,28,5.67177681e-03,0.00000000e+00,0.00000000e+00,-5.67177681e-03,0
44,29,2.34245408e-03,0.00000000e+00,0.00000000e+00,-2.34245408e-03,0
44,30,2.79086385e-04,0.00000000e+00,0.00000000e+00,2.79086385e-04,0
44,31,1.25042714e-03,0.00000000e+00,0.00000000e+00,1.25042714e-03,0
44,32,8.66300674e-03,0.00000000e+00,0.00000000e+00,8.66300674e-03,0
44,33,1.25042714e-03,0.00000000e+00,0.00000000e+00,1.25042714e-03,0
44,34,2.79086385e-04,0.00000000e+00,0.00000000e+00,2.79086385e-04,0
44,35,2.34245408e-03,0.00000000e+00,0.00000000e+00,-2.34245408e-03,0
44,36,5.67177681e-03,0.00000000e+00,0.00000000e+00,-5.67177681e-03,0
44,37,3.92427385e-03,0.00000000e+00,0.00000000e+00,3.92427385e-03,0
44,38,8.14967792e-03,0.00000000e+00,0.00000000e+00,-8.14967792e-03,0
44,39,7.36257930e-03,0.00000000e+00,0.00000000e+00,7.36257930e-03,0
44,40,7.02224640e-03,0.00000000e+00,0.00000000e+00,-7.02224640e-03,0
44,41,2.32882587e-03,0.00000000e+00,0.00000000e+00,2.32882587e-03,0
44,42,8.71668693e-04,0.00000000e+00,0.00000000e+00,-8.71668693e-04,0
44,43,1.68473526e-03,0.00000000e+00,0.00000000e+00,-1.68473526e-03,0
44,44,2.27412048e-03,0.00000000e+00,0.00000000e+00,-2.27412048e-03,0
44,45,2.16353326e-03,0.00000000e+00,0.00000000e+00,2.16353326e-03,0
44,46,4.79593534e-03,0.00000000e+00,0.00000000e+00,-4.79593534e-03,0
44,47,8.83121214e-04,0.00000000e+00,0.00000000e+00,8.83121214e-04,0
44,48,4.15122331e-03,0.00000000e+00,0.00000000e+00,-4.15122331e-03,0
44,49,4.45614439e-03,0.00000000e+00,0.00000000e+00,4.45614439e-03,0
44,50,5.31357591e-03,0.00000000e+00,0.00000000e+00,-5.31357591e-03,0
44,51,4.83309436e-03,0.00000000e+00,0.00000000e+00,4.83309436e-03,0
44,52,8.29655307e-04,0.00000000e+00,0.00000000e+00,-8.29655307e-04,0
44,53,2.28667923e-04,0.00000000e+00,0.00000000e+00,-2.28667923e-04,0
44,54,3.99594665e-03,0.00000000e+00,0.00000000e+00,3.99594665e-03,0
44,55,2.92169689e-03,0.00000000e+00,0.00000000e+00,-2.92169689e-03,0
44,56,7.35254406e-04,0.00000000e+00,0.00000000e+00,7.35254406e-04,0
44,57,3.43206540e-03,0.00000000e+00,0.00000000e+00,3.43206540e-03,0
44,58,1.12647936e-03,0.00000000e+00,0.00000000e+00,-1.12647936e-03,0
44,59,1.19871097e-04,0.00000000e+00,0.00000000e+00,-1.19871097e-04,0
44,60,2.84109713e-04,0.00000000e+00,0.00000000e+00,2.84109713e-04,0
44,61,1.97529711e-03,0.00000000e+00,0.00000000e+00,-1.97529711e-03,0
44,62,2.63129060e-05,0.00000000e+00,0.00000000e+00,-2.63129060e-05,0
44,63,5.00160028e-04,0.00000000e+00,0.00000000e+00,5.00160028e-04,0
45,0,2.89185113e-05,0.00000000e+00,0.00000000e+00,2.89185113e-05,0
45,1,1.66651121e-03,0.00000000e+00,0.00000000e+00,1.66651121e-03,0
45,2,7.84929745e-04,0.00000000e+00,0.00000000e+00,7.84929745e-04,0
45,3,2.85618073e-03,0.00000000e+00,0.00000000e+00,-2.85618073e-03,0
45,4,1.98291682e-03,0.00000000e+00,0.00000000e+00,-1.98291682e-03,0
45,5,3.19956092e-04,0.00000000e+00,0.00000000e+00,3.19956092e-04,0
45,6,2.08576206e-03,0.00000000e+00,0.00000000e+00,2.08576206e-03,0
45,7,6.95519271e-05,0.00000000e+00,0.00000000e+00,6.95519271e-05,0
45,8,3.05950713e-03,0.00000000e+00,0.00000000e+00,-3.05950713e-03,0
45,9,2.53060792e-03,0.00000000e+00,0.00000000e+00,2.53060792e-03,0
45,10,2.35609768e-04,0.00000000e+00,0.00000000e+00,-2.35609768e-04,0
45,11,2.36024255e-05,0.00000000e+00,0.00000000e+00,-2.36024255e-05,0
45,12,1.38281421e-03,0.00000000e+00,0.00000000e+00,1.38281421e-03,0
45,13,4.39655578e-03,0.00000000e+00,0.00000000e+00,-4.39655578e-03,0
45,14,2.75809182e-03,0.00000000e+00,0.00000000e+00,2.75809182e-03,0
45,15,5.28897915e-03,0.00000000e+00,0.00000000e+00,-5.28897915e-03,0
45,16,3.66052498e-03,0.00000000e+00,0.00000000e+00,3.66052498e-03,0
45,17,1.42885439e-03,0.00000000e+00,0.00000000e+00,-1.42885439e-03,0
45,18,2.88566409e-03,0.00000000e+00,0.00000000e+00,2.88566409e-03,0
45,19,1.96294519e-03,0.00000000e+00,0.00000000e+00,-1.96294519e-03,0
45,20,2.16353326e-03,0.00000000e+00,0.00000000e+00,2.16353326e-03,0
45,21,3.00041954e-04,0.00000000e+00,0.00000000e+00,3.00041954e-04,0
45,22,2.88996838e-03,0.00000000e+00,0.00000000e+00,2.88996838e-03,0
45,23,2.64962920e-03,0.00000000e+00,0.00000000e+00,-2.64962920e-03,0
45,24,6.29784931e-04,0.00000000e+00,0.00000000e+00,6.29784931e-04,0
45,25,5.79993266e-03,0.00000000e+00,0.00000000e+00,-5.79993266e-03,0
45,26,1.03253135e-03,0.00000000e+00,0.00000000e+00,1.03253135e-03,0
45,27,5.48036143e-03,0.00000000e+00,0.00000000e+00,-5.48036143e-03,0
45,28,1.64795471e-03,0.00000000e+00,0.00000000e+00,-1.64795471e-03,0
45,29,1.21689960e-03,0.00000000e+00,0.00000000e+00,-1.21689960e-03,0
45,30,1.52592930e-03,0.00000000e+00,0.00000000e+00,1.52592930e-03,0
45,31,2.91165690e-03,0.00000000e+00,0.00000000e+00,2.91165690e-03,0
45,32,7.09282075e-04,0.00000000e+00,0.00000000e+00,-7.09282075e-04,0
45,33,2.91165690e-03,0.00000000e+00,0.00000000e+00,2.91165690e-03,0
45,34,1.52592930e-03,0.00000000e+00,0.00000000e+00,1.52592930e-03,0
45,35,1.21689960e-03,0.00000000e+00,0.00000000e+00,-1.21689960e-03,0
45,36,1.64795471e-03,0.00000000e+00,0.00000000e+00,-1.64795471e-03,0
45,37,5.48036143e-03,0.00000000e+00,0.00000000e+00,-5.48036143e-03,0
45,38,1.03253135e-03,0.00000000e+00,0.00000000e+00,1.03253135e-03,0
45,39,5.79993266e-03,0.00000000e+00,0.00000000e+00,-5.79993266e-03,0
45,40,6.29784931e-04,0.00000000e+00,0.00000000e+00,6.29784931e-04,0
45,41,2.64962920e-03,0.00000000e+00,0.00000000e+00,-2.64962920e-03,0
45,42,2.88996838e-03,0.00000000e+00,0.00000000e+00,2.88996838e-03,0
45,43,3.00041954e-04,0.00000000e+00,0.00000000e+00,3.00041954e-04,0
45,44,2.16353326e-03,0.00000000e+00,0.00000000e+00,2.16353326e-03,0
45,45,1.96294519e-03,0.00000000e+00,0.00000000e+00,-1.96294519e-03,0
45,46,2.88566409e-03,0.00000000e+00,0.00000000e+00,2.88566409e-03,0
45,47,1.42885439e-03,0.00000000e+00,0.00000000e+00,-1.42885439e-03,0
45,48,3.66052498e-03,0.00000000e+00,0.00000000e+00,3.66052498e-03,0
45,49,5.28897915e-03,0.00000000e+00,0.00000000e+00,-5.28897915e-03,0
45,50,2.75809182e-03,0.00000000e+00,0.00000000e+00,2.75809182e-03,0
45,51,4.39655578e-03,0.00000000e+00,0.00000000e+00,-4.39655578e-03,0
45,52,1.38281421e-03,0.00000000e+00,0.00000000e+00,1.38281421e-03,0
45,53,2.36024255e-05,0.00000000e+00,0.00000000e+00,-2.36024255e-05,0
45,54,2.35609768e-04,0.00000000e+00,0.00000000e+00,-2.35609768e-04,0
45,55,2.53060792e-03,0.00000000e+00,0.00000000e+00,2.53060792e-03,0
45,56,3.05950713e-03,0.00000000e+00,0.00000000e+00,-3.05950713e-03,0
45,57,6.95519271e-05,0.00000000e+00,0.00000000e+00,6.95519271e-05,0
45,58,2.08576206e-03,0.00000000e+00,0.00000000e+00,2.08576206e-03,0
45,59,3.19956092e-04,0.00000000e+00,0.00000000e+00,3.19956092e-04,0
45,60,1.98291682e-03,0.00000000e+00,0.00000000e+00,-1.98291682e-03,0
45,61,2.85618073e-03,0.00000000e+00,0.00000000e+00,-2.85618073e-03,0
45,62,7.84929745e-04,0.00000000e+00,0.00000000e+00,7.84929745e-04,0
45,63,1.66651121e-03,0.00000000e+00,0.00000000e+00,1.66651121e-03,0
46,0,4.85655057e-04,0.00000000e+00,0.00000000e+00,-4.85655057e-04,0
46,1,1.53041669e-03,0.00000000e+00,0.00000000e+00,1.53041669e-03,0
46,2,1.78993539e-03,0.00000000e+00,0.00000000e+00,1.78993539e-03,0
46,3,6.36033783e-04,0.00000000e+00,0.00000000e+00,-6.36033783e-04,0
46,4,2.68655222e-04,0.00000000e+00,0.00000000e+00,-2.68655222e-04,0
46,5,3.96967357e-03,0.00000000e+00,0.00000000e+00,-3.96967357e-03,0
46,6,4.40444599e-03,0.00000000e+00,0.00000000e+00,-4.40444599e-03,0
46,7,6.38976034e-03,0.00000000e+00,0.00000000e+00,6.38976034e-03,0
46,8,6.87150319e-04,0.00000000e+00,0.00000000e+00,6.87150319e-04,0
46,9,3.83646646e-03,0.00000000e+00,0.00000000e+00,-3.83646646e-03,0
46,10,6.44141435e-03,0.00000000e+00,0.00000000e+00,6.44141435e-03,0
46,11,3.96446059e-03,0.00000000e+00,0.00000000e+00,-3.96446059e-03,0
46,12,1.15505211e-03,0.00000000e+00,0.00000000e+00,1.15505211e-03,0
46,13,1.59519054e-03,0.00000000e+00,0.00000000e+00,1.59519054e-03,0
46,14,5.70921895e-03,0.00000000e+00,0.00000000e+00,-5.70921895e-03,0
46,15,3.29828257e-03,0.00000000e+00,0.00000000e+00,3.29828257e-03,0
46,16,6.09999632e-03,0.00000000e+00,0.00000000e+00,-6.09999632e-03,0
46,17,1.41911019e-03,0.00000000e+00,0.00000000e+00,1.41911019e-03,0
46,18,7.38422310e-03,0.00000000e+00,0.00000000e+00,-7.38422310e-03,0
46,19,2.88566409e-03,0.00000000e+00,0.00000000e+00,2.88566409e-03,0
46,20,4.79593534e-03,0.00000000e+00,0.00000000e+00,-4.79593534e-03,0
46,21,2.70210327e-03,0.00000000e+00,0.00000000e+00,-2.70210327e-03,0
46,22,2.90665311e-03,0.00000000e+00,0.00000000e+00,-2.90665311e-03,0
46,23,4.21891735e-04,0.00000000e+00,0.00000000e+00,-4.21891735e-04,0
46,24,7.10002332e-03,0.00000000e+00,0.00000000e+00,-7.10002332e-03,0
46,25,2.56036301e-03,0.00000000e+00,0.00000000e+00,2.56036301e-03,0
46,26,6.27498391e-03,0.00000000e+00,0.00000000e+00,-6.27498391e-03,0
46,27,5.03865867e-03,0.00000000e+00,0.00000000e+00,5.03865867e-03,0
46,28,3.22567482e-03,0.00000000e+00,0.00000000e+00,-3.22567482e-03,0
46,29,9.84016326e-04,0.00000000e+00,0.00000000e+00,9.84016326e-04,0
46,30,1.00187115e-03,0.00000000e+00,0.00000000e+00,-1.00187115e-03,0
46,31,3.12116047e-03,0.00000000e+00,0.00000000e+00,-3.12116047e-03,0
46,32,4.43477432e-03,0.00000000e+00,0.00000000e+00,4.43477432e-03,0
46,33,3.12116047e-03,0.00000000e+00,0.00000000e+00,-3.12116047e-03,0
46,34,1.00187115e-03,0.00000000e+00,0.00000000e+00,-1.00187115e-03,0
46,35,9.84016326e-04,0.00000000e+00,0.00000000e+00,9.84016326e-04,0
46,36,3.22567482e-03,0.00000000e+00,0.00000000e+00,-3.22567482e-03,0
46,37,5.03865867e-03,0.00000000e+00,0.00000000e+00,5.03865867e-03,0
46,38,6.27498391e-03,0.00000000e+00,0.00000000e+00,-6.27498391e-03,0
46,39,2.56036301e-03,0.00000000e+00,0.00000000e+00,2.56036301e-03,0
46,40,7.10002332e-03,0.00000000e+00,0.00000000e+00,-7.10002332e-03,0
46,41,4.21891735e-04,0.00000000e+00,0.00000000e+00,-4.21891735e-04,0
46,42,2.90665311e-03,0.00000000e+00,0.00000000e+00,-2.90665311e-03,0
46,43,2.70210327e-03,0.00000000e+00,0.00000000e+00,-2.70210327e-03,0
46,44,4.79593534e-03,0.00000000e+00,0.00000000e+00,-4.79593534e-03,0
46,45,2.88566409e-03,0.00000000e+00,0.00000000e+00,2.88566409e-03,0
46,46,7.38422310e-03,0.00000000e+00,0.00000000e+00,-7.38422310e-03,0
46,47,1.41911019e-03,0.00000000e+00,0.00000000e+00,1.41911019e-03,0
46,48,6.09999632e-03,0.00000000e+00,0.00000000e+00,-6.09999632e-03,0
46,49,3.29828257e-03,0.00000000e+00,0.00000000e+00,3.29828257e-03,0
46,50,5.70921895e-03,0.00000000e+00,0.00000000e+00,-5.70921895e-03,0
46,51,1.59519054e-03,0.00000000e+00,0.00000000e+00,1.59519054e-03,0
46,52,1.15505211e-03,0.00000000e+00,0.00000000e+00,1.15505211e-03,0
46,53,3.96446059e-03,0.00000000e+00,0.00000000e+00,-3.96446059e-03,0
46,54,6.44141435e-03,0.00000000e+00,0.00000000e+00,6.44141435e-03,0
46,55,3.83646646e-03,0.00000000e+00,0.00000000e+00,-3.83646646e-03,0
46,56,6.87150319e-04,0.00000000e+00,0.00000000e+00,6.87150319e-04,0
46,57,6.38976034e-03,0.00000000e+00,0.00000000e+00,6.38976034e-03,0
46,58,4.40444599e-03,0.00000000e+00,0.00000000e+00,-4.40444599e-03,0
46,59,3.96967357e-03,0.00000000e+00,0.00000000e+00,-3.96967357e-03,0
46,60,2.68655222e-04,0.00000000e+00,0.00000000e+00,-2.68655222e-04,0
46,61,6.36033783e-04,0.00000000e+00,0.00000000e+00,-6.36033783e-04,0
46,62,1.78993539e-03,0.00000000e+00,0.00000000e+00,1.78993539e-03,0
46,63,1.53041669e-03,0.00000000e+00,0.00000000e+00,1.53041669e-03,0
47,0,5.32633864e-04,0.00000000e+00,0.00000000e+00,-5.32633864e-04,0
47,1,6.97987180e-04,0.00000000e+00,0.00000000e+00,6.97987180e-04,0
47,2,1.54130912e-03,0.00000000e+00,0.00000000e+00,1.54130912e-03,0
47,3,1.15617164e-04,0.00000000e+00,0.00000000e+00,1.15617164e-04,0
47,4,4.77973017e-04,0.00000000e+00,0.00000000e+00,4.77973017e-04,0
47,5,1.19468088e-03,0.00000000e+00,0.00000000e+00,1.19468088e-03,0
47,6,2.99131232e-03,0.00000000e+00,0.00000000e+00,-2.99131232e-03,0
47,7,4.28129863e-03,0.00000000e+00,0.00000000e+00,-4.28129863e-03,0
47,8,1.21831214e-04,0.00000000e+00,0.00000000e+00,-1.21831214e-04,0
47,9,5.80545263e-04,0.00000000e+00,0.00000000e+00,5.80545263e-04,0
47,10,2.26582217e-03,0.00000000e+00,0.00000000e+00,2.26582217e-03,0
47,11,2.49409019e-03,0.00000000e+00,0.00000000e+00,2.49409019e-03,0
47,12,1.33438046e-03,0.00000000e+00,0.00000000e+00,-1.33438046e-03,0
47,13,9.10680093e-05,0.00000000e+00,0.00000000e+00,9.10680093e-05,0
47,14,1.01427475e-03,0.00000000e+00,0.00000000e+00,-1.01427475e-03,0
47,15,2.51087242e-03,0.00000000e+00,0.00000000e+00,-2.51087242e-03,0
47,16,1.01059989e-03,0.00000000e+00,0.00000000e+00,1.01059989e-03,0
47,17,3.97341352e-04,0.00000000e+00,0.00000000e+00,-3.97341352e-04,0
47,18,1.41911019e-03,0.00000000e+00,0.00000000e+00,1.41911019e-03,0
47,19,1.42885439e-03,0.00000000e+00,0.00000000e+00,-1.42885439e-03,0
47,20,8.83121214e-04,0.00000000e+00,0.00000000e+00,8.83121214e-04,0
47,21,8.32394753e-04,0.00000000e+00,0.00000000e+00,8.32394753e-04,0
47,22,2.02424718e-03,0.00000000e+00,0.00000000e+00,2.02424718e-03,0
47,23,4.87669526e-04,0.00000000e+00,0.00000000e+00,-4.87669526e-04,0
47,24,2.33068187e-03,0.00000000e+00,0.00000000e+00,2.33068187e-03,0
47,25,4.27447332e-03,0.00000000e+00,0.00000000e+00,-4.27447332e-03,0
47,26,4.13308007e-03,0.00000000e+00,0.00000000e+00,4.13308007e-03,0
47,27,4.02682352e-03,0.00000000e+00,0.00000000e+00,-4.02682352e-03,0
47,28,8.34817496e-05,0.00000000e+00,0.00000000e+00,-8.34817496e-05,0
47,29,2.75811280e-03,0.00000000e+00,0.00000000e+00,-2.75811280e-03,0
47,30,3.65991414e-03,0.00000000e+00,0.00000000e+00,-3.65991414e-03,0
47,31,2.07844260e-03,0.00000000e+00,0.00000000e+00,2.07844260e-03,0
47,32,1.10017702e-03,0.00000000e+00,0.00000000e+00,1.10017702e-03,0
47,33,2.07844260e-03,0.00000000e+00,0.00000000e+00,2.07844260e-03,0
47,34,3.65991414e-03,0.00000000e+00,0.00000000e+00,-3.65991414e-03,0
47,35,2.75811280e-03,0.00000000e+00,0.00000000e+00,-2.75811280e-03,0
47,36,8.34817496e-05,0.00000000e+00,0.00000000e+00,-8.34817496e-05,0
47,37,4.02682352e-03,0.00000000e+00,0.00000000e+00,-4.02682352e-03,0
47,38,4.13308007e-03,0.00000000e+00,0.00000000e+00,4.13308007e-03,0
47,39,4.27447332e-03,0.00000000e+00,0.00000000e+00,-4.27447332e-03,0
47,40,2.33068187e-03,0.00000000e+00,0.00000000e+00,2.33068187e-03,0
47,41,4.87669526e-04,0.00000000e+00,0.00000000e+00,-4.87669526e-04,0
47,42,2.02424718e-03,0.00000000e+00,0.00000000e+00,2.02424718e-03,0
47,43,8.32394753e-04,0.00000000e+00,0.00000000e+00,8.32394753e-04,0
47,44,8.83121214e-04,0.00000000e+00,0.00000000e+00,8.83121214e-04,0
47,45,1.42885439e-03,0.00000000e+00,0.00000000e+00,-1.42885439e-03,0
47,46,1.41911019e-03,0.00000000e+00,0.00000000e+00,1.41911019e-03,0
47,47,3.97341352e-04,0.00000000e+00,0.00000000e+00,-3.97341352e-04,0
47,48,1.01059989e-03,0.00000000e+00,0.00000000e+00,1.01059989e-03,0
47,49,2.51087242e-03,0.00000000e+00,0.00000000e+00,-2.51087242e-03,0
47,50,1.01427475e-03,0.00000000e+00,0.00000000e+00,-1.01427475e-03,0
47,51,9.10680093e-05,0.00000000e+00,0.00000000e+00,9.10680093e-05,0
47,52,1.33438046e-03,0.00000000e+00,0.00000000e+00,-1.33438046e-03,0
47,53,2.49409019e-03,0.00000000e+00,0.00000000e+00,2.49409019e-03,0
47,54,2.26582217e-03,0.00000000e+00,0.00000000e+00,2.26582217e-03,0
47,55,5.80545263e-04,0.00000000e+00,0.00000000e+00,5.80545263e-04,0
47,56,1.21831214e-04,0.00000000e+00,0.00000000e+00,-1.21831214e-04,0
47,57,4.28129863e-03,0.00000000e+00,0.00000000e+00,-4.28129863e-03,0
47,58,2.99131232e-03,0.00000000e+00,0.00000000e+00,-2.99131232e-03,0
47,59,1.19468088e-03,0.00000000e+00,0.00000000e+00,1.19468088e-03,0
47,60,4.77973017e-04,0.00000000e+00,0.00000000e+00,4.77973017e-04,0
47,61,1.15617164e-04,0.00000000e+00,0.00000000e+00,1.15617164e-04,0
47,62,1.54130912e-03,0.00000000e+00,0.00000000e+00,1.54130912e-03,0
47,63,6.97987180e-04,0.00000000e+00,0.00000000e+00,6.97987180e-04,0
48,0,1.39244970e-03,0.00000000e+00,0.00000000e+00,1.39244970e-03,0
48,1,2.03673555e-04,0.00000000e+00,0.00000000e+00,2.03673555e-04,0
48,2,1.25660852e-03,0.00000000e+00,0.00000000e+00,-1.25660852e-03,0
48,3,1.07670016e-03,0.00000000e+00,0.00000000e+00,1.07670016e-03,0
48,4,3.26626545e-03,0.00000000e+00,0.00000000e+00,3.26626545e-03,0
48,5,1.41717565e-03,0.00000000e+00,0.00000000e+00,-1.41717565e-03,0
48,6,2.40569347e-03,0.00000000e+00,0.00000000e+00,-2.40569347e-03,0
48,7,3.10828240e-03,0.00000000e+00,0.00000000e+00,3.10828240e-03,0
48,8,2.16022481e-03,0.00000000e+00,0.00000000e+00,-2.16022481e-03,0
48,9,4.76882490e-03,0.00000000e+00,0.00000000e+00,-4.76882490e-03,0
48,10,3.34475315e-03,0.00000000e+00,0.00000000e+00,3.34475315e-03,0
48,11,1.14460340e-03,0.00000000e+00,0.00000000e+00,-1.14460340e-03,0
48,12,9.85967820e-04,0.00000000e+00,0.00000000e+00,9.85967820e-04,0
48,13,2.41282456e-03,0.00000000e+00,0.00000000e+00,2.41282456e-03,0
48,14,4.19895170e-03,0.00000000e+00,0.00000000e+00,-4.19895170e-03,0
48,15,2.48163054e-03,0.00000000e+00,0.00000000e+00,2.48163054e-03,0
48,16,4.87583338e-03,0.00000000e+00,0.00000000e+00,-4.87583338e-03,0
48,17,1.01059989e-03,0.00000000e+00,0.00000000e+00,1.01059989e-03,0
48,18,6.09999632e-03,0.00000000e+00,0.00000000e+00,-6.09999632e-03,0
48,19,3.66052498e-03,0.00000000e+00,0.00000000e+00,3.66052498e-03,0
48,20,4.15122331e-03,0.00000000e+00,0.00000000e+00,-4.15122331e-03,0
48,21,1.17276234e-03,0.00000000e+00,0.00000000e+00,-1.17276234e-03,0
48,22,3.17938714e-03,0.00000000e+00,0.00000000e+00,-3.17938714e-03,0
48,23,2.32250829e-03,0.00000000e+00,0.00000000e+00,2.32250829e-03,0
48,24,7.32737361e-03,0.00000000e+00,0.00000000e+00,-7.32737361e-03,0
48,25,4.73529091e-03,0.00000000e+00,0.00000000e+00,4.73529091e-03,0
48,26,9.85038506e-03,0.00000000e+00,0.00000000e+00,-9.85038506e-03,0
48,27,4.21697146e-03,0.00000000e+00,0.00000000e+00,4.21697146e-03,0
48,28,2.33569717e-03,0.00000000e+00,0.00000000e+00,-2.33569717e-03,0
48,29,5.10744549e-03,0.00000000e+00,0.00000000e+00,-5.10744549e-03,0
48,30,7.37867783e-04,0.00000000e+00,0.00000000e+00,-7.37867783e-04,0
48,31,5.50033067e-04,0.00000000e+00,0.00000000e+00,5.50033067e-04,0
48,32,5.47825730e-03,0.00000000e+00,0.00000000e+00,5.47825730e-03,0
48,33,5.50033067e-04,0.00000000e+00,0.00000000e+00,5.50033067e-04,0
48,34,7.37867783e-04,0.00000000e+00,0.00000000e+00,-7.37867783e-04,0
48,35,5.10744549e-03,0.00000000e+00,0.00000000e+00,-5.10744549e-03,0
48,36,2.33569717e-03,0.00000000e+00,0.00000000e+00,-2.33569717e-03,0
48,37,4.21697146e-03,0.00000000e+00,0.00000000e+00,4.21697146e-03,0
48,38,9.85038506e-03,0.00000000e+00,0.00000000e+00,-9.85038506e-03,0
48,39,4.73529091e-03,0.00000000e+00,0.00000000e+00,4.73529091e-03,0
48,40,7.32737361e-03,0.00000000e+00,0.00000000e+00,-7.32737361e-03,0
48,41,2.32250829e-03,0.00000000e+00,0.00000000e+00,2.32250829e-03,0
48,42,3.17938714e-03,0.00000000e+00,0.00000000e+00,-3.17938714e-03,0
48,43,1.17276234e-03,0.00000000e+00,0.00000000e+00,-1.17276234e-03,0
48,44,4.15122331e-03,0.00000000e+00,0.00000000e+00,-4.15122331e-03,0
48,45,3.66052498e-03,0.00000000e+00,0.00000000e+00,3.66052498e-03,0
48,46,6.09999632e-03,0.00000000e+00,0.00000000e+00,-6.09999632e-03,0
48,47,1.01059989e-03,0.00000000e+00,0.00000000e+00,1.01059989e-03,0
48,48,4.87583338e-03,0.00000000e+00,0.00000000e+00,-4.87583338e-03,0
48,49,2.48163054e-03,0.00000000e+00,0.00000000e+00,2.48163054e-03,0
48,50,4.19895170e-03,0.00000000e+00,0.00000000e+00,-4.19895170e-03,0
48,51,2.41282456e-03,0.00000000e+00,0.00000000e+00,2.41282456e-03,0
48,52,9.85967820e-04,0.00000000e+00,0.00000000e+00,9.85967820e-04,0
48,53,1.14460340e-03,0.00000000e+00,0.00000000e+00,-1.14460340e-03,0
48,54,3.34475315e-03,0.00000000e+00,0.00000000e+00,3.34475315e-03,0
48,55,4.76882490e-03,0.00000000e+00,0.00000000e+00,-4.76882490e-03,0
48,56,2.16022481e-03,0.00000000e+00,0.00000000e+00,-2.16022481e-03,0
48,57,3.10828240e-03,0.00000000e+00,0.00000000e+00,3.10828240e-03,0
48,58,2.40569347e-03,0.00000000e+00,0.00000000e+00,-2.40569347e-03,0
48,59,1.41717565e-03,0.00000000e+00,0.00000000e+00,-1.41717565e-03,0
48,60,3.26626545e-03,0.00000000e+00,0.00000000e+00,3.26626545e-03,0
48,61,1.07670016e-03,0.00000000e+00,0.00000000e+00,1.07670016e-03,0
48,62,1.25660852e-03,0.00000000e+00,0.00000000e+00,-1.25660852e-03,0
48,63,2.03673555e-04,0.00000000e+00,0.00000000e+00,2.03673555e-04,0
49,0,6.02572469e-04,0.00000000e+00,0.00000000e+00,6.02572469e-04,0
49,1,1.17004639e-03,0.00000000e+00,0.00000000e+00,1.17004639e-03,0
49,2,6.47765837e-04,0.00000000e+00,0.00000000e+00,-6.47765837e-04,0
49,3,2.39335762e-03,0.00000000e+00,0.00000000e+00,-2.39335762e-03,0
49,4,2.35948474e-03,0.00000000e+00,0.00000000e+00,2.35948474e-03,0
49,5,3.59129410e-03,0.00000000e+00,0.00000000e+00,3.59129410e-03,0
49,6,2.77787464e-03,0.00000000e+00,0.00000000e+00,-2.77787464e-03,0
49,7,2.06625092e-03,0.00000000e+00,0.00000000e+00,-2.06625092e-03,0
49,8,2.30827245e-03,0.00000000e+00,0.00000000e+00,2.30827245e-03,0
49,9,2.67018203e-04,0.00000000e+00,0.00000000e+00,-2.67018203e-04,0
49,10,2.80789081e-04,0.00000000e+00,0.00000000e+00,2.80789081e-04,0
49,11,1.55658530e-03,0.00000000e+00,0.00000000e+00,1.55658530e-03,0
49,12,3.60082247e-03,0.00000000e+00,0.00000000e+00,-3.60082247e-03,0
49,13,6.80039626e-04,0.00000000e+00,0.00000000e+00,6.80039626e-04,0
49,14,1.21894634e-03,0.00000000e+00,0.00000000e+00,-1.21894634e-03,0
49,15,3.14819258e-03,0.00000000e+00,0.00000000e+00,-3.14819258e-03,0
49,16,2.48163054e-03,0.00000000e+00,0.00000000e+00,2.48163054e-03,0
49,17,2.51087242e-03,0.00000000e+00,0.00000000e+00,-2.51087242e-03,0
49,18,3.29828257e-03,0.00000000e+00,0.00000000e+00,3.29828257e-03,0
49,19,5.28897915e-03,0.00000000e+00,0.00000000e+00,-5.28897915e-03,0
49,20,4.45614439e-03,0.00000000e+00,0.00000000e+00,4.45614439e-03,0
49,21,3.80101104e-03,0.00000000e+00,0.00000000e+00,-3.80101104e-03,0
49,22,3.66916032e-03,0.00000000e+00,0.00000000e+00,3.66916032e-03,0
49,23,4.67533983e-03,0.00000000e+00,0.00000000e+00,-4.67533983e-03,0
49,24,3.36487648e-03,0.00000000e+00,0.00000000e+00,3.36487648e-03,0
49,25,4.92488371e-03,0.00000000e+00,0.00000000e+00,-4.92488371e-03,0
49,26,2.14551921e-03,0.00000000e+00,0.00000000e+00,2.14551921e-03,0
49,27,2.46628406e-03,0.00000000e+00,0.00000000e+00,-2.46628406e-03,0
49,28,1.84125986e-03,0.00000000e+00,0.00000000e+00,-1.84125986e-03,0
49,29,7.41440927e-03,0.00000000e+00,0.00000000e+00,7.41440927e-03,0
49,30,5.45797542e-03,0.00000000e+00,0.00000000e+00,-5.45797542e-03,0
49,31,2.79742009e-03,0.00000000e+00,0.00000000e+00,-2.79742009e-03,0
49,32,1.00722611e-02,0.00000000e+00,0.00000000e+00,1.00722611e-02,0
49,33,2.79742009e-03,0.00000000e+00,0.00000000e+00,-2.79742009e-03,0
49,34,5.45797542e-03,0.00000000e+00,0.00000000e+00,-5.45797542e-03,0
49,35,7.41440927e-03,0.00000000e+00,0.00000000e+00,7.41440927e-03,0
49,36,1.84125986e-03,0.00000000e+00,0.00000000e+00,-1.84125986e-03,0
49,37,2.46628406e-03,0.00000000e+00,0.00000000e+00,-2.46628406e-03,0
49,38,2.14551921e-03,0.00000000e+00,0.00000000e+00,2.14551921e-03,0
49,39,4.92488371e-03,0.00000000e+00,0.00000000e+00,-4.92488371e-03,0
49,40,3.36487648e-03,0.00000000e+00,0.00000000e+00,3.36487648e-03,0
49,41,4.67533983e-03,0.00000000e+00,0.00000000e+00,-4.67533983e-03,0
49,42,3.66916032e-03,0.00000000e+00,0.00000000e+00,3.66916032e-03,0
49,43,3.80101104e-03,0.00000000e+00,0.00000000e+00,-3.80101104e-03,0
49,44,4.45614439e-03,0.00000000e+00,0.00000000e+00,4.45614439e-03,0
49,45,5.28897915e-03,0.00000000e+00,0.00000000e+00,-5.28897915e-03,0
49,46,3.29828257e-03,0.00000000e+00,0.00000000e+00,3.29828257e-03,0
49,47,2.51087242e-03,0.00000000e+00,0.00000000e+00,-2.51087242e-03,0
49,48,2.48163054e-03,0.00000000e+00,0.00000000e+00,2.48163054e-03,0
49,49,3.14819258e-03,0.00000000e+00,0.00000000e+00,-3.14819258e-03,0
49,50,1.21894634e-03,0.00000000e+00,0.00000000e+00,-1.21894634e-03,0
49,51,6.80039626e-04,0.00000000e+00,0.00000000e+00,6.80039626e-04,0
49,52,3.60082247e-03,0.00000000e+00,0.00000000e+00,-3.60082247e-03,0
49,53,1.55658530e-03,0.00000000e+00,0.00000000e+00,1.55658530e-03,0
49,54,2.80789081e-04,0.00000000e+00,0.00000000e+00,2.80789081e-04,0
49,55,2.67018203e-04,0.00000000e+00,0.00000000e+00,-2.67018203e-04,0
49,56,2.30827245e-03,0.00000000e+00,0.00000000e+00,2.30827245e-03,0
49,57,2.06625092e-03,0.00000000e+00,0.00000000e+00,-2.06625092e-03,0
49,58,2.77787464e-03,0.00000000e+00,0.00000000e+00,-2.77787464e-03,0
49,59,3.59129410e-03,0.00000000e+00,0.00000000e+00,3.59129410e-03,0
49,60,2.35948474e-03,0.00000000e+00,0.00000000e+00,2.35948474e-03,0
49,61,2.39335762e-03,0.00000000e+00,0.00000000e+00,-2.39335762e-03,0
49,62,6.47765837e-04,0.00000000e+00,0.00000000e+00,-6.47765837e-04,0
49,63,1.17004639e-03,0.00000000e+00,0.00000000e+00,1.17004639e-03,0
50,0,2.73660584e-03,0.00000000e+00,0.00000000e+00,-2.73660584e-03,0
50,1,3.97864920e-04,0.00000000e+00,0.00000000e+00,3.97864920e-04,0
50,2,2.47477912e-03,0.00000000e+00,0.00000000e+00,2.47477912e-03,0
50,3,2.14287505e-04,0.00000000e+00,0.00000000e+00,-2.14287505e-04,0
50,4,3.08877122e-04,0.00000000e+00,0.00000000e+00,-3.08877122e-04,0
50,5,5.85057096e-04,0.00000000e+00,0.00000000e+00,-5.85057096e-04,0
50,6,1.32791406e-03,0.00000000e+00,0.00000000e+00,-1.32791406e-03,0
50,7,2.66671483e-03,0.00000000e+00,0.00000000e+00,2.66671483e-03,0
50,8,7.10916818e-04,0.00000000e+00,0.00000000e+00,-7.10916818e-04,0
50,9,2.56529934e-03,0.00000000e+00,0.00000000e+00,-2.56529934e-03,0
50,10,4.66514662e-03,0.00000000e+00,0.00000000e+00,4.66514662e-03,0
50,11,1.30815027e-03,0.00000000e+00,0.00000000e+00,1.30815027e-03,0
50,12,2.00191351e-03,0.00000000e+00,0.00000000e+00,2.00191351e-03,0
50,13,2.44807842e-04,0.00000000e+00,0.00000000e+00,2.44807842e-04,0
50,14,2.24545246e-03,0.00000000e+00,0.00000000e+00,-2.24545246e-03,0
50,15,1.21894634e-03,0.00000000e+00,0.00000000e+00,-1.21894634e-03,0
50,16,4.19895170e-03,0.00000000e+00,0.00000000e+00,-4.19895170e-03,0
50,17,1.01427475e-03,0.00000000e+00,0.00000000e+00,-1.01427475e-03,0
50,18,5.70921895e-03,0.00000000e+00,0.00000000e+00,-5.70921895e-03,0
50,19,2.75809182e-03,0.00000000e+00,0.00000000e+00,2.75809182e-03,0
50,20,5.31357591e-03,0.00000000e+00,0.00000000e+00,-5.31357591e-03,0
50,21,1.03223628e-03,0.00000000e+00,0.00000000e+00,-1.03223628e-03,0
50,22,3.27676715e-03,0.00000000e+00,0.00000000e+00,-3.27676715e-03,0
50,23,4.63370881e-04,0.00000000e+00,0.00000000e+00,4.63370881e-04,0
50,24,5.34624991e-03,0.00000000e+00,0.00000000e+00,-5.34624991e-03,0
50,25,1.90800008e-03,0.00000000e+00,0.00000000e+00,1.90800008e-03,0
50,26,4.08631444e-03,0.00000000e+00,0.00000000e+00,-4.08631444e-03,0
50,27,8.51421162e-04,0.00000000e+00,0.00000000e+00,8.51421162e-04,0
50,28,1.20950472e-03,0.00000000e+00,0.00000000e+00,1.20950472e-03,0
50,29,3.09396557e-03,0.00000000e+00,0.00000000e+00,-3.09396557e-03,0
50,30,3.15110600e-03,0.00000000e+00,0.00000000e+00,3.15110600e-03,0
50,31,2.30516868e-03,0.00000000e+00,0.00000000e+00,2.30516868e-03,0
50,32,5.75766548e-03,0.00000000e+00,0.00000000e+00,-5.75766548e-03,0
50,33,2.30516868e-03,0.00000000e+00,0.00000000e+00,2.30516868e-03,0
50,34,3.15110600e-03,0.00000000e+00,0.00000000e+00,3.15110600e-03,0
50,35,3.09396557e-03,0.00000000e+00,0.00000000e+00,-3.09396557e-03,0
50,36,1.20950472e-03,0.00000000e+00,0.00000000e+00,1.20950472e-03,0
50,37,8.51421162e-04,0.00000000e+00,0.00000000e+00,8.51421162e-04,0
50,38,4.08631444e-03,0.00000000e+00,0.00000000e+00,-4.08631444e-03,0
50,39,1.90800008e-03,0.00000000e+00,0.00000000e+00,1.90800008e-03,0
50,40,5.34624991e-03,0.00000000e+00,0.00000000e+00,-5.34624991e-03,0
50,41,4.63370881e-04,0.00000000e+00,0.00000000e+00,4.63370881e-04,0
50,42,3.27676715e-03,0.00000000e+00,0.00000000e+00,-3.27676715e-03,0
50,43,1.03223628e-03,0.00000000e+00,0.00000000e+00,-1.03223628e-03,0
50,44,5.31357591e-03,0.00000000e+00,0.00000000e+00,-5.31357591e-03,0
50,45,2.75809182e-03,0.00000000e+00,0.00000000e+00,2.75809182e-03,0
50,46,5.70921895e-03,0.00000000e+00,0.00000000e+00,-5.70921895e-03,0
50,47,1.01427475e-03,0.00000000e+00,0.00000000e+00,-1.01427475e-03,0
50,48,4.19895170e-03,0.00000000e+00,0.00000000e+00,-4.19895170e-03,0
50,49,1.21894634e-03,0.00000000e+00,0.00000000e+00,-1.21894634e-03,0
50,50,2.24545246e-03,0.00000000e+00,0.00000000e+00,-2.24545246e-03,0
50,51,2.44807842e-04,0.00000000e+00,0.00000000e+00,2.44807842e-04,0
50,52,2.00191351e-03,0.00000000e+00,0.00000000e+00,2.00191351e-03,0
50,53,1.30815027e-03,0.00000000e+00,0.00000000e+00,1.30815027e-03,0
50,54,4.66514662e-03,0.00000000e+00,0.00000000e+00,4.66514662e-03,0
50,55,2.56529934e-03,0.00000000e+00,0.00000000e+00,-2.56529934e-03,0
50,56,7.10916818e-04,0.00000000e+00,0.00000000e+00,-7.10916818e-04,0
50,57,2.66671483e-03,0.00000000e+00,0.00000000e+00,2.66671483e-03,0
50,58,1.32791406e-03,0.00000000e+00,0.00000000e+00,-1.32791406e-03,0
50,59,5.85057096e-04,0.00000000e+00,0.00000000e+00,-5.85057096e-04,0
50,60,3.08877122e-04,0.00000000e+00,0.00000000e+00,-3.08877122e-04,0
50,61,2.14287505e-04,0.00000000e+00,0.00000000e+00,-2.14287505e-04,0
50,62,2.47477912e-03,0.00000000e+00,0.00000000e+00,2.47477912e-03,0
50,63,3.97864920e-04,0.00000000e+00,0.00000000e+00,3.97864920e-04,0
51,0,2.37879114e-03,0.00000000e+00,0.00000000e+00,-2.37879114e-03,0
51,1,2.49990669e-04,0.00000000e+00,0.00000000e+00,2.49990669e-04,0
51,2,1.56022825e-03,0.00000000e+00,0.00000000e+00,1.56022825e-03,0
51,3,1.40303212e-03,0.00000000e+00,0.00000000e+00,-1.40303212e-03,0
51,4,1.41957931e-03,0.00000000e+00,0.00000000e+00,1.41957931e-03,0
51,5,3.98802865e-03,0.00000000e+00,0.00000000e+00,3.98802865e-03,0
51,6,4.76583387e-03,0.00000000e+00,0.00000000e+00,-4.76583387e-03,0
51,7,3.51963701e-03,0.00000000e+00,0.00000000e+00,-3.51963701e-03,0
51,8,5.61278573e-03,0.00000000e+00,0.00000000e+00,5.61278573e-03,0
51,9,2.19125880e-03,0.00000000e+00,0.00000000e+00,-2.19125880e-03,0
51,10,9.77563774e-04,0.00000000e+00,0.00000000e+00,-9.77563774e-04,0
51,11,4.21949717e-03,0.00000000e+00,0.00000000e+00,4.21949717e-03,0
51,12,2.21404400e-03,0.00000000e+00,0.00000000e+00,-2.21404400e-03,0
51,13,5.30705034e-03,0.00000000e+00,0.00000000e+00,5.30705034e-03,0
51,14,2.44807842e-04,0.00000000e+00,0.00000000e+00,2.44807842e-04,0
51,15,6.80039626e-04,0.00000000e+00,0.00000000e+00,6.80039626e-04,0
51,16,2.41282456e-03,0.00000000e+00,0.00000000e+00,2.41282456e-03,0
51,17,9.10680093e-05,0.00000000e+00,0.00000000e+00,9.10680093e-05,0
51,18,1.59519054e-03,0.00000000e+00,0.00000000e+00,1.59519054e-03,0
51,19,4.39655578e-03,0.00000000e+00,0.00000000e+00,-4.39655578e-03,0
51,20,4.83309436e-03,0.00000000e+00,0.00000000e+00,4.83309436e-03,0
51,21,3.31244539e-03,0.00000000e+00,0.00000000e+00,-3.31244539e-03,0
51,22,2.26289400e-03,0.00000000e+00,0.00000000e+00,2.26289400e-03,0
51,23,1.86163828e-03,0.00000000e+00,0.00000000e+00,-1.86163828e-03,0
51,24,4.54767400e-04,0.00000000e+00,0.00000000e+00,4.54767400e-04,0
51,25,1.36660003e-05,0.00000000e+00,0.00000000e+00,1.36660003e-05,0
51,26,9.09590576e-04,0.00000000e+00,0.00000000e+00,9.09590576e-04,0
51,27,3.19186604e-03,0.00000000e+00,0.00000000e+00,3.19186604e-03,0
51,28,1.63238920e-03,0.00000000e+00,0.00000000e+00,-1.63238920e-03,0
51,29,8.60461726e-03,0.00000000e+00,0.00000000e+00,8.60461726e-03,0
51,30,5.06652897e-03,0.00000000e+00,0.00000000e+00,-5.06652897e-03,0
51,31,5.79401978e-03,0.00000000e+00,0.00000000e+00,-5.79401978e-03,0
51,32,1.61433632e-02,0.00000000e+00,0.00000000e+00,1.61433632e-02,0
51,33,5.79401978e-03,0.00000000e+00,0.00000000e+00,-5.79401978e-03,0
51,34,5.06652897e-03,0.00000000e+00,0.00000000e+00,-5.06652897e-03,0
51,35,8.60461726e-03,0.00000000e+00,0.00000000e+00,8.60461726e-03,0
51,36,1.63238920e-03,0.00000000e+00,0.00000000e+00,-1.63238920e-03,0
51,37,3.19186604e-03,0.00000000e+00,0.00000000e+00,3.19186604e-03,0
51,38,9.09590576e-04,0.00000000e+00,0.00000000e+00,9.09590576e-04,0
51,39,1.36660003e-05,0.00000000e+00,0.00000000e+00,1.36660003e-05,0
51,40,4.54767400e-04,0.00000000e+00,0.00000000e+00,4.54767400e-04,0
51,41,1.86163828e-03,0.00000000e+00,0.00000000e+00,-1.86163828e-03,0
51,42,2.26289400e-03,0.00000000e+00,0.00000000e+00,2.26289400e-03,0
51,43,3.31244539e-03,0.00000000e+00,0.00000000e+00,-3.31244539e-03,0
51,44,4.83309436e-03,0.00000000e+00,0.00000000e+00,4.83309436e-03,0
51,45,4.39655578e-03,0.00000000e+00,0.00000000e+00,-4.39655578e-03,0
51,46,1.59519054e-03,0.00000000e+00,0.00000000e+00,1.59519054e-03,0
51,47,9.10680093e-05,0.00000000e+00,0.00000000e+00,9.10680093e-05,0
51,48,2.41282456e-03,0.00000000e+00,0.00000000e+00,2.41282456e-03,0
51,49,6.80039626e-04,0.00000000e+00,0.00000000e+00,6.80039626e-04,0
51,50,2.44807842e-04,0.00000000e+00,0.00000000e+00,2.44807842e-04,0
51,51,5.30705034e-03,0.00000000e+00,0.00000000e+00,5.30705034e-03,0
51,52,2.21404400e-03,0.00000000e+00,0.00000000e+00,-2.21404400e-03,0
51,53,4.21949717e-03,0.00000000e+00,0.00000000e+00,4.21949717e-03,0
51,54,9.77563774e-04,0.00000000e+00,0.00000000e+00,-9.77563774e-04,0
51,55,2.19125880e-03,0.00000000e+00,0.00000000e+00,-2.19125880e-03,0
51,56,5.61278573e-03,0.00000000e+00,0.00000000e+00,5.61278573e-03,0
51,57,3.51963701e-03,0.00000000e+00,0.00000000e+00,-3.51963701e-03,0
51,58,4.76583387e-03,0.00000000e+00,0.00000000e+00,-4.76583387e-03,0
51,59,3.98802865e-03,0.00000000e+00,0.00000000e+00,3.98802865e-03,0
51,60,1.41957931e-03,0.00000000e+00,0.00000000e+00,1.41957931e-03,0
51,61,1.40303212e-03,0.00000000e+00,0.00000000e+00,-1.40303212e-03,0
51,62,1.56022825e-03,0.00000000e+00,0.00000000e+00,1.56022825e-03,0
51,63,2.49990669e-04,0.00000000e+00,0.00000000e+00,2.49990669e-04,0
52,0,4.77694371e-04,0.00000000e+00,0.00000000e+00,-4.77694371e-04,0
52,1,7.93079020e-04,0.00000000e+00,0.00000000e+00,7.93079020e-04,0
52,2,1.19902661e-03,0.00000000e+00,0.00000000e+00,1.19902661e-03,0
52,3,2.34241845e-03,0.00000000e+00,0.00000000e+00,-2.34241845e-03,0
52,4,2.62599936e-03,0.00000000e+00,0.00000000e+00,-2.62599936e-03,0
52,5,3.47810775e-03,0.00000000e+00,0.00000000e+00,3.47810775e-03,0
52,6,3.12157188e-03,0.00000000e+00,0.00000000e+00,3.12157188e-03,0
52,7,3.38358677e-03,0.00000000e+00,0.00000000e+00,-3.38358677e-03,0
52,8,1.56157088e-03,0.00000000e+00,0.00000000e+00,-1.56157088e-03,0
52,9,2.42105070e-03,0.00000000e+00,0.00000000e+00,2.42105070e-03,0
52,10,7.07312082e-04,0.00000000e+00,0.00000000e+00,7.07312082e-04,0
52,11,2.41493870e-03,0.00000000e+00,0.00000000e+00,2.41493870e-03,0
52,12,8.90475096e-04,0.00000000e+00,0.00000000e+00,8.90475096e-04,0
52,13,2.21404400e-03,0.00000000e+00,0.00000000e+00,-2.21404400e-03,0
52,14,2.00191351e-03,0.00000000e+00,0.00000000e+00,2.00191351e-03,0
52,15,3.60082247e-03,0.00000000e+00,0.00000000e+00,-3.60082247e-03,0
52,16,9.85967820e-04,0.00000000e+00,0.00000000e+00,9.85967820e-04,0
52,17,1.33438046e-03,0.00000000e+00,0.00000000e+00,-1.33438046e-03,0
52,18,1.15505211e-03,0.00000000e+00,0.00000000e+00,1.15505211e-03,0
52,19,1.38281421e-03,0.00000000e+00,0.00000000e+00,1.38281421e-03,0
52,20,8.29655307e-04,0.00000000e+00,0.00000000e+00,-8.29655307e-04,0
52,21,4.67869045e-05,0.00000000e+00,0.00000000e+00,4.67869045e-05,0
52,22,2.31770415e-03,0.00000000e+00,0.00000000e+00,2.31770415e-03,0
52,23,5.68297808e-04,0.00000000e+00,0.00000000e+00,-5.68297808e-04,0
52,24,1.41437487e-03,0.00000000e+00,0.00000000e+00,1.41437487e-03,0
52,25,3.63383776e-03,0.00000000e+00,0.00000000e+00,-3.63383776e-03,0
52,26,3.23265907e-03,0.00000000e+00,0.00000000e+00,3.23265907e-03,0
52,27,2.19916895e-03,0.00000000e+00,0.00000000e+00,-2.19916895e-03,0
52,28,2.99828695e-03,0.00000000e+00,0.00000000e+00,2.99828695e-03,0
52,29,1.13146161e-03,0.00000000e+00,0.00000000e+00,1.13146161e-03,0
52,30,1.42310842e-03,0.00000000e+00,0.00000000e+00,1.42310842e-03,0
52,31,2.35403633e-03,0.00000000e+00,0.00000000e+00,2.35403633e-03,0
52,32,1.10633066e-02,0.00000000e+00,0.00000000e+00,-1.10633066e-02,0
52,33,2.35403633e-03,0.00000000e+00,0.00000000e+00,2.35403633e-03,0
52,34,1.42310842e-03,0.00000000e+00,0.00000000e+00,1.42310842e-03,0
52,35,1.13146161e-03,0.00000000e+00,0.00000000e+00,1.13146161e-03,0
52,36,2.99828695e-03,0.00000000e+00,0.00000000e+00,2.99828695e-03,0
52,37,2.19916895e-03,0.00000000e+00,0.00000000e+00,-2.19916895e-03,0
52,38,3.23265907e-03,0.00000000e+00,0.00000000e+00,3.23265907e-03,0
52,39,3.63383776e-03,0.00000000e+00,0.00000000e+00,-3.63383776e-03,0
52,40,1.41437487e-03,0.00000000e+00,0.00000000e+00,1.41437487e-03,0
52,41,5.68297808e-04,0.00000000e+00,0.00000000e+00,-5.68297808e-04,0
52,42,2.31770415e-03,0.00000000e+00,0.00000000e+00,2.31770415e-03,0
52,43,4.67869045e-05,0.00000000e+00,0.00000000e+00,4.67869045e-05,0
52,44,8.29655307e-04,0.00000000e+00,0.00000000e+00,-8.29655307e-04,0
52,45,1.38281421e-03,0.00000000e+00,0.00000000e+00,1.38281421e-03,0
52,46,1.15505211e-03,0.00000000e+00,0.00000000e+00,1.15505211e-03,0
52,47,1.33438046e-03,0.00000000e+00,0.00000000e+00,-1.33438046e-03,0
52,48,9.85967820e-04,0.00000000e+00,0.00000000e+00,9.85967820e-04,0
52,49,3.60082247e-03,0.00000000e+00,0.00000000e+00,-3.60082247e-03,0
52,50,2.00191351e-03,0.00000000e+00,0.00000000e+00,2.00191351e-03,0
52,51,2.21404400e-03,0.00000000e+00,0.00000000e+00,-2.21404400e-03,0
52,52,8.90475096e-04,0.00000000e+00,0.00000000e+00,8.90475096e-04,0
52,53,2.41493870e-03,0.00000000e+00,0.00000000e+00,2.41493870e-03,0
52,54,7.07312082e-04,0.00000000e+00,0.00000000e+00,7.07312082e-04,0
52,55,2.42105070e-03,0.00000000e+00,0.00000000e+00,2.42105070e-03,0
52,56,1.56157088e-03,0.00000000e+00,0.00000000e+00,-1.56157088e-03,0
52,57,3.38358677e-03,0.00000000e+00,0.00000000e+00,-3.38358677e-03,0
52,58,3.12157188e-03,0.00000000e+00,0.00000000e+00,3.12157188e-03,0
52,59,3.47810775e-03,0.00000000e+00,0.00000000e+00,3.47810775e-03,0
52,60,2.62599936e-03,0.00000000e+00,0.00000000e+00,-2.62599936e-03,0
52,61,2.34241845e-03,0.00000000e+00,0.00000000e+00,-2.34241845e-03,0
52,62,1.19902661e-03,0.00000000e+00,0.00000000e+00,1.19902661e-03,0
52,63,7.93079020e-04,0.00000000e+00,0.00000000e+00,7.93079020e-04,0
53,0,8.67816132e-04,0.00000000e+00,0.00000000e+00,8.67816132e-04,0
53,1,8.49995550e-04,0.00000000e+00,0.00000000e+00,8.49995550e-04,0
53,2,8.01140945e-05,0.00000000e+00,0.00000000e+00,8.01140945e-05,0
53,3,1.81427638e-03,0.00000000e+00,0.00000000e+00,-1.81427638e-03,0
53,4,8.08302085e-04,0.00000000e+00,0.00000000e+00,-8.08302085e-04,0
53,5,1.90475002e-03,0.00000000e+00,0.00000000e+00,1.90475002e-03,0
53,6,1.02355245e-03,0.00000000e+00,0.00000000e+00,-1.02355245e-03,0
53,7,1.07618198e-03,0.00000000e+00,0.00000000e+00,-1.07618198e-03,0
53,8,2.21191267e-03,0.00000000e+00,0.00000000e+00,2.21191267e-03,0
53,9,2.41823560e-03,0.00000000e+00,0.00000000e+00,-2.41823560e-03,0
53,10,1.00238299e-04,0.00000000e+00,0.00000000e+00,1.00238299e-04,0
53,11,4.32826049e-03,0.00000000e+00,0.00000000e+00,4.32826049e-03,0
53,12,2.41493870e-03,0.00000000e+00,0.00000000e+00,2.41493870e-03,0
53,13,4.21949717e-03,0.00000000e+00,0.00000000e+00,4.21949717e-03,0
53,14,1.30815027e-03,0.00000000e+00,0.00000000e+00,1.30815027e-03,0
53,15,1.55658530e-03,0.00000000e+00,0.00000000e+00,1.55658530e-03,0
53,16,1.14460340e-03,0.00000000e+00,0.00000000e+00,-1.14460340e-03,0
53,17,2.49409019e-03,0.00000000e+00,0.00000000e+00,2.49409019e-03,0
53,18,3.96446059e-03,0.00000000e+00,0.00000000e+00,-3.96446059e-03,0
53,19,2.36024255e-05,0.00000000e+00,0.00000000e+00,-2.36024255e-05,0
53,20,2.28667923e-04,0.00000000e+00,0.00000000e+00,-2.28667923e-04,0
53,21,3.74277759e-04,0.00000000e+00,0.00000000e+00,-3.74277759e-04,0
53,22,3.35303526e-03,0.00000000e+00,0.00000000e+00,-3.35303526e-03,0
53,23,4.63587788e-03,0.00000000e+00,0.00000000e+00,4.63587788e-03,0
53,24,4.36073602e-03,0.00000000e+00,0.00000000e+00,-4.36073602e-03,0
53,25,5.54620582e-03,0.00000000e+00,0.00000000e+00,5.54620582e-03,0
53,26,3.29264775e-03,0.00000000e+00,0.00000000e+00,-3.29264775e-03,0
53,27,5.14169598e-03,0.00000000e+00,0.00000000e+00,5.14169598e-03,0
53,28,4.42560076e-03,0.00000000e+00,0.00000000e+00,4.42560076e-03,0
53,29,3.41370064e-03,0.00000000e+00,0.00000000e+00,3.41370064e-03,0
53,30,1.82521078e-03,0.00000000e+00,0.00000000e+00,1.82521078e-03,0
53,31,6.58703473e-03,0.00000000e+00,0.00000000e+00,-6.58703473e-03,0
53,32,3.23578254e-03,0.00000000e+00,0.00000000e+00,3.23578254e-03,0
53,33,6.58703473e-03,0.00000000e+00,0.00000000e+00,-6.58703473e-03,0
53,34,1.82521078e-03,0.00000000e+00,0.00000000e+00,1.82521078e-03,0
53,35,3.41370064e-03,0.00000000e+00,0.00000000e+00,3.41370064e-03,0
53,36,4.42560076e-03,0.00000000e+00,0.00000000e+00,4.42560076e-03,0
53,37,5.14169598e-03,0.00000000e+00,0.00000000e+00,5.14169598e-03,0
53,38,3.29264775e-03,0.00000000e+00,0.00000000e+00,-3.29264775e-03,0
53,39,5.54620582e-03,0.00000000e+00,0.00000000e+00,5.54620582e-03,0
53,40,4.36073602e-03,0.00000000e+00,0.00000000e+00,-4.36073602e-03,0
53,41,4.63587788e-03,0.00000000e+00,0.00000000e+00,4.63587788e-03,0
53,42,3.35303526e-03,0.00000000e+00,0.00000000e+00,-3.35303526e-03,0
53,43,3.74277759e-04,0.00000000e+00,0.00000000e+00,-3.74277759e-04,0
53,44,2.28667923e-04,0.00000000e+00,0.00000000e+00,-2.28667923e-04,0
53,45,2.36024255e-05,0.00000000e+00,0.00000000e+00,-2.36024255e-05,0
53,46,3.96446059e-03,0.00000000e+00,0.00000000e+00,-3.96446059e-03,0
53,47,2.49409019e-03,0.00000000e+00,0.00000000e+00,2.49409019e-03,0
53,48,1.14460340e-03,0.00000000e+00,0.00000000e+00,-1.14460340e-03,0
53,49,1.55658530e-03,0.00000000e+00,0.00000000e+00,1.55658530e-03,0
53,50,1.30815027e-03,0.00000000e+00,0.00000000e+00,1.30815027e-03,0
53,51,4.21949717e-03,0.00000000e+00,0.00000000e+00,4.21949717e-03,0
53,52,2.41493870e-03,0.00000000e+00,0.00000000e+00,2.41493870e-03,0
53,53,4.32826049e-03,0.00000000e+00,0.00000000e+00,4.32826049e-03,0
53,54,1.00238299e-04,0.00000000e+00,0.00000000e+00,1.00238299e-04,0
53,55,2.41823560e-03,0.00000000e+00,0.00000000e+00,-2.41823560e-03,0
53,56,2.21191267e-03,0.00000000e+00,0.00000000e+00,2.21191267e-03,0
53,57,1.07618198e-03,0.00000000e+00,0.00000000e+00,-1.07618198e-03,0
53,58,1.02355245e-03,0.00000000e+00,0.00000000e+00,-1.02355245e-03,0
53,59,1.90475002e-03,0.00000000e+00,0.00000000e+00,1.90475002e-03,0
53,60,8.08302085e-04,0.00000000e+00,0.00000000e+00,-8.08302085e-04,0
53,61,1.81427638e-03,0.00000000e+00,0.00000000e+00,-1.81427638e-03,0
53,62,8.01140945e-05,0.00000000e+00,0.00000000e+00,8.01140945e-05,0
53,63,8.49995550e-04,0.00000000e+00,0.00000000e+00,8.49995550e-04,0
54,0,4.83954228e-05,0.00000000e+00,0.00000000e+00,4.83954228e-05,0
54,1,3.60877408e-04,0.00000000e+00,0.00000000e+00,3.60877408e-04,0
54,2,9.55470979e-04,0.00000000e+00,0.00000000e+00,9.55470979e-04,0
54,3,1.43097008e-03,0.00000000e+00,0.00000000e+00,-1.43097008e-03,0
54,4,2.88638257e-03,0.00000000e+00,0.00000000e+00,-2.88638257e-03,0
54,5,4.23094838e-03,0.00000000e+00,0.00000000e+00,4.23094838e-03,0
54,6,4.05275073e-03,0.00000000e+00,0.00000000e+00,4.05275073e-03,0
54,7,6.74448234e-03,0.00000000e+00,0.00000000e+00,-6.74448234e-03,0
54,8,6.57596953e-04,0.00000000e+00,0.00000000e+00,-6.57596953e-04,0
54,9,5.17111050e-03,0.00000000e+00,0.00000000e+00,5.17111050e-03,0
54,10,4.40478195e-03,0.00000000e+00,0.00000000e+00,-4.40478195e-03,0
54,11,1.00238299e-04,0.00000000e+00,0.00000000e+00,1.00238299e-04,0
54,12,7.07312082e-04,0.00000000e+00,0.00000000e+00,7.07312082e-04,0
54,13,9.77563774e-04,0.00000000e+00,0.00000000e+00,-9.77563774e-04,0
54,14,4.66514662e-03,0.00000000e+00,0.00000000e+00,4.66514662e-03,0
54,15,2.80789081e-04,0.00000000e+00,0.00000000e+00,2.80789081e-04,0
54,16,3.34475315e-03,0.00000000e+00,0.00000000e+00,3.34475315e-03,0
54,17,2.26582217e-03,0.00000000e+00,0.00000000e+00,2.26582217e-03,0
54,18,6.44141435e-03,0.00000000e+00,0.00000000e+00,6.44141435e-03,0
54,19,2.35609768e-04,0.00000000e+00,0.00000000e+00,-2.35609768e-04,0
54,20,3.99594665e-03,0.00000000e+00,0.00000000e+00,3.99594665e-03,0
54,21,1.34060608e-03,0.00000000e+00,0.00000000e+00,1.34060608e-03,0
54,22,5.48391611e-03,0.00000000e+00,0.00000000e+00,5.48391611e-03,0
54,23,1.95236247e-05,0.00000000e+00,0.00000000e+00,1.95236247e-05,0
54,24,7.04772736e-03,0.00000000e+00,0.00000000e+00,7.04772736e-03,0
54,25,2.67902425e-03,0.00000000e+00,0.00000000e+00,-2.67902425e-03,0
54,26,6.11357718e-03,0.00000000e+00,0.00000000e+00,6.11357718e-03,0
54,27,2.75811683e-03,0.00000000e+00,0.00000000e+00,-2.75811683e-03,0
54,28,3.79997993e-03,0.00000000e+00,0.00000000e+00,-3.79997993e-03,0
54,29,1.01451711e-02,0.00000000e+00,0.00000000e+00,1.01451711e-02,0
54,30,2.65073986e-03,0.00000000e+00,0.00000000e+00,-2.65073986e-03,0
54,31,4.41468190e-03,0.00000000e+00,0.00000000e+00,-4.41468190e-03,0
54,32,5.73536298e-06,0.00000000e+00,0.00000000e+00,-5.73536298e-06,0
54,33,4.41468190e-03,0.00000000e+00,0.00000000e+00,-4.41468190e-03,0
54,34,2.65073986e-03,0.00000000e+00,0.00000000e+00,-2.65073986e-03,0
54,35,1.01451711e-02,0.00000000e+00,0.00000000e+00,1.01451711e-02,0
54,36,3.79997993e-03,0.00000000e+00,0.00000000e+00,-3.79997993e-03,0
54,37,2.75811683e-03,0.00000000e+00,0.00000000e+00,-2.75811683e-03,0
54,38,6.11357718e-03,0.00000000e+00,0.00000000e+00,6.11357718e-03,0
54,39,2.67902425e-03,0.00000000e+00,0.00000000e+00,-2.67902425e-03,0
54,40,7.04772736e-03,0.00000000e+00,0.00000000e+00,7.04772736e-03,0
54,41,1.95236247e-05,0.00000000e+00,0.00000000e+00,1.95236247e-05,0
54,42,5.48391611e-03,0.00000000e+00,0.00000000e+00,5.48391611e-03,0
54,43,1.34060608e-03,0.00000000e+00,0.00000000e+00,1.34060608e-03,0
54,44,3.99594665e-03,0.00000000e+00,0.00000000e+00,3.99594665e-03,0
54,45,2.35609768e-04,0.00000000e+00,0.00000000e+00,-2.35609768e-04,0
54,46,6.44141435e-03,0.00000000e+00,0.00000000e+00,6.44141435e-03,0
54,47,2.26582217e-03,0.00000000e+00,0.00000000e+00,2.26582217e-03,0
54,48,3.34475315e-03,0.00000000e+00,0.00000000e+00,3.34475315e-03,0
54,49,2.80789081e-04,0.00000000e+00,0.00000000e+00,2.80789081e-04,0
54,50,4.66514662e-03,0.00000000e+00,0.00000000e+00,4.66514662e-03,0
54,51,9.77563774e-04,0.00000000e+00,0.00000000e+00,-9.77563774e-04,0
54,52,7.07312082e-04,0.00000000e+00,0.00000000e+00,7.07312082e-04,0
54,53,1.00238299e-04,0.00000000e+00,0.00000000e+00,1.00238299e-04,0
54,54,4.40478195e-03,0.00000000e+00,0.00000000e+00,-4.40478195e-03,0
54,55,5.17111050e-03,0.00000000e+00,0.00000000e+00,5.17111050e-03,0
54,56,6.57596953e-04,0.00000000e+00,0.00000000e+00,-6.57596953e-04,0
54,57,6.74448234e-03,0.00000000e+00,0.00000000e+00,-6.74448234e-03,0
54,58,4.05275073e-03,0.00000000e+00,0.00000000e+00,4.05275073e-03,0
54,59,4.23094838e-03,0.00000000e+00,0.00000000e+00,4.23094838e-03,0
54,60,2.88638257e-03,0.00000000e+00,0.00000000e+00,-2.88638257e-03,0
54,61,1.43097008e-03,0.00000000e+00,0.00000000e+00,-1.43097008e-03,0
54,62,9.55470979e-04,0.00000000e+00,0.00000000e+00,9.55470979e-04,0
54,63,3.60877408e-04,0.00000000e+00,0.00000000e+00,3.60877408e-04,0
55,0,1.06922419e-04,0.00000000e+00,0.00000000e+00,-1.06922419e-04,0
55,1,1.01265604e-03,0.00000000e+00,0.00000000e+00,-1.01265604e-03,0
55,2,3.96362722e-04,0.00000000e+00,0.00000000e+00,3.96362722e-04,0
55,3,2.43807271e-03,0.00000000e+00,0.00000000e+00,2.43807271e-03,0
55,4,1.93722391e-03,0.00000000e+00,0.00000000e+00,-1.93722391e-03,0
55,5,2.24847479e-03,0.00000000e+00,0.00000000e+00,-2.24847479e-03,0
55,6,6.05128699e-03,0.00000000e+00,0.00000000e+00,6.05128699e-03,0
55,7,1.95567486e-03,0.00000000e+00,0.00000000e+00,1.95567486e-03,0
55,8,7.84187617e-03,0.00000000e+00,0.00000000e+00,-7.84187617e-03,0
55,9,1.19613063e-03,0.00000000e+00,0.00000000e+00,1.19613063e-03,0
55,10,5.17111050e-03,0.00000000e+00,0.00000000e+00,5.17111050e-03,0
55,11,2.41823560e-03,0.00000000e+00,0.00000000e+00,-2.41823560e-03,0
55,12,2.42105070e-03,0.00000000e+00,0.00000000e+00,2.42105070e-03,0
55,13,2.19125880e-03,0.00000000e+00,0.00000000e+00,-2.19125880e-03,0
55,14,2.56529934e-03,0.00000000e+00,0.00000000e+00,-2.56529934e-03,0
55,15,2.67018203e-04,0.00000000e+00,0.00000000e+00,-2.67018203e-04,0
55,16,4.76882490e-03,0.00000000e+00,0.00000000e+00,-4.76882490e-03,0
55,17,5.80545263e-04,0.00000000e+00,0.00000000e+00,5.80545263e-04,0
55,18,3.83646646e-03,0.00000000e+00,0.00000000e+00,-3.83646646e-03,0
55,19,2.53060792e-03,0.00000000e+00,0.00000000e+00,2.53060792e-03,0
55,20,2.92169689e-03,0.00000000e+00,0.00000000e+00,-2.92169689e-03,0
55,21,1.14499715e-04,0.00000000e+00,0.00000000e+00,-1.14499715e-04,0
55,22,3.02310613e-03,0.00000000e+00,0.00000000e+00,-3.02310613e-03,0
55,23,3.34567944e-03,0.00000000e+00,0.00000000e+00,3.34567944e-03,0
55,24,1.83655544e-03,0.00000000e+00,0.00000000e+00,-1.83655544e-03,0
55,25,7.41187311e-04,0.00000000e+00,0.00000000e+00,7.41187311e-04,0
55,26,6.81389061e-04,0.00000000e+00,0.00000000e+00,6.81389061e-04,0
55,27,1.79778695e-03,0.00000000e+00,0.00000000e+00,-1.79778695e-03,0
55,28,6.42315377e-04,0.00000000e+00,0.00000000e+00,6.42315377e-04,0
55,29,8.11638776e-03,0.00000000e+00,0.00000000e+00,-8.11638776e-03,0
55,30,9.22323227e-03,0.00000000e+00,0.00000000e+00,9.22323227e-03,0
55,31,5.97761620e-03,0.00000000e+00,0.00000000e+00,5.97761620e-03,0
55,32,1.73957560e-02,0.00000000e+00,0.00000000e+00,-1.73957560e-02,0
55,33,5.97761620e-03,0.00000000e+00,0.00000000e+00,5.97761620e-03,0
55,34,9.22323227e-03,0.00000000e+00,0.00000000e+00,9.22323227e-03,0
55,35,8.11638776e-03,0.00000000e+00,0.00000000e+00,-8.11638776e-03,0
55,36,6.42315377e-04,0.00000000e+00,0.00000000e+00,6.42315377e-04,0
55,37,1.79778695e-03,0.00000000e+00,0.00000000e+00,-1.79778695e-03,0
55,38,6.81389061e-04,0.00000000e+00,0.00000000e+00,6.81389061e-04,0
55,39,7.41187311e-04,0.00000000e+00,0.00000000e+00,7.41187311e-04,0
55,40,1.83655544e-03,0.00000000e+00,0.00000000e+00,-1.83655544e-03,0
55,41,3.34567944e-03,0.00000000e+00,0.00000000e+00,3.34567944e-03,0
55,42,3.02310613e-03,0.00000000e+00,0.00000000e+00,-3.02310613e-03,0
55,43,1.14499715e-04,0.00000000e+00,0.00000000e+00,-1.14499715e-04,0
55,44,2.92169689e-03,0.00000000e+00,0.00000000e+00,-2.92169689e-03,0
55,45,2.53060792e-03,0.00000000e+00,0.00000000e+00,2.53060792e-03,0
55,46,3.83646646e-03,0.00000000e+00,0.00000000e+00,-3.83646646e-03,0
55,47,5.80545263e-04,0.00000000e+00,0.00000000e+00,5.80545263e-04,0
55,48,4.76882490e-03,0.00000000e+00,0.00000000e+00,-4.76882490e-03,0
55,49,2.67018203e-04,0.00000000e+00,0.00000000e+00,-2.67018203e-04,0
55,50,2.56529934e-03,0.00000000e+00,0.00000000e+00,-2.56529934e-03,0
55,51,2.19125880e-03,0.00000000e+00,0.00000000e+00,-2.19125880e-03,0
55,52,2.42105070e-03,0.00000000e+00,0.00000000e+00,2.42105070e-03,0
55,53,2.41823560e-03,0.00000000e+00,0.00000000e+00,-2.41823560e-03,0
55,54,5.17111050e-03,0.00000000e+00,0.00000000e+00,5.17111050e-03,0
55,55,1.19613063e-03,0.00000000e+00,0.00000000e+00,1.19613063e-03,0
55,56,7.84187617e-03,0.00000000e+00,0.00000000e+00,-7.84187617e-03,0
55,57,1.95567486e-03,0.00000000e+00,0.00000000e+00,1.95567486e-03,0
55,58,6.05128699e-03,0.00000000e+00,0.00000000e+00,6.05128699e-03,0
55,59,2.24847479e-03,0.00000000e+00,0.00000000e+00,-2.24847479e-03,0
55,60,1.93722391e-03,0.00000000e+00,0.00000000e+00,-1.93722391e-03,0
55,61,2.43807271e-03,0.00000000e+00,0.00000000e+00,2.43807271e-03,0
55,62,3.96362722e-04,0.00000000e+00,0.00000000e+00,3.96362722e-04,0
55,63,1.01265604e-03,0.00000000e+00,0.00000000e+00,-1.01265604e-03,0
56,0,1.65720428e-03,0.00000000e+00,0.00000000e+00,1.65720428e-03,0
56,1,7.35233188e-04,0.00000000e+00,0.00000000e+00,-7.35233188e-04,0
56,2,1.78787479e-03,0.00000000e+00,0.00000000e+00,-1.78787479e-03,0
56,3,1.86105333e-03,0.00000000e+00,0.00000000e+00,1.86105333e-03,0
56,4,1.76108539e-03,0.00000000e+00,0.00000000e+00,1.76108539e-03,0
56,5,2.08536315e-03,0.00000000e+00,0.00000000e+00,-2.08536315e-03,0
56,6,1.53566854e-05,0.00000000e+00,0.00000000e+00,1.53566854e-05,0
56,7,5.03880905e-03,0.00000000e+00,0.00000000e+00,5.03880905e-03,0
56,8,2.63657639e-04,0.00000000e+00,0.00000000e+00,2.63657639e-04,0
56,9,7.84187617e-03,0.00000000e+00,0.00000000e+00,-7.84187617e-03,0
56,10,6.57596953e-04,0.00000000e+00,0.00000000e+00,-6.57596953e-04,0
56,11,2.21191267e-03,0.00000000e+00,0.00000000e+00,2.21191267e-03,0
56,12,1.56157088e-03,0.00000000e+00,0.00000000e+00,-1.56157088e-03,0
56,13,5.61278573e-03,0.00000000e+00,0.00000000e+00,5.61278573e-03,0
56,14,7.10916818e-04,0.00000000e+00,0.00000000e+00,-7.10916818e-04,0
56,15,2.30827245e-03,0.00000000e+00,0.00000000e+00,2.30827245e-03,0
56,16,2.16022481e-03,0.00000000e+00,0.00000000e+00,-2.16022481e-03,0
56,17,1.21831214e-04,0.00000000e+00,0.00000000e+00,-1.21831214e-04,0
56,18,6.87150319e-04,0.00000000e+00,0.00000000e+00,6.87150319e-04,0
56,19,3.05950713e-03,0.00000000e+00,0.00000000e+00,-3.05950713e-03,0
56,20,7.35254406e-04,0.00000000e+00,0.00000000e+00,7.35254406e-04,0
56,21,1.18006072e-04,0.00000000e+00,0.00000000e+00,1.18006072e-04,0
56,22,3.53604566e-03,0.00000000e+00,0.00000000e+00,-3.53604566e-03,0
56,23,2.23982825e-03,0.00000000e+00,0.00000000e+00,2.23982825e-03,0
56,24,9.34490459e-04,0.00000000e+00,0.00000000e+00,-9.34490459e-04,0
56,25,3.30477574e-03,0.00000000e+00,0.00000000e+00,3.30477574e-03,0
56,26,1.57717279e-03,0.00000000e+00,0.00000000e+00,-1.57717279e-03,0
56,27,4.30640193e-03,0.00000000e+00,0.00000000e+00,4.30640193e-03,0
56,28,1.05817055e-03,0.00000000e+00,0.00000000e+00,-1.05817055e-03,0
56,29,6.02184950e-03,0.00000000e+00,0.00000000e+00,-6.02184950e-03,0
56,30,1.66710926e-03,0.00000000e+00,0.00000000e+00,1.66710926e-03,0
56,31,6.69406858e-04,0.00000000e+00,0.00000000e+00,6.69406858e-04,0
56,32,7.31017046e-03,0.00000000e+00,0.00000000e+00,7.31017046e-03,0
56,33,6.69406858e-04,0.00000000e+00,0.00000000e+00,6.69406858e-04,0
56,34,1.66710926e-03,0.00000000e+00,0.00000000e+00,1.66710926e-03,0
56,35,6.02184950e-03,0.00000000e+00,0.00000000e+00,-6.02184950e-03,0
56,36,1.05817055e-03,0.00000000e+00,0.00000000e+00,-1.05817055e-03,0
56,37,4.30640193e-03,0.00000000e+00,0.00000000e+00,4.30640193e-03,0
56,38,1.57717279e-03,0.00000000e+00,0.00000000e+00,-1.57717279e-03,0
56,39,3.30477574e-03,0.00000000e+00,0.00000000e+00,3.30477574e-03,0
56,40,9.34490459e-04,0.00000000e+00,0.00000000e+00,-9.34490459e-04,0
56,41,2.23982825e-03,0.00000000e+00,0.00000000e+00,2.23982825e-03,0
56,42,3.53604566e-03,0.00000000e+00,0.00000000e+00,-3.53604566e-03,0
56,43,1.18006072e-04,0.00000000e+00,0.00000000e+00,1.18006072e-04,0
56,44,7.35254406e-04,0.00000000e+00,0.00000000e+00,7.35254406e-04,0
56,45,3.05950713e-03,0.00000000e+00,0.00000000e+00,-3.05950713e-03,0
56,46,6.87150319e-04,0.00000000e+00,0.00000000e+00,6.87150319e-04,0
56,47,1.21831214e-04,0.00000000e+00,0.00000000e+00,-1.21831214e-04,0
56,48,2.16022481e-03,0.00000000e+00,0.00000000e+00,-2.16022481e-03,0
56,49,2.30827245e-03,0.00000000e+00,0.00000000e+00,2.30827245e-03,0
56,50,7.10916818e-04,0.00000000e+00,0.00000000e+00,-7.10916818e-04,0
56,51,5.61278573e-03,0.00000000e+00,0.00000000e+00,5.61278573e-03,0
56,52,1.56157088e-03,0.00000000e+00,0.00000000e+00,-1.56157088e-03,0
56,53,2.21191267e-03,0.00000000e+00,0.00000000e+00,2.21191267e-03,0
56,54,6.57596953e-04,0.00000000e+00,0.00000000e+00,-6.57596953e-04,0
56,55,7.84187617e-03,0.00000000e+00,0.00000000e+00,-7.84187617e-03,0
56,56,2.63657639e-04,0.00000000e+00,0.00000000e+00,2.63657639e-04,0
56,57,5.03880905e-03,0.00000000e+00,0.00000000e+00,5.03880905e-03,0
56,58,1.53566854e-05,0.00000000e+00,0.00000000e+00,1.53566854e-05,0
56,59,2.08536315e-03,0.00000000e+00,0.00000000e+00,-2.08536315e-03,0
56,60,1.76108539e-03,0.00000000e+00,0.00000000e+00,1.76108539e-03,0
56,61,1.86105333e-03,0.00000000e+00,0.00000000e+00,1.86105333e-03,0
56,62,1.78787479e-03,0.00000000e+00,0.00000000e+00,-1.78787479e-03,0
56,63,7.35233188e-04,0.00000000e+00,0.00000000e+00,-7.35233188e-04,0
57,0,2.36822438e-03,0.00000000e+00,0.00000000e+00,2.36822438e-03,0
57,1,1.04765578e-04,0.00000000e+00,0.00000000e+00,1.04765578e-04,0
57,2,1.31536306e-03,0.00000000e+00,0.00000000e+00,-1.31536306e-03,0
57,3,1.47472069e-03,0.00000000e+00,0.00000000e+00,1.47472069e-03,0
57,4,6.78582829e-04,0.00000000e+00,0.00000000e+00,6.78582829e-04,0
57,5,3.11621568e-03,0.00000000e+00,0.00000000e+00,-3.11621568e-03,0
57,6,1.60576596e-03,0.00000000e+00,0.00000000e+00,-1.60576596e-03,0
57,7,1.56405396e-03,0.00000000e+00,0.00000000e+00,1.56405396e-03,0
57,8,5.03880905e-03,0.00000000e+00,0.00000000e+00,5.03880905e-03,0
57,9,1.95567486e-03,0.00000000e+00,0.00000000e+00,1.95567486e-03,0
57,10,6.74448234e-03,0.00000000e+00,0.00000000e+00,-6.74448234e-03,0
57,11,1.07618198e-03,0.00000000e+00,0.00000000e+00,-1.07618198e-03,0
57,12,3.38358677e-03,0.00000000e+00,0.00000000e+00,-3.38358677e-03,0
57,13,3.51963701e-03,0.00000000e+00,0.00000000e+00,-3.51963701e-03,0
57,14,2.66671483e-03,0.00000000e+00,0.00000000e+00,2.66671483e-03,0
57,15,2.06625092e-03,0.00000000e+00,0.00000000e+00,-2.06625092e-03,0
57,16,3.10828240e-03,0.00000000e+00,0.00000000e+00,3.10828240e-03,0
57,17,4.28129863e-03,0.00000000e+00,0.00000000e+00,-4.28129863e-03,0
57,18,6.38976034e-03,0.00000000e+00,0.00000000e+00,6.38976034e-03,0
57,19,6.95519271e-05,0.00000000e+00,0.00000000e+00,6.95519271e-05,0
57,20,3.43206540e-03,0.00000000e+00,0.00000000e+00,3.43206540e-03,0
57,21,4.10719859e-04,0.00000000e+00,0.00000000e+00,-4.10719859e-04,0
57,22,5.67585203e-03,0.00000000e+00,0.00000000e+00,5.67585203e-03,0
57,23,3.56845400e-03,0.00000000e+00,0.00000000e+00,-3.56845400e-03,0
57,24,6.81652649e-03,0.00000000e+00,0.00000000e+00,6.81652649e-03,0
57,25,3.97521456e-03,0.00000000e+00,0.00000000e+00,-3.97521456e-03,0
57,26,7.16586651e-04,0.00000000e+00,0.00000000e+00,7.16586651e-04,0
57,27,7.15933761e-04,0.00000000e+00,0.00000000e+00,7.15933761e-04,0
57,28,6.84050756e-03,0.00000000e+00,0.00000000e+00,-6.84050756e-03,0
57,29,5.28830200e-05,0.00000000e+00,0.00000000e+00,-5.28830200e-05,0
57,30,9.94842358e-03,0.00000000e+00,0.00000000e+00,-9.94842358e-03,0
57,31,1.84954982e-03,0.00000000e+00,0.00000000e+00,1.84954982e-03,0
57,32,9.60692444e-03,0.00000000e+00,0.00000000e+00,9.60692444e-03,0
57,33,1.84954982e-03,0.00000000e+00,0.00000000e+00,1.84954982e-03,0
57,34,9.94842358e-03,0.00000000e+00,0.00000000e+00,-9.94842358e-03,0
57,35,5.28830200e-05,0.00000000e+00,0.00000000e+00,-5.28830200e-05,0
57,36,6.84050756e-03,0.00000000e+00,0.00000000e+00,-6.84050756e-03,0
57,37,7.15933761e-04,0.00000000e+00,0.00000000e+00,7.15933761e-04,0
57,38,7.16586651e-04,0.00000000e+00,0.00000000e+00,7.16586651e-04,0
57,39,3.97521456e-03,0.00000000e+00,0.00000000e+00,-3.97521456e-03,0
57,40,6.81652649e-03,0.00000000e+00,0.00000000e+00,6.81652649e-03,0
57,41,3.56845400e-03,0.00000000e+00,0.00000000e+00,-3.56845400e-03,0
57,42,5.67585203e-03,0.00000000e+00,0.00000000e+00,5.67585203e-03,0
57,43,4.10719859e-04,0.00000000e+00,0.00000000e+00,-4.10719859e-04,0
57,44,3.43206540e-03,0.00000000e+00,0.00000000e+00,3.43206540e-03,0
57,45,6.95519271e-05,0.00000000e+00,0.00000000e+00,6.95519271e-05,0
57,46,6.38976034e-03,0.00000000e+00,0.00000000e+00,6.38976034e-03,0
57,47,4.28129863e-03,0.00000000e+00,0.00000000e+00,-4.28129863e-03,0
57,48,3.10828240e-03,0.00000000e+00,0.00000000e+00,3.10828240e-03,0
57,49,2.06625092e-03,0.00000000e+00,0.00000000e+00,-2.06625092e-03,0
57,50,2.66671483e-03,0.00000000e+00,0.00000000e+00,2.66671483e-03,0
57,51,3.51963701e-03,0.00000000e+00,0.00000000e+00,-3.51963701e-03,0
57,52,3.38358677e-03,0.00000000e+00,0.00000000e+00,-3.38358677e-03,0
57,53,1.07618198e-03,0.00000000e+00,0.00000000e+00,-1.07618198e-03,0
57,54,6.74448234e-03,0.00000000e+00,0.00000000e+00,-6.74448234e-03,0
57,55,1.95567486e-03,0.00000000e+00,0.00000000e+00,1.95567486e-03,0
57,56,5.03880905e-03,0.00000000e+00,0.00000000e+00,5.03880905e-03,0
57,57,1.56405396e-03,0.00000000e+00,0.00000000e+00,1.56405396e-03,0
57,58,1.60576596e-03,0.00000000e+00,0.00000000e+00,-1.60576596e-03,0
57,59,3.11621568e-03,0.00000000e+00,0.00000000e+00,-3.11621568e-03,0
57,60,6.78582829e-04,0.00000000e+00,0.00000000e+00,6.78582829e-04,0
57,61,1.47472069e-03,0.00000000e+00,0.00000000e+00,1.47472069e-03,0
57,62,1.31536306e-03,0.00000000e+00,0.00000000e+00,-1.31536306e-03,0
57,63,1.04765578e-04,0.00000000e+00,0.00000000e+00,1.04765578e-04,0
58,0,2.73025231e-03,0.00000000e+00,0.00000000e+00,2.73025231e-03,0
58,1,6.85118062e-04,0.00000000e+00,0.00000000e+00,6.85118062e-04,0
58,2,1.71364905e-03,0.00000000e+00,0.00000000e+00,-1.71364905e-03,0
58,3,1.36338017e-03,0.00000000e+00,0.00000000e+00,1.36338017e-03,0
58,4,3.34722014e-03,0.00000000e+00,0.00000000e+00,3.34722014e-03,0
58,5,3.64475419e-03,0.00000000e+00,0.00000000e+00,-3.64475419e-03,0
58,6,6.17844441e-03,0.00000000e+00,0.00000000e+00,-6.17844441e-03,0
58,7,1.60576596e-03,0.00000000e+00,0.00000000e+00,-1.60576596e-03,0
58,8,1.53566854e-05,0.00000000e+00,0.00000000e+00,1.53566854e-05,0
58,9,6.05128699e-03,0.00000000e+00,0.00000000e+00,6.05128699e-03,0
58,10,4.05275073e-03,0.00000000e+00,0.00000000e+00,4.05275073e-03,0
58,11,1.02355245e-03,0.00000000e+00,0.00000000e+00,-1.02355245e-03,0
58,12,3.12157188e-03,0.00000000e+00,0.00000000e+00,3.12157188e-03,0
58,13,4.76583387e-03,0.00000000e+00,0.00000000e+00,-4.76583387e-03,0
58,14,1.32791406e-03,0.00000000e+00,0.00000000e+00,-1.32791406e-03,0
58,15,2.77787464e-03,0.00000000e+00,0.00000000e+00,-2.77787464e-03,0
58,16,2.40569347e-03,0.00000000e+00,0.00000000e+00,-2.40569347e-03,0
58,17,2.99131232e-03,0.00000000e+00,0.00000000e+00,-2.99131232e-03,0
58,18,4.40444599e-03,0.00000000e+00,0.00000000e+00,-4.40444599e-03,0
58,19,2.08576206e-03,0.00000000e+00,0.00000000e+00,2.08576206e-03,0
58,20,1.12647936e-03,0.00000000e+00,0.00000000e+00,-1.12647936e-03,0
58,21,1.77524100e-03,0.00000000e+00,0.00000000e+00,-1.77524100e-03,0
58,22,3.08728843e-03,0.00000000e+00,0.00000000e+00,-3.08728843e-03,0
58,23,1.81627632e-03,0.00000000e+00,0.00000000e+00,-1.81627632e-03,0
58,24,1.00987965e-03,0.00000000e+00,0.00000000e+00,-1.00987965e-03,0
58,25,5.29358919e-04,0.00000000e+00,0.00000000e+00,-5.29358919e-04,0
58,26,2.32461922e-03,0.00000000e+00,0.00000000e+00,-2.32461922e-03,0
58,27,6.92573210e-04,0.00000000e+00,0.00000000e+00,-6.92573210e-04,0
58,28,6.62512836e-03,0.00000000e+00,0.00000000e+00,6.62512836e-03,0
58,29,1.06921797e-03,0.00000000e+00,0.00000000e+00,-1.06921797e-03,0
58,30,8.14421019e-04,0.00000000e+00,0.00000000e+00,-8.14421019e-04,0
58,31,9.53877103e-04,0.00000000e+00,0.00000000e+00,9.53877103e-04,0
58,32,5.70733749e-03,0.00000000e+00,0.00000000e+00,-5.70733749e-03,0
58,33,9.53877103e-04,0.00000000e+00,0.00000000e+00,9.53877103e-04,0
58,34,8.14421019e-04,0.00000000e+00,0.00000000e+00,-8.14421019e-04,0
58,35,1.06921797e-03,0.00000000e+00,0.00000000e+00,-1.06921797e-03,0
58,36,6.62512836e-03,0.00000000e+00,0.00000000e+00,6.62512836e-03,0
58,37,6.92573210e-04,0.00000000e+00,0.00000000e+00,-6.92573210e-04,0
58,38,2.32461922e-03,0.00000000e+00,0.00000000e+00,-2.32461922e-03,0
58,39,5.29358919e-04,0.00000000e+00,0.00000000e+00,-5.29358919e-04,0
58,40,1.00987965e-03,0.00000000e+00,0.00000000e+00,-1.00987965e-03,0
58,41,1.81627632e-03,0.00000000e+00,0.00000000e+00,-1.81627632e-03,0
58,42,3.08728843e-03,0.00000000e+00,0.00000000e+00,-3.08728843e-03,0
58,43,1.77524100e-03,0.00000000e+00,0.00000000e+00,-1.77524100e-03,0
58,44,1.12647936e-03,0.00000000e+00,0.00000000e+00,-1.12647936e-03,0
58,45,2.08576206e-03,0.00000000e+00,0.00000000e+00,2.08576206e-03,0
58,46,4.40444599e-03,0.00000000e+00,0.00000000e+00,-4.40444599e-03,0
58,47,2.99131232e-03,0.00000000e+00,0.00000000e+00,-2.99131232e-03,0
58,48,2.40569347e-03,0.00000000e+00,0.00000000e+00,-2.40569347e-03,0
58,49,2.77787464e-03,0.00000000e+00,0.00000000e+00,-2.77787464e-03,0
58,50,1.32791406e-03,0.00000000e+00,0.00000000e+00,-1.32791406e-03,0
58,51,4.76583387e-03,0.00000000e+00,0.00000000e+00,-4.76583387e-03,0
58,52,3.12157188e-03,0.00000000e+00,0.00000000e+00,3.12157188e-03,0
58,53,1.02355245e-03,0.00000000e+00,0.00000000e+00,-1.02355245e-03,0
58,54,4.05275073e-03,0.00000000e+00,0.00000000e+00,4.05275073e-03,0
58,55,6.05128699e-03,0.00000000e+00,0.00000000e+00,6.05128699e-03,0
58,56,1.53566854e-05,0.00000000e+00,0.00000000e+00,1.53566854e-05,0
58,57,1.60576596e-03,0.00000000e+00,0.00000000e+00,-1.60576596e-03,0
58,58,6.17844441e-03,0.00000000e+00,0.00000000e+00,-6.17844441e-03,0
58,59,3.64475419e-03,0.00000000e+00,0.00000000e+00,-3.64475419e-03,0
58,60,3.34722014e-03,0.00000000e+00,0.00000000e+00,3.34722014e-03,0
58,61,1.36338017e-03,0.00000000e+00,0.00000000e+00,1.36338017e-03,0
58,62,1.71364905e-03,0.00000000e+00,0.00000000e+00,-1.71364905e-03,0
58,63,6.85118062e-04,0.00000000e+00,0.00000000e+00,6.85118062e-04,0
59,0,1.45694199e-03,0.00000000e+00,0.00000000e+00,1.45694199e-03,0
59,1,1.88830917e-03,0.00000000e+00,0.00000000e+00,1.88830917e-03,0
59,2,5.19545998e-04,0.00000000e+00,0.00000000e+00,-5.19545998e-04,0
59,3,3.09281675e-03,0.00000000e+00,0.00000000e+00,-3.09281675e-03,0
59,4,1.55950182e-03,0.00000000e+00,0.00000000e+00,1.55950182e-03,0
59,5,2.81193877e-03,0.00000000e+00,0.00000000e+00,2.81193877e-03,0
59,6,3.64475419e-03,0.00000000e+00,0.00000000e+00,-3.64475419e-03,0
59,7,3.11621568e-03,0.00000000e+00,0.00000000e+00,-3.11621568e-03,0
59,8,2.08536315e-03,0.00000000e+00,0.00000000e+00,-2.08536315e-03,0
59,9,2.24847479e-03,0.00000000e+00,0.00000000e+00,-2.24847479e-03,0
59,10,4.23094838e-03,0.00000000e+00,0.00000000e+00,4.23094838e-03,0
59,11,1.90475002e-03,0.00000000e+00,0.00000000e+00,1.90475002e-03,0
59,12,3.47810775e-03,0.00000000e+00,0.00000000e+00,3.47810775e-03,0
59,13,3.98802865e-03,0.00000000e+00,0.00000000e+00,3.98802865e-03,0
59,14,5.85057096e-04,0.00000000e+00,0.00000000e+00,-5.85057096e-04,0
59,15,3.59129410e-03,0.00000000e+00,0.00000000e+00,3.59129410e-03,0
59,16,1.41717565e-03,0.00000000e+00,0.00000000e+00,-1.41717565e-03,0
59,17,1.19468088e-03,0.00000000e+00,0.00000000e+00,1.19468088e-03,0
59,18,3.96967357e-03,0.00000000e+00,0.00000000e+00,-3.96967357e-03,0
59,19,3.19956092e-04,0.00000000e+00,0.00000000e+00,3.19956092e-04,0
59,20,1.19871097e-04,0.00000000e+00,0.00000000e+00,-1.19871097e-04,0
59,21,3.59265150e-03,0.00000000e+00,0.00000000e+00,3.59265150e-03,0
59,22,4.63261443e-03,0.00000000e+00,0.00000000e+00,-4.63261443e-03,0
59,23,2.94487803e-04,0.00000000e+00,0.00000000e+00,2.94487803e-04,0
59,24,3.28193391e-03,0.00000000e+00,0.00000000e+00,-3.28193391e-03,0
59,25,4.55939767e-03,0.00000000e+00,0.00000000e+00,4.55939767e-03,0
59,26,7.07920932e-04,0.00000000e+00,0.00000000e+00,-7.07920932e-04,0
59,27,3.00666286e-03,0.00000000e+00,0.00000000e+00,-3.00666286e-03,0
59,28,6.43646283e-03,0.00000000e+00,0.00000000e+00,6.43646283e-03,0
59,29,2.20647796e-03,0.00000000e+00,0.00000000e+00,2.20647796e-03,0
59,30,4.06678149e-03,0.00000000e+00,0.00000000e+00,4.06678149e-03,0
59,31,5.02115157e-03,0.00000000e+00,0.00000000e+00,-5.02115157e-03,0
59,32,4.05826442e-03,0.00000000e+00,0.00000000e+00,-4.05826442e-03,0
59,33,5.02115157e-03,0.00000000e+00,0.00000000e+00,-5.02115157e-03,0
59,34,4.06678149e-03,0.00000000e+00,0.00000000e+00,4.06678149e-03,0
59,35,2.20647796e-03,0.00000000e+00,0.00000000e+00,2.20647796e-03,0
59,36,6.43646283e-03,0.00000000e+00,0.00000000e+00,6.43646283e-03,0
59,37,3.00666286e-03,0.00000000e+00,0.00000000e+00,-3.00666286e-03,0
59,38,7.07920932e-04,0.00000000e+00,0.00000000e+00,-7.07920932e-04,0
59,39,4.55939767e-03,0.00000000e+00,0.00000000e+00,4.55939767e-03,0
59,40,3.28193391e-03,0.00000000e+00,0.00000000e+00,-3.28193391e-03,0
59,41,2.94487803e-04,0.00000000e+00,0.00000000e+00,2.94487803e-04,0
59,42,4.63261443e-03,0.00000000e+00,0.00000000e+00,-4.63261443e-03,0
59,43,3.59265150e-03,0.00000000e+00,0.00000000e+00,3.59265150e-03,0
59,44,1.19871097e-04,0.00000000e+00,0.00000000e+00,-1.19871097e-04,0
59,45,3.19956092e-04,0.00000000e+00,0.00000000e+00,3.19956092e-04,0
59,46,3.96967357e-03,0.00000000e+00,0.00000000e+00,-3.96967357e-03,0
59,47,1.19468088e-03,0.00000000e+00,0.00000000e+00,1.19468088e-03,0
59,48,1.41717565e-03,0.00000000e+00,0.00000000e+00,-1.41717565e-03,0
59,49,3.59129410e-03,0.00000000e+00,0.00000000e+00,3.59129410e-03,0
59,50,5.85057096e-04,0.00000000e+00,0.00000000e+00,-5.85057096e-04,0
59,51,3.98802865e-03,0.00000000e+00,0.00000000e+00,3.98802865e-03,0
59,52,3.47810775e-03,0.00000000e+00,0.00000000e+00,3.47810775e-03,0
59,53,1.90475002e-03,0.00000000e+00,0.00000000e+00,1.90475002e-03,0
59,54,4.23094838e-03,0.00000000e+00,0.00000000e+00,4.23094838e-03,0
59,55,2.24847479e-03,0.00000000e+00,0.00000000e+00,-2.24847479e-03,0
59,56,2.08536315e-03,0.00000000e+00,0.00000000e+00,-2.08536315e-03,0
59,57,3.11621568e-03,0.00000000e+00,0.00000000e+00,-3.11621568e-03,0
59,58,3.64475419e-03,0.00000000e+00,0.00000000e+00,-3.64475419e-03,0
59,59,2.81193877e-03,0.00000000e+00,0.00000000e+00,2.81193877e-03,0
59,60,1.55950182e-03,0.00000000e+00,0.00000000e+00,1.55950182e-03,0
59,61,3.09281675e-03,0.00000000e+00,0.00000000e+00,-3.09281675e-03,0
59,62,5.19545998e-04,0.00000000e+00,0.00000000e+00,-5.19545998e-04,0
59,63,1.88830917e-03,0.00000000e+00,0.00000000e+00,1.88830917e-03,0
60,0,2.56493337e-03,0.00000000e+00,0.00000000e+00,-2.56493337e-03,0
60,1,1.08251826e-03,0.00000000e+00,0.00000000e+00,1.08251826e-03,0
60,2,3.60221996e-03,0.00000000e+00,0.00000000e+00,3.60221996e-03,0
60,3,2.45254174e-03,0.00000000e+00,0.00000000e+00,-2.45254174e-03,0
60,4,5.22002647e-03,0.00000000e+00,0.00000000e+00,-5.22002647e-03,0
60,5,1.55950182e-03,0.00000000e+00,0.00000000e+00,1.55950182e-03,0
60,6,3.34722014e-03,0.00000000e+00,0.00000000e+00,3.34722014e-03,0
60,7,6.78582829e-04,0.00000000e+00,0.00000000e+00,6.78582829e-04,0
60,8,1.76108539e-03,0.00000000e+00,0.00000000e+00,1.76108539e-03,0
60,9,1.93722391e-03,0.00000000e+00,0.00000000e+00,-1.93722391e-03,0
60,10,2.88638257e-03,0.00000000e+00,0.00000000e+00,-2.88638257e-03,0
60,11,8.08302085e-04,0.00000000e+00,0.00000000e+00,-8.08302085e-04,0
60,12,2.62599936e-03,0.00000000e+00,0.00000000e+00,-2.62599936e-03,0
60,13,1.41957931e-03,0.00000000e+00,0.00000000e+00,1.41957931e-03,0
60,14,3.08877122e-04,0.00000000e+00,0.00000000e+00,-3.08877122e-04,0
60,15,2.35948474e-03,0.00000000e+00,0.00000000e+00,2.35948474e-03,0
60,16,3.26626545e-03,0.00000000e+00,0.00000000e+00,3.26626545e-03,0
60,17,4.77973017e-04,0.00000000e+00,0.00000000e+00,4.77973017e-04,0
60,18,2.68655222e-04,0.00000000e+00,0.00000000e+00,-2.68655222e-04,0
60,19,1.98291682e-03,0.00000000e+00,0.00000000e+00,-1.98291682e-03,0
60,20,2.84109713e-04,0.00000000e+00,0.00000000e+00,2.84109713e-04,0
60,21,3.71343549e-03,0.00000000e+00,0.00000000e+00,3.71343549e-03,0
60,22,4.81802017e-03,0.00000000e+00,0.00000000e+00,4.81802017e-03,0
60,23,1.45291529e-04,0.00000000e+00,0.00000000e+00,-1.45291529e-04,0
60,24,6.43750746e-06,0.00000000e+00,0.00000000e+00,-6.43750746e-06,0
60,25,5.15817991e-04,0.00000000e+00,0.00000000e+00,5.15817991e-04,0
60,26,1.97588150e-03,0.00000000e+00,0.00000000e+00,1.97588150e-03,0
60,27,3.31727619e-03,0.00000000e+00,0.00000000e+00,-3.31727619e-03,0
60,28,7.88851771e-03,0.00000000e+00,0.00000000e+00,-7.88851771e-03,0
60,29,6.22499844e-04,0.00000000e+00,0.00000000e+00,6.22499844e-04,0
60,30,4.22423734e-04,0.00000000e+00,0.00000000e+00,-4.22423734e-04,0
60,31,5.84586815e-04,0.00000000e+00,0.00000000e+00,-5.84586815e-04,0
60,32,3.17355411e-03,0.00000000e+00,0.00000000e+00,3.17355411e-03,0
60,33,5.84586815e-04,0.00000000e+00,0.00000000e+00,-5.84586815e-04,0
60,34,4.22423734e-04,0.00000000e+00,0.00000000e+00,-4.22423734e-04,0
60,35,6.22499844e-04,0.00000000e+00,0.00000000e+00,6.22499844e-04,0
60,36,7.88851771e-03,0.00000000e+00,0.00000000e+00,-7.88851771e-03,0
60,37,3.31727619e-03,0.00000000e+00,0.00000000e+00,-3.31727619e-03,0
60,38,1.97588150e-03,0.00000000e+00,0.00000000e+00,1.97588150e-03,0
60,39,5.15817991e-04,0.00000000e+00,0.00000000e+00,5.15817991e-04,0
60,40,6.43750746e-06,0.00000000e+00,0.00000000e+00,-6.43750746e-06,0
60,41,1.45291529e-04,0.00000000e+00,0.00000000e+00,-1.45291529e-04,0
60,42,4.81802017e-03,0.00000000e+00,0.00000000e+00,4.81802017e-03,0
60,43,3.71343549e-03,0.00000000e+00,0.00000000e+00,3.71343549e-03,0
60,44,2.84109713e-04,0.00000000e+00,0.00000000e+00,2.84109713e-04,0
60,45,1.98291682e-03,0.00000000e+00,0.00000000e+00,-1.98291682e-03,0
60,46,2.68655222e-04,0.00000000e+00,0.00000000e+00,-2.68655222e-04,0
60,47,4.77973017e-04,0.00000000e+00,0.00000000e+00,4.77973017e-04,0
60,48,3.26626545e-03,0.00000000e+00,0.00000000e+00,3.26626545e-03,0
60,49,2.35948474e-03,0.00000000e+00,0.00000000e+00,2.35948474e-03,0
60,50,3.08877122e-04,0.00000000e+00,0.00000000e+00,-3.08877122e-04,0
60,51,1.41957931e-03,0.00000000e+00,0.00000000e+00,1.41957931e-03,0
60,52,2.62599936e-03,0.00000000e+00,0.00000000e+00,-2.62599936e-03,0
60,53,8.08302085e-04,0.00000000e+00,0.00000000e+00,-8.08302085e-04,0
60,54,2.88638257e-03,0.00000000e+00,0.00000000e+00,-2.88638257e-03,0
60,55,1.93722391e-03,0.00000000e+00,0.00000000e+00,-1.93722391e-03,0
60,56,1.76108539e-03,0.00000000e+00,0.00000000e+00,1.76108539e-03,0
60,57,6.78582829e-04,0.00000000e+00,0.00000000e+00,6.78582829e-04,0
60,58,3.34722014e-03,0.00000000e+00,0.00000000e+00,3.34722014e-03,0
60,59,1.55950182e-03,0.00000000e+00,0.00000000e+00,1.55950182e-03,0
60,60,5.22002647e-03,0.00000000e+00,0.00000000e+00,-5.22002647e-03,0
60,61,2.45254174e-03,0.00000000e+00,0.00000000e+00,-2.45254174e-03,0
60,62,3.60221996e-03,0.00000000e+00,0.00000000e+00,3.60221996e-03,0
60,63,1.08251826e-03,0.00000000e+00,0.00000000e+00,1.08251826e-03,0
61,0,4.21454689e-03,0.00000000e+00,0.00000000e+00,-4.21454689e-03,0
61,1,1.73351864e-03,0.00000000e+00,0.00000000e+00,-1.73351864e-03,0
61,2,3.14598466e-03,0.00000000e+00,0.00000000e+00,3.14598466e-03,0
61,3,3.19483067e-03,0.00000000e+00,0.00000000e+00,3.19483067e-03,0
61,4,2.45254174e-03,0.00000000e+00,0.00000000e+00,-2.45254174e-03,0
61,5,3.09281675e-03,0.00000000e+00,0.00000000e+00,-3.09281675e-03,0
61,6,1.36338017e-03,0.00000000e+00,0.00000000e+00,1.36338017e-03,0
61,7,1.47472069e-03,0.00000000e+00,0.00000000e+00,1.47472069e-03,0
61,8,1.86105333e-03,0.00000000e+00,0.00000000e+00,1.86105333e-03,0
61,9,2.43807271e-03,0.00000000e+00,0.00000000e+00,2.43807271e-03,0
61,10,1.43097008e-03,0.00000000e+00,0.00000000e+00,-1.43097008e-03,0
61,11,1.81427638e-03,0.00000000e+00,0.00000000e+00,-1.81427638e-03,0
61,12,2.34241845e-03,0.00000000e+00,0.00000000e+00,-2.34241845e-03,0
61,13,1.40303212e-03,0.00000000e+00,0.00000000e+00,-1.40303212e-03,0
61,14,2.14287505e-04,0.00000000e+00,0.00000000e+00,-2.14287505e-04,0
61,15,2.39335762e-03,0.00000000e+00,0.00000000e+00,-2.39335762e-03,0
61,16,1.07670016e-03,0.00000000e+00,0.00000000e+00,1.07670016e-03,0
61,17,1.15617164e-04,0.00000000e+00,0.00000000e+00,1.15617164e-04,0
61,18,6.36033783e-04,0.00000000e+00,0.00000000e+00,-6.36033783e-04,0
61,19,2.85618073e-03,0.00000000e+00,0.00000000e+00,-2.85618073e-03,0
61,20,1.97529711e-03,0.00000000e+00,0.00000000e+00,-1.97529711e-03,0
61,21,1.81887372e-03,0.00000000e+00,0.00000000e+00,-1.81887372e-03,0
61,22,4.44676867e-03,0.00000000e+00,0.00000000e+00,4.44676867e-03,0
61,23,9.53953517e-04,0.00000000e+00,0.00000000e+00,9.53953517e-04,0
61,24,1.11922485e-03,0.00000000e+00,0.00000000e+00,-1.11922485e-03,0
61,25,4.30489663e-03,0.00000000e+00,0.00000000e+00,-4.30489663e-03,0
61,26,1.65863131e-04,0.00000000e+00,0.00000000e+00,-1.65863131e-04,0
61,27,2.27623940e-03,0.00000000e+00,0.00000000e+00,2.27623940e-03,0
61,28,3.60191714e-03,0.00000000e+00,0.00000000e+00,-3.60191714e-03,0
61,29,1.10223904e-03,0.00000000e+00,0.00000000e+00,-1.10223904e-03,0
61,30,8.90743258e-04,0.00000000e+00,0.00000000e+00,-8.90743258e-04,0
61,31,3.20355112e-03,0.00000000e+00,0.00000000e+00,3.20355112e-03,0
61,32,1.95403153e-03,0.00000000e+00,0.00000000e+00,1.95403153e-03,0
61,33,3.20355112e-03,0.00000000e+00,0.00000000e+00,3.20355112e-03,0
61,34,8.90743258e-04,0.00000000e+00,0.00000000e+00,-8.90743258e-04,0
61,35,1.10223904e-03,0.00000000e+00,0.00000000e+00,-1.10223904e-03,0
61,36,3.60191714e-03,0.00000000e+00,0.00000000e+00,-3.60191714e-03,0
61,37,2.27623940e-03,0.00000000e+00,0.00000000e+00,2.27623940e-03,0
61,38,1.65863131e-04,0.00000000e+00,0.00000000e+00,-1.65863131e-04,0
61,39,4.30489663e-03,0.00000000e+00,0.00000000e+00,-4.30489663e-03,0
61,40,1.11922485e-03,0.00000000e+00,0.00000000e+00,-1.11922485e-03,0
61,41,9.53953517e-04,0.00000000e+00,0.00000000e+00,9.53953517e-04,0
61,42,4.44676867e-03,0.00000000e+00,0.00000000e+00,4.44676867e-03,0
61,43,1.81887372e-03,0.00000000e+00,0.00000000e+00,-1.81887372e-03,0
61,44,1.97529711e-03,0.00000000e+00,0.00000000e+00,-1.97529711e-03,0
61,45,2.85618073e-03,0.00000000e+00,0.00000000e+00,-2.85618073e-03,0
61,46,6.36033783e-04,0.00000000e+00,0.00000000e+00,-6.36033783e-04,0
61,47,1.15617164e-04,0.00000000e+00,0.00000000e+00,1.15617164e-04,0
61,48,1.07670016e-03,0.00000000e+00,0.00000000e+00,1.07670016e-03,0
61,49,2.39335762e-03,0.00000000e+00,0.00000000e+00,-2.39335762e-03,0
61,50,2.14287505e-04,0.00000000e+00,0.00000000e+00,-2.14287505e-04,0
61,51,1.40303212e-03,0.00000000e+00,0.00000000e+00,-1.40303212e-03,0
61,52,2.34241845e-03,0.00000000e+00,0.00000000e+00,-2.34241845e-03,0
61,53,1.81427638e-03,0.00000000e+00,0.00000000e+00,-1.81427638e-03,0
61,54,1.43097008e-03,0.00000000e+00,0.00000000e+00,-1.43097008e-03,0
61,55,2.43807271e-03,0.00000000e+00,0.00000000e+00,2.43807271e-03,0
61,56,1.86105333e-03,0.00000000e+00,0.00000000e+00,1.86105333e-03,0
61,57,1.47472069e-03,0.00000000e+00,0.00000000e+00,1.47472069e-03,0
61,58,1.36338017e-03,0.00000000e+00,0.00000000e+00,1.36338017e-03,0
61,59,3.09281675e-03,0.00000000e+00,0.00000000e+00,-3.09281675e-03,0
61,60,2.45254174e-03,0.00000000e+00,0.00000000e+00,-2.45254174e-03,0
61,61,3.19483067e-03,0.00000000e+00,0.00000000e+00,3.19483067e-03,0
61,62,3.14598466e-03,0.00000000e+00,0.00000000e+00,3.14598466e-03,0
61,63,1.73351864e-03,0.00000000e+00,0.00000000e+00,-1.73351864e-03,0
62,0,1.44079525e-03,0.00000000e+00,0.00000000e+00,-1.44079525e-03,0
62,1,2.28531999e-03,0.00000000e+00,0.00000000e+00,-2.28531999e-03,0
62,2,1.18717029e-03,0.00000000e+00,0.00000000e+00,-1.18717029e-03,0
62,3,3.14598466e-03,0.00000000e+00,0.00000000e+00,3.14598466e-03,0
62,4,3.60221996e-03,0.00000000e+00,0.00000000e+00,3.60221996e-03,0
62,5,5.19545998e-04,0.00000000e+00,0.00000000e+00,-5.19545998e-04,0
62,6,1.71364905e-03,0.00000000e+00,0.00000000e+00,-1.71364905e-03,0
62,7,1.31536306e-03,0.00000000e+00,0.00000000e+00,-1.31536306e-03,0
62,8,1.78787479e-03,0.00000000e+00,0.00000000e+00,-1.78787479e-03,0
62,9,3.96362722e-04,0.00000000e+00,0.00000000e+00,3.96362722e-04,0
62,10,9.55470979e-04,0.00000000e+00,0.00000000e+00,9.55470979e-04,0
62,11,8.01140945e-05,0.00000000e+00,0.00000000e+00,8.01140945e-05,0
62,12,1.19902661e-03,0.00000000e+00,0.00000000e+00,1.19902661e-03,0
62,13,1.56022825e-03,0.00000000e+00,0.00000000e+00,1.56022825e-03,0
62,14,2.47477912e-03,0.00000000e+00,0.00000000e+00,2.47477912e-03,0
62,15,6.47765837e-04,0.00000000e+00,0.00000000e+00,-6.47765837e-04,0
62,16,1.25660852e-03,0.00000000e+00,0.00000000e+00,-1.25660852e-03,0
62,17,1.54130912e-03,0.00000000e+00,0.00000000e+00,1.54130912e-03,0
62,18,1.78993539e-03,0.00000000e+00,0.00000000e+00,1.78993539e-03,0
62,19,7.84929745e-04,0.00000000e+00,0.00000000e+00,7.84929745e-04,0
62,20,2.63129060e-05,0.00000000e+00,0.00000000e+00,-2.63129060e-05,0
62,21,1.47774866e-03,0.00000000e+00,0.00000000e+00,-1.47774866e-03,0
62,22,3.51773027e-04,0.00000000e+00,0.00000000e+00,-3.51773027e-04,0
62,23,1.87724376e-03,0.00000000e+00,0.00000000e+00,1.87724376e-03,0
62,24,1.06806316e-03,0.00000000e+00,0.00000000e+00,-1.06806316e-03,0
62,25,3.20895527e-03,0.00000000e+00,0.00000000e+00,-3.20895527e-03,0
62,26,2.35904145e-03,0.00000000e+00,0.00000000e+00,-2.35904145e-03,0
62,27,3.14213918e-03,0.00000000e+00,0.00000000e+00,3.14213918e-03,0
62,28,5.28430136e-03,0.00000000e+00,0.00000000e+00,5.28430136e-03,0
62,29,7.36145056e-04,0.00000000e+00,0.00000000e+00,7.36145056e-04,0
62,30,8.16359199e-05,0.00000000e+00,0.00000000e+00,8.16359199e-05,0
62,31,1.04987986e-03,0.00000000e+00,0.00000000e+00,-1.04987986e-03,0
62,32,2.95918706e-03,0.00000000e+00,0.00000000e+00,-2.95918706e-03,0
62,33,1.04987986e-03,0.00000000e+00,0.00000000e+00,-1.04987986e-03,0
62,34,8.16359199e-05,0.00000000e+00,0.00000000e+00,8.16359199e-05,0
62,35,7.36145056e-04,0.00000000e+00,0.00000000e+00,7.36145056e-04,0
62,36,5.28430136e-03,0.00000000e+00,0.00000000e+00,5.28430136e-03,0
62,37,3.14213918e-03,0.00000000e+00,0.00000000e+00,3.14213918e-03,0
62,38,2.35904145e-03,0.00000000e+00,0.00000000e+00,-2.35904145e-03,0
62,39,3.20895527e-03,0.00000000e+00,0.00000000e+00,-3.20895527e-03,0
62,40,1.06806316e-03,0.00000000e+00,0.00000000e+00,-1.06806316e-03,0
62,41,1.87724376e-03,0.00000000e+00,0.00000000e+00,1.87724376e-03,0
62,42,3.51773027e-04,0.00000000e+00,0.00000000e+00,-3.51773027e-04,0
62,43,1.47774866e-03,0.00000000e+00,0.00000000e+00,-1.47774866e-03,0
62,44,2.63129060e-05,0.00000000e+00,0.00000000e+00,-2.63129060e-05,0
62,45,7.84929745e-04,0.00000000e+00,0.00000000e+00,7.84929745e-04,0
62,46,1.78993539e-03,0.00000000e+00,0.00000000e+00,1.78993539e-03,0
62,47,1.54130912e-03,0.00000000e+00,0.00000000e+00,1.54130912e-03,0
62,48,1.25660852e-03,0.00000000e+00,0.00000000e+00,-1.25660852e-03,0
62,49,6.47765837e-04,0.00000000e+00,0.00000000e+00,-6.47765837e-04,0
62,50,2.47477912e-03,0.00000000e+00,0.00000000e+00,2.47477912e-03,0
62,51,1.56022825e-03,0.00000000e+00,0.00000000e+00,1.56022825e-03,0
62,52,1.19902661e-03,0.00000000e+00,0.00000000e+00,1.19902661e-03,0
62,53,8.01140945e-05,0.00000000e+00,0.00000000e+00,8.01140945e-05,0
62,54,9.55470979e-04,0.00000000e+00,0.00000000e+00,9.55470979e-04,0
62,55,3.96362722e-04,0.00000000e+00,0.00000000e+00,3.96362722e-04,0
62,56,1.78787479e-03,0.00000000e+00,0.00000000e+00,-1.78787479e-03,0
62,57,1.31536306e-03,0.00000000e+00,0.00000000e+00,-1.31536306e-03,0
62,58,1.71364905e-03,0.00000000e+00,0.00000000e+00,-1.71364905e-03,0
62,59,5.19545998e-04,0.00000000e+00,0.00000000e+00,-5.19545998e-04,0
62,60,3.60221996e-03,0.00000000e+00,0.00000000e+00,3.60221996e-03,0
62,61,3.14598466e-03,0.00000000e+00,0.00000000e+00,3.14598466e-03,0
62,62,1.18717029e-03,0.00000000e+00,0.00000000e+00,-1.18717029e-03,0
62,63,2.28531999e-03,0.00000000e+00,0.00000000e+00,-2.28531999e-03,0
63,0,1.48588367e-03,0.00000000e+00,0.00000000e+00,1.48588367e-03,0
63,1,1.36759432e-05,0.00000000e+00,0.00000000e+00,1.36759432e-05,0
63,2,2.28531999e-03,0.00000000e+00,0.00000000e+00,-2.28531999e-03,0
63,3,1.73351864e-03,0.00000000e+00,0.00000000e+00,-1.73351864e-03,0
63,4,1.08251826e-03,0.00000000e+00,0.00000000e+00,1.08251826e-03,0
63,5,1.88830917e-03,0.00000000e+00,0.00000000e+00,1.88830917e-03,0
63,6,6.85118062e-04,0.00000000e+00,0.00000000e+00,6.85118062e-04,0
63,7,1.04765578e-04,0.00000000e+00,0.00000000e+00,1.04765578e-04,0
63,8,7.35233188e-04,0.00000000e+00,0.00000000e+00,-7.35233188e-04,0
63,9,1.01265604e-03,0.00000000e+00,0.00000000e+00,-1.01265604e-03,0
63,10,3.60877408e-04,0.00000000e+00,0.00000000e+00,3.60877408e-04,0
63,11,8.49995550e-04,0.00000000e+00,0.00000000e+00,8.49995550e-04,0
63,12,7.93079020e-04,0.00000000e+00,0.00000000e+00,7.93079020e-04,0
63,13,2.49990669e-04,0.00000000e+00,0.00000000e+00,2.49990669e-04,0
63,14,3.97864920e-04,0.00000000e+00,0.00000000e+00,3.97864920e-04,0
63,15,1.17004639e-03,0.00000000e+00,0.00000000e+00,1.17004639e-03,0
63,16,2.03673555e-04,0.00000000e+00,0.00000000e+00,2.03673555e-04,0
63,17,6.97987180e-04,0.00000000e+00,0.00000000e+00,6.97987180e-04,0
63,18,1.53041669e-03,0.00000000e+00,0.00000000e+00,1.53041669e-03,0
63,19,1.66651121e-03,0.00000000e+00,0.00000000e+00,1.66651121e-03,0
63,20,5.00160028e-04,0.00000000e+00,0.00000000e+00,5.00160028e-04,0
63,21,6.50726023e-04,0.00000000e+00,0.00000000e+00,-6.50726023e-04,0
63,22,2.70564390e-03,0.00000000e+00,0.00000000e+00,-2.70564390e-03,0
63,23,9.39542001e-04,0.00000000e+00,0.00000000e+00,-9.39542001e-04,0
63,24,7.79818904e-04,0.00000000e+00,0.00000000e+00,7.79818904e-04,0
63,25,1.60468864e-03,0.00000000e+00,0.00000000e+00,1.60468864e-03,0
63,26,1.48024458e-04,0.00000000e+00,0.00000000e+00,1.48024458e-04,0
63,27,6.63685967e-04,0.00000000e+00,0.00000000e+00,-6.63685967e-04,0
63,28,1.09899441e-03,0.00000000e+00,0.00000000e+00,1.09899441e-03,0
63,29,3.37502990e-04,0.00000000e+00,0.00000000e+00,3.37502990e-04,0
63,30,2.18097044e-04,0.00000000e+00,0.00000000e+00,2.18097044e-04,0
63,31,7.90865212e-04,0.00000000e+00,0.00000000e+00,-7.90865212e-04,0
63,32,4.78358428e-04,0.00000000e+00,0.00000000e+00,-4.78358428e-04,0
63,33,7.90865212e-04,0.00000000e+00,0.00000000e+00,-7.90865212e-04,0
63,34,2.18097044e-04,0.00000000e+00,0.00000000e+00,2.18097044e-04,0
63,35,3.37502990e-04,0.00000000e+00,0.00000000e+00,3.37502990e-04,0
63,36,1.09899441e-03,0.00000000e+00,0.00000000e+00,1.09899441e-03,0
63,37,6.63685967e-04,0.00000000e+00,0.00000000e+00,-6.63685967e-04,0
63,38,1.48024458e-04,0.00000000e+00,0.00000000e+00,1.48024458e-04,0
63,39,1.60468864e-03,0.00000000e+00,0.00000000e+00,1.60468864e-03,0
63,40,7.79818904e-04,0.00000000e+00,0.00000000e+00,7.79818904e-04,0
63,41,9.39542001e-04,0.00000000e+00,0.00000000e+00,-9.39542001e-04,0
63,42,2.70564390e-03,0.00000000e+00,0.00000000e+00,-2.70564390e-03,0
63,43,6.50726023e-04,0.00000000e+00,0.00000000e+00,-6.50726023e-04,0
63,44,5.00160028e-04,0.00000000e+00,0.00000000e+00,5.00160028e-04,0
63,45,1.66651121e-03,0.00000000e+00,0.00000000e+00,1.66651121e-03,0
63,46,1.53041669e-03,0.00000000e+00,0.00000000e+00,1.53041669e-03,0
63,47,6.97987180e-04,0.00000000e+00,0.00000000e+00,6.97987180e-04,0
63,48,2.03673555e-04,0.00000000e+00,0.00000000e+00,2.03673555e-04,0
63,49,1.17004639e-03,0.00000000e+00,0.00000000e+00,1.17004639e-03,0
63,50,3.97864920e-04,0.00000000e+00,0.00000000e+00,3.97864920e-04,0
63,51,2.49990669e-04,0.00000000e+00,0.00000000e+00,2.49990669e-04,0
63,52,7.93079020e-04,0.00000000e+00,0.00000000e+00,7.93079020e-04,0
63,53,8.49995550e-04,0.00000000e+00,0.00000000e+00,8.49995550e-04,0
63,54,3.60877408e-04,0.00000000e+00,0.00000000e+00,3.60877408e-04,0
63,55,1.01265604e-03,0.00000000e+00,0.00000000e+00,-1.01265604e-03,0
63,56,7.35233188e-04,0.00000000e+00,0.00000000e+00,-7.35233188e-04,0
63,57,1.04765578e-04,0.00000000e+00,0.00000000e+00,1.04765578e-04,0
63,58,6.85118062e-04,0.00000000e+00,0.00000000e+00,6.85118062e-04,0
63,59,1.88830917e-03,0.00000000e+00,0.00000000e+00,1.88830917e-03,0
63,60,1.08251826e-03,0.00000000e+00,0.00000000e+00,1.08251826e-03,0
63,61,1.73351864e-03,0.00000000e+00,0.00000000e+00,-1.73351864e-03,0
63,62,2.28531999e-03,0.00000000e+00,0.00000000e+00,-2.28531999e-03,0
63,63,1.36759432e-05,0.00000000e+00,0.00000000e+00,1.36759432e-05,0
