x,y,density,Jx,Jy,Jz,state
0,0,1.60011594e-05,0.00000000e+00,0.00000000e+00,1.60011594e-05,0
0,1,3.32843745e-05,0.00000000e+00,0.00000000e+00,3.32843745e-05,0
0,2,1.04773854e-04,0.00000000e+00,0.00000000e+00,1.04773854e-04,0
0,3,2.86014594e-04,0.00000000e+00,0.00000000e+00,2.86014594e-04,0
0,4,6.35565518e-04,0.00000000e+00,0.00000000e+00,6.35565518e-04,0
0,5,1.11609199e-03,0.00000000e+00,0.00000000e+00,1.11609199e-03,0
0,6,1.48225212e-03,0.00000000e+00,0.00000000e+00,1.48225212e-03,0
0,7,1.35927919e-03,0.00000000e+00,0.00000000e+00,1.35927919e-03,0
0,8,6.03911887e-04,0.00000000e+00,0.00000000e+00,6.03911887e-04,0
0,9,4.63672929e-04,0.00000000e+00,0.00000000e+00,-4.63672929e-04,0
0,10,1.39446319e-03,0.00000000e+00,0.00000000e+00,-1.39446319e-03,0
0,11,2.00888953e-03,0.00000000e+00,0.00000000e+00,-2.00888953e-03,0
0,12,2.26768432e-03,0.00000000e+00,0.00000000e+00,-2.26768432e-03,0
0,13,2.16970466e-03,0.00000000e+00,0.00000000e+00,-2.16970466e-03,0
0,14,1.82137848e-03,0.00000000e+00,0.00000000e+00,-1.82137848e-03,0
0,15,1.31971520e-03,0.00000000e+00,0.00000000e+00,-1.31971520e-03,0
0,16,9.15404020e-04,0.00000000e+00,0.00000000e+00,-9.15404020e-04,0
0,17,9.92333747e-04,0.00000000e+00,0.00000000e+00,-9.92333747e-04,0
0,18,1.67943377e-03,0.00000000e+00,0.00000000e+00,-1.67943377e-03,0
0,19,2.51750346e-03,0.00000000e+00,0.00000000e+00,-2.51750346e-03,0
0,20,2.72205945e-03,0.00000000e+00,0.00000000e+00,-2.72205945e-03,0
0,21,2.26163387e-03,0.00000000e+00,0.00000000e+00,-2.26163387e-03,0
0,22,1.69784982e-03,0.00000000e+00,0.00000000e+00,-1.69784982e-03,0
0,23,1.29901358e-03,0.00000000e+00,0.00000000e+00,-1.29901358e-03,0
0,24,1.09407845e-03,0.00000000e+00,0.00000000e+00,-1.09407845e-03,0
0,25,1.23858077e-03,0.00000000e+00,0.00000000e+00,-1.23858077e-03,0
0,26,1.44276134e-03,0.00000000e+00,0.00000000e+00,-1.44276134e-03,0
0,27,1.49383582e-03,0.00000000e+00,0.00000000e+00,-1.49383582e-03,0
0,28,1.18540274e-03,0.00000000e+00,0.00000000e+00,-1.18540274e-03,0
0,29,2.73332323e-04,0.00000000e+00,0.00000000e+00,-2.73332323e-04,0
0,30,8.94293119e-04,0.00000000e+00,0.00000000e+00,8.94293119e-04,0
0,31,1.93209703e-03,0.00000000e+00,0.00000000e+00,1.93209703e-03,0
0,32,2.29755516e-03,0.00000000e+00,0.00000000e+00,2.29755516e-03,0
0,33,1.93209703e-03,0.00000000e+00,0.00000000e+00,1.93209703e-03,0
0,34,8.94293119e-04,0.00000000e+00,0.00000000e+00,8.94293119e-04,0
0,35,2.73332323e-04,0.00000000e+00,0.00000000e+00,-2.73332323e-04,0
0,36,1.18540274e-03,0.00000000e+00,0.00000000e+00,-1.18540274e-03,0
0,37,1.49383582e-03,0.00000000e+00,0.00000000e+00,-1.49383582e-03,0
0,38,1.44276134e-03,0.00000000e+00,0.00000000e+00,-1.44276134e-03,0
0,39,1.23858077e-03,0.00000000e+00,0.00000000e+00,-1.23858077e-03,0
0,40,1.09407845e-03,0.00000000e+00,0.00000000e+00,-1.09407845e-03,0
0,41,1.29901358e-03,0.00000000e+00,0.00000000e+00,-1.29901358e-03,0
0,42,1.69784982e-03,0.00000000e+00,0.00000000e+00,-1.69784982e-03,0
0,43,2.26163387e-03,0.00000000e+00,0.00000000e+00,-2.26163387e-03,0
0,44,2.72205945e-03,0.00000000e+00,0.00000000e+00,-2.72205945e-03,0
0,45,2.51750346e-03,0.00000000e+00,0.00000000e+00,-2.51750346e-03,0
0,46,1.67943377e-03,0.00000000e+00,0.00000000e+00,-1.67943377e-03,0
0,47,9.92333747e-04,0.00000000e+00,0.00000000e+00,-9.92333747e-04,0
0,48,9.15404020e-04,0.00000000e+00,0.00000000e+00,-9.15404020e-04,0
0,49,1.31971520e-03,0.00000000e+00,0.00000000e+00,-1.31971520e-03,0
0,50,1.82137848e-03,0.00000000e+00,0.00000000e+00,-1.82137848e-03,0
0,51,2.16970466e-03,0.00000000e+00,0.00000000e+00,-2.16970466e-03,0
0,52,2.26768432e-03,0.00000000e+00,0.00000000e+00,-2.26768432e-03,0
0,53,2.00888953e-03,0.00000000e+00,0.00000000e+00,-2.00888953e-03,0
0,54,1.39446319e-03,0.00000000e+00,0.00000000e+00,-1.39446319e-03,0
0,55,4.63672929e-04,0.00000000e+00,0.00000000e+00,-4.63672929e-04,0
0,56,6.03911887e-04,0.00000000e+00,0.00000000e+00,6.03911887e-04,0
0,57,1.35927919e-03,0.00000000e+00,0.00000000e+00,1.35927919e-03,0
0,58,1.48225212e-03,0.00000000e+00,0.00000000e+00,1.48225212e-03,0
0,59,1.11609199e-03,0.00000000e+00,0.00000000e+00,1.11609199e-03,0
0,60,6.35565518e-04,0.00000000e+00,0.00000000e+00,6.35565518e-04,0
0,61,2.86014594e-04,0.00000000e+00,0.00000000e+00,2.86014594e-04,0
0,62,1.04773854e-04,0.00000000e+00,0.00000000e+00,1.04773854e-04,0
0,63,3.32843745e-05,0.00000000e+00,0.00000000e+00,3.32843745e-05,0
1,0,3.32843745e-05,0.00000000e+00,0.00000000e+00,3.32843745e-05,0
1,1,6.24052277e-05,0.00000000e+00,0.00000000e+00,6.24052277e-05,0
1,2,1.70998823e-04,0.00000000e+00,0.00000000e+00,1.70998823e-04,0
1,3,4.03988268e-04,0.00000000e+00,0.00000000e+00,4.03988268e-04,0
1,4,7.59571956e-04,0.00000000e+00,0.00000000e+00,7.59571956e-04,0
1,5,1.08389116e-03,0.00000000e+00,0.00000000e+00,1.08389116e-03,0
1,6,1.07746723e-03,0.00000000e+00,0.00000000e+00,1.07746723e-03,0
1,7,5.67847181e-04,0.00000000e+00,0.00000000e+00,5.67847181e-04,0
1,8,1.99611805e-04,0.00000000e+00,0.00000000e+00,-1.99611805e-04,0
1,9,7.88014406e-04,0.00000000e+00,0.00000000e+00,-7.88014406e-04,0
1,10,1.07297111e-03,0.00000000e+00,0.00000000e+00,-1.07297111e-03,0
1,11,1.15506367e-03,0.00000000e+00,0.00000000e+00,-1.15506367e-03,0
1,12,1.04144037e-03,0.00000000e+00,0.00000000e+00,-1.04144037e-03,0
1,13,8.00057948e-04,0.00000000e+00,0.00000000e+00,-8.00057948e-04,0
1,14,5.05327699e-04,0.00000000e+00,0.00000000e+00,-5.05327699e-04,0
1,15,2.14991368e-04,0.00000000e+00,0.00000000e+00,-2.14991368e-04,0
1,16,1.96411870e-04,0.00000000e+00,0.00000000e+00,-1.96411870e-04,0
1,17,5.82628798e-04,0.00000000e+00,0.00000000e+00,-5.82628798e-04,0
1,18,1.16954891e-03,0.00000000e+00,0.00000000e+00,-1.16954891e-03,0
1,19,1.37723360e-03,0.00000000e+00,0.00000000e+00,-1.37723360e-03,0
1,20,1.04755075e-03,0.00000000e+00,0.00000000e+00,-1.04755075e-03,0
1,21,6.87481797e-04,0.00000000e+00,0.00000000e+00,-6.87481797e-04,0
1,22,5.58520113e-04,0.00000000e+00,0.00000000e+00,-5.58520113e-04,0
1,23,4.79732917e-04,0.00000000e+00,0.00000000e+00,-4.79732917e-04,0
1,24,5.80066606e-04,0.00000000e+00,0.00000000e+00,-5.80066606e-04,0
1,25,7.71335290e-04,0.00000000e+00,0.00000000e+00,-7.71335290e-04,0
1,26,8.54904169e-04,0.00000000e+00,0.00000000e+00,-8.54904169e-04,0
1,27,8.53210938e-04,0.00000000e+00,0.00000000e+00,-8.53210938e-04,0
1,28,6.06545271e-04,0.00000000e+00,0.00000000e+00,-6.06545271e-04,0
1,29,2.88480728e-04,0.00000000e+00,0.00000000e+00,-2.88480728e-04,0
1,30,9.20510191e-05,0.00000000e+00,0.00000000e+00,-9.20510191e-05,0
1,31,2.10394499e-04,0.00000000e+00,0.00000000e+00,-2.10394499e-04,0
1,32,3.62676860e-04,0.00000000e+00,0.00000000e+00,-3.62676860e-04,0
1,33,2.10394499e-04,0.00000000e+00,0.00000000e+00,-2.10394499e-04,0
1,34,9.20510191e-05,0.00000000e+00,0.00000000e+00,-9.20510191e-05,0
1,35,2.88480728e-04,0.00000000e+00,0.00000000e+00,-2.88480728e-04,0
1,36,6.06545271e-04,0.00000000e+00,0.00000000e+00,-6.06545271e-04,0
1,37,8.53210938e-04,0.00000000e+00,0.00000000e+00,-8.53210938e-04,0
1,38,8.54904169e-04,0.00000000e+00,0.00000000e+00,-8.54904169e-04,0
1,39,7.71335290e-04,0.00000000e+00,0.00000000e+00,-7.71335290e-04,0
1,40,5.80066606e-04,0.00000000e+00,0.00000000e+00,-5.80066606e-04,0
1,41,4.79732917e-04,0.00000000e+00,0.00000000e+00,-4.79732917e-04,0
1,42,5.58520113e-04,0.00000000e+00,0.00000000e+00,-5.58520113e-04,0
1,43,6.87481797e-04,0.00000000e+00,0.00000000e+00,-6.87481797e-04,0
1,44,1.04755075e-03,0.00000000e+00,0.00000000e+00,-1.04755075e-03,0
1,45,1.37723360e-03,0.00000000e+00,0.00000000e+00,-1.37723360e-03,0
1,46,1.16954891e-03,0.00000000e+00,0.00000000e+00,-1.16954891e-03,0
1,47,5.82628798e-04,0.00000000e+00,0.00000000e+00,-5.82628798e-04,0
1,48,1.96411870e-04,0.00000000e+00,0.00000000e+00,-1.96411870e-04,0
1,49,2.14991368e-04,0.00000000e+00,0.00000000e+00,-2.14991368e-04,0
1,50,5.05327699e-04,0.00000000e+00,0.00000000e+00,-5.05327699e-04,0
1,51,8.00057948e-04,0.00000000e+00,0.00000000e+00,-8.00057948e-04,0
1,52,1.04144037e-03,0.00000000e+00,0.00000000e+00,-1.04144037e-03,0
1,53,1.15506367e-03,0.00000000e+00,0.00000000e+00,-1.15506367e-03,0
1,54,1.07297111e-03,0.00000000e+00,0.00000000e+00,-1.07297111e-03,0
1,55,7.88014406e-04,0.00000000e+00,0.00000000e+00,-7.88014406e-04,0
1,56,1.99611805e-04,0.00000000e+00,0.00000000e+00,-1.99611805e-04,0
1,57,5.67847181e-04,0.00000000e+00,0.00000000e+00,5.67847181e-04,0
1,58,1.07746723e-03,0.00000000e+00,0.00000000e+00,1.07746723e-03,0
1,59,1.08389116e-03,0.00000000e+00,0.00000000e+00,1.08389116e-03,0
1,60,7.59571956e-04,0.00000000e+00,0.00000000e+00,7.59571956e-04,0
1,61,4.03988268e-04,0.00000000e+00,0.00000000e+00,4.03988268e-04,0
1,62,1.70998823e-04,0.00000000e+00,0.00000000e+00,1.70998823e-04,0
1,63,6.24052277e-05,0.00000000e+00,0.00000000e+00,6.24052277e-05,0
2,0,1.04773854e-04,0.00000000e+00,0.00000000e+00,1.04773854e-04,0
2,1,1.70998823e-04,0.00000000e+00,0.00000000e+00,1.70998823e-04,0
2,2,3.79296416e-04,0.00000000e+00,0.00000000e+00,3.79296416e-04,0
2,3,6.95862463e-04,0.00000000e+00,0.00000000e+00,6.95862463e-04,0
2,4,9.07292897e-04,0.00000000e+00,0.00000000e+00,9.07292897e-04,0
2,5,6.31434451e-04,0.00000000e+00,0.00000000e+00,6.31434451e-04,0
2,6,2.61494107e-04,0.00000000e+00,0.00000000e+00,-2.61494107e-04,0
2,7,1.16523032e-03,0.00000000e+00,0.00000000e+00,-1.16523032e-03,0
2,8,1.21124039e-03,0.00000000e+00,0.00000000e+00,-1.21124039e-03,0
2,9,4.56428236e-04,0.00000000e+00,0.00000000e+00,-4.56428236e-04,0
2,10,3.07789070e-04,0.00000000e+00,0.00000000e+00,3.07789070e-04,0
2,11,8.53863765e-04,0.00000000e+00,0.00000000e+00,8.53863765e-04,0
2,12,1.23453167e-03,0.00000000e+00,0.00000000e+00,1.23453167e-03,0
2,13,1.29559267e-03,0.00000000e+00,0.00000000e+00,1.29559267e-03,0
2,14,1.21225003e-03,0.00000000e+00,0.00000000e+00,1.21225003e-03,0
2,15,8.36776673e-04,0.00000000e+00,0.00000000e+00,8.36776673e-04,0
2,16,5.16999592e-05,0.00000000e+00,0.00000000e+00,5.16999592e-05,0
2,17,6.19420039e-04,0.00000000e+00,0.00000000e+00,-6.19420039e-04,0
2,18,5.09901994e-04,0.00000000e+00,0.00000000e+00,-5.09901994e-04,0
2,19,5.25244419e-04,0.00000000e+00,0.00000000e+00,5.25244419e-04,0
2,20,1.05475632e-03,0.00000000e+00,0.00000000e+00,1.05475632e-03,0
2,21,6.15994983e-04,0.00000000e+00,0.00000000e+00,6.15994983e-04,0
2,22,8.23961056e-05,0.00000000e+00,0.00000000e+00,8.23961056e-05,0
2,23,1.26760228e-04,0.00000000e+00,0.00000000e+00,-1.26760228e-04,0
2,24,4.00488766e-04,0.00000000e+00,0.00000000e+00,-4.00488766e-04,0
2,25,9.67454798e-06,0.00000000e+00,0.00000000e+00,9.67454798e-06,0
2,26,5.84869451e-04,0.00000000e+00,0.00000000e+00,5.84869451e-04,0
2,27,1.16203264e-03,0.00000000e+00,0.00000000e+00,1.16203264e-03,0
2,28,1.61817158e-03,0.00000000e+00,0.00000000e+00,1.61817158e-03,0
2,29,7.83232946e-04,0.00000000e+00,0.00000000e+00,7.83232946e-04,0
2,30,8.37041456e-04,0.00000000e+00,0.00000000e+00,-8.37041456e-04,0
2,31,2.95300514e-03,0.00000000e+00,0.00000000e+00,-2.95300514e-03,0
2,32,3.78400006e-03,0.00000000e+00,0.00000000e+00,-3.78400006e-03,0
2,33,2.95300514e-03,0.00000000e+00,0.00000000e+00,-2.95300514e-03,0
2,34,8.37041456e-04,0.00000000e+00,0.00000000e+00,-8.37041456e-04,0
2,35,7.83232946e-04,0.00000000e+00,0.00000000e+00,7.83232946e-04,0
2,36,1.61817158e-03,0.00000000e+00,0.00000000e+00,1.61817158e-03,0
2,37,1.16203264e-03,0.00000000e+00,0.00000000e+00,1.16203264e-03,0
2,38,5.84869451e-04,0.00000000e+00,0.00000000e+00,5.84869451e-04,0
2,39,9.67454798e-06,0.00000000e+00,0.00000000e+00,9.67454798e-06,0
2,40,4.00488766e-04,0.00000000e+00,0.00000000e+00,-4.00488766e-04,0
2,41,1.26760228e-04,0.00000000e+00,0.00000000e+00,-1.26760228e-04,0
2,42,8.23961056e-05,0.00000000e+00,0.00000000e+00,8.23961056e-05,0
2,43,6.15994983e-04,0.00000000e+00,0.00000000e+00,6.15994983e-04,0
2,44,1.05475632e-03,0.00000000e+00,0.00000000e+00,1.05475632e-03,0
2,45,5.25244419e-04,0.00000000e+00,0.00000000e+00,5.25244419e-04,0
2,46,5.09901994e-04,0.00000000e+00,0.00000000e+00,-5.09901994e-04,0
2,47,6.19420039e-04,0.00000000e+00,0.00000000e+00,-6.19420039e-04,0
2,48,5.16999592e-05,0.00000000e+00,0.00000000e+00,5.16999592e-05,0
2,49,8.36776673e-04,0.00000000e+00,0.00000000e+00,8.36776673e-04,0
2,50,1.21225003e-03,0.00000000e+00,0.00000000e+00,1.21225003e-03,0
2,51,1.29559267e-03,0.00000000e+00,0.00000000e+00,1.29559267e-03,0
2,52,1.23453167e-03,0.00000000e+00,0.00000000e+00,1.23453167e-03,0
2,53,8.53863765e-04,0.00000000e+00,0.00000000e+00,8.53863765e-04,0
2,54,3.07789070e-04,0.00000000e+00,0.00000000e+00,3.07789070e-04,0
2,55,4.56428236e-04,0.00000000e+00,0.00000000e+00,-4.56428236e-04,0
2,56,1.21124039e-03,0.00000000e+00,0.00000000e+00,-1.21124039e-03,0
2,57,1.16523032e-03,0.00000000e+00,0.00000000e+00,-1.16523032e-03,0
2,58,2.61494107e-04,0.00000000e+00,0.00000000e+00,-2.61494107e-04,0
2,59,6.31434451e-04,0.00000000e+00,0.00000000e+00,6.31434451e-04,0
2,60,9.07292897e-04,0.00000000e+00,0.00000000e+00,9.07292897e-04,0
2,61,6.95862463e-04,0.00000000e+00,0.00000000e+00,6.95862463e-04,0
2,62,3.79296416e-04,0.00000000e+00,0.00000000e+00,3.79296416e-04,0
2,63,1.70998823e-04,0.00000000e+00,0.00000000e+00,1.70998823e-04,0
3,0,2.86014594e-04,0.00000000e+00,0.00000000e+00,2.86014594e-04,0
3,1,4.03988268e-04,0.00000000e+00,0.00000000e+00,4.03988268e-04,0
3,2,6.95862463e-04,0.00000000e+00,0.00000000e+00,6.95862463e-04,0
3,3,8.90577523e-04,0.00000000e+00,0.00000000e+00,8.90577523e-04,0
3,4,4.85346400e-04,0.00000000e+00,0.00000000e+00,4.85346400e-04,0
3,5,7.44947213e-04,0.00000000e+00,0.00000000e+00,-7.44947213e-04,0
3,6,1.94240372e-03,0.00000000e+00,0.00000000e+00,-1.94240372e-03,0
3,7,1.64575653e-03,0.00000000e+00,0.00000000e+00,-1.64575653e-03,0
3,8,7.33116198e-05,0.00000000e+00,0.00000000e+00,7.33116198e-05,0
3,9,1.37687699e-03,0.00000000e+00,0.00000000e+00,1.37687699e-03,0
3,10,1.63489519e-03,0.00000000e+00,0.00000000e+00,1.63489519e-03,0
3,11,1.67548263e-03,0.00000000e+00,0.00000000e+00,1.67548263e-03,0
3,12,1.35621196e-03,0.00000000e+00,0.00000000e+00,1.35621196e-03,0
3,13,8.25572767e-04,0.00000000e+00,0.00000000e+00,8.25572767e-04,0
3,14,4.08214038e-04,0.00000000e+00,0.00000000e+00,4.08214038e-04,0
3,15,5.49989455e-04,0.00000000e+00,0.00000000e+00,-5.49989455e-04,0
3,16,1.30315491e-03,0.00000000e+00,0.00000000e+00,-1.30315491e-03,0
3,17,1.15328560e-03,0.00000000e+00,0.00000000e+00,-1.15328560e-03,0
3,18,2.37551004e-04,0.00000000e+00,0.00000000e+00,2.37551004e-04,0
3,19,1.11807067e-03,0.00000000e+00,0.00000000e+00,1.11807067e-03,0
3,20,1.02633472e-04,0.00000000e+00,0.00000000e+00,1.02633472e-04,0
3,21,9.35832241e-04,0.00000000e+00,0.00000000e+00,-9.35832241e-04,0
3,22,9.12504288e-04,0.00000000e+00,0.00000000e+00,-9.12504288e-04,0
3,23,1.03842643e-03,0.00000000e+00,0.00000000e+00,-1.03842643e-03,0
3,24,5.57746408e-04,0.00000000e+00,0.00000000e+00,-5.57746408e-04,0
3,25,6.26861694e-04,0.00000000e+00,0.00000000e+00,6.26861694e-04,0
3,26,1.52449797e-03,0.00000000e+00,0.00000000e+00,1.52449797e-03,0
3,27,2.60654458e-03,0.00000000e+00,0.00000000e+00,2.60654458e-03,0
3,28,2.64071184e-03,0.00000000e+00,0.00000000e+00,2.64071184e-03,0
3,29,1.33312607e-03,0.00000000e+00,0.00000000e+00,1.33312607e-03,0
3,30,6.47532789e-04,0.00000000e+00,0.00000000e+00,-6.47532789e-04,0
3,31,1.53795073e-03,0.00000000e+00,0.00000000e+00,-1.53795073e-03,0
3,32,1.30633446e-03,0.00000000e+00,0.00000000e+00,-1.30633446e-03,0
3,33,1.53795073e-03,0.00000000e+00,0.00000000e+00,-1.53795073e-03,0
3,34,6.47532789e-04,0.00000000e+00,0.00000000e+00,-6.47532789e-04,0
3,35,1.33312607e-03,0.00000000e+00,0.00000000e+00,1.33312607e-03,0
3,36,2.64071184e-03,0.00000000e+00,0.00000000e+00,2.64071184e-03,0
3,37,2.60654458e-03,0.00000000e+00,0.00000000e+00,2.60654458e-03,0
3,38,1.52449797e-03,0.00000000e+00,0.00000000e+00,1.52449797e-03,0
3,39,6.26861694e-04,0.00000000e+00,0.00000000e+00,6.26861694e-04,0
3,40,5.57746408e-04,0.00000000e+00,0.00000000e+00,-5.57746408e-04,0
3,41,1.03842643e-03,0.00000000e+00,0.00000000e+00,-1.03842643e-03,0
3,42,9.12504288e-04,0.00000000e+00,0.00000000e+00,-9.12504288e-04,0
3,43,9.35832241e-04,0.00000000e+00,0.00000000e+00,-9.35832241e-04,0
3,44,1.02633472e-04,0.00000000e+00,0.00000000e+00,1.02633472e-04,0
3,45,1.11807067e-03,0.00000000e+00,0.00000000e+00,1.11807067e-03,0
3,46,2.37551004e-04,0.00000000e+00,0.00000000e+00,2.37551004e-04,0
3,47,1.15328560e-03,0.00000000e+00,0.00000000e+00,-1.15328560e-03,0
3,48,1.30315491e-03,0.00000000e+00,0.00000000e+00,-1.30315491e-03,0
3,49,5.49989455e-04,0.00000000e+00,0.00000000e+00,-5.49989455e-04,0
3,50,4.08214038e-04,0.00000000e+00,0.00000000e+00,4.08214038e-04,0
3,51,8.25572767e-04,0.00000000e+00,0.00000000e+00,8.25572767e-04,0
3,52,1.35621196e-03,0.00000000e+00,0.00000000e+00,1.35621196e-03,0
3,53,1.67548263e-03,0.00000000e+00,0.00000000e+00,1.67548263e-03,0
3,54,1.63489519e-03,0.00000000e+00,0.00000000e+00,1.63489519e-03,0
3,55,1.37687699e-03,0.00000000e+00,0.00000000e+00,1.37687699e-03,0
3,56,7.33116198e-05,0.00000000e+00,0.00000000e+00,7.33116198e-05,0
3,57,1.64575653e-03,0.00000000e+00,0.00000000e+00,-1.64575653e-03,0
3,58,1.94240372e-03,0.00000000e+00,0.00000000e+00,-1.94240372e-03,0
3,59,7.44947213e-04,0.00000000e+00,0.00000000e+00,-7.44947213e-04,0
3,60,4.85346400e-04,0.00000000e+00,0.00000000e+00,4.85346400e-04,0
3,61,8.90577523e-04,0.00000000e+00,0.00000000e+00,8.90577523e-04,0
3,62,6.95862463e-04,0.00000000e+00,0.00000000e+00,6.95862463e-04,0
3,63,4.03988268e-04,0.00000000e+00,0.00000000e+00,4.03988268e-04,0
4,0,6.35565518e-04,0.00000000e+00,0.00000000e+00,6.35565518e-04,0
4,1,7.59571956e-04,0.00000000e+00,0.00000000e+00,7.59571956e-04,0
4,2,9.07292897e-04,0.00000000e+00,0.00000000e+00,9.07292897e-04,0
4,3,4.85346400e-04,0.00000000e+00,0.00000000e+00,4.85346400e-04,0
4,4,8.87022527e-04,0.00000000e+00,0.00000000e+00,-8.87022527e-04,0
4,5,2.27269705e-03,0.00000000e+00,0.00000000e+00,-2.27269705e-03,0
4,6,1.66944082e-03,0.00000000e+00,0.00000000e+00,-1.66944082e-03,0
4,7,9.53280171e-04,0.00000000e+00,0.00000000e+00,9.53280171e-04,0
4,8,2.39032551e-03,0.00000000e+00,0.00000000e+00,2.39032551e-03,0
4,9,1.23463979e-03,0.00000000e+00,0.00000000e+00,1.23463979e-03,0
4,10,1.66054693e-04,0.00000000e+00,0.00000000e+00,1.66054693e-04,0
4,11,1.99422991e-04,0.00000000e+00,0.00000000e+00,-1.99422991e-04,0
4,12,8.80077219e-04,0.00000000e+00,0.00000000e+00,-8.80077219e-04,0
4,13,6.68286707e-04,0.00000000e+00,0.00000000e+00,-6.68286707e-04,0
4,14,7.93603458e-04,0.00000000e+00,0.00000000e+00,-7.93603458e-04,0
4,15,1.31584214e-03,0.00000000e+00,0.00000000e+00,-1.31584214e-03,0
4,16,6.24953826e-04,0.00000000e+00,0.00000000e+00,-6.24953826e-04,0
4,17,7.14689693e-04,0.00000000e+00,0.00000000e+00,7.14689693e-04,0
4,18,2.11618153e-03,0.00000000e+00,0.00000000e+00,2.11618153e-03,0
4,19,4.82872153e-04,0.00000000e+00,0.00000000e+00,4.82872153e-04,0
4,20,8.39199134e-04,0.00000000e+00,0.00000000e+00,-8.39199134e-04,0
4,21,2.10558566e-04,0.00000000e+00,0.00000000e+00,-2.10558566e-04,0
4,22,6.87875259e-04,0.00000000e+00,0.00000000e+00,6.87875259e-04,0
4,23,1.98724875e-04,0.00000000e+00,0.00000000e+00,1.98724875e-04,0
4,24,1.68308287e-03,0.00000000e+00,0.00000000e+00,1.68308287e-03,0
4,25,1.23053951e-03,0.00000000e+00,0.00000000e+00,1.23053951e-03,0
4,26,1.05858564e-03,0.00000000e+00,0.00000000e+00,1.05858564e-03,0
4,27,6.69953361e-04,0.00000000e+00,0.00000000e+00,6.69953361e-04,0
4,28,2.13560336e-03,0.00000000e+00,0.00000000e+00,-2.13560336e-03,0
4,29,2.49459392e-03,0.00000000e+00,0.00000000e+00,-2.49459392e-03,0
4,30,2.25878384e-03,0.00000000e+00,0.00000000e+00,-2.25878384e-03,0
4,31,2.05248808e-03,0.00000000e+00,0.00000000e+00,2.05248808e-03,0
4,32,4.05834895e-03,0.00000000e+00,0.00000000e+00,4.05834895e-03,0
4,33,2.05248808e-03,0.00000000e+00,0.00000000e+00,2.05248808e-03,0
4,34,2.25878384e-03,0.00000000e+00,0.00000000e+00,-2.25878384e-03,0
4,35,2.49459392e-03,0.00000000e+00,0.00000000e+00,-2.49459392e-03,0
4,36,2.13560336e-03,0.00000000e+00,0.00000000e+00,-2.13560336e-03,0
4,37,6.69953361e-04,0.00000000e+00,0.00000000e+00,6.69953361e-04,0
4,38,1.05858564e-03,0.00000000e+00,0.00000000e+00,1.05858564e-03,0
4,39,1.23053951e-03,0.00000000e+00,0.00000000e+00,1.23053951e-03,0
4,40,1.68308287e-03,0.00000000e+00,0.00000000e+00,1.68308287e-03,0
4,41,1.98724875e-04,0.00000000e+00,0.00000000e+00,1.98724875e-04,0
4,42,6.87875259e-04,0.00000000e+00,0.00000000e+00,6.87875259e-04,0
4,43,2.10558566e-04,0.00000000e+00,0.00000000e+00,-2.10558566e-04,0
4,44,8.39199134e-04,0.00000000e+00,0.00000000e+00,-8.39199134e-04,0
4,45,4.82872153e-04,0.00000000e+00,0.00000000e+00,4.82872153e-04,0
4,46,2.11618153e-03,0.00000000e+00,0.00000000e+00,2.11618153e-03,0
4,47,7.14689693e-04,0.00000000e+00,0.00000000e+00,7.14689693e-04,0
4,48,6.24953826e-04,0.00000000e+00,0.00000000e+00,-6.24953826e-04,0
4,49,1.31584214e-03,0.00000000e+00,0.00000000e+00,-1.31584214e-03,0
4,50,7.93603458e-04,0.00000000e+00,0.00000000e+00,-7.93603458e-04,0
4,51,6.68286707e-04,0.00000000e+00,0.00000000e+00,-6.68286707e-04,0
4,52,8.80077219e-04,0.00000000e+00,0.00000000e+00,-8.80077219e-04,0
4,53,1.99422991e-04,0.00000000e+00,0.00000000e+00,-1.99422991e-04,0
4,54,1.66054693e-04,0.00000000e+00,0.00000000e+00,1.66054693e-04,0
4,55,1.23463979e-03,0.00000000e+00,0.00000000e+00,1.23463979e-03,0
4,56,2.39032551e-03,0.00000000e+00,0.00000000e+00,2.39032551e-03,0
4,57,9.53280171e-04,0.00000000e+00,0.00000000e+00,9.53280171e-04,0
4,58,1.66944082e-03,0.00000000e+00,0.00000000e+00,-1.66944082e-03,0
4,59,2.27269705e-03,0.00000000e+00,0.00000000e+00,-2.27269705e-03,0
4,60,8.87022527e-04,0.00000000e+00,0.00000000e+00,-8.87022527e-04,0
4,61,4.85346400e-04,0.00000000e+00,0.00000000e+00,4.85346400e-04,0
4,62,9.07292897e-04,0.00000000e+00,0.00000000e+00,9.07292897e-04,0
4,63,7.59571956e-04,0.00000000e+00,0.00000000e+00,7.59571956e-04,0
5,0,1.11609199e-03,0.00000000e+00,0.00000000e+00,1.11609199e-03,0
5,1,1.08389116e-03,0.00000000e+00,0.00000000e+00,1.08389116e-03,0
5,2,6.31434451e-04,0.00000000e+00,0.00000000e+00,6.31434451e-04,0
5,3,7.44947213e-04,0.00000000e+00,0.00000000e+00,-7.44947213e-04,0
5,4,2.27269705e-03,0.00000000e+00,0.00000000e+00,-2.27269705e-03,0
5,5,1.62039062e-03,0.00000000e+00,0.00000000e+00,-1.62039062e-03,0
5,6,1.64305848e-03,0.00000000e+00,0.00000000e+00,1.64305848e-03,0
5,7,3.15770541e-03,0.00000000e+00,0.00000000e+00,3.15770541e-03,0
5,8,1.25312395e-04,0.00000000e+00,0.00000000e+00,1.25312395e-04,0
5,9,2.36855183e-03,0.00000000e+00,0.00000000e+00,-2.36855183e-03,0
5,10,1.41415511e-03,0.00000000e+00,0.00000000e+00,-1.41415511e-03,0
5,11,1.12898699e-03,0.00000000e+00,0.00000000e+00,-1.12898699e-03,0
5,12,3.56578137e-04,0.00000000e+00,0.00000000e+00,-3.56578137e-04,0
5,13,1.20573535e-03,0.00000000e+00,0.00000000e+00,1.20573535e-03,0
5,14,3.55381633e-04,0.00000000e+00,0.00000000e+00,3.55381633e-04,0
5,15,1.09034468e-03,0.00000000e+00,0.00000000e+00,1.09034468e-03,0
5,16,2.01386764e-03,0.00000000e+00,0.00000000e+00,2.01386764e-03,0
5,17,3.06038167e-03,0.00000000e+00,0.00000000e+00,3.06038167e-03,0
5,18,1.84221123e-03,0.00000000e+00,0.00000000e+00,1.84221123e-03,0
5,19,5.14659255e-04,0.00000000e+00,0.00000000e+00,-5.14659255e-04,0
5,20,1.34016962e-03,0.00000000e+00,0.00000000e+00,1.34016962e-03,0
5,21,2.90944521e-03,0.00000000e+00,0.00000000e+00,2.90944521e-03,0
5,22,2.17749649e-03,0.00000000e+00,0.00000000e+00,2.17749649e-03,0
5,23,2.91514554e-03,0.00000000e+00,0.00000000e+00,2.91514554e-03,0
5,24,3.25363587e-03,0.00000000e+00,0.00000000e+00,3.25363587e-03,0
5,25,1.39473306e-03,0.00000000e+00,0.00000000e+00,1.39473306e-03,0
5,26,8.52327944e-04,0.00000000e+00,0.00000000e+00,8.52327944e-04,0
5,27,2.19646996e-03,0.00000000e+00,0.00000000e+00,-2.19646996e-03,0
5,28,5.65539876e-03,0.00000000e+00,0.00000000e+00,-5.65539876e-03,0
5,29,5.15588691e-03,0.00000000e+00,0.00000000e+00,-5.15588691e-03,0
5,30,8.14701974e-04,0.00000000e+00,0.00000000e+00,-8.14701974e-04,0
5,31,2.68252003e-03,0.00000000e+00,0.00000000e+00,2.68252003e-03,0
5,32,2.02876480e-03,0.00000000e+00,0.00000000e+00,2.02876480e-03,0
5,33,2.68252003e-03,0.00000000e+00,0.00000000e+00,2.68252003e-03,0
5,34,8.14701974e-04,0.00000000e+00,0.00000000e+00,-8.14701974e-04,0
5,35,5.15588691e-03,0.00000000e+00,0.00000000e+00,-5.15588691e-03,0
5,36,5.65539876e-03,0.00000000e+00,0.00000000e+00,-5.65539876e-03,0
5,37,2.19646996e-03,0.00000000e+00,0.00000000e+00,-2.19646996e-03,0
5,38,8.52327944e-04,0.00000000e+00,0.00000000e+00,8.52327944e-04,0
5,39,1.39473306e-03,0.00000000e+00,0.00000000e+00,1.39473306e-03,0
5,40,3.25363587e-03,0.00000000e+00,0.00000000e+00,3.25363587e-03,0
5,41,2.91514554e-03,0.00000000e+00,0.00000000e+00,2.91514554e-03,0
5,42,2.17749649e-03,0.00000000e+00,0.00000000e+00,2.17749649e-03,0
5,43,2.90944521e-03,0.00000000e+00,0.00000000e+00,2.90944521e-03,0
5,44,1.34016962e-03,0.00000000e+00,0.00000000e+00,1.34016962e-03,0
5,45,5.14659255e-04,0.00000000e+00,0.00000000e+00,-5.14659255e-04,0
5,46,1.84221123e-03,0.00000000e+00,0.00000000e+00,1.84221123e-03,0
5,47,3.06038167e-03,0.00000000e+00,0.00000000e+00,3.06038167e-03,0
5,48,2.01386764e-03,0.00000000e+00,0.00000000e+00,2.01386764e-03,0
5,49,1.09034468e-03,0.00000000e+00,0.00000000e+00,1.09034468e-03,0
5,50,3.55381633e-04,0.00000000e+00,0.00000000e+00,3.55381633e-04,0
5,51,1.20573535e-03,0.00000000e+00,0.00000000e+00,1.20573535e-03,0
5,52,3.56578137e-04,0.00000000e+00,0.00000000e+00,-3.56578137e-04,0
5,53,1.12898699e-03,0.00000000e+00,0.00000000e+00,-1.12898699e-03,0
5,54,1.41415511e-03,0.00000000e+00,0.00000000e+00,-1.41415511e-03,0
5,55,2.36855183e-03,0.00000000e+00,0.00000000e+00,-2.36855183e-03,0
5,56,1.25312395e-04,0.00000000e+00,0.00000000e+00,1.25312395e-04,0
5,57,3.15770541e-03,0.00000000e+00,0.00000000e+00,3.15770541e-03,0
5,58,1.64305848e-03,0.00000000e+00,0.00000000e+00,1.64305848e-03,0
5,59,1.62039062e-03,0.00000000e+00,0.00000000e+00,-1.62039062e-03,0
5,60,2.27269705e-03,0.00000000e+00,0.00000000e+00,-2.27269705e-03,0
5,61,7.44947213e-04,0.00000000e+00,0.00000000e+00,-7.44947213e-04,0
5,62,6.31434451e-04,0.00000000e+00,0.00000000e+00,6.31434451e-04,0
5,63,1.08389116e-03,0.00000000e+00,0.00000000e+00,1.08389116e-03,0
6,0,1.48225212e-03,0.00000000e+00,0.00000000e+00,1.48225212e-03,0
6,1,1.07746723e-03,0.00000000e+00,0.00000000e+00,1.07746723e-03,0
6,2,2.61494107e-04,0.00000000e+00,0.00000000e+00,-2.61494107e-04,0
6,3,1.94240372e-03,0.00000000e+00,0.00000000e+00,-1.94240372e-03,0
6,4,1.66944082e-03,0.00000000e+00,0.00000000e+00,-1.66944082e-03,0
6,5,1.64305848e-03,0.00000000e+00,0.00000000e+00,1.64305848e-03,0
6,6,3.42983197e-03,0.00000000e+00,0.00000000e+00,3.42983197e-03,0
6,7,8.47079943e-04,0.00000000e+00,0.00000000e+00,-8.47079943e-04,0
6,8,4.65697806e-03,0.00000000e+00,0.00000000e+00,-4.65697806e-03,0
6,9,1.20549366e-03,0.00000000e+00,0.00000000e+00,-1.20549366e-03,0
6,10,1.44590500e-03,0.00000000e+00,0.00000000e+00,1.44590500e-03,0
6,11,9.53895781e-04,0.00000000e+00,0.00000000e+00,9.53895781e-04,0
6,12,3.38338993e-03,0.00000000e+00,0.00000000e+00,3.38338993e-03,0
6,13,1.78659097e-03,0.00000000e+00,0.00000000e+00,1.78659097e-03,0
6,14,1.79963238e-05,0.00000000e+00,0.00000000e+00,-1.79963238e-05,0
6,15,1.25593701e-03,0.00000000e+00,0.00000000e+00,1.25593701e-03,0
6,16,4.76364994e-05,0.00000000e+00,0.00000000e+00,4.76364994e-05,0
6,17,7.42221400e-04,0.00000000e+00,0.00000000e+00,7.42221400e-04,0
6,18,2.98415971e-03,0.00000000e+00,0.00000000e+00,-2.98415971e-03,0
6,19,5.22667700e-04,0.00000000e+00,0.00000000e+00,-5.22667700e-04,0
6,20,7.35375848e-04,0.00000000e+00,0.00000000e+00,7.35375848e-04,0
6,21,3.65628876e-04,0.00000000e+00,0.00000000e+00,3.65628876e-04,0
6,22,1.38055640e-03,0.00000000e+00,0.00000000e+00,-1.38055640e-03,0
6,23,2.46961135e-03,0.00000000e+00,0.00000000e+00,2.46961135e-03,0
6,24,1.76023929e-03,0.00000000e+00,0.00000000e+00,-1.76023929e-03,0
6,25,1.20253402e-03,0.00000000e+00,0.00000000e+00,1.20253402e-03,0
6,26,2.44754721e-04,0.00000000e+00,0.00000000e+00,2.44754721e-04,0
6,27,2.99885093e-03,0.00000000e+00,0.00000000e+00,-2.99885093e-03,0
6,28,1.53117781e-03,0.00000000e+00,0.00000000e+00,1.53117781e-03,0
6,29,6.65727322e-04,0.00000000e+00,0.00000000e+00,6.65727322e-04,0
6,30,6.81897987e-03,0.00000000e+00,0.00000000e+00,6.81897987e-03,0
6,31,6.38956715e-04,0.00000000e+00,0.00000000e+00,-6.38956715e-04,0
6,32,4.96049062e-03,0.00000000e+00,0.00000000e+00,-4.96049062e-03,0
6,33,6.38956715e-04,0.00000000e+00,0.00000000e+00,-6.38956715e-04,0
6,34,6.81897987e-03,0.00000000e+00,0.00000000e+00,6.81897987e-03,0
6,35,6.65727322e-04,0.00000000e+00,0.00000000e+00,6.65727322e-04,0
6,36,1.53117781e-03,0.00000000e+00,0.00000000e+00,1.53117781e-03,0
6,37,2.99885093e-03,0.00000000e+00,0.00000000e+00,-2.99885093e-03,0
6,38,2.44754721e-04,0.00000000e+00,0.00000000e+00,2.44754721e-04,0
6,39,1.20253402e-03,0.00000000e+00,0.00000000e+00,1.20253402e-03,0
6,40,1.76023929e-03,0.00000000e+00,0.00000000e+00,-1.76023929e-03,0
6,41,2.46961135e-03,0.00000000e+00,0.00000000e+00,2.46961135e-03,0
6,42,1.38055640e-03,0.00000000e+00,0.00000000e+00,-1.38055640e-03,0
6,43,3.65628876e-04,0.00000000e+00,0.00000000e+00,3.65628876e-04,0
6,44,7.35375848e-04,0.00000000e+00,0.00000000e+00,7.35375848e-04,0
6,45,5.22667700e-04,0.00000000e+00,0.00000000e+00,-5.22667700e-04,0
6,46,2.98415971e-03,0.00000000e+00,0.00000000e+00,-2.98415971e-03,0
6,47,7.42221400e-04,0.00000000e+00,0.00000000e+00,7.42221400e-04,0
6,48,4.76364994e-05,0.00000000e+00,0.00000000e+00,4.76364994e-05,0
6,49,1.25593701e-03,0.00000000e+00,0.00000000e+00,1.25593701e-03,0
6,50,1.79963238e-05,0.00000000e+00,0.00000000e+00,-1.79963238e-05,0
6,51,1.78659097e-03,0.00000000e+00,0.00000000e+00,1.78659097e-03,0
6,52,3.38338993e-03,0.00000000e+00,0.00000000e+00,3.38338993e-03,0
6,53,9.53895781e-04,0.00000000e+00,0.00000000e+00,9.53895781e-04,0
6,54,1.44590500e-03,0.00000000e+00,0.00000000e+00,1.44590500e-03,0
6,55,1.20549366e-03,0.00000000e+00,0.00000000e+00,-1.20549366e-03,0
6,56,4.65697806e-03,0.00000000e+00,0.00000000e+00,-4.65697806e-03,0
6,57,8.47079943e-04,0.00000000e+00,0.00000000e+00,-8.47079943e-04,0
6,58,3.42983197e-03,0.00000000e+00,0.00000000e+00,3.42983197e-03,0
6,59,1.64305848e-03,0.00000000e+00,0.00000000e+00,1.64305848e-03,0
6,60,1.66944082e-03,0.00000000e+00,0.00000000e+00,-1.66944082e-03,0
6,61,1.94240372e-03,0.00000000e+00,0.00000000e+00,-1.94240372e-03,0
6,62,2.61494107e-04,0.00000000e+00,0.00000000e+00,-2.61494107e-04,0
6,63,1.07746723e-03,0.00000000e+00,0.00000000e+00,1.07746723e-03,0
7,0,1.35927919e-03,0.00000000e+00,0.00000000e+00,1.35927919e-03,0
7,1,5.67847181e-04,0.00000000e+00,0.00000000e+00,5.67847181e-04,0
7,2,1.16523032e-03,0.00000000e+00,0.00000000e+00,-1.16523032e-03,0
7,3,1.64575653e-03,0.00000000e+00,0.00000000e+00,-1.64575653e-03,0
7,4,9.53280171e-04,0.00000000e+00,0.00000000e+00,9.53280171e-04,0
7,5,3.15770541e-03,0.00000000e+00,0.00000000e+00,3.15770541e-03,0
7,6,8.47079943e-04,0.00000000e+00,0.00000000e+00,-8.47079943e-04,0
7,7,5.57083356e-03,0.00000000e+00,0.00000000e+00,-5.57083356e-03,0
7,8,3.98427820e-04,0.00000000e+00,0.00000000e+00,-3.98427820e-04,0
7,9,5.15915057e-03,0.00000000e+00,0.00000000e+00,5.15915057e-03,0
7,10,1.35835340e-03,0.00000000e+00,0.00000000e+00,1.35835340e-03,0
7,11,1.92687760e-03,0.00000000e+00,0.00000000e+00,1.92687760e-03,0
7,12,1.80223162e-03,0.00000000e+00,0.00000000e+00,1.80223162e-03,0
7,13,4.44254369e-03,0.00000000e+00,0.00000000e+00,-4.44254369e-03,0
7,14,1.41972617e-03,0.00000000e+00,0.00000000e+00,-1.41972617e-03,0
7,15,2.81348872e-03,0.00000000e+00,0.00000000e+00,-2.81348872e-03,0
7,16,1.67349835e-03,0.00000000e+00,0.00000000e+00,-1.67349835e-03,0
7,17,1.88690668e-03,0.00000000e+00,0.00000000e+00,-1.88690668e-03,0
7,18,3.07422939e-03,0.00000000e+00,0.00000000e+00,-3.07422939e-03,0
7,19,1.29162304e-03,0.00000000e+00,0.00000000e+00,1.29162304e-03,0
7,20,2.03165025e-03,0.00000000e+00,0.00000000e+00,-2.03165025e-03,0
7,21,1.43818285e-03,0.00000000e+00,0.00000000e+00,-1.43818285e-03,0
7,22,4.87797048e-04,0.00000000e+00,0.00000000e+00,-4.87797048e-04,0
7,23,1.79028522e-03,0.00000000e+00,0.00000000e+00,-1.79028522e-03,0
7,24,3.42525454e-03,0.00000000e+00,0.00000000e+00,-3.42525454e-03,0
7,25,2.39982364e-04,0.00000000e+00,0.00000000e+00,-2.39982364e-04,0
7,26,3.15846397e-03,0.00000000e+00,0.00000000e+00,-3.15846397e-03,0
7,27,2.76077389e-03,0.00000000e+00,0.00000000e+00,-2.76077389e-03,0
7,28,5.70531054e-03,0.00000000e+00,0.00000000e+00,5.70531054e-03,0
7,29,8.12170253e-03,0.00000000e+00,0.00000000e+00,8.12170253e-03,0
7,30,3.34964324e-03,0.00000000e+00,0.00000000e+00,3.34964324e-03,0
7,31,3.00823203e-03,0.00000000e+00,0.00000000e+00,-3.00823203e-03,0
7,32,5.23692521e-04,0.00000000e+00,0.00000000e+00,-5.23692521e-04,0
7,33,3.00823203e-03,0.00000000e+00,0.00000000e+00,-3.00823203e-03,0
7,34,3.34964324e-03,0.00000000e+00,0.00000000e+00,3.34964324e-03,0
7,35,8.12170253e-03,0.00000000e+00,0.00000000e+00,8.12170253e-03,0
7,36,5.70531054e-03,0.00000000e+00,0.00000000e+00,5.70531054e-03,0
7,37,2.76077389e-03,0.00000000e+00,0.00000000e+00,-2.76077389e-03,0
7,38,3.15846397e-03,0.00000000e+00,0.00000000e+00,-3.15846397e-03,0
7,39,2.39982364e-04,0.00000000e+00,0.00000000e+00,-2.39982364e-04,0
7,40,3.42525454e-03,0.00000000e+00,0.00000000e+00,-3.42525454e-03,0
7,41,1.79028522e-03,0.00000000e+00,0.00000000e+00,-1.79028522e-03,0
7,42,4.87797048e-04,0.00000000e+00,0.00000000e+00,-4.87797048e-04,0
7,43,1.43818285e-03,0.00000000e+00,0.00000000e+00,-1.43818285e-03,0
7,44,2.03165025e-03,0.00000000e+00,0.00000000e+00,-2.03165025e-03,0
7,45,1.29162304e-03,0.00000000e+00,0.00000000e+00,1.29162304e-03,0
7,46,3.07422939e-03,0.00000000e+00,0.00000000e+00,-3.07422939e-03,0
7,47,1.88690668e-03,0.00000000e+00,0.00000000e+00,-1.88690668e-03,0
7,48,1.67349835e-03,0.00000000e+00,0.00000000e+00,-1.67349835e-03,0
7,49,2.81348872e-03,0.00000000e+00,0.00000000e+00,-2.81348872e-03,0
7,50,1.41972617e-03,0.00000000e+00,0.00000000e+00,-1.41972617e-03,0
7,51,4.44254369e-03,0.00000000e+00,0.00000000e+00,-4.44254369e-03,0
7,52,1.80223162e-03,0.00000000e+00,0.00000000e+00,1.80223162e-03,0
7,53,1.92687760e-03,0.00000000e+00,0.00000000e+00,1.92687760e-03,0
7,54,1.35835340e-03,0.00000000e+00,0.00000000e+00,1.35835340e-03,0
7,55,5.15915057e-03,0.00000000e+00,0.00000000e+00,5.15915057e-03,0
7,56,3.98427820e-04,0.00000000e+00,0.00000000e+00,-3.98427820e-04,0
7,57,5.57083356e-03,0.00000000e+00,0.00000000e+00,-5.57083356e-03,0
7,58,8.47079943e-04,0.00000000e+00,0.00000000e+00,-8.47079943e-04,0
7,59,3.15770541e-03,0.00000000e+00,0.00000000e+00,3.15770541e-03,0
7,60,9.53280171e-04,0.00000000e+00,0.00000000e+00,9.53280171e-04,0
7,61,1.64575653e-03,0.00000000e+00,0.00000000e+00,-1.64575653e-03,0
7,62,1.16523032e-03,0.00000000e+00,0.00000000e+00,-1.16523032e-03,0
7,63,5.67847181e-04,0.00000000e+00,0.00000000e+00,5.67847181e-04,0
8,0,6.03911887e-04,0.00000000e+00,0.00000000e+00,6.03911887e-04,0
8,1,1.99611805e-04,0.00000000e+00,0.00000000e+00,-1.99611805e-04,0
8,2,1.21124039e-03,0.00000000e+00,0.00000000e+00,-1.21124039e-03,0
8,3,7.33116198e-05,0.00000000e+00,0.00000000e+00,7.33116198e-05,0
8,4,2.39032551e-03,0.00000000e+00,0.00000000e+00,2.39032551e-03,0
8,5,1.25312395e-04,0.00000000e+00,0.00000000e+00,1.25312395e-04,0
8,6,4.65697806e-03,0.00000000e+00,0.00000000e+00,-4.65697806e-03,0
8,7,3.98427820e-04,0.00000000e+00,0.00000000e+00,-3.98427820e-04,0
8,8,6.90416452e-03,0.00000000e+00,0.00000000e+00,6.90416452e-03,0
8,9,7.98206584e-04,0.00000000e+00,0.00000000e+00,7.98206584e-04,0
8,10,2.66316343e-03,0.00000000e+00,0.00000000e+00,-2.66316343e-03,0
8,11,2.02859946e-03,0.00000000e+00,0.00000000e+00,2.02859946e-03,0
8,12,6.09602520e-03,0.00000000e+00,0.00000000e+00,-6.09602520e-03,0
8,13,3.77816915e-03,0.00000000e+00,0.00000000e+00,-3.77816915e-03,0
8,14,1.51080297e-03,0.00000000e+00,0.00000000e+00,1.51080297e-03,0
8,15,2.21582631e-03,0.00000000e+00,0.00000000e+00,-2.21582631e-03,0
8,16,5.37478979e-03,0.00000000e+00,0.00000000e+00,5.37478979e-03,0
8,17,1.25724209e-03,0.00000000e+00,0.00000000e+00,-1.25724209e-03,0
8,18,5.37746802e-03,0.00000000e+00,0.00000000e+00,5.37746802e-03,0
8,19,7.94423339e-04,0.00000000e+00,0.00000000e+00,7.94423339e-04,0
8,20,4.56199357e-03,0.00000000e+00,0.00000000e+00,4.56199357e-03,0
8,21,1.85409378e-03,0.00000000e+00,0.00000000e+00,1.85409378e-03,0
8,22,5.11297526e-03,0.00000000e+00,0.00000000e+00,5.11297526e-03,0
8,23,4.05099177e-03,0.00000000e+00,0.00000000e+00,-4.05099177e-03,0
8,24,7.97868780e-03,0.00000000e+00,0.00000000e+00,7.97868780e-03,0
8,25,3.81678311e-03,0.00000000e+00,0.00000000e+00,-3.81678311e-03,0
8,26,3.29917384e-03,0.00000000e+00,0.00000000e+00,-3.29917384e-03,0
8,27,1.45125631e-03,0.00000000e+00,0.00000000e+00,1.45125631e-03,0
8,28,4.87723921e-03,0.00000000e+00,0.00000000e+00,-4.87723921e-03,0
8,29,6.99512232e-03,0.00000000e+00,0.00000000e+00,6.99512232e-03,0
8,30,9.43704987e-03,0.00000000e+00,0.00000000e+00,-9.43704987e-03,0
8,31,1.46953928e-04,0.00000000e+00,0.00000000e+00,1.46953928e-04,0
8,32,7.02434542e-03,0.00000000e+00,0.00000000e+00,7.02434542e-03,0
8,33,1.46953928e-04,0.00000000e+00,0.00000000e+00,1.46953928e-04,0
8,34,9.43704987e-03,0.00000000e+00,0.00000000e+00,-9.43704987e-03,0
8,35,6.99512232e-03,0.00000000e+00,0.00000000e+00,6.99512232e-03,0
8,36,4.87723921e-03,0.00000000e+00,0.00000000e+00,-4.87723921e-03,0
8,37,1.45125631e-03,0.00000000e+00,0.00000000e+00,1.45125631e-03,0
8,38,3.29917384e-03,0.00000000e+00,0.00000000e+00,-3.29917384e-03,0
8,39,3.81678311e-03,0.00000000e+00,0.00000000e+00,-3.81678311e-03,0
8,40,7.97868780e-03,0.00000000e+00,0.00000000e+00,7.97868780e-03,0
8,41,4.05099177e-03,0.00000000e+00,0.00000000e+00,-4.05099177e-03,0
8,42,5.11297526e-03,0.00000000e+00,0.00000000e+00,5.11297526e-03,0
8,43,1.85409378e-03,0.00000000e+00,0.00000000e+00,1.85409378e-03,0
8,44,4.56199357e-03,0.00000000e+00,0.00000000e+00,4.56199357e-03,0
8,45,7.94423339e-04,0.00000000e+00,0.00000000e+00,7.94423339e-04,0
8,46,5.37746802e-03,0.00000000e+00,0.00000000e+00,5.37746802e-03,0
8,47,1.25724209e-03,0.00000000e+00,0.00000000e+00,-1.25724209e-03,0
8,48,5.37478979e-03,0.00000000e+00,0.00000000e+00,5.37478979e-03,0
8,49,2.21582631e-03,0.00000000e+00,0.00000000e+00,-2.21582631e-03,0
8,50,1.51080297e-03,0.00000000e+00,0.00000000e+00,1.51080297e-03,0
8,51,3.77816915e-03,0.00000000e+00,0.00000000e+00,-3.77816915e-03,0
8,52,6.09602520e-03,0.00000000e+00,0.00000000e+00,-6.09602520e-03,0
8,53,2.02859946e-03,0.00000000e+00,0.00000000e+00,2.02859946e-03,0
8,54,2.66316343e-03,0.00000000e+00,0.00000000e+00,-2.66316343e-03,0
8,55,7.98206584e-04,0.00000000e+00,0.00000000e+00,7.98206584e-04,0
8,56,6.90416452e-03,0.00000000e+00,0.00000000e+00,6.90416452e-03,0
8,57,3.98427820e-04,0.00000000e+00,0.00000000e+00,-3.98427820e-04,0
8,58,4.65697806e-03,0.00000000e+00,0.00000000e+00,-4.65697806e-03,0
8,59,1.25312395e-04,0.00000000e+00,0.00000000e+00,1.25312395e-04,0
8,60,2.39032551e-03,0.00000000e+00,0.00000000e+00,2.39032551e-03,0
8,61,7.33116198e-05,0.00000000e+00,0.00000000e+00,7.33116198e-05,0
8,62,1.21124039e-03,0.00000000e+00,0.00000000e+00,-1.21124039e-03,0
8,63,1.99611805e-04,0.00000000e+00,0.00000000e+00,-1.99611805e-04,0
9,0,4.63672929e-04,0.00000000e+00,0.00000000e+00,-4.63672929e-04,0
9,1,7.88014406e-04,0.00000000e+00,0.00000000e+00,-7.88014406e-04,0
9,2,4.56428236e-04,0.00000000e+00,0.00000000e+00,-4.56428236e-04,0
9,3,1.37687699e-03,0.00000000e+00,0.00000000e+00,1.37687699e-03,0
9,4,1.23463979e-03,0.00000000e+00,0.00000000e+00,1.23463979e-03,0
9,5,2.36855183e-03,0.00000000e+00,0.00000000e+00,-2.36855183e-03,0
9,6,1.20549366e-03,0.00000000e+00,0.00000000e+00,-1.20549366e-03,0
9,7,5.15915057e-03,0.00000000e+00,0.00000000e+00,5.15915057e-03,0
9,8,7.98206584e-04,0.00000000e+00,0.00000000e+00,7.98206584e-04,0
9,9,5.23973002e-03,0.00000000e+00,0.00000000e+00,-5.23973002e-03,0
9,10,3.00707275e-03,0.00000000e+00,0.00000000e+00,3.00707275e-03,0
9,11,2.21826286e-03,0.00000000e+00,0.00000000e+00,-2.21826286e-03,0
9,12,6.27170670e-03,0.00000000e+00,0.00000000e+00,-6.27170670e-03,0
9,13,8.14148085e-03,0.00000000e+00,0.00000000e+00,8.14148085e-03,0
9,14,4.19408875e-04,0.00000000e+00,0.00000000e+00,-4.19408875e-04,0
9,15,5.87038214e-03,0.00000000e+00,0.00000000e+00,5.87038214e-03,0
9,16,4.02543992e-03,0.00000000e+00,0.00000000e+00,4.02543992e-03,0
9,17,6.40462966e-04,0.00000000e+00,0.00000000e+00,-6.40462966e-04,0
9,18,5.33757799e-03,0.00000000e+00,0.00000000e+00,5.33757799e-03,0
9,19,9.19972391e-04,0.00000000e+00,0.00000000e+00,-9.19972391e-04,0
9,20,6.72273538e-03,0.00000000e+00,0.00000000e+00,6.72273538e-03,0
9,21,2.40000863e-03,0.00000000e+00,0.00000000e+00,-2.40000863e-03,0
9,22,2.47464683e-03,0.00000000e+00,0.00000000e+00,2.47464683e-03,0
9,23,5.13355390e-03,0.00000000e+00,0.00000000e+00,5.13355390e-03,0
9,24,5.95585184e-03,0.00000000e+00,0.00000000e+00,5.95585184e-03,0
9,25,1.42568474e-04,0.00000000e+00,0.00000000e+00,-1.42568474e-04,0
9,26,6.67297980e-04,0.00000000e+00,0.00000000e+00,-6.67297980e-04,0
9,27,5.83347822e-03,0.00000000e+00,0.00000000e+00,5.83347822e-03,0
9,28,5.52380903e-03,0.00000000e+00,0.00000000e+00,-5.52380903e-03,0
9,29,8.55461690e-03,0.00000000e+00,0.00000000e+00,-8.55461690e-03,0
9,30,1.09913478e-03,0.00000000e+00,0.00000000e+00,-1.09913478e-03,0
9,31,3.73065336e-03,0.00000000e+00,0.00000000e+00,3.73065336e-03,0
9,32,2.19092990e-03,0.00000000e+00,0.00000000e+00,-2.19092990e-03,0
9,33,3.73065336e-03,0.00000000e+00,0.00000000e+00,3.73065336e-03,0
9,34,1.09913478e-03,0.00000000e+00,0.00000000e+00,-1.09913478e-03,0
9,35,8.55461690e-03,0.00000000e+00,0.00000000e+00,-8.55461690e-03,0
9,36,5.52380903e-03,0.00000000e+00,0.00000000e+00,-5.52380903e-03,0
9,37,5.83347822e-03,0.00000000e+00,0.00000000e+00,5.83347822e-03,0
9,38,6.67297980e-04,0.00000000e+00,0.00000000e+00,-6.67297980e-04,0
9,39,1.42568474e-04,0.00000000e+00,0.00000000e+00,-1.42568474e-04,0
9,40,5.95585184e-03,0.00000000e+00,0.00000000e+00,5.95585184e-03,0
9,41,5.13355390e-03,0.00000000e+00,0.00000000e+00,5.13355390e-03,0
9,42,2.47464683e-03,0.00000000e+00,0.00000000e+00,2.47464683e-03,0
9,43,2.40000863e-03,0.00000000e+00,0.00000000e+00,-2.40000863e-03,0
9,44,6.72273538e-03,0.00000000e+00,0.00000000e+00,6.72273538e-03,0
9,45,9.19972391e-04,0.00000000e+00,0.00000000e+00,-9.19972391e-04,0
9,46,5.33757799e-03,0.00000000e+00,0.00000000e+00,5.33757799e-03,0
9,47,6.40462966e-04,0.00000000e+00,0.00000000e+00,-6.40462966e-04,0
9,48,4.02543992e-03,0.00000000e+00,0.00000000e+00,4.02543992e-03,0
9,49,5.87038214e-03,0.00000000e+00,0.00000000e+00,5.87038214e-03,0
9,50,4.19408875e-04,0.00000000e+00,0.00000000e+00,-4.19408875e-04,0
9,51,8.14148085e-03,0.00000000e+00,0.00000000e+00,8.14148085e-03,0
9,52,6.27170670e-03,0.00000000e+00,0.00000000e+00,-6.27170670e-03,0
9,53,2.21826286e-03,0.00000000e+00,0.00000000e+00,-2.21826286e-03,0
9,54,3.00707275e-03,0.00000000e+00,0.00000000e+00,3.00707275e-03,0
9,55,5.23973002e-03,0.00000000e+00,0.00000000e+00,-5.23973002e-03,0
9,56,7.98206584e-04,0.00000000e+00,0.00000000e+00,7.98206584e-04,0
9,57,5.15915057e-03,0.00000000e+00,0.00000000e+00,5.15915057e-03,0
9,58,1.20549366e-03,0.00000000e+00,0.00000000e+00,-1.20549366e-03,0
9,59,2.36855183e-03,0.00000000e+00,0.00000000e+00,-2.36855183e-03,0
9,60,1.23463979e-03,0.00000000e+00,0.00000000e+00,1.23463979e-03,0
9,61,1.37687699e-03,0.00000000e+00,0.00000000e+00,1.37687699e-03,0
9,62,4.56428236e-04,0.00000000e+00,0.00000000e+00,-4.56428236e-04,0
9,63,7.88014406e-04,0.00000000e+00,0.00000000e+00,-7.88014406e-04,0
10,0,1.39446319e-03,0.00000000e+00,0.00000000e+00,-1.39446319e-03,0
10,1,1.07297111e-03,0.00000000e+00,0.00000000e+00,-1.07297111e-03,0
10,2,3.07789070e-04,0.00000000e+00,0.00000000e+00,3.07789070e-04,0
10,3,1.63489519e-03,0.00000000e+00,0.00000000e+00,1.63489519e-03,0
10,4,1.66054693e-04,0.00000000e+00,0.00000000e+00,1.66054693e-04,0
10,5,1.41415511e-03,0.00000000e+00,0.00000000e+00,-1.41415511e-03,0
10,6,1.44590500e-03,0.00000000e+00,0.00000000e+00,1.44590500e-03,0
10,7,1.35835340e-03,0.00000000e+00,0.00000000e+00,1.35835340e-03,0
10,8,2.66316343e-03,0.00000000e+00,0.00000000e+00,-2.66316343e-03,0
10,9,3.00707275e-03,0.00000000e+00,0.00000000e+00,3.00707275e-03,0
10,10,7.71707113e-04,0.00000000e+00,0.00000000e+00,7.71707113e-04,0
10,11,8.90073112e-03,0.00000000e+00,0.00000000e+00,-8.90073112e-03,0
10,12,8.43063627e-03,0.00000000e+00,0.00000000e+00,8.43063627e-03,0
10,13,4.37589972e-03,0.00000000e+00,0.00000000e+00,4.37589972e-03,0
10,14,4.04411811e-03,0.00000000e+00,0.00000000e+00,-4.04411811e-03,0
10,15,8.07160445e-03,0.00000000e+00,0.00000000e+00,8.07160445e-03,0
10,16,9.61642343e-03,0.00000000e+00,0.00000000e+00,-9.61642343e-03,0
10,17,3.89924051e-03,0.00000000e+00,0.00000000e+00,3.89924051e-03,0
10,18,6.76396827e-03,0.00000000e+00,0.00000000e+00,-6.76396827e-03,0
10,19,3.63703784e-03,0.00000000e+00,0.00000000e+00,3.63703784e-03,0
10,20,9.13010912e-03,0.00000000e+00,0.00000000e+00,-9.13010912e-03,0
10,21,1.38300763e-03,0.00000000e+00,0.00000000e+00,1.38300763e-03,0
10,22,3.06722370e-03,0.00000000e+00,0.00000000e+00,-3.06722370e-03,0
10,23,9.77962261e-03,0.00000000e+00,0.00000000e+00,9.77962261e-03,0
10,24,1.25510049e-02,0.00000000e+00,0.00000000e+00,-1.25510049e-02,0
10,25,7.00507181e-03,0.00000000e+00,0.00000000e+00,7.00507181e-03,0
10,26,5.96579815e-04,0.00000000e+00,0.00000000e+00,5.96579815e-04,0
10,27,8.91178373e-04,0.00000000e+00,0.00000000e+00,8.91178373e-04,0
10,28,1.20612796e-02,0.00000000e+00,0.00000000e+00,1.20612796e-02,0
10,29,1.56003264e-02,0.00000000e+00,0.00000000e+00,-1.56003264e-02,0
10,30,1.79113726e-03,0.00000000e+00,0.00000000e+00,1.79113726e-03,0
10,31,2.06639393e-03,0.00000000e+00,0.00000000e+00,2.06639393e-03,0
10,32,9.34633656e-04,0.00000000e+00,0.00000000e+00,-9.34633656e-04,0
10,33,2.06639393e-03,0.00000000e+00,0.00000000e+00,2.06639393e-03,0
10,34,1.79113726e-03,0.00000000e+00,0.00000000e+00,1.79113726e-03,0
10,35,1.56003264e-02,0.00000000e+00,0.00000000e+00,-1.56003264e-02,0
10,36,1.20612796e-02,0.00000000e+00,0.00000000e+00,1.20612796e-02,0
10,37,8.91178373e-04,0.00000000e+00,0.00000000e+00,8.91178373e-04,0
10,38,5.96579815e-04,0.00000000e+00,0.00000000e+00,5.96579815e-04,0
10,39,7.00507181e-03,0.00000000e+00,0.00000000e+00,7.00507181e-03,0
10,40,1.25510049e-02,0.00000000e+00,0.00000000e+00,-1.25510049e-02,0
10,41,9.77962261e-03,0.00000000e+00,0.00000000e+00,9.77962261e-03,0
10,42,3.06722370e-03,0.00000000e+00,0.00000000e+00,-3.06722370e-03,0
10,43,1.38300763e-03,0.00000000e+00,0.00000000e+00,1.38300763e-03,0
10,44,9.13010912e-03,0.00000000e+00,0.00000000e+00,-9.13010912e-03,0
10,45,3.63703784e-03,0.00000000e+00,0.00000000e+00,3.63703784e-03,0
10,46,6.76396827e-03,0.00000000e+00,0.00000000e+00,-6.76396827e-03,0
10,47,3.89924051e-03,0.00000000e+00,0.00000000e+00,3.89924051e-03,0
10,48,9.61642343e-03,0.00000000e+00,0.00000000e+00,-9.61642343e-03,0
10,49,8.07160445e-03,0.00000000e+00,0.00000000e+00,8.07160445e-03,0
10,50,4.04411811e-03,0.00000000e+00,0.00000000e+00,-4.04411811e-03,0
10,51,4.37589972e-03,0.00000000e+00,0.00000000e+00,4.37589972e-03,0
10,52,8.43063627e-03,0.00000000e+00,0.00000000e+00,8.43063627e-03,0
10,53,8.90073112e-03,0.00000000e+00,0.00000000e+00,-8.90073112e-03,0
10,54,7.71707113e-04,0.00000000e+00,0.00000000e+00,7.71707113e-04,0
10,55,3.00707275e-03,0.00000000e+00,0.00000000e+00,3.00707275e-03,0
10,56,2.66316343e-03,0.00000000e+00,0.00000000e+00,-2.66316343e-03,0
10,57,1.35835340e-03,0.00000000e+00,0.00000000e+00,1.35835340e-03,0
10,58,1.44590500e-03,0.00000000e+00,0.00000000e+00,1.44590500e-03,0
10,59,1.41415511e-03,0.00000000e+00,0.00000000e+00,-1.41415511e-03,0
10,60,1.66054693e-04,0.00000000e+00,0.00000000e+00,1.66054693e-04,0
10,61,1.63489519e-03,0.00000000e+00,0.00000000e+00,1.63489519e-03,0
10,62,3.07789070e-04,0.00000000e+00,0.00000000e+00,3.07789070e-04,0
10,63,1.07297111e-03,0.00000000e+00,0.00000000e+00,-1.07297111e-03,0
11,0,2.00888953e-03,0.00000000e+00,0.00000000e+00,-2.00888953e-03,0
11,1,1.15506367e-03,0.00000000e+00,0.00000000e+00,-1.15506367e-03,0
11,2,8.53863765e-04,0.00000000e+00,0.00000000e+00,8.53863765e-04,0
11,3,1.67548263e-03,0.00000000e+00,0.00000000e+00,1.67548263e-03,0
11,4,1.99422991e-04,0.00000000e+00,0.00000000e+00,-1.99422991e-04,0
11,5,1.12898699e-03,0.00000000e+00,0.00000000e+00,-1.12898699e-03,0
11,6,9.53895781e-04,0.00000000e+00,0.00000000e+00,9.53895781e-04,0
11,7,1.92687760e-03,0.00000000e+00,0.00000000e+00,1.92687760e-03,0
11,8,2.02859946e-03,0.00000000e+00,0.00000000e+00,2.02859946e-03,0
11,9,2.21826286e-03,0.00000000e+00,0.00000000e+00,-2.21826286e-03,0
11,10,8.90073112e-03,0.00000000e+00,0.00000000e+00,-8.90073112e-03,0
11,11,6.48915559e-03,0.00000000e+00,0.00000000e+00,6.48915559e-03,0
11,12,9.98725894e-03,0.00000000e+00,0.00000000e+00,9.98725894e-03,0
11,13,1.08970142e-02,0.00000000e+00,0.00000000e+00,-1.08970142e-02,0
11,14,4.74299314e-03,0.00000000e+00,0.00000000e+00,4.74299314e-03,0
11,15,4.85720811e-03,0.00000000e+00,0.00000000e+00,-4.85720811e-03,0
11,16,4.56985625e-03,0.00000000e+00,0.00000000e+00,-4.56985625e-03,0
11,17,1.91429365e-03,0.00000000e+00,0.00000000e+00,1.91429365e-03,0
11,18,5.86014980e-03,0.00000000e+00,0.00000000e+00,-5.86014980e-03,0
11,19,2.67733142e-03,0.00000000e+00,0.00000000e+00,2.67733142e-03,0
11,20,7.97833856e-03,0.00000000e+00,0.00000000e+00,-7.97833856e-03,0
11,21,6.31530941e-03,0.00000000e+00,0.00000000e+00,6.31530941e-03,0
11,22,4.01798590e-03,0.00000000e+00,0.00000000e+00,-4.01798590e-03,0
11,23,5.65345395e-03,0.00000000e+00,0.00000000e+00,-5.65345395e-03,0
11,24,2.22673538e-03,0.00000000e+00,0.00000000e+00,-2.22673538e-03,0
11,25,7.19674707e-03,0.00000000e+00,0.00000000e+00,-7.19674707e-03,0
11,26,7.61253592e-03,0.00000000e+00,0.00000000e+00,7.61253592e-03,0
11,27,3.56727862e-03,0.00000000e+00,0.00000000e+00,-3.56727862e-03,0
11,28,6.78597468e-03,0.00000000e+00,0.00000000e+00,6.78597468e-03,0
11,29,1.18404633e-02,0.00000000e+00,0.00000000e+00,1.18404633e-02,0
11,30,1.13096655e-02,0.00000000e+00,0.00000000e+00,-1.13096655e-02,0
11,31,4.40227094e-03,0.00000000e+00,0.00000000e+00,-4.40227094e-03,0
11,32,7.78862122e-03,0.00000000e+00,0.00000000e+00,7.78862122e-03,0
11,33,4.40227094e-03,0.00000000e+00,0.00000000e+00,-4.40227094e-03,0
11,34,1.13096655e-02,0.00000000e+00,0.00000000e+00,-1.13096655e-02,0
11,35,1.18404633e-02,0.00000000e+00,0.00000000e+00,1.18404633e-02,0
11,36,6.78597468e-03,0.00000000e+00,0.00000000e+00,6.78597468e-03,0
11,37,3.56727862e-03,0.00000000e+00,0.00000000e+00,-3.56727862e-03,0
11,38,7.61253592e-03,0.00000000e+00,0.00000000e+00,7.61253592e-03,0
11,39,7.19674707e-03,0.00000000e+00,0.00000000e+00,-7.19674707e-03,0
11,40,2.22673538e-03,0.00000000e+00,0.00000000e+00,-2.22673538e-03,0
11,41,5.65345395e-03,0.00000000e+00,0.00000000e+00,-5.65345395e-03,0
11,42,4.01798590e-03,0.00000000e+00,0.00000000e+00,-4.01798590e-03,0
11,43,6.31530941e-03,0.00000000e+00,0.00000000e+00,6.31530941e-03,0
11,44,7.97833856e-03,0.00000000e+00,0.00000000e+00,-7.97833856e-03,0
11,45,2.67733142e-03,0.00000000e+00,0.00000000e+00,2.67733142e-03,0
11,46,5.86014980e-03,0.00000000e+00,0.00000000e+00,-5.86014980e-03,0
11,47,1.91429365e-03,0.00000000e+00,0.00000000e+00,1.91429365e-03,0
11,48,4.56985625e-03,0.00000000e+00,0.00000000e+00,-4.56985625e-03,0
11,49,4.85720811e-03,0.00000000e+00,0.00000000e+00,-4.85720811e-03,0
11,50,4.74299314e-03,0.00000000e+00,0.00000000e+00,4.74299314e-03,0
11,51,1.08970142e-02,0.00000000e+00,0.00000000e+00,-1.08970142e-02,0
11,52,9.98725894e-03,0.00000000e+00,0.00000000e+00,9.98725894e-03,0
11,53,6.48915559e-03,0.00000000e+00,0.00000000e+00,6.48915559e-03,0
11,54,8.90073112e-03,0.00000000e+00,0.00000000e+00,-8.90073112e-03,0
11,55,2.21826286e-03,0.00000000e+00,0.00000000e+00,-2.21826286e-03,0
11,56,2.02859946e-03,0.00000000e+00,0.00000000e+00,2.02859946e-03,0
11,57,1.92687760e-03,0.00000000e+00,0.00000000e+00,1.92687760e-03,0
11,58,9.53895781e-04,0.00000000e+00,0.00000000e+00,9.53895781e-04,0
11,59,1.12898699e-03,0.00000000e+00,0.00000000e+00,-1.12898699e-03,0
11,60,1.99422991e-04,0.00000000e+00,0.00000000e+00,-1.99422991e-04,0
11,61,1.67548263e-03,0.00000000e+00,0.00000000e+00,1.67548263e-03,0
11,62,8.53863765e-04,0.00000000e+00,0.00000000e+00,8.53863765e-04,0
11,63,1.15506367e-03,0.00000000e+00,0.00000000e+00,-1.15506367e-03,0
12,0,2.26768432e-03,0.00000000e+00,0.00000000e+00,-2.26768432e-03,0
12,1,1.04144037e-03,0.00000000e+00,0.00000000e+00,-1.04144037e-03,0
12,2,1.23453167e-03,0.00000000e+00,0.00000000e+00,1.23453167e-03,0
12,3,1.35621196e-03,0.00000000e+00,0.00000000e+00,1.35621196e-03,0
12,4,8.80077219e-04,0.00000000e+00,0.00000000e+00,-8.80077219e-04,0
12,5,3.56578137e-04,0.00000000e+00,0.00000000e+00,-3.56578137e-04,0
12,6,3.38338993e-03,0.00000000e+00,0.00000000e+00,3.38338993e-03,0
12,7,1.80223162e-03,0.00000000e+00,0.00000000e+00,1.80223162e-03,0
12,8,6.09602520e-03,0.00000000e+00,0.00000000e+00,-6.09602520e-03,0
12,9,6.27170670e-03,0.00000000e+00,0.00000000e+00,-6.27170670e-03,0
12,10,8.43063627e-03,0.00000000e+00,0.00000000e+00,8.43063627e-03,0
12,11,9.98725894e-03,0.00000000e+00,0.00000000e+00,9.98725894e-03,0
12,12,1.15887293e-02,0.00000000e+00,0.00000000e+00,-1.15887293e-02,0
12,13,3.28840460e-03,0.00000000e+00,0.00000000e+00,-3.28840460e-03,0
12,14,4.03533299e-03,0.00000000e+00,0.00000000e+00,4.03533299e-03,0
12,15,7.52233531e-03,0.00000000e+00,0.00000000e+00,-7.52233531e-03,0
12,16,5.95951889e-03,0.00000000e+00,0.00000000e+00,5.95951889e-03,0
12,17,5.65495984e-03,0.00000000e+00,0.00000000e+00,-5.65495984e-03,0
12,18,4.95329495e-03,0.00000000e+00,0.00000000e+00,4.95329495e-03,0
12,19,5.01093665e-03,0.00000000e+00,0.00000000e+00,-5.01093665e-03,0
12,20,4.21551607e-03,0.00000000e+00,0.00000000e+00,4.21551607e-03,0
12,21,6.51741851e-03,0.00000000e+00,0.00000000e+00,-6.51741851e-03,0
12,22,3.26948215e-03,0.00000000e+00,0.00000000e+00,3.26948215e-03,0
12,23,6.68078693e-03,0.00000000e+00,0.00000000e+00,-6.68078693e-03,0
12,24,1.64054809e-03,0.00000000e+00,0.00000000e+00,1.64054809e-03,0
12,25,9.19477081e-03,0.00000000e+00,0.00000000e+00,-9.19477081e-03,0
12,26,1.97426299e-03,0.00000000e+00,0.00000000e+00,-1.97426299e-03,0
12,27,1.75493901e-03,0.00000000e+00,0.00000000e+00,1.75493901e-03,0
12,28,1.17502229e-02,0.00000000e+00,0.00000000e+00,-1.17502229e-02,0
12,29,8.91930205e-03,0.00000000e+00,0.00000000e+00,8.91930205e-03,0
12,30,1.64108628e-02,0.00000000e+00,0.00000000e+00,1.64108628e-02,0
12,31,5.68266397e-03,0.00000000e+00,0.00000000e+00,-5.68266397e-03,0
12,32,1.23441179e-02,0.00000000e+00,0.00000000e+00,-1.23441179e-02,0
12,33,5.68266397e-03,0.00000000e+00,0.00000000e+00,-5.68266397e-03,0
12,34,1.64108628e-02,0.00000000e+00,0.00000000e+00,1.64108628e-02,0
12,35,8.91930205e-03,0.00000000e+00,0.00000000e+00,8.91930205e-03,0
12,36,1.17502229e-02,0.00000000e+00,0.00000000e+00,-1.17502229e-02,0
12,37,1.75493901e-03,0.00000000e+00,0.00000000e+00,1.75493901e-03,0
12,38,1.97426299e-03,0.00000000e+00,0.00000000e+00,-1.97426299e-03,0
12,39,9.19477081e-03,0.00000000e+00,0.00000000e+00,-9.19477081e-03,0
12,40,1.64054809e-03,0.00000000e+00,0.00000000e+00,1.64054809e-03,0
12,41,6.68078693e-03,0.00000000e+00,0.00000000e+00,-6.68078693e-03,0
12,42,3.26948215e-03,0.00000000e+00,0.00000000e+00,3.26948215e-03,0
12,43,6.51741851e-03,0.00000000e+00,0.00000000e+00,-6.51741851e-03,0
12,44,4.21551607e-03,0.00000000e+00,0.00000000e+00,4.21551607e-03,0
12,45,5.01093665e-03,0.00000000e+00,0.00000000e+00,-5.01093665e-03,0
12,46,4.95329495e-03,0.00000000e+00,0.00000000e+00,4.95329495e-03,0
12,47,5.65495984e-03,0.00000000e+00,0.00000000e+00,-5.65495984e-03,0
12,48,5.95951889e-03,0.00000000e+00,0.00000000e+00,5.95951889e-03,0
12,49,7.52233531e-03,0.00000000e+00,0.00000000e+00,-7.52233531e-03,0
12,50,4.03533299e-03,0.00000000e+00,0.00000000e+00,4.03533299e-03,0
12,51,3.28840460e-03,0.00000000e+00,0.00000000e+00,-3.28840460e-03,0
12,52,1.15887293e-02,0.00000000e+00,0.00000000e+00,-1.15887293e-02,0
12,53,9.98725894e-03,0.00000000e+00,0.00000000e+00,9.98725894e-03,0
12,54,8.43063627e-03,0.00000000e+00,0.00000000e+00,8.43063627e-03,0
12,55,6.27170670e-03,0.00000000e+00,0.00000000e+00,-6.27170670e-03,0
12,56,6.09602520e-03,0.00000000e+00,0.00000000e+00,-6.09602520e-03,0
12,57,1.80223162e-03,0.00000000e+00,0.00000000e+00,1.80223162e-03,0
12,58,3.38338993e-03,0.00000000e+00,0.00000000e+00,3.38338993e-03,0
12,59,3.56578137e-04,0.00000000e+00,0.00000000e+00,-3.56578137e-04,0
12,60,8.80077219e-04,0.00000000e+00,0.00000000e+00,-8.80077219e-04,0
12,61,1.35621196e-03,0.00000000e+00,0.00000000e+00,1.35621196e-03,0
12,62,1.23453167e-03,0.00000000e+00,0.00000000e+00,1.23453167e-03,0
12,63,1.04144037e-03,0.00000000e+00,0.00000000e+00,-1.04144037e-03,0
13,0,2.16970466e-03,0.00000000e+00,0.00000000e+00,-2.16970466e-03,0
13,1,8.00057948e-04,0.00000000e+00,0.00000000e+00,-8.00057948e-04,0
13,2,1.29559267e-03,0.00000000e+00,0.00000000e+00,1.29559267e-03,0
13,3,8.25572767e-04,0.00000000e+00,0.00000000e+00,8.25572767e-04,0
13,4,6.68286707e-04,0.00000000e+00,0.00000000e+00,-6.68286707e-04,0
13,5,1.20573535e-03,0.00000000e+00,0.00000000e+00,1.20573535e-03,0
13,6,1.78659097e-03,0.00000000e+00,0.00000000e+00,1.78659097e-03,0
13,7,4.44254369e-03,0.00000000e+00,0.00000000e+00,-4.44254369e-03,0
13,8,3.77816915e-03,0.00000000e+00,0.00000000e+00,-3.77816915e-03,0
13,9,8.14148085e-03,0.00000000e+00,0.00000000e+00,8.14148085e-03,0
13,10,4.37589972e-03,0.00000000e+00,0.00000000e+00,4.37589972e-03,0
13,11,1.08970142e-02,0.00000000e+00,0.00000000e+00,-1.08970142e-02,0
13,12,3.28840460e-03,0.00000000e+00,0.00000000e+00,-3.28840460e-03,0
13,13,6.45188188e-03,0.00000000e+00,0.00000000e+00,6.45188188e-03,0
13,14,6.93951316e-04,0.00000000e+00,0.00000000e+00,-6.93951316e-04,0
13,15,1.07590876e-03,0.00000000e+00,0.00000000e+00,1.07590876e-03,0
13,16,1.03508305e-03,0.00000000e+00,0.00000000e+00,-1.03508305e-03,0
13,17,8.01364903e-04,0.00000000e+00,0.00000000e+00,-8.01364903e-04,0
13,18,6.66193665e-04,0.00000000e+00,0.00000000e+00,-6.66193665e-04,0
13,19,1.56289008e-03,0.00000000e+00,0.00000000e+00,-1.56289008e-03,0
13,20,3.62172130e-03,0.00000000e+00,0.00000000e+00,-3.62172130e-03,0
13,21,3.88998932e-03,0.00000000e+00,0.00000000e+00,3.88998932e-03,0
13,22,1.06874843e-03,0.00000000e+00,0.00000000e+00,-1.06874843e-03,0
13,23,1.57646452e-03,0.00000000e+00,0.00000000e+00,-1.57646452e-03,0
13,24,1.15803427e-02,0.00000000e+00,0.00000000e+00,-1.15803427e-02,0
13,25,6.40115665e-03,0.00000000e+00,0.00000000e+00,6.40115665e-03,0
13,26,8.18582878e-03,0.00000000e+00,0.00000000e+00,-8.18582878e-03,0
13,27,3.34051979e-04,0.00000000e+00,0.00000000e+00,3.34051979e-04,0
13,28,2.15868280e-03,0.00000000e+00,0.00000000e+00,2.15868280e-03,0
13,29,1.17899974e-02,0.00000000e+00,0.00000000e+00,-1.17899974e-02,0
13,30,1.32678289e-02,0.00000000e+00,0.00000000e+00,1.32678289e-02,0
13,31,5.55746600e-03,0.00000000e+00,0.00000000e+00,5.55746600e-03,0
13,32,1.01979453e-02,0.00000000e+00,0.00000000e+00,-1.01979453e-02,0
13,33,5.55746600e-03,0.00000000e+00,0.00000000e+00,5.55746600e-03,0
13,34,1.32678289e-02,0.00000000e+00,0.00000000e+00,1.32678289e-02,0
13,35,1.17899974e-02,0.00000000e+00,0.00000000e+00,-1.17899974e-02,0
13,36,2.15868280e-03,0.00000000e+00,0.00000000e+00,2.15868280e-03,0
13,37,3.34051979e-04,0.00000000e+00,0.00000000e+00,3.34051979e-04,0
13,38,8.18582878e-03,0.00000000e+00,0.00000000e+00,-8.18582878e-03,0
13,39,6.40115665e-03,0.00000000e+00,0.00000000e+00,6.40115665e-03,0
13,40,1.15803427e-02,0.00000000e+00,0.00000000e+00,-1.15803427e-02,0
13,41,1.57646452e-03,0.00000000e+00,0.00000000e+00,-1.57646452e-03,0
13,42,1.06874843e-03,0.00000000e+00,0.00000000e+00,-1.06874843e-03,0
13,43,3.88998932e-03,0.00000000e+00,0.00000000e+00,3.88998932e-03,0
13,44,3.62172130e-03,0.00000000e+00,0.00000000e+00,-3.62172130e-03,0
13,45,1.56289008e-03,0.00000000e+00,0.00000000e+00,-1.56289008e-03,0
13,46,6.66193665e-04,0.00000000e+00,0.00000000e+00,-6.66193665e-04,0
13,47,8.01364903e-04,0.00000000e+00,0.00000000e+00,-8.01364903e-04,0
13,48,1.03508305e-03,0.00000000e+00,0.00000000e+00,-1.03508305e-03,0
13,49,1.07590876e-03,0.00000000e+00,0.00000000e+00,1.07590876e-03,0
13,50,6.93951316e-04,0.00000000e+00,0.00000000e+00,-6.93951316e-04,0
13,51,6.45188188e-03,0.00000000e+00,0.00000000e+00,6.45188188e-03,0
13,52,3.28840460e-03,0.00000000e+00,0.00000000e+00,-3.28840460e-03,0
13,53,1.08970142e-02,0.00000000e+00,0.00000000e+00,-1.08970142e-02,0
13,54,4.37589972e-03,0.00000000e+00,0.00000000e+00,4.37589972e-03,0
13,55,8.14148085e-03,0.00000000e+00,0.00000000e+00,8.14148085e-03,0
13,56,3.77816915e-03,0.00000000e+00,0.00000000e+00,-3.77816915e-03,0
13,57,4.44254369e-03,0.00000000e+00,0.00000000e+00,-4.44254369e-03,0
13,58,1.78659097e-03,0.00000000e+00,0.00000000e+00,1.78659097e-03,0
13,59,1.20573535e-03,0.00000000e+00,0.00000000e+00,1.20573535e-03,0
13,60,6.68286707e-04,0.00000000e+00,0.00000000e+00,-6.68286707e-04,0
13,61,8.25572767e-04,0.00000000e+00,0.00000000e+00,8.25572767e-04,0
13,62,1.29559267e-03,0.00000000e+00,0.00000000e+00,1.29559267e-03,0
13,63,8.00057948e-04,0.00000000e+00,0.00000000e+00,-8.00057948e-04,0
14,0,1.82137848e-03,0.00000000e+00,0.00000000e+00,-1.82137848e-03,0
14,1,5.05327699e-04,0.00000000e+00,0.00000000e+00,-5.05327699e-04,0
14,2,1.21225003e-03,0.00000000e+00,0.00000000e+00,1.21225003e-03,0
14,3,4.08214038e-04,0.00000000e+00,0.00000000e+00,4.08214038e-04,0
14,4,7.93603458e-04,0.00000000e+00,0.00000000e+00,-7.93603458e-04,0
14,5,3.55381633e-04,0.00000000e+00,0.00000000e+00,3.55381633e-04,0
14,6,1.79963238e-05,0.00000000e+00,0.00000000e+00,-1.79963238e-05,0
14,7,1.41972617e-03,0.00000000e+00,0.00000000e+00,-1.41972617e-03,0
14,8,1.51080297e-03,0.00000000e+00,0.00000000e+00,1.51080297e-03,0
14,9,4.19408875e-04,0.00000000e+00,0.00000000e+00,-4.19408875e-04,0
14,10,4.04411811e-03,0.00000000e+00,0.00000000e+00,-4.04411811e-03,0
14,11,4.74299314e-03,0.00000000e+00,0.00000000e+00,4.74299314e-03,0
14,12,4.03533299e-03,0.00000000e+00,0.00000000e+00,4.03533299e-03,0
14,13,6.93951316e-04,0.00000000e+00,0.00000000e+00,-6.93951316e-04,0
14,14,1.00965810e-03,0.00000000e+00,0.00000000e+00,-1.00965810e-03,0
14,15,6.21703261e-03,0.00000000e+00,0.00000000e+00,-6.21703261e-03,0
14,16,1.75770894e-03,0.00000000e+00,0.00000000e+00,1.75770894e-03,0
14,17,5.23127779e-03,0.00000000e+00,0.00000000e+00,-5.23127779e-03,0
14,18,4.23417085e-03,0.00000000e+00,0.00000000e+00,4.23417085e-03,0
14,19,4.19640463e-03,0.00000000e+00,0.00000000e+00,-4.19640463e-03,0
14,20,6.50672732e-03,0.00000000e+00,0.00000000e+00,6.50672732e-03,0
14,21,9.09813857e-04,0.00000000e+00,0.00000000e+00,-9.09813857e-04,0
14,22,1.50477828e-04,0.00000000e+00,0.00000000e+00,1.50477828e-04,0
14,23,7.57370331e-03,0.00000000e+00,0.00000000e+00,-7.57370331e-03,0
14,24,7.83762335e-03,0.00000000e+00,0.00000000e+00,7.83762335e-03,0
14,25,1.05145543e-02,0.00000000e+00,0.00000000e+00,-1.05145543e-02,0
14,26,7.14282479e-03,0.00000000e+00,0.00000000e+00,7.14282479e-03,0
14,27,8.37521056e-03,0.00000000e+00,0.00000000e+00,-8.37521056e-03,0
14,28,1.92571078e-03,0.00000000e+00,0.00000000e+00,-1.92571078e-03,0
14,29,1.02458380e-02,0.00000000e+00,0.00000000e+00,1.02458380e-02,0
14,30,9.51584148e-03,0.00000000e+00,0.00000000e+00,-9.51584148e-03,0
14,31,7.44757089e-04,0.00000000e+00,0.00000000e+00,7.44757089e-04,0
14,32,6.04154402e-03,0.00000000e+00,0.00000000e+00,6.04154402e-03,0
14,33,7.44757089e-04,0.00000000e+00,0.00000000e+00,7.44757089e-04,0
14,34,9.51584148e-03,0.00000000e+00,0.00000000e+00,-9.51584148e-03,0
14,35,1.02458380e-02,0.00000000e+00,0.00000000e+00,1.02458380e-02,0
14,36,1.92571078e-03,0.00000000e+00,0.00000000e+00,-1.92571078e-03,0
14,37,8.37521056e-03,0.00000000e+00,0.00000000e+00,-8.37521056e-03,0
14,38,7.14282479e-03,0.00000000e+00,0.00000000e+00,7.14282479e-03,0
14,39,1.05145543e-02,0.00000000e+00,0.00000000e+00,-1.05145543e-02,0
14,40,7.83762335e-03,0.00000000e+00,0.00000000e+00,7.83762335e-03,0
14,41,7.57370331e-03,0.00000000e+00,0.00000000e+00,-7.57370331e-03,0
14,42,1.50477828e-04,0.00000000e+00,0.00000000e+00,1.50477828e-04,0
14,43,9.09813857e-04,0.00000000e+00,0.00000000e+00,-9.09813857e-04,0
14,44,6.50672732e-03,0.00000000e+00,0.00000000e+00,6.50672732e-03,0
14,45,4.19640463e-03,0.00000000e+00,0.00000000e+00,-4.19640463e-03,0
14,46,4.23417085e-03,0.00000000e+00,0.00000000e+00,4.23417085e-03,0
14,47,5.23127779e-03,0.00000000e+00,0.00000000e+00,-5.23127779e-03,0
14,48,1.75770894e-03,0.00000000e+00,0.00000000e+00,1.75770894e-03,0
14,49,6.21703261e-03,0.00000000e+00,0.00000000e+00,-6.21703261e-03,0
14,50,1.00965810e-03,0.00000000e+00,0.00000000e+00,-1.00965810e-03,0
14,51,6.93951316e-04,0.00000000e+00,0.00000000e+00,-6.93951316e-04,0
14,52,4.03533299e-03,0.00000000e+00,0.00000000e+00,4.03533299e-03,0
14,53,4.74299314e-03,0.00000000e+00,0.00000000e+00,4.74299314e-03,0
14,54,4.04411811e-03,0.00000000e+00,0.00000000e+00,-4.04411811e-03,0
14,55,4.19408875e-04,0.00000000e+00,0.00000000e+00,-4.19408875e-04,0
14,56,1.51080297e-03,0.00000000e+00,0.00000000e+00,1.51080297e-03,0
14,57,1.41972617e-03,0.00000000e+00,0.00000000e+00,-1.41972617e-03,0
14,58,1.79963238e-05,0.00000000e+00,0.00000000e+00,-1.79963238e-05,0
14,59,3.55381633e-04,0.00000000e+00,0.00000000e+00,3.55381633e-04,0
14,60,7.93603458e-04,0.00000000e+00,0.00000000e+00,-7.93603458e-04,0
14,61,4.08214038e-04,0.00000000e+00,0.00000000e+00,4.08214038e-04,0
14,62,1.21225003e-03,0.00000000e+00,0.00000000e+00,1.21225003e-03,0
14,63,5.05327699e-04,0.00000000e+00,0.00000000e+00,-5.05327699e-04,0
15,0,1.31971520e-03,0.00000000e+00,0.00000000e+00,-1.31971520e-03,0
15,1,2.14991368e-04,0.00000000e+00,0.00000000e+00,-2.14991368e-04,0
15,2,8.36776673e-04,0.00000000e+00,0.00000000e+00,8.36776673e-04,0
15,3,5.49989455e-04,0.00000000e+00,0.00000000e+00,-5.49989455e-04,0
15,4,1.31584214e-03,0.00000000e+00,0.00000000e+00,-1.31584214e-03,0
15,5,1.09034468e-03,0.00000000e+00,0.00000000e+00,1.09034468e-03,0
15,6,1.25593701e-03,0.00000000e+00,0.00000000e+00,1.25593701e-03,0
15,7,2.81348872e-03,0.00000000e+00,0.00000000e+00,-2.81348872e-03,0
15,8,2.21582631e-03,0.00000000e+00,0.00000000e+00,-2.21582631e-03,0
15,9,5.87038214e-03,0.00000000e+00,0.00000000e+00,5.87038214e-03,0
15,10,8.07160445e-03,0.00000000e+00,0.00000000e+00,8.07160445e-03,0
15,11,4.85720811e-03,0.00000000e+00,0.00000000e+00,-4.85720811e-03,0
15,12,7.52233531e-03,0.00000000e+00,0.00000000e+00,-7.52233531e-03,0
15,13,1.07590876e-03,0.00000000e+00,0.00000000e+00,1.07590876e-03,0
15,14,6.21703261e-03,0.00000000e+00,0.00000000e+00,-6.21703261e-03,0
15,15,4.29446989e-03,0.00000000e+00,0.00000000e+00,4.29446989e-03,0
15,16,7.76968346e-04,0.00000000e+00,0.00000000e+00,-7.76968346e-04,0
15,17,1.63452450e-03,0.00000000e+00,0.00000000e+00,1.63452450e-03,0
15,18,5.16177122e-03,0.00000000e+00,0.00000000e+00,5.16177122e-03,0
15,19,2.98590867e-03,0.00000000e+00,0.00000000e+00,-2.98590867e-03,0
15,20,6.63939388e-03,0.00000000e+00,0.00000000e+00,6.63939388e-03,0
15,21,2.81985937e-03,0.00000000e+00,0.00000000e+00,-2.81985937e-03,0
15,22,8.00181614e-03,0.00000000e+00,0.00000000e+00,8.00181614e-03,0
15,23,2.29864924e-03,0.00000000e+00,0.00000000e+00,-2.29864924e-03,0
15,24,2.31477013e-03,0.00000000e+00,0.00000000e+00,-2.31477013e-03,0
15,25,6.00128552e-03,0.00000000e+00,0.00000000e+00,6.00128552e-03,0
15,26,7.80957874e-03,0.00000000e+00,0.00000000e+00,-7.80957874e-03,0
15,27,6.50180760e-03,0.00000000e+00,0.00000000e+00,6.50180760e-03,0
15,28,8.80066120e-03,0.00000000e+00,0.00000000e+00,-8.80066120e-03,0
15,29,6.38718553e-03,0.00000000e+00,0.00000000e+00,-6.38718553e-03,0
15,30,1.26627816e-02,0.00000000e+00,0.00000000e+00,1.26627816e-02,0
15,31,3.35938682e-04,0.00000000e+00,0.00000000e+00,3.35938682e-04,0
15,32,3.55908835e-03,0.00000000e+00,0.00000000e+00,-3.55908835e-03,0
15,33,3.35938682e-04,0.00000000e+00,0.00000000e+00,3.35938682e-04,0
15,34,1.26627816e-02,0.00000000e+00,0.00000000e+00,1.26627816e-02,0
15,35,6.38718553e-03,0.00000000e+00,0.00000000e+00,-6.38718553e-03,0
15,36,8.80066120e-03,0.00000000e+00,0.00000000e+00,-8.80066120e-03,0
15,37,6.50180760e-03,0.00000000e+00,0.00000000e+00,6.50180760e-03,0
15,38,7.80957874e-03,0.00000000e+00,0.00000000e+00,-7.80957874e-03,0
15,39,6.00128552e-03,0.00000000e+00,0.00000000e+00,6.00128552e-03,0
15,40,2.31477013e-03,0.00000000e+00,0.00000000e+00,-2.31477013e-03,0
15,41,2.29864924e-03,0.00000000e+00,0.00000000e+00,-2.29864924e-03,0
15,42,8.00181614e-03,0.00000000e+00,0.00000000e+00,8.00181614e-03,0
15,43,2.81985937e-03,0.00000000e+00,0.00000000e+00,-2.81985937e-03,0
15,44,6.63939388e-03,0.00000000e+00,0.00000000e+00,6.63939388e-03,0
15,45,2.98590867e-03,0.00000000e+00,0.00000000e+00,-2.98590867e-03,0
15,46,5.16177122e-03,0.00000000e+00,0.00000000e+00,5.16177122e-03,0
15,47,1.63452450e-03,0.00000000e+00,0.00000000e+00,1.63452450e-03,0
15,48,7.76968346e-04,0.00000000e+00,0.00000000e+00,-7.76968346e-04,0
15,49,4.29446989e-03,0.00000000e+00,0.00000000e+00,4.29446989e-03,0
15,50,6.21703261e-03,0.00000000e+00,0.00000000e+00,-6.21703261e-03,0
15,51,1.07590876e-03,0.00000000e+00,0.00000000e+00,1.07590876e-03,0
15,52,7.52233531e-03,0.00000000e+00,0.00000000e+00,-7.52233531e-03,0
15,53,4.85720811e-03,0.00000000e+00,0.00000000e+00,-4.85720811e-03,0
15,54,8.07160445e-03,0.00000000e+00,0.00000000e+00,8.07160445e-03,0
15,55,5.87038214e-03,0.00000000e+00,0.00000000e+00,5.87038214e-03,0
15,56,2.21582631e-03,0.00000000e+00,0.00000000e+00,-2.21582631e-03,0
15,57,2.81348872e-03,0.00000000e+00,0.00000000e+00,-2.81348872e-03,0
15,58,1.25593701e-03,0.00000000e+00,0.00000000e+00,1.25593701e-03,0
15,59,1.09034468e-03,0.00000000e+00,0.00000000e+00,1.09034468e-03,0
15,60,1.31584214e-03,0.00000000e+00,0.00000000e+00,-1.31584214e-03,0
15,61,5.49989455e-04,0.00000000e+00,0.00000000e+00,-5.49989455e-04,0
15,62,8.36776673e-04,0.00000000e+00,0.00000000e+00,8.36776673e-04,0
15,63,2.14991368e-04,0.00000000e+00,0.00000000e+00,-2.14991368e-04,0
16,0,9.15404020e-04,0.00000000e+00,0.00000000e+00,-9.15404020e-04,0
16,1,1.96411870e-04,0.00000000e+00,0.00000000e+00,-1.96411870e-04,0
16,2,5.16999592e-05,0.00000000e+00,0.00000000e+00,5.16999592e-05,0
16,3,1.30315491e-03,0.00000000e+00,0.00000000e+00,-1.30315491e-03,0
16,4,6.24953826e-04,0.00000000e+00,0.00000000e+00,-6.24953826e-04,0
16,5,2.01386764e-03,0.00000000e+00,0.00000000e+00,2.01386764e-03,0
16,6,4.76364994e-05,0.00000000e+00,0.00000000e+00,4.76364994e-05,0
16,7,1.67349835e-03,0.00000000e+00,0.00000000e+00,-1.67349835e-03,0
16,8,5.37478979e-03,0.00000000e+00,0.00000000e+00,5.37478979e-03,0
16,9,4.02543992e-03,0.00000000e+00,0.00000000e+00,4.02543992e-03,0
16,10,9.61642343e-03,0.00000000e+00,0.00000000e+00,-9.61642343e-03,0
16,11,4.56985625e-03,0.00000000e+00,0.00000000e+00,-4.56985625e-03,0
16,12,5.95951889e-03,0.00000000e+00,0.00000000e+00,5.95951889e-03,0
16,13,1.03508305e-03,0.00000000e+00,0.00000000e+00,-1.03508305e-03,0
16,14,1.75770894e-03,0.00000000e+00,0.00000000e+00,1.75770894e-03,0
16,15,7.76968346e-04,0.00000000e+00,0.00000000e+00,-7.76968346e-04,0
16,16,3.15052304e-03,0.00000000e+00,0.00000000e+00,-3.15052304e-03,0
16,17,2.80003379e-03,0.00000000e+00,0.00000000e+00,2.80003379e-03,0
16,18,4.24329144e-03,0.00000000e+00,0.00000000e+00,-4.24329144e-03,0
16,19,3.01052229e-03,0.00000000e+00,0.00000000e+00,3.01052229e-03,0
16,20,1.71261341e-03,0.00000000e+00,0.00000000e+00,-1.71261341e-03,0
16,21,7.04744523e-03,0.00000000e+00,0.00000000e+00,7.04744523e-03,0
16,22,9.43859885e-03,0.00000000e+00,0.00000000e+00,-9.43859885e-03,0
16,23,8.55564661e-05,0.00000000e+00,0.00000000e+00,-8.55564661e-05,0
16,24,8.44513601e-04,0.00000000e+00,0.00000000e+00,-8.44513601e-04,0
16,25,1.06927328e-03,0.00000000e+00,0.00000000e+00,1.06927328e-03,0
16,26,3.05302122e-03,0.00000000e+00,0.00000000e+00,3.05302122e-03,0
16,27,4.15383809e-03,0.00000000e+00,0.00000000e+00,-4.15383809e-03,0
16,28,6.66168783e-03,0.00000000e+00,0.00000000e+00,6.66168783e-03,0
16,29,1.56219280e-04,0.00000000e+00,0.00000000e+00,-1.56219280e-04,0
16,30,1.09153632e-02,0.00000000e+00,0.00000000e+00,-1.09153632e-02,0
16,31,5.36734537e-03,0.00000000e+00,0.00000000e+00,5.36734537e-03,0
16,32,3.88869093e-03,0.00000000e+00,0.00000000e+00,3.88869093e-03,0
16,33,5.36734537e-03,0.00000000e+00,0.00000000e+00,5.36734537e-03,0
16,34,1.09153632e-02,0.00000000e+00,0.00000000e+00,-1.09153632e-02,0
16,35,1.56219280e-04,0.00000000e+00,0.00000000e+00,-1.56219280e-04,0
16,36,6.66168783e-03,0.00000000e+00,0.00000000e+00,6.66168783e-03,0
16,37,4.15383809e-03,0.00000000e+00,0.00000000e+00,-4.15383809e-03,0
16,38,3.05302122e-03,0.00000000e+00,0.00000000e+00,3.05302122e-03,0
16,39,1.06927328e-03,0.00000000e+00,0.00000000e+00,1.06927328e-03,0
16,40,8.44513601e-04,0.00000000e+00,0.00000000e+00,-8.44513601e-04,0
16,41,8.55564661e-05,0.00000000e+00,0.00000000e+00,-8.55564661e-05,0
16,42,9.43859885e-03,0.00000000e+00,0.00000000e+00,-9.43859885e-03,0
16,43,7.04744523e-03,0.00000000e+00,0.00000000e+00,7.04744523e-03,0
16,44,1.71261341e-03,0.00000000e+00,0.00000000e+00,-1.71261341e-03,0
16,45,3.01052229e-03,0.00000000e+00,0.00000000e+00,3.01052229e-03,0
16,46,4.24329144e-03,0.00000000e+00,0.00000000e+00,-4.24329144e-03,0
16,47,2.80003379e-03,0.00000000e+00,0.00000000e+00,2.80003379e-03,0
16,48,3.15052304e-03,0.00000000e+00,0.00000000e+00,-3.15052304e-03,0
16,49,7.76968346e-04,0.00000000e+00,0.00000000e+00,-7.76968346e-04,0
16,50,1.75770894e-03,0.00000000e+00,0.00000000e+00,1.75770894e-03,0
16,51,1.03508305e-03,0.00000000e+00,0.00000000e+00,-1.03508305e-03,0
16,52,5.95951889e-03,0.00000000e+00,0.00000000e+00,5.95951889e-03,0
16,53,4.56985625e-03,0.00000000e+00,0.00000000e+00,-4.56985625e-03,0
16,54,9.61642343e-03,0.00000000e+00,0.00000000e+00,-9.61642343e-03,0
16,55,4.02543992e-03,0.00000000e+00,0.00000000e+00,4.02543992e-03,0
16,56,5.37478979e-03,0.00000000e+00,0.00000000e+00,5.37478979e-03,0
16,57,1.67349835e-03,0.00000000e+00,0.00000000e+00,-1.67349835e-03,0
16,58,4.76364994e-05,0.00000000e+00,0.00000000e+00,4.76364994e-05,0
16,59,2.01386764e-03,0.00000000e+00,0.00000000e+00,2.01386764e-03,0
16,60,6.24953826e-04,0.00000000e+00,0.00000000e+00,-6.24953826e-04,0
16,61,1.30315491e-03,0.00000000e+00,0.00000000e+00,-1.30315491e-03,0
16,62,5.16999592e-05,0.00000000e+00,0.00000000e+00,5.16999592e-05,0
16,63,1.96411870e-04,0.00000000e+00,0.00000000e+00,-1.96411870e-04,0
17,0,9.92333747e-04,0.00000000e+00,0.00000000e+00,-9.92333747e-04,0
17,1,5.82628798e-04,0.00000000e+00,0.00000000e+00,-5.82628798e-04,0
17,2,6.19420039e-04,0.00000000e+00,0.00000000e+00,-6.19420039e-04,0
17,3,1.15328560e-03,0.00000000e+00,0.00000000e+00,-1.15328560e-03,0
17,4,7.14689693e-04,0.00000000e+00,0.00000000e+00,7.14689693e-04,0
17,5,3.06038167e-03,0.00000000e+00,0.00000000e+00,3.06038167e-03,0
17,6,7.42221400e-04,0.00000000e+00,0.00000000e+00,7.42221400e-04,0
17,7,1.88690668e-03,0.00000000e+00,0.00000000e+00,-1.88690668e-03,0
17,8,1.25724209e-03,0.00000000e+00,0.00000000e+00,-1.25724209e-03,0
17,9,6.40462966e-04,0.00000000e+00,0.00000000e+00,-6.40462966e-04,0
17,10,3.89924051e-03,0.00000000e+00,0.00000000e+00,3.89924051e-03,0
17,11,1.91429365e-03,0.00000000e+00,0.00000000e+00,1.91429365e-03,0
17,12,5.65495984e-03,0.00000000e+00,0.00000000e+00,-5.65495984e-03,0
17,13,8.01364903e-04,0.00000000e+00,0.00000000e+00,-8.01364903e-04,0
17,14,5.23127779e-03,0.00000000e+00,0.00000000e+00,-5.23127779e-03,0
17,15,1.63452450e-03,0.00000000e+00,0.00000000e+00,1.63452450e-03,0
17,16,2.80003379e-03,0.00000000e+00,0.00000000e+00,2.80003379e-03,0
17,17,1.37411514e-03,0.00000000e+00,0.00000000e+00,1.37411514e-03,0
17,18,9.10629486e-03,0.00000000e+00,0.00000000e+00,9.10629486e-03,0
17,19,1.35963522e-03,0.00000000e+00,0.00000000e+00,-1.35963522e-03,0
17,20,1.10985214e-02,0.00000000e+00,0.00000000e+00,1.10985214e-02,0
17,21,3.04744308e-03,0.00000000e+00,0.00000000e+00,-3.04744308e-03,0
17,22,1.12286234e-02,0.00000000e+00,0.00000000e+00,1.12286234e-02,0
17,23,1.51424339e-03,0.00000000e+00,0.00000000e+00,-1.51424339e-03,0
17,24,4.65119250e-03,0.00000000e+00,0.00000000e+00,4.65119250e-03,0
17,25,2.37007811e-04,0.00000000e+00,0.00000000e+00,2.37007811e-04,0
17,26,1.63384591e-03,0.00000000e+00,0.00000000e+00,-1.63384591e-03,0
17,27,9.83580853e-04,0.00000000e+00,0.00000000e+00,9.83580853e-04,0
17,28,1.04112088e-02,0.00000000e+00,0.00000000e+00,-1.04112088e-02,0
17,29,2.71208418e-04,0.00000000e+00,0.00000000e+00,-2.71208418e-04,0
17,30,3.61942089e-03,0.00000000e+00,0.00000000e+00,3.61942089e-03,0
17,31,7.66192557e-04,0.00000000e+00,0.00000000e+00,-7.66192557e-04,0
17,32,7.66529973e-03,0.00000000e+00,0.00000000e+00,7.66529973e-03,0
17,33,7.66192557e-04,0.00000000e+00,0.00000000e+00,-7.66192557e-04,0
17,34,3.61942089e-03,0.00000000e+00,0.00000000e+00,3.61942089e-03,0
17,35,2.71208418e-04,0.00000000e+00,0.00000000e+00,-2.71208418e-04,0
17,36,1.04112088e-02,0.00000000e+00,0.00000000e+00,-1.04112088e-02,0
17,37,9.83580853e-04,0.00000000e+00,0.00000000e+00,9.83580853e-04,0
17,38,1.63384591e-03,0.00000000e+00,0.00000000e+00,-1.63384591e-03,0
17,39,2.37007811e-04,0.00000000e+00,0.00000000e+00,2.37007811e-04,0
17,40,4.65119250e-03,0.00000000e+00,0.00000000e+00,4.65119250e-03,0
17,41,1.51424339e-03,0.00000000e+00,0.00000000e+00,-1.51424339e-03,0
17,42,1.12286234e-02,0.00000000e+00,0.00000000e+00,1.12286234e-02,0
17,43,3.04744308e-03,0.00000000e+00,0.00000000e+00,-3.04744308e-03,0
17,44,1.10985214e-02,0.00000000e+00,0.00000000e+00,1.10985214e-02,0
17,45,1.35963522e-03,0.00000000e+00,0.00000000e+00,-1.35963522e-03,0
17,46,9.10629486e-03,0.00000000e+00,0.00000000e+00,9.10629486e-03,0
17,47,1.37411514e-03,0.00000000e+00,0.00000000e+00,1.37411514e-03,0
17,48,2.80003379e-03,0.00000000e+00,0.00000000e+00,2.80003379e-03,0
17,49,1.63452450e-03,0.00000000e+00,0.00000000e+00,1.63452450e-03,0
17,50,5.23127779e-03,0.00000000e+00,0.00000000e+00,-5.23127779e-03,0
17,51,8.01364903e-04,0.00000000e+00,0.00000000e+00,-8.01364903e-04,0
17,52,5.65495984e-03,0.00000000e+00,0.00000000e+00,-5.65495984e-03,0
17,53,1.91429365e-03,0.00000000e+00,0.00000000e+00,1.91429365e-03,0
17,54,3.89924051e-03,0.00000000e+00,0.00000000e+00,3.89924051e-03,0
17,55,6.40462966e-04,0.00000000e+00,0.00000000e+00,-6.40462966e-04,0
17,56,1.25724209e-03,0.00000000e+00,0.00000000e+00,-1.25724209e-03,0
17,57,1.88690668e-03,0.00000000e+00,0.00000000e+00,-1.88690668e-03,0
17,58,7.42221400e-04,0.00000000e+00,0.00000000e+00,7.42221400e-04,0
17,59,3.06038167e-03,0.00000000e+00,0.00000000e+00,3.06038167e-03,0
17,60,7.14689693e-04,0.00000000e+00,0.00000000e+00,7.14689693e-04,0
17,61,1.15328560e-03,0.00000000e+00,0.00000000e+00,-1.15328560e-03,0
17,62,6.19420039e-04,0.00000000e+00,0.00000000e+00,-6.19420039e-04,0
17,63,5.82628798e-04,0.00000000e+00,0.00000000e+00,-5.82628798e-04,0
18,0,1.67943377e-03,0.00000000e+00,0.00000000e+00,-1.67943377e-03,0
18,1,1.16954891e-03,0.00000000e+00,0.00000000e+00,-1.16954891e-03,0
18,2,5.09901994e-04,0.00000000e+00,0.00000000e+00,-5.09901994e-04,0
18,3,2.37551004e-04,0.00000000e+00,0.00000000e+00,2.37551004e-04,0
18,4,2.11618153e-03,0.00000000e+00,0.00000000e+00,2.11618153e-03,0
18,5,1.84221123e-03,0.00000000e+00,0.00000000e+00,1.84221123e-03,0
18,6,2.98415971e-03,0.00000000e+00,0.00000000e+00,-2.98415971e-03,0
18,7,3.07422939e-03,0.00000000e+00,0.00000000e+00,-3.07422939e-03,0
18,8,5.37746802e-03,0.00000000e+00,0.00000000e+00,5.37746802e-03,0
18,9,5.33757799e-03,0.00000000e+00,0.00000000e+00,5.33757799e-03,0
18,10,6.76396827e-03,0.00000000e+00,0.00000000e+00,-6.76396827e-03,0
18,11,5.86014980e-03,0.00000000e+00,0.00000000e+00,-5.86014980e-03,0
18,12,4.95329495e-03,0.00000000e+00,0.00000000e+00,4.95329495e-03,0
18,13,6.66193665e-04,0.00000000e+00,0.00000000e+00,-6.66193665e-04,0
18,14,4.23417085e-03,0.00000000e+00,0.00000000e+00,4.23417085e-03,0
18,15,5.16177122e-03,0.00000000e+00,0.00000000e+00,5.16177122e-03,0
18,16,4.24329144e-03,0.00000000e+00,0.00000000e+00,-4.24329144e-03,0
18,17,9.10629486e-03,0.00000000e+00,0.00000000e+00,9.10629486e-03,0
18,18,7.22668433e-03,0.00000000e+00,0.00000000e+00,-7.22668433e-03,0
18,19,7.19064666e-03,0.00000000e+00,0.00000000e+00,7.19064666e-03,0
18,20,4.54788188e-03,0.00000000e+00,0.00000000e+00,-4.54788188e-03,0
18,21,1.07066601e-02,0.00000000e+00,0.00000000e+00,1.07066601e-02,0
18,22,1.14738388e-02,0.00000000e+00,0.00000000e+00,-1.14738388e-02,0
18,23,5.58270265e-03,0.00000000e+00,0.00000000e+00,5.58270265e-03,0
18,24,2.73095622e-03,0.00000000e+00,0.00000000e+00,-2.73095622e-03,0
18,25,1.05822975e-02,0.00000000e+00,0.00000000e+00,1.05822975e-02,0
18,26,1.89838002e-03,0.00000000e+00,0.00000000e+00,1.89838002e-03,0
18,27,2.90344005e-03,0.00000000e+00,0.00000000e+00,2.90344005e-03,0
18,28,6.35462610e-03,0.00000000e+00,0.00000000e+00,6.35462610e-03,0
18,29,7.37993886e-03,0.00000000e+00,0.00000000e+00,-7.37993886e-03,0
18,30,1.01762069e-02,0.00000000e+00,0.00000000e+00,-1.01762069e-02,0
18,31,6.86036688e-03,0.00000000e+00,0.00000000e+00,6.86036688e-03,0
18,32,5.07869540e-03,0.00000000e+00,0.00000000e+00,5.07869540e-03,0
18,33,6.86036688e-03,0.00000000e+00,0.00000000e+00,6.86036688e-03,0
18,34,1.01762069e-02,0.00000000e+00,0.00000000e+00,-1.01762069e-02,0
18,35,7.37993886e-03,0.00000000e+00,0.00000000e+00,-7.37993886e-03,0
18,36,6.35462610e-03,0.00000000e+00,0.00000000e+00,6.35462610e-03,0
18,37,2.90344005e-03,0.00000000e+00,0.00000000e+00,2.90344005e-03,0
18,38,1.89838002e-03,0.00000000e+00,0.00000000e+00,1.89838002e-03,0
18,39,1.05822975e-02,0.00000000e+00,0.00000000e+00,1.05822975e-02,0
18,40,2.73095622e-03,0.00000000e+00,0.00000000e+00,-2.73095622e-03,0
18,41,5.58270265e-03,0.00000000e+00,0.00000000e+00,5.58270265e-03,0
18,42,1.14738388e-02,0.00000000e+00,0.00000000e+00,-1.14738388e-02,0
18,43,1.07066601e-02,0.00000000e+00,0.00000000e+00,1.07066601e-02,0
18,44,4.54788188e-03,0.00000000e+00,0.00000000e+00,-4.54788188e-03,0
18,45,7.19064666e-03,0.00000000e+00,0.00000000e+00,7.19064666e-03,0
18,46,7.22668433e-03,0.00000000e+00,0.00000000e+00,-7.22668433e-03,0
18,47,9.10629486e-03,0.00000000e+00,0.00000000e+00,9.10629486e-03,0
18,48,4.24329144e-03,0.00000000e+00,0.00000000e+00,-4.24329144e-03,0
18,49,5.16177122e-03,0.00000000e+00,0.00000000e+00,5.16177122e-03,0
18,50,4.23417085e-03,0.00000000e+00,0.00000000e+00,4.23417085e-03,0
18,51,6.66193665e-04,0.00000000e+00,0.00000000e+00,-6.66193665e-04,0
18,52,4.95329495e-03,0.00000000e+00,0.00000000e+00,4.95329495e-03,0
18,53,5.86014980e-03,0.00000000e+00,0.00000000e+00,-5.86014980e-03,0
18,54,6.76396827e-03,0.00000000e+00,0.00000000e+00,-6.76396827e-03,0
18,55,5.33757799e-03,0.00000000e+00,0.00000000e+00,5.33757799e-03,0
18,56,5.37746802e-03,0.00000000e+00,0.00000000e+00,5.37746802e-03,0
18,57,3.07422939e-03,0.00000000e+00,0.00000000e+00,-3.07422939e-03,0
18,58,2.98415971e-03,0.00000000e+00,0.00000000e+00,-2.98415971e-03,0
18,59,1.84221123e-03,0.00000000e+00,0.00000000e+00,1.84221123e-03,0
18,60,2.11618153e-03,0.00000000e+00,0.00000000e+00,2.11618153e-03,0
18,61,2.37551004e-04,0.00000000e+00,0.00000000e+00,2.37551004e-04,0
18,62,5.09901994e-04,0.00000000e+00,0.00000000e+00,-5.09901994e-04,0
18,63,1.16954891e-03,0.00000000e+00,0.00000000e+00,-1.16954891e-03,0
19,0,2.51750346e-03,0.00000000e+00,0.00000000e+00,-2.51750346e-03,0
19,1,1.37723360e-03,0.00000000e+00,0.00000000e+00,-1.37723360e-03,0
19,2,5.25244419e-04,0.00000000e+00,0.00000000e+00,5.25244419e-04,0
19,3,1.11807067e-03,0.00000000e+00,0.00000000e+00,1.11807067e-03,0
19,4,4.82872153e-04,0.00000000e+00,0.00000000e+00,4.82872153e-04,0
19,5,5.14659255e-04,0.00000000e+00,0.00000000e+00,-5.14659255e-04,0
19,6,5.22667700e-04,0.00000000e+00,0.00000000e+00,-5.22667700e-04,0
19,7,1.29162304e-03,0.00000000e+00,0.00000000e+00,1.29162304e-03,0
19,8,7.94423339e-04,0.00000000e+00,0.00000000e+00,7.94423339e-04,0
19,9,9.19972391e-04,0.00000000e+00,0.00000000e+00,-9.19972391e-04,0
19,10,3.63703784e-03,0.00000000e+00,0.00000000e+00,3.63703784e-03,0
19,11,2.67733142e-03,0.00000000e+00,0.00000000e+00,2.67733142e-03,0
19,12,5.01093665e-03,0.00000000e+00,0.00000000e+00,-5.01093665e-03,0
19,13,1.56289008e-03,0.00000000e+00,0.00000000e+00,-1.56289008e-03,0
19,14,4.19640463e-03,0.00000000e+00,0.00000000e+00,-4.19640463e-03,0
19,15,2.98590867e-03,0.00000000e+00,0.00000000e+00,-2.98590867e-03,0
19,16,3.01052229e-03,0.00000000e+00,0.00000000e+00,3.01052229e-03,0
19,17,1.35963522e-03,0.00000000e+00,0.00000000e+00,-1.35963522e-03,0
19,18,7.19064666e-03,0.00000000e+00,0.00000000e+00,7.19064666e-03,0
19,19,1.86112665e-03,0.00000000e+00,0.00000000e+00,-1.86112665e-03,0
19,20,7.72926181e-03,0.00000000e+00,0.00000000e+00,7.72926181e-03,0
19,21,3.33404847e-03,0.00000000e+00,0.00000000e+00,-3.33404847e-03,0
19,22,8.46420954e-03,0.00000000e+00,0.00000000e+00,8.46420954e-03,0
19,23,3.16280058e-03,0.00000000e+00,0.00000000e+00,-3.16280058e-03,0
19,24,5.15132481e-03,0.00000000e+00,0.00000000e+00,5.15132481e-03,0
19,25,3.69001575e-03,0.00000000e+00,0.00000000e+00,-3.69001575e-03,0
19,26,3.64180127e-03,0.00000000e+00,0.00000000e+00,3.64180127e-03,0
19,27,1.40400721e-03,0.00000000e+00,0.00000000e+00,-1.40400721e-03,0
19,28,6.94778293e-03,0.00000000e+00,0.00000000e+00,-6.94778293e-03,0
19,29,4.71563304e-03,0.00000000e+00,0.00000000e+00,4.71563304e-03,0
19,30,1.57907837e-03,0.00000000e+00,0.00000000e+00,1.57907837e-03,0
19,31,2.26515353e-03,0.00000000e+00,0.00000000e+00,-2.26515353e-03,0
19,32,7.88994277e-03,0.00000000e+00,0.00000000e+00,7.88994277e-03,0
19,33,2.26515353e-03,0.00000000e+00,0.00000000e+00,-2.26515353e-03,0
19,34,1.57907837e-03,0.00000000e+00,0.00000000e+00,1.57907837e-03,0
19,35,4.71563304e-03,0.00000000e+00,0.00000000e+00,4.71563304e-03,0
19,36,6.94778293e-03,0.00000000e+00,0.00000000e+00,-6.94778293e-03,0
19,37,1.40400721e-03,0.00000000e+00,0.00000000e+00,-1.40400721e-03,0
19,38,3.64180127e-03,0.00000000e+00,0.00000000e+00,3.64180127e-03,0
19,39,3.69001575e-03,0.00000000e+00,0.00000000e+00,-3.69001575e-03,0
19,40,5.15132481e-03,0.00000000e+00,0.00000000e+00,5.15132481e-03,0
19,41,3.16280058e-03,0.00000000e+00,0.00000000e+00,-3.16280058e-03,0
19,42,8.46420954e-03,0.00000000e+00,0.00000000e+00,8.46420954e-03,0
19,43,3.33404847e-03,0.00000000e+00,0.00000000e+00,-3.33404847e-03,0
19,44,7.72926181e-03,0.00000000e+00,0.00000000e+00,7.72926181e-03,0
19,45,1.86112665e-03,0.00000000e+00,0.00000000e+00,-1.86112665e-03,0
19,46,7.19064666e-03,0.00000000e+00,0.00000000e+00,7.19064666e-03,0
19,47,1.35963522e-03,0.00000000e+00,0.00000000e+00,-1.35963522e-03,0
19,48,3.01052229e-03,0.00000000e+00,0.00000000e+00,3.01052229e-03,0
19,49,2.98590867e-03,0.00000000e+00,0.00000000e+00,-2.98590867e-03,0
19,50,4.19640463e-03,0.00000000e+00,0.00000000e+00,-4.19640463e-03,0
19,51,1.56289008e-03,0.00000000e+00,0.00000000e+00,-1.56289008e-03,0
19,52,5.01093665e-03,0.00000000e+00,0.00000000e+00,-5.01093665e-03,0
19,53,2.67733142e-03,0.00000000e+00,0.00000000e+00,2.67733142e-03,0
19,54,3.63703784e-03,0.00000000e+00,0.00000000e+00,3.63703784e-03,0
19,55,9.19972391e-04,0.00000000e+00,0.00000000e+00,-9.19972391e-04,0
19,56,7.94423339e-04,0.00000000e+00,0.00000000e+00,7.94423339e-04,0
19,57,1.29162304e-03,0.00000000e+00,0.00000000e+00,1.29162304e-03,0
19,58,5.22667700e-04,0.00000000e+00,0.00000000e+00,-5.22667700e-04,0
19,59,5.14659255e-04,0.00000000e+00,0.00000000e+00,-5.14659255e-04,0
19,60,4.82872153e-04,0.00000000e+00,0.00000000e+00,4.82872153e-04,0
19,61,1.11807067e-03,0.00000000e+00,0.00000000e+00,1.11807067e-03,0
19,62,5.25244419e-04,0.00000000e+00,0.00000000e+00,5.25244419e-04,0
19,63,1.37723360e-03,0.00000000e+00,0.00000000e+00,-1.37723360e-03,0
20,0,2.72205945e-03,0.00000000e+00,0.00000000e+00,-2.72205945e-03,0
20,1,1.04755075e-03,0.00000000e+00,0.00000000e+00,-1.04755075e-03,0
20,2,1.05475632e-03,0.00000000e+00,0.00000000e+00,1.05475632e-03,0
20,3,1.02633472e-04,0.00000000e+00,0.00000000e+00,1.02633472e-04,0
20,4,8.39199134e-04,0.00000000e+00,0.00000000e+00,-8.39199134e-04,0
20,5,1.34016962e-03,0.00000000e+00,0.00000000e+00,1.34016962e-03,0
20,6,7.35375848e-04,0.00000000e+00,0.00000000e+00,7.35375848e-04,0
20,7,2.03165025e-03,0.00000000e+00,0.00000000e+00,-2.03165025e-03,0
20,8,4.56199357e-03,0.00000000e+00,0.00000000e+00,4.56199357e-03,0
20,9,6.72273538e-03,0.00000000e+00,0.00000000e+00,6.72273538e-03,0
20,10,9.13010912e-03,0.00000000e+00,0.00000000e+00,-9.13010912e-03,0
20,11,7.97833856e-03,0.00000000e+00,0.00000000e+00,-7.97833856e-03,0
20,12,4.21551607e-03,0.00000000e+00,0.00000000e+00,4.21551607e-03,0
20,13,3.62172130e-03,0.00000000e+00,0.00000000e+00,-3.62172130e-03,0
20,14,6.50672732e-03,0.00000000e+00,0.00000000e+00,6.50672732e-03,0
20,15,6.63939388e-03,0.00000000e+00,0.00000000e+00,6.63939388e-03,0
20,16,1.71261341e-03,0.00000000e+00,0.00000000e+00,-1.71261341e-03,0
20,17,1.10985214e-02,0.00000000e+00,0.00000000e+00,1.10985214e-02,0
20,18,4.54788188e-03,0.00000000e+00,0.00000000e+00,-4.54788188e-03,0
20,19,7.72926181e-03,0.00000000e+00,0.00000000e+00,7.72926181e-03,0
20,20,1.93733252e-03,0.00000000e+00,0.00000000e+00,-1.93733252e-03,0
20,21,9.57751342e-03,0.00000000e+00,0.00000000e+00,9.57751342e-03,0
20,22,9.46887810e-03,0.00000000e+00,0.00000000e+00,-9.46887810e-03,0
20,23,4.37332020e-03,0.00000000e+00,0.00000000e+00,4.37332020e-03,0
20,24,2.89551639e-03,0.00000000e+00,0.00000000e+00,-2.89551639e-03,0
20,25,9.87382761e-03,0.00000000e+00,0.00000000e+00,9.87382761e-03,0
20,26,2.36317045e-03,0.00000000e+00,0.00000000e+00,-2.36317045e-03,0
20,27,5.81647442e-03,0.00000000e+00,0.00000000e+00,5.81647442e-03,0
20,28,4.23019559e-03,0.00000000e+00,0.00000000e+00,4.23019559e-03,0
20,29,5.85312433e-03,0.00000000e+00,0.00000000e+00,-5.85312433e-03,0
20,30,3.58544167e-03,0.00000000e+00,0.00000000e+00,-3.58544167e-03,0
20,31,5.78417389e-03,0.00000000e+00,0.00000000e+00,5.78417389e-03,0
20,32,1.27982445e-03,0.00000000e+00,0.00000000e+00,-1.27982445e-03,0
20,33,5.78417389e-03,0.00000000e+00,0.00000000e+00,5.78417389e-03,0
20,34,3.58544167e-03,0.00000000e+00,0.00000000e+00,-3.58544167e-03,0
20,35,5.85312433e-03,0.00000000e+00,0.00000000e+00,-5.85312433e-03,0
20,36,4.23019559e-03,0.00000000e+00,0.00000000e+00,4.23019559e-03,0
20,37,5.81647442e-03,0.00000000e+00,0.00000000e+00,5.81647442e-03,0
20,38,2.36317045e-03,0.00000000e+00,0.00000000e+00,-2.36317045e-03,0
20,39,9.87382761e-03,0.00000000e+00,0.00000000e+00,9.87382761e-03,0
20,40,2.89551639e-03,0.00000000e+00,0.00000000e+00,-2.89551639e-03,0
20,41,4.37332020e-03,0.00000000e+00,0.00000000e+00,4.37332020e-03,0
20,42,9.46887810e-03,0.00000000e+00,0.00000000e+00,-9.46887810e-03,0
20,43,9.57751342e-03,0.00000000e+00,0.00000000e+00,9.57751342e-03,0
20,44,1.93733252e-03,0.00000000e+00,0.00000000e+00,-1.93733252e-03,0
20,45,7.72926181e-03,0.00000000e+00,0.00000000e+00,7.72926181e-03,0
20,46,4.54788188e-03,0.00000000e+00,0.00000000e+00,-4.54788188e-03,0
20,47,1.10985214e-02,0.00000000e+00,0.00000000e+00,1.10985214e-02,0
20,48,1.71261341e-03,0.00000000e+00,0.00000000e+00,-1.71261341e-03,0
20,49,6.63939388e-03,0.00000000e+00,0.00000000e+00,6.63939388e-03,0
20,50,6.50672732e-03,0.00000000e+00,0.00000000e+00,6.50672732e-03,0
20,51,3.62172130e-03,0.00000000e+00,0.00000000e+00,-3.62172130e-03,0
20,52,4.21551607e-03,0.00000000e+00,0.00000000e+00,4.21551607e-03,0
20,53,7.97833856e-03,0.00000000e+00,0.00000000e+00,-7.97833856e-03,0
20,54,9.13010912e-03,0.00000000e+00,0.00000000e+00,-9.13010912e-03,0
20,55,6.72273538e-03,0.00000000e+00,0.00000000e+00,6.72273538e-03,0
20,56,4.56199357e-03,0.00000000e+00,0.00000000e+00,4.56199357e-03,0
20,57,2.03165025e-03,0.00000000e+00,0.00000000e+00,-2.03165025e-03,0
20,58,7.35375848e-04,0.00000000e+00,0.00000000e+00,7.35375848e-04,0
20,59,1.34016962e-03,0.00000000e+00,0.00000000e+00,1.34016962e-03,0
20,60,8.39199134e-04,0.00000000e+00,0.00000000e+00,-8.39199134e-04,0
20,61,1.02633472e-04,0.00000000e+00,0.00000000e+00,1.02633472e-04,0
20,62,1.05475632e-03,0.00000000e+00,0.00000000e+00,1.05475632e-03,0
20,63,1.04755075e-03,0.00000000e+00,0.00000000e+00,-1.04755075e-03,0
21,0,2.26163387e-03,0.00000000e+00,0.00000000e+00,-2.26163387e-03,0
21,1,6.87481797e-04,0.00000000e+00,0.00000000e+00,-6.87481797e-04,0
21,2,6.15994983e-04,0.00000000e+00,0.00000000e+00,6.15994983e-04,0
21,3,9.35832241e-04,0.00000000e+00,0.00000000e+00,-9.35832241e-04,0
21,4,2.10558566e-04,0.00000000e+00,0.00000000e+00,-2.10558566e-04,0
21,5,2.90944521e-03,0.00000000e+00,0.00000000e+00,2.90944521e-03,0
21,6,3.65628876e-04,0.00000000e+00,0.00000000e+00,3.65628876e-04,0
21,7,1.43818285e-03,0.00000000e+00,0.00000000e+00,-1.43818285e-03,0
21,8,1.85409378e-03,0.00000000e+00,0.00000000e+00,1.85409378e-03,0
21,9,2.40000863e-03,0.00000000e+00,0.00000000e+00,-2.40000863e-03,0
21,10,1.38300763e-03,0.00000000e+00,0.00000000e+00,1.38300763e-03,0
21,11,6.31530941e-03,0.00000000e+00,0.00000000e+00,6.31530941e-03,0
21,12,6.51741851e-03,0.00000000e+00,0.00000000e+00,-6.51741851e-03,0
21,13,3.88998932e-03,0.00000000e+00,0.00000000e+00,3.88998932e-03,0
21,14,9.09813857e-04,0.00000000e+00,0.00000000e+00,-9.09813857e-04,0
21,15,2.81985937e-03,0.00000000e+00,0.00000000e+00,-2.81985937e-03,0
21,16,7.04744523e-03,0.00000000e+00,0.00000000e+00,7.04744523e-03,0
21,17,3.04744308e-03,0.00000000e+00,0.00000000e+00,-3.04744308e-03,0
21,18,1.07066601e-02,0.00000000e+00,0.00000000e+00,1.07066601e-02,0
21,19,3.33404847e-03,0.00000000e+00,0.00000000e+00,-3.33404847e-03,0
21,20,9.57751342e-03,0.00000000e+00,0.00000000e+00,9.57751342e-03,0
21,21,1.26441551e-03,0.00000000e+00,0.00000000e+00,-1.26441551e-03,0
21,22,1.11482619e-02,0.00000000e+00,0.00000000e+00,1.11482619e-02,0
21,23,9.10439606e-04,0.00000000e+00,0.00000000e+00,-9.10439606e-04,0
21,24,2.92981613e-03,0.00000000e+00,0.00000000e+00,2.92981613e-03,0
21,25,7.71431856e-04,0.00000000e+00,0.00000000e+00,7.71431856e-04,0
21,26,1.25925936e-03,0.00000000e+00,0.00000000e+00,-1.25925936e-03,0
21,27,4.57530532e-03,0.00000000e+00,0.00000000e+00,-4.57530532e-03,0
21,28,5.18434716e-03,0.00000000e+00,0.00000000e+00,-5.18434716e-03,0
21,29,2.98161732e-03,0.00000000e+00,0.00000000e+00,2.98161732e-03,0
21,30,4.71727891e-03,0.00000000e+00,0.00000000e+00,4.71727891e-03,0
21,31,5.02463386e-04,0.00000000e+00,0.00000000e+00,-5.02463386e-04,0
21,32,5.13488996e-03,0.00000000e+00,0.00000000e+00,5.13488996e-03,0
21,33,5.02463386e-04,0.00000000e+00,0.00000000e+00,-5.02463386e-04,0
21,34,4.71727891e-03,0.00000000e+00,0.00000000e+00,4.71727891e-03,0
21,35,2.98161732e-03,0.00000000e+00,0.00000000e+00,2.98161732e-03,0
21,36,5.18434716e-03,0.00000000e+00,0.00000000e+00,-5.18434716e-03,0
21,37,4.57530532e-03,0.00000000e+00,0.00000000e+00,-4.57530532e-03,0
21,38,1.25925936e-03,0.00000000e+00,0.00000000e+00,-1.25925936e-03,0
21,39,7.71431856e-04,0.00000000e+00,0.00000000e+00,7.71431856e-04,0
21,40,2.92981613e-03,0.00000000e+00,0.00000000e+00,2.92981613e-03,0
21,41,9.10439606e-04,0.00000000e+00,0.00000000e+00,-9.10439606e-04,0
21,42,1.11482619e-02,0.00000000e+00,0.00000000e+00,1.11482619e-02,0
21,43,1.26441551e-03,0.00000000e+00,0.00000000e+00,-1.26441551e-03,0
21,44,9.57751342e-03,0.00000000e+00,0.00000000e+00,9.57751342e-03,0
21,45,3.33404847e-03,0.00000000e+00,0.00000000e+00,-3.33404847e-03,0
21,46,1.07066601e-02,0.00000000e+00,0.00000000e+00,1.07066601e-02,0
21,47,3.04744308e-03,0.00000000e+00,0.00000000e+00,-3.04744308e-03,0
21,48,7.04744523e-03,0.00000000e+00,0.00000000e+00,7.04744523e-03,0
21,49,2.81985937e-03,0.00000000e+00,0.00000000e+00,-2.81985937e-03,0
21,50,9.09813857e-04,0.00000000e+00,0.00000000e+00,-9.09813857e-04,0
21,51,3.88998932e-03,0.00000000e+00,0.00000000e+00,3.88998932e-03,0
21,52,6.51741851e-03,0.00000000e+00,0.00000000e+00,-6.51741851e-03,0
21,53,6.31530941e-03,0.00000000e+00,0.00000000e+00,6.31530941e-03,0
21,54,1.38300763e-03,0.00000000e+00,0.00000000e+00,1.38300763e-03,0
21,55,2.40000863e-03,0.00000000e+00,0.00000000e+00,-2.40000863e-03,0
21,56,1.85409378e-03,0.00000000e+00,0.00000000e+00,1.85409378e-03,0
21,57,1.43818285e-03,0.00000000e+00,0.00000000e+00,-1.43818285e-03,0
21,58,3.65628876e-04,0.00000000e+00,0.00000000e+00,3.65628876e-04,0
21,59,2.90944521e-03,0.00000000e+00,0.00000000e+00,2.90944521e-03,0
21,60,2.10558566e-04,0.00000000e+00,0.00000000e+00,-2.10558566e-04,0
21,61,9.35832241e-04,0.00000000e+00,0.00000000e+00,-9.35832241e-04,0
21,62,6.15994983e-04,0.00000000e+00,0.00000000e+00,6.15994983e-04,0
21,63,6.87481797e-04,0.00000000e+00,0.00000000e+00,-6.87481797e-04,0
22,0,1.69784982e-03,0.00000000e+00,0.00000000e+00,-1.69784982e-03,0
22,1,5.58520113e-04,0.00000000e+00,0.00000000e+00,-5.58520113e-04,0
22,2,8.23961056e-05,0.00000000e+00,0.00000000e+00,8.23961056e-05,0
22,3,9.12504288e-04,0.00000000e+00,0.00000000e+00,-9.12504288e-04,0
22,4,6.87875259e-04,0.00000000e+00,0.00000000e+00,6.87875259e-04,0
22,5,2.17749649e-03,0.00000000e+00,0.00000000e+00,2.17749649e-03,0
22,6,1.38055640e-03,0.00000000e+00,0.00000000e+00,-1.38055640e-03,0
22,7,4.87797048e-04,0.00000000e+00,0.00000000e+00,-4.87797048e-04,0
22,8,5.11297526e-03,0.00000000e+00,0.00000000e+00,5.11297526e-03,0
22,9,2.47464683e-03,0.00000000e+00,0.00000000e+00,2.47464683e-03,0
22,10,3.06722370e-03,0.00000000e+00,0.00000000e+00,-3.06722370e-03,0
22,11,4.01798590e-03,0.00000000e+00,0.00000000e+00,-4.01798590e-03,0
22,12,3.26948215e-03,0.00000000e+00,0.00000000e+00,3.26948215e-03,0
22,13,1.06874843e-03,0.00000000e+00,0.00000000e+00,-1.06874843e-03,0
22,14,1.50477828e-04,0.00000000e+00,0.00000000e+00,1.50477828e-04,0
22,15,8.00181614e-03,0.00000000e+00,0.00000000e+00,8.00181614e-03,0
22,16,9.43859885e-03,0.00000000e+00,0.00000000e+00,-9.43859885e-03,0
22,17,1.12286234e-02,0.00000000e+00,0.00000000e+00,1.12286234e-02,0
22,18,1.14738388e-02,0.00000000e+00,0.00000000e+00,-1.14738388e-02,0
22,19,8.46420954e-03,0.00000000e+00,0.00000000e+00,8.46420954e-03,0
22,20,9.46887810e-03,0.00000000e+00,0.00000000e+00,-9.46887810e-03,0
22,21,1.11482619e-02,0.00000000e+00,0.00000000e+00,1.11482619e-02,0
22,22,1.54760346e-02,0.00000000e+00,0.00000000e+00,-1.54760346e-02,0
22,23,1.06678340e-02,0.00000000e+00,0.00000000e+00,1.06678340e-02,0
22,24,4.84107127e-03,0.00000000e+00,0.00000000e+00,-4.84107127e-03,0
22,25,9.80177105e-03,0.00000000e+00,0.00000000e+00,9.80177105e-03,0
22,26,3.89287884e-03,0.00000000e+00,0.00000000e+00,3.89287884e-03,0
22,27,1.53127619e-03,0.00000000e+00,0.00000000e+00,-1.53127619e-03,0
22,28,5.28337818e-03,0.00000000e+00,0.00000000e+00,5.28337818e-03,0
22,29,3.44054182e-03,0.00000000e+00,0.00000000e+00,-3.44054182e-03,0
22,30,7.50688443e-03,0.00000000e+00,0.00000000e+00,-7.50688443e-03,0
22,31,4.25010007e-03,0.00000000e+00,0.00000000e+00,4.25010007e-03,0
22,32,2.22189992e-03,0.00000000e+00,0.00000000e+00,2.22189992e-03,0
22,33,4.25010007e-03,0.00000000e+00,0.00000000e+00,4.25010007e-03,0
22,34,7.50688443e-03,0.00000000e+00,0.00000000e+00,-7.50688443e-03,0
22,35,3.44054182e-03,0.00000000e+00,0.00000000e+00,-3.44054182e-03,0
22,36,5.28337818e-03,0.00000000e+00,0.00000000e+00,5.28337818e-03,0
22,37,1.53127619e-03,0.00000000e+00,0.00000000e+00,-1.53127619e-03,0
22,38,3.89287884e-03,0.00000000e+00,0.00000000e+00,3.89287884e-03,0
22,39,9.80177105e-03,0.00000000e+00,0.00000000e+00,9.80177105e-03,0
22,40,4.84107127e-03,0.00000000e+00,0.00000000e+00,-4.84107127e-03,0
22,41,1.06678340e-02,0.00000000e+00,0.00000000e+00,1.06678340e-02,0
22,42,1.54760346e-02,0.00000000e+00,0.00000000e+00,-1.54760346e-02,0
22,43,1.11482619e-02,0.00000000e+00,0.00000000e+00,1.11482619e-02,0
22,44,9.46887810e-03,0.00000000e+00,0.00000000e+00,-9.46887810e-03,0
22,45,8.46420954e-03,0.00000000e+00,0.00000000e+00,8.46420954e-03,0
22,46,1.14738388e-02,0.00000000e+00,0.00000000e+00,-1.14738388e-02,0
22,47,1.12286234e-02,0.00000000e+00,0.00000000e+00,1.12286234e-02,0
22,48,9.43859885e-03,0.00000000e+00,0.00000000e+00,-9.43859885e-03,0
22,49,8.00181614e-03,0.00000000e+00,0.00000000e+00,8.00181614e-03,0
22,50,1.50477828e-04,0.00000000e+00,0.00000000e+00,1.50477828e-04,0
22,51,1.06874843e-03,0.00000000e+00,0.00000000e+00,-1.06874843e-03,0
22,52,3.26948215e-03,0.00000000e+00,0.00000000e+00,3.26948215e-03,0
22,53,4.01798590e-03,0.00000000e+00,0.00000000e+00,-4.01798590e-03,0
22,54,3.06722370e-03,0.00000000e+00,0.00000000e+00,-3.06722370e-03,0
22,55,2.47464683e-03,0.00000000e+00,0.00000000e+00,2.47464683e-03,0
22,56,5.11297526e-03,0.00000000e+00,0.00000000e+00,5.11297526e-03,0
22,57,4.87797048e-04,0.00000000e+00,0.00000000e+00,-4.87797048e-04,0
22,58,1.38055640e-03,0.00000000e+00,0.00000000e+00,-1.38055640e-03,0
22,59,2.17749649e-03,0.00000000e+00,0.00000000e+00,2.17749649e-03,0
22,60,6.87875259e-04,0.00000000e+00,0.00000000e+00,6.87875259e-04,0
22,61,9.12504288e-04,0.00000000e+00,0.00000000e+00,-9.12504288e-04,0
22,62,8.23961056e-05,0.00000000e+00,0.00000000e+00,8.23961056e-05,0
22,63,5.58520113e-04,0.00000000e+00,0.00000000e+00,-5.58520113e-04,0
23,0,1.29901358e-03,0.00000000e+00,0.00000000e+00,-1.29901358e-03,0
23,1,4.79732917e-04,0.00000000e+00,0.00000000e+00,-4.79732917e-04,0
23,2,1.26760228e-04,0.00000000e+00,0.00000000e+00,-1.26760228e-04,0
23,3,1.03842643e-03,0.00000000e+00,0.00000000e+00,-1.03842643e-03,0
23,4,1.98724875e-04,0.00000000e+00,0.00000000e+00,1.98724875e-04,0
23,5,2.91514554e-03,0.00000000e+00,0.00000000e+00,2.91514554e-03,0
23,6,2.46961135e-03,0.00000000e+00,0.00000000e+00,2.46961135e-03,0
23,7,1.79028522e-03,0.00000000e+00,0.00000000e+00,-1.79028522e-03,0
23,8,4.05099177e-03,0.00000000e+00,0.00000000e+00,-4.05099177e-03,0
23,9,5.13355390e-03,0.00000000e+00,0.00000000e+00,5.13355390e-03,0
23,10,9.77962261e-03,0.00000000e+00,0.00000000e+00,9.77962261e-03,0
23,11,5.65345395e-03,0.00000000e+00,0.00000000e+00,-5.65345395e-03,0
23,12,6.68078693e-03,0.00000000e+00,0.00000000e+00,-6.68078693e-03,0
23,13,1.57646452e-03,0.00000000e+00,0.00000000e+00,-1.57646452e-03,0
23,14,7.57370331e-03,0.00000000e+00,0.00000000e+00,-7.57370331e-03,0
23,15,2.29864924e-03,0.00000000e+00,0.00000000e+00,-2.29864924e-03,0
23,16,8.55564661e-05,0.00000000e+00,0.00000000e+00,-8.55564661e-05,0
23,17,1.51424339e-03,0.00000000e+00,0.00000000e+00,-1.51424339e-03,0
23,18,5.58270265e-03,0.00000000e+00,0.00000000e+00,5.58270265e-03,0
23,19,3.16280058e-03,0.00000000e+00,0.00000000e+00,-3.16280058e-03,0
23,20,4.37332020e-03,0.00000000e+00,0.00000000e+00,4.37332020e-03,0
23,21,9.10439606e-04,0.00000000e+00,0.00000000e+00,-9.10439606e-04,0
23,22,1.06678340e-02,0.00000000e+00,0.00000000e+00,1.06678340e-02,0
23,23,9.34994842e-03,0.00000000e+00,0.00000000e+00,-9.34994842e-03,0
23,24,5.79027818e-03,0.00000000e+00,0.00000000e+00,5.79027818e-03,0
23,25,2.99094726e-03,0.00000000e+00,0.00000000e+00,-2.99094726e-03,0
23,26,5.99767935e-04,0.00000000e+00,0.00000000e+00,5.99767935e-04,0
23,27,4.09166774e-03,0.00000000e+00,0.00000000e+00,4.09166774e-03,0
23,28,1.28746815e-02,0.00000000e+00,0.00000000e+00,-1.28746815e-02,0
23,29,6.75752987e-04,0.00000000e+00,0.00000000e+00,-6.75752987e-04,0
23,30,7.37402440e-03,0.00000000e+00,0.00000000e+00,7.37402440e-03,0
23,31,5.08975744e-04,0.00000000e+00,0.00000000e+00,-5.08975744e-04,0
23,32,2.57352018e-03,0.00000000e+00,0.00000000e+00,2.57352018e-03,0
23,33,5.08975744e-04,0.00000000e+00,0.00000000e+00,-5.08975744e-04,0
23,34,7.37402440e-03,0.00000000e+00,0.00000000e+00,7.37402440e-03,0
23,35,6.75752987e-04,0.00000000e+00,0.00000000e+00,-6.75752987e-04,0
23,36,1.28746815e-02,0.00000000e+00,0.00000000e+00,-1.28746815e-02,0
23,37,4.09166774e-03,0.00000000e+00,0.00000000e+00,4.09166774e-03,0
23,38,5.99767935e-04,0.00000000e+00,0.00000000e+00,5.99767935e-04,0
23,39,2.99094726e-03,0.00000000e+00,0.00000000e+00,-2.99094726e-03,0
23,40,5.79027818e-03,0.00000000e+00,0.00000000e+00,5.79027818e-03,0
23,41,9.34994842e-03,0.00000000e+00,0.00000000e+00,-9.34994842e-03,0
23,42,1.06678340e-02,0.00000000e+00,0.00000000e+00,1.06678340e-02,0
23,43,9.10439606e-04,0.00000000e+00,0.00000000e+00,-9.10439606e-04,0
23,44,4.37332020e-03,0.00000000e+00,0.00000000e+00,4.37332020e-03,0
23,45,3.16280058e-03,0.00000000e+00,0.00000000e+00,-3.16280058e-03,0
23,46,5.58270265e-03,0.00000000e+00,0.00000000e+00,5.58270265e-03,0
23,47,1.51424339e-03,0.00000000e+00,0.00000000e+00,-1.51424339e-03,0
23,48,8.55564661e-05,0.00000000e+00,0.00000000e+00,-8.55564661e-05,0
23,49,2.29864924e-03,0.00000000e+00,0.00000000e+00,-2.29864924e-03,0
23,50,7.57370331e-03,0.00000000e+00,0.00000000e+00,-7.57370331e-03,0
23,51,1.57646452e-03,0.00000000e+00,0.00000000e+00,-1.57646452e-03,0
23,52,6.68078693e-03,0.00000000e+00,0.00000000e+00,-6.68078693e-03,0
23,53,5.65345395e-03,0.00000000e+00,0.00000000e+00,-5.65345395e-03,0
23,54,9.77962261e-03,0.00000000e+00,0.00000000e+00,9.77962261e-03,0
23,55,5.13355390e-03,0.00000000e+00,0.00000000e+00,5.13355390e-03,0
23,56,4.05099177e-03,0.00000000e+00,0.00000000e+00,-4.05099177e-03,0
23,57,1.79028522e-03,0.00000000e+00,0.00000000e+00,-1.79028522e-03,0
23,58,2.46961135e-03,0.00000000e+00,0.00000000e+00,2.46961135e-03,0
23,59,2.91514554e-03,0.00000000e+00,0.00000000e+00,2.91514554e-03,0
23,60,1.98724875e-04,0.00000000e+00,0.00000000e+00,1.98724875e-04,0
23,61,1.03842643e-03,0.00000000e+00,0.00000000e+00,-1.03842643e-03,0
23,62,1.26760228e-04,0.00000000e+00,0.00000000e+00,-1.26760228e-04,0
23,63,4.79732917e-04,0.00000000e+00,0.00000000e+00,-4.79732917e-04,0
24,0,1.09407845e-03,0.00000000e+00,0.00000000e+00,-1.09407845e-03,0
24,1,5.80066606e-04,0.00000000e+00,0.00000000e+00,-5.80066606e-04,0
24,2,4.00488766e-04,0.00000000e+00,0.00000000e+00,-4.00488766e-04,0
24,3,5.57746408e-04,0.00000000e+00,0.00000000e+00,-5.57746408e-04,0
24,4,1.68308287e-03,0.00000000e+00,0.00000000e+00,1.68308287e-03,0
24,5,3.25363587e-03,0.00000000e+00,0.00000000e+00,3.25363587e-03,0
24,6,1.76023929e-03,0.00000000e+00,0.00000000e+00,-1.76023929e-03,0
24,7,3.42525454e-03,0.00000000e+00,0.00000000e+00,-3.42525454e-03,0
24,8,7.97868780e-03,0.00000000e+00,0.00000000e+00,7.97868780e-03,0
24,9,5.95585184e-03,0.00000000e+00,0.00000000e+00,5.95585184e-03,0
24,10,1.25510049e-02,0.00000000e+00,0.00000000e+00,-1.25510049e-02,0
24,11,2.22673538e-03,0.00000000e+00,0.00000000e+00,-2.22673538e-03,0
24,12,1.64054809e-03,0.00000000e+00,0.00000000e+00,1.64054809e-03,0
24,13,1.15803427e-02,0.00000000e+00,0.00000000e+00,-1.15803427e-02,0
24,14,7.83762335e-03,0.00000000e+00,0.00000000e+00,7.83762335e-03,0
24,15,2.31477013e-03,0.00000000e+00,0.00000000e+00,-2.31477013e-03,0
24,16,8.44513601e-04,0.00000000e+00,0.00000000e+00,-8.44513601e-04,0
24,17,4.65119250e-03,0.00000000e+00,0.00000000e+00,4.65119250e-03,0
24,18,2.73095622e-03,0.00000000e+00,0.00000000e+00,-2.73095622e-03,0
24,19,5.15132481e-03,0.00000000e+00,0.00000000e+00,5.15132481e-03,0
24,20,2.89551639e-03,0.00000000e+00,0.00000000e+00,-2.89551639e-03,0
24,21,2.92981613e-03,0.00000000e+00,0.00000000e+00,2.92981613e-03,0
24,22,4.84107127e-03,0.00000000e+00,0.00000000e+00,-4.84107127e-03,0
24,23,5.79027818e-03,0.00000000e+00,0.00000000e+00,5.79027818e-03,0
24,24,6.43046257e-03,0.00000000e+00,0.00000000e+00,-6.43046257e-03,0
24,25,2.88301624e-03,0.00000000e+00,0.00000000e+00,2.88301624e-03,0
24,26,3.27429858e-03,0.00000000e+00,0.00000000e+00,-3.27429858e-03,0
24,27,8.75999976e-04,0.00000000e+00,0.00000000e+00,-8.75999976e-04,0
24,28,1.05221440e-02,0.00000000e+00,0.00000000e+00,1.05221440e-02,0
24,29,7.24131938e-03,0.00000000e+00,0.00000000e+00,-7.24131938e-03,0
24,30,7.53446828e-03,0.00000000e+00,0.00000000e+00,-7.53446828e-03,0
24,31,8.99637762e-04,0.00000000e+00,0.00000000e+00,8.99637762e-04,0
24,32,3.80528819e-03,0.00000000e+00,0.00000000e+00,3.80528819e-03,0
24,33,8.99637762e-04,0.00000000e+00,0.00000000e+00,8.99637762e-04,0
24,34,7.53446828e-03,0.00000000e+00,0.00000000e+00,-7.53446828e-03,0
24,35,7.24131938e-03,0.00000000e+00,0.00000000e+00,-7.24131938e-03,0
24,36,1.05221440e-02,0.00000000e+00,0.00000000e+00,1.05221440e-02,0
24,37,8.75999976e-04,0.00000000e+00,0.00000000e+00,-8.75999976e-04,0
24,38,3.27429858e-03,0.00000000e+00,0.00000000e+00,-3.27429858e-03,0
24,39,2.88301624e-03,0.00000000e+00,0.00000000e+00,2.88301624e-03,0
24,40,6.43046257e-03,0.00000000e+00,0.00000000e+00,-6.43046257e-03,0
24,41,5.79027818e-03,0.00000000e+00,0.00000000e+00,5.79027818e-03,0
24,42,4.84107127e-03,0.00000000e+00,0.00000000e+00,-4.84107127e-03,0
24,43,2.92981613e-03,0.00000000e+00,0.00000000e+00,2.92981613e-03,0
24,44,2.89551639e-03,0.00000000e+00,0.00000000e+00,-2.89551639e-03,0
24,45,5.15132481e-03,0.00000000e+00,0.00000000e+00,5.15132481e-03,0
24,46,2.73095622e-03,0.00000000e+00,0.00000000e+00,-2.73095622e-03,0
24,47,4.65119250e-03,0.00000000e+00,0.00000000e+00,4.65119250e-03,0
24,48,8.44513601e-04,0.00000000e+00,0.00000000e+00,-8.44513601e-04,0
24,49,2.31477013e-03,0.00000000e+00,0.00000000e+00,-2.31477013e-03,0
24,50,7.83762335e-03,0.00000000e+00,0.00000000e+00,7.83762335e-03,0
24,51,1.15803427e-02,0.00000000e+00,0.00000000e+00,-1.15803427e-02,0
24,52,1.64054809e-03,0.00000000e+00,0.00000000e+00,1.64054809e-03,0
24,53,2.22673538e-03,0.00000000e+00,0.00000000e+00,-2.22673538e-03,0
24,54,1.25510049e-02,0.00000000e+00,0.00000000e+00,-1.25510049e-02,0
24,55,5.95585184e-03,0.00000000e+00,0.00000000e+00,5.95585184e-03,0
24,56,7.97868780e-03,0.00000000e+00,0.00000000e+00,7.97868780e-03,0
24,57,3.42525454e-03,0.00000000e+00,0.00000000e+00,-3.42525454e-03,0
24,58,1.76023929e-03,0.00000000e+00,0.00000000e+00,-1.76023929e-03,0
24,59,3.25363587e-03,0.00000000e+00,0.00000000e+00,3.25363587e-03,0
24,60,1.68308287e-03,0.00000000e+00,0.00000000e+00,1.68308287e-03,0
24,61,5.57746408e-04,0.00000000e+00,0.00000000e+00,-5.57746408e-04,0
24,62,4.00488766e-04,0.00000000e+00,0.00000000e+00,-4.00488766e-04,0
24,63,5.80066606e-04,0.00000000e+00,0.00000000e+00,-5.80066606e-04,0
25,0,1.23858077e-03,0.00000000e+00,0.00000000e+00,-1.23858077e-03,0
25,1,7.71335290e-04,0.00000000e+00,0.00000000e+00,-7.71335290e-04,0
25,2,9.67454798e-06,0.00000000e+00,0.00000000e+00,9.67454798e-06,0
25,3,6.26861694e-04,0.00000000e+00,0.00000000e+00,6.26861694e-04,0
25,4,1.23053951e-03,0.00000000e+00,0.00000000e+00,1.23053951e-03,0
25,5,1.39473306e-03,0.00000000e+00,0.00000000e+00,1.39473306e-03,0
25,6,1.20253402e-03,0.00000000e+00,0.00000000e+00,1.20253402e-03,0
25,7,2.39982364e-04,0.00000000e+00,0.00000000e+00,-2.39982364e-04,0
25,8,3.81678311e-03,0.00000000e+00,0.00000000e+00,-3.81678311e-03,0
25,9,1.42568474e-04,0.00000000e+00,0.00000000e+00,-1.42568474e-04,0
25,10,7.00507181e-03,0.00000000e+00,0.00000000e+00,7.00507181e-03,0
25,11,7.19674707e-03,0.00000000e+00,0.00000000e+00,-7.19674707e-03,0
25,12,9.19477081e-03,0.00000000e+00,0.00000000e+00,-9.19477081e-03,0
25,13,6.40115665e-03,0.00000000e+00,0.00000000e+00,6.40115665e-03,0
25,14,1.05145543e-02,0.00000000e+00,0.00000000e+00,-1.05145543e-02,0
25,15,6.00128552e-03,0.00000000e+00,0.00000000e+00,6.00128552e-03,0
25,16,1.06927328e-03,0.00000000e+00,0.00000000e+00,1.06927328e-03,0
25,17,2.37007811e-04,0.00000000e+00,0.00000000e+00,2.37007811e-04,0
25,18,1.05822975e-02,0.00000000e+00,0.00000000e+00,1.05822975e-02,0
25,19,3.69001575e-03,0.00000000e+00,0.00000000e+00,-3.69001575e-03,0
25,20,9.87382761e-03,0.00000000e+00,0.00000000e+00,9.87382761e-03,0
25,21,7.71431856e-04,0.00000000e+00,0.00000000e+00,7.71431856e-04,0
25,22,9.80177105e-03,0.00000000e+00,0.00000000e+00,9.80177105e-03,0
25,23,2.99094726e-03,0.00000000e+00,0.00000000e+00,-2.99094726e-03,0
25,24,2.88301624e-03,0.00000000e+00,0.00000000e+00,2.88301624e-03,0
25,25,5.48886821e-03,0.00000000e+00,0.00000000e+00,5.48886821e-03,0
25,26,6.34803363e-03,0.00000000e+00,0.00000000e+00,-6.34803363e-03,0
25,27,1.57057569e-03,0.00000000e+00,0.00000000e+00,1.57057569e-03,0
25,28,1.20025950e-02,0.00000000e+00,0.00000000e+00,-1.20025950e-02,0
25,29,4.43881782e-03,0.00000000e+00,0.00000000e+00,-4.43881782e-03,0
25,30,3.15986958e-03,0.00000000e+00,0.00000000e+00,3.15986958e-03,0
25,31,7.65338389e-04,0.00000000e+00,0.00000000e+00,7.65338389e-04,0
25,32,2.24870472e-03,0.00000000e+00,0.00000000e+00,-2.24870472e-03,0
25,33,7.65338389e-04,0.00000000e+00,0.00000000e+00,7.65338389e-04,0
25,34,3.15986958e-03,0.00000000e+00,0.00000000e+00,3.15986958e-03,0
25,35,4.43881782e-03,0.00000000e+00,0.00000000e+00,-4.43881782e-03,0
25,36,1.20025950e-02,0.00000000e+00,0.00000000e+00,-1.20025950e-02,0
25,37,1.57057569e-03,0.00000000e+00,0.00000000e+00,1.57057569e-03,0
25,38,6.34803363e-03,0.00000000e+00,0.00000000e+00,-6.34803363e-03,0
25,39,5.48886821e-03,0.00000000e+00,0.00000000e+00,5.48886821e-03,0
25,40,2.88301624e-03,0.00000000e+00,0.00000000e+00,2.88301624e-03,0
25,41,2.99094726e-03,0.00000000e+00,0.00000000e+00,-2.99094726e-03,0
25,42,9.80177105e-03,0.00000000e+00,0.00000000e+00,9.80177105e-03,0
25,43,7.71431856e-04,0.00000000e+00,0.00000000e+00,7.71431856e-04,0
25,44,9.87382761e-03,0.00000000e+00,0.00000000e+00,9.87382761e-03,0
25,45,3.69001575e-03,0.00000000e+00,0.00000000e+00,-3.69001575e-03,0
25,46,1.05822975e-02,0.00000000e+00,0.00000000e+00,1.05822975e-02,0
25,47,2.37007811e-04,0.00000000e+00,0.00000000e+00,2.37007811e-04,0
25,48,1.06927328e-03,0.00000000e+00,0.00000000e+00,1.06927328e-03,0
25,49,6.00128552e-03,0.00000000e+00,0.00000000e+00,6.00128552e-03,0
25,50,1.05145543e-02,0.00000000e+00,0.00000000e+00,-1.05145543e-02,0
25,51,6.40115665e-03,0.00000000e+00,0.00000000e+00,6.40115665e-03,0
25,52,9.19477081e-03,0.00000000e+00,0.00000000e+00,-9.19477081e-03,0
25,53,7.19674707e-03,0.00000000e+00,0.00000000e+00,-7.19674707e-03,0
25,54,7.00507181e-03,0.00000000e+00,0.00000000e+00,7.00507181e-03,0
25,55,1.42568474e-04,0.00000000e+00,0.00000000e+00,-1.42568474e-04,0
25,56,3.81678311e-03,0.00000000e+00,0.00000000e+00,-3.81678311e-03,0
25,57,2.39982364e-04,0.00000000e+00,0.00000000e+00,-2.39982364e-04,0
25,58,1.20253402e-03,0.00000000e+00,0.00000000e+00,1.20253402e-03,0
25,59,1.39473306e-03,0.00000000e+00,0.00000000e+00,1.39473306e-03,0
25,60,1.23053951e-03,0.00000000e+00,0.00000000e+00,1.23053951e-03,0
25,61,6.26861694e-04,0.00000000e+00,0.00000000e+00,6.26861694e-04,0
25,62,9.67454798e-06,0.00000000e+00,0.00000000e+00,9.67454798e-06,0
25,63,7.71335290e-04,0.00000000e+00,0.00000000e+00,-7.71335290e-04,0
26,0,1.44276134e-03,0.00000000e+00,0.00000000e+00,-1.44276134e-03,0
26,1,8.54904169e-04,0.00000000e+00,0.00000000e+00,-8.54904169e-04,0
26,2,5.84869451e-04,0.00000000e+00,0.00000000e+00,5.84869451e-04,0
26,3,1.52449797e-03,0.00000000e+00,0.00000000e+00,1.52449797e-03,0
26,4,1.05858564e-03,0.00000000e+00,0.00000000e+00,1.05858564e-03,0
26,5,8.52327944e-04,0.00000000e+00,0.00000000e+00,8.52327944e-04,0
26,6,2.44754721e-04,0.00000000e+00,0.00000000e+00,2.44754721e-04,0
26,7,3.15846397e-03,0.00000000e+00,0.00000000e+00,-3.15846397e-03,0
26,8,3.29917384e-03,0.00000000e+00,0.00000000e+00,-3.29917384e-03,0
26,9,6.67297980e-04,0.00000000e+00,0.00000000e+00,-6.67297980e-04,0
26,10,5.96579815e-04,0.00000000e+00,0.00000000e+00,5.96579815e-04,0
26,11,7.61253592e-03,0.00000000e+00,0.00000000e+00,7.61253592e-03,0
26,12,1.97426299e-03,0.00000000e+00,0.00000000e+00,-1.97426299e-03,0
26,13,8.18582878e-03,0.00000000e+00,0.00000000e+00,-8.18582878e-03,0
26,14,7.14282479e-03,0.00000000e+00,0.00000000e+00,7.14282479e-03,0
26,15,7.80957874e-03,0.00000000e+00,0.00000000e+00,-7.80957874e-03,0
26,16,3.05302122e-03,0.00000000e+00,0.00000000e+00,3.05302122e-03,0
26,17,1.63384591e-03,0.00000000e+00,0.00000000e+00,-1.63384591e-03,0
26,18,1.89838002e-03,0.00000000e+00,0.00000000e+00,1.89838002e-03,0
26,19,3.64180127e-03,0.00000000e+00,0.00000000e+00,3.64180127e-03,0
26,20,2.36317045e-03,0.00000000e+00,0.00000000e+00,-2.36317045e-03,0
26,21,1.25925936e-03,0.00000000e+00,0.00000000e+00,-1.25925936e-03,0
26,22,3.89287884e-03,0.00000000e+00,0.00000000e+00,3.89287884e-03,0
26,23,5.99767935e-04,0.00000000e+00,0.00000000e+00,5.99767935e-04,0
26,24,3.27429858e-03,0.00000000e+00,0.00000000e+00,-3.27429858e-03,0
26,25,6.34803363e-03,0.00000000e+00,0.00000000e+00,-6.34803363e-03,0
26,26,1.67886718e-03,0.00000000e+00,0.00000000e+00,1.67886718e-03,0
26,27,4.51580654e-03,0.00000000e+00,0.00000000e+00,-4.51580654e-03,0
26,28,1.97783285e-03,0.00000000e+00,0.00000000e+00,1.97783285e-03,0
26,29,8.60706263e-04,0.00000000e+00,0.00000000e+00,8.60706263e-04,0
26,30,6.10363075e-03,0.00000000e+00,0.00000000e+00,6.10363075e-03,0
26,31,7.22538574e-03,0.00000000e+00,0.00000000e+00,-7.22538574e-03,0
26,32,6.17258969e-03,0.00000000e+00,0.00000000e+00,-6.17258969e-03,0
26,33,7.22538574e-03,0.00000000e+00,0.00000000e+00,-7.22538574e-03,0
26,34,6.10363075e-03,0.00000000e+00,0.00000000e+00,6.10363075e-03,0
26,35,8.60706263e-04,0.00000000e+00,0.00000000e+00,8.60706263e-04,0
26,36,1.97783285e-03,0.00000000e+00,0.00000000e+00,1.97783285e-03,0
26,37,4.51580654e-03,0.00000000e+00,0.00000000e+00,-4.51580654e-03,0
26,38,1.67886718e-03,0.00000000e+00,0.00000000e+00,1.67886718e-03,0
26,39,6.34803363e-03,0.00000000e+00,0.00000000e+00,-6.34803363e-03,0
26,40,3.27429858e-03,0.00000000e+00,0.00000000e+00,-3.27429858e-03,0
26,41,5.99767935e-04,0.00000000e+00,0.00000000e+00,5.99767935e-04,0
26,42,3.89287884e-03,0.00000000e+00,0.00000000e+00,3.89287884e-03,0
26,43,1.25925936e-03,0.00000000e+00,0.00000000e+00,-1.25925936e-03,0
26,44,2.36317045e-03,0.00000000e+00,0.00000000e+00,-2.36317045e-03,0
26,45,3.64180127e-03,0.00000000e+00,0.00000000e+00,3.64180127e-03,0
26,46,1.89838002e-03,0.00000000e+00,0.00000000e+00,1.89838002e-03,0
26,47,1.63384591e-03,0.00000000e+00,0.00000000e+00,-1.63384591e-03,0
26,48,3.05302122e-03,0.00000000e+00,0.00000000e+00,3.05302122e-03,0
26,49,7.80957874e-03,0.00000000e+00,0.00000000e+00,-7.80957874e-03,0
26,50,7.14282479e-03,0.00000000e+00,0.00000000e+00,7.14282479e-03,0
26,51,8.18582878e-03,0.00000000e+00,0.00000000e+00,-8.18582878e-03,0
26,52,1.97426299e-03,0.00000000e+00,0.00000000e+00,-1.97426299e-03,0
26,53,7.61253592e-03,0.00000000e+00,0.00000000e+00,7.61253592e-03,0
26,54,5.96579815e-04,0.00000000e+00,0.00000000e+00,5.96579815e-04,0
26,55,6.67297980e-04,0.00000000e+00,0.00000000e+00,-6.67297980e-04,0
26,56,3.29917384e-03,0.00000000e+00,0.00000000e+00,-3.29917384e-03,0
26,57,3.15846397e-03,0.00000000e+00,0.00000000e+00,-3.15846397e-03,0
26,58,2.44754721e-04,0.00000000e+00,0.00000000e+00,2.44754721e-04,0
26,59,8.52327944e-04,0.00000000e+00,0.00000000e+00,8.52327944e-04,0
26,60,1.05858564e-03,0.00000000e+00,0.00000000e+00,1.05858564e-03,0
26,61,1.52449797e-03,0.00000000e+00,0.00000000e+00,1.52449797e-03,0
26,62,5.84869451e-04,0.00000000e+00,0.00000000e+00,5.84869451e-04,0
26,63,8.54904169e-04,0.00000000e+00,0.00000000e+00,-8.54904169e-04,0
27,0,1.49383582e-03,0.00000000e+00,0.00000000e+00,-1.49383582e-03,0
27,1,8.53210938e-04,0.00000000e+00,0.00000000e+00,-8.53210938e-04,0
27,2,1.16203264e-03,0.00000000e+00,0.00000000e+00,1.16203264e-03,0
27,3,2.60654458e-03,0.00000000e+00,0.00000000e+00,2.60654458e-03,0
27,4,6.69953361e-04,0.00000000e+00,0.00000000e+00,6.69953361e-04,0
27,5,2.19646996e-03,0.00000000e+00,0.00000000e+00,-2.19646996e-03,0
27,6,2.99885093e-03,0.00000000e+00,0.00000000e+00,-2.99885093e-03,0
27,7,2.76077389e-03,0.00000000e+00,0.00000000e+00,-2.76077389e-03,0
27,8,1.45125631e-03,0.00000000e+00,0.00000000e+00,1.45125631e-03,0
27,9,5.83347822e-03,0.00000000e+00,0.00000000e+00,5.83347822e-03,0
27,10,8.91178373e-04,0.00000000e+00,0.00000000e+00,8.91178373e-04,0
27,11,3.56727862e-03,0.00000000e+00,0.00000000e+00,-3.56727862e-03,0
27,12,1.75493901e-03,0.00000000e+00,0.00000000e+00,1.75493901e-03,0
27,13,3.34051979e-04,0.00000000e+00,0.00000000e+00,3.34051979e-04,0
27,14,8.37521056e-03,0.00000000e+00,0.00000000e+00,-8.37521056e-03,0
27,15,6.50180760e-03,0.00000000e+00,0.00000000e+00,6.50180760e-03,0
27,16,4.15383809e-03,0.00000000e+00,0.00000000e+00,-4.15383809e-03,0
27,17,9.83580853e-04,0.00000000e+00,0.00000000e+00,9.83580853e-04,0
27,18,2.90344005e-03,0.00000000e+00,0.00000000e+00,2.90344005e-03,0
27,19,1.40400721e-03,0.00000000e+00,0.00000000e+00,-1.40400721e-03,0
27,20,5.81647442e-03,0.00000000e+00,0.00000000e+00,5.81647442e-03,0
27,21,4.57530532e-03,0.00000000e+00,0.00000000e+00,-4.57530532e-03,0
27,22,1.53127619e-03,0.00000000e+00,0.00000000e+00,-1.53127619e-03,0
27,23,4.09166774e-03,0.00000000e+00,0.00000000e+00,4.09166774e-03,0
27,24,8.75999976e-04,0.00000000e+00,0.00000000e+00,-8.75999976e-04,0
27,25,1.57057569e-03,0.00000000e+00,0.00000000e+00,1.57057569e-03,0
27,26,4.51580654e-03,0.00000000e+00,0.00000000e+00,-4.51580654e-03,0
27,27,7.12518070e-04,0.00000000e+00,0.00000000e+00,7.12518070e-04,0
27,28,2.86592680e-03,0.00000000e+00,0.00000000e+00,2.86592680e-03,0
27,29,3.24063252e-03,0.00000000e+00,0.00000000e+00,-3.24063252e-03,0
27,30,4.92666648e-03,0.00000000e+00,0.00000000e+00,-4.92666648e-03,0
27,31,2.46319996e-03,0.00000000e+00,0.00000000e+00,2.46319996e-03,0
27,32,3.08673531e-03,0.00000000e+00,0.00000000e+00,-3.08673531e-03,0
27,33,2.46319996e-03,0.00000000e+00,0.00000000e+00,2.46319996e-03,0
27,34,4.92666648e-03,0.00000000e+00,0.00000000e+00,-4.92666648e-03,0
27,35,3.24063252e-03,0.00000000e+00,0.00000000e+00,-3.24063252e-03,0
27,36,2.86592680e-03,0.00000000e+00,0.00000000e+00,2.86592680e-03,0
27,37,7.12518070e-04,0.00000000e+00,0.00000000e+00,7.12518070e-04,0
27,38,4.51580654e-03,0.00000000e+00,0.00000000e+00,-4.51580654e-03,0
27,39,1.57057569e-03,0.00000000e+00,0.00000000e+00,1.57057569e-03,0
27,40,8.75999976e-04,0.00000000e+00,0.00000000e+00,-8.75999976e-04,0
27,41,4.09166774e-03,0.00000000e+00,0.00000000e+00,4.09166774e-03,0
27,42,1.53127619e-03,0.00000000e+00,0.00000000e+00,-1.53127619e-03,0
27,43,4.57530532e-03,0.00000000e+00,0.00000000e+00,-4.57530532e-03,0
27,44,5.81647442e-03,0.00000000e+00,0.00000000e+00,5.81647442e-03,0
27,45,1.40400721e-03,0.00000000e+00,0.00000000e+00,-1.40400721e-03,0
27,46,2.90344005e-03,0.00000000e+00,0.00000000e+00,2.90344005e-03,0
27,47,9.83580853e-04,0.00000000e+00,0.00000000e+00,9.83580853e-04,0
27,48,4.15383809e-03,0.00000000e+00,0.00000000e+00,-4.15383809e-03,0
27,49,6.50180760e-03,0.00000000e+00,0.00000000e+00,6.50180760e-03,0
27,50,8.37521056e-03,0.00000000e+00,0.00000000e+00,-8.37521056e-03,0
27,51,3.34051979e-04,0.00000000e+00,0.00000000e+00,3.34051979e-04,0
27,52,1.75493901e-03,0.00000000e+00,0.00000000e+00,1.75493901e-03,0
27,53,3.56727862e-03,0.00000000e+00,0.00000000e+00,-3.56727862e-03,0
27,54,8.91178373e-04,0.00000000e+00,0.00000000e+00,8.91178373e-04,0
27,55,5.83347822e-03,0.00000000e+00,0.00000000e+00,5.83347822e-03,0
27,56,1.45125631e-03,0.00000000e+00,0.00000000e+00,1.45125631e-03,0
27,57,2.76077389e-03,0.00000000e+00,0.00000000e+00,-2.76077389e-03,0
27,58,2.99885093e-03,0.00000000e+00,0.00000000e+00,-2.99885093e-03,0
27,59,2.19646996e-03,0.00000000e+00,0.00000000e+00,-2.19646996e-03,0
27,60,6.69953361e-04,0.00000000e+00,0.00000000e+00,6.69953361e-04,0
27,61,2.60654458e-03,0.00000000e+00,0.00000000e+00,2.60654458e-03,0
27,62,1.16203264e-03,0.00000000e+00,0.00000000e+00,1.16203264e-03,0
27,63,8.53210938e-04,0.00000000e+00,0.00000000e+00,-8.53210938e-04,0
28,0,1.18540274e-03,0.00000000e+00,0.00000000e+00,-1.18540274e-03,0
28,1,6.06545271e-04,0.00000000e+00,0.00000000e+00,-6.06545271e-04,0
28,2,1.61817158e-03,0.00000000e+00,0.00000000e+00,1.61817158e-03,0
28,3,2.64071184e-03,0.00000000e+00,0.00000000e+00,2.64071184e-03,0
28,4,2.13560336e-03,0.00000000e+00,0.00000000e+00,-2.13560336e-03,0
28,5,5.65539876e-03,0.00000000e+00,0.00000000e+00,-5.65539876e-03,0
28,6,1.53117781e-03,0.00000000e+00,0.00000000e+00,1.53117781e-03,0
28,7,5.70531054e-03,0.00000000e+00,0.00000000e+00,5.70531054e-03,0
28,8,4.87723921e-03,0.00000000e+00,0.00000000e+00,-4.87723921e-03,0
28,9,5.52380903e-03,0.00000000e+00,0.00000000e+00,-5.52380903e-03,0
28,10,1.20612796e-02,0.00000000e+00,0.00000000e+00,1.20612796e-02,0
28,11,6.78597468e-03,0.00000000e+00,0.00000000e+00,6.78597468e-03,0
28,12,1.17502229e-02,0.00000000e+00,0.00000000e+00,-1.17502229e-02,0
28,13,2.15868280e-03,0.00000000e+00,0.00000000e+00,2.15868280e-03,0
28,14,1.92571078e-03,0.00000000e+00,0.00000000e+00,-1.92571078e-03,0
28,15,8.80066120e-03,0.00000000e+00,0.00000000e+00,-8.80066120e-03,0
28,16,6.66168783e-03,0.00000000e+00,0.00000000e+00,6.66168783e-03,0
28,17,1.04112088e-02,0.00000000e+00,0.00000000e+00,-1.04112088e-02,0
28,18,6.35462610e-03,0.00000000e+00,0.00000000e+00,6.35462610e-03,0
28,19,6.94778293e-03,0.00000000e+00,0.00000000e+00,-6.94778293e-03,0
28,20,4.23019559e-03,0.00000000e+00,0.00000000e+00,4.23019559e-03,0
28,21,5.18434716e-03,0.00000000e+00,0.00000000e+00,-5.18434716e-03,0
28,22,5.28337818e-03,0.00000000e+00,0.00000000e+00,5.28337818e-03,0
28,23,1.28746815e-02,0.00000000e+00,0.00000000e+00,-1.28746815e-02,0
28,24,1.05221440e-02,0.00000000e+00,0.00000000e+00,1.05221440e-02,0
28,25,1.20025950e-02,0.00000000e+00,0.00000000e+00,-1.20025950e-02,0
28,26,1.97783285e-03,0.00000000e+00,0.00000000e+00,1.97783285e-03,0
28,27,2.86592680e-03,0.00000000e+00,0.00000000e+00,2.86592680e-03,0
28,28,1.68207252e-02,0.00000000e+00,0.00000000e+00,-1.68207252e-02,0
28,29,8.39600684e-03,0.00000000e+00,0.00000000e+00,8.39600684e-03,0
28,30,8.83291108e-03,0.00000000e+00,0.00000000e+00,8.83291108e-03,0
28,31,1.31736250e-03,0.00000000e+00,0.00000000e+00,1.31736250e-03,0
28,32,1.21307021e-02,0.00000000e+00,0.00000000e+00,-1.21307021e-02,0
28,33,1.31736250e-03,0.00000000e+00,0.00000000e+00,1.31736250e-03,0
28,34,8.83291108e-03,0.00000000e+00,0.00000000e+00,8.83291108e-03,0
28,35,8.39600684e-03,0.00000000e+00,0.00000000e+00,8.39600684e-03,0
28,36,1.68207252e-02,0.00000000e+00,0.00000000e+00,-1.68207252e-02,0
28,37,2.86592680e-03,0.00000000e+00,0.00000000e+00,2.86592680e-03,0
28,38,1.97783285e-03,0.00000000e+00,0.00000000e+00,1.97783285e-03,0
28,39,1.20025950e-02,0.00000000e+00,0.00000000e+00,-1.20025950e-02,0
28,40,1.05221440e-02,0.00000000e+00,0.00000000e+00,1.05221440e-02,0
28,41,1.28746815e-02,0.00000000e+00,0.00000000e+00,-1.28746815e-02,0
28,42,5.28337818e-03,0.00000000e+00,0.00000000e+00,5.28337818e-03,0
28,43,5.18434716e-03,0.00000000e+00,0.00000000e+00,-5.18434716e-03,0
28,44,4.23019559e-03,0.00000000e+00,0.00000000e+00,4.23019559e-03,0
28,45,6.94778293e-03,0.00000000e+00,0.00000000e+00,-6.94778293e-03,0
28,46,6.35462610e-03,0.00000000e+00,0.00000000e+00,6.35462610e-03,0
28,47,1.04112088e-02,0.00000000e+00,0.00000000e+00,-1.04112088e-02,0
28,48,6.66168783e-03,0.00000000e+00,0.00000000e+00,6.66168783e-03,0
28,49,8.80066120e-03,0.00000000e+00,0.00000000e+00,-8.80066120e-03,0
28,50,1.92571078e-03,0.00000000e+00,0.00000000e+00,-1.92571078e-03,0
28,51,2.15868280e-03,0.00000000e+00,0.00000000e+00,2.15868280e-03,0
28,52,1.17502229e-02,0.00000000e+00,0.00000000e+00,-1.17502229e-02,0
28,53,6.78597468e-03,0.00000000e+00,0.00000000e+00,6.78597468e-03,0
28,54,1.20612796e-02,0.00000000e+00,0.00000000e+00,1.20612796e-02,0
28,55,5.52380903e-03,0.00000000e+00,0.00000000e+00,-5.52380903e-03,0
28,56,4.87723921e-03,0.00000000e+00,0.00000000e+00,-4.87723921e-03,0
28,57,5.70531054e-03,0.00000000e+00,0.00000000e+00,5.70531054e-03,0
28,58,1.53117781e-03,0.00000000e+00,0.00000000e+00,1.53117781e-03,0
28,59,5.65539876e-03,0.00000000e+00,0.00000000e+00,-5.65539876e-03,0
28,60,2.13560336e-03,0.00000000e+00,0.00000000e+00,-2.13560336e-03,0
28,61,2.64071184e-03,0.00000000e+00,0.00000000e+00,2.64071184e-03,0
28,62,1.61817158e-03,0.00000000e+00,0.00000000e+00,1.61817158e-03,0
28,63,6.06545271e-04,0.00000000e+00,0.00000000e+00,-6.06545271e-04,0
29,0,2.73332323e-04,0.00000000e+00,0.00000000e+00,-2.73332323e-04,0
29,1,2.88480728e-04,0.00000000e+00,0.00000000e+00,-2.88480728e-04,0
29,2,7.83232946e-04,0.00000000e+00,0.00000000e+00,7.83232946e-04,0
29,3,1.33312607e-03,0.00000000e+00,0.00000000e+00,1.33312607e-03,0
29,4,2.49459392e-03,0.00000000e+00,0.00000000e+00,-2.49459392e-03,0
29,5,5.15588691e-03,0.00000000e+00,0.00000000e+00,-5.15588691e-03,0
29,6,6.65727322e-04,0.00000000e+00,0.00000000e+00,6.65727322e-04,0
29,7,8.12170253e-03,0.00000000e+00,0.00000000e+00,8.12170253e-03,0
29,8,6.99512232e-03,0.00000000e+00,0.00000000e+00,6.99512232e-03,0
29,9,8.55461690e-03,0.00000000e+00,0.00000000e+00,-8.55461690e-03,0
29,10,1.56003264e-02,0.00000000e+00,0.00000000e+00,-1.56003264e-02,0
29,11,1.18404633e-02,0.00000000e+00,0.00000000e+00,1.18404633e-02,0
29,12,8.91930205e-03,0.00000000e+00,0.00000000e+00,8.91930205e-03,0
29,13,1.17899974e-02,0.00000000e+00,0.00000000e+00,-1.17899974e-02,0
29,14,1.02458380e-02,0.00000000e+00,0.00000000e+00,1.02458380e-02,0
29,15,6.38718553e-03,0.00000000e+00,0.00000000e+00,-6.38718553e-03,0
29,16,1.56219280e-04,0.00000000e+00,0.00000000e+00,-1.56219280e-04,0
29,17,2.71208418e-04,0.00000000e+00,0.00000000e+00,-2.71208418e-04,0
29,18,7.37993886e-03,0.00000000e+00,0.00000000e+00,-7.37993886e-03,0
29,19,4.71563304e-03,0.00000000e+00,0.00000000e+00,4.71563304e-03,0
29,20,5.85312433e-03,0.00000000e+00,0.00000000e+00,-5.85312433e-03,0
29,21,2.98161732e-03,0.00000000e+00,0.00000000e+00,2.98161732e-03,0
29,22,3.44054182e-03,0.00000000e+00,0.00000000e+00,-3.44054182e-03,0
29,23,6.75752987e-04,0.00000000e+00,0.00000000e+00,-6.75752987e-04,0
29,24,7.24131938e-03,0.00000000e+00,0.00000000e+00,-7.24131938e-03,0
29,25,4.43881782e-03,0.00000000e+00,0.00000000e+00,-4.43881782e-03,0
29,26,8.60706263e-04,0.00000000e+00,0.00000000e+00,8.60706263e-04,0
29,27,3.24063252e-03,0.00000000e+00,0.00000000e+00,-3.24063252e-03,0
29,28,8.39600684e-03,0.00000000e+00,0.00000000e+00,8.39600684e-03,0
29,29,2.37727616e-04,0.00000000e+00,0.00000000e+00,-2.37727616e-04,0
29,30,8.39200957e-03,0.00000000e+00,0.00000000e+00,-8.39200957e-03,0
29,31,1.14734975e-03,0.00000000e+00,0.00000000e+00,1.14734975e-03,0
29,32,1.32191972e-02,0.00000000e+00,0.00000000e+00,1.32191972e-02,0
29,33,1.14734975e-03,0.00000000e+00,0.00000000e+00,1.14734975e-03,0
29,34,8.39200957e-03,0.00000000e+00,0.00000000e+00,-8.39200957e-03,0
29,35,2.37727616e-04,0.00000000e+00,0.00000000e+00,-2.37727616e-04,0
29,36,8.39600684e-03,0.00000000e+00,0.00000000e+00,8.39600684e-03,0
29,37,3.24063252e-03,0.00000000e+00,0.00000000e+00,-3.24063252e-03,0
29,38,8.60706263e-04,0.00000000e+00,0.00000000e+00,8.60706263e-04,0
29,39,4.43881782e-03,0.00000000e+00,0.00000000e+00,-4.43881782e-03,0
29,40,7.24131938e-03,0.00000000e+00,0.00000000e+00,-7.24131938e-03,0
29,41,6.75752987e-04,0.00000000e+00,0.00000000e+00,-6.75752987e-04,0
29,42,3.44054182e-03,0.00000000e+00,0.00000000e+00,-3.44054182e-03,0
29,43,2.98161732e-03,0.00000000e+00,0.00000000e+00,2.98161732e-03,0
29,44,5.85312433e-03,0.00000000e+00,0.00000000e+00,-5.85312433e-03,0
29,45,4.71563304e-03,0.00000000e+00,0.00000000e+00,4.71563304e-03,0
29,46,7.37993886e-03,0.00000000e+00,0.00000000e+00,-7.37993886e-03,0
29,47,2.71208418e-04,0.00000000e+00,0.00000000e+00,-2.71208418e-04,0
29,48,1.56219280e-04,0.00000000e+00,0.00000000e+00,-1.56219280e-04,0
29,49,6.38718553e-03,0.00000000e+00,0.00000000e+00,-6.38718553e-03,0
29,50,1.02458380e-02,0.00000000e+00,0.00000000e+00,1.02458380e-02,0
29,51,1.17899974e-02,0.00000000e+00,0.00000000e+00,-1.17899974e-02,0
29,52,8.91930205e-03,0.00000000e+00,0.00000000e+00,8.91930205e-03,0
29,53,1.18404633e-02,0.00000000e+00,0.00000000e+00,1.18404633e-02,0
29,54,1.56003264e-02,0.00000000e+00,0.00000000e+00,-1.56003264e-02,0
29,55,8.55461690e-03,0.00000000e+00,0.00000000e+00,-8.55461690e-03,0
29,56,6.99512232e-03,0.00000000e+00,0.00000000e+00,6.99512232e-03,0
29,57,8.12170253e-03,0.00000000e+00,0.00000000e+00,8.12170253e-03,0
29,58,6.65727322e-04,0.00000000e+00,0.00000000e+00,6.65727322e-04,0
29,59,5.15588691e-03,0.00000000e+00,0.00000000e+00,-5.15588691e-03,0
29,60,2.49459392e-03,0.00000000e+00,0.00000000e+00,-2.49459392e-03,0
29,61,1.33312607e-03,0.00000000e+00,0.00000000e+00,1.33312607e-03,0
29,62,7.83232946e-04,0.00000000e+00,0.00000000e+00,7.83232946e-04,0
29,63,2.88480728e-04,0.00000000e+00,0.00000000e+00,-2.88480728e-04,0
30,0,8.94293119e-04,0.00000000e+00,0.00000000e+00,8.94293119e-04,0
30,1,9.20510191e-05,0.00000000e+00,0.00000000e+00,-9.20510191e-05,0
30,2,8.37041456e-04,0.00000000e+00,0.00000000e+00,-8.37041456e-04,0
30,3,6.47532789e-04,0.00000000e+00,0.00000000e+00,-6.47532789e-04,0
30,4,2.25878384e-03,0.00000000e+00,0.00000000e+00,-2.25878384e-03,0
30,5,8.14701974e-04,0.00000000e+00,0.00000000e+00,-8.14701974e-04,0
30,6,6.81897987e-03,0.00000000e+00,0.00000000e+00,6.81897987e-03,0
30,7,3.34964324e-03,0.00000000e+00,0.00000000e+00,3.34964324e-03,0
30,8,9.43704987e-03,0.00000000e+00,0.00000000e+00,-9.43704987e-03,0
30,9,1.09913478e-03,0.00000000e+00,0.00000000e+00,-1.09913478e-03,0
30,10,1.79113726e-03,0.00000000e+00,0.00000000e+00,1.79113726e-03,0
30,11,1.13096655e-02,0.00000000e+00,0.00000000e+00,-1.13096655e-02,0
30,12,1.64108628e-02,0.00000000e+00,0.00000000e+00,1.64108628e-02,0
30,13,1.32678289e-02,0.00000000e+00,0.00000000e+00,1.32678289e-02,0
30,14,9.51584148e-03,0.00000000e+00,0.00000000e+00,-9.51584148e-03,0
30,15,1.26627816e-02,0.00000000e+00,0.00000000e+00,1.26627816e-02,0
30,16,1.09153632e-02,0.00000000e+00,0.00000000e+00,-1.09153632e-02,0
30,17,3.61942089e-03,0.00000000e+00,0.00000000e+00,3.61942089e-03,0
30,18,1.01762069e-02,0.00000000e+00,0.00000000e+00,-1.01762069e-02,0
30,19,1.57907837e-03,0.00000000e+00,0.00000000e+00,1.57907837e-03,0
30,20,3.58544167e-03,0.00000000e+00,0.00000000e+00,-3.58544167e-03,0
30,21,4.71727891e-03,0.00000000e+00,0.00000000e+00,4.71727891e-03,0
30,22,7.50688443e-03,0.00000000e+00,0.00000000e+00,-7.50688443e-03,0
30,23,7.37402440e-03,0.00000000e+00,0.00000000e+00,7.37402440e-03,0
30,24,7.53446828e-03,0.00000000e+00,0.00000000e+00,-7.53446828e-03,0
30,25,3.15986958e-03,0.00000000e+00,0.00000000e+00,3.15986958e-03,0
30,26,6.10363075e-03,0.00000000e+00,0.00000000e+00,6.10363075e-03,0
30,27,4.92666648e-03,0.00000000e+00,0.00000000e+00,-4.92666648e-03,0
30,28,8.83291108e-03,0.00000000e+00,0.00000000e+00,8.83291108e-03,0
30,29,8.39200957e-03,0.00000000e+00,0.00000000e+00,-8.39200957e-03,0
30,30,7.48875115e-05,0.00000000e+00,0.00000000e+00,-7.48875115e-05,0
30,31,3.99999692e-03,0.00000000e+00,0.00000000e+00,3.99999692e-03,0
30,32,3.25278793e-03,0.00000000e+00,0.00000000e+00,-3.25278793e-03,0
30,33,3.99999692e-03,0.00000000e+00,0.00000000e+00,3.99999692e-03,0
30,34,7.48875115e-05,0.00000000e+00,0.00000000e+00,-7.48875115e-05,0
30,35,8.39200957e-03,0.00000000e+00,0.00000000e+00,-8.39200957e-03,0
30,36,8.83291108e-03,0.00000000e+00,0.00000000e+00,8.83291108e-03,0
30,37,4.92666648e-03,0.00000000e+00,0.00000000e+00,-4.92666648e-03,0
30,38,6.10363075e-03,0.00000000e+00,0.00000000e+00,6.10363075e-03,0
30,39,3.15986958e-03,0.00000000e+00,0.00000000e+00,3.15986958e-03,0
30,40,7.53446828e-03,0.00000000e+00,0.00000000e+00,-7.53446828e-03,0
30,41,7.37402440e-03,0.00000000e+00,0.00000000e+00,7.37402440e-03,0
30,42,7.50688443e-03,0.00000000e+00,0.00000000e+00,-7.50688443e-03,0
30,43,4.71727891e-03,0.00000000e+00,0.00000000e+00,4.71727891e-03,0
30,44,3.58544167e-03,0.00000000e+00,0.00000000e+00,-3.58544167e-03,0
30,45,1.57907837e-03,0.00000000e+00,0.00000000e+00,1.57907837e-03,0
30,46,1.01762069e-02,0.00000000e+00,0.00000000e+00,-1.01762069e-02,0
30,47,3.61942089e-03,0.00000000e+00,0.00000000e+00,3.61942089e-03,0
30,48,1.09153632e-02,0.00000000e+00,0.00000000e+00,-1.09153632e-02,0
30,49,1.26627816e-02,0.00000000e+00,0.00000000e+00,1.26627816e-02,0
30,50,9.51584148e-03,0.00000000e+00,0.00000000e+00,-9.51584148e-03,0
30,51,1.32678289e-02,0.00000000e+00,0.00000000e+00,1.32678289e-02,0
30,52,1.64108628e-02,0.00000000e+00,0.00000000e+00,1.64108628e-02,0
30,53,1.13096655e-02,0.00000000e+00,0.00000000e+00,-1.13096655e-02,0
30,54,1.79113726e-03,0.00000000e+00,0.00000000e+00,1.79113726e-03,0
30,55,1.09913478e-03,0.00000000e+00,0.00000000e+00,-1.09913478e-03,0
30,56,9.43704987e-03,0.00000000e+00,0.00000000e+00,-9.43704987e-03,0
30,57,3.34964324e-03,0.00000000e+00,0.00000000e+00,3.34964324e-03,0
30,58,6.81897987e-03,0.00000000e+00,0.00000000e+00,6.81897987e-03,0
30,59,8.14701974e-04,0.00000000e+00,0.00000000e+00,-8.14701974e-04,0
30,60,2.25878384e-03,0.00000000e+00,0.00000000e+00,-2.25878384e-03,0
30,61,6.47532789e-04,0.00000000e+00,0.00000000e+00,-6.47532789e-04,0
30,62,8.37041456e-04,0.00000000e+00,0.00000000e+00,-8.37041456e-04,0
30,63,9.20510191e-05,0.00000000e+00,0.00000000e+00,-9.20510191e-05,0
31,0,1.93209703e-03,0.00000000e+00,0.00000000e+00,1.93209703e-03,0
31,1,2.10394499e-04,0.00000000e+00,0.00000000e+00,-2.10394499e-04,0
31,2,2.95300514e-03,0.00000000e+00,0.00000000e+00,-2.95300514e-03,0
31,3,1.53795073e-03,0.00000000e+00,0.00000000e+00,-1.53795073e-03,0
31,4,2.05248808e-03,0.00000000e+00,0.00000000e+00,2.05248808e-03,0
31,5,2.68252003e-03,0.00000000e+00,0.00000000e+00,2.68252003e-03,0
31,6,6.38956715e-04,0.00000000e+00,0.00000000e+00,-6.38956715e-04,0
31,7,3.00823203e-03,0.00000000e+00,0.00000000e+00,-3.00823203e-03,0
31,8,1.46953928e-04,0.00000000e+00,0.00000000e+00,1.46953928e-04,0
31,9,3.73065336e-03,0.00000000e+00,0.00000000e+00,3.73065336e-03,0
31,10,2.06639393e-03,0.00000000e+00,0.00000000e+00,2.06639393e-03,0
31,11,4.40227094e-03,0.00000000e+00,0.00000000e+00,-4.40227094e-03,0
31,12,5.68266397e-03,0.00000000e+00,0.00000000e+00,-5.68266397e-03,0
31,13,5.55746600e-03,0.00000000e+00,0.00000000e+00,5.55746600e-03,0
31,14,7.44757089e-04,0.00000000e+00,0.00000000e+00,7.44757089e-04,0
31,15,3.35938682e-04,0.00000000e+00,0.00000000e+00,3.35938682e-04,0
31,16,5.36734537e-03,0.00000000e+00,0.00000000e+00,5.36734537e-03,0
31,17,7.66192557e-04,0.00000000e+00,0.00000000e+00,-7.66192557e-04,0
31,18,6.86036688e-03,0.00000000e+00,0.00000000e+00,6.86036688e-03,0
31,19,2.26515353e-03,0.00000000e+00,0.00000000e+00,-2.26515353e-03,0
31,20,5.78417389e-03,0.00000000e+00,0.00000000e+00,5.78417389e-03,0
31,21,5.02463386e-04,0.00000000e+00,0.00000000e+00,-5.02463386e-04,0
31,22,4.25010007e-03,0.00000000e+00,0.00000000e+00,4.25010007e-03,0
31,23,5.08975744e-04,0.00000000e+00,0.00000000e+00,-5.08975744e-04,0
31,24,8.99637762e-04,0.00000000e+00,0.00000000e+00,8.99637762e-04,0
31,25,7.65338389e-04,0.00000000e+00,0.00000000e+00,7.65338389e-04,0
31,26,7.22538574e-03,0.00000000e+00,0.00000000e+00,-7.22538574e-03,0
31,27,2.46319996e-03,0.00000000e+00,0.00000000e+00,2.46319996e-03,0
31,28,1.31736250e-03,0.00000000e+00,0.00000000e+00,1.31736250e-03,0
31,29,1.14734975e-03,0.00000000e+00,0.00000000e+00,1.14734975e-03,0
31,30,3.99999692e-03,0.00000000e+00,0.00000000e+00,3.99999692e-03,0
31,31,2.11156160e-03,0.00000000e+00,0.00000000e+00,-2.11156160e-03,0
31,32,6.54055113e-03,0.00000000e+00,0.00000000e+00,-6.54055113e-03,0
31,33,2.11156160e-03,0.00000000e+00,0.00000000e+00,-2.11156160e-03,0
31,34,3.99999692e-03,0.00000000e+00,0.00000000e+00,3.99999692e-03,0
31,35,1.14734975e-03,0.00000000e+00,0.00000000e+00,1.14734975e-03,0
31,36,1.31736250e-03,0.00000000e+00,0.00000000e+00,1.31736250e-03,0
31,37,2.46319996e-03,0.00000000e+00,0.00000000e+00,2.46319996e-03,0
31,38,7.22538574e-03,0.00000000e+00,0.00000000e+00,-7.22538574e-03,0
31,39,7.65338389e-04,0.00000000e+00,0.00000000e+00,7.65338389e-04,0
31,40,8.99637762e-04,0.00000000e+00,0.00000000e+00,8.99637762e-04,0
31,41,5.08975744e-04,0.00000000e+00,0.00000000e+00,-5.08975744e-04,0
31,42,4.25010007e-03,0.00000000e+00,0.00000000e+00,4.25010007e-03,0
31,43,5.02463386e-04,0.00000000e+00,0.00000000e+00,-5.02463386e-04,0
31,44,5.78417389e-03,0.00000000e+00,0.00000000e+00,5.78417389e-03,0
31,45,2.26515353e-03,0.00000000e+00,0.00000000e+00,-2.26515353e-03,0
31,46,6.86036688e-03,0.00000000e+00,0.00000000e+00,6.86036688e-03,0
31,47,7.66192557e-04,0.00000000e+00,0.00000000e+00,-7.66192557e-04,0
31,48,5.36734537e-03,0.00000000e+00,0.00000000e+00,5.36734537e-03,0
31,49,3.35938682e-04,0.00000000e+00,0.00000000e+00,3.35938682e-04,0
31,50,7.44757089e-04,0.00000000e+00,0.00000000e+00,7.44757089e-04,0
31,51,5.55746600e-03,0.00000000e+00,0.00000000e+00,5.55746600e-03,0
31,52,5.68266397e-03,0.00000000e+00,0.00000000e+00,-5.68266397e-03,0
31,53,4.40227094e-03,0.00000000e+00,0.00000000e+00,-4.40227094e-03,0
31,54,2.06639393e-03,0.00000000e+00,0.00000000e+00,2.06639393e-03,0
31,55,3.73065336e-03,0.00000000e+00,0.00000000e+00,3.73065336e-03,0
31,56,1.46953928e-04,0.00000000e+00,0.00000000e+00,1.46953928e-04,0
31,57,3.00823203e-03,0.00000000e+00,0.00000000e+00,-3.00823203e-03,0
31,58,6.38956715e-04,0.00000000e+00,0.00000000e+00,-6.38956715e-04,0
31,59,2.68252003e-03,0.00000000e+00,0.00000000e+00,2.68252003e-03,0
31,60,2.05248808e-03,0.00000000e+00,0.00000000e+00,2.05248808e-03,0
31,61,1.53795073e-03,0.00000000e+00,0.00000000e+00,-1.53795073e-03,0
31,62,2.95300514e-03,0.00000000e+00,0.00000000e+00,-2.95300514e-03,0
31,63,2.10394499e-04,0.00000000e+00,0.00000000e+00,-2.10394499e-04,0
32,0,2.29755516e-03,0.00000000e+00,0.00000000e+00,2.29755516e-03,0
32,1,3.62676860e-04,0.00000000e+00,0.00000000e+00,-3.62676860e-04,0
32,2,3.78400006e-03,0.00000000e+00,0.00000000e+00,-3.78400006e-03,0
32,3,1.30633446e-03,0.00000000e+00,0.00000000e+00,-1.30633446e-03,0
32,4,4.05834895e-03,0.00000000e+00,0.00000000e+00,4.05834895e-03,0
32,5,2.02876480e-03,0.00000000e+00,0.00000000e+00,2.02876480e-03,0
32,6,4.96049062e-03,0.00000000e+00,0.00000000e+00,-4.96049062e-03,0
32,7,5.23692521e-04,0.00000000e+00,0.00000000e+00,-5.23692521e-04,0
32,8,7.02434542e-03,0.00000000e+00,0.00000000e+00,7.02434542e-03,0
32,9,2.19092990e-03,0.00000000e+00,0.00000000e+00,-2.19092990e-03,0
32,10,9.34633656e-04,0.00000000e+00,0.00000000e+00,-9.34633656e-04,0
32,11,7.78862122e-03,0.00000000e+00,0.00000000e+00,7.78862122e-03,0
32,12,1.23441179e-02,0.00000000e+00,0.00000000e+00,-1.23441179e-02,0
32,13,1.01979453e-02,0.00000000e+00,0.00000000e+00,-1.01979453e-02,0
32,14,6.04154402e-03,0.00000000e+00,0.00000000e+00,6.04154402e-03,0
32,15,3.55908835e-03,0.00000000e+00,0.00000000e+00,-3.55908835e-03,0
32,16,3.88869093e-03,0.00000000e+00,0.00000000e+00,3.88869093e-03,0
32,17,7.66529973e-03,0.00000000e+00,0.00000000e+00,7.66529973e-03,0
32,18,5.07869540e-03,0.00000000e+00,0.00000000e+00,5.07869540e-03,0
32,19,7.88994277e-03,0.00000000e+00,0.00000000e+00,7.88994277e-03,0
32,20,1.27982445e-03,0.00000000e+00,0.00000000e+00,-1.27982445e-03,0
32,21,5.13488996e-03,0.00000000e+00,0.00000000e+00,5.13488996e-03,0
32,22,2.22189992e-03,0.00000000e+00,0.00000000e+00,2.22189992e-03,0
32,23,2.57352018e-03,0.00000000e+00,0.00000000e+00,2.57352018e-03,0
32,24,3.80528819e-03,0.00000000e+00,0.00000000e+00,3.80528819e-03,0
32,25,2.24870472e-03,0.00000000e+00,0.00000000e+00,-2.24870472e-03,0
32,26,6.17258969e-03,0.00000000e+00,0.00000000e+00,-6.17258969e-03,0
32,27,3.08673531e-03,0.00000000e+00,0.00000000e+00,-3.08673531e-03,0
32,28,1.21307021e-02,0.00000000e+00,0.00000000e+00,-1.21307021e-02,0
32,29,1.32191972e-02,0.00000000e+00,0.00000000e+00,1.32191972e-02,0
32,30,3.25278793e-03,0.00000000e+00,0.00000000e+00,-3.25278793e-03,0
32,31,6.54055113e-03,0.00000000e+00,0.00000000e+00,-6.54055113e-03,0
32,32,1.59053926e-02,0.00000000e+00,0.00000000e+00,1.59053926e-02,0
32,33,6.54055113e-03,0.00000000e+00,0.00000000e+00,-6.54055113e-03,0
32,34,3.25278793e-03,0.00000000e+00,0.00000000e+00,-3.25278793e-03,0
32,35,1.32191972e-02,0.00000000e+00,0.00000000e+00,1.32191972e-02,0
32,36,1.21307021e-02,0.00000000e+00,0.00000000e+00,-1.21307021e-02,0
32,37,3.08673531e-03,0.00000000e+00,0.00000000e+00,-3.08673531e-03,0
32,38,6.17258969e-03,0.00000000e+00,0.00000000e+00,-6.17258969e-03,0
32,39,2.24870472e-03,0.00000000e+00,0.00000000e+00,-2.24870472e-03,0
32,40,3.80528819e-03,0.00000000e+00,0.00000000e+00,3.80528819e-03,0
32,41,2.57352018e-03,0.00000000e+00,0.00000000e+00,2.57352018e-03,0
32,42,2.22189992e-03,0.00000000e+00,0.00000000e+00,2.22189992e-03,0
32,43,5.13488996e-03,0.00000000e+00,0.00000000e+00,5.13488996e-03,0
32,44,1.27982445e-03,0.00000000e+00,0.00000000e+00,-1.27982445e-03,0
32,45,7.88994277e-03,0.00000000e+00,0.00000000e+00,7.88994277e-03,0
32,46,5.07869540e-03,0.00000000e+00,0.00000000e+00,5.07869540e-03,0
32,47,7.66529973e-03,0.00000000e+00,0.00000000e+00,7.66529973e-03,0
32,48,3.88869093e-03,0.00000000e+00,0.00000000e+00,3.88869093e-03,0
32,49,3.55908835e-03,0.00000000e+00,0.00000000e+00,-3.55908835e-03,0
32,50,6.04154402e-03,0.00000000e+00,0.00000000e+00,6.04154402e-03,0
32,51,1.01979453e-02,0.00000000e+00,0.00000000e+00,-1.01979453e-02,0
32,52,1.23441179e-02,0.00000000e+00,0.00000000e+00,-1.23441179e-02,0
32,53,7.78862122e-03,0.00000000e+00,0.00000000e+00,7.78862122e-03,0
32,54,9.34633656e-04,0.00000000e+00,0.00000000e+00,-9.34633656e-04,0
32,55,2.19092990e-03,0.00000000e+00,0.00000000e+00,-2.19092990e-03,0
32,56,7.02434542e-03,0.00000000e+00,0.00000000e+00,7.02434542e-03,0
32,57,5.23692521e-04,0.00000000e+00,0.00000000e+00,-5.23692521e-04,0
32,58,4.96049062e-03,0.00000000e+00,0.00000000e+00,-4.96049062e-03,0
32,59,2.02876480e-03,0.00000000e+00,0.00000000e+00,2.02876480e-03,0
32,60,4.05834895e-03,0.00000000e+00,0.00000000e+00,4.05834895e-03,0
32,61,1.30633446e-03,0.00000000e+00,0.00000000e+00,-1.30633446e-03,0
32,62,3.78400006e-03,0.00000000e+00,0.00000000e+00,-3.78400006e-03,0
32,63,3.62676860e-04,0.00000000e+00,0.00000000e+00,-3.62676860e-04,0
33,0,1.93209703e-03,0.00000000e+00,0.00000000e+00,1.93209703e-03,0
33,1,2.10394499e-04,0.00000000e+00,0.00000000e+00,-2.10394499e-04,0
33,2,2.95300514e-03,0.00000000e+00,0.00000000e+00,-2.95300514e-03,0
33,3,1.53795073e-03,0.00000000e+00,0.00000000e+00,-1.53795073e-03,0
33,4,2.05248808e-03,0.00000000e+00,0.00000000e+00,2.05248808e-03,0
33,5,2.68252003e-03,0.00000000e+00,0.00000000e+00,2.68252003e-03,0
33,6,6.38956715e-04,0.00000000e+00,0.00000000e+00,-6.38956715e-04,0
33,7,3.00823203e-03,0.00000000e+00,0.00000000e+00,-3.00823203e-03,0
33,8,1.46953928e-04,0.00000000e+00,0.00000000e+00,1.46953928e-04,0
33,9,3.73065336e-03,0.00000000e+00,0.00000000e+00,3.73065336e-03,0
33,10,2.06639393e-03,0.00000000e+00,0.00000000e+00,2.06639393e-03,0
33,11,4.40227094e-03,0.00000000e+00,0.00000000e+00,-4.40227094e-03,0
33,12,5.68266397e-03,0.00000000e+00,0.00000000e+00,-5.68266397e-03,0
33,13,5.55746600e-03,0.00000000e+00,0.00000000e+00,5.55746600e-03,0
33,14,7.44757089e-04,0.00000000e+00,0.00000000e+00,7.44757089e-04,0
33,15,3.35938682e-04,0.00000000e+00,0.00000000e+00,3.35938682e-04,0
33,16,5.36734537e-03,0.00000000e+00,0.00000000e+00,5.36734537e-03,0
33,17,7.66192557e-04,0.00000000e+00,0.00000000e+00,-7.66192557e-04,0
33,18,6.86036688e-03,0.00000000e+00,0.00000000e+00,6.86036688e-03,0
33,19,2.26515353e-03,0.00000000e+00,0.00000000e+00,-2.26515353e-03,0
33,20,5.78417389e-03,0.00000000e+00,0.00000000e+00,5.78417389e-03,0
33,21,5.02463386e-04,0.00000000e+00,0.00000000e+00,-5.02463386e-04,0
33,22,4.25010007e-03,0.00000000e+00,0.00000000e+00,4.25010007e-03,0
33,23,5.08975744e-04,0.00000000e+00,0.00000000e+00,-5.08975744e-04,0
33,24,8.99637762e-04,0.00000000e+00,0.00000000e+00,8.99637762e-04,0
33,25,7.65338389e-04,0.00000000e+00,0.00000000e+00,7.65338389e-04,0
33,26,7.22538574e-03,0.00000000e+00,0.00000000e+00,-7.22538574e-03,0
33,27,2.46319996e-03,0.00000000e+00,0.00000000e+00,2.46319996e-03,0
33,28,1.31736250e-03,0.00000000e+00,0.00000000e+00,1.31736250e-03,0
33,29,1.14734975e-03,0.00000000e+00,0.00000000e+00,1.14734975e-03,0
33,30,3.99999692e-03,0.00000000e+00,0.00000000e+00,3.99999692e-03,0
33,31,2.11156160e-03,0.00000000e+00,0.00000000e+00,-2.11156160e-03,0
33,32,6.54055113e-03,0.00000000e+00,0.00000000e+00,-6.54055113e-03,0
33,33,2.11156160e-03,0.00000000e+00,0.00000000e+00,-2.11156160e-03,0
33,34,3.99999692e-03,0.00000000e+00,0.00000000e+00,3.99999692e-03,0
33,35,1.14734975e-03,0.00000000e+00,0.00000000e+00,1.14734975e-03,0
33,36,1.31736250e-03,0.00000000e+00,0.00000000e+00,1.31736250e-03,0
33,37,2.46319996e-03,0.00000000e+00,0.00000000e+00,2.46319996e-03,0
33,38,7.22538574e-03,0.00000000e+00,0.00000000e+00,-7.22538574e-03,0
33,39,7.65338389e-04,0.00000000e+00,0.00000000e+00,7.65338389e-04,0
33,40,8.99637762e-04,0.00000000e+00,0.00000000e+00,8.99637762e-04,0
33,41,5.08975744e-04,0.00000000e+00,0.00000000e+00,-5.08975744e-04,0
33,42,4.25010007e-03,0.00000000e+00,0.00000000e+00,4.25010007e-03,0
33,43,5.02463386e-04,0.00000000e+00,0.00000000e+00,-5.02463386e-04,0
33,44,5.78417389e-03,0.00000000e+00,0.00000000e+00,5.78417389e-03,0
33,45,2.26515353e-03,0.00000000e+00,0.00000000e+00,-2.26515353e-03,0
33,46,6.86036688e-03,0.00000000e+00,0.00000000e+00,6.86036688e-03,0
33,47,7.66192557e-04,0.00000000e+00,0.00000000e+00,-7.66192557e-04,0
33,48,5.36734537e-03,0.00000000e+00,0.00000000e+00,5.36734537e-03,0
33,49,3.35938682e-04,0.00000000e+00,0.00000000e+00,3.35938682e-04,0
33,50,7.44757089e-04,0.00000000e+00,0.00000000e+00,7.44757089e-04,0
33,51,5.55746600e-03,0.00000000e+00,0.00000000e+00,5.55746600e-03,0
33,52,5.68266397e-03,0.00000000e+00,0.00000000e+00,-5.68266397e-03,0
33,53,4.40227094e-03,0.00000000e+00,0.00000000e+00,-4.40227094e-03,0
33,54,2.06639393e-03,0.00000000e+00,0.00000000e+00,2.06639393e-03,0
33,55,3.73065336e-03,0.00000000e+00,0.00000000e+00,3.73065336e-03,0
33,56,1.46953928e-04,0.00000000e+00,0.00000000e+00,1.46953928e-04,0
33,57,3.00823203e-03,0.00000000e+00,0.00000000e+00,-3.00823203e-03,0
33,58,6.38956715e-04,0.00000000e+00,0.00000000e+00,-6.38956715e-04,0
33,59,2.68252003e-03,0.00000000e+00,0.00000000e+00,2.68252003e-03,0
33,60,2.05248808e-03,0.00000000e+00,0.00000000e+00,2.05248808e-03,0
33,61,1.53795073e-03,0.00000000e+00,0.00000000e+00,-1.53795073e-03,0
33,62,2.95300514e-03,0.00000000e+00,0.00000000e+00,-2.95300514e-03,0
33,63,2.10394499e-04,0.00000000e+00,0.00000000e+00,-2.10394499e-04,0
34,0,8.94293119e-04,0.00000000e+00,0.00000000e+00,8.94293119e-04,0
34,1,9.20510191e-05,0.00000000e+00,0.00000000e+00,-9.20510191e-05,0
34,2,8.37041456e-04,0.00000000e+00,0.00000000e+00,-8.37041456e-04,0
34,3,6.47532789e-04,0.00000000e+00,0.00000000e+00,-6.47532789e-04,0
34,4,2.25878384e-03,0.00000000e+00,0.00000000e+00,-2.25878384e-03,0
34,5,8.14701974e-04,0.00000000e+00,0.00000000e+00,-8.14701974e-04,0
34,6,6.81897987e-03,0.00000000e+00,0.00000000e+00,6.81897987e-03,0
34,7,3.34964324e-03,0.00000000e+00,0.00000000e+00,3.34964324e-03,0
34,8,9.43704987e-03,0.00000000e+00,0.00000000e+00,-9.43704987e-03,0
34,9,1.09913478e-03,0.00000000e+00,0.00000000e+00,-1.09913478e-03,0
34,10,1.79113726e-03,0.00000000e+00,0.00000000e+00,1.79113726e-03,0
34,11,1.13096655e-02,0.00000000e+00,0.00000000e+00,-1.13096655e-02,0
34,12,1.64108628e-02,0.00000000e+00,0.00000000e+00,1.64108628e-02,0
34,13,1.32678289e-02,0.00000000e+00,0.00000000e+00,1.32678289e-02,0
34,14,9.51584148e-03,0.00000000e+00,0.00000000e+00,-9.51584148e-03,0
34,15,1.26627816e-02,0.00000000e+00,0.00000000e+00,1.26627816e-02,0
34,16,1.09153632e-02,0.00000000e+00,0.00000000e+00,-1.09153632e-02,0
34,17,3.61942089e-03,0.00000000e+00,0.00000000e+00,3.61942089e-03,0
34,18,1.01762069e-02,0.00000000e+00,0.00000000e+00,-1.01762069e-02,0
34,19,1.57907837e-03,0.00000000e+00,0.00000000e+00,1.57907837e-03,0
34,20,3.58544167e-03,0.00000000e+00,0.00000000e+00,-3.58544167e-03,0
34,21,4.71727891e-03,0.00000000e+00,0.00000000e+00,4.71727891e-03,0
34,22,7.50688443e-03,0.00000000e+00,0.00000000e+00,-7.50688443e-03,0
34,23,7.37402440e-03,0.00000000e+00,0.00000000e+00,7.37402440e-03,0
34,24,7.53446828e-03,0.00000000e+00,0.00000000e+00,-7.53446828e-03,0
34,25,3.15986958e-03,0.00000000e+00,0.00000000e+00,3.15986958e-03,0
34,26,6.10363075e-03,0.00000000e+00,0.00000000e+00,6.10363075e-03,0
34,27,4.92666648e-03,0.00000000e+00,0.00000000e+00,-4.92666648e-03,0
34,28,8.83291108e-03,0.00000000e+00,0.00000000e+00,8.83291108e-03,0
34,29,8.39200957e-03,0.00000000e+00,0.00000000e+00,-8.39200957e-03,0
34,30,7.48875115e-05,0.00000000e+00,0.00000000e+00,-7.48875115e-05,0
34,31,3.99999692e-03,0.00000000e+00,0.00000000e+00,3.99999692e-03,0
34,32,3.25278793e-03,0.00000000e+00,0.00000000e+00,-3.25278793e-03,0
34,33,3.99999692e-03,0.00000000e+00,0.00000000e+00,3.99999692e-03,0
34,34,7.48875115e-05,0.00000000e+00,0.00000000e+00,-7.48875115e-05,0
34,35,8.39200957e-03,0.00000000e+00,0.00000000e+00,-8.39200957e-03,0
34,36,8.83291108e-03,0.00000000e+00,0.00000000e+00,8.83291108e-03,0
34,37,4.92666648e-03,0.00000000e+00,0.00000000e+00,-4.92666648e-03,0
34,38,6.10363075e-03,0.00000000e+00,0.00000000e+00,6.10363075e-03,0
34,39,3.15986958e-03,0.00000000e+00,0.00000000e+00,3.15986958e-03,0
34,40,7.53446828e-03,0.00000000e+00,0.00000000e+00,-7.53446828e-03,0
34,41,7.37402440e-03,0.00000000e+00,0.00000000e+00,7.37402440e-03,0
34,42,7.50688443e-03,0.00000000e+00,0.00000000e+00,-7.50688443e-03,0
34,43,4.71727891e-03,0.00000000e+00,0.00000000e+00,4.71727891e-03,0
34,44,3.58544167e-03,0.00000000e+00,0.00000000e+00,-3.58544167e-03,0
34,45,1.57907837e-03,0.00000000e+00,0.00000000e+00,1.57907837e-03,0
34,46,1.01762069e-02,0.00000000e+00,0.00000000e+00,-1.01762069e-02,0
34,47,3.61942089e-03,0.00000000e+00,0.00000000e+00,3.61942089e-03,0
34,48,1.09153632e-02,0.00000000e+00,0.00000000e+00,-1.09153632e-02,0
34,49,1.26627816e-02,0.00000000e+00,0.00000000e+00,1.26627816e-02,0
34,50,9.51584148e-03,0.00000000e+00,0.00000000e+00,-9.51584148e-03,0
34,51,1.32678289e-02,0.00000000e+00,0.00000000e+00,1.32678289e-02,0
34,52,1.64108628e-02,0.00000000e+00,0.00000000e+00,1.64108628e-02,0
34,53,1.13096655e-02,0.00000000e+00,0.00000000e+00,-1.13096655e-02,0
34,54,1.79113726e-03,0.00000000e+00,0.00000000e+00,1.79113726e-03,0
34,55,1.09913478e-03,0.00000000e+00,0.00000000e+00,-1.09913478e-03,0
34,56,9.43704987e-03,0.00000000e+00,0.00000000e+00,-9.43704987e-03,0
34,57,3.34964324e-03,0.00000000e+00,0.00000000e+00,3.34964324e-03,0
34,58,6.81897987e-03,0.00000000e+00,0.00000000e+00,6.81897987e-03,0
34,59,8.14701974e-04,0.00000000e+00,0.00000000e+00,-8.14701974e-04,0
34,60,2.25878384e-03,0.00000000e+00,0.00000000e+00,-2.25878384e-03,0
34,61,6.47532789e-04,0.00000000e+00,0.00000000e+00,-6.47532789e-04,0
34,62,8.37041456e-04,0.00000000e+00,0.00000000e+00,-8.37041456e-04,0
34,63,9.20510191e-05,0.00000000e+00,0.00000000e+00,-9.20510191e-05,0
35,0,2.73332323e-04,0.00000000e+00,0.00000000e+00,-2.73332323e-04,0
35,1,2.88480728e-04,0.00000000e+00,0.00000000e+00,-2.88480728e-04,0
35,2,7.83232946e-04,0.00000000e+00,0.00000000e+00,7.83232946e-04,0
35,3,1.33312607e-03,0.00000000e+00,0.00000000e+00,1.33312607e-03,0
35,4,2.49459392e-03,0.00000000e+00,0.00000000e+00,-2.49459392e-03,0
35,5,5.15588691e-03,0.00000000e+00,0.00000000e+00,-5.15588691e-03,0
35,6,6.65727322e-04,0.00000000e+00,0.00000000e+00,6.65727322e-04,0
35,7,8.12170253e-03,0.00000000e+00,0.00000000e+00,8.12170253e-03,0
35,8,6.99512232e-03,0.00000000e+00,0.00000000e+00,6.99512232e-03,0
35,9,8.55461690e-03,0.00000000e+00,0.00000000e+00,-8.55461690e-03,0
35,10,1.56003264e-02,0.00000000e+00,0.00000000e+00,-1.56003264e-02,0
35,11,1.18404633e-02,0.00000000e+00,0.00000000e+00,1.18404633e-02,0
35,12,8.91930205e-03,0.00000000e+00,0.00000000e+00,8.91930205e-03,0
35,13,1.17899974e-02,0.00000000e+00,0.00000000e+00,-1.17899974e-02,0
35,14,1.02458380e-02,0.00000000e+00,0.00000000e+00,1.02458380e-02,0
35,15,6.38718553e-03,0.00000000e+00,0.00000000e+00,-6.38718553e-03,0
35,16,1.56219280e-04,0.00000000e+00,0.00000000e+00,-1.56219280e-04,0
35,17,2.71208418e-04,0.00000000e+00,0.00000000e+00,-2.71208418e-04,0
35,18,7.37993886e-03,0.00000000e+00,0.00000000e+00,-7.37993886e-03,0
35,19,4.71563304e-03,0.00000000e+00,0.00000000e+00,4.71563304e-03,0
35,20,5.85312433e-03,0.00000000e+00,0.00000000e+00,-5.85312433e-03,0
35,21,2.98161732e-03,0.00000000e+00,0.00000000e+00,2.98161732e-03,0
35,22,3.44054182e-03,0.00000000e+00,0.00000000e+00,-3.44054182e-03,0
35,23,6.75752987e-04,0.00000000e+00,0.00000000e+00,-6.75752987e-04,0
35,24,7.24131938e-03,0.00000000e+00,0.00000000e+00,-7.24131938e-03,0
35,25,4.43881782e-03,0.00000000e+00,0.00000000e+00,-4.43881782e-03,0
35,26,8.60706263e-04,0.00000000e+00,0.00000000e+00,8.60706263e-04,0
35,27,3.24063252e-03,0.00000000e+00,0.00000000e+00,-3.24063252e-03,0
35,28,8.39600684e-03,0.00000000e+00,0.00000000e+00,8.39600684e-03,0
35,29,2.37727616e-04,0.00000000e+00,0.00000000e+00,-2.37727616e-04,0
35,30,8.39200957e-03,0.00000000e+00,0.00000000e+00,-8.39200957e-03,0
35,31,1.14734975e-03,0.00000000e+00,0.00000000e+00,1.14734975e-03,0
35,32,1.32191972e-02,0.00000000e+00,0.00000000e+00,1.32191972e-02,0
35,33,1.14734975e-03,0.00000000e+00,0.00000000e+00,1.14734975e-03,0
35,34,8.39200957e-03,0.00000000e+00,0.00000000e+00,-8.39200957e-03,0
35,35,2.37727616e-04,0.00000000e+00,0.00000000e+00,-2.37727616e-04,0
35,36,8.39600684e-03,0.00000000e+00,0.00000000e+00,8.39600684e-03,0
35,37,3.24063252e-03,0.00000000e+00,0.00000000e+00,-3.24063252e-03,0
35,38,8.60706263e-04,0.00000000e+00,0.00000000e+00,8.60706263e-04,0
35,39,4.43881782e-03,0.00000000e+00,0.00000000e+00,-4.43881782e-03,0
35,40,7.24131938e-03,0.00000000e+00,0.00000000e+00,-7.24131938e-03,0
35,41,6.75752987e-04,0.00000000e+00,0.00000000e+00,-6.75752987e-04,0
35,42,3.44054182e-03,0.00000000e+00,0.00000000e+00,-3.44054182e-03,0
35,43,2.98161732e-03,0.00000000e+00,0.00000000e+00,2.98161732e-03,0
35,44,5.85312433e-03,0.00000000e+00,0.00000000e+00,-5.85312433e-03,0
35,45,4.71563304e-03,0.00000000e+00,0.00000000e+00,4.71563304e-03,0
35,46,7.37993886e-03,0.00000000e+00,0.00000000e+00,-7.37993886e-03,0
35,47,2.71208418e-04,0.00000000e+00,0.00000000e+00,-2.71208418e-04,0
35,48,1.56219280e-04,0.00000000e+00,0.00000000e+00,-1.56219280e-04,0
35,49,6.38718553e-03,0.00000000e+00,0.00000000e+00,-6.38718553e-03,0
35,50,1.02458380e-02,0.00000000e+00,0.00000000e+00,1.02458380e-02,0
35,51,1.17899974e-02,0.00000000e+00,0.00000000e+00,-1.17899974e-02,0
35,52,8.91930205e-03,0.00000000e+00,0.00000000e+00,8.91930205e-03,0
35,53,1.18404633e-02,0.00000000e+00,0.00000000e+00,1.18404633e-02,0
35,54,1.56003264e-02,0.00000000e+00,0.00000000e+00,-1.56003264e-02,0
35,55,8.55461690e-03,0.00000000e+00,0.00000000e+00,-8.55461690e-03,0
35,56,6.99512232e-03,0.00000000e+00,0.00000000e+00,6.99512232e-03,0
35,57,8.12170253e-03,0.00000000e+00,0.00000000e+00,8.12170253e-03,0
35,58,6.65727322e-04,0.00000000e+00,0.00000000e+00,6.65727322e-04,0
35,59,5.15588691e-03,0.00000000e+00,0.00000000e+00,-5.15588691e-03,0
35,60,2.49459392e-03,0.00000000e+00,0.00000000e+00,-2.49459392e-03,0
35,61,1.33312607e-03,0.00000000e+00,0.00000000e+00,1.33312607e-03,0
35,62,7.83232946e-04,0.00000000e+00,0.00000000e+00,7.83232946e-04,0
35,63,2.88480728e-04,0.00000000e+00,0.00000000e+00,-2.88480728e-04,0
36,0,1.18540274e-03,0.00000000e+00,0.00000000e+00,-1.18540274e-03,0
36,1,6.06545271e-04,0.00000000e+00,0.00000000e+00,-6.06545271e-04,0
36,2,1.61817158e-03,0.00000000e+00,0.00000000e+00,1.61817158e-03,0
36,3,2.64071184e-03,0.00000000e+00,0.00000000e+00,2.64071184e-03,0
36,4,2.13560336e-03,0.00000000e+00,0.00000000e+00,-2.13560336e-03,0
36,5,5.65539876e-03,0.00000000e+00,0.00000000e+00,-5.65539876e-03,0
36,6,1.53117781e-03,0.00000000e+00,0.00000000e+00,1.53117781e-03,0
36,7,5.70531054e-03,0.00000000e+00,0.00000000e+00,5.70531054e-03,0
36,8,4.87723921e-03,0.00000000e+00,0.00000000e+00,-4.87723921e-03,0
36,9,5.52380903e-03,0.00000000e+00,0.00000000e+00,-5.52380903e-03,0
36,10,1.20612796e-02,0.00000000e+00,0.00000000e+00,1.20612796e-02,0
36,11,6.78597468e-03,0.00000000e+00,0.00000000e+00,6.78597468e-03,0
36,12,1.17502229e-02,0.00000000e+00,0.00000000e+00,-1.17502229e-02,0
36,13,2.15868280e-03,0.00000000e+00,0.00000000e+00,2.15868280e-03,0
36,14,1.92571078e-03,0.00000000e+00,0.00000000e+00,-1.92571078e-03,0
36,15,8.80066120e-03,0.00000000e+00,0.00000000e+00,-8.80066120e-03,0
36,16,6.66168783e-03,0.00000000e+00,0.00000000e+00,6.66168783e-03,0
36,17,1.04112088e-02,0.00000000e+00,0.00000000e+00,-1.04112088e-02,0
36,18,6.35462610e-03,0.00000000e+00,0.00000000e+00,6.35462610e-03,0
36,19,6.94778293e-03,0.00000000e+00,0.00000000e+00,-6.94778293e-03,0
36,20,4.23019559e-03,0.00000000e+00,0.00000000e+00,4.23019559e-03,0
36,21,5.18434716e-03,0.00000000e+00,0.00000000e+00,-5.18434716e-03,0
36,22,5.28337818e-03,0.00000000e+00,0.00000000e+00,5.28337818e-03,0
36,23,1.28746815e-02,0.00000000e+00,0.00000000e+00,-1.28746815e-02,0
36,24,1.05221440e-02,0.00000000e+00,0.00000000e+00,1.05221440e-02,0
36,25,1.20025950e-02,0.00000000e+00,0.00000000e+00,-1.20025950e-02,0
36,26,1.97783285e-03,0.00000000e+00,0.00000000e+00,1.97783285e-03,0
36,27,2.86592680e-03,0.00000000e+00,0.00000000e+00,2.86592680e-03,0
36,28,1.68207252e-02,0.00000000e+00,0.00000000e+00,-1.68207252e-02,0
36,29,8.39600684e-03,0.00000000e+00,0.00000000e+00,8.39600684e-03,0
36,30,8.83291108e-03,0.00000000e+00,0.00000000e+00,8.83291108e-03,0
36,31,1.31736250e-03,0.00000000e+00,0.00000000e+00,1.31736250e-03,0
36,32,1.21307021e-02,0.00000000e+00,0.00000000e+00,-1.21307021e-02,0
36,33,1.31736250e-03,0.00000000e+00,0.00000000e+00,1.31736250e-03,0
36,34,8.83291108e-03,0.00000000e+00,0.00000000e+00,8.83291108e-03,0
36,35,8.39600684e-03,0.00000000e+00,0.00000000e+00,8.39600684e-03,0
36,36,1.68207252e-02,0.00000000e+00,0.00000000e+00,-1.68207252e-02,0
36,37,2.86592680e-03,0.00000000e+00,0.00000000e+00,2.86592680e-03,0
36,38,1.97783285e-03,0.00000000e+00,0.00000000e+00,1.97783285e-03,0
36,39,1.20025950e-02,0.00000000e+00,0.00000000e+00,-1.20025950e-02,0
36,40,1.05221440e-02,0.00000000e+00,0.00000000e+00,1.05221440e-02,0
36,41,1.28746815e-02,0.00000000e+00,0.00000000e+00,-1.28746815e-02,0
36,42,5.28337818e-03,0.00000000e+00,0.00000000e+00,5.28337818e-03,0
36,43,5.18434716e-03,0.00000000e+00,0.00000000e+00,-5.18434716e-03,0
36,44,4.23019559e-03,0.00000000e+00,0.00000000e+00,4.23019559e-03,0
36,45,6.94778293e-03,0.00000000e+00,0.00000000e+00,-6.94778293e-03,0
36,46,6.35462610e-03,0.00000000e+00,0.00000000e+00,6.35462610e-03,0
36,47,1.04112088e-02,0.00000000e+00,0.00000000e+00,-1.04112088e-02,0
36,48,6.66168783e-03,0.00000000e+00,0.00000000e+00,6.66168783e-03,0
36,49,8.80066120e-03,0.00000000e+00,0.00000000e+00,-8.80066120e-03,0
36,50,1.92571078e-03,0.00000000e+00,0.00000000e+00,-1.92571078e-03,0
36,51,2.15868280e-03,0.00000000e+00,0.00000000e+00,2.15868280e-03,0
36,52,1.17502229e-02,0.00000000e+00,0.00000000e+00,-1.17502229e-02,0
36,53,6.78597468e-03,0.00000000e+00,0.00000000e+00,6.78597468e-03,0
36,54,1.20612796e-02,0.00000000e+00,0.00000000e+00,1.20612796e-02,0
36,55,5.52380903e-03,0.00000000e+00,0.00000000e+00,-5.52380903e-03,0
36,56,4.87723921e-03,0.00000000e+00,0.00000000e+00,-4.87723921e-03,0
36,57,5.70531054e-03,0.00000000e+00,0.00000000e+00,5.70531054e-03,0
36,58,1.53117781e-03,0.00000000e+00,0.00000000e+00,1.53117781e-03,0
36,59,5.65539876e-03,0.00000000e+00,0.00000000e+00,-5.65539876e-03,0
36,60,2.13560336e-03,0.00000000e+00,0.00000000e+00,-2.13560336e-03,0
36,61,2.64071184e-03,0.00000000e+00,0.00000000e+00,2.64071184e-03,0
36,62,1.61817158e-03,0.00000000e+00,0.00000000e+00,1.61817158e-03,0
36,63,6.06545271e-04,0.00000000e+00,0.00000000e+00,-6.06545271e-04,0
37,0,1.49383582e-03,0.00000000e+00,0.00000000e+00,-1.49383582e-03,0
37,1,8.53210938e-04,0.00000000e+00,0.00000000e+00,-8.53210938e-04,0
37,2,1.16203264e-03,0.00000000e+00,0.00000000e+00,1.16203264e-03,0
37,3,2.60654458e-03,0.00000000e+00,0.00000000e+00,2.60654458e-03,0
37,4,6.69953361e-04,0.00000000e+00,0.00000000e+00,6.69953361e-04,0
37,5,2.19646996e-03,0.00000000e+00,0.00000000e+00,-2.19646996e-03,0
37,6,2.99885093e-03,0.00000000e+00,0.00000000e+00,-2.99885093e-03,0
37,7,2.76077389e-03,0.00000000e+00,0.00000000e+00,-2.76077389e-03,0
37,8,1.45125631e-03,0.00000000e+00,0.00000000e+00,1.45125631e-03,0
37,9,5.83347822e-03,0.00000000e+00,0.00000000e+00,5.83347822e-03,0
37,10,8.91178373e-04,0.00000000e+00,0.00000000e+00,8.91178373e-04,0
37,11,3.56727862e-03,0.00000000e+00,0.00000000e+00,-3.56727862e-03,0
37,12,1.75493901e-03,0.00000000e+00,0.00000000e+00,1.75493901e-03,0
37,13,3.34051979e-04,0.00000000e+00,0.00000000e+00,3.34051979e-04,0
37,14,8.37521056e-03,0.00000000e+00,0.00000000e+00,-8.37521056e-03,0
37,15,6.50180760e-03,0.00000000e+00,0.00000000e+00,6.50180760e-03,0
37,16,4.15383809e-03,0.00000000e+00,0.00000000e+00,-4.15383809e-03,0
37,17,9.83580853e-04,0.00000000e+00,0.00000000e+00,9.83580853e-04,0
37,18,2.90344005e-03,0.00000000e+00,0.00000000e+00,2.90344005e-03,0
37,19,1.40400721e-03,0.00000000e+00,0.00000000e+00,-1.40400721e-03,0
37,20,5.81647442e-03,0.00000000e+00,0.00000000e+00,5.81647442e-03,0
37,21,4.57530532e-03,0.00000000e+00,0.00000000e+00,-4.57530532e-03,0
37,22,1.53127619e-03,0.00000000e+00,0.00000000e+00,-1.53127619e-03,0
37,23,4.09166774e-03,0.00000000e+00,0.00000000e+00,4.09166774e-03,0
37,24,8.75999976e-04,0.00000000e+00,0.00000000e+00,-8.75999976e-04,0
37,25,1.57057569e-03,0.00000000e+00,0.00000000e+00,1.57057569e-03,0
37,26,4.51580654e-03,0.00000000e+00,0.00000000e+00,-4.51580654e-03,0
37,27,7.12518070e-04,0.00000000e+00,0.00000000e+00,7.12518070e-04,0
37,28,2.86592680e-03,0.00000000e+00,0.00000000e+00,2.86592680e-03,0
37,29,3.24063252e-03,0.00000000e+00,0.00000000e+00,-3.24063252e-03,0
37,30,4.92666648e-03,0.00000000e+00,0.00000000e+00,-4.92666648e-03,0
37,31,2.46319996e-03,0.00000000e+00,0.00000000e+00,2.46319996e-03,0
37,32,3.08673531e-03,0.00000000e+00,0.00000000e+00,-3.08673531e-03,0
37,33,2.46319996e-03,0.00000000e+00,0.00000000e+00,2.46319996e-03,0
37,34,4.92666648e-03,0.00000000e+00,0.00000000e+00,-4.92666648e-03,0
37,35,3.24063252e-03,0.00000000e+00,0.00000000e+00,-3.24063252e-03,0
37,36,2.86592680e-03,0.00000000e+00,0.00000000e+00,2.86592680e-03,0
37,37,7.12518070e-04,0.00000000e+00,0.00000000e+00,7.12518070e-04,0
37,38,4.51580654e-03,0.00000000e+00,0.00000000e+00,-4.51580654e-03,0
37,39,1.57057569e-03,0.00000000e+00,0.00000000e+00,1.57057569e-03,0
37,40,8.75999976e-04,0.00000000e+00,0.00000000e+00,-8.75999976e-04,0
37,41,4.09166774e-03,0.00000000e+00,0.00000000e+00,4.09166774e-03,0
37,42,1.53127619e-03,0.00000000e+00,0.00000000e+00,-1.53127619e-03,0
37,43,4.57530532e-03,0.00000000e+00,0.00000000e+00,-4.57530532e-03,0
37,44,5.81647442e-03,0.00000000e+00,0.00000000e+00,5.81647442e-03,0
37,45,1.40400721e-03,0.00000000e+00,0.00000000e+00,-1.40400721e-03,0
37,46,2.90344005e-03,0.00000000e+00,0.00000000e+00,2.90344005e-03,0
37,47,9.83580853e-04,0.00000000e+00,0.00000000e+00,9.83580853e-04,0
37,48,4.15383809e-03,0.00000000e+00,0.00000000e+00,-4.15383809e-03,0
37,49,6.50180760e-03,0.00000000e+00,0.00000000e+00,6.50180760e-03,0
37,50,8.37521056e-03,0.00000000e+00,0.00000000e+00,-8.37521056e-03,0
37,51,3.34051979e-04,0.00000000e+00,0.00000000e+00,3.34051979e-04,0
37,52,1.75493901e-03,0.00000000e+00,0.00000000e+00,1.75493901e-03,0
37,53,3.56727862e-03,0.00000000e+00,0.00000000e+00,-3.56727862e-03,0
37,54,8.91178373e-04,0.00000000e+00,0.00000000e+00,8.91178373e-04,0
37,55,5.83347822e-03,0.00000000e+00,0.00000000e+00,5.83347822e-03,0
37,56,1.45125631e-03,0.00000000e+00,0.00000000e+00,1.45125631e-03,0
37,57,2.76077389e-03,0.00000000e+00,0.00000000e+00,-2.76077389e-03,0
37,58,2.99885093e-03,0.00000000e+00,0.00000000e+00,-2.99885093e-03,0
37,59,2.19646996e-03,0.00000000e+00,0.00000000e+00,-2.19646996e-03,0
37,60,6.69953361e-04,0.00000000e+00,0.00000000e+00,6.69953361e-04,0
37,61,2.60654458e-03,0.00000000e+00,0.00000000e+00,2.60654458e-03,0
37,62,1.16203264e-03,0.00000000e+00,0.00000000e+00,1.16203264e-03,0
37,63,8.53210938e-04,0.00000000e+00,0.00000000e+00,-8.53210938e-04,0
38,0,1.44276134e-03,0.00000000e+00,0.00000000e+00,-1.44276134e-03,0
38,1,8.54904169e-04,0.00000000e+00,0.00000000e+00,-8.54904169e-04,0
38,2,5.84869451e-04,0.00000000e+00,0.00000000e+00,5.84869451e-04,0
38,3,1.52449797e-03,0.00000000e+00,0.00000000e+00,1.52449797e-03,0
38,4,1.05858564e-03,0.00000000e+00,0.00000000e+00,1.05858564e-03,0
38,5,8.52327944e-04,0.00000000e+00,0.00000000e+00,8.52327944e-04,0
38,6,2.44754721e-04,0.00000000e+00,0.00000000e+00,2.44754721e-04,0
38,7,3.15846397e-03,0.00000000e+00,0.00000000e+00,-3.15846397e-03,0
38,8,3.29917384e-03,0.00000000e+00,0.00000000e+00,-3.29917384e-03,0
38,9,6.67297980e-04,0.00000000e+00,0.00000000e+00,-6.67297980e-04,0
38,10,5.96579815e-04,0.00000000e+00,0.00000000e+00,5.96579815e-04,0
38,11,7.61253592e-03,0.00000000e+00,0.00000000e+00,7.61253592e-03,0
38,12,1.97426299e-03,0.00000000e+00,0.00000000e+00,-1.97426299e-03,0
38,13,8.18582878e-03,0.00000000e+00,0.00000000e+00,-8.18582878e-03,0
38,14,7.14282479e-03,0.00000000e+00,0.00000000e+00,7.14282479e-03,0
38,15,7.80957874e-03,0.00000000e+00,0.00000000e+00,-7.80957874e-03,0
38,16,3.05302122e-03,0.00000000e+00,0.00000000e+00,3.05302122e-03,0
38,17,1.63384591e-03,0.00000000e+00,0.00000000e+00,-1.63384591e-03,0
38,18,1.89838002e-03,0.00000000e+00,0.00000000e+00,1.89838002e-03,0
38,19,3.64180127e-03,0.00000000e+00,0.00000000e+00,3.64180127e-03,0
38,20,2.36317045e-03,0.00000000e+00,0.00000000e+00,-2.36317045e-03,0
38,21,1.25925936e-03,0.00000000e+00,0.00000000e+00,-1.25925936e-03,0
38,22,3.89287884e-03,0.00000000e+00,0.00000000e+00,3.89287884e-03,0
38,23,5.99767935e-04,0.00000000e+00,0.00000000e+00,5.99767935e-04,0
38,24,3.27429858e-03,0.00000000e+00,0.00000000e+00,-3.27429858e-03,0
38,25,6.34803363e-03,0.00000000e+00,0.00000000e+00,-6.34803363e-03,0
38,26,1.67886718e-03,0.00000000e+00,0.00000000e+00,1.67886718e-03,0
38,27,4.51580654e-03,0.00000000e+00,0.00000000e+00,-4.51580654e-03,0
38,28,1.97783285e-03,0.00000000e+00,0.00000000e+00,1.97783285e-03,0
38,29,8.60706263e-04,0.00000000e+00,0.00000000e+00,8.60706263e-04,0
38,30,6.10363075e-03,0.00000000e+00,0.00000000e+00,6.10363075e-03,0
38,31,7.22538574e-03,0.00000000e+00,0.00000000e+00,-7.22538574e-03,0
38,32,6.17258969e-03,0.00000000e+00,0.00000000e+00,-6.17258969e-03,0
38,33,7.22538574e-03,0.00000000e+00,0.00000000e+00,-7.22538574e-03,0
38,34,6.10363075e-03,0.00000000e+00,0.00000000e+00,6.10363075e-03,0
38,35,8.60706263e-04,0.00000000e+00,0.00000000e+00,8.60706263e-04,0
38,36,1.97783285e-03,0.00000000e+00,0.00000000e+00,1.97783285e-03,0
38,37,4.51580654e-03,0.00000000e+00,0.00000000e+00,-4.51580654e-03,0
38,38,1.67886718e-03,0.00000000e+00,0.00000000e+00,1.67886718e-03,0
38,39,6.34803363e-03,0.00000000e+00,0.00000000e+00,-6.34803363e-03,0
38,40,3.27429858e-03,0.00000000e+00,0.00000000e+00,-3.27429858e-03,0
38,41,5.99767935e-04,0.00000000e+00,0.00000000e+00,5.99767935e-04,0
38,42,3.89287884e-03,0.00000000e+00,0.00000000e+00,3.89287884e-03,0
38,43,1.25925936e-03,0.00000000e+00,0.00000000e+00,-1.25925936e-03,0
38,44,2.36317045e-03,0.00000000e+00,0.00000000e+00,-2.36317045e-03,0
38,45,3.64180127e-03,0.00000000e+00,0.00000000e+00,3.64180127e-03,0
38,46,1.89838002e-03,0.00000000e+00,0.00000000e+00,1.89838002e-03,0
38,47,1.63384591e-03,0.00000000e+00,0.00000000e+00,-1.63384591e-03,0
38,48,3.05302122e-03,0.00000000e+00,0.00000000e+00,3.05302122e-03,0
38,49,7.80957874e-03,0.00000000e+00,0.00000000e+00,-7.80957874e-03,0
38,50,7.14282479e-03,0.00000000e+00,0.00000000e+00,7.14282479e-03,0
38,51,8.18582878e-03,0.00000000e+00,0.00000000e+00,-8.18582878e-03,0
38,52,1.97426299e-03,0.00000000e+00,0.00000000e+00,-1.97426299e-03,0
38,53,7.61253592e-03,0.00000000e+00,0.00000000e+00,7.61253592e-03,0
38,54,5.96579815e-04,0.00000000e+00,0.00000000e+00,5.96579815e-04,0
38,55,6.67297980e-04,0.00000000e+00,0.00000000e+00,-6.67297980e-04,0
38,56,3.29917384e-03,0.00000000e+00,0.00000000e+00,-3.29917384e-03,0
38,57,3.15846397e-03,0.00000000e+00,0.00000000e+00,-3.15846397e-03,0
38,58,2.44754721e-04,0.00000000e+00,0.00000000e+00,2.44754721e-04,0
38,59,8.52327944e-04,0.00000000e+00,0.00000000e+00,8.52327944e-04,0
38,60,1.05858564e-03,0.00000000e+00,0.00000000e+00,1.05858564e-03,0
38,61,1.52449797e-03,0.00000000e+00,0.00000000e+00,1.52449797e-03,0
38,62,5.84869451e-04,0.00000000e+00,0.00000000e+00,5.84869451e-04,0
38,63,8.54904169e-04,0.00000000e+00,0.00000000e+00,-8.54904169e-04,0
39,0,1.23858077e-03,0.00000000e+00,0.00000000e+00,-1.23858077e-03,0
39,1,7.71335290e-04,0.00000000e+00,0.00000000e+00,-7.71335290e-04,0
39,2,9.67454798e-06,0.00000000e+00,0.00000000e+00,9.67454798e-06,0
39,3,6.26861694e-04,0.00000000e+00,0.00000000e+00,6.26861694e-04,0
39,4,1.23053951e-03,0.00000000e+00,0.00000000e+00,1.23053951e-03,0
39,5,1.39473306e-03,0.00000000e+00,0.00000000e+00,1.39473306e-03,0
39,6,1.20253402e-03,0.00000000e+00,0.00000000e+00,1.20253402e-03,0
39,7,2.39982364e-04,0.00000000e+00,0.00000000e+00,-2.39982364e-04,0
39,8,3.81678311e-03,0.00000000e+00,0.00000000e+00,-3.81678311e-03,0
39,9,1.42568474e-04,0.00000000e+00,0.00000000e+00,-1.42568474e-04,0
39,10,7.00507181e-03,0.00000000e+00,0.00000000e+00,7.00507181e-03,0
39,11,7.19674707e-03,0.00000000e+00,0.00000000e+00,-7.19674707e-03,0
39,12,9.19477081e-03,0.00000000e+00,0.00000000e+00,-9.19477081e-03,0
39,13,6.40115665e-03,0.00000000e+00,0.00000000e+00,6.40115665e-03,0
39,14,1.05145543e-02,0.00000000e+00,0.00000000e+00,-1.05145543e-02,0
39,15,6.00128552e-03,0.00000000e+00,0.00000000e+00,6.00128552e-03,0
39,16,1.06927328e-03,0.00000000e+00,0.00000000e+00,1.06927328e-03,0
39,17,2.37007811e-04,0.00000000e+00,0.00000000e+00,2.37007811e-04,0
39,18,1.05822975e-02,0.00000000e+00,0.00000000e+00,1.05822975e-02,0
39,19,3.69001575e-03,0.00000000e+00,0.00000000e+00,-3.69001575e-03,0
39,20,9.87382761e-03,0.00000000e+00,0.00000000e+00,9.87382761e-03,0
39,21,7.71431856e-04,0.00000000e+00,0.00000000e+00,7.71431856e-04,0
39,22,9.80177105e-03,0.00000000e+00,0.00000000e+00,9.80177105e-03,0
39,23,2.99094726e-03,0.00000000e+00,0.00000000e+00,-2.99094726e-03,0
39,24,2.88301624e-03,0.00000000e+00,0.00000000e+00,2.88301624e-03,0
39,25,5.48886821e-03,0.00000000e+00,0.00000000e+00,5.48886821e-03,0
39,26,6.34803363e-03,0.00000000e+00,0.00000000e+00,-6.34803363e-03,0
39,27,1.57057569e-03,0.00000000e+00,0.00000000e+00,1.57057569e-03,0
39,28,1.20025950e-02,0.00000000e+00,0.00000000e+00,-1.20025950e-02,0
39,29,4.43881782e-03,0.00000000e+00,0.00000000e+00,-4.43881782e-03,0
39,30,3.15986958e-03,0.00000000e+00,0.00000000e+00,3.15986958e-03,0
39,31,7.65338389e-04,0.00000000e+00,0.00000000e+00,7.65338389e-04,0
39,32,2.24870472e-03,0.00000000e+00,0.00000000e+00,-2.24870472e-03,0
39,33,7.65338389e-04,0.00000000e+00,0.00000000e+00,7.65338389e-04,0
39,34,3.15986958e-03,0.00000000e+00,0.00000000e+00,3.15986958e-03,0
39,35,4.43881782e-03,0.00000000e+00,0.00000000e+00,-4.43881782e-03,0
39,36,1.20025950e-02,0.00000000e+00,0.00000000e+00,-1.20025950e-02,0
39,37,1.57057569e-03,0.00000000e+00,0.00000000e+00,1.57057569e-03,0
39,38,6.34803363e-03,0.00000000e+00,0.00000000e+00,-6.34803363e-03,0
39,39,5.48886821e-03,0.00000000e+00,0.00000000e+00,5.48886821e-03,0
39,40,2.88301624e-03,0.00000000e+00,0.00000000e+00,2.88301624e-03,0
39,41,2.99094726e-03,0.00000000e+00,0.00000000e+00,-2.99094726e-03,0
39,42,9.80177105e-03,0.00000000e+00,0.00000000e+00,9.80177105e-03,0
39,43,7.71431856e-04,0.00000000e+00,0.00000000e+00,7.71431856e-04,0
39,44,9.87382761e-03,0.00000000e+00,0.00000000e+00,9.87382761e-03,0
39,45,3.69001575e-03,0.00000000e+00,0.00000000e+00,-3.69001575e-03,0
39,46,1.05822975e-02,0.00000000e+00,0.00000000e+00,1.05822975e-02,0
39,47,2.37007811e-04,0.00000000e+00,0.00000000e+00,2.37007811e-04,0
39,48,1.06927328e-03,0.00000000e+00,0.00000000e+00,1.06927328e-03,0
39,49,6.00128552e-03,0.00000000e+00,0.00000000e+00,6.00128552e-03,0
39,50,1.05145543e-02,0.00000000e+00,0.00000000e+00,-1.05145543e-02,0
39,51,6.40115665e-03,0.00000000e+00,0.00000000e+00,6.40115665e-03,0
39,52,9.19477081e-03,0.00000000e+00,0.00000000e+00,-9.19477081e-03,0
39,53,7.19674707e-03,0.00000000e+00,0.00000000e+00,-7.19674707e-03,0
39,54,7.00507181e-03,0.00000000e+00,0.00000000e+00,7.00507181e-03,0
39,55,1.42568474e-04,0.00000000e+00,0.00000000e+00,-1.42568474e-04,0
39,56,3.81678311e-03,0.00000000e+00,0.00000000e+00,-3.81678311e-03,0
39,57,2.39982364e-04,0.00000000e+00,0.00000000e+00,-2.39982364e-04,0
39,58,1.20253402e-03,0.00000000e+00,0.00000000e+00,1.20253402e-03,0
39,59,1.39473306e-03,0.00000000e+00,0.00000000e+00,1.39473306e-03,0
39,60,1.23053951e-03,0.00000000e+00,0.00000000e+00,1.23053951e-03,0
39,61,6.26861694e-04,0.00000000e+00,0.00000000e+00,6.26861694e-04,0
39,62,9.67454798e-06,0.00000000e+00,0.00000000e+00,9.67454798e-06,0
39,63,7.71335290e-04,0.00000000e+00,0.00000000e+00,-7.71335290e-04,0
40,0,1.09407845e-03,0.00000000e+00,0.00000000e+00,-1.09407845e-03,0
40,1,5.80066606e-04,0.00000000e+00,0.00000000e+00,-5.80066606e-04,0
40,2,4.00488766e-04,0.00000000e+00,0.00000000e+00,-4.00488766e-04,0
40,3,5.57746408e-04,0.00000000e+00,0.00000000e+00,-5.57746408e-04,0
40,4,1.68308287e-03,0.00000000e+00,0.00000000e+00,1.68308287e-03,0
40,5,3.25363587e-03,0.00000000e+00,0.00000000e+00,3.25363587e-03,0
40,6,1.76023929e-03,0.00000000e+00,0.00000000e+00,-1.76023929e-03,0
40,7,3.42525454e-03,0.00000000e+00,0.00000000e+00,-3.42525454e-03,0
40,8,7.97868780e-03,0.00000000e+00,0.00000000e+00,7.97868780e-03,0
40,9,5.95585184e-03,0.00000000e+00,0.00000000e+00,5.95585184e-03,0
40,10,1.25510049e-02,0.00000000e+00,0.00000000e+00,-1.25510049e-02,0
40,11,2.22673538e-03,0.00000000e+00,0.00000000e+00,-2.22673538e-03,0
40,12,1.64054809e-03,0.00000000e+00,0.00000000e+00,1.64054809e-03,0
40,13,1.15803427e-02,0.00000000e+00,0.00000000e+00,-1.15803427e-02,0
40,14,7.83762335e-03,0.00000000e+00,0.00000000e+00,7.83762335e-03,0
40,15,2.31477013e-03,0.00000000e+00,0.00000000e+00,-2.31477013e-03,0
40,16,8.44513601e-04,0.00000000e+00,0.00000000e+00,-8.44513601e-04,0
40,17,4.65119250e-03,0.00000000e+00,0.00000000e+00,4.65119250e-03,0
40,18,2.73095622e-03,0.00000000e+00,0.00000000e+00,-2.73095622e-03,0
40,19,5.15132481e-03,0.00000000e+00,0.00000000e+00,5.15132481e-03,0
40,20,2.89551639e-03,0.00000000e+00,0.00000000e+00,-2.89551639e-03,0
40,21,2.92981613e-03,0.00000000e+00,0.00000000e+00,2.92981613e-03,0
40,22,4.84107127e-03,0.00000000e+00,0.00000000e+00,-4.84107127e-03,0
40,23,5.79027818e-03,0.00000000e+00,0.00000000e+00,5.79027818e-03,0
40,24,6.43046257e-03,0.00000000e+00,0.00000000e+00,-6.43046257e-03,0
40,25,2.88301624e-03,0.00000000e+00,0.00000000e+00,2.88301624e-03,0
40,26,3.27429858e-03,0.00000000e+00,0.00000000e+00,-3.27429858e-03,0
40,27,8.75999976e-04,0.00000000e+00,0.00000000e+00,-8.75999976e-04,0
40,28,1.05221440e-02,0.00000000e+00,0.00000000e+00,1.05221440e-02,0
40,29,7.24131938e-03,0.00000000e+00,0.00000000e+00,-7.24131938e-03,0
40,30,7.53446828e-03,0.00000000e+00,0.00000000e+00,-7.53446828e-03,0
40,31,8.99637762e-04,0.00000000e+00,0.00000000e+00,8.99637762e-04,0
40,32,3.80528819e-03,0.00000000e+00,0.00000000e+00,3.80528819e-03,0
40,33,8.99637762e-04,0.00000000e+00,0.00000000e+00,8.99637762e-04,0
40,34,7.53446828e-03,0.00000000e+00,0.00000000e+00,-7.53446828e-03,0
40,35,7.24131938e-03,0.00000000e+00,0.00000000e+00,-7.24131938e-03,0
40,36,1.05221440e-02,0.00000000e+00,0.00000000e+00,1.05221440e-02,0
40,37,8.75999976e-04,0.00000000e+00,0.00000000e+00,-8.75999976e-04,0
40,38,3.27429858e-03,0.00000000e+00,0.00000000e+00,-3.27429858e-03,0
40,39,2.88301624e-03,0.00000000e+00,0.00000000e+00,2.88301624e-03,0
40,40,6.43046257e-03,0.00000000e+00,0.00000000e+00,-6.43046257e-03,0
40,41,5.79027818e-03,0.00000000e+00,0.00000000e+00,5.79027818e-03,0
40,42,4.84107127e-03,0.00000000e+00,0.00000000e+00,-4.84107127e-03,0
40,43,2.92981613e-03,0.00000000e+00,0.00000000e+00,2.92981613e-03,0
40,44,2.89551639e-03,0.00000000e+00,0.00000000e+00,-2.89551639e-03,0
40,45,5.15132481e-03,0.00000000e+00,0.00000000e+00,5.15132481e-03,0
40,46,2.73095622e-03,0.00000000e+00,0.00000000e+00,-2.73095622e-03,0
40,47,4.65119250e-03,0.00000000e+00,0.00000000e+00,4.65119250e-03,0
40,48,8.44513601e-04,0.00000000e+00,0.00000000e+00,-8.44513601e-04,0
40,49,2.31477013e-03,0.00000000e+00,0.00000000e+00,-2.31477013e-03,0
40,50,7.83762335e-03,0.00000000e+00,0.00000000e+00,7.83762335e-03,0
40,51,1.15803427e-02,0.00000000e+00,0.00000000e+00,-1.15803427e-02,0
40,52,1.64054809e-03,0.00000000e+00,0.00000000e+00,1.64054809e-03,0
40,53,2.22673538e-03,0.00000000e+00,0.00000000e+00,-2.22673538e-03,0
40,54,1.25510049e-02,0.00000000e+00,0.00000000e+00,-1.25510049e-02,0
40,55,5.95585184e-03,0.00000000e+00,0.00000000e+00,5.95585184e-03,0
40,56,7.97868780e-03,0.00000000e+00,0.00000000e+00,7.97868780e-03,0
40,57,3.42525454e-03,0.00000000e+00,0.00000000e+00,-3.42525454e-03,0
40,58,1.76023929e-03,0.00000000e+00,0.00000000e+00,-1.76023929e-03,0
40,59,3.25363587e-03,0.00000000e+00,0.00000000e+00,3.25363587e-03,0
40,60,1.68308287e-03,0.00000000e+00,0.00000000e+00,1.68308287e-03,0
40,61,5.57746408e-04,0.00000000e+00,0.00000000e+00,-5.57746408e-04,0
40,62,4.00488766e-04,0.00000000e+00,0.00000000e+00,-4.00488766e-04,0
40,63,5.80066606e-04,0.00000000e+00,0.00000000e+00,-5.80066606e-04,0
41,0,1.29901358e-03,0.00000000e+00,0.00000000e+00,-1.29901358e-03,0
41,1,4.79732917e-04,0.00000000e+00,0.00000000e+00,-4.79732917e-04,0
41,2,1.26760228e-04,0.00000000e+00,0.00000000e+00,-1.26760228e-04,0
41,3,1.03842643e-03,0.00000000e+00,0.00000000e+00,-1.03842643e-03,0
41,4,1.98724875e-04,0.00000000e+00,0.00000000e+00,1.98724875e-04,0
41,5,2.91514554e-03,0.00000000e+00,0.00000000e+00,2.91514554e-03,0
41,6,2.46961135e-03,0.00000000e+00,0.00000000e+00,2.46961135e-03,0
41,7,1.79028522e-03,0.00000000e+00,0.00000000e+00,-1.79028522e-03,0
41,8,4.05099177e-03,0.00000000e+00,0.00000000e+00,-4.05099177e-03,0
41,9,5.13355390e-03,0.00000000e+00,0.00000000e+00,5.13355390e-03,0
41,10,9.77962261e-03,0.00000000e+00,0.00000000e+00,9.77962261e-03,0
41,11,5.65345395e-03,0.00000000e+00,0.00000000e+00,-5.65345395e-03,0
41,12,6.68078693e-03,0.00000000e+00,0.00000000e+00,-6.68078693e-03,0
41,13,1.57646452e-03,0.00000000e+00,0.00000000e+00,-1.57646452e-03,0
41,14,7.57370331e-03,0.00000000e+00,0.00000000e+00,-7.57370331e-03,0
41,15,2.29864924e-03,0.00000000e+00,0.00000000e+00,-2.29864924e-03,0
41,16,8.55564661e-05,0.00000000e+00,0.00000000e+00,-8.55564661e-05,0
41,17,1.51424339e-03,0.00000000e+00,0.00000000e+00,-1.51424339e-03,0
41,18,5.58270265e-03,0.00000000e+00,0.00000000e+00,5.58270265e-03,0
41,19,3.16280058e-03,0.00000000e+00,0.00000000e+00,-3.16280058e-03,0
41,20,4.37332020e-03,0.00000000e+00,0.00000000e+00,4.37332020e-03,0
41,21,9.10439606e-04,0.00000000e+00,0.00000000e+00,-9.10439606e-04,0
41,22,1.06678340e-02,0.00000000e+00,0.00000000e+00,1.06678340e-02,0
41,23,9.34994842e-03,0.00000000e+00,0.00000000e+00,-9.34994842e-03,0
41,24,5.79027818e-03,0.00000000e+00,0.00000000e+00,5.79027818e-03,0
41,25,2.99094726e-03,0.00000000e+00,0.00000000e+00,-2.99094726e-03,0
41,26,5.99767935e-04,0.00000000e+00,0.00000000e+00,5.99767935e-04,0
41,27,4.09166774e-03,0.00000000e+00,0.00000000e+00,4.09166774e-03,0
41,28,1.28746815e-02,0.00000000e+00,0.00000000e+00,-1.28746815e-02,0
41,29,6.75752987e-04,0.00000000e+00,0.00000000e+00,-6.75752987e-04,0
41,30,7.37402440e-03,0.00000000e+00,0.00000000e+00,7.37402440e-03,0
41,31,5.08975744e-04,0.00000000e+00,0.00000000e+00,-5.08975744e-04,0
41,32,2.57352018e-03,0.00000000e+00,0.00000000e+00,2.57352018e-03,0
41,33,5.08975744e-04,0.00000000e+00,0.00000000e+00,-5.08975744e-04,0
41,34,7.37402440e-03,0.00000000e+00,0.00000000e+00,7.37402440e-03,0
41,35,6.75752987e-04,0.00000000e+00,0.00000000e+00,-6.75752987e-04,0
41,36,1.28746815e-02,0.00000000e+00,0.00000000e+00,-1.28746815e-02,0
41,37,4.09166774e-03,0.00000000e+00,0.00000000e+00,4.09166774e-03,0
41,38,5.99767935e-04,0.00000000e+00,0.00000000e+00,5.99767935e-04,0
41,39,2.99094726e-03,0.00000000e+00,0.00000000e+00,-2.99094726e-03,0
41,40,5.79027818e-03,0.00000000e+00,0.00000000e+00,5.79027818e-03,0
41,41,9.34994842e-03,0.00000000e+00,0.00000000e+00,-9.34994842e-03,0
41,42,1.06678340e-02,0.00000000e+00,0.00000000e+00,1.06678340e-02,0
41,43,9.10439606e-04,0.00000000e+00,0.00000000e+00,-9.10439606e-04,0
41,44,4.37332020e-03,0.00000000e+00,0.00000000e+00,4.37332020e-03,0
41,45,3.16280058e-03,0.00000000e+00,0.00000000e+00,-3.16280058e-03,0
41,46,5.58270265e-03,0.00000000e+00,0.00000000e+00,5.58270265e-03,0
41,47,1.51424339e-03,0.00000000e+00,0.00000000e+00,-1.51424339e-03,0
41,48,8.55564661e-05,0.00000000e+00,0.00000000e+00,-8.55564661e-05,0
41,49,2.29864924e-03,0.00000000e+00,0.00000000e+00,-2.29864924e-03,0
41,50,7.57370331e-03,0.00000000e+00,0.00000000e+00,-7.57370331e-03,0
41,51,1.57646452e-03,0.00000000e+00,0.00000000e+00,-1.57646452e-03,0
41,52,6.68078693e-03,0.00000000e+00,0.00000000e+00,-6.68078693e-03,0
41,53,5.65345395e-03,0.00000000e+00,0.00000000e+00,-5.65345395e-03,0
41,54,9.77962261e-03,0.00000000e+00,0.00000000e+00,9.77962261e-03,0
41,55,5.13355390e-03,0.00000000e+00,0.00000000e+00,5.13355390e-03,0
41,56,4.05099177e-03,0.00000000e+00,0.00000000e+00,-4.05099177e-03,0
41,57,1.79028522e-03,0.00000000e+00,0.00000000e+00,-1.79028522e-03,0
41,58,2.46961135e-03,0.00000000e+00,0.00000000e+00,2.46961135e-03,0
41,59,2.91514554e-03,0.00000000e+00,0.00000000e+00,2.91514554e-03,0
41,60,1.98724875e-04,0.00000000e+00,0.00000000e+00,1.98724875e-04,0
41,61,1.03842643e-03,0.00000000e+00,0.00000000e+00,-1.03842643e-03,0
41,62,1.26760228e-04,0.00000000e+00,0.00000000e+00,-1.26760228e-04,0
41,63,4.79732917e-04,0.00000000e+00,0.00000000e+00,-4.79732917e-04,0
42,0,1.69784982e-03,0.00000000e+00,0.00000000e+00,-1.69784982e-03,0
42,1,5.58520113e-04,0.00000000e+00,0.00000000e+00,-5.58520113e-04,0
42,2,8.23961056e-05,0.00000000e+00,0.00000000e+00,8.23961056e-05,0
42,3,9.12504288e-04,0.00000000e+00,0.00000000e+00,-9.12504288e-04,0
42,4,6.87875259e-04,0.00000000e+00,0.00000000e+00,6.87875259e-04,0
42,5,2.17749649e-03,0.00000000e+00,0.00000000e+00,2.17749649e-03,0
42,6,1.38055640e-03,0.00000000e+00,0.00000000e+00,-1.38055640e-03,0
42,7,4.87797048e-04,0.00000000e+00,0.00000000e+00,-4.87797048e-04,0
42,8,5.11297526e-03,0.00000000e+00,0.00000000e+00,5.11297526e-03,0
42,9,2.47464683e-03,0.00000000e+00,0.00000000e+00,2.47464683e-03,0
42,10,3.06722370e-03,0.00000000e+00,0.00000000e+00,-3.06722370e-03,0
42,11,4.01798590e-03,0.00000000e+00,0.00000000e+00,-4.01798590e-03,0
42,12,3.26948215e-03,0.00000000e+00,0.00000000e+00,3.26948215e-03,0
42,13,1.06874843e-03,0.00000000e+00,0.00000000e+00,-1.06874843e-03,0
42,14,1.50477828e-04,0.00000000e+00,0.00000000e+00,1.50477828e-04,0
42,15,8.00181614e-03,0.00000000e+00,0.00000000e+00,8.00181614e-03,0
42,16,9.43859885e-03,0.00000000e+00,0.00000000e+00,-9.43859885e-03,0
42,17,1.12286234e-02,0.00000000e+00,0.00000000e+00,1.12286234e-02,0
42,18,1.14738388e-02,0.00000000e+00,0.00000000e+00,-1.14738388e-02,0
42,19,8.46420954e-03,0.00000000e+00,0.00000000e+00,8.46420954e-03,0
42,20,9.46887810e-03,0.00000000e+00,0.00000000e+00,-9.46887810e-03,0
42,21,1.11482619e-02,0.00000000e+00,0.00000000e+00,1.11482619e-02,0
42,22,1.54760346e-02,0.00000000e+00,0.00000000e+00,-1.54760346e-02,0
42,23,1.06678340e-02,0.00000000e+00,0.00000000e+00,1.06678340e-02,0
42,24,4.84107127e-03,0.00000000e+00,0.00000000e+00,-4.84107127e-03,0
42,25,9.80177105e-03,0.00000000e+00,0.00000000e+00,9.80177105e-03,0
42,26,3.89287884e-03,0.00000000e+00,0.00000000e+00,3.89287884e-03,0
42,27,1.53127619e-03,0.00000000e+00,0.00000000e+00,-1.53127619e-03,0
42,28,5.28337818e-03,0.00000000e+00,0.00000000e+00,5.28337818e-03,0
42,29,3.44054182e-03,0.00000000e+00,0.00000000e+00,-3.44054182e-03,0
42,30,7.50688443e-03,0.00000000e+00,0.00000000e+00,-7.50688443e-03,0
42,31,4.25010007e-03,0.00000000e+00,0.00000000e+00,4.25010007e-03,0
42,32,2.22189992e-03,0.00000000e+00,0.00000000e+00,2.22189992e-03,0
42,33,4.25010007e-03,0.00000000e+00,0.00000000e+00,4.25010007e-03,0
42,34,7.50688443e-03,0.00000000e+00,0.00000000e+00,-7.50688443e-03,0
42,35,3.44054182e-03,0.00000000e+00,0.00000000e+00,-3.44054182e-03,0
42,36,5.28337818e-03,0.00000000e+00,0.00000000e+00,5.28337818e-03,0
42,37,1.53127619e-03,0.00000000e+00,0.00000000e+00,-1.53127619e-03,0
42,38,3.89287884e-03,0.00000000e+00,0.00000000e+00,3.89287884e-03,0
42,39,9.80177105e-03,0.00000000e+00,0.00000000e+00,9.80177105e-03,0
42,40,4.84107127e-03,0.00000000e+00,0.00000000e+00,-4.84107127e-03,0
42,41,1.06678340e-02,0.00000000e+00,0.00000000e+00,1.06678340e-02,0
42,42,1.54760346e-02,0.00000000e+00,0.00000000e+00,-1.54760346e-02,0
42,43,1.11482619e-02,0.00000000e+00,0.00000000e+00,1.11482619e-02,0
42,44,9.46887810e-03,0.00000000e+00,0.00000000e+00,-9.46887810e-03,0
42,45,8.46420954e-03,0.00000000e+00,0.00000000e+00,8.46420954e-03,0
42,46,1.14738388e-02,0.00000000e+00,0.00000000e+00,-1.14738388e-02,0
42,47,1.12286234e-02,0.00000000e+00,0.00000000e+00,1.12286234e-02,0
42,48,9.43859885e-03,0.00000000e+00,0.00000000e+00,-9.43859885e-03,0
42,49,8.00181614e-03,0.00000000e+00,0.00000000e+00,8.00181614e-03,0
42,50,1.50477828e-04,0.00000000e+00,0.00000000e+00,1.50477828e-04,0
42,51,1.06874843e-03,0.00000000e+00,0.00000000e+00,-1.06874843e-03,0
42,52,3.26948215e-03,0.00000000e+00,0.00000000e+00,3.26948215e-03,0
42,53,4.01798590e-03,0.00000000e+00,0.00000000e+00,-4.01798590e-03,0
42,54,3.06722370e-03,0.00000000e+00,0.00000000e+00,-3.06722370e-03,0
42,55,2.47464683e-03,0.00000000e+00,0.00000000e+00,2.47464683e-03,0
42,56,5.11297526e-03,0.00000000e+00,0.00000000e+00,5.11297526e-03,0
42,57,4.87797048e-04,0.00000000e+00,0.00000000e+00,-4.87797048e-04,0
42,58,1.38055640e-03,0.00000000e+00,0.00000000e+00,-1.38055640e-03,0
42,59,2.17749649e-03,0.00000000e+00,0.00000000e+00,2.17749649e-03,0
42,60,6.87875259e-04,0.00000000e+00,0.00000000e+00,6.87875259e-04,0
42,61,9.12504288e-04,0.00000000e+00,0.00000000e+00,-9.12504288e-04,0
42,62,8.23961056e-05,0.00000000e+00,0.00000000e+00,8.23961056e-05,0
42,63,5.58520113e-04,0.00000000e+00,0.00000000e+00,-5.58520113e-04,0
43,0,2.26163387e-03,0.00000000e+00,0.00000000e+00,-2.26163387e-03,0
43,1,6.87481797e-04,0.00000000e+00,0.00000000e+00,-6.87481797e-04,0
43,2,6.15994983e-04,0.00000000e+00,0.00000000e+00,6.15994983e-04,0
43,3,9.35832241e-04,0.00000000e+00,0.00000000e+00,-9.35832241e-04,0
43,4,2.10558566e-04,0.00000000e+00,0.00000000e+00,-2.10558566e-04,0
43,5,2.90944521e-03,0.00000000e+00,0.00000000e+00,2.90944521e-03,0
43,6,3.65628876e-04,0.00000000e+00,0.00000000e+00,3.65628876e-04,0
43,7,1.43818285e-03,0.00000000e+00,0.00000000e+00,-1.43818285e-03,0
43,8,1.85409378e-03,0.00000000e+00,0.00000000e+00,1.85409378e-03,0
43,9,2.40000863e-03,0.00000000e+00,0.00000000e+00,-2.40000863e-03,0
43,10,1.38300763e-03,0.00000000e+00,0.00000000e+00,1.38300763e-03,0
43,11,6.31530941e-03,0.00000000e+00,0.00000000e+00,6.31530941e-03,0
43,12,6.51741851e-03,0.00000000e+00,0.00000000e+00,-6.51741851e-03,0
43,13,3.88998932e-03,0.00000000e+00,0.00000000e+00,3.88998932e-03,0
43,14,9.09813857e-04,0.00000000e+00,0.00000000e+00,-9.09813857e-04,0
43,15,2.81985937e-03,0.00000000e+00,0.00000000e+00,-2.81985937e-03,0
43,16,7.04744523e-03,0.00000000e+00,0.00000000e+00,7.04744523e-03,0
43,17,3.04744308e-03,0.00000000e+00,0.00000000e+00,-3.04744308e-03,0
43,18,1.07066601e-02,0.00000000e+00,0.00000000e+00,1.07066601e-02,0
43,19,3.33404847e-03,0.00000000e+00,0.00000000e+00,-3.33404847e-03,0
43,20,9.57751342e-03,0.00000000e+00,0.00000000e+00,9.57751342e-03,0
43,21,1.26441551e-03,0.00000000e+00,0.00000000e+00,-1.26441551e-03,0
43,22,1.11482619e-02,0.00000000e+00,0.00000000e+00,1.11482619e-02,0
43,23,9.10439606e-04,0.00000000e+00,0.00000000e+00,-9.10439606e-04,0
43,24,2.92981613e-03,0.00000000e+00,0.00000000e+00,2.92981613e-03,0
43,25,7.71431856e-04,0.00000000e+00,0.00000000e+00,7.71431856e-04,0
43,26,1.25925936e-03,0.00000000e+00,0.00000000e+00,-1.25925936e-03,0
43,27,4.57530532e-03,0.00000000e+00,0.00000000e+00,-4.57530532e-03,0
43,28,5.18434716e-03,0.00000000e+00,0.00000000e+00,-5.18434716e-03,0
43,29,2.98161732e-03,0.00000000e+00,0.00000000e+00,2.98161732e-03,0
43,30,4.71727891e-03,0.00000000e+00,0.00000000e+00,4.71727891e-03,0
43,31,5.02463386e-04,0.00000000e+00,0.00000000e+00,-5.02463386e-04,0
43,32,5.13488996e-03,0.00000000e+00,0.00000000e+00,5.13488996e-03,0
43,33,5.02463386e-04,0.00000000e+00,0.00000000e+00,-5.02463386e-04,0
43,34,4.71727891e-03,0.00000000e+00,0.00000000e+00,4.71727891e-03,0
43,35,2.98161732e-03,0.00000000e+00,0.00000000e+00,2.98161732e-03,0
43,36,5.18434716e-03,0.00000000e+00,0.00000000e+00,-5.18434716e-03,0
43,37,4.57530532e-03,0.00000000e+00,0.00000000e+00,-4.57530532e-03,0
43,38,1.25925936e-03,0.00000000e+00,0.00000000e+00,-1.25925936e-03,0
43,39,7.71431856e-04,0.00000000e+00,0.00000000e+00,7.71431856e-04,0
43,40,2.92981613e-03,0.00000000e+00,0.00000000e+00,2.92981613e-03,0
43,41,9.10439606e-04,0.00000000e+00,0.00000000e+00,-9.10439606e-04,0
43,42,1.11482619e-02,0.00000000e+00,0.00000000e+00,1.11482619e-02,0
43,43,1.26441551e-03,0.00000000e+00,0.00000000e+00,-1.26441551e-03,0
43,44,9.57751342e-03,0.00000000e+00,0.00000000e+00,9.57751342e-03,0
43,45,3.33404847e-03,0.00000000e+00,0.00000000e+00,-3.33404847e-03,0
43,46,1.07066601e-02,0.00000000e+00,0.00000000e+00,1.07066601e-02,0
43,47,3.04744308e-03,0.00000000e+00,0.00000000e+00,-3.04744308e-03,0
43,48,7.04744523e-03,0.00000000e+00,0.00000000e+00,7.04744523e-03,0
43,49,2.81985937e-03,0.00000000e+00,0.00000000e+00,-2.81985937e-03,0
43,50,9.09813857e-04,0.00000000e+00,0.00000000e+00,-9.09813857e-04,0
43,51,3.88998932e-03,0.00000000e+00,0.00000000e+00,3.88998932e-03,0
43,52,6.51741851e-03,0.00000000e+00,0.00000000e+00,-6.51741851e-03,0
43,53,6.31530941e-03,0.00000000e+00,0.00000000e+00,6.31530941e-03,0
43,54,1.38300763e-03,0.00000000e+00,0.00000000e+00,1.38300763e-03,0
43,55,2.40000863e-03,0.00000000e+00,0.00000000e+00,-2.40000863e-03,0
43,56,1.85409378e-03,0.00000000e+00,0.00000000e+00,1.85409378e-03,0
43,57,1.43818285e-03,0.00000000e+00,0.00000000e+00,-1.43818285e-03,0
43,58,3.65628876e-04,0.00000000e+00,0.00000000e+00,3.65628876e-04,0
43,59,2.90944521e-03,0.00000000e+00,0.00000000e+00,2.90944521e-03,0
43,60,2.10558566e-04,0.00000000e+00,0.00000000e+00,-2.10558566e-04,0
43,61,9.35832241e-04,0.00000000e+00,0.00000000e+00,-9.35832241e-04,0
43,62,6.15994983e-04,0.00000000e+00,0.00000000e+00,6.15994983e-04,0
43,63,6.87481797e-04,0.00000000e+00,0.00000000e+00,-6.87481797e-04,0
44,0,2.72205945e-03,0.00000000e+00,0.00000000e+00,-2.72205945e-03,0
44,1,1.04755075e-03,0.00000000e+00,0.00000000e+00,-1.04755075e-03,0
44,2,1.05475632e-03,0.00000000e+00,0.00000000e+00,1.05475632e-03,0
44,3,1.02633472e-04,0.00000000e+00,0.00000000e+00,1.02633472e-04,0
44,4,8.39199134e-04,0.00000000e+00,0.00000000e+00,-8.39199134e-04,0
44,5,1.34016962e-03,0.00000000e+00,0.00000000e+00,1.34016962e-03,0
44,6,7.35375848e-04,0.00000000e+00,0.00000000e+00,7.35375848e-04,0
44,7,2.03165025e-03,0.00000000e+00,0.00000000e+00,-2.03165025e-03,0
44,8,4.56199357e-03,0.00000000e+00,0.00000000e+00,4.56199357e-03,0
44,9,6.72273538e-03,0.00000000e+00,0.00000000e+00,6.72273538e-03,0
44,10,9.13010912e-03,0.00000000e+00,0.00000000e+00,-9.13010912e-03,0
44,11,7.97833856e-03,0.00000000e+00,0.00000000e+00,-7.97833856e-03,0
44,12,4.21551607e-03,0.00000000e+00,0.00000000e+00,4.21551607e-03,0
44,13,3.62172130e-03,0.00000000e+00,0.00000000e+00,-3.62172130e-03,0
44,14,6.50672732e-03,0.00000000e+00,0.00000000e+00,6.50672732e-03,0
44,15,6.63939388e-03,0.00000000e+00,0.00000000e+00,6.63939388e-03,0
44,16,1.71261341e-03,0.00000000e+00,0.00000000e+00,-1.71261341e-03,0
44,17,1.10985214e-02,0.00000000e+00,0.00000000e+00,1.10985214e-02,0
44,18,4.54788188e-03,0.00000000e+00,0.00000000e+00,-4.54788188e-03,0
44,19,7.72926181e-03,0.00000000e+00,0.00000000e+00,7.72926181e-03,0
44,20,1.93733252e-03,0.00000000e+00,0.00000000e+00,-1.93733252e-03,0
44,21,9.57751342e-03,0.00000000e+00,0.00000000e+00,9.57751342e-03,0
44,22,9.46887810e-03,0.00000000e+00,0.00000000e+00,-9.46887810e-03,0
44,23,4.37332020e-03,0.00000000e+00,0.00000000e+00,4.37332020e-03,0
44,24,2.89551639e-03,0.00000000e+00,0.00000000e+00,-2.89551639e-03,0
44,25,9.87382761e-03,0.00000000e+00,0.00000000e+00,9.87382761e-03,0
44,26,2.36317045e-03,0.00000000e+00,0.00000000e+00,-2.36317045e-03,0
44,27,5.81647442e-03,0.00000000e+00,0.00000000e+00,5.81647442e-03,0
44,28,4.23019559e-03,0.00000000e+00,0.00000000e+00,4.23019559e-03,0
44,29,5.85312433e-03,0.00000000e+00,0.00000000e+00,-5.85312433e-03,0
44,30,3.58544167e-03,0.00000000e+00,0.00000000e+00,-3.58544167e-03,0
44,31,5.78417389e-03,0.00000000e+00,0.00000000e+00,5.78417389e-03,0
44,32,1.27982445e-03,0.00000000e+00,0.00000000e+00,-1.27982445e-03,0
44,33,5.78417389e-03,0.00000000e+00,0.00000000e+00,5.78417389e-03,0
44,34,3.58544167e-03,0.00000000e+00,0.00000000e+00,-3.58544167e-03,0
44,35,5.85312433e-03,0.00000000e+00,0.00000000e+00,-5.85312433e-03,0
44,36,4.23019559e-03,0.00000000e+00,0.00000000e+00,4.23019559e-03,0
44,37,5.81647442e-03,0.00000000e+00,0.00000000e+00,5.81647442e-03,0
44,38,2.36317045e-03,0.00000000e+00,0.00000000e+00,-2.36317045e-03,0
44,39,9.87382761e-03,0.00000000e+00,0.00000000e+00,9.87382761e-03,0
44,40,2.89551639e-03,0.00000000e+00,0.00000000e+00,-2.89551639e-03,0
44,41,4.37332020e-03,0.00000000e+00,0.00000000e+00,4.37332020e-03,0
44,42,9.46887810e-03,0.00000000e+00,0.00000000e+00,-9.46887810e-03,0
44,43,9.57751342e-03,0.00000000e+00,0.00000000e+00,9.57751342e-03,0
44,44,1.93733252e-03,0.00000000e+00,0.00000000e+00,-1.93733252e-03,0
44,45,7.72926181e-03,0.00000000e+00,0.00000000e+00,7.72926181e-03,0
44,46,4.54788188e-03,0.00000000e+00,0.00000000e+00,-4.54788188e-03,0
44,47,1.10985214e-02,0.00000000e+00,0.00000000e+00,1.10985214e-02,0
44,48,1.71261341e-03,0.00000000e+00,0.00000000e+00,-1.71261341e-03,0
44,49,6.63939388e-03,0.00000000e+00,0.00000000e+00,6.63939388e-03,0
44,50,6.50672732e-03,0.00000000e+00,0.00000000e+00,6.50672732e-03,0
44,51,3.62172130e-03,0.00000000e+00,0.00000000e+00,-3.62172130e-03,0
44,52,4.21551607e-03,0.00000000e+00,0.00000000e+00,4.21551607e-03,0
44,53,7.97833856e-03,0.00000000e+00,0.00000000e+00,-7.97833856e-03,0
44,54,9.13010912e-03,0.00000000e+00,0.00000000e+00,-9.13010912e-03,0
44,55,6.72273538e-03,0.00000000e+00,0.00000000e+00,6.72273538e-03,0
44,56,4.56199357e-03,0.00000000e+00,0.00000000e+00,4.56199357e-03,0
44,57,2.03165025e-03,0.00000000e+00,0.00000000e+00,-2.03165025e-03,0
44,58,7.35375848e-04,0.00000000e+00,0.00000000e+00,7.35375848e-04,0
44,59,1.34016962e-03,0.00000000e+00,0.00000000e+00,1.34016962e-03,0
44,60,8.39199134e-04,0.00000000e+00,0.00000000e+00,-8.39199134e-04,0
44,61,1.02633472e-04,0.00000000e+00,0.00000000e+00,1.02633472e-04,0
44,62,1.05475632e-03,0.00000000e+00,0.00000000e+00,1.05475632e-03,0
44,63,1.04755075e-03,0.00000000e+00,0.00000000e+00,-1.04755075e-03,0
45,0,2.51750346e-03,0.00000000e+00,0.00000000e+00,-2.51750346e-03,0
45,1,1.37723360e-03,0.00000000e+00,0.00000000e+00,-1.37723360e-03,0
45,2,5.25244419e-04,0.00000000e+00,0.00000000e+00,5.25244419e-04,0
45,3,1.11807067e-03,0.00000000e+00,0.00000000e+00,1.11807067e-03,0
45,4,4.82872153e-04,0.00000000e+00,0.00000000e+00,4.82872153e-04,0
45,5,5.14659255e-04,0.00000000e+00,0.00000000e+00,-5.14659255e-04,0
45,6,5.22667700e-04,0.00000000e+00,0.00000000e+00,-5.22667700e-04,0
45,7,1.29162304e-03,0.00000000e+00,0.00000000e+00,1.29162304e-03,0
45,8,7.94423339e-04,0.00000000e+00,0.00000000e+00,7.94423339e-04,0
45,9,9.19972391e-04,0.00000000e+00,0.00000000e+00,-9.19972391e-04,0
45,10,3.63703784e-03,0.00000000e+00,0.00000000e+00,3.63703784e-03,0
45,11,2.67733142e-03,0.00000000e+00,0.00000000e+00,2.67733142e-03,0
45,12,5.01093665e-03,0.00000000e+00,0.00000000e+00,-5.01093665e-03,0
45,13,1.56289008e-03,0.00000000e+00,0.00000000e+00,-1.56289008e-03,0
45,14,4.19640463e-03,0.00000000e+00,0.00000000e+00,-4.19640463e-03,0
45,15,2.98590867e-03,0.00000000e+00,0.00000000e+00,-2.98590867e-03,0
45,16,3.01052229e-03,0.00000000e+00,0.00000000e+00,3.01052229e-03,0
45,17,1.35963522e-03,0.00000000e+00,0.00000000e+00,-1.35963522e-03,0
45,18,7.19064666e-03,0.00000000e+00,0.00000000e+00,7.19064666e-03,0
45,19,1.86112665e-03,0.00000000e+00,0.00000000e+00,-1.86112665e-03,0
45,20,7.72926181e-03,0.00000000e+00,0.00000000e+00,7.72926181e-03,0
45,21,3.33404847e-03,0.00000000e+00,0.00000000e+00,-3.33404847e-03,0
45,22,8.46420954e-03,0.00000000e+00,0.00000000e+00,8.46420954e-03,0
45,23,3.16280058e-03,0.00000000e+00,0.00000000e+00,-3.16280058e-03,0
45,24,5.15132481e-03,0.00000000e+00,0.00000000e+00,5.15132481e-03,0
45,25,3.69001575e-03,0.00000000e+00,0.00000000e+00,-3.69001575e-03,0
45,26,3.64180127e-03,0.00000000e+00,0.00000000e+00,3.64180127e-03,0
45,27,1.40400721e-03,0.00000000e+00,0.00000000e+00,-1.40400721e-03,0
45,28,6.94778293e-03,0.00000000e+00,0.00000000e+00,-6.94778293e-03,0
45,29,4.71563304e-03,0.00000000e+00,0.00000000e+00,4.71563304e-03,0
45,30,1.57907837e-03,0.00000000e+00,0.00000000e+00,1.57907837e-03,0
45,31,2.26515353e-03,0.00000000e+00,0.00000000e+00,-2.26515353e-03,0
45,32,7.88994277e-03,0.00000000e+00,0.00000000e+00,7.88994277e-03,0
45,33,2.26515353e-03,0.00000000e+00,0.00000000e+00,-2.26515353e-03,0
45,34,1.57907837e-03,0.00000000e+00,0.00000000e+00,1.57907837e-03,0
45,35,4.71563304e-03,0.00000000e+00,0.00000000e+00,4.71563304e-03,0
45,36,6.94778293e-03,0.00000000e+00,0.00000000e+00,-6.94778293e-03,0
45,37,1.40400721e-03,0.00000000e+00,0.00000000e+00,-1.40400721e-03,0
45,38,3.64180127e-03,0.00000000e+00,0.00000000e+00,3.64180127e-03,0
45,39,3.69001575e-03,0.00000000e+00,0.00000000e+00,-3.69001575e-03,0
45,40,5.15132481e-03,0.00000000e+00,0.00000000e+00,5.15132481e-03,0
45,41,3.16280058e-03,0.00000000e+00,0.00000000e+00,-3.16280058e-03,0
45,42,8.46420954e-03,0.00000000e+00,0.00000000e+00,8.46420954e-03,0
45,43,3.33404847e-03,0.00000000e+00,0.00000000e+00,-3.33404847e-03,0
45,44,7.72926181e-03,0.00000000e+00,0.00000000e+00,7.72926181e-03,0
45,45,1.86112665e-03,0.00000000e+00,0.00000000e+00,-1.86112665e-03,0
45,46,7.19064666e-03,0.00000000e+00,0.00000000e+00,7.19064666e-03,0
45,47,1.35963522e-03,0.00000000e+00,0.00000000e+00,-1.35963522e-03,0
45,48,3.01052229e-03,0.00000000e+00,0.00000000e+00,3.01052229e-03,0
45,49,2.98590867e-03,0.00000000e+00,0.00000000e+00,-2.98590867e-03,0
45,50,4.19640463e-03,0.00000000e+00,0.00000000e+00,-4.19640463e-03,0
45,51,1.56289008e-03,0.00000000e+00,0.00000000e+00,-1.56289008e-03,0
45,52,5.01093665e-03,0.00000000e+00,0.00000000e+00,-5.01093665e-03,0
45,53,2.67733142e-03,0.00000000e+00,0.00000000e+00,2.67733142e-03,0
45,54,3.63703784e-03,0.00000000e+00,0.00000000e+00,3.63703784e-03,0
45,55,9.19972391e-04,0.00000000e+00,0.00000000e+00,-9.19972391e-04,0
45,56,7.94423339e-04,0.00000000e+00,0.00000000e+00,7.94423339e-04,0
45,57,1.29162304e-03,0.00000000e+00,0.00000000e+00,1.29162304e-03,0
45,58,5.22667700e-04,0.00000000e+00,0.00000000e+00,-5.22667700e-04,0
45,59,5.14659255e-04,0.00000000e+00,0.00000000e+00,-5.14659255e-04,0
45,60,4.82872153e-04,0.00000000e+00,0.00000000e+00,4.82872153e-04,0
45,61,1.11807067e-03,0.00000000e+00,0.00000000e+00,1.11807067e-03,0
45,62,5.25244419e-04,0.00000000e+00,0.00000000e+00,5.25244419e-04,0
45,63,1.37723360e-03,0.00000000e+00,0.00000000e+00,-1.37723360e-03,0
46,0,1.67943377e-03,0.00000000e+00,0.00000000e+00,-1.67943377e-03,0
46,1,1.16954891e-03,0.00000000e+00,0.00000000e+00,-1.16954891e-03,0
46,2,5.09901994e-04,0.00000000e+00,0.00000000e+00,-5.09901994e-04,0
46,3,2.37551004e-04,0.00000000e+00,0.00000000e+00,2.37551004e-04,0
46,4,2.11618153e-03,0.00000000e+00,0.00000000e+00,2.11618153e-03,0
46,5,1.84221123e-03,0.00000000e+00,0.00000000e+00,1.84221123e-03,0
46,6,2.98415971e-03,0.00000000e+00,0.00000000e+00,-2.98415971e-03,0
46,7,3.07422939e-03,0.00000000e+00,0.00000000e+00,-3.07422939e-03,0
46,8,5.37746802e-03,0.00000000e+00,0.00000000e+00,5.37746802e-03,0
46,9,5.33757799e-03,0.00000000e+00,0.00000000e+00,5.33757799e-03,0
46,10,6.76396827e-03,0.00000000e+00,0.00000000e+00,-6.76396827e-03,0
46,11,5.86014980e-03,0.00000000e+00,0.00000000e+00,-5.86014980e-03,0
46,12,4.95329495e-03,0.00000000e+00,0.00000000e+00,4.95329495e-03,0
46,13,6.66193665e-04,0.00000000e+00,0.00000000e+00,-6.66193665e-04,0
46,14,4.23417085e-03,0.00000000e+00,0.00000000e+00,4.23417085e-03,0
46,15,5.16177122e-03,0.00000000e+00,0.00000000e+00,5.16177122e-03,0
46,16,4.24329144e-03,0.00000000e+00,0.00000000e+00,-4.24329144e-03,0
46,17,9.10629486e-03,0.00000000e+00,0.00000000e+00,9.10629486e-03,0
46,18,7.22668433e-03,0.00000000e+00,0.00000000e+00,-7.22668433e-03,0
46,19,7.19064666e-03,0.00000000e+00,0.00000000e+00,7.19064666e-03,0
46,20,4.54788188e-03,0.00000000e+00,0.00000000e+00,-4.54788188e-03,0
46,21,1.07066601e-02,0.00000000e+00,0.00000000e+00,1.07066601e-02,0
46,22,1.14738388e-02,0.00000000e+00,0.00000000e+00,-1.14738388e-02,0
46,23,5.58270265e-03,0.00000000e+00,0.00000000e+00,5.58270265e-03,0
46,24,2.73095622e-03,0.00000000e+00,0.00000000e+00,-2.73095622e-03,0
46,25,1.05822975e-02,0.00000000e+00,0.00000000e+00,1.05822975e-02,0
46,26,1.89838002e-03,0.00000000e+00,0.00000000e+00,1.89838002e-03,0
46,27,2.90344005e-03,0.00000000e+00,0.00000000e+00,2.90344005e-03,0
46,28,6.35462610e-03,0.00000000e+00,0.00000000e+00,6.35462610e-03,0
46,29,7.37993886e-03,0.00000000e+00,0.00000000e+00,-7.37993886e-03,0
46,30,1.01762069e-02,0.00000000e+00,0.00000000e+00,-1.01762069e-02,0
46,31,6.86036688e-03,0.00000000e+00,0.00000000e+00,6.86036688e-03,0
46,32,5.07869540e-03,0.00000000e+00,0.00000000e+00,5.07869540e-03,0
46,33,6.86036688e-03,0.00000000e+00,0.00000000e+00,6.86036688e-03,0
46,34,1.01762069e-02,0.00000000e+00,0.00000000e+00,-1.01762069e-02,0
46,35,7.37993886e-03,0.00000000e+00,0.00000000e+00,-7.37993886e-03,0
46,36,6.35462610e-03,0.00000000e+00,0.00000000e+00,6.35462610e-03,0
46,37,2.90344005e-03,0.00000000e+00,0.00000000e+00,2.90344005e-03,0
46,38,1.89838002e-03,0.00000000e+00,0.00000000e+00,1.89838002e-03,0
46,39,1.05822975e-02,0.00000000e+00,0.00000000e+00,1.05822975e-02,0
46,40,2.73095622e-03,0.00000000e+00,0.00000000e+00,-2.73095622e-03,0
46,41,5.58270265e-03,0.00000000e+00,0.00000000e+00,5.58270265e-03,0
46,42,1.14738388e-02,0.00000000e+00,0.00000000e+00,-1.14738388e-02,0
46,43,1.07066601e-02,0.00000000e+00,0.00000000e+00,1.07066601e-02,0
46,44,4.54788188e-03,0.00000000e+00,0.00000000e+00,-4.54788188e-03,0
46,45,7.19064666e-03,0.00000000e+00,0.00000000e+00,7.19064666e-03,0
46,46,7.22668433e-03,0.00000000e+00,0.00000000e+00,-7.22668433e-03,0
46,47,9.10629486e-03,0.00000000e+00,0.00000000e+00,9.10629486e-03,0
46,48,4.24329144e-03,0.00000000e+00,0.00000000e+00,-4.24329144e-03,0
46,49,5.16177122e-03,0.00000000e+00,0.00000000e+00,5.16177122e-03,0
46,50,4.23417085e-03,0.00000000e+00,0.00000000e+00,4.23417085e-03,0
46,51,6.66193665e-04,0.00000000e+00,0.00000000e+00,-6.66193665e-04,0
46,52,4.95329495e-03,0.00000000e+00,0.00000000e+00,4.95329495e-03,0
46,53,5.86014980e-03,0.00000000e+00,0.00000000e+00,-5.86014980e-03,0
46,54,6.76396827e-03,0.00000000e+00,0.00000000e+00,-6.76396827e-03,0
46,55,5.33757799e-03,0.00000000e+00,0.00000000e+00,5.33757799e-03,0
46,56,5.37746802e-03,0.00000000e+00,0.00000000e+00,5.37746802e-03,0
46,57,3.07422939e-03,0.00000000e+00,0.00000000e+00,-3.07422939e-03,0
46,58,2.98415971e-03,0.00000000e+00,0.00000000e+00,-2.98415971e-03,0
46,59,1.84221123e-03,0.00000000e+00,0.00000000e+00,1.84221123e-03,0
46,60,2.11618153e-03,0.00000000e+00,0.00000000e+00,2.11618153e-03,0
46,61,2.37551004e-04,0.00000000e+00,0.00000000e+00,2.37551004e-04,0
46,62,5.09901994e-04,0.00000000e+00,0.00000000e+00,-5.09901994e-04,0
46,63,1.16954891e-03,0.00000000e+00,0.00000000e+00,-1.16954891e-03,0
47,0,9.92333747e-04,0.00000000e+00,0.00000000e+00,-9.92333747e-04,0
47,1,5.82628798e-04,0.00000000e+00,0.00000000e+00,-5.82628798e-04,0
47,2,6.19420039e-04,0.00000000e+00,0.00000000e+00,-6.19420039e-04,0
47,3,1.15328560e-03,0.00000000e+00,0.00000000e+00,-1.15328560e-03,0
47,4,7.14689693e-04,0.00000000e+00,0.00000000e+00,7.14689693e-04,0
47,5,3.06038167e-03,0.00000000e+00,0.00000000e+00,3.06038167e-03,0
47,6,7.42221400e-04,0.00000000e+00,0.00000000e+00,7.42221400e-04,0
47,7,1.88690668e-03,0.00000000e+00,0.00000000e+00,-1.88690668e-03,0
47,8,1.25724209e-03,0.00000000e+00,0.00000000e+00,-1.25724209e-03,0
47,9,6.40462966e-04,0.00000000e+00,0.00000000e+00,-6.40462966e-04,0
47,10,3.89924051e-03,0.00000000e+00,0.00000000e+00,3.89924051e-03,0
47,11,1.91429365e-03,0.00000000e+00,0.00000000e+00,1.91429365e-03,0
47,12,5.65495984e-03,0.00000000e+00,0.00000000e+00,-5.65495984e-03,0
47,13,8.01364903e-04,0.00000000e+00,0.00000000e+00,-8.01364903e-04,0
47,14,5.23127779e-03,0.00000000e+00,0.00000000e+00,-5.23127779e-03,0
47,15,1.63452450e-03,0.00000000e+00,0.00000000e+00,1.63452450e-03,0
47,16,2.80003379e-03,0.00000000e+00,0.00000000e+00,2.80003379e-03,0
47,17,1.37411514e-03,0.00000000e+00,0.00000000e+00,1.37411514e-03,0
47,18,9.10629486e-03,0.00000000e+00,0.00000000e+00,9.10629486e-03,0
47,19,1.35963522e-03,0.00000000e+00,0.00000000e+00,-1.35963522e-03,0
47,20,1.10985214e-02,0.00000000e+00,0.00000000e+00,1.10985214e-02,0
47,21,3.04744308e-03,0.00000000e+00,0.00000000e+00,-3.04744308e-03,0
47,22,1.12286234e-02,0.00000000e+00,0.00000000e+00,1.12286234e-02,0
47,23,1.51424339e-03,0.00000000e+00,0.00000000e+00,-1.51424339e-03,0
47,24,4.65119250e-03,0.00000000e+00,0.00000000e+00,4.65119250e-03,0
47,25,2.37007811e-04,0.00000000e+00,0.00000000e+00,2.37007811e-04,0
47,26,1.63384591e-03,0.00000000e+00,0.00000000e+00,-1.63384591e-03,0
47,27,9.83580853e-04,0.00000000e+00,0.00000000e+00,9.83580853e-04,0
47,28,1.04112088e-02,0.00000000e+00,0.00000000e+00,-1.04112088e-02,0
47,29,2.71208418e-04,0.00000000e+00,0.00000000e+00,-2.71208418e-04,0
47,30,3.61942089e-03,0.00000000e+00,0.00000000e+00,3.61942089e-03,0
47,31,7.66192557e-04,0.00000000e+00,0.00000000e+00,-7.66192557e-04,0
47,32,7.66529973e-03,0.00000000e+00,0.00000000e+00,7.66529973e-03,0
47,33,7.66192557e-04,0.00000000e+00,0.00000000e+00,-7.66192557e-04,0
47,34,3.61942089e-03,0.00000000e+00,0.00000000e+00,3.61942089e-03,0
47,35,2.71208418e-04,0.00000000e+00,0.00000000e+00,-2.71208418e-04,0
47,36,1.04112088e-02,0.00000000e+00,0.00000000e+00,-1.04112088e-02,0
47,37,9.83580853e-04,0.00000000e+00,0.00000000e+00,9.83580853e-04,0
47,38,1.63384591e-03,0.00000000e+00,0.00000000e+00,-1.63384591e-03,0
47,39,2.37007811e-04,0.00000000e+00,0.00000000e+00,2.37007811e-04,0
47,40,4.65119250e-03,0.00000000e+00,0.00000000e+00,4.65119250e-03,0
47,41,1.51424339e-03,0.00000000e+00,0.00000000e+00,-1.51424339e-03,0
47,42,1.12286234e-02,0.00000000e+00,0.00000000e+00,1.12286234e-02,0
47,43,3.04744308e-03,0.00000000e+00,0.00000000e+00,-3.04744308e-03,0
47,44,1.10985214e-02,0.00000000e+00,0.00000000e+00,1.10985214e-02,0
47,45,1.35963522e-03,0.00000000e+00,0.00000000e+00,-1.35963522e-03,0
47,46,9.10629486e-03,0.00000000e+00,0.00000000e+00,9.10629486e-03,0
47,47,1.37411514e-03,0.00000000e+00,0.00000000e+00,1.37411514e-03,0
47,48,2.80003379e-03,0.00000000e+00,0.00000000e+00,2.80003379e-03,0
47,49,1.63452450e-03,0.00000000e+00,0.00000000e+00,1.63452450e-03,0
47,50,5.23127779e-03,0.00000000e+00,0.00000000e+00,-5.23127779e-03,0
47,51,8.01364903e-04,0.00000000e+00,0.00000000e+00,-8.01364903e-04,0
47,52,5.65495984e-03,0.00000000e+00,0.00000000e+00,-5.65495984e-03,0
47,53,1.91429365e-03,0.00000000e+00,0.00000000e+00,1.91429365e-03,0
47,54,3.89924051e-03,0.00000000e+00,0.00000000e+00,3.89924051e-03,0
47,55,6.40462966e-04,0.00000000e+00,0.00000000e+00,-6.40462966e-04,0
47,56,1.25724209e-03,0.00000000e+00,0.00000000e+00,-1.25724209e-03,0
47,57,1.88690668e-03,0.00000000e+00,0.00000000e+00,-1.88690668e-03,0
47,58,7.42221400e-04,0.00000000e+00,0.00000000e+00,7.42221400e-04,0
47,59,3.06038167e-03,0.00000000e+00,0.00000000e+00,3.06038167e-03,0
47,60,7.14689693e-04,0.00000000e+00,0.00000000e+00,7.14689693e-04,0
47,61,1.15328560e-03,0.00000000e+00,0.00000000e+00,-1.15328560e-03,0
47,62,6.19420039e-04,0.00000000e+00,0.00000000e+00,-6.19420039e-04,0
47,63,5.82628798e-04,0.00000000e+00,0.00000000e+00,-5.82628798e-04,0
48,0,9.15404020e-04,0.00000000e+00,0.00000000e+00,-9.15404020e-04,0
48,1,1.96411870e-04,0.00000000e+00,0.00000000e+00,-1.96411870e-04,0
48,2,5.16999592e-05,0.00000000e+00,0.00000000e+00,5.16999592e-05,0
48,3,1.30315491e-03,0.00000000e+00,0.00000000e+00,-1.30315491e-03,0
48,4,6.24953826e-04,0.00000000e+00,0.00000000e+00,-6.24953826e-04,0
48,5,2.01386764e-03,0.00000000e+00,0.00000000e+00,2.01386764e-03,0
48,6,4.76364994e-05,0.00000000e+00,0.00000000e+00,4.76364994e-05,0
48,7,1.67349835e-03,0.00000000e+00,0.00000000e+00,-1.67349835e-03,0
48,8,5.37478979e-03,0.00000000e+00,0.00000000e+00,5.37478979e-03,0
48,9,4.02543992e-03,0.00000000e+00,0.00000000e+00,4.02543992e-03,0
48,10,9.61642343e-03,0.00000000e+00,0.00000000e+00,-9.61642343e-03,0
48,11,4.56985625e-03,0.00000000e+00,0.00000000e+00,-4.56985625e-03,0
48,12,5.95951889e-03,0.00000000e+00,0.00000000e+00,5.95951889e-03,0
48,13,1.03508305e-03,0.00000000e+00,0.00000000e+00,-1.03508305e-03,0
48,14,1.75770894e-03,0.00000000e+00,0.00000000e+00,1.75770894e-03,0
48,15,7.76968346e-04,0.00000000e+00,0.00000000e+00,-7.76968346e-04,0
48,16,3.15052304e-03,0.00000000e+00,0.00000000e+00,-3.15052304e-03,0
48,17,2.80003379e-03,0.00000000e+00,0.00000000e+00,2.80003379e-03,0
48,18,4.24329144e-03,0.00000000e+00,0.00000000e+00,-4.24329144e-03,0
48,19,3.01052229e-03,0.00000000e+00,0.00000000e+00,3.01052229e-03,0
48,20,1.71261341e-03,0.00000000e+00,0.00000000e+00,-1.71261341e-03,0
48,21,7.04744523e-03,0.00000000e+00,0.00000000e+00,7.04744523e-03,0
48,22,9.43859885e-03,0.00000000e+00,0.00000000e+00,-9.43859885e-03,0
48,23,8.55564661e-05,0.00000000e+00,0.00000000e+00,-8.55564661e-05,0
48,24,8.44513601e-04,0.00000000e+00,0.00000000e+00,-8.44513601e-04,0
48,25,1.06927328e-03,0.00000000e+00,0.00000000e+00,1.06927328e-03,0
48,26,3.05302122e-03,0.00000000e+00,0.00000000e+00,3.05302122e-03,0
48,27,4.15383809e-03,0.00000000e+00,0.00000000e+00,-4.15383809e-03,0
48,28,6.66168783e-03,0.00000000e+00,0.00000000e+00,6.66168783e-03,0
48,29,1.56219280e-04,0.00000000e+00,0.00000000e+00,-1.56219280e-04,0
48,30,1.09153632e-02,0.00000000e+00,0.00000000e+00,-1.09153632e-02,0
48,31,5.36734537e-03,0.00000000e+00,0.00000000e+00,5.36734537e-03,0
48,32,3.88869093e-03,0.00000000e+00,0.00000000e+00,3.88869093e-03,0
48,33,5.36734537e-03,0.00000000e+00,0.00000000e+00,5.36734537e-03,0
48,34,1.09153632e-02,0.00000000e+00,0.00000000e+00,-1.09153632e-02,0
48,35,1.56219280e-04,0.00000000e+00,0.00000000e+00,-1.56219280e-04,0
48,36,6.66168783e-03,0.00000000e+00,0.00000000e+00,6.66168783e-03,0
48,37,4.15383809e-03,0.00000000e+00,0.00000000e+00,-4.15383809e-03,0
48,38,3.05302122e-03,0.00000000e+00,0.00000000e+00,3.05302122e-03,0
48,39,1.06927328e-03,0.00000000e+00,0.00000000e+00,1.06927328e-03,0
48,40,8.44513601e-04,0.00000000e+00,0.00000000e+00,-8.44513601e-04,0
48,41,8.55564661e-05,0.00000000e+00,0.00000000e+00,-8.55564661e-05,0
48,42,9.43859885e-03,0.00000000e+00,0.00000000e+00,-9.43859885e-03,0
48,43,7.04744523e-03,0.00000000e+00,0.00000000e+00,7.04744523e-03,0
48,44,1.71261341e-03,0.00000000e+00,0.00000000e+00,-1.71261341e-03,0
48,45,3.01052229e-03,0.00000000e+00,0.00000000e+00,3.01052229e-03,0
48,46,4.24329144e-03,0.00000000e+00,0.00000000e+00,-4.24329144e-03,0
48,47,2.80003379e-03,0.00000000e+00,0.00000000e+00,2.80003379e-03,0
48,48,3.15052304e-03,0.00000000e+00,0.00000000e+00,-3.15052304e-03,0
48,49,7.76968346e-04,0.00000000e+00,0.00000000e+00,-7.76968346e-04,0
48,50,1.75770894e-03,0.00000000e+00,0.00000000e+00,1.75770894e-03,0
48,51,1.03508305e-03,0.00000000e+00,0.00000000e+00,-1.03508305e-03,0
48,52,5.95951889e-03,0.00000000e+00,0.00000000e+00,5.95951889e-03,0
48,53,4.56985625e-03,0.00000000e+00,0.00000000e+00,-4.56985625e-03,0
48,54,9.61642343e-03,0.00000000e+00,0.00000000e+00,-9.61642343e-03,0
48,55,4.02543992e-03,0.00000000e+00,0.00000000e+00,4.02543992e-03,0
48,56,5.37478979e-03,0.00000000e+00,0.00000000e+00,5.37478979e-03,0
48,57,1.67349835e-03,0.00000000e+00,0.00000000e+00,-1.67349835e-03,0
48,58,4.76364994e-05,0.00000000e+00,0.00000000e+00,4.76364994e-05,0
48,59,2.01386764e-03,0.00000000e+00,0.00000000e+00,2.01386764e-03,0
48,60,6.24953826e-04,0.00000000e+00,0.00000000e+00,-6.24953826e-04,0
48,61,1.30315491e-03,0.00000000e+00,0.00000000e+00,-1.30315491e-03,0
48,62,5.16999592e-05,0.00000000e+00,0.00000000e+00,5.16999592e-05,0
48,63,1.96411870e-04,0.00000000e+00,0.00000000e+00,-1.96411870e-04,0
49,0,1.31971520e-03,0.00000000e+00,0.00000000e+00,-1.31971520e-03,0
49,1,2.14991368e-04,0.00000000e+00,0.00000000e+00,-2.14991368e-04,0
49,2,8.36776673e-04,0.00000000e+00,0.00000000e+00,8.36776673e-04,0
49,3,5.49989455e-04,0.00000000e+00,0.00000000e+00,-5.49989455e-04,0
49,4,1.31584214e-03,0.00000000e+00,0.00000000e+00,-1.31584214e-03,0
49,5,1.09034468e-03,0.00000000e+00,0.00000000e+00,1.09034468e-03,0
49,6,1.25593701e-03,0.00000000e+00,0.00000000e+00,1.25593701e-03,0
49,7,2.81348872e-03,0.00000000e+00,0.00000000e+00,-2.81348872e-03,0
49,8,2.21582631e-03,0.00000000e+00,0.00000000e+00,-2.21582631e-03,0
49,9,5.87038214e-03,0.00000000e+00,0.00000000e+00,5.87038214e-03,0
49,10,8.07160445e-03,0.00000000e+00,0.00000000e+00,8.07160445e-03,0
49,11,4.85720811e-03,0.00000000e+00,0.00000000e+00,-4.85720811e-03,0
49,12,7.52233531e-03,0.00000000e+00,0.00000000e+00,-7.52233531e-03,0
49,13,1.07590876e-03,0.00000000e+00,0.00000000e+00,1.07590876e-03,0
49,14,6.21703261e-03,0.00000000e+00,0.00000000e+00,-6.21703261e-03,0
49,15,4.29446989e-03,0.00000000e+00,0.00000000e+00,4.29446989e-03,0
49,16,7.76968346e-04,0.00000000e+00,0.00000000e+00,-7.76968346e-04,0
49,17,1.63452450e-03,0.00000000e+00,0.00000000e+00,1.63452450e-03,0
49,18,5.16177122e-03,0.00000000e+00,0.00000000e+00,5.16177122e-03,0
49,19,2.98590867e-03,0.00000000e+00,0.00000000e+00,-2.98590867e-03,0
49,20,6.63939388e-03,0.00000000e+00,0.00000000e+00,6.63939388e-03,0
49,21,2.81985937e-03,0.00000000e+00,0.00000000e+00,-2.81985937e-03,0
49,22,8.00181614e-03,0.00000000e+00,0.00000000e+00,8.00181614e-03,0
49,23,2.29864924e-03,0.00000000e+00,0.00000000e+00,-2.29864924e-03,0
49,24,2.31477013e-03,0.00000000e+00,0.00000000e+00,-2.31477013e-03,0
49,25,6.00128552e-03,0.00000000e+00,0.00000000e+00,6.00128552e-03,0
49,26,7.80957874e-03,0.00000000e+00,0.00000000e+00,-7.80957874e-03,0
49,27,6.50180760e-03,0.00000000e+00,0.00000000e+00,6.50180760e-03,0
49,28,8.80066120e-03,0.00000000e+00,0.00000000e+00,-8.80066120e-03,0
49,29,6.38718553e-03,0.00000000e+00,0.00000000e+00,-6.38718553e-03,0
49,30,1.26627816e-02,0.00000000e+00,0.00000000e+00,1.26627816e-02,0
49,31,3.35938682e-04,0.00000000e+00,0.00000000e+00,3.35938682e-04,0
49,32,3.55908835e-03,0.00000000e+00,0.00000000e+00,-3.55908835e-03,0
49,33,3.35938682e-04,0.00000000e+00,0.00000000e+00,3.35938682e-04,0
49,34,1.26627816e-02,0.00000000e+00,0.00000000e+00,1.26627816e-02,0
49,35,6.38718553e-03,0.00000000e+00,0.00000000e+00,-6.38718553e-03,0
49,36,8.80066120e-03,0.00000000e+00,0.00000000e+00,-8.80066120e-03,0
49,37,6.50180760e-03,0.00000000e+00,0.00000000e+00,6.50180760e-03,0
49,38,7.80957874e-03,0.00000000e+00,0.00000000e+00,-7.80957874e-03,0
49,39,6.00128552e-03,0.00000000e+00,0.00000000e+00,6.00128552e-03,0
49,40,2.31477013e-03,0.00000000e+00,0.00000000e+00,-2.31477013e-03,0
49,41,2.29864924e-03,0.00000000e+00,0.00000000e+00,-2.29864924e-03,0
49,42,8.00181614e-03,0.00000000e+00,0.00000000e+00,8.00181614e-03,0
49,43,2.81985937e-03,0.00000000e+00,0.00000000e+00,-2.81985937e-03,0
49,44,6.63939388e-03,0.00000000e+00,0.00000000e+00,6.63939388e-03,0
49,45,2.98590867e-03,0.00000000e+00,0.00000000e+00,-2.98590867e-03,0
49,46,5.16177122e-03,0.00000000e+00,0.00000000e+00,5.16177122e-03,0
49,47,1.63452450e-03,0.00000000e+00,0.00000000e+00,1.63452450e-03,0
49,48,7.76968346e-04,0.00000000e+00,0.00000000e+00,-7.76968346e-04,0
49,49,4.29446989e-03,0.00000000e+00,0.00000000e+00,4.29446989e-03,0
49,50,6.21703261e-03,0.00000000e+00,0.00000000e+00,-6.21703261e-03,0
49,51,1.07590876e-03,0.00000000e+00,0.00000000e+00,1.07590876e-03,0
49,52,7.52233531e-03,0.00000000e+00,0.00000000e+00,-7.52233531e-03,0
49,53,4.85720811e-03,0.00000000e+00,0.00000000e+00,-4.85720811e-03,0
49,54,8.07160445e-03,0.00000000e+00,0.00000000e+00,8.07160445e-03,0
49,55,5.87038214e-03,0.00000000e+00,0.00000000e+00,5.87038214e-03,0
49,56,2.21582631e-03,0.00000000e+00,0.00000000e+00,-2.21582631e-03,0
49,57,2.81348872e-03,0.00000000e+00,0.00000000e+00,-2.81348872e-03,0
49,58,1.25593701e-03,0.00000000e+00,0.00000000e+00,1.25593701e-03,0
49,59,1.09034468e-03,0.00000000e+00,0.00000000e+00,1.09034468e-03,0
49,60,1.31584214e-03,0.00000000e+00,0.00000000e+00,-1.31584214e-03,0
49,61,5.49989455e-04,0.00000000e+00,0.00000000e+00,-5.49989455e-04,0
49,62,8.36776673e-04,0.00000000e+00,0.00000000e+00,8.36776673e-04,0
49,63,2.14991368e-04,0.00000000e+00,0.00000000e+00,-2.14991368e-04,0
50,0,1.82137848e-03,0.00000000e+00,0.00000000e+00,-1.82137848e-03,0
50,1,5.05327699e-04,0.00000000e+00,0.00000000e+00,-5.05327699e-04,0
50,2,1.21225003e-03,0.00000000e+00,0.00000000e+00,1.21225003e-03,0
50,3,4.08214038e-04,0.00000000e+00,0.00000000e+00,4.08214038e-04,0
50,4,7.93603458e-04,0.00000000e+00,0.00000000e+00,-7.93603458e-04,0
50,5,3.55381633e-04,0.00000000e+00,0.00000000e+00,3.55381633e-04,0
50,6,1.79963238e-05,0.00000000e+00,0.00000000e+00,-1.79963238e-05,0
50,7,1.41972617e-03,0.00000000e+00,0.00000000e+00,-1.41972617e-03,0
50,8,1.51080297e-03,0.00000000e+00,0.00000000e+00,1.51080297e-03,0
50,9,4.19408875e-04,0.00000000e+00,0.00000000e+00,-4.19408875e-04,0
50,10,4.04411811e-03,0.00000000e+00,0.00000000e+00,-4.04411811e-03,0
50,11,4.74299314e-03,0.00000000e+00,0.00000000e+00,4.74299314e-03,0
50,12,4.03533299e-03,0.00000000e+00,0.00000000e+00,4.03533299e-03,0
50,13,6.93951316e-04,0.00000000e+00,0.00000000e+00,-6.93951316e-04,0
50,14,1.00965810e-03,0.00000000e+00,0.00000000e+00,-1.00965810e-03,0
50,15,6.21703261e-03,0.00000000e+00,0.00000000e+00,-6.21703261e-03,0
50,16,1.75770894e-03,0.00000000e+00,0.00000000e+00,1.75770894e-03,0
50,17,5.23127779e-03,0.00000000e+00,0.00000000e+00,-5.23127779e-03,0
50,18,4.23417085e-03,0.00000000e+00,0.00000000e+00,4.23417085e-03,0
50,19,4.19640463e-03,0.00000000e+00,0.00000000e+00,-4.19640463e-03,0
50,20,6.50672732e-03,0.00000000e+00,0.00000000e+00,6.50672732e-03,0
50,21,9.09813857e-04,0.00000000e+00,0.00000000e+00,-9.09813857e-04,0
50,22,1.50477828e-04,0.00000000e+00,0.00000000e+00,1.50477828e-04,0
50,23,7.57370331e-03,0.00000000e+00,0.00000000e+00,-7.57370331e-03,0
50,24,7.83762335e-03,0.00000000e+00,0.00000000e+00,7.83762335e-03,0
50,25,1.05145543e-02,0.00000000e+00,0.00000000e+00,-1.05145543e-02,0
50,26,7.14282479e-03,0.00000000e+00,0.00000000e+00,7.14282479e-03,0
50,27,8.37521056e-03,0.00000000e+00,0.00000000e+00,-8.37521056e-03,0
50,28,1.92571078e-03,0.00000000e+00,0.00000000e+00,-1.92571078e-03,0
50,29,1.02458380e-02,0.00000000e+00,0.00000000e+00,1.02458380e-02,0
50,30,9.51584148e-03,0.00000000e+00,0.00000000e+00,-9.51584148e-03,0
50,31,7.44757089e-04,0.00000000e+00,0.00000000e+00,7.44757089e-04,0
50,32,6.04154402e-03,0.00000000e+00,0.00000000e+00,6.04154402e-03,0
50,33,7.44757089e-04,0.00000000e+00,0.00000000e+00,7.44757089e-04,0
50,34,9.51584148e-03,0.00000000e+00,0.00000000e+00,-9.51584148e-03,0
50,35,1.02458380e-02,0.00000000e+00,0.00000000e+00,1.02458380e-02,0
50,36,1.92571078e-03,0.00000000e+00,0.00000000e+00,-1.92571078e-03,0
50,37,8.37521056e-03,0.00000000e+00,0.00000000e+00,-8.37521056e-03,0
50,38,7.14282479e-03,0.00000000e+00,0.00000000e+00,7.14282479e-03,0
50,39,1.05145543e-02,0.00000000e+00,0.00000000e+00,-1.05145543e-02,0
50,40,7.83762335e-03,0.00000000e+00,0.00000000e+00,7.83762335e-03,0
50,41,7.57370331e-03,0.00000000e+00,0.00000000e+00,-7.57370331e-03,0
50,42,1.50477828e-04,0.00000000e+00,0.00000000e+00,1.50477828e-04,0
50,43,9.09813857e-04,0.00000000e+00,0.00000000e+00,-9.09813857e-04,0
50,44,6.50672732e-03,0.00000000e+00,0.00000000e+00,6.50672732e-03,0
50,45,4.19640463e-03,0.00000000e+00,0.00000000e+00,-4.19640463e-03,0
50,46,4.23417085e-03,0.00000000e+00,0.00000000e+00,4.23417085e-03,0
50,47,5.23127779e-03,0.00000000e+00,0.00000000e+00,-5.23127779e-03,0
50,48,1.75770894e-03,0.00000000e+00,0.00000000e+00,1.75770894e-03,0
50,49,6.21703261e-03,0.00000000e+00,0.00000000e+00,-6.21703261e-03,0
50,50,1.00965810e-03,0.00000000e+00,0.00000000e+00,-1.00965810e-03,0
50,51,6.93951316e-04,0.00000000e+00,0.00000000e+00,-6.93951316e-04,0
50,52,4.03533299e-03,0.00000000e+00,0.00000000e+00,4.03533299e-03,0
50,53,4.74299314e-03,0.00000000e+00,0.00000000e+00,4.74299314e-03,0
50,54,4.04411811e-03,0.00000000e+00,0.00000000e+00,-4.04411811e-03,0
50,55,4.19408875e-04,0.00000000e+00,0.00000000e+00,-4.19408875e-04,0
50,56,1.51080297e-03,0.00000000e+00,0.00000000e+00,1.51080297e-03,0
50,57,1.41972617e-03,0.00000000e+00,0.00000000e+00,-1.41972617e-03,0
50,58,1.79963238e-05,0.00000000e+00,0.00000000e+00,-1.79963238e-05,0
50,59,3.55381633e-04,0.00000000e+00,0.00000000e+00,3.55381633e-04,0
50,60,7.93603458e-04,0.00000000e+00,0.00000000e+00,-7.93603458e-04,0
50,61,4.08214038e-04,0.00000000e+00,0.00000000e+00,4.08214038e-04,0
50,62,1.21225003e-03,0.00000000e+00,0.00000000e+00,1.21225003e-03,0
50,63,5.05327699e-04,0.00000000e+00,0.00000000e+00,-5.05327699e-04,0
51,0,2.16970466e-03,0.00000000e+00,0.00000000e+00,-2.16970466e-03,0
51,1,8.00057948e-04,0.00000000e+00,0.00000000e+00,-8.00057948e-04,0
51,2,1.29559267e-03,0.00000000e+00,0.00000000e+00,1.29559267e-03,0
51,3,8.25572767e-04,0.00000000e+00,0.00000000e+00,8.25572767e-04,0
51,4,6.68286707e-04,0.00000000e+00,0.00000000e+00,-6.68286707e-04,0
51,5,1.20573535e-03,0.00000000e+00,0.00000000e+00,1.20573535e-03,0
51,6,1.78659097e-03,0.00000000e+00,0.00000000e+00,1.78659097e-03,0
51,7,4.44254369e-03,0.00000000e+00,0.00000000e+00,-4.44254369e-03,0
51,8,3.77816915e-03,0.00000000e+00,0.00000000e+00,-3.77816915e-03,0
51,9,8.14148085e-03,0.00000000e+00,0.00000000e+00,8.14148085e-03,0
51,10,4.37589972e-03,0.00000000e+00,0.00000000e+00,4.37589972e-03,0
51,11,1.08970142e-02,0.00000000e+00,0.00000000e+00,-1.08970142e-02,0
51,12,3.28840460e-03,0.00000000e+00,0.00000000e+00,-3.28840460e-03,0
51,13,6.45188188e-03,0.00000000e+00,0.00000000e+00,6.45188188e-03,0
51,14,6.93951316e-04,0.00000000e+00,0.00000000e+00,-6.93951316e-04,0
51,15,1.07590876e-03,0.00000000e+00,0.00000000e+00,1.07590876e-03,0
51,16,1.03508305e-03,0.00000000e+00,0.00000000e+00,-1.03508305e-03,0
51,17,8.01364903e-04,0.00000000e+00,0.00000000e+00,-8.01364903e-04,0
51,18,6.66193665e-04,0.00000000e+00,0.00000000e+00,-6.66193665e-04,0
51,19,1.56289008e-03,0.00000000e+00,0.00000000e+00,-1.56289008e-03,0
51,20,3.62172130e-03,0.00000000e+00,0.00000000e+00,-3.62172130e-03,0
51,21,3.88998932e-03,0.00000000e+00,0.00000000e+00,3.88998932e-03,0
51,22,1.06874843e-03,0.00000000e+00,0.00000000e+00,-1.06874843e-03,0
51,23,1.57646452e-03,0.00000000e+00,0.00000000e+00,-1.57646452e-03,0
51,24,1.15803427e-02,0.00000000e+00,0.00000000e+00,-1.15803427e-02,0
51,25,6.40115665e-03,0.00000000e+00,0.00000000e+00,6.40115665e-03,0
51,26,8.18582878e-03,0.00000000e+00,0.00000000e+00,-8.18582878e-03,0
51,27,3.34051979e-04,0.00000000e+00,0.00000000e+00,3.34051979e-04,0
51,28,2.15868280e-03,0.00000000e+00,0.00000000e+00,2.15868280e-03,0
51,29,1.17899974e-02,0.00000000e+00,0.00000000e+00,-1.17899974e-02,0
51,30,1.32678289e-02,0.00000000e+00,0.00000000e+00,1.32678289e-02,0
51,31,5.55746600e-03,0.00000000e+00,0.00000000e+00,5.55746600e-03,0
51,32,1.01979453e-02,0.00000000e+00,0.00000000e+00,-1.01979453e-02,0
51,33,5.55746600e-03,0.00000000e+00,0.00000000e+00,5.55746600e-03,0
51,34,1.32678289e-02,0.00000000e+00,0.00000000e+00,1.32678289e-02,0
51,35,1.17899974e-02,0.00000000e+00,0.00000000e+00,-1.17899974e-02,0
51,36,2.15868280e-03,0.00000000e+00,0.00000000e+00,2.15868280e-03,0
51,37,3.34051979e-04,0.00000000e+00,0.00000000e+00,3.34051979e-04,0
51,38,8.18582878e-03,0.00000000e+00,0.00000000e+00,-8.18582878e-03,0
51,39,6.40115665e-03,0.00000000e+00,0.00000000e+00,6.40115665e-03,0
51,40,1.15803427e-02,0.00000000e+00,0.00000000e+00,-1.15803427e-02,0
51,41,1.57646452e-03,0.00000000e+00,0.00000000e+00,-1.57646452e-03,0
51,42,1.06874843e-03,0.00000000e+00,0.00000000e+00,-1.06874843e-03,0
51,43,3.88998932e-03,0.00000000e+00,0.00000000e+00,3.88998932e-03,0
51,44,3.62172130e-03,0.00000000e+00,0.00000000e+00,-3.62172130e-03,0
51,45,1.56289008e-03,0.00000000e+00,0.00000000e+00,-1.56289008e-03,0
51,46,6.66193665e-04,0.00000000e+00,0.00000000e+00,-6.66193665e-04,0
51,47,8.01364903e-04,0.00000000e+00,0.00000000e+00,-8.01364903e-04,0
51,48,1.03508305e-03,0.00000000e+00,0.00000000e+00,-1.03508305e-03,0
51,49,1.07590876e-03,0.00000000e+00,0.00000000e+00,1.07590876e-03,0
51,50,6.93951316e-04,0.00000000e+00,0.00000000e+00,-6.93951316e-04,0
51,51,6.45188188e-03,0.00000000e+00,0.00000000e+00,6.45188188e-03,0
51,52,3.28840460e-03,0.00000000e+00,0.00000000e+00,-3.28840460e-03,0
51,53,1.08970142e-02,0.00000000e+00,0.00000000e+00,-1.08970142e-02,0
51,54,4.37589972e-03,0.00000000e+00,0.00000000e+00,4.37589972e-03,0
51,55,8.14148085e-03,0.00000000e+00,0.00000000e+00,8.14148085e-03,0
51,56,3.77816915e-03,0.00000000e+00,0.00000000e+00,-3.77816915e-03,0
51,57,4.44254369e-03,0.00000000e+00,0.00000000e+00,-4.44254369e-03,0
51,58,1.78659097e-03,0.00000000e+00,0.00000000e+00,1.78659097e-03,0
51,59,1.20573535e-03,0.00000000e+00,0.00000000e+00,1.20573535e-03,0
51,60,6.68286707e-04,0.00000000e+00,0.00000000e+00,-6.68286707e-04,0
51,61,8.25572767e-04,0.00000000e+00,0.00000000e+00,8.25572767e-04,0
51,62,1.29559267e-03,0.00000000e+00,0.00000000e+00,1.29559267e-03,0
51,63,8.00057948e-04,0.00000000e+00,0.00000000e+00,-8.00057948e-04,0
52,0,2.26768432e-03,0.00000000e+00,0.00000000e+00,-2.26768432e-03,0
52,1,1.04144037e-03,0.00000000e+00,0.00000000e+00,-1.04144037e-03,0
52,2,1.23453167e-03,0.00000000e+00,0.00000000e+00,1.23453167e-03,0
52,3,1.35621196e-03,0.00000000e+00,0.00000000e+00,1.35621196e-03,0
52,4,8.80077219e-04,0.00000000e+00,0.00000000e+00,-8.80077219e-04,0
52,5,3.56578137e-04,0.00000000e+00,0.00000000e+00,-3.56578137e-04,0
52,6,3.38338993e-03,0.00000000e+00,0.00000000e+00,3.38338993e-03,0
52,7,1.80223162e-03,0.00000000e+00,0.00000000e+00,1.80223162e-03,0
52,8,6.09602520e-03,0.00000000e+00,0.00000000e+00,-6.09602520e-03,0
52,9,6.27170670e-03,0.00000000e+00,0.00000000e+00,-6.27170670e-03,0
52,10,8.43063627e-03,0.00000000e+00,0.00000000e+00,8.43063627e-03,0
52,11,9.98725894e-03,0.00000000e+00,0.00000000e+00,9.98725894e-03,0
52,12,1.15887293e-02,0.00000000e+00,0.00000000e+00,-1.15887293e-02,0
52,13,3.28840460e-03,0.00000000e+00,0.00000000e+00,-3.28840460e-03,0
52,14,4.03533299e-03,0.00000000e+00,0.00000000e+00,4.03533299e-03,0
52,15,7.52233531e-03,0.00000000e+00,0.00000000e+00,-7.52233531e-03,0
52,16,5.95951889e-03,0.00000000e+00,0.00000000e+00,5.95951889e-03,0
52,17,5.65495984e-03,0.00000000e+00,0.00000000e+00,-5.65495984e-03,0
52,18,4.95329495e-03,0.00000000e+00,0.00000000e+00,4.95329495e-03,0
52,19,5.01093665e-03,0.00000000e+00,0.00000000e+00,-5.01093665e-03,0
52,20,4.21551607e-03,0.00000000e+00,0.00000000e+00,4.21551607e-03,0
52,21,6.51741851e-03,0.00000000e+00,0.00000000e+00,-6.51741851e-03,0
52,22,3.26948215e-03,0.00000000e+00,0.00000000e+00,3.26948215e-03,0
52,23,6.68078693e-03,0.00000000e+00,0.00000000e+00,-6.68078693e-03,0
52,24,1.64054809e-03,0.00000000e+00,0.00000000e+00,1.64054809e-03,0
52,25,9.19477081e-03,0.00000000e+00,0.00000000e+00,-9.19477081e-03,0
52,26,1.97426299e-03,0.00000000e+00,0.00000000e+00,-1.97426299e-03,0
52,27,1.75493901e-03,0.00000000e+00,0.00000000e+00,1.75493901e-03,0
52,28,1.17502229e-02,0.00000000e+00,0.00000000e+00,-1.17502229e-02,0
52,29,8.91930205e-03,0.00000000e+00,0.00000000e+00,8.91930205e-03,0
52,30,1.64108628e-02,0.00000000e+00,0.00000000e+00,1.64108628e-02,0
52,31,5.68266397e-03,0.00000000e+00,0.00000000e+00,-5.68266397e-03,0
52,32,1.23441179e-02,0.00000000e+00,0.00000000e+00,-1.23441179e-02,0
52,33,5.68266397e-03,0.00000000e+00,0.00000000e+00,-5.68266397e-03,0
52,34,1.64108628e-02,0.00000000e+00,0.00000000e+00,1.64108628e-02,0
52,35,8.91930205e-03,0.00000000e+00,0.00000000e+00,8.91930205e-03,0
52,36,1.17502229e-02,0.00000000e+00,0.00000000e+00,-1.17502229e-02,0
52,37,1.75493901e-03,0.00000000e+00,0.00000000e+00,1.75493901e-03,0
52,38,1.97426299e-03,0.00000000e+00,0.00000000e+00,-1.97426299e-03,0
52,39,9.19477081e-03,0.00000000e+00,0.00000000e+00,-9.19477081e-03,0
52,40,1.64054809e-03,0.00000000e+00,0.00000000e+00,1.64054809e-03,0
52,41,6.68078693e-03,0.00000000e+00,0.00000000e+00,-6.68078693e-03,0
52,42,3.26948215e-03,0.00000000e+00,0.00000000e+00,3.26948215e-03,0
52,43,6.51741851e-03,0.00000000e+00,0.00000000e+00,-6.51741851e-03,0
52,44,4.21551607e-03,0.00000000e+00,0.00000000e+00,4.21551607e-03,0
52,45,5.01093665e-03,0.00000000e+00,0.00000000e+00,-5.01093665e-03,0
52,46,4.95329495e-03,0.00000000e+00,0.00000000e+00,4.95329495e-03,0
52,47,5.65495984e-03,0.00000000e+00,0.00000000e+00,-5.65495984e-03,0
52,48,5.95951889e-03,0.00000000e+00,0.00000000e+00,5.95951889e-03,0
52,49,7.52233531e-03,0.00000000e+00,0.00000000e+00,-7.52233531e-03,0
52,50,4.03533299e-03,0.00000000e+00,0.00000000e+00,4.03533299e-03,0
52,51,3.28840460e-03,0.00000000e+00,0.00000000e+00,-3.28840460e-03,0
52,52,1.15887293e-02,0.00000000e+00,0.00000000e+00,-1.15887293e-02,0
52,53,9.98725894e-03,0.00000000e+00,0.00000000e+00,9.98725894e-03,0
52,54,8.43063627e-03,0.00000000e+00,0.00000000e+00,8.43063627e-03,0
52,55,6.27170670e-03,0.00000000e+00,0.00000000e+00,-6.27170670e-03,0
52,56,6.09602520e-03,0.00000000e+00,0.00000000e+00,-6.09602520e-03,0
52,57,1.80223162e-03,0.00000000e+00,0.00000000e+00,1.80223162e-03,0
52,58,3.38338993e-03,0.00000000e+00,0.00000000e+00,3.38338993e-03,0
52,59,3.56578137e-04,0.00000000e+00,0.00000000e+00,-3.56578137e-04,0
52,60,8.80077219e-04,0.00000000e+00,0.00000000e+00,-8.80077219e-04,0
52,61,1.35621196e-03,0.00000000e+00,0.00000000e+00,1.35621196e-03,0
52,62,1.23453167e-03,0.00000000e+00,0.00000000e+00,1.23453167e-03,0
52,63,1.04144037e-03,0.00000000e+00,0.00000000e+00,-1.04144037e-03,0
53,0,2.00888953e-03,0.00000000e+00,0.00000000e+00,-2.00888953e-03,0
53,1,1.15506367e-03,0.00000000e+00,0.00000000e+00,-1.15506367e-03,0
53,2,8.53863765e-04,0.00000000e+00,0.00000000e+00,8.53863765e-04,0
53,3,1.67548263e-03,0.00000000e+00,0.00000000e+00,1.67548263e-03,0
53,4,1.99422991e-04,0.00000000e+00,0.00000000e+00,-1.99422991e-04,0
53,5,1.12898699e-03,0.00000000e+00,0.00000000e+00,-1.12898699e-03,0
53,6,9.53895781e-04,0.00000000e+00,0.00000000e+00,9.53895781e-04,0
53,7,1.92687760e-03,0.00000000e+00,0.00000000e+00,1.92687760e-03,0
53,8,2.02859946e-03,0.00000000e+00,0.00000000e+00,2.02859946e-03,0
53,9,2.21826286e-03,0.00000000e+00,0.00000000e+00,-2.21826286e-03,0
53,10,8.90073112e-03,0.00000000e+00,0.00000000e+00,-8.90073112e-03,0
53,11,6.48915559e-03,0.00000000e+00,0.00000000e+00,6.48915559e-03,0
53,12,9.98725894e-03,0.00000000e+00,0.00000000e+00,9.98725894e-03,0
53,13,1.08970142e-02,0.00000000e+00,0.00000000e+00,-1.08970142e-02,0
53,14,4.74299314e-03,0.00000000e+00,0.00000000e+00,4.74299314e-03,0
53,15,4.85720811e-03,0.00000000e+00,0.00000000e+00,-4.85720811e-03,0
53,16,4.56985625e-03,0.00000000e+00,0.00000000e+00,-4.56985625e-03,0
53,17,1.91429365e-03,0.00000000e+00,0.00000000e+00,1.91429365e-03,0
53,18,5.86014980e-03,0.00000000e+00,0.00000000e+00,-5.86014980e-03,0
53,19,2.67733142e-03,0.00000000e+00,0.00000000e+00,2.67733142e-03,0
53,20,7.97833856e-03,0.00000000e+00,0.00000000e+00,-7.97833856e-03,0
53,21,6.31530941e-03,0.00000000e+00,0.00000000e+00,6.31530941e-03,0
53,22,4.01798590e-03,0.00000000e+00,0.00000000e+00,-4.01798590e-03,0
53,23,5.65345395e-03,0.00000000e+00,0.00000000e+00,-5.65345395e-03,0
53,24,2.22673538e-03,0.00000000e+00,0.00000000e+00,-2.22673538e-03,0
53,25,7.19674707e-03,0.00000000e+00,0.00000000e+00,-7.19674707e-03,0
53,26,7.61253592e-03,0.00000000e+00,0.00000000e+00,7.61253592e-03,0
53,27,3.56727862e-03,0.00000000e+00,0.00000000e+00,-3.56727862e-03,0
53,28,6.78597468e-03,0.00000000e+00,0.00000000e+00,6.78597468e-03,0
53,29,1.18404633e-02,0.00000000e+00,0.00000000e+00,1.18404633e-02,0
53,30,1.13096655e-02,0.00000000e+00,0.00000000e+00,-1.13096655e-02,0
53,31,4.40227094e-03,0.00000000e+00,0.00000000e+00,-4.40227094e-03,0
53,32,7.78862122e-03,0.00000000e+00,0.00000000e+00,7.78862122e-03,0
53,33,4.40227094e-03,0.00000000e+00,0.00000000e+00,-4.40227094e-03,0
53,34,1.13096655e-02,0.00000000e+00,0.00000000e+00,-1.13096655e-02,0
53,35,1.18404633e-02,0.00000000e+00,0.00000000e+00,1.18404633e-02,0
53,36,6.78597468e-03,0.00000000e+00,0.00000000e+00,6.78597468e-03,0
53,37,3.56727862e-03,0.00000000e+00,0.00000000e+00,-3.56727862e-03,0
53,38,7.61253592e-03,0.00000000e+00,0.00000000e+00,7.61253592e-03,0
53,39,7.19674707e-03,0.00000000e+00,0.00000000e+00,-7.19674707e-03,0
53,40,2.22673538e-03,0.00000000e+00,0.00000000e+00,-2.22673538e-03,0
53,41,5.65345395e-03,0.00000000e+00,0.00000000e+00,-5.65345395e-03,0
53,42,4.01798590e-03,0.00000000e+00,0.00000000e+00,-4.01798590e-03,0
53,43,6.31530941e-03,0.00000000e+00,0.00000000e+00,6.31530941e-03,0
53,44,7.97833856e-03,0.00000000e+00,0.00000000e+00,-7.97833856e-03,0
53,45,2.67733142e-03,0.00000000e+00,0.00000000e+00,2.67733142e-03,0
53,46,5.86014980e-03,0.00000000e+00,0.00000000e+00,-5.86014980e-03,0
53,47,1.91429365e-03,0.00000000e+00,0.00000000e+00,1.91429365e-03,0
53,48,4.56985625e-03,0.00000000e+00,0.00000000e+00,-4.56985625e-03,0
53,49,4.85720811e-03,0.00000000e+00,0.00000000e+00,-4.85720811e-03,0
53,50,4.74299314e-03,0.00000000e+00,0.00000000e+00,4.74299314e-03,0
53,51,1.08970142e-02,0.00000000e+00,0.00000000e+00,-1.08970142e-02,0
53,52,9.98725894e-03,0.00000000e+00,0.00000000e+00,9.98725894e-03,0
53,53,6.48915559e-03,0.00000000e+00,0.00000000e+00,6.48915559e-03,0
53,54,8.90073112e-03,0.00000000e+00,0.00000000e+00,-8.90073112e-03,0
53,55,2.21826286e-03,0.00000000e+00,0.00000000e+00,-2.21826286e-03,0
53,56,2.02859946e-03,0.00000000e+00,0.00000000e+00,2.02859946e-03,0
53,57,1.92687760e-03,0.00000000e+00,0.00000000e+00,1.92687760e-03,0
53,58,9.53895781e-04,0.00000000e+00,0.00000000e+00,9.53895781e-04,0
53,59,1.12898699e-03,0.00000000e+00,0.00000000e+00,-1.12898699e-03,0
53,60,1.99422991e-04,0.00000000e+00,0.00000000e+00,-1.99422991e-04,0
53,61,1.67548263e-03,0.00000000e+00,0.00000000e+00,1.67548263e-03,0
53,62,8.53863765e-04,0.00000000e+00,0.00000000e+00,8.53863765e-04,0
53,63,1.15506367e-03,0.00000000e+00,0.00000000e+00,-1.15506367e-03,0
54,0,1.39446319e-03,0.00000000e+00,0.00000000e+00,-1.39446319e-03,0
54,1,1.07297111e-03,0.00000000e+00,0.00000000e+00,-1.07297111e-03,0
54,2,3.07789070e-04,0.00000000e+00,0.00000000e+00,3.07789070e-04,0
54,3,1.63489519e-03,0.00000000e+00,0.00000000e+00,1.63489519e-03,0
54,4,1.66054693e-04,0.00000000e+00,0.00000000e+00,1.66054693e-04,0
54,5,1.41415511e-03,0.00000000e+00,0.00000000e+00,-1.41415511e-03,0
54,6,1.44590500e-03,0.00000000e+00,0.00000000e+00,1.44590500e-03,0
54,7,1.35835340e-03,0.00000000e+00,0.00000000e+00,1.35835340e-03,0
54,8,2.66316343e-03,0.00000000e+00,0.00000000e+00,-2.66316343e-03,0
54,9,3.00707275e-03,0.00000000e+00,0.00000000e+00,3.00707275e-03,0
54,10,7.71707113e-04,0.00000000e+00,0.00000000e+00,7.71707113e-04,0
54,11,8.90073112e-03,0.00000000e+00,0.00000000e+00,-8.90073112e-03,0
54,12,8.43063627e-03,0.00000000e+00,0.00000000e+00,8.43063627e-03,0
54,13,4.37589972e-03,0.00000000e+00,0.00000000e+00,4.37589972e-03,0
54,14,4.04411811e-03,0.00000000e+00,0.00000000e+00,-4.04411811e-03,0
54,15,8.07160445e-03,0.00000000e+00,0.00000000e+00,8.07160445e-03,0
54,16,9.61642343e-03,0.00000000e+00,0.00000000e+00,-9.61642343e-03,0
54,17,3.89924051e-03,0.00000000e+00,0.00000000e+00,3.89924051e-03,0
54,18,6.76396827e-03,0.00000000e+00,0.00000000e+00,-6.76396827e-03,0
54,19,3.63703784e-03,0.00000000e+00,0.00000000e+00,3.63703784e-03,0
54,20,9.13010912e-03,0.00000000e+00,0.00000000e+00,-9.13010912e-03,0
54,21,1.38300763e-03,0.00000000e+00,0.00000000e+00,1.38300763e-03,0
54,22,3.06722370e-03,0.00000000e+00,0.00000000e+00,-3.06722370e-03,0
54,23,9.77962261e-03,0.00000000e+00,0.00000000e+00,9.77962261e-03,0
54,24,1.25510049e-02,0.00000000e+00,0.00000000e+00,-1.25510049e-02,0
54,25,7.00507181e-03,0.00000000e+00,0.00000000e+00,7.00507181e-03,0
54,26,5.96579815e-04,0.00000000e+00,0.00000000e+00,5.96579815e-04,0
54,27,8.91178373e-04,0.00000000e+00,0.00000000e+00,8.91178373e-04,0
54,28,1.20612796e-02,0.00000000e+00,0.00000000e+00,1.20612796e-02,0
54,29,1.56003264e-02,0.00000000e+00,0.00000000e+00,-1.56003264e-02,0
54,30,1.79113726e-03,0.00000000e+00,0.00000000e+00,1.79113726e-03,0
54,31,2.06639393e-03,0.00000000e+00,0.00000000e+00,2.06639393e-03,0
54,32,9.34633656e-04,0.00000000e+00,0.00000000e+00,-9.34633656e-04,0
54,33,2.06639393e-03,0.00000000e+00,0.00000000e+00,2.06639393e-03,0
54,34,1.79113726e-03,0.00000000e+00,0.00000000e+00,1.79113726e-03,0
54,35,1.56003264e-02,0.00000000e+00,0.00000000e+00,-1.56003264e-02,0
54,36,1.20612796e-02,0.00000000e+00,0.00000000e+00,1.20612796e-02,0
54,37,8.91178373e-04,0.00000000e+00,0.00000000e+00,8.91178373e-04,0
54,38,5.96579815e-04,0.00000000e+00,0.00000000e+00,5.96579815e-04,0
54,39,7.00507181e-03,0.00000000e+00,0.00000000e+00,7.00507181e-03,0
54,40,1.25510049e-02,0.00000000e+00,0.00000000e+00,-1.25510049e-02,0
54,41,9.77962261e-03,0.00000000e+00,0.00000000e+00,9.77962261e-03,0
54,42,3.06722370e-03,0.00000000e+00,0.00000000e+00,-3.06722370e-03,0
54,43,1.38300763e-03,0.00000000e+00,0.00000000e+00,1.38300763e-03,0
54,44,9.13010912e-03,0.00000000e+00,0.00000000e+00,-9.13010912e-03,0
54,45,3.63703784e-03,0.00000000e+00,0.00000000e+00,3.63703784e-03,0
54,46,6.76396827e-03,0.00000000e+00,0.00000000e+00,-6.76396827e-03,0
54,47,3.89924051e-03,0.00000000e+00,0.00000000e+00,3.89924051e-03,0
54,48,9.61642343e-03,0.00000000e+00,0.00000000e+00,-9.61642343e-03,0
54,49,8.07160445e-03,0.00000000e+00,0.00000000e+00,8.07160445e-03,0
54,50,4.04411811e-03,0.00000000e+00,0.00000000e+00,-4.04411811e-03,0
54,51,4.37589972e-03,0.00000000e+00,0.00000000e+00,4.37589972e-03,0
54,52,8.43063627e-03,0.00000000e+00,0.00000000e+00,8.43063627e-03,0
54,53,8.90073112e-03,0.00000000e+00,0.00000000e+00,-8.90073112e-03,0
54,54,7.71707113e-04,0.00000000e+00,0.00000000e+00,7.71707113e-04,0
54,55,3.00707275e-03,0.00000000e+00,0.00000000e+00,3.00707275e-03,0
54,56,2.66316343e-03,0.00000000e+00,0.00000000e+00,-2.66316343e-03,0
54,57,1.35835340e-03,0.00000000e+00,0.00000000e+00,1.35835340e-03,0
54,58,1.44590500e-03,0.00000000e+00,0.00000000e+00,1.44590500e-03,0
54,59,1.41415511e-03,0.00000000e+00,0.00000000e+00,-1.41415511e-03,0
54,60,1.66054693e-04,0.00000000e+00,0.00000000e+00,1.66054693e-04,0
54,61,1.63489519e-03,0.00000000e+00,0.00000000e+00,1.63489519e-03,0
54,62,3.07789070e-04,0.00000000e+00,0.00000000e+00,3.07789070e-04,0
54,63,1.07297111e-03,0.00000000e+00,0.00000000e+00,-1.07297111e-03,0
55,0,4.63672929e-04,0.00000000e+00,0.00000000e+00,-4.63672929e-04,0
55,1,7.88014406e-04,0.00000000e+00,0.00000000e+00,-7.88014406e-04,0
55,2,4.56428236e-04,0.00000000e+00,0.00000000e+00,-4.56428236e-04,0
55,3,1.37687699e-03,0.00000000e+00,0.00000000e+00,1.37687699e-03,0
55,4,1.23463979e-03,0.00000000e+00,0.00000000e+00,1.23463979e-03,0
55,5,2.36855183e-03,0.00000000e+00,0.00000000e+00,-2.36855183e-03,0
55,6,1.20549366e-03,0.00000000e+00,0.00000000e+00,-1.20549366e-03,0
55,7,5.15915057e-03,0.00000000e+00,0.00000000e+00,5.15915057e-03,0
55,8,7.98206584e-04,0.00000000e+00,0.00000000e+00,7.98206584e-04,0
55,9,5.23973002e-03,0.00000000e+00,0.00000000e+00,-5.23973002e-03,0
55,10,3.00707275e-03,0.00000000e+00,0.00000000e+00,3.00707275e-03,0
55,11,2.21826286e-03,0.00000000e+00,0.00000000e+00,-2.21826286e-03,0
55,12,6.27170670e-03,0.00000000e+00,0.00000000e+00,-6.27170670e-03,0
55,13,8.14148085e-03,0.00000000e+00,0.00000000e+00,8.14148085e-03,0
55,14,4.19408875e-04,0.00000000e+00,0.00000000e+00,-4.19408875e-04,0
55,15,5.87038214e-03,0.00000000e+00,0.00000000e+00,5.87038214e-03,0
55,16,4.02543992e-03,0.00000000e+00,0.00000000e+00,4.02543992e-03,0
55,17,6.40462966e-04,0.00000000e+00,0.00000000e+00,-6.40462966e-04,0
55,18,5.33757799e-03,0.00000000e+00,0.00000000e+00,5.33757799e-03,0
55,19,9.19972391e-04,0.00000000e+00,0.00000000e+00,-9.19972391e-04,0
55,20,6.72273538e-03,0.00000000e+00,0.00000000e+00,6.72273538e-03,0
55,21,2.40000863e-03,0.00000000e+00,0.00000000e+00,-2.40000863e-03,0
55,22,2.47464683e-03,0.00000000e+00,0.00000000e+00,2.47464683e-03,0
55,23,5.13355390e-03,0.00000000e+00,0.00000000e+00,5.13355390e-03,0
55,24,5.95585184e-03,0.00000000e+00,0.00000000e+00,5.95585184e-03,0
55,25,1.42568474e-04,0.00000000e+00,0.00000000e+00,-1.42568474e-04,0
55,26,6.67297980e-04,0.00000000e+00,0.00000000e+00,-6.67297980e-04,0
55,27,5.83347822e-03,0.00000000e+00,0.00000000e+00,5.83347822e-03,0
55,28,5.52380903e-03,0.00000000e+00,0.00000000e+00,-5.52380903e-03,0
55,29,8.55461690e-03,0.00000000e+00,0.00000000e+00,-8.55461690e-03,0
55,30,1.09913478e-03,0.00000000e+00,0.00000000e+00,-1.09913478e-03,0
55,31,3.73065336e-03,0.00000000e+00,0.00000000e+00,3.73065336e-03,0
55,32,2.19092990e-03,0.00000000e+00,0.00000000e+00,-2.19092990e-03,0
55,33,3.73065336e-03,0.00000000e+00,0.00000000e+00,3.73065336e-03,0
55,34,1.09913478e-03,0.00000000e+00,0.00000000e+00,-1.09913478e-03,0
55,35,8.55461690e-03,0.00000000e+00,0.00000000e+00,-8.55461690e-03,0
55,36,5.52380903e-03,0.00000000e+00,0.00000000e+00,-5.52380903e-03,0
55,37,5.83347822e-03,0.00000000e+00,0.00000000e+00,5.83347822e-03,0
55,38,6.67297980e-04,0.00000000e+00,0.00000000e+00,-6.67297980e-04,0
55,39,1.42568474e-04,0.00000000e+00,0.00000000e+00,-1.42568474e-04,0
55,40,5.95585184e-03,0.00000000e+00,0.00000000e+00,5.95585184e-03,0
55,41,5.13355390e-03,0.00000000e+00,0.00000000e+00,5.13355390e-03,0
55,42,2.47464683e-03,0.00000000e+00,0.00000000e+00,2.47464683e-03,0
55,43,2.40000863e-03,0.00000000e+00,0.00000000e+00,-2.40000863e-03,0
55,44,6.72273538e-03,0.00000000e+00,0.00000000e+00,6.72273538e-03,0
55,45,9.19972391e-04,0.00000000e+00,0.00000000e+00,-9.19972391e-04,0
55,46,5.33757799e-03,0.00000000e+00,0.00000000e+00,5.33757799e-03,0
55,47,6.40462966e-04,0.00000000e+00,0.00000000e+00,-6.40462966e-04,0
55,48,4.02543992e-03,0.00000000e+00,0.00000000e+00,4.02543992e-03,0
55,49,5.87038214e-03,0.00000000e+00,0.00000000e+00,5.87038214e-03,0
55,50,4.19408875e-04,0.00000000e+00,0.00000000e+00,-4.19408875e-04,0
55,51,8.14148085e-03,0.00000000e+00,0.00000000e+00,8.14148085e-03,0
55,52,6.27170670e-03,0.00000000e+00,0.00000000e+00,-6.27170670e-03,0
55,53,2.21826286e-03,0.00000000e+00,0.00000000e+00,-2.21826286e-03,0
55,54,3.00707275e-03,0.00000000e+00,0.00000000e+00,3.00707275e-03,0
55,55,5.23973002e-03,0.00000000e+00,0.00000000e+00,-5.23973002e-03,0
55,56,7.98206584e-04,0.00000000e+00,0.00000000e+00,7.98206584e-04,0
55,57,5.15915057e-03,0.00000000e+00,0.00000000e+00,5.15915057e-03,0
55,58,1.20549366e-03,0.00000000e+00,0.00000000e+00,-1.20549366e-03,0
55,59,2.36855183e-03,0.00000000e+00,0.00000000e+00,-2.36855183e-03,0
55,60,1.23463979e-03,0.00000000e+00,0.00000000e+00,1.23463979e-03,0
55,61,1.37687699e-03,0.00000000e+00,0.00000000e+00,1.37687699e-03,0
55,62,4.56428236e-04,0.00000000e+00,0.00000000e+00,-4.56428236e-04,0
55,63,7.88014406e-04,0.00000000e+00,0.00000000e+00,-7.88014406e-04,0
56,0,6.03911887e-04,0.00000000e+00,0.00000000e+00,6.03911887e-04,0
56,1,1.99611805e-04,0.00000000e+00,0.00000000e+00,-1.99611805e-04,0
56,2,1.21124039e-03,0.00000000e+00,0.00000000e+00,-1.21124039e-03,0
56,3,7.33116198e-05,0.00000000e+00,0.00000000e+00,7.33116198e-05,0
56,4,2.39032551e-03,0.00000000e+00,0.00000000e+00,2.39032551e-03,0
56,5,1.25312395e-04,0.00000000e+00,0.00000000e+00,1.25312395e-04,0
56,6,4.65697806e-03,0.00000000e+00,0.00000000e+00,-4.65697806e-03,0
56,7,3.98427820e-04,0.00000000e+00,0.00000000e+00,-3.98427820e-04,0
56,8,6.90416452e-03,0.00000000e+00,0.00000000e+00,6.90416452e-03,0
56,9,7.98206584e-04,0.00000000e+00,0.00000000e+00,7.98206584e-04,0
56,10,2.66316343e-03,0.00000000e+00,0.00000000e+00,-2.66316343e-03,0
56,11,2.02859946e-03,0.00000000e+00,0.00000000e+00,2.02859946e-03,0
56,12,6.09602520e-03,0.00000000e+00,0.00000000e+00,-6.09602520e-03,0
56,13,3.77816915e-03,0.00000000e+00,0.00000000e+00,-3.77816915e-03,0
56,14,1.51080297e-03,0.00000000e+00,0.00000000e+00,1.51080297e-03,0
56,15,2.21582631e-03,0.00000000e+00,0.00000000e+00,-2.21582631e-03,0
56,16,5.37478979e-03,0.00000000e+00,0.00000000e+00,5.37478979e-03,0
56,17,1.25724209e-03,0.00000000e+00,0.00000000e+00,-1.25724209e-03,0
56,18,5.37746802e-03,0.00000000e+00,0.00000000e+00,5.37746802e-03,0
56,19,7.94423339e-04,0.00000000e+00,0.00000000e+00,7.94423339e-04,0
56,20,4.56199357e-03,0.00000000e+00,0.00000000e+00,4.56199357e-03,0
56,21,1.85409378e-03,0.00000000e+00,0.00000000e+00,1.85409378e-03,0
56,22,5.11297526e-03,0.00000000e+00,0.00000000e+00,5.11297526e-03,0
56,23,4.05099177e-03,0.00000000e+00,0.00000000e+00,-4.05099177e-03,0
56,24,7.97868780e-03,0.00000000e+00,0.00000000e+00,7.97868780e-03,0
56,25,3.81678311e-03,0.00000000e+00,0.00000000e+00,-3.81678311e-03,0
56,26,3.29917384e-03,0.00000000e+00,0.00000000e+00,-3.29917384e-03,0
56,27,1.45125631e-03,0.00000000e+00,0.00000000e+00,1.45125631e-03,0
56,28,4.87723921e-03,0.00000000e+00,0.00000000e+00,-4.87723921e-03,0
56,29,6.99512232e-03,0.00000000e+00,0.00000000e+00,6.99512232e-03,0
56,30,9.43704987e-03,0.00000000e+00,0.00000000e+00,-9.43704987e-03,0
56,31,1.46953928e-04,0.00000000e+00,0.00000000e+00,1.46953928e-04,0
56,32,7.02434542e-03,0.00000000e+00,0.00000000e+00,7.02434542e-03,0
56,33,1.46953928e-04,0.00000000e+00,0.00000000e+00,1.46953928e-04,0
56,34,9.43704987e-03,0.00000000e+00,0.00000000e+00,-9.43704987e-03,0
56,35,6.99512232e-03,0.00000000e+00,0.00000000e+00,6.99512232e-03,0
56,36,4.87723921e-03,0.00000000e+00,0.00000000e+00,-4.87723921e-03,0
56,37,1.45125631e-03,0.00000000e+00,0.00000000e+00,1.45125631e-03,0
56,38,3.29917384e-03,0.00000000e+00,0.00000000e+00,-3.29917384e-03,0
56,39,3.81678311e-03,0.00000000e+00,0.00000000e+00,-3.81678311e-03,0
56,40,7.97868780e-03,0.00000000e+00,0.00000000e+00,7.97868780e-03,0
56,41,4.05099177e-03,0.00000000e+00,0.00000000e+00,-4.05099177e-03,0
56,42,5.11297526e-03,0.00000000e+00,0.00000000e+00,5.11297526e-03,0
56,43,1.85409378e-03,0.00000000e+00,0.00000000e+00,1.85409378e-03,0
56,44,4.56199357e-03,0.00000000e+00,0.00000000e+00,4.56199357e-03,0
56,45,7.94423339e-04,0.00000000e+00,0.00000000e+00,7.94423339e-04,0
56,46,5.37746802e-03,0.00000000e+00,0.00000000e+00,5.37746802e-03,0
56,47,1.25724209e-03,0.00000000e+00,0.00000000e+00,-1.25724209e-03,0
56,48,5.37478979e-03,0.00000000e+00,0.00000000e+00,5.37478979e-03,0
56,49,2.21582631e-03,0.00000000e+00,0.00000000e+00,-2.21582631e-03,0
56,50,1.51080297e-03,0.00000000e+00,0.00000000e+00,1.51080297e-03,0
56,51,3.77816915e-03,0.00000000e+00,0.00000000e+00,-3.77816915e-03,0
56,52,6.09602520e-03,0.00000000e+00,0.00000000e+00,-6.09602520e-03,0
56,53,2.02859946e-03,0.00000000e+00,0.00000000e+00,2.02859946e-03,0
56,54,2.66316343e-03,0.00000000e+00,0.00000000e+00,-2.66316343e-03,0
56,55,7.98206584e-04,0.00000000e+00,0.00000000e+00,7.98206584e-04,0
56,56,6.90416452e-03,0.00000000e+00,0.00000000e+00,6.90416452e-03,0
56,57,3.98427820e-04,0.00000000e+00,0.00000000e+00,-3.98427820e-04,0
56,58,4.65697806e-03,0.00000000e+00,0.00000000e+00,-4.65697806e-03,0
56,59,1.25312395e-04,0.00000000e+00,0.00000000e+00,1.25312395e-04,0
56,60,2.39032551e-03,0.00000000e+00,0.00000000e+00,2.39032551e-03,0
56,61,7.33116198e-05,0.00000000e+00,0.00000000e+00,7.33116198e-05,0
56,62,1.21124039e-03,0.00000000e+00,0.00000000e+00,-1.21124039e-03,0
56,63,1.99611805e-04,0.00000000e+00,0.00000000e+00,-1.99611805e-04,0
57,0,1.35927919e-03,0.00000000e+00,0.00000000e+00,1.35927919e-03,0
57,1,5.67847181e-04,0.00000000e+00,0.00000000e+00,5.67847181e-04,0
57,2,1.16523032e-03,0.00000000e+00,0.00000000e+00,-1.16523032e-03,0
57,3,1.64575653e-03,0.00000000e+00,0.00000000e+00,-1.64575653e-03,0
57,4,9.53280171e-04,0.00000000e+00,0.00000000e+00,9.53280171e-04,0
57,5,3.15770541e-03,0.00000000e+00,0.00000000e+00,3.15770541e-03,0
57,6,8.47079943e-04,0.00000000e+00,0.00000000e+00,-8.47079943e-04,0
57,7,5.57083356e-03,0.00000000e+00,0.00000000e+00,-5.57083356e-03,0
57,8,3.98427820e-04,0.00000000e+00,0.00000000e+00,-3.98427820e-04,0
57,9,5.15915057e-03,0.00000000e+00,0.00000000e+00,5.15915057e-03,0
57,10,1.35835340e-03,0.00000000e+00,0.00000000e+00,1.35835340e-03,0
57,11,1.92687760e-03,0.00000000e+00,0.00000000e+00,1.92687760e-03,0
57,12,1.80223162e-03,0.00000000e+00,0.00000000e+00,1.80223162e-03,0
57,13,4.44254369e-03,0.00000000e+00,0.00000000e+00,-4.44254369e-03,0
57,14,1.41972617e-03,0.00000000e+00,0.00000000e+00,-1.41972617e-03,0
57,15,2.81348872e-03,0.00000000e+00,0.00000000e+00,-2.81348872e-03,0
57,16,1.67349835e-03,0.00000000e+00,0.00000000e+00,-1.67349835e-03,0
57,17,1.88690668e-03,0.00000000e+00,0.00000000e+00,-1.88690668e-03,0
57,18,3.07422939e-03,0.00000000e+00,0.00000000e+00,-3.07422939e-03,0
57,19,1.29162304e-03,0.00000000e+00,0.00000000e+00,1.29162304e-03,0
57,20,2.03165025e-03,0.00000000e+00,0.00000000e+00,-2.03165025e-03,0
57,21,1.43818285e-03,0.00000000e+00,0.00000000e+00,-1.43818285e-03,0
57,22,4.87797048e-04,0.00000000e+00,0.00000000e+00,-4.87797048e-04,0
57,23,1.79028522e-03,0.00000000e+00,0.00000000e+00,-1.79028522e-03,0
57,24,3.42525454e-03,0.00000000e+00,0.00000000e+00,-3.42525454e-03,0
57,25,2.39982364e-04,0.00000000e+00,0.00000000e+00,-2.39982364e-04,0
57,26,3.15846397e-03,0.00000000e+00,0.00000000e+00,-3.15846397e-03,0
57,27,2.76077389e-03,0.00000000e+00,0.00000000e+00,-2.76077389e-03,0
57,28,5.70531054e-03,0.00000000e+00,0.00000000e+00,5.70531054e-03,0
57,29,8.12170253e-03,0.00000000e+00,0.00000000e+00,8.12170253e-03,0
57,30,3.34964324e-03,0.00000000e+00,0.00000000e+00,3.34964324e-03,0
57,31,3.00823203e-03,0.00000000e+00,0.00000000e+00,-3.00823203e-03,0
57,32,5.23692521e-04,0.00000000e+00,0.00000000e+00,-5.23692521e-04,0
57,33,3.00823203e-03,0.00000000e+00,0.00000000e+00,-3.00823203e-03,0
57,34,3.34964324e-03,0.00000000e+00,0.00000000e+00,3.34964324e-03,0
57,35,8.12170253e-03,0.00000000e+00,0.00000000e+00,8.12170253e-03,0
57,36,5.70531054e-03,0.00000000e+00,0.00000000e+00,5.70531054e-03,0
57,37,2.76077389e-03,0.00000000e+00,0.00000000e+00,-2.76077389e-03,0
57,38,3.15846397e-03,0.00000000e+00,0.00000000e+00,-3.15846397e-03,0
57,39,2.39982364e-04,0.00000000e+00,0.00000000e+00,-2.39982364e-04,0
57,40,3.42525454e-03,0.00000000e+00,0.00000000e+00,-3.42525454e-03,0
57,41,1.79028522e-03,0.00000000e+00,0.00000000e+00,-1.79028522e-03,0
57,42,4.87797048e-04,0.00000000e+00,0.00000000e+00,-4.87797048e-04,0
57,43,1.43818285e-03,0.00000000e+00,0.00000000e+00,-1.43818285e-03,0
57,44,2.03165025e-03,0.00000000e+00,0.00000000e+00,-2.03165025e-03,0
57,45,1.29162304e-03,0.00000000e+00,0.00000000e+00,1.29162304e-03,0
57,46,3.07422939e-03,0.00000000e+00,0.00000000e+00,-3.07422939e-03,0
57,47,1.88690668e-03,0.00000000e+00,0.00000000e+00,-1.88690668e-03,0
57,48,1.67349835e-03,0.00000000e+00,0.00000000e+00,-1.67349835e-03,0
57,49,2.81348872e-03,0.00000000e+00,0.00000000e+00,-2.81348872e-03,0
57,50,1.41972617e-03,0.00000000e+00,0.00000000e+00,-1.41972617e-03,0
57,51,4.44254369e-03,0.00000000e+00,0.00000000e+00,-4.44254369e-03,0
57,52,1.80223162e-03,0.00000000e+00,0.00000000e+00,1.80223162e-03,0
57,53,1.92687760e-03,0.00000000e+00,0.00000000e+00,1.92687760e-03,0
57,54,1.35835340e-03,0.00000000e+00,0.00000000e+00,1.35835340e-03,0
57,55,5.15915057e-03,0.00000000e+00,0.00000000e+00,5.15915057e-03,0
57,56,3.98427820e-04,0.00000000e+00,0.00000000e+00,-3.98427820e-04,0
57,57,5.57083356e-03,0.00000000e+00,0.00000000e+00,-5.57083356e-03,0
57,58,8.47079943e-04,0.00000000e+00,0.00000000e+00,-8.47079943e-04,0
57,59,3.15770541e-03,0.00000000e+00,0.00000000e+00,3.15770541e-03,0
57,60,9.53280171e-04,0.00000000e+00,0.00000000e+00,9.53280171e-04,0
57,61,1.64575653e-03,0.00000000e+00,0.00000000e+00,-1.64575653e-03,0
57,62,1.16523032e-03,0.00000000e+00,0.00000000e+00,-1.16523032e-03,0
57,63,5.67847181e-04,0.00000000e+00,0.00000000e+00,5.67847181e-04,0
58,0,1.48225212e-03,0.00000000e+00,0.00000000e+00,1.48225212e-03,0
58,1,1.07746723e-03,0.00000000e+00,0.00000000e+00,1.07746723e-03,0
58,2,2.61494107e-04,0.00000000e+00,0.00000000e+00,-2.61494107e-04,0
58,3,1.94240372e-03,0.00000000e+00,0.00000000e+00,-1.94240372e-03,0
58,4,1.66944082e-03,0.00000000e+00,0.00000000e+00,-1.66944082e-03,0
58,5,1.64305848e-03,0.00000000e+00,0.00000000e+00,1.64305848e-03,0
58,6,3.42983197e-03,0.00000000e+00,0.00000000e+00,3.42983197e-03,0
58,7,8.47079943e-04,0.00000000e+00,0.00000000e+00,-8.47079943e-04,0
58,8,4.65697806e-03,0.00000000e+00,0.00000000e+00,-4.65697806e-03,0
58,9,1.20549366e-03,0.00000000e+00,0.00000000e+00,-1.20549366e-03,0
58,10,1.44590500e-03,0.00000000e+00,0.00000000e+00,1.44590500e-03,0
58,11,9.53895781e-04,0.00000000e+00,0.00000000e+00,9.53895781e-04,0
58,12,3.38338993e-03,0.00000000e+00,0.00000000e+00,3.38338993e-03,0
58,13,1.78659097e-03,0.00000000e+00,0.00000000e+00,1.78659097e-03,0
58,14,1.79963238e-05,0.00000000e+00,0.00000000e+00,-1.79963238e-05,0
58,15,1.25593701e-03,0.00000000e+00,0.00000000e+00,1.25593701e-03,0
58,16,4.76364994e-05,0.00000000e+00,0.00000000e+00,4.76364994e-05,0
58,17,7.42221400e-04,0.00000000e+00,0.00000000e+00,7.42221400e-04,0
58,18,2.98415971e-03,0.00000000e+00,0.00000000e+00,-2.98415971e-03,0
58,19,5.22667700e-04,0.00000000e+00,0.00000000e+00,-5.22667700e-04,0
58,20,7.35375848e-04,0.00000000e+00,0.00000000e+00,7.35375848e-04,0
58,21,3.65628876e-04,0.00000000e+00,0.00000000e+00,3.65628876e-04,0
58,22,1.38055640e-03,0.00000000e+00,0.00000000e+00,-1.38055640e-03,0
58,23,2.46961135e-03,0.00000000e+00,0.00000000e+00,2.46961135e-03,0
58,24,1.76023929e-03,0.00000000e+00,0.00000000e+00,-1.76023929e-03,0
58,25,1.20253402e-03,0.00000000e+00,0.00000000e+00,1.20253402e-03,0
58,26,2.44754721e-04,0.00000000e+00,0.00000000e+00,2.44754721e-04,0
58,27,2.99885093e-03,0.00000000e+00,0.00000000e+00,-2.99885093e-03,0
58,28,1.53117781e-03,0.00000000e+00,0.00000000e+00,1.53117781e-03,0
58,29,6.65727322e-04,0.00000000e+00,0.00000000e+00,6.65727322e-04,0
58,30,6.81897987e-03,0.00000000e+00,0.00000000e+00,6.81897987e-03,0
58,31,6.38956715e-04,0.00000000e+00,0.00000000e+00,-6.38956715e-04,0
58,32,4.96049062e-03,0.00000000e+00,0.00000000e+00,-4.96049062e-03,0
58,33,6.38956715e-04,0.00000000e+00,0.00000000e+00,-6.38956715e-04,0
58,34,6.81897987e-03,0.00000000e+00,0.00000000e+00,6.81897987e-03,0
58,35,6.65727322e-04,0.00000000e+00,0.00000000e+00,6.65727322e-04,0
58,36,1.53117781e-03,0.00000000e+00,0.00000000e+00,1.53117781e-03,0
58,37,2.99885093e-03,0.00000000e+00,0.00000000e+00,-2.99885093e-03,0
58,38,2.44754721e-04,0.00000000e+00,0.00000000e+00,2.44754721e-04,0
58,39,1.20253402e-03,0.00000000e+00,0.00000000e+00,1.20253402e-03,0
58,40,1.76023929e-03,0.00000000e+00,0.00000000e+00,-1.76023929e-03,0
58,41,2.46961135e-03,0.00000000e+00,0.00000000e+00,2.46961135e-03,0
58,42,1.38055640e-03,0.00000000e+00,0.00000000e+00,-1.38055640e-03,0
58,43,3.65628876e-04,0.00000000e+00,0.00000000e+00,3.65628876e-04,0
58,44,7.35375848e-04,0.00000000e+00,0.00000000e+00,7.35375848e-04,0
58,45,5.22667700e-04,0.00000000e+00,0.00000000e+00,-5.22667700e-04,0
58,46,2.98415971e-03,0.00000000e+00,0.00000000e+00,-2.98415971e-03,0
58,47,7.42221400e-04,0.00000000e+00,0.00000000e+00,7.42221400e-04,0
58,48,4.76364994e-05,0.00000000e+00,0.00000000e+00,4.76364994e-05,0
58,49,1.25593701e-03,0.00000000e+00,0.00000000e+00,1.25593701e-03,0
58,50,1.79963238e-05,0.00000000e+00,0.00000000e+00,-1.79963238e-05,0
58,51,1.78659097e-03,0.00000000e+00,0.00000000e+00,1.78659097e-03,0
58,52,3.38338993e-03,0.00000000e+00,0.00000000e+00,3.38338993e-03,0
58,53,9.53895781e-04,0.00000000e+00,0.00000000e+00,9.53895781e-04,0
58,54,1.44590500e-03,0.00000000e+00,0.00000000e+00,1.44590500e-03,0
58,55,1.20549366e-03,0.00000000e+00,0.00000000e+00,-1.20549366e-03,0
58,56,4.65697806e-03,0.00000000e+00,0.00000000e+00,-4.65697806e-03,0
58,57,8.47079943e-04,0.00000000e+00,0.00000000e+00,-8.47079943e-04,0
58,58,3.42983197e-03,0.00000000e+00,0.00000000e+00,3.42983197e-03,0
58,59,1.64305848e-03,0.00000000e+00,0.00000000e+00,1.64305848e-03,0
58,60,1.66944082e-03,0.00000000e+00,0.00000000e+00,-1.66944082e-03,0
58,61,1.94240372e-03,0.00000000e+00,0.00000000e+00,-1.94240372e-03,0
58,62,2.61494107e-04,0.00000000e+00,0.00000000e+00,-2.61494107e-04,0
58,63,1.07746723e-03,0.00000000e+00,0.00000000e+00,1.07746723e-03,0
59,0,1.11609199e-03,0.00000000e+00,0.00000000e+00,1.11609199e-03,0
59,1,1.08389116e-03,0.00000000e+00,0.00000000e+00,1.08389116e-03,0
59,2,6.31434451e-04,0.00000000e+00,0.00000000e+00,6.31434451e-04,0
59,3,7.44947213e-04,0.00000000e+00,0.00000000e+00,-7.44947213e-04,0
59,4,2.27269705e-03,0.00000000e+00,0.00000000e+00,-2.27269705e-03,0
59,5,1.62039062e-03,0.00000000e+00,0.00000000e+00,-1.62039062e-03,0
59,6,1.64305848e-03,0.00000000e+00,0.00000000e+00,1.64305848e-03,0
59,7,3.15770541e-03,0.00000000e+00,0.00000000e+00,3.15770541e-03,0
59,8,1.25312395e-04,0.00000000e+00,0.00000000e+00,1.25312395e-04,0
59,9,2.36855183e-03,0.00000000e+00,0.00000000e+00,-2.36855183e-03,0
59,10,1.41415511e-03,0.00000000e+00,0.00000000e+00,-1.41415511e-03,0
59,11,1.12898699e-03,0.00000000e+00,0.00000000e+00,-1.12898699e-03,0
59,12,3.56578137e-04,0.00000000e+00,0.00000000e+00,-3.56578137e-04,0
59,13,1.20573535e-03,0.00000000e+00,0.00000000e+00,1.20573535e-03,0
59,14,3.55381633e-04,0.00000000e+00,0.00000000e+00,3.55381633e-04,0
59,15,1.09034468e-03,0.00000000e+00,0.00000000e+00,1.09034468e-03,0
59,16,2.01386764e-03,0.00000000e+00,0.00000000e+00,2.01386764e-03,0
59,17,3.06038167e-03,0.00000000e+00,0.00000000e+00,3.06038167e-03,0
59,18,1.84221123e-03,0.00000000e+00,0.00000000e+00,1.84221123e-03,0
59,19,5.14659255e-04,0.00000000e+00,0.00000000e+00,-5.14659255e-04,0
59,20,1.34016962e-03,0.00000000e+00,0.00000000e+00,1.34016962e-03,0
59,21,2.90944521e-03,0.00000000e+00,0.00000000e+00,2.90944521e-03,0
59,22,2.17749649e-03,0.00000000e+00,0.00000000e+00,2.17749649e-03,0
59,23,2.91514554e-03,0.00000000e+00,0.00000000e+00,2.91514554e-03,0
59,24,3.25363587e-03,0.00000000e+00,0.00000000e+00,3.25363587e-03,0
59,25,1.39473306e-03,0.00000000e+00,0.00000000e+00,1.39473306e-03,0
59,26,8.52327944e-04,0.00000000e+00,0.00000000e+00,8.52327944e-04,0
59,27,2.19646996e-03,0.00000000e+00,0.00000000e+00,-2.19646996e-03,0
59,28,5.65539876e-03,0.00000000e+00,0.00000000e+00,-5.65539876e-03,0
59,29,5.15588691e-03,0.00000000e+00,0.00000000e+00,-5.15588691e-03,0
59,30,8.14701974e-04,0.00000000e+00,0.00000000e+00,-8.14701974e-04,0
59,31,2.68252003e-03,0.00000000e+00,0.00000000e+00,2.68252003e-03,0
59,32,2.02876480e-03,0.00000000e+00,0.00000000e+00,2.02876480e-03,0
59,33,2.68252003e-03,0.00000000e+00,0.00000000e+00,2.68252003e-03,0
59,34,8.14701974e-04,0.00000000e+00,0.00000000e+00,-8.14701974e-04,0
59,35,5.15588691e-03,0.00000000e+00,0.00000000e+00,-5.15588691e-03,0
59,36,5.65539876e-03,0.00000000e+00,0.00000000e+00,-5.65539876e-03,0
59,37,2.19646996e-03,0.00000000e+00,0.00000000e+00,-2.19646996e-03,0
59,38,8.52327944e-04,0.00000000e+00,0.00000000e+00,8.52327944e-04,0
59,39,1.39473306e-03,0.00000000e+00,0.00000000e+00,1.39473306e-03,0
59,40,3.25363587e-03,0.00000000e+00,0.00000000e+00,3.25363587e-03,0
59,41,2.91514554e-03,0.00000000e+00,0.00000000e+00,2.91514554e-03,0
59,42,2.17749649e-03,0.00000000e+00,0.00000000e+00,2.17749649e-03,0
59,43,2.90944521e-03,0.00000000e+00,0.00000000e+00,2.90944521e-03,0
59,44,1.34016962e-03,0.00000000e+00,0.00000000e+00,1.34016962e-03,0
59,45,5.14659255e-04,0.00000000e+00,0.00000000e+00,-5.14659255e-04,0
59,46,1.84221123e-03,0.00000000e+00,0.00000000e+00,1.84221123e-03,0
59,47,3.06038167e-03,0.00000000e+00,0.00000000e+00,3.06038167e-03,0
59,48,2.01386764e-03,0.00000000e+00,0.00000000e+00,2.01386764e-03,0
59,49,1.09034468e-03,0.00000000e+00,0.00000000e+00,1.09034468e-03,0
59,50,3.55381633e-04,0.00000000e+00,0.00000000e+00,3.55381633e-04,0
59,51,1.20573535e-03,0.00000000e+00,0.00000000e+00,1.20573535e-03,0
59,52,3.56578137e-04,0.00000000e+00,0.00000000e+00,-3.56578137e-04,0
59,53,1.12898699e-03,0.00000000e+00,0.00000000e+00,-1.12898699e-03,0
59,54,1.41415511e-03,0.00000000e+00,0.00000000e+00,-1.41415511e-03,0
59,55,2.36855183e-03,0.00000000e+00,0.00000000e+00,-2.36855183e-03,0
59,56,1.25312395e-04,0.00000000e+00,0.00000000e+00,1.25312395e-04,0
59,57,3.15770541e-03,0.00000000e+00,0.00000000e+00,3.15770541e-03,0
59,58,1.64305848e-03,0.00000000e+00,0.00000000e+00,1.64305848e-03,0
59,59,1.62039062e-03,0.00000000e+00,0.00000000e+00,-1.62039062e-03,0
59,60,2.27269705e-03,0.00000000e+00,0.00000000e+00,-2.27269705e-03,0
59,61,7.44947213e-04,0.00000000e+00,0.00000000e+00,-7.44947213e-04,0
59,62,6.31434451e-04,0.00000000e+00,0.00000000e+00,6.31434451e-04,0
59,63,1.08389116e-03,0.00000000e+00,0.00000000e+00,1.08389116e-03,0
60,0,6.35565518e-04,0.00000000e+00,0.00000000e+00,6.35565518e-04,0
60,1,7.59571956e-04,0.00000000e+00,0.00000000e+00,7.59571956e-04,0
60,2,9.07292897e-04,0.00000000e+00,0.00000000e+00,9.07292897e-04,0
60,3,4.85346400e-04,0.00000000e+00,0.00000000e+00,4.85346400e-04,0
60,4,8.87022527e-04,0.00000000e+00,0.00000000e+00,-8.87022527e-04,0
60,5,2.27269705e-03,0.00000000e+00,0.00000000e+00,-2.27269705e-03,0
60,6,1.66944082e-03,0.00000000e+00,0.00000000e+00,-1.66944082e-03,0
60,7,9.53280171e-04,0.00000000e+00,0.00000000e+00,9.53280171e-04,0
60,8,2.39032551e-03,0.00000000e+00,0.00000000e+00,2.39032551e-03,0
60,9,1.23463979e-03,0.00000000e+00,0.00000000e+00,1.23463979e-03,0
60,10,1.66054693e-04,0.00000000e+00,0.00000000e+00,1.66054693e-04,0
60,11,1.99422991e-04,0.00000000e+00,0.00000000e+00,-1.99422991e-04,0
60,12,8.80077219e-04,0.00000000e+00,0.00000000e+00,-8.80077219e-04,0
60,13,6.68286707e-04,0.00000000e+00,0.00000000e+00,-6.68286707e-04,0
60,14,7.93603458e-04,0.00000000e+00,0.00000000e+00,-7.93603458e-04,0
60,15,1.31584214e-03,0.00000000e+00,0.00000000e+00,-1.31584214e-03,0
60,16,6.24953826e-04,0.00000000e+00,0.00000000e+00,-6.24953826e-04,0
60,17,7.14689693e-04,0.00000000e+00,0.00000000e+00,7.14689693e-04,0
60,18,2.11618153e-03,0.00000000e+00,0.00000000e+00,2.11618153e-03,0
60,19,4.82872153e-04,0.00000000e+00,0.00000000e+00,4.82872153e-04,0
60,20,8.39199134e-04,0.00000000e+00,0.00000000e+00,-8.39199134e-04,0
60,21,2.10558566e-04,0.00000000e+00,0.00000000e+00,-2.10558566e-04,0
60,22,6.87875259e-04,0.00000000e+00,0.00000000e+00,6.87875259e-04,0
60,23,1.98724875e-04,0.00000000e+00,0.00000000e+00,1.98724875e-04,0
60,24,1.68308287e-03,0.00000000e+00,0.00000000e+00,1.68308287e-03,0
60,25,1.23053951e-03,0.00000000e+00,0.00000000e+00,1.23053951e-03,0
60,26,1.05858564e-03,0.00000000e+00,0.00000000e+00,1.05858564e-03,0
60,27,6.69953361e-04,0.00000000e+00,0.00000000e+00,6.69953361e-04,0
60,28,2.13560336e-03,0.00000000e+00,0.00000000e+00,-2.13560336e-03,0
60,29,2.49459392e-03,0.00000000e+00,0.00000000e+00,-2.49459392e-03,0
60,30,2.25878384e-03,0.00000000e+00,0.00000000e+00,-2.25878384e-03,0
60,31,2.05248808e-03,0.00000000e+00,0.00000000e+00,2.05248808e-03,0
60,32,4.05834895e-03,0.00000000e+00,0.00000000e+00,4.05834895e-03,0
60,33,2.05248808e-03,0.00000000e+00,0.00000000e+00,2.05248808e-03,0
60,34,2.25878384e-03,0.00000000e+00,0.00000000e+00,-2.25878384e-03,0
60,35,2.49459392e-03,0.00000000e+00,0.00000000e+00,-2.49459392e-03,0
60,36,2.13560336e-03,0.00000000e+00,0.00000000e+00,-2.13560336e-03,0
60,37,6.69953361e-04,0.00000000e+00,0.00000000e+00,6.69953361e-04,0
60,38,1.05858564e-03,0.00000000e+00,0.00000000e+00,1.05858564e-03,0
60,39,1.23053951e-03,0.00000000e+00,0.00000000e+00,1.23053951e-03,0
60,40,1.68308287e-03,0.00000000e+00,0.00000000e+00,1.68308287e-03,0
60,41,1.98724875e-04,0.00000000e+00,0.00000000e+00,1.98724875e-04,0
60,42,6.87875259e-04,0.00000000e+00,0.00000000e+00,6.87875259e-04,0
60,43,2.10558566e-04,0.00000000e+00,0.00000000e+00,-2.10558566e-04,0
60,44,8.39199134e-04,0.00000000e+00,0.00000000e+00,-8.39199134e-04,0
60,45,4.82872153e-04,0.00000000e+00,0.00000000e+00,4.82872153e-04,0
60,46,2.11618153e-03,0.00000000e+00,0.00000000e+00,2.11618153e-03,0
60,47,7.14689693e-04,0.00000000e+00,0.00000000e+00,7.14689693e-04,0
60,48,6.24953826e-04,0.00000000e+00,0.00000000e+00,-6.24953826e-04,0
60,49,1.31584214e-03,0.00000000e+00,0.00000000e+00,-1.31584214e-03,0
60,50,7.93603458e-04,0.00000000e+00,0.00000000e+00,-7.93603458e-04,0
60,51,6.68286707e-04,0.00000000e+00,0.00000000e+00,-6.68286707e-04,0
60,52,8.80077219e-04,0.00000000e+00,0.00000000e+00,-8.80077219e-04,0
60,53,1.99422991e-04,0.00000000e+00,0.00000000e+00,-1.99422991e-04,0
60,54,1.66054693e-04,0.00000000e+00,0.00000000e+00,1.66054693e-04,0
60,55,1.23463979e-03,0.00000000e+00,0.00000000e+00,1.23463979e-03,0
60,56,2.39032551e-03,0.00000000e+00,0.00000000e+00,2.39032551e-03,0
60,57,9.53280171e-04,0.00000000e+00,0.00000000e+00,9.53280171e-04,0
60,58,1.66944082e-03,0.00000000e+00,0.00000000e+00,-1.66944082e-03,0
60,59,2.27269705e-03,0.00000000e+00,0.00000000e+00,-2.27269705e-03,0
60,60,8.87022527e-04,0.00000000e+00,0.00000000e+00,-8.87022527e-04,0
60,61,4.85346400e-04,0.00000000e+00,0.00000000e+00,4.85346400e-04,0
60,62,9.07292897e-04,0.00000000e+00,0.00000000e+00,9.07292897e-04,0
60,63,7.59571956e-04,0.00000000e+00,0.00000000e+00,7.59571956e-04,0
61,0,2.86014594e-04,0.00000000e+00,0.00000000e+00,2.86014594e-04,0
61,1,4.03988268e-04,0.00000000e+00,0.00000000e+00,4.03988268e-04,0
61,2,6.95862463e-04,0.00000000e+00,0.00000000e+00,6.95862463e-04,0
61,3,8.90577523e-04,0.00000000e+00,0.00000000e+00,8.90577523e-04,0
61,4,4.85346400e-04,0.00000000e+00,0.00000000e+00,4.85346400e-04,0
61,5,7.44947213e-04,0.00000000e+00,0.00000000e+00,-7.44947213e-04,0
61,6,1.94240372e-03,0.00000000e+00,0.00000000e+00,-1.94240372e-03,0
61,7,1.64575653e-03,0.00000000e+00,0.00000000e+00,-1.64575653e-03,0
61,8,7.33116198e-05,0.00000000e+00,0.00000000e+00,7.33116198e-05,0
61,9,1.37687699e-03,0.00000000e+00,0.00000000e+00,1.37687699e-03,0
61,10,1.63489519e-03,0.00000000e+00,0.00000000e+00,1.63489519e-03,0
61,11,1.67548263e-03,0.00000000e+00,0.00000000e+00,1.67548263e-03,0
61,12,1.35621196e-03,0.00000000e+00,0.00000000e+00,1.35621196e-03,0
61,13,8.25572767e-04,0.00000000e+00,0.00000000e+00,8.25572767e-04,0
61,14,4.08214038e-04,0.00000000e+00,0.00000000e+00,4.08214038e-04,0
61,15,5.49989455e-04,0.00000000e+00,0.00000000e+00,-5.49989455e-04,0
61,16,1.30315491e-03,0.00000000e+00,0.00000000e+00,-1.30315491e-03,0
61,17,1.15328560e-03,0.00000000e+00,0.00000000e+00,-1.15328560e-03,0
61,18,2.37551004e-04,0.00000000e+00,0.00000000e+00,2.37551004e-04,0
61,19,1.11807067e-03,0.00000000e+00,0.00000000e+00,1.11807067e-03,0
61,20,1.02633472e-04,0.00000000e+00,0.00000000e+00,1.02633472e-04,0
61,21,9.35832241e-04,0.00000000e+00,0.00000000e+00,-9.35832241e-04,0
61,22,9.12504288e-04,0.00000000e+00,0.00000000e+00,-9.12504288e-04,0
61,23,1.03842643e-03,0.00000000e+00,0.00000000e+00,-1.03842643e-03,0
61,24,5.57746408e-04,0.00000000e+00,0.00000000e+00,-5.57746408e-04,0
61,25,6.26861694e-04,0.00000000e+00,0.00000000e+00,6.26861694e-04,0
61,26,1.52449797e-03,0.00000000e+00,0.00000000e+00,1.52449797e-03,0
61,27,2.60654458e-03,0.00000000e+00,0.00000000e+00,2.60654458e-03,0
61,28,2.64071184e-03,0.00000000e+00,0.00000000e+00,2.64071184e-03,0
61,29,1.33312607e-03,0.00000000e+00,0.00000000e+00,1.33312607e-03,0
61,30,6.47532789e-04,0.00000000e+00,0.00000000e+00,-6.47532789e-04,0
61,31,1.53795073e-03,0.00000000e+00,0.00000000e+00,-1.53795073e-03,0
61,32,1.30633446e-03,0.00000000e+00,0.00000000e+00,-1.30633446e-03,0
61,33,1.53795073e-03,0.00000000e+00,0.00000000e+00,-1.53795073e-03,0
61,34,6.47532789e-04,0.00000000e+00,0.00000000e+00,-6.47532789e-04,0
61,35,1.33312607e-03,0.00000000e+00,0.00000000e+00,1.33312607e-03,0
61,36,2.64071184e-03,0.00000000e+00,0.00000000e+00,2.64071184e-03,0
61,37,2.60654458e-03,0.00000000e+00,0.00000000e+00,2.60654458e-03,0
61,38,1.52449797e-03,0.00000000e+00,0.00000000e+00,1.52449797e-03,0
61,39,6.26861694e-04,0.00000000e+00,0.00000000e+00,6.26861694e-04,0
61,40,5.57746408e-04,0.00000000e+00,0.00000000e+00,-5.57746408e-04,0
61,41,1.03842643e-03,0.00000000e+00,0.00000000e+00,-1.03842643e-03,0
61,42,9.12504288e-04,0.00000000e+00,0.00000000e+00,-9.12504288e-04,0
61,43,9.35832241e-04,0.00000000e+00,0.00000000e+00,-9.35832241e-04,0
61,44,1.02633472e-04,0.00000000e+00,0.00000000e+00,1.02633472e-04,0
61,45,1.11807067e-03,0.00000000e+00,0.00000000e+00,1.11807067e-03,0
61,46,2.37551004e-04,0.00000000e+00,0.00000000e+00,2.37551004e-04,0
61,47,1.15328560e-03,0.00000000e+00,0.00000000e+00,-1.15328560e-03,0
61,48,1.30315491e-03,0.00000000e+00,0.00000000e+00,-1.30315491e-03,0
61,49,5.49989455e-04,0.00000000e+00,0.00000000e+00,-5.49989455e-04,0
61,50,4.08214038e-04,0.00000000e+00,0.00000000e+00,4.08214038e-04,0
61,51,8.25572767e-04,0.00000000e+00,0.00000000e+00,8.25572767e-04,0
61,52,1.35621196e-03,0.00000000e+00,0.00000000e+00,1.35621196e-03,0
61,53,1.67548263e-03,0.00000000e+00,0.00000000e+00,1.67548263e-03,0
61,54,1.63489519e-03,0.00000000e+00,0.00000000e+00,1.63489519e-03,0
61,55,1.37687699e-03,0.00000000e+00,0.00000000e+00,1.37687699e-03,0
61,56,7.33116198e-05,0.00000000e+00,0.00000000e+00,7.33116198e-05,0
61,57,1.64575653e-03,0.00000000e+00,0.00000000e+00,-1.64575653e-03,0
61,58,1.94240372e-03,0.00000000e+00,0.00000000e+00,-1.94240372e-03,0
61,59,7.44947213e-04,0.00000000e+00,0.00000000e+00,-7.44947213e-04,0
61,60,4.85346400e-04,0.00000000e+00,0.00000000e+00,4.85346400e-04,0
61,61,8.90577523e-04,0.00000000e+00,0.00000000e+00,8.90577523e-04,0
61,62,6.95862463e-04,0.00000000e+00,0.00000000e+00,6.95862463e-04,0
61,63,4.03988268e-04,0.00000000e+00,0.00000000e+00,4.03988268e-04,0
62,0,1.04773854e-04,0.00000000e+00,0.00000000e+00,1.04773854e-04,0
62,1,1.70998823e-04,0.00000000e+00,0.00000000e+00,1.70998823e-04,0
62,2,3.79296416e-04,0.00000000e+00,0.00000000e+00,3.79296416e-04,0
62,3,6.95862463e-04,0.00000000e+00,0.00000000e+00,6.95862463e-04,0
62,4,9.07292897e-04,0.00000000e+00,0.00000000e+00,9.07292897e-04,0
62,5,6.31434451e-04,0.00000000e+00,0.00000000e+00,6.31434451e-04,0
62,6,2.61494107e-04,0.00000000e+00,0.00000000e+00,-2.61494107e-04,0
62,7,1.16523032e-03,0.00000000e+00,0.00000000e+00,-1.16523032e-03,0
62,8,1.21124039e-03,0.00000000e+00,0.00000000e+00,-1.21124039e-03,0
62,9,4.56428236e-04,0.00000000e+00,0.00000000e+00,-4.56428236e-04,0
62,10,3.07789070e-04,0.00000000e+00,0.00000000e+00,3.07789070e-04,0
62,11,8.53863765e-04,0.00000000e+00,0.00000000e+00,8.53863765e-04,0
62,12,1.23453167e-03,0.00000000e+00,0.00000000e+00,1.23453167e-03,0
62,13,1.29559267e-03,0.00000000e+00,0.00000000e+00,1.29559267e-03,0
62,14,1.21225003e-03,0.00000000e+00,0.00000000e+00,1.21225003e-03,0
62,15,8.36776673e-04,0.00000000e+00,0.00000000e+00,8.36776673e-04,0
62,16,5.16999592e-05,0.00000000e+00,0.00000000e+00,5.16999592e-05,0
62,17,6.19420039e-04,0.00000000e+00,0.00000000e+00,-6.19420039e-04,0
62,18,5.09901994e-04,0.00000000e+00,0.00000000e+00,-5.09901994e-04,0
62,19,5.25244419e-04,0.00000000e+00,0.00000000e+00,5.25244419e-04,0
62,20,1.05475632e-03,0.00000000e+00,0.00000000e+00,1.05475632e-03,0
62,21,6.15994983e-04,0.00000000e+00,0.00000000e+00,6.15994983e-04,0
62,22,8.23961056e-05,0.00000000e+00,0.00000000e+00,8.23961056e-05,0
62,23,1.26760228e-04,0.00000000e+00,0.00000000e+00,-1.26760228e-04,0
62,24,4.00488766e-04,0.00000000e+00,0.00000000e+00,-4.00488766e-04,0
62,25,9.67454798e-06,0.00000000e+00,0.00000000e+00,9.67454798e-06,0
62,26,5.84869451e-04,0.00000000e+00,0.00000000e+00,5.84869451e-04,0
62,27,1.16203264e-03,0.00000000e+00,0.00000000e+00,1.16203264e-03,0
62,28,1.61817158e-03,0.00000000e+00,0.00000000e+00,1.61817158e-03,0
62,29,7.83232946e-04,0.00000000e+00,0.00000000e+00,7.83232946e-04,0
62,30,8.37041456e-04,0.00000000e+00,0.00000000e+00,-8.37041456e-04,0
62,31,2.95300514e-03,0.00000000e+00,0.00000000e+00,-2.95300514e-03,0
62,32,3.78400006e-03,0.00000000e+00,0.00000000e+00,-3.78400006e-03,0
62,33,2.95300514e-03,0.00000000e+00,0.00000000e+00,-2.95300514e-03,0
62,34,8.37041456e-04,0.00000000e+00,0.00000000e+00,-8.37041456e-04,0
62,35,7.83232946e-04,0.00000000e+00,0.00000000e+00,7.83232946e-04,0
62,36,1.61817158e-03,0.00000000e+00,0.00000000e+00,1.61817158e-03,0
62,37,1.16203264e-03,0.00000000e+00,0.00000000e+00,1.16203264e-03,0
62,38,5.84869451e-04,0.00000000e+00,0.00000000e+00,5.84869451e-04,0
62,39,9.67454798e-06,0.00000000e+00,0.00000000e+00,9.67454798e-06,0
62,40,4.00488766e-04,0.00000000e+00,0.00000000e+00,-4.00488766e-04,0
62,41,1.26760228e-04,0.00000000e+00,0.00000000e+00,-1.26760228e-04,0
62,42,8.23961056e-05,0.00000000e+00,0.00000000e+00,8.23961056e-05,0
62,43,6.15994983e-04,0.00000000e+00,0.00000000e+00,6.15994983e-04,0
62,44,1.05475632e-03,0.00000000e+00,0.00000000e+00,1.05475632e-03,0
62,45,5.25244419e-04,0.00000000e+00,0.00000000e+00,5.25244419e-04,0
62,46,5.09901994e-04,0.00000000e+00,0.00000000e+00,-5.09901994e-04,0
62,47,6.19420039e-04,0.00000000e+00,0.00000000e+00,-6.19420039e-04,0
62,48,5.16999592e-05,0.00000000e+00,0.00000000e+00,5.16999592e-05,0
62,49,8.36776673e-04,0.00000000e+00,0.00000000e+00,8.36776673e-04,0
62,50,1.21225003e-03,0.00000000e+00,0.00000000e+00,1.21225003e-03,0
62,51,1.29559267e-03,0.00000000e+00,0.00000000e+00,1.29559267e-03,0
62,52,1.23453167e-03,0.00000000e+00,0.00000000e+00,1.23453167e-03,0
62,53,8.53863765e-04,0.00000000e+00,0.00000000e+00,8.53863765e-04,0
62,54,3.07789070e-04,0.00000000e+00,0.00000000e+00,3.07789070e-04,0
62,55,4.56428236e-04,0.00000000e+00,0.00000000e+00,-4.56428236e-04,0
62,56,1.21124039e-03,0.00000000e+00,0.00000000e+00,-1.21124039e-03,0
62,57,1.16523032e-03,0.00000000e+00,0.00000000e+00,-1.16523032e-03,0
62,58,2.61494107e-04,0.00000000e+00,0.00000000e+00,-2.61494107e-04,0
62,59,6.31434451e-04,0.00000000e+00,0.00000000e+00,6.31434451e-04,0
62,60,9.07292897e-04,0.00000000e+00,0.00000000e+00,9.07292897e-04,0
62,61,6.95862463e-04,0.00000000e+00,0.00000000e+00,6.95862463e-04,0
62,62,3.79296416e-04,0.00000000e+00,0.00000000e+00,3.79296416e-04,0
62,63,1.70998823e-04,0.00000000e+00,0.00000000e+00,1.70998823e-04,0
63,0,3.32843745e-05,0.00000000e+00,0.00000000e+00,3.32843745e-05,0
63,1,6.24052277e-05,0.00000000e+00,0.00000000e+00,6.24052277e-05,0
63,2,1.70998823e-04,0.00000000e+00,0.00000000e+00,1.70998823e-04,0
63,3,4.03988268e-04,0.00000000e+00,0.00000000e+00,4.03988268e-04,0
63,4,7.59571956e-04,0.00000000e+00,0.00000000e+00,7.59571956e-04,0
63,5,1.08389116e-03,0.00000000e+00,0.00000000e+00,1.08389116e-03,0
63,6,1.07746723e-03,0.00000000e+00,0.00000000e+00,1.07746723e-03,0
63,7,5.67847181e-04,0.00000000e+00,0.00000000e+00,5.67847181e-04,0
63,8,1.99611805e-04,0.00000000e+00,0.00000000e+00,-1.99611805e-04,0
63,9,7.88014406e-04,0.00000000e+00,0.00000000e+00,-7.88014406e-04,0
63,10,1.07297111e-03,0.00000000e+00,0.00000000e+00,-1.07297111e-03,0
63,11,1.15506367e-03,0.00000000e+00,0.00000000e+00,-1.15506367e-03,0
63,12,1.04144037e-03,0.00000000e+00,0.00000000e+00,-1.04144037e-03,0
63,13,8.00057948e-04,0.00000000e+00,0.00000000e+00,-8.00057948e-04,0
63,14,5.05327699e-04,0.00000000e+00,0.00000000e+00,-5.05327699e-04,0
63,15,2.14991368e-04,0.00000000e+00,0.00000000e+00,-2.14991368e-04,0
63,16,1.96411870e-04,0.00000000e+00,0.00000000e+00,-1.96411870e-04,0
63,17,5.82628798e-04,0.00000000e+00,0.00000000e+00,-5.82628798e-04,0
63,18,1.16954891e-03,0.00000000e+00,0.00000000e+00,-1.16954891e-03,0
63,19,1.37723360e-03,0.00000000e+00,0.00000000e+00,-1.37723360e-03,0
63,20,1.04755075e-03,0.00000000e+00,0.00000000e+00,-1.04755075e-03,0
63,21,6.87481797e-04,0.00000000e+00,0.00000000e+00,-6.87481797e-04,0
63,22,5.58520113e-04,0.00000000e+00,0.00000000e+00,-5.58520113e-04,0
63,23,4.79732917e-04,0.00000000e+00,0.00000000e+00,-4.79732917e-04,0
63,24,5.80066606e-04,0.00000000e+00,0.00000000e+00,-5.80066606e-04,0
63,25,7.71335290e-04,0.00000000e+00,0.00000000e+00,-7.71335290e-04,0
63,26,8.54904169e-04,0.00000000e+00,0.00000000e+00,-8.54904169e-04,0
63,27,8.53210938e-04,0.00000000e+00,0.00000000e+00,-8.53210938e-04,0
63,28,6.06545271e-04,0.00000000e+00,0.00000000e+00,-6.06545271e-04,0
63,29,2.88480728e-04,0.00000000e+00,0.00000000e+00,-2.88480728e-04,0
63,30,9.20510191e-05,0.00000000e+00,0.00000000e+00,-9.20510191e-05,0
63,31,2.10394499e-04,0.00000000e+00,0.00000000e+00,-2.10394499e-04,0
63,32,3.62676860e-04,0.00000000e+00,0.00000000e+00,-3.62676860e-04,0
63,33,2.10394499e-04,0.00000000e+00,0.00000000e+00,-2.10394499e-04,0
63,34,9.20510191e-05,0.00000000e+00,0.00000000e+00,-9.20510191e-05,0
63,35,2.88480728e-04,0.00000000e+00,0.00000000e+00,-2.88480728e-04,0
63,36,6.06545271e-04,0.00000000e+00,0.00000000e+00,-6.06545271e-04,0
63,37,8.53210938e-04,0.00000000e+00,0.00000000e+00,-8.53210938e-04,0
63,38,8.54904169e-04,0.00000000e+00,0.00000000e+00,-8.54904169e-04,0
63,39,7.71335290e-04,0.00000000e+00,0.00000000e+00,-7.71335290e-04,0
63,40,5.80066606e-04,0.00000000e+00,0.00000000e+00,-5.80066606e-04,0
63,41,4.79732917e-04,0.00000000e+00,0.00000000e+00,-4.79732917e-04,0
63,42,5.58520113e-04,0.00000000e+00,0.00000000e+00,-5.58520113e-04,0
63,43,6.87481797e-04,0.00000000e+00,0.00000000e+00,-6.87481797e-04,0
63,44,1.04755075e-03,0.00000000e+00,0.00000000e+00,-1.04755075e-03,0
63,45,1.37723360e-03,0.00000000e+00,0.00000000e+00,-1.37723360e-03,0
63,46,1.16954891e-03,0.00000000e+00,0.00000000e+00,-1.16954891e-03,0
63,47,5.82628798e-04,0.00000000e+00,0.00000000e+00,-5.82628798e-04,0
63,48,1.96411870e-04,0.00000000e+00,0.00000000e+00,-1.96411870e-04,0
63,49,2.14991368e-04,0.00000000e+00,0.00000000e+00,-2.14991368e-04,0
63,50,5.05327699e-04,0.00000000e+00,0.00000000e+00,-5.05327699e-04,0
63,51,8.00057948e-04,0.00000000e+00,0.00000000e+00,-8.00057948e-04,0
63,52,1.04144037e-03,0.00000000e+00,0.00000000e+00,-1.04144037e-03,0
63,53,1.15506367e-03,0.00000000e+00,0.00000000e+00,-1.15506367e-03,0
63,54,1.07297111e-03,0.00000000e+00,0.00000000e+00,-1.07297111e-03,0
63,55,7.88014406e-04,0.00000000e+00,0.00000000e+00,-7.88014406e-04,0
63,56,1.99611805e-04,0.00000000e+00,0.00000000e+00,-1.99611805e-04,0
63,57,5.67847181e-04,0.00000000e+00,0.00000000e+00,5.67847181e-04,0
63,58,1.07746723e-03,0.00000000e+00,0.00000000e+00,1.07746723e-03,0
63,59,1.08389116e-03,0.00000000e+00,0.00000000e+00,1.08389116e-03,0
63,60,7.59571956e-04,0.00000000e+00,0.00000000e+00,7.59571956e-04,0
63,61,4.03988268e-04,0.00000000e+00,0.00000000e+00,4.03988268e-04,0
63,62,1.70998823e-04,0.00000000e+00,0.00000000e+00,1.70998823e-04,0
63,63,6.24052277e-05,0.00000000e+00,0.00000000e+00,6.24052277e-05,0
