17 empty 12288208374219113350 3391430031847214218 0 5681245932816534729 12747526435267709093 0 0 0 0 0 0 0 0 0 0 0 0 0 0 0 0 0 0 0 0 0 0 0 0 0 0 0 0 0 0 0 0 0 0 0 0 0 0 0 0 0 0 0 0 0 0 0 0 2 0 3 0 0.01 1 1 1 1 0.5 1 6 0 0 0 0 0 0 0 0 4 1.5 0.29999999999999999 1 0 4 0 1 0 0 0 0 1 0 0 2 0 -1
17 s0-seed-dynamical-flux-dressing 18142906330435319837 6857947847591715755 0 17190441117026023066 12747526435267709093 1 1 0 0 0 0 0 0 0 0 0 0 0 0 0 0 0 0 0 0 0 0 0 0 0 0 0 0 0 0 0 0 0 0 0 0 0 0 0 0 0 0 0 0 0 0 0 0 2 0 3 0 0.01 1 1 1 1 0.5 1 6 0 0 0 0 0 0 0 0 4 1.5 0.29999999999999999 1 0 4 0 1 0 0 0 0 1 0 0 2 0 -1
17 s0-seed-moving-source-reciprocity 16449004084584765403 7570331528151814221 0 14286007217049801726 12747526435267709093 1 1 0 0 0 0 0 1 0 0 1 0 0 0 0 0 0 0 0 0 0 0 0 0 0 1 0 0 0 0 0 0 0 0 0 0 0 0 0 0 0 0 0 1 0 0 0 0 2 0 3 0 0.01 1 1 1 1 0.5 1 6 0 0 0 0 0 0 0 0 4 1.5 0.29999999999999999 1 0 4 0 1 0 0 0 0 1 0 0 2 0 -1
17 flux-pulse 17660288228529620454 3605518650249220197 0 5681245932816534729 12747526435267709093 1 0 0 0 0 0 0 0 0 0 0 0 0 0 0 0 0 0 0 0 0 0 0 0 0 0 0 0 0 0 0 0 0 0 0 0 0 0 0 0 0 0 0 0 0 0 0 0 2 0 3 0 0.01 1 1 1 1 0.5 1 6 0 0 0 0 0 0 0 0 4 1.5 0.29999999999999999 1 0 4 0 1 0 0 0 0 1 0 0 2 0 -1
17 flux-dipole 15152586597655418031 3047073302629126632 0 5681245932816534729 12747526435267709093 1 0 0 0 0 0 0 0 0 0 0 0 0 0 0 0 0 0 0 0 0 0 0 0 0 0 0 0 0 0 0 0 0 0 0 0 0 0 0 0 0 0 0 0 0 0 0 0 2 0 3 0 0.01 1 1 1 1 0.5 1 6 0 0 0 0 0 0 0 0 4 1.5 0.29999999999999999 1 0 4 0 1 0 0 0 0 1 0 0 2 0 -1
17 flux-standing 9767747337614272542 5342543744006707329 0 5681245932816534729 12747526435267709093 1 0 0 0 0 0 0 0 0 0 0 0 0 0 0 0 0 0 0 0 0 0 0 0 0 0 0 0 0 0 0 0 0 0 0 0 0 0 0 0 0 0 0 0 0 0 0 0 2 0 3 0 0.01 1 1 1 1 0.5 1 6 0 0 0 0 0 0 0 0 4 1.5 0.29999999999999999 1 0 4 0 1 0 0 0 0 1 0 0 2 0 -1
17 flux-nested-standing 12615532626750323370 16582558382120485720 0 5681245932816534729 12747526435267709093 1 0 0 0 0 0 0 0 0 0 0 0 0 0 0 0 0 0 0 0 0 0 0 0 0 0 0 0 0 0 0 0 0 0 0 0 0 0 0 0 0 0 0 0 0 0 0 0 2 0 3 0 0.01 1 1 1 1 0.5 1 6 0 0 0 0 0 0 0 0 4 1.5 0.29999999999999999 1 0 4 0 1 0 0 0 0 1 0 0 2 0 -1
17 flux-soliton 17289283600971713240 8325063079848004689 0 5681245932816534729 12747526435267709093 1 0 0 0 0 0 1 0 0 0 0 0 0 0 0 0 0 0 0 0 0 0 0 0 0 0 0 0 0 0 0 0 0 0 0 0 0 0 0 0 0 0 0 0 0 0 0 0 2 0 3 0 0.01 1 1 1 1 0.5 1 6 0 0 0 0 0 0 0 0 4 1.5 0.29999999999999999 1 0 4 0 1 0 0 0 0 1 0 0 2 0 -1
17 flux-interference 5071276619434842010 1134136578725100674 0 5681245932816534729 12747526435267709093 1 0 0 0 0 0 0 0 0 0 0 0 0 0 0 0 0 0 0 0 0 0 0 0 0 0 0 0 0 0 0 0 0 0 0 0 0 0 0 0 0 0 0 0 0 0 0 0 2 0 3 0 0.01 1 1 1 1 0.5 1 6 0 0 0 0 0 0 0 0 4 1.5 0.29999999999999999 1 0 4 0 1 0 0 0 0 1 0 0 2 0 -1
17 flux-vortex 18182444800502044453 11200616030495399344 0 5681245932816534729 12747526435267709093 0 0 0 0 0 0 0 0 0 0 0 0 0 0 0 0 0 0 0 0 0 0 0 0 0 0 0 0 0 0 0 0 0 0 0 0 0 0 0 0 0 0 0 0 0 0 0 0 2 0 3 0 0.01 1 1 1 1 0.5 1 6 0 0 0 0 0 0 0 0 4 1.5 0.29999999999999999 1 0 4 0 1 0 0 0 0 1 0 0 2 0 -1
17 flux-dual-substrate 8633857010463633067 15824420644885652863 0 5681245932816534729 12747526435267709093 1 0 0 0 0 0 0 0 0 0 0 0 0 0 0 0 0 0 0 0 0 0 0 0 0 0 0 0 0 0 0 0 0 0 0 0 0 0 0 0 0 0 0 0 0 0 0 0 2 0 3 0 0.01 1 1 1 1 0.5 1 6 0 0 0 0 0 0 0 0 4 1.5 0.29999999999999999 1 0 4 0 1 0 0 0 0 1 0 0 2 0 -1
17 flux-cascade 8720569111748740312 6430300948002621427 0 5681245932816534729 12747526435267709093 0 0 0 1 0 0 0 0 0 0 0 0 0 0 0 0 0 0 0 0 0 0 0 0 0 0 0 0 0 0 0 0 0 0 0 0 0 0 0 0 0 0 0 0 0 0 0 0 2 0 3 0 0.01 1 1 1 1 0.5 1 6 0 0 0 0 0 0 0 0 4 1.5 0.29999999999999999 1 0 4 0 1 0 0 0 0 1 0 0 2 0 -1
17 flux-random-genesis 993396416209590656 9062604022000260054 0 5681245932816534729 12747526435267709093 0 0 0 1 0 0 0 0 0 0 0 0 0 0 0 0 0 0 0 0 0 0 0 0 0 0 0 0 0 0 0 0 0 0 0 0 0 0 0 0 0 0 0 0 0 0 0 0 2 0 3 0 0.01 1 1 1 1 0.5 1 6 0 0 0 0 0 0 0 0 4 1.5 0.29999999999999999 1 0 4 0 1 0 0 0 0 1 0 0 2 0 -1
17 flux-genesis-between-gates 15597918432169316971 5200006323853483832 0 5681245932816534729 12747526435267709093 0 0 0 1 0 0 0 0 0 0 0 0 0 0 0 0 0 0 0 0 0 0 0 0 0 0 0 0 0 0 0 0 0 0 0 0 0 0 0 0 0 0 0 0 0 0 0 0 2 0 3 0 0.01 1 1 1 1 0.5 1 6 0 0 0 0 0 0 0 0 4 1.5 0.29999999999999999 1 0 4 0 1 0 0 0 0 1 0 0 2 0 -1
17 s0-seed-ew-phase-transition 12288208374219113350 3391430031847214218 0 5681245932816534729 12747526435267709093 1 0 0 1 0 0 1 0 0 0 0 0 0 0 0 0 0 0 0 0 0 0 0 0 0 0 0 0 0 0 0 0 0 0 0 0 0 0 0 0 0 0 0 0 1 0 0 0 2 0 3 0 0.01 1 1 1 1 0.5 1 6 0 0 0 0 0 0 0 0 4 1.5 0.29999999999999999 1 0 4 0 1 0 0 0 0 1 0 0 2 0 -1
17 flux-pair-production 5903599772319036723 16187604237904483324 0 5681245932816534729 12747526435267709093 0 0 0 0 0 0 0 0 0 0 0 0 0 0 0 0 0 0 0 0 1 0 0 0 0 0 0 0 0 0 0 0 0 0 0 0 0 0 0 0 0 0 0 0 0 0 0 0 2 0 3 0 0.01 1 1 1 1 0.5 1 6 0 0 0 0 0 0 0 0 4 1.5 0.29999999999999999 1 0 4 0 1 0 0 0 0 1 0 0 2 0 -1
17 flux-annihilation 2979304731846335329 13272853183252985588 0 10124970915462752772 12747526435267709093 0 0 0 0 0 0 0 0 0 0 1 0 0 0 0 0 0 0 0 0 0 0 0 0 0 0 0 0 0 0 0 0 0 0 0 0 0 0 0 0 0 0 0 0 0 0 0 0 2 0 3 0 0.01 1 1 1 1 0.5 1 6 0 0 0 0 0 0 0 0 4 1.5 0.29999999999999999 1 0 4 0 1 0 0 0 0 1 0 0 2 0 -1
17 flux-vacuum-foam 10103581344675404889 5596889521081318459 0 5681245932816534729 12747526435267709093 1 0 0 0 0 0 0 0 0 0 0 0 0 0 0 0 0 0 0 0 0 0 0 0 0 0 0 0 0 0 0 0 0 0 0 0 0 0 0 0 0 0 0 0 0 0 0 0 2 0 3 0 0.01 1 1 1 1 0.5 1 6 0 0 0 0 0 0 0 0 4 1.5 0.29999999999999999 1 0 4 0 1 0 0 0 0 1 0 0 2 0 -1
17 flux-meson 13460866311121650097 15292617831845731872 0 13512826993508858448 12747526435267709093 0 0 0 0 0 0 0 0 0 0 1 0 0 0 0 0 0 0 0 0 0 0 0 0 0 0 0 0 0 0 0 0 0 0 0 0 0 0 0 0 0 0 0 0 0 0 0 0 2 0 3 0 0.01 1 1 1 1 0.5 1 6 0 0 0 0 0 0 0 0 4 1.5 0.29999999999999999 1 0 4 0 1 0 0 0 0 1 0 0 2 0 -1
17 flux-string-breaking 3513416183419575768 18397758403327315136 0 13512826993508858448 12747526435267709093 0 0 0 0 0 0 0 0 0 0 1 0 0 0 0 0 0 0 0 0 0 0 0 0 0 0 0 0 0 0 0 0 0 0 0 0 0 0 0 0 0 0 0 0 0 0 0 0 2 0 3 0 0.01 1 1 1 1 0.5 1 6 0 0 0 0 0 0 0 0 4 1.5 0.29999999999999999 1 0 4 0 1 0 0 0 0 1 0 0 2 0 -1
17 flux-baryon 10509569796947797625 7320816123084706963 0 12256993236755056589 12747526435267709093 0 0 0 0 0 0 0 0 0 0 1 0 0 0 0 0 0 0 0 0 0 0 0 0 0 0 0 0 0 0 0 0 0 0 0 0 0 0 0 0 0 0 0 0 0 0 0 0 2 0 3 0 0.01 1 1 1 1 0.5 1 6 0 0 0 0 0 0 0 0 4 1.5 0.29999999999999999 1 0 4 0 1 0 0 0 0 1 0 0 2 0 -1
17 flux-cyclotron 13886515461987236253 5377183668065522610 0 17190441117026023066 12747526435267709093 0 0 0 0 0 0 0 1 0 1 1 1 0 0 0 0 0 0 0 0 0 0 0 0 0 0 0 0 0 0 0 0 0 0 0 0 0 0 0 0 0 0 0 0 0 0 0 0 2 0 3 0 0.01 1 1 1 1 0.5 1 6 0 0 0 0 0 0 0 0 4 1.5 0.29999999999999999 1 0 4 0 1 0 0 0 0 1 0 0 2 0 -1
17 flux-screening 2021127180189934313 14642952111546047376 0 4274868924488779773 12747526435267709093 0 0 0 0 0 0 0 0 0 0 0 0 0 0 0 0 0 0 0 0 0 0 0 0 0 0 0 0 0 0 0 0 0 0 0 0 0 0 0 0 0 0 0 0 0 0 0 0 2 0 3 0 0.01 1 1 1 1 0.5 1 6 0 0 0 0 0 0 0 0 4 1.5 0.29999999999999999 1 0 4 0 1 0 0 0 0 1 0 0 2 0 -1
17 flux-thermalization 2604003007728644632 9937692302995660138 0 5681245932816534729 12747526435267709093 1 0 0 0 0 0 0 0 0 0 0 0 0 0 0 0 0 0 0 0 0 0 0 0 0 0 0 0 0 0 0 0 0 0 0 0 0 0 0 0 0 0 0 0 0 0 0 0 2 0 3 0 0.01 1 1 1 1 0.5 1 6 0 0 0 0 0 0 0 0 4 1.5 0.29999999999999999 1 0 4 0 1 0 0 0 0 1 0 0 2 0 -1
17 flux-triad 5226594611303495337 1386453248180794636 0 440925944762914425 12747526435267709093 0 0 0 0 0 0 0 0 0 0 0 0 0 0 0 0 0 0 0 0 0 0 0 0 0 0 0 0 0 0 0 0 0 0 0 0 0 0 0 0 0 0 0 0 0 0 0 0 2 0 3 0 0.01 1 1 1 1 0.5 1 6 0 0 0 0 0 0 0 0 4 1.5 0.29999999999999999 1 0 4 0 1 0 0 0 0 1 0 0 2 0 -1
17 flux-zero-point 121605208124480446 12170145232533320775 0 5681245932816534729 12747526435267709093 1 0 0 0 0 0 0 0 0 0 0 0 0 0 0 0 0 0 0 0 0 0 0 0 0 0 0 0 0 0 0 0 0 0 0 0 0 0 0 0 0 0 0 0 0 0 0 0 2 0 3 0 0.01 1 1 1 1 0.5 1 6 0 0 0 0 0 0 0 0 4 1.5 0.29999999999999999 1 0 4 0 1 0 0 0 0 1 0 0 2 0 -1
17 light-rainbow 1439208324494567581 6381065056847918037 0 5681245932816534729 12747526435267709093 1 0 0 0 0 0 1 0 0 0 0 0 0 0 0 0 0 0 0 0 0 0 0 0 0 0 0 0 0 0 0 0 0 0 0 0 0 0 0 0 0 0 0 0 0 0 0 0 2 0 3 0 0.01 1 1 1 1 0.5 1 6 0 0 0 0 0 0 0 0 4 1.5 0.29999999999999999 1 0 4 0 1 0 0 0 0 1 0 0 2 0 -1
17 light-dipole 18046439599194545923 5257609620751683987 0 5681245932816534729 12747526435267709093 1 0 0 0 0 0 1 0 0 0 0 0 0 0 0 0 0 0 0 0 0 0 0 0 0 0 0 0 0 0 0 0 0 0 0 0 0 0 0 0 0 0 0 0 0 0 0 0 2 0 3 0 0.01 1 1 1 1 0.5 1 6 0 0 0 0 0 0 0 0 4 1.5 0.29999999999999999 1 0 4 0 1 0 0 0 0 1 0 0 2 0 -1
17 light-two-slit 11510192293669940834 11485328585635572373 0 5681245932816534729 12747526435267709093 1 0 0 0 0 0 1 0 0 0 0 0 0 0 0 0 0 0 0 0 0 0 0 0 0 0 0 0 0 0 0 0 0 0 0 0 0 0 0 0 0 0 0 0 0 0 0 0 2 0 3 0 0.01 1 1 1 1 0.5 1 6 0 0 0 0 0 0 0 0 4 1.5 0.29999999999999999 1 0 4 0 1 0 0 0 0 1 0 0 2 0 -1
17 light-photon-race 16933524270525921994 9953670424060743893 0 5681245932816534729 12747526435267709093 1 0 0 0 0 0 1 0 0 0 0 0 0 0 0 0 0 0 0 0 0 0 0 0 0 0 0 0 0 0 0 0 0 0 0 0 0 0 0 0 0 0 0 0 0 0 0 0 2 0 3 0 0.01 1 1 1 1 0.5 1 6 0 0 0 0 0 0 0 0 4 1.5 0.29999999999999999 1 0 4 0 1 0 0 0 0 1 0 0 2 0 -1
17 quantum-born-rule 10460209899417040112 17276121881911405070 0 5681245932816534729 12747526435267709093 0 0 0 1 0 0 0 0 0 0 0 0 0 0 0 0 0 0 0 0 0 0 0 0 0 0 0 0 0 0 0 0 0 0 0 0 0 0 0 0 0 0 0 0 0 0 0 0 2 0 3 0 0.01 1 1 1 1 0.5 1 6 0 0 0 0 0 0 0 0 4 1.5 0.29999999999999999 1 0 4 0 1 0 0 0 0 1 0 0 2 0 -1
17 quantum-double-slit 17526411777365004688 5487058900764913544 0 5681245932816534729 12747526435267709093 1 0 0 0 0 0 1 0 0 0 0 0 0 0 0 0 0 0 0 0 0 0 0 0 0 0 0 0 0 0 0 0 0 0 0 0 0 0 0 0 0 0 0 0 0 0 0 0 2 0 3 0 0.01 1 1 1 1 0.5 1 6 0 0 0 0 0 0 0 0 4 1.5 0.29999999999999999 1 0 4 0 1 0 0 0 0 1 0 0 2 0 -1
17 quantum-eraser 9487069812157742195 12368609048927801267 0 17686977017472826474 12747526435267709093 1 1 0 0 0 0 1 0 0 0 0 0 0 0 0 0 0 0 0 0 0 0 0 0 0 0 0 0 0 0 0 0 0 0 0 0 0 0 0 0 0 0 0 0 0 0 0 0 2 0 3 0 0.01 1 1 1 1 0.5 1 6 0 0 0 0 0 0 0 0 4 1.5 0.29999999999999999 1 0 4 0 1 0 0 0 0 1 0 0 2 0 -1
17 quantum-tunnel 4050951085718264048 12035755581522688748 0 17888215827026607305 12747526435267709093 1 1 0 0 0 0 1 0 0 0 0 0 0 0 0 0 0 0 0 0 0 0 0 0 0 0 0 0 0 0 0 0 0 0 0 0 0 0 0 0 0 0 0 0 0 0 0 0 2 0 3 0 0.01 1 1 1 1 0.5 1 6 0 0 0 0 0 0 0 0 4 1.5 0.29999999999999999 1 0 4 0 1 0 0 0 0 1 0 0 2 0 -1
17 quantum-well 1011631837252947693 12314230052877852584 0 12194704735750080768 12747526435267709093 1 0 0 0 0 0 0 0 0 0 0 0 0 0 0 0 0 0 0 0 0 0 0 0 0 0 0 0 0 0 0 0 0 0 0 0 0 0 0 0 0 0 0 0 0 0 0 0 2 0 3 0 0.01 1 1 1 1 0.5 1 6 0 0 0 0 0 0 0 0 4 1.5 0.29999999999999999 1 0 4 0 1 0 0 0 0 1 0 0 2 0 -1
17 quantum-entangle 10699974356307012036 126320644744375906 0 8061368925252666276 12747526435267709093 0 0 0 0 0 0 0 0 0 0 0 0 0 0 0 0 0 0 0 0 0 0 0 0 0 0 0 0 0 0 0 0 0 0 0 0 0 0 0 0 0 0 0 0 0 0 0 0 2 0 3 0 0.01 1 1 1 1 0.5 1 6 0 0 0 0 0 0 0 0 4 1.5 0.29999999999999999 1 0 4 0 1 0 0 0 0 1 0 0 2 0 -1
17 quantum-aharonov-bohm 6559678994927435990 570888847382142114 0 5681245932816534729 12747526435267709093 1 0 0 0 0 0 1 0 0 0 0 0 0 0 0 0 0 0 0 0 0 0 0 0 0 0 0 0 0 0 0 0 0 0 0 0 0 0 0 0 0 0 0 0 0 0 0 0 2 0 3 0 0.01 1 1 1 1 0.5 1 6 0 0 0 0 0 0 0 0 4 1.5 0.29999999999999999 1 0 4 0 1 0 0 0 0 1 0 0 2 0 -1
17 quantum-casimir 8960217353466632610 7355866337375219890 0 5615031177502900264 12747526435267709093 1 0 0 0 0 0 0 0 0 0 0 0 0 0 0 0 0 0 0 0 0 0 0 0 0 0 0 0 0 0 0 0 0 0 0 0 0 0 0 0 0 0 0 0 0 0 0 0 2 0 3 0 0.01 1 1 1 1 0.5 1 6 0 0 0 0 0 0 0 0 4 1.5 0.29999999999999999 1 0 4 0 1 0 0 0 0 1 0 0 2 0 -1
17 quantum-zeno 6490546732844596857 17435452733832258714 0 5681245932816534729 12747526435267709093 0 0 0 1 0 0 0 0 0 0 0 0 0 0 0 0 0 0 0 0 0 0 0 0 0 0 0 0 0 0 0 0 0 0 0 0 0 0 0 0 0 0 0 0 0 0 0 0 2 0 3 0 0.01 1 1 1 1 0.5 1 6 0 0 0 0 0 0 0 0 4 1.5 0.29999999999999999 1 0 4 0 1 0 0 0 0 1 0 0 2 0 -1
17 s0-seed-up-quark 5364096723787070597 12456595671789316054 0 17190441117026023066 12747526435267709093 1 0 0 0 0 0 0 0 0 0 0 0 0 0 0 0 0 0 0 0 0 0 0 0 0 0 0 0 0 0 0 0 0 0 0 0 0 0 0 0 0 0 0 0 0 0 0 0 2 0 3 0 0.01 1 1 1 1 0.5 1 6 0 0 0 0 0 0 0 0 4 1.5 0.29999999999999999 1 0 4 0 1 0 0 0 0 1 0 0 2 0 -1
17 s0-seed-down-quark 13218410097673718700 16026390429847711321 0 17190441117026023066 12747526435267709093 1 0 0 0 0 0 0 0 0 0 0 0 0 0 0 0 0 0 0 0 0 0 0 0 0 0 0 0 0 0 0 0 0 0 0 0 0 0 0 0 0 0 0 0 0 0 0 0 2 0 3 0 0.01 1 1 1 1 0.5 1 6 0 0 0 0 0 0 0 0 4 1.5 0.29999999999999999 1 0 4 0 1 0 0 0 0 1 0 0 2 0 -1
17 s0-seed-strange-quark 4658799479827013896 15015712743542819007 0 17190441117026023066 12747526435267709093 1 0 0 0 0 0 0 0 0 0 0 0 0 0 0 0 0 0 0 0 0 0 0 0 0 0 0 0 0 0 0 0 0 0 0 0 0 0 0 0 0 0 0 0 0 0 0 0 2 0 3 0 0.01 1 1 1 1 0.5 1 6 0 0 0 0 0 0 0 0 4 1.5 0.29999999999999999 1 0 4 0 1 0 0 0 0 1 0 0 2 0 -1
17 s0-seed-charm-quark 4563431587174637476 11627483323249047239 0 17190441117026023066 12747526435267709093 1 0 0 0 0 0 0 0 0 0 0 0 0 0 0 0 0 0 0 0 0 0 0 0 0 0 0 0 0 0 0 0 0 0 0 0 0 0 0 0 0 0 0 0 0 0 0 0 2 0 3 0 0.01 1 1 1 1 0.5 1 6 0 0 0 0 0 0 0 0 4 1.5 0.29999999999999999 1 0 4 0 1 0 0 0 0 1 0 0 2 0 -1
17 s0-seed-bottom-quark 9507219679635970851 13558851571872547916 0 17190441117026023066 12747526435267709093 1 0 0 0 0 0 0 0 0 0 0 0 0 0 0 0 0 0 0 0 0 0 0 0 0 0 0 0 0 0 0 0 0 0 0 0 0 0 0 0 0 0 0 0 0 0 0 0 2 0 3 0 0.01 1 1 1 1 0.5 1 6 0 0 0 0 0 0 0 0 4 1.5 0.29999999999999999 1 0 4 0 1 0 0 0 0 1 0 0 2 0 -1
17 s0-seed-top-quark 12551874262101328022 3098895988668700684 0 17190441117026023066 12747526435267709093 1 0 0 0 0 0 0 0 0 0 0 0 0 0 0 0 0 0 0 0 0 0 0 0 0 0 0 0 0 0 0 0 0 0 0 0 0 0 0 0 0 0 0 0 0 0 0 0 2 0 3 0 0.01 1 1 1 1 0.5 1 6 0 0 0 0 0 0 0 0 4 1.5 0.29999999999999999 1 0 4 0 1 0 0 0 0 1 0 0 2 0 -1
17 s0-seed-anti-up-quark 7505238355672088574 15443135721042277743 0 17190441117026023066 12747526435267709093 1 0 0 0 0 0 0 0 0 0 0 0 0 0 0 0 0 0 0 0 0 0 0 0 0 0 0 0 0 0 0 0 0 0 0 0 0 0 0 0 0 0 0 0 0 0 0 0 2 0 3 0 0.01 1 1 1 1 0.5 1 6 0 0 0 0 0 0 0 0 4 1.5 0.29999999999999999 1 0 4 0 1 0 0 0 0 1 0 0 2 0 -1
17 s0-seed-anti-down-quark 6878548259337979635 12027318191305498879 0 17190441117026023066 12747526435267709093 1 0 0 0 0 0 0 0 0 0 0 0 0 0 0 0 0 0 0 0 0 0 0 0 0 0 0 0 0 0 0 0 0 0 0 0 0 0 0 0 0 0 0 0 0 0 0 0 2 0 3 0 0.01 1 1 1 1 0.5 1 6 0 0 0 0 0 0 0 0 4 1.5 0.29999999999999999 1 0 4 0 1 0 0 0 0 1 0 0 2 0 -1
17 s0-seed-anti-strange-quark 1482284586775855426 9136524111264516314 0 17190441117026023066 12747526435267709093 1 0 0 0 0 0 0 0 0 0 0 0 0 0 0 0 0 0 0 0 0 0 0 0 0 0 0 0 0 0 0 0 0 0 0 0 0 0 0 0 0 0 0 0 0 0 0 0 2 0 3 0 0.01 1 1 1 1 0.5 1 6 0 0 0 0 0 0 0 0 4 1.5 0.29999999999999999 1 0 4 0 1 0 0 0 0 1 0 0 2 0 -1
17 s0-seed-anti-charm-quark 11660610552115389521 10468861976460003524 0 17190441117026023066 12747526435267709093 1 0 0 0 0 0 0 0 0 0 0 0 0 0 0 0 0 0 0 0 0 0 0 0 0 0 0 0 0 0 0 0 0 0 0 0 0 0 0 0 0 0 0 0 0 0 0 0 2 0 3 0 0.01 1 1 1 1 0.5 1 6 0 0 0 0 0 0 0 0 4 1.5 0.29999999999999999 1 0 4 0 1 0 0 0 0 1 0 0 2 0 -1
17 s0-seed-anti-bottom-quark 6656542282075696569 17945288249490616193 0 17190441117026023066 12747526435267709093 1 0 0 0 0 0 0 0 0 0 0 0 0 0 0 0 0 0 0 0 0 0 0 0 0 0 0 0 0 0 0 0 0 0 0 0 0 0 0 0 0 0 0 0 0 0 0 0 2 0 3 0 0.01 1 1 1 1 0.5 1 6 0 0 0 0 0 0 0 0 4 1.5 0.29999999999999999 1 0 4 0 1 0 0 0 0 1 0 0 2 0 -1
17 s0-seed-anti-top-quark 1151215714759068841 7917450329906479280 0 17190441117026023066 12747526435267709093 1 0 0 0 0 0 0 0 0 0 0 0 0 0 0 0 0 0 0 0 0 0 0 0 0 0 0 0 0 0 0 0 0 0 0 0 0 0 0 0 0 0 0 0 0 0 0 0 2 0 3 0 0.01 1 1 1 1 0.5 1 6 0 0 0 0 0 0 0 0 4 1.5 0.29999999999999999 1 0 4 0 1 0 0 0 0 1 0 0 2 0 -1
17 s0-seed-higgs-field 498531378344368232 16741992644322585539 0 5681245932816534729 12747526435267709093 1 0 0 0 0 0 0 0 0 0 0 0 0 0 0 0 0 0 0 0 0 0 0 0 0 0 0 0 0 0 0 0 0 0 0 0 0 0 0 0 0 0 0 0 0 0 0 0 2 0 3 0 0.01 1 1 1 1 0.5 1 6 0 0 0 0 0 0 0 0 4 1.5 0.29999999999999999 1 0 4 0 1 0 0 0 0 1 0 0 2 0 -1
17 s0-seed-gluon 18379743861559469295 10192740230682376403 0 5681245932816534729 12747526435267709093 1 0 0 0 0 0 0 0 0 0 0 0 0 0 0 0 0 0 0 0 0 0 0 0 0 0 0 0 0 0 0 0 0 0 0 0 0 0 0 0 0 0 0 0 0 0 0 0 2 0 3 0 0.01 1 1 1 1 0.5 1 6 0 0 0 0 0 0 0 0 4 1.5 0.29999999999999999 1 0 4 0 1 0 0 0 0 1 0 0 2 0 -1
17 s0-seed-beta-decay 16474783758018719042 11056318538389105141 0 13242311156320934437 12747526435267709093 0 0 1 0 0 0 0 0 0 0 0 0 0 0 1 0 0 1 0 0 0 0 0 0 0 0 0 0 0 0 0 0 0 0 0 0 0 0 0 0 0 0 0 0 0 0 0 0 2 0 3 0 0.01 1 1 1 1 0.5 1 6 0 0 0 0 0 0 0 0 4 1.5 0.29999999999999999 1 0 4 0 1 0 0 0 0 1 0 0 2 0 -1
17 s0-seed-ee-annihilation 17837740207636994596 8274838253402737345 0 2162710598186453992 12747526435267709093 0 0 0 0 0 0 0 0 0 0 1 0 0 0 0 0 0 0 0 0 0 0 0 0 0 0 0 0 0 0 0 0 0 0 0 0 0 0 0 0 0 0 0 0 0 0 0 0 2 0 3 0 0.01 1 1 1 1 0.5 1 6 0 0 0 0 0 0 0 0 4 1.5 0.29999999999999999 1 0 4 0 1 0 0 0 0 1 0 0 2 0 -1
17 s0-seed-quark-gluon-plasma 2127850949824572469 16951873397188201082 0 2067568627316332937 12747526435267709093 1 0 0 0 0 0 1 0 0 0 1 0 0 0 0 0 0 0 0 0 0 0 0 0 0 0 1 0 0 0 0 0 0 0 0 0 0 0 0 0 0 0 0 0 0 0 0 0 2 0 3 0.02 0.050000000000000003 1 1 1 1 0.5 1 6 0 0 0 0 0 0 0 0 4 1.5 0.29999999999999999 1 0 4 0 1 0 0 0 0 1 0 0 2 0 -1
17 s0-seed-hydrogen 6506686862872322953 17518894547693393196 0 13242311156320934437 12747526435267709093 1 1 1 0 0 0 1 1 0 0 1 0 0 0 0 0 0 0 0 0 0 0 0 0 0 0 0 0 0 0 0 0 0 0 0 0 0 0 0 0 0 0 0 0 0 0 0 0 2 0 3 0 0.01 1 1 1 1 0.5 1 6 0 0 0 0 0 0 0 0 4 1.5 0.29999999999999999 1 0 4 0 1 0 0 0 0 1 0 0 2 0 -1
17 s0-seed-helium 16323311080390680132 9774479740607508393 0 6531706489352569032 12747526435267709093 1 1 1 0 0 0 1 1 0 0 1 0 0 0 0 0 0 0 0 0 0 0 0 0 0 0 0 0 0 0 0 0 0 0 0 0 0 0 0 0 0 0 0 0 0 0 0 0 2 0 3 0 0.01 1 1 1 1 0.5 1 6 0 0 0 0 0 0 0 0 4 1.5 0.29999999999999999 1 0 4 0 1 0 0 0 0 1 0 0 2 0 -1
17 s0-seed-h2-bond-formation 8001448885703528242 11415764966874206390 0 18173096380120695177 12747526435267709093 1 1 1 0 0 0 1 1 0 0 1 0 0 0 0 0 0 0 0 0 0 0 0 0 0 0 0 0 0 0 0 0 0 0 0 0 0 0 0 0 0 0 0 0 0 0 0 0 2 0 3 0 0.01 1 1 1 1 0.5 1 6 0 0 0 0 0 0 0 0 4 1.5 0.29999999999999999 1 0 4 0 1 0 0 0 0 1 0 0 2 0 -1
17 s0-seed-spark-of-life 9595647670328611576 16908579354538849071 0 2680080609324595481 12747526435267709093 1 1 1 1 0 0 1 1 0 0 1 0 0 0 0 0 0 0 0 0 0 0 0 0 0 0 0 0 0 0 0 0 0 0 0 0 0 0 0 0 0 0 0 0 0 0 0 0 2 0 3 0 0.01 1 1 1 1 0.5 1 6 0 0 0 0 0 0 0 0 4 1.5 0.29999999999999999 1 0 4 0 1 0 0 0 0 1 0 0 2 0 -1
17 s0-seed-wilson-loop 18402983646415517318 10130088102375447283 0 5681245932816534729 12747526435267709093 0 0 0 0 0 0 0 0 0 0 0 0 0 0 0 0 0 0 0 0 0 0 0 0 0 0 0 0 0 0 0 0 0 0 0 0 0 0 0 0 0 0 0 0 0 0 0 0 2 0 3 0 0.01 1 1 1 1 0.5 1 6 0 0 0 0 0 0 0 0 4 1.5 0.29999999999999999 1 0 4 0 1 0 0 0 0 1 0 0 2 0 -1
17 s0-seed-flux-tube 8999711065490387419 941672785429421362 0 2162710598186453992 12747526435267709093 0 0 0 0 0 0 0 0 0 0 0 0 0 0 0 0 0 0 0 0 0 0 0 0 0 0 0 0 0 0 0 0 0 0 0 0 0 0 0 0 0 0 0 0 0 0 0 0 2 0 3 0 0.01 1 1 1 1 0.5 1 6 0 0 0 0 0 0 0 0 4 1.5 0.29999999999999999 1 0 4 0 1 0 0 0 0 1 0 0 2 0 -1
17 s0-seed-monopole 12324641683004989730 17442910021939415231 0 5681245932816534729 12747526435267709093 0 0 0 0 0 0 0 0 0 0 0 0 0 0 0 0 0 0 0 0 0 0 0 0 0 0 0 0 0 0 0 0 0 0 0 0 0 0 0 0 0 0 0 0 0 0 0 0 2 0 3 0 0.01 1 1 1 1 0.5 1 6 0 0 0 0 0 0 0 0 4 1.5 0.29999999999999999 1 0 4 0 1 0 0 0 0 1 0 0 2 0 -1
17 s0-seed-instanton 5152895994501261425 6046856444258705780 0 5681245932816534729 12747526435267709093 0 0 0 0 0 0 0 0 0 0 0 0 0 0 0 0 0 0 0 0 0 0 0 0 0 0 0 0 0 0 0 0 0 0 0 0 0 0 0 0 0 0 0 0 0 0 0 0 2 0 3 0 0.01 1 1 1 1 0.5 1 6 0 0 0 0 0 0 0 0 4 1.5 0.29999999999999999 1 0 4 0 1 0 0 0 0 1 0 0 2 0 -1
17 s0-seed-schwarzschild 10806520879375652745 1527942080902611566 0 17190441117026023066 12747526435267709093 0 0 0 0 0 0 0 0 0 0 0 0 0 0 0 0 0 0 0 0 0 0 0 0 0 0 0 0 0 0 0 0 0 0 0 0 0 0 0 0 0 0 0 0 0 0 0 0 2 0 3 0 0.01 1 1 1 1 0.5 1 6 0 0 0 0 0 0 0 0 4 1.5 0.29999999999999999 1 0 4 0 1 0 0 0 0 1 0 0 2 0 -1
17 s0-seed-gravitational-lensing 3105082349852772683 11260099202581817173 0 17190441117026023066 12747526435267709093 1 0 0 0 0 0 0 0 0 0 0 0 0 0 0 0 0 0 0 0 0 0 0 0 0 0 0 0 0 0 0 0 0 0 0 0 0 0 0 0 0 0 0 0 0 0 0 0 2 0 3 0 0.01 1 1 1 1 0.5 1 6 0 0 0 0 0 0 0 0 4 1.5 0.29999999999999999 1 0 4 0 1 0 0 0 0 1 0 0 2 0 -1
17 s0-seed-gravitational-wave 1773011424158389922 6027079450932459731 0 5681245932816534729 12747526435267709093 1 0 0 0 0 0 0 0 0 0 0 0 0 0 0 0 0 0 0 0 0 0 0 0 0 0 0 0 0 0 0 0 0 0 0 0 0 0 0 0 0 0 0 0 0 0 0 0 2 0 3 0 0.01 1 1 1 1 0.5 1 6 0 0 0 0 0 0 0 0 4 1.5 0.29999999999999999 1 0 4 0 1 0 0 0 0 1 0 0 2 0 -1
17 s0-seed-massive-body 9767270234103057202 16608239969252970637 0 7124953905594579881 12747526435267709093 0 0 0 0 0 0 0 0 1 0 0 0 0 0 0 0 0 0 0 0 0 0 1 0 0 0 0 0 0 0 0 0 0 0 0 0 0 0 0 0 0 0 0 0 0 0 0 0 2 0 3 0 0.01 1 1 1 1 0.5 1 6 0 0 0 0 0 0 0 0 4 1.5 0.29999999999999999 1 0 4 0 1 0 0 0 0 1 0 0 2 0 -1
17 s0-seed-time-gravity-well 1773011424158389922 6027079450932459731 0 5681245932816534729 12747526435267709093 1 0 0 0 0 0 0 0 0 0 0 0 0 0 0 0 0 0 0 0 0 0 0 0 0 0 0 0 0 0 0 0 0 0 0 0 0 0 0 0 0 0 0 0 0 0 0 0 2 0 3 0 0.01 1 1 1 1 0.5 1 6 0 0 0 0 0 0 0 0 4 1.5 0.29999999999999999 1 0 4 0 1 0 0 0 0 1 0 0 2 0 -1
17 s0-seed-time-twin-clocks 1773011424158389922 6027079450932459731 0 5681245932816534729 12747526435267709093 1 0 0 0 0 0 0 0 0 0 0 0 0 0 0 0 0 0 0 0 0 0 0 0 0 0 0 0 0 0 0 0 0 0 0 0 0 0 0 0 0 0 0 0 0 0 0 0 2 0 3 0 0.01 1 1 1 1 0.5 1 6 0 0 0 0 0 0 0 0 4 1.5 0.29999999999999999 1 0 4 0 1 0 0 0 0 1 0 0 2 0 -1
17 s0-seed-time-horizon 10806520879375652745 1527942080902611566 0 17190441117026023066 12747526435267709093 0 0 0 0 0 0 0 0 0 0 0 0 0 0 0 0 0 0 0 0 0 0 0 0 0 0 0 0 0 0 0 0 0 0 0 0 0 0 0 0 0 0 0 0 0 0 0 0 2 0 3 0 0.01 1 1 1 1 0.5 1 6 0 0 0 0 0 0 0 0 4 1.5 0.29999999999999999 1 0 4 0 1 0 0 0 0 1 0 0 2 0 -1
17 s0-seed-sloop 4080260959508611477 1838796442487691427 0 14739162994596165133 12747526435267709093 0 0 0 0 0 0 0 0 0 0 0 0 0 0 0 0 0 0 0 0 0 0 0 0 0 0 0 0 0 0 0 0 0 0 0 0 0 0 0 0 0 0 0 0 0 0 0 0 2 0 3 0 0.01 1 1 1 1 0.5 1 6 0 0 0 0 0 0 0 0 4 1.5 0.29999999999999999 1 0 4 0 1 0 0 0 0 1 0 0 2 0 -1
17 s0-seed-observer-cell 2569098862179423943 12798325558501336924 0 6816154412213194289 12747526435267709093 0 0 0 0 0 0 0 0 0 0 0 0 0 0 0 0 0 0 0 0 0 0 0 0 0 0 0 0 0 0 0 0 0 0 0 0 0 0 0 0 0 0 0 0 0 0 0 0 2 0 3 0 0.01 1 1 1 1 0.5 1 6 0 0 0 0 0 0 0 0 4 1.5 0.29999999999999999 1 0 4 0 1 0 0 0 0 1 0 0 2 0 -1
17 s0-field-plane-wave 8529386852864112407 7059114214225488549 0 5681245932816534729 12747526435267709093 1 0 0 0 0 0 0 0 0 0 0 0 0 0 0 0 0 0 0 0 0 0 0 0 0 0 0 0 0 0 0 0 0 0 0 0 0 0 0 0 0 0 0 0 0 0 0 0 2 0 3 0 0.01 1 1 1 1 0.5 1 6 0 0 0 0 0 0 0 0 4 1.5 0.29999999999999999 1 0 4 0 1 0 0 0 0 1 0 0 2 0 -1
17 s0-field-standing-wave 852451227786179977 1237657709721689071 0 5681245932816534729 12747526435267709093 1 0 0 0 0 0 0 0 0 0 0 0 0 0 0 0 0 0 0 0 0 0 0 0 0 0 0 0 0 0 0 0 0 0 0 0 0 0 0 0 0 0 0 0 0 0 0 0 2 0 3 0 0.01 1 1 1 1 0.5 1 6 0 0 0 0 0 0 0 0 4 1.5 0.29999999999999999 1 0 4 0 1 0 0 0 0 1 0 0 2 0 -1
17 s0-field-uniform-e 6151905650402751907 17558577705227574649 0 5681245932816534729 12747526435267709093 0 0 0 0 0 0 0 0 0 0 0 0 0 0 0 0 0 0 0 0 0 0 0 0 0 0 0 0 0 0 0 0 0 0 0 0 0 0 0 0 0 0 0 0 0 0 0 0 2 0 3 0 0.01 1 1 1 1 0.5 1 6 0 0 0 0 0 0 0 0 4 1.5 0.29999999999999999 1 0 4 0 1 0 0 0 0 1 0 0 2 0 -1
17 s0-field-uniform-b 5285503179419341512 9835594490968476660 0 5681245932816534729 12747526435267709093 0 0 0 0 0 0 0 0 0 0 0 0 0 0 0 0 0 0 0 0 0 0 0 0 0 0 0 0 0 0 0 0 0 0 0 0 0 0 0 0 0 0 0 0 0 0 0 0 2 0 3 0 0.01 1 1 1 1 0.5 1 6 0 0 0 0 0 0 0 0 4 1.5 0.29999999999999999 1 0 4 0 1 0 0 0 0 1 0 0 2 0 -1
17 s0-field-photon-pulse 18248722094526761174 10046893943922817277 0 5681245932816534729 12747526435267709093 1 0 0 0 0 0 1 0 0 0 0 0 0 0 0 0 0 0 0 0 0 0 0 0 0 0 0 0 0 0 0 0 0 0 0 0 0 0 0 0 0 0 0 0 0 0 0 0 2 0 3 0 0.01 1 1 1 1 0.5 1 6 0 0 0 0 0 0 0 0 4 1.5 0.29999999999999999 1 0 4 0 1 0 0 0 0 1 0 0 2 0 -1
17 s0-field-rf-lattice-wave 1335037162478720297 16966840047340111865 0 5681245932816534729 12747526435267709093 1 0 0 0 0 0 0 0 0 0 0 0 0 0 0 0 0 0 0 0 0 0 0 0 0 0 0 0 0 0 0 0 0 0 0 0 0 0 0 0 0 0 0 0 0 0 0 0 2 0 3 0 0.01 1 1 1 1 0.5 1 6 0 0 0 0 0 0 0 0 4 1.5 0.29999999999999999 1 0 4 0 1 0 0 0 0 1 0 0 2 0 -1
17 s0-field-light-lattice-wave 8292685413047178324 4125329842211586044 0 5681245932816534729 12747526435267709093 1 0 0 0 0 0 0 0 0 0 0 0 0 0 0 0 0 0 0 0 0 0 0 0 0 0 0 0 0 0 0 0 0 0 0 0 0 0 0 0 0 0 0 0 0 0 0 0 2 0 3 0 0.01 1 1 1 1 0.5 1 6 0 0 0 0 0 0 0 0 4 1.5 0.29999999999999999 1 0 4 0 1 0 0 0 0 1 0 0 2 0 -1
17 s0-field-sound-lattice-wave 5085150597734538626 1175423881905928857 0 5681245932816534729 12747526435267709093 1 0 0 0 0 0 0 0 0 0 0 0 0 0 0 0 0 0 0 0 0 0 0 0 0 0 0 0 0 0 0 0 0 0 0 0 0 0 0 0 0 0 0 0 0 0 0 0 2 0 3 0 0.01 1 1 1 1 0.5 1 6 0 0 0 0 0 0 0 0 4 1.5 0.29999999999999999 1 0 4 0 1 0 0 0 0 1 0 0 2 0 -1
17 s0-field-sound-collision 8063778339465250530 2175140867329628606 0 5681245932816534729 12747526435267709093 1 0 0 0 0 0 0 0 0 0 0 0 0 0 0 0 0 0 0 0 0 0 0 0 0 0 0 0 0 0 0 0 0 0 0 0 0 0 0 0 0 0 0 0 0 0 0 0 2 0 3 0 0.01 1 1 1 1 0.5 1 6 0 0 0 0 0 0 0 0 4 1.5 0.29999999999999999 1 0 4 0 1 0 0 0 0 1 0 0 2 0 -1
17 s0-field-thomson-scattering 7654599988676177828 10111208181346769165 0 17190441117026023066 12747526435267709093 1 1 0 0 0 0 0 0 0 0 0 0 0 0 0 0 0 0 0 0 0 0 0 0 0 0 0 0 0 0 0 0 0 0 0 0 0 0 0 0 0 0 0 0 0 0 0 0 2 0 3 0 0.01 1 1 1 1 0.5 1 6 0 0 0 0 0 0 0 0 4 1.5 0.29999999999999999 1 0 4 0 1 0 0 0 0 1 0 0 2 0 -1
17 s0-field-thomson-unlocked-recoil 6831882046112300313 7361711739975664896 0 17190441117026023066 12747526435267709093 1 1 0 0 0 0 0 1 0 0 1 0 0 0 0 0 0 0 0 0 0 0 0 0 0 1 0 0 0 0 0 0 0 0 0 0 0 0 0 0 0 0 0 0 0 0 0 0 2 0 3 0 0.01 1 1 1 1 0.5 1 6 0 0 0 0 0 0 0 0 4 1.5 0.29999999999999999 1 0 4 0 1 0 0 0 0 1 0 0 2 0 -1
17 s0-field-spacetime-forcing-boundary 6328687740047146735 9648147237757656078 0 5681245932816534729 12747526435267709093 1 0 0 0 0 0 0 0 0 0 0 0 0 0 0 0 0 0 0 0 0 0 0 0 0 0 0 0 0 0 0 0 0 0 0 0 0 0 0 0 0 0 0 0 0 0 0 0 2 0 3 0 0.01 1 1 1 1 0.5 1 6 0 0 0 0 0 0 0 0 4 1.5 0.29999999999999999 1 0 4 0 1 0 0 0 0 1 0 0 2 0 -1
17 s0-field-electric-dipole 6209858000344260285 459862363321307257 0 5389943728236945048 12747526435267709093 0 0 0 0 0 0 0 0 0 0 0 0 0 0 0 0 0 0 0 0 0 0 0 0 0 0 0 0 0 0 0 0 0 0 0 0 0 0 0 0 0 0 0 0 0 0 0 0 2 0 3 0 0.01 1 1 1 1 0.5 1 6 0 0 0 0 0 0 0 0 4 1.5 0.29999999999999999 1 0 4 0 1 0 0 0 0 1 0 0 2 0 -1
17 s0-field-magnetic-dipole 16376219405758136984 9140598501743857968 0 5681245932816534729 12747526435267709093 0 0 0 0 0 0 0 0 0 0 0 0 0 0 0 0 0 0 0 0 0 0 0 0 0 0 0 0 0 0 0 0 0 0 0 0 0 0 0 0 0 0 0 0 0 0 0 0 2 0 3 0 0.01 1 1 1 1 0.5 1 6 0 0 0 0 0 0 0 0 4 1.5 0.29999999999999999 1 0 4 0 1 0 0 0 0 1 0 0 2 0 -1
17 s0-field-vortex-line 14494781192945666171 4905836587436419546 0 5681245932816534729 12747526435267709093 0 0 0 0 0 0 0 0 0 0 0 0 0 0 0 0 0 0 0 0 0 0 0 0 0 0 0 0 0 0 0 0 0 0 0 0 0 0 0 0 0 0 0 0 0 0 0 0 2 0 3 0 0.01 1 1 1 1 0.5 1 6 0 0 0 0 0 0 0 0 4 1.5 0.29999999999999999 1 0 4 0 1 0 0 0 0 1 0 0 2 0 -1
17 s0-field-shear-layer 8410465950135650726 14657002043848490008 0 5681245932816534729 12747526435267709093 1 0 0 0 0 0 0 0 0 0 0 0 0 0 0 0 0 0 0 0 0 0 0 0 0 0 0 0 0 0 0 0 0 0 0 0 0 0 0 0 0 0 0 0 0 0 0 0 2 0 3 0 0.01 1 1 1 1 0.5 1 6 0 0 0 0 0 0 0 0 4 1.5 0.29999999999999999 1 0 4 0 1 0 0 0 0 1 0 0 2 0 -1
17 s0-seed-octahedron 10175737998408785950 978407602507494928 0 10608887108945131301 12747526435267709093 0 0 0 0 0 0 0 0 0 0 0 0 0 0 0 0 0 0 0 0 0 0 0 0 0 0 0 0 0 0 0 0 0 0 0 0 0 0 0 0 0 0 0 0 0 0 0 0 2 0 3 0 0.01 1 1 1 1 0.5 1 6 0 0 0 0 0 0 0 0 4 1.5 0.29999999999999999 1 0 4 0 1 0 0 0 0 1 0 0 2 0 -1
17 s0-seed-cuboctahedron 4395377408830888194 7114585511413081554 0 2721066763617918646 12747526435267709093 0 0 0 0 0 0 0 0 0 0 0 0 0 0 0 0 0 0 0 0 0 0 0 0 0 0 0 0 0 0 0 0 0 0 0 0 0 0 0 0 0 0 0 0 0 0 0 0 2 0 3 0 0.01 1 1 1 1 0.5 1 6 0 0 0 0 0 0 0 0 4 1.5 0.29999999999999999 1 0 4 0 1 0 0 0 0 1 0 0 2 0 -1
17 s0-seed-stella-octangula 11499113397214237610 531070773334907647 0 14292984870829726242 12747526435267709093 0 0 0 0 0 0 0 0 0 0 0 0 0 0 0 0 0 0 0 0 0 0 0 0 0 0 0 0 0 0 0 0 0 0 0 0 0 0 0 0 0 0 0 0 0 0 0 0 2 0 3 0 0.01 1 1 1 1 0.5 1 6 0 0 0 0 0 0 0 0 4 1.5 0.29999999999999999 1 0 4 0 1 0 0 0 0 1 0 0 2 0 -1
17 s0-seed-moore-cell 14263702177821188316 16569584562423590515 0 8453481019337430897 12747526435267709093 0 0 0 0 0 0 0 0 0 0 0 0 0 0 0 0 0 0 0 0 0 0 0 0 0 0 0 0 0 0 0 0 0 0 0 0 0 0 0 0 0 0 0 0 0 0 0 0 2 0 3 0 0.01 1 1 1 1 0.5 1 6 0 0 0 0 0 0 0 0 4 1.5 0.29999999999999999 1 0 4 0 1 0 0 0 0 1 0 0 2 0 -1
17 s0-seed-moore-decomposition 2911395635752413468 15661077024153042685 0 6816154412213194289 12747526435267709093 0 0 0 0 0 0 0 0 0 0 0 0 0 0 0 0 0 0 0 0 0 0 0 0 0 0 0 0 0 0 0 0 0 0 0 0 0 0 0 0 0 0 0 0 0 0 0 0 2 0 3 0 0.01 1 1 1 1 0.5 1 6 0 0 0 0 0 0 0 0 4 1.5 0.29999999999999999 1 0 4 0 1 0 0 0 0 1 0 0 2 0 -1
17 s0-seed-emergent-ic1 9738045343602879926 8006791862693525466 0 5681245932816534729 12747526435267709093 1 0 0 1 0 0 1 0 0 0 0 0 0 0 0 0 0 0 0 0 0 0 0 0 0 0 1 0 0 0 0 0 0 0 0 0 0 0 0 0 0 0 0 0 0 0 0 0 2 0 3 0.0050000000000000001 0.02 1 1 1 1 0.5 1 6 0 0 0 0 0 0 0 0 4 1.5 0.29999999999999999 1 0 4 0 1 0 0 0 0 1 0 0 2 0 -1
17 s0-seed-emergent-ic3-collision 15990899455671082703 3701927330518448138 0 5681245932816534729 12747526435267709093 1 0 0 1 0 0 1 0 0 0 0 0 0 0 0 0 0 0 0 0 0 0 0 0 0 0 1 0 0 0 0 0 0 0 0 0 0 0 0 0 0 0 0 0 0 0 0 0 2 0 3 0.0050000000000000001 0.02 1 1 1 1 0.5 1 6 0 0 0 0 0 0 0 0 4 1.5 0.29999999999999999 1 0 4 0 1 0 0 0 0 1 0 0 2 0 -1
17 s0-seed-emergent-ic4-subthreshold 3148957995210050229 5228108960178784368 0 5681245932816534729 12747526435267709093 1 0 0 1 0 0 1 0 0 0 0 0 0 0 0 0 0 0 0 0 0 0 0 0 0 0 1 0 0 0 0 0 0 0 0 0 0 0 0 0 0 0 0 0 0 0 0 0 2 0 3 0.0050000000000000001 0.02 1 1 1 1 0.5 1 6 0 0 0 0 0 0 0 0 4 1.5 0.29999999999999999 1 0 4 0 1 0 0 0 0 1 0 0 2 0 -1
17 s0-seed-emergent-ic2-thermal-runaway 12288208374219113350 3391430031847214218 0 5681245932816534729 12747526435267709093 1 0 0 1 0 0 1 0 0 0 0 0 0 0 0 0 0 0 0 0 0 0 0 0 0 0 1 0 0 0 0 0 0 0 0 0 0 0 0 0 0 0 0 0 0 0 0 0 2 0 3 0.050000000000000003 0.02 1 1 1 1 0.5 1 6 0 0 0 0 0 0 0 0 4 1.5 0.29999999999999999 1 0 4 0 1 0 0 0 0 1 0 0 2 0 -1
17 s0-seed-emergent-ic1-diagonal 15007221028407766819 15564160503386433378 0 5681245932816534729 12747526435267709093 1 0 0 1 0 0 1 0 0 0 0 0 0 0 0 0 0 0 0 0 0 0 0 0 0 0 1 0 0 0 0 0 0 0 0 0 0 0 0 0 0 0 0 0 0 0 0 0 2 0 3 0.0050000000000000001 0.02 1 1 1 1 0.5 1 6 0 0 0 0 0 0 0 0 4 1.5 0.29999999999999999 1 0 4 0 1 0 0 0 0 1 0 0 2 0 -1
17 s0-seed-emergent-ic1-isotropic 17912378351540980369 10914149110128521412 0 5681245932816534729 12747526435267709093 1 0 0 1 0 0 1 0 0 0 0 0 0 0 0 0 0 0 0 0 0 0 0 0 0 0 1 0 0 0 0 0 0 0 0 0 0 0 0 0 0 0 0 0 0 0 0 0 2 0 3 0.0050000000000000001 0.02 1 1 1 1 0.5 1 6 0 0 0 0 0 0 0 0 4 1.5 0.29999999999999999 1 0 4 0 1 0 0 0 0 1 0 0 2 0 -1
17 s0-seed-emergent-ic1-viz 17111386775158480853 8594460202725886880 0 5681245932816534729 12747526435267709093 1 0 0 1 0 0 1 0 0 0 0 0 0 0 0 0 0 0 0 0 0 0 0 0 0 0 1 0 0 0 0 0 0 0 0 0 0 0 0 0 0 0 0 0 0 0 0 0 2 0 3 0 0.02 1 1 1 1 0.5 1 6 0 0 0 0 0 0 0 0 4 1.5 0.29999999999999999 1 0 4 0 1 0 0 0 0 1 0 0 2 0 -1
17 s0-seed-emergent-ic1-diagonal-viz 9875552564984773116 17245911262141879813 0 5681245932816534729 12747526435267709093 1 0 0 1 0 0 1 0 0 0 0 0 0 0 0 0 0 0 0 0 0 0 0 0 0 0 1 0 0 0 0 0 0 0 0 0 0 0 0 0 0 0 0 0 0 0 0 0 2 0 3 0 0.02 1 1 1 1 0.5 1 6 0 0 0 0 0 0 0 0 4 1.5 0.29999999999999999 1 0 4 0 1 0 0 0 0 1 0 0 2 0 -1
17 s0-seed-emergent-ic1-isotropic-viz 6870386652404779271 10806960647894927870 0 5681245932816534729 12747526435267709093 1 0 0 1 0 0 1 0 0 0 0 0 0 0 0 0 0 0 0 0 0 0 0 0 0 0 1 0 0 0 0 0 0 0 0 0 0 0 0 0 0 0 0 0 0 0 0 0 2 0 3 0 0.02 1 1 1 1 0.5 1 6 0 0 0 0 0 0 0 0 4 1.5 0.29999999999999999 1 0 4 0 1 0 0 0 0 1 0 0 2 0 -1
17 s0-seed-cluster-law 9738045343602879926 8006791862693525466 0 5681245932816534729 12747526435267709093 1 0 0 1 0 0 1 0 0 0 0 0 0 0 0 0 0 0 0 0 0 0 0 0 0 0 1 0 0 0 0 0 0 0 0 0 0 0 0 0 0 0 0 0 0 0 0 0 2 0 3 0.0050000000000000001 0.02 1 1 1 1 0.5 1 6 0 0 0 0 0 0 0 0 4 1.5 0.29999999999999999 1 0 4 0 1 0 0 0 0 1 0 0 2 0 -1
17 s0-seed-cluster-law-subknee 14354161842048783777 7318061001460602336 0 5681245932816534729 12747526435267709093 1 0 0 1 0 0 1 0 0 0 0 0 0 0 0 0 0 0 0 0 0 0 0 0 0 0 1 0 0 0 0 0 0 0 0 0 0 0 0 0 0 0 0 0 0 0 0 0 2 0 3 0 0.02 1 1 1 1 0.5 1 6 0 0 0 0 0 0 0 0 4 1.5 0.29999999999999999 1 0 4 0 1 0 0 0 0 1 0 0 2 0 -1
17 s0-seed-cluster-law-knee 16145566989280783496 7601247115423460930 0 5681245932816534729 12747526435267709093 1 0 0 1 0 0 1 0 0 0 0 0 0 0 0 0 0 0 0 0 0 0 0 0 0 0 1 0 0 0 0 0 0 0 0 0 0 0 0 0 0 0 0 0 0 0 0 0 2 0 3 0 0.02 1 1 1 1 0.5 1 6 0 0 0 0 0 0 0 0 4 1.5 0.29999999999999999 1 0 4 0 1 0 0 0 0 1 0 0 2 0 -1
17 s0-seed-cluster-law-superknee 7743144423798775669 16255160548534150312 0 5681245932816534729 12747526435267709093 1 0 0 1 0 0 1 0 0 0 0 0 0 0 0 0 0 0 0 0 0 0 0 0 0 0 1 0 0 0 0 0 0 0 0 0 0 0 0 0 0 0 0 0 0 0 0 0 2 0 3 0 0.02 1 1 1 1 0.5 1 6 0 0 0 0 0 0 0 0 4 1.5 0.29999999999999999 1 0 4 0 1 0 0 0 0 1 0 0 2 0 -1
17 s0-vacuum-electron 3831097315411550614 2904165999698329003 0 17190441117026023066 12747526435267709093 1 0 0 0 0 0 0 0 0 0 0 0 0 0 0 0 0 0 0 0 0 0 0 0 0 0 0 0 0 0 0 0 0 0 0 0 0 0 0 0 0 0 0 0 0 0 0 0 2 0 3 0 0.01 1 1 1 1 0.5 1 6 0 0 0 0 0 0 0 0 4 1.5 0.29999999999999999 1 0 4 0 1 0 0 0 0 1 0 0 2 0 -1
17 s0-vacuum-muon 7801525049679056567 10381956779751184587 0 17190441117026023066 12747526435267709093 1 0 0 0 0 0 0 0 0 0 0 0 0 0 0 0 0 0 0 0 0 0 0 0 0 0 0 0 0 0 0 0 0 0 0 0 0 0 0 0 0 0 0 0 0 0 0 0 2 0 3 0 0.01 1 1 1 1 0.5 1 6 0 0 0 0 0 0 0 0 4 1.5 0.29999999999999999 1 0 4 0 1 0 0 0 0 1 0 0 2 0 -1
17 s0-vacuum-tau 13956613834023117352 5611097028942497548 0 17190441117026023066 12747526435267709093 1 0 0 0 0 0 0 0 0 0 0 0 0 0 0 0 0 0 0 0 0 0 0 0 0 0 0 0 0 0 0 0 0 0 0 0 0 0 0 0 0 0 0 0 0 0 0 0 2 0 3 0 0.01 1 1 1 1 0.5 1 6 0 0 0 0 0 0 0 0 4 1.5 0.29999999999999999 1 0 4 0 1 0 0 0 0 1 0 0 2 0 -1
17 s0-vacuum-positron 1966501213147420254 4411212217911873299 0 17190441117026023066 12747526435267709093 1 0 0 0 0 0 0 0 0 0 0 0 0 0 0 0 0 0 0 0 0 0 0 0 0 0 0 0 0 0 0 0 0 0 0 0 0 0 0 0 0 0 0 0 0 0 0 0 2 0 3 0 0.01 1 1 1 1 0.5 1 6 0 0 0 0 0 0 0 0 4 1.5 0.29999999999999999 1 0 4 0 1 0 0 0 0 1 0 0 2 0 -1
17 s0-vacuum-antimuon 15006628049660420151 17503934395573502588 0 17190441117026023066 12747526435267709093 1 0 0 0 0 0 0 0 0 0 0 0 0 0 0 0 0 0 0 0 0 0 0 0 0 0 0 0 0 0 0 0 0 0 0 0 0 0 0 0 0 0 0 0 0 0 0 0 2 0 3 0 0.01 1 1 1 1 0.5 1 6 0 0 0 0 0 0 0 0 4 1.5 0.29999999999999999 1 0 4 0 1 0 0 0 0 1 0 0 2 0 -1
17 s0-vacuum-antitau 12097076989518175877 4808944148763090305 0 17190441117026023066 12747526435267709093 1 0 0 0 0 0 0 0 0 0 0 0 0 0 0 0 0 0 0 0 0 0 0 0 0 0 0 0 0 0 0 0 0 0 0 0 0 0 0 0 0 0 0 0 0 0 0 0 2 0 3 0 0.01 1 1 1 1 0.5 1 6 0 0 0 0 0 0 0 0 4 1.5 0.29999999999999999 1 0 4 0 1 0 0 0 0 1 0 0 2 0 -1
17 s0-vacuum-electron-neutrino 14362090718123049162 11187687188054046054 0 5681245932816534729 12747526435267709093 1 0 0 0 0 0 1 0 0 0 0 0 0 0 0 0 0 0 0 0 0 0 0 0 0 0 0 0 0 0 0 0 0 0 0 0 0 0 0 0 0 0 0 0 0 0 0 0 2 0 3 0 0.01 1 1 1 1 0.5 1 6 0 0 0 0 0 0 0 0 4 1.5 0.29999999999999999 1 0 4 0 1 0 0 0 0 1 0 0 2 0 -1
17 s0-vacuum-muon-neutrino 7856849390203706940 8849421006435073819 0 5681245932816534729 12747526435267709093 1 0 0 0 0 0 1 0 0 0 0 0 0 0 0 0 0 0 0 0 0 0 0 0 0 0 0 0 0 0 0 0 0 0 0 0 0 0 0 0 0 0 0 0 0 0 0 0 2 0 3 0 0.01 1 1 1 1 0.5 1 6 0 0 0 0 0 0 0 0 4 1.5 0.29999999999999999 1 0 4 0 1 0 0 0 0 1 0 0 2 0 -1
17 s0-vacuum-tau-neutrino 4511144494435096922 12958551888905762194 0 5681245932816534729 12747526435267709093 1 0 0 0 0 0 1 0 0 0 0 0 0 0 0 0 0 0 0 0 0 0 0 0 0 0 0 0 0 0 0 0 0 0 0 0 0 0 0 0 0 0 0 0 0 0 0 0 2 0 3 0 0.01 1 1 1 1 0.5 1 6 0 0 0 0 0 0 0 0 4 1.5 0.29999999999999999 1 0 4 0 1 0 0 0 0 1 0 0 2 0 -1
17 s0-vacuum-electron-antineutrino 13600026179062880007 14497826466815556640 0 5681245932816534729 12747526435267709093 1 0 0 0 0 0 1 0 0 0 0 0 0 0 0 0 0 0 0 0 0 0 0 0 0 0 0 0 0 0 0 0 0 0 0 0 0 0 0 0 0 0 0 0 0 0 0 0 2 0 3 0 0.01 1 1 1 1 0.5 1 6 0 0 0 0 0 0 0 0 4 1.5 0.29999999999999999 1 0 4 0 1 0 0 0 0 1 0 0 2 0 -1
17 s0-vacuum-muon-antineutrino 8713489792891112042 16926181447703183219 0 5681245932816534729 12747526435267709093 1 0 0 0 0 0 1 0 0 0 0 0 0 0 0 0 0 0 0 0 0 0 0 0 0 0 0 0 0 0 0 0 0 0 0 0 0 0 0 0 0 0 0 0 0 0 0 0 2 0 3 0 0.01 1 1 1 1 0.5 1 6 0 0 0 0 0 0 0 0 4 1.5 0.29999999999999999 1 0 4 0 1 0 0 0 0 1 0 0 2 0 -1
17 s0-vacuum-tau-antineutrino 956158796009997609 12662781250910037309 0 5681245932816534729 12747526435267709093 1 0 0 0 0 0 1 0 0 0 0 0 0 0 0 0 0 0 0 0 0 0 0 0 0 0 0 0 0 0 0 0 0 0 0 0 0 0 0 0 0 0 0 0 0 0 0 0 2 0 3 0 0.01 1 1 1 1 0.5 1 6 0 0 0 0 0 0 0 0 4 1.5 0.29999999999999999 1 0 4 0 1 0 0 0 0 1 0 0 2 0 -1
17 s0-vacuum-photon 11681350465277083784 9827891052831227771 0 5681245932816534729 12747526435267709093 1 0 0 0 0 0 1 0 0 0 0 0 0 0 0 0 0 0 0 0 0 0 0 0 0 0 0 0 0 0 0 0 0 0 0 0 0 0 0 0 0 0 0 0 0 0 0 0 2 0 3 0 0.01 1 1 1 1 0.5 1 6 0 0 0 0 0 0 0 0 4 1.5 0.29999999999999999 1 0 4 0 1 0 0 0 0 1 0 0 2 0 -1
17 s0-vacuum-w-boson 5624441565018173052 17397244182246249777 0 17190441117026023066 12747526435267709093 1 0 0 0 0 0 0 0 0 0 0 0 0 0 0 0 0 0 0 0 0 0 0 0 0 0 0 0 0 0 0 0 0 0 0 0 0 0 0 0 0 0 0 0 0 0 0 0 2 0 3 0 0.01 1 1 1 1 0.5 1 6 0 0 0 0 0 0 0 0 4 1.5 0.29999999999999999 1 0 4 0 1 0 0 0 0 1 0 0 2 0 -1
17 s0-vacuum-w-minus-boson 14648463494171680749 2802158881819543994 0 17190441117026023066 12747526435267709093 1 0 0 0 0 0 0 0 0 0 0 0 0 0 0 0 0 0 0 0 0 0 0 0 0 0 0 0 0 0 0 0 0 0 0 0 0 0 0 0 0 0 0 0 0 0 0 0 2 0 3 0 0.01 1 1 1 1 0.5 1 6 0 0 0 0 0 0 0 0 4 1.5 0.29999999999999999 1 0 4 0 1 0 0 0 0 1 0 0 2 0 -1
17 s0-vacuum-z-boson 5634143614291412847 2708331157494936298 0 5681245932816534729 12747526435267709093 1 0 0 0 0 0 0 0 0 0 0 0 0 0 0 0 0 0 0 0 0 0 0 0 0 0 0 0 0 0 0 0 0 0 0 0 0 0 0 0 0 0 0 0 0 0 0 0 2 0 3 0 0.01 1 1 1 1 0.5 1 6 0 0 0 0 0 0 0 0 4 1.5 0.29999999999999999 1 0 4 0 1 0 0 0 0 1 0 0 2 0 -1
17 s0-vacuum-higgs 13223336612881301617 5665891364029793171 0 5681245932816534729 12747526435267709093 1 0 0 0 0 0 0 0 0 0 0 0 0 0 0 0 0 0 0 0 0 0 0 0 0 0 0 0 0 0 0 0 0 0 0 0 0 0 0 0 0 0 0 0 0 0 0 0 2 0 3 0 0.01 1 1 1 1 0.5 1 6 0 0 0 0 0 0 0 0 4 1.5 0.29999999999999999 1 0 4 0 1 0 0 0 0 1 0 0 2 0 -1
17 s0-vacuum-proton 14555006556755284509 13316820109487787903 0 13459582795750760313 12747526435267709093 0 0 0 0 0 0 0 1 0 0 1 0 0 0 0 1 0 0 0 0 0 0 0 0 0 0 0 0 0 0 0 0 0 0 0 0 0 0 0 0 0 0 0 0 0 0 0 0 2 0 3 0 0.01 1 1 1 1 0.5 1 6 0 0 0 0 0 0 0 0 4 1.5 0.29999999999999999 1 0 4 0 1 0 0 0 0 1 0 0 2 0 -1
17 s0-vacuum-neutron 14504270296468173075 13880843596516713497 0 13459582795750760313 12747526435267709093 0 0 0 0 0 0 0 1 0 0 1 0 0 0 0 1 0 0 0 0 0 0 0 0 0 0 0 0 0 0 0 0 0 0 0 0 0 0 0 0 0 0 0 0 0 0 0 0 2 0 3 0 0.01 1 1 1 1 0.5 1 6 0 0 0 0 0 0 0 0 4 1.5 0.29999999999999999 1 0 4 0 1 0 0 0 0 1 0 0 2 0 -1
17 s0-vacuum-pion-charged 17066178781162925672 8014186592977787491 0 5389943728236945048 12747526435267709093 0 0 0 0 0 0 0 1 0 0 1 0 0 0 0 1 0 0 0 0 0 0 0 0 0 0 0 0 0 0 0 0 0 0 0 0 0 0 0 0 0 0 0 0 0 0 0 0 2 0 3 0 0.01 1 1 1 1 0.5 1 6 0 0 0 0 0 0 0 0 4 1.5 0.29999999999999999 1 0 4 0 1 0 0 0 0 1 0 0 2 0 -1
17 s0-vacuum-pion-neutral 17066178781162925672 8014186592977787491 0 5389943728236945048 12747526435267709093 0 0 0 0 0 0 0 1 0 0 1 0 0 0 0 1 0 0 0 0 0 0 0 0 0 0 0 0 0 0 0 0 0 0 0 0 0 0 0 0 0 0 0 0 0 0 0 0 2 0 3 0 0.01 1 1 1 1 0.5 1 6 0 0 0 0 0 0 0 0 4 1.5 0.29999999999999999 1 0 4 0 1 0 0 0 0 1 0 0 2 0 -1
17 s0-vacuum-kaon-charged 16683833814546952220 11637770529344949174 0 5389943728236945048 12747526435267709093 0 0 0 0 0 0 0 1 0 0 1 0 0 0 0 1 0 0 0 0 0 0 0 0 0 0 0 0 0 0 0 0 0 0 0 0 0 0 0 0 0 0 0 0 0 0 0 0 2 0 3 0 0.01 1 1 1 1 0.5 1 6 0 0 0 0 0 0 0 0 4 1.5 0.29999999999999999 1 0 4 0 1 0 0 0 0 1 0 0 2 0 -1
17 s0-seed-de-broglie-clock 11990115904135751927 6887678358381745442 0 1252408618920642225 12747526435267709093 1 0 0 0 0 0 0 0 0 0 0 0 0 0 0 0 0 0 0 0 0 0 0 0 0 0 0 0 0 0 0 0 0 0 0 0 0 0 0 1 0 0 0 0 0 0 0 0 2 0 3 0 0.01 1 1 1 0.29999999999999999 0.5 1 6 0 0 0 0 0 0 0 0 4 1.5 0.29999999999999999 1 0 4 0 1 0 0 0 0 1 0 0 2 0 -1
17 s0-seed-thermal-ignition 12288208374219113350 3391430031847214218 0 5681245932816534729 12747526435267709093 1 0 0 1 0 0 1 0 0 0 0 0 0 0 0 0 0 0 0 0 0 0 0 0 0 0 1 0 0 0 0 0 0 0 0 0 0 0 0 0 0 0 0 0 0 0 0 0 2 0 3 0.029999999999999999 0.02 1 1 1 1 0.5 1 6 0 0 0 0 0 0 0 0 4 1.5 0.29999999999999999 1 0 4 0 1 0 0 0 0 1 0 0 2 0 -1
17 s0-cell-capacitor 4207840849569408983 11921808567369699152 0 1738484032216095440 12747526435267709093 1 0 0 0 0 0 1 0 0 0 0 0 0 0 0 0 0 0 0 0 0 0 0 0 0 0 0 0 0 0 0 0 0 0 0 0 0 0 0 0 0 0 0 0 0 0 0 0 2 0 3 0 0.01 1 1 1 1 0.5 1 6 8 8 8 1.5 0 0 0 0 4 1.5 0.29999999999999999 1 0 4 0 1 0 0 0 0 1 0 0 2 0 -1
17 s0-cell-torus 16852502925276538336 5540881643399085775 0 5681245932816534729 12747526435267709093 1 0 0 0 0 0 0 0 0 0 0 0 0 0 0 0 0 0 0 0 0 0 0 0 0 0 0 0 0 0 0 0 0 0 0 0 0 0 0 0 0 0 0 0 0 0 0 0 2 0 3 0 0.01 1 1 1 1 0.5 1 6 8 8 8 8 0 0 0 0 4 1.5 0.29999999999999999 1 0 4 0 1 0 0 0 0 1 0 0 2 0 -1
17 s0-cell-torus-reverse 11718900412236026766 368050284374404809 0 5681245932816534729 12747526435267709093 1 0 0 0 0 0 0 0 0 0 0 0 0 0 0 0 0 0 0 0 0 0 0 0 0 0 0 0 0 0 0 0 0 0 0 0 0 0 0 0 0 0 0 0 0 0 0 0 2 0 3 0 0.01 1 1 1 1 0.5 1 6 8 8 8 8 0 0 0 0 4 1.5 0.29999999999999999 1 0 4 0 1 0 0 0 0 1 0 0 2 0 -1
17 s0-cell-torus-scrambled 17793104469877890579 6253903497717446630 0 5681245932816534729 12747526435267709093 1 0 0 0 0 0 0 0 0 0 0 0 0 0 0 0 0 0 0 0 0 0 0 0 0 0 0 0 0 0 0 0 0 0 0 0 0 0 0 0 0 0 0 0 0 0 0 0 2 0 3 0 0.01 1 1 1 1 0.5 1 6 8 8 8 8 0 0 0 0 4 1.5 0.29999999999999999 1 0 4 0 1 0 0 0 0 1 0 0 2 0 -1
17 s0-cell-torus-open 16852502925276538336 5540881643399085775 0 5681245932816534729 12747526435267709093 1 0 0 0 0 0 0 0 0 0 0 0 0 0 0 0 0 0 0 0 0 0 0 0 0 0 0 0 0 0 0 0 0 0 0 0 0 0 0 0 0 0 0 0 0 0 0 2 2 0 3 0 0.01 1 1 1 1 0.5 1 6 8 8 8 8 0 0 0 0 4 1.5 0.29999999999999999 1 0 4 0 1 0 0 0 0 1 0 0 2 0 -1
17 s0-cell-torus-walled 16852502925276538336 5540881643399085775 0 5681245932816534729 12747526435267709093 1 0 0 0 0 0 0 0 0 0 0 0 0 0 0 0 0 0 0 0 0 0 0 0 0 0 0 0 0 0 0 0 0 0 0 0 0 0 0 0 0 0 0 0 0 0 0 1 2 0 3 0 0.01 1 1 1 1 0.5 1 6 8 8 8 8 0 0 0 0 4 1.5 0.29999999999999999 1 0 4 0 1 0 0 0 0 1 0 0 2 0 -1
17 s0-cell-triad 6347458309905770824 12222007131715287216 0 5681245932816534729 12747526435267709093 1 0 0 0 0 0 0 0 0 0 0 0 0 0 0 0 0 0 0 0 0 0 0 0 0 0 0 0 0 0 0 0 0 0 0 0 0 0 0 0 0 0 0 0 0 0 0 0 2 0 3 0 0.01 1 1 1 1 0.5 1 6 8 8 8 6 0 0 0 0 4 1.5 0.29999999999999999 1 0 4 0 1 0 0 0 0 1 0 0 2 0 -1
17 s0-cell-torus-membrane 12830631384079907325 13875785425774731307 0 263483845108731552 12747526435267709093 1 0 0 0 0 0 0 0 0 0 0 0 0 0 0 0 0 0 0 0 0 0 0 0 0 0 0 0 0 0 0 0 0 0 0 0 0 0 0 1 0 0 0 0 0 0 0 0 2 0 3 0 0.01 1 1 1 1 0.5 1 6 8 8 8 4 0 0 0 0 4 1.5 0.29999999999999999 1 0 4 0 1 0 0 0 0 1 0 0 2 0 -1
17 s0-cell-torus-membrane-gated 12830631384079907325 13875785425774731307 0 263483845108731552 12747526435267709093 1 0 0 0 0 0 0 0 0 0 0 0 0 0 0 0 0 0 0 0 0 0 0 0 0 0 0 0 0 0 0 0 0 0 0 0 0 0 0 1 0 0 0 0 0 0 1 0 2 0 3 0 0.01 1 1 1 1 0.5 1 6 8 8 8 4 0 0 0 0 4 1.5 0.29999999999999999 1 0 4 0 1 1 14 8 8 1 0 0 3 1 150
17 s0-cell-membrane-pumped 11967007333578782770 6182715516122966984 0 263483845108731552 12747526435267709093 1 0 0 0 0 0 0 0 0 0 0 0 0 0 0 0 0 0 0 0 0 0 0 0 0 0 0 0 0 0 0 0 0 0 0 0 0 0 0 1 0 0 0 0 0 1 0 0 2 0 3 0 0.01 1 1 1 1 0.5 1 6 8 8 8 4 1 8 8 8 2.0249999999999999 1 0.29999999999999999 1 0 1.4750000000000001 20 1 0 0 0 0 1 0 0 2 0 -1
17 s0-cell-membrane-transfer 16293712632864847897 14644307343744700190 0 17818251095750587385 12747526435267709093 1 0 0 0 0 0 0 0 0 0 0 0 0 0 0 0 0 0 0 0 0 0 0 0 0 0 0 0 0 0 0 0 0 0 0 0 0 0 0 1 0 0 0 0 0 0 1 0 2 0 3 0 0.01 1 1 1 1 0.5 1 6 12 8 8 3 0 0 0 0 4 1.5 0.29999999999999999 1 0 4 0 1 1 8 8 8 1 0 0 3 0 100
17 s0-cell-membrane-pumped-resonant 11967007333578782770 6182715516122966984 0 263483845108731552 12747526435267709093 1 0 0 0 0 0 0 0 0 0 0 0 0 0 0 0 0 0 0 0 0 0 0 0 0 0 0 0 0 0 0 0 0 0 0 0 0 0 0 1 0 0 0 0 0 1 0 0 2 0 3 0 0.01 1 1 1 1 0.5 1 6 8 8 8 4 1 8 8 8 2.0249999999999999 1 0.29999999999999999 1 0 1.4750000000000001 20 8 0 0 0 0 1 0 0 2 0 -1
32 empty 12349845327923882574 18424987418149430947 0 14354413852091220867 12747526435267709093 0 0 0 0 0 0 0 0 0 0 0 0 0 0 0 0 0 0 0 0 0 0 0 0 0 0 0 0 0 0 0 0 0 0 0 0 0 0 0 0 0 0 0 0 0 0 0 0 2 0 3 0 0.01 1 1 1 1 0.5 1 6 0 0 0 0 0 0 0 0 4 1.5 0.29999999999999999 1 0 4 0 1 0 0 0 0 1 0 0 2 0 -1
32 s0-seed-dynamical-flux-dressing 9385891501132938754 5445152189262304690 0 3542574377272871844 12747526435267709093 1 1 0 0 0 0 0 0 0 0 0 0 0 0 0 0 0 0 0 0 0 0 0 0 0 0 0 0 0 0 0 0 0 0 0 0 0 0 0 0 0 0 0 0 0 0 0 0 2 0 3 0 0.01 1 1 1 1 0.5 1 6 0 0 0 0 0 0 0 0 4 1.5 0.29999999999999999 1 0 4 0 1 0 0 0 0 1 0 0 2 0 -1
32 s0-seed-moving-source-reciprocity 564189383807625515 2373733995699957230 0 3353023250002488356 12747526435267709093 1 1 0 0 0 0 0 1 0 0 1 0 0 0 0 0 0 0 0 0 0 0 0 0 0 1 0 0 0 0 0 0 0 0 0 0 0 0 0 0 0 0 0 1 0 0 0 0 2 0 3 0 0.01 1 1 1 1 0.5 1 6 0 0 0 0 0 0 0 0 4 1.5 0.29999999999999999 1 0 4 0 1 0 0 0 0 1 0 0 2 0 -1
32 flux-pulse 2897930756897557688 15914109370360128328 0 14354413852091220867 12747526435267709093 1 0 0 0 0 0 0 0 0 0 0 0 0 0 0 0 0 0 0 0 0 0 0 0 0 0 0 0 0 0 0 0 0 0 0 0 0 0 0 0 0 0 0 0 0 0 0 0 2 0 3 0 0.01 1 1 1 1 0.5 1 6 0 0 0 0 0 0 0 0 4 1.5 0.29999999999999999 1 0 4 0 1 0 0 0 0 1 0 0 2 0 -1
32 flux-dipole 15315154636833367348 9772648025507436518 0 14354413852091220867 12747526435267709093 1 0 0 0 0 0 0 0 0 0 0 0 0 0 0 0 0 0 0 0 0 0 0 0 0 0 0 0 0 0 0 0 0 0 0 0 0 0 0 0 0 0 0 0 0 0 0 0 2 0 3 0 0.01 1 1 1 1 0.5 1 6 0 0 0 0 0 0 0 0 4 1.5 0.29999999999999999 1 0 4 0 1 0 0 0 0 1 0 0 2 0 -1
32 flux-standing 18072009861106399722 17619248941600599056 0 14354413852091220867 12747526435267709093 1 0 0 0 0 0 0 0 0 0 0 0 0 0 0 0 0 0 0 0 0 0 0 0 0 0 0 0 0 0 0 0 0 0 0 0 0 0 0 0 0 0 0 0 0 0 0 0 2 0 3 0 0.01 1 1 1 1 0.5 1 6 0 0 0 0 0 0 0 0 4 1.5 0.29999999999999999 1 0 4 0 1 0 0 0 0 1 0 0 2 0 -1
32 flux-nested-standing 5177815603462505086 17445222321693738511 0 14354413852091220867 12747526435267709093 1 0 0 0 0 0 0 0 0 0 0 0 0 0 0 0 0 0 0 0 0 0 0 0 0 0 0 0 0 0 0 0 0 0 0 0 0 0 0 0 0 0 0 0 0 0 0 0 2 0 3 0 0.01 1 1 1 1 0.5 1 6 0 0 0 0 0 0 0 0 4 1.5 0.29999999999999999 1 0 4 0 1 0 0 0 0 1 0 0 2 0 -1
32 flux-soliton 5344646213851121061 2323714950795452874 0 14354413852091220867 12747526435267709093 1 0 0 0 0 0 1 0 0 0 0 0 0 0 0 0 0 0 0 0 0 0 0 0 0 0 0 0 0 0 0 0 0 0 0 0 0 0 0 0 0 0 0 0 0 0 0 0 2 0 3 0 0.01 1 1 1 1 0.5 1 6 0 0 0 0 0 0 0 0 4 1.5 0.29999999999999999 1 0 4 0 1 0 0 0 0 1 0 0 2 0 -1
32 flux-interference 16653788942427789316 14940787905284862657 0 14354413852091220867 12747526435267709093 1 0 0 0 0 0 0 0 0 0 0 0 0 0 0 0 0 0 0 0 0 0 0 0 0 0 0 0 0 0 0 0 0 0 0 0 0 0 0 0 0 0 0 0 0 0 0 0 2 0 3 0 0.01 1 1 1 1 0.5 1 6 0 0 0 0 0 0 0 0 4 1.5 0.29999999999999999 1 0 4 0 1 0 0 0 0 1 0 0 2 0 -1
32 flux-vortex 12663499687877230924 12852662742923652587 0 14354413852091220867 12747526435267709093 0 0 0 0 0 0 0 0 0 0 0 0 0 0 0 0 0 0 0 0 0 0 0 0 0 0 0 0 0 0 0 0 0 0 0 0 0 0 0 0 0 0 0 0 0 0 0 0 2 0 3 0 0.01 1 1 1 1 0.5 1 6 0 0 0 0 0 0 0 0 4 1.5 0.29999999999999999 1 0 4 0 1 0 0 0 0 1 0 0 2 0 -1
32 flux-dual-substrate 5082308647198356843 16324800988756574629 0 14354413852091220867 12747526435267709093 1 0 0 0 0 0 0 0 0 0 0 0 0 0 0 0 0 0 0 0 0 0 0 0 0 0 0 0 0 0 0 0 0 0 0 0 0 0 0 0 0 0 0 0 0 0 0 0 2 0 3 0 0.01 1 1 1 1 0.5 1 6 0 0 0 0 0 0 0 0 4 1.5 0.29999999999999999 1 0 4 0 1 0 0 0 0 1 0 0 2 0 -1
32 flux-cascade 13378193737861019861 17353003228313006864 0 14354413852091220867 12747526435267709093 0 0 0 1 0 0 0 0 0 0 0 0 0 0 0 0 0 0 0 0 0 0 0 0 0 0 0 0 0 0 0 0 0 0 0 0 0 0 0 0 0 0 0 0 0 0 0 0 2 0 3 0 0.01 1 1 1 1 0.5 1 6 0 0 0 0 0 0 0 0 4 1.5 0.29999999999999999 1 0 4 0 1 0 0 0 0 1 0 0 2 0 -1
32 flux-random-genesis 7981312069732106586 6192459334001386411 0 14354413852091220867 12747526435267709093 0 0 0 1 0 0 0 0 0 0 0 0 0 0 0 0 0 0 0 0 0 0 0 0 0 0 0 0 0 0 0 0 0 0 0 0 0 0 0 0 0 0 0 0 0 0 0 0 2 0 3 0 0.01 1 1 1 1 0.5 1 6 0 0 0 0 0 0 0 0 4 1.5 0.29999999999999999 1 0 4 0 1 0 0 0 0 1 0 0 2 0 -1
32 flux-genesis-between-gates 688679650451603894 1983038305554112635 0 14354413852091220867 12747526435267709093 0 0 0 1 0 0 0 0 0 0 0 0 0 0 0 0 0 0 0 0 0 0 0 0 0 0 0 0 0 0 0 0 0 0 0 0 0 0 0 0 0 0 0 0 0 0 0 0 2 0 3 0 0.01 1 1 1 1 0.5 1 6 0 0 0 0 0 0 0 0 4 1.5 0.29999999999999999 1 0 4 0 1 0 0 0 0 1 0 0 2 0 -1
32 s0-seed-ew-phase-transition 12349845327923882574 18424987418149430947 0 14354413852091220867 12747526435267709093 1 0 0 1 0 0 1 0 0 0 0 0 0 0 0 0 0 0 0 0 0 0 0 0 0 0 0 0 0 0 0 0 0 0 0 0 0 0 0 0 0 0 0 0 1 0 0 0 2 0 3 0 0.01 1 1 1 1 0.5 1 6 0 0 0 0 0 0 0 0 4 1.5 0.29999999999999999 1 0 4 0 1 0 0 0 0 1 0 0 2 0 -1
32 flux-pair-production 1340450807171492151 16542260616942345648 0 14354413852091220867 12747526435267709093 0 0 0 0 0 0 0 0 0 0 0 0 0 0 0 0 0 0 0 0 1 0 0 0 0 0 0 0 0 0 0 0 0 0 0 0 0 0 0 0 0 0 0 0 0 0 0 0 2 0 3 0 0.01 1 1 1 1 0.5 1 6 0 0 0 0 0 0 0 0 4 1.5 0.29999999999999999 1 0 4 0 1 0 0 0 0 1 0 0 2 0 -1
32 flux-annihilation 17530121963968670451 5157595370524451079 0 5609660528652034922 12747526435267709093 0 0 0 0 0 0 0 0 0 0 1 0 0 0 0 0 0 0 0 0 0 0 0 0 0 0 0 0 0 0 0 0 0 0 0 0 0 0 0 0 0 0 0 0 0 0 0 0 2 0 3 0 0.01 1 1 1 1 0.5 1 6 0 0 0 0 0 0 0 0 4 1.5 0.29999999999999999 1 0 4 0 1 0 0 0 0 1 0 0 2 0 -1
32 flux-vacuum-foam 7044397555560608967 13197337587606855702 0 14354413852091220867 12747526435267709093 1 0 0 0 0 0 0 0 0 0 0 0 0 0 0 0 0 0 0 0 0 0 0 0 0 0 0 0 0 0 0 0 0 0 0 0 0 0 0 0 0 0 0 0 0 0 0 0 2 0 3 0 0.01 1 1 1 1 0.5 1 6 0 0 0 0 0 0 0 0 4 1.5 0.29999999999999999 1 0 4 0 1 0 0 0 0 1 0 0 2 0 -1
32 flux-meson 14379071921074878493 10464858076648049064 0 12892480564653663082 12747526435267709093 0 0 0 0 0 0 0 0 0 0 1 0 0 0 0 0 0 0 0 0 0 0 0 0 0 0 0 0 0 0 0 0 0 0 0 0 0 0 0 0 0 0 0 0 0 0 0 0 2 0 3 0 0.01 1 1 1 1 0.5 1 6 0 0 0 0 0 0 0 0 4 1.5 0.29999999999999999 1 0 4 0 1 0 0 0 0 1 0 0 2 0 -1
32 flux-string-breaking 11201045351395417744 17339637307628963614 0 7606296248488870762 12747526435267709093 0 0 0 0 0 0 0 0 0 0 1 0 0 0 0 0 0 0 0 0 0 0 0 0 0 0 0 0 0 0 0 0 0 0 0 0 0 0 0 0 0 0 0 0 0 0 0 0 2 0 3 0 0.01 1 1 1 1 0.5 1 6 0 0 0 0 0 0 0 0 4 1.5 0.29999999999999999 1 0 4 0 1 0 0 0 0 1 0 0 2 0 -1
32 flux-baryon 17782468746154517338 11694242009456614831 0 6433747072382603787 12747526435267709093 0 0 0 0 0 0 0 0 0 0 1 0 0 0 0 0 0 0 0 0 0 0 0 0 0 0 0 0 0 0 0 0 0 0 0 0 0 0 0 0 0 0 0 0 0 0 0 0 2 0 3 0 0.01 1 1 1 1 0.5 1 6 0 0 0 0 0 0 0 0 4 1.5 0.29999999999999999 1 0 4 0 1 0 0 0 0 1 0 0 2 0 -1
32 flux-cyclotron 4630805910585684031 16838130577644172791 0 3542574377272871844 12747526435267709093 0 0 0 0 0 0 0 1 0 1 1 1 0 0 0 0 0 0 0 0 0 0 0 0 0 0 0 0 0 0 0 0 0 0 0 0 0 0 0 0 0 0 0 0 0 0 0 0 2 0 3 0 0.01 1 1 1 1 0.5 1 6 0 0 0 0 0 0 0 0 4 1.5 0.29999999999999999 1 0 4 0 1 0 0 0 0 1 0 0 2 0 -1
32 flux-screening 8436596584443710 13218704772584424449 0 2458761263472215403 12747526435267709093 0 0 0 0 0 0 0 0 0 0 0 0 0 0 0 0 0 0 0 0 0 0 0 0 0 0 0 0 0 0 0 0 0 0 0 0 0 0 0 0 0 0 0 0 0 0 0 0 2 0 3 0 0.01 1 1 1 1 0.5 1 6 0 0 0 0 0 0 0 0 4 1.5 0.29999999999999999 1 0 4 0 1 0 0 0 0 1 0 0 2 0 -1
32 flux-thermalization 5331830206438132772 1063107607334194882 0 14354413852091220867 12747526435267709093 1 0 0 0 0 0 0 0 0 0 0 0 0 0 0 0 0 0 0 0 0 0 0 0 0 0 0 0 0 0 0 0 0 0 0 0 0 0 0 0 0 0 0 0 0 0 0 0 2 0 3 0 0.01 1 1 1 1 0.5 1 6 0 0 0 0 0 0 0 0 4 1.5 0.29999999999999999 1 0 4 0 1 0 0 0 0 1 0 0 2 0 -1
32 flux-triad 15964795056174238255 1407300039262730846 0 13595604603356439055 12747526435267709093 0 0 0 0 0 0 0 0 0 0 0 0 0 0 0 0 0 0 0 0 0 0 0 0 0 0 0 0 0 0 0 0 0 0 0 0 0 0 0 0 0 0 0 0 0 0 0 0 2 0 3 0 0.01 1 1 1 1 0.5 1 6 0 0 0 0 0 0 0 0 4 1.5 0.29999999999999999 1 0 4 0 1 0 0 0 0 1 0 0 2 0 -1
32 flux-zero-point 4142516416379482441 2697889605926530908 0 14354413852091220867 12747526435267709093 1 0 0 0 0 0 0 0 0 0 0 0 0 0 0 0 0 0 0 0 0 0 0 0 0 0 0 0 0 0 0 0 0 0 0 0 0 0 0 0 0 0 0 0 0 0 0 0 2 0 3 0 0.01 1 1 1 1 0.5 1 6 0 0 0 0 0 0 0 0 4 1.5 0.29999999999999999 1 0 4 0 1 0 0 0 0 1 0 0 2 0 -1
32 light-rainbow 11327535963543767588 15298568368604064776 0 14354413852091220867 12747526435267709093 1 0 0 0 0 0 1 0 0 0 0 0 0 0 0 0 0 0 0 0 0 0 0 0 0 0 0 0 0 0 0 0 0 0 0 0 0 0 0 0 0 0 0 0 0 0 0 0 2 0 3 0 0.01 1 1 1 1 0.5 1 6 0 0 0 0 0 0 0 0 4 1.5 0.29999999999999999 1 0 4 0 1 0 0 0 0 1 0 0 2 0 -1
32 light-dipole 2293803923665295079 16094127590239324375 0 14354413852091220867 12747526435267709093 1 0 0 0 0 0 1 0 0 0 0 0 0 0 0 0 0 0 0 0 0 0 0 0 0 0 0 0 0 0 0 0 0 0 0 0 0 0 0 0 0 0 0 0 0 0 0 0 2 0 3 0 0.01 1 1 1 1 0.5 1 6 0 0 0 0 0 0 0 0 4 1.5 0.29999999999999999 1 0 4 0 1 0 0 0 0 1 0 0 2 0 -1
32 light-two-slit 6590024964710851203 4752341478142699600 0 14354413852091220867 12747526435267709093 1 0 0 0 0 0 1 0 0 0 0 0 0 0 0 0 0 0 0 0 0 0 0 0 0 0 0 0 0 0 0 0 0 0 0 0 0 0 0 0 0 0 0 0 0 0 0 0 2 0 3 0 0.01 1 1 1 1 0.5 1 6 0 0 0 0 0 0 0 0 4 1.5 0.29999999999999999 1 0 4 0 1 0 0 0 0 1 0 0 2 0 -1
32 light-photon-race 1862792391729188078 16939444548790206834 0 14354413852091220867 12747526435267709093 1 0 0 0 0 0 1 0 0 0 0 0 0 0 0 0 0 0 0 0 0 0 0 0 0 0 0 0 0 0 0 0 0 0 0 0 0 0 0 0 0 0 0 0 0 0 0 0 2 0 3 0 0.01 1 1 1 1 0.5 1 6 0 0 0 0 0 0 0 0 4 1.5 0.29999999999999999 1 0 4 0 1 0 0 0 0 1 0 0 2 0 -1
32 quantum-born-rule 14786799253913015337 9161440490253084212 0 14354413852091220867 12747526435267709093 0 0 0 1 0 0 0 0 0 0 0 0 0 0 0 0 0 0 0 0 0 0 0 0 0 0 0 0 0 0 0 0 0 0 0 0 0 0 0 0 0 0 0 0 0 0 0 0 2 0 3 0 0.01 1 1 1 1 0.5 1 6 0 0 0 0 0 0 0 0 4 1.5 0.29999999999999999 1 0 4 0 1 0 0 0 0 1 0 0 2 0 -1
32 quantum-double-slit 10374288121879733691 7459310847510028093 0 14354413852091220867 12747526435267709093 1 0 0 0 0 0 1 0 0 0 0 0 0 0 0 0 0 0 0 0 0 0 0 0 0 0 0 0 0 0 0 0 0 0 0 0 0 0 0 0 0 0 0 0 0 0 0 0 2 0 3 0 0.01 1 1 1 1 0.5 1 6 0 0 0 0 0 0 0 0 4 1.5 0.29999999999999999 1 0 4 0 1 0 0 0 0 1 0 0 2 0 -1
32 quantum-eraser 3914686987648004116 5358010657643174787 0 8224602094595083139 12747526435267709093 1 1 0 0 0 0 1 0 0 0 0 0 0 0 0 0 0 0 0 0 0 0 0 0 0 0 0 0 0 0 0 0 0 0 0 0 0 0 0 0 0 0 0 0 0 0 0 0 2 0 3 0 0.01 1 1 1 1 0.5 1 6 0 0 0 0 0 0 0 0 4 1.5 0.29999999999999999 1 0 4 0 1 0 0 0 0 1 0 0 2 0 -1
32 quantum-tunnel 2354450347631925368 3593745766419609253 0 73609492831730563 12747526435267709093 1 1 0 0 0 0 1 0 0 0 0 0 0 0 0 0 0 0 0 0 0 0 0 0 0 0 0 0 0 0 0 0 0 0 0 0 0 0 0 0 0 0 0 0 0 0 0 0 2 0 3 0 0.01 1 1 1 1 0.5 1 6 0 0 0 0 0 0 0 0 4 1.5 0.29999999999999999 1 0 4 0 1 0 0 0 0 1 0 0 2 0 -1
32 quantum-well 6242453602356414752 24690437378038999 0 11345367777708061571 12747526435267709093 1 0 0 0 0 0 0 0 0 0 0 0 0 0 0 0 0 0 0 0 0 0 0 0 0 0 0 0 0 0 0 0 0 0 0 0 0 0 0 0 0 0 0 0 0 0 0 0 2 0 3 0 0.01 1 1 1 1 0.5 1 6 0 0 0 0 0 0 0 0 4 1.5 0.29999999999999999 1 0 4 0 1 0 0 0 0 1 0 0 2 0 -1
32 quantum-entangle 5038380003678874302 3992840626674554375 0 10619493084371174718 12747526435267709093 0 0 0 0 0 0 0 0 0 0 0 0 0 0 0 0 0 0 0 0 0 0 0 0 0 0 0 0 0 0 0 0 0 0 0 0 0 0 0 0 0 0 0 0 0 0 0 0 2 0 3 0 0.01 1 1 1 1 0.5 1 6 0 0 0 0 0 0 0 0 4 1.5 0.29999999999999999 1 0 4 0 1 0 0 0 0 1 0 0 2 0 -1
32 quantum-aharonov-bohm 14740728103968653718 14427865229428935507 0 14354413852091220867 12747526435267709093 1 0 0 0 0 0 1 0 0 0 0 0 0 0 0 0 0 0 0 0 0 0 0 0 0 0 0 0 0 0 0 0 0 0 0 0 0 0 0 0 0 0 0 0 0 0 0 0 2 0 3 0 0.01 1 1 1 1 0.5 1 6 0 0 0 0 0 0 0 0 4 1.5 0.29999999999999999 1 0 4 0 1 0 0 0 0 1 0 0 2 0 -1
32 quantum-casimir 3128937003390512443 16254291543693367107 0 3190357481451926403 12747526435267709093 1 0 0 0 0 0 0 0 0 0 0 0 0 0 0 0 0 0 0 0 0 0 0 0 0 0 0 0 0 0 0 0 0 0 0 0 0 0 0 0 0 0 0 0 0 0 0 0 2 0 3 0 0.01 1 1 1 1 0.5 1 6 0 0 0 0 0 0 0 0 4 1.5 0.29999999999999999 1 0 4 0 1 0 0 0 0 1 0 0 2 0 -1
32 quantum-zeno 5048427611316469532 14713133775403649185 0 14354413852091220867 12747526435267709093 0 0 0 1 0 0 0 0 0 0 0 0 0 0 0 0 0 0 0 0 0 0 0 0 0 0 0 0 0 0 0 0 0 0 0 0 0 0 0 0 0 0 0 0 0 0 0 0 2 0 3 0 0.01 1 1 1 1 0.5 1 6 0 0 0 0 0 0 0 0 4 1.5 0.29999999999999999 1 0 4 0 1 0 0 0 0 1 0 0 2 0 -1
32 s0-seed-up-quark 14122230555356895825 13310962775292757507 0 3542574377272871844 12747526435267709093 1 0 0 0 0 0 0 0 0 0 0 0 0 0 0 0 0 0 0 0 0 0 0 0 0 0 0 0 0 0 0 0 0 0 0 0 0 0 0 0 0 0 0 0 0 0 0 0 2 0 3 0 0.01 1 1 1 1 0.5 1 6 0 0 0 0 0 0 0 0 4 1.5 0.29999999999999999 1 0 4 0 1 0 0 0 0 1 0 0 2 0 -1
32 s0-seed-down-quark 16204403702817692092 15442590912255890311 0 3542574377272871844 12747526435267709093 1 0 0 0 0 0 0 0 0 0 0 0 0 0 0 0 0 0 0 0 0 0 0 0 0 0 0 0 0 0 0 0 0 0 0 0 0 0 0 0 0 0 0 0 0 0 0 0 2 0 3 0 0.01 1 1 1 1 0.5 1 6 0 0 0 0 0 0 0 0 4 1.5 0.29999999999999999 1 0 4 0 1 0 0 0 0 1 0 0 2 0 -1
32 s0-seed-strange-quark 10752723877196256965 17776485907564402628 0 3542574377272871844 12747526435267709093 1 0 0 0 0 0 0 0 0 0 0 0 0 0 0 0 0 0 0 0 0 0 0 0 0 0 0 0 0 0 0 0 0 0 0 0 0 0 0 0 0 0 0 0 0 0 0 0 2 0 3 0 0.01 1 1 1 1 0.5 1 6 0 0 0 0 0 0 0 0 4 1.5 0.29999999999999999 1 0 4 0 1 0 0 0 0 1 0 0 2 0 -1
32 s0-seed-charm-quark 12240435752073400368 9939974228158870231 0 3542574377272871844 12747526435267709093 1 0 0 0 0 0 0 0 0 0 0 0 0 0 0 0 0 0 0 0 0 0 0 0 0 0 0 0 0 0 0 0 0 0 0 0 0 0 0 0 0 0 0 0 0 0 0 0 2 0 3 0 0.01 1 1 1 1 0.5 1 6 0 0 0 0 0 0 0 0 4 1.5 0.29999999999999999 1 0 4 0 1 0 0 0 0 1 0 0 2 0 -1
32 s0-seed-bottom-quark 8708474326859975446 7882942679934423874 0 3542574377272871844 12747526435267709093 1 0 0 0 0 0 0 0 0 0 0 0 0 0 0 0 0 0 0 0 0 0 0 0 0 0 0 0 0 0 0 0 0 0 0 0 0 0 0 0 0 0 0 0 0 0 0 0 2 0 3 0 0.01 1 1 1 1 0.5 1 6 0 0 0 0 0 0 0 0 4 1.5 0.29999999999999999 1 0 4 0 1 0 0 0 0 1 0 0 2 0 -1
32 s0-seed-top-quark 13073606193461377109 9875084244498128610 0 3542574377272871844 12747526435267709093 1 0 0 0 0 0 0 0 0 0 0 0 0 0 0 0 0 0 0 0 0 0 0 0 0 0 0 0 0 0 0 0 0 0 0 0 0 0 0 0 0 0 0 0 0 0 0 0 2 0 3 0 0.01 1 1 1 1 0.5 1 6 0 0 0 0 0 0 0 0 4 1.5 0.29999999999999999 1 0 4 0 1 0 0 0 0 1 0 0 2 0 -1
32 s0-seed-anti-up-quark 2882248180884588190 4545846406613647633 0 3542574377272871844 12747526435267709093 1 0 0 0 0 0 0 0 0 0 0 0 0 0 0 0 0 0 0 0 0 0 0 0 0 0 0 0 0 0 0 0 0 0 0 0 0 0 0 0 0 0 0 0 0 0 0 0 2 0 3 0 0.01 1 1 1 1 0.5 1 6 0 0 0 0 0 0 0 0 4 1.5 0.29999999999999999 1 0 4 0 1 0 0 0 0 1 0 0 2 0 -1
32 s0-seed-anti-down-quark 15818292047819222694 6336831502468673384 0 3542574377272871844 12747526435267709093 1 0 0 0 0 0 0 0 0 0 0 0 0 0 0 0 0 0 0 0 0 0 0 0 0 0 0 0 0 0 0 0 0 0 0 0 0 0 0 0 0 0 0 0 0 0 0 0 2 0 3 0 0.01 1 1 1 1 0.5 1 6 0 0 0 0 0 0 0 0 4 1.5 0.29999999999999999 1 0 4 0 1 0 0 0 0 1 0 0 2 0 -1
32 s0-seed-anti-strange-quark 10183783643688150531 16258644148732498534 0 3542574377272871844 12747526435267709093 1 0 0 0 0 0 0 0 0 0 0 0 0 0 0 0 0 0 0 0 0 0 0 0 0 0 0 0 0 0 0 0 0 0 0 0 0 0 0 0 0 0 0 0 0 0 0 0 2 0 3 0 0.01 1 1 1 1 0.5 1 6 0 0 0 0 0 0 0 0 4 1.5 0.29999999999999999 1 0 4 0 1 0 0 0 0 1 0 0 2 0 -1
32 s0-seed-anti-charm-quark 6169837815008607629 15393258506077140463 0 3542574377272871844 12747526435267709093 1 0 0 0 0 0 0 0 0 0 0 0 0 0 0 0 0 0 0 0 0 0 0 0 0 0 0 0 0 0 0 0 0 0 0 0 0 0 0 0 0 0 0 0 0 0 0 0 2 0 3 0 0.01 1 1 1 1 0.5 1 6 0 0 0 0 0 0 0 0 4 1.5 0.29999999999999999 1 0 4 0 1 0 0 0 0 1 0 0 2 0 -1
32 s0-seed-anti-bottom-quark 5674067320186577140 11400195837764028284 0 3542574377272871844 12747526435267709093 1 0 0 0 0 0 0 0 0 0 0 0 0 0 0 0 0 0 0 0 0 0 0 0 0 0 0 0 0 0 0 0 0 0 0 0 0 0 0 0 0 0 0 0 0 0 0 0 2 0 3 0 0.01 1 1 1 1 0.5 1 6 0 0 0 0 0 0 0 0 4 1.5 0.29999999999999999 1 0 4 0 1 0 0 0 0 1 0 0 2 0 -1
32 s0-seed-anti-top-quark 8497792438696531981 391552764327522804 0 3542574377272871844 12747526435267709093 1 0 0 0 0 0 0 0 0 0 0 0 0 0 0 0 0 0 0 0 0 0 0 0 0 0 0 0 0 0 0 0 0 0 0 0 0 0 0 0 0 0 0 0 0 0 0 0 2 0 3 0 0.01 1 1 1 1 0.5 1 6 0 0 0 0 0 0 0 0 4 1.5 0.29999999999999999 1 0 4 0 1 0 0 0 0 1 0 0 2 0 -1
32 s0-seed-higgs-field 17201114933883887708 4269249506107960962 0 14354413852091220867 12747526435267709093 1 0 0 0 0 0 0 0 0 0 0 0 0 0 0 0 0 0 0 0 0 0 0 0 0 0 0 0 0 0 0 0 0 0 0 0 0 0 0 0 0 0 0 0 0 0 0 0 2 0 3 0 0.01 1 1 1 1 0.5 1 6 0 0 0 0 0 0 0 0 4 1.5 0.29999999999999999 1 0 4 0 1 0 0 0 0 1 0 0 2 0 -1
32 s0-seed-gluon 12043303422873349261 6974103520599024752 0 14354413852091220867 12747526435267709093 1 0 0 0 0 0 0 0 0 0 0 0 0 0 0 0 0 0 0 0 0 0 0 0 0 0 0 0 0 0 0 0 0 0 0 0 0 0 0 0 0 0 0 0 0 0 0 0 2 0 3 0 0.01 1 1 1 1 0.5 1 6 0 0 0 0 0 0 0 0 4 1.5 0.29999999999999999 1 0 4 0 1 0 0 0 0 1 0 0 2 0 -1
32 s0-seed-beta-decay 8117137334181413048 18219424608838566949 0 10791163774422616267 12747526435267709093 0 0 1 0 0 0 0 0 0 0 0 0 0 0 1 0 0 1 0 0 0 0 0 0 0 0 0 0 0 0 0 0 0 0 0 0 0 0 0 0 0 0 0 0 0 0 0 0 2 0 3 0 0.01 1 1 1 1 0.5 1 6 0 0 0 0 0 0 0 0 4 1.5 0.29999999999999999 1 0 4 0 1 0 0 0 0 1 0 0 2 0 -1
32 s0-seed-ee-annihilation 8186502365215968567 12848430840429858548 0 17611073086079726442 12747526435267709093 0 0 0 0 0 0 0 0 0 0 1 0 0 0 0 0 0 0 0 0 0 0 0 0 0 0 0 0 0 0 0 0 0 0 0 0 0 0 0 0 0 0 0 0 0 0 0 0 2 0 3 0 0.01 1 1 1 1 0.5 1 6 0 0 0 0 0 0 0 0 4 1.5 0.29999999999999999 1 0 4 0 1 0 0 0 0 1 0 0 2 0 -1
32 s0-seed-quark-gluon-plasma 1285710406992792245 3334773786220495412 0 9054931447754275011 12747526435267709093 1 0 0 0 0 0 1 0 0 0 1 0 0 0 0 0 0 0 0 0 0 0 0 0 0 0 1 0 0 0 0 0 0 0 0 0 0 0 0 0 0 0 0 0 0 0 0 0 2 0 3 0.02 0.050000000000000003 1 1 1 1 0.5 1 6 0 0 0 0 0 0 0 0 4 1.5 0.29999999999999999 1 0 4 0 1 0 0 0 0 1 0 0 2 0 -1
32 s0-seed-hydrogen 10162759521311783293 10715440964609224220 0 13858927165050347643 12747526435267709093 1 1 1 0 0 0 1 1 0 0 1 0 0 0 0 0 0 0 0 0 0 0 0 0 0 0 0 0 0 0 0 0 0 0 0 0 0 0 0 0 0 0 0 0 0 0 0 0 2 0 3 0 0.01 1 1 1 1 0.5 1 6 0 0 0 0 0 0 0 0 4 1.5 0.29999999999999999 1 0 4 0 1 0 0 0 0 1 0 0 2 0 -1
32 s0-seed-helium 17485212192065016105 6432289453573136009 0 17736726205437074666 12747526435267709093 1 1 1 0 0 0 1 1 0 0 1 0 0 0 0 0 0 0 0 0 0 0 0 0 0 0 0 0 0 0 0 0 0 0 0 0 0 0 0 0 0 0 0 0 0 0 0 0 2 0 3 0 0.01 1 1 1 1 0.5 1 6 0 0 0 0 0 0 0 0 4 1.5 0.29999999999999999 1 0 4 0 1 0 0 0 0 1 0 0 2 0 -1
32 s0-seed-h2-bond-formation 12826558647307716521 17310960201761475624 0 16892726658737305075 12747526435267709093 1 1 1 0 0 0 1 1 0 0 1 0 0 0 0 0 0 0 0 0 0 0 0 0 0 0 0 0 0 0 0 0 0 0 0 0 0 0 0 0 0 0 0 0 0 0 0 0 2 0 3 0 0.01 1 1 1 1 0.5 1 6 0 0 0 0 0 0 0 0 4 1.5 0.29999999999999999 1 0 4 0 1 0 0 0 0 1 0 0 2 0 -1
32 s0-seed-spark-of-life 10451227286624242597 17418759629596078436 0 18380468637176768583 12747526435267709093 1 1 1 1 0 0 1 1 0 0 1 0 0 0 0 0 0 0 0 0 0 0 0 0 0 0 0 0 0 0 0 0 0 0 0 0 0 0 0 0 0 0 0 0 0 0 0 0 2 0 3 0 0.01 1 1 1 1 0.5 1 6 0 0 0 0 0 0 0 0 4 1.5 0.29999999999999999 1 0 4 0 1 0 0 0 0 1 0 0 2 0 -1
32 s0-seed-wilson-loop 8315511891930889799 6265580287121741383 0 14354413852091220867 12747526435267709093 0 0 0 0 0 0 0 0 0 0 0 0 0 0 0 0 0 0 0 0 0 0 0 0 0 0 0 0 0 0 0 0 0 0 0 0 0 0 0 0 0 0 0 0 0 0 0 0 2 0 3 0 0.01 1 1 1 1 0.5 1 6 0 0 0 0 0 0 0 0 4 1.5 0.29999999999999999 1 0 4 0 1 0 0 0 0 1 0 0 2 0 -1
32 s0-seed-flux-tube 14830930401210548011 7932302576907059934 0 4421600768197071722 12747526435267709093 0 0 0 0 0 0 0 0 0 0 0 0 0 0 0 0 0 0 0 0 0 0 0 0 0 0 0 0 0 0 0 0 0 0 0 0 0 0 0 0 0 0 0 0 0 0 0 0 2 0 3 0 0.01 1 1 1 1 0.5 1 6 0 0 0 0 0 0 0 0 4 1.5 0.29999999999999999 1 0 4 0 1 0 0 0 0 1 0 0 2 0 -1
32 s0-seed-monopole 13681319462111130827 17999253954631158921 0 14354413852091220867 12747526435267709093 0 0 0 0 0 0 0 0 0 0 0 0 0 0 0 0 0 0 0 0 0 0 0 0 0 0 0 0 0 0 0 0 0 0 0 0 0 0 0 0 0 0 0 0 0 0 0 0 2 0 3 0 0.01 1 1 1 1 0.5 1 6 0 0 0 0 0 0 0 0 4 1.5 0.29999999999999999 1 0 4 0 1 0 0 0 0 1 0 0 2 0 -1
32 s0-seed-instanton 8609911661307421 8782333787700070713 0 14354413852091220867 12747526435267709093 0 0 0 0 0 0 0 0 0 0 0 0 0 0 0 0 0 0 0 0 0 0 0 0 0 0 0 0 0 0 0 0 0 0 0 0 0 0 0 0 0 0 0 0 0 0 0 0 2 0 3 0 0.01 1 1 1 1 0.5 1 6 0 0 0 0 0 0 0 0 4 1.5 0.29999999999999999 1 0 4 0 1 0 0 0 0 1 0 0 2 0 -1
32 s0-seed-schwarzschild 17314303254795613070 1734535000788141908 0 3542574377272871844 12747526435267709093 0 0 0 0 0 0 0 0 0 0 0 0 0 0 0 0 0 0 0 0 0 0 0 0 0 0 0 0 0 0 0 0 0 0 0 0 0 0 0 0 0 0 0 0 0 0 0 0 2 0 3 0 0.01 1 1 1 1 0.5 1 6 0 0 0 0 0 0 0 0 4 1.5 0.29999999999999999 1 0 4 0 1 0 0 0 0 1 0 0 2 0 -1
32 s0-seed-gravitational-lensing 9920575487913070913 2304635825348236619 0 3542574377272871844 12747526435267709093 1 0 0 0 0 0 0 0 0 0 0 0 0 0 0 0 0 0 0 0 0 0 0 0 0 0 0 0 0 0 0 0 0 0 0 0 0 0 0 0 0 0 0 0 0 0 0 0 2 0 3 0 0.01 1 1 1 1 0.5 1 6 0 0 0 0 0 0 0 0 4 1.5 0.29999999999999999 1 0 4 0 1 0 0 0 0 1 0 0 2 0 -1
32 s0-seed-gravitational-wave 17414006844035197342 9275354662358573268 0 14354413852091220867 12747526435267709093 1 0 0 0 0 0 0 0 0 0 0 0 0 0 0 0 0 0 0 0 0 0 0 0 0 0 0 0 0 0 0 0 0 0 0 0 0 0 0 0 0 0 0 0 0 0 0 0 2 0 3 0 0.01 1 1 1 1 0.5 1 6 0 0 0 0 0 0 0 0 4 1.5 0.29999999999999999 1 0 4 0 1 0 0 0 0 1 0 0 2 0 -1
32 s0-seed-massive-body 17066633282911396044 11719180202659823841 0 10840266811845568123 12747526435267709093 0 0 0 0 0 0 0 0 1 0 0 0 0 0 0 0 0 0 0 0 0 0 1 0 0 0 0 0 0 0 0 0 0 0 0 0 0 0 0 0 0 0 0 0 0 0 0 0 2 0 3 0 0.01 1 1 1 1 0.5 1 6 0 0 0 0 0 0 0 0 4 1.5 0.29999999999999999 1 0 4 0 1 0 0 0 0 1 0 0 2 0 -1
32 s0-seed-time-gravity-well 17414006844035197342 9275354662358573268 0 14354413852091220867 12747526435267709093 1 0 0 0 0 0 0 0 0 0 0 0 0 0 0 0 0 0 0 0 0 0 0 0 0 0 0 0 0 0 0 0 0 0 0 0 0 0 0 0 0 0 0 0 0 0 0 0 2 0 3 0 0.01 1 1 1 1 0.5 1 6 0 0 0 0 0 0 0 0 4 1.5 0.29999999999999999 1 0 4 0 1 0 0 0 0 1 0 0 2 0 -1
32 s0-seed-time-twin-clocks 17414006844035197342 9275354662358573268 0 14354413852091220867 12747526435267709093 1 0 0 0 0 0 0 0 0 0 0 0 0 0 0 0 0 0 0 0 0 0 0 0 0 0 0 0 0 0 0 0 0 0 0 0 0 0 0 0 0 0 0 0 0 0 0 0 2 0 3 0 0.01 1 1 1 1 0.5 1 6 0 0 0 0 0 0 0 0 4 1.5 0.29999999999999999 1 0 4 0 1 0 0 0 0 1 0 0 2 0 -1
32 s0-seed-time-horizon 17314303254795613070 1734535000788141908 0 3542574377272871844 12747526435267709093 0 0 0 0 0 0 0 0 0 0 0 0 0 0 0 0 0 0 0 0 0 0 0 0 0 0 0 0 0 0 0 0 0 0 0 0 0 0 0 0 0 0 0 0 0 0 0 0 2 0 3 0 0.01 1 1 1 1 0.5 1 6 0 0 0 0 0 0 0 0 4 1.5 0.29999999999999999 1 0 4 0 1 0 0 0 0 1 0 0 2 0 -1
32 s0-seed-sloop 1881238582792286290 12375144270582987798 0 8790304475299874179 12747526435267709093 0 0 0 0 0 0 0 0 0 0 0 0 0 0 0 0 0 0 0 0 0 0 0 0 0 0 0 0 0 0 0 0 0 0 0 0 0 0 0 0 0 0 0 0 0 0 0 0 2 0 3 0 0.01 1 1 1 1 0.5 1 6 0 0 0 0 0 0 0 0 4 1.5 0.29999999999999999 1 0 4 0 1 0 0 0 0 1 0 0 2 0 -1
32 s0-seed-observer-cell 4387838205445261691 1048939420368041490 0 10971079548842999203 12747526435267709093 0 0 0 0 0 0 0 0 0 0 0 0 0 0 0 0 0 0 0 0 0 0 0 0 0 0 0 0 0 0 0 0 0 0 0 0 0 0 0 0 0 0 0 0 0 0 0 0 2 0 3 0 0.01 1 1 1 1 0.5 1 6 0 0 0 0 0 0 0 0 4 1.5 0.29999999999999999 1 0 4 0 1 0 0 0 0 1 0 0 2 0 -1
32 s0-field-plane-wave 4588982227119501010 11044821575035713607 0 14354413852091220867 12747526435267709093 1 0 0 0 0 0 0 0 0 0 0 0 0 0 0 0 0 0 0 0 0 0 0 0 0 0 0 0 0 0 0 0 0 0 0 0 0 0 0 0 0 0 0 0 0 0 0 0 2 0 3 0 0.01 1 1 1 1 0.5 1 6 0 0 0 0 0 0 0 0 4 1.5 0.29999999999999999 1 0 4 0 1 0 0 0 0 1 0 0 2 0 -1
32 s0-field-standing-wave 7319290595024488273 13451934534256339226 0 14354413852091220867 12747526435267709093 1 0 0 0 0 0 0 0 0 0 0 0 0 0 0 0 0 0 0 0 0 0 0 0 0 0 0 0 0 0 0 0 0 0 0 0 0 0 0 0 0 0 0 0 0 0 0 0 2 0 3 0 0.01 1 1 1 1 0.5 1 6 0 0 0 0 0 0 0 0 4 1.5 0.29999999999999999 1 0 4 0 1 0 0 0 0 1 0 0 2 0 -1
32 s0-field-uniform-e 17977855160810660874 2970760132719977065 0 14354413852091220867 12747526435267709093 0 0 0 0 0 0 0 0 0 0 0 0 0 0 0 0 0 0 0 0 0 0 0 0 0 0 0 0 0 0 0 0 0 0 0 0 0 0 0 0 0 0 0 0 0 0 0 0 2 0 3 0 0.01 1 1 1 1 0.5 1 6 0 0 0 0 0 0 0 0 4 1.5 0.29999999999999999 1 0 4 0 1 0 0 0 0 1 0 0 2 0 -1
32 s0-field-uniform-b 352373463337734784 5713592631306359945 0 14354413852091220867 12747526435267709093 0 0 0 0 0 0 0 0 0 0 0 0 0 0 0 0 0 0 0 0 0 0 0 0 0 0 0 0 0 0 0 0 0 0 0 0 0 0 0 0 0 0 0 0 0 0 0 0 2 0 3 0 0.01 1 1 1 1 0.5 1 6 0 0 0 0 0 0 0 0 4 1.5 0.29999999999999999 1 0 4 0 1 0 0 0 0 1 0 0 2 0 -1
32 s0-field-photon-pulse 14917498123954570876 3543593241597215178 0 14354413852091220867 12747526435267709093 1 0 0 0 0 0 1 0 0 0 0 0 0 0 0 0 0 0 0 0 0 0 0 0 0 0 0 0 0 0 0 0 0 0 0 0 0 0 0 0 0 0 0 0 0 0 0 0 2 0 3 0 0.01 1 1 1 1 0.5 1 6 0 0 0 0 0 0 0 0 4 1.5 0.29999999999999999 1 0 4 0 1 0 0 0 0 1 0 0 2 0 -1
32 s0-field-rf-lattice-wave 11960193213721455438 11117536238084728892 0 14354413852091220867 12747526435267709093 1 0 0 0 0 0 0 0 0 0 0 0 0 0 0 0 0 0 0 0 0 0 0 0 0 0 0 0 0 0 0 0 0 0 0 0 0 0 0 0 0 0 0 0 0 0 0 0 2 0 3 0 0.01 1 1 1 1 0.5 1 6 0 0 0 0 0 0 0 0 4 1.5 0.29999999999999999 1 0 4 0 1 0 0 0 0 1 0 0 2 0 -1
32 s0-field-light-lattice-wave 3158254592957435393 17073953865132980136 0 14354413852091220867 12747526435267709093 1 0 0 0 0 0 0 0 0 0 0 0 0 0 0 0 0 0 0 0 0 0 0 0 0 0 0 0 0 0 0 0 0 0 0 0 0 0 0 0 0 0 0 0 0 0 0 0 2 0 3 0 0.01 1 1 1 1 0.5 1 6 0 0 0 0 0 0 0 0 4 1.5 0.29999999999999999 1 0 4 0 1 0 0 0 0 1 0 0 2 0 -1
32 s0-field-sound-lattice-wave 2684174806649661154 15701737395425671772 0 14354413852091220867 12747526435267709093 1 0 0 0 0 0 0 0 0 0 0 0 0 0 0 0 0 0 0 0 0 0 0 0 0 0 0 0 0 0 0 0 0 0 0 0 0 0 0 0 0 0 0 0 0 0 0 0 2 0 3 0 0.01 1 1 1 1 0.5 1 6 0 0 0 0 0 0 0 0 4 1.5 0.29999999999999999 1 0 4 0 1 0 0 0 0 1 0 0 2 0 -1
32 s0-field-sound-collision 17727708826219955151 3475732606251463059 0 14354413852091220867 12747526435267709093 1 0 0 0 0 0 0 0 0 0 0 0 0 0 0 0 0 0 0 0 0 0 0 0 0 0 0 0 0 0 0 0 0 0 0 0 0 0 0 0 0 0 0 0 0 0 0 0 2 0 3 0 0.01 1 1 1 1 0.5 1 6 0 0 0 0 0 0 0 0 4 1.5 0.29999999999999999 1 0 4 0 1 0 0 0 0 1 0 0 2 0 -1
32 s0-field-thomson-scattering 362693693968042439 2541642180243685262 0 3542574377272871844 12747526435267709093 1 1 0 0 0 0 0 0 0 0 0 0 0 0 0 0 0 0 0 0 0 0 0 0 0 0 0 0 0 0 0 0 0 0 0 0 0 0 0 0 0 0 0 0 0 0 0 0 2 0 3 0 0.01 1 1 1 1 0.5 1 6 0 0 0 0 0 0 0 0 4 1.5 0.29999999999999999 1 0 4 0 1 0 0 0 0 1 0 0 2 0 -1
32 s0-field-thomson-unlocked-recoil 2130757806434211128 7500231496947698629 0 3542574377272871844 12747526435267709093 1 1 0 0 0 0 0 1 0 0 1 0 0 0 0 0 0 0 0 0 0 0 0 0 0 1 0 0 0 0 0 0 0 0 0 0 0 0 0 0 0 0 0 0 0 0 0 0 2 0 3 0 0.01 1 1 1 1 0.5 1 6 0 0 0 0 0 0 0 0 4 1.5 0.29999999999999999 1 0 4 0 1 0 0 0 0 1 0 0 2 0 -1
32 s0-field-spacetime-forcing-boundary 9996220863363349906 12547925974985462752 0 14354413852091220867 12747526435267709093 1 0 0 0 0 0 0 0 0 0 0 0 0 0 0 0 0 0 0 0 0 0 0 0 0 0 0 0 0 0 0 0 0 0 0 0 0 0 0 0 0 0 0 0 0 0 0 0 2 0 3 0 0.01 1 1 1 1 0.5 1 6 0 0 0 0 0 0 0 0 4 1.5 0.29999999999999999 1 0 4 0 1 0 0 0 0 1 0 0 2 0 -1
32 s0-field-electric-dipole 9099913031306721472 2623434327691626986 0 12407547036560610154 12747526435267709093 0 0 0 0 0 0 0 0 0 0 0 0 0 0 0 0 0 0 0 0 0 0 0 0 0 0 0 0 0 0 0 0 0 0 0 0 0 0 0 0 0 0 0 0 0 0 0 0 2 0 3 0 0.01 1 1 1 1 0.5 1 6 0 0 0 0 0 0 0 0 4 1.5 0.29999999999999999 1 0 4 0 1 0 0 0 0 1 0 0 2 0 -1
32 s0-field-magnetic-dipole 15801410104933955305 15991758144605238525 0 14354413852091220867 12747526435267709093 0 0 0 0 0 0 0 0 0 0 0 0 0 0 0 0 0 0 0 0 0 0 0 0 0 0 0 0 0 0 0 0 0 0 0 0 0 0 0 0 0 0 0 0 0 0 0 0 2 0 3 0 0.01 1 1 1 1 0.5 1 6 0 0 0 0 0 0 0 0 4 1.5 0.29999999999999999 1 0 4 0 1 0 0 0 0 1 0 0 2 0 -1
32 s0-field-vortex-line 8320005176274082861 15076792352710672333 0 14354413852091220867 12747526435267709093 0 0 0 0 0 0 0 0 0 0 0 0 0 0 0 0 0 0 0 0 0 0 0 0 0 0 0 0 0 0 0 0 0 0 0 0 0 0 0 0 0 0 0 0 0 0 0 0 2 0 3 0 0.01 1 1 1 1 0.5 1 6 0 0 0 0 0 0 0 0 4 1.5 0.29999999999999999 1 0 4 0 1 0 0 0 0 1 0 0 2 0 -1
32 s0-field-shear-layer 9057166537938655908 2407136081087906350 0 14354413852091220867 12747526435267709093 1 0 0 0 0 0 0 0 0 0 0 0 0 0 0 0 0 0 0 0 0 0 0 0 0 0 0 0 0 0 0 0 0 0 0 0 0 0 0 0 0 0 0 0 0 0 0 0 2 0 3 0 0.01 1 1 1 1 0.5 1 6 0 0 0 0 0 0 0 0 4 1.5 0.29999999999999999 1 0 4 0 1 0 0 0 0 1 0 0 2 0 -1
32 s0-seed-octahedron 9359902437899791004 8490758645019845000 0 12183069348306731327 12747526435267709093 0 0 0 0 0 0 0 0 0 0 0 0 0 0 0 0 0 0 0 0 0 0 0 0 0 0 0 0 0 0 0 0 0 0 0 0 0 0 0 0 0 0 0 0 0 0 0 0 2 0 3 0 0.01 1 1 1 1 0.5 1 6 0 0 0 0 0 0 0 0 4 1.5 0.29999999999999999 1 0 4 0 1 0 0 0 0 1 0 0 2 0 -1
32 s0-seed-cuboctahedron 8494435315890236190 11691489286127832327 0 9509080720265155272 12747526435267709093 0 0 0 0 0 0 0 0 0 0 0 0 0 0 0 0 0 0 0 0 0 0 0 0 0 0 0 0 0 0 0 0 0 0 0 0 0 0 0 0 0 0 0 0 0 0 0 0 2 0 3 0 0.01 1 1 1 1 0.5 1 6 0 0 0 0 0 0 0 0 4 1.5 0.29999999999999999 1 0 4 0 1 0 0 0 0 1 0 0 2 0 -1
32 s0-seed-stella-octangula 17968234366129335277 9821048573144684890 0 10076619809150920340 12747526435267709093 0 0 0 0 0 0 0 0 0 0 0 0 0 0 0 0 0 0 0 0 0 0 0 0 0 0 0 0 0 0 0 0 0 0 0 0 0 0 0 0 0 0 0 0 0 0 0 0 2 0 3 0 0.01 1 1 1 1 0.5 1 6 0 0 0 0 0 0 0 0 4 1.5 0.29999999999999999 1 0 4 0 1 0 0 0 0 1 0 0 2 0 -1
32 s0-seed-moore-cell 5296423976489143629 475806766871477195 0 12736196318596096875 12747526435267709093 0 0 0 0 0 0 0 0 0 0 0 0 0 0 0 0 0 0 0 0 0 0 0 0 0 0 0 0 0 0 0 0 0 0 0 0 0 0 0 0 0 0 0 0 0 0 0 0 2 0 3 0 0.01 1 1 1 1 0.5 1 6 0 0 0 0 0 0 0 0 4 1.5 0.29999999999999999 1 0 4 0 1 0 0 0 0 1 0 0 2 0 -1
32 s0-seed-moore-decomposition 13641019896331862178 14190969660626844297 0 10971079548842999203 12747526435267709093 0 0 0 0 0 0 0 0 0 0 0 0 0 0 0 0 0 0 0 0 0 0 0 0 0 0 0 0 0 0 0 0 0 0 0 0 0 0 0 0 0 0 0 0 0 0 0 0 2 0 3 0 0.01 1 1 1 1 0.5 1 6 0 0 0 0 0 0 0 0 4 1.5 0.29999999999999999 1 0 4 0 1 0 0 0 0 1 0 0 2 0 -1
32 s0-seed-emergent-ic1 2462741381952451065 4228224570133596090 0 14354413852091220867 12747526435267709093 1 0 0 1 0 0 1 0 0 0 0 0 0 0 0 0 0 0 0 0 0 0 0 0 0 0 1 0 0 0 0 0 0 0 0 0 0 0 0 0 0 0 0 0 0 0 0 0 2 0 3 0.0050000000000000001 0.02 1 1 1 1 0.5 1 6 0 0 0 0 0 0 0 0 4 1.5 0.29999999999999999 1 0 4 0 1 0 0 0 0 1 0 0 2 0 -1
32 s0-seed-emergent-ic3-collision 4568162752915755189 2942359507351095715 0 14354413852091220867 12747526435267709093 1 0 0 1 0 0 1 0 0 0 0 0 0 0 0 0 0 0 0 0 0 0 0 0 0 0 1 0 0 0 0 0 0 0 0 0 0 0 0 0 0 0 0 0 0 0 0 0 2 0 3 0.0050000000000000001 0.02 1 1 1 1 0.5 1 6 0 0 0 0 0 0 0 0 4 1.5 0.29999999999999999 1 0 4 0 1 0 0 0 0 1 0 0 2 0 -1
32 s0-seed-emergent-ic4-subthreshold 3960951712867404984 13862135798726292707 0 14354413852091220867 12747526435267709093 1 0 0 1 0 0 1 0 0 0 0 0 0 0 0 0 0 0 0 0 0 0 0 0 0 0 1 0 0 0 0 0 0 0 0 0 0 0 0 0 0 0 0 0 0 0 0 0 2 0 3 0.0050000000000000001 0.02 1 1 1 1 0.5 1 6 0 0 0 0 0 0 0 0 4 1.5 0.29999999999999999 1 0 4 0 1 0 0 0 0 1 0 0 2 0 -1
32 s0-seed-emergent-ic2-thermal-runaway 12349845327923882574 18424987418149430947 0 14354413852091220867 12747526435267709093 1 0 0 1 0 0 1 0 0 0 0 0 0 0 0 0 0 0 0 0 0 0 0 0 0 0 1 0 0 0 0 0 0 0 0 0 0 0 0 0 0 0 0 0 0 0 0 0 2 0 3 0.050000000000000003 0.02 1 1 1 1 0.5 1 6 0 0 0 0 0 0 0 0 4 1.5 0.29999999999999999 1 0 4 0 1 0 0 0 0 1 0 0 2 0 -1
32 s0-seed-emergent-ic1-diagonal 13614280986835366713 12687101748664375018 0 14354413852091220867 12747526435267709093 1 0 0 1 0 0 1 0 0 0 0 0 0 0 0 0 0 0 0 0 0 0 0 0 0 0 1 0 0 0 0 0 0 0 0 0 0 0 0 0 0 0 0 0 0 0 0 0 2 0 3 0.0050000000000000001 0.02 1 1 1 1 0.5 1 6 0 0 0 0 0 0 0 0 4 1.5 0.29999999999999999 1 0 4 0 1 0 0 0 0 1 0 0 2 0 -1
32 s0-seed-emergent-ic1-isotropic 11562692978113344265 13384769637872883283 0 14354413852091220867 12747526435267709093 1 0 0 1 0 0 1 0 0 0 0 0 0 0 0 0 0 0 0 0 0 0 0 0 0 0 1 0 0 0 0 0 0 0 0 0 0 0 0 0 0 0 0 0 0 0 0 0 2 0 3 0.0050000000000000001 0.02 1 1 1 1 0.5 1 6 0 0 0 0 0 0 0 0 4 1.5 0.29999999999999999 1 0 4 0 1 0 0 0 0 1 0 0 2 0 -1
32 s0-seed-emergent-ic1-viz 1646636060121181616 17306892308348757501 0 14354413852091220867 12747526435267709093 1 0 0 1 0 0 1 0 0 0 0 0 0 0 0 0 0 0 0 0 0 0 0 0 0 0 1 0 0 0 0 0 0 0 0 0 0 0 0 0 0 0 0 0 0 0 0 0 2 0 3 0 0.02 1 1 1 1 0.5 1 6 0 0 0 0 0 0 0 0 4 1.5 0.29999999999999999 1 0 4 0 1 0 0 0 0 1 0 0 2 0 -1
32 s0-seed-emergent-ic1-diagonal-viz 892978055180386192 9083840505018189533 0 14354413852091220867 12747526435267709093 1 0 0 1 0 0 1 0 0 0 0 0 0 0 0 0 0 0 0 0 0 0 0 0 0 0 1 0 0 0 0 0 0 0 0 0 0 0 0 0 0 0 0 0 0 0 0 0 2 0 3 0 0.02 1 1 1 1 0.5 1 6 0 0 0 0 0 0 0 0 4 1.5 0.29999999999999999 1 0 4 0 1 0 0 0 0 1 0 0 2 0 -1
32 s0-seed-emergent-ic1-isotropic-viz 12945365634412151161 2505960839885969622 0 14354413852091220867 12747526435267709093 1 0 0 1 0 0 1 0 0 0 0 0 0 0 0 0 0 0 0 0 0 0 0 0 0 0 1 0 0 0 0 0 0 0 0 0 0 0 0 0 0 0 0 0 0 0 0 0 2 0 3 0 0.02 1 1 1 1 0.5 1 6 0 0 0 0 0 0 0 0 4 1.5 0.29999999999999999 1 0 4 0 1 0 0 0 0 1 0 0 2 0 -1
32 s0-seed-cluster-law 2462741381952451065 4228224570133596090 0 14354413852091220867 12747526435267709093 1 0 0 1 0 0 1 0 0 0 0 0 0 0 0 0 0 0 0 0 0 0 0 0 0 0 1 0 0 0 0 0 0 0 0 0 0 0 0 0 0 0 0 0 0 0 0 0 2 0 3 0.0050000000000000001 0.02 1 1 1 1 0.5 1 6 0 0 0 0 0 0 0 0 4 1.5 0.29999999999999999 1 0 4 0 1 0 0 0 0 1 0 0 2 0 -1
32 s0-seed-cluster-law-subknee 15720025032650042581 9321743470817424312 0 14354413852091220867 12747526435267709093 1 0 0 1 0 0 1 0 0 0 0 0 0 0 0 0 0 0 0 0 0 0 0 0 0 0 1 0 0 0 0 0 0 0 0 0 0 0 0 0 0 0 0 0 0 0 0 0 2 0 3 0 0.02 1 1 1 1 0.5 1 6 0 0 0 0 0 0 0 0 4 1.5 0.29999999999999999 1 0 4 0 1 0 0 0 0 1 0 0 2 0 -1
32 s0-seed-cluster-law-knee 12567141461550229573 6963823188220871564 0 14354413852091220867 12747526435267709093 1 0 0 1 0 0 1 0 0 0 0 0 0 0 0 0 0 0 0 0 0 0 0 0 0 0 1 0 0 0 0 0 0 0 0 0 0 0 0 0 0 0 0 0 0 0 0 0 2 0 3 0 0.02 1 1 1 1 0.5 1 6 0 0 0 0 0 0 0 0 4 1.5 0.29999999999999999 1 0 4 0 1 0 0 0 0 1 0 0 2 0 -1
32 s0-seed-cluster-law-superknee 14107394655056800597 5297859777570204830 0 14354413852091220867 12747526435267709093 1 0 0 1 0 0 1 0 0 0 0 0 0 0 0 0 0 0 0 0 0 0 0 0 0 0 1 0 0 0 0 0 0 0 0 0 0 0 0 0 0 0 0 0 0 0 0 0 2 0 3 0 0.02 1 1 1 1 0.5 1 6 0 0 0 0 0 0 0 0 4 1.5 0.29999999999999999 1 0 4 0 1 0 0 0 0 1 0 0 2 0 -1
32 s0-vacuum-electron 7810009060466508894 5022768806949880969 0 3542574377272871844 12747526435267709093 1 0 0 0 0 0 0 0 0 0 0 0 0 0 0 0 0 0 0 0 0 0 0 0 0 0 0 0 0 0 0 0 0 0 0 0 0 0 0 0 0 0 0 0 0 0 0 0 2 0 3 0 0.01 1 1 1 1 0.5 1 6 0 0 0 0 0 0 0 0 4 1.5 0.29999999999999999 1 0 4 0 1 0 0 0 0 1 0 0 2 0 -1
32 s0-vacuum-muon 12350168021838689217 14831944941250738156 0 3542574377272871844 12747526435267709093 1 0 0 0 0 0 0 0 0 0 0 0 0 0 0 0 0 0 0 0 0 0 0 0 0 0 0 0 0 0 0 0 0 0 0 0 0 0 0 0 0 0 0 0 0 0 0 0 2 0 3 0 0.01 1 1 1 1 0.5 1 6 0 0 0 0 0 0 0 0 4 1.5 0.29999999999999999 1 0 4 0 1 0 0 0 0 1 0 0 2 0 -1
32 s0-vacuum-tau 7537777651623451875 16685549499819688063 0 3542574377272871844 12747526435267709093 1 0 0 0 0 0 0 0 0 0 0 0 0 0 0 0 0 0 0 0 0 0 0 0 0 0 0 0 0 0 0 0 0 0 0 0 0 0 0 0 0 0 0 0 0 0 0 0 2 0 3 0 0.01 1 1 1 1 0.5 1 6 0 0 0 0 0 0 0 0 4 1.5 0.29999999999999999 1 0 4 0 1 0 0 0 0 1 0 0 2 0 -1
32 s0-vacuum-positron 14632157958733764611 13108607635423189254 0 3542574377272871844 12747526435267709093 1 0 0 0 0 0 0 0 0 0 0 0 0 0 0 0 0 0 0 0 0 0 0 0 0 0 0 0 0 0 0 0 0 0 0 0 0 0 0 0 0 0 0 0 0 0 0 0 2 0 3 0 0.01 1 1 1 1 0.5 1 6 0 0 0 0 0 0 0 0 4 1.5 0.29999999999999999 1 0 4 0 1 0 0 0 0 1 0 0 2 0 -1
32 s0-vacuum-antimuon 14175565239338549287 4191622744052276059 0 3542574377272871844 12747526435267709093 1 0 0 0 0 0 0 0 0 0 0 0 0 0 0 0 0 0 0 0 0 0 0 0 0 0 0 0 0 0 0 0 0 0 0 0 0 0 0 0 0 0 0 0 0 0 0 0 2 0 3 0 0.01 1 1 1 1 0.5 1 6 0 0 0 0 0 0 0 0 4 1.5 0.29999999999999999 1 0 4 0 1 0 0 0 0 1 0 0 2 0 -1
32 s0-vacuum-antitau 4668519759251787154 10268624115702763442 0 3542574377272871844 12747526435267709093 1 0 0 0 0 0 0 0 0 0 0 0 0 0 0 0 0 0 0 0 0 0 0 0 0 0 0 0 0 0 0 0 0 0 0 0 0 0 0 0 0 0 0 0 0 0 0 0 2 0 3 0 0.01 1 1 1 1 0.5 1 6 0 0 0 0 0 0 0 0 4 1.5 0.29999999999999999 1 0 4 0 1 0 0 0 0 1 0 0 2 0 -1
32 s0-vacuum-electron-neutrino 1251085017178861566 938615511558130520 0 14354413852091220867 12747526435267709093 1 0 0 0 0 0 1 0 0 0 0 0 0 0 0 0 0 0 0 0 0 0 0 0 0 0 0 0 0 0 0 0 0 0 0 0 0 0 0 0 0 0 0 0 0 0 0 0 2 0 3 0 0.01 1 1 1 1 0.5 1 6 0 0 0 0 0 0 0 0 4 1.5 0.29999999999999999 1 0 4 0 1 0 0 0 0 1 0 0 2 0 -1
32 s0-vacuum-muon-neutrino 12581837048321165253 106967513852992134 0 14354413852091220867 12747526435267709093 1 0 0 0 0 0 1 0 0 0 0 0 0 0 0 0 0 0 0 0 0 0 0 0 0 0 0 0 0 0 0 0 0 0 0 0 0 0 0 0 0 0 0 0 0 0 0 0 2 0 3 0 0.01 1 1 1 1 0.5 1 6 0 0 0 0 0 0 0 0 4 1.5 0.29999999999999999 1 0 4 0 1 0 0 0 0 1 0 0 2 0 -1
32 s0-vacuum-tau-neutrino 10274950981580779327 9696917882760295934 0 14354413852091220867 12747526435267709093 1 0 0 0 0 0 1 0 0 0 0 0 0 0 0 0 0 0 0 0 0 0 0 0 0 0 0 0 0 0 0 0 0 0 0 0 0 0 0 0 0 0 0 0 0 0 0 0 2 0 3 0 0.01 1 1 1 1 0.5 1 6 0 0 0 0 0 0 0 0 4 1.5 0.29999999999999999 1 0 4 0 1 0 0 0 0 1 0 0 2 0 -1
32 s0-vacuum-electron-antineutrino 8652020491649990775 8028009065932267887 0 14354413852091220867 12747526435267709093 1 0 0 0 0 0 1 0 0 0 0 0 0 0 0 0 0 0 0 0 0 0 0 0 0 0 0 0 0 0 0 0 0 0 0 0 0 0 0 0 0 0 0 0 0 0 0 0 2 0 3 0 0.01 1 1 1 1 0.5 1 6 0 0 0 0 0 0 0 0 4 1.5 0.29999999999999999 1 0 4 0 1 0 0 0 0 1 0 0 2 0 -1
32 s0-vacuum-muon-antineutrino 16700388807666340521 15648795591069167761 0 14354413852091220867 12747526435267709093 1 0 0 0 0 0 1 0 0 0 0 0 0 0 0 0 0 0 0 0 0 0 0 0 0 0 0 0 0 0 0 0 0 0 0 0 0 0 0 0 0 0 0 0 0 0 0 0 2 0 3 0 0.01 1 1 1 1 0.5 1 6 0 0 0 0 0 0 0 0 4 1.5 0.29999999999999999 1 0 4 0 1 0 0 0 0 1 0 0 2 0 -1
32 s0-vacuum-tau-antineutrino 10016437592346812024 13623192665251540831 0 14354413852091220867 12747526435267709093 1 0 0 0 0 0 1 0 0 0 0 0 0 0 0 0 0 0 0 0 0 0 0 0 0 0 0 0 0 0 0 0 0 0 0 0 0 0 0 0 0 0 0 0 0 0 0 0 2 0 3 0 0.01 1 1 1 1 0.5 1 6 0 0 0 0 0 0 0 0 4 1.5 0.29999999999999999 1 0 4 0 1 0 0 0 0 1 0 0 2 0 -1
32 s0-vacuum-photon 17899398044724183983 12529463207473055229 0 14354413852091220867 12747526435267709093 1 0 0 0 0 0 1 0 0 0 0 0 0 0 0 0 0 0 0 0 0 0 0 0 0 0 0 0 0 0 0 0 0 0 0 0 0 0 0 0 0 0 0 0 0 0 0 0 2 0 3 0 0.01 1 1 1 1 0.5 1 6 0 0 0 0 0 0 0 0 4 1.5 0.29999999999999999 1 0 4 0 1 0 0 0 0 1 0 0 2 0 -1
32 s0-vacuum-w-boson 8713668390178365940 11262701267565688911 0 3542574377272871844 12747526435267709093 1 0 0 0 0 0 0 0 0 0 0 0 0 0 0 0 0 0 0 0 0 0 0 0 0 0 0 0 0 0 0 0 0 0 0 0 0 0 0 0 0 0 0 0 0 0 0 0 2 0 3 0 0.01 1 1 1 1 0.5 1 6 0 0 0 0 0 0 0 0 4 1.5 0.29999999999999999 1 0 4 0 1 0 0 0 0 1 0 0 2 0 -1
32 s0-vacuum-w-minus-boson 16224084011690504223 10831764410399098354 0 3542574377272871844 12747526435267709093 1 0 0 0 0 0 0 0 0 0 0 0 0 0 0 0 0 0 0 0 0 0 0 0 0 0 0 0 0 0 0 0 0 0 0 0 0 0 0 0 0 0 0 0 0 0 0 0 2 0 3 0 0.01 1 1 1 1 0.5 1 6 0 0 0 0 0 0 0 0 4 1.5 0.29999999999999999 1 0 4 0 1 0 0 0 0 1 0 0 2 0 -1
32 s0-vacuum-z-boson 10440450469773101263 16069825013400656265 0 14354413852091220867 12747526435267709093 1 0 0 0 0 0 0 0 0 0 0 0 0 0 0 0 0 0 0 0 0 0 0 0 0 0 0 0 0 0 0 0 0 0 0 0 0 0 0 0 0 0 0 0 0 0 0 0 2 0 3 0 0.01 1 1 1 1 0.5 1 6 0 0 0 0 0 0 0 0 4 1.5 0.29999999999999999 1 0 4 0 1 0 0 0 0 1 0 0 2 0 -1
32 s0-vacuum-higgs 10336109663790982523 8669584850667643533 0 14354413852091220867 12747526435267709093 1 0 0 0 0 0 0 0 0 0 0 0 0 0 0 0 0 0 0 0 0 0 0 0 0 0 0 0 0 0 0 0 0 0 0 0 0 0 0 0 0 0 0 0 0 0 0 0 2 0 3 0 0.01 1 1 1 1 0.5 1 6 0 0 0 0 0 0 0 0 4 1.5 0.29999999999999999 1 0 4 0 1 0 0 0 0 1 0 0 2 0 -1
32 s0-vacuum-proton 13077345959781324132 5785446588168537257 0 15604225326291709679 12747526435267709093 0 0 0 0 0 0 0 1 0 0 1 0 0 0 0 1 0 0 0 0 0 0 0 0 0 0 0 0 0 0 0 0 0 0 0 0 0 0 0 0 0 0 0 0 0 0 0 0 2 0 3 0 0.01 1 1 1 1 0.5 1 6 0 0 0 0 0 0 0 0 4 1.5 0.29999999999999999 1 0 4 0 1 0 0 0 0 1 0 0 2 0 -1
32 s0-vacuum-neutron 4696372593767559222 15523432671606353560 0 15604225326291709679 12747526435267709093 0 0 0 0 0 0 0 1 0 0 1 0 0 0 0 1 0 0 0 0 0 0 0 0 0 0 0 0 0 0 0 0 0 0 0 0 0 0 0 0 0 0 0 0 0 0 0 0 2 0 3 0 0.01 1 1 1 1 0.5 1 6 0 0 0 0 0 0 0 0 4 1.5 0.29999999999999999 1 0 4 0 1 0 0 0 0 1 0 0 2 0 -1
32 s0-vacuum-pion-charged 1539845609548454179 11225043996761986346 0 12407547036560610154 12747526435267709093 0 0 0 0 0 0 0 1 0 0 1 0 0 0 0 1 0 0 0 0 0 0 0 0 0 0 0 0 0 0 0 0 0 0 0 0 0 0 0 0 0 0 0 0 0 0 0 0 2 0 3 0 0.01 1 1 1 1 0.5 1 6 0 0 0 0 0 0 0 0 4 1.5 0.29999999999999999 1 0 4 0 1 0 0 0 0 1 0 0 2 0 -1
32 s0-vacuum-pion-neutral 1539845609548454179 11225043996761986346 0 12407547036560610154 12747526435267709093 0 0 0 0 0 0 0 1 0 0 1 0 0 0 0 1 0 0 0 0 0 0 0 0 0 0 0 0 0 0 0 0 0 0 0 0 0 0 0 0 0 0 0 0 0 0 0 0 2 0 3 0 0.01 1 1 1 1 0.5 1 6 0 0 0 0 0 0 0 0 4 1.5 0.29999999999999999 1 0 4 0 1 0 0 0 0 1 0 0 2 0 -1
32 s0-vacuum-kaon-charged 11609668285913437116 17307591166904512779 0 12407547036560610154 12747526435267709093 0 0 0 0 0 0 0 1 0 0 1 0 0 0 0 1 0 0 0 0 0 0 0 0 0 0 0 0 0 0 0 0 0 0 0 0 0 0 0 0 0 0 0 0 0 0 0 0 2 0 3 0 0.01 1 1 1 1 0.5 1 6 0 0 0 0 0 0 0 0 4 1.5 0.29999999999999999 1 0 4 0 1 0 0 0 0 1 0 0 2 0 -1
32 s0-seed-de-broglie-clock 799590061338286323 14462427030892551767 0 7902355285798875227 12747526435267709093 1 0 0 0 0 0 0 0 0 0 0 0 0 0 0 0 0 0 0 0 0 0 0 0 0 0 0 0 0 0 0 0 0 0 0 0 0 0 0 1 0 0 0 0 0 0 0 0 2 0 3 0 0.01 1 1 1 0.29999999999999999 0.5 1 6 0 0 0 0 0 0 0 0 4 1.5 0.29999999999999999 1 0 4 0 1 0 0 0 0 1 0 0 2 0 -1
32 s0-seed-thermal-ignition 12349845327923882574 18424987418149430947 0 14354413852091220867 12747526435267709093 1 0 0 1 0 0 1 0 0 0 0 0 0 0 0 0 0 0 0 0 0 0 0 0 0 0 1 0 0 0 0 0 0 0 0 0 0 0 0 0 0 0 0 0 0 0 0 0 2 0 3 0.029999999999999999 0.02 1 1 1 1 0.5 1 6 0 0 0 0 0 0 0 0 4 1.5 0.29999999999999999 1 0 4 0 1 0 0 0 0 1 0 0 2 0 -1
32 s0-cell-capacitor 6223795333504581110 4445676328990512941 0 10214898436753500682 12747526435267709093 1 0 0 0 0 0 1 0 0 0 0 0 0 0 0 0 0 0 0 0 0 0 0 0 0 0 0 0 0 0 0 0 0 0 0 0 0 0 0 0 0 0 0 0 0 0 0 0 2 0 3 0 0.01 1 1 1 1 0.5 1 6 15.5 15.5 15.5 3.5 0 0 0 0 4 1.5 0.29999999999999999 1 0 4 0 1 0 0 0 0 1 0 0 2 0 -1
32 s0-cell-torus 7033924489833218903 7297217963045381726 0 14354413852091220867 12747526435267709093 1 0 0 0 0 0 0 0 0 0 0 0 0 0 0 0 0 0 0 0 0 0 0 0 0 0 0 0 0 0 0 0 0 0 0 0 0 0 0 0 0 0 0 0 0 0 0 0 2 0 3 0 0.01 1 1 1 1 0.5 1 6 15.5 15.5 15.5 14 0 0 0 0 4 1.5 0.29999999999999999 1 0 4 0 1 0 0 0 0 1 0 0 2 0 -1
32 s0-cell-torus-reverse 17686807418927587847 3408083120975334944 0 14354413852091220867 12747526435267709093 1 0 0 0 0 0 0 0 0 0 0 0 0 0 0 0 0 0 0 0 0 0 0 0 0 0 0 0 0 0 0 0 0 0 0 0 0 0 0 0 0 0 0 0 0 0 0 0 2 0 3 0 0.01 1 1 1 1 0.5 1 6 15.5 15.5 15.5 14 0 0 0 0 4 1.5 0.29999999999999999 1 0 4 0 1 0 0 0 0 1 0 0 2 0 -1
32 s0-cell-torus-scrambled 1959203522365963664 5198095806788857123 0 14354413852091220867 12747526435267709093 1 0 0 0 0 0 0 0 0 0 0 0 0 0 0 0 0 0 0 0 0 0 0 0 0 0 0 0 0 0 0 0 0 0 0 0 0 0 0 0 0 0 0 0 0 0 0 0 2 0 3 0 0.01 1 1 1 1 0.5 1 6 15.5 15.5 15.5 14 0 0 0 0 4 1.5 0.29999999999999999 1 0 4 0 1 0 0 0 0 1 0 0 2 0 -1
32 s0-cell-torus-open 7033924489833218903 7297217963045381726 0 14354413852091220867 12747526435267709093 1 0 0 0 0 0 0 0 0 0 0 0 0 0 0 0 0 0 0 0 0 0 0 0 0 0 0 0 0 0 0 0 0 0 0 0 0 0 0 0 0 0 0 0 0 0 0 2 2 0 3 0 0.01 1 1 1 1 0.5 1 6 15.5 15.5 15.5 14 0 0 0 0 4 1.5 0.29999999999999999 1 0 4 0 1 0 0 0 0 1 0 0 2 0 -1
32 s0-cell-torus-walled 7033924489833218903 7297217963045381726 0 14354413852091220867 12747526435267709093 1 0 0 0 0 0 0 0 0 0 0 0 0 0 0 0 0 0 0 0 0 0 0 0 0 0 0 0 0 0 0 0 0 0 0 0 0 0 0 0 0 0 0 0 0 0 0 1 2 0 3 0 0.01 1 1 1 1 0.5 1 6 15.5 15.5 15.5 14 0 0 0 0 4 1.5 0.29999999999999999 1 0 4 0 1 0 0 0 0 1 0 0 2 0 -1
32 s0-cell-triad 10463047384526570161 3440799117750936054 0 14354413852091220867 12747526435267709093 1 0 0 0 0 0 0 0 0 0 0 0 0 0 0 0 0 0 0 0 0 0 0 0 0 0 0 0 0 0 0 0 0 0 0 0 0 0 0 0 0 0 0 0 0 0 0 0 2 0 3 0 0.01 1 1 1 1 0.5 1 6 15.5 15.5 15.5 10.666666666666666 0 0 0 0 4 1.5 0.29999999999999999 1 0 4 0 1 0 0 0 0 1 0 0 2 0 -1
32 s0-cell-torus-membrane 4521614224898605806 12950958115459328438 0 1310809739400187347 12747526435267709093 1 0 0 0 0 0 0 0 0 0 0 0 0 0 0 0 0 0 0 0 0 0 0 0 0 0 0 0 0 0 0 0 0 0 0 0 0 0 0 1 0 0 0 0 0 0 0 0 2 0 3 0 0.01 1 1 1 1 0.5 1 6 15.5 15.5 15.5 11.5 0 0 0 0 4 1.5 0.29999999999999999 1 0 4 0 1 0 0 0 0 1 0 0 2 0 -1
32 s0-cell-torus-membrane-gated 4521614224898605806 12950958115459328438 0 1310809739400187347 12747526435267709093 1 0 0 0 0 0 0 0 0 0 0 0 0 0 0 0 0 0 0 0 0 0 0 0 0 0 0 0 0 0 0 0 0 0 0 0 0 0 0 1 0 0 0 0 0 0 1 0 2 0 3 0 0.01 1 1 1 1 0.5 1 6 15.5 15.5 15.5 11.5 0 0 0 0 4 1.5 0.29999999999999999 1 0 4 0 1 1 29 15.5 15.5 1 0 0 3 1 150
32 s0-cell-membrane-pumped 16871781172914112570 4685550695446585989 0 1310809739400187347 12747526435267709093 1 0 0 0 0 0 0 0 0 0 0 0 0 0 0 0 0 0 0 0 0 0 0 0 0 0 0 0 0 0 0 0 0 0 0 0 0 0 0 1 0 0 0 0 0 1 0 0 2 0 3 0 0.01 1 1 1 1 0.5 1 6 15.5 15.5 15.5 11.5 1 15.5 15.5 15.5 5.4000000000000004 1.3200000000000001 0.29999999999999999 1 0 4 20 1 0 0 0 0 1 0 0 2 0 -1
32 s0-cell-membrane-transfer 11135063449227797214 13942162307631920103 0 2941089279525046691 12747526435267709093 1 0 0 0 0 0 0 0 0 0 0 0 0 0 0 0 0 0 0 0 0 0 0 0 0 0 0 0 0 0 0 0 0 0 0 0 0 0 0 1 0 0 0 0 0 0 1 0 2 0 3 0 0.01 1 1 1 1 0.5 1 6 23.5 15.5 15.5 7 0 0 0 0 4 1.5 0.29999999999999999 1 0 4 0 1 1 15.5 15.5 15.5 1 0 0 3 0 100
32 s0-cell-membrane-pumped-resonant 16871781172914112570 4685550695446585989 0 1310809739400187347 12747526435267709093 1 0 0 0 0 0 0 0 0 0 0 0 0 0 0 0 0 0 0 0 0 0 0 0 0 0 0 0 0 0 0 0 0 0 0 0 0 0 0 1 0 0 0 0 0 1 0 0 2 0 3 0 0.01 1 1 1 1 0.5 1 6 15.5 15.5 15.5 11.5 1 15.5 15.5 15.5 5.4000000000000004 1.3200000000000001 0.29999999999999999 1 0 4 20 8 0 0 0 0 1 0 0 2 0 -1
33 empty 18110031105830707699 2125452427854492201 0 4674155265015130857 12747526435267709093 0 0 0 0 0 0 0 0 0 0 0 0 0 0 0 0 0 0 0 0 0 0 0 0 0 0 0 0 0 0 0 0 0 0 0 0 0 0 0 0 0 0 0 0 0 0 0 0 2 0 3 0 0.01 1 1 1 1 0.5 1 6 0 0 0 0 0 0 0 0 4 1.5 0.29999999999999999 1 0 4 0 1 0 0 0 0 1 0 0 2 0 -1
33 s0-seed-dynamical-flux-dressing 7195043513914955187 17573371304411245137 0 2705197983028240410 12747526435267709093 1 1 0 0 0 0 0 0 0 0 0 0 0 0 0 0 0 0 0 0 0 0 0 0 0 0 0 0 0 0 0 0 0 0 0 0 0 0 0 0 0 0 0 0 0 0 0 0 2 0 3 0 0.01 1 1 1 1 0.5 1 6 0 0 0 0 0 0 0 0 4 1.5 0.29999999999999999 1 0 4 0 1 0 0 0 0 1 0 0 2 0 -1
33 s0-seed-moving-source-reciprocity 7523990317163562958 7898821300043535118 0 5499893538780563234 12747526435267709093 1 1 0 0 0 0 0 1 0 0 1 0 0 0 0 0 0 0 0 0 0 0 0 0 0 1 0 0 0 0 0 0 0 0 0 0 0 0 0 0 0 0 0 1 0 0 0 0 2 0 3 0 0.01 1 1 1 1 0.5 1 6 0 0 0 0 0 0 0 0 4 1.5 0.29999999999999999 1 0 4 0 1 0 0 0 0 1 0 0 2 0 -1
33 flux-pulse 7161538301894895567 10130001244381212143 0 4674155265015130857 12747526435267709093 1 0 0 0 0 0 0 0 0 0 0 0 0 0 0 0 0 0 0 0 0 0 0 0 0 0 0 0 0 0 0 0 0 0 0 0 0 0 0 0 0 0 0 0 0 0 0 0 2 0 3 0 0.01 1 1 1 1 0.5 1 6 0 0 0 0 0 0 0 0 4 1.5 0.29999999999999999 1 0 4 0 1 0 0 0 0 1 0 0 2 0 -1
33 flux-dipole 2454136628632878059 1733907647672808049 0 4674155265015130857 12747526435267709093 1 0 0 0 0 0 0 0 0 0 0 0 0 0 0 0 0 0 0 0 0 0 0 0 0 0 0 0 0 0 0 0 0 0 0 0 0 0 0 0 0 0 0 0 0 0 0 0 2 0 3 0 0.01 1 1 1 1 0.5 1 6 0 0 0 0 0 0 0 0 4 1.5 0.29999999999999999 1 0 4 0 1 0 0 0 0 1 0 0 2 0 -1
33 flux-standing 1323698781372013084 14803285903909220985 0 4674155265015130857 12747526435267709093 1 0 0 0 0 0 0 0 0 0 0 0 0 0 0 0 0 0 0 0 0 0 0 0 0 0 0 0 0 0 0 0 0 0 0 0 0 0 0 0 0 0 0 0 0 0 0 0 2 0 3 0 0.01 1 1 1 1 0.5 1 6 0 0 0 0 0 0 0 0 4 1.5 0.29999999999999999 1 0 4 0 1 0 0 0 0 1 0 0 2 0 -1
33 flux-nested-standing 8315778301736443326 12276718858156003571 0 4674155265015130857 12747526435267709093 1 0 0 0 0 0 0 0 0 0 0 0 0 0 0 0 0 0 0 0 0 0 0 0 0 0 0 0 0 0 0 0 0 0 0 0 0 0 0 0 0 0 0 0 0 0 0 0 2 0 3 0 0.01 1 1 1 1 0.5 1 6 0 0 0 0 0 0 0 0 4 1.5 0.29999999999999999 1 0 4 0 1 0 0 0 0 1 0 0 2 0 -1
33 flux-soliton 2821267051025338321 10603364020499755569 0 4674155265015130857 12747526435267709093 1 0 0 0 0 0 1 0 0 0 0 0 0 0 0 0 0 0 0 0 0 0 0 0 0 0 0 0 0 0 0 0 0 0 0 0 0 0 0 0 0 0 0 0 0 0 0 0 2 0 3 0 0.01 1 1 1 1 0.5 1 6 0 0 0 0 0 0 0 0 4 1.5 0.29999999999999999 1 0 4 0 1 0 0 0 0 1 0 0 2 0 -1
33 flux-interference 17093935557176755566 7004877314784942170 0 4674155265015130857 12747526435267709093 1 0 0 0 0 0 0 0 0 0 0 0 0 0 0 0 0 0 0 0 0 0 0 0 0 0 0 0 0 0 0 0 0 0 0 0 0 0 0 0 0 0 0 0 0 0 0 0 2 0 3 0 0.01 1 1 1 1 0.5 1 6 0 0 0 0 0 0 0 0 4 1.5 0.29999999999999999 1 0 4 0 1 0 0 0 0 1 0 0 2 0 -1
33 flux-vortex 15275653823684456542 2893544820939853680 0 4674155265015130857 12747526435267709093 0 0 0 0 0 0 0 0 0 0 0 0 0 0 0 0 0 0 0 0 0 0 0 0 0 0 0 0 0 0 0 0 0 0 0 0 0 0 0 0 0 0 0 0 0 0 0 0 2 0 3 0 0.01 1 1 1 1 0.5 1 6 0 0 0 0 0 0 0 0 4 1.5 0.29999999999999999 1 0 4 0 1 0 0 0 0 1 0 0 2 0 -1
33 flux-dual-substrate 12759178738642300908 13106291479827962908 0 4674155265015130857 12747526435267709093 1 0 0 0 0 0 0 0 0 0 0 0 0 0 0 0 0 0 0 0 0 0 0 0 0 0 0 0 0 0 0 0 0 0 0 0 0 0 0 0 0 0 0 0 0 0 0 0 2 0 3 0 0.01 1 1 1 1 0.5 1 6 0 0 0 0 0 0 0 0 4 1.5 0.29999999999999999 1 0 4 0 1 0 0 0 0 1 0 0 2 0 -1
33 flux-cascade 14089187030093320271 15836497995983586435 0 4674155265015130857 12747526435267709093 0 0 0 1 0 0 0 0 0 0 0 0 0 0 0 0 0 0 0 0 0 0 0 0 0 0 0 0 0 0 0 0 0 0 0 0 0 0 0 0 0 0 0 0 0 0 0 0 2 0 3 0 0.01 1 1 1 1 0.5 1 6 0 0 0 0 0 0 0 0 4 1.5 0.29999999999999999 1 0 4 0 1 0 0 0 0 1 0 0 2 0 -1
33 flux-random-genesis 1256838870508704898 492211156405181734 0 4674155265015130857 12747526435267709093 0 0 0 1 0 0 0 0 0 0 0 0 0 0 0 0 0 0 0 0 0 0 0 0 0 0 0 0 0 0 0 0 0 0 0 0 0 0 0 0 0 0 0 0 0 0 0 0 2 0 3 0 0.01 1 1 1 1 0.5 1 6 0 0 0 0 0 0 0 0 4 1.5 0.29999999999999999 1 0 4 0 1 0 0 0 0 1 0 0 2 0 -1
33 flux-genesis-between-gates 4324759586118011919 2035044127969524651 0 4674155265015130857 12747526435267709093 0 0 0 1 0 0 0 0 0 0 0 0 0 0 0 0 0 0 0 0 0 0 0 0 0 0 0 0 0 0 0 0 0 0 0 0 0 0 0 0 0 0 0 0 0 0 0 0 2 0 3 0 0.01 1 1 1 1 0.5 1 6 0 0 0 0 0 0 0 0 4 1.5 0.29999999999999999 1 0 4 0 1 0 0 0 0 1 0 0 2 0 -1
33 s0-seed-ew-phase-transition 18110031105830707699 2125452427854492201 0 4674155265015130857 12747526435267709093 1 0 0 1 0 0 1 0 0 0 0 0 0 0 0 0 0 0 0 0 0 0 0 0 0 0 0 0 0 0 0 0 0 0 0 0 0 0 0 0 0 0 0 0 1 0 0 0 2 0 3 0 0.01 1 1 1 1 0.5 1 6 0 0 0 0 0 0 0 0 4 1.5 0.29999999999999999 1 0 4 0 1 0 0 0 0 1 0 0 2 0 -1
33 flux-pair-production 13911081235485541588 9760774876833606932 0 4674155265015130857 12747526435267709093 0 0 0 0 0 0 0 0 0 0 0 0 0 0 0 0 0 0 0 0 1 0 0 0 0 0 0 0 0 0 0 0 0 0 0 0 0 0 0 0 0 0 0 0 0 0 0 0 2 0 3 0 0.01 1 1 1 1 0.5 1 6 0 0 0 0 0 0 0 0 4 1.5 0.29999999999999999 1 0 4 0 1 0 0 0 0 1 0 0 2 0 -1
33 flux-annihilation 17405987704899143503 8359390386059217091 0 9554754650876867876 12747526435267709093 0 0 0 0 0 0 0 0 0 0 1 0 0 0 0 0 0 0 0 0 0 0 0 0 0 0 0 0 0 0 0 0 0 0 0 0 0 0 0 0 0 0 0 0 0 0 0 0 2 0 3 0 0.01 1 1 1 1 0.5 1 6 0 0 0 0 0 0 0 0 4 1.5 0.29999999999999999 1 0 4 0 1 0 0 0 0 1 0 0 2 0 -1
33 flux-vacuum-foam 11271188519174926038 4673955417653042952 0 4674155265015130857 12747526435267709093 1 0 0 0 0 0 0 0 0 0 0 0 0 0 0 0 0 0 0 0 0 0 0 0 0 0 0 0 0 0 0 0 0 0 0 0 0 0 0 0 0 0 0 0 0 0 0 0 2 0 3 0 0.01 1 1 1 1 0.5 1 6 0 0 0 0 0 0 0 0 4 1.5 0.29999999999999999 1 0 4 0 1 0 0 0 0 1 0 0 2 0 -1
33 flux-meson 10285897520185078842 17910459257015281842 0 15633803502962102560 12747526435267709093 0 0 0 0 0 0 0 0 0 0 1 0 0 0 0 0 0 0 0 0 0 0 0 0 0 0 0 0 0 0 0 0 0 0 0 0 0 0 0 0 0 0 0 0 0 0 0 0 2 0 3 0 0.01 1 1 1 1 0.5 1 6 0 0 0 0 0 0 0 0 4 1.5 0.29999999999999999 1 0 4 0 1 0 0 0 0 1 0 0 2 0 -1
33 flux-string-breaking 9696371007441445070 2383667911121505198 0 1217411297830498696 12747526435267709093 0 0 0 0 0 0 0 0 0 0 1 0 0 0 0 0 0 0 0 0 0 0 0 0 0 0 0 0 0 0 0 0 0 0 0 0 0 0 0 0 0 0 0 0 0 0 0 0 2 0 3 0 0.01 1 1 1 1 0.5 1 6 0 0 0 0 0 0 0 0 4 1.5 0.29999999999999999 1 0 4 0 1 0 0 0 0 1 0 0 2 0 -1
33 flux-baryon 5677577679678825780 2804479539029449171 0 17823439486547994869 12747526435267709093 0 0 0 0 0 0 0 0 0 0 1 0 0 0 0 0 0 0 0 0 0 0 0 0 0 0 0 0 0 0 0 0 0 0 0 0 0 0 0 0 0 0 0 0 0 0 0 0 2 0 3 0 0.01 1 1 1 1 0.5 1 6 0 0 0 0 0 0 0 0 4 1.5 0.29999999999999999 1 0 4 0 1 0 0 0 0 1 0 0 2 0 -1
33 flux-cyclotron 4942386653150435195 17199128932296110792 0 2705197983028240410 12747526435267709093 0 0 0 0 0 0 0 1 0 1 1 1 0 0 0 0 0 0 0 0 0 0 0 0 0 0 0 0 0 0 0 0 0 0 0 0 0 0 0 0 0 0 0 0 0 0 0 0 2 0 3 0 0.01 1 1 1 1 0.5 1 6 0 0 0 0 0 0 0 0 4 1.5 0.29999999999999999 1 0 4 0 1 0 0 0 0 1 0 0 2 0 -1
33 flux-screening 153897257542091652 9191586791700235209 0 1011418723763286169 12747526435267709093 0 0 0 0 0 0 0 0 0 0 0 0 0 0 0 0 0 0 0 0 0 0 0 0 0 0 0 0 0 0 0 0 0 0 0 0 0 0 0 0 0 0 0 0 0 0 0 0 2 0 3 0 0.01 1 1 1 1 0.5 1 6 0 0 0 0 0 0 0 0 4 1.5 0.29999999999999999 1 0 4 0 1 0 0 0 0 1 0 0 2 0 -1
33 flux-thermalization 2381575506991429160 8718542839849073325 0 4674155265015130857 12747526435267709093 1 0 0 0 0 0 0 0 0 0 0 0 0 0 0 0 0 0 0 0 0 0 0 0 0 0 0 0 0 0 0 0 0 0 0 0 0 0 0 0 0 0 0 0 0 0 0 0 2 0 3 0 0.01 1 1 1 1 0.5 1 6 0 0 0 0 0 0 0 0 4 1.5 0.29999999999999999 1 0 4 0 1 0 0 0 0 1 0 0 2 0 -1
33 flux-triad 14686320841012448613 11112431605038898172 0 5021774185525143585 12747526435267709093 0 0 0 0 0 0 0 0 0 0 0 0 0 0 0 0 0 0 0 0 0 0 0 0 0 0 0 0 0 0 0 0 0 0 0 0 0 0 0 0 0 0 0 0 0 0 0 0 2 0 3 0 0.01 1 1 1 1 0.5 1 6 0 0 0 0 0 0 0 0 4 1.5 0.29999999999999999 1 0 4 0 1 0 0 0 0 1 0 0 2 0 -1
33 flux-zero-point 1732186124884991817 5492151641988363477 0 4674155265015130857 12747526435267709093 1 0 0 0 0 0 0 0 0 0 0 0 0 0 0 0 0 0 0 0 0 0 0 0 0 0 0 0 0 0 0 0 0 0 0 0 0 0 0 0 0 0 0 0 0 0 0 0 2 0 3 0 0.01 1 1 1 1 0.5 1 6 0 0 0 0 0 0 0 0 4 1.5 0.29999999999999999 1 0 4 0 1 0 0 0 0 1 0 0 2 0 -1
33 light-rainbow 772637507952322726 3075673386801043366 0 4674155265015130857 12747526435267709093 1 0 0 0 0 0 1 0 0 0 0 0 0 0 0 0 0 0 0 0 0 0 0 0 0 0 0 0 0 0 0 0 0 0 0 0 0 0 0 0 0 0 0 0 0 0 0 0 2 0 3 0 0.01 1 1 1 1 0.5 1 6 0 0 0 0 0 0 0 0 4 1.5 0.29999999999999999 1 0 4 0 1 0 0 0 0 1 0 0 2 0 -1
33 light-dipole 17209111380795054942 3773343820039802531 0 4674155265015130857 12747526435267709093 1 0 0 0 0 0 1 0 0 0 0 0 0 0 0 0 0 0 0 0 0 0 0 0 0 0 0 0 0 0 0 0 0 0 0 0 0 0 0 0 0 0 0 0 0 0 0 0 2 0 3 0 0.01 1 1 1 1 0.5 1 6 0 0 0 0 0 0 0 0 4 1.5 0.29999999999999999 1 0 4 0 1 0 0 0 0 1 0 0 2 0 -1
33 light-two-slit 7678858645796980294 17327881649951220320 0 4674155265015130857 12747526435267709093 1 0 0 0 0 0 1 0 0 0 0 0 0 0 0 0 0 0 0 0 0 0 0 0 0 0 0 0 0 0 0 0 0 0 0 0 0 0 0 0 0 0 0 0 0 0 0 0 2 0 3 0 0.01 1 1 1 1 0.5 1 6 0 0 0 0 0 0 0 0 4 1.5 0.29999999999999999 1 0 4 0 1 0 0 0 0 1 0 0 2 0 -1
33 light-photon-race 17659565701754336660 3926797778031905882 0 4674155265015130857 12747526435267709093 1 0 0 0 0 0 1 0 0 0 0 0 0 0 0 0 0 0 0 0 0 0 0 0 0 0 0 0 0 0 0 0 0 0 0 0 0 0 0 0 0 0 0 0 0 0 0 0 2 0 3 0 0.01 1 1 1 1 0.5 1 6 0 0 0 0 0 0 0 0 4 1.5 0.29999999999999999 1 0 4 0 1 0 0 0 0 1 0 0 2 0 -1
33 quantum-born-rule 7882004777074316727 2576066648627646544 0 4674155265015130857 12747526435267709093 0 0 0 1 0 0 0 0 0 0 0 0 0 0 0 0 0 0 0 0 0 0 0 0 0 0 0 0 0 0 0 0 0 0 0 0 0 0 0 0 0 0 0 0 0 0 0 0 2 0 3 0 0.01 1 1 1 1 0.5 1 6 0 0 0 0 0 0 0 0 4 1.5 0.29999999999999999 1 0 4 0 1 0 0 0 0 1 0 0 2 0 -1
33 quantum-double-slit 3422488221656211148 1570498697107696320 0 4674155265015130857 12747526435267709093 1 0 0 0 0 0 1 0 0 0 0 0 0 0 0 0 0 0 0 0 0 0 0 0 0 0 0 0 0 0 0 0 0 0 0 0 0 0 0 0 0 0 0 0 0 0 0 0 2 0 3 0 0.01 1 1 1 1 0.5 1 6 0 0 0 0 0 0 0 0 4 1.5 0.29999999999999999 1 0 4 0 1 0 0 0 0 1 0 0 2 0 -1
33 quantum-eraser 11988237683652518407 5508763881922557117 0 8815505210032785530 12747526435267709093 1 1 0 0 0 0 1 0 0 0 0 0 0 0 0 0 0 0 0 0 0 0 0 0 0 0 0 0 0 0 0 0 0 0 0 0 0 0 0 0 0 0 0 0 0 0 0 0 2 0 3 0 0.01 1 1 1 1 0.5 1 6 0 0 0 0 0 0 0 0 4 1.5 0.29999999999999999 1 0 4 0 1 0 0 0 0 1 0 0 2 0 -1
33 quantum-tunnel 1296868958719083183 6987447656227531437 0 18129506938460592617 12747526435267709093 1 1 0 0 0 0 1 0 0 0 0 0 0 0 0 0 0 0 0 0 0 0 0 0 0 0 0 0 0 0 0 0 0 0 0 0 0 0 0 0 0 0 0 0 0 0 0 0 2 0 3 0 0.01 1 1 1 1 0.5 1 6 0 0 0 0 0 0 0 0 4 1.5 0.29999999999999999 1 0 4 0 1 0 0 0 0 1 0 0 2 0 -1
33 quantum-well 12166899727512107368 7548450188577736262 0 16485742488398896256 12747526435267709093 1 0 0 0 0 0 0 0 0 0 0 0 0 0 0 0 0 0 0 0 0 0 0 0 0 0 0 0 0 0 0 0 0 0 0 0 0 0 0 0 0 0 0 0 0 0 0 0 2 0 3 0 0.01 1 1 1 1 0.5 1 6 0 0 0 0 0 0 0 0 4 1.5 0.29999999999999999 1 0 4 0 1 0 0 0 0 1 0 0 2 0 -1
33 quantum-entangle 12186403729996803386 4714418336179040693 0 18128275506691600452 12747526435267709093 0 0 0 0 0 0 0 0 0 0 0 0 0 0 0 0 0 0 0 0 0 0 0 0 0 0 0 0 0 0 0 0 0 0 0 0 0 0 0 0 0 0 0 0 0 0 0 0 2 0 3 0 0.01 1 1 1 1 0.5 1 6 0 0 0 0 0 0 0 0 4 1.5 0.29999999999999999 1 0 4 0 1 0 0 0 0 1 0 0 2 0 -1
33 quantum-aharonov-bohm 11054457712415720359 6275805407937516555 0 4674155265015130857 12747526435267709093 1 0 0 0 0 0 1 0 0 0 0 0 0 0 0 0 0 0 0 0 0 0 0 0 0 0 0 0 0 0 0 0 0 0 0 0 0 0 0 0 0 0 0 0 0 0 0 0 2 0 3 0 0.01 1 1 1 1 0.5 1 6 0 0 0 0 0 0 0 0 4 1.5 0.29999999999999999 1 0 4 0 1 0 0 0 0 1 0 0 2 0 -1
33 quantum-casimir 10640437835563823932 2039140076605142776 0 4334010383780410888 12747526435267709093 1 0 0 0 0 0 0 0 0 0 0 0 0 0 0 0 0 0 0 0 0 0 0 0 0 0 0 0 0 0 0 0 0 0 0 0 0 0 0 0 0 0 0 0 0 0 0 0 2 0 3 0 0.01 1 1 1 1 0.5 1 6 0 0 0 0 0 0 0 0 4 1.5 0.29999999999999999 1 0 4 0 1 0 0 0 0 1 0 0 2 0 -1
33 quantum-zeno 15870112459688011130 5515055985178806335 0 4674155265015130857 12747526435267709093 0 0 0 1 0 0 0 0 0 0 0 0 0 0 0 0 0 0 0 0 0 0 0 0 0 0 0 0 0 0 0 0 0 0 0 0 0 0 0 0 0 0 0 0 0 0 0 0 2 0 3 0 0.01 1 1 1 1 0.5 1 6 0 0 0 0 0 0 0 0 4 1.5 0.29999999999999999 1 0 4 0 1 0 0 0 0 1 0 0 2 0 -1
33 s0-seed-up-quark 8246436278411352033 18303361323763818607 0 2705197983028240410 12747526435267709093 1 0 0 0 0 0 0 0 0 0 0 0 0 0 0 0 0 0 0 0 0 0 0 0 0 0 0 0 0 0 0 0 0 0 0 0 0 0 0 0 0 0 0 0 0 0 0 0 2 0 3 0 0.01 1 1 1 1 0.5 1 6 0 0 0 0 0 0 0 0 4 1.5 0.29999999999999999 1 0 4 0 1 0 0 0 0 1 0 0 2 0 -1
33 s0-seed-down-quark 7972656594026002358 7897028045656156288 0 2705197983028240410 12747526435267709093 1 0 0 0 0 0 0 0 0 0 0 0 0 0 0 0 0 0 0 0 0 0 0 0 0 0 0 0 0 0 0 0 0 0 0 0 0 0 0 0 0 0 0 0 0 0 0 0 2 0 3 0 0.01 1 1 1 1 0.5 1 6 0 0 0 0 0 0 0 0 4 1.5 0.29999999999999999 1 0 4 0 1 0 0 0 0 1 0 0 2 0 -1
33 s0-seed-strange-quark 3899783047083998521 17117137666933258262 0 2705197983028240410 12747526435267709093 1 0 0 0 0 0 0 0 0 0 0 0 0 0 0 0 0 0 0 0 0 0 0 0 0 0 0 0 0 0 0 0 0 0 0 0 0 0 0 0 0 0 0 0 0 0 0 0 2 0 3 0 0.01 1 1 1 1 0.5 1 6 0 0 0 0 0 0 0 0 4 1.5 0.29999999999999999 1 0 4 0 1 0 0 0 0 1 0 0 2 0 -1
33 s0-seed-charm-quark 5446890366464422338 15719231216636930368 0 2705197983028240410 12747526435267709093 1 0 0 0 0 0 0 0 0 0 0 0 0 0 0 0 0 0 0 0 0 0 0 0 0 0 0 0 0 0 0 0 0 0 0 0 0 0 0 0 0 0 0 0 0 0 0 0 2 0 3 0 0.01 1 1 1 1 0.5 1 6 0 0 0 0 0 0 0 0 4 1.5 0.29999999999999999 1 0 4 0 1 0 0 0 0 1 0 0 2 0 -1
33 s0-seed-bottom-quark 15533985442762268516 11681399076625571348 0 2705197983028240410 12747526435267709093 1 0 0 0 0 0 0 0 0 0 0 0 0 0 0 0 0 0 0 0 0 0 0 0 0 0 0 0 0 0 0 0 0 0 0 0 0 0 0 0 0 0 0 0 0 0 0 0 2 0 3 0 0.01 1 1 1 1 0.5 1 6 0 0 0 0 0 0 0 0 4 1.5 0.29999999999999999 1 0 4 0 1 0 0 0 0 1 0 0 2 0 -1
33 s0-seed-top-quark 15428202640364511017 16707420982118843773 0 2705197983028240410 12747526435267709093 1 0 0 0 0 0 0 0 0 0 0 0 0 0 0 0 0 0 0 0 0 0 0 0 0 0 0 0 0 0 0 0 0 0 0 0 0 0 0 0 0 0 0 0 0 0 0 0 2 0 3 0 0.01 1 1 1 1 0.5 1 6 0 0 0 0 0 0 0 0 4 1.5 0.29999999999999999 1 0 4 0 1 0 0 0 0 1 0 0 2 0 -1
33 s0-seed-anti-up-quark 9462551140399296172 8559315555001396143 0 2705197983028240410 12747526435267709093 1 0 0 0 0 0 0 0 0 0 0 0 0 0 0 0 0 0 0 0 0 0 0 0 0 0 0 0 0 0 0 0 0 0 0 0 0 0 0 0 0 0 0 0 0 0 0 0 2 0 3 0 0.01 1 1 1 1 0.5 1 6 0 0 0 0 0 0 0 0 4 1.5 0.29999999999999999 1 0 4 0 1 0 0 0 0 1 0 0 2 0 -1
33 s0-seed-anti-down-quark 18191791378027163980 1558487485938656815 0 2705197983028240410 12747526435267709093 1 0 0 0 0 0 0 0 0 0 0 0 0 0 0 0 0 0 0 0 0 0 0 0 0 0 0 0 0 0 0 0 0 0 0 0 0 0 0 0 0 0 0 0 0 0 0 0 2 0 3 0 0.01 1 1 1 1 0.5 1 6 0 0 0 0 0 0 0 0 4 1.5 0.29999999999999999 1 0 4 0 1 0 0 0 0 1 0 0 2 0 -1
33 s0-seed-anti-strange-quark 15338812812565109755 16121853265488616590 0 2705197983028240410 12747526435267709093 1 0 0 0 0 0 0 0 0 0 0 0 0 0 0 0 0 0 0 0 0 0 0 0 0 0 0 0 0 0 0 0 0 0 0 0 0 0 0 0 0 0 0 0 0 0 0 0 2 0 3 0 0.01 1 1 1 1 0.5 1 6 0 0 0 0 0 0 0 0 4 1.5 0.29999999999999999 1 0 4 0 1 0 0 0 0 1 0 0 2 0 -1
33 s0-seed-anti-charm-quark 8880290923819496834 6930808863397640053 0 2705197983028240410 12747526435267709093 1 0 0 0 0 0 0 0 0 0 0 0 0 0 0 0 0 0 0 0 0 0 0 0 0 0 0 0 0 0 0 0 0 0 0 0 0 0 0 0 0 0 0 0 0 0 0 0 2 0 3 0 0.01 1 1 1 1 0.5 1 6 0 0 0 0 0 0 0 0 4 1.5 0.29999999999999999 1 0 4 0 1 0 0 0 0 1 0 0 2 0 -1
33 s0-seed-anti-bottom-quark 11887338158659250018 4513399778950941822 0 2705197983028240410 12747526435267709093 1 0 0 0 0 0 0 0 0 0 0 0 0 0 0 0 0 0 0 0 0 0 0 0 0 0 0 0 0 0 0 0 0 0 0 0 0 0 0 0 0 0 0 0 0 0 0 0 2 0 3 0 0.01 1 1 1 1 0.5 1 6 0 0 0 0 0 0 0 0 4 1.5 0.29999999999999999 1 0 4 0 1 0 0 0 0 1 0 0 2 0 -1
33 s0-seed-anti-top-quark 11721944622862110002 7844641876202392875 0 2705197983028240410 12747526435267709093 1 0 0 0 0 0 0 0 0 0 0 0 0 0 0 0 0 0 0 0 0 0 0 0 0 0 0 0 0 0 0 0 0 0 0 0 0 0 0 0 0 0 0 0 0 0 0 0 2 0 3 0 0.01 1 1 1 1 0.5 1 6 0 0 0 0 0 0 0 0 4 1.5 0.29999999999999999 1 0 4 0 1 0 0 0 0 1 0 0 2 0 -1
33 s0-seed-higgs-field 11829587297622361835 5715022485936061452 0 4674155265015130857 12747526435267709093 1 0 0 0 0 0 0 0 0 0 0 0 0 0 0 0 0 0 0 0 0 0 0 0 0 0 0 0 0 0 0 0 0 0 0 0 0 0 0 0 0 0 0 0 0 0 0 0 2 0 3 0 0.01 1 1 1 1 0.5 1 6 0 0 0 0 0 0 0 0 4 1.5 0.29999999999999999 1 0 4 0 1 0 0 0 0 1 0 0 2 0 -1
33 s0-seed-gluon 366961859406819439 1424992930898510696 0 4674155265015130857 12747526435267709093 1 0 0 0 0 0 0 0 0 0 0 0 0 0 0 0 0 0 0 0 0 0 0 0 0 0 0 0 0 0 0 0 0 0 0 0 0 0 0 0 0 0 0 0 0 0 0 0 2 0 3 0 0.01 1 1 1 1 0.5 1 6 0 0 0 0 0 0 0 0 4 1.5 0.29999999999999999 1 0 4 0 1 0 0 0 0 1 0 0 2 0 -1
33 s0-seed-beta-decay 9905488178820592069 15517034158190555353 0 6884695739083682109 12747526435267709093 0 0 1 0 0 0 0 0 0 0 0 0 0 0 1 0 0 1 0 0 0 0 0 0 0 0 0 0 0 0 0 0 0 0 0 0 0 0 0 0 0 0 0 0 0 0 0 0 2 0 3 0 0.01 1 1 1 1 0.5 1 6 0 0 0 0 0 0 0 0 4 1.5 0.29999999999999999 1 0 4 0 1 0 0 0 0 1 0 0 2 0 -1
33 s0-seed-ee-annihilation 10620039733978796256 16970671939187658152 0 8336103229671679928 12747526435267709093 0 0 0 0 0 0 0 0 0 0 1 0 0 0 0 0 0 0 0 0 0 0 0 0 0 0 0 0 0 0 0 0 0 0 0 0 0 0 0 0 0 0 0 0 0 0 0 0 2 0 3 0 0.01 1 1 1 1 0.5 1 6 0 0 0 0 0 0 0 0 4 1.5 0.29999999999999999 1 0 4 0 1 0 0 0 0 1 0 0 2 0 -1
33 s0-seed-quark-gluon-plasma 559227908598472000 10268025492334306919 0 17648340854236876713 12747526435267709093 1 0 0 0 0 0 1 0 0 0 1 0 0 0 0 0 0 0 0 0 0 0 0 0 0 0 1 0 0 0 0 0 0 0 0 0 0 0 0 0 0 0 0 0 0 0 0 0 2 0 3 0.02 0.050000000000000003 1 1 1 1 0.5 1 6 0 0 0 0 0 0 0 0 4 1.5 0.29999999999999999 1 0 4 0 1 0 0 0 0 1 0 0 2 0 -1
33 s0-seed-hydrogen 9785410421387996980 6853067034150327943 0 15184702109631389837 12747526435267709093 1 1 1 0 0 0 1 1 0 0 1 0 0 0 0 0 0 0 0 0 0 0 0 0 0 0 0 0 0 0 0 0 0 0 0 0 0 0 0 0 0 0 0 0 0 0 0 0 2 0 3 0 0.01 1 1 1 1 0.5 1 6 0 0 0 0 0 0 0 0 4 1.5 0.29999999999999999 1 0 4 0 1 0 0 0 0 1 0 0 2 0 -1
33 s0-seed-helium 11937213286387128744 7394218966770101382 0 10985432603359073744 12747526435267709093 1 1 1 0 0 0 1 1 0 0 1 0 0 0 0 0 0 0 0 0 0 0 0 0 0 0 0 0 0 0 0 0 0 0 0 0 0 0 0 0 0 0 0 0 0 0 0 0 2 0 3 0 0.01 1 1 1 1 0.5 1 6 0 0 0 0 0 0 0 0 4 1.5 0.29999999999999999 1 0 4 0 1 0 0 0 0 1 0 0 2 0 -1
33 s0-seed-h2-bond-formation 17747795280035571013 4575211561437411871 0 8779428178781578285 12747526435267709093 1 1 1 0 0 0 1 1 0 0 1 0 0 0 0 0 0 0 0 0 0 0 0 0 0 0 0 0 0 0 0 0 0 0 0 0 0 0 0 0 0 0 0 0 0 0 0 0 2 0 3 0 0.01 1 1 1 1 0.5 1 6 0 0 0 0 0 0 0 0 4 1.5 0.29999999999999999 1 0 4 0 1 0 0 0 0 1 0 0 2 0 -1
33 s0-seed-spark-of-life 5227976476925262619 18174683303791965180 0 4262447059784841897 12747526435267709093 1 1 1 1 0 0 1 1 0 0 1 0 0 0 0 0 0 0 0 0 0 0 0 0 0 0 0 0 0 0 0 0 0 0 0 0 0 0 0 0 0 0 0 0 0 0 0 0 2 0 3 0 0.01 1 1 1 1 0.5 1 6 0 0 0 0 0 0 0 0 4 1.5 0.29999999999999999 1 0 4 0 1 0 0 0 0 1 0 0 2 0 -1
33 s0-seed-wilson-loop 14001496212197694833 16293590873745642707 0 4674155265015130857 12747526435267709093 0 0 0 0 0 0 0 0 0 0 0 0 0 0 0 0 0 0 0 0 0 0 0 0 0 0 0 0 0 0 0 0 0 0 0 0 0 0 0 0 0 0 0 0 0 0 0 0 2 0 3 0 0.01 1 1 1 1 0.5 1 6 0 0 0 0 0 0 0 0 4 1.5 0.29999999999999999 1 0 4 0 1 0 0 0 0 1 0 0 2 0 -1
33 s0-seed-flux-tube 8297564908904313565 9805090957337319455 0 15633803502962102560 12747526435267709093 0 0 0 0 0 0 0 0 0 0 0 0 0 0 0 0 0 0 0 0 0 0 0 0 0 0 0 0 0 0 0 0 0 0 0 0 0 0 0 0 0 0 0 0 0 0 0 0 2 0 3 0 0.01 1 1 1 1 0.5 1 6 0 0 0 0 0 0 0 0 4 1.5 0.29999999999999999 1 0 4 0 1 0 0 0 0 1 0 0 2 0 -1
33 s0-seed-monopole 699002365352510000 15305378666243432217 0 4674155265015130857 12747526435267709093 0 0 0 0 0 0 0 0 0 0 0 0 0 0 0 0 0 0 0 0 0 0 0 0 0 0 0 0 0 0 0 0 0 0 0 0 0 0 0 0 0 0 0 0 0 0 0 0 2 0 3 0 0.01 1 1 1 1 0.5 1 6 0 0 0 0 0 0 0 0 4 1.5 0.29999999999999999 1 0 4 0 1 0 0 0 0 1 0 0 2 0 -1
33 s0-seed-instanton 17832785890309441941 1576404411446228232 0 4674155265015130857 12747526435267709093 0 0 0 0 0 0 0 0 0 0 0 0 0 0 0 0 0 0 0 0 0 0 0 0 0 0 0 0 0 0 0 0 0 0 0 0 0 0 0 0 0 0 0 0 0 0 0 0 2 0 3 0 0.01 1 1 1 1 0.5 1 6 0 0 0 0 0 0 0 0 4 1.5 0.29999999999999999 1 0 4 0 1 0 0 0 0 1 0 0 2 0 -1
33 s0-seed-schwarzschild 14901786195485836976 16680213335406455507 0 2705197983028240410 12747526435267709093 0 0 0 0 0 0 0 0 0 0 0 0 0 0 0 0 0 0 0 0 0 0 0 0 0 0 0 0 0 0 0 0 0 0 0 0 0 0 0 0 0 0 0 0 0 0 0 0 2 0 3 0 0.01 1 1 1 1 0.5 1 6 0 0 0 0 0 0 0 0 4 1.5 0.29999999999999999 1 0 4 0 1 0 0 0 0 1 0 0 2 0 -1
33 s0-seed-gravitational-lensing 10387376299095405980 11378636499075145380 0 2705197983028240410 12747526435267709093 1 0 0 0 0 0 0 0 0 0 0 0 0 0 0 0 0 0 0 0 0 0 0 0 0 0 0 0 0 0 0 0 0 0 0 0 0 0 0 0 0 0 0 0 0 0 0 0 2 0 3 0 0.01 1 1 1 1 0.5 1 6 0 0 0 0 0 0 0 0 4 1.5 0.29999999999999999 1 0 4 0 1 0 0 0 0 1 0 0 2 0 -1
33 s0-seed-gravitational-wave 5429958541114480477 2678797466308795556 0 4674155265015130857 12747526435267709093 1 0 0 0 0 0 0 0 0 0 0 0 0 0 0 0 0 0 0 0 0 0 0 0 0 0 0 0 0 0 0 0 0 0 0 0 0 0 0 0 0 0 0 0 0 0 0 0 2 0 3 0 0.01 1 1 1 1 0.5 1 6 0 0 0 0 0 0 0 0 4 1.5 0.29999999999999999 1 0 4 0 1 0 0 0 0 1 0 0 2 0 -1
33 s0-seed-massive-body 16736818894952874868 17449495657376746578 0 14596760277471867186 12747526435267709093 0 0 0 0 0 0 0 0 1 0 0 0 0 0 0 0 0 0 0 0 0 0 1 0 0 0 0 0 0 0 0 0 0 0 0 0 0 0 0 0 0 0 0 0 0 0 0 0 2 0 3 0 0.01 1 1 1 1 0.5 1 6 0 0 0 0 0 0 0 0 4 1.5 0.29999999999999999 1 0 4 0 1 0 0 0 0 1 0 0 2 0 -1
33 s0-seed-time-gravity-well 5429958541114480477 2678797466308795556 0 4674155265015130857 12747526435267709093 1 0 0 0 0 0 0 0 0 0 0 0 0 0 0 0 0 0 0 0 0 0 0 0 0 0 0 0 0 0 0 0 0 0 0 0 0 0 0 0 0 0 0 0 0 0 0 0 2 0 3 0 0.01 1 1 1 1 0.5 1 6 0 0 0 0 0 0 0 0 4 1.5 0.29999999999999999 1 0 4 0 1 0 0 0 0 1 0 0 2 0 -1
33 s0-seed-time-twin-clocks 5429958541114480477 2678797466308795556 0 4674155265015130857 12747526435267709093 1 0 0 0 0 0 0 0 0 0 0 0 0 0 0 0 0 0 0 0 0 0 0 0 0 0 0 0 0 0 0 0 0 0 0 0 0 0 0 0 0 0 0 0 0 0 0 0 2 0 3 0 0.01 1 1 1 1 0.5 1 6 0 0 0 0 0 0 0 0 4 1.5 0.29999999999999999 1 0 4 0 1 0 0 0 0 1 0 0 2 0 -1
33 s0-seed-time-horizon 14901786195485836976 16680213335406455507 0 2705197983028240410 12747526435267709093 0 0 0 0 0 0 0 0 0 0 0 0 0 0 0 0 0 0 0 0 0 0 0 0 0 0 0 0 0 0 0 0 0 0 0 0 0 0 0 0 0 0 0 0 0 0 0 0 2 0 3 0 0.01 1 1 1 1 0.5 1 6 0 0 0 0 0 0 0 0 4 1.5 0.29999999999999999 1 0 4 0 1 0 0 0 0 1 0 0 2 0 -1
33 s0-seed-sloop 5673697702761729867 7925959038519996765 0 4255823357016998353 12747526435267709093 0 0 0 0 0 0 0 0 0 0 0 0 0 0 0 0 0 0 0 0 0 0 0 0 0 0 0 0 0 0 0 0 0 0 0 0 0 0 0 0 0 0 0 0 0 0 0 0 2 0 3 0 0.01 1 1 1 1 0.5 1 6 0 0 0 0 0 0 0 0 4 1.5 0.29999999999999999 1 0 4 0 1 0 0 0 0 1 0 0 2 0 -1
33 s0-seed-observer-cell 11579786328344554339 9013396080798158418 0 8220677393803122257 12747526435267709093 0 0 0 0 0 0 0 0 0 0 0 0 0 0 0 0 0 0 0 0 0 0 0 0 0 0 0 0 0 0 0 0 0 0 0 0 0 0 0 0 0 0 0 0 0 0 0 0 2 0 3 0 0.01 1 1 1 1 0.5 1 6 0 0 0 0 0 0 0 0 4 1.5 0.29999999999999999 1 0 4 0 1 0 0 0 0 1 0 0 2 0 -1
33 s0-field-plane-wave 12296745021487047180 16746631836731513083 0 4674155265015130857 12747526435267709093 1 0 0 0 0 0 0 0 0 0 0 0 0 0 0 0 0 0 0 0 0 0 0 0 0 0 0 0 0 0 0 0 0 0 0 0 0 0 0 0 0 0 0 0 0 0 0 0 2 0 3 0 0.01 1 1 1 1 0.5 1 6 0 0 0 0 0 0 0 0 4 1.5 0.29999999999999999 1 0 4 0 1 0 0 0 0 1 0 0 2 0 -1
33 s0-field-standing-wave 9673274890257999645 15607995571013106565 0 4674155265015130857 12747526435267709093 1 0 0 0 0 0 0 0 0 0 0 0 0 0 0 0 0 0 0 0 0 0 0 0 0 0 0 0 0 0 0 0 0 0 0 0 0 0 0 0 0 0 0 0 0 0 0 0 2 0 3 0 0.01 1 1 1 1 0.5 1 6 0 0 0 0 0 0 0 0 4 1.5 0.29999999999999999 1 0 4 0 1 0 0 0 0 1 0 0 2 0 -1
33 s0-field-uniform-e 8549620186258333904 102545427301643218 0 4674155265015130857 12747526435267709093 0 0 0 0 0 0 0 0 0 0 0 0 0 0 0 0 0 0 0 0 0 0 0 0 0 0 0 0 0 0 0 0 0 0 0 0 0 0 0 0 0 0 0 0 0 0 0 0 2 0 3 0 0.01 1 1 1 1 0.5 1 6 0 0 0 0 0 0 0 0 4 1.5 0.29999999999999999 1 0 4 0 1 0 0 0 0 1 0 0 2 0 -1
33 s0-field-uniform-b 463998688833952219 365339210675937890 0 4674155265015130857 12747526435267709093 0 0 0 0 0 0 0 0 0 0 0 0 0 0 0 0 0 0 0 0 0 0 0 0 0 0 0 0 0 0 0 0 0 0 0 0 0 0 0 0 0 0 0 0 0 0 0 0 2 0 3 0 0.01 1 1 1 1 0.5 1 6 0 0 0 0 0 0 0 0 4 1.5 0.29999999999999999 1 0 4 0 1 0 0 0 0 1 0 0 2 0 -1
33 s0-field-photon-pulse 7225634611052726532 17539103964865486794 0 4674155265015130857 12747526435267709093 1 0 0 0 0 0 1 0 0 0 0 0 0 0 0 0 0 0 0 0 0 0 0 0 0 0 0 0 0 0 0 0 0 0 0 0 0 0 0 0 0 0 0 0 0 0 0 0 2 0 3 0 0.01 1 1 1 1 0.5 1 6 0 0 0 0 0 0 0 0 4 1.5 0.29999999999999999 1 0 4 0 1 0 0 0 0 1 0 0 2 0 -1
33 s0-field-rf-lattice-wave 4044416046732351238 11286838209398862811 0 4674155265015130857 12747526435267709093 1 0 0 0 0 0 0 0 0 0 0 0 0 0 0 0 0 0 0 0 0 0 0 0 0 0 0 0 0 0 0 0 0 0 0 0 0 0 0 0 0 0 0 0 0 0 0 0 2 0 3 0 0.01 1 1 1 1 0.5 1 6 0 0 0 0 0 0 0 0 4 1.5 0.29999999999999999 1 0 4 0 1 0 0 0 0 1 0 0 2 0 -1
33 s0-field-light-lattice-wave 2566415700413086058 14671731586316036891 0 4674155265015130857 12747526435267709093 1 0 0 0 0 0 0 0 0 0 0 0 0 0 0 0 0 0 0 0 0 0 0 0 0 0 0 0 0 0 0 0 0 0 0 0 0 0 0 0 0 0 0 0 0 0 0 0 2 0 3 0 0.01 1 1 1 1 0.5 1 6 0 0 0 0 0 0 0 0 4 1.5 0.29999999999999999 1 0 4 0 1 0 0 0 0 1 0 0 2 0 -1
33 s0-field-sound-lattice-wave 15993178616005423054 16953711168134852008 0 4674155265015130857 12747526435267709093 1 0 0 0 0 0 0 0 0 0 0 0 0 0 0 0 0 0 0 0 0 0 0 0 0 0 0 0 0 0 0 0 0 0 0 0 0 0 0 0 0 0 0 0 0 0 0 0 2 0 3 0 0.01 1 1 1 1 0.5 1 6 0 0 0 0 0 0 0 0 4 1.5 0.29999999999999999 1 0 4 0 1 0 0 0 0 1 0 0 2 0 -1
33 s0-field-sound-collision 4398559789470166235 11393006316628510436 0 4674155265015130857 12747526435267709093 1 0 0 0 0 0 0 0 0 0 0 0 0 0 0 0 0 0 0 0 0 0 0 0 0 0 0 0 0 0 0 0 0 0 0 0 0 0 0 0 0 0 0 0 0 0 0 0 2 0 3 0 0.01 1 1 1 1 0.5 1 6 0 0 0 0 0 0 0 0 4 1.5 0.29999999999999999 1 0 4 0 1 0 0 0 0 1 0 0 2 0 -1
33 s0-field-thomson-scattering 17573594763621028159 6152294909387083121 0 2705197983028240410 12747526435267709093 1 1 0 0 0 0 0 0 0 0 0 0 0 0 0 0 0 0 0 0 0 0 0 0 0 0 0 0 0 0 0 0 0 0 0 0 0 0 0 0 0 0 0 0 0 0 0 0 2 0 3 0 0.01 1 1 1 1 0.5 1 6 0 0 0 0 0 0 0 0 4 1.5 0.29999999999999999 1 0 4 0 1 0 0 0 0 1 0 0 2 0 -1
33 s0-field-thomson-unlocked-recoil 18366813090743600578 441027118110781014 0 2705197983028240410 12747526435267709093 1 1 0 0 0 0 0 1 0 0 1 0 0 0 0 0 0 0 0 0 0 0 0 0 0 1 0 0 0 0 0 0 0 0 0 0 0 0 0 0 0 0 0 0 0 0 0 0 2 0 3 0 0.01 1 1 1 1 0.5 1 6 0 0 0 0 0 0 0 0 4 1.5 0.29999999999999999 1 0 4 0 1 0 0 0 0 1 0 0 2 0 -1
33 s0-field-spacetime-forcing-boundary 15254460921471002783 11803309680141882027 0 4674155265015130857 12747526435267709093 1 0 0 0 0 0 0 0 0 0 0 0 0 0 0 0 0 0 0 0 0 0 0 0 0 0 0 0 0 0 0 0 0 0 0 0 0 0 0 0 0 0 0 0 0 0 0 0 2 0 3 0 0.01 1 1 1 1 0.5 1 6 0 0 0 0 0 0 0 0 4 1.5 0.29999999999999999 1 0 4 0 1 0 0 0 0 1 0 0 2 0 -1
33 s0-field-electric-dipole 11889424571899448351 5828328115753796164 0 7686553593987745456 12747526435267709093 0 0 0 0 0 0 0 0 0 0 0 0 0 0 0 0 0 0 0 0 0 0 0 0 0 0 0 0 0 0 0 0 0 0 0 0 0 0 0 0 0 0 0 0 0 0 0 0 2 0 3 0 0.01 1 1 1 1 0.5 1 6 0 0 0 0 0 0 0 0 4 1.5 0.29999999999999999 1 0 4 0 1 0 0 0 0 1 0 0 2 0 -1
33 s0-field-magnetic-dipole 2046761408228762853 15309049032406522442 0 4674155265015130857 12747526435267709093 0 0 0 0 0 0 0 0 0 0 0 0 0 0 0 0 0 0 0 0 0 0 0 0 0 0 0 0 0 0 0 0 0 0 0 0 0 0 0 0 0 0 0 0 0 0 0 0 2 0 3 0 0.01 1 1 1 1 0.5 1 6 0 0 0 0 0 0 0 0 4 1.5 0.29999999999999999 1 0 4 0 1 0 0 0 0 1 0 0 2 0 -1
33 s0-field-vortex-line 5193077789265888663 717768148378106403 0 4674155265015130857 12747526435267709093 0 0 0 0 0 0 0 0 0 0 0 0 0 0 0 0 0 0 0 0 0 0 0 0 0 0 0 0 0 0 0 0 0 0 0 0 0 0 0 0 0 0 0 0 0 0 0 0 2 0 3 0 0.01 1 1 1 1 0.5 1 6 0 0 0 0 0 0 0 0 4 1.5 0.29999999999999999 1 0 4 0 1 0 0 0 0 1 0 0 2 0 -1
33 s0-field-shear-layer 3024657604148488057 16294459006836413338 0 4674155265015130857 12747526435267709093 1 0 0 0 0 0 0 0 0 0 0 0 0 0 0 0 0 0 0 0 0 0 0 0 0 0 0 0 0 0 0 0 0 0 0 0 0 0 0 0 0 0 0 0 0 0 0 0 2 0 3 0 0.01 1 1 1 1 0.5 1 6 0 0 0 0 0 0 0 0 4 1.5 0.29999999999999999 1 0 4 0 1 0 0 0 0 1 0 0 2 0 -1
33 s0-seed-octahedron 8162919431060092501 6833970532920731249 0 6090692404425591333 12747526435267709093 0 0 0 0 0 0 0 0 0 0 0 0 0 0 0 0 0 0 0 0 0 0 0 0 0 0 0 0 0 0 0 0 0 0 0 0 0 0 0 0 0 0 0 0 0 0 0 0 2 0 3 0 0.01 1 1 1 1 0.5 1 6 0 0 0 0 0 0 0 0 4 1.5 0.29999999999999999 1 0 4 0 1 0 0 0 0 1 0 0 2 0 -1
33 s0-seed-cuboctahedron 13629728201581001432 9150790692195305613 0 17362015908657804854 12747526435267709093 0 0 0 0 0 0 0 0 0 0 0 0 0 0 0 0 0 0 0 0 0 0 0 0 0 0 0 0 0 0 0 0 0 0 0 0 0 0 0 0 0 0 0 0 0 0 0 0 2 0 3 0 0.01 1 1 1 1 0.5 1 6 0 0 0 0 0 0 0 0 4 1.5 0.29999999999999999 1 0 4 0 1 0 0 0 0 1 0 0 2 0 -1
33 s0-seed-stella-octangula 11479505410363078286 15800301883875927936 0 13193128483973383074 12747526435267709093 0 0 0 0 0 0 0 0 0 0 0 0 0 0 0 0 0 0 0 0 0 0 0 0 0 0 0 0 0 0 0 0 0 0 0 0 0 0 0 0 0 0 0 0 0 0 0 0 2 0 3 0 0.01 1 1 1 1 0.5 1 6 0 0 0 0 0 0 0 0 4 1.5 0.29999999999999999 1 0 4 0 1 0 0 0 0 1 0 0 2 0 -1
33 s0-seed-moore-cell 17091957874729893717 3076938898092864788 0 8786109714474964241 12747526435267709093 0 0 0 0 0 0 0 0 0 0 0 0 0 0 0 0 0 0 0 0 0 0 0 0 0 0 0 0 0 0 0 0 0 0 0 0 0 0 0 0 0 0 0 0 0 0 0 0 2 0 3 0 0.01 1 1 1 1 0.5 1 6 0 0 0 0 0 0 0 0 4 1.5 0.29999999999999999 1 0 4 0 1 0 0 0 0 1 0 0 2 0 -1
33 s0-seed-moore-decomposition 884910866832747043 135481849904649189 0 8220677393803122257 12747526435267709093 0 0 0 0 0 0 0 0 0 0 0 0 0 0 0 0 0 0 0 0 0 0 0 0 0 0 0 0 0 0 0 0 0 0 0 0 0 0 0 0 0 0 0 0 0 0 0 0 2 0 3 0 0.01 1 1 1 1 0.5 1 6 0 0 0 0 0 0 0 0 4 1.5 0.29999999999999999 1 0 4 0 1 0 0 0 0 1 0 0 2 0 -1
33 s0-seed-emergent-ic1 6385853107559356574 2809277463692239633 0 4674155265015130857 12747526435267709093 1 0 0 1 0 0 1 0 0 0 0 0 0 0 0 0 0 0 0 0 0 0 0 0 0 0 1 0 0 0 0 0 0 0 0 0 0 0 0 0 0 0 0 0 0 0 0 0 2 0 3 0.0050000000000000001 0.02 1 1 1 1 0.5 1 6 0 0 0 0 0 0 0 0 4 1.5 0.29999999999999999 1 0 4 0 1 0 0 0 0 1 0 0 2 0 -1
33 s0-seed-emergent-ic3-collision 10735036963858649666 9494348698503016606 0 4674155265015130857 12747526435267709093 1 0 0 1 0 0 1 0 0 0 0 0 0 0 0 0 0 0 0 0 0 0 0 0 0 0 1 0 0 0 0 0 0 0 0 0 0 0 0 0 0 0 0 0 0 0 0 0 2 0 3 0.0050000000000000001 0.02 1 1 1 1 0.5 1 6 0 0 0 0 0 0 0 0 4 1.5 0.29999999999999999 1 0 4 0 1 0 0 0 0 1 0 0 2 0 -1
33 s0-seed-emergent-ic4-subthreshold 8360887287641787060 12280718551697584156 0 4674155265015130857 12747526435267709093 1 0 0 1 0 0 1 0 0 0 0 0 0 0 0 0 0 0 0 0 0 0 0 0 0 0 1 0 0 0 0 0 0 0 0 0 0 0 0 0 0 0 0 0 0 0 0 0 2 0 3 0.0050000000000000001 0.02 1 1 1 1 0.5 1 6 0 0 0 0 0 0 0 0 4 1.5 0.29999999999999999 1 0 4 0 1 0 0 0 0 1 0 0 2 0 -1
33 s0-seed-emergent-ic2-thermal-runaway 18110031105830707699 2125452427854492201 0 4674155265015130857 12747526435267709093 1 0 0 1 0 0 1 0 0 0 0 0 0 0 0 0 0 0 0 0 0 0 0 0 0 0 1 0 0 0 0 0 0 0 0 0 0 0 0 0 0 0 0 0 0 0 0 0 2 0 3 0.050000000000000003 0.02 1 1 1 1 0.5 1 6 0 0 0 0 0 0 0 0 4 1.5 0.29999999999999999 1 0 4 0 1 0 0 0 0 1 0 0 2 0 -1
33 s0-seed-emergent-ic1-diagonal 12413320731200259175 5024676730899641660 0 4674155265015130857 12747526435267709093 1 0 0 1 0 0 1 0 0 0 0 0 0 0 0 0 0 0 0 0 0 0 0 0 0 0 1 0 0 0 0 0 0 0 0 0 0 0 0 0 0 0 0 0 0 0 0 0 2 0 3 0.0050000000000000001 0.02 1 1 1 1 0.5 1 6 0 0 0 0 0 0 0 0 4 1.5 0.29999999999999999 1 0 4 0 1 0 0 0 0 1 0 0 2 0 -1
33 s0-seed-emergent-ic1-isotropic 13682441481097940946 17932937473738425783 0 4674155265015130857 12747526435267709093 1 0 0 1 0 0 1 0 0 0 0 0 0 0 0 0 0 0 0 0 0 0 0 0 0 0 1 0 0 0 0 0 0 0 0 0 0 0 0 0 0 0 0 0 0 0 0 0 2 0 3 0.0050000000000000001 0.02 1 1 1 1 0.5 1 6 0 0 0 0 0 0 0 0 4 1.5 0.29999999999999999 1 0 4 0 1 0 0 0 0 1 0 0 2 0 -1
33 s0-seed-emergent-ic1-viz 5778237485940427557 11048152143229058168 0 4674155265015130857 12747526435267709093 1 0 0 1 0 0 1 0 0 0 0 0 0 0 0 0 0 0 0 0 0 0 0 0 0 0 1 0 0 0 0 0 0 0 0 0 0 0 0 0 0 0 0 0 0 0 0 0 2 0 3 0 0.02 1 1 1 1 0.5 1 6 0 0 0 0 0 0 0 0 4 1.5 0.29999999999999999 1 0 4 0 1 0 0 0 0 1 0 0 2 0 -1
33 s0-seed-emergent-ic1-diagonal-viz 11773249442893742899 4487454475536771521 0 4674155265015130857 12747526435267709093 1 0 0 1 0 0 1 0 0 0 0 0 0 0 0 0 0 0 0 0 0 0 0 0 0 0 1 0 0 0 0 0 0 0 0 0 0 0 0 0 0 0 0 0 0 0 0 0 2 0 3 0 0.02 1 1 1 1 0.5 1 6 0 0 0 0 0 0 0 0 4 1.5 0.29999999999999999 1 0 4 0 1 0 0 0 0 1 0 0 2 0 -1
33 s0-seed-emergent-ic1-isotropic-viz 14313760725079798971 3712891622333449201 0 4674155265015130857 12747526435267709093 1 0 0 1 0 0 1 0 0 0 0 0 0 0 0 0 0 0 0 0 0 0 0 0 0 0 1 0 0 0 0 0 0 0 0 0 0 0 0 0 0 0 0 0 0 0 0 0 2 0 3 0 0.02 1 1 1 1 0.5 1 6 0 0 0 0 0 0 0 0 4 1.5 0.29999999999999999 1 0 4 0 1 0 0 0 0 1 0 0 2 0 -1
33 s0-seed-cluster-law 6385853107559356574 2809277463692239633 0 4674155265015130857 12747526435267709093 1 0 0 1 0 0 1 0 0 0 0 0 0 0 0 0 0 0 0 0 0 0 0 0 0 0 1 0 0 0 0 0 0 0 0 0 0 0 0 0 0 0 0 0 0 0 0 0 2 0 3 0.0050000000000000001 0.02 1 1 1 1 0.5 1 6 0 0 0 0 0 0 0 0 4 1.5 0.29999999999999999 1 0 4 0 1 0 0 0 0 1 0 0 2 0 -1
33 s0-seed-cluster-law-subknee 4796153904706878764 692863408791242496 0 4674155265015130857 12747526435267709093 1 0 0 1 0 0 1 0 0 0 0 0 0 0 0 0 0 0 0 0 0 0 0 0 0 0 1 0 0 0 0 0 0 0 0 0 0 0 0 0 0 0 0 0 0 0 0 0 2 0 3 0 0.02 1 1 1 1 0.5 1 6 0 0 0 0 0 0 0 0 4 1.5 0.29999999999999999 1 0 4 0 1 0 0 0 0 1 0 0 2 0 -1
33 s0-seed-cluster-law-knee 4279840720989237799 12910167709585371 0 4674155265015130857 12747526435267709093 1 0 0 1 0 0 1 0 0 0 0 0 0 0 0 0 0 0 0 0 0 0 0 0 0 0 1 0 0 0 0 0 0 0 0 0 0 0 0 0 0 0 0 0 0 0 0 0 2 0 3 0 0.02 1 1 1 1 0.5 1 6 0 0 0 0 0 0 0 0 4 1.5 0.29999999999999999 1 0 4 0 1 0 0 0 0 1 0 0 2 0 -1
33 s0-seed-cluster-law-superknee 429137694554314161 3522026051480159811 0 4674155265015130857 12747526435267709093 1 0 0 1 0 0 1 0 0 0 0 0 0 0 0 0 0 0 0 0 0 0 0 0 0 0 1 0 0 0 0 0 0 0 0 0 0 0 0 0 0 0 0 0 0 0 0 0 2 0 3 0 0.02 1 1 1 1 0.5 1 6 0 0 0 0 0 0 0 0 4 1.5 0.29999999999999999 1 0 4 0 1 0 0 0 0 1 0 0 2 0 -1
33 s0-vacuum-electron 4404487287201314715 15178104731451115478 0 2705197983028240410 12747526435267709093 1 0 0 0 0 0 0 0 0 0 0 0 0 0 0 0 0 0 0 0 0 0 0 0 0 0 0 0 0 0 0 0 0 0 0 0 0 0 0 0 0 0 0 0 0 0 0 0 2 0 3 0 0.01 1 1 1 1 0.5 1 6 0 0 0 0 0 0 0 0 4 1.5 0.29999999999999999 1 0 4 0 1 0 0 0 0 1 0 0 2 0 -1
33 s0-vacuum-muon 11616462681370258777 10244520752505841027 0 2705197983028240410 12747526435267709093 1 0 0 0 0 0 0 0 0 0 0 0 0 0 0 0 0 0 0 0 0 0 0 0 0 0 0 0 0 0 0 0 0 0 0 0 0 0 0 0 0 0 0 0 0 0 0 0 2 0 3 0 0.01 1 1 1 1 0.5 1 6 0 0 0 0 0 0 0 0 4 1.5 0.29999999999999999 1 0 4 0 1 0 0 0 0 1 0 0 2 0 -1
33 s0-vacuum-tau 7000850366552318804 5582925818205330364 0 2705197983028240410 12747526435267709093 1 0 0 0 0 0 0 0 0 0 0 0 0 0 0 0 0 0 0 0 0 0 0 0 0 0 0 0 0 0 0 0 0 0 0 0 0 0 0 0 0 0 0 0 0 0 0 0 2 0 3 0 0.01 1 1 1 1 0.5 1 6 0 0 0 0 0 0 0 0 4 1.5 0.29999999999999999 1 0 4 0 1 0 0 0 0 1 0 0 2 0 -1
33 s0-vacuum-positron 8421045795316667351 4292039132170051714 0 2705197983028240410 12747526435267709093 1 0 0 0 0 0 0 0 0 0 0 0 0 0 0 0 0 0 0 0 0 0 0 0 0 0 0 0 0 0 0 0 0 0 0 0 0 0 0 0 0 0 0 0 0 0 0 0 2 0 3 0 0.01 1 1 1 1 0.5 1 6 0 0 0 0 0 0 0 0 4 1.5 0.29999999999999999 1 0 4 0 1 0 0 0 0 1 0 0 2 0 -1
33 s0-vacuum-antimuon 10124584121485153119 2968617117742155775 0 2705197983028240410 12747526435267709093 1 0 0 0 0 0 0 0 0 0 0 0 0 0 0 0 0 0 0 0 0 0 0 0 0 0 0 0 0 0 0 0 0 0 0 0 0 0 0 0 0 0 0 0 0 0 0 0 2 0 3 0 0.01 1 1 1 1 0.5 1 6 0 0 0 0 0 0 0 0 4 1.5 0.29999999999999999 1 0 4 0 1 0 0 0 0 1 0 0 2 0 -1
33 s0-vacuum-antitau 3444579422906541711 830813435007635277 0 2705197983028240410 12747526435267709093 1 0 0 0 0 0 0 0 0 0 0 0 0 0 0 0 0 0 0 0 0 0 0 0 0 0 0 0 0 0 0 0 0 0 0 0 0 0 0 0 0 0 0 0 0 0 0 0 2 0 3 0 0.01 1 1 1 1 0.5 1 6 0 0 0 0 0 0 0 0 4 1.5 0.29999999999999999 1 0 4 0 1 0 0 0 0 1 0 0 2 0 -1
33 s0-vacuum-electron-neutrino 8803519009555308777 3545804928031478288 0 4674155265015130857 12747526435267709093 1 0 0 0 0 0 1 0 0 0 0 0 0 0 0 0 0 0 0 0 0 0 0 0 0 0 0 0 0 0 0 0 0 0 0 0 0 0 0 0 0 0 0 0 0 0 0 0 2 0 3 0 0.01 1 1 1 1 0.5 1 6 0 0 0 0 0 0 0 0 4 1.5 0.29999999999999999 1 0 4 0 1 0 0 0 0 1 0 0 2 0 -1
33 s0-vacuum-muon-neutrino 7209019550083649621 18016137223648010634 0 4674155265015130857 12747526435267709093 1 0 0 0 0 0 1 0 0 0 0 0 0 0 0 0 0 0 0 0 0 0 0 0 0 0 0 0 0 0 0 0 0 0 0 0 0 0 0 0 0 0 0 0 0 0 0 0 2 0 3 0 0.01 1 1 1 1 0.5 1 6 0 0 0 0 0 0 0 0 4 1.5 0.29999999999999999 1 0 4 0 1 0 0 0 0 1 0 0 2 0 -1
33 s0-vacuum-tau-neutrino 1321608717054471119 16386296232597435049 0 4674155265015130857 12747526435267709093 1 0 0 0 0 0 1 0 0 0 0 0 0 0 0 0 0 0 0 0 0 0 0 0 0 0 0 0 0 0 0 0 0 0 0 0 0 0 0 0 0 0 0 0 0 0 0 0 2 0 3 0 0.01 1 1 1 1 0.5 1 6 0 0 0 0 0 0 0 0 4 1.5 0.29999999999999999 1 0 4 0 1 0 0 0 0 1 0 0 2 0 -1
33 s0-vacuum-electron-antineutrino 7973508653310145408 7643041756473518469 0 4674155265015130857 12747526435267709093 1 0 0 0 0 0 1 0 0 0 0 0 0 0 0 0 0 0 0 0 0 0 0 0 0 0 0 0 0 0 0 0 0 0 0 0 0 0 0 0 0 0 0 0 0 0 0 0 2 0 3 0 0.01 1 1 1 1 0.5 1 6 0 0 0 0 0 0 0 0 4 1.5 0.29999999999999999 1 0 4 0 1 0 0 0 0 1 0 0 2 0 -1
33 s0-vacuum-muon-antineutrino 7536408815385258221 5315392254364103347 0 4674155265015130857 12747526435267709093 1 0 0 0 0 0 1 0 0 0 0 0 0 0 0 0 0 0 0 0 0 0 0 0 0 0 0 0 0 0 0 0 0 0 0 0 0 0 0 0 0 0 0 0 0 0 0 0 2 0 3 0 0.01 1 1 1 1 0.5 1 6 0 0 0 0 0 0 0 0 4 1.5 0.29999999999999999 1 0 4 0 1 0 0 0 0 1 0 0 2 0 -1
33 s0-vacuum-tau-antineutrino 2140921736609811127 5077636865950538412 0 4674155265015130857 12747526435267709093 1 0 0 0 0 0 1 0 0 0 0 0 0 0 0 0 0 0 0 0 0 0 0 0 0 0 0 0 0 0 0 0 0 0 0 0 0 0 0 0 0 0 0 0 0 0 0 0 2 0 3 0 0.01 1 1 1 1 0.5 1 6 0 0 0 0 0 0 0 0 4 1.5 0.29999999999999999 1 0 4 0 1 0 0 0 0 1 0 0 2 0 -1
33 s0-vacuum-photon 12383528219959286177 10467792048514719334 0 4674155265015130857 12747526435267709093 1 0 0 0 0 0 1 0 0 0 0 0 0 0 0 0 0 0 0 0 0 0 0 0 0 0 0 0 0 0 0 0 0 0 0 0 0 0 0 0 0 0 0 0 0 0 0 0 2 0 3 0 0.01 1 1 1 1 0.5 1 6 0 0 0 0 0 0 0 0 4 1.5 0.29999999999999999 1 0 4 0 1 0 0 0 0 1 0 0 2 0 -1
33 s0-vacuum-w-boson 1214913221052941521 4025112089389293455 0 2705197983028240410 12747526435267709093 1 0 0 0 0 0 0 0 0 0 0 0 0 0 0 0 0 0 0 0 0 0 0 0 0 0 0 0 0 0 0 0 0 0 0 0 0 0 0 0 0 0 0 0 0 0 0 0 2 0 3 0 0.01 1 1 1 1 0.5 1 6 0 0 0 0 0 0 0 0 4 1.5 0.29999999999999999 1 0 4 0 1 0 0 0 0 1 0 0 2 0 -1
33 s0-vacuum-w-minus-boson 13782544279271839388 16712932598771918011 0 2705197983028240410 12747526435267709093 1 0 0 0 0 0 0 0 0 0 0 0 0 0 0 0 0 0 0 0 0 0 0 0 0 0 0 0 0 0 0 0 0 0 0 0 0 0 0 0 0 0 0 0 0 0 0 0 2 0 3 0 0.01 1 1 1 1 0.5 1 6 0 0 0 0 0 0 0 0 4 1.5 0.29999999999999999 1 0 4 0 1 0 0 0 0 1 0 0 2 0 -1
33 s0-vacuum-z-boson 6178994570364977858 16378911893128618983 0 4674155265015130857 12747526435267709093 1 0 0 0 0 0 0 0 0 0 0 0 0 0 0 0 0 0 0 0 0 0 0 0 0 0 0 0 0 0 0 0 0 0 0 0 0 0 0 0 0 0 0 0 0 0 0 0 2 0 3 0 0.01 1 1 1 1 0.5 1 6 0 0 0 0 0 0 0 0 4 1.5 0.29999999999999999 1 0 4 0 1 0 0 0 0 1 0 0 2 0 -1
33 s0-vacuum-higgs 11720676594178086426 8838791145017574918 0 4674155265015130857 12747526435267709093 1 0 0 0 0 0 0 0 0 0 0 0 0 0 0 0 0 0 0 0 0 0 0 0 0 0 0 0 0 0 0 0 0 0 0 0 0 0 0 0 0 0 0 0 0 0 0 0 2 0 3 0 0.01 1 1 1 1 0.5 1 6 0 0 0 0 0 0 0 0 4 1.5 0.29999999999999999 1 0 4 0 1 0 0 0 0 1 0 0 2 0 -1
33 s0-vacuum-proton 1902546938953844518 4626060369441194466 0 873143496210560185 12747526435267709093 0 0 0 0 0 0 0 1 0 0 1 0 0 0 0 1 0 0 0 0 0 0 0 0 0 0 0 0 0 0 0 0 0 0 0 0 0 0 0 0 0 0 0 0 0 0 0 0 2 0 3 0 0.01 1 1 1 1 0.5 1 6 0 0 0 0 0 0 0 0 4 1.5 0.29999999999999999 1 0 4 0 1 0 0 0 0 1 0 0 2 0 -1
33 s0-vacuum-neutron 1980801866200310705 14704002831805748900 0 873143496210560185 12747526435267709093 0 0 0 0 0 0 0 1 0 0 1 0 0 0 0 1 0 0 0 0 0 0 0 0 0 0 0 0 0 0 0 0 0 0 0 0 0 0 0 0 0 0 0 0 0 0 0 0 2 0 3 0 0.01 1 1 1 1 0.5 1 6 0 0 0 0 0 0 0 0 4 1.5 0.29999999999999999 1 0 4 0 1 0 0 0 0 1 0 0 2 0 -1
33 s0-vacuum-pion-charged 15171863286659051690 12481022648746006098 0 7686553593987745456 12747526435267709093 0 0 0 0 0 0 0 1 0 0 1 0 0 0 0 1 0 0 0 0 0 0 0 0 0 0 0 0 0 0 0 0 0 0 0 0 0 0 0 0 0 0 0 0 0 0 0 0 2 0 3 0 0.01 1 1 1 1 0.5 1 6 0 0 0 0 0 0 0 0 4 1.5 0.29999999999999999 1 0 4 0 1 0 0 0 0 1 0 0 2 0 -1
33 s0-vacuum-pion-neutral 15171863286659051690 12481022648746006098 0 7686553593987745456 12747526435267709093 0 0 0 0 0 0 0 1 0 0 1 0 0 0 0 1 0 0 0 0 0 0 0 0 0 0 0 0 0 0 0 0 0 0 0 0 0 0 0 0 0 0 0 0 0 0 0 0 2 0 3 0 0.01 1 1 1 1 0.5 1 6 0 0 0 0 0 0 0 0 4 1.5 0.29999999999999999 1 0 4 0 1 0 0 0 0 1 0 0 2 0 -1
33 s0-vacuum-kaon-charged 3713779238266056373 10599716480387419967 0 7686553593987745456 12747526435267709093 0 0 0 0 0 0 0 1 0 0 1 0 0 0 0 1 0 0 0 0 0 0 0 0 0 0 0 0 0 0 0 0 0 0 0 0 0 0 0 0 0 0 0 0 0 0 0 0 2 0 3 0 0.01 1 1 1 1 0.5 1 6 0 0 0 0 0 0 0 0 4 1.5 0.29999999999999999 1 0 4 0 1 0 0 0 0 1 0 0 2 0 -1
33 s0-seed-de-broglie-clock 1818695779366278635 12535541977154856639 0 1857932670314671761 12747526435267709093 1 0 0 0 0 0 0 0 0 0 0 0 0 0 0 0 0 0 0 0 0 0 0 0 0 0 0 0 0 0 0 0 0 0 0 0 0 0 0 1 0 0 0 0 0 0 0 0 2 0 3 0 0.01 1 1 1 0.29999999999999999 0.5 1 6 0 0 0 0 0 0 0 0 4 1.5 0.29999999999999999 1 0 4 0 1 0 0 0 0 1 0 0 2 0 -1
33 s0-seed-thermal-ignition 18110031105830707699 2125452427854492201 0 4674155265015130857 12747526435267709093 1 0 0 1 0 0 1 0 0 0 0 0 0 0 0 0 0 0 0 0 0 0 0 0 0 0 1 0 0 0 0 0 0 0 0 0 0 0 0 0 0 0 0 0 0 0 0 0 2 0 3 0.029999999999999999 0.02 1 1 1 1 0.5 1 6 0 0 0 0 0 0 0 0 4 1.5 0.29999999999999999 1 0 4 0 1 0 0 0 0 1 0 0 2 0 -1
33 s0-cell-capacitor 10051146190341370739 11492343367110250833 0 1903790907169089952 12747526435267709093 1 0 0 0 0 0 1 0 0 0 0 0 0 0 0 0 0 0 0 0 0 0 0 0 0 0 0 0 0 0 0 0 0 0 0 0 0 0 0 0 0 0 0 0 0 0 0 0 2 0 3 0 0.01 1 1 1 1 0.5 1 6 16 16 16 3.5 0 0 0 0 4 1.5 0.29999999999999999 1 0 4 0 1 0 0 0 0 1 0 0 2 0 -1
33 s0-cell-torus 9297741649783487129 6080374796967717747 0 4674155265015130857 12747526435267709093 1 0 0 0 0 0 0 0 0 0 0 0 0 0 0 0 0 0 0 0 0 0 0 0 0 0 0 0 0 0 0 0 0 0 0 0 0 0 0 0 0 0 0 0 0 0 0 0 2 0 3 0 0.01 1 1 1 1 0.5 1 6 16 16 16 14.4375 0 0 0 0 4 1.5 0.29999999999999999 1 0 4 0 1 0 0 0 0 1 0 0 2 0 -1
33 s0-cell-torus-reverse 15391106843514390625 4007355603719834280 0 4674155265015130857 12747526435267709093 1 0 0 0 0 0 0 0 0 0 0 0 0 0 0 0 0 0 0 0 0 0 0 0 0 0 0 0 0 0 0 0 0 0 0 0 0 0 0 0 0 0 0 0 0 0 0 0 2 0 3 0 0.01 1 1 1 1 0.5 1 6 16 16 16 14.4375 0 0 0 0 4 1.5 0.29999999999999999 1 0 4 0 1 0 0 0 0 1 0 0 2 0 -1
33 s0-cell-torus-scrambled 3071089597921708411 2524882338042573230 0 4674155265015130857 12747526435267709093 1 0 0 0 0 0 0 0 0 0 0 0 0 0 0 0 0 0 0 0 0 0 0 0 0 0 0 0 0 0 0 0 0 0 0 0 0 0 0 0 0 0 0 0 0 0 0 0 2 0 3 0 0.01 1 1 1 1 0.5 1 6 16 16 16 14.4375 0 0 0 0 4 1.5 0.29999999999999999 1 0 4 0 1 0 0 0 0 1 0 0 2 0 -1
33 s0-cell-torus-open 9297741649783487129 6080374796967717747 0 4674155265015130857 12747526435267709093 1 0 0 0 0 0 0 0 0 0 0 0 0 0 0 0 0 0 0 0 0 0 0 0 0 0 0 0 0 0 0 0 0 0 0 0 0 0 0 0 0 0 0 0 0 0 0 2 2 0 3 0 0.01 1 1 1 1 0.5 1 6 16 16 16 14.4375 0 0 0 0 4 1.5 0.29999999999999999 1 0 4 0 1 0 0 0 0 1 0 0 2 0 -1
33 s0-cell-torus-walled 9297741649783487129 6080374796967717747 0 4674155265015130857 12747526435267709093 1 0 0 0 0 0 0 0 0 0 0 0 0 0 0 0 0 0 0 0 0 0 0 0 0 0 0 0 0 0 0 0 0 0 0 0 0 0 0 0 0 0 0 0 0 0 0 1 2 0 3 0 0.01 1 1 1 1 0.5 1 6 16 16 16 14.4375 0 0 0 0 4 1.5 0.29999999999999999 1 0 4 0 1 0 0 0 0 1 0 0 2 0 -1
33 s0-cell-triad 7470625760392441480 8414679421554939413 0 4674155265015130857 12747526435267709093 1 0 0 0 0 0 0 0 0 0 0 0 0 0 0 0 0 0 0 0 0 0 0 0 0 0 0 0 0 0 0 0 0 0 0 0 0 0 0 0 0 0 0 0 0 0 0 0 2 0 3 0 0.01 1 1 1 1 0.5 1 6 16 16 16 11 0 0 0 0 4 1.5 0.29999999999999999 1 0 4 0 1 0 0 0 0 1 0 0 2 0 -1
33 s0-cell-torus-membrane 1026507634886092493 18203545665225274143 0 5024124086991660080 12747526435267709093 1 0 0 0 0 0 0 0 0 0 0 0 0 0 0 0 0 0 0 0 0 0 0 0 0 0 0 0 0 0 0 0 0 0 0 0 0 0 0 1 0 0 0 0 0 0 0 0 2 0 3 0 0.01 1 1 1 1 0.5 1 6 16 16 16 12 0 0 0 0 4 1.5 0.29999999999999999 1 0 4 0 1 0 0 0 0 1 0 0 2 0 -1
33 s0-cell-torus-membrane-gated 1026507634886092493 18203545665225274143 0 5024124086991660080 12747526435267709093 1 0 0 0 0 0 0 0 0 0 0 0 0 0 0 0 0 0 0 0 0 0 0 0 0 0 0 0 0 0 0 0 0 0 0 0 0 0 0 1 0 0 0 0 0 0 1 0 2 0 3 0 0.01 1 1 1 1 0.5 1 6 16 16 16 12 0 0 0 0 4 1.5 0.29999999999999999 1 0 4 0 1 1 30 16 16 1 0 0 3 1 150
33 s0-cell-membrane-pumped 4343787200959259354 3189299990610687065 0 5024124086991660080 12747526435267709093 1 0 0 0 0 0 0 0 0 0 0 0 0 0 0 0 0 0 0 0 0 0 0 0 0 0 0 0 0 0 0 0 0 0 0 0 0 0 0 1 0 0 0 0 0 1 0 0 2 0 3 0 0.01 1 1 1 1 0.5 1 6 16 16 16 12 1 16 16 16 5.625 1.375 0.29999999999999999 1 0 4 20 1 0 0 0 0 1 0 0 2 0 -1
33 s0-cell-membrane-transfer 4842324642273251472 1936524211885062463 0 14885102806780067593 12747526435267709093 1 0 0 0 0 0 0 0 0 0 0 0 0 0 0 0 0 0 0 0 0 0 0 0 0 0 0 0 0 0 0 0 0 0 0 0 0 0 0 1 0 0 0 0 0 0 1 0 2 0 3 0 0.01 1 1 1 1 0.5 1 6 24 16 16 7 0 0 0 0 4 1.5 0.29999999999999999 1 0 4 0 1 1 16 16 16 1 0 0 3 0 100
33 s0-cell-membrane-pumped-resonant 4343787200959259354 3189299990610687065 0 5024124086991660080 12747526435267709093 1 0 0 0 0 0 0 0 0 0 0 0 0 0 0 0 0 0 0 0 0 0 0 0 0 0 0 0 0 0 0 0 0 0 0 0 0 0 0 1 0 0 0 0 0 1 0 0 2 0 3 0 0.01 1 1 1 1 0.5 1 6 16 16 16 12 1 16 16 16 5.625 1.375 0.29999999999999999 1 0 4 20 8 0 0 0 0 1 0 0 2 0 -1
