kind,L,r,index,value,aux1,aux2,aux3,aux4,aux5,aux6,aux7,aux8
volume,9,-1,34,0.35925757426614319,29,0.21340660233910125,0.30397065730643719,8,1.5218539833164362,-0.0054679241644581822,0:0:1,1
kappa,9,-1,0,0.35925757426614319,,,,,,,,
kappa,9,-1,1,0.33360848088264572,,,,,,,,
kappa,9,-1,2,0.23994789910089906,,,,,,,,
kappa,9,-1,3,0.35393581076466141,,,,,,,,
kappa,9,-1,4,0.18993431475675598,,,,,,,,
kappa,9,-1,5,0.16351234026524095,,,,,,,,
kappa,9,-1,6,0.14585964636472357,,,,,,,,
kappa,9,-1,7,0.16060820242327081,,,,,,,,
kappa,9,-1,8,0.1825216808670074,,,,,,,,
kappa,9,-1,9,0.15164057998905955,,,,,,,,
kappa,9,-1,10,0.16162736548283219,,,,,,,,
kappa,9,-1,11,0.22009788353111712,,,,,,,,
kappa,9,-1,12,0.16035822824540794,,,,,,,,
kappa,9,-1,13,0.22710874216135288,,,,,,,,
kappa,9,-1,14,0.17133236686437336,,,,,,,,
kappa,9,-1,15,0.13819241788361195,,,,,,,,
kappa,9,-1,16,0.10503450002666476,,,,,,,,
kappa,9,-1,17,0.1276371914073742,,,,,,,,
kappa,9,-1,18,0.14317094106962938,,,,,,,,
kappa,9,-1,19,0.10258896675080967,,,,,,,,
kappa,9,-1,20,0.10491365683368314,,,,,,,,
kappa,9,-1,21,0.11999590768800639,,,,,,,,
kappa,9,-1,22,0.10672303532607628,,,,,,,,
kappa,9,-1,23,0.16156453393496867,,,,,,,,
kappa,9,-1,24,0.22723484448830136,,,,,,,,
kappa,9,-1,25,0.12636198655462971,,,,,,,,
kappa,9,-1,26,0.15421142571291449,,,,,,,,
kappa,9,-1,27,0.13030243868879895,,,,,,,,
kappa,9,-1,28,0.1161683761887639,,,,,,,,
kappa,9,-1,29,0.16411915379135522,,,,,,,,
kappa,9,-1,30,0.23548688652939351,,,,,,,,
kappa,9,-1,31,0.14768548736444681,,,,,,,,
kappa,9,-1,32,0.16445959124222062,,,,,,,,
kappa,9,-1,33,0.33522705881783738,,,,,,,,
partition,9,0,-1,0.96123961894684451,0,0,0,0,0,0,0,0
partition,9,1,-1,1.1253185742584129,1,0,0,0,0,0,0,0
partition,9,2,-1,1.2116219567142141,2.7185151485442862,0.35925757426614319,0.35925757427214317,0.35925757426614319,0,5.9999999999999995e-12,0.060307379214091711,5.9999782919817335e-12
a,9,2,0,1,,,,,,,,
partition,9,3,-1,1.2881951158297273,5.1429350743374869,0.71431169143375728,0.71431169144582896,0.35357084943213107,0,6.0358499628474756e-12,-1.1102230246251565e-16,6.035838495677126e-12
y,9,3,32,0.0071699925694951689,,,,,,,,
a,9,3,0,1.2101383127306031,,,,,,,,
a,9,3,3,0.78986168726939687,,,,,,,,
partition,9,4,-1,1.3546411143342498,8.1722367682659414,1.0430591920476331,1.0430591920664853,0.32874750061387581,0,6.2840834510300281e-12,-1.5543122344752192e-15,6.2840843639833111e-12
y,9,4,30,0.052036695159675642,,,,,,,,
y,9,4,33,0.0047799950463301138,,,,,,,,
a,9,4,0,1.1644189651961843,,,,,,,,
a,9,4,3,0.50224770147048625,,,,,,,,
a,9,4,33,1.3333333333333295,,,,,,,,
partition,9,5,-1,1.4135309704930625,11.824355860335526,1.3648711720406732,1.3648711720671056,0.31083820991504779,0,6.60759166190242e-12,-1.3322676295501878e-15,6.6076311089346973e-12
y,9,5,30,0.080480991051746192,,,,,,,,
y,9,5,33,0.022325853391021597,,,,,,,,
y,9,5,14,0.014829136070751481,,,,,,,,
y,9,5,18,0.0038823518669648602,,,,,,,,
a,9,5,0,1.2729665286621739,,,,,,,,
a,9,5,1,0.23523470658768517,,,,,,,,
a,9,5,11,0.028109323843283351,,,,,,,,
a,9,5,30,0.03017997679555728,,,,,,,,
a,9,5,33,2.4335094641113,,,,,,,,
partition,9,6,-1,1.4623247076249768,16.028389723223953,1.6713982871697945,1.6713982872039921,0.30070041428630156,0,6.8394810786914333e-12,-2.7755575615628914e-15,6.8394734320520456e-12
y,9,6,30,0.074864811035858458,,,,,,,,
y,9,6,31,0.019844366725969381,,,,,,,,
y,9,6,32,0.025118079549577607,,,,,,,,
y,9,6,33,0.0095928515106993104,,,,,,,,
y,9,6,14,0.016111911014832447,,,,,,,,
y,9,6,18,0.022364195901349651,,,,,,,,
a,9,6,0,1.4777966936466265,,,,,,,,
a,9,6,1,0.55157359658148875,,,,,,,,
a,9,6,2,0.19336151284423367,,,,,,,,
a,9,6,3,0.34161586584783876,,,,,,,,
a,9,6,11,0.066895464688117925,,,,,,,,
a,9,6,30,0.19673840782629734,,,,,,,,
a,9,6,33,2.1720184585653972,,,,,,,,
partition,9,7,-1,1.4998862201394032,20.804690910479934,1.9720987014560964,1.972098701497133,0.30070041428630156,0,6.8394810786914333e-12,-3.7747582837255322e-15,6.8394734320520456e-12
y,9,7,14,0.016111911014832447,,,,,,,,
y,9,7,30,0.074864811035858458,,,,,,,,
y,9,7,31,0.019844366725969381,,,,,,,,
y,9,7,32,0.025118079549577607,,,,,,,,
y,9,7,33,0.0095928515106993104,,,,,,,,
y,9,7,18,0.022364195901349651,,,,,,,,
a,9,7,0,1.6518644624310843,,,,,,,,
a,9,7,1,1.0343823977209925,,,,,,,,
a,9,7,2,0.79557434189615472,,,,,,,,
a,9,7,3,0.89441057723189399,,,,,,,,
a,9,7,11,0.044596976458744796,,,,,,,,
a,9,7,30,0.13115893855086513,,,,,,,,
a,9,7,33,1.4480123057102652,,,,,,,,
partition,9,8,-1,1.5218539833164362,26.182392926322194,2.272799115742397,2.2727991157902743,0.30070041428630156,0,6.8394810786914333e-12,-3.4416913763379853e-15,6.8395011876276612e-12
y,9,8,14,0.023566642981949007,,,,,,,,
y,9,8,30,0.074864811035858458,,,,,,,,
y,9,8,31,0.019844366725969419,,,,,,,,
y,9,8,32,0.0027538836482278797,,,,,,,,
y,9,8,33,0.024502315444932459,,,,,,,,
y,9,8,25,0.022364195901349658,,,,,,,,
a,9,8,0,1.8259322312155422,,,,,,,,
a,9,8,1,1.5171911988604971,,,,,,,,
a,9,8,2,1.3977871709480763,,,,,,,,
a,9,8,3,1.447205288615947,,,,,,,,
a,9,8,11,0.022298488229371985,,,,,,,,
a,9,8,30,0.065579469275432831,,,,,,,,
a,9,8,33,0.72400615285513215,,,,,,,,
partition,9,9,-1,1.5142231082131978,32.161495770752538,2.5734995300286991,2.5734995300836152,0.30007529978848907,0,6.8644856586039319e-12,-5.1070259132757201e-15,6.8645089612573429e-12
y,9,9,14,0.024816871977573943,,,,,,,,
y,9,9,30,0.061988538815579794,,,,,,,,
y,9,9,31,0.021094595721594334,,,,,,,,
y,9,9,32,0.040757585811251502,,,,,,,,
y,9,9,25,0.024239539394787069,,,,,,,,
a,9,9,0,1.9999999999999989,,,,,,,,
a,9,9,1,2.0000000000000009,,,,,,,,
a,9,9,2,1.9999999999999962,,,,,,,,
a,9,9,3,2.0000000000000036,,,,,,,,
partition,9,10,-1,1.3885077453467281,42.333181683952887,0,0,0,0,0,0,0
volume,17,-1,164,0.36250597734262185,164,0.21677610473116635,0.30909222934825492,8,1.5741191331652207,-0.05773307401324268,0:0:1,1
kappa,17,-1,0,0.36250597734262185,,,,,,,,
kappa,17,-1,1,0.33725104916486948,,,,,,,,
kappa,17,-1,2,0.33462794090559861,,,,,,,,
kappa,17,-1,3,0.33323744508603964,,,,,,,,
kappa,17,-1,4,0.33400862555187549,,,,,,,,
kappa,17,-1,5,0.33221600049985134,,,,,,,,
kappa,17,-1,6,0.33153272079742718,,,,,,,,
kappa,17,-1,7,0.35725773321925303,,,,,,,,
kappa,17,-1,8,0.22189083338803539,,,,,,,,
kappa,17,-1,9,0.17428793366541881,,,,,,,,
kappa,17,-1,10,0.16502447296396158,,,,,,,,
kappa,17,-1,11,0.16213968661733644,,,,,,,,
kappa,17,-1,12,0.16184682676204143,,,,,,,,
kappa,17,-1,13,0.16113363311038528,,,,,,,,
kappa,17,-1,14,0.16018359778671407,,,,,,,,
kappa,17,-1,15,0.17327318759684401,,,,,,,,
kappa,17,-1,16,0.22871794673144621,,,,,,,,
kappa,17,-1,17,0.16855215089474393,,,,,,,,
kappa,17,-1,18,0.16505795974571841,,,,,,,,
kappa,17,-1,19,0.16623312973772081,,,,,,,,
kappa,17,-1,20,0.16456553988688638,,,,,,,,
kappa,17,-1,21,0.16303471407801035,,,,,,,,
kappa,17,-1,22,0.17547472714336754,,,,,,,,
kappa,17,-1,23,0.22634154963015277,,,,,,,,
kappa,17,-1,24,0.16842410239980019,,,,,,,,
kappa,17,-1,25,0.16370468391498644,,,,,,,,
kappa,17,-1,26,0.16452362608013321,,,,,,,,
kappa,17,-1,27,0.16523228131909939,,,,,,,,
kappa,17,-1,28,0.17642892479368613,,,,,,,,
kappa,17,-1,29,0.22323712525984477,,,,,,,,
kappa,17,-1,30,0.16855120753625535,,,,,,,,
kappa,17,-1,31,0.16358018853621026,,,,,,,,
kappa,17,-1,32,0.16433876788158144,,,,,,,,
kappa,17,-1,33,0.17259403002958548,,,,,,,,
kappa,17,-1,34,0.22640657408144635,,,,,,,,
kappa,17,-1,35,0.170126668426691,,,,,,,,
kappa,17,-1,36,0.16416374198639036,,,,,,,,
kappa,17,-1,37,0.1762282084741954,,,,,,,,
kappa,17,-1,38,0.22868366146114641,,,,,,,,
kappa,17,-1,39,0.16952626363583204,,,,,,,,
kappa,17,-1,40,0.17562139395371787,,,,,,,,
kappa,17,-1,41,0.22420427280536054,,,,,,,,
kappa,17,-1,42,0.18037792644401743,,,,,,,,
kappa,17,-1,43,0.26370572603191272,,,,,,,,
kappa,17,-1,44,0.19527349173535577,,,,,,,,
kappa,17,-1,45,0.14655960393273804,,,,,,,,
kappa,17,-1,46,0.14109969551623308,,,,,,,,
kappa,17,-1,47,0.13385067409472973,,,,,,,,
kappa,17,-1,48,0.13433735865356142,,,,,,,,
kappa,17,-1,49,0.13184108565525596,,,,,,,,
kappa,17,-1,50,0.13134329969373076,,,,,,,,
kappa,17,-1,51,0.14296144601694469,,,,,,,,
kappa,17,-1,52,0.15710475513229016,,,,,,,,
kappa,17,-1,53,0.11741648164146221,,,,,,,,
kappa,17,-1,54,0.10986781394263256,,,,,,,,
kappa,17,-1,55,0.11132383431519423,,,,,,,,
kappa,17,-1,56,0.11013147688652246,,,,,,,,
kappa,17,-1,57,0.1055417304125382,,,,,,,,
kappa,17,-1,58,0.11513318872645376,,,,,,,,
kappa,17,-1,59,0.14289714090959682,,,,,,,,
kappa,17,-1,60,0.11392043926833181,,,,,,,,
kappa,17,-1,61,0.11014027708932801,,,,,,,,
kappa,17,-1,62,0.10874862451473297,,,,,,,,
kappa,17,-1,63,0.10709970474629482,,,,,,,,
kappa,17,-1,64,0.11500335378787813,,,,,,,,
kappa,17,-1,65,0.1429680399906697,,,,,,,,
kappa,17,-1,66,0.11081014634175777,,,,,,,,
kappa,17,-1,67,0.1099749685957945,,,,,,,,
kappa,17,-1,68,0.10586572125094831,,,,,,,,
kappa,17,-1,69,0.11015748505519775,,,,,,,,
kappa,17,-1,70,0.14711598756106165,,,,,,,,
kappa,17,-1,71,0.11196886416069474,,,,,,,,
kappa,17,-1,72,0.10717652061113982,,,,,,,,
kappa,17,-1,73,0.11312594846448959,,,,,,,,
kappa,17,-1,74,0.14629633536520997,,,,,,,,
kappa,17,-1,75,0.11186407359507802,,,,,,,,
kappa,17,-1,76,0.11577509187244428,,,,,,,,
kappa,17,-1,77,0.14124778759192705,,,,,,,,
kappa,17,-1,78,0.11827371257960514,,,,,,,,
kappa,17,-1,79,0.17300888541445808,,,,,,,,
kappa,17,-1,80,0.25464188484558581,,,,,,,,
kappa,17,-1,81,0.16566241954450087,,,,,,,,
kappa,17,-1,82,0.16258690958744534,,,,,,,,
kappa,17,-1,83,0.15409058875068862,,,,,,,,
kappa,17,-1,84,0.15307690179037445,,,,,,,,
kappa,17,-1,85,0.15224502609327564,,,,,,,,
kappa,17,-1,86,0.16467156267044131,,,,,,,,
kappa,17,-1,87,0.17096828614846549,,,,,,,,
kappa,17,-1,88,0.12497650416988529,,,,,,,,
kappa,17,-1,89,0.11946196410120707,,,,,,,,
kappa,17,-1,90,0.11426753989659638,,,,,,,,
kappa,17,-1,91,0.11742622345775836,,,,,,,,
kappa,17,-1,92,0.12825110485250826,,,,,,,,
kappa,17,-1,93,0.15531903741295847,,,,,,,,
kappa,17,-1,94,0.11782368507018108,,,,,,,,
kappa,17,-1,95,0.11726270298033924,,,,,,,,
kappa,17,-1,96,0.11117380685877955,,,,,,,,
kappa,17,-1,97,0.12036042499281016,,,,,,,,
kappa,17,-1,98,0.15927140491102862,,,,,,,,
kappa,17,-1,99,0.11847470880275471,,,,,,,,
kappa,17,-1,100,0.11717878859987223,,,,,,,,
kappa,17,-1,101,0.12316280829148228,,,,,,,,
kappa,17,-1,102,0.14930581934656043,,,,,,,,
kappa,17,-1,103,0.11439654012250525,,,,,,,,
kappa,17,-1,104,0.12150423024879375,,,,,,,,
kappa,17,-1,105,0.15006262986143809,,,,,,,,
kappa,17,-1,106,0.12588217651490766,,,,,,,,
kappa,17,-1,107,0.17813962227948635,,,,,,,,
kappa,17,-1,108,0.2649532747009799,,,,,,,,
kappa,17,-1,109,0.16838436396178708,,,,,,,,
kappa,17,-1,110,0.15256082431109785,,,,,,,,
kappa,17,-1,111,0.15935527840830047,,,,,,,,
kappa,17,-1,112,0.15617286658527463,,,,,,,,
kappa,17,-1,113,0.169009000783295,,,,,,,,
kappa,17,-1,114,0.16780548910293841,,,,,,,,
kappa,17,-1,115,0.12426997909261908,,,,,,,,
kappa,17,-1,116,0.11755905752391664,,,,,,,,
kappa,17,-1,117,0.12171851470875213,,,,,,,,
kappa,17,-1,118,0.1256195948125112,,,,,,,,
kappa,17,-1,119,0.1544550170066693,,,,,,,,
kappa,17,-1,120,0.11465773772993924,,,,,,,,
kappa,17,-1,121,0.11179261517002592,,,,,,,,
kappa,17,-1,122,0.12192412435298405,,,,,,,,
kappa,17,-1,123,0.15615791787051542,,,,,,,,
kappa,17,-1,124,0.11625726106146891,,,,,,,,
kappa,17,-1,125,0.12351042278018197,,,,,,,,
kappa,17,-1,126,0.1601105303980396,,,,,,,,
kappa,17,-1,127,0.12447880007928214,,,,,,,,
kappa,17,-1,128,0.17537532621475382,,,,,,,,
kappa,17,-1,129,0.24993473601408506,,,,,,,,
kappa,17,-1,130,0.15804745985316004,,,,,,,,
kappa,17,-1,131,0.15609130032719098,,,,,,,,
kappa,17,-1,132,0.14723433743307693,,,,,,,,
kappa,17,-1,133,0.16831567795712199,,,,,,,,
kappa,17,-1,134,0.16011838351855437,,,,,,,,
kappa,17,-1,135,0.12314704093156859,,,,,,,,
kappa,17,-1,136,0.11561829365591522,,,,,,,,
kappa,17,-1,137,0.12595338676818874,,,,,,,,
kappa,17,-1,138,0.15554402482507601,,,,,,,,
kappa,17,-1,139,0.120606161729737,,,,,,,,
kappa,17,-1,140,0.11998375027596445,,,,,,,,
kappa,17,-1,141,0.15252239121586467,,,,,,,,
kappa,17,-1,142,0.12471983317627394,,,,,,,,
kappa,17,-1,143,0.18097882020994507,,,,,,,,
kappa,17,-1,144,0.260910766559312,,,,,,,,
kappa,17,-1,145,0.16907052485260587,,,,,,,,
kappa,17,-1,146,0.16225714581254758,,,,,,,,
kappa,17,-1,147,0.16530143899594676,,,,,,,,
kappa,17,-1,148,0.17545328597068757,,,,,,,,
kappa,17,-1,149,0.12336850024210085,,,,,,,,
kappa,17,-1,150,0.12387701429886538,,,,,,,,
kappa,17,-1,151,0.15707020942618882,,,,,,,,
kappa,17,-1,152,0.12454073972300127,,,,,,,,
kappa,17,-1,153,0.17888953444665562,,,,,,,,
kappa,17,-1,154,0.25376282893643076,,,,,,,,
kappa,17,-1,155,0.16268915836998374,,,,,,,,
kappa,17,-1,156,0.16558131035277837,,,,,,,,
kappa,17,-1,157,0.1646651814511057,,,,,,,,
kappa,17,-1,158,0.13169949973597772,,,,,,,,
kappa,17,-1,159,0.1805986599075553,,,,,,,,
kappa,17,-1,160,0.25024357395194596,,,,,,,,
kappa,17,-1,161,0.17432274502008907,,,,,,,,
kappa,17,-1,162,0.20135732203442977,,,,,,,,
kappa,17,-1,163,0.36158615734779387,,,,,,,,
partition,17,0,-1,0.97743545179962765,0,0,0,0,0,0,0,0
partition,17,1,-1,1.144052792775931,1,0,0,0,0,0,0,0
partition,17,2,-1,1.2320903899212938,2.7250119546972438,0.36250597734262185,0.36250597734862183,0.36250597734262185,0,5.9999999999999995e-12,0.017026900316098326,5.9999782919817335e-12
a,17,2,0,1,,,,,,,,
partition,17,3,-1,1.3107896272112163,5.1723263682608192,0.7241087894082634,0.7241087894202729,0.36158689181547637,0,6.0046750288865535e-12,-1.9526481126463935e-16,6.0046967398363904e-12
y,17,3,163,0.00093500577731073556,,,,,,,,
a,17,3,0,1.0181064968595912,,,,,,,,
a,17,3,163,0.9818935031404088,,,,,,,,
partition,17,4,-1,1.3832516506316717,8.3427827249670159,1.0856956812237399,1.085695681241754,0.36158689181547637,0,6.0046750288865535e-12,-1.0234868508263162e-16,6.0046967398363904e-12
y,17,4,163,0.00093500577731073567,,,,,,,,
a,17,4,0,1.0189049875280114,,,,,,,,
a,17,4,163,1.9810950124719886,,,,,,,,
partition,17,5,-1,1.4477942318170831,12.183139469950536,1.4366278939640995,1.4366278939901076,0.33405392426424785,0,6.5020609845355386e-12,-1.5820678100908481e-15,6.5020766548684605e-12
y,17,5,155,0.019602037256446731,,,,,,,,
y,17,5,160,0.01202487320001445,,,,,,,,
y,17,5,163,0.017469386431420222,,,,,,,,
y,17,5,44,0.0087036491842978833,,,,,,,,
y,17,5,52,0.0026024235718882351,,,,,,,,
y,17,5,108,0.01077257373342356,,,,,,,,
y,17,5,114,0.011093775552528542,,,,,,,,
y,17,5,144,0.018143477977088353,,,,,,,,
a,17,5,0,1.232154814899445,,,,,,,,
a,17,5,1,0.21820776334711584,,,,,,,,
a,17,5,2,0.015473749169017647,,,,,,,,
a,17,5,3,0.046149086262679516,,,,,,,,
a,17,5,4,0.03493786676833955,,,,,,,,
a,17,5,5,0.039768697385458872,,,,,,,,
a,17,5,6,0.052092845269248809,,,,,,,,
a,17,5,7,0.02714444176742524,,,,,,,,
a,17,5,163,2.3340707351312702,,,,,,,,
partition,17,6,-1,1.5020381107167118,16.624090909565144,1.7706818182283466,1.7706818182608575,0.33405392426424785,0,6.5020609845355386e-12,-1.1934897514720433e-15,6.5020766548684605e-12
y,17,6,144,0.01814347797708836,,,,,,,,
y,17,6,155,0.019602037256446731,,,,,,,,
y,17,6,160,0.012024873200014457,,,,,,,,
y,17,6,163,0.017469386431420229,,,,,,,,
y,17,6,44,0.008703649184297885,,,,,,,,
y,17,6,52,0.0026024235718882386,,,,,,,,
y,17,6,108,0.010772573733423564,,,,,,,,
y,17,6,114,0.01109377555252854,,,,,,,,
a,17,6,0,1.2961419136578243,,,,,,,,
a,17,6,1,0.36669044973485576,,,,,,,,
a,17,6,2,0.18085093673826647,,,,,,,,
a,17,6,3,0.20896999574078978,,,,,,,,
a,17,6,4,0.19869304453764475,,,,,,,,
a,17,6,5,0.20312130593667058,,,,,,,,
a,17,6,6,0.21441844149681152,,,,,,,,
a,17,6,7,0.19154907162014026,,,,,,,,
a,17,6,163,2.1395648405369956,,,,,,,,
partition,17,7,-1,1.5459482152985549,21.733150197721251,2.1047357424925952,2.1047357425316076,0.33405392426424785,0,6.5020609845355386e-12,-1.1379786002407855e-15,6.5020766548684605e-12
y,17,7,114,0.011093775552528544,,,,,,,,
y,17,7,144,0.018143477977088353,,,,,,,,
y,17,7,155,0.019602037256446735,,,,,,,,
y,17,7,160,0.01202487320001445,,,,,,,,
y,17,7,163,0.017469386431420229,,,,,,,,
y,17,7,44,0.008703649184297885,,,,,,,,
y,17,7,52,0.0026024235718882351,,,,,,,,
y,17,7,108,0.010772573733423562,,,,,,,,
a,17,7,0,1.360129012416204,,,,,,,,
a,17,7,1,0.51517313612259641,,,,,,,,
a,17,7,2,0.34622812430751515,,,,,,,,
a,17,7,3,0.37179090521889979,,,,,,,,
a,17,7,4,0.36244822230694967,,,,,,,,
a,17,7,5,0.36647391448788219,,,,,,,,
a,17,7,6,0.37674403772437409,,,,,,,,
a,17,7,7,0.35595370147285449,,,,,,,,
a,17,7,163,1.9450589459427243,,,,,,,,
partition,17,8,-1,1.5741191331652207,27.510317334418858,2.4387896667568425,2.4387896668023572,0.33405392426424785,0,6.5020609845355386e-12,-1.1102230246251565e-15,6.5020766548684605e-12
y,17,8,44,0.0087036491842978868,,,,,,,,
y,17,8,52,0.0026024235718882351,,,,,,,,
y,17,8,108,0.010772573733423562,,,,,,,,
y,17,8,114,0.011093775552528542,,,,,,,,
y,17,8,144,0.018143477977088353,,,,,,,,
y,17,8,155,0.019602037256446735,,,,,,,,
y,17,8,160,0.01202487320001445,,,,,,,,
y,17,8,163,0.017469386431420229,,,,,,,,
a,17,8,0,1.424116111174583,,,,,,,,
a,17,8,1,0.66365582251033639,,,,,,,,
a,17,8,2,0.51160531187676395,,,,,,,,
a,17,8,3,0.53461181469700969,,,,,,,,
a,17,8,4,0.52620340007625488,,,,,,,,
a,17,8,5,0.52982652303909439,,,,,,,,
a,17,8,6,0.53906963395193686,,,,,,,,
a,17,8,7,0.52035833132556908,,,,,,,,
a,17,8,163,1.7505530513484517,,,,,,,,
partition,17,9,-1,1.5722775306540575,33.955592319657967,2.7728435910210911,2.7728435910731073,0.33405392426424785,0,6.5020609845355386e-12,-1.3322676295501878e-15,6.5020766548684605e-12
y,17,9,44,0.0087036491842978868,,,,,,,,
y,17,9,52,0.0026024235718882351,,,,,,,,
y,17,9,108,0.010772573733423562,,,,,,,,
y,17,9,114,0.011093775552528542,,,,,,,,
y,17,9,144,0.018143477977088353,,,,,,,,
y,17,9,155,0.019602037256446735,,,,,,,,
y,17,9,160,0.01202487320001445,,,,,,,,
y,17,9,163,0.017469386431420229,,,,,,,,
a,17,9,0,1.488103209932963,,,,,,,,
a,17,9,1,0.81213850889807704,,,,,,,,
a,17,9,2,0.67698249944601252,,,,,,,,
a,17,9,3,0.69743272417512003,,,,,,,,
a,17,9,4,0.68995857784555981,,,,,,,,
a,17,9,5,0.69317913159030542,,,,,,,,
a,17,9,6,0.70139523017949967,,,,,,,,
a,17,9,7,0.68476296117828439,,,,,,,,
a,17,9,163,1.5560471567541787,,,,,,,,
partition,17,10,-1,1.4152929544766957,42.62553796083597,0,0,0,0,0,0,0
volume,33,-1,968,0.36267617904631827,947,0.21844645449354119,0.31182601851585356,8,1.5852789946030676,-0.068892935451089654,0:0:1,1
kappa,33,-1,0,0.36267617904631827,,,,,,,,
kappa,33,-1,1,0.33743168898978004,,,,,,,,
kappa,33,-1,2,0.33096602342799564,,,,,,,,
kappa,33,-1,3,0.33404089634014283,,,,,,,,
kappa,33,-1,4,0.33407036093730613,,,,,,,,
kappa,33,-1,5,0.33052836702932525,,,,,,,,
kappa,33,-1,6,0.33415014387720704,,,,,,,,
kappa,33,-1,7,0.33336359812334543,,,,,,,,
kappa,33,-1,8,0.33065046253544034,,,,,,,,
kappa,33,-1,9,0.33419683308922454,,,,,,,,
kappa,33,-1,10,0.29624757522765521,,,,,,,,
kappa,33,-1,11,0.33056267878261925,,,,,,,,
kappa,33,-1,12,0.33401225305416532,,,,,,,,
kappa,33,-1,13,0.33400341808121436,,,,,,,,
kappa,33,-1,14,0.32835556642563979,,,,,,,,
kappa,33,-1,15,0.35744155609688061,,,,,,,,
kappa,33,-1,16,0.21900411282286425,,,,,,,,
kappa,33,-1,17,0.1735048738064231,,,,,,,,
kappa,33,-1,18,0.16291057674869147,,,,,,,,
kappa,33,-1,19,0.16028846187650886,,,,,,,,
kappa,33,-1,20,0.16031914790081353,,,,,,,,
kappa,33,-1,21,0.15998013812002676,,,,,,,,
kappa,33,-1,22,0.16016058900669031,,,,,,,,
kappa,33,-1,23,0.15980496644928877,,,,,,,,
kappa,33,-1,24,0.1602251160391831,,,,,,,,
kappa,33,-1,25,0.15989713158330401,,,,,,,,
kappa,33,-1,26,0.15852271011291857,,,,,,,,
kappa,33,-1,27,0.16013895237095038,,,,,,,,
kappa,33,-1,28,0.16034203149922649,,,,,,,,
kappa,33,-1,29,0.15939119745097,,,,,,,,
kappa,33,-1,30,0.15893572921817234,,,,,,,,
kappa,33,-1,31,0.17221867560778101,,,,,,,,
kappa,33,-1,32,0.22431269813363838,,,,,,,,
kappa,33,-1,33,0.16736412720798152,,,,,,,,
kappa,33,-1,34,0.16458343492404559,,,,,,,,
kappa,33,-1,35,0.16381473197517804,,,,,,,,
kappa,33,-1,36,0.16447334263524471,,,,,,,,
kappa,33,-1,37,0.16324433418776785,,,,,,,,
kappa,33,-1,38,0.16213838047034565,,,,,,,,
kappa,33,-1,39,0.16368868507912057,,,,,,,,
kappa,33,-1,40,0.16380408599791629,,,,,,,,
kappa,33,-1,41,0.16276363087031595,,,,,,,,
kappa,33,-1,42,0.16310219580906041,,,,,,,,
kappa,33,-1,43,0.16314143993474819,,,,,,,,
kappa,33,-1,44,0.16275363014603189,,,,,,,,
kappa,33,-1,45,0.16260194302794348,,,,,,,,
kappa,33,-1,46,0.17374474778231366,,,,,,,,
kappa,33,-1,47,0.2258552125148412,,,,,,,,
kappa,33,-1,48,0.16821104317435218,,,,,,,,
kappa,33,-1,49,0.16287078274619768,,,,,,,,
kappa,33,-1,50,0.16338169517428189,,,,,,,,
kappa,33,-1,51,0.16342814067667261,,,,,,,,
kappa,33,-1,52,0.16217876359229438,,,,,,,,
kappa,33,-1,53,0.16184052668116614,,,,,,,,
kappa,33,-1,54,0.16312177016937729,,,,,,,,
kappa,33,-1,55,0.1628091618105319,,,,,,,,
kappa,33,-1,56,0.16175285375722179,,,,,,,,
kappa,33,-1,57,0.16190643658919365,,,,,,,,
kappa,33,-1,58,0.1616463687879453,,,,,,,,
kappa,33,-1,59,0.16295796073912999,,,,,,,,
kappa,33,-1,60,0.17439940306409035,,,,,,,,
kappa,33,-1,61,0.22442924890856583,,,,,,,,
kappa,33,-1,62,0.16806978687322086,,,,,,,,
kappa,33,-1,63,0.16223695997617663,,,,,,,,
kappa,33,-1,64,0.16313199061163647,,,,,,,,
kappa,33,-1,65,0.16270931528562332,,,,,,,,
kappa,33,-1,66,0.16308550716152875,,,,,,,,
kappa,33,-1,67,0.16263366376354857,,,,,,,,
kappa,33,-1,68,0.16236855750842738,,,,,,,,
kappa,33,-1,69,0.16224289308334805,,,,,,,,
kappa,33,-1,70,0.16191974940892775,,,,,,,,
kappa,33,-1,71,0.16319991403540085,,,,,,,,
kappa,33,-1,72,0.16215939765448498,,,,,,,,
kappa,33,-1,73,0.17420990234474321,,,,,,,,
kappa,33,-1,74,0.22387637698145438,,,,,,,,
kappa,33,-1,75,0.16738859914462087,,,,,,,,
kappa,33,-1,76,0.16285197042680388,,,,,,,,
kappa,33,-1,77,0.1623223830278612,,,,,,,,
kappa,33,-1,78,0.16276476575060486,,,,,,,,
kappa,33,-1,79,0.16350547873009996,,,,,,,,
kappa,33,-1,80,0.16246519826860104,,,,,,,,
kappa,33,-1,81,0.16246751957473543,,,,,,,,
kappa,33,-1,82,0.16279043826075687,,,,,,,,
kappa,33,-1,83,0.16355570779380568,,,,,,,,
kappa,33,-1,84,0.16258991860469368,,,,,,,,
kappa,33,-1,85,0.17395410392654168,,,,,,,,
kappa,33,-1,86,0.22588794032206649,,,,,,,,
kappa,33,-1,87,0.16784467434148731,,,,,,,,
kappa,33,-1,88,0.16285155299977322,,,,,,,,
kappa,33,-1,89,0.16202740701418863,,,,,,,,
kappa,33,-1,90,0.16216297719682998,,,,,,,,
kappa,33,-1,91,0.16263989314208394,,,,,,,,
kappa,33,-1,92,0.16315566085369604,,,,,,,,
kappa,33,-1,93,0.1642321463052073,,,,,,,,
kappa,33,-1,94,0.16337107287919189,,,,,,,,
kappa,33,-1,95,0.16070822918078689,,,,,,,,
kappa,33,-1,96,0.17439598932415631,,,,,,,,
kappa,33,-1,97,0.22389552123814513,,,,,,,,
kappa,33,-1,98,0.1678120102071379,,,,,,,,
kappa,33,-1,99,0.16168621391214072,,,,,,,,
kappa,33,-1,100,0.16210288227950598,,,,,,,,
kappa,33,-1,101,0.16237719095657308,,,,,,,,
kappa,33,-1,102,0.16320854360014747,,,,,,,,
kappa,33,-1,103,0.16426426033617389,,,,,,,,
kappa,33,-1,104,0.16345117312751381,,,,,,,,
kappa,33,-1,105,0.16250067668202223,,,,,,,,
kappa,33,-1,106,0.17459016330223839,,,,,,,,
kappa,33,-1,107,0.22023015060033996,,,,,,,,
kappa,33,-1,108,0.16700160293101321,,,,,,,,
kappa,33,-1,109,0.16246431190680949,,,,,,,,
kappa,33,-1,110,0.16176573588504506,,,,,,,,
kappa,33,-1,111,0.16202208228064968,,,,,,,,
kappa,33,-1,112,0.16215468821731285,,,,,,,,
kappa,33,-1,113,0.16164683319614487,,,,,,,,
kappa,33,-1,114,0.16080936345832109,,,,,,,,
kappa,33,-1,115,0.1713889035287792,,,,,,,,
kappa,33,-1,116,0.22596135612564253,,,,,,,,
kappa,33,-1,117,0.16869407106496967,,,,,,,,
kappa,33,-1,118,0.16286569512501847,,,,,,,,
kappa,33,-1,119,0.16326721833194197,,,,,,,,
kappa,33,-1,120,0.16269227673506192,,,,,,,,
kappa,33,-1,121,0.1638835058460697,,,,,,,,
kappa,33,-1,122,0.16218232563127438,,,,,,,,
kappa,33,-1,123,0.17459972648470365,,,,,,,,
kappa,33,-1,124,0.22340354157965972,,,,,,,,
kappa,33,-1,125,0.16835672656440887,,,,,,,,
kappa,33,-1,126,0.16354931190353911,,,,,,,,
kappa,33,-1,127,0.16338331238521961,,,,,,,,
kappa,33,-1,128,0.16280620712367497,,,,,,,,
kappa,33,-1,129,0.16159946980398915,,,,,,,,
kappa,33,-1,130,0.17470683051523453,,,,,,,,
kappa,33,-1,131,0.21851261739348829,,,,,,,,
kappa,33,-1,132,0.16858239655206572,,,,,,,,
kappa,33,-1,133,0.1630315322574398,,,,,,,,
kappa,33,-1,134,0.16255292494271087,,,,,,,,
kappa,33,-1,135,0.16144785516691915,,,,,,,,
kappa,33,-1,136,0.17392036529159058,,,,,,,,
kappa,33,-1,137,0.22566203590990006,,,,,,,,
kappa,33,-1,138,0.16844551052030168,,,,,,,,
kappa,33,-1,139,0.16252868873577306,,,,,,,,
kappa,33,-1,140,0.1608179604285068,,,,,,,,
kappa,33,-1,141,0.17488701520165473,,,,,,,,
kappa,33,-1,142,0.22429702488734429,,,,,,,,
kappa,33,-1,143,0.16813165304089023,,,,,,,,
kappa,33,-1,144,0.16197989683728886,,,,,,,,
kappa,33,-1,145,0.17434535515288876,,,,,,,,
kappa,33,-1,146,0.22357797843734081,,,,,,,,
kappa,33,-1,147,0.16672898037375503,,,,,,,,
kappa,33,-1,148,0.1748528722477512,,,,,,,,
kappa,33,-1,149,0.22253306713500459,,,,,,,,
kappa,33,-1,150,0.17881946342774477,,,,,,,,
kappa,33,-1,151,0.26079434378315447,,,,,,,,
kappa,33,-1,152,0.19253624617097842,,,,,,,,
kappa,33,-1,153,0.14555031337421309,,,,,,,,
kappa,33,-1,154,0.13722192505814679,,,,,,,,
kappa,33,-1,155,0.1314407538241924,,,,,,,,
kappa,33,-1,156,0.13098782541587278,,,,,,,,
kappa,33,-1,157,0.12804827711323755,,,,,,,,
kappa,33,-1,158,0.13020304984367836,,,,,,,,
kappa,33,-1,159,0.12880812073718137,,,,,,,,
kappa,33,-1,160,0.12913949147078937,,,,,,,,
kappa,33,-1,161,0.12882390037898078,,,,,,,,
kappa,33,-1,162,0.12957744846225655,,,,,,,,
kappa,33,-1,163,0.127691980961987,,,,,,,,
kappa,33,-1,164,0.12900999303874414,,,,,,,,
kappa,33,-1,165,0.13042941822507897,,,,,,,,
kappa,33,-1,166,0.12730297614819389,,,,,,,,
kappa,33,-1,167,0.14088179719656233,,,,,,,,
kappa,33,-1,168,0.15436998693643636,,,,,,,,
kappa,33,-1,169,0.11626163547643958,,,,,,,,
kappa,33,-1,170,0.10967797457156345,,,,,,,,
kappa,33,-1,171,0.10727927774435499,,,,,,,,
kappa,33,-1,172,0.10716930603170693,,,,,,,,
kappa,33,-1,173,0.10630109638680986,,,,,,,,
kappa,33,-1,174,0.105366021257493,,,,,,,,
kappa,33,-1,175,0.1066303813039223,,,,,,,,
kappa,33,-1,176,0.10657120386348538,,,,,,,,
kappa,33,-1,177,0.10694919598079655,,,,,,,,
kappa,33,-1,178,0.10545898875830487,,,,,,,,
kappa,33,-1,179,0.10729508524836188,,,,,,,,
kappa,33,-1,180,0.10686835324457944,,,,,,,,
kappa,33,-1,181,0.10320994683655359,,,,,,,,
kappa,33,-1,182,0.1141056296154986,,,,,,,,
kappa,33,-1,183,0.13867798915990601,,,,,,,,
kappa,33,-1,184,0.11012791620984139,,,,,,,,
kappa,33,-1,185,0.10682509310228898,,,,,,,,
kappa,33,-1,186,0.10473691996745621,,,,,,,,
kappa,33,-1,187,0.10351002436674933,,,,,,,,
kappa,33,-1,188,0.1039876276961977,,,,,,,,
kappa,33,-1,189,0.10268935222392167,,,,,,,,
kappa,33,-1,190,0.10314393476278974,,,,,,,,
kappa,33,-1,191,0.10449161018132597,,,,,,,,
kappa,33,-1,192,0.10271802311271581,,,,,,,,
kappa,33,-1,193,0.10356859918858323,,,,,,,,
kappa,33,-1,194,0.10366861596385343,,,,,,,,
kappa,33,-1,195,0.10309839466649187,,,,,,,,
kappa,33,-1,196,0.11116444092750588,,,,,,,,
kappa,33,-1,197,0.14124343649055812,,,,,,,,
kappa,33,-1,198,0.11057111144648828,,,,,,,,
kappa,33,-1,199,0.10476650215268626,,,,,,,,
kappa,33,-1,200,0.10376588121155186,,,,,,,,
kappa,33,-1,201,0.10280192976913824,,,,,,,,
kappa,33,-1,202,0.1023707162755316,,,,,,,,
kappa,33,-1,203,0.10276166093553035,,,,,,,,
kappa,33,-1,204,0.10358180505815817,,,,,,,,
kappa,33,-1,205,0.10237719720658581,,,,,,,,
kappa,33,-1,206,0.10318935618567646,,,,,,,,
kappa,33,-1,207,0.10445209993912373,,,,,,,,
kappa,33,-1,208,0.10147640758126983,,,,,,,,
kappa,33,-1,209,0.10956353644415687,,,,,,,,
kappa,33,-1,210,0.14058386778105628,,,,,,,,
kappa,33,-1,211,0.10867931102602527,,,,,,,,
kappa,33,-1,212,0.10553536949887862,,,,,,,,
kappa,33,-1,213,0.10370729429449903,,,,,,,,
kappa,33,-1,214,0.10283318072138406,,,,,,,,
kappa,33,-1,215,0.10397637602614698,,,,,,,,
kappa,33,-1,216,0.10364955075466947,,,,,,,,
kappa,33,-1,217,0.10284859541622049,,,,,,,,
kappa,33,-1,218,0.10428398578784824,,,,,,,,
kappa,33,-1,219,0.1039126362409637,,,,,,,,
kappa,33,-1,220,0.10171051589525501,,,,,,,,
kappa,33,-1,221,0.11078238171200458,,,,,,,,
kappa,33,-1,222,0.13925079401737628,,,,,,,,
kappa,33,-1,223,0.10958560127182833,,,,,,,,
kappa,33,-1,224,0.10338781567481291,,,,,,,,
kappa,33,-1,225,0.10328834384749132,,,,,,,,
kappa,33,-1,226,0.10243471780464565,,,,,,,,
kappa,33,-1,227,0.10356270071300948,,,,,,,,
kappa,33,-1,228,0.103472664785124,,,,,,,,
kappa,33,-1,229,0.10344425701116773,,,,,,,,
kappa,33,-1,230,0.10354669288548493,,,,,,,,
kappa,33,-1,231,0.10109095185877032,,,,,,,,
kappa,33,-1,232,0.10966425027183586,,,,,,,,
kappa,33,-1,233,0.14116301281647611,,,,,,,,
kappa,33,-1,234,0.11061617771713543,,,,,,,,
kappa,33,-1,235,0.10464494604549557,,,,,,,,
kappa,33,-1,236,0.1030363501514731,,,,,,,,
kappa,33,-1,237,0.10394763790508832,,,,,,,,
kappa,33,-1,238,0.103391173734042,,,,,,,,
kappa,33,-1,239,0.10484300330888308,,,,,,,,
kappa,33,-1,240,0.10464491005745413,,,,,,,,
kappa,33,-1,241,0.101318983764478,,,,,,,,
kappa,33,-1,242,0.11118596796970008,,,,,,,,
kappa,33,-1,243,0.14050414952112478,,,,,,,,
kappa,33,-1,244,0.10877244783461448,,,,,,,,
kappa,33,-1,245,0.10571351053583508,,,,,,,,
kappa,33,-1,246,0.10350782464831315,,,,,,,,
kappa,33,-1,247,0.10262846734042895,,,,,,,,
kappa,33,-1,248,0.10312973787348931,,,,,,,,
kappa,33,-1,249,0.10263273994732704,,,,,,,,
kappa,33,-1,250,0.10095477339207201,,,,,,,,
kappa,33,-1,251,0.10955760819115927,,,,,,,,
kappa,33,-1,252,0.14174550986165615,,,,,,,,
kappa,33,-1,253,0.10932185503376754,,,,,,,,
kappa,33,-1,254,0.10546564802285466,,,,,,,,
kappa,33,-1,255,0.10328953721228032,,,,,,,,
kappa,33,-1,256,0.1040873263776928,,,,,,,,
kappa,33,-1,257,0.1026234077574141,,,,,,,,
kappa,33,-1,258,0.10194840718951963,,,,,,,,
kappa,33,-1,259,0.11063524846859649,,,,,,,,
kappa,33,-1,260,0.14004935812035799,,,,,,,,
kappa,33,-1,261,0.11019014724208565,,,,,,,,
kappa,33,-1,262,0.094325990934397849,,,,,,,,
kappa,33,-1,263,0.1045072383357612,,,,,,,,
kappa,33,-1,264,0.10363813173999245,,,,,,,,
kappa,33,-1,265,0.1014496229801776,,,,,,,,
kappa,33,-1,266,0.11036456974829965,,,,,,,,
kappa,33,-1,267,0.14399989339280619,,,,,,,,
kappa,33,-1,268,0.10932598371879312,,,,,,,,
kappa,33,-1,269,0.10635740661392729,,,,,,,,
kappa,33,-1,270,0.10350700340127145,,,,,,,,
kappa,33,-1,271,0.1018867465478864,,,,,,,,
kappa,33,-1,272,0.11086177589942742,,,,,,,,
kappa,33,-1,273,0.1396641772210418,,,,,,,,
kappa,33,-1,274,0.10928480245700833,,,,,,,,
kappa,33,-1,275,0.10486514707004284,,,,,,,,
kappa,33,-1,276,0.10078650761122923,,,,,,,,
kappa,33,-1,277,0.11003461347379598,,,,,,,,
kappa,33,-1,278,0.14157634611054906,,,,,,,,
kappa,33,-1,279,0.11024968912186194,,,,,,,,
kappa,33,-1,280,0.10267709252960323,,,,,,,,
kappa,33,-1,281,0.11108864213324421,,,,,,,,
kappa,33,-1,282,0.14221344223685892,,,,,,,,
kappa,33,-1,283,0.10840977210508865,,,,,,,,
kappa,33,-1,284,0.11349558967669772,,,,,,,,
kappa,33,-1,285,0.13707896472241093,,,,,,,,
kappa,33,-1,286,0.11675266436704644,,,,,,,,
kappa,33,-1,287,0.17223245496242184,,,,,,,,
kappa,33,-1,288,0.25394598323794237,,,,,,,,
kappa,33,-1,289,0.16319513246300224,,,,,,,,
kappa,33,-1,290,0.16062471080207055,,,,,,,,
kappa,33,-1,291,0.15231933014916804,,,,,,,,
kappa,33,-1,292,0.15234546405800706,,,,,,,,
kappa,33,-1,293,0.15326398868353402,,,,,,,,
kappa,33,-1,294,0.15231300627455527,,,,,,,,
kappa,33,-1,295,0.15047797078024477,,,,,,,,
kappa,33,-1,296,0.15198725170292918,,,,,,,,
kappa,33,-1,297,0.15270938036525775,,,,,,,,
kappa,33,-1,298,0.15167658287888017,,,,,,,,
kappa,33,-1,299,0.15265084335474943,,,,,,,,
kappa,33,-1,300,0.14946681999372657,,,,,,,,
kappa,33,-1,301,0.14743784029027579,,,,,,,,
kappa,33,-1,302,0.16177232665246535,,,,,,,,
kappa,33,-1,303,0.16222711172789392,,,,,,,,
kappa,33,-1,304,0.12163507991446423,,,,,,,,
kappa,33,-1,305,0.11733823166451463,,,,,,,,
kappa,33,-1,306,0.11384864624882919,,,,,,,,
kappa,33,-1,307,0.11559190485397404,,,,,,,,
kappa,33,-1,308,0.11416090183769659,,,,,,,,
kappa,33,-1,309,0.11308981554974326,,,,,,,,
kappa,33,-1,310,0.11475583578252994,,,,,,,,
kappa,33,-1,311,0.11538739173845552,,,,,,,,
kappa,33,-1,312,0.11484591680569572,,,,,,,,
kappa,33,-1,313,0.11368750360975424,,,,,,,,
kappa,33,-1,314,0.11147716236998466,,,,,,,,
kappa,33,-1,315,0.11336840498801032,,,,,,,,
kappa,33,-1,316,0.12261898170974826,,,,,,,,
kappa,33,-1,317,0.15624897213029465,,,,,,,,
kappa,33,-1,318,0.11514478093171901,,,,,,,,
kappa,33,-1,319,0.11590388701936948,,,,,,,,
kappa,33,-1,320,0.11119412457074401,,,,,,,,
kappa,33,-1,321,0.11168837827670487,,,,,,,,
kappa,33,-1,322,0.11103350174452092,,,,,,,,
kappa,33,-1,323,0.11286869386639584,,,,,,,,
kappa,33,-1,324,0.11233855850444066,,,,,,,,
kappa,33,-1,325,0.11044627568145066,,,,,,,,
kappa,33,-1,326,0.11103441174189209,,,,,,,,
kappa,33,-1,327,0.11139890460266511,,,,,,,,
kappa,33,-1,328,0.10936165711931368,,,,,,,,
kappa,33,-1,329,0.11782081665791044,,,,,,,,
kappa,33,-1,330,0.15170879256100891,,,,,,,,
kappa,33,-1,331,0.11478430980385496,,,,,,,,
kappa,33,-1,332,0.11489729934108604,,,,,,,,
kappa,33,-1,333,0.11087335730831857,,,,,,,,
kappa,33,-1,334,0.11155473432070473,,,,,,,,
kappa,33,-1,335,0.11222750710255541,,,,,,,,
kappa,33,-1,336,0.1106092411943197,,,,,,,,
kappa,33,-1,337,0.11049770916271959,,,,,,,,
kappa,33,-1,338,0.11280802889236946,,,,,,,,
kappa,33,-1,339,0.1110912315640495,,,,,,,,
kappa,33,-1,340,0.10857222018755643,,,,,,,,
kappa,33,-1,341,0.11780046672979465,,,,,,,,
kappa,33,-1,342,0.14698176590099479,,,,,,,,
kappa,33,-1,343,0.11403374780441976,,,,,,,,
kappa,33,-1,344,0.11406779274712965,,,,,,,,
kappa,33,-1,345,0.10930024904187842,,,,,,,,
kappa,33,-1,346,0.111311268568691,,,,,,,,
kappa,33,-1,347,0.1109812664238515,,,,,,,,
kappa,33,-1,348,0.11094885051474053,,,,,,,,
kappa,33,-1,349,0.11115455708883805,,,,,,,,
kappa,33,-1,350,0.10950244300301935,,,,,,,,
kappa,33,-1,351,0.1079837093839995,,,,,,,,
kappa,33,-1,352,0.11850479828026615,,,,,,,,
kappa,33,-1,353,0.15508878241516769,,,,,,,,
kappa,33,-1,354,0.11610930120705851,,,,,,,,
kappa,33,-1,355,0.11252075189084153,,,,,,,,
kappa,33,-1,356,0.11078503321998742,,,,,,,,
kappa,33,-1,357,0.11278225172709179,,,,,,,,
kappa,33,-1,358,0.11422947263557222,,,,,,,,
kappa,33,-1,359,0.11114905716396618,,,,,,,,
kappa,33,-1,360,0.11092382696925575,,,,,,,,
kappa,33,-1,361,0.10965915172178724,,,,,,,,
kappa,33,-1,362,0.11942574171564384,,,,,,,,
kappa,33,-1,363,0.14912941154483192,,,,,,,,
kappa,33,-1,364,0.1130947885021189,,,,,,,,
kappa,33,-1,365,0.11477856230290456,,,,,,,,
kappa,33,-1,366,0.11165234883880681,,,,,,,,
kappa,33,-1,367,0.1107872575897552,,,,,,,,
kappa,33,-1,368,0.11094441103783287,,,,,,,,
kappa,33,-1,369,0.11052858988216976,,,,,,,,
kappa,33,-1,370,0.10737566302408569,,,,,,,,
kappa,33,-1,371,0.11734955474113859,,,,,,,,
kappa,33,-1,372,0.15168360492523658,,,,,,,,
kappa,33,-1,373,0.11570520362160785,,,,,,,,
kappa,33,-1,374,0.11363291998298061,,,,,,,,
kappa,33,-1,375,0.11032121591463016,,,,,,,,
kappa,33,-1,376,0.10091391193736561,,,,,,,,
kappa,33,-1,377,0.11073549835395534,,,,,,,,
kappa,33,-1,378,0.1088153712027194,,,,,,,,
kappa,33,-1,379,0.11862221317384725,,,,,,,,
kappa,33,-1,380,0.15197158050338527,,,,,,,,
kappa,33,-1,381,0.11503712989664026,,,,,,,,
kappa,33,-1,382,0.11336502952160661,,,,,,,,
kappa,33,-1,383,0.11188691340813085,,,,,,,,
kappa,33,-1,384,0.11131905541313143,,,,,,,,
kappa,33,-1,385,0.10908581670578064,,,,,,,,
kappa,33,-1,386,0.11920889107273611,,,,,,,,
kappa,33,-1,387,0.15278232324364702,,,,,,,,
kappa,33,-1,388,0.11517906410926726,,,,,,,,
kappa,33,-1,389,0.11454861753890866,,,,,,,,
kappa,33,-1,390,0.11073041920412685,,,,,,,,
kappa,33,-1,391,0.11012727570815847,,,,,,,,
kappa,33,-1,392,0.11902639900922435,,,,,,,,
kappa,33,-1,393,0.1519480868296407,,,,,,,,
kappa,33,-1,394,0.11555844192002991,,,,,,,,
kappa,33,-1,395,0.11264036703190713,,,,,,,,
kappa,33,-1,396,0.10773935260305903,,,,,,,,
kappa,33,-1,397,0.11754465166635188,,,,,,,,
kappa,33,-1,398,0.1521747723913898,,,,,,,,
kappa,33,-1,399,0.11374736454681085,,,,,,,,
kappa,33,-1,400,0.11241748005248943,,,,,,,,
kappa,33,-1,401,0.11922134247283314,,,,,,,,
kappa,33,-1,402,0.14933223826959294,,,,,,,,
kappa,33,-1,403,0.11058195209315594,,,,,,,,
kappa,33,-1,404,0.12067769566776834,,,,,,,,
kappa,33,-1,405,0.14523323442474534,,,,,,,,
kappa,33,-1,406,0.1227296242280311,,,,,,,,
kappa,33,-1,407,0.17672099394041249,,,,,,,,
kappa,33,-1,408,0.25249433670421284,,,,,,,,
kappa,33,-1,409,0.16405809991187567,,,,,,,,
kappa,33,-1,410,0.1506482883432089,,,,,,,,
kappa,33,-1,411,0.15669454180838674,,,,,,,,
kappa,33,-1,412,0.15005631195838753,,,,,,,,
kappa,33,-1,413,0.1501737535711607,,,,,,,,
kappa,33,-1,414,0.15545949516514621,,,,,,,,
kappa,33,-1,415,0.15111648860280003,,,,,,,,
kappa,33,-1,416,0.15369541268554959,,,,,,,,
kappa,33,-1,417,0.14980830267680703,,,,,,,,
kappa,33,-1,418,0.14931746805611151,,,,,,,,
kappa,33,-1,419,0.14770284736504347,,,,,,,,
kappa,33,-1,420,0.15379711439069371,,,,,,,,
kappa,33,-1,421,0.16133596902606129,,,,,,,,
kappa,33,-1,422,0.16374497173727517,,,,,,,,
kappa,33,-1,423,0.12069873926323817,,,,,,,,
kappa,33,-1,424,0.11393579068411248,,,,,,,,
kappa,33,-1,425,0.11785324810556065,,,,,,,,
kappa,33,-1,426,0.11434447828929725,,,,,,,,
kappa,33,-1,427,0.1150152696098781,,,,,,,,
kappa,33,-1,428,0.11669349511972485,,,,,,,,
kappa,33,-1,429,0.11557946577004725,,,,,,,,
kappa,33,-1,430,0.1125445567166926,,,,,,,,
kappa,33,-1,431,0.11168438593478962,,,,,,,,
kappa,33,-1,432,0.11442535829643032,,,,,,,,
kappa,33,-1,433,0.1138314173997975,,,,,,,,
kappa,33,-1,434,0.12209521630382884,,,,,,,,
kappa,33,-1,435,0.15068523388098012,,,,,,,,
kappa,33,-1,436,0.11389144137243988,,,,,,,,
kappa,33,-1,437,0.10913873569174487,,,,,,,,
kappa,33,-1,438,0.11378193430659991,,,,,,,,
kappa,33,-1,439,0.10965360735873382,,,,,,,,
kappa,33,-1,440,0.11153844091148031,,,,,,,,
kappa,33,-1,441,0.11101720503252521,,,,,,,,
kappa,33,-1,442,0.10987949396680663,,,,,,,,
kappa,33,-1,443,0.11063648745957895,,,,,,,,
kappa,33,-1,444,0.11022819485750984,,,,,,,,
kappa,33,-1,445,0.11031398251562664,,,,,,,,
kappa,33,-1,446,0.11856217006242094,,,,,,,,
kappa,33,-1,447,0.15431878364712295,,,,,,,,
kappa,33,-1,448,0.11512574992904784,,,,,,,,
kappa,33,-1,449,0.11077148338610497,,,,,,,,
kappa,33,-1,450,0.11235904050155689,,,,,,,,
kappa,33,-1,451,0.10948408159093646,,,,,,,,
kappa,33,-1,452,0.11041516158973422,,,,,,,,
kappa,33,-1,453,0.11564236567995199,,,,,,,,
kappa,33,-1,454,0.11026240385054646,,,,,,,,
kappa,33,-1,455,0.10957348765115685,,,,,,,,
kappa,33,-1,456,0.11461657243102323,,,,,,,,
kappa,33,-1,457,0.11726808496813428,,,,,,,,
kappa,33,-1,458,0.15225956368930782,,,,,,,,
kappa,33,-1,459,0.11499747645303847,,,,,,,,
kappa,33,-1,460,0.10871476894879921,,,,,,,,
kappa,33,-1,461,0.11306624368456857,,,,,,,,
kappa,33,-1,462,0.11124387912516343,,,,,,,,
kappa,33,-1,463,0.11084355788407498,,,,,,,,
kappa,33,-1,464,0.11093162518687999,,,,,,,,
kappa,33,-1,465,0.10985905709984997,,,,,,,,
kappa,33,-1,466,0.11015553449185075,,,,,,,,
kappa,33,-1,467,0.11885103612189364,,,,,,,,
kappa,33,-1,468,0.14692598823865019,,,,,,,,
kappa,33,-1,469,0.1109866576841738,,,,,,,,
kappa,33,-1,470,0.11093097705757964,,,,,,,,
kappa,33,-1,471,0.1139066711110252,,,,,,,,
kappa,33,-1,472,0.10944575223326157,,,,,,,,
kappa,33,-1,473,0.10978112439698215,,,,,,,,
kappa,33,-1,474,0.098459841945740215,,,,,,,,
kappa,33,-1,475,0.109816832524455,,,,,,,,
kappa,33,-1,476,0.11727996063009365,,,,,,,,
kappa,33,-1,477,0.14957516758618986,,,,,,,,
kappa,33,-1,478,0.11475170225901586,,,,,,,,
kappa,33,-1,479,0.11137167279111967,,,,,,,,
kappa,33,-1,480,0.11223147486968808,,,,,,,,
kappa,33,-1,481,0.1087912748616537,,,,,,,,
kappa,33,-1,482,0.10832885168903866,,,,,,,,
kappa,33,-1,483,0.11446406060026079,,,,,,,,
kappa,33,-1,484,0.1176483954969101,,,,,,,,
kappa,33,-1,485,0.1559499462436732,,,,,,,,
kappa,33,-1,486,0.1163401198337719,,,,,,,,
kappa,33,-1,487,0.1083300094866928,,,,,,,,
kappa,33,-1,488,0.11469192167845024,,,,,,,,
kappa,33,-1,489,0.10922504159217974,,,,,,,,
kappa,33,-1,490,0.11009443311463113,,,,,,,,
kappa,33,-1,491,0.12119927988256979,,,,,,,,
kappa,33,-1,492,0.15149775652193198,,,,,,,,
kappa,33,-1,493,0.11440492518993911,,,,,,,,
kappa,33,-1,494,0.11100257033796523,,,,,,,,
kappa,33,-1,495,0.11274110651789471,,,,,,,,
kappa,33,-1,496,0.11024035695600383,,,,,,,,
kappa,33,-1,497,0.1195466326006691,,,,,,,,
kappa,33,-1,498,0.1559199339013147,,,,,,,,
kappa,33,-1,499,0.11377904955111923,,,,,,,,
kappa,33,-1,500,0.10880363908698334,,,,,,,,
kappa,33,-1,501,0.11197197125030871,,,,,,,,
kappa,33,-1,502,0.11708130902501819,,,,,,,,
kappa,33,-1,503,0.14990375830575825,,,,,,,,
kappa,33,-1,504,0.1113868182507608,,,,,,,,
kappa,33,-1,505,0.10942688189260903,,,,,,,,
kappa,33,-1,506,0.11976643844497725,,,,,,,,
kappa,33,-1,507,0.14679154127326732,,,,,,,,
kappa,33,-1,508,0.11291117449274708,,,,,,,,
kappa,33,-1,509,0.1199012519113514,,,,,,,,
kappa,33,-1,510,0.15460690417361747,,,,,,,,
kappa,33,-1,511,0.12052965670470975,,,,,,,,
kappa,33,-1,512,0.17547791647521366,,,,,,,,
kappa,33,-1,513,0.25343450480860852,,,,,,,,
kappa,33,-1,514,0.16405417112765278,,,,,,,,
kappa,33,-1,515,0.15310255314415344,,,,,,,,
kappa,33,-1,516,0.14911396067313601,,,,,,,,
kappa,33,-1,517,0.16083977800688834,,,,,,,,
kappa,33,-1,518,0.15045399514727884,,,,,,,,
kappa,33,-1,519,0.15226410217140593,,,,,,,,
kappa,33,-1,520,0.15436490301883252,,,,,,,,
kappa,33,-1,521,0.15013217377780341,,,,,,,,
kappa,33,-1,522,0.15074901804919938,,,,,,,,
kappa,33,-1,523,0.15188743140825489,,,,,,,,
kappa,33,-1,524,0.1476621576926099,,,,,,,,
kappa,33,-1,525,0.16381988473137232,,,,,,,,
kappa,33,-1,526,0.16472684648746275,,,,,,,,
kappa,33,-1,527,0.12172162270441547,,,,,,,,
kappa,33,-1,528,0.11583614532229398,,,,,,,,
kappa,33,-1,529,0.11583628070830689,,,,,,,,
kappa,33,-1,530,0.11834594200090888,,,,,,,,
kappa,33,-1,531,0.11577208958464945,,,,,,,,
kappa,33,-1,532,0.11481332124825802,,,,,,,,
kappa,33,-1,533,0.11107440341500623,,,,,,,,
kappa,33,-1,534,0.11528266279758123,,,,,,,,
kappa,33,-1,535,0.11658522953541683,,,,,,,,
kappa,33,-1,536,0.1145247845322121,,,,,,,,
kappa,33,-1,537,0.12365568422489714,,,,,,,,
kappa,33,-1,538,0.15395793688810225,,,,,,,,
kappa,33,-1,539,0.11481106302685615,,,,,,,,
kappa,33,-1,540,0.11134295608314652,,,,,,,,
kappa,33,-1,541,0.10919628899422568,,,,,,,,
kappa,33,-1,542,0.11313555045655024,,,,,,,,
kappa,33,-1,543,0.10974391290514994,,,,,,,,
kappa,33,-1,544,0.10984017094789743,,,,,,,,
kappa,33,-1,545,0.1105552267314704,,,,,,,,
kappa,33,-1,546,0.11032259353912525,,,,,,,,
kappa,33,-1,547,0.11002446890514372,,,,,,,,
kappa,33,-1,548,0.11899253413224194,,,,,,,,
kappa,33,-1,549,0.14958449095502171,,,,,,,,
kappa,33,-1,550,0.11537340736697252,,,,,,,,
kappa,33,-1,551,0.10985580618613629,,,,,,,,
kappa,33,-1,552,0.11038657666434815,,,,,,,,
kappa,33,-1,553,0.1154987793433747,,,,,,,,
kappa,33,-1,554,0.10882589494885667,,,,,,,,
kappa,33,-1,555,0.11064298900874311,,,,,,,,
kappa,33,-1,556,0.11234883004469041,,,,,,,,
kappa,33,-1,557,0.098790394140063409,,,,,,,,
kappa,33,-1,558,0.11851283841121434,,,,,,,,
kappa,33,-1,559,0.15303722713648862,,,,,,,,
kappa,33,-1,560,0.11421246200891756,,,,,,,,
kappa,33,-1,561,0.11175266487820378,,,,,,,,
kappa,33,-1,562,0.11106954479152992,,,,,,,,
kappa,33,-1,563,0.11429259376503911,,,,,,,,
kappa,33,-1,564,0.11018921211930986,,,,,,,,
kappa,33,-1,565,0.11119486225152943,,,,,,,,
kappa,33,-1,566,0.10996274882125159,,,,,,,,
kappa,33,-1,567,0.11885714529239219,,,,,,,,
kappa,33,-1,568,0.15044262854988991,,,,,,,,
kappa,33,-1,569,0.11542177439890754,,,,,,,,
kappa,33,-1,570,0.11292753216454608,,,,,,,,
kappa,33,-1,571,0.1099214008233704,,,,,,,,
kappa,33,-1,572,0.11291349142015582,,,,,,,,
kappa,33,-1,573,0.11143606293200638,,,,,,,,
kappa,33,-1,574,0.1098636660804712,,,,,,,,
kappa,33,-1,575,0.11825104173593941,,,,,,,,
kappa,33,-1,576,0.15538495784239037,,,,,,,,
kappa,33,-1,577,0.11661598619886532,,,,,,,,
kappa,33,-1,578,0.10982049728238746,,,,,,,,
kappa,33,-1,579,0.11053769433732047,,,,,,,,
kappa,33,-1,580,0.11513686812919237,,,,,,,,
kappa,33,-1,581,0.10960444420405671,,,,,,,,
kappa,33,-1,582,0.11948664915557593,,,,,,,,
kappa,33,-1,583,0.15298955432734576,,,,,,,,
kappa,33,-1,584,0.11512369968102316,,,,,,,,
kappa,33,-1,585,0.11228500369042127,,,,,,,,
kappa,33,-1,586,0.1117971132768863,,,,,,,,
kappa,33,-1,587,0.11371490664458213,,,,,,,,
kappa,33,-1,588,0.11892009450358385,,,,,,,,
kappa,33,-1,589,0.14570543937877692,,,,,,,,
kappa,33,-1,590,0.11248856850422596,,,,,,,,
kappa,33,-1,591,0.11024307551519223,,,,,,,,
kappa,33,-1,592,0.10678218178207675,,,,,,,,
kappa,33,-1,593,0.1195000295710489,,,,,,,,
kappa,33,-1,594,0.14982542234807583,,,,,,,,
kappa,33,-1,595,0.11500990808019335,,,,,,,,
kappa,33,-1,596,0.10922946892477732,,,,,,,,
kappa,33,-1,597,0.1207233007517536,,,,,,,,
kappa,33,-1,598,0.15164199072039786,,,,,,,,
kappa,33,-1,599,0.11687305878630817,,,,,,,,
kappa,33,-1,600,0.11828009396940281,,,,,,,,
kappa,33,-1,601,0.14628026755218917,,,,,,,,
kappa,33,-1,602,0.12120652562194284,,,,,,,,
kappa,33,-1,603,0.17680860928130282,,,,,,,,
kappa,33,-1,604,0.25460141421333565,,,,,,,,
kappa,33,-1,605,0.16555455102381691,,,,,,,,
kappa,33,-1,606,0.15442879913968499,,,,,,,,
kappa,33,-1,607,0.15185037681253377,,,,,,,,
kappa,33,-1,608,0.15137040005551136,,,,,,,,
kappa,33,-1,609,0.1611825137708989,,,,,,,,
kappa,33,-1,610,0.14979730816550624,,,,,,,,
kappa,33,-1,611,0.14862147165289968,,,,,,,,
kappa,33,-1,612,0.15311940278981759,,,,,,,,
kappa,33,-1,613,0.15607462845195041,,,,,,,,
kappa,33,-1,614,0.1512067795399008,,,,,,,,
kappa,33,-1,615,0.16314674486572098,,,,,,,,
kappa,33,-1,616,0.16608652552549533,,,,,,,,
kappa,33,-1,617,0.12186355166706163,,,,,,,,
kappa,33,-1,618,0.11495948205814022,,,,,,,,
kappa,33,-1,619,0.11354297268249727,,,,,,,,
kappa,33,-1,620,0.11351379016726934,,,,,,,,
kappa,33,-1,621,0.11574505918904325,,,,,,,,
kappa,33,-1,622,0.11371046391036053,,,,,,,,
kappa,33,-1,623,0.11507024467604582,,,,,,,,
kappa,33,-1,624,0.11474420868107241,,,,,,,,
kappa,33,-1,625,0.11333169519384173,,,,,,,,
kappa,33,-1,626,0.11218538875455923,,,,,,,,
kappa,33,-1,627,0.1539513504467889,,,,,,,,
kappa,33,-1,628,0.11529321493556406,,,,,,,,
kappa,33,-1,629,0.11060843091023494,,,,,,,,
kappa,33,-1,630,0.11052964794984163,,,,,,,,
kappa,33,-1,631,0.11016411600922767,,,,,,,,
kappa,33,-1,632,0.11378393055132603,,,,,,,,
kappa,33,-1,633,0.11060578734183936,,,,,,,,
kappa,33,-1,634,0.11265710722145167,,,,,,,,
kappa,33,-1,635,0.11162433001782728,,,,,,,,
kappa,33,-1,636,0.11994896137894694,,,,,,,,
kappa,33,-1,637,0.14965949331095343,,,,,,,,
kappa,33,-1,638,0.11324462936882142,,,,,,,,
kappa,33,-1,639,0.11244657381176382,,,,,,,,
kappa,33,-1,640,0.11048456427922536,,,,,,,,
kappa,33,-1,641,0.10847666147854677,,,,,,,,
kappa,33,-1,642,0.11498918595671469,,,,,,,,
kappa,33,-1,643,0.11125558128496835,,,,,,,,
kappa,33,-1,644,0.11083903602667952,,,,,,,,
kappa,33,-1,645,0.1183741027397775,,,,,,,,
kappa,33,-1,646,0.15288087980757345,,,,,,,,
kappa,33,-1,647,0.11578379233532547,,,,,,,,
kappa,33,-1,648,0.11035101565830964,,,,,,,,
kappa,33,-1,649,0.11008567867568654,,,,,,,,
kappa,33,-1,650,0.11119816867191859,,,,,,,,
kappa,33,-1,651,0.11639052994468305,,,,,,,,
kappa,33,-1,652,0.10948530127121125,,,,,,,,
kappa,33,-1,653,0.11731813439855929,,,,,,,,
kappa,33,-1,654,0.15540625164312019,,,,,,,,
kappa,33,-1,655,0.11582602231498003,,,,,,,,
kappa,33,-1,656,0.11064350837055577,,,,,,,,
kappa,33,-1,657,0.1124276247067757,,,,,,,,
kappa,33,-1,658,0.11226957319495211,,,,,,,,
kappa,33,-1,659,0.11522732144327896,,,,,,,,
kappa,33,-1,660,0.11831175611423787,,,,,,,,
kappa,33,-1,661,0.15099782867168637,,,,,,,,
kappa,33,-1,662,0.11188570123329104,,,,,,,,
kappa,33,-1,663,0.11188349531248482,,,,,,,,
kappa,33,-1,664,0.11097546045841536,,,,,,,,
kappa,33,-1,665,0.10954484740807219,,,,,,,,
kappa,33,-1,666,0.12119090401176701,,,,,,,,
kappa,33,-1,667,0.14873669412791649,,,,,,,,
kappa,33,-1,668,0.11356980769997099,,,,,,,,
kappa,33,-1,669,0.11104500269369187,,,,,,,,
kappa,33,-1,670,0.10739756396124835,,,,,,,,
kappa,33,-1,671,0.11990093666533265,,,,,,,,
kappa,33,-1,672,0.15296673174302566,,,,,,,,
kappa,33,-1,673,0.11495667173617825,,,,,,,,
kappa,33,-1,674,0.11347239291077096,,,,,,,,
kappa,33,-1,675,0.11764526636512175,,,,,,,,
kappa,33,-1,676,0.16096660724392003,,,,,,,,
kappa,33,-1,677,0.11403677358362319,,,,,,,,
kappa,33,-1,678,0.11854324997770581,,,,,,,,
kappa,33,-1,679,0.1447560062985509,,,,,,,,
kappa,33,-1,680,0.12107252851025509,,,,,,,,
kappa,33,-1,681,0.17664194675339795,,,,,,,,
kappa,33,-1,682,0.25226304963152152,,,,,,,,
kappa,33,-1,683,0.16383517733093972,,,,,,,,
kappa,33,-1,684,0.15027261514376339,,,,,,,,
kappa,33,-1,685,0.15016798309259136,,,,,,,,
kappa,33,-1,686,0.1478127168518629,,,,,,,,
kappa,33,-1,687,0.14927628980835844,,,,,,,,
kappa,33,-1,688,0.15676749066245058,,,,,,,,
kappa,33,-1,689,0.14566924598212827,,,,,,,,
kappa,33,-1,690,0.15099613489078009,,,,,,,,
kappa,33,-1,691,0.15456461033861177,,,,,,,,
kappa,33,-1,692,0.16235544110699898,,,,,,,,
kappa,33,-1,693,0.1649901475564623,,,,,,,,
kappa,33,-1,694,0.12050366294934786,,,,,,,,
kappa,33,-1,695,0.11334241621044927,,,,,,,,
kappa,33,-1,696,0.11180945829790644,,,,,,,,
kappa,33,-1,697,0.11440774968390167,,,,,,,,
kappa,33,-1,698,0.11419360461174538,,,,,,,,
kappa,33,-1,699,0.12060490769791311,,,,,,,,
kappa,33,-1,700,0.11527780800460671,,,,,,,,
kappa,33,-1,701,0.11297224299285516,,,,,,,,
kappa,33,-1,702,0.12266767472259897,,,,,,,,
kappa,33,-1,703,0.15009591619769952,,,,,,,,
kappa,33,-1,704,0.11241005101426231,,,,,,,,
kappa,33,-1,705,0.11125316858376293,,,,,,,,
kappa,33,-1,706,0.11017083607655724,,,,,,,,
kappa,33,-1,707,0.11110757195263721,,,,,,,,
kappa,33,-1,708,0.10806177244193192,,,,,,,,
kappa,33,-1,709,0.11423584390167998,,,,,,,,
kappa,33,-1,710,0.10847396229916496,,,,,,,,
kappa,33,-1,711,0.11778646540674911,,,,,,,,
kappa,33,-1,712,0.15680385697678512,,,,,,,,
kappa,33,-1,713,0.11366227974673329,,,,,,,,
kappa,33,-1,714,0.11003071789674389,,,,,,,,
kappa,33,-1,715,0.11535379089808186,,,,,,,,
kappa,33,-1,716,0.10979195972740592,,,,,,,,
kappa,33,-1,717,0.10897832142189273,,,,,,,,
kappa,33,-1,718,0.11191861307616481,,,,,,,,
kappa,33,-1,719,0.11645954327122326,,,,,,,,
kappa,33,-1,720,0.14781206762286433,,,,,,,,
kappa,33,-1,721,0.11234662248866022,,,,,,,,
kappa,33,-1,722,0.11003731259560311,,,,,,,,
kappa,33,-1,723,0.11083243744549787,,,,,,,,
kappa,33,-1,724,0.10946592021859104,,,,,,,,
kappa,33,-1,725,0.10841695625781379,,,,,,,,
kappa,33,-1,726,0.11955833197969622,,,,,,,,
kappa,33,-1,727,0.14970751415769287,,,,,,,,
kappa,33,-1,728,0.11508714928328204,,,,,,,,
kappa,33,-1,729,0.11109923743675136,,,,,,,,
kappa,33,-1,730,0.11053515598985607,,,,,,,,
kappa,33,-1,731,0.10850243838398919,,,,,,,,
kappa,33,-1,732,0.12043394067064342,,,,,,,,
kappa,33,-1,733,0.15470941964789567,,,,,,,,
kappa,33,-1,734,0.11521121294460571,,,,,,,,
kappa,33,-1,735,0.11055097348587523,,,,,,,,
kappa,33,-1,736,0.1117429234091445,,,,,,,,
kappa,33,-1,737,0.11743722351872579,,,,,,,,
kappa,33,-1,738,0.15041646323065208,,,,,,,,
kappa,33,-1,739,0.11884549164982988,,,,,,,,
kappa,33,-1,740,0.10731737195513147,,,,,,,,
kappa,33,-1,741,0.11816600515261148,,,,,,,,
kappa,33,-1,742,0.14988751670262077,,,,,,,,
kappa,33,-1,743,0.11206952053194658,,,,,,,,
kappa,33,-1,744,0.11862989206132957,,,,,,,,
kappa,33,-1,745,0.14759308683307765,,,,,,,,
kappa,33,-1,746,0.11905033085203041,,,,,,,,
kappa,33,-1,747,0.17510472185583675,,,,,,,,
kappa,33,-1,748,0.25679404916222237,,,,,,,,
kappa,33,-1,749,0.16450296098005851,,,,,,,,
kappa,33,-1,750,0.14871888209249187,,,,,,,,
kappa,33,-1,751,0.14904638877133544,,,,,,,,
kappa,33,-1,752,0.15438800699651117,,,,,,,,
kappa,33,-1,753,0.15445655909740549,,,,,,,,
kappa,33,-1,754,0.15532025803523389,,,,,,,,
kappa,33,-1,755,0.1609901413665526,,,,,,,,
kappa,33,-1,756,0.14688744826518524,,,,,,,,
kappa,33,-1,757,0.16342596495372391,,,,,,,,
kappa,33,-1,758,0.16484689193579566,,,,,,,,
kappa,33,-1,759,0.12089098688809562,,,,,,,,
kappa,33,-1,760,0.11515957320880664,,,,,,,,
kappa,33,-1,761,0.11646184588638546,,,,,,,,
kappa,33,-1,762,0.11520763201141823,,,,,,,,
kappa,33,-1,763,0.11554193945401592,,,,,,,,
kappa,33,-1,764,0.11502691733854245,,,,,,,,
kappa,33,-1,765,0.11712441697048782,,,,,,,,
kappa,33,-1,766,0.12307405146017,,,,,,,,
kappa,33,-1,767,0.14997002774224022,,,,,,,,
kappa,33,-1,768,0.11106347878060169,,,,,,,,
kappa,33,-1,769,0.11190388670299625,,,,,,,,
kappa,33,-1,770,0.10975866388945729,,,,,,,,
kappa,33,-1,771,0.11007017405792689,,,,,,,,
kappa,33,-1,772,0.11118276730015834,,,,,,,,
kappa,33,-1,773,0.1085818267898873,,,,,,,,
kappa,33,-1,774,0.11955709798140789,,,,,,,,
kappa,33,-1,775,0.15082280547216931,,,,,,,,
kappa,33,-1,776,0.11506499845160799,,,,,,,,
kappa,33,-1,777,0.10987242695834212,,,,,,,,
kappa,33,-1,778,0.11149610488575339,,,,,,,,
kappa,33,-1,779,0.10990457049151775,,,,,,,,
kappa,33,-1,780,0.10887671380510248,,,,,,,,
kappa,33,-1,781,0.12078512399111663,,,,,,,,
kappa,33,-1,782,0.15295457235751153,,,,,,,,
kappa,33,-1,783,0.11649387464729292,,,,,,,,
kappa,33,-1,784,0.11267489976174272,,,,,,,,
kappa,33,-1,785,0.11140683034290849,,,,,,,,
kappa,33,-1,786,0.11386787932052536,,,,,,,,
kappa,33,-1,787,0.11897169697733238,,,,,,,,
kappa,33,-1,788,0.14986858158940264,,,,,,,,
kappa,33,-1,789,0.11473608020338869,,,,,,,,
kappa,33,-1,790,0.1158435395978389,,,,,,,,
kappa,33,-1,791,0.10767685247685771,,,,,,,,
kappa,33,-1,792,0.11808836101411806,,,,,,,,
kappa,33,-1,793,0.16150811013189903,,,,,,,,
kappa,33,-1,794,0.11662018576043987,,,,,,,,
kappa,33,-1,795,0.10977933495341055,,,,,,,,
kappa,33,-1,796,0.11867261599852563,,,,,,,,
kappa,33,-1,797,0.15502427143994263,,,,,,,,
kappa,33,-1,798,0.11353276169173669,,,,,,,,
kappa,33,-1,799,0.11884088380368521,,,,,,,,
kappa,33,-1,800,0.14726110519620655,,,,,,,,
kappa,33,-1,801,0.12129163866629013,,,,,,,,
kappa,33,-1,802,0.1771264446524517,,,,,,,,
kappa,33,-1,803,0.24708306697615823,,,,,,,,
kappa,33,-1,804,0.15428606640657261,,,,,,,,
kappa,33,-1,805,0.15298750370086053,,,,,,,,
kappa,33,-1,806,0.15098429290565252,,,,,,,,
kappa,33,-1,807,0.14991647126678434,,,,,,,,
kappa,33,-1,808,0.14980596837835439,,,,,,,,
kappa,33,-1,809,0.14835192304236586,,,,,,,,
kappa,33,-1,810,0.14621924895350924,,,,,,,,
kappa,33,-1,811,0.16700785624861575,,,,,,,,
kappa,33,-1,812,0.15606615833699311,,,,,,,,
kappa,33,-1,813,0.11965833306170373,,,,,,,,
kappa,33,-1,814,0.11406611610248797,,,,,,,,
kappa,33,-1,815,0.11316764112278184,,,,,,,,
kappa,33,-1,816,0.11334530735322462,,,,,,,,
kappa,33,-1,817,0.11229426847224386,,,,,,,,
kappa,33,-1,818,0.1120324474952034,,,,,,,,
kappa,33,-1,819,0.12446359385267314,,,,,,,,
kappa,33,-1,820,0.15304897070908033,,,,,,,,
kappa,33,-1,821,0.11553379492882369,,,,,,,,
kappa,33,-1,822,0.11081575936167151,,,,,,,,
kappa,33,-1,823,0.1121471801002055,,,,,,,,
kappa,33,-1,824,0.11058565092905398,,,,,,,,
kappa,33,-1,825,0.11371955219034199,,,,,,,,
kappa,33,-1,826,0.11747686132374047,,,,,,,,
kappa,33,-1,827,0.15269618046801886,,,,,,,,
kappa,33,-1,828,0.1145038367298096,,,,,,,,
kappa,33,-1,829,0.11091967864169049,,,,,,,,
kappa,33,-1,830,0.11467348856757241,,,,,,,,
kappa,33,-1,831,0.1102909670593329,,,,,,,,
kappa,33,-1,832,0.11798286624442962,,,,,,,,
kappa,33,-1,833,0.1512380921047278,,,,,,,,
kappa,33,-1,834,0.11815351091328088,,,,,,,,
kappa,33,-1,835,0.10939081327459153,,,,,,,,
kappa,33,-1,836,0.10912982658105758,,,,,,,,
kappa,33,-1,837,0.11819461327581184,,,,,,,,
kappa,33,-1,838,0.15053993900043147,,,,,,,,
kappa,33,-1,839,0.11484615361027499,,,,,,,,
kappa,33,-1,840,0.11018048782558529,,,,,,,,
kappa,33,-1,841,0.11849251715395316,,,,,,,,
kappa,33,-1,842,0.15094391520734834,,,,,,,,
kappa,33,-1,843,0.11366610535194466,,,,,,,,
kappa,33,-1,844,0.11838964994608095,,,,,,,,
kappa,33,-1,845,0.1473755444398222,,,,,,,,
kappa,33,-1,846,0.12105528656305954,,,,,,,,
kappa,33,-1,847,0.17879754331864856,,,,,,,,
kappa,33,-1,848,0.25394241891547564,,,,,,,,
kappa,33,-1,849,0.16380421993447319,,,,,,,,
kappa,33,-1,850,0.15293990410289598,,,,,,,,
kappa,33,-1,851,0.15453612268396952,,,,,,,,
kappa,33,-1,852,0.15136362264772873,,,,,,,,
kappa,33,-1,853,0.14686150585252972,,,,,,,,
kappa,33,-1,854,0.15566177888794686,,,,,,,,
kappa,33,-1,855,0.16113061653439414,,,,,,,,
kappa,33,-1,856,0.16384067981583156,,,,,,,,
kappa,33,-1,857,0.12179830492682524,,,,,,,,
kappa,33,-1,858,0.11407372672162007,,,,,,,,
kappa,33,-1,859,0.11506340547521197,,,,,,,,
kappa,33,-1,860,0.11828300705972991,,,,,,,,
kappa,33,-1,861,0.11378254692339265,,,,,,,,
kappa,33,-1,862,0.12245716587148564,,,,,,,,
kappa,33,-1,863,0.15215961205981432,,,,,,,,
kappa,33,-1,864,0.11428162800541174,,,,,,,,
kappa,33,-1,865,0.11429184679231316,,,,,,,,
kappa,33,-1,866,0.11172152814944342,,,,,,,,
kappa,33,-1,867,0.11043495562227511,,,,,,,,
kappa,33,-1,868,0.1188047719670647,,,,,,,,
kappa,33,-1,869,0.15671133165050846,,,,,,,,
kappa,33,-1,870,0.11521758877344301,,,,,,,,
kappa,33,-1,871,0.11128849408305633,,,,,,,,
kappa,33,-1,872,0.11475211079668739,,,,,,,,
kappa,33,-1,873,0.11786095038585934,,,,,,,,
kappa,33,-1,874,0.15129009113868166,,,,,,,,
kappa,33,-1,875,0.11452408019486708,,,,,,,,
kappa,33,-1,876,0.11017203207193825,,,,,,,,
kappa,33,-1,877,0.1187411426380638,,,,,,,,
kappa,33,-1,878,0.15225816195001618,,,,,,,,
kappa,33,-1,879,0.11433589606993788,,,,,,,,
kappa,33,-1,880,0.11786113294698074,,,,,,,,
kappa,33,-1,881,0.15242240301048393,,,,,,,,
kappa,33,-1,882,0.12063238803349502,,,,,,,,
kappa,33,-1,883,0.17664789519568483,,,,,,,,
kappa,33,-1,884,0.25797908122692587,,,,,,,,
kappa,33,-1,885,0.16439536666121884,,,,,,,,
kappa,33,-1,886,0.14718878706998609,,,,,,,,
kappa,33,-1,887,0.16083688774999744,,,,,,,,
kappa,33,-1,888,0.14995813111146838,,,,,,,,
kappa,33,-1,889,0.15109838652603666,,,,,,,,
kappa,33,-1,890,0.16426928557021941,,,,,,,,
kappa,33,-1,891,0.16481498326600441,,,,,,,,
kappa,33,-1,892,0.12413285559864748,,,,,,,,
kappa,33,-1,893,0.11493805805784769,,,,,,,,
kappa,33,-1,894,0.11494873268587538,,,,,,,,
kappa,33,-1,895,0.11410397827383596,,,,,,,,
kappa,33,-1,896,0.1239692670491625,,,,,,,,
kappa,33,-1,897,0.14783202142351051,,,,,,,,
kappa,33,-1,898,0.11469920808033021,,,,,,,,
kappa,33,-1,899,0.11153873730858592,,,,,,,,
kappa,33,-1,900,0.10910410383418832,,,,,,,,
kappa,33,-1,901,0.1181896971954573,,,,,,,,
kappa,33,-1,902,0.15633399197586664,,,,,,,,
kappa,33,-1,903,0.11541984614026915,,,,,,,,
kappa,33,-1,904,0.11155870876291128,,,,,,,,
kappa,33,-1,905,0.11889450854600442,,,,,,,,
kappa,33,-1,906,0.15346086867285216,,,,,,,,
kappa,33,-1,907,0.11388031103783242,,,,,,,,
kappa,33,-1,908,0.11917875420242852,,,,,,,,
kappa,33,-1,909,0.14907682282063145,,,,,,,,
kappa,33,-1,910,0.12129042583275348,,,,,,,,
kappa,33,-1,911,0.17692866705382285,,,,,,,,
kappa,33,-1,912,0.29441255239809488,,,,,,,,
kappa,33,-1,913,0.16345739798780798,,,,,,,,
kappa,33,-1,914,0.15364058589005136,,,,,,,,
kappa,33,-1,915,0.15293096003813378,,,,,,,,
kappa,33,-1,916,0.15051569325468769,,,,,,,,
kappa,33,-1,917,0.16217785860217224,,,,,,,,
kappa,33,-1,918,0.1641435812815876,,,,,,,,
kappa,33,-1,919,0.12215008728655623,,,,,,,,
kappa,33,-1,920,0.11520122644335185,,,,,,,,
kappa,33,-1,921,0.11303394669125441,,,,,,,,
kappa,33,-1,922,0.12343588134895393,,,,,,,,
kappa,33,-1,923,0.15371337113189537,,,,,,,,
kappa,33,-1,924,0.11633344675868874,,,,,,,,
kappa,33,-1,925,0.11189431800783177,,,,,,,,
kappa,33,-1,926,0.11937522556802363,,,,,,,,
kappa,33,-1,927,0.15406908201912967,,,,,,,,
kappa,33,-1,928,0.11542695568661675,,,,,,,,
kappa,33,-1,929,0.11993840469820956,,,,,,,,
kappa,33,-1,930,0.15086903754064779,,,,,,,,
kappa,33,-1,931,0.1223328394999464,,,,,,,,
kappa,33,-1,932,0.17821616843412835,,,,,,,,
kappa,33,-1,933,0.25289261721273598,,,,,,,,
kappa,33,-1,934,0.16010810725206159,,,,,,,,
kappa,33,-1,935,0.15221220595229432,,,,,,,,
kappa,33,-1,936,0.1488340118075524,,,,,,,,
kappa,33,-1,937,0.16155507316651221,,,,,,,,
kappa,33,-1,938,0.16225428050656027,,,,,,,,
kappa,33,-1,939,0.12098432557359838,,,,,,,,
kappa,33,-1,940,0.11316128109328094,,,,,,,,
kappa,33,-1,941,0.12321547228854539,,,,,,,,
kappa,33,-1,942,0.15376321309912408,,,,,,,,
kappa,33,-1,943,0.1136944491131613,,,,,,,,
kappa,33,-1,944,0.11861519202390133,,,,,,,,
kappa,33,-1,945,0.15417315795691203,,,,,,,,
kappa,33,-1,946,0.12000837358065924,,,,,,,,
kappa,33,-1,947,0.17612924812273445,,,,,,,,
kappa,33,-1,948,0.25359167489960183,,,,,,,,
kappa,33,-1,949,0.1654866860343488,,,,,,,,
kappa,33,-1,950,0.15127166792127109,,,,,,,,
kappa,33,-1,951,0.16304968635907768,,,,,,,,
kappa,33,-1,952,0.16305370344473419,,,,,,,,
kappa,33,-1,953,0.1205178916931051,,,,,,,,
kappa,33,-1,954,0.12353681525953039,,,,,,,,
kappa,33,-1,955,0.15072825361211603,,,,,,,,
kappa,33,-1,956,0.12136096733752408,,,,,,,,
kappa,33,-1,957,0.17734576998684165,,,,,,,,
kappa,33,-1,958,0.2546244054346215,,,,,,,,
kappa,33,-1,959,0.16137079353352141,,,,,,,,
kappa,33,-1,960,0.16326217883476735,,,,,,,,
kappa,33,-1,961,0.160962229923624,,,,,,,,
kappa,33,-1,962,0.12880374945955969,,,,,,,,
kappa,33,-1,963,0.17812868546587873,,,,,,,,
kappa,33,-1,964,0.24669827326695087,,,,,,,,
kappa,33,-1,965,0.16978399729258919,,,,,,,,
kappa,33,-1,966,0.19774478380616842,,,,,,,,
kappa,33,-1,967,0.35884800190208926,,,,,,,,
partition,33,0,-1,0.98608045221193519,0,0,0,0,0,0,0,0
partition,33,1,-1,1.153924510041102,1,0,0,0,0,0,0,0
partition,33,2,-1,1.2426025838554147,2.7253523581046366,0.36267617904631827,0.36267617905231825,0.36267617904631827,0,5.9999999999999995e-12,0.0045280774269154979,5.9999782919817335e-12
a,33,2,0,1,,,,,,,,
partition,33,3,-1,1.3214514370629395,5.1646260193109761,0.72154200642495381,0.72154200643699229,0.3588484161323176,0,6.0192258708015919e-12,3.4694469519536142e-18,6.01924066145898e-12
y,33,3,967,0.0038451741603185608,,,,,,,,
a,33,3,0,1.0046563875898771,,,,,,,,
a,33,3,967,0.99534361241012292,,,,,,,,
partition,33,4,-1,1.3939696807060726,8.3215616903013157,1.0803904225572714,1.0803904225753291,0.3588484161323176,0,6.0192258708015919e-12,1.4224732503009818e-16,6.01924066145898e-12
y,33,4,967,0.0038451741603185608,,,,,,,,
a,33,4,0,1.0047645931960274,,,,,,,,
a,33,4,967,1.9952354068039726,,,,,,,,
partition,33,5,-1,1.4586512880704317,12.148454842095086,1.429690968393095,1.4296909684190173,0.33347890770197808,0,6.4788766879259468e-12,-7.5495165674510645e-15,6.4788729936537948e-12
y,33,5,912,0.011676201654810342,,,,,,,,
y,33,5,934,0.012180702641272498,,,,,,,,
y,33,5,948,0.0039007031385682057,,,,,,,,
y,33,5,959,0.010654005234278091,,,,,,,,
y,33,5,964,0.007447127450792972,,,,,,,,
y,33,5,967,0.0075653530769359684,,,,,,,,
y,33,5,152,0.0043511243653803367,,,,,,,,
y,33,5,408,0.0048796471569594671,,,,,,,,
y,33,5,604,0.0059300066500346501,,,,,,,,
y,33,5,616,0.0034460245873721511,,,,,,,,
y,33,5,748,0.0041002295146476218,,,,,,,,
y,33,5,758,0.0065568239218547217,,,,,,,,
y,33,5,848,0.0077951717591320246,,,,,,,,
y,33,5,856,0.0052922164331504571,,,,,,,,
a,33,5,0,1.2319968360923359,,,,,,,,
a,33,5,1,0.22684046759296475,,,,,,,,
a,33,5,2,0.016797483965161616,,,,,,,,
a,33,5,3,0.020610221981701999,,,,,,,,
a,33,5,4,0.00076075764309909539,,,,,,,,
a,33,5,5,0.00038098207692368647,,,,,,,,
a,33,5,6,0.00033222610363294226,,,,,,,,
a,33,5,7,0.0031825858844049563,,,,,,,,
a,33,5,8,0.0018298263989256199,,,,,,,,
a,33,5,11,0.0080687895729504994,,,,,,,,
a,33,5,12,0.024550158337123377,,,,,,,,
a,33,5,13,0.048002508351240265,,,,,,,,
a,33,5,14,0.074264069322553264,,,,,,,,
a,33,5,15,0.081081025356389252,,,,,,,,
a,33,5,967,2.2613020613205932,,,,,,,,
partition,33,6,-1,1.5131011837541872,16.578767654668837,1.7631279424124076,1.7631279424448068,0.33342974610359183,0,6.4798960594722403e-12,-5.1070259132757201e-15,6.4798721943759574e-12
y,33,6,848,0.010592305404191187,,,,,,,,
y,33,6,856,0.0046594294290449485,,,,,,,,
y,33,6,912,0.0082006251610953207,,,,,,,,
y,33,6,934,0.011481351054291907,,,,,,,,
y,33,6,948,0.0061113992346398336,,,,,,,,
y,33,6,959,0.013147201993222984,,,,,,,,
y,33,6,964,0.007080997525429354,,,,,,,,
y,33,6,967,0.0057006739005446352,,,,,,,,
y,33,6,152,0.0024193431088108393,,,,,,,,
y,33,6,408,0.0093009306013528952,,,,,,,,
y,33,6,604,0.0023534294174253033,,,,,,,,
y,33,6,616,0.00312961709898063,,,,,,,,
y,33,6,748,0.0043721187143443262,,,,,,,,
y,33,6,758,0.0074297892510741502,,,,,,,,
a,33,6,0,1.3304662973519727,,,,,,,,
a,33,6,1,0.41599505726662234,,,,,,,,
a,33,6,2,0.14622567372052861,,,,,,,,
a,33,6,3,0.069473145952621357,,,,,,,,
a,33,6,4,0.0085303092578522845,,,,,,,,
a,33,6,6,0.01158387683432322,,,,,,,,
a,33,6,7,0.024089598909354346,,,,,,,,
a,33,6,8,0.019206087058042491,,,,,,,,
a,33,6,9,0.0044064893090897837,,,,,,,,
a,33,6,11,0.03184856806001006,,,,,,,,
a,33,6,12,0.1091492326161826,,,,,,,,
a,33,6,13,0.21967020920412778,,,,,,,,
a,33,6,14,0.33161507505296145,,,,,,,,
a,33,6,15,0.39332199497249232,,,,,,,,
a,33,6,967,1.8844183844338196,,,,,,,,
partition,33,7,-1,1.5571281421799195,21.675903819884152,2.0965576885159991,2.0965576885548787,0.33342974610359183,0,6.4798960594722419e-12,-5.7245874707234634e-15,6.4798721943759574e-12
y,33,7,748,0.0043721187143443445,,,,,,,,
y,33,7,758,0.0074297892510741745,,,,,,,,
y,33,7,848,0.010592305404191248,,,,,,,,
y,33,7,856,0.0046594294290449138,,,,,,,,
y,33,7,912,0.0082006251610952843,,,,,,,,
y,33,7,934,0.011481351054291929,,,,,,,,
y,33,7,948,0.0061113992346398509,,,,,,,,
y,33,7,959,0.013147201993223024,,,,,,,,
y,33,7,964,0.0070809975254293783,,,,,,,,
y,33,7,967,0.0057006739005445763,,,,,,,,
y,33,7,152,0.0024193431088108267,,,,,,,,
y,33,7,408,0.0093009306013529403,,,,,,,,
y,33,7,604,0.0023534294174252643,,,,,,,,
y,33,7,616,0.0031296170989806196,,,,,,,,
a,33,7,0,1.4287836515574879,,,,,,,,
a,33,7,1,0.60464705421241205,,,,,,,,
a,33,7,2,0.2748583134960933,,,,,,,,
a,33,7,3,0.1175607543448873,,,,,,,,
a,33,7,4,0.015958691213224508,,,,,,,,
a,33,7,6,0.023927374492547098,,,,,,,,
a,33,7,7,0.046466439712474113,,,,,,,,
a,33,7,8,0.037920866179259022,,,,,,,,
a,33,7,9,0.0095725048826462364,,,,,,,,
a,33,7,11,0.055020927336724632,,,,,,,,
a,33,7,12,0.1929123811610032,,,,,,,,
a,33,7,13,0.39066363225863898,,,,,,,,
a,33,7,14,0.58864954943448888,,,,,,,,
a,33,7,15,0.7055231521710521,,,,,,,,
a,33,7,967,1.5075347075470609,,,,,,,,
partition,33,8,-1,1.5852789946030676,27.439899477319607,2.4299874346195907,2.4299874346649508,0.33342974610359183,0,6.4798960594722419e-12,-8.7846396823465511e-15,6.4798721943759574e-12
y,33,8,152,0.0024193431088108289,,,,,,,,
y,33,8,408,0.0093009306013529473,,,,,,,,
y,33,8,604,0.0023534294174252816,,,,,,,,
y,33,8,616,0.0031296170989806183,,,,,,,,
y,33,8,748,0.0043721187143443072,,,,,,,,
y,33,8,758,0.0074297892510741762,,,,,,,,
y,33,8,848,0.010592305404191264,,,,,,,,
y,33,8,856,0.0046594294290449329,,,,,,,,
y,33,8,912,0.0082006251610953207,,,,,,,,
y,33,8,934,0.011481351054291919,,,,,,,,
y,33,8,948,0.0061113992346398666,,,,,,,,
y,33,8,959,0.013147201993223046,,,,,,,,
y,33,8,964,0.0070809975254293705,,,,,,,,
y,33,8,967,0.0057006739005445919,,,,,,,,
z,33,8,2,5.5511151231257827e-17,,,,,,,,
a,33,8,0,1.5271010057630054,,,,,,,,
a,33,8,1,0.79329905115820121,,,,,,,,
a,33,8,2,0.40349095327165252,,,,,,,,
a,33,8,3,0.16564836273714573,,,,,,,,
a,33,8,4,0.023387073168592419,,,,,,,,
a,33,8,6,0.036270872150778059,,,,,,,,
a,33,8,7,0.068843280515604649,,,,,,,,
a,33,8,8,0.056635645300484379,,,,,,,,
a,33,8,9,0.014738520456207466,,,,,,,,
a,33,8,11,0.078193286613432458,,,,,,,,
a,33,8,12,0.2766755297058186,,,,,,,,
a,33,8,13,0.56165705531314802,,,,,,,,
a,33,8,14,0.84568402381601737,,,,,,,,
a,33,8,15,1.0177243093696142,,,,,,,,
a,33,8,967,1.1306510306602975,,,,,,,,
partition,33,9,-1,1.5831535047792147,33.870754626975199,2.7634171807231831,2.7634171807750221,0.33342974610359188,0,6.4798960594722403e-12,-8.7568841067309222e-15,6.4798721943759574e-12
y,33,9,152,0.002419343108810838,,,,,,,,
y,33,9,408,0.0093009306013528796,,,,,,,,
y,33,9,604,0.0023534294174253094,,,,,,,,
y,33,9,616,0.0031296170989805732,,,,,,,,
y,33,9,748,0.0043721187143443618,,,,,,,,
y,33,9,758,0.0074297892510741701,,,,,,,,
y,33,9,848,0.010592305404191159,,,,,,,,
y,33,9,856,0.004659429429044906,,,,,,,,
y,33,9,912,0.0082006251610952964,,,,,,,,
y,33,9,934,0.011481351054291822,,,,,,,,
y,33,9,948,0.0061113992346398683,,,,,,,,
y,33,9,959,0.013147201993223015,,,,,,,,
y,33,9,964,0.0070809975254293661,,,,,,,,
y,33,9,967,0.0057006739005446665,,,,,,,,
a,33,9,0,1.6254183599685217,,,,,,,,
a,33,9,1,0.98195104810399414,,,,,,,,
a,33,9,2,0.53212359304722101,,,,,,,,
a,33,9,3,0.21373597112941203,,,,,,,,
a,33,9,4,0.030815455123964469,,,,,,,,
a,33,9,6,0.048614369808997013,,,,,,,,
a,33,9,7,0.091220121318721287,,,,,,,,
a,33,9,8,0.075350424421699896,,,,,,,,
a,33,9,9,0.019904536029759074,,,,,,,,
a,33,9,11,0.10136564589015074,,,,,,,,
a,33,9,12,0.36043867825063824,,,,,,,,
a,33,9,13,0.73265047836766117,,,,,,,,
a,33,9,14,1.1027184981975529,,,,,,,,
a,33,9,15,1.3299254665681757,,,,,,,,
a,33,9,967,0.75376735377353099,,,,,,,,
partition,33,10,-1,1.4264546137917729,42.640856114168642,0,0,0,0,0,0,0
volume,65,-1,6544,0.36273662797281114,6544,0.21929447438975708,0.31324294475519981,8,1.5932999259156457,-0.076913866763667738,0:0:1,1
kappa,65,-1,0,0.36273662797281114,,,,,,,,
kappa,65,-1,1,0.33748871394193614,,,,,,,,
kappa,65,-1,2,0.33455649419494399,,,,,,,,
kappa,65,-1,3,0.33420751317072267,,,,,,,,
kappa,65,-1,4,0.33438279489494072,,,,,,,,
kappa,65,-1,5,0.33415234001946592,,,,,,,,
kappa,65,-1,6,0.33413308079510851,,,,,,,,
kappa,65,-1,7,0.3340075898431798,,,,,,,,
kappa,65,-1,8,0.33414028110195843,,,,,,,,
kappa,65,-1,9,0.33435465075751231,,,,,,,,
kappa,65,-1,10,0.33435173032940857,,,,,,,,
kappa,65,-1,11,0.33413456394836971,,,,,,,,
kappa,65,-1,12,0.33510271199358405,,,,,,,,
kappa,65,-1,13,0.33417949710747519,,,,,,,,
kappa,65,-1,14,0.33436467822876847,,,,,,,,
kappa,65,-1,15,0.33341560367241085,,,,,,,,
kappa,65,-1,16,0.3342391357384723,,,,,,,,
kappa,65,-1,17,0.33414789562166869,,,,,,,,
kappa,65,-1,18,0.33412908341758168,,,,,,,,
kappa,65,-1,19,0.33435508364486977,,,,,,,,
kappa,65,-1,20,0.33403659619212672,,,,,,,,
kappa,65,-1,21,0.33255565544146998,,,,,,,,
kappa,65,-1,22,0.33413012560733729,,,,,,,,
kappa,65,-1,23,0.33414923944388319,,,,,,,,
kappa,65,-1,24,0.33435725944888794,,,,,,,,
kappa,65,-1,25,0.3351011307917981,,,,,,,,
kappa,65,-1,26,0.33406182040674881,,,,,,,,
kappa,65,-1,27,0.33419630834219699,,,,,,,,
kappa,65,-1,28,0.33403888110414653,,,,,,,,
kappa,65,-1,29,0.33419619658818434,,,,,,,,
kappa,65,-1,30,0.33193760769643638,,,,,,,,
kappa,65,-1,31,0.35750980885396322,,,,,,,,
kappa,65,-1,32,0.22209146135468083,,,,,,,,
kappa,65,-1,33,0.1751273804496512,,,,,,,,
kappa,65,-1,34,0.16415769368759275,,,,,,,,
kappa,65,-1,35,0.16189980349970029,,,,,,,,
kappa,65,-1,36,0.16153895325085879,,,,,,,,
kappa,65,-1,37,0.16107740518090169,,,,,,,,
kappa,65,-1,38,0.16133048235135092,,,,,,,,
kappa,65,-1,39,0.16104992542012994,,,,,,,,
kappa,65,-1,40,0.16117880019338607,,,,,,,,
kappa,65,-1,41,0.16113859812417028,,,,,,,,
kappa,65,-1,42,0.16113093224292621,,,,,,,,
kappa,65,-1,43,0.16106086248191887,,,,,,,,
kappa,65,-1,44,0.16081924555104768,,,,,,,,
kappa,65,-1,45,0.16104982311960431,,,,,,,,
kappa,65,-1,46,0.16130460070268801,,,,,,,,
kappa,65,-1,47,0.16141959145872964,,,,,,,,
kappa,65,-1,48,0.16104126978050687,,,,,,,,
kappa,65,-1,49,0.16118968989741664,,,,,,,,
kappa,65,-1,50,0.16111434120590623,,,,,,,,
kappa,65,-1,51,0.16101137914264402,,,,,,,,
kappa,65,-1,52,0.16112778959512786,,,,,,,,
kappa,65,-1,53,0.16085571956956213,,,,,,,,
kappa,65,-1,54,0.16127508468759533,,,,,,,,
kappa,65,-1,55,0.16102782840116589,,,,,,,,
kappa,65,-1,56,0.16107554203781899,,,,,,,,
kappa,65,-1,57,0.16083924252327977,,,,,,,,
kappa,65,-1,58,0.1611713153844298,,,,,,,,
kappa,65,-1,59,0.16117025139834357,,,,,,,,
kappa,65,-1,60,0.16124611978659792,,,,,,,,
kappa,65,-1,61,0.16066545085109138,,,,,,,,
kappa,65,-1,62,0.15990375401439016,,,,,,,,
kappa,65,-1,63,0.17395270014055961,,,,,,,,
kappa,65,-1,64,0.22829831101574136,,,,,,,,
kappa,65,-1,65,0.16813159820015958,,,,,,,,
kappa,65,-1,66,0.16620196285630662,,,,,,,,
kappa,65,-1,67,0.1649962186559725,,,,,,,,
kappa,65,-1,68,0.16504765263855617,,,,,,,,
kappa,65,-1,69,0.16432861730532272,,,,,,,,
kappa,65,-1,70,0.1646740184562793,,,,,,,,
kappa,65,-1,71,0.16462700867977584,,,,,,,,
kappa,65,-1,72,0.16481175567882078,,,,,,,,
kappa,65,-1,73,0.16446057099079534,,,,,,,,
kappa,65,-1,74,0.16410245161051731,,,,,,,,
kappa,65,-1,75,0.16436176207978573,,,,,,,,
kappa,65,-1,76,0.16457420911053106,,,,,,,,
kappa,65,-1,77,0.16422515344561492,,,,,,,,
kappa,65,-1,78,0.16316135681745905,,,,,,,,
kappa,65,-1,79,0.16432971744726105,,,,,,,,
kappa,65,-1,80,0.16451304124451938,,,,,,,,
kappa,65,-1,81,0.16448105662276238,,,,,,,,
kappa,65,-1,82,0.16430769389815605,,,,,,,,
kappa,65,-1,83,0.16490132411674327,,,,,,,,
kappa,65,-1,84,0.16426629173799337,,,,,,,,
kappa,65,-1,85,0.1639789680054064,,,,,,,,
kappa,65,-1,86,0.16431441186280538,,,,,,,,
kappa,65,-1,87,0.16413857638608848,,,,,,,,
kappa,65,-1,88,0.16445276569942505,,,,,,,,
kappa,65,-1,89,0.16432350777011898,,,,,,,,
kappa,65,-1,90,0.16422992288658553,,,,,,,,
kappa,65,-1,91,0.16425303724614715,,,,,,,,
kappa,65,-1,92,0.16376584565088159,,,,,,,,
kappa,65,-1,93,0.16334366763428962,,,,,,,,
kappa,65,-1,94,0.17527707533057896,,,,,,,,
kappa,65,-1,95,0.22717637861209072,,,,,,,,
kappa,65,-1,96,0.16947787836318126,,,,,,,,
kappa,65,-1,97,0.16421025952958748,,,,,,,,
kappa,65,-1,98,0.16544729701467076,,,,,,,,
kappa,65,-1,99,0.1643086967276553,,,,,,,,
kappa,65,-1,100,0.16378490588906458,,,,,,,,
kappa,65,-1,101,0.16444430008826003,,,,,,,,
kappa,65,-1,102,0.16401488508883508,,,,,,,,
kappa,65,-1,103,0.16434120377710235,,,,,,,,
kappa,65,-1,104,0.16439900568753413,,,,,,,,
kappa,65,-1,105,0.16405377753521083,,,,,,,,
kappa,65,-1,106,0.16421563633156122,,,,,,,,
kappa,65,-1,107,0.16411707698335981,,,,,,,,
kappa,65,-1,108,0.16302622070991846,,,,,,,,
kappa,65,-1,109,0.164340648064838,,,,,,,,
kappa,65,-1,110,0.16370125019230447,,,,,,,,
kappa,65,-1,111,0.16438454334113883,,,,,,,,
kappa,65,-1,112,0.16413499573044901,,,,,,,,
kappa,65,-1,113,0.1638826233468271,,,,,,,,
kappa,65,-1,114,0.16369294597422232,,,,,,,,
kappa,65,-1,115,0.16398189653067577,,,,,,,,
kappa,65,-1,116,0.16400038963556812,,,,,,,,
kappa,65,-1,117,0.16400024707312097,,,,,,,,
kappa,65,-1,118,0.16381707914253502,,,,,,,,
kappa,65,-1,119,0.16386519216306453,,,,,,,,
kappa,65,-1,120,0.16341705726404296,,,,,,,,
kappa,65,-1,121,0.16318804979974494,,,,,,,,
kappa,65,-1,122,0.16306518492334227,,,,,,,,
kappa,65,-1,123,0.16505157423542588,,,,,,,,
kappa,65,-1,124,0.1756476171421131,,,,,,,,
kappa,65,-1,125,0.22701019818998747,,,,,,,,
kappa,65,-1,126,0.1693814996509769,,,,,,,,
kappa,65,-1,127,0.16388165629226434,,,,,,,,
kappa,65,-1,128,0.16427272952346328,,,,,,,,
kappa,65,-1,129,0.16527966907524375,,,,,,,,
kappa,65,-1,130,0.16408993324296092,,,,,,,,
kappa,65,-1,131,0.1639184652333136,,,,,,,,
kappa,65,-1,132,0.16406475204560603,,,,,,,,
kappa,65,-1,133,0.16484286005773349,,,,,,,,
kappa,65,-1,134,0.16378437871821724,,,,,,,,
kappa,65,-1,135,0.16380425801926399,,,,,,,,
kappa,65,-1,136,0.16396676884188177,,,,,,,,
kappa,65,-1,137,0.16338192315845249,,,,,,,,
kappa,65,-1,138,0.16417715996495599,,,,,,,,
kappa,65,-1,139,0.16398574972468818,,,,,,,,
kappa,65,-1,140,0.16353100031890555,,,,,,,,
kappa,65,-1,141,0.16433656685620784,,,,,,,,
kappa,65,-1,142,0.16388748962570396,,,,,,,,
kappa,65,-1,143,0.16364512079759638,,,,,,,,
kappa,65,-1,144,0.16462870583505107,,,,,,,,
kappa,65,-1,145,0.16373828256113857,,,,,,,,
kappa,65,-1,146,0.16368191585493197,,,,,,,,
kappa,65,-1,147,0.16387071085122362,,,,,,,,
kappa,65,-1,148,0.16425787506840223,,,,,,,,
kappa,65,-1,149,0.1632525361893144,,,,,,,,
kappa,65,-1,150,0.16316960890220464,,,,,,,,
kappa,65,-1,151,0.16424416842532588,,,,,,,,
kappa,65,-1,152,0.16316597609322506,,,,,,,,
kappa,65,-1,153,0.17565485193065153,,,,,,,,
kappa,65,-1,154,0.22737391476710356,,,,,,,,
kappa,65,-1,155,0.16927028042878392,,,,,,,,
kappa,65,-1,156,0.16434341205206762,,,,,,,,
kappa,65,-1,157,0.16399587216492828,,,,,,,,
kappa,65,-1,158,0.16423611823729126,,,,,,,,
kappa,65,-1,159,0.16514851848561382,,,,,,,,
kappa,65,-1,160,0.16462570612515934,,,,,,,,
kappa,65,-1,161,0.16424311761365457,,,,,,,,
kappa,65,-1,162,0.16389077586724907,,,,,,,,
kappa,65,-1,163,0.1640240464080655,,,,,,,,
kappa,65,-1,164,0.16529426731470731,,,,,,,,
kappa,65,-1,165,0.16281346628633797,,,,,,,,
kappa,65,-1,166,0.1641789501743233,,,,,,,,
kappa,65,-1,167,0.16411512146875859,,,,,,,,
kappa,65,-1,168,0.16384912266824067,,,,,,,,
kappa,65,-1,169,0.16530572107862698,,,,,,,,
kappa,65,-1,170,0.16413102712778693,,,,,,,,
kappa,65,-1,171,0.16349277947136537,,,,,,,,
kappa,65,-1,172,0.16348118009889717,,,,,,,,
kappa,65,-1,173,0.16386497837438066,,,,,,,,
kappa,65,-1,174,0.16511087775533417,,,,,,,,
kappa,65,-1,175,0.16389927205095192,,,,,,,,
kappa,65,-1,176,0.1633672491838018,,,,,,,,
kappa,65,-1,177,0.16315967488532696,,,,,,,,
kappa,65,-1,178,0.16379868762781125,,,,,,,,
kappa,65,-1,179,0.16512052108553896,,,,,,,,
kappa,65,-1,180,0.16293576071924382,,,,,,,,
kappa,65,-1,181,0.17574840159200958,,,,,,,,
kappa,65,-1,182,0.22712817763663767,,,,,,,,
kappa,65,-1,183,0.16912381564981219,,,,,,,,
kappa,65,-1,184,0.16434488377397005,,,,,,,,
kappa,65,-1,185,0.16363293942064858,,,,,,,,
kappa,65,-1,186,0.16400984665681581,,,,,,,,
kappa,65,-1,187,0.16449044187778381,,,,,,,,
kappa,65,-1,188,0.16538477775302199,,,,,,,,
kappa,65,-1,189,0.16403607045808885,,,,,,,,
kappa,65,-1,190,0.1639337114301937,,,,,,,,
kappa,65,-1,191,0.16407211589359194,,,,,,,,
kappa,65,-1,192,0.16294762876418886,,,,,,,,
kappa,65,-1,193,0.16393261810427251,,,,,,,,
kappa,65,-1,194,0.16487658759357424,,,,,,,,
kappa,65,-1,195,0.16368379508042896,,,,,,,,
kappa,65,-1,196,0.16371531783491497,,,,,,,,
kappa,65,-1,197,0.16374980288082144,,,,,,,,
kappa,65,-1,198,0.16375869476221402,,,,,,,,
kappa,65,-1,199,0.16425055523221899,,,,,,,,
kappa,65,-1,200,0.16433846689870213,,,,,,,,
kappa,65,-1,201,0.16402125872746748,,,,,,,,
kappa,65,-1,202,0.16340653624518742,,,,,,,,
kappa,65,-1,203,0.16318738812353642,,,,,,,,
kappa,65,-1,204,0.16413374173768089,,,,,,,,
kappa,65,-1,205,0.1641136851689261,,,,,,,,
kappa,65,-1,206,0.16447522565248446,,,,,,,,
kappa,65,-1,207,0.16324354486038084,,,,,,,,
kappa,65,-1,208,0.17581031472462186,,,,,,,,
kappa,65,-1,209,0.22704899658163999,,,,,,,,
kappa,65,-1,210,0.16931838565605833,,,,,,,,
kappa,65,-1,211,0.16441830940419935,,,,,,,,
kappa,65,-1,212,0.16387030552267229,,,,,,,,
kappa,65,-1,213,0.16447647193317017,,,,,,,,
kappa,65,-1,214,0.1639103654055189,,,,,,,,
kappa,65,-1,215,0.16400871632130579,,,,,,,,
kappa,65,-1,216,0.16536113524247237,,,,,,,,
kappa,65,-1,217,0.16415796190050969,,,,,,,,
kappa,65,-1,218,0.16323529075595247,,,,,,,,
kappa,65,-1,219,0.16368400623296356,,,,,,,,
kappa,65,-1,220,0.16434494096334229,,,,,,,,
kappa,65,-1,221,0.16371388648093532,,,,,,,,
kappa,65,-1,222,0.16366639870529948,,,,,,,,
kappa,65,-1,223,0.16459971803876206,,,,,,,,
kappa,65,-1,224,0.16302928623311774,,,,,,,,
kappa,65,-1,225,0.16396672184807926,,,,,,,,
kappa,65,-1,226,0.16464735946561909,,,,,,,,
kappa,65,-1,227,0.16321011394527213,,,,,,,,
kappa,65,-1,228,0.16340272129181049,,,,,,,,
kappa,65,-1,229,0.16391678372876442,,,,,,,,
kappa,65,-1,230,0.16437005241133737,,,,,,,,
kappa,65,-1,231,0.16548048132362406,,,,,,,,
kappa,65,-1,232,0.1643368084305448,,,,,,,,
kappa,65,-1,233,0.16301641972730305,,,,,,,,
kappa,65,-1,234,0.17574326437436497,,,,,,,,
kappa,65,-1,235,0.22766552691215708,,,,,,,,
kappa,65,-1,236,0.16949302022278459,,,,,,,,
kappa,65,-1,237,0.16421450963744152,,,,,,,,
kappa,65,-1,238,0.16430418377763442,,,,,,,,
kappa,65,-1,239,0.16326138244745511,,,,,,,,
kappa,65,-1,240,0.16385291407642444,,,,,,,,
kappa,65,-1,241,0.16395074679628863,,,,,,,,
kappa,65,-1,242,0.16407136605410338,,,,,,,,
kappa,65,-1,243,0.16447877410690662,,,,,,,,
kappa,65,-1,244,0.16404785799704116,,,,,,,,
kappa,65,-1,245,0.1639776643200529,,,,,,,,
kappa,65,-1,246,0.16455271255159512,,,,,,,,
kappa,65,-1,247,0.16368847153376614,,,,,,,,
kappa,65,-1,248,0.16390939638143404,,,,,,,,
kappa,65,-1,249,0.16350871976966366,,,,,,,,
kappa,65,-1,250,0.16375099663074005,,,,,,,,
kappa,65,-1,251,0.16338212886473011,,,,,,,,
kappa,65,-1,252,0.16324048553048615,,,,,,,,
kappa,65,-1,253,0.16387621870106536,,,,,,,,
kappa,65,-1,254,0.16336551304231908,,,,,,,,
kappa,65,-1,255,0.16409675236388996,,,,,,,,
kappa,65,-1,256,0.164220224797159,,,,,,,,
kappa,65,-1,257,0.16377560305133995,,,,,,,,
kappa,65,-1,258,0.16281482359538774,,,,,,,,
kappa,65,-1,259,0.17578788634475398,,,,,,,,
kappa,65,-1,260,0.22706873858538459,,,,,,,,
kappa,65,-1,261,0.16933169819957475,,,,,,,,
kappa,65,-1,262,0.164378088675662,,,,,,,,
kappa,65,-1,263,0.16404137221152507,,,,,,,,
kappa,65,-1,264,0.16389624416917514,,,,,,,,
kappa,65,-1,265,0.16417410289872594,,,,,,,,
kappa,65,-1,266,0.16364619334357172,,,,,,,,
kappa,65,-1,267,0.16316146362049591,,,,,,,,
kappa,65,-1,268,0.16428797010200197,,,,,,,,
kappa,65,-1,269,0.16534253483413613,,,,,,,,
kappa,65,-1,270,0.16389424991653376,,,,,,,,
kappa,65,-1,271,0.1643210345730412,,,,,,,,
kappa,65,-1,272,0.1636561059223175,,,,,,,,
kappa,65,-1,273,0.16364295782964419,,,,,,,,
kappa,65,-1,274,0.16338231065673184,,,,,,,,
kappa,65,-1,275,0.16303430305228345,,,,,,,,
kappa,65,-1,276,0.16401990916418102,,,,,,,,
kappa,65,-1,277,0.16378361703661479,,,,,,,,
kappa,65,-1,278,0.16453139472881509,,,,,,,,
kappa,65,-1,279,0.16540308331028566,,,,,,,,
kappa,65,-1,280,0.16428310723993661,,,,,,,,
kappa,65,-1,281,0.16392071938444622,,,,,,,,
kappa,65,-1,282,0.16270185171518203,,,,,,,,
kappa,65,-1,283,0.1757197514231563,,,,,,,,
kappa,65,-1,284,0.22736862175512354,,,,,,,,
kappa,65,-1,285,0.16975910593087651,,,,,,,,
kappa,65,-1,286,0.16412451804902223,,,,,,,,
kappa,65,-1,287,0.16378151663801632,,,,,,,,
kappa,65,-1,288,0.16405489955356217,,,,,,,,
kappa,65,-1,289,0.16512663694954022,,,,,,,,
kappa,65,-1,290,0.16294501800259342,,,,,,,,
kappa,65,-1,291,0.16417618462299297,,,,,,,,
kappa,65,-1,292,0.16413253458373137,,,,,,,,
kappa,65,-1,293,0.16416083473490561,,,,,,,,
kappa,65,-1,294,0.16514635171312522,,,,,,,,
kappa,65,-1,295,0.16416870425635607,,,,,,,,
kappa,65,-1,296,0.16289997155089236,,,,,,,,
kappa,65,-1,297,0.16315649413253205,,,,,,,,
kappa,65,-1,298,0.16437015784164291,,,,,,,,
kappa,65,-1,299,0.16530521376062399,,,,,,,,
kappa,65,-1,300,0.16400064281754065,,,,,,,,
kappa,65,-1,301,0.1641208338611434,,,,,,,,
kappa,65,-1,302,0.16445055928739907,,,,,,,,
kappa,65,-1,303,0.16391094245402291,,,,,,,,
kappa,65,-1,304,0.16521765558198476,,,,,,,,
kappa,65,-1,305,0.16267937743342398,,,,,,,,
kappa,65,-1,306,0.17572687544004065,,,,,,,,
kappa,65,-1,307,0.22634849047694169,,,,,,,,
kappa,65,-1,308,0.16960722884508442,,,,,,,,
kappa,65,-1,309,0.1645161105194653,,,,,,,,
kappa,65,-1,310,0.16425369758012387,,,,,,,,
kappa,65,-1,311,0.16408571292377042,,,,,,,,
kappa,65,-1,312,0.162703228710805,,,,,,,,
kappa,65,-1,313,0.16444588126902795,,,,,,,,
kappa,65,-1,314,0.16462394250256598,,,,,,,,
kappa,65,-1,315,0.16457202961545761,,,,,,,,
kappa,65,-1,316,0.16431401324990927,,,,,,,,
kappa,65,-1,317,0.1639347985011792,,,,,,,,
kappa,65,-1,318,0.16505681470951822,,,,,,,,
kappa,65,-1,319,0.16444323009391673,,,,,,,,
kappa,65,-1,320,0.16417887589524888,,,,,,,,
kappa,65,-1,321,0.16384981453991307,,,,,,,,
kappa,65,-1,322,0.16416418957557863,,,,,,,,
kappa,65,-1,323,0.16559188780337059,,,,,,,,
kappa,65,-1,324,0.16414003821226628,,,,,,,,
kappa,65,-1,325,0.16375834221116362,,,,,,,,
kappa,65,-1,326,0.16427203068902549,,,,,,,,
kappa,65,-1,327,0.16290557555394042,,,,,,,,
kappa,65,-1,328,0.17607638910135751,,,,,,,,
kappa,65,-1,329,0.22707745764463849,,,,,,,,
kappa,65,-1,330,0.16932420699384834,,,,,,,,
kappa,65,-1,331,0.16458991572832171,,,,,,,,
kappa,65,-1,332,0.16421537660887195,,,,,,,,
kappa,65,-1,333,0.16327372773943225,,,,,,,,
kappa,65,-1,334,0.16446820237014098,,,,,,,,
kappa,65,-1,335,0.16356760329098857,,,,,,,,
kappa,65,-1,336,0.16413195863721525,,,,,,,,
kappa,65,-1,337,0.16300029446980296,,,,,,,,
kappa,65,-1,338,0.16322005446663304,,,,,,,,
kappa,65,-1,339,0.16350727159460621,,,,,,,,
kappa,65,-1,340,0.16427989765124204,,,,,,,,
kappa,65,-1,341,0.16535060676652993,,,,,,,,
kappa,65,-1,342,0.16411085748709936,,,,,,,,
kappa,65,-1,343,0.16433729535305477,,,,,,,,
kappa,65,-1,344,0.16408525298825391,,,,,,,,
kappa,65,-1,345,0.16395431800997776,,,,,,,,
kappa,65,-1,346,0.16455390379052903,,,,,,,,
kappa,65,-1,347,0.1638275731425923,,,,,,,,
kappa,65,-1,348,0.16268773568945119,,,,,,,,
kappa,65,-1,349,0.17573002008080149,,,,,,,,
kappa,65,-1,350,0.22921276059608425,,,,,,,,
kappa,65,-1,351,0.16929062295866493,,,,,,,,
kappa,65,-1,352,0.16435759657180621,,,,,,,,
kappa,65,-1,353,0.1630018648365559,,,,,,,,
kappa,65,-1,354,0.16391745328346574,,,,,,,,
kappa,65,-1,355,0.16389236259444911,,,,,,,,
kappa,65,-1,356,0.16339438168068024,,,,,,,,
kappa,65,-1,357,0.16342408090169699,,,,,,,,
kappa,65,-1,358,0.16386634087587107,,,,,,,,
kappa,65,-1,359,0.16362022061655188,,,,,,,,
kappa,65,-1,360,0.1637897724754713,,,,,,,,
kappa,65,-1,361,0.16398048448420455,,,,,,,,
kappa,65,-1,362,0.16439291376800072,,,,,,,,
kappa,65,-1,363,0.17599277032779334,,,,,,,,
kappa,65,-1,364,0.16435471655201869,,,,,,,,
kappa,65,-1,365,0.16400015772466567,,,,,,,,
kappa,65,-1,366,0.16396884714539212,,,,,,,,
kappa,65,-1,367,0.16381390188651773,,,,,,,,
kappa,65,-1,368,0.16271109386366359,,,,,,,,
kappa,65,-1,369,0.17611337868090654,,,,,,,,
kappa,65,-1,370,0.22714278308003877,,,,,,,,
kappa,65,-1,371,0.1694625442350409,,,,,,,,
kappa,65,-1,372,0.16349732440777098,,,,,,,,
kappa,65,-1,373,0.16484828576652696,,,,,,,,
kappa,65,-1,374,0.16312831253675897,,,,,,,,
kappa,65,-1,375,0.16308577603252933,,,,,,,,
kappa,65,-1,376,0.16396543905617744,,,,,,,,
kappa,65,-1,377,0.16347996655511157,,,,,,,,
kappa,65,-1,378,0.16378373132884011,,,,,,,,
kappa,65,-1,379,0.16424131071550213,,,,,,,,
kappa,65,-1,380,0.16366969704543632,,,,,,,,
kappa,65,-1,381,0.16412599600784236,,,,,,,,
kappa,65,-1,382,0.1643921641602766,,,,,,,,
kappa,65,-1,383,0.16413849951766624,,,,,,,,
kappa,65,-1,384,0.16523406640963159,,,,,,,,
kappa,65,-1,385,0.16452869319795421,,,,,,,,
kappa,65,-1,386,0.16404835246800481,,,,,,,,
kappa,65,-1,387,0.16235254872035845,,,,,,,,
kappa,65,-1,388,0.17597031702829086,,,,,,,,
kappa,65,-1,389,0.22737654735489007,,,,,,,,
kappa,65,-1,390,0.16914736477201056,,,,,,,,
kappa,65,-1,391,0.16300885119830211,,,,,,,,
kappa,65,-1,392,0.16314793055897431,,,,,,,,
kappa,65,-1,393,0.16396967845416194,,,,,,,,
kappa,65,-1,394,0.16531648888260331,,,,,,,,
kappa,65,-1,395,0.16372964233658505,,,,,,,,
kappa,65,-1,396,0.16362698338374021,,,,,,,,
kappa,65,-1,397,0.16428936131102229,,,,,,,,
kappa,65,-1,398,0.16382291151465947,,,,,,,,
kappa,65,-1,399,0.16514560264971109,,,,,,,,
kappa,65,-1,400,0.16394649597963426,,,,,,,,
kappa,65,-1,401,0.16390713802007972,,,,,,,,
kappa,65,-1,402,0.1638223496207121,,,,,,,,
kappa,65,-1,403,0.16457564696725191,,,,,,,,
kappa,65,-1,404,0.16506520215133202,,,,,,,,
kappa,65,-1,405,0.16323831369610298,,,,,,,,
kappa,65,-1,406,0.17583807370162424,,,,,,,,
kappa,65,-1,407,0.22351890701379196,,,,,,,,
kappa,65,-1,408,0.16818044378059327,,,,,,,,
kappa,65,-1,409,0.16368652209538473,,,,,,,,
kappa,65,-1,410,0.16290976005202831,,,,,,,,
kappa,65,-1,411,0.16327168702232558,,,,,,,,
kappa,65,-1,412,0.16295524161135297,,,,,,,,
kappa,65,-1,413,0.16304716468874514,,,,,,,,
kappa,65,-1,414,0.162981871047291,,,,,,,,
kappa,65,-1,415,0.16304352166930763,,,,,,,,
kappa,65,-1,416,0.16332862205682463,,,,,,,,
kappa,65,-1,417,0.16297712578441811,,,,,,,,
kappa,65,-1,418,0.16373720311812662,,,,,,,,
kappa,65,-1,419,0.16306799798778002,,,,,,,,
kappa,65,-1,420,0.16290061933371561,,,,,,,,
kappa,65,-1,421,0.16292872397236141,,,,,,,,
kappa,65,-1,422,0.16195660281159047,,,,,,,,
kappa,65,-1,423,0.17322064646679733,,,,,,,,
kappa,65,-1,424,0.22731016364378892,,,,,,,,
kappa,65,-1,425,0.16943696986658457,,,,,,,,
kappa,65,-1,426,0.16455543595680971,,,,,,,,
kappa,65,-1,427,0.16431881951652988,,,,,,,,
kappa,65,-1,428,0.16410757568281245,,,,,,,,
kappa,65,-1,429,0.16365177819759791,,,,,,,,
kappa,65,-1,430,0.16405856670715696,,,,,,,,
kappa,65,-1,431,0.16542073501435425,,,,,,,,
kappa,65,-1,432,0.16384929213620239,,,,,,,,
kappa,65,-1,433,0.16398614060098646,,,,,,,,
kappa,65,-1,434,0.16405318643658245,,,,,,,,
kappa,65,-1,435,0.16392019591634077,,,,,,,,
kappa,65,-1,436,0.16424342188414656,,,,,,,,
kappa,65,-1,437,0.16415500041310169,,,,,,,,
kappa,65,-1,438,0.16430181041065534,,,,,,,,
kappa,65,-1,439,0.1757187610024247,,,,,,,,
kappa,65,-1,440,0.22703955659951097,,,,,,,,
kappa,65,-1,441,0.16957815686754668,,,,,,,,
kappa,65,-1,442,0.16430977302061159,,,,,,,,
kappa,65,-1,443,0.16415305875769615,,,,,,,,
kappa,65,-1,444,0.16346844582408027,,,,,,,,
kappa,65,-1,445,0.16415384859419266,,,,,,,,
kappa,65,-1,446,0.16437490237001812,,,,,,,,
kappa,65,-1,447,0.16398850684755725,,,,,,,,
kappa,65,-1,448,0.16386633228168263,,,,,,,,
kappa,65,-1,449,0.1635407082796049,,,,,,,,
kappa,65,-1,450,0.16454462983102572,,,,,,,,
kappa,65,-1,451,0.16532385436914168,,,,,,,,
kappa,65,-1,452,0.16403750065948086,,,,,,,,
kappa,65,-1,453,0.16303649798564096,,,,,,,,
kappa,65,-1,454,0.17579840318745713,,,,,,,,
kappa,65,-1,455,0.22705259329971003,,,,,,,,
kappa,65,-1,456,0.16912046017566995,,,,,,,,
kappa,65,-1,457,0.16465443520195908,,,,,,,,
kappa,65,-1,458,0.16370921577614578,,,,,,,,
kappa,65,-1,459,0.16534030163186644,,,,,,,,
kappa,65,-1,460,0.16403155296408703,,,,,,,,
kappa,65,-1,461,0.16413101929574117,,,,,,,,
kappa,65,-1,462,0.16401200706246433,,,,,,,,
kappa,65,-1,463,0.16530994656688891,,,,,,,,
kappa,65,-1,464,0.16502555871637131,,,,,,,,
kappa,65,-1,465,0.1638754605429818,,,,,,,,
kappa,65,-1,466,0.16425586922606489,,,,,,,,
kappa,65,-1,467,0.16283577860988993,,,,,,,,
kappa,65,-1,468,0.17575226156573601,,,,,,,,
kappa,65,-1,469,0.2273644152590516,,,,,,,,
kappa,65,-1,470,0.16919088772084051,,,,,,,,
kappa,65,-1,471,0.16461412420990032,,,,,,,,
kappa,65,-1,472,0.16439841992628182,,,,,,,,
kappa,65,-1,473,0.16414505937785931,,,,,,,,
kappa,65,-1,474,0.16514289666666918,,,,,,,,
kappa,65,-1,475,0.16404649769166216,,,,,,,,
kappa,65,-1,476,0.16390946802183098,,,,,,,,
kappa,65,-1,477,0.16382252718575002,,,,,,,,
kappa,65,-1,478,0.1641315139724413,,,,,,,,
kappa,65,-1,479,0.16503470026011352,,,,,,,,
kappa,65,-1,480,0.16274315283881979,,,,,,,,
kappa,65,-1,481,0.1757893759386851,,,,,,,,
kappa,65,-1,482,0.22713832434679318,,,,,,,,
kappa,65,-1,483,0.17064776315021093,,,,,,,,
kappa,65,-1,484,0.16573247830363744,,,,,,,,
kappa,65,-1,485,0.16427707123703153,,,,,,,,
kappa,65,-1,486,0.16422610215257277,,,,,,,,
kappa,65,-1,487,0.1638893539984641,,,,,,,,
kappa,65,-1,488,0.16363056365524714,,,,,,,,
kappa,65,-1,489,0.16427710067076345,,,,,,,,
kappa,65,-1,490,0.1637705341610744,,,,,,,,
kappa,65,-1,491,0.16381836275603187,,,,,,,,
kappa,65,-1,492,0.16285272600617814,,,,,,,,
kappa,65,-1,493,0.17570850831301232,,,,,,,,
kappa,65,-1,494,0.22870620168636702,,,,,,,,
kappa,65,-1,495,0.16957812775756609,,,,,,,,
kappa,65,-1,496,0.16434741003592787,,,,,,,,
kappa,65,-1,497,0.16372903690946555,,,,,,,,
kappa,65,-1,498,0.16362866073028176,,,,,,,,
kappa,65,-1,499,0.16407314839481557,,,,,,,,
kappa,65,-1,500,0.16360940594732351,,,,,,,,
kappa,65,-1,501,0.16437958729440025,,,,,,,,
kappa,65,-1,502,0.16348493554756027,,,,,,,,
kappa,65,-1,503,0.1627032402028869,,,,,,,,
kappa,65,-1,504,0.17487195946147546,,,,,,,,
kappa,65,-1,505,0.22706960220104652,,,,,,,,
kappa,65,-1,506,0.16928367865150859,,,,,,,,
kappa,65,-1,507,0.16441727261237771,,,,,,,,
kappa,65,-1,508,0.1640283921653041,,,,,,,,
kappa,65,-1,509,0.16443137006464084,,,,,,,,
kappa,65,-1,510,0.16353196360280361,,,,,,,,
kappa,65,-1,511,0.16393419229805778,,,,,,,,
kappa,65,-1,512,0.16384866234482684,,,,,,,,
kappa,65,-1,513,0.16294877286701848,,,,,,,,
kappa,65,-1,514,0.17565092538019622,,,,,,,,
kappa,65,-1,515,0.22699523996651469,,,,,,,,
kappa,65,-1,516,0.16966793803579314,,,,,,,,
kappa,65,-1,517,0.16434545161525566,,,,,,,,
kappa,65,-1,518,0.16417188665653318,,,,,,,,
kappa,65,-1,519,0.16376968344558174,,,,,,,,
kappa,65,-1,520,0.16351878533944386,,,,,,,,
kappa,65,-1,521,0.1639081639141049,,,,,,,,
kappa,65,-1,522,0.16317897333697157,,,,,,,,
kappa,65,-1,523,0.17606717132685887,,,,,,,,
kappa,65,-1,524,0.22735336069983622,,,,,,,,
kappa,65,-1,525,0.16931767977332124,,,,,,,,
kappa,65,-1,526,0.1645709623781989,,,,,,,,
kappa,65,-1,527,0.16394427083212049,,,,,,,,
kappa,65,-1,528,0.16391028236091698,,,,,,,,
kappa,65,-1,529,0.16522682761653179,,,,,,,,
kappa,65,-1,530,0.16316760736496172,,,,,,,,
kappa,65,-1,531,0.17578386922621789,,,,,,,,
kappa,65,-1,532,0.22921124692931316,,,,,,,,
kappa,65,-1,533,0.16928375005902821,,,,,,,,
kappa,65,-1,534,0.16429244250394762,,,,,,,,
kappa,65,-1,535,0.16379802851330261,,,,,,,,
kappa,65,-1,536,0.16369960751727372,,,,,,,,
kappa,65,-1,537,0.16265315788841511,,,,,,,,
kappa,65,-1,538,0.17612180871838054,,,,,,,,
kappa,65,-1,539,0.22701781011894942,,,,,,,,
kappa,65,-1,540,0.1692145611681031,,,,,,,,
kappa,65,-1,541,0.16444255080877565,,,,,,,,
kappa,65,-1,542,0.16365100989228118,,,,,,,,
kappa,65,-1,543,0.16267984633215687,,,,,,,,
kappa,65,-1,544,0.17534337949842563,,,,,,,,
kappa,65,-1,545,0.2270859982483425,,,,,,,,
kappa,65,-1,546,0.16917730021925215,,,,,,,,
kappa,65,-1,547,0.16408652778664043,,,,,,,,
kappa,65,-1,548,0.16352011728879903,,,,,,,,
kappa,65,-1,549,0.17577131386537778,,,,,,,,
kappa,65,-1,550,0.22709764991400411,,,,,,,,
kappa,65,-1,551,0.16911750988630583,,,,,,,,
kappa,65,-1,552,0.16288799392135944,,,,,,,,
kappa,65,-1,553,0.17585755900488778,,,,,,,,
kappa,65,-1,554,0.22712124907291059,,,,,,,,
kappa,65,-1,555,0.16783342286455191,,,,,,,,
kappa,65,-1,556,0.17600972088410058,,,,,,,,
kappa,65,-1,557,0.22379209698804309,,,,,,,,
kappa,65,-1,558,0.18010070165882225,,,,,,,,
kappa,65,-1,559,0.26413768418622907,,,,,,,,
kappa,65,-1,560,0.19476723940554583,,,,,,,,
kappa,65,-1,561,0.14684141637665224,,,,,,,,
kappa,65,-1,562,0.14026039480490995,,,,,,,,
kappa,65,-1,563,0.13336833808836274,,,,,,,,
kappa,65,-1,564,0.13270490437544621,,,,,,,,
kappa,65,-1,565,0.13108567598625617,,,,,,,,
kappa,65,-1,566,0.13170908096329709,,,,,,,,
kappa,65,-1,567,0.13070584828660839,,,,,,,,
kappa,65,-1,568,0.13129436563639246,,,,,,,,
kappa,65,-1,569,0.13068707951954309,,,,,,,,
kappa,65,-1,570,0.13124337211633663,,,,,,,,
kappa,65,-1,571,0.1305193625623263,,,,,,,,
kappa,65,-1,572,0.13101081519339422,,,,,,,,
kappa,65,-1,573,0.13054246290318575,,,,,,,,
kappa,65,-1,574,0.13097272987810682,,,,,,,,
kappa,65,-1,575,0.13077266675925217,,,,,,,,
kappa,65,-1,576,0.13126007828456127,,,,,,,,
kappa,65,-1,577,0.13099724268555926,,,,,,,,
kappa,65,-1,578,0.13099036872753297,,,,,,,,
kappa,65,-1,579,0.13002912648624304,,,,,,,,
kappa,65,-1,580,0.13147509387270306,,,,,,,,
kappa,65,-1,581,0.12856305276090721,,,,,,,,
kappa,65,-1,582,0.13137178994887125,,,,,,,,
kappa,65,-1,583,0.13040529242056539,,,,,,,,
kappa,65,-1,584,0.13056684983449424,,,,,,,,
kappa,65,-1,585,0.13081105316480873,,,,,,,,
kappa,65,-1,586,0.13050364011125737,,,,,,,,
kappa,65,-1,587,0.130972933190491,,,,,,,,
kappa,65,-1,588,0.13056437838587442,,,,,,,,
kappa,65,-1,589,0.13244442367131185,,,,,,,,
kappa,65,-1,590,0.13022562007379959,,,,,,,,
kappa,65,-1,591,0.14271991305993992,,,,,,,,
kappa,65,-1,592,0.15607593892837601,,,,,,,,
kappa,65,-1,593,0.11820620269184112,,,,,,,,
kappa,65,-1,594,0.1111916923325092,,,,,,,,
kappa,65,-1,595,0.10872972126754693,,,,,,,,
kappa,65,-1,596,0.10853653861763639,,,,,,,,
kappa,65,-1,597,0.10805887688782467,,,,,,,,
kappa,65,-1,598,0.10736804140368855,,,,,,,,
kappa,65,-1,599,0.10778823109828997,,,,,,,,
kappa,65,-1,600,0.10769990130952047,,,,,,,,
kappa,65,-1,601,0.10765970353198585,,,,,,,,
kappa,65,-1,602,0.10753972520102094,,,,,,,,
kappa,65,-1,603,0.10750773835424256,,,,,,,,
kappa,65,-1,604,0.10764027321218292,,,,,,,,
kappa,65,-1,605,0.10749406386855051,,,,,,,,
kappa,65,-1,606,0.10709804129740218,,,,,,,,
kappa,65,-1,607,0.10804901391189486,,,,,,,,
kappa,65,-1,608,0.10746007563381195,,,,,,,,
kappa,65,-1,609,0.10755378290374654,,,,,,,,
kappa,65,-1,610,0.10747617117233031,,,,,,,,
kappa,65,-1,611,0.10781775683761127,,,,,,,,
kappa,65,-1,612,0.10790736994000705,,,,,,,,
kappa,65,-1,613,0.10779136421127433,,,,,,,,
kappa,65,-1,614,0.10722566338608409,,,,,,,,
kappa,65,-1,615,0.10738112416080924,,,,,,,,
kappa,65,-1,616,0.1077246656427884,,,,,,,,
kappa,65,-1,617,0.10744772132565393,,,,,,,,
kappa,65,-1,618,0.10709023974080506,,,,,,,,
kappa,65,-1,619,0.10858358915560665,,,,,,,,
kappa,65,-1,620,0.10811568492051954,,,,,,,,
kappa,65,-1,621,0.10478044137201321,,,,,,,,
kappa,65,-1,622,0.11568620327447489,,,,,,,,
kappa,65,-1,623,0.14132644704729128,,,,,,,,
kappa,65,-1,624,0.11180977750623025,,,,,,,,
kappa,65,-1,625,0.10849849814000921,,,,,,,,
kappa,65,-1,626,0.10719195866551333,,,,,,,,
kappa,65,-1,627,0.10477512453209345,,,,,,,,
kappa,65,-1,628,0.10602134713621961,,,,,,,,
kappa,65,-1,629,0.10450143566075544,,,,,,,,
kappa,65,-1,630,0.10535414541866746,,,,,,,,
kappa,65,-1,631,0.10561117635243146,,,,,,,,
kappa,65,-1,632,0.10514965000153784,,,,,,,,
kappa,65,-1,633,0.10539314622040516,,,,,,,,
kappa,65,-1,634,0.10485306036043315,,,,,,,,
kappa,65,-1,635,0.10521055222208897,,,,,,,,
kappa,65,-1,636,0.10466698024535333,,,,,,,,
kappa,65,-1,637,0.10553662021376443,,,,,,,,
kappa,65,-1,638,0.1048162460674668,,,,,,,,
kappa,65,-1,639,0.10551270852442429,,,,,,,,
kappa,65,-1,640,0.10495907763391976,,,,,,,,
kappa,65,-1,641,0.10528637807933482,,,,,,,,
kappa,65,-1,642,0.10466722261326024,,,,,,,,
kappa,65,-1,643,0.10534687508073615,,,,,,,,
kappa,65,-1,644,0.10500754902765863,,,,,,,,
kappa,65,-1,645,0.10515697100005239,,,,,,,,
kappa,65,-1,646,0.10516052764244993,,,,,,,,
kappa,65,-1,647,0.10513276629160839,,,,,,,,
kappa,65,-1,648,0.10562809874239316,,,,,,,,
kappa,65,-1,649,0.10510387450158054,,,,,,,,
kappa,65,-1,650,0.1054296647931183,,,,,,,,
kappa,65,-1,651,0.10557999785673509,,,,,,,,
kappa,65,-1,652,0.11308958672431302,,,,,,,,
kappa,65,-1,653,0.14321420437342383,,,,,,,,
kappa,65,-1,654,0.11117009393494599,,,,,,,,
kappa,65,-1,655,0.10684705011492934,,,,,,,,
kappa,65,-1,656,0.10522231029048189,,,,,,,,
kappa,65,-1,657,0.10524772276063411,,,,,,,,
kappa,65,-1,658,0.10453690639903733,,,,,,,,
kappa,65,-1,659,0.10481698494218628,,,,,,,,
kappa,65,-1,660,0.1046613900103482,,,,,,,,
kappa,65,-1,661,0.10433064327130291,,,,,,,,
kappa,65,-1,662,0.10464413181561553,,,,,,,,
kappa,65,-1,663,0.10428135750603162,,,,,,,,
kappa,65,-1,664,0.10416090313483543,,,,,,,,
kappa,65,-1,665,0.10379248351502618,,,,,,,,
kappa,65,-1,666,0.10415689649131471,,,,,,,,
kappa,65,-1,667,0.10407211962417469,,,,,,,,
kappa,65,-1,668,0.10439768179687201,,,,,,,,
kappa,65,-1,669,0.10430410895269879,,,,,,,,
kappa,65,-1,670,0.10457783357411252,,,,,,,,
kappa,65,-1,671,0.10427925485831074,,,,,,,,
kappa,65,-1,672,0.10433494291280354,,,,,,,,
kappa,65,-1,673,0.10413023003402931,,,,,,,,
kappa,65,-1,674,0.10407966554244978,,,,,,,,
kappa,65,-1,675,0.10410427359869817,,,,,,,,
kappa,65,-1,676,0.10479984440617064,,,,,,,,
kappa,65,-1,677,0.10393859250198785,,,,,,,,
kappa,65,-1,678,0.10399957738359059,,,,,,,,
kappa,65,-1,679,0.10515584607748919,,,,,,,,
kappa,65,-1,680,0.10308553355770135,,,,,,,,
kappa,65,-1,681,0.11143919774559591,,,,,,,,
kappa,65,-1,682,0.14207610459704781,,,,,,,,
kappa,65,-1,683,0.11006333460314373,,,,,,,,
kappa,65,-1,684,0.10671276242245824,,,,,,,,
kappa,65,-1,685,0.10526993717409504,,,,,,,,
kappa,65,-1,686,0.10423440447039499,,,,,,,,
kappa,65,-1,687,0.10517691517237383,,,,,,,,
kappa,65,-1,688,0.10433310852949006,,,,,,,,
kappa,65,-1,689,0.10467663945894229,,,,,,,,
kappa,65,-1,690,0.10437102604126601,,,,,,,,
kappa,65,-1,691,0.10428350545640282,,,,,,,,
kappa,65,-1,692,0.10417067238610067,,,,,,,,
kappa,65,-1,693,0.10387156504839766,,,,,,,,
kappa,65,-1,694,0.10452735307596749,,,,,,,,
kappa,65,-1,695,0.10410344361698766,,,,,,,,
kappa,65,-1,696,0.10445563170922656,,,,,,,,
kappa,65,-1,697,0.10402901349539551,,,,,,,,
kappa,65,-1,698,0.1044332900553543,,,,,,,,
kappa,65,-1,699,0.10421107595727683,,,,,,,,
kappa,65,-1,700,0.10437676875320857,,,,,,,,
kappa,65,-1,701,0.104115681751364,,,,,,,,
kappa,65,-1,702,0.10406135692114979,,,,,,,,
kappa,65,-1,703,0.10451645403431475,,,,,,,,
kappa,65,-1,704,0.10397816179781008,,,,,,,,
kappa,65,-1,705,0.10395652812830801,,,,,,,,
kappa,65,-1,706,0.1052962221722502,,,,,,,,
kappa,65,-1,707,0.10493501502366102,,,,,,,,
kappa,65,-1,708,0.10315496155158933,,,,,,,,
kappa,65,-1,709,0.11199003510905824,,,,,,,,
kappa,65,-1,710,0.14302931831584367,,,,,,,,
kappa,65,-1,711,0.11029373306637606,,,,,,,,
kappa,65,-1,712,0.1062890153810587,,,,,,,,
kappa,65,-1,713,0.10478019923802903,,,,,,,,
kappa,65,-1,714,0.1048177134343215,,,,,,,,
kappa,65,-1,715,0.10450222123557497,,,,,,,,
kappa,65,-1,716,0.10517064144284574,,,,,,,,
kappa,65,-1,717,0.10429216671514874,,,,,,,,
kappa,65,-1,718,0.10483785717843951,,,,,,,,
kappa,65,-1,719,0.10412691654673949,,,,,,,,
kappa,65,-1,720,0.10372252438126023,,,,,,,,
kappa,65,-1,721,0.10455316715670397,,,,,,,,
kappa,65,-1,722,0.10456285800234169,,,,,,,,
kappa,65,-1,723,0.10447567525681384,,,,,,,,
kappa,65,-1,724,0.1042436967258235,,,,,,,,
kappa,65,-1,725,0.10434304342821954,,,,,,,,
kappa,65,-1,726,0.10383643920820848,,,,,,,,
kappa,65,-1,727,0.1043814102227706,,,,,,,,
kappa,65,-1,728,0.10455276852906463,,,,,,,,
kappa,65,-1,729,0.10476360912339502,,,,,,,,
kappa,65,-1,730,0.10421659729729375,,,,,,,,
kappa,65,-1,731,0.10406169638210788,,,,,,,,
kappa,65,-1,732,0.10480819159519127,,,,,,,,
kappa,65,-1,733,0.10420668198902748,,,,,,,,
kappa,65,-1,734,0.10434149938993154,,,,,,,,
kappa,65,-1,735,0.1030560578328526,,,,,,,,
kappa,65,-1,736,0.11163292707041669,,,,,,,,
kappa,65,-1,737,0.14270289470264019,,,,,,,,
kappa,65,-1,738,0.11022355934476348,,,,,,,,
kappa,65,-1,739,0.10636382831842928,,,,,,,,
kappa,65,-1,740,0.10479262444241993,,,,,,,,
kappa,65,-1,741,0.10442631917130285,,,,,,,,
kappa,65,-1,742,0.10471716031679348,,,,,,,,
kappa,65,-1,743,0.10412590063740412,,,,,,,,
kappa,65,-1,744,0.10508550019013793,,,,,,,,
kappa,65,-1,745,0.10429650091240995,,,,,,,,
kappa,65,-1,746,0.10415030557475083,,,,,,,,
kappa,65,-1,747,0.10426489559872641,,,,,,,,
kappa,65,-1,748,0.10422582771738328,,,,,,,,
kappa,65,-1,749,0.10429145179088553,,,,,,,,
kappa,65,-1,750,0.10441499957074153,,,,,,,,
kappa,65,-1,751,0.10440881830884602,,,,,,,,
kappa,65,-1,752,0.10434045231780982,,,,,,,,
kappa,65,-1,753,0.10433527315896757,,,,,,,,
kappa,65,-1,754,0.10503712508762295,,,,,,,,
kappa,65,-1,755,0.10416726323338542,,,,,,,,
kappa,65,-1,756,0.1042728468953967,,,,,,,,
kappa,65,-1,757,0.10496249021944312,,,,,,,,
kappa,65,-1,758,0.10449554477121531,,,,,,,,
kappa,65,-1,759,0.10526581571283514,,,,,,,,
kappa,65,-1,760,0.10474349733596158,,,,,,,,
kappa,65,-1,761,0.10298683673193482,,,,,,,,
kappa,65,-1,762,0.11170326891457402,,,,,,,,
kappa,65,-1,763,0.14262242849745799,,,,,,,,
kappa,65,-1,764,0.11034732680342983,,,,,,,,
kappa,65,-1,765,0.10620540411214469,,,,,,,,
kappa,65,-1,766,0.1049351783075166,,,,,,,,
kappa,65,-1,767,0.10418171470152146,,,,,,,,
kappa,65,-1,768,0.104314527130886,,,,,,,,
kappa,65,-1,769,0.10461440802163724,,,,,,,,
kappa,65,-1,770,0.1039545116577901,,,,,,,,
kappa,65,-1,771,0.10426248674408174,,,,,,,,
kappa,65,-1,772,0.10431158713167946,,,,,,,,
kappa,65,-1,773,0.10451110689949741,,,,,,,,
kappa,65,-1,774,0.10412325608855229,,,,,,,,
kappa,65,-1,775,0.10406057211589512,,,,,,,,
kappa,65,-1,776,0.10419772033304797,,,,,,,,
kappa,65,-1,777,0.10387353964396651,,,,,,,,
kappa,65,-1,778,0.10480485829470745,,,,,,,,
kappa,65,-1,779,0.1039805337662132,,,,,,,,
kappa,65,-1,780,0.1042576521961092,,,,,,,,
kappa,65,-1,781,0.10474720165687347,,,,,,,,
kappa,65,-1,782,0.10419331144680034,,,,,,,,
kappa,65,-1,783,0.10426563545640953,,,,,,,,
kappa,65,-1,784,0.10411711161942509,,,,,,,,
kappa,65,-1,785,0.10420257441807995,,,,,,,,
kappa,65,-1,786,0.10265785648435587,,,,,,,,
kappa,65,-1,787,0.1116480547121039,,,,,,,,
kappa,65,-1,788,0.14285844803851033,,,,,,,,
kappa,65,-1,789,0.11036524556307027,,,,,,,,
kappa,65,-1,790,0.10641588982296979,,,,,,,,
kappa,65,-1,791,0.10453041129453931,,,,,,,,
kappa,65,-1,792,0.10442494709971598,,,,,,,,
kappa,65,-1,793,0.10431384967729691,,,,,,,,
kappa,65,-1,794,0.10396297733801048,,,,,,,,
kappa,65,-1,795,0.10432547700300235,,,,,,,,
kappa,65,-1,796,0.10442213858143806,,,,,,,,
kappa,65,-1,797,0.1053729366776779,,,,,,,,
kappa,65,-1,798,0.10452217152127762,,,,,,,,
kappa,65,-1,799,0.10477495332114473,,,,,,,,
kappa,65,-1,800,0.10410709568146201,,,,,,,,
kappa,65,-1,801,0.10474555669800573,,,,,,,,
kappa,65,-1,802,0.10423102725165274,,,,,,,,
kappa,65,-1,803,0.10423764431712586,,,,,,,,
kappa,65,-1,804,0.10499337436282827,,,,,,,,
kappa,65,-1,805,0.10445636111868611,,,,,,,,
kappa,65,-1,806,0.10502146152762049,,,,,,,,
kappa,65,-1,807,0.10535279959698357,,,,,,,,
kappa,65,-1,808,0.10497864046672588,,,,,,,,
kappa,65,-1,809,0.10415648597491722,,,,,,,,
kappa,65,-1,810,0.10307674446145564,,,,,,,,
kappa,65,-1,811,0.11179270657396703,,,,,,,,
kappa,65,-1,812,0.14273135222792971,,,,,,,,
kappa,65,-1,813,0.10983062060419654,,,,,,,,
kappa,65,-1,814,0.10610892553674321,,,,,,,,
kappa,65,-1,815,0.10476227999686574,,,,,,,,
kappa,65,-1,816,0.10398437843316105,,,,,,,,
kappa,65,-1,817,0.1041825337719005,,,,,,,,
kappa,65,-1,818,0.10359294136059248,,,,,,,,
kappa,65,-1,819,0.10442803921559453,,,,,,,,
kappa,65,-1,820,0.10504021094819477,,,,,,,,
kappa,65,-1,821,0.10356034032378687,,,,,,,,
kappa,65,-1,822,0.10502281938228823,,,,,,,,
kappa,65,-1,823,0.10475063627874731,,,,,,,,
kappa,65,-1,824,0.10439455442277308,,,,,,,,
kappa,65,-1,825,0.10384477519329051,,,,,,,,
kappa,65,-1,826,0.10492294205635598,,,,,,,,
kappa,65,-1,827,0.10403126192912952,,,,,,,,
kappa,65,-1,828,0.1042280660847788,,,,,,,,
kappa,65,-1,829,0.10423623037418717,,,,,,,,
kappa,65,-1,830,0.10464167923628578,,,,,,,,
kappa,65,-1,831,0.10452792448255885,,,,,,,,
kappa,65,-1,832,0.10426013317365486,,,,,,,,
kappa,65,-1,833,0.10283637326553523,,,,,,,,
kappa,65,-1,834,0.11172145184526548,,,,,,,,
kappa,65,-1,835,0.14241866034412645,,,,,,,,
kappa,65,-1,836,0.1103897152005765,,,,,,,,
kappa,65,-1,837,0.10642826197611618,,,,,,,,
kappa,65,-1,838,0.104957731991992,,,,,,,,
kappa,65,-1,839,0.1045361701354692,,,,,,,,
kappa,65,-1,840,0.10406426748160531,,,,,,,,
kappa,65,-1,841,0.1045365888346708,,,,,,,,
kappa,65,-1,842,0.10404518355373216,,,,,,,,
kappa,65,-1,843,0.1041959725996805,,,,,,,,
kappa,65,-1,844,0.10512753957740281,,,,,,,,
kappa,65,-1,845,0.10419852410955968,,,,,,,,
kappa,65,-1,846,0.10549596302162323,,,,,,,,
kappa,65,-1,847,0.10464551386807118,,,,,,,,
kappa,65,-1,848,0.10483906237212345,,,,,,,,
kappa,65,-1,849,0.1043806077166574,,,,,,,,
kappa,65,-1,850,0.10493701864755382,,,,,,,,
kappa,65,-1,851,0.10514992615629956,,,,,,,,
kappa,65,-1,852,0.10477252674447242,,,,,,,,
kappa,65,-1,853,0.10455726510580897,,,,,,,,
kappa,65,-1,854,0.10428371646482688,,,,,,,,
kappa,65,-1,855,0.10307301805569678,,,,,,,,
kappa,65,-1,856,0.11228067255170633,,,,,,,,
kappa,65,-1,857,0.14227790639063795,,,,,,,,
kappa,65,-1,858,0.11035517617969297,,,,,,,,
kappa,65,-1,859,0.1059101217705848,,,,,,,,
kappa,65,-1,860,0.10476052367215682,,,,,,,,
kappa,65,-1,861,0.10353347510965996,,,,,,,,
kappa,65,-1,862,0.10454576152584429,,,,,,,,
kappa,65,-1,863,0.10431213828270681,,,,,,,,
kappa,65,-1,864,0.10494963195456287,,,,,,,,
kappa,65,-1,865,0.10397662452680563,,,,,,,,
kappa,65,-1,866,0.10405043302820956,,,,,,,,
kappa,65,-1,867,0.10535677916873792,,,,,,,,
kappa,65,-1,868,0.10401312256150262,,,,,,,,
kappa,65,-1,869,0.10504316773635078,,,,,,,,
kappa,65,-1,870,0.10404677189921356,,,,,,,,
kappa,65,-1,871,0.10489357935338903,,,,,,,,
kappa,65,-1,872,0.10398892003716252,,,,,,,,
kappa,65,-1,873,0.10445567002382421,,,,,,,,
kappa,65,-1,874,0.10441591328986113,,,,,,,,
kappa,65,-1,875,0.10429573371555671,,,,,,,,
kappa,65,-1,876,0.10281440291702322,,,,,,,,
kappa,65,-1,877,0.11166185184458134,,,,,,,,
kappa,65,-1,878,0.14308580238875682,,,,,,,,
kappa,65,-1,879,0.11028624144367129,,,,,,,,
kappa,65,-1,880,0.10622982819008409,,,,,,,,
kappa,65,-1,881,0.10445632080767858,,,,,,,,
kappa,65,-1,882,0.10443595726838202,,,,,,,,
kappa,65,-1,883,0.10460377606395409,,,,,,,,
kappa,65,-1,884,0.10405084843118394,,,,,,,,
kappa,65,-1,885,0.10409127186875278,,,,,,,,
kappa,65,-1,886,0.10456050848497501,,,,,,,,
kappa,65,-1,887,0.10411058619640998,,,,,,,,
kappa,65,-1,888,0.10418476572677617,,,,,,,,
kappa,65,-1,889,0.10485408206774244,,,,,,,,
kappa,65,-1,890,0.10493992778255867,,,,,,,,
kappa,65,-1,891,0.10620027599110178,,,,,,,,
kappa,65,-1,892,0.10484187172020548,,,,,,,,
kappa,65,-1,893,0.10490191805442406,,,,,,,,
kappa,65,-1,894,0.10422238538939144,,,,,,,,
kappa,65,-1,895,0.1044524377997139,,,,,,,,
kappa,65,-1,896,0.10284529157623346,,,,,,,,
kappa,65,-1,897,0.11188876394195878,,,,,,,,
kappa,65,-1,898,0.14238142867466075,,,,,,,,
kappa,65,-1,899,0.11032458811319426,,,,,,,,
kappa,65,-1,900,0.10594952963947239,,,,,,,,
kappa,65,-1,901,0.10555109153817716,,,,,,,,
kappa,65,-1,902,0.10403614397650567,,,,,,,,
kappa,65,-1,903,0.10427651524031721,,,,,,,,
kappa,65,-1,904,0.10470026971793368,,,,,,,,
kappa,65,-1,905,0.10415588471378373,,,,,,,,
kappa,65,-1,906,0.10450507532938605,,,,,,,,
kappa,65,-1,907,0.10400888520648757,,,,,,,,
kappa,65,-1,908,0.1044507797888215,,,,,,,,
kappa,65,-1,909,0.1040095283449539,,,,,,,,
kappa,65,-1,910,0.1047843598224073,,,,,,,,
kappa,65,-1,911,0.10408070370794655,,,,,,,,
kappa,65,-1,912,0.10495519698567642,,,,,,,,
kappa,65,-1,913,0.10446852336855071,,,,,,,,
kappa,65,-1,914,0.10439114571114946,,,,,,,,
kappa,65,-1,915,0.10269701748948311,,,,,,,,
kappa,65,-1,916,0.11170942256069694,,,,,,,,
kappa,65,-1,917,0.14226129846374791,,,,,,,,
kappa,65,-1,918,0.11139123680837414,,,,,,,,
kappa,65,-1,919,0.10668192319120118,,,,,,,,
kappa,65,-1,920,0.10475258940868802,,,,,,,,
kappa,65,-1,921,0.10492427976829512,,,,,,,,
kappa,65,-1,922,0.10410977771473647,,,,,,,,
kappa,65,-1,923,0.10422669397543866,,,,,,,,
kappa,65,-1,924,0.10409342237262821,,,,,,,,
kappa,65,-1,925,0.10407237860507114,,,,,,,,
kappa,65,-1,926,0.10445608182695899,,,,,,,,
kappa,65,-1,927,0.10494408321265758,,,,,,,,
kappa,65,-1,928,0.10473507942399893,,,,,,,,
kappa,65,-1,929,0.10439536136168005,,,,,,,,
kappa,65,-1,930,0.10482181398518259,,,,,,,,
kappa,65,-1,931,0.10394509479823462,,,,,,,,
kappa,65,-1,932,0.10517190337176006,,,,,,,,
kappa,65,-1,933,0.10293308509239024,,,,,,,,
kappa,65,-1,934,0.1124436583525029,,,,,,,,
kappa,65,-1,935,0.14241869654317052,,,,,,,,
kappa,65,-1,936,0.1103243958977469,,,,,,,,
kappa,65,-1,937,0.10687279457750445,,,,,,,,
kappa,65,-1,938,0.10443524666264685,,,,,,,,
kappa,65,-1,939,0.10390179489881478,,,,,,,,
kappa,65,-1,940,0.10396818024542226,,,,,,,,
kappa,65,-1,941,0.104086390569106,,,,,,,,
kappa,65,-1,942,0.10380684376809288,,,,,,,,
kappa,65,-1,943,0.10375544855901839,,,,,,,,
kappa,65,-1,944,0.10390885018683531,,,,,,,,
kappa,65,-1,945,0.10378719654342457,,,,,,,,
kappa,65,-1,946,0.10384086305393539,,,,,,,,
kappa,65,-1,947,0.10371368328654125,,,,,,,,
kappa,65,-1,948,0.10377881134037041,,,,,,,,
kappa,65,-1,949,0.10427832635897209,,,,,,,,
kappa,65,-1,950,0.10248514206416627,,,,,,,,
kappa,65,-1,951,0.11126344888860829,,,,,,,,
kappa,65,-1,952,0.14450645252916666,,,,,,,,
kappa,65,-1,953,0.11042674872938993,,,,,,,,
kappa,65,-1,954,0.10612316915787842,,,,,,,,
kappa,65,-1,955,0.10474482101829188,,,,,,,,
kappa,65,-1,956,0.1045708519620278,,,,,,,,
kappa,65,-1,957,0.10424690530119926,,,,,,,,
kappa,65,-1,958,0.10487378513655672,,,,,,,,
kappa,65,-1,959,0.10509401335032741,,,,,,,,
kappa,65,-1,960,0.10454832075835263,,,,,,,,
kappa,65,-1,961,0.10434195761513945,,,,,,,,
kappa,65,-1,962,0.10441926186278173,,,,,,,,
kappa,65,-1,963,0.10432830998580762,,,,,,,,
kappa,65,-1,964,0.10494442303985001,,,,,,,,
kappa,65,-1,965,0.10441216837317457,,,,,,,,
kappa,65,-1,966,0.1035951111422264,,,,,,,,
kappa,65,-1,967,0.11250859289538277,,,,,,,,
kappa,65,-1,968,0.14292931776120488,,,,,,,,
kappa,65,-1,969,0.11045496779619732,,,,,,,,
kappa,65,-1,970,0.10628857628151962,,,,,,,,
kappa,65,-1,971,0.10470743990371872,,,,,,,,
kappa,65,-1,972,0.10477642343697151,,,,,,,,
kappa,65,-1,973,0.10406968200180072,,,,,,,,
kappa,65,-1,974,0.10399233004827625,,,,,,,,
kappa,65,-1,975,0.10415746007432392,,,,,,,,
kappa,65,-1,976,0.10412454934269184,,,,,,,,
kappa,65,-1,977,0.10494304656936591,,,,,,,,
kappa,65,-1,978,0.10451988333517032,,,,,,,,
kappa,65,-1,979,0.10517797854776528,,,,,,,,
kappa,65,-1,980,0.104340661660105,,,,,,,,
kappa,65,-1,981,0.10332003017249035,,,,,,,,
kappa,65,-1,982,0.11184586793667098,,,,,,,,
kappa,65,-1,983,0.14240340179310793,,,,,,,,
kappa,65,-1,984,0.11009276271992402,,,,,,,,
kappa,65,-1,985,0.10637671114022706,,,,,,,,
kappa,65,-1,986,0.10523654590001152,,,,,,,,
kappa,65,-1,987,0.10525231002193952,,,,,,,,
kappa,65,-1,988,0.10487498110126481,,,,,,,,
kappa,65,-1,989,0.1045426055791084,,,,,,,,
kappa,65,-1,990,0.10426725618632396,,,,,,,,
kappa,65,-1,991,0.1048784517727185,,,,,,,,
kappa,65,-1,992,0.1038015846556177,,,,,,,,
kappa,65,-1,993,0.10487450760296961,,,,,,,,
kappa,65,-1,994,0.10416441818618617,,,,,,,,
kappa,65,-1,995,0.10275278130267734,,,,,,,,
kappa,65,-1,996,0.11169732011378225,,,,,,,,
kappa,65,-1,997,0.14239815210101839,,,,,,,,
kappa,65,-1,998,0.11017892358318768,,,,,,,,
kappa,65,-1,999,0.10703177669261763,,,,,,,,
kappa,65,-1,1000,0.10531996308858228,,,,,,,,
kappa,65,-1,1001,0.10311911243359419,,,,,,,,
kappa,65,-1,1002,0.10494941044211926,,,,,,,,
kappa,65,-1,1003,0.10414414688086468,,,,,,,,
kappa,65,-1,1004,0.10468622718650283,,,,,,,,
kappa,65,-1,1005,0.1044319729706943,,,,,,,,
kappa,65,-1,1006,0.10431736289037502,,,,,,,,
kappa,65,-1,1007,0.10421475988226286,,,,,,,,
kappa,65,-1,1008,0.10258431190956435,,,,,,,,
kappa,65,-1,1009,0.11160613003381326,,,,,,,,
kappa,65,-1,1010,0.14542417037953925,,,,,,,,
kappa,65,-1,1011,0.1123324865229834,,,,,,,,
kappa,65,-1,1012,0.10814979548233879,,,,,,,,
kappa,65,-1,1013,0.10465390850189088,,,,,,,,
kappa,65,-1,1014,0.1047059248652053,,,,,,,,
kappa,65,-1,1015,0.10412304153431851,,,,,,,,
kappa,65,-1,1016,0.1041115612894299,,,,,,,,
kappa,65,-1,1017,0.10431910594682371,,,,,,,,
kappa,65,-1,1018,0.10435348658318869,,,,,,,,
kappa,65,-1,1019,0.10414916603490391,,,,,,,,
kappa,65,-1,1020,0.10259256479779755,,,,,,,,
kappa,65,-1,1021,0.11156487750296647,,,,,,,,
kappa,65,-1,1022,0.1442707434504768,,,,,,,,
kappa,65,-1,1023,0.11118752301623848,,,,,,,,
kappa,65,-1,1024,0.10597006841349187,,,,,,,,
kappa,65,-1,1025,0.10485103000165882,,,,,,,,
kappa,65,-1,1026,0.10446707294469267,,,,,,,,
kappa,65,-1,1027,0.10422710462124163,,,,,,,,
kappa,65,-1,1028,0.1044252599453355,,,,,,,,
kappa,65,-1,1029,0.10365949639408023,,,,,,,,
kappa,65,-1,1030,0.1044284087691211,,,,,,,,
kappa,65,-1,1031,0.1028305155560004,,,,,,,,
kappa,65,-1,1032,0.1119354804491073,,,,,,,,
kappa,65,-1,1033,0.14311179472739932,,,,,,,,
kappa,65,-1,1034,0.11048686039475243,,,,,,,,
kappa,65,-1,1035,0.10640314730603964,,,,,,,,
kappa,65,-1,1036,0.10465183732611165,,,,,,,,
kappa,65,-1,1037,0.10399871456900976,,,,,,,,
kappa,65,-1,1038,0.10427610683392892,,,,,,,,
kappa,65,-1,1039,0.10412666252598234,,,,,,,,
kappa,65,-1,1040,0.10435580480499164,,,,,,,,
kappa,65,-1,1041,0.10264859653929798,,,,,,,,
kappa,65,-1,1042,0.11171559285709647,,,,,,,,
kappa,65,-1,1043,0.14271847244318578,,,,,,,,
kappa,65,-1,1044,0.11031894574156162,,,,,,,,
kappa,65,-1,1045,0.10633772573300723,,,,,,,,
kappa,65,-1,1046,0.10472632453946412,,,,,,,,
kappa,65,-1,1047,0.10464413389380557,,,,,,,,
kappa,65,-1,1048,0.10426605785380548,,,,,,,,
kappa,65,-1,1049,0.10449191710615144,,,,,,,,
kappa,65,-1,1050,0.10292500172814811,,,,,,,,
kappa,65,-1,1051,0.11180628154545934,,,,,,,,
kappa,65,-1,1052,0.14227659039922688,,,,,,,,
kappa,65,-1,1053,0.11022497868902843,,,,,,,,
kappa,65,-1,1054,0.10590563865833948,,,,,,,,
kappa,65,-1,1055,0.1047722876209678,,,,,,,,
kappa,65,-1,1056,0.10395242926456506,,,,,,,,
kappa,65,-1,1057,0.10432934472502545,,,,,,,,
kappa,65,-1,1058,0.10297211267565387,,,,,,,,
kappa,65,-1,1059,0.11192779954777911,,,,,,,,
kappa,65,-1,1060,0.14309561104637428,,,,,,,,
kappa,65,-1,1061,0.11033706398505018,,,,,,,,
kappa,65,-1,1062,0.10622161600572276,,,,,,,,
kappa,65,-1,1063,0.10481534459519698,,,,,,,,
kappa,65,-1,1064,0.10433306357914694,,,,,,,,
kappa,65,-1,1065,0.10274992577005591,,,,,,,,
kappa,65,-1,1066,0.1118434619470757,,,,,,,,
kappa,65,-1,1067,0.14232698129894522,,,,,,,,
kappa,65,-1,1068,0.11031072850302504,,,,,,,,
kappa,65,-1,1069,0.10621586733882855,,,,,,,,
kappa,65,-1,1070,0.10453576311865591,,,,,,,,
kappa,65,-1,1071,0.10306094134296433,,,,,,,,
kappa,65,-1,1072,0.11175114953569987,,,,,,,,
kappa,65,-1,1073,0.14320269958324083,,,,,,,,
kappa,65,-1,1074,0.11033227402921623,,,,,,,,
kappa,65,-1,1075,0.10636504387727955,,,,,,,,
kappa,65,-1,1076,0.10332237494269911,,,,,,,,
kappa,65,-1,1077,0.11218137267756226,,,,,,,,
kappa,65,-1,1078,0.1428008722230226,,,,,,,,
kappa,65,-1,1079,0.11027365775977699,,,,,,,,
kappa,65,-1,1080,0.10482831700176178,,,,,,,,
kappa,65,-1,1081,0.11246028715243815,,,,,,,,
kappa,65,-1,1082,0.14324673946478761,,,,,,,,
kappa,65,-1,1083,0.10937987393435346,,,,,,,,
kappa,65,-1,1084,0.11499296244593878,,,,,,,,
kappa,65,-1,1085,0.13963270437069711,,,,,,,,
kappa,65,-1,1086,0.11852719886863954,,,,,,,,
kappa,65,-1,1087,0.17350863324729698,,,,,,,,
kappa,65,-1,1088,0.25646208186879105,,,,,,,,
kappa,65,-1,1089,0.16548047970289509,,,,,,,,
kappa,65,-1,1090,0.16209014892398824,,,,,,,,
kappa,65,-1,1091,0.15385291522229452,,,,,,,,
kappa,65,-1,1092,0.15571231844194131,,,,,,,,
kappa,65,-1,1093,0.15402946758031361,,,,,,,,
kappa,65,-1,1094,0.15465719276219986,,,,,,,,
kappa,65,-1,1095,0.15302297256588121,,,,,,,,
kappa,65,-1,1096,0.15402400935299831,,,,,,,,
kappa,65,-1,1097,0.1533088952263871,,,,,,,,
kappa,65,-1,1098,0.15311256799721698,,,,,,,,
kappa,65,-1,1099,0.1534827626636108,,,,,,,,
kappa,65,-1,1100,0.1532915998437995,,,,,,,,
kappa,65,-1,1101,0.15353897821278592,,,,,,,,
kappa,65,-1,1102,0.15221736507750502,,,,,,,,
kappa,65,-1,1103,0.15331614398952559,,,,,,,,
kappa,65,-1,1104,0.1531268240604749,,,,,,,,
kappa,65,-1,1105,0.15394467806183673,,,,,,,,
kappa,65,-1,1106,0.15274883131568817,,,,,,,,
kappa,65,-1,1107,0.15029761342795087,,,,,,,,
kappa,65,-1,1108,0.15315952098033053,,,,,,,,
kappa,65,-1,1109,0.15388146970909455,,,,,,,,
kappa,65,-1,1110,0.15320383675836291,,,,,,,,
kappa,65,-1,1111,0.15269200453323026,,,,,,,,
kappa,65,-1,1112,0.1528829582103404,,,,,,,,
kappa,65,-1,1113,0.15242274777137199,,,,,,,,
kappa,65,-1,1114,0.15424945013825264,,,,,,,,
kappa,65,-1,1115,0.15456957007144684,,,,,,,,
kappa,65,-1,1116,0.1505270002303474,,,,,,,,
kappa,65,-1,1117,0.14937040969005835,,,,,,,,
kappa,65,-1,1118,0.16361477520394349,,,,,,,,
kappa,65,-1,1119,0.1656014909096494,,,,,,,,
kappa,65,-1,1120,0.12314070151675607,,,,,,,,
kappa,65,-1,1121,0.11865639628084858,,,,,,,,
kappa,65,-1,1122,0.11659420417227147,,,,,,,,
kappa,65,-1,1123,0.11631136843275466,,,,,,,,
kappa,65,-1,1124,0.11625064713494349,,,,,,,,
kappa,65,-1,1125,0.11635002338754176,,,,,,,,
kappa,65,-1,1126,0.11624861349983846,,,,,,,,
kappa,65,-1,1127,0.11607103555606003,,,,,,,,
kappa,65,-1,1128,0.11606598833214711,,,,,,,,
kappa,65,-1,1129,0.11597612015651299,,,,,,,,
kappa,65,-1,1130,0.11582067129341483,,,,,,,,
kappa,65,-1,1131,0.11655333585391089,,,,,,,,
kappa,65,-1,1132,0.1153153210715919,,,,,,,,
kappa,65,-1,1133,0.11620821001578462,,,,,,,,
kappa,65,-1,1134,0.11607877549702972,,,,,,,,
kappa,65,-1,1135,0.11567666235959888,,,,,,,,
kappa,65,-1,1136,0.11609705416131173,,,,,,,,
kappa,65,-1,1137,0.1155305147436208,,,,,,,,
kappa,65,-1,1138,0.11622920555638232,,,,,,,,
kappa,65,-1,1139,0.11611816259336308,,,,,,,,
kappa,65,-1,1140,0.11568321445398495,,,,,,,,
kappa,65,-1,1141,0.11531434970527822,,,,,,,,
kappa,65,-1,1142,0.11562097928386328,,,,,,,,
kappa,65,-1,1143,0.1167840411954784,,,,,,,,
kappa,65,-1,1144,0.11671996317478338,,,,,,,,
kappa,65,-1,1145,0.11570385508458973,,,,,,,,
kappa,65,-1,1146,0.11307567512999304,,,,,,,,
kappa,65,-1,1147,0.1154622834888625,,,,,,,,
kappa,65,-1,1148,0.12418808376677609,,,,,,,,
kappa,65,-1,1149,0.15771745243609844,,,,,,,,
kappa,65,-1,1150,0.11640735375201999,,,,,,,,
kappa,65,-1,1151,0.11759112177416156,,,,,,,,
kappa,65,-1,1152,0.11260484981444267,,,,,,,,
kappa,65,-1,1153,0.11382118418055685,,,,,,,,
kappa,65,-1,1154,0.11306334971561038,,,,,,,,
kappa,65,-1,1155,0.11343316095689013,,,,,,,,
kappa,65,-1,1156,0.11275122356221269,,,,,,,,
kappa,65,-1,1157,0.11345961732317163,,,,,,,,
kappa,65,-1,1158,0.11263032616188089,,,,,,,,
kappa,65,-1,1159,0.11302528037060616,,,,,,,,
kappa,65,-1,1160,0.11250443580152877,,,,,,,,
kappa,65,-1,1161,0.1119564024025568,,,,,,,,
kappa,65,-1,1162,0.11241773808089223,,,,,,,,
kappa,65,-1,1163,0.1129036932057134,,,,,,,,
kappa,65,-1,1164,0.11266711161871122,,,,,,,,
kappa,65,-1,1165,0.1128000803478152,,,,,,,,
kappa,65,-1,1166,0.11326521340867068,,,,,,,,
kappa,65,-1,1167,0.11265961336896593,,,,,,,,
kappa,65,-1,1168,0.11293528375673909,,,,,,,,
kappa,65,-1,1169,0.11234547473838576,,,,,,,,
kappa,65,-1,1170,0.11232638795849963,,,,,,,,
kappa,65,-1,1171,0.1130707835182968,,,,,,,,
kappa,65,-1,1172,0.11297713792039643,,,,,,,,
kappa,65,-1,1173,0.11150292310247299,,,,,,,,
kappa,65,-1,1174,0.11214390420315705,,,,,,,,
kappa,65,-1,1175,0.11246923652305826,,,,,,,,
kappa,65,-1,1176,0.1108809271857439,,,,,,,,
kappa,65,-1,1177,0.11966289447463022,,,,,,,,
kappa,65,-1,1178,0.15300048474035988,,,,,,,,
kappa,65,-1,1179,0.11575378385333895,,,,,,,,
kappa,65,-1,1180,0.1152209738772855,,,,,,,,
kappa,65,-1,1181,0.11225325651889188,,,,,,,,
kappa,65,-1,1182,0.11228831494868452,,,,,,,,
kappa,65,-1,1183,0.11270514472502186,,,,,,,,
kappa,65,-1,1184,0.11224716267024692,,,,,,,,
kappa,65,-1,1185,0.11237727331340548,,,,,,,,
kappa,65,-1,1186,0.11224418060923537,,,,,,,,
kappa,65,-1,1187,0.1122226418468015,,,,,,,,
kappa,65,-1,1188,0.11173919716457383,,,,,,,,
kappa,65,-1,1189,0.11151228954805383,,,,,,,,
kappa,65,-1,1190,0.11236392903593478,,,,,,,,
kappa,65,-1,1191,0.11165889058478573,,,,,,,,
kappa,65,-1,1192,0.11221851340584978,,,,,,,,
kappa,65,-1,1193,0.11158243891675475,,,,,,,,
kappa,65,-1,1194,0.11197595359950885,,,,,,,,
kappa,65,-1,1195,0.11214861919607116,,,,,,,,
kappa,65,-1,1196,0.11167215374926537,,,,,,,,
kappa,65,-1,1197,0.11178026228398759,,,,,,,,
kappa,65,-1,1198,0.11208576110655949,,,,,,,,
kappa,65,-1,1199,0.11263813953040118,,,,,,,,
kappa,65,-1,1200,0.11089612783995942,,,,,,,,
kappa,65,-1,1201,0.11100816865785207,,,,,,,,
kappa,65,-1,1202,0.11318793601743046,,,,,,,,
kappa,65,-1,1203,0.11181280575795215,,,,,,,,
kappa,65,-1,1204,0.11067577506413197,,,,,,,,
kappa,65,-1,1205,0.11951021151959509,,,,,,,,
kappa,65,-1,1206,0.15002524053543581,,,,,,,,
kappa,65,-1,1207,0.11592125600503306,,,,,,,,
kappa,65,-1,1208,0.11559243052929294,,,,,,,,
kappa,65,-1,1209,0.11217708811109385,,,,,,,,
kappa,65,-1,1210,0.11376141616337161,,,,,,,,
kappa,65,-1,1211,0.11254845393294749,,,,,,,,
kappa,65,-1,1212,0.11300763347355372,,,,,,,,
kappa,65,-1,1213,0.11229683320923742,,,,,,,,
kappa,65,-1,1214,0.11161303405374208,,,,,,,,
kappa,65,-1,1215,0.11235783763038058,,,,,,,,
kappa,65,-1,1216,0.11213946815487195,,,,,,,,
kappa,65,-1,1217,0.11219291475403784,,,,,,,,
kappa,65,-1,1218,0.11121099278650509,,,,,,,,
kappa,65,-1,1219,0.11218213679644762,,,,,,,,
kappa,65,-1,1220,0.11231850041213209,,,,,,,,
kappa,65,-1,1221,0.11188682181531466,,,,,,,,
kappa,65,-1,1222,0.11200824455113859,,,,,,,,
kappa,65,-1,1223,0.11202006124948857,,,,,,,,
kappa,65,-1,1224,0.11248079717808061,,,,,,,,
kappa,65,-1,1225,0.11250627365548087,,,,,,,,
kappa,65,-1,1226,0.11130153300935303,,,,,,,,
kappa,65,-1,1227,0.11129802517109497,,,,,,,,
kappa,65,-1,1228,0.11282535456020168,,,,,,,,
kappa,65,-1,1229,0.11265358995257732,,,,,,,,
kappa,65,-1,1230,0.1111728545170511,,,,,,,,
kappa,65,-1,1231,0.11067276458740019,,,,,,,,
kappa,65,-1,1232,0.1193776262158279,,,,,,,,
kappa,65,-1,1233,0.15353924326566071,,,,,,,,
kappa,65,-1,1234,0.11626914153976431,,,,,,,,
kappa,65,-1,1235,0.11497523515203298,,,,,,,,
kappa,65,-1,1236,0.11247497468658213,,,,,,,,
kappa,65,-1,1237,0.11258282345853197,,,,,,,,
kappa,65,-1,1238,0.11266088026181337,,,,,,,,
kappa,65,-1,1239,0.1126028230390167,,,,,,,,
kappa,65,-1,1240,0.1127307341328196,,,,,,,,
kappa,65,-1,1241,0.11213849493088818,,,,,,,,
kappa,65,-1,1242,0.11168709517878261,,,,,,,,
kappa,65,-1,1243,0.11216956604889293,,,,,,,,
kappa,65,-1,1244,0.11259522752149438,,,,,,,,
kappa,65,-1,1245,0.11202014748100603,,,,,,,,
kappa,65,-1,1246,0.11229801214729425,,,,,,,,
kappa,65,-1,1247,0.11095192209676255,,,,,,,,
kappa,65,-1,1248,0.11205672626241214,,,,,,,,
kappa,65,-1,1249,0.11267419742679124,,,,,,,,
kappa,65,-1,1250,0.11254585362618144,,,,,,,,
kappa,65,-1,1251,0.11094378965736804,,,,,,,,
kappa,65,-1,1252,0.11124416220690804,,,,,,,,
kappa,65,-1,1253,0.11276057102551608,,,,,,,,
kappa,65,-1,1254,0.11315362044064152,,,,,,,,
kappa,65,-1,1255,0.11254786151069049,,,,,,,,
kappa,65,-1,1256,0.11118191578762883,,,,,,,,
kappa,65,-1,1257,0.1107935804743843,,,,,,,,
kappa,65,-1,1258,0.1194608461520266,,,,,,,,
kappa,65,-1,1259,0.1535771431619383,,,,,,,,
kappa,65,-1,1260,0.11582724376509773,,,,,,,,
kappa,65,-1,1261,0.11559738621216997,,,,,,,,
kappa,65,-1,1262,0.11178347934240161,,,,,,,,
kappa,65,-1,1263,0.11269180351903779,,,,,,,,
kappa,65,-1,1264,0.11226815219186836,,,,,,,,
kappa,65,-1,1265,0.11261943357911222,,,,,,,,
kappa,65,-1,1266,0.11186401226910619,,,,,,,,
kappa,65,-1,1267,0.11191301517776474,,,,,,,,
kappa,65,-1,1268,0.11213138621067836,,,,,,,,
kappa,65,-1,1269,0.11231285221216747,,,,,,,,
kappa,65,-1,1270,0.11222634123144273,,,,,,,,
kappa,65,-1,1271,0.11237671986853674,,,,,,,,
kappa,65,-1,1272,0.11169237992032038,,,,,,,,
kappa,65,-1,1273,0.11277778529082251,,,,,,,,
kappa,65,-1,1274,0.11266280153866551,,,,,,,,
kappa,65,-1,1275,0.11079288872428456,,,,,,,,
kappa,65,-1,1276,0.11113566192854922,,,,,,,,
kappa,65,-1,1277,0.11286111991279354,,,,,,,,
kappa,65,-1,1278,0.11277126293227673,,,,,,,,
kappa,65,-1,1279,0.11195015936150515,,,,,,,,
kappa,65,-1,1280,0.11198769065165498,,,,,,,,
kappa,65,-1,1281,0.11137707100977727,,,,,,,,
kappa,65,-1,1282,0.11006032249399876,,,,,,,,
kappa,65,-1,1283,0.11937845414341983,,,,,,,,
kappa,65,-1,1284,0.1536449571062305,,,,,,,,
kappa,65,-1,1285,0.11604811564545892,,,,,,,,
kappa,65,-1,1286,0.11496833662074837,,,,,,,,
kappa,65,-1,1287,0.1120097907742203,,,,,,,,
kappa,65,-1,1288,0.11178711718915688,,,,,,,,
kappa,65,-1,1289,0.11243219774940298,,,,,,,,
kappa,65,-1,1290,0.11249164202743672,,,,,,,,
kappa,65,-1,1291,0.1116370840696744,,,,,,,,
kappa,65,-1,1292,0.11245966185512597,,,,,,,,
kappa,65,-1,1293,0.11292831566017887,,,,,,,,
kappa,65,-1,1294,0.11217170497760973,,,,,,,,
kappa,65,-1,1295,0.11218908444613865,,,,,,,,
kappa,65,-1,1296,0.11311947301984004,,,,,,,,
kappa,65,-1,1297,0.112691107825055,,,,,,,,
kappa,65,-1,1298,0.11106793804105751,,,,,,,,
kappa,65,-1,1299,0.11129805379296354,,,,,,,,
kappa,65,-1,1300,0.11277841817569953,,,,,,,,
kappa,65,-1,1301,0.11299939503061035,,,,,,,,
kappa,65,-1,1302,0.11143015737552943,,,,,,,,
kappa,65,-1,1303,0.11233796696196838,,,,,,,,
kappa,65,-1,1304,0.11284041358794156,,,,,,,,
kappa,65,-1,1305,0.11159967224317312,,,,,,,,
kappa,65,-1,1306,0.11033172889796136,,,,,,,,
kappa,65,-1,1307,0.11933188736836119,,,,,,,,
kappa,65,-1,1308,0.15230674021877066,,,,,,,,
kappa,65,-1,1309,0.1157086905535568,,,,,,,,
kappa,65,-1,1310,0.11471781402826046,,,,,,,,
kappa,65,-1,1311,0.11222951225325405,,,,,,,,
kappa,65,-1,1312,0.11232998064680172,,,,,,,,
kappa,65,-1,1313,0.11171345983936491,,,,,,,,
kappa,65,-1,1314,0.1121038883877859,,,,,,,,
kappa,65,-1,1315,0.11234522755516982,,,,,,,,
kappa,65,-1,1316,0.1119788756612034,,,,,,,,
kappa,65,-1,1317,0.11223906715781988,,,,,,,,
kappa,65,-1,1318,0.11256999644554458,,,,,,,,
kappa,65,-1,1319,0.11272686850546065,,,,,,,,
kappa,65,-1,1320,0.11117606341097588,,,,,,,,
kappa,65,-1,1321,0.11133044324564427,,,,,,,,
kappa,65,-1,1322,0.11273472405006199,,,,,,,,
kappa,65,-1,1323,0.11220283748535903,,,,,,,,
kappa,65,-1,1324,0.11197488905518305,,,,,,,,
kappa,65,-1,1325,0.11211779123121843,,,,,,,,
kappa,65,-1,1326,0.11231800805070566,,,,,,,,
kappa,65,-1,1327,0.11215259110264737,,,,,,,,
kappa,65,-1,1328,0.11095132302714571,,,,,,,,
kappa,65,-1,1329,0.11025687169939727,,,,,,,,
kappa,65,-1,1330,0.11958119317839856,,,,,,,,
kappa,65,-1,1331,0.15345703007005654,,,,,,,,
kappa,65,-1,1332,0.11541851633708865,,,,,,,,
kappa,65,-1,1333,0.11501053632191899,,,,,,,,
kappa,65,-1,1334,0.11222303120646117,,,,,,,,
kappa,65,-1,1335,0.11253650958140865,,,,,,,,
kappa,65,-1,1336,0.11169713795510156,,,,,,,,
kappa,65,-1,1337,0.11229695874369582,,,,,,,,
kappa,65,-1,1338,0.1123638652366975,,,,,,,,
kappa,65,-1,1339,0.11228871962224903,,,,,,,,
kappa,65,-1,1340,0.11272673710860098,,,,,,,,
kappa,65,-1,1341,0.1111472765702952,,,,,,,,
kappa,65,-1,1342,0.11166431466246517,,,,,,,,
kappa,65,-1,1343,0.11228075390775451,,,,,,,,
kappa,65,-1,1344,0.11288742333009992,,,,,,,,
kappa,65,-1,1345,0.11237110511405864,,,,,,,,
kappa,65,-1,1346,0.11272577862546951,,,,,,,,
kappa,65,-1,1347,0.11243733737087261,,,,,,,,
kappa,65,-1,1348,0.11244109804441493,,,,,,,,
kappa,65,-1,1349,0.11248853958522546,,,,,,,,
kappa,65,-1,1350,0.11141618652214995,,,,,,,,
kappa,65,-1,1351,0.11036888894202825,,,,,,,,
kappa,65,-1,1352,0.11921448716390111,,,,,,,,
kappa,65,-1,1353,0.15382618863254802,,,,,,,,
kappa,65,-1,1354,0.11599498522830527,,,,,,,,
kappa,65,-1,1355,0.11506859116885457,,,,,,,,
kappa,65,-1,1356,0.11222771974552956,,,,,,,,
kappa,65,-1,1357,0.11171215802771971,,,,,,,,
kappa,65,-1,1358,0.11250682578961188,,,,,,,,
kappa,65,-1,1359,0.11252288984061559,,,,,,,,
kappa,65,-1,1360,0.11242239312549919,,,,,,,,
kappa,65,-1,1361,0.11146484144133856,,,,,,,,
kappa,65,-1,1362,0.11105420832156913,,,,,,,,
kappa,65,-1,1363,0.11302090328694246,,,,,,,,
kappa,65,-1,1364,0.11256884605605955,,,,,,,,
kappa,65,-1,1365,0.11233060047607574,,,,,,,,
kappa,65,-1,1366,0.11231849336611267,,,,,,,,
kappa,65,-1,1367,0.11257926430540907,,,,,,,,
kappa,65,-1,1368,0.11267624983758626,,,,,,,,
kappa,65,-1,1369,0.11271379938980615,,,,,,,,
kappa,65,-1,1370,0.11264612591938072,,,,,,,,
kappa,65,-1,1371,0.1110323969970201,,,,,,,,
kappa,65,-1,1372,0.11065132779468073,,,,,,,,
kappa,65,-1,1373,0.11935563421805484,,,,,,,,
kappa,65,-1,1374,0.15311843934238592,,,,,,,,
kappa,65,-1,1375,0.11613342952843712,,,,,,,,
kappa,65,-1,1376,0.11497761910024082,,,,,,,,
kappa,65,-1,1377,0.1113938754835125,,,,,,,,
kappa,65,-1,1378,0.11302466253671628,,,,,,,,
kappa,65,-1,1379,0.11298068294357069,,,,,,,,
kappa,65,-1,1380,0.11139573582646779,,,,,,,,
kappa,65,-1,1381,0.11111075463731987,,,,,,,,
kappa,65,-1,1382,0.11291358092129347,,,,,,,,
kappa,65,-1,1383,0.11268653914325676,,,,,,,,
kappa,65,-1,1384,0.11203181530860108,,,,,,,,
kappa,65,-1,1385,0.11233653851582949,,,,,,,,
kappa,65,-1,1386,0.1125488326201074,,,,,,,,
kappa,65,-1,1387,0.11291224197051496,,,,,,,,
kappa,65,-1,1388,0.11243897788466954,,,,,,,,
kappa,65,-1,1389,0.11267313653049195,,,,,,,,
kappa,65,-1,1390,0.11233965465440611,,,,,,,,
kappa,65,-1,1391,0.11135890318234941,,,,,,,,
kappa,65,-1,1392,0.11032659598779943,,,,,,,,
kappa,65,-1,1393,0.11949758272694602,,,,,,,,
kappa,65,-1,1394,0.15299092414317464,,,,,,,,
kappa,65,-1,1395,0.11575249461219576,,,,,,,,
kappa,65,-1,1396,0.11488251741589137,,,,,,,,
kappa,65,-1,1397,0.11291734215637704,,,,,,,,
kappa,65,-1,1398,0.11119100553108639,,,,,,,,
kappa,65,-1,1399,0.11144993817794603,,,,,,,,
kappa,65,-1,1400,0.11257949552987732,,,,,,,,
kappa,65,-1,1401,0.11248209573446408,,,,,,,,
kappa,65,-1,1402,0.11169321624419914,,,,,,,,
kappa,65,-1,1403,0.1118818799941583,,,,,,,,
kappa,65,-1,1404,0.11232971899941421,,,,,,,,
kappa,65,-1,1405,0.11257288098296289,,,,,,,,
kappa,65,-1,1406,0.11222955641490547,,,,,,,,
kappa,65,-1,1407,0.11248578678726527,,,,,,,,
kappa,65,-1,1408,0.11242573244563704,,,,,,,,
kappa,65,-1,1409,0.11201447637186188,,,,,,,,
kappa,65,-1,1410,0.11124212817291024,,,,,,,,
kappa,65,-1,1411,0.11044823974202346,,,,,,,,
kappa,65,-1,1412,0.1196451403782464,,,,,,,,
kappa,65,-1,1413,0.15446317219644565,,,,,,,,
kappa,65,-1,1414,0.11669967530445952,,,,,,,,
kappa,65,-1,1415,0.11401957274597307,,,,,,,,
kappa,65,-1,1416,0.11130432287693436,,,,,,,,
kappa,65,-1,1417,0.11288050035114994,,,,,,,,
kappa,65,-1,1418,0.11267044148698439,,,,,,,,
kappa,65,-1,1419,0.11220105111101533,,,,,,,,
kappa,65,-1,1420,0.11213330872754132,,,,,,,,
kappa,65,-1,1421,0.11215803287124448,,,,,,,,
kappa,65,-1,1422,0.11245717861984075,,,,,,,,
kappa,65,-1,1423,0.11221383813303383,,,,,,,,
kappa,65,-1,1424,0.11279508410957734,,,,,,,,
kappa,65,-1,1425,0.11246094373868114,,,,,,,,
kappa,65,-1,1426,0.11244697590186227,,,,,,,,
kappa,65,-1,1427,0.11217533954621672,,,,,,,,
kappa,65,-1,1428,0.11140213801375889,,,,,,,,
kappa,65,-1,1429,0.11066603090693274,,,,,,,,
kappa,65,-1,1430,0.12012526581163584,,,,,,,,
kappa,65,-1,1431,0.15069105263178448,,,,,,,,
kappa,65,-1,1432,0.11458265974120745,,,,,,,,
kappa,65,-1,1433,0.11478662639918664,,,,,,,,
kappa,65,-1,1434,0.11220771148036218,,,,,,,,
kappa,65,-1,1435,0.11153693301095943,,,,,,,,
kappa,65,-1,1436,0.11139406137042097,,,,,,,,
kappa,65,-1,1437,0.11171096848540067,,,,,,,,
kappa,65,-1,1438,0.11156735811973761,,,,,,,,
kappa,65,-1,1439,0.11158871907052041,,,,,,,,
kappa,65,-1,1440,0.11143974732556169,,,,,,,,
kappa,65,-1,1441,0.11182464069097339,,,,,,,,
kappa,65,-1,1442,0.1112664646461054,,,,,,,,
kappa,65,-1,1443,0.11185816976799684,,,,,,,,
kappa,65,-1,1444,0.11197919001519464,,,,,,,,
kappa,65,-1,1445,0.11043177744689524,,,,,,,,
kappa,65,-1,1446,0.10973994044704399,,,,,,,,
kappa,65,-1,1447,0.11899453817399232,,,,,,,,
kappa,65,-1,1448,0.15473150986755577,,,,,,,,
kappa,65,-1,1449,0.11686488323128613,,,,,,,,
kappa,65,-1,1450,0.11511458305492436,,,,,,,,
kappa,65,-1,1451,0.11208857093777425,,,,,,,,
kappa,65,-1,1452,0.11214572129508694,,,,,,,,
kappa,65,-1,1453,0.11269749691267546,,,,,,,,
kappa,65,-1,1454,0.11248724027847343,,,,,,,,
kappa,65,-1,1455,0.11240437422164978,,,,,,,,
kappa,65,-1,1456,0.1117032635957063,,,,,,,,
kappa,65,-1,1457,0.11237189491978967,,,,,,,,
kappa,65,-1,1458,0.11261987274088485,,,,,,,,
kappa,65,-1,1459,0.11257238282071214,,,,,,,,
kappa,65,-1,1460,0.11229347005518513,,,,,,,,
kappa,65,-1,1461,0.11129544484530687,,,,,,,,
kappa,65,-1,1462,0.11091246770166208,,,,,,,,
kappa,65,-1,1463,0.11988035005961552,,,,,,,,
kappa,65,-1,1464,0.15303182307319294,,,,,,,,
kappa,65,-1,1465,0.11567050530760238,,,,,,,,
kappa,65,-1,1466,0.1149715992702845,,,,,,,,
kappa,65,-1,1467,0.11188021863527282,,,,,,,,
kappa,65,-1,1468,0.1126736944856639,,,,,,,,
kappa,65,-1,1469,0.11226145058551806,,,,,,,,
kappa,65,-1,1470,0.11197839842770974,,,,,,,,
kappa,65,-1,1471,0.11266886570761232,,,,,,,,
kappa,65,-1,1472,0.11205048116930529,,,,,,,,
kappa,65,-1,1473,0.11235113562746096,,,,,,,,
kappa,65,-1,1474,0.11204167996436086,,,,,,,,
kappa,65,-1,1475,0.11281704631942453,,,,,,,,
kappa,65,-1,1476,0.11113207811489263,,,,,,,,
kappa,65,-1,1477,0.11056533550299444,,,,,,,,
kappa,65,-1,1478,0.12001924294423613,,,,,,,,
kappa,65,-1,1479,0.153714103541192,,,,,,,,
kappa,65,-1,1480,0.11581767286540291,,,,,,,,
kappa,65,-1,1481,0.11562009031980106,,,,,,,,
kappa,65,-1,1482,0.11223402270222357,,,,,,,,
kappa,65,-1,1483,0.11317009708446796,,,,,,,,
kappa,65,-1,1484,0.11240578022463242,,,,,,,,
kappa,65,-1,1485,0.11304808387469689,,,,,,,,
kappa,65,-1,1486,0.11215381104940357,,,,,,,,
kappa,65,-1,1487,0.11250963820580716,,,,,,,,
kappa,65,-1,1488,0.11215406237898888,,,,,,,,
kappa,65,-1,1489,0.11225404290151317,,,,,,,,
kappa,65,-1,1490,0.11127069821352588,,,,,,,,
kappa,65,-1,1491,0.11072046932746465,,,,,,,,
kappa,65,-1,1492,0.11937522718954481,,,,,,,,
kappa,65,-1,1493,0.15283708219851608,,,,,,,,
kappa,65,-1,1494,0.1163160592082019,,,,,,,,
kappa,65,-1,1495,0.11510058548445216,,,,,,,,
kappa,65,-1,1496,0.11212554325283368,,,,,,,,
kappa,65,-1,1497,0.1123373999524539,,,,,,,,
kappa,65,-1,1498,0.11237696697603509,,,,,,,,
kappa,65,-1,1499,0.11252200897924436,,,,,,,,
kappa,65,-1,1500,0.11115761491923609,,,,,,,,
kappa,65,-1,1501,0.11223676051420606,,,,,,,,
kappa,65,-1,1502,0.11281694681339886,,,,,,,,
kappa,65,-1,1503,0.11093419662748187,,,,,,,,
kappa,65,-1,1504,0.11027659836590083,,,,,,,,
kappa,65,-1,1505,0.1192577932268527,,,,,,,,
kappa,65,-1,1506,0.15619730426772513,,,,,,,,
kappa,65,-1,1507,0.11658427803253278,,,,,,,,
kappa,65,-1,1508,0.11731335032975108,,,,,,,,
kappa,65,-1,1509,0.11223120225538331,,,,,,,,
kappa,65,-1,1510,0.11429088430164763,,,,,,,,
kappa,65,-1,1511,0.11226114523374883,,,,,,,,
kappa,65,-1,1512,0.11270672513518701,,,,,,,,
kappa,65,-1,1513,0.11232478958178053,,,,,,,,
kappa,65,-1,1514,0.1127363770381918,,,,,,,,
kappa,65,-1,1515,0.11092500405790472,,,,,,,,
kappa,65,-1,1516,0.11021777380560137,,,,,,,,
kappa,65,-1,1517,0.11974338592039761,,,,,,,,
kappa,65,-1,1518,0.1539783940493023,,,,,,,,
kappa,65,-1,1519,0.1163174566817156,,,,,,,,
kappa,65,-1,1520,0.11487787062075813,,,,,,,,
kappa,65,-1,1521,0.11222846611779599,,,,,,,,
kappa,65,-1,1522,0.11223581873311617,,,,,,,,
kappa,65,-1,1523,0.1120459517081091,,,,,,,,
kappa,65,-1,1524,0.112305795028783,,,,,,,,
kappa,65,-1,1525,0.11215099928172211,,,,,,,,
kappa,65,-1,1526,0.11130343321736841,,,,,,,,
kappa,65,-1,1527,0.11036716967769068,,,,,,,,
kappa,65,-1,1528,0.11932363648615738,,,,,,,,
kappa,65,-1,1529,0.15532647375026443,,,,,,,,
kappa,65,-1,1530,0.11570730083031205,,,,,,,,
kappa,65,-1,1531,0.1148236238917399,,,,,,,,
kappa,65,-1,1532,0.11199495787357723,,,,,,,,
kappa,65,-1,1533,0.11224804887806039,,,,,,,,
kappa,65,-1,1534,0.11210805736884655,,,,,,,,
kappa,65,-1,1535,0.11231524137131381,,,,,,,,
kappa,65,-1,1536,0.11118534973433696,,,,,,,,
kappa,65,-1,1537,0.11042336499263057,,,,,,,,
kappa,65,-1,1538,0.11951367549291908,,,,,,,,
kappa,65,-1,1539,0.15349123518968422,,,,,,,,
kappa,65,-1,1540,0.11600870559059093,,,,,,,,
kappa,65,-1,1541,0.11505986357889676,,,,,,,,
kappa,65,-1,1542,0.11206958162407397,,,,,,,,
kappa,65,-1,1543,0.11247723550715881,,,,,,,,
kappa,65,-1,1544,0.11225418094150144,,,,,,,,
kappa,65,-1,1545,0.11121832882294333,,,,,,,,
kappa,65,-1,1546,0.11035335421770812,,,,,,,,
kappa,65,-1,1547,0.11934729345812216,,,,,,,,
kappa,65,-1,1548,0.15336087929467124,,,,,,,,
kappa,65,-1,1549,0.11567622924620165,,,,,,,,
kappa,65,-1,1550,0.11496733394532538,,,,,,,,
kappa,65,-1,1551,0.11204904225061944,,,,,,,,
kappa,65,-1,1552,0.11259741236473499,,,,,,,,
kappa,65,-1,1553,0.11107483739311994,,,,,,,,
kappa,65,-1,1554,0.11067014774606485,,,,,,,,
kappa,65,-1,1555,0.11964556700112167,,,,,,,,
kappa,65,-1,1556,0.15310007157568756,,,,,,,,
kappa,65,-1,1557,0.11564859746730098,,,,,,,,
kappa,65,-1,1558,0.11499722076941613,,,,,,,,
kappa,65,-1,1559,0.11208309009050355,,,,,,,,
kappa,65,-1,1560,0.11139136496003714,,,,,,,,
kappa,65,-1,1561,0.11064268420012863,,,,,,,,
kappa,65,-1,1562,0.11981139051216963,,,,,,,,
kappa,65,-1,1563,0.1527185069572348,,,,,,,,
kappa,65,-1,1564,0.11609046134929181,,,,,,,,
kappa,65,-1,1565,0.11515225499050617,,,,,,,,
kappa,65,-1,1566,0.11114613724772393,,,,,,,,
kappa,65,-1,1567,0.1103380441232119,,,,,,,,
kappa,65,-1,1568,0.12002613810343318,,,,,,,,
kappa,65,-1,1569,0.15387854794123826,,,,,,,,
kappa,65,-1,1570,0.11637943153513616,,,,,,,,
kappa,65,-1,1571,0.11415296624555443,,,,,,,,
kappa,65,-1,1572,0.11042181944673954,,,,,,,,
kappa,65,-1,1573,0.12022804908424937,,,,,,,,
kappa,65,-1,1574,0.15421998098487377,,,,,,,,
kappa,65,-1,1575,0.11556594012420734,,,,,,,,
kappa,65,-1,1576,0.11393169657898206,,,,,,,,
kappa,65,-1,1577,0.12008243031067529,,,,,,,,
kappa,65,-1,1578,0.15042635639134705,,,,,,,,
kappa,65,-1,1579,0.11241279112751666,,,,,,,,
kappa,65,-1,1580,0.12144786892316341,,,,,,,,
kappa,65,-1,1581,0.14841172858428378,,,,,,,,
kappa,65,-1,1582,0.12470451599473492,,,,,,,,
kappa,65,-1,1583,0.17865258405307213,,,,,,,,
kappa,65,-1,1584,0.25835819529020482,,,,,,,,
kappa,65,-1,1585,0.16590034758048833,,,,,,,,
kappa,65,-1,1586,0.15304839197421438,,,,,,,,
kappa,65,-1,1587,0.16205152077123064,,,,,,,,
kappa,65,-1,1588,0.15196909005761852,,,,,,,,
kappa,65,-1,1589,0.15432366997353167,,,,,,,,
kappa,65,-1,1590,0.15683873681639263,,,,,,,,
kappa,65,-1,1591,0.15399914343036603,,,,,,,,
kappa,65,-1,1592,0.15377787778122196,,,,,,,,
kappa,65,-1,1593,0.15519643677521913,,,,,,,,
kappa,65,-1,1594,0.15338314590084548,,,,,,,,
kappa,65,-1,1595,0.15385455799618114,,,,,,,,
kappa,65,-1,1596,0.15571232721376083,,,,,,,,
kappa,65,-1,1597,0.15272451889735417,,,,,,,,
kappa,65,-1,1598,0.15391120456993546,,,,,,,,
kappa,65,-1,1599,0.15402555859653258,,,,,,,,
kappa,65,-1,1600,0.15331767693101686,,,,,,,,
kappa,65,-1,1601,0.15396216144727695,,,,,,,,
kappa,65,-1,1602,0.15473611259004694,,,,,,,,
kappa,65,-1,1603,0.15342843231335512,,,,,,,,
kappa,65,-1,1604,0.1527971077453541,,,,,,,,
kappa,65,-1,1605,0.15296373419874931,,,,,,,,
kappa,65,-1,1606,0.15426871401677919,,,,,,,,
kappa,65,-1,1607,0.15521409773376973,,,,,,,,
kappa,65,-1,1608,0.15545329896849192,,,,,,,,
kappa,65,-1,1609,0.15561075102617969,,,,,,,,
kappa,65,-1,1610,0.15080866212999047,,,,,,,,
kappa,65,-1,1611,0.15077147839971031,,,,,,,,
kappa,65,-1,1612,0.15658919791643891,,,,,,,,
kappa,65,-1,1613,0.16459331256742654,,,,,,,,
kappa,65,-1,1614,0.16620501208879393,,,,,,,,
kappa,65,-1,1615,0.12326801667714893,,,,,,,,
kappa,65,-1,1616,0.1167327596307271,,,,,,,,
kappa,65,-1,1617,0.11931252253570108,,,,,,,,
kappa,65,-1,1618,0.11650271902884111,,,,,,,,
kappa,65,-1,1619,0.11643113090958013,,,,,,,,
kappa,65,-1,1620,0.11662122463983822,,,,,,,,
kappa,65,-1,1621,0.11693488179799578,,,,,,,,
kappa,65,-1,1622,0.11665275645991975,,,,,,,,
kappa,65,-1,1623,0.11627711824887814,,,,,,,,
kappa,65,-1,1624,0.11663438414256996,,,,,,,,
kappa,65,-1,1625,0.11643367660530961,,,,,,,,
kappa,65,-1,1626,0.11539978652535345,,,,,,,,
kappa,65,-1,1627,0.11634633833151327,,,,,,,,
kappa,65,-1,1628,0.11714056005936777,,,,,,,,
kappa,65,-1,1629,0.11648232078367128,,,,,,,,
kappa,65,-1,1630,0.11631434408519349,,,,,,,,
kappa,65,-1,1631,0.11629807859254748,,,,,,,,
kappa,65,-1,1632,0.1155332831783451,,,,,,,,
kappa,65,-1,1633,0.11562616345501728,,,,,,,,
kappa,65,-1,1634,0.11650280080808435,,,,,,,,
kappa,65,-1,1635,0.11735605015647743,,,,,,,,
kappa,65,-1,1636,0.11716503307506101,,,,,,,,
kappa,65,-1,1637,0.1166906174504979,,,,,,,,
kappa,65,-1,1638,0.11557064658249408,,,,,,,,
kappa,65,-1,1639,0.11331564142830083,,,,,,,,
kappa,65,-1,1640,0.11555841439305931,,,,,,,,
kappa,65,-1,1641,0.11625117887914704,,,,,,,,
kappa,65,-1,1642,0.1244132746375443,,,,,,,,
kappa,65,-1,1643,0.15359695432164161,,,,,,,,
kappa,65,-1,1644,0.11648787729013585,,,,,,,,
kappa,65,-1,1645,0.11052638672301709,,,,,,,,
kappa,65,-1,1646,0.11526300353779798,,,,,,,,
kappa,65,-1,1647,0.11114094178980666,,,,,,,,
kappa,65,-1,1648,0.11296329152699001,,,,,,,,
kappa,65,-1,1649,0.1125283581917763,,,,,,,,
kappa,65,-1,1650,0.11287299342023283,,,,,,,,
kappa,65,-1,1651,0.11252430642435091,,,,,,,,
kappa,65,-1,1652,0.11292571327841333,,,,,,,,
kappa,65,-1,1653,0.11180693840166443,,,,,,,,
kappa,65,-1,1654,0.11218224449006245,,,,,,,,
kappa,65,-1,1655,0.11234335219285166,,,,,,,,
kappa,65,-1,1656,0.11266949314408088,,,,,,,,
kappa,65,-1,1657,0.11250821496641317,,,,,,,,
kappa,65,-1,1658,0.11214050200315451,,,,,,,,
kappa,65,-1,1659,0.11245503215375764,,,,,,,,
kappa,65,-1,1660,0.11219006434295653,,,,,,,,
kappa,65,-1,1661,0.11256468977329914,,,,,,,,
kappa,65,-1,1662,0.11265019700414951,,,,,,,,
kappa,65,-1,1663,0.11248386360968436,,,,,,,,
kappa,65,-1,1664,0.1125939319804662,,,,,,,,
kappa,65,-1,1665,0.11209792774812079,,,,,,,,
kappa,65,-1,1666,0.11166020868485606,,,,,,,,
kappa,65,-1,1667,0.11213669725262942,,,,,,,,
kappa,65,-1,1668,0.1121103111979628,,,,,,,,
kappa,65,-1,1669,0.11232618116051848,,,,,,,,
kappa,65,-1,1670,0.12001149945310098,,,,,,,,
kappa,65,-1,1671,0.15735159004429145,,,,,,,,
kappa,65,-1,1672,0.11633792030029656,,,,,,,,
kappa,65,-1,1673,0.11283794954617644,,,,,,,,
kappa,65,-1,1674,0.11726055686142953,,,,,,,,
kappa,65,-1,1675,0.11236086901663901,,,,,,,,
kappa,65,-1,1676,0.11289774179994444,,,,,,,,
kappa,65,-1,1677,0.11370638422099739,,,,,,,,
kappa,65,-1,1678,0.11291675239771667,,,,,,,,
kappa,65,-1,1679,0.1128519425328272,,,,,,,,
kappa,65,-1,1680,0.11329562684603828,,,,,,,,
kappa,65,-1,1681,0.11219909772890567,,,,,,,,
kappa,65,-1,1682,0.11261397281048198,,,,,,,,
kappa,65,-1,1683,0.11328075104623217,,,,,,,,
kappa,65,-1,1684,0.1125534686976445,,,,,,,,
kappa,65,-1,1685,0.11273109368159027,,,,,,,,
kappa,65,-1,1686,0.11286060256744308,,,,,,,,
kappa,65,-1,1687,0.11283709114725182,,,,,,,,
kappa,65,-1,1688,0.11286340216021548,,,,,,,,
kappa,65,-1,1689,0.11268548132063726,,,,,,,,
kappa,65,-1,1690,0.1130110538228794,,,,,,,,
kappa,65,-1,1691,0.11181277127421137,,,,,,,,
kappa,65,-1,1692,0.1120458706473849,,,,,,,,
kappa,65,-1,1693,0.11359599014363642,,,,,,,,
kappa,65,-1,1694,0.11183663072137652,,,,,,,,
kappa,65,-1,1695,0.1120848327656573,,,,,,,,
kappa,65,-1,1696,0.11318704107525465,,,,,,,,
kappa,65,-1,1697,0.11975235529763335,,,,,,,,
kappa,65,-1,1698,0.15304615441525793,,,,,,,,
kappa,65,-1,1699,0.11667426185988386,,,,,,,,
kappa,65,-1,1700,0.11175355561776373,,,,,,,,
kappa,65,-1,1701,0.11503521437529561,,,,,,,,
kappa,65,-1,1702,0.11153832609275523,,,,,,,,
kappa,65,-1,1703,0.11238366185829543,,,,,,,,
kappa,65,-1,1704,0.11238444554565151,,,,,,,,
kappa,65,-1,1705,0.11267618031585204,,,,,,,,
kappa,65,-1,1706,0.11192112815019971,,,,,,,,
kappa,65,-1,1707,0.11194233541094942,,,,,,,,
kappa,65,-1,1708,0.11238128954492456,,,,,,,,
kappa,65,-1,1709,0.11266627168899154,,,,,,,,
kappa,65,-1,1710,0.11236739812706933,,,,,,,,
kappa,65,-1,1711,0.11209094096854798,,,,,,,,
kappa,65,-1,1712,0.11208418553599848,,,,,,,,
kappa,65,-1,1713,0.11237210088326867,,,,,,,,
kappa,65,-1,1714,0.11293429115091505,,,,,,,,
kappa,65,-1,1715,0.1126956452716195,,,,,,,,
kappa,65,-1,1716,0.11167703687236266,,,,,,,,
kappa,65,-1,1717,0.11154040042240378,,,,,,,,
kappa,65,-1,1718,0.11281310343743858,,,,,,,,
kappa,65,-1,1719,0.11288091416850296,,,,,,,,
kappa,65,-1,1720,0.11193818012955237,,,,,,,,
kappa,65,-1,1721,0.11157499925901419,,,,,,,,
kappa,65,-1,1722,0.11203704696465024,,,,,,,,
kappa,65,-1,1723,0.11993165433514789,,,,,,,,
kappa,65,-1,1724,0.15302312183040997,,,,,,,,
kappa,65,-1,1725,0.11631976155623801,,,,,,,,
kappa,65,-1,1726,0.11259559642603974,,,,,,,,
kappa,65,-1,1727,0.11504613720564301,,,,,,,,
kappa,65,-1,1728,0.11218607647482716,,,,,,,,
kappa,65,-1,1729,0.11269121387788845,,,,,,,,
kappa,65,-1,1730,0.11211120771212392,,,,,,,,
kappa,65,-1,1731,0.11281940252732153,,,,,,,,
kappa,65,-1,1732,0.11192453003734276,,,,,,,,
kappa,65,-1,1733,0.11265863170379799,,,,,,,,
kappa,65,-1,1734,0.11256925341105357,,,,,,,,
kappa,65,-1,1735,0.11116231908972127,,,,,,,,
kappa,65,-1,1736,0.1126166038657832,,,,,,,,
kappa,65,-1,1737,0.11272247443250517,,,,,,,,
kappa,65,-1,1738,0.11285857649003327,,,,,,,,
kappa,65,-1,1739,0.11269750627978228,,,,,,,,
kappa,65,-1,1740,0.1108586433994117,,,,,,,,
kappa,65,-1,1741,0.11128799393492027,,,,,,,,
kappa,65,-1,1742,0.11266053760675185,,,,,,,,
kappa,65,-1,1743,0.11313962423616777,,,,,,,,
kappa,65,-1,1744,0.1125329046977164,,,,,,,,
kappa,65,-1,1745,0.1115545502226119,,,,,,,,
kappa,65,-1,1746,0.11063183252635723,,,,,,,,
kappa,65,-1,1747,0.11185836947095897,,,,,,,,
kappa,65,-1,1748,0.11955372396092669,,,,,,,,
kappa,65,-1,1749,0.1510868683123486,,,,,,,,
kappa,65,-1,1750,0.11572681268840508,,,,,,,,
kappa,65,-1,1751,0.11186956703961221,,,,,,,,
kappa,65,-1,1752,0.11548825426006346,,,,,,,,
kappa,65,-1,1753,0.11175888116631792,,,,,,,,
kappa,65,-1,1754,0.112997172383815,,,,,,,,
kappa,65,-1,1755,0.11491373555717506,,,,,,,,
kappa,65,-1,1756,0.11219406745618116,,,,,,,,
kappa,65,-1,1757,0.11175413889916699,,,,,,,,
kappa,65,-1,1758,0.11304102567817104,,,,,,,,
kappa,65,-1,1759,0.11186343107679976,,,,,,,,
kappa,65,-1,1760,0.11288576409445431,,,,,,,,
kappa,65,-1,1761,0.11273174471184307,,,,,,,,
kappa,65,-1,1762,0.11264991680654639,,,,,,,,
kappa,65,-1,1763,0.11117092864886928,,,,,,,,
kappa,65,-1,1764,0.11186701352957593,,,,,,,,
kappa,65,-1,1765,0.11259014345459747,,,,,,,,
kappa,65,-1,1766,0.11331240719267842,,,,,,,,
kappa,65,-1,1767,0.11274015644706158,,,,,,,,
kappa,65,-1,1768,0.11287199599237943,,,,,,,,
kappa,65,-1,1769,0.1114071363203481,,,,,,,,
kappa,65,-1,1770,0.11170112099071743,,,,,,,,
kappa,65,-1,1771,0.11255644918779292,,,,,,,,
kappa,65,-1,1772,0.12028522294046606,,,,,,,,
kappa,65,-1,1773,0.15271428606832269,,,,,,,,
kappa,65,-1,1774,0.11633630379794556,,,,,,,,
kappa,65,-1,1775,0.11206459502686691,,,,,,,,
kappa,65,-1,1776,0.11501211470877419,,,,,,,,
kappa,65,-1,1777,0.11193562571513217,,,,,,,,
kappa,65,-1,1778,0.11198201963812782,,,,,,,,
kappa,65,-1,1779,0.11192389602316842,,,,,,,,
kappa,65,-1,1780,0.11292354832769465,,,,,,,,
kappa,65,-1,1781,0.11262965435908799,,,,,,,,
kappa,65,-1,1782,0.11287396689115921,,,,,,,,
kappa,65,-1,1783,0.11274568044994143,,,,,,,,
kappa,65,-1,1784,0.11276621951483569,,,,,,,,
kappa,65,-1,1785,0.1112041646397231,,,,,,,,
kappa,65,-1,1786,0.11138390445229804,,,,,,,,
kappa,65,-1,1787,0.11286268128695366,,,,,,,,
kappa,65,-1,1788,0.1122936206012823,,,,,,,,
kappa,65,-1,1789,0.11349586343019413,,,,,,,,
kappa,65,-1,1790,0.11246975716315979,,,,,,,,
kappa,65,-1,1791,0.11241060136131464,,,,,,,,
kappa,65,-1,1792,0.11138041392870887,,,,,,,,
kappa,65,-1,1793,0.11102841429914444,,,,,,,,
kappa,65,-1,1794,0.11202000057695158,,,,,,,,
kappa,65,-1,1795,0.1198746202117805,,,,,,,,
kappa,65,-1,1796,0.15382801117759382,,,,,,,,
kappa,65,-1,1797,0.1158662392576172,,,,,,,,
kappa,65,-1,1798,0.11217131077500368,,,,,,,,
kappa,65,-1,1799,0.11509344998327907,,,,,,,,
kappa,65,-1,1800,0.11167538211267976,,,,,,,,
kappa,65,-1,1801,0.11209443704448792,,,,,,,,
kappa,65,-1,1802,0.11295859140967533,,,,,,,,
kappa,65,-1,1803,0.11358085217578216,,,,,,,,
kappa,65,-1,1804,0.11326740216274658,,,,,,,,
kappa,65,-1,1805,0.11298848583599011,,,,,,,,
kappa,65,-1,1806,0.11120068444517775,,,,,,,,
kappa,65,-1,1807,0.11212921813967323,,,,,,,,
kappa,65,-1,1808,0.11248866888344181,,,,,,,,
kappa,65,-1,1809,0.11285268140672983,,,,,,,,
kappa,65,-1,1810,0.11323204658204121,,,,,,,,
kappa,65,-1,1811,0.11276696664301061,,,,,,,,
kappa,65,-1,1812,0.1127668780838898,,,,,,,,
kappa,65,-1,1813,0.1126372039758978,,,,,,,,
kappa,65,-1,1814,0.11170144776416552,,,,,,,,
kappa,65,-1,1815,0.11200609720668103,,,,,,,,
kappa,65,-1,1816,0.11214070589503831,,,,,,,,
kappa,65,-1,1817,0.11948529638936731,,,,,,,,
kappa,65,-1,1818,0.15344511592661061,,,,,,,,
kappa,65,-1,1819,0.11636158744533805,,,,,,,,
kappa,65,-1,1820,0.11199185367004892,,,,,,,,
kappa,65,-1,1821,0.11540082212153063,,,,,,,,
kappa,65,-1,1822,0.11130654794598888,,,,,,,,
kappa,65,-1,1823,0.11270022289783248,,,,,,,,
kappa,65,-1,1824,0.11333166010566578,,,,,,,,
kappa,65,-1,1825,0.11262998803787401,,,,,,,,
kappa,65,-1,1826,0.1114525530819772,,,,,,,,
kappa,65,-1,1827,0.1120569705068433,,,,,,,,
kappa,65,-1,1828,0.11281029560656131,,,,,,,,
kappa,65,-1,1829,0.11244427165955989,,,,,,,,
kappa,65,-1,1830,0.1129215619568726,,,,,,,,
kappa,65,-1,1831,0.11239619208860581,,,,,,,,
kappa,65,-1,1832,0.11258136360287736,,,,,,,,
kappa,65,-1,1833,0.11252639520126456,,,,,,,,
kappa,65,-1,1834,0.11281809547472314,,,,,,,,
kappa,65,-1,1835,0.11123087908249205,,,,,,,,
kappa,65,-1,1836,0.11150366828968915,,,,,,,,
kappa,65,-1,1837,0.1115358996998229,,,,,,,,
kappa,65,-1,1838,0.119952030226013,,,,,,,,
kappa,65,-1,1839,0.15319564556426757,,,,,,,,
kappa,65,-1,1840,0.1159504968003701,,,,,,,,
kappa,65,-1,1841,0.11226226782461836,,,,,,,,
kappa,65,-1,1842,0.11482473321452701,,,,,,,,
kappa,65,-1,1843,0.1122083134793494,,,,,,,,
kappa,65,-1,1844,0.11290125798918778,,,,,,,,
kappa,65,-1,1845,0.11132186675725152,,,,,,,,
kappa,65,-1,1846,0.11180221955378697,,,,,,,,
kappa,65,-1,1847,0.1126035959966738,,,,,,,,
kappa,65,-1,1848,0.11308516509801529,,,,,,,,
kappa,65,-1,1849,0.11338261016244189,,,,,,,,
kappa,65,-1,1850,0.11251110876526628,,,,,,,,
kappa,65,-1,1851,0.11237134368375741,,,,,,,,
kappa,65,-1,1852,0.11303595059097941,,,,,,,,
kappa,65,-1,1853,0.11277759311501739,,,,,,,,
kappa,65,-1,1854,0.11250211820923314,,,,,,,,
kappa,65,-1,1855,0.11195554214806544,,,,,,,,
kappa,65,-1,1856,0.11150234746521238,,,,,,,,
kappa,65,-1,1857,0.11195838864964443,,,,,,,,
kappa,65,-1,1858,0.12016360791133114,,,,,,,,
kappa,65,-1,1859,0.15391892093155243,,,,,,,,
kappa,65,-1,1860,0.11707882451808249,,,,,,,,
kappa,65,-1,1861,0.11216244706576638,,,,,,,,
kappa,65,-1,1862,0.11567797314699213,,,,,,,,
kappa,65,-1,1863,0.11120671017757303,,,,,,,,
kappa,65,-1,1864,0.11152765993677889,,,,,,,,
kappa,65,-1,1865,0.11341787368211859,,,,,,,,
kappa,65,-1,1866,0.11279377804964875,,,,,,,,
kappa,65,-1,1867,0.11282717113804711,,,,,,,,
kappa,65,-1,1868,0.11240228385460733,,,,,,,,
kappa,65,-1,1869,0.11255394282002719,,,,,,,,
kappa,65,-1,1870,0.11196303431867149,,,,,,,,
kappa,65,-1,1871,0.11261917896743105,,,,,,,,
kappa,65,-1,1872,0.11245087300583584,,,,,,,,
kappa,65,-1,1873,0.112709625788039,,,,,,,,
kappa,65,-1,1874,0.11124030219036722,,,,,,,,
kappa,65,-1,1875,0.1114959445656999,,,,,,,,
kappa,65,-1,1876,0.11257738396776701,,,,,,,,
kappa,65,-1,1877,0.11990703907347024,,,,,,,,
kappa,65,-1,1878,0.15455662713356949,,,,,,,,
kappa,65,-1,1879,0.11612861613257282,,,,,,,,
kappa,65,-1,1880,0.11154641783340283,,,,,,,,
kappa,65,-1,1881,0.11389948486039468,,,,,,,,
kappa,65,-1,1882,0.11204284575402088,,,,,,,,
kappa,65,-1,1883,0.11285426900503553,,,,,,,,
kappa,65,-1,1884,0.113705921780689,,,,,,,,
kappa,65,-1,1885,0.11265784819688436,,,,,,,,
kappa,65,-1,1886,0.11246049917677406,,,,,,,,
kappa,65,-1,1887,0.11272533634607589,,,,,,,,
kappa,65,-1,1888,0.11226719957168049,,,,,,,,
kappa,65,-1,1889,0.11294175989066453,,,,,,,,
kappa,65,-1,1890,0.11313380447942244,,,,,,,,
kappa,65,-1,1891,0.11250912437144557,,,,,,,,
kappa,65,-1,1892,0.11169993853795643,,,,,,,,
kappa,65,-1,1893,0.11167204408789637,,,,,,,,
kappa,65,-1,1894,0.1120883205836178,,,,,,,,
kappa,65,-1,1895,0.12032704171060364,,,,,,,,
kappa,65,-1,1896,0.15104694711062527,,,,,,,,
kappa,65,-1,1897,0.11445575468600561,,,,,,,,
kappa,65,-1,1898,0.11231120587986271,,,,,,,,
kappa,65,-1,1899,0.11472805424337708,,,,,,,,
kappa,65,-1,1900,0.11187697653797744,,,,,,,,
kappa,65,-1,1901,0.1120774038920487,,,,,,,,
kappa,65,-1,1902,0.11188328257446097,,,,,,,,
kappa,65,-1,1903,0.11191460020222595,,,,,,,,
kappa,65,-1,1904,0.11177745263733747,,,,,,,,
kappa,65,-1,1905,0.11174369895710452,,,,,,,,
kappa,65,-1,1906,0.11227798230382677,,,,,,,,
kappa,65,-1,1907,0.11233250848802487,,,,,,,,
kappa,65,-1,1908,0.11200162953889932,,,,,,,,
kappa,65,-1,1909,0.11045763733750297,,,,,,,,
kappa,65,-1,1910,0.1107209878539801,,,,,,,,
kappa,65,-1,1911,0.11163300055489288,,,,,,,,
kappa,65,-1,1912,0.11916547851109101,,,,,,,,
kappa,65,-1,1913,0.15518267042526299,,,,,,,,
kappa,65,-1,1914,0.11698275458072853,,,,,,,,
kappa,65,-1,1915,0.11264870545899257,,,,,,,,
kappa,65,-1,1916,0.11556703068995057,,,,,,,,
kappa,65,-1,1917,0.11192242804545995,,,,,,,,
kappa,65,-1,1918,0.11237580518070793,,,,,,,,
kappa,65,-1,1919,0.11295692686730688,,,,,,,,
kappa,65,-1,1920,0.11257985964399624,,,,,,,,
kappa,65,-1,1921,0.11282955592772906,,,,,,,,
kappa,65,-1,1922,0.11277565771439171,,,,,,,,
kappa,65,-1,1923,0.11286301909949045,,,,,,,,
kappa,65,-1,1924,0.11291715052729413,,,,,,,,
kappa,65,-1,1925,0.1111706724837572,,,,,,,,
kappa,65,-1,1926,0.11132697025824941,,,,,,,,
kappa,65,-1,1927,0.11302373094898216,,,,,,,,
kappa,65,-1,1928,0.12000910548700795,,,,,,,,
kappa,65,-1,1929,0.15532343307106378,,,,,,,,
kappa,65,-1,1930,0.11635284781668838,,,,,,,,
kappa,65,-1,1931,0.11192525658813479,,,,,,,,
kappa,65,-1,1932,0.11490416053182363,,,,,,,,
kappa,65,-1,1933,0.11227395667708864,,,,,,,,
kappa,65,-1,1934,0.11283957303919061,,,,,,,,
kappa,65,-1,1935,0.11232687241661155,,,,,,,,
kappa,65,-1,1936,0.11280757462462493,,,,,,,,
kappa,65,-1,1937,0.11259545151352024,,,,,,,,
kappa,65,-1,1938,0.11245725408133025,,,,,,,,
kappa,65,-1,1939,0.11226694041039553,,,,,,,,
kappa,65,-1,1940,0.11168690629949059,,,,,,,,
kappa,65,-1,1941,0.11161105762422617,,,,,,,,
kappa,65,-1,1942,0.1120692560305715,,,,,,,,
kappa,65,-1,1943,0.12040060346200403,,,,,,,,
kappa,65,-1,1944,0.1539609242623261,,,,,,,,
kappa,65,-1,1945,0.11639702253531116,,,,,,,,
kappa,65,-1,1946,0.11255843727244171,,,,,,,,
kappa,65,-1,1947,0.11493481439837486,,,,,,,,
kappa,65,-1,1948,0.1124563462303657,,,,,,,,
kappa,65,-1,1949,0.11227268904669883,,,,,,,,
kappa,65,-1,1950,0.11248342992941375,,,,,,,,
kappa,65,-1,1951,0.11290931713998155,,,,,,,,
kappa,65,-1,1952,0.11302578981233648,,,,,,,,
kappa,65,-1,1953,0.11233740767734839,,,,,,,,
kappa,65,-1,1954,0.11151232204257916,,,,,,,,
kappa,65,-1,1955,0.11173187463357097,,,,,,,,
kappa,65,-1,1956,0.11229850421754488,,,,,,,,
kappa,65,-1,1957,0.12004525106836812,,,,,,,,
kappa,65,-1,1958,0.15328029898218382,,,,,,,,
kappa,65,-1,1959,0.11687510821297738,,,,,,,,
kappa,65,-1,1960,0.11229552347787505,,,,,,,,
kappa,65,-1,1961,0.11509178190862898,,,,,,,,
kappa,65,-1,1962,0.11159151947624889,,,,,,,,
kappa,65,-1,1963,0.1126313315725241,,,,,,,,
kappa,65,-1,1964,0.11251326970828472,,,,,,,,
kappa,65,-1,1965,0.11276910313395062,,,,,,,,
kappa,65,-1,1966,0.11255294013570083,,,,,,,,
kappa,65,-1,1967,0.11170541091425634,,,,,,,,
kappa,65,-1,1968,0.11109038724307775,,,,,,,,
kappa,65,-1,1969,0.11246722762069931,,,,,,,,
kappa,65,-1,1970,0.11984218032202665,,,,,,,,
kappa,65,-1,1971,0.15472018493571144,,,,,,,,
kappa,65,-1,1972,0.11658398873305939,,,,,,,,
kappa,65,-1,1973,0.11294158724853662,,,,,,,,
kappa,65,-1,1974,0.11512994415218303,,,,,,,,
kappa,65,-1,1975,0.11203702241838966,,,,,,,,
kappa,65,-1,1976,0.11280965841553818,,,,,,,,
kappa,65,-1,1977,0.11323216387821711,,,,,,,,
kappa,65,-1,1978,0.11229505423322823,,,,,,,,
kappa,65,-1,1979,0.11169205350486083,,,,,,,,
kappa,65,-1,1980,0.11128115182216035,,,,,,,,
kappa,65,-1,1981,0.11178351078039996,,,,,,,,
kappa,65,-1,1982,0.11990248775263411,,,,,,,,
kappa,65,-1,1983,0.15391706720844686,,,,,,,,
kappa,65,-1,1984,0.11659755659286811,,,,,,,,
kappa,65,-1,1985,0.11246501142882837,,,,,,,,
kappa,65,-1,1986,0.11488096468795279,,,,,,,,
kappa,65,-1,1987,0.11179680344775822,,,,,,,,
kappa,65,-1,1988,0.11279972473486116,,,,,,,,
kappa,65,-1,1989,0.11255534137602891,,,,,,,,
kappa,65,-1,1990,0.11160468189508845,,,,,,,,
kappa,65,-1,1991,0.11164881869543219,,,,,,,,
kappa,65,-1,1992,0.11226927204355235,,,,,,,,
kappa,65,-1,1993,0.11971352191837073,,,,,,,,
kappa,65,-1,1994,0.15406798364294788,,,,,,,,
kappa,65,-1,1995,0.11641820075348366,,,,,,,,
kappa,65,-1,1996,0.11209899022322706,,,,,,,,
kappa,65,-1,1997,0.11509693191753882,,,,,,,,
kappa,65,-1,1998,0.11180130050254229,,,,,,,,
kappa,65,-1,1999,0.1122375084124272,,,,,,,,
kappa,65,-1,2000,0.11136395553380035,,,,,,,,
kappa,65,-1,2001,0.11126294382519458,,,,,,,,
kappa,65,-1,2002,0.11193912714566484,,,,,,,,
kappa,65,-1,2003,0.12002084019531736,,,,,,,,
kappa,65,-1,2004,0.15313949829803963,,,,,,,,
kappa,65,-1,2005,0.11597813540207612,,,,,,,,
kappa,65,-1,2006,0.11245368853383719,,,,,,,,
kappa,65,-1,2007,0.11485862371758344,,,,,,,,
kappa,65,-1,2008,0.11175546690500393,,,,,,,,
kappa,65,-1,2009,0.11122003173368405,,,,,,,,
kappa,65,-1,2010,0.11146436031892594,,,,,,,,
kappa,65,-1,2011,0.1121082527905629,,,,,,,,
kappa,65,-1,2012,0.11998843041732445,,,,,,,,
kappa,65,-1,2013,0.15369322897662144,,,,,,,,
kappa,65,-1,2014,0.11644462740333487,,,,,,,,
kappa,65,-1,2015,0.11195765779023449,,,,,,,,
kappa,65,-1,2016,0.11483347848048568,,,,,,,,
kappa,65,-1,2017,0.11095127484815798,,,,,,,,
kappa,65,-1,2018,0.11117295329727661,,,,,,,,
kappa,65,-1,2019,0.11266142431702889,,,,,,,,
kappa,65,-1,2020,0.11987835619215366,,,,,,,,
kappa,65,-1,2021,0.15354652248765821,,,,,,,,
kappa,65,-1,2022,0.11700741529951905,,,,,,,,
kappa,65,-1,2023,0.11226876573161891,,,,,,,,
kappa,65,-1,2024,0.11421385880524618,,,,,,,,
kappa,65,-1,2025,0.11124424250228898,,,,,,,,
kappa,65,-1,2026,0.11197630073638069,,,,,,,,
kappa,65,-1,2027,0.1202994825831583,,,,,,,,
kappa,65,-1,2028,0.15418537071212327,,,,,,,,
kappa,65,-1,2029,0.1163532287636031,,,,,,,,
kappa,65,-1,2030,0.11134496939863907,,,,,,,,
kappa,65,-1,2031,0.1140397274011808,,,,,,,,
kappa,65,-1,2032,0.11179309426728756,,,,,,,,
kappa,65,-1,2033,0.12033811567931756,,,,,,,,
kappa,65,-1,2034,0.15468071221250013,,,,,,,,
kappa,65,-1,2035,0.11557314299729306,,,,,,,,
kappa,65,-1,2036,0.11165444789570116,,,,,,,,
kappa,65,-1,2037,0.11685547186436859,,,,,,,,
kappa,65,-1,2038,0.11951821472677115,,,,,,,,
kappa,65,-1,2039,0.15081514629965528,,,,,,,,
kappa,65,-1,2040,0.11312427817463498,,,,,,,,
kappa,65,-1,2041,0.11117198521926679,,,,,,,,
kappa,65,-1,2042,0.12103120549542816,,,,,,,,
kappa,65,-1,2043,0.1506120949731394,,,,,,,,
kappa,65,-1,2044,0.11492160869299066,,,,,,,,
kappa,65,-1,2045,0.12122609027645466,,,,,,,,
kappa,65,-1,2046,0.16003899314343051,,,,,,,,
kappa,65,-1,2047,0.12342723657760431,,,,,,,,
kappa,65,-1,2048,0.17875479378335232,,,,,,,,
kappa,65,-1,2049,0.25748049836912368,,,,,,,,
kappa,65,-1,2050,0.16618508259593684,,,,,,,,
kappa,65,-1,2051,0.15627703173634475,,,,,,,,
kappa,65,-1,2052,0.15250331794617394,,,,,,,,
kappa,65,-1,2053,0.161987458231583,,,,,,,,
kappa,65,-1,2054,0.15226042307933046,,,,,,,,
kappa,65,-1,2055,0.15453434236321112,,,,,,,,
kappa,65,-1,2056,0.15481426669766082,,,,,,,,
kappa,65,-1,2057,0.15554002390553259,,,,,,,,
kappa,65,-1,2058,0.15495684944259785,,,,,,,,
kappa,65,-1,2059,0.154253449735585,,,,,,,,
kappa,65,-1,2060,0.15225820014627264,,,,,,,,
kappa,65,-1,2061,0.15447242448148182,,,,,,,,
kappa,65,-1,2062,0.15335065087566024,,,,,,,,
kappa,65,-1,2063,0.15424346564422728,,,,,,,,
kappa,65,-1,2064,0.15465716140075664,,,,,,,,
kappa,65,-1,2065,0.1541842094267287,,,,,,,,
kappa,65,-1,2066,0.15351048999920658,,,,,,,,
kappa,65,-1,2067,0.1534539804095601,,,,,,,,
kappa,65,-1,2068,0.1499844576219902,,,,,,,,
kappa,65,-1,2069,0.1547751737896445,,,,,,,,
kappa,65,-1,2070,0.15487226405142995,,,,,,,,
kappa,65,-1,2071,0.15356741896602585,,,,,,,,
kappa,65,-1,2072,0.15427052422162243,,,,,,,,
kappa,65,-1,2073,0.15175334936371745,,,,,,,,
kappa,65,-1,2074,0.15135712524916689,,,,,,,,
kappa,65,-1,2075,0.15310218533395853,,,,,,,,
kappa,65,-1,2076,0.15152563690376106,,,,,,,,
kappa,65,-1,2077,0.16426947555640931,,,,,,,,
kappa,65,-1,2078,0.16624005496641844,,,,,,,,
kappa,65,-1,2079,0.12278964031572434,,,,,,,,
kappa,65,-1,2080,0.11686571428142091,,,,,,,,
kappa,65,-1,2081,0.11655660087208383,,,,,,,,
kappa,65,-1,2082,0.1192026347513391,,,,,,,,
kappa,65,-1,2083,0.11630833000904819,,,,,,,,
kappa,65,-1,2084,0.11650675881584883,,,,,,,,
kappa,65,-1,2085,0.11605742617344943,,,,,,,,
kappa,65,-1,2086,0.11681979990769178,,,,,,,,
kappa,65,-1,2087,0.11760624033554155,,,,,,,,
kappa,65,-1,2088,0.11640795052790266,,,,,,,,
kappa,65,-1,2089,0.11590074779948598,,,,,,,,
kappa,65,-1,2090,0.11643765662562208,,,,,,,,
kappa,65,-1,2091,0.11648013847290224,,,,,,,,
kappa,65,-1,2092,0.11578992598486132,,,,,,,,
kappa,65,-1,2093,0.1157517697658146,,,,,,,,
kappa,65,-1,2094,0.11618068677916636,,,,,,,,
kappa,65,-1,2095,0.11633581267680818,,,,,,,,
kappa,65,-1,2096,0.11741646828458659,,,,,,,,
kappa,65,-1,2097,0.11720137831672524,,,,,,,,
kappa,65,-1,2098,0.11570782953615152,,,,,,,,
kappa,65,-1,2099,0.11660905579088866,,,,,,,,
kappa,65,-1,2100,0.11560622834186715,,,,,,,,
kappa,65,-1,2101,0.11336890269770204,,,,,,,,
kappa,65,-1,2102,0.11539314769647957,,,,,,,,
kappa,65,-1,2103,0.11657878595439838,,,,,,,,
kappa,65,-1,2104,0.11553413506337075,,,,,,,,
kappa,65,-1,2105,0.12457935620107609,,,,,,,,
kappa,65,-1,2106,0.15508182976963192,,,,,,,,
kappa,65,-1,2107,0.11648644717022159,,,,,,,,
kappa,65,-1,2108,0.11382376192366887,,,,,,,,
kappa,65,-1,2109,0.11159797207037071,,,,,,,,
kappa,65,-1,2110,0.11513631203245599,,,,,,,,
kappa,65,-1,2111,0.11156106333527455,,,,,,,,
kappa,65,-1,2112,0.11325013377880572,,,,,,,,
kappa,65,-1,2113,0.11278661631927649,,,,,,,,
kappa,65,-1,2114,0.11298922545195095,,,,,,,,
kappa,65,-1,2115,0.11279519248475656,,,,,,,,
kappa,65,-1,2116,0.11215400201584201,,,,,,,,
kappa,65,-1,2117,0.11250580793076705,,,,,,,,
kappa,65,-1,2118,0.11255605540032015,,,,,,,,
kappa,65,-1,2119,0.11212912122145624,,,,,,,,
kappa,65,-1,2120,0.11276903440527379,,,,,,,,
kappa,65,-1,2121,0.11239445080290425,,,,,,,,
kappa,65,-1,2122,0.11304574216154747,,,,,,,,
kappa,65,-1,2123,0.11306292896663381,,,,,,,,
kappa,65,-1,2124,0.11242687443874388,,,,,,,,
kappa,65,-1,2125,0.11236898901973458,,,,,,,,
kappa,65,-1,2126,0.1115330518929921,,,,,,,,
kappa,65,-1,2127,0.11192526132105174,,,,,,,,
kappa,65,-1,2128,0.11202494327432676,,,,,,,,
kappa,65,-1,2129,0.11182652620602843,,,,,,,,
kappa,65,-1,2130,0.11247246617929631,,,,,,,,
kappa,65,-1,2131,0.1121573552104443,,,,,,,,
kappa,65,-1,2132,0.11968321029305579,,,,,,,,
kappa,65,-1,2133,0.1534584401816842,,,,,,,,
kappa,65,-1,2134,0.11678362099593753,,,,,,,,
kappa,65,-1,2135,0.11217411105165596,,,,,,,,
kappa,65,-1,2136,0.11201307501121625,,,,,,,,
kappa,65,-1,2137,0.11524353816716459,,,,,,,,
kappa,65,-1,2138,0.1112395440440115,,,,,,,,
kappa,65,-1,2139,0.11229591632534106,,,,,,,,
kappa,65,-1,2140,0.11277707041655038,,,,,,,,
kappa,65,-1,2141,0.11186536273553359,,,,,,,,
kappa,65,-1,2142,0.11175295533235649,,,,,,,,
kappa,65,-1,2143,0.11239200492064019,,,,,,,,
kappa,65,-1,2144,0.11257341845363404,,,,,,,,
kappa,65,-1,2145,0.11252485988838172,,,,,,,,
kappa,65,-1,2146,0.11196802079511944,,,,,,,,
kappa,65,-1,2147,0.11223073009021114,,,,,,,,
kappa,65,-1,2148,0.11255653680876937,,,,,,,,
kappa,65,-1,2149,0.11202766654860284,,,,,,,,
kappa,65,-1,2150,0.112534943216438,,,,,,,,
kappa,65,-1,2151,0.11191337569757791,,,,,,,,
kappa,65,-1,2152,0.11130461297702571,,,,,,,,
kappa,65,-1,2153,0.11264889659323229,,,,,,,,
kappa,65,-1,2154,0.11109969280978206,,,,,,,,
kappa,65,-1,2155,0.11227104447059785,,,,,,,,
kappa,65,-1,2156,0.11232270380833113,,,,,,,,
kappa,65,-1,2157,0.11130119301948965,,,,,,,,
kappa,65,-1,2158,0.11975743003700487,,,,,,,,
kappa,65,-1,2159,0.15749574718234341,,,,,,,,
kappa,65,-1,2160,0.1166659887389271,,,,,,,,
kappa,65,-1,2161,0.11317799900300486,,,,,,,,
kappa,65,-1,2162,0.11253007985383286,,,,,,,,
kappa,65,-1,2163,0.1173584776664138,,,,,,,,
kappa,65,-1,2164,0.11241528005456029,,,,,,,,
kappa,65,-1,2165,0.11274939825695358,,,,,,,,
kappa,65,-1,2166,0.11272103719229701,,,,,,,,
kappa,65,-1,2167,0.11310332017629988,,,,,,,,
kappa,65,-1,2168,0.11257199206376683,,,,,,,,
kappa,65,-1,2169,0.11245567040811466,,,,,,,,
kappa,65,-1,2170,0.11302620519583079,,,,,,,,
kappa,65,-1,2171,0.11392785926038426,,,,,,,,
kappa,65,-1,2172,0.11312567594665356,,,,,,,,
kappa,65,-1,2173,0.11238970761788436,,,,,,,,
kappa,65,-1,2174,0.11325364827965827,,,,,,,,
kappa,65,-1,2175,0.11209151828608484,,,,,,,,
kappa,65,-1,2176,0.111752263150408,,,,,,,,
kappa,65,-1,2177,0.11289758831608614,,,,,,,,
kappa,65,-1,2178,0.11288283399179999,,,,,,,,
kappa,65,-1,2179,0.11230128434432889,,,,,,,,
kappa,65,-1,2180,0.11216654515083209,,,,,,,,
kappa,65,-1,2181,0.11260888878303528,,,,,,,,
kappa,65,-1,2182,0.11178104213697151,,,,,,,,
kappa,65,-1,2183,0.11934581160542716,,,,,,,,
kappa,65,-1,2184,0.1530983840727109,,,,,,,,
kappa,65,-1,2185,0.11540205617072702,,,,,,,,
kappa,65,-1,2186,0.11276585757975642,,,,,,,,
kappa,65,-1,2187,0.11159804816951376,,,,,,,,
kappa,65,-1,2188,0.11520447937913758,,,,,,,,
kappa,65,-1,2189,0.11198555066722303,,,,,,,,
kappa,65,-1,2190,0.11232062624703629,,,,,,,,
kappa,65,-1,2191,0.11179166350689226,,,,,,,,
kappa,65,-1,2192,0.11208151690605807,,,,,,,,
kappa,65,-1,2193,0.11239432350996395,,,,,,,,
kappa,65,-1,2194,0.11228147722926719,,,,,,,,
kappa,65,-1,2195,0.11268171765183854,,,,,,,,
kappa,65,-1,2196,0.11260027490813419,,,,,,,,
kappa,65,-1,2197,0.11211309922470408,,,,,,,,
kappa,65,-1,2198,0.11154764797992581,,,,,,,,
kappa,65,-1,2199,0.11170002754762602,,,,,,,,
kappa,65,-1,2200,0.11203052160215017,,,,,,,,
kappa,65,-1,2201,0.11279127469665479,,,,,,,,
kappa,65,-1,2202,0.11247683205577348,,,,,,,,
kappa,65,-1,2203,0.11192480656884893,,,,,,,,
kappa,65,-1,2204,0.11128190945807899,,,,,,,,
kappa,65,-1,2205,0.11207552874175929,,,,,,,,
kappa,65,-1,2206,0.1116292789815149,,,,,,,,
kappa,65,-1,2207,0.11970210514056176,,,,,,,,
kappa,65,-1,2208,0.15357022873411094,,,,,,,,
kappa,65,-1,2209,0.11652923899147048,,,,,,,,
kappa,65,-1,2210,0.11290025636894153,,,,,,,,
kappa,65,-1,2211,0.11193053521176612,,,,,,,,
kappa,65,-1,2212,0.11492358234539958,,,,,,,,
kappa,65,-1,2213,0.11179412987169071,,,,,,,,
kappa,65,-1,2214,0.11206235832140918,,,,,,,,
kappa,65,-1,2215,0.11248495628327491,,,,,,,,
kappa,65,-1,2216,0.11320649469453489,,,,,,,,
kappa,65,-1,2217,0.11252607328722193,,,,,,,,
kappa,65,-1,2218,0.11247920592234582,,,,,,,,
kappa,65,-1,2219,0.1120534561658935,,,,,,,,
kappa,65,-1,2220,0.11131299830364548,,,,,,,,
kappa,65,-1,2221,0.11149004860434471,,,,,,,,
kappa,65,-1,2222,0.11242163584409573,,,,,,,,
kappa,65,-1,2223,0.11244086023389144,,,,,,,,
kappa,65,-1,2224,0.11291889356652376,,,,,,,,
kappa,65,-1,2225,0.11259062460993183,,,,,,,,
kappa,65,-1,2226,0.11150187525100681,,,,,,,,
kappa,65,-1,2227,0.11124337422772829,,,,,,,,
kappa,65,-1,2228,0.11195858905830679,,,,,,,,
kappa,65,-1,2229,0.11159246107396499,,,,,,,,
kappa,65,-1,2230,0.11946140052102475,,,,,,,,
kappa,65,-1,2231,0.15363065071221713,,,,,,,,
kappa,65,-1,2232,0.11642223761773371,,,,,,,,
kappa,65,-1,2233,0.11274617481608484,,,,,,,,
kappa,65,-1,2234,0.11225353168375822,,,,,,,,
kappa,65,-1,2235,0.11491984814528862,,,,,,,,
kappa,65,-1,2236,0.11147675050722952,,,,,,,,
kappa,65,-1,2237,0.1130937022300709,,,,,,,,
kappa,65,-1,2238,0.11318787045964575,,,,,,,,
kappa,65,-1,2239,0.11256917224664746,,,,,,,,
kappa,65,-1,2240,0.11284485960348108,,,,,,,,
kappa,65,-1,2241,0.11129588507518599,,,,,,,,
kappa,65,-1,2242,0.11179145245428619,,,,,,,,
kappa,65,-1,2243,0.11265684584834136,,,,,,,,
kappa,65,-1,2244,0.1125524130528899,,,,,,,,
kappa,65,-1,2245,0.11278933731427654,,,,,,,,
kappa,65,-1,2246,0.11295929806270548,,,,,,,,
kappa,65,-1,2247,0.1129319725414273,,,,,,,,
kappa,65,-1,2248,0.11173157075617915,,,,,,,,
kappa,65,-1,2249,0.11178575013346205,,,,,,,,
kappa,65,-1,2250,0.11211414211428009,,,,,,,,
kappa,65,-1,2251,0.11175724295093552,,,,,,,,
kappa,65,-1,2252,0.11953028085271493,,,,,,,,
kappa,65,-1,2253,0.15015190008384244,,,,,,,,
kappa,65,-1,2254,0.11609314287796947,,,,,,,,
kappa,65,-1,2255,0.11300906539679428,,,,,,,,
kappa,65,-1,2256,0.11120595019691129,,,,,,,,
kappa,65,-1,2257,0.11565770303776474,,,,,,,,
kappa,65,-1,2258,0.11214882491445161,,,,,,,,
kappa,65,-1,2259,0.11217162328092632,,,,,,,,
kappa,65,-1,2260,0.11275495934104655,,,,,,,,
kappa,65,-1,2261,0.11327648107345223,,,,,,,,
kappa,65,-1,2262,0.11194945859548404,,,,,,,,
kappa,65,-1,2263,0.11237751777797922,,,,,,,,
kappa,65,-1,2264,0.11110855844336318,,,,,,,,
kappa,65,-1,2265,0.11388449913745383,,,,,,,,
kappa,65,-1,2266,0.11308000853023586,,,,,,,,
kappa,65,-1,2267,0.11197340176456719,,,,,,,,
kappa,65,-1,2268,0.11263492600718028,,,,,,,,
kappa,65,-1,2269,0.11123844198126746,,,,,,,,
kappa,65,-1,2270,0.11144879699869076,,,,,,,,
kappa,65,-1,2271,0.11221927607006475,,,,,,,,
kappa,65,-1,2272,0.11080872401471656,,,,,,,,
kappa,65,-1,2273,0.12033053432706543,,,,,,,,
kappa,65,-1,2274,0.15323698566947172,,,,,,,,
kappa,65,-1,2275,0.11683696473943396,,,,,,,,
kappa,65,-1,2276,0.11324205178776717,,,,,,,,
kappa,65,-1,2277,0.11215618609691878,,,,,,,,
kappa,65,-1,2278,0.11519212335440346,,,,,,,,
kappa,65,-1,2279,0.11242188366861372,,,,,,,,
kappa,65,-1,2280,0.1112461276053376,,,,,,,,
kappa,65,-1,2281,0.11179437670270828,,,,,,,,
kappa,65,-1,2282,0.11263702874912454,,,,,,,,
kappa,65,-1,2283,0.11310970803103063,,,,,,,,
kappa,65,-1,2284,0.11330113367641143,,,,,,,,
kappa,65,-1,2285,0.11315487389887012,,,,,,,,
kappa,65,-1,2286,0.11232271243435857,,,,,,,,
kappa,65,-1,2287,0.11296093536921366,,,,,,,,
kappa,65,-1,2288,0.11211659363459994,,,,,,,,
kappa,65,-1,2289,0.11150887017078821,,,,,,,,
kappa,65,-1,2290,0.11172594752018027,,,,,,,,
kappa,65,-1,2291,0.11297780738551069,,,,,,,,
kappa,65,-1,2292,0.11178207554049366,,,,,,,,
kappa,65,-1,2293,0.11990703221489171,,,,,,,,
kappa,65,-1,2294,0.15569602612117336,,,,,,,,
kappa,65,-1,2295,0.11705635880874998,,,,,,,,
kappa,65,-1,2296,0.1122111229606278,,,,,,,,
kappa,65,-1,2297,0.11208867482934608,,,,,,,,
kappa,65,-1,2298,0.11406450063450653,,,,,,,,
kappa,65,-1,2299,0.1110946002051364,,,,,,,,
kappa,65,-1,2300,0.11273017848737631,,,,,,,,
kappa,65,-1,2301,0.11235117173084849,,,,,,,,
kappa,65,-1,2302,0.11311909549524597,,,,,,,,
kappa,65,-1,2303,0.11389790914260164,,,,,,,,
kappa,65,-1,2304,0.11306879191372059,,,,,,,,
kappa,65,-1,2305,0.11250731530419762,,,,,,,,
kappa,65,-1,2306,0.11239117507165373,,,,,,,,
kappa,65,-1,2307,0.11211258603645603,,,,,,,,
kappa,65,-1,2308,0.11201717925712132,,,,,,,,
kappa,65,-1,2309,0.11174938344906579,,,,,,,,
kappa,65,-1,2310,0.11185818338217725,,,,,,,,
kappa,65,-1,2311,0.11169729774320154,,,,,,,,
kappa,65,-1,2312,0.12035507348285746,,,,,,,,
kappa,65,-1,2313,0.15284808036006856,,,,,,,,
kappa,65,-1,2314,0.11596375849975288,,,,,,,,
kappa,65,-1,2315,0.11189900010689889,,,,,,,,
kappa,65,-1,2316,0.11112595358466366,,,,,,,,
kappa,65,-1,2317,0.11501787595819882,,,,,,,,
kappa,65,-1,2318,0.11145638492676285,,,,,,,,
kappa,65,-1,2319,0.11298957262319044,,,,,,,,
kappa,65,-1,2320,0.11292886829786494,,,,,,,,
kappa,65,-1,2321,0.11360846689478776,,,,,,,,
kappa,65,-1,2322,0.11258524508441003,,,,,,,,
kappa,65,-1,2323,0.11252712468419113,,,,,,,,
kappa,65,-1,2324,0.11189256326095437,,,,,,,,
kappa,65,-1,2325,0.11362848972926906,,,,,,,,
kappa,65,-1,2326,0.11161361327569237,,,,,,,,
kappa,65,-1,2327,0.11190642719273715,,,,,,,,
kappa,65,-1,2328,0.11271565602114625,,,,,,,,
kappa,65,-1,2329,0.1105286486030566,,,,,,,,
kappa,65,-1,2330,0.1198610532271345,,,,,,,,
kappa,65,-1,2331,0.15150387015021163,,,,,,,,
kappa,65,-1,2332,0.11451045227470077,,,,,,,,
kappa,65,-1,2333,0.11215620962983093,,,,,,,,
kappa,65,-1,2334,0.11137406829523737,,,,,,,,
kappa,65,-1,2335,0.11545616513210008,,,,,,,,
kappa,65,-1,2336,0.11209436239240046,,,,,,,,
kappa,65,-1,2337,0.11168726481172554,,,,,,,,
kappa,65,-1,2338,0.11206316709016334,,,,,,,,
kappa,65,-1,2339,0.11218529963353656,,,,,,,,
kappa,65,-1,2340,0.11209217619059358,,,,,,,,
kappa,65,-1,2341,0.11188972888312484,,,,,,,,
kappa,65,-1,2342,0.11254330435730249,,,,,,,,
kappa,65,-1,2343,0.11121876150757377,,,,,,,,
kappa,65,-1,2344,0.11076977592351139,,,,,,,,
kappa,65,-1,2345,0.11164730676953248,,,,,,,,
kappa,65,-1,2346,0.11088774548026323,,,,,,,,
kappa,65,-1,2347,0.11934707733367546,,,,,,,,
kappa,65,-1,2348,0.1533050713570546,,,,,,,,
kappa,65,-1,2349,0.11633054045553672,,,,,,,,
kappa,65,-1,2350,0.1132477580244209,,,,,,,,
kappa,65,-1,2351,0.11250118347377813,,,,,,,,
kappa,65,-1,2352,0.11506796846726236,,,,,,,,
kappa,65,-1,2353,0.11175100739584262,,,,,,,,
kappa,65,-1,2354,0.11255230739949791,,,,,,,,
kappa,65,-1,2355,0.11279884660041646,,,,,,,,
kappa,65,-1,2356,0.11259898793400415,,,,,,,,
kappa,65,-1,2357,0.11309942229358737,,,,,,,,
kappa,65,-1,2358,0.11253336156273817,,,,,,,,
kappa,65,-1,2359,0.11188948253371715,,,,,,,,
kappa,65,-1,2360,0.11142362228262268,,,,,,,,
kappa,65,-1,2361,0.11213086086345252,,,,,,,,
kappa,65,-1,2362,0.11203898964211316,,,,,,,,
kappa,65,-1,2363,0.11963483661259262,,,,,,,,
kappa,65,-1,2364,0.15608961565685581,,,,,,,,
kappa,65,-1,2365,0.11700417544115646,,,,,,,,
kappa,65,-1,2366,0.11243957004113687,,,,,,,,
kappa,65,-1,2367,0.11227245388828266,,,,,,,,
kappa,65,-1,2368,0.1148792157969532,,,,,,,,
kappa,65,-1,2369,0.11165718169323202,,,,,,,,
kappa,65,-1,2370,0.11247389584502668,,,,,,,,
kappa,65,-1,2371,0.11370245392587099,,,,,,,,
kappa,65,-1,2372,0.11280694303335029,,,,,,,,
kappa,65,-1,2373,0.11246559740038099,,,,,,,,
kappa,65,-1,2374,0.11143168591532143,,,,,,,,
kappa,65,-1,2375,0.11221222246946692,,,,,,,,
kappa,65,-1,2376,0.11234743886103586,,,,,,,,
kappa,65,-1,2377,0.11182935132839643,,,,,,,,
kappa,65,-1,2378,0.12039576957407647,,,,,,,,
kappa,65,-1,2379,0.15536200279925463,,,,,,,,
kappa,65,-1,2380,0.11642723010332856,,,,,,,,
kappa,65,-1,2381,0.11293331754850811,,,,,,,,
kappa,65,-1,2382,0.11179895055200208,,,,,,,,
kappa,65,-1,2383,0.11734966660189418,,,,,,,,
kappa,65,-1,2384,0.11212024016308175,,,,,,,,
kappa,65,-1,2385,0.11270441429801079,,,,,,,,
kappa,65,-1,2386,0.11233053124830399,,,,,,,,
kappa,65,-1,2387,0.11337641069616218,,,,,,,,
kappa,65,-1,2388,0.11141898101467405,,,,,,,,
kappa,65,-1,2389,0.11132077449956872,,,,,,,,
kappa,65,-1,2390,0.11239708390925701,,,,,,,,
kappa,65,-1,2391,0.11160816611003824,,,,,,,,
kappa,65,-1,2392,0.11971487960920574,,,,,,,,
kappa,65,-1,2393,0.15358120257134075,,,,,,,,
kappa,65,-1,2394,0.11612241710509127,,,,,,,,
kappa,65,-1,2395,0.1127532379890281,,,,,,,,
kappa,65,-1,2396,0.11157820119982581,,,,,,,,
kappa,65,-1,2397,0.11490618670874031,,,,,,,,
kappa,65,-1,2398,0.11254062945419069,,,,,,,,
kappa,65,-1,2399,0.11209202278919442,,,,,,,,
kappa,65,-1,2400,0.1126769498318068,,,,,,,,
kappa,65,-1,2401,0.11251863496693795,,,,,,,,
kappa,65,-1,2402,0.11150213234614684,,,,,,,,
kappa,65,-1,2403,0.11210662684367625,,,,,,,,
kappa,65,-1,2404,0.11124685830633545,,,,,,,,
kappa,65,-1,2405,0.12024881293732728,,,,,,,,
kappa,65,-1,2406,0.15376140540031219,,,,,,,,
kappa,65,-1,2407,0.11625205435676528,,,,,,,,
kappa,65,-1,2408,0.11362249996491118,,,,,,,,
kappa,65,-1,2409,0.11210653913200894,,,,,,,,
kappa,65,-1,2410,0.11469063143925799,,,,,,,,
kappa,65,-1,2411,0.11241843619695065,,,,,,,,
kappa,65,-1,2412,0.11258918992606189,,,,,,,,
kappa,65,-1,2413,0.11179094546924763,,,,,,,,
kappa,65,-1,2414,0.1117895003641395,,,,,,,,
kappa,65,-1,2415,0.11247097910377539,,,,,,,,
kappa,65,-1,2416,0.11179892727628679,,,,,,,,
kappa,65,-1,2417,0.11985645685867147,,,,,,,,
kappa,65,-1,2418,0.15313881685789255,,,,,,,,
kappa,65,-1,2419,0.1162200147876986,,,,,,,,
kappa,65,-1,2420,0.11336560111831444,,,,,,,,
kappa,65,-1,2421,0.11206337201468956,,,,,,,,
kappa,65,-1,2422,0.11499552166481623,,,,,,,,
kappa,65,-1,2423,0.11179934936391306,,,,,,,,
kappa,65,-1,2424,0.11171631303884169,,,,,,,,
kappa,65,-1,2425,0.11200486974823341,,,,,,,,
kappa,65,-1,2426,0.11206700069082504,,,,,,,,
kappa,65,-1,2427,0.11150536168657965,,,,,,,,
kappa,65,-1,2428,0.11961952578996245,,,,,,,,
kappa,65,-1,2429,0.15591637206401804,,,,,,,,
kappa,65,-1,2430,0.11656652486884425,,,,,,,,
kappa,65,-1,2431,0.11308080309230825,,,,,,,,
kappa,65,-1,2432,0.11170423321769234,,,,,,,,
kappa,65,-1,2433,0.11569919011731306,,,,,,,,
kappa,65,-1,2434,0.11101557952654897,,,,,,,,
kappa,65,-1,2435,0.11147930621073616,,,,,,,,
kappa,65,-1,2436,0.11235177633447399,,,,,,,,
kappa,65,-1,2437,0.11068996493028861,,,,,,,,
kappa,65,-1,2438,0.12001355501071426,,,,,,,,
kappa,65,-1,2439,0.15416660539872182,,,,,,,,
kappa,65,-1,2440,0.11714059577535331,,,,,,,,
kappa,65,-1,2441,0.11292081487922151,,,,,,,,
kappa,65,-1,2442,0.11215391808599803,,,,,,,,
kappa,65,-1,2443,0.11409595114820749,,,,,,,,
kappa,65,-1,2444,0.11114389332910761,,,,,,,,
kappa,65,-1,2445,0.11222692569606345,,,,,,,,
kappa,65,-1,2446,0.11195525754617,,,,,,,,
kappa,65,-1,2447,0.12023538903880179,,,,,,,,
kappa,65,-1,2448,0.15418759161043538,,,,,,,,
kappa,65,-1,2449,0.11649695230980202,,,,,,,,
kappa,65,-1,2450,0.11257213168989537,,,,,,,,
kappa,65,-1,2451,0.11116540608249502,,,,,,,,
kappa,65,-1,2452,0.11420383286568189,,,,,,,,
kappa,65,-1,2453,0.11152851146173885,,,,,,,,
kappa,65,-1,2454,0.11157757942096763,,,,,,,,
kappa,65,-1,2455,0.12026128212000398,,,,,,,,
kappa,65,-1,2456,0.15338835393926517,,,,,,,,
kappa,65,-1,2457,0.11650019604735408,,,,,,,,
kappa,65,-1,2458,0.11205540321901521,,,,,,,,
kappa,65,-1,2459,0.11143495466713237,,,,,,,,
kappa,65,-1,2460,0.11520635031662588,,,,,,,,
kappa,65,-1,2461,0.11087588947271582,,,,,,,,
kappa,65,-1,2462,0.1200345665473805,,,,,,,,
kappa,65,-1,2463,0.15427495413469755,,,,,,,,
kappa,65,-1,2464,0.11578559807605129,,,,,,,,
kappa,65,-1,2465,0.11230168432617482,,,,,,,,
kappa,65,-1,2466,0.11218872185456172,,,,,,,,
kappa,65,-1,2467,0.11462089776040743,,,,,,,,
kappa,65,-1,2468,0.11954200192942555,,,,,,,,
kappa,65,-1,2469,0.15097662070231591,,,,,,,,
kappa,65,-1,2470,0.11315478004816285,,,,,,,,
kappa,65,-1,2471,0.11223439539602957,,,,,,,,
kappa,65,-1,2472,0.11031668773454813,,,,,,,,
kappa,65,-1,2473,0.1210649172377697,,,,,,,,
kappa,65,-1,2474,0.15113957903972774,,,,,,,,
kappa,65,-1,2475,0.11578924067974086,,,,,,,,
kappa,65,-1,2476,0.11044980103752086,,,,,,,,
kappa,65,-1,2477,0.12118352665848495,,,,,,,,
kappa,65,-1,2478,0.15248246490515813,,,,,,,,
kappa,65,-1,2479,0.11828563619205124,,,,,,,,
kappa,65,-1,2480,0.11924096190452227,,,,,,,,
kappa,65,-1,2481,0.14983574618124854,,,,,,,,
kappa,65,-1,2482,0.123057279748465,,,,,,,,
kappa,65,-1,2483,0.17882020881254285,,,,,,,,
kappa,65,-1,2484,0.25988626529972758,,,,,,,,
kappa,65,-1,2485,0.16496468080926721,,,,,,,,
kappa,65,-1,2486,0.15407565294531658,,,,,,,,
kappa,65,-1,2487,0.15298715910793292,,,,,,,,
kappa,65,-1,2488,0.15239185697385241,,,,,,,,
kappa,65,-1,2489,0.16327911900889072,,,,,,,,
kappa,65,-1,2490,0.15213821401789182,,,,,,,,
kappa,65,-1,2491,0.15337866885130028,,,,,,,,
kappa,65,-1,2492,0.15382057670144189,,,,,,,,
kappa,65,-1,2493,0.15512888219634766,,,,,,,,
kappa,65,-1,2494,0.1585275747162716,,,,,,,,
kappa,65,-1,2495,0.15367895133061993,,,,,,,,
kappa,65,-1,2496,0.15322027916076206,,,,,,,,
kappa,65,-1,2497,0.1526497967518467,,,,,,,,
kappa,65,-1,2498,0.15380351474581075,,,,,,,,
kappa,65,-1,2499,0.15495729695936486,,,,,,,,
kappa,65,-1,2500,0.15265282171975597,,,,,,,,
kappa,65,-1,2501,0.15471092116928495,,,,,,,,
kappa,65,-1,2502,0.15483643142232598,,,,,,,,
kappa,65,-1,2503,0.15386868111260019,,,,,,,,
kappa,65,-1,2504,0.15803008887872852,,,,,,,,
kappa,65,-1,2505,0.15401042254836114,,,,,,,,
kappa,65,-1,2506,0.15074710650380976,,,,,,,,
kappa,65,-1,2507,0.15094551948796897,,,,,,,,
kappa,65,-1,2508,0.15380696533775221,,,,,,,,
kappa,65,-1,2509,0.1585058081043792,,,,,,,,
kappa,65,-1,2510,0.15209220361455317,,,,,,,,
kappa,65,-1,2511,0.16419262275769847,,,,,,,,
kappa,65,-1,2512,0.165661170181301,,,,,,,,
kappa,65,-1,2513,0.12282289406529949,,,,,,,,
kappa,65,-1,2514,0.11666343202307887,,,,,,,,
kappa,65,-1,2515,0.11589451640346421,,,,,,,,
kappa,65,-1,2516,0.11635755318764725,,,,,,,,
kappa,65,-1,2517,0.11919531355397592,,,,,,,,
kappa,65,-1,2518,0.11650717034471623,,,,,,,,
kappa,65,-1,2519,0.11642011041395228,,,,,,,,
kappa,65,-1,2520,0.11662987707069233,,,,,,,,
kappa,65,-1,2521,0.11617041431151923,,,,,,,,
kappa,65,-1,2522,0.11491590097029994,,,,,,,,
kappa,65,-1,2523,0.11639058068589744,,,,,,,,
kappa,65,-1,2524,0.11688808601073936,,,,,,,,
kappa,65,-1,2525,0.11670443830486554,,,,,,,,
kappa,65,-1,2526,0.11583478278219775,,,,,,,,
kappa,65,-1,2527,0.1172693220386774,,,,,,,,
kappa,65,-1,2528,0.11738063676781507,,,,,,,,
kappa,65,-1,2529,0.11658435310424575,,,,,,,,
kappa,65,-1,2530,0.1167685205811968,,,,,,,,
kappa,65,-1,2531,0.11603434913732991,,,,,,,,
kappa,65,-1,2532,0.11569383596989252,,,,,,,,
kappa,65,-1,2533,0.11354567604584201,,,,,,,,
kappa,65,-1,2534,0.11567946115287984,,,,,,,,
kappa,65,-1,2535,0.11660449543555483,,,,,,,,
kappa,65,-1,2536,0.11675178173452767,,,,,,,,
kappa,65,-1,2537,0.1154318786951164,,,,,,,,
kappa,65,-1,2538,0.12436556370081042,,,,,,,,
kappa,65,-1,2539,0.15443480337860857,,,,,,,,
kappa,65,-1,2540,0.11679298148002983,,,,,,,,
kappa,65,-1,2541,0.11270899306539037,,,,,,,,
kappa,65,-1,2542,0.11289350063930506,,,,,,,,
kappa,65,-1,2543,0.11163542115009094,,,,,,,,
kappa,65,-1,2544,0.11503604493827867,,,,,,,,
kappa,65,-1,2545,0.1114343375182395,,,,,,,,
kappa,65,-1,2546,0.1128469218206359,,,,,,,,
kappa,65,-1,2547,0.11200857648906684,,,,,,,,
kappa,65,-1,2548,0.11233789933825659,,,,,,,,
kappa,65,-1,2549,0.11280507022969587,,,,,,,,
kappa,65,-1,2550,0.11291951328338638,,,,,,,,
kappa,65,-1,2551,0.11299840765309067,,,,,,,,
kappa,65,-1,2552,0.11328381279662415,,,,,,,,
kappa,65,-1,2553,0.11323896854288519,,,,,,,,
kappa,65,-1,2554,0.11235488485132347,,,,,,,,
kappa,65,-1,2555,0.1127284849753184,,,,,,,,
kappa,65,-1,2556,0.11288750579636195,,,,,,,,
kappa,65,-1,2557,0.11133919292311394,,,,,,,,
kappa,65,-1,2558,0.11217844146825537,,,,,,,,
kappa,65,-1,2559,0.11211863176552164,,,,,,,,
kappa,65,-1,2560,0.11192651372733911,,,,,,,,
kappa,65,-1,2561,0.11277676339952962,,,,,,,,
kappa,65,-1,2562,0.11305603905009846,,,,,,,,
kappa,65,-1,2563,0.11223501365970009,,,,,,,,
kappa,65,-1,2564,0.11985928904196187,,,,,,,,
kappa,65,-1,2565,0.15317933665691266,,,,,,,,
kappa,65,-1,2566,0.11658674127978498,,,,,,,,
kappa,65,-1,2567,0.11276129601793598,,,,,,,,
kappa,65,-1,2568,0.11224337112413263,,,,,,,,
kappa,65,-1,2569,0.11217320504856661,,,,,,,,
kappa,65,-1,2570,0.1149634136849461,,,,,,,,
kappa,65,-1,2571,0.11160637418984437,,,,,,,,
kappa,65,-1,2572,0.11169997679110154,,,,,,,,
kappa,65,-1,2573,0.11194604514976608,,,,,,,,
kappa,65,-1,2574,0.1126040186101966,,,,,,,,
kappa,65,-1,2575,0.11193772416628499,,,,,,,,
kappa,65,-1,2576,0.11334308054170025,,,,,,,,
kappa,65,-1,2577,0.11284827296096558,,,,,,,,
kappa,65,-1,2578,0.11178859955227853,,,,,,,,
kappa,65,-1,2579,0.11254582611026669,,,,,,,,
kappa,65,-1,2580,0.11214094493131478,,,,,,,,
kappa,65,-1,2581,0.11106656128948755,,,,,,,,
kappa,65,-1,2582,0.11114367574293489,,,,,,,,
kappa,65,-1,2583,0.11333553187423931,,,,,,,,
kappa,65,-1,2584,0.11160789084230988,,,,,,,,
kappa,65,-1,2585,0.11108207926699382,,,,,,,,
kappa,65,-1,2586,0.11287863829236069,,,,,,,,
kappa,65,-1,2587,0.11269083967401268,,,,,,,,
kappa,65,-1,2588,0.11143965914630176,,,,,,,,
kappa,65,-1,2589,0.11959619197936058,,,,,,,,
kappa,65,-1,2590,0.15300701108297229,,,,,,,,
kappa,65,-1,2591,0.11654731410151321,,,,,,,,
kappa,65,-1,2592,0.11194953393600759,,,,,,,,
kappa,65,-1,2593,0.11234649580744038,,,,,,,,
kappa,65,-1,2594,0.11160117289664315,,,,,,,,
kappa,65,-1,2595,0.11559653383991118,,,,,,,,
kappa,65,-1,2596,0.11155013313037543,,,,,,,,
kappa,65,-1,2597,0.11151950888869841,,,,,,,,
kappa,65,-1,2598,0.11222672862644736,,,,,,,,
kappa,65,-1,2599,0.11321476786687142,,,,,,,,
kappa,65,-1,2600,0.1128934913282148,,,,,,,,
kappa,65,-1,2601,0.11186129311208794,,,,,,,,
kappa,65,-1,2602,0.1122742600702796,,,,,,,,
kappa,65,-1,2603,0.11242155491452278,,,,,,,,
kappa,65,-1,2604,0.11241133124336203,,,,,,,,
kappa,65,-1,2605,0.11152704765652741,,,,,,,,
kappa,65,-1,2606,0.11223477892061604,,,,,,,,
kappa,65,-1,2607,0.11262059960963752,,,,,,,,
kappa,65,-1,2608,0.11109153702031115,,,,,,,,
kappa,65,-1,2609,0.11249876869284925,,,,,,,,
kappa,65,-1,2610,0.11274600073337601,,,,,,,,
kappa,65,-1,2611,0.11262773250521117,,,,,,,,
kappa,65,-1,2612,0.11155767127769198,,,,,,,,
kappa,65,-1,2613,0.12015505718011098,,,,,,,,
kappa,65,-1,2614,0.158579735843595,,,,,,,,
kappa,65,-1,2615,0.11667042071167384,,,,,,,,
kappa,65,-1,2616,0.11258939691021155,,,,,,,,
kappa,65,-1,2617,0.11256508074016738,,,,,,,,
kappa,65,-1,2618,0.11235347659139995,,,,,,,,
kappa,65,-1,2619,0.12011003902903734,,,,,,,,
kappa,65,-1,2620,0.11194160067362764,,,,,,,,
kappa,65,-1,2621,0.11285548567624262,,,,,,,,
kappa,65,-1,2622,0.11276370238231052,,,,,,,,
kappa,65,-1,2623,0.11267177455633214,,,,,,,,
kappa,65,-1,2624,0.11521654389272593,,,,,,,,
kappa,65,-1,2625,0.1128230987719256,,,,,,,,
kappa,65,-1,2626,0.11162766292649919,,,,,,,,
kappa,65,-1,2627,0.11151948179657106,,,,,,,,
kappa,65,-1,2628,0.11256896506252953,,,,,,,,
kappa,65,-1,2629,0.11670807999985966,,,,,,,,
kappa,65,-1,2630,0.11290233793756545,,,,,,,,
kappa,65,-1,2631,0.11195938976125057,,,,,,,,
kappa,65,-1,2632,0.11193883014391191,,,,,,,,
kappa,65,-1,2633,0.11256216484085207,,,,,,,,
kappa,65,-1,2634,0.11518625453255472,,,,,,,,
kappa,65,-1,2635,0.1116650279058946,,,,,,,,
kappa,65,-1,2636,0.11968682245437112,,,,,,,,
kappa,65,-1,2637,0.1536801724982482,,,,,,,,
kappa,65,-1,2638,0.11604734665589886,,,,,,,,
kappa,65,-1,2639,0.11255468035421577,,,,,,,,
kappa,65,-1,2640,0.11218931936275339,,,,,,,,
kappa,65,-1,2641,0.11142080210076716,,,,,,,,
kappa,65,-1,2642,0.1146717843019954,,,,,,,,
kappa,65,-1,2643,0.11230939285845569,,,,,,,,
kappa,65,-1,2644,0.11216593150954064,,,,,,,,
kappa,65,-1,2645,0.11244269037356495,,,,,,,,
kappa,65,-1,2646,0.11229405532025029,,,,,,,,
kappa,65,-1,2647,0.11157410561002865,,,,,,,,
kappa,65,-1,2648,0.11255264978055239,,,,,,,,
kappa,65,-1,2649,0.11224014867022014,,,,,,,,
kappa,65,-1,2650,0.11202633219623831,,,,,,,,
kappa,65,-1,2651,0.11215795782091849,,,,,,,,
kappa,65,-1,2652,0.11286171824003034,,,,,,,,
kappa,65,-1,2653,0.1126928310197636,,,,,,,,
kappa,65,-1,2654,0.11161540370802704,,,,,,,,
kappa,65,-1,2655,0.11218316469790039,,,,,,,,
kappa,65,-1,2656,0.11288008981500081,,,,,,,,
kappa,65,-1,2657,0.11107882773514151,,,,,,,,
kappa,65,-1,2658,0.11981417898309422,,,,,,,,
kappa,65,-1,2659,0.15505819269435042,,,,,,,,
kappa,65,-1,2660,0.11577376013743258,,,,,,,,
kappa,65,-1,2661,0.11259258716557267,,,,,,,,
kappa,65,-1,2662,0.11252850761276822,,,,,,,,
kappa,65,-1,2663,0.1118830107989431,,,,,,,,
kappa,65,-1,2664,0.1155156439027242,,,,,,,,
kappa,65,-1,2665,0.11197283516582597,,,,,,,,
kappa,65,-1,2666,0.1130877927792073,,,,,,,,
kappa,65,-1,2667,0.11116401224432457,,,,,,,,
kappa,65,-1,2668,0.11155038152633967,,,,,,,,
kappa,65,-1,2669,0.11259746496940998,,,,,,,,
kappa,65,-1,2670,0.11278040439416878,,,,,,,,
kappa,65,-1,2671,0.11339106032357402,,,,,,,,
kappa,65,-1,2672,0.11206639260544882,,,,,,,,
kappa,65,-1,2673,0.1127654563189173,,,,,,,,
kappa,65,-1,2674,0.11144826201869626,,,,,,,,
kappa,65,-1,2675,0.11157785352868037,,,,,,,,
kappa,65,-1,2676,0.11432323175295488,,,,,,,,
kappa,65,-1,2677,0.11262839348130947,,,,,,,,
kappa,65,-1,2678,0.11190828786892389,,,,,,,,
kappa,65,-1,2679,0.11980825863101047,,,,,,,,
kappa,65,-1,2680,0.15326941867795332,,,,,,,,
kappa,65,-1,2681,0.11756821160504566,,,,,,,,
kappa,65,-1,2682,0.11302286839839829,,,,,,,,
kappa,65,-1,2683,0.11190389961729441,,,,,,,,
kappa,65,-1,2684,0.11214656913737811,,,,,,,,
kappa,65,-1,2685,0.11499103767446552,,,,,,,,
kappa,65,-1,2686,0.11127954124729274,,,,,,,,
kappa,65,-1,2687,0.11154641702905539,,,,,,,,
kappa,65,-1,2688,0.1130672838277646,,,,,,,,
kappa,65,-1,2689,0.11291747446658053,,,,,,,,
kappa,65,-1,2690,0.11298758995249758,,,,,,,,
kappa,65,-1,2691,0.11324768002114723,,,,,,,,
kappa,65,-1,2692,0.11220320482179878,,,,,,,,
kappa,65,-1,2693,0.11303900740574481,,,,,,,,
kappa,65,-1,2694,0.11128388546709797,,,,,,,,
kappa,65,-1,2695,0.11170072372868656,,,,,,,,
kappa,65,-1,2696,0.11255338859481406,,,,,,,,
kappa,65,-1,2697,0.11265013311306575,,,,,,,,
kappa,65,-1,2698,0.1121569883433326,,,,,,,,
kappa,65,-1,2699,0.11993852953699304,,,,,,,,
kappa,65,-1,2700,0.15723092323322863,,,,,,,,
kappa,65,-1,2701,0.11585174781086155,,,,,,,,
kappa,65,-1,2702,0.11251105998885394,,,,,,,,
kappa,65,-1,2703,0.11240055574385656,,,,,,,,
kappa,65,-1,2704,0.1115437201515108,,,,,,,,
kappa,65,-1,2705,0.11400254718212464,,,,,,,,
kappa,65,-1,2706,0.11167152111047723,,,,,,,,
kappa,65,-1,2707,0.11226819585951908,,,,,,,,
kappa,65,-1,2708,0.11246037863171476,,,,,,,,
kappa,65,-1,2709,0.11614488956098644,,,,,,,,
kappa,65,-1,2710,0.11364361964444591,,,,,,,,
kappa,65,-1,2711,0.11206927549935196,,,,,,,,
kappa,65,-1,2712,0.11234604316704619,,,,,,,,
kappa,65,-1,2713,0.1114814757486975,,,,,,,,
kappa,65,-1,2714,0.11255773277460024,,,,,,,,
kappa,65,-1,2715,0.11212700203338545,,,,,,,,
kappa,65,-1,2716,0.11242073930107241,,,,,,,,
kappa,65,-1,2717,0.1117776129495008,,,,,,,,
kappa,65,-1,2718,0.12090912875155173,,,,,,,,
kappa,65,-1,2719,0.15497650952148612,,,,,,,,
kappa,65,-1,2720,0.11555175301644544,,,,,,,,
kappa,65,-1,2721,0.11151107560494557,,,,,,,,
kappa,65,-1,2722,0.11115032094478228,,,,,,,,
kappa,65,-1,2723,0.1118206801391827,,,,,,,,
kappa,65,-1,2724,0.11559397707211637,,,,,,,,
kappa,65,-1,2725,0.11138444843779792,,,,,,,,
kappa,65,-1,2726,0.11274529348870437,,,,,,,,
kappa,65,-1,2727,0.11275617291767574,,,,,,,,
kappa,65,-1,2728,0.11239892193503276,,,,,,,,
kappa,65,-1,2729,0.11667986301682147,,,,,,,,
kappa,65,-1,2730,0.11257956573037052,,,,,,,,
kappa,65,-1,2731,0.11138717066009947,,,,,,,,
kappa,65,-1,2732,0.11126907030449386,,,,,,,,
kappa,65,-1,2733,0.11225313691458105,,,,,,,,
kappa,65,-1,2734,0.11516695868185263,,,,,,,,
kappa,65,-1,2735,0.11124996137358127,,,,,,,,
kappa,65,-1,2736,0.11957504855689073,,,,,,,,
kappa,65,-1,2737,0.15071756651885176,,,,,,,,
kappa,65,-1,2738,0.11425504443602412,,,,,,,,
kappa,65,-1,2739,0.11236599454869931,,,,,,,,
kappa,65,-1,2740,0.1120847529478593,,,,,,,,
kappa,65,-1,2741,0.11116604836931897,,,,,,,,
kappa,65,-1,2742,0.11454872919764689,,,,,,,,
kappa,65,-1,2743,0.11295121043320906,,,,,,,,
kappa,65,-1,2744,0.11200773532086017,,,,,,,,
kappa,65,-1,2745,0.11152339415821597,,,,,,,,
kappa,65,-1,2746,0.11169537170221051,,,,,,,,
kappa,65,-1,2747,0.11213027812885362,,,,,,,,
kappa,65,-1,2748,0.11236995243399758,,,,,,,,
kappa,65,-1,2749,0.11077451533701152,,,,,,,,
kappa,65,-1,2750,0.11202596792890282,,,,,,,,
kappa,65,-1,2751,0.1119961590096259,,,,,,,,
kappa,65,-1,2752,0.11108588278069227,,,,,,,,
kappa,65,-1,2753,0.11904772689505953,,,,,,,,
kappa,65,-1,2754,0.15400920854324562,,,,,,,,
kappa,65,-1,2755,0.1163536833046553,,,,,,,,
kappa,65,-1,2756,0.11313156972127864,,,,,,,,
kappa,65,-1,2757,0.11235845673618429,,,,,,,,
kappa,65,-1,2758,0.11278406790356038,,,,,,,,
kappa,65,-1,2759,0.11483699946179209,,,,,,,,
kappa,65,-1,2760,0.11175156995044885,,,,,,,,
kappa,65,-1,2761,0.11315134464034549,,,,,,,,
kappa,65,-1,2762,0.11201306320517619,,,,,,,,
kappa,65,-1,2763,0.11253438932548893,,,,,,,,
kappa,65,-1,2764,0.11159801118449257,,,,,,,,
kappa,65,-1,2765,0.11154162130765995,,,,,,,,
kappa,65,-1,2766,0.11336828684198404,,,,,,,,
kappa,65,-1,2767,0.11258824373972429,,,,,,,,
kappa,65,-1,2768,0.11208455121563578,,,,,,,,
kappa,65,-1,2769,0.11967958598202781,,,,,,,,
kappa,65,-1,2770,0.1528329797038275,,,,,,,,
kappa,65,-1,2771,0.11725193690648848,,,,,,,,
kappa,65,-1,2772,0.11273688882421655,,,,,,,,
kappa,65,-1,2773,0.11197308059928475,,,,,,,,
kappa,65,-1,2774,0.11199832903910768,,,,,,,,
kappa,65,-1,2775,0.11499147123271498,,,,,,,,
kappa,65,-1,2776,0.1116434688365569,,,,,,,,
kappa,65,-1,2777,0.11196583203825219,,,,,,,,
kappa,65,-1,2778,0.11301836320794874,,,,,,,,
kappa,65,-1,2779,0.11169827402050779,,,,,,,,
kappa,65,-1,2780,0.11171724429776519,,,,,,,,
kappa,65,-1,2781,0.11262373071596121,,,,,,,,
kappa,65,-1,2782,0.11255231549718879,,,,,,,,
kappa,65,-1,2783,0.11129449671117185,,,,,,,,
kappa,65,-1,2784,0.12019532844109145,,,,,,,,
kappa,65,-1,2785,0.15482395022218104,,,,,,,,
kappa,65,-1,2786,0.11627069359226121,,,,,,,,
kappa,65,-1,2787,0.11286810993216832,,,,,,,,
kappa,65,-1,2788,0.1125723562152823,,,,,,,,
kappa,65,-1,2789,0.11207725491173678,,,,,,,,
kappa,65,-1,2790,0.11497163548792316,,,,,,,,
kappa,65,-1,2791,0.11189867931645106,,,,,,,,
kappa,65,-1,2792,0.11256045091121605,,,,,,,,
kappa,65,-1,2793,0.11182657230560826,,,,,,,,
kappa,65,-1,2794,0.11203691013738848,,,,,,,,
kappa,65,-1,2795,0.1118437375403791,,,,,,,,
kappa,65,-1,2796,0.11266377654185677,,,,,,,,
kappa,65,-1,2797,0.11212610182871581,,,,,,,,
kappa,65,-1,2798,0.12012611048542221,,,,,,,,
kappa,65,-1,2799,0.15851334110668658,,,,,,,,
kappa,65,-1,2800,0.11641136938821701,,,,,,,,
kappa,65,-1,2801,0.11209121145389554,,,,,,,,
kappa,65,-1,2802,0.11185564067392892,,,,,,,,
kappa,65,-1,2803,0.11134814098482673,,,,,,,,
kappa,65,-1,2804,0.12011053110131133,,,,,,,,
kappa,65,-1,2805,0.11184941404099079,,,,,,,,
kappa,65,-1,2806,0.11090849549173457,,,,,,,,
kappa,65,-1,2807,0.11108452768394486,,,,,,,,
kappa,65,-1,2808,0.11240172197519258,,,,,,,,
kappa,65,-1,2809,0.1166246441598387,,,,,,,,
kappa,65,-1,2810,0.11159487327223896,,,,,,,,
kappa,65,-1,2811,0.11953747365633111,,,,,,,,
kappa,65,-1,2812,0.15283982297503251,,,,,,,,
kappa,65,-1,2813,0.11622181873156531,,,,,,,,
kappa,65,-1,2814,0.112713056294514,,,,,,,,
kappa,65,-1,2815,0.11177036668943521,,,,,,,,
kappa,65,-1,2816,0.11177963430917143,,,,,,,,
kappa,65,-1,2817,0.11511029635835718,,,,,,,,
kappa,65,-1,2818,0.11155127287338001,,,,,,,,
kappa,65,-1,2819,0.11149657821609012,,,,,,,,
kappa,65,-1,2820,0.11241105779097192,,,,,,,,
kappa,65,-1,2821,0.11260656714910929,,,,,,,,
kappa,65,-1,2822,0.1112629250687379,,,,,,,,
kappa,65,-1,2823,0.11998352559309139,,,,,,,,
kappa,65,-1,2824,0.15406283989842956,,,,,,,,
kappa,65,-1,2825,0.11683062514134478,,,,,,,,
kappa,65,-1,2826,0.11290053061669537,,,,,,,,
kappa,65,-1,2827,0.1119763551292087,,,,,,,,
kappa,65,-1,2828,0.11224754291530069,,,,,,,,
kappa,65,-1,2829,0.11465711511402067,,,,,,,,
kappa,65,-1,2830,0.11127825311162512,,,,,,,,
kappa,65,-1,2831,0.11224624795900447,,,,,,,,
kappa,65,-1,2832,0.11219426061206067,,,,,,,,
kappa,65,-1,2833,0.11190524635766114,,,,,,,,
kappa,65,-1,2834,0.12028273437423836,,,,,,,,
kappa,65,-1,2835,0.15494881163002691,,,,,,,,
kappa,65,-1,2836,0.11704603520178049,,,,,,,,
kappa,65,-1,2837,0.11226555506296411,,,,,,,,
kappa,65,-1,2838,0.11258473750335916,,,,,,,,
kappa,65,-1,2839,0.11094339924204133,,,,,,,,
kappa,65,-1,2840,0.11394323978308914,,,,,,,,
kappa,65,-1,2841,0.11232506388154857,,,,,,,,
kappa,65,-1,2842,0.11228105972968748,,,,,,,,
kappa,65,-1,2843,0.11196734244097649,,,,,,,,
kappa,65,-1,2844,0.1193732057793486,,,,,,,,
kappa,65,-1,2845,0.15435999233525585,,,,,,,,
kappa,65,-1,2846,0.11590314294839328,,,,,,,,
kappa,65,-1,2847,0.11244291349824112,,,,,,,,
kappa,65,-1,2848,0.1115227630980074,,,,,,,,
kappa,65,-1,2849,0.11097704537293122,,,,,,,,
kappa,65,-1,2850,0.11497683459310129,,,,,,,,
kappa,65,-1,2851,0.11240198708592128,,,,,,,,
kappa,65,-1,2852,0.11166308192412222,,,,,,,,
kappa,65,-1,2853,0.11993772133678859,,,,,,,,
kappa,65,-1,2854,0.15804413187886437,,,,,,,,
kappa,65,-1,2855,0.11611047147428934,,,,,,,,
kappa,65,-1,2856,0.11140979182922521,,,,,,,,
kappa,65,-1,2857,0.11115718861045509,,,,,,,,
kappa,65,-1,2858,0.11195098680573008,,,,,,,,
kappa,65,-1,2859,0.12007938031313849,,,,,,,,
kappa,65,-1,2860,0.11088148088137824,,,,,,,,
kappa,65,-1,2861,0.11935388751359668,,,,,,,,
kappa,65,-1,2862,0.15360378599838792,,,,,,,,
kappa,65,-1,2863,0.1158376647013106,,,,,,,,
kappa,65,-1,2864,0.11204361194178773,,,,,,,,
kappa,65,-1,2865,0.11279936319968466,,,,,,,,
kappa,65,-1,2866,0.11257265251553754,,,,,,,,
kappa,65,-1,2867,0.1142990096171778,,,,,,,,
kappa,65,-1,2868,0.11962174182168755,,,,,,,,
kappa,65,-1,2869,0.15223481690959936,,,,,,,,
kappa,65,-1,2870,0.11331564914489385,,,,,,,,
kappa,65,-1,2871,0.11201676201788759,,,,,,,,
kappa,65,-1,2872,0.11150737993573738,,,,,,,,
kappa,65,-1,2873,0.11001832002510695,,,,,,,,
kappa,65,-1,2874,0.1208989943015896,,,,,,,,
kappa,65,-1,2875,0.15179611214809707,,,,,,,,
kappa,65,-1,2876,0.11550143142130344,,,,,,,,
kappa,65,-1,2877,0.11194902438673461,,,,,,,,
kappa,65,-1,2878,0.11032053123853675,,,,,,,,
kappa,65,-1,2879,0.1211251323429051,,,,,,,,
kappa,65,-1,2880,0.15332715873773664,,,,,,,,
kappa,65,-1,2881,0.11631628631201986,,,,,,,,
kappa,65,-1,2882,0.11438149442705819,,,,,,,,
kappa,65,-1,2883,0.11943757213302655,,,,,,,,
kappa,65,-1,2884,0.16313202118535863,,,,,,,,
kappa,65,-1,2885,0.11513046961087403,,,,,,,,
kappa,65,-1,2886,0.11980885367194073,,,,,,,,
kappa,65,-1,2887,0.15034575123696101,,,,,,,,
kappa,65,-1,2888,0.12321871647868247,,,,,,,,
kappa,65,-1,2889,0.17884681819093953,,,,,,,,
kappa,65,-1,2890,0.25772657690569528,,,,,,,,
kappa,65,-1,2891,0.16645658293579038,,,,,,,,
kappa,65,-1,2892,0.15517675193479435,,,,,,,,
kappa,65,-1,2893,0.15563317324914042,,,,,,,,
kappa,65,-1,2894,0.15247312657321405,,,,,,,,
kappa,65,-1,2895,0.15283530600791789,,,,,,,,
kappa,65,-1,2896,0.16218009579288137,,,,,,,,
kappa,65,-1,2897,0.1531474069438182,,,,,,,,
kappa,65,-1,2898,0.15251514504309388,,,,,,,,
kappa,65,-1,2899,0.15387475453169144,,,,,,,,
kappa,65,-1,2900,0.1532258687757925,,,,,,,,
kappa,65,-1,2901,0.15445643282975768,,,,,,,,
kappa,65,-1,2902,0.15583566881608105,,,,,,,,
kappa,65,-1,2903,0.15514322134421493,,,,,,,,
kappa,65,-1,2904,0.15481920062942015,,,,,,,,
kappa,65,-1,2905,0.15503382353632822,,,,,,,,
kappa,65,-1,2906,0.15310957663848296,,,,,,,,
kappa,65,-1,2907,0.15401796991818809,,,,,,,,
kappa,65,-1,2908,0.15487039378420595,,,,,,,,
kappa,65,-1,2909,0.15417187655181669,,,,,,,,
kappa,65,-1,2910,0.15117790265595318,,,,,,,,
kappa,65,-1,2911,0.15110812978826296,,,,,,,,
kappa,65,-1,2912,0.15415000309698937,,,,,,,,
kappa,65,-1,2913,0.15346118800210706,,,,,,,,
kappa,65,-1,2914,0.15415713986610952,,,,,,,,
kappa,65,-1,2915,0.15301799731889437,,,,,,,,
kappa,65,-1,2916,0.16432808620585676,,,,,,,,
kappa,65,-1,2917,0.16645694295924754,,,,,,,,
kappa,65,-1,2918,0.12285515960603914,,,,,,,,
kappa,65,-1,2919,0.11629047563757033,,,,,,,,
kappa,65,-1,2920,0.11628524663792293,,,,,,,,
kappa,65,-1,2921,0.116088940291017,,,,,,,,
kappa,65,-1,2922,0.11610938964117017,,,,,,,,
kappa,65,-1,2923,0.11941703782929496,,,,,,,,
kappa,65,-1,2924,0.11605329121094761,,,,,,,,
kappa,65,-1,2925,0.11616926985831812,,,,,,,,
kappa,65,-1,2926,0.11599958172654556,,,,,,,,
kappa,65,-1,2927,0.11618182595784193,,,,,,,,
kappa,65,-1,2928,0.11652486152939903,,,,,,,,
kappa,65,-1,2929,0.11826707383761656,,,,,,,,
kappa,65,-1,2930,0.11828391541199748,,,,,,,,
kappa,65,-1,2931,0.11658989231661719,,,,,,,,
kappa,65,-1,2932,0.11624393792229526,,,,,,,,
kappa,65,-1,2933,0.11637292909299719,,,,,,,,
kappa,65,-1,2934,0.11612564195638984,,,,,,,,
kappa,65,-1,2935,0.11578927639198303,,,,,,,,
kappa,65,-1,2936,0.11410640536048834,,,,,,,,
kappa,65,-1,2937,0.11585554217729513,,,,,,,,
kappa,65,-1,2938,0.1162562687986485,,,,,,,,
kappa,65,-1,2939,0.11662848852661084,,,,,,,,
kappa,65,-1,2940,0.11618154396298237,,,,,,,,
kappa,65,-1,2941,0.11575436620077412,,,,,,,,
kappa,65,-1,2942,0.12473378676146932,,,,,,,,
kappa,65,-1,2943,0.15446674199315469,,,,,,,,
kappa,65,-1,2944,0.1160318063785214,,,,,,,,
kappa,65,-1,2945,0.11381470560667599,,,,,,,,
kappa,65,-1,2946,0.11303868619292204,,,,,,,,
kappa,65,-1,2947,0.11280296185004392,,,,,,,,
kappa,65,-1,2948,0.11154009451599965,,,,,,,,
kappa,65,-1,2949,0.11541734635821502,,,,,,,,
kappa,65,-1,2950,0.11133060152288783,,,,,,,,
kappa,65,-1,2951,0.11232335770436354,,,,,,,,
kappa,65,-1,2952,0.11260418207007679,,,,,,,,
kappa,65,-1,2953,0.11328310387979461,,,,,,,,
kappa,65,-1,2954,0.11344216222516836,,,,,,,,
kappa,65,-1,2955,0.1129752214528072,,,,,,,,
kappa,65,-1,2956,0.11300708611978978,,,,,,,,
kappa,65,-1,2957,0.11201919065380808,,,,,,,,
kappa,65,-1,2958,0.11277672891501302,,,,,,,,
kappa,65,-1,2959,0.11170914638293315,,,,,,,,
kappa,65,-1,2960,0.1118584475343936,,,,,,,,
kappa,65,-1,2961,0.1120777694361694,,,,,,,,
kappa,65,-1,2962,0.11156133822703836,,,,,,,,
kappa,65,-1,2963,0.11293659794121043,,,,,,,,
kappa,65,-1,2964,0.11152610856830937,,,,,,,,
kappa,65,-1,2965,0.11299883570343013,,,,,,,,
kappa,65,-1,2966,0.1121311285535269,,,,,,,,
kappa,65,-1,2967,0.11975383451315869,,,,,,,,
kappa,65,-1,2968,0.15414751881225916,,,,,,,,
kappa,65,-1,2969,0.11604780186208365,,,,,,,,
kappa,65,-1,2970,0.11273124627973849,,,,,,,,
kappa,65,-1,2971,0.1133145576471077,,,,,,,,
kappa,65,-1,2972,0.11222945863968256,,,,,,,,
kappa,65,-1,2973,0.11189754423822788,,,,,,,,
kappa,65,-1,2974,0.11485891366288425,,,,,,,,
kappa,65,-1,2975,0.1113257013682233,,,,,,,,
kappa,65,-1,2976,0.11249567037995262,,,,,,,,
kappa,65,-1,2977,0.11329173084760899,,,,,,,,
kappa,65,-1,2978,0.11200450360977612,,,,,,,,
kappa,65,-1,2979,0.11240798330937449,,,,,,,,
kappa,65,-1,2980,0.11245808098746915,,,,,,,,
kappa,65,-1,2981,0.11272482413220578,,,,,,,,
kappa,65,-1,2982,0.11164540397988314,,,,,,,,
kappa,65,-1,2983,0.11169589783094819,,,,,,,,
kappa,65,-1,2984,0.11316743445540312,,,,,,,,
kappa,65,-1,2985,0.11118453897046457,,,,,,,,
kappa,65,-1,2986,0.11144465618488135,,,,,,,,
kappa,65,-1,2987,0.11277776633013289,,,,,,,,
kappa,65,-1,2988,0.11263817641948631,,,,,,,,
kappa,65,-1,2989,0.11264212348305541,,,,,,,,
kappa,65,-1,2990,0.11209097241045272,,,,,,,,
kappa,65,-1,2991,0.11991509728946767,,,,,,,,
kappa,65,-1,2992,0.15289628029985428,,,,,,,,
kappa,65,-1,2993,0.11635251306042321,,,,,,,,
kappa,65,-1,2994,0.11277885451911787,,,,,,,,
kappa,65,-1,2995,0.11277780263862111,,,,,,,,
kappa,65,-1,2996,0.11125090427921114,,,,,,,,
kappa,65,-1,2997,0.11184522411459968,,,,,,,,
kappa,65,-1,2998,0.11460339050744875,,,,,,,,
kappa,65,-1,2999,0.11233623472949647,,,,,,,,
kappa,65,-1,3000,0.11173149009938722,,,,,,,,
kappa,65,-1,3001,0.11215665290512003,,,,,,,,
kappa,65,-1,3002,0.11243762714420513,,,,,,,,
kappa,65,-1,3003,0.11242823019269875,,,,,,,,
kappa,65,-1,3004,0.11135320831016304,,,,,,,,
kappa,65,-1,3005,0.11170979574744522,,,,,,,,
kappa,65,-1,3006,0.11258021792958409,,,,,,,,
kappa,65,-1,3007,0.11257480424593613,,,,,,,,
kappa,65,-1,3008,0.11138943205505791,,,,,,,,
kappa,65,-1,3009,0.1117090638990909,,,,,,,,
kappa,65,-1,3010,0.11264146347361906,,,,,,,,
kappa,65,-1,3011,0.11267665605241931,,,,,,,,
kappa,65,-1,3012,0.11192192764160491,,,,,,,,
kappa,65,-1,3013,0.11151397162375538,,,,,,,,
kappa,65,-1,3014,0.12007556197931485,,,,,,,,
kappa,65,-1,3015,0.15325112261749477,,,,,,,,
kappa,65,-1,3016,0.11697022144022909,,,,,,,,
kappa,65,-1,3017,0.11213330746037162,,,,,,,,
kappa,65,-1,3018,0.1124674117547701,,,,,,,,
kappa,65,-1,3019,0.11249033379732866,,,,,,,,
kappa,65,-1,3020,0.11164780139864444,,,,,,,,
kappa,65,-1,3021,0.11513122210241646,,,,,,,,
kappa,65,-1,3022,0.11100874716929442,,,,,,,,
kappa,65,-1,3023,0.11213479023161374,,,,,,,,
kappa,65,-1,3024,0.11275481131351189,,,,,,,,
kappa,65,-1,3025,0.11170571593862658,,,,,,,,
kappa,65,-1,3026,0.1123745503187176,,,,,,,,
kappa,65,-1,3027,0.11226121061135926,,,,,,,,
kappa,65,-1,3028,0.11290757657936128,,,,,,,,
kappa,65,-1,3029,0.11181137842519434,,,,,,,,
kappa,65,-1,3030,0.11176924438465828,,,,,,,,
kappa,65,-1,3031,0.11263045223356619,,,,,,,,
kappa,65,-1,3032,0.11287372252828044,,,,,,,,
kappa,65,-1,3033,0.11251800427638192,,,,,,,,
kappa,65,-1,3034,0.11192239497952519,,,,,,,,
kappa,65,-1,3035,0.11166490760462958,,,,,,,,
kappa,65,-1,3036,0.11973873196982272,,,,,,,,
kappa,65,-1,3037,0.15748987621418559,,,,,,,,
kappa,65,-1,3038,0.11671364460419915,,,,,,,,
kappa,65,-1,3039,0.11310934520862195,,,,,,,,
kappa,65,-1,3040,0.11335532855011435,,,,,,,,
kappa,65,-1,3041,0.11217447935670273,,,,,,,,
kappa,65,-1,3042,0.11237677669294389,,,,,,,,
kappa,65,-1,3043,0.11730198692611278,,,,,,,,
kappa,65,-1,3044,0.11224979414699554,,,,,,,,
kappa,65,-1,3045,0.11156159622478549,,,,,,,,
kappa,65,-1,3046,0.11203701640097702,,,,,,,,
kappa,65,-1,3047,0.1127711997746102,,,,,,,,
kappa,65,-1,3048,0.11341202617879491,,,,,,,,
kappa,65,-1,3049,0.11414618571725919,,,,,,,,
kappa,65,-1,3050,0.11270276668796758,,,,,,,,
kappa,65,-1,3051,0.11214267305085739,,,,,,,,
kappa,65,-1,3052,0.11191109854108254,,,,,,,,
kappa,65,-1,3053,0.11272210497528647,,,,,,,,
kappa,65,-1,3054,0.11362531651019447,,,,,,,,
kappa,65,-1,3055,0.11361536209037401,,,,,,,,
kappa,65,-1,3056,0.11195005218651718,,,,,,,,
kappa,65,-1,3057,0.11972846331035816,,,,,,,,
kappa,65,-1,3058,0.15378296113201126,,,,,,,,
kappa,65,-1,3059,0.11726589845924146,,,,,,,,
kappa,65,-1,3060,0.11244867965395983,,,,,,,,
kappa,65,-1,3061,0.11206364611366859,,,,,,,,
kappa,65,-1,3062,0.11250433950430001,,,,,,,,
kappa,65,-1,3063,0.11190303012854184,,,,,,,,
kappa,65,-1,3064,0.11428811690116798,,,,,,,,
kappa,65,-1,3065,0.11157354628378995,,,,,,,,
kappa,65,-1,3066,0.11254909439203707,,,,,,,,
kappa,65,-1,3067,0.11211827167310529,,,,,,,,
kappa,65,-1,3068,0.11241721426479423,,,,,,,,
kappa,65,-1,3069,0.11278081456131039,,,,,,,,
kappa,65,-1,3070,0.11288523058874282,,,,,,,,
kappa,65,-1,3071,0.11264655683704677,,,,,,,,
kappa,65,-1,3072,0.11167077185838004,,,,,,,,
kappa,65,-1,3073,0.11238399616790846,,,,,,,,
kappa,65,-1,3074,0.11237758287965496,,,,,,,,
kappa,65,-1,3075,0.11228222406789856,,,,,,,,
kappa,65,-1,3076,0.11180380793668246,,,,,,,,
kappa,65,-1,3077,0.12058260684361906,,,,,,,,
kappa,65,-1,3078,0.15351371755933804,,,,,,,,
kappa,65,-1,3079,0.1163312177455675,,,,,,,,
kappa,65,-1,3080,0.11236319209268827,,,,,,,,
kappa,65,-1,3081,0.1129021129806122,,,,,,,,
kappa,65,-1,3082,0.11099433226650192,,,,,,,,
kappa,65,-1,3083,0.11117044037172026,,,,,,,,
kappa,65,-1,3084,0.11491220446734572,,,,,,,,
kappa,65,-1,3085,0.11190869317819642,,,,,,,,
kappa,65,-1,3086,0.11219057113330105,,,,,,,,
kappa,65,-1,3087,0.11291621522883717,,,,,,,,
kappa,65,-1,3088,0.11250972622253394,,,,,,,,
kappa,65,-1,3089,0.11288381520882532,,,,,,,,
kappa,65,-1,3090,0.11160469647357681,,,,,,,,
kappa,65,-1,3091,0.11159176409048814,,,,,,,,
kappa,65,-1,3092,0.11274327224102992,,,,,,,,
kappa,65,-1,3093,0.11264332940101097,,,,,,,,
kappa,65,-1,3094,0.11199940976450998,,,,,,,,
kappa,65,-1,3095,0.11140717539663966,,,,,,,,
kappa,65,-1,3096,0.12008862837002612,,,,,,,,
kappa,65,-1,3097,0.15352998946402757,,,,,,,,
kappa,65,-1,3098,0.11587183917318178,,,,,,,,
kappa,65,-1,3099,0.11150322159118554,,,,,,,,
kappa,65,-1,3100,0.11186944853134172,,,,,,,,
kappa,65,-1,3101,0.11226891300773108,,,,,,,,
kappa,65,-1,3102,0.111589711161856,,,,,,,,
kappa,65,-1,3103,0.11491514618414138,,,,,,,,
kappa,65,-1,3104,0.11193735462886813,,,,,,,,
kappa,65,-1,3105,0.11303649127033397,,,,,,,,
kappa,65,-1,3106,0.1131751890678913,,,,,,,,
kappa,65,-1,3107,0.11261851849822714,,,,,,,,
kappa,65,-1,3108,0.11166785035380816,,,,,,,,
kappa,65,-1,3109,0.11167012075625588,,,,,,,,
kappa,65,-1,3110,0.11265654546334489,,,,,,,,
kappa,65,-1,3111,0.11188538464231924,,,,,,,,
kappa,65,-1,3112,0.11258757115463253,,,,,,,,
kappa,65,-1,3113,0.11163492479209329,,,,,,,,
kappa,65,-1,3114,0.1198080675353576,,,,,,,,
kappa,65,-1,3115,0.1510737922204983,,,,,,,,
kappa,65,-1,3116,0.11457504912733514,,,,,,,,
kappa,65,-1,3117,0.11245766596438854,,,,,,,,
kappa,65,-1,3118,0.11229060244487424,,,,,,,,
kappa,65,-1,3119,0.11183029143087679,,,,,,,,
kappa,65,-1,3120,0.11179492670472468,,,,,,,,
kappa,65,-1,3121,0.11493624325241134,,,,,,,,
kappa,65,-1,3122,0.11190514564620632,,,,,,,,
kappa,65,-1,3123,0.11168267434864777,,,,,,,,
kappa,65,-1,3124,0.11208496061553463,,,,,,,,
kappa,65,-1,3125,0.11091851510216456,,,,,,,,
kappa,65,-1,3126,0.11083006204542496,,,,,,,,
kappa,65,-1,3127,0.11183740331980825,,,,,,,,
kappa,65,-1,3128,0.11210748041918206,,,,,,,,
kappa,65,-1,3129,0.1118654498978246,,,,,,,,
kappa,65,-1,3130,0.11130978185183001,,,,,,,,
kappa,65,-1,3131,0.11900576435368831,,,,,,,,
kappa,65,-1,3132,0.15378638997442881,,,,,,,,
kappa,65,-1,3133,0.11679132851664238,,,,,,,,
kappa,65,-1,3134,0.11278710595345709,,,,,,,,
kappa,65,-1,3135,0.11273277495820005,,,,,,,,
kappa,65,-1,3136,0.11306526386360434,,,,,,,,
kappa,65,-1,3137,0.11247917382875051,,,,,,,,
kappa,65,-1,3138,0.11498367795135606,,,,,,,,
kappa,65,-1,3139,0.11262516093086186,,,,,,,,
kappa,65,-1,3140,0.11268797921895543,,,,,,,,
kappa,65,-1,3141,0.11167012047936245,,,,,,,,
kappa,65,-1,3142,0.11188230948614053,,,,,,,,
kappa,65,-1,3143,0.11273767819420695,,,,,,,,
kappa,65,-1,3144,0.1127805142661075,,,,,,,,
kappa,65,-1,3145,0.11290513544498196,,,,,,,,
kappa,65,-1,3146,0.11175029814382217,,,,,,,,
kappa,65,-1,3147,0.11966162770039857,,,,,,,,
kappa,65,-1,3148,0.15011863055397162,,,,,,,,
kappa,65,-1,3149,0.11597727810239346,,,,,,,,
kappa,65,-1,3150,0.11360244610709434,,,,,,,,
kappa,65,-1,3151,0.11353937330067417,,,,,,,,
kappa,65,-1,3152,0.11199031105982497,,,,,,,,
kappa,65,-1,3153,0.11131873685537796,,,,,,,,
kappa,65,-1,3154,0.11575109910686977,,,,,,,,
kappa,65,-1,3155,0.11180653878192322,,,,,,,,
kappa,65,-1,3156,0.11151819350485995,,,,,,,,
kappa,65,-1,3157,0.11153952646086272,,,,,,,,
kappa,65,-1,3158,0.11213015193734251,,,,,,,,
kappa,65,-1,3159,0.11375241007999573,,,,,,,,
kappa,65,-1,3160,0.11343440818092333,,,,,,,,
kappa,65,-1,3161,0.11179842989577721,,,,,,,,
kappa,65,-1,3162,0.11992839621123992,,,,,,,,
kappa,65,-1,3163,0.15490225320711651,,,,,,,,
kappa,65,-1,3164,0.11829090424556134,,,,,,,,
kappa,65,-1,3165,0.11315715514749485,,,,,,,,
kappa,65,-1,3166,0.11258855683753845,,,,,,,,
kappa,65,-1,3167,0.11244165454940677,,,,,,,,
kappa,65,-1,3168,0.11183995928531379,,,,,,,,
kappa,65,-1,3169,0.11504343142427087,,,,,,,,
kappa,65,-1,3170,0.11145156097763685,,,,,,,,
kappa,65,-1,3171,0.11160466859027321,,,,,,,,
kappa,65,-1,3172,0.11261030036240818,,,,,,,,
kappa,65,-1,3173,0.11244137096711455,,,,,,,,
kappa,65,-1,3174,0.11244945524886005,,,,,,,,
kappa,65,-1,3175,0.11217559579840733,,,,,,,,
kappa,65,-1,3176,0.1206652332607218,,,,,,,,
kappa,65,-1,3177,0.15498713466835301,,,,,,,,
kappa,65,-1,3178,0.11662073634420009,,,,,,,,
kappa,65,-1,3179,0.11213992707588666,,,,,,,,
kappa,65,-1,3180,0.11244655029517808,,,,,,,,
kappa,65,-1,3181,0.11201141129925764,,,,,,,,
kappa,65,-1,3182,0.11228313821681303,,,,,,,,
kappa,65,-1,3183,0.11419926905746311,,,,,,,,
kappa,65,-1,3184,0.11107647659150909,,,,,,,,
kappa,65,-1,3185,0.11247940427011728,,,,,,,,
kappa,65,-1,3186,0.11215178929097558,,,,,,,,
kappa,65,-1,3187,0.11212600127447439,,,,,,,,
kappa,65,-1,3188,0.11218495290554918,,,,,,,,
kappa,65,-1,3189,0.1206927739110463,,,,,,,,
kappa,65,-1,3190,0.15449202761316511,,,,,,,,
kappa,65,-1,3191,0.11630709111880096,,,,,,,,
kappa,65,-1,3192,0.1130292046746825,,,,,,,,
kappa,65,-1,3193,0.11249378907769589,,,,,,,,
kappa,65,-1,3194,0.11251839889766445,,,,,,,,
kappa,65,-1,3195,0.11134197086536711,,,,,,,,
kappa,65,-1,3196,0.11408161876483841,,,,,,,,
kappa,65,-1,3197,0.11247527449870517,,,,,,,,
kappa,65,-1,3198,0.11256204872640765,,,,,,,,
kappa,65,-1,3199,0.11267134790710352,,,,,,,,
kappa,65,-1,3200,0.11163019062555858,,,,,,,,
kappa,65,-1,3201,0.12027906647817034,,,,,,,,
kappa,65,-1,3202,0.15313691364648221,,,,,,,,
kappa,65,-1,3203,0.11580139390516601,,,,,,,,
kappa,65,-1,3204,0.11242789583078565,,,,,,,,
kappa,65,-1,3205,0.11301189222193088,,,,,,,,
kappa,65,-1,3206,0.11160120665706894,,,,,,,,
kappa,65,-1,3207,0.11156091007683429,,,,,,,,
kappa,65,-1,3208,0.11514238528153185,,,,,,,,
kappa,65,-1,3209,0.11179116637243125,,,,,,,,
kappa,65,-1,3210,0.11174105903491981,,,,,,,,
kappa,65,-1,3211,0.11193112305664821,,,,,,,,
kappa,65,-1,3212,0.12009054696391906,,,,,,,,
kappa,65,-1,3213,0.15364257886635491,,,,,,,,
kappa,65,-1,3214,0.11722813908851844,,,,,,,,
kappa,65,-1,3215,0.1125152025220469,,,,,,,,
kappa,65,-1,3216,0.11208872064483273,,,,,,,,
kappa,65,-1,3217,0.11154626771793483,,,,,,,,
kappa,65,-1,3218,0.111779370827223,,,,,,,,
kappa,65,-1,3219,0.11523426916226989,,,,,,,,
kappa,65,-1,3220,0.11232744504751084,,,,,,,,
kappa,65,-1,3221,0.11159276316088278,,,,,,,,
kappa,65,-1,3222,0.12005176693570448,,,,,,,,
kappa,65,-1,3223,0.15498329121654689,,,,,,,,
kappa,65,-1,3224,0.11663980408441714,,,,,,,,
kappa,65,-1,3225,0.11172150972710483,,,,,,,,
kappa,65,-1,3226,0.11155229696427613,,,,,,,,
kappa,65,-1,3227,0.11244296523652304,,,,,,,,
kappa,65,-1,3228,0.1121109999896725,,,,,,,,
kappa,65,-1,3229,0.11577611708452538,,,,,,,,
kappa,65,-1,3230,0.11101583242216292,,,,,,,,
kappa,65,-1,3231,0.11965395490895099,,,,,,,,
kappa,65,-1,3232,0.15406534359530441,,,,,,,,
kappa,65,-1,3233,0.11605385875227833,,,,,,,,
kappa,65,-1,3234,0.11231270703364063,,,,,,,,
kappa,65,-1,3235,0.11366813968435013,,,,,,,,
kappa,65,-1,3236,0.11248359409636673,,,,,,,,
kappa,65,-1,3237,0.11137794050937047,,,,,,,,
kappa,65,-1,3238,0.11489700931963628,,,,,,,,
kappa,65,-1,3239,0.11932353681035601,,,,,,,,
kappa,65,-1,3240,0.15068658842437549,,,,,,,,
kappa,65,-1,3241,0.11333918902131343,,,,,,,,
kappa,65,-1,3242,0.11188542962751602,,,,,,,,
kappa,65,-1,3243,0.11177476377483946,,,,,,,,
kappa,65,-1,3244,0.11134167463141059,,,,,,,,
kappa,65,-1,3245,0.11039248468858279,,,,,,,,
kappa,65,-1,3246,0.12136830168351961,,,,,,,,
kappa,65,-1,3247,0.15170545172065242,,,,,,,,
kappa,65,-1,3248,0.11566402049917925,,,,,,,,
kappa,65,-1,3249,0.11173296720994114,,,,,,,,
kappa,65,-1,3250,0.11148515235826845,,,,,,,,
kappa,65,-1,3251,0.11009722474909306,,,,,,,,
kappa,65,-1,3252,0.12108009712898558,,,,,,,,
kappa,65,-1,3253,0.15452417400108739,,,,,,,,
kappa,65,-1,3254,0.11659857358951962,,,,,,,,
kappa,65,-1,3255,0.11159565662268231,,,,,,,,
kappa,65,-1,3256,0.11497743307332584,,,,,,,,
kappa,65,-1,3257,0.11924994814071051,,,,,,,,
kappa,65,-1,3258,0.15248674338077986,,,,,,,,
kappa,65,-1,3259,0.11895722164832735,,,,,,,,
kappa,65,-1,3260,0.11056871830259525,,,,,,,,
kappa,65,-1,3261,0.11977894927244812,,,,,,,,
kappa,65,-1,3262,0.15203395810200485,,,,,,,,
kappa,65,-1,3263,0.11446419950772578,,,,,,,,
kappa,65,-1,3264,0.11982539798421714,,,,,,,,
kappa,65,-1,3265,0.15296963516852308,,,,,,,,
kappa,65,-1,3266,0.12284348482470794,,,,,,,,
kappa,65,-1,3267,0.17877893017555413,,,,,,,,
kappa,65,-1,3268,0.25784826859257604,,,,,,,,
kappa,65,-1,3269,0.16615059599106913,,,,,,,,
kappa,65,-1,3270,0.1539249707811049,,,,,,,,
kappa,65,-1,3271,0.15292576292256913,,,,,,,,
kappa,65,-1,3272,0.15328210430750935,,,,,,,,
kappa,65,-1,3273,0.15329887276126447,,,,,,,,
kappa,65,-1,3274,0.15297732924564927,,,,,,,,
kappa,65,-1,3275,0.16209863278418618,,,,,,,,
kappa,65,-1,3276,0.15321357489578466,,,,,,,,
kappa,65,-1,3277,0.15353073879698925,,,,,,,,
kappa,65,-1,3278,0.15434887839495318,,,,,,,,
kappa,65,-1,3279,0.15504837451168213,,,,,,,,
kappa,65,-1,3280,0.15487086274997613,,,,,,,,
kappa,65,-1,3281,0.15502360209825167,,,,,,,,
kappa,65,-1,3282,0.15601419822600099,,,,,,,,
kappa,65,-1,3283,0.15640478224664775,,,,,,,,
kappa,65,-1,3284,0.15346467886444382,,,,,,,,
kappa,65,-1,3285,0.15085960656551523,,,,,,,,
kappa,65,-1,3286,0.15139684276733431,,,,,,,,
kappa,65,-1,3287,0.15140119117134149,,,,,,,,
kappa,65,-1,3288,0.15356218644519337,,,,,,,,
kappa,65,-1,3289,0.15515237427823975,,,,,,,,
kappa,65,-1,3290,0.15747817720776278,,,,,,,,
kappa,65,-1,3291,0.15439788272390989,,,,,,,,
kappa,65,-1,3292,0.15335923098806226,,,,,,,,
kappa,65,-1,3293,0.16438368949705789,,,,,,,,
kappa,65,-1,3294,0.16642382029719938,,,,,,,,
kappa,65,-1,3295,0.12223524312857038,,,,,,,,
kappa,65,-1,3296,0.11593972805758737,,,,,,,,
kappa,65,-1,3297,0.11655530382817703,,,,,,,,
kappa,65,-1,3298,0.11634169230925191,,,,,,,,
kappa,65,-1,3299,0.1165014203692992,,,,,,,,
kappa,65,-1,3300,0.11663608640919225,,,,,,,,
kappa,65,-1,3301,0.11926382873612135,,,,,,,,
kappa,65,-1,3302,0.11616003041589189,,,,,,,,
kappa,65,-1,3303,0.11714902972954615,,,,,,,,
kappa,65,-1,3304,0.11707714792370709,,,,,,,,
kappa,65,-1,3305,0.11626972156698478,,,,,,,,
kappa,65,-1,3306,0.11658857393788849,,,,,,,,
kappa,65,-1,3307,0.11704983137485893,,,,,,,,
kappa,65,-1,3308,0.1167192353020408,,,,,,,,
kappa,65,-1,3309,0.11693301434612614,,,,,,,,
kappa,65,-1,3310,0.1151182174113143,,,,,,,,
kappa,65,-1,3311,0.11356985503659896,,,,,,,,
kappa,65,-1,3312,0.11582068618525262,,,,,,,,
kappa,65,-1,3313,0.11634136726341969,,,,,,,,
kappa,65,-1,3314,0.11647922864473423,,,,,,,,
kappa,65,-1,3315,0.11717144858693321,,,,,,,,
kappa,65,-1,3316,0.11647880917693351,,,,,,,,
kappa,65,-1,3317,0.11559854557803018,,,,,,,,
kappa,65,-1,3318,0.12460599937757472,,,,,,,,
kappa,65,-1,3319,0.1541326414051235,,,,,,,,
kappa,65,-1,3320,0.11612758106858094,,,,,,,,
kappa,65,-1,3321,0.11299745974558137,,,,,,,,
kappa,65,-1,3322,0.11280850780349935,,,,,,,,
kappa,65,-1,3323,0.11257237013216112,,,,,,,,
kappa,65,-1,3324,0.11269504248429606,,,,,,,,
kappa,65,-1,3325,0.11137345592123025,,,,,,,,
kappa,65,-1,3326,0.11507048430991564,,,,,,,,
kappa,65,-1,3327,0.11187510511166096,,,,,,,,
kappa,65,-1,3328,0.11270277972445601,,,,,,,,
kappa,65,-1,3329,0.11241359400010503,,,,,,,,
kappa,65,-1,3330,0.11300389310684339,,,,,,,,
kappa,65,-1,3331,0.1130330967979751,,,,,,,,
kappa,65,-1,3332,0.11258988365033518,,,,,,,,
kappa,65,-1,3333,0.11190207840461727,,,,,,,,
kappa,65,-1,3334,0.11220355397978368,,,,,,,,
kappa,65,-1,3335,0.11230147506757381,,,,,,,,
kappa,65,-1,3336,0.11206347884724079,,,,,,,,
kappa,65,-1,3337,0.11310478026885165,,,,,,,,
kappa,65,-1,3338,0.11287952646375386,,,,,,,,
kappa,65,-1,3339,0.11297333446868103,,,,,,,,
kappa,65,-1,3340,0.11316144209773955,,,,,,,,
kappa,65,-1,3341,0.11222976418500417,,,,,,,,
kappa,65,-1,3342,0.12000384621374191,,,,,,,,
kappa,65,-1,3343,0.15351110077254015,,,,,,,,
kappa,65,-1,3344,0.11652788586861482,,,,,,,,
kappa,65,-1,3345,0.1129571198788666,,,,,,,,
kappa,65,-1,3346,0.11252270514114887,,,,,,,,
kappa,65,-1,3347,0.11268930205985903,,,,,,,,
kappa,65,-1,3348,0.11221601421178382,,,,,,,,
kappa,65,-1,3349,0.11196742540428412,,,,,,,,
kappa,65,-1,3350,0.11486605850673087,,,,,,,,
kappa,65,-1,3351,0.11185580934175272,,,,,,,,
kappa,65,-1,3352,0.11234055397371012,,,,,,,,
kappa,65,-1,3353,0.11234164894693839,,,,,,,,
kappa,65,-1,3354,0.11212271941711492,,,,,,,,
kappa,65,-1,3355,0.1111589797475301,,,,,,,,
kappa,65,-1,3356,0.11164829554961365,,,,,,,,
kappa,65,-1,3357,0.11457709587457125,,,,,,,,
kappa,65,-1,3358,0.1113771612837986,,,,,,,,
kappa,65,-1,3359,0.11189985083198244,,,,,,,,
kappa,65,-1,3360,0.11162153939696347,,,,,,,,
kappa,65,-1,3361,0.11232022027948772,,,,,,,,
kappa,65,-1,3362,0.11270887610049347,,,,,,,,
kappa,65,-1,3363,0.11213859070188874,,,,,,,,
kappa,65,-1,3364,0.11270973228309294,,,,,,,,
kappa,65,-1,3365,0.11970370319970151,,,,,,,,
kappa,65,-1,3366,0.15414705806456991,,,,,,,,
kappa,65,-1,3367,0.11599866819417574,,,,,,,,
kappa,65,-1,3368,0.11259940453299531,,,,,,,,
kappa,65,-1,3369,0.11311756784242682,,,,,,,,
kappa,65,-1,3370,0.11275095434550031,,,,,,,,
kappa,65,-1,3371,0.11190537912780062,,,,,,,,
kappa,65,-1,3372,0.11186231800106138,,,,,,,,
kappa,65,-1,3373,0.11565880853068435,,,,,,,,
kappa,65,-1,3374,0.11203449046473589,,,,,,,,
kappa,65,-1,3375,0.11252997238250138,,,,,,,,
kappa,65,-1,3376,0.11148580124814121,,,,,,,,
kappa,65,-1,3377,0.11200434795574034,,,,,,,,
kappa,65,-1,3378,0.11271469793952296,,,,,,,,
kappa,65,-1,3379,0.11268467866640655,,,,,,,,
kappa,65,-1,3380,0.11270033820040606,,,,,,,,
kappa,65,-1,3381,0.11169658868758946,,,,,,,,
kappa,65,-1,3382,0.11277326865543763,,,,,,,,
kappa,65,-1,3383,0.11253383461609662,,,,,,,,
kappa,65,-1,3384,0.11347380565601331,,,,,,,,
kappa,65,-1,3385,0.11247696950921217,,,,,,,,
kappa,65,-1,3386,0.11205992201109453,,,,,,,,
kappa,65,-1,3387,0.11981604084085147,,,,,,,,
kappa,65,-1,3388,0.15346798816998722,,,,,,,,
kappa,65,-1,3389,0.11733290667716392,,,,,,,,
kappa,65,-1,3390,0.11335950745739948,,,,,,,,
kappa,65,-1,3391,0.11179931953104867,,,,,,,,
kappa,65,-1,3392,0.11182942251076482,,,,,,,,
kappa,65,-1,3393,0.11288897419712833,,,,,,,,
kappa,65,-1,3394,0.11210972804527404,,,,,,,,
kappa,65,-1,3395,0.11498238881943397,,,,,,,,
kappa,65,-1,3396,0.11094546536104176,,,,,,,,
kappa,65,-1,3397,0.11162899845304751,,,,,,,,
kappa,65,-1,3398,0.11237772432010233,,,,,,,,
kappa,65,-1,3399,0.11248416259698327,,,,,,,,
kappa,65,-1,3400,0.11340403649615652,,,,,,,,
kappa,65,-1,3401,0.11154259958343699,,,,,,,,
kappa,65,-1,3402,0.11158720678430863,,,,,,,,
kappa,65,-1,3403,0.11321745592771999,,,,,,,,
kappa,65,-1,3404,0.11284358955626503,,,,,,,,
kappa,65,-1,3405,0.11320197244774781,,,,,,,,
kappa,65,-1,3406,0.11255097592140113,,,,,,,,
kappa,65,-1,3407,0.111339406643753,,,,,,,,
kappa,65,-1,3408,0.12019705948456028,,,,,,,,
kappa,65,-1,3409,0.15379754948957919,,,,,,,,
kappa,65,-1,3410,0.11663822035804994,,,,,,,,
kappa,65,-1,3411,0.11222914057488521,,,,,,,,
kappa,65,-1,3412,0.11229802138020485,,,,,,,,
kappa,65,-1,3413,0.11216491378383792,,,,,,,,
kappa,65,-1,3414,0.11257868525208031,,,,,,,,
kappa,65,-1,3415,0.11154918219882691,,,,,,,,
kappa,65,-1,3416,0.11419419691475401,,,,,,,,
kappa,65,-1,3417,0.11185130246372475,,,,,,,,
kappa,65,-1,3418,0.11212753297108879,,,,,,,,
kappa,65,-1,3419,0.11285413534136003,,,,,,,,
kappa,65,-1,3420,0.1122799715593884,,,,,,,,
kappa,65,-1,3421,0.11139459944368557,,,,,,,,
kappa,65,-1,3422,0.11265326835111078,,,,,,,,
kappa,65,-1,3423,0.11292131044402147,,,,,,,,
kappa,65,-1,3424,0.11233812280835734,,,,,,,,
kappa,65,-1,3425,0.11280263613971683,,,,,,,,
kappa,65,-1,3426,0.11230726602838442,,,,,,,,
kappa,65,-1,3427,0.11162574223345058,,,,,,,,
kappa,65,-1,3428,0.12049740097491173,,,,,,,,
kappa,65,-1,3429,0.15728965679793275,,,,,,,,
kappa,65,-1,3430,0.11728520184047121,,,,,,,,
kappa,65,-1,3431,0.11297271851746309,,,,,,,,
kappa,65,-1,3432,0.11313176599084387,,,,,,,,
kappa,65,-1,3433,0.11170349481507946,,,,,,,,
kappa,65,-1,3434,0.11173591157985135,,,,,,,,
kappa,65,-1,3435,0.11229911257642533,,,,,,,,
kappa,65,-1,3436,0.11735274103483261,,,,,,,,
kappa,65,-1,3437,0.1134241018368518,,,,,,,,
kappa,65,-1,3438,0.11324104180634961,,,,,,,,
kappa,65,-1,3439,0.11327129469201976,,,,,,,,
kappa,65,-1,3440,0.11220623184386865,,,,,,,,
kappa,65,-1,3441,0.11209410194025883,,,,,,,,
kappa,65,-1,3442,0.11255182603690196,,,,,,,,
kappa,65,-1,3443,0.11379378357308688,,,,,,,,
kappa,65,-1,3444,0.11395798578166022,,,,,,,,
kappa,65,-1,3445,0.11334102563868848,,,,,,,,
kappa,65,-1,3446,0.11205758230762015,,,,,,,,
kappa,65,-1,3447,0.11966341772889473,,,,,,,,
kappa,65,-1,3448,0.15307184633934384,,,,,,,,
kappa,65,-1,3449,0.11628689772802213,,,,,,,,
kappa,65,-1,3450,0.1115249861048733,,,,,,,,
kappa,65,-1,3451,0.11161306824911357,,,,,,,,
kappa,65,-1,3452,0.11241475902648454,,,,,,,,
kappa,65,-1,3453,0.1116761648620424,,,,,,,,
kappa,65,-1,3454,0.11208726512610052,,,,,,,,
kappa,65,-1,3455,0.11509023493474212,,,,,,,,
kappa,65,-1,3456,0.11165223399107403,,,,,,,,
kappa,65,-1,3457,0.11295757692599059,,,,,,,,
kappa,65,-1,3458,0.11197713147282302,,,,,,,,
kappa,65,-1,3459,0.11119513464882262,,,,,,,,
kappa,65,-1,3460,0.11258275991717427,,,,,,,,
kappa,65,-1,3461,0.11265794528942775,,,,,,,,
kappa,65,-1,3462,0.11352623342538136,,,,,,,,
kappa,65,-1,3463,0.11264987141640113,,,,,,,,
kappa,65,-1,3464,0.11118871259971316,,,,,,,,
kappa,65,-1,3465,0.11940212780558729,,,,,,,,
kappa,65,-1,3466,0.15117470604879815,,,,,,,,
kappa,65,-1,3467,0.11455278808487655,,,,,,,,
kappa,65,-1,3468,0.11204019794741758,,,,,,,,
kappa,65,-1,3469,0.1120676285110527,,,,,,,,
kappa,65,-1,3470,0.11222425882517474,,,,,,,,
kappa,65,-1,3471,0.11126633433401423,,,,,,,,
kappa,65,-1,3472,0.11135409557413743,,,,,,,,
kappa,65,-1,3473,0.11473411283004462,,,,,,,,
kappa,65,-1,3474,0.11207205517404703,,,,,,,,
kappa,65,-1,3475,0.1106264263846263,,,,,,,,
kappa,65,-1,3476,0.11071764468957665,,,,,,,,
kappa,65,-1,3477,0.11228421099017726,,,,,,,,
kappa,65,-1,3478,0.11224927837161706,,,,,,,,
kappa,65,-1,3479,0.11218887562805462,,,,,,,,
kappa,65,-1,3480,0.11225557665815636,,,,,,,,
kappa,65,-1,3481,0.11116327138184255,,,,,,,,
kappa,65,-1,3482,0.11927289406565623,,,,,,,,
kappa,65,-1,3483,0.1556821302261184,,,,,,,,
kappa,65,-1,3484,0.11633349305514884,,,,,,,,
kappa,65,-1,3485,0.11277005027740603,,,,,,,,
kappa,65,-1,3486,0.11268160387469449,,,,,,,,
kappa,65,-1,3487,0.11241163368855737,,,,,,,,
kappa,65,-1,3488,0.11235750019690315,,,,,,,,
kappa,65,-1,3489,0.11273865300099604,,,,,,,,
kappa,65,-1,3490,0.1173644358516199,,,,,,,,
kappa,65,-1,3491,0.11108404838335928,,,,,,,,
kappa,65,-1,3492,0.11147160912476842,,,,,,,,
kappa,65,-1,3493,0.11304442714325094,,,,,,,,
kappa,65,-1,3494,0.11267610659008338,,,,,,,,
kappa,65,-1,3495,0.11273804725046835,,,,,,,,
kappa,65,-1,3496,0.11235637043202955,,,,,,,,
kappa,65,-1,3497,0.11265885027158129,,,,,,,,
kappa,65,-1,3498,0.11968962961130225,,,,,,,,
kappa,65,-1,3499,0.15545227868030367,,,,,,,,
kappa,65,-1,3500,0.1165822531961976,,,,,,,,
kappa,65,-1,3501,0.11311861101165659,,,,,,,,
kappa,65,-1,3502,0.1130037692546474,,,,,,,,
kappa,65,-1,3503,0.11317332861201224,,,,,,,,
kappa,65,-1,3504,0.11230804511081867,,,,,,,,
kappa,65,-1,3505,0.11200197196601946,,,,,,,,
kappa,65,-1,3506,0.11476629574735403,,,,,,,,
kappa,65,-1,3507,0.11129364575527854,,,,,,,,
kappa,65,-1,3508,0.1125465491716565,,,,,,,,
kappa,65,-1,3509,0.1122580663292962,,,,,,,,
kappa,65,-1,3510,0.11356814254474466,,,,,,,,
kappa,65,-1,3511,0.11245528761233162,,,,,,,,
kappa,65,-1,3512,0.11173770040200509,,,,,,,,
kappa,65,-1,3513,0.12038112585262251,,,,,,,,
kappa,65,-1,3514,0.15503050992466233,,,,,,,,
kappa,65,-1,3515,0.11827750030521714,,,,,,,,
kappa,65,-1,3516,0.11348956062267855,,,,,,,,
kappa,65,-1,3517,0.11193035815793924,,,,,,,,
kappa,65,-1,3518,0.11266311634990359,,,,,,,,
kappa,65,-1,3519,0.11271811006177891,,,,,,,,
kappa,65,-1,3520,0.11103938449258255,,,,,,,,
kappa,65,-1,3521,0.11430357179857552,,,,,,,,
kappa,65,-1,3522,0.11230832694823477,,,,,,,,
kappa,65,-1,3523,0.11188296967323381,,,,,,,,
kappa,65,-1,3524,0.11228014409574574,,,,,,,,
kappa,65,-1,3525,0.11265714217724543,,,,,,,,
kappa,65,-1,3526,0.11203333066766294,,,,,,,,
kappa,65,-1,3527,0.12067259380116331,,,,,,,,
kappa,65,-1,3528,0.15478131345745161,,,,,,,,
kappa,65,-1,3529,0.11620645349249983,,,,,,,,
kappa,65,-1,3530,0.11255106456075586,,,,,,,,
kappa,65,-1,3531,0.11213893758276286,,,,,,,,
kappa,65,-1,3532,0.11255264850380008,,,,,,,,
kappa,65,-1,3533,0.11163281614180638,,,,,,,,
kappa,65,-1,3534,0.111564022125518,,,,,,,,
kappa,65,-1,3535,0.11492548852410829,,,,,,,,
kappa,65,-1,3536,0.11180170724469005,,,,,,,,
kappa,65,-1,3537,0.11273921700600734,,,,,,,,
kappa,65,-1,3538,0.1118670658868324,,,,,,,,
kappa,65,-1,3539,0.1119747971053103,,,,,,,,
kappa,65,-1,3540,0.12069336982523406,,,,,,,,
kappa,65,-1,3541,0.15017315975706122,,,,,,,,
kappa,65,-1,3542,0.11663656512695685,,,,,,,,
kappa,65,-1,3543,0.11350324273715033,,,,,,,,
kappa,65,-1,3544,0.11146445802024962,,,,,,,,
kappa,65,-1,3545,0.11144731205926116,,,,,,,,
kappa,65,-1,3546,0.11166319721504099,,,,,,,,
kappa,65,-1,3547,0.11171360326422367,,,,,,,,
kappa,65,-1,3548,0.11560681411035388,,,,,,,,
kappa,65,-1,3549,0.11330928747807278,,,,,,,,
kappa,65,-1,3550,0.1137546091123972,,,,,,,,
kappa,65,-1,3551,0.1120642061705221,,,,,,,,
kappa,65,-1,3552,0.11972330087018193,,,,,,,,
kappa,65,-1,3553,0.15428583319147895,,,,,,,,
kappa,65,-1,3554,0.11658437617847681,,,,,,,,
kappa,65,-1,3555,0.11231401805663997,,,,,,,,
kappa,65,-1,3556,0.11177754298688337,,,,,,,,
kappa,65,-1,3557,0.11128579337241581,,,,,,,,
kappa,65,-1,3558,0.11246330460466854,,,,,,,,
kappa,65,-1,3559,0.11241071679619756,,,,,,,,
kappa,65,-1,3560,0.1174121701492527,,,,,,,,
kappa,65,-1,3561,0.1121578672563064,,,,,,,,
kappa,65,-1,3562,0.11110601179063787,,,,,,,,
kappa,65,-1,3563,0.11929508210257125,,,,,,,,
kappa,65,-1,3564,0.15346918878066201,,,,,,,,
kappa,65,-1,3565,0.11619505021284955,,,,,,,,
kappa,65,-1,3566,0.11213210238769201,,,,,,,,
kappa,65,-1,3567,0.11157417134745409,,,,,,,,
kappa,65,-1,3568,0.11308108459860984,,,,,,,,
kappa,65,-1,3569,0.11281842242747897,,,,,,,,
kappa,65,-1,3570,0.11242584887891367,,,,,,,,
kappa,65,-1,3571,0.11472534548445394,,,,,,,,
kappa,65,-1,3572,0.11077786981322131,,,,,,,,
kappa,65,-1,3573,0.12010181035154383,,,,,,,,
kappa,65,-1,3574,0.1566923554416737,,,,,,,,
kappa,65,-1,3575,0.11575796716549226,,,,,,,,
kappa,65,-1,3576,0.11207343162535668,,,,,,,,
kappa,65,-1,3577,0.11211052251381276,,,,,,,,
kappa,65,-1,3578,0.1125156498656011,,,,,,,,
kappa,65,-1,3579,0.11294560314946273,,,,,,,,
kappa,65,-1,3580,0.11187667954035087,,,,,,,,
kappa,65,-1,3581,0.11489011859270901,,,,,,,,
kappa,65,-1,3582,0.11953717569299288,,,,,,,,
kappa,65,-1,3583,0.15093970341092211,,,,,,,,
kappa,65,-1,3584,0.11329296263271725,,,,,,,,
kappa,65,-1,3585,0.11204368123998534,,,,,,,,
kappa,65,-1,3586,0.11137135107172896,,,,,,,,
kappa,65,-1,3587,0.11228953992797171,,,,,,,,
kappa,65,-1,3588,0.11114894642749867,,,,,,,,
kappa,65,-1,3589,0.11007991795179813,,,,,,,,
kappa,65,-1,3590,0.12109196529102666,,,,,,,,
kappa,65,-1,3591,0.15067664642971049,,,,,,,,
kappa,65,-1,3592,0.1161452135161275,,,,,,,,
kappa,65,-1,3593,0.11207163763560751,,,,,,,,
kappa,65,-1,3594,0.11183417386520859,,,,,,,,
kappa,65,-1,3595,0.11129711814147963,,,,,,,,
kappa,65,-1,3596,0.11023553259152913,,,,,,,,
kappa,65,-1,3597,0.12134329221437279,,,,,,,,
kappa,65,-1,3598,0.15402120452813503,,,,,,,,
kappa,65,-1,3599,0.11632405830033811,,,,,,,,
kappa,65,-1,3600,0.11284229360480799,,,,,,,,
kappa,65,-1,3601,0.11176440351362311,,,,,,,,
kappa,65,-1,3602,0.11454637227030279,,,,,,,,
kappa,65,-1,3603,0.11956529473723074,,,,,,,,
kappa,65,-1,3604,0.15398601734041309,,,,,,,,
kappa,65,-1,3605,0.11620490993114793,,,,,,,,
kappa,65,-1,3606,0.11575625128493337,,,,,,,,
kappa,65,-1,3607,0.11106789128100911,,,,,,,,
kappa,65,-1,3608,0.11955369255154867,,,,,,,,
kappa,65,-1,3609,0.16232294386684465,,,,,,,,
kappa,65,-1,3610,0.11644483112839248,,,,,,,,
kappa,65,-1,3611,0.11194991646815595,,,,,,,,
kappa,65,-1,3612,0.11974235974375758,,,,,,,,
kappa,65,-1,3613,0.15237529723607035,,,,,,,,
kappa,65,-1,3614,0.11529703794876092,,,,,,,,
kappa,65,-1,3615,0.11989382020299967,,,,,,,,
kappa,65,-1,3616,0.15144546511240706,,,,,,,,
kappa,65,-1,3617,0.1229394931014071,,,,,,,,
kappa,65,-1,3618,0.17883579356006984,,,,,,,,
kappa,65,-1,3619,0.25588387963697418,,,,,,,,
kappa,65,-1,3620,0.16575728578994295,,,,,,,,
kappa,65,-1,3621,0.15468507801693579,,,,,,,,
kappa,65,-1,3622,0.15430820699348455,,,,,,,,
kappa,65,-1,3623,0.15580502946931837,,,,,,,,
kappa,65,-1,3624,0.15359348438434081,,,,,,,,
kappa,65,-1,3625,0.15367494190971429,,,,,,,,
kappa,65,-1,3626,0.15196157318228534,,,,,,,,
kappa,65,-1,3627,0.16202690846230866,,,,,,,,
kappa,65,-1,3628,0.15366846342504614,,,,,,,,
kappa,65,-1,3629,0.15309019338951144,,,,,,,,
kappa,65,-1,3630,0.15012538175861059,,,,,,,,
kappa,65,-1,3631,0.15438810744654857,,,,,,,,
kappa,65,-1,3632,0.15287249209945603,,,,,,,,
kappa,65,-1,3633,0.15351547276019922,,,,,,,,
kappa,65,-1,3634,0.15523446524133527,,,,,,,,
kappa,65,-1,3635,0.15333777832723225,,,,,,,,
kappa,65,-1,3636,0.15260211619618033,,,,,,,,
kappa,65,-1,3637,0.15437030855786565,,,,,,,,
kappa,65,-1,3638,0.15444270506442387,,,,,,,,
kappa,65,-1,3639,0.15331226313771881,,,,,,,,
kappa,65,-1,3640,0.15298695136318732,,,,,,,,
kappa,65,-1,3641,0.15250310600708017,,,,,,,,
kappa,65,-1,3642,0.15192503764637891,,,,,,,,
kappa,65,-1,3643,0.16580381264992747,,,,,,,,
kappa,65,-1,3644,0.16599113102060128,,,,,,,,
kappa,65,-1,3645,0.12280822521405085,,,,,,,,
kappa,65,-1,3646,0.11656941637612578,,,,,,,,
kappa,65,-1,3647,0.1167971333042061,,,,,,,,
kappa,65,-1,3648,0.11670184244087742,,,,,,,,
kappa,65,-1,3649,0.11607451616165339,,,,,,,,
kappa,65,-1,3650,0.11714904546341624,,,,,,,,
kappa,65,-1,3651,0.11721685845127659,,,,,,,,
kappa,65,-1,3652,0.11930688139460292,,,,,,,,
kappa,65,-1,3653,0.11626911933563509,,,,,,,,
kappa,65,-1,3654,0.11598996505714275,,,,,,,,
kappa,65,-1,3655,0.11651088899448753,,,,,,,,
kappa,65,-1,3656,0.1165522287049295,,,,,,,,
kappa,65,-1,3657,0.11639459206326033,,,,,,,,
kappa,65,-1,3658,0.11579554729229383,,,,,,,,
kappa,65,-1,3659,0.11280062170807074,,,,,,,,
kappa,65,-1,3660,0.11667516969079138,,,,,,,,
kappa,65,-1,3661,0.11691026993573732,,,,,,,,
kappa,65,-1,3662,0.11657187641684355,,,,,,,,
kappa,65,-1,3663,0.11711622288598486,,,,,,,,
kappa,65,-1,3664,0.11632474772140403,,,,,,,,
kappa,65,-1,3665,0.11628511614312723,,,,,,,,
kappa,65,-1,3666,0.11602588895959724,,,,,,,,
kappa,65,-1,3667,0.1247134487326393,,,,,,,,
kappa,65,-1,3668,0.15394023833932416,,,,,,,,
kappa,65,-1,3669,0.11654722022051414,,,,,,,,
kappa,65,-1,3670,0.11332036793480386,,,,,,,,
kappa,65,-1,3671,0.11299694861642598,,,,,,,,
kappa,65,-1,3672,0.11349543684285779,,,,,,,,
kappa,65,-1,3673,0.11255313867184943,,,,,,,,
kappa,65,-1,3674,0.11239304234283119,,,,,,,,
kappa,65,-1,3675,0.11144522420648784,,,,,,,,
kappa,65,-1,3676,0.11521737286262461,,,,,,,,
kappa,65,-1,3677,0.11107376412471122,,,,,,,,
kappa,65,-1,3678,0.11267615957269111,,,,,,,,
kappa,65,-1,3679,0.11257130909405751,,,,,,,,
kappa,65,-1,3680,0.11186736690956135,,,,,,,,
kappa,65,-1,3681,0.11214368440221606,,,,,,,,
kappa,65,-1,3682,0.11186571665816764,,,,,,,,
kappa,65,-1,3683,0.11169722561472951,,,,,,,,
kappa,65,-1,3684,0.11264725473729112,,,,,,,,
kappa,65,-1,3685,0.11294888673661857,,,,,,,,
kappa,65,-1,3686,0.11166070805423721,,,,,,,,
kappa,65,-1,3687,0.11299056942829916,,,,,,,,
kappa,65,-1,3688,0.11253868356414901,,,,,,,,
kappa,65,-1,3689,0.11216796148800122,,,,,,,,
kappa,65,-1,3690,0.12003732623530204,,,,,,,,
kappa,65,-1,3691,0.15403723055581908,,,,,,,,
kappa,65,-1,3692,0.11615132371255393,,,,,,,,
kappa,65,-1,3693,0.11322084012443154,,,,,,,,
kappa,65,-1,3694,0.11253534730041866,,,,,,,,
kappa,65,-1,3695,0.11239774154007884,,,,,,,,
kappa,65,-1,3696,0.11232194925059621,,,,,,,,
kappa,65,-1,3697,0.11226577231882194,,,,,,,,
kappa,65,-1,3698,0.11141621631672635,,,,,,,,
kappa,65,-1,3699,0.11552775013051593,,,,,,,,
kappa,65,-1,3700,0.11207255172871823,,,,,,,,
kappa,65,-1,3701,0.11109428691984813,,,,,,,,
kappa,65,-1,3702,0.11209957909416819,,,,,,,,
kappa,65,-1,3703,0.11279140097939874,,,,,,,,
kappa,65,-1,3704,0.11148291181341492,,,,,,,,
kappa,65,-1,3705,0.11160304636130941,,,,,,,,
kappa,65,-1,3706,0.11232739288460726,,,,,,,,
kappa,65,-1,3707,0.1133042896028994,,,,,,,,
kappa,65,-1,3708,0.11226037714129673,,,,,,,,
kappa,65,-1,3709,0.11281137155035961,,,,,,,,
kappa,65,-1,3710,0.11353961524060976,,,,,,,,
kappa,65,-1,3711,0.1123004806553686,,,,,,,,
kappa,65,-1,3712,0.1198044938980035,,,,,,,,
kappa,65,-1,3713,0.15561300237210426,,,,,,,,
kappa,65,-1,3714,0.11697992698925833,,,,,,,,
kappa,65,-1,3715,0.11264454193875628,,,,,,,,
kappa,65,-1,3716,0.11250576423857828,,,,,,,,
kappa,65,-1,3717,0.11274242014392495,,,,,,,,
kappa,65,-1,3718,0.1124631704630122,,,,,,,,
kappa,65,-1,3719,0.11202695400294038,,,,,,,,
kappa,65,-1,3720,0.11187074481363755,,,,,,,,
kappa,65,-1,3721,0.1139393344457037,,,,,,,,
kappa,65,-1,3722,0.11108613452789529,,,,,,,,
kappa,65,-1,3723,0.11250195004091126,,,,,,,,
kappa,65,-1,3724,0.11267845885488922,,,,,,,,
kappa,65,-1,3725,0.11175729217808868,,,,,,,,
kappa,65,-1,3726,0.1114059547255257,,,,,,,,
kappa,65,-1,3727,0.11217946985476256,,,,,,,,
kappa,65,-1,3728,0.11221303132578704,,,,,,,,
kappa,65,-1,3729,0.11281792721567833,,,,,,,,
kappa,65,-1,3730,0.11279592764012376,,,,,,,,
kappa,65,-1,3731,0.11206593384486456,,,,,,,,
kappa,65,-1,3732,0.11187109483256842,,,,,,,,
kappa,65,-1,3733,0.12005528616618641,,,,,,,,
kappa,65,-1,3734,0.15324546660557936,,,,,,,,
kappa,65,-1,3735,0.11552391532018537,,,,,,,,
kappa,65,-1,3736,0.11222300510950917,,,,,,,,
kappa,65,-1,3737,0.1122032765904032,,,,,,,,
kappa,65,-1,3738,0.11283710426866141,,,,,,,,
kappa,65,-1,3739,0.11293998731204057,,,,,,,,
kappa,65,-1,3740,0.11166168215961592,,,,,,,,
kappa,65,-1,3741,0.11115487421409599,,,,,,,,
kappa,65,-1,3742,0.11503662535466366,,,,,,,,
kappa,65,-1,3743,0.11213253372909272,,,,,,,,
kappa,65,-1,3744,0.11273811067636808,,,,,,,,
kappa,65,-1,3745,0.11120563562095026,,,,,,,,
kappa,65,-1,3746,0.11141835817025816,,,,,,,,
kappa,65,-1,3747,0.11300384001331985,,,,,,,,
kappa,65,-1,3748,0.1121283116443091,,,,,,,,
kappa,65,-1,3749,0.11307825624631911,,,,,,,,
kappa,65,-1,3750,0.11184975198867665,,,,,,,,
kappa,65,-1,3751,0.11234792615848616,,,,,,,,
kappa,65,-1,3752,0.11219182692775595,,,,,,,,
kappa,65,-1,3753,0.11994616929932843,,,,,,,,
kappa,65,-1,3754,0.15364483049369879,,,,,,,,
kappa,65,-1,3755,0.11670995197593922,,,,,,,,
kappa,65,-1,3756,0.11245994722585778,,,,,,,,
kappa,65,-1,3757,0.11270155917878256,,,,,,,,
kappa,65,-1,3758,0.11159671127425271,,,,,,,,
kappa,65,-1,3759,0.11180180673180701,,,,,,,,
kappa,65,-1,3760,0.11250065290742771,,,,,,,,
kappa,65,-1,3761,0.11245178993544218,,,,,,,,
kappa,65,-1,3762,0.11511360313297804,,,,,,,,
kappa,65,-1,3763,0.11163982443618108,,,,,,,,
kappa,65,-1,3764,0.11088850441886736,,,,,,,,
kappa,65,-1,3765,0.11113915196404855,,,,,,,,
kappa,65,-1,3766,0.11260402822831564,,,,,,,,
kappa,65,-1,3767,0.11257990906558875,,,,,,,,
kappa,65,-1,3768,0.11278702898602291,,,,,,,,
kappa,65,-1,3769,0.11271451557955529,,,,,,,,
kappa,65,-1,3770,0.1123536551143868,,,,,,,,
kappa,65,-1,3771,0.11187767469635991,,,,,,,,
kappa,65,-1,3772,0.11949043679241457,,,,,,,,
kappa,65,-1,3773,0.15276421668426549,,,,,,,,
kappa,65,-1,3774,0.11656910438183367,,,,,,,,
kappa,65,-1,3775,0.11156927545296212,,,,,,,,
kappa,65,-1,3776,0.11104642073215221,,,,,,,,
kappa,65,-1,3777,0.11269003875192438,,,,,,,,
kappa,65,-1,3778,0.11177574312655617,,,,,,,,
kappa,65,-1,3779,0.1126133247395647,,,,,,,,
kappa,65,-1,3780,0.11071500157111817,,,,,,,,
kappa,65,-1,3781,0.11491669995582597,,,,,,,,
kappa,65,-1,3782,0.11083172598695726,,,,,,,,
kappa,65,-1,3783,0.11194485825543121,,,,,,,,
kappa,65,-1,3784,0.1130614774657093,,,,,,,,
kappa,65,-1,3785,0.11245052897744449,,,,,,,,
kappa,65,-1,3786,0.1124794896660561,,,,,,,,
kappa,65,-1,3787,0.11218094035044958,,,,,,,,
kappa,65,-1,3788,0.11261405317615301,,,,,,,,
kappa,65,-1,3789,0.11131695163529684,,,,,,,,
kappa,65,-1,3790,0.11991366209158764,,,,,,,,
kappa,65,-1,3791,0.15497606938632608,,,,,,,,
kappa,65,-1,3792,0.11614420298749968,,,,,,,,
kappa,65,-1,3793,0.11242940352454443,,,,,,,,
kappa,65,-1,3794,0.1128168879725817,,,,,,,,
kappa,65,-1,3795,0.11262387772580024,,,,,,,,
kappa,65,-1,3796,0.11227881157872596,,,,,,,,
kappa,65,-1,3797,0.11210546862674614,,,,,,,,
kappa,65,-1,3798,0.11199026614285192,,,,,,,,
kappa,65,-1,3799,0.11593562902814591,,,,,,,,
kappa,65,-1,3800,0.11151392706469304,,,,,,,,
kappa,65,-1,3801,0.11223142275338772,,,,,,,,
kappa,65,-1,3802,0.11240962394885505,,,,,,,,
kappa,65,-1,3803,0.11227292145442938,,,,,,,,
kappa,65,-1,3804,0.11217794122723605,,,,,,,,
kappa,65,-1,3805,0.11200038803680351,,,,,,,,
kappa,65,-1,3806,0.11146138442458384,,,,,,,,
kappa,65,-1,3807,0.12054608989530913,,,,,,,,
kappa,65,-1,3808,0.15404488724082302,,,,,,,,
kappa,65,-1,3809,0.11654831105990757,,,,,,,,
kappa,65,-1,3810,0.11227755126733946,,,,,,,,
kappa,65,-1,3811,0.11250126068702752,,,,,,,,
kappa,65,-1,3812,0.11241484887160685,,,,,,,,
kappa,65,-1,3813,0.11251885286935451,,,,,,,,
kappa,65,-1,3814,0.1131557141592794,,,,,,,,
kappa,65,-1,3815,0.11237741116292295,,,,,,,,
kappa,65,-1,3816,0.11404489302403048,,,,,,,,
kappa,65,-1,3817,0.11206373358070915,,,,,,,,
kappa,65,-1,3818,0.11253771198927282,,,,,,,,
kappa,65,-1,3819,0.11241574973222439,,,,,,,,
kappa,65,-1,3820,0.11222937409662222,,,,,,,,
kappa,65,-1,3821,0.11228228181899766,,,,,,,,
kappa,65,-1,3822,0.111981909629997,,,,,,,,
kappa,65,-1,3823,0.12018808224971525,,,,,,,,
kappa,65,-1,3824,0.15302170779286789,,,,,,,,
kappa,65,-1,3825,0.11676763161595101,,,,,,,,
kappa,65,-1,3826,0.11296814147700171,,,,,,,,
kappa,65,-1,3827,0.11192660806901947,,,,,,,,
kappa,65,-1,3828,0.11320004275311758,,,,,,,,
kappa,65,-1,3829,0.11297867812271284,,,,,,,,
kappa,65,-1,3830,0.11080897648490612,,,,,,,,
kappa,65,-1,3831,0.11108866670166045,,,,,,,,
kappa,65,-1,3832,0.11511221766228849,,,,,,,,
kappa,65,-1,3833,0.11204915737651522,,,,,,,,
kappa,65,-1,3834,0.11273960073949763,,,,,,,,
kappa,65,-1,3835,0.11261407917068358,,,,,,,,
kappa,65,-1,3836,0.11225001518726802,,,,,,,,
kappa,65,-1,3837,0.11106152590436527,,,,,,,,
kappa,65,-1,3838,0.11974245805406213,,,,,,,,
kappa,65,-1,3839,0.15593086016587573,,,,,,,,
kappa,65,-1,3840,0.11663842545326192,,,,,,,,
kappa,65,-1,3841,0.11294614961828334,,,,,,,,
kappa,65,-1,3842,0.11300878289278163,,,,,,,,
kappa,65,-1,3843,0.11333760771541718,,,,,,,,
kappa,65,-1,3844,0.11040205940584234,,,,,,,,
kappa,65,-1,3845,0.11122551386897912,,,,,,,,
kappa,65,-1,3846,0.11173094751549265,,,,,,,,
kappa,65,-1,3847,0.11725166757152782,,,,,,,,
kappa,65,-1,3848,0.11041543092865989,,,,,,,,
kappa,65,-1,3849,0.11272744981724404,,,,,,,,
kappa,65,-1,3850,0.11347709511997009,,,,,,,,
kappa,65,-1,3851,0.1123975383043393,,,,,,,,
kappa,65,-1,3852,0.11980133812747437,,,,,,,,
kappa,65,-1,3853,0.1547354664316053,,,,,,,,
kappa,65,-1,3854,0.11712311015516784,,,,,,,,
kappa,65,-1,3855,0.11199173269574211,,,,,,,,
kappa,65,-1,3856,0.1122080110950488,,,,,,,,
kappa,65,-1,3857,0.1115538214397582,,,,,,,,
kappa,65,-1,3858,0.11158415427654983,,,,,,,,
kappa,65,-1,3859,0.11257726967046865,,,,,,,,
kappa,65,-1,3860,0.11180967589576261,,,,,,,,
kappa,65,-1,3861,0.11509802023829835,,,,,,,,
kappa,65,-1,3862,0.11171791728630855,,,,,,,,
kappa,65,-1,3863,0.11189243605127278,,,,,,,,
kappa,65,-1,3864,0.11179784886651754,,,,,,,,
kappa,65,-1,3865,0.12024860317640705,,,,,,,,
kappa,65,-1,3866,0.1530766154843628,,,,,,,,
kappa,65,-1,3867,0.11609663483660801,,,,,,,,
kappa,65,-1,3868,0.11276257557238005,,,,,,,,
kappa,65,-1,3869,0.11115472162233464,,,,,,,,
kappa,65,-1,3870,0.11154741979896586,,,,,,,,
kappa,65,-1,3871,0.11304692391923048,,,,,,,,
kappa,65,-1,3872,0.11219077039624475,,,,,,,,
kappa,65,-1,3873,0.1117246511835753,,,,,,,,
kappa,65,-1,3874,0.1150748220699738,,,,,,,,
kappa,65,-1,3875,0.11218282688241701,,,,,,,,
kappa,65,-1,3876,0.11123233116672854,,,,,,,,
kappa,65,-1,3877,0.11993580304267687,,,,,,,,
kappa,65,-1,3878,0.15281439645840161,,,,,,,,
kappa,65,-1,3879,0.11634879367561528,,,,,,,,
kappa,65,-1,3880,0.11179955732416501,,,,,,,,
kappa,65,-1,3881,0.11168534229684512,,,,,,,,
kappa,65,-1,3882,0.11289773250561712,,,,,,,,
kappa,65,-1,3883,0.11220804502821578,,,,,,,,
kappa,65,-1,3884,0.11282188956338512,,,,,,,,
kappa,65,-1,3885,0.11110298412350184,,,,,,,,
kappa,65,-1,3886,0.1147769284379795,,,,,,,,
kappa,65,-1,3887,0.11125123999764938,,,,,,,,
kappa,65,-1,3888,0.11965509116631423,,,,,,,,
kappa,65,-1,3889,0.15397591608535499,,,,,,,,
kappa,65,-1,3890,0.11596999572974472,,,,,,,,
kappa,65,-1,3891,0.11271110841770858,,,,,,,,
kappa,65,-1,3892,0.1130264203142882,,,,,,,,
kappa,65,-1,3893,0.11325061713170025,,,,,,,,
kappa,65,-1,3894,0.11264309960226382,,,,,,,,
kappa,65,-1,3895,0.11264887799936625,,,,,,,,
kappa,65,-1,3896,0.11229765552680913,,,,,,,,
kappa,65,-1,3897,0.11428383471908905,,,,,,,,
kappa,65,-1,3898,0.11951766018156021,,,,,,,,
kappa,65,-1,3899,0.14847319686973445,,,,,,,,
kappa,65,-1,3900,0.11435181019296392,,,,,,,,
kappa,65,-1,3901,0.11225635049708292,,,,,,,,
kappa,65,-1,3902,0.11125575748420194,,,,,,,,
kappa,65,-1,3903,0.1114317563818685,,,,,,,,
kappa,65,-1,3904,0.11094694679929133,,,,,,,,
kappa,65,-1,3905,0.1107698855640952,,,,,,,,
kappa,65,-1,3906,0.10988985231983964,,,,,,,,
kappa,65,-1,3907,0.12116541692979718,,,,,,,,
kappa,65,-1,3908,0.1510762758515112,,,,,,,,
kappa,65,-1,3909,0.11598519282227222,,,,,,,,
kappa,65,-1,3910,0.11186935339638233,,,,,,,,
kappa,65,-1,3911,0.11174263136739111,,,,,,,,
kappa,65,-1,3912,0.11149759379710429,,,,,,,,
kappa,65,-1,3913,0.11086310213787651,,,,,,,,
kappa,65,-1,3914,0.1105107778471227,,,,,,,,
kappa,65,-1,3915,0.12133261947934486,,,,,,,,
kappa,65,-1,3916,0.15358838149699558,,,,,,,,
kappa,65,-1,3917,0.11637712621244765,,,,,,,,
kappa,65,-1,3918,0.11241262064803589,,,,,,,,
kappa,65,-1,3919,0.11274242467237258,,,,,,,,
kappa,65,-1,3920,0.11223491558859443,,,,,,,,
kappa,65,-1,3921,0.11435792397312169,,,,,,,,
kappa,65,-1,3922,0.11961266831424565,,,,,,,,
kappa,65,-1,3923,0.15566651718379812,,,,,,,,
kappa,65,-1,3924,0.11627416503376622,,,,,,,,
kappa,65,-1,3925,0.11133803303150118,,,,,,,,
kappa,65,-1,3926,0.11486650177508251,,,,,,,,
kappa,65,-1,3927,0.11126656976248603,,,,,,,,
kappa,65,-1,3928,0.11960539219981325,,,,,,,,
kappa,65,-1,3929,0.15262686844223722,,,,,,,,
kappa,65,-1,3930,0.11915267612655606,,,,,,,,
kappa,65,-1,3931,0.11148988858812943,,,,,,,,
kappa,65,-1,3932,0.11121790733388377,,,,,,,,
kappa,65,-1,3933,0.11990166092047856,,,,,,,,
kappa,65,-1,3934,0.15262406165921719,,,,,,,,
kappa,65,-1,3935,0.11598514545387582,,,,,,,,
kappa,65,-1,3936,0.11173260874596917,,,,,,,,
kappa,65,-1,3937,0.11973096304986554,,,,,,,,
kappa,65,-1,3938,0.15260137880526803,,,,,,,,
kappa,65,-1,3939,0.11562303317041191,,,,,,,,
kappa,65,-1,3940,0.11989043457203935,,,,,,,,
kappa,65,-1,3941,0.15107061518604448,,,,,,,,
kappa,65,-1,3942,0.12288492348419251,,,,,,,,
kappa,65,-1,3943,0.17903477711520266,,,,,,,,
kappa,65,-1,3944,0.25787948287430401,,,,,,,,
kappa,65,-1,3945,0.16679408748642019,,,,,,,,
kappa,65,-1,3946,0.15452429307679966,,,,,,,,
kappa,65,-1,3947,0.15468092400301406,,,,,,,,
kappa,65,-1,3948,0.15360821099108565,,,,,,,,
kappa,65,-1,3949,0.15495893293326118,,,,,,,,
kappa,65,-1,3950,0.15437284113023428,,,,,,,,
kappa,65,-1,3951,0.15305557228958472,,,,,,,,
kappa,65,-1,3952,0.1522431794549966,,,,,,,,
kappa,65,-1,3953,0.16214978510604208,,,,,,,,
kappa,65,-1,3954,0.15456585318258298,,,,,,,,
kappa,65,-1,3955,0.1545649801338084,,,,,,,,
kappa,65,-1,3956,0.1541458048921103,,,,,,,,
kappa,65,-1,3957,0.15344334893487205,,,,,,,,
kappa,65,-1,3958,0.15132905898255627,,,,,,,,
kappa,65,-1,3959,0.15105600288065332,,,,,,,,
kappa,65,-1,3960,0.15336140978435356,,,,,,,,
kappa,65,-1,3961,0.15493136253855727,,,,,,,,
kappa,65,-1,3962,0.15604200454447339,,,,,,,,
kappa,65,-1,3963,0.15812520624341758,,,,,,,,
kappa,65,-1,3964,0.1551795347543109,,,,,,,,
kappa,65,-1,3965,0.15335591016006253,,,,,,,,
kappa,65,-1,3966,0.15274871957589153,,,,,,,,
kappa,65,-1,3967,0.16450613185485077,,,,,,,,
kappa,65,-1,3968,0.16575536480030117,,,,,,,,
kappa,65,-1,3969,0.1228815547117222,,,,,,,,
kappa,65,-1,3970,0.11640038404735702,,,,,,,,
kappa,65,-1,3971,0.11729988082262457,,,,,,,,
kappa,65,-1,3972,0.11737026795507371,,,,,,,,
kappa,65,-1,3973,0.11586915967322026,,,,,,,,
kappa,65,-1,3974,0.11542153232983077,,,,,,,,
kappa,65,-1,3975,0.1162089076719003,,,,,,,,
kappa,65,-1,3976,0.11723027763348294,,,,,,,,
kappa,65,-1,3977,0.11958627976628305,,,,,,,,
kappa,65,-1,3978,0.11633372911213297,,,,,,,,
kappa,65,-1,3979,0.11680281086306865,,,,,,,,
kappa,65,-1,3980,0.11561603135201931,,,,,,,,
kappa,65,-1,3981,0.11330999704565886,,,,,,,,
kappa,65,-1,3982,0.11554651148414131,,,,,,,,
kappa,65,-1,3983,0.11598611956167143,,,,,,,,
kappa,65,-1,3984,0.11629446893265677,,,,,,,,
kappa,65,-1,3985,0.11668652783265948,,,,,,,,
kappa,65,-1,3986,0.11785571944524388,,,,,,,,
kappa,65,-1,3987,0.11657708695660232,,,,,,,,
kappa,65,-1,3988,0.11616291033733889,,,,,,,,
kappa,65,-1,3989,0.11597677483754325,,,,,,,,
kappa,65,-1,3990,0.12454527411661788,,,,,,,,
kappa,65,-1,3991,0.15482848743318195,,,,,,,,
kappa,65,-1,3992,0.1174514043394866,,,,,,,,
kappa,65,-1,3993,0.11350317298521681,,,,,,,,
kappa,65,-1,3994,0.11261098025390072,,,,,,,,
kappa,65,-1,3995,0.11244181325753116,,,,,,,,
kappa,65,-1,3996,0.11213570139410489,,,,,,,,
kappa,65,-1,3997,0.11273260538470989,,,,,,,,
kappa,65,-1,3998,0.11348480237428757,,,,,,,,
kappa,65,-1,3999,0.11175178082679386,,,,,,,,
kappa,65,-1,4000,0.11511899557377653,,,,,,,,
kappa,65,-1,4001,0.11134076675377322,,,,,,,,
kappa,65,-1,4002,0.11256067165098096,,,,,,,,
kappa,65,-1,4003,0.11221250289188124,,,,,,,,
kappa,65,-1,4004,0.11208860393036292,,,,,,,,
kappa,65,-1,4005,0.11288957687827313,,,,,,,,
kappa,65,-1,4006,0.1125528863191973,,,,,,,,
kappa,65,-1,4007,0.11364944162206413,,,,,,,,
kappa,65,-1,4008,0.1129973664329164,,,,,,,,
kappa,65,-1,4009,0.11304412790981945,,,,,,,,
kappa,65,-1,4010,0.11347650613270095,,,,,,,,
kappa,65,-1,4011,0.11258667477525758,,,,,,,,
kappa,65,-1,4012,0.12067169435325042,,,,,,,,
kappa,65,-1,4013,0.15533800103845508,,,,,,,,
kappa,65,-1,4014,0.11608301235983426,,,,,,,,
kappa,65,-1,4015,0.11259661404550124,,,,,,,,
kappa,65,-1,4016,0.11340323630194091,,,,,,,,
kappa,65,-1,4017,0.11233053480278372,,,,,,,,
kappa,65,-1,4018,0.11181999500009888,,,,,,,,
kappa,65,-1,4019,0.11264568637431921,,,,,,,,
kappa,65,-1,4020,0.11220506984365618,,,,,,,,
kappa,65,-1,4021,0.11112824498480986,,,,,,,,
kappa,65,-1,4022,0.1142956364647502,,,,,,,,
kappa,65,-1,4023,0.11262206034674312,,,,,,,,
kappa,65,-1,4024,0.11164217769564619,,,,,,,,
kappa,65,-1,4025,0.11181366151993082,,,,,,,,
kappa,65,-1,4026,0.11235085677338638,,,,,,,,
kappa,65,-1,4027,0.11244859728651313,,,,,,,,
kappa,65,-1,4028,0.11224834644923486,,,,,,,,
kappa,65,-1,4029,0.11269870385476441,,,,,,,,
kappa,65,-1,4030,0.11323033807930191,,,,,,,,
kappa,65,-1,4031,0.11300821992788646,,,,,,,,
kappa,65,-1,4032,0.1122047297350155,,,,,,,,
kappa,65,-1,4033,0.12012522185467102,,,,,,,,
kappa,65,-1,4034,0.15331773964637088,,,,,,,,
kappa,65,-1,4035,0.11638845171349807,,,,,,,,
kappa,65,-1,4036,0.1127092738070567,,,,,,,,
kappa,65,-1,4037,0.11179578785374739,,,,,,,,
kappa,65,-1,4038,0.11296796049688734,,,,,,,,
kappa,65,-1,4039,0.11275702381833938,,,,,,,,
kappa,65,-1,4040,0.11140552889785932,,,,,,,,
kappa,65,-1,4041,0.11139585307525218,,,,,,,,
kappa,65,-1,4042,0.11239760551104623,,,,,,,,
kappa,65,-1,4043,0.11502552174105782,,,,,,,,
kappa,65,-1,4044,0.1112736350291578,,,,,,,,
kappa,65,-1,4045,0.11164509228894702,,,,,,,,
kappa,65,-1,4046,0.11257229851867644,,,,,,,,
kappa,65,-1,4047,0.11297751071312769,,,,,,,,
kappa,65,-1,4048,0.11199120992285089,,,,,,,,
kappa,65,-1,4049,0.11296849334460758,,,,,,,,
kappa,65,-1,4050,0.11313987029009431,,,,,,,,
kappa,65,-1,4051,0.11303141704796385,,,,,,,,
kappa,65,-1,4052,0.11198653143765862,,,,,,,,
kappa,65,-1,4053,0.12014012348421697,,,,,,,,
kappa,65,-1,4054,0.15505861879186569,,,,,,,,
kappa,65,-1,4055,0.11687301842898959,,,,,,,,
kappa,65,-1,4056,0.11254311503817961,,,,,,,,
kappa,65,-1,4057,0.11230234905538922,,,,,,,,
kappa,65,-1,4058,0.11196570008471415,,,,,,,,
kappa,65,-1,4059,0.11196132880847169,,,,,,,,
kappa,65,-1,4060,0.11253135032000539,,,,,,,,
kappa,65,-1,4061,0.11262172170812365,,,,,,,,
kappa,65,-1,4062,0.11182688230681921,,,,,,,,
kappa,65,-1,4063,0.11483141749257084,,,,,,,,
kappa,65,-1,4064,0.11126236022961818,,,,,,,,
kappa,65,-1,4065,0.11206804034739344,,,,,,,,
kappa,65,-1,4066,0.11222920961023039,,,,,,,,
kappa,65,-1,4067,0.11296401433295224,,,,,,,,
kappa,65,-1,4068,0.11414296120183308,,,,,,,,
kappa,65,-1,4069,0.11209557037176258,,,,,,,,
kappa,65,-1,4070,0.11256580955283697,,,,,,,,
kappa,65,-1,4071,0.11176766847359416,,,,,,,,
kappa,65,-1,4072,0.12060265618386036,,,,,,,,
kappa,65,-1,4073,0.15424696595658841,,,,,,,,
kappa,65,-1,4074,0.11654068332211169,,,,,,,,
kappa,65,-1,4075,0.11190442576082976,,,,,,,,
kappa,65,-1,4076,0.11167577539343132,,,,,,,,
kappa,65,-1,4077,0.11205279513188839,,,,,,,,
kappa,65,-1,4078,0.1125559446412791,,,,,,,,
kappa,65,-1,4079,0.11233735220799745,,,,,,,,
kappa,65,-1,4080,0.11269084375741642,,,,,,,,
kappa,65,-1,4081,0.11118255835068051,,,,,,,,
kappa,65,-1,4082,0.11404567533237457,,,,,,,,
kappa,65,-1,4083,0.11249457919091081,,,,,,,,
kappa,65,-1,4084,0.11310986287048445,,,,,,,,
kappa,65,-1,4085,0.11301981304424202,,,,,,,,
kappa,65,-1,4086,0.11232504432673673,,,,,,,,
kappa,65,-1,4087,0.11233000348250696,,,,,,,,
kappa,65,-1,4088,0.11245983486916593,,,,,,,,
kappa,65,-1,4089,0.11188839501431029,,,,,,,,
kappa,65,-1,4090,0.12038276224607895,,,,,,,,
kappa,65,-1,4091,0.15112769182405481,,,,,,,,
kappa,65,-1,4092,0.11492385053803968,,,,,,,,
kappa,65,-1,4093,0.11288092488074113,,,,,,,,
kappa,65,-1,4094,0.11189352573515707,,,,,,,,
kappa,65,-1,4095,0.11159051096142381,,,,,,,,
kappa,65,-1,4096,0.11218250958429662,,,,,,,,
kappa,65,-1,4097,0.11180596182847073,,,,,,,,
kappa,65,-1,4098,0.11084713216798645,,,,,,,,
kappa,65,-1,4099,0.11026527687005161,,,,,,,,
kappa,65,-1,4100,0.11494925875218359,,,,,,,,
kappa,65,-1,4101,0.11196507122385256,,,,,,,,
kappa,65,-1,4102,0.11101636073711266,,,,,,,,
kappa,65,-1,4103,0.11236940718408343,,,,,,,,
kappa,65,-1,4104,0.11211988263875154,,,,,,,,
kappa,65,-1,4105,0.11203488498038233,,,,,,,,
kappa,65,-1,4106,0.11111123576871369,,,,,,,,
kappa,65,-1,4107,0.11969707095806202,,,,,,,,
kappa,65,-1,4108,0.15329577413124049,,,,,,,,
kappa,65,-1,4109,0.11674993776501499,,,,,,,,
kappa,65,-1,4110,0.11251998916884162,,,,,,,,
kappa,65,-1,4111,0.11244657608160885,,,,,,,,
kappa,65,-1,4112,0.11253896669432155,,,,,,,,
kappa,65,-1,4113,0.11212808999284468,,,,,,,,
kappa,65,-1,4114,0.11138787790812166,,,,,,,,
kappa,65,-1,4115,0.11178854205233253,,,,,,,,
kappa,65,-1,4116,0.11253506993118489,,,,,,,,
kappa,65,-1,4117,0.11528575006363759,,,,,,,,
kappa,65,-1,4118,0.11169326052894446,,,,,,,,
kappa,65,-1,4119,0.11275883981781135,,,,,,,,
kappa,65,-1,4120,0.11249105922914342,,,,,,,,
kappa,65,-1,4121,0.11201048138910123,,,,,,,,
kappa,65,-1,4122,0.11178126211234496,,,,,,,,
kappa,65,-1,4123,0.11976677123082966,,,,,,,,
kappa,65,-1,4124,0.15736034424149428,,,,,,,,
kappa,65,-1,4125,0.11771098300047693,,,,,,,,
kappa,65,-1,4126,0.11369683038277695,,,,,,,,
kappa,65,-1,4127,0.11249961929001158,,,,,,,,
kappa,65,-1,4128,0.11255521865199374,,,,,,,,
kappa,65,-1,4129,0.112154953904627,,,,,,,,
kappa,65,-1,4130,0.11201738451391284,,,,,,,,
kappa,65,-1,4131,0.11272958399684957,,,,,,,,
kappa,65,-1,4132,0.11252168400581837,,,,,,,,
kappa,65,-1,4133,0.11736856615412947,,,,,,,,
kappa,65,-1,4134,0.11388211582778349,,,,,,,,
kappa,65,-1,4135,0.1138062478406717,,,,,,,,
kappa,65,-1,4136,0.11249989263048187,,,,,,,,
kappa,65,-1,4137,0.1119117260096944,,,,,,,,
kappa,65,-1,4138,0.11972487772997326,,,,,,,,
kappa,65,-1,4139,0.1549486018162046,,,,,,,,
kappa,65,-1,4140,0.11621074650718238,,,,,,,,
kappa,65,-1,4141,0.11246211010077818,,,,,,,,
kappa,65,-1,4142,0.11255539931572039,,,,,,,,
kappa,65,-1,4143,0.11224088375582997,,,,,,,,
kappa,65,-1,4144,0.11124431285059776,,,,,,,,
kappa,65,-1,4145,0.11235141100234235,,,,,,,,
kappa,65,-1,4146,0.11214235447355535,,,,,,,,
kappa,65,-1,4147,0.11295164443416082,,,,,,,,
kappa,65,-1,4148,0.11810470667374889,,,,,,,,
kappa,65,-1,4149,0.11212738008234888,,,,,,,,
kappa,65,-1,4150,0.11235167986366738,,,,,,,,
kappa,65,-1,4151,0.11152687533451276,,,,,,,,
kappa,65,-1,4152,0.11962177356398138,,,,,,,,
kappa,65,-1,4153,0.15284199390816144,,,,,,,,
kappa,65,-1,4154,0.11698491341522539,,,,,,,,
kappa,65,-1,4155,0.11294906085341037,,,,,,,,
kappa,65,-1,4156,0.11133589939283491,,,,,,,,
kappa,65,-1,4157,0.11139501776816392,,,,,,,,
kappa,65,-1,4158,0.11268599724294369,,,,,,,,
kappa,65,-1,4159,0.11257009461935071,,,,,,,,
kappa,65,-1,4160,0.11376718021811727,,,,,,,,
kappa,65,-1,4161,0.11268116452024145,,,,,,,,
kappa,65,-1,4162,0.11556741847756373,,,,,,,,
kappa,65,-1,4163,0.1116353888423568,,,,,,,,
kappa,65,-1,4164,0.11132634118521671,,,,,,,,
kappa,65,-1,4165,0.11977403656574484,,,,,,,,
kappa,65,-1,4166,0.15501224103434055,,,,,,,,
kappa,65,-1,4167,0.1161544808920269,,,,,,,,
kappa,65,-1,4168,0.11199910028153438,,,,,,,,
kappa,65,-1,4169,0.11173123693090095,,,,,,,,
kappa,65,-1,4170,0.11279054510098627,,,,,,,,
kappa,65,-1,4171,0.11280850352492459,,,,,,,,
kappa,65,-1,4172,0.11296262530138919,,,,,,,,
kappa,65,-1,4173,0.1127112192999087,,,,,,,,
kappa,65,-1,4174,0.11172796664173483,,,,,,,,
kappa,65,-1,4175,0.11480291855775207,,,,,,,,
kappa,65,-1,4176,0.11156481916383025,,,,,,,,
kappa,65,-1,4177,0.12004952025117833,,,,,,,,
kappa,65,-1,4178,0.15353845228973997,,,,,,,,
kappa,65,-1,4179,0.11562869598147171,,,,,,,,
kappa,65,-1,4180,0.11222070087244826,,,,,,,,
kappa,65,-1,4181,0.11267726688392107,,,,,,,,
kappa,65,-1,4182,0.11324199297434469,,,,,,,,
kappa,65,-1,4183,0.11230822039900047,,,,,,,,
kappa,65,-1,4184,0.1125189285119695,,,,,,,,
kappa,65,-1,4185,0.112260250435752,,,,,,,,
kappa,65,-1,4186,0.11180917342929012,,,,,,,,
kappa,65,-1,4187,0.11419133937267917,,,,,,,,
kappa,65,-1,4188,0.1195083671326088,,,,,,,,
kappa,65,-1,4189,0.1517686587875553,,,,,,,,
kappa,65,-1,4190,0.11303314873994966,,,,,,,,
kappa,65,-1,4191,0.11216221986398561,,,,,,,,
kappa,65,-1,4192,0.11150522303835696,,,,,,,,
kappa,65,-1,4193,0.11166157249696501,,,,,,,,
kappa,65,-1,4194,0.1126417983101938,,,,,,,,
kappa,65,-1,4195,0.11131178057766916,,,,,,,,
kappa,65,-1,4196,0.1115403614926581,,,,,,,,
kappa,65,-1,4197,0.11035059656807894,,,,,,,,
kappa,65,-1,4198,0.12129313018583771,,,,,,,,
kappa,65,-1,4199,0.15096961615366214,,,,,,,,
kappa,65,-1,4200,0.11520617082027165,,,,,,,,
kappa,65,-1,4201,0.11207680242518903,,,,,,,,
kappa,65,-1,4202,0.11183493354909789,,,,,,,,
kappa,65,-1,4203,0.11174276226103969,,,,,,,,
kappa,65,-1,4204,0.11146802703226512,,,,,,,,
kappa,65,-1,4205,0.11147044098460991,,,,,,,,
kappa,65,-1,4206,0.11015697689924819,,,,,,,,
kappa,65,-1,4207,0.12112824068921051,,,,,,,,
kappa,65,-1,4208,0.15428440576301605,,,,,,,,
kappa,65,-1,4209,0.11641373179632512,,,,,,,,
kappa,65,-1,4210,0.11266978921866246,,,,,,,,
kappa,65,-1,4211,0.11269292010914497,,,,,,,,
kappa,65,-1,4212,0.11259889801377355,,,,,,,,
kappa,65,-1,4213,0.11155388582696156,,,,,,,,
kappa,65,-1,4214,0.11404268832085217,,,,,,,,
kappa,65,-1,4215,0.11974431122359017,,,,,,,,
kappa,65,-1,4216,0.15324580348295197,,,,,,,,
kappa,65,-1,4217,0.11646546152344175,,,,,,,,
kappa,65,-1,4218,0.11297752848165979,,,,,,,,
kappa,65,-1,4219,0.11178031965822548,,,,,,,,
kappa,65,-1,4220,0.11506396337023851,,,,,,,,
kappa,65,-1,4221,0.11138933038773743,,,,,,,,
kappa,65,-1,4222,0.11968719263828455,,,,,,,,
kappa,65,-1,4223,0.15023335029250082,,,,,,,,
kappa,65,-1,4224,0.11705037560708501,,,,,,,,
kappa,65,-1,4225,0.11588001821761502,,,,,,,,
kappa,65,-1,4226,0.11172511025877688,,,,,,,,
kappa,65,-1,4227,0.11138482485755127,,,,,,,,
kappa,65,-1,4228,0.11959165025988748,,,,,,,,
kappa,65,-1,4229,0.16230511119951424,,,,,,,,
kappa,65,-1,4230,0.11633943966265242,,,,,,,,
kappa,65,-1,4231,0.11280841451799144,,,,,,,,
kappa,65,-1,4232,0.11257701433368852,,,,,,,,
kappa,65,-1,4233,0.11989554194898758,,,,,,,,
kappa,65,-1,4234,0.15393229784925305,,,,,,,,
kappa,65,-1,4235,0.11544408032100015,,,,,,,,
kappa,65,-1,4236,0.11188223930465875,,,,,,,,
kappa,65,-1,4237,0.11955758011131443,,,,,,,,
kappa,65,-1,4238,0.15310087924915633,,,,,,,,
kappa,65,-1,4239,0.1153623616963098,,,,,,,,
kappa,65,-1,4240,0.11965902706060563,,,,,,,,
kappa,65,-1,4241,0.15163720658752558,,,,,,,,
kappa,65,-1,4242,0.12286006453116788,,,,,,,,
kappa,65,-1,4243,0.17904594967009801,,,,,,,,
kappa,65,-1,4244,0.25986083919639513,,,,,,,,
kappa,65,-1,4245,0.1661296299519478,,,,,,,,
kappa,65,-1,4246,0.15606289818366031,,,,,,,,
kappa,65,-1,4247,0.15503905117157912,,,,,,,,
kappa,65,-1,4248,0.15324084131762516,,,,,,,,
kappa,65,-1,4249,0.15801406920141414,,,,,,,,
kappa,65,-1,4250,0.15283106637124869,,,,,,,,
kappa,65,-1,4251,0.15337312253025226,,,,,,,,
kappa,65,-1,4252,0.15306102602934601,,,,,,,,
kappa,65,-1,4253,0.15209999009848557,,,,,,,,
kappa,65,-1,4254,0.16329728842101501,,,,,,,,
kappa,65,-1,4255,0.15304927033094523,,,,,,,,
kappa,65,-1,4256,0.15084556404007213,,,,,,,,
kappa,65,-1,4257,0.15087012401644495,,,,,,,,
kappa,65,-1,4258,0.15343409460883159,,,,,,,,
kappa,65,-1,4259,0.15499269533542945,,,,,,,,
kappa,65,-1,4260,0.15324037873637583,,,,,,,,
kappa,65,-1,4261,0.15299984868288696,,,,,,,,
kappa,65,-1,4262,0.15247495658083532,,,,,,,,
kappa,65,-1,4263,0.15399836298188574,,,,,,,,
kappa,65,-1,4264,0.15844768362958034,,,,,,,,
kappa,65,-1,4265,0.1536678712411243,,,,,,,,
kappa,65,-1,4266,0.16424216260531024,,,,,,,,
kappa,65,-1,4267,0.17115404176893065,,,,,,,,
kappa,65,-1,4268,0.12496671054332141,,,,,,,,
kappa,65,-1,4269,0.11675177562877485,,,,,,,,
kappa,65,-1,4270,0.11638546542452476,,,,,,,,
kappa,65,-1,4271,0.1159023478750114,,,,,,,,
kappa,65,-1,4272,0.11606687904618879,,,,,,,,
kappa,65,-1,4273,0.11670763966869037,,,,,,,,
kappa,65,-1,4274,0.11638645240555189,,,,,,,,
kappa,65,-1,4275,0.11619844429231774,,,,,,,,
kappa,65,-1,4276,0.11643466630908872,,,,,,,,
kappa,65,-1,4277,0.11944129549634876,,,,,,,,
kappa,65,-1,4278,0.11439219523671804,,,,,,,,
kappa,65,-1,4279,0.11619503210862124,,,,,,,,
kappa,65,-1,4280,0.11652756250179924,,,,,,,,
kappa,65,-1,4281,0.11597137075145449,,,,,,,,
kappa,65,-1,4282,0.11629962824964804,,,,,,,,
kappa,65,-1,4283,0.11673964197777316,,,,,,,,
kappa,65,-1,4284,0.11625431929266428,,,,,,,,
kappa,65,-1,4285,0.11644589344107233,,,,,,,,
kappa,65,-1,4286,0.11633944079045408,,,,,,,,
kappa,65,-1,4287,0.11647793086787682,,,,,,,,
kappa,65,-1,4288,0.12776159866241005,,,,,,,,
kappa,65,-1,4289,0.15494491596634075,,,,,,,,
kappa,65,-1,4290,0.11692836549607261,,,,,,,,
kappa,65,-1,4291,0.11303722257128367,,,,,,,,
kappa,65,-1,4292,0.11211936256269062,,,,,,,,
kappa,65,-1,4293,0.11197638241858052,,,,,,,,
kappa,65,-1,4294,0.11273295866920005,,,,,,,,
kappa,65,-1,4295,0.11248694991579665,,,,,,,,
kappa,65,-1,4296,0.11269945282065404,,,,,,,,
kappa,65,-1,4297,0.11181221099313632,,,,,,,,
kappa,65,-1,4298,0.11174629105040117,,,,,,,,
kappa,65,-1,4299,0.11453201469933673,,,,,,,,
kappa,65,-1,4300,0.11110145601591551,,,,,,,,
kappa,65,-1,4301,0.11294622779273084,,,,,,,,
kappa,65,-1,4302,0.1120914041194777,,,,,,,,
kappa,65,-1,4303,0.11281568674115998,,,,,,,,
kappa,65,-1,4304,0.11160694308066052,,,,,,,,
kappa,65,-1,4305,0.11275824113819245,,,,,,,,
kappa,65,-1,4306,0.11268648445261176,,,,,,,,
kappa,65,-1,4307,0.11299983012658764,,,,,,,,
kappa,65,-1,4308,0.11277513121809027,,,,,,,,
kappa,65,-1,4309,0.12005132939515033,,,,,,,,
kappa,65,-1,4310,0.15372005784576684,,,,,,,,
kappa,65,-1,4311,0.11659432457921175,,,,,,,,
kappa,65,-1,4312,0.1121502842179424,,,,,,,,
kappa,65,-1,4313,0.11242583072853,,,,,,,,
kappa,65,-1,4314,0.11256984352633928,,,,,,,,
kappa,65,-1,4315,0.11248349356181628,,,,,,,,
kappa,65,-1,4316,0.11166794767286915,,,,,,,,
kappa,65,-1,4317,0.11186599521450405,,,,,,,,
kappa,65,-1,4318,0.11277685701494247,,,,,,,,
kappa,65,-1,4319,0.11117733165986225,,,,,,,,
kappa,65,-1,4320,0.11418732943095342,,,,,,,,
kappa,65,-1,4321,0.11208454729825323,,,,,,,,
kappa,65,-1,4322,0.11203883753155622,,,,,,,,
kappa,65,-1,4323,0.1131013774542643,,,,,,,,
kappa,65,-1,4324,0.11215798053133041,,,,,,,,
kappa,65,-1,4325,0.11206033708462694,,,,,,,,
kappa,65,-1,4326,0.11355627163984723,,,,,,,,
kappa,65,-1,4327,0.11299101427858912,,,,,,,,
kappa,65,-1,4328,0.11243572420715893,,,,,,,,
kappa,65,-1,4329,0.12031745448116059,,,,,,,,
kappa,65,-1,4330,0.15268372845846326,,,,,,,,
kappa,65,-1,4331,0.1156987256904027,,,,,,,,
kappa,65,-1,4332,0.11224189384844174,,,,,,,,
kappa,65,-1,4333,0.11299657184834588,,,,,,,,
kappa,65,-1,4334,0.11141886827197381,,,,,,,,
kappa,65,-1,4335,0.11184957551194361,,,,,,,,
kappa,65,-1,4336,0.11267061836632723,,,,,,,,
kappa,65,-1,4337,0.11251692761792791,,,,,,,,
kappa,65,-1,4338,0.11120215633087001,,,,,,,,
kappa,65,-1,4339,0.11105993393752896,,,,,,,,
kappa,65,-1,4340,0.11487075920379218,,,,,,,,
kappa,65,-1,4341,0.11137695669958164,,,,,,,,
kappa,65,-1,4342,0.11219526034925485,,,,,,,,
kappa,65,-1,4343,0.11206290734405598,,,,,,,,
kappa,65,-1,4344,0.11313207313185673,,,,,,,,
kappa,65,-1,4345,0.11226420592339263,,,,,,,,
kappa,65,-1,4346,0.11227689708314802,,,,,,,,
kappa,65,-1,4347,0.11199656255574937,,,,,,,,
kappa,65,-1,4348,0.12007130648097915,,,,,,,,
kappa,65,-1,4349,0.15802839910203831,,,,,,,,
kappa,65,-1,4350,0.11573553037021306,,,,,,,,
kappa,65,-1,4351,0.1114272349491767,,,,,,,,
kappa,65,-1,4352,0.11121184442442625,,,,,,,,
kappa,65,-1,4353,0.11219729946544602,,,,,,,,
kappa,65,-1,4354,0.11670011768829069,,,,,,,,
kappa,65,-1,4355,0.11219046347063685,,,,,,,,
kappa,65,-1,4356,0.11117776890527017,,,,,,,,
kappa,65,-1,4357,0.11113330944815203,,,,,,,,
kappa,65,-1,4358,0.11191841672737426,,,,,,,,
kappa,65,-1,4359,0.12011635009862633,,,,,,,,
kappa,65,-1,4360,0.1119378281424603,,,,,,,,
kappa,65,-1,4361,0.11213422875282174,,,,,,,,
kappa,65,-1,4362,0.11215567017383921,,,,,,,,
kappa,65,-1,4363,0.11196885021523009,,,,,,,,
kappa,65,-1,4364,0.11663575561045246,,,,,,,,
kappa,65,-1,4365,0.11132974911074742,,,,,,,,
kappa,65,-1,4366,0.11938656831534221,,,,,,,,
kappa,65,-1,4367,0.15103699724665576,,,,,,,,
kappa,65,-1,4368,0.11460592951430558,,,,,,,,
kappa,65,-1,4369,0.11249743348786842,,,,,,,,
kappa,65,-1,4370,0.11192836733831607,,,,,,,,
kappa,65,-1,4371,0.11217651685211601,,,,,,,,
kappa,65,-1,4372,0.11204635416400752,,,,,,,,
kappa,65,-1,4373,0.11067570284305896,,,,,,,,
kappa,65,-1,4374,0.11048461994352271,,,,,,,,
kappa,65,-1,4375,0.11196203100213407,,,,,,,,
kappa,65,-1,4376,0.11093229504295152,,,,,,,,
kappa,65,-1,4377,0.11474078315071805,,,,,,,,
kappa,65,-1,4378,0.11180109878753151,,,,,,,,
kappa,65,-1,4379,0.11155513101892087,,,,,,,,
kappa,65,-1,4380,0.11192243121269212,,,,,,,,
kappa,65,-1,4381,0.11188092706868404,,,,,,,,
kappa,65,-1,4382,0.11108510064810095,,,,,,,,
kappa,65,-1,4383,0.11909733552293057,,,,,,,,
kappa,65,-1,4384,0.15448400524802505,,,,,,,,
kappa,65,-1,4385,0.11679315887340994,,,,,,,,
kappa,65,-1,4386,0.11268393770880389,,,,,,,,
kappa,65,-1,4387,0.11270388670433573,,,,,,,,
kappa,65,-1,4388,0.11259623570366048,,,,,,,,
kappa,65,-1,4389,0.11131774844635701,,,,,,,,
kappa,65,-1,4390,0.11117635676182538,,,,,,,,
kappa,65,-1,4391,0.11346857489337922,,,,,,,,
kappa,65,-1,4392,0.11287200395987179,,,,,,,,
kappa,65,-1,4393,0.11231356182884641,,,,,,,,
kappa,65,-1,4394,0.11519268149775075,,,,,,,,
kappa,65,-1,4395,0.11175053328108758,,,,,,,,
kappa,65,-1,4396,0.11286694688041674,,,,,,,,
kappa,65,-1,4397,0.11176713484590162,,,,,,,,
kappa,65,-1,4398,0.11241773673971917,,,,,,,,
kappa,65,-1,4399,0.11953610089838128,,,,,,,,
kappa,65,-1,4400,0.15477805262955302,,,,,,,,
kappa,65,-1,4401,0.11745217189200893,,,,,,,,
kappa,65,-1,4402,0.11295029174101243,,,,,,,,
kappa,65,-1,4403,0.11247713048832128,,,,,,,,
kappa,65,-1,4404,0.11109635744386077,,,,,,,,
kappa,65,-1,4405,0.11139096321466017,,,,,,,,
kappa,65,-1,4406,0.11258406132332094,,,,,,,,
kappa,65,-1,4407,0.1129310415834338,,,,,,,,
kappa,65,-1,4408,0.11264697528542399,,,,,,,,
kappa,65,-1,4409,0.11237451504636535,,,,,,,,
kappa,65,-1,4410,0.11598895913571615,,,,,,,,
kappa,65,-1,4411,0.11265472346021867,,,,,,,,
kappa,65,-1,4412,0.11168261899904568,,,,,,,,
kappa,65,-1,4413,0.11141109322585648,,,,,,,,
kappa,65,-1,4414,0.11959676228374871,,,,,,,,
kappa,65,-1,4415,0.15198411149996238,,,,,,,,
kappa,65,-1,4416,0.11639645515173402,,,,,,,,
kappa,65,-1,4417,0.11217468806126836,,,,,,,,
kappa,65,-1,4418,0.11105299786395847,,,,,,,,
kappa,65,-1,4419,0.11184931643736151,,,,,,,,
kappa,65,-1,4420,0.11296374992606449,,,,,,,,
kappa,65,-1,4421,0.11203445981120293,,,,,,,,
kappa,65,-1,4422,0.11230369784284855,,,,,,,,
kappa,65,-1,4423,0.11279681035844866,,,,,,,,
kappa,65,-1,4424,0.1128178009470417,,,,,,,,
kappa,65,-1,4425,0.11501218400090657,,,,,,,,
kappa,65,-1,4426,0.11132374500267773,,,,,,,,
kappa,65,-1,4427,0.11095961278509325,,,,,,,,
kappa,65,-1,4428,0.11979260456246812,,,,,,,,
kappa,65,-1,4429,0.15857700873232117,,,,,,,,
kappa,65,-1,4430,0.11669621809851027,,,,,,,,
kappa,65,-1,4431,0.11229593509230308,,,,,,,,
kappa,65,-1,4432,0.1117962084442416,,,,,,,,
kappa,65,-1,4433,0.11291168983684639,,,,,,,,
kappa,65,-1,4434,0.11524537073245979,,,,,,,,
kappa,65,-1,4435,0.1129761755811043,,,,,,,,
kappa,65,-1,4436,0.11268821914292451,,,,,,,,
kappa,65,-1,4437,0.11283507100701126,,,,,,,,
kappa,65,-1,4438,0.11243827867781379,,,,,,,,
kappa,65,-1,4439,0.12006182715182215,,,,,,,,
kappa,65,-1,4440,0.11165555542830377,,,,,,,,
kappa,65,-1,4441,0.11960501046709428,,,,,,,,
kappa,65,-1,4442,0.1549976298687139,,,,,,,,
kappa,65,-1,4443,0.11678006563986677,,,,,,,,
kappa,65,-1,4444,0.11248264033520279,,,,,,,,
kappa,65,-1,4445,0.11248713815708297,,,,,,,,
kappa,65,-1,4446,0.11235208262741773,,,,,,,,
kappa,65,-1,4447,0.11248301244008513,,,,,,,,
kappa,65,-1,4448,0.1123484822868954,,,,,,,,
kappa,65,-1,4449,0.11214519127028204,,,,,,,,
kappa,65,-1,4450,0.11258066127649941,,,,,,,,
kappa,65,-1,4451,0.11163442858485199,,,,,,,,
kappa,65,-1,4452,0.11431189044114959,,,,,,,,
kappa,65,-1,4453,0.12010698920151011,,,,,,,,
kappa,65,-1,4454,0.15152883957596178,,,,,,,,
kappa,65,-1,4455,0.11329797118806995,,,,,,,,
kappa,65,-1,4456,0.11219899103083561,,,,,,,,
kappa,65,-1,4457,0.11106888693939924,,,,,,,,
kappa,65,-1,4458,0.11164328343092179,,,,,,,,
kappa,65,-1,4459,0.11166167527614937,,,,,,,,
kappa,65,-1,4460,0.11105206486689882,,,,,,,,
kappa,65,-1,4461,0.11144952669815668,,,,,,,,
kappa,65,-1,4462,0.11112289554268397,,,,,,,,
kappa,65,-1,4463,0.11045832439280459,,,,,,,,
kappa,65,-1,4464,0.12114477799828524,,,,,,,,
kappa,65,-1,4465,0.15088342595994289,,,,,,,,
kappa,65,-1,4466,0.11550932513809868,,,,,,,,
kappa,65,-1,4467,0.11134030565507649,,,,,,,,
kappa,65,-1,4468,0.11205571207895632,,,,,,,,
kappa,65,-1,4469,0.11114217595247285,,,,,,,,
kappa,65,-1,4470,0.11154503737569268,,,,,,,,
kappa,65,-1,4471,0.1113998804486399,,,,,,,,
kappa,65,-1,4472,0.11123260388585583,,,,,,,,
kappa,65,-1,4473,0.11061936597364121,,,,,,,,
kappa,65,-1,4474,0.12106868445630103,,,,,,,,
kappa,65,-1,4475,0.15519802578454386,,,,,,,,
kappa,65,-1,4476,0.11629081115211846,,,,,,,,
kappa,65,-1,4477,0.11291751798344073,,,,,,,,
kappa,65,-1,4478,0.11304275696018369,,,,,,,,
kappa,65,-1,4479,0.11246639036512991,,,,,,,,
kappa,65,-1,4480,0.11240123083202587,,,,,,,,
kappa,65,-1,4481,0.11167768906926577,,,,,,,,
kappa,65,-1,4482,0.11489310141448371,,,,,,,,
kappa,65,-1,4483,0.11961361016121709,,,,,,,,
kappa,65,-1,4484,0.1585551892265421,,,,,,,,
kappa,65,-1,4485,0.11656551949262607,,,,,,,,
kappa,65,-1,4486,0.11206336521170025,,,,,,,,
kappa,65,-1,4487,0.11158295614403183,,,,,,,,
kappa,65,-1,4488,0.11170397424910732,,,,,,,,
kappa,65,-1,4489,0.11555362410866041,,,,,,,,
kappa,65,-1,4490,0.11076544062015284,,,,,,,,
kappa,65,-1,4491,0.11952951295415162,,,,,,,,
kappa,65,-1,4492,0.15327828026278226,,,,,,,,
kappa,65,-1,4493,0.1161916980858589,,,,,,,,
kappa,65,-1,4494,0.11178040761112469,,,,,,,,
kappa,65,-1,4495,0.1150615676367707,,,,,,,,
kappa,65,-1,4496,0.11172580091158338,,,,,,,,
kappa,65,-1,4497,0.11149971530052777,,,,,,,,
kappa,65,-1,4498,0.12004652122491641,,,,,,,,
kappa,65,-1,4499,0.15238422161049117,,,,,,,,
kappa,65,-1,4500,0.11906517386295881,,,,,,,,
kappa,65,-1,4501,0.11181033227688637,,,,,,,,
kappa,65,-1,4502,0.11170499986525576,,,,,,,,
kappa,65,-1,4503,0.11201942117959453,,,,,,,,
kappa,65,-1,4504,0.11987332918327379,,,,,,,,
kappa,65,-1,4505,0.1529033834343364,,,,,,,,
kappa,65,-1,4506,0.11679075462942164,,,,,,,,
kappa,65,-1,4507,0.11208659091137964,,,,,,,,
kappa,65,-1,4508,0.11111432617426072,,,,,,,,
kappa,65,-1,4509,0.11988520052351745,,,,,,,,
kappa,65,-1,4510,0.15273775858007219,,,,,,,,
kappa,65,-1,4511,0.11545248299187459,,,,,,,,
kappa,65,-1,4512,0.11203235284375378,,,,,,,,
kappa,65,-1,4513,0.11997779283436601,,,,,,,,
kappa,65,-1,4514,0.15482150260690503,,,,,,,,
kappa,65,-1,4515,0.11486120346423921,,,,,,,,
kappa,65,-1,4516,0.11946474497117376,,,,,,,,
kappa,65,-1,4517,0.15185945520674576,,,,,,,,
kappa,65,-1,4518,0.12318782410329,,,,,,,,
kappa,65,-1,4519,0.17826837203852239,,,,,,,,
kappa,65,-1,4520,0.26505014019333334,,,,,,,,
kappa,65,-1,4521,0.16679387548768596,,,,,,,,
kappa,65,-1,4522,0.15476852485673986,,,,,,,,
kappa,65,-1,4523,0.15372741702694634,,,,,,,,
kappa,65,-1,4524,0.15359489848088001,,,,,,,,
kappa,65,-1,4525,0.15479178991867998,,,,,,,,
kappa,65,-1,4526,0.1535514159214531,,,,,,,,
kappa,65,-1,4527,0.15131525822572059,,,,,,,,
kappa,65,-1,4528,0.15398908999689734,,,,,,,,
kappa,65,-1,4529,0.15374863742002393,,,,,,,,
kappa,65,-1,4530,0.15151914774197542,,,,,,,,
kappa,65,-1,4531,0.15982810590956981,,,,,,,,
kappa,65,-1,4532,0.15262048790286697,,,,,,,,
kappa,65,-1,4533,0.15369111900353397,,,,,,,,
kappa,65,-1,4534,0.15350935532431223,,,,,,,,
kappa,65,-1,4535,0.15394682666599138,,,,,,,,
kappa,65,-1,4536,0.15689946528866175,,,,,,,,
kappa,65,-1,4537,0.1535424248193763,,,,,,,,
kappa,65,-1,4538,0.15432746330500013,,,,,,,,
kappa,65,-1,4539,0.15396032527323181,,,,,,,,
kappa,65,-1,4540,0.15423422890118907,,,,,,,,
kappa,65,-1,4541,0.16884365920475233,,,,,,,,
kappa,65,-1,4542,0.16590231163134031,,,,,,,,
kappa,65,-1,4543,0.12271247402836262,,,,,,,,
kappa,65,-1,4544,0.11660888072545086,,,,,,,,
kappa,65,-1,4545,0.11674986623403916,,,,,,,,
kappa,65,-1,4546,0.11578677499801775,,,,,,,,
kappa,65,-1,4547,0.11649852047607831,,,,,,,,
kappa,65,-1,4548,0.1160382186158936,,,,,,,,
kappa,65,-1,4549,0.11637444921080461,,,,,,,,
kappa,65,-1,4550,0.11589388145308037,,,,,,,,
kappa,65,-1,4551,0.1135521821442165,,,,,,,,
kappa,65,-1,4552,0.11681285413701459,,,,,,,,
kappa,65,-1,4553,0.1192401965961405,,,,,,,,
kappa,65,-1,4554,0.1163374492022452,,,,,,,,
kappa,65,-1,4555,0.11647555946643652,,,,,,,,
kappa,65,-1,4556,0.11660141866984979,,,,,,,,
kappa,65,-1,4557,0.11667285424205934,,,,,,,,
kappa,65,-1,4558,0.11638047932367329,,,,,,,,
kappa,65,-1,4559,0.1164632762477143,,,,,,,,
kappa,65,-1,4560,0.11651335385206733,,,,,,,,
kappa,65,-1,4561,0.11629304807562815,,,,,,,,
kappa,65,-1,4562,0.12442546136502032,,,,,,,,
kappa,65,-1,4563,0.15412230630424659,,,,,,,,
kappa,65,-1,4564,0.11651288896426903,,,,,,,,
kappa,65,-1,4565,0.1134794342709943,,,,,,,,
kappa,65,-1,4566,0.11212013164606495,,,,,,,,
kappa,65,-1,4567,0.11282085440218723,,,,,,,,
kappa,65,-1,4568,0.11221190657758195,,,,,,,,
kappa,65,-1,4569,0.11216591897551718,,,,,,,,
kappa,65,-1,4570,0.11243284894900325,,,,,,,,
kappa,65,-1,4571,0.11241016226810485,,,,,,,,
kappa,65,-1,4572,0.11242795324300825,,,,,,,,
kappa,65,-1,4573,0.11180318798593342,,,,,,,,
kappa,65,-1,4574,0.11529380713045566,,,,,,,,
kappa,65,-1,4575,0.11195761016951775,,,,,,,,
kappa,65,-1,4576,0.11336312954042914,,,,,,,,
kappa,65,-1,4577,0.11322044663788731,,,,,,,,
kappa,65,-1,4578,0.11314164558975802,,,,,,,,
kappa,65,-1,4579,0.11304381081363647,,,,,,,,
kappa,65,-1,4580,0.11286360573391849,,,,,,,,
kappa,65,-1,4581,0.1125830828756568,,,,,,,,
kappa,65,-1,4582,0.11999822842414386,,,,,,,,
kappa,65,-1,4583,0.15329099677211436,,,,,,,,
kappa,65,-1,4584,0.11607880665458813,,,,,,,,
kappa,65,-1,4585,0.11207605368932645,,,,,,,,
kappa,65,-1,4586,0.11227534780859683,,,,,,,,
kappa,65,-1,4587,0.11218808125081121,,,,,,,,
kappa,65,-1,4588,0.11188152258335168,,,,,,,,
kappa,65,-1,4589,0.1120169354648506,,,,,,,,
kappa,65,-1,4590,0.11160463727397334,,,,,,,,
kappa,65,-1,4591,0.11195996629003496,,,,,,,,
kappa,65,-1,4592,0.11210738744136921,,,,,,,,
kappa,65,-1,4593,0.11222390662992321,,,,,,,,
kappa,65,-1,4594,0.11499133085521177,,,,,,,,
kappa,65,-1,4595,0.11194807744468756,,,,,,,,
kappa,65,-1,4596,0.11292668941064213,,,,,,,,
kappa,65,-1,4597,0.11258381137727808,,,,,,,,
kappa,65,-1,4598,0.11247592955345444,,,,,,,,
kappa,65,-1,4599,0.11297695208517981,,,,,,,,
kappa,65,-1,4600,0.11200518736866429,,,,,,,,
kappa,65,-1,4601,0.11990069620360476,,,,,,,,
kappa,65,-1,4602,0.1539100541272248,,,,,,,,
kappa,65,-1,4603,0.11619860987199472,,,,,,,,
kappa,65,-1,4604,0.11204774376388404,,,,,,,,
kappa,65,-1,4605,0.11184866106949705,,,,,,,,
kappa,65,-1,4606,0.11291221420226003,,,,,,,,
kappa,65,-1,4607,0.11252890738013262,,,,,,,,
kappa,65,-1,4608,0.11114119236763537,,,,,,,,
kappa,65,-1,4609,0.1118746995379732,,,,,,,,
kappa,65,-1,4610,0.11286412082867738,,,,,,,,
kappa,65,-1,4611,0.1126570483766756,,,,,,,,
kappa,65,-1,4612,0.11235228929895663,,,,,,,,
kappa,65,-1,4613,0.11496249868874936,,,,,,,,
kappa,65,-1,4614,0.11263555991818054,,,,,,,,
kappa,65,-1,4615,0.11305458597175337,,,,,,,,
kappa,65,-1,4616,0.1126601738146365,,,,,,,,
kappa,65,-1,4617,0.112628614613103,,,,,,,,
kappa,65,-1,4618,0.11176098248400872,,,,,,,,
kappa,65,-1,4619,0.11955584721703026,,,,,,,,
kappa,65,-1,4620,0.15215426394344525,,,,,,,,
kappa,65,-1,4621,0.11493843219081737,,,,,,,,
kappa,65,-1,4622,0.11205389534872118,,,,,,,,
kappa,65,-1,4623,0.11236009259152964,,,,,,,,
kappa,65,-1,4624,0.11202582794999835,,,,,,,,
kappa,65,-1,4625,0.11071623326766078,,,,,,,,
kappa,65,-1,4626,0.1119747271132471,,,,,,,,
kappa,65,-1,4627,0.11174928662693,,,,,,,,
kappa,65,-1,4628,0.11161769403298742,,,,,,,,
kappa,65,-1,4629,0.11141483628879155,,,,,,,,
kappa,65,-1,4630,0.11142705719256622,,,,,,,,
kappa,65,-1,4631,0.11708126634140356,,,,,,,,
kappa,65,-1,4632,0.11195881148586906,,,,,,,,
kappa,65,-1,4633,0.11162264815937739,,,,,,,,
kappa,65,-1,4634,0.11203284193632805,,,,,,,,
kappa,65,-1,4635,0.11107764127343817,,,,,,,,
kappa,65,-1,4636,0.11957499511912635,,,,,,,,
kappa,65,-1,4637,0.15455051984178381,,,,,,,,
kappa,65,-1,4638,0.1168311788791498,,,,,,,,
kappa,65,-1,4639,0.11300953805237646,,,,,,,,
kappa,65,-1,4640,0.11299002272559729,,,,,,,,
kappa,65,-1,4641,0.11166921275948487,,,,,,,,
kappa,65,-1,4642,0.11195352929094442,,,,,,,,
kappa,65,-1,4643,0.1124696398555587,,,,,,,,
kappa,65,-1,4644,0.1128325506926748,,,,,,,,
kappa,65,-1,4645,0.1126242475462704,,,,,,,,
kappa,65,-1,4646,0.1127755016807859,,,,,,,,
kappa,65,-1,4647,0.1130618811126551,,,,,,,,
kappa,65,-1,4648,0.11505053443547028,,,,,,,,
kappa,65,-1,4649,0.11207421153058444,,,,,,,,
kappa,65,-1,4650,0.11259958491145124,,,,,,,,
kappa,65,-1,4651,0.112360486074826,,,,,,,,
kappa,65,-1,4652,0.11954835918254554,,,,,,,,
kappa,65,-1,4653,0.15724799984437857,,,,,,,,
kappa,65,-1,4654,0.11676236654918304,,,,,,,,
kappa,65,-1,4655,0.11289323240404116,,,,,,,,
kappa,65,-1,4656,0.11120057277274314,,,,,,,,
kappa,65,-1,4657,0.11250870759057842,,,,,,,,
kappa,65,-1,4658,0.11169680718125052,,,,,,,,
kappa,65,-1,4659,0.11268280174933612,,,,,,,,
kappa,65,-1,4660,0.11515097010472082,,,,,,,,
kappa,65,-1,4661,0.11332792661091172,,,,,,,,
kappa,65,-1,4662,0.11293514666088401,,,,,,,,
kappa,65,-1,4663,0.11135752402729883,,,,,,,,
kappa,65,-1,4664,0.11724997962230214,,,,,,,,
kappa,65,-1,4665,0.11127690117998372,,,,,,,,
kappa,65,-1,4666,0.11135914989674335,,,,,,,,
kappa,65,-1,4667,0.11905668594033099,,,,,,,,
kappa,65,-1,4668,0.15514649709584194,,,,,,,,
kappa,65,-1,4669,0.11600013097751304,,,,,,,,
kappa,65,-1,4670,0.11169517096656247,,,,,,,,
kappa,65,-1,4671,0.11192867395588445,,,,,,,,
kappa,65,-1,4672,0.11262916763531952,,,,,,,,
kappa,65,-1,4673,0.11295574701240552,,,,,,,,
kappa,65,-1,4674,0.11282000893090309,,,,,,,,
kappa,65,-1,4675,0.11249999590046485,,,,,,,,
kappa,65,-1,4676,0.11388731556804636,,,,,,,,
kappa,65,-1,4677,0.11263226944450723,,,,,,,,
kappa,65,-1,4678,0.11209159954863832,,,,,,,,
kappa,65,-1,4679,0.11547997891160848,,,,,,,,
kappa,65,-1,4680,0.11153268036256839,,,,,,,,
kappa,65,-1,4681,0.11958333484930343,,,,,,,,
kappa,65,-1,4682,0.15381491215146637,,,,,,,,
kappa,65,-1,4683,0.11594619768319568,,,,,,,,
kappa,65,-1,4684,0.11252934741022803,,,,,,,,
kappa,65,-1,4685,0.11289954060718861,,,,,,,,
kappa,65,-1,4686,0.11265059706071108,,,,,,,,
kappa,65,-1,4687,0.11250581273396755,,,,,,,,
kappa,65,-1,4688,0.11232032065245354,,,,,,,,
kappa,65,-1,4689,0.11274285893595931,,,,,,,,
kappa,65,-1,4690,0.11278776231131325,,,,,,,,
kappa,65,-1,4691,0.11279652551263442,,,,,,,,
kappa,65,-1,4692,0.11179782533584308,,,,,,,,
kappa,65,-1,4693,0.1142594443014464,,,,,,,,
kappa,65,-1,4694,0.1193850798402455,,,,,,,,
kappa,65,-1,4695,0.15110080796119835,,,,,,,,
kappa,65,-1,4696,0.11545888158179758,,,,,,,,
kappa,65,-1,4697,0.11226865250344022,,,,,,,,
kappa,65,-1,4698,0.11122084225883734,,,,,,,,
kappa,65,-1,4699,0.11152351514722027,,,,,,,,
kappa,65,-1,4700,0.11146357605255339,,,,,,,,
kappa,65,-1,4701,0.11185739860300858,,,,,,,,
kappa,65,-1,4702,0.11160856726860847,,,,,,,,
kappa,65,-1,4703,0.11138441051751065,,,,,,,,
kappa,65,-1,4704,0.11141480678315722,,,,,,,,
kappa,65,-1,4705,0.11055050598816378,,,,,,,,
kappa,65,-1,4706,0.12165452244989981,,,,,,,,
kappa,65,-1,4707,0.15592751371231833,,,,,,,,
kappa,65,-1,4708,0.11585356847065793,,,,,,,,
kappa,65,-1,4709,0.11219115545619462,,,,,,,,
kappa,65,-1,4710,0.11185263830019965,,,,,,,,
kappa,65,-1,4711,0.11199965642500269,,,,,,,,
kappa,65,-1,4712,0.11307823784462533,,,,,,,,
kappa,65,-1,4713,0.11189332804016466,,,,,,,,
kappa,65,-1,4714,0.1123245875328647,,,,,,,,
kappa,65,-1,4715,0.11214666727094509,,,,,,,,
kappa,65,-1,4716,0.11136166956329732,,,,,,,,
kappa,65,-1,4717,0.12374850863998021,,,,,,,,
kappa,65,-1,4718,0.15349121993107309,,,,,,,,
kappa,65,-1,4719,0.11634120867042777,,,,,,,,
kappa,65,-1,4720,0.11241066283416806,,,,,,,,
kappa,65,-1,4721,0.11249835913322775,,,,,,,,
kappa,65,-1,4722,0.11295394679052236,,,,,,,,
kappa,65,-1,4723,0.11235197638717562,,,,,,,,
kappa,65,-1,4724,0.112317908446778,,,,,,,,
kappa,65,-1,4725,0.11178616287952556,,,,,,,,
kappa,65,-1,4726,0.11435246817205731,,,,,,,,
kappa,65,-1,4727,0.11945655026421888,,,,,,,,
kappa,65,-1,4728,0.15393393547550391,,,,,,,,
kappa,65,-1,4729,0.11648350980750015,,,,,,,,
kappa,65,-1,4730,0.11307117914319802,,,,,,,,
kappa,65,-1,4731,0.11280467019866416,,,,,,,,
kappa,65,-1,4732,0.11265013457735268,,,,,,,,
kappa,65,-1,4733,0.11183993530707928,,,,,,,,
kappa,65,-1,4734,0.11492941613080358,,,,,,,,
kappa,65,-1,4735,0.1108168481316528,,,,,,,,
kappa,65,-1,4736,0.11938662466372969,,,,,,,,
kappa,65,-1,4737,0.15491295924220078,,,,,,,,
kappa,65,-1,4738,0.11678381633476892,,,,,,,,
kappa,65,-1,4739,0.11309340228075697,,,,,,,,
kappa,65,-1,4740,0.11212688942388145,,,,,,,,
kappa,65,-1,4741,0.11488861784305883,,,,,,,,
kappa,65,-1,4742,0.11152862147199684,,,,,,,,
kappa,65,-1,4743,0.11178259626539454,,,,,,,,
kappa,65,-1,4744,0.11934654473553849,,,,,,,,
kappa,65,-1,4745,0.15344965693796359,,,,,,,,
kappa,65,-1,4746,0.11645704772106846,,,,,,,,
kappa,65,-1,4747,0.11525239444925296,,,,,,,,
kappa,65,-1,4748,0.11174195755419873,,,,,,,,
kappa,65,-1,4749,0.1122333221562483,,,,,,,,
kappa,65,-1,4750,0.11174908502364975,,,,,,,,
kappa,65,-1,4751,0.11970189575553938,,,,,,,,
kappa,65,-1,4752,0.16201425264217229,,,,,,,,
kappa,65,-1,4753,0.11636327120122168,,,,,,,,
kappa,65,-1,4754,0.11302998993043713,,,,,,,,
kappa,65,-1,4755,0.11305947662990014,,,,,,,,
kappa,65,-1,4756,0.11196729517727,,,,,,,,
kappa,65,-1,4757,0.12041744704953437,,,,,,,,
kappa,65,-1,4758,0.15385781537451163,,,,,,,,
kappa,65,-1,4759,0.11590310104029385,,,,,,,,
kappa,65,-1,4760,0.11241749455938269,,,,,,,,
kappa,65,-1,4761,0.11180165670295646,,,,,,,,
kappa,65,-1,4762,0.11955880148076477,,,,,,,,
kappa,65,-1,4763,0.15517525309642247,,,,,,,,
kappa,65,-1,4764,0.1162837011325511,,,,,,,,
kappa,65,-1,4765,0.11154218810932684,,,,,,,,
kappa,65,-1,4766,0.11950360356174895,,,,,,,,
kappa,65,-1,4767,0.15312758179838457,,,,,,,,
kappa,65,-1,4768,0.11538923168482372,,,,,,,,
kappa,65,-1,4769,0.11967169862043595,,,,,,,,
kappa,65,-1,4770,0.15156945291272814,,,,,,,,
kappa,65,-1,4771,0.12246484014723567,,,,,,,,
kappa,65,-1,4772,0.17471575859172192,,,,,,,,
kappa,65,-1,4773,0.25821403635343232,,,,,,,,
kappa,65,-1,4774,0.16590407803650037,,,,,,,,
kappa,65,-1,4775,0.15345325858310102,,,,,,,,
kappa,65,-1,4776,0.15382840880272672,,,,,,,,
kappa,65,-1,4777,0.15353774441255108,,,,,,,,
kappa,65,-1,4778,0.1551751552472499,,,,,,,,
kappa,65,-1,4779,0.15532427930093148,,,,,,,,
kappa,65,-1,4780,0.15475261241776822,,,,,,,,
kappa,65,-1,4781,0.15021408349210535,,,,,,,,
kappa,65,-1,4782,0.15132132154820824,,,,,,,,
kappa,65,-1,4783,0.15465517778259077,,,,,,,,
kappa,65,-1,4784,0.15244895481610304,,,,,,,,
kappa,65,-1,4785,0.1621145710325827,,,,,,,,
kappa,65,-1,4786,0.15194874349662799,,,,,,,,
kappa,65,-1,4787,0.15340073210684202,,,,,,,,
kappa,65,-1,4788,0.15287266730895746,,,,,,,,
kappa,65,-1,4789,0.15373931000828087,,,,,,,,
kappa,65,-1,4790,0.15643824065131534,,,,,,,,
kappa,65,-1,4791,0.15517096355414353,,,,,,,,
kappa,65,-1,4792,0.15284523630043606,,,,,,,,
kappa,65,-1,4793,0.16451229414004992,,,,,,,,
kappa,65,-1,4794,0.16542816412045022,,,,,,,,
kappa,65,-1,4795,0.12320131407289138,,,,,,,,
kappa,65,-1,4796,0.11651345429156301,,,,,,,,
kappa,65,-1,4797,0.11605926240653394,,,,,,,,
kappa,65,-1,4798,0.11652840587658642,,,,,,,,
kappa,65,-1,4799,0.11645117106738369,,,,,,,,
kappa,65,-1,4800,0.11627220941092874,,,,,,,,
kappa,65,-1,4801,0.11324983467498982,,,,,,,,
kappa,65,-1,4802,0.11558199349274387,,,,,,,,
kappa,65,-1,4803,0.11647575479118281,,,,,,,,
kappa,65,-1,4804,0.11656361754603697,,,,,,,,
kappa,65,-1,4805,0.11640156674659062,,,,,,,,
kappa,65,-1,4806,0.11937337828673958,,,,,,,,
kappa,65,-1,4807,0.11715257107145666,,,,,,,,
kappa,65,-1,4808,0.1167541087358886,,,,,,,,
kappa,65,-1,4809,0.11663834442058739,,,,,,,,
kappa,65,-1,4810,0.11619353005554342,,,,,,,,
kappa,65,-1,4811,0.11671602229747066,,,,,,,,
kappa,65,-1,4812,0.115879077788448,,,,,,,,
kappa,65,-1,4813,0.12454469442625285,,,,,,,,
kappa,65,-1,4814,0.15327300826169446,,,,,,,,
kappa,65,-1,4815,0.11632524240175393,,,,,,,,
kappa,65,-1,4816,0.11247928057084067,,,,,,,,
kappa,65,-1,4817,0.11251928451064916,,,,,,,,
kappa,65,-1,4818,0.11157357172800476,,,,,,,,
kappa,65,-1,4819,0.11232492221920769,,,,,,,,
kappa,65,-1,4820,0.11228795474651512,,,,,,,,
kappa,65,-1,4821,0.11191642741241031,,,,,,,,
kappa,65,-1,4822,0.11246675121523594,,,,,,,,
kappa,65,-1,4823,0.11237913287212062,,,,,,,,
kappa,65,-1,4824,0.1131138535137632,,,,,,,,
kappa,65,-1,4825,0.11123119803616399,,,,,,,,
kappa,65,-1,4826,0.11565139229247663,,,,,,,,
kappa,65,-1,4827,0.11121489582736634,,,,,,,,
kappa,65,-1,4828,0.11316923348099095,,,,,,,,
kappa,65,-1,4829,0.11223666555731635,,,,,,,,
kappa,65,-1,4830,0.1128915183505847,,,,,,,,
kappa,65,-1,4831,0.11204805463019576,,,,,,,,
kappa,65,-1,4832,0.12016499414260554,,,,,,,,
kappa,65,-1,4833,0.15291380739783911,,,,,,,,
kappa,65,-1,4834,0.11603751383935705,,,,,,,,
kappa,65,-1,4835,0.11170074166631924,,,,,,,,
kappa,65,-1,4836,0.11190847624042274,,,,,,,,
kappa,65,-1,4837,0.11315288282953831,,,,,,,,
kappa,65,-1,4838,0.11112797785133276,,,,,,,,
kappa,65,-1,4839,0.11191614372901557,,,,,,,,
kappa,65,-1,4840,0.11242634980553841,,,,,,,,
kappa,65,-1,4841,0.11198579464012226,,,,,,,,
kappa,65,-1,4842,0.11293077019284413,,,,,,,,
kappa,65,-1,4843,0.11276483794572385,,,,,,,,
kappa,65,-1,4844,0.11174312232601945,,,,,,,,
kappa,65,-1,4845,0.11510593850984449,,,,,,,,
kappa,65,-1,4846,0.11194457547794343,,,,,,,,
kappa,65,-1,4847,0.11254912715392237,,,,,,,,
kappa,65,-1,4848,0.11287734389245732,,,,,,,,
kappa,65,-1,4849,0.11148064655953085,,,,,,,,
kappa,65,-1,4850,0.12010746635842084,,,,,,,,
kappa,65,-1,4851,0.15156411515416651,,,,,,,,
kappa,65,-1,4852,0.11483558773889192,,,,,,,,
kappa,65,-1,4853,0.11235244403788387,,,,,,,,
kappa,65,-1,4854,0.11233040725831697,,,,,,,,
kappa,65,-1,4855,0.11187237486910481,,,,,,,,
kappa,65,-1,4856,0.11054128072967233,,,,,,,,
kappa,65,-1,4857,0.1123191487977023,,,,,,,,
kappa,65,-1,4858,0.11170444095406476,,,,,,,,
kappa,65,-1,4859,0.11236290866455692,,,,,,,,
kappa,65,-1,4860,0.11159071674002363,,,,,,,,
kappa,65,-1,4861,0.11179559108452974,,,,,,,,
kappa,65,-1,4862,0.11096166328470629,,,,,,,,
kappa,65,-1,4863,0.11497621573911049,,,,,,,,
kappa,65,-1,4864,0.11198353848540508,,,,,,,,
kappa,65,-1,4865,0.11173028357033621,,,,,,,,
kappa,65,-1,4866,0.11140457728342706,,,,,,,,
kappa,65,-1,4867,0.11946774140141612,,,,,,,,
kappa,65,-1,4868,0.15414725143678895,,,,,,,,
kappa,65,-1,4869,0.11679084217945786,,,,,,,,
kappa,65,-1,4870,0.11326531439820786,,,,,,,,
kappa,65,-1,4871,0.11164462928397009,,,,,,,,
kappa,65,-1,4872,0.11132429321206758,,,,,,,,
kappa,65,-1,4873,0.1127799398696608,,,,,,,,
kappa,65,-1,4874,0.11302304083264786,,,,,,,,
kappa,65,-1,4875,0.11385629727564003,,,,,,,,
kappa,65,-1,4876,0.11212365921434982,,,,,,,,
kappa,65,-1,4877,0.1124044951433173,,,,,,,,
kappa,65,-1,4878,0.11256634259255983,,,,,,,,
kappa,65,-1,4879,0.11224852448484123,,,,,,,,
kappa,65,-1,4880,0.11563084650104957,,,,,,,,
kappa,65,-1,4881,0.11196248240323246,,,,,,,,
kappa,65,-1,4882,0.11186151991586069,,,,,,,,
kappa,65,-1,4883,0.1197799730716608,,,,,,,,
kappa,65,-1,4884,0.15540441072550229,,,,,,,,
kappa,65,-1,4885,0.11634556253424702,,,,,,,,
kappa,65,-1,4886,0.11143854247500132,,,,,,,,
kappa,65,-1,4887,0.11169379202332513,,,,,,,,
kappa,65,-1,4888,0.11258565546642274,,,,,,,,
kappa,65,-1,4889,0.11278159348274701,,,,,,,,
kappa,65,-1,4890,0.11353547400891179,,,,,,,,
kappa,65,-1,4891,0.11244592555631991,,,,,,,,
kappa,65,-1,4892,0.11241412096075934,,,,,,,,
kappa,65,-1,4893,0.11240449562164384,,,,,,,,
kappa,65,-1,4894,0.11232160807397369,,,,,,,,
kappa,65,-1,4895,0.11274029540087593,,,,,,,,
kappa,65,-1,4896,0.1150363435890483,,,,,,,,
kappa,65,-1,4897,0.11078272552301301,,,,,,,,
kappa,65,-1,4898,0.11952985696637392,,,,,,,,
kappa,65,-1,4899,0.15409897251940372,,,,,,,,
kappa,65,-1,4900,0.11589072722021686,,,,,,,,
kappa,65,-1,4901,0.11175736468418572,,,,,,,,
kappa,65,-1,4902,0.11285226898899622,,,,,,,,
kappa,65,-1,4903,0.11299616766982311,,,,,,,,
kappa,65,-1,4904,0.11306556395104993,,,,,,,,
kappa,65,-1,4905,0.11316849972273027,,,,,,,,
kappa,65,-1,4906,0.11286969585686157,,,,,,,,
kappa,65,-1,4907,0.11262047864922892,,,,,,,,
kappa,65,-1,4908,0.11250292780871286,,,,,,,,
kappa,65,-1,4909,0.11221390043287045,,,,,,,,
kappa,65,-1,4910,0.1120769183931441,,,,,,,,
kappa,65,-1,4911,0.11425780332646623,,,,,,,,
kappa,65,-1,4912,0.11946433395332492,,,,,,,,
kappa,65,-1,4913,0.15090954594176489,,,,,,,,
kappa,65,-1,4914,0.11331655059636347,,,,,,,,
kappa,65,-1,4915,0.11224612410170981,,,,,,,,
kappa,65,-1,4916,0.11104468946888209,,,,,,,,
kappa,65,-1,4917,0.11178577490430971,,,,,,,,
kappa,65,-1,4918,0.11178586038088766,,,,,,,,
kappa,65,-1,4919,0.1114145113740428,,,,,,,,
kappa,65,-1,4920,0.11140863165896338,,,,,,,,
kappa,65,-1,4921,0.11133439997991255,,,,,,,,
kappa,65,-1,4922,0.11164050370879838,,,,,,,,
kappa,65,-1,4923,0.11108183360072423,,,,,,,,
kappa,65,-1,4924,0.11004835258420401,,,,,,,,
kappa,65,-1,4925,0.12099602891245903,,,,,,,,
kappa,65,-1,4926,0.15116507751313932,,,,,,,,
kappa,65,-1,4927,0.11595170873003573,,,,,,,,
kappa,65,-1,4928,0.11259411635920372,,,,,,,,
kappa,65,-1,4929,0.11215295724379708,,,,,,,,
kappa,65,-1,4930,0.1111496688944149,,,,,,,,
kappa,65,-1,4931,0.11139683815265039,,,,,,,,
kappa,65,-1,4932,0.11158265822966859,,,,,,,,
kappa,65,-1,4933,0.11140384604571829,,,,,,,,
kappa,65,-1,4934,0.11134567428343643,,,,,,,,
kappa,65,-1,4935,0.11150442650835969,,,,,,,,
kappa,65,-1,4936,0.11058361050826813,,,,,,,,
kappa,65,-1,4937,0.12126714192779298,,,,,,,,
kappa,65,-1,4938,0.15495726695924469,,,,,,,,
kappa,65,-1,4939,0.11727878635305075,,,,,,,,
kappa,65,-1,4940,0.11313454748999122,,,,,,,,
kappa,65,-1,4941,0.11245673738375218,,,,,,,,
kappa,65,-1,4942,0.11230624908321235,,,,,,,,
kappa,65,-1,4943,0.11239558188603328,,,,,,,,
kappa,65,-1,4944,0.11284562619620837,,,,,,,,
kappa,65,-1,4945,0.11204549732808119,,,,,,,,
kappa,65,-1,4946,0.11152166534661942,,,,,,,,
kappa,65,-1,4947,0.11416684595945238,,,,,,,,
kappa,65,-1,4948,0.1199530139396799,,,,,,,,
kappa,65,-1,4949,0.15325789661348113,,,,,,,,
kappa,65,-1,4950,0.11702891417799997,,,,,,,,
kappa,65,-1,4951,0.11172314550135463,,,,,,,,
kappa,65,-1,4952,0.11218485508246663,,,,,,,,
kappa,65,-1,4953,0.11238690033369333,,,,,,,,
kappa,65,-1,4954,0.11221307985699036,,,,,,,,
kappa,65,-1,4955,0.11204429518475489,,,,,,,,
kappa,65,-1,4956,0.11503091638681331,,,,,,,,
kappa,65,-1,4957,0.11062990847251224,,,,,,,,
kappa,65,-1,4958,0.1200652853167824,,,,,,,,
kappa,65,-1,4959,0.15737204037883989,,,,,,,,
kappa,65,-1,4960,0.11678862260267063,,,,,,,,
kappa,65,-1,4961,0.11309998703666554,,,,,,,,
kappa,65,-1,4962,0.11257343172510879,,,,,,,,
kappa,65,-1,4963,0.11230028467383152,,,,,,,,
kappa,65,-1,4964,0.11729823075114283,,,,,,,,
kappa,65,-1,4965,0.11295660105952404,,,,,,,,
kappa,65,-1,4966,0.11151902588281122,,,,,,,,
kappa,65,-1,4967,0.11971377918580922,,,,,,,,
kappa,65,-1,4968,0.15274901065686125,,,,,,,,
kappa,65,-1,4969,0.11687455262049848,,,,,,,,
kappa,65,-1,4970,0.11122483228289247,,,,,,,,
kappa,65,-1,4971,0.11503525342377559,,,,,,,,
kappa,65,-1,4972,0.11149089480461394,,,,,,,,
kappa,65,-1,4973,0.11179290281308817,,,,,,,,
kappa,65,-1,4974,0.11184460264119121,,,,,,,,
kappa,65,-1,4975,0.11962714500651674,,,,,,,,
kappa,65,-1,4976,0.15338327177915614,,,,,,,,
kappa,65,-1,4977,0.11940940344684717,,,,,,,,
kappa,65,-1,4978,0.11195191159350083,,,,,,,,
kappa,65,-1,4979,0.11266856244087062,,,,,,,,
kappa,65,-1,4980,0.11194601925823557,,,,,,,,
kappa,65,-1,4981,0.11115299510516982,,,,,,,,
kappa,65,-1,4982,0.11978297059400179,,,,,,,,
kappa,65,-1,4983,0.15214611394432767,,,,,,,,
kappa,65,-1,4984,0.11667871651312955,,,,,,,,
kappa,65,-1,4985,0.11210735530689293,,,,,,,,
kappa,65,-1,4986,0.11198190827515762,,,,,,,,
kappa,65,-1,4987,0.11140386565197766,,,,,,,,
kappa,65,-1,4988,0.11994713730689101,,,,,,,,
kappa,65,-1,4989,0.15345348694855426,,,,,,,,
kappa,65,-1,4990,0.11533791602697792,,,,,,,,
kappa,65,-1,4991,0.11270182898784047,,,,,,,,
kappa,65,-1,4992,0.11201307337045704,,,,,,,,
kappa,65,-1,4993,0.12003100596761182,,,,,,,,
kappa,65,-1,4994,0.15066982867036854,,,,,,,,
kappa,65,-1,4995,0.11656526936840896,,,,,,,,
kappa,65,-1,4996,0.11225454157385446,,,,,,,,
kappa,65,-1,4997,0.11990133070696254,,,,,,,,
kappa,65,-1,4998,0.15301041749819749,,,,,,,,
kappa,65,-1,4999,0.11534030131106419,,,,,,,,
kappa,65,-1,5000,0.11977225160284991,,,,,,,,
kappa,65,-1,5001,0.1512593725706424,,,,,,,,
kappa,65,-1,5002,0.12287246093099674,,,,,,,,
kappa,65,-1,5003,0.17870242737975997,,,,,,,,
kappa,65,-1,5004,0.27110227979679874,,,,,,,,
kappa,65,-1,5005,0.16542313395885369,,,,,,,,
kappa,65,-1,5006,0.15411260536786836,,,,,,,,
kappa,65,-1,5007,0.15292367338737853,,,,,,,,
kappa,65,-1,5008,0.15335508937548167,,,,,,,,
kappa,65,-1,5009,0.15361812241184922,,,,,,,,
kappa,65,-1,5010,0.15068923023185324,,,,,,,,
kappa,65,-1,5011,0.15070241137575269,,,,,,,,
kappa,65,-1,5012,0.15364869539339313,,,,,,,,
kappa,65,-1,5013,0.15328938689880814,,,,,,,,
kappa,65,-1,5014,0.15358639073931735,,,,,,,,
kappa,65,-1,5015,0.15336922357588836,,,,,,,,
kappa,65,-1,5016,0.15340329596253252,,,,,,,,
kappa,65,-1,5017,0.17132396840465564,,,,,,,,
kappa,65,-1,5018,0.1533778893684638,,,,,,,,
kappa,65,-1,5019,0.15335177537312944,,,,,,,,
kappa,65,-1,5020,0.15324611576742811,,,,,,,,
kappa,65,-1,5021,0.15333614792079711,,,,,,,,
kappa,65,-1,5022,0.15229163621882452,,,,,,,,
kappa,65,-1,5023,0.16360702955418127,,,,,,,,
kappa,65,-1,5024,0.16621146226787373,,,,,,,,
kappa,65,-1,5025,0.12285456260289233,,,,,,,,
kappa,65,-1,5026,0.11612545749193548,,,,,,,,
kappa,65,-1,5027,0.11642958650325688,,,,,,,,
kappa,65,-1,5028,0.1158308829082602,,,,,,,,
kappa,65,-1,5029,0.11331376237725235,,,,,,,,
kappa,65,-1,5030,0.11606101357540002,,,,,,,,
kappa,65,-1,5031,0.11624829701622599,,,,,,,,
kappa,65,-1,5032,0.11639913081453085,,,,,,,,
kappa,65,-1,5033,0.11750160504828888,,,,,,,,
kappa,65,-1,5034,0.11669502280379443,,,,,,,,
kappa,65,-1,5035,0.11686559978521593,,,,,,,,
kappa,65,-1,5036,0.11715775727625584,,,,,,,,
kappa,65,-1,5037,0.11946241411482468,,,,,,,,
kappa,65,-1,5038,0.11629059165089889,,,,,,,,
kappa,65,-1,5039,0.11658250885305152,,,,,,,,
kappa,65,-1,5040,0.11594998780381932,,,,,,,,
kappa,65,-1,5041,0.11570892854601737,,,,,,,,
kappa,65,-1,5042,0.12439310042047898,,,,,,,,
kappa,65,-1,5043,0.15366690344070719,,,,,,,,
kappa,65,-1,5044,0.11615844431999153,,,,,,,,
kappa,65,-1,5045,0.1121726186623755,,,,,,,,
kappa,65,-1,5046,0.11199224520661659,,,,,,,,
kappa,65,-1,5047,0.11197168981407592,,,,,,,,
kappa,65,-1,5048,0.1117054408448117,,,,,,,,
kappa,65,-1,5049,0.11286170010763093,,,,,,,,
kappa,65,-1,5050,0.11246484930282186,,,,,,,,
kappa,65,-1,5051,0.11325155985910157,,,,,,,,
kappa,65,-1,5052,0.1132657511837102,,,,,,,,
kappa,65,-1,5053,0.11309258812222471,,,,,,,,
kappa,65,-1,5054,0.1133344544459336,,,,,,,,
kappa,65,-1,5055,0.11180712894725642,,,,,,,,
kappa,65,-1,5056,0.11522473852588037,,,,,,,,
kappa,65,-1,5057,0.11155514605139748,,,,,,,,
kappa,65,-1,5058,0.11308544780951876,,,,,,,,
kappa,65,-1,5059,0.11231455848883906,,,,,,,,
kappa,65,-1,5060,0.12010195349683547,,,,,,,,
kappa,65,-1,5061,0.15180110731620761,,,,,,,,
kappa,65,-1,5062,0.11496251505934048,,,,,,,,
kappa,65,-1,5063,0.11271135744865969,,,,,,,,
kappa,65,-1,5064,0.11091531120271671,,,,,,,,
kappa,65,-1,5065,0.11074772171675025,,,,,,,,
kappa,65,-1,5066,0.11240309215635653,,,,,,,,
kappa,65,-1,5067,0.11173753957484632,,,,,,,,
kappa,65,-1,5068,0.11236725368547366,,,,,,,,
kappa,65,-1,5069,0.11180026005739196,,,,,,,,
kappa,65,-1,5070,0.11175568502624671,,,,,,,,
kappa,65,-1,5071,0.11269417075268837,,,,,,,,
kappa,65,-1,5072,0.11168715275135926,,,,,,,,
kappa,65,-1,5073,0.11136720248429297,,,,,,,,
kappa,65,-1,5074,0.11480238161657456,,,,,,,,
kappa,65,-1,5075,0.11204019962458985,,,,,,,,
kappa,65,-1,5076,0.11116926903064218,,,,,,,,
kappa,65,-1,5077,0.11938208977306305,,,,,,,,
kappa,65,-1,5078,0.15513974459232635,,,,,,,,
kappa,65,-1,5079,0.11696966608720036,,,,,,,,
kappa,65,-1,5080,0.1119562991338742,,,,,,,,
kappa,65,-1,5081,0.11158862569108709,,,,,,,,
kappa,65,-1,5082,0.11284223178606133,,,,,,,,
kappa,65,-1,5083,0.11317066669989782,,,,,,,,
kappa,65,-1,5084,0.11281105812741254,,,,,,,,
kappa,65,-1,5085,0.11272487761981234,,,,,,,,
kappa,65,-1,5086,0.1123936957934079,,,,,,,,
kappa,65,-1,5087,0.11302782305143289,,,,,,,,
kappa,65,-1,5088,0.11269367692992559,,,,,,,,
kappa,65,-1,5089,0.11306529694636057,,,,,,,,
kappa,65,-1,5090,0.1122655936349037,,,,,,,,
kappa,65,-1,5091,0.11518460670525067,,,,,,,,
kappa,65,-1,5092,0.11181616738390257,,,,,,,,
kappa,65,-1,5093,0.11975529951458452,,,,,,,,
kappa,65,-1,5094,0.15396747868887975,,,,,,,,
kappa,65,-1,5095,0.11566144675208394,,,,,,,,
kappa,65,-1,5096,0.11206174020549294,,,,,,,,
kappa,65,-1,5097,0.1132576813854118,,,,,,,,
kappa,65,-1,5098,0.11310631945061486,,,,,,,,
kappa,65,-1,5099,0.11258313168131752,,,,,,,,
kappa,65,-1,5100,0.11249096645272949,,,,,,,,
kappa,65,-1,5101,0.1121688103532046,,,,,,,,
kappa,65,-1,5102,0.11300190882861741,,,,,,,,
kappa,65,-1,5103,0.11259024001032192,,,,,,,,
kappa,65,-1,5104,0.11268482536689831,,,,,,,,
kappa,65,-1,5105,0.11284101601179378,,,,,,,,
kappa,65,-1,5106,0.11182892691580308,,,,,,,,
kappa,65,-1,5107,0.11433911871262244,,,,,,,,
kappa,65,-1,5108,0.11976532474032085,,,,,,,,
kappa,65,-1,5109,0.15136354438276717,,,,,,,,
kappa,65,-1,5110,0.11411962690706993,,,,,,,,
kappa,65,-1,5111,0.11222400865605681,,,,,,,,
kappa,65,-1,5112,0.1114727218574021,,,,,,,,
kappa,65,-1,5113,0.11192568528107266,,,,,,,,
kappa,65,-1,5114,0.11146728430161371,,,,,,,,
kappa,65,-1,5115,0.11154459424470023,,,,,,,,
kappa,65,-1,5116,0.11265693823034996,,,,,,,,
kappa,65,-1,5117,0.112081815523179,,,,,,,,
kappa,65,-1,5118,0.11126836386490832,,,,,,,,
kappa,65,-1,5119,0.11187378270314476,,,,,,,,
kappa,65,-1,5120,0.11168055615183041,,,,,,,,
kappa,65,-1,5121,0.1103138184726261,,,,,,,,
kappa,65,-1,5122,0.12137077412621766,,,,,,,,
kappa,65,-1,5123,0.15106696061097405,,,,,,,,
kappa,65,-1,5124,0.11574974068849064,,,,,,,,
kappa,65,-1,5125,0.11152375507357759,,,,,,,,
kappa,65,-1,5126,0.11160027786806646,,,,,,,,
kappa,65,-1,5127,0.11157157447339543,,,,,,,,
kappa,65,-1,5128,0.11216003813130956,,,,,,,,
kappa,65,-1,5129,0.11269870133255852,,,,,,,,
kappa,65,-1,5130,0.11150224155895147,,,,,,,,
kappa,65,-1,5131,0.11141330075973167,,,,,,,,
kappa,65,-1,5132,0.11144419204271007,,,,,,,,
kappa,65,-1,5133,0.11123572300619712,,,,,,,,
kappa,65,-1,5134,0.11046697465443039,,,,,,,,
kappa,65,-1,5135,0.12128328577531018,,,,,,,,
kappa,65,-1,5136,0.1543964076347,,,,,,,,
kappa,65,-1,5137,0.11647641382695,,,,,,,,
kappa,65,-1,5138,0.11292887175717607,,,,,,,,
kappa,65,-1,5139,0.1127312846587062,,,,,,,,
kappa,65,-1,5140,0.11291360327937715,,,,,,,,
kappa,65,-1,5141,0.11299279705170368,,,,,,,,
kappa,65,-1,5142,0.11239694068475509,,,,,,,,
kappa,65,-1,5143,0.1125322181990446,,,,,,,,
kappa,65,-1,5144,0.1130277302075844,,,,,,,,
kappa,65,-1,5145,0.1123103312567949,,,,,,,,
kappa,65,-1,5146,0.11427573032475848,,,,,,,,
kappa,65,-1,5147,0.11959322067196286,,,,,,,,
kappa,65,-1,5148,0.15330201417561379,,,,,,,,
kappa,65,-1,5149,0.11711242071676896,,,,,,,,
kappa,65,-1,5150,0.11325260697903011,,,,,,,,
kappa,65,-1,5151,0.11182802754264251,,,,,,,,
kappa,65,-1,5152,0.11291985645825724,,,,,,,,
kappa,65,-1,5153,0.11218231367500245,,,,,,,,
kappa,65,-1,5154,0.11232512504138731,,,,,,,,
kappa,65,-1,5155,0.11182626321017396,,,,,,,,
kappa,65,-1,5156,0.1148329318399719,,,,,,,,
kappa,65,-1,5157,0.11100328420528775,,,,,,,,
kappa,65,-1,5158,0.11979749651488988,,,,,,,,
kappa,65,-1,5159,0.15515409614470577,,,,,,,,
kappa,65,-1,5160,0.11629847055110408,,,,,,,,
kappa,65,-1,5161,0.1127459301592597,,,,,,,,
kappa,65,-1,5162,0.11308142385332585,,,,,,,,
kappa,65,-1,5163,0.11220873336473651,,,,,,,,
kappa,65,-1,5164,0.11192125241715339,,,,,,,,
kappa,65,-1,5165,0.11507079367881567,,,,,,,,
kappa,65,-1,5166,0.11164804690379844,,,,,,,,
kappa,65,-1,5167,0.11211272521095889,,,,,,,,
kappa,65,-1,5168,0.1203104089118654,,,,,,,,
kappa,65,-1,5169,0.15412232690012539,,,,,,,,
kappa,65,-1,5170,0.11651473257546947,,,,,,,,
kappa,65,-1,5171,0.11331215767034539,,,,,,,,
kappa,65,-1,5172,0.1116550259969275,,,,,,,,
kappa,65,-1,5173,0.11495477335371199,,,,,,,,
kappa,65,-1,5174,0.11186962857078805,,,,,,,,
kappa,65,-1,5175,0.1119861680707383,,,,,,,,
kappa,65,-1,5176,0.11198242052052618,,,,,,,,
kappa,65,-1,5177,0.11972713435143119,,,,,,,,
kappa,65,-1,5178,0.15312588586051967,,,,,,,,
kappa,65,-1,5179,0.11719487947640003,,,,,,,,
kappa,65,-1,5180,0.11554488820413213,,,,,,,,
kappa,65,-1,5181,0.11164568483936924,,,,,,,,
kappa,65,-1,5182,0.11268013725703194,,,,,,,,
kappa,65,-1,5183,0.11192955372494878,,,,,,,,
kappa,65,-1,5184,0.1112108380830507,,,,,,,,
kappa,65,-1,5185,0.11971092593334932,,,,,,,,
kappa,65,-1,5186,0.17132336815116952,,,,,,,,
kappa,65,-1,5187,0.11715212540398874,,,,,,,,
kappa,65,-1,5188,0.11331490999905776,,,,,,,,
kappa,65,-1,5189,0.11306221339966999,,,,,,,,
kappa,65,-1,5190,0.11294854907268949,,,,,,,,
kappa,65,-1,5191,0.11222527281476419,,,,,,,,
kappa,65,-1,5192,0.12081054424233106,,,,,,,,
kappa,65,-1,5193,0.15320936989102374,,,,,,,,
kappa,65,-1,5194,0.11680982370017619,,,,,,,,
kappa,65,-1,5195,0.11252176170434364,,,,,,,,
kappa,65,-1,5196,0.11215988457487876,,,,,,,,
kappa,65,-1,5197,0.11128579538817952,,,,,,,,
kappa,65,-1,5198,0.11985246527598604,,,,,,,,
kappa,65,-1,5199,0.15324567094563929,,,,,,,,
kappa,65,-1,5200,0.11616441270932913,,,,,,,,
kappa,65,-1,5201,0.11256809150020289,,,,,,,,
kappa,65,-1,5202,0.11141490396958625,,,,,,,,
kappa,65,-1,5203,0.12004928909459643,,,,,,,,
kappa,65,-1,5204,0.15349740087737232,,,,,,,,
kappa,65,-1,5205,0.1162074695416062,,,,,,,,
kappa,65,-1,5206,0.11201591040723952,,,,,,,,
kappa,65,-1,5207,0.12023154790797881,,,,,,,,
kappa,65,-1,5208,0.15324049610018151,,,,,,,,
kappa,65,-1,5209,0.11567906765327116,,,,,,,,
kappa,65,-1,5210,0.11986251249573691,,,,,,,,
kappa,65,-1,5211,0.1516834439295055,,,,,,,,
kappa,65,-1,5212,0.12315440732818358,,,,,,,,
kappa,65,-1,5213,0.17918849409513624,,,,,,,,
kappa,65,-1,5214,0.25928105413372199,,,,,,,,
kappa,65,-1,5215,0.16626370831740486,,,,,,,,
kappa,65,-1,5216,0.15400377196704598,,,,,,,,
kappa,65,-1,5217,0.15110701509024477,,,,,,,,
kappa,65,-1,5218,0.15098968875650756,,,,,,,,
kappa,65,-1,5219,0.15126033693532295,,,,,,,,
kappa,65,-1,5220,0.15321151324400681,,,,,,,,
kappa,65,-1,5221,0.15543214168171843,,,,,,,,
kappa,65,-1,5222,0.15468093972879807,,,,,,,,
kappa,65,-1,5223,0.15775579169086545,,,,,,,,
kappa,65,-1,5224,0.15519108805954915,,,,,,,,
kappa,65,-1,5225,0.1527491279798581,,,,,,,,
kappa,65,-1,5226,0.15320355761386037,,,,,,,,
kappa,65,-1,5227,0.15194552608041076,,,,,,,,
kappa,65,-1,5228,0.16218285350398265,,,,,,,,
kappa,65,-1,5229,0.15272464680743186,,,,,,,,
kappa,65,-1,5230,0.15387061753300965,,,,,,,,
kappa,65,-1,5231,0.15339745945784669,,,,,,,,
kappa,65,-1,5232,0.16540284458929039,,,,,,,,
kappa,65,-1,5233,0.16592949771236182,,,,,,,,
kappa,65,-1,5234,0.12233875652008383,,,,,,,,
kappa,65,-1,5235,0.11559228812214263,,,,,,,,
kappa,65,-1,5236,0.11327334925273652,,,,,,,,
kappa,65,-1,5237,0.11568375390504326,,,,,,,,
kappa,65,-1,5238,0.11632333539940967,,,,,,,,
kappa,65,-1,5239,0.11672925867838486,,,,,,,,
kappa,65,-1,5240,0.11754511482754486,,,,,,,,
kappa,65,-1,5241,0.11652211935761798,,,,,,,,
kappa,65,-1,5242,0.1165832840519358,,,,,,,,
kappa,65,-1,5243,0.1166526632465117,,,,,,,,
kappa,65,-1,5244,0.11648110946331301,,,,,,,,
kappa,65,-1,5245,0.11654046778584461,,,,,,,,
kappa,65,-1,5246,0.11658879379210174,,,,,,,,
kappa,65,-1,5247,0.12004713690559565,,,,,,,,
kappa,65,-1,5248,0.11630850884159236,,,,,,,,
kappa,65,-1,5249,0.11531676449169496,,,,,,,,
kappa,65,-1,5250,0.12443748863935905,,,,,,,,
kappa,65,-1,5251,0.15286898072654143,,,,,,,,
kappa,65,-1,5252,0.11492256352458571,,,,,,,,
kappa,65,-1,5253,0.11210489467349166,,,,,,,,
kappa,65,-1,5254,0.111324837299468,,,,,,,,
kappa,65,-1,5255,0.11248295724116424,,,,,,,,
kappa,65,-1,5256,0.11230121041953625,,,,,,,,
kappa,65,-1,5257,0.11271366080840492,,,,,,,,
kappa,65,-1,5258,0.11259344604917068,,,,,,,,
kappa,65,-1,5259,0.11220439874558906,,,,,,,,
kappa,65,-1,5260,0.11124797851025882,,,,,,,,
kappa,65,-1,5261,0.11242427160357248,,,,,,,,
kappa,65,-1,5262,0.11207827127820053,,,,,,,,
kappa,65,-1,5263,0.11276158035085093,,,,,,,,
kappa,65,-1,5264,0.11107422464926425,,,,,,,,
kappa,65,-1,5265,0.1149315294770363,,,,,,,,
kappa,65,-1,5266,0.11097352089734189,,,,,,,,
kappa,65,-1,5267,0.11962736441145033,,,,,,,,
kappa,65,-1,5268,0.15754435683575085,,,,,,,,
kappa,65,-1,5269,0.11571028074612495,,,,,,,,
kappa,65,-1,5270,0.11198495773327724,,,,,,,,
kappa,65,-1,5271,0.11446602153799529,,,,,,,,
kappa,65,-1,5272,0.11271173666440501,,,,,,,,
kappa,65,-1,5273,0.11216587183418048,,,,,,,,
kappa,65,-1,5274,0.11182737526563265,,,,,,,,
kappa,65,-1,5275,0.11345174267663687,,,,,,,,
kappa,65,-1,5276,0.11266213731735406,,,,,,,,
kappa,65,-1,5277,0.11266537170691705,,,,,,,,
kappa,65,-1,5278,0.11278188114577962,,,,,,,,
kappa,65,-1,5279,0.11344206302654217,,,,,,,,
kappa,65,-1,5280,0.11283387050181053,,,,,,,,
kappa,65,-1,5281,0.11214498014655426,,,,,,,,
kappa,65,-1,5282,0.11692870853466984,,,,,,,,
kappa,65,-1,5283,0.11943084041746467,,,,,,,,
kappa,65,-1,5284,0.15099108501013844,,,,,,,,
kappa,65,-1,5285,0.113411997672889,,,,,,,,
kappa,65,-1,5286,0.11170123550973847,,,,,,,,
kappa,65,-1,5287,0.11136066258287178,,,,,,,,
kappa,65,-1,5288,0.11158482333622216,,,,,,,,
kappa,65,-1,5289,0.11188314673045656,,,,,,,,
kappa,65,-1,5290,0.11139659427020779,,,,,,,,
kappa,65,-1,5291,0.11186997403268581,,,,,,,,
kappa,65,-1,5292,0.11145661449302173,,,,,,,,
kappa,65,-1,5293,0.11115955954312468,,,,,,,,
kappa,65,-1,5294,0.1115905144260351,,,,,,,,
kappa,65,-1,5295,0.11167402065953273,,,,,,,,
kappa,65,-1,5296,0.11137564466094563,,,,,,,,
kappa,65,-1,5297,0.11051098164535801,,,,,,,,
kappa,65,-1,5298,0.12103080355350396,,,,,,,,
kappa,65,-1,5299,0.15143646850481579,,,,,,,,
kappa,65,-1,5300,0.11581393278981016,,,,,,,,
kappa,65,-1,5301,0.11166823025215222,,,,,,,,
kappa,65,-1,5302,0.11162493354326024,,,,,,,,
kappa,65,-1,5303,0.1125194923881169,,,,,,,,
kappa,65,-1,5304,0.11168519653063472,,,,,,,,
kappa,65,-1,5305,0.11149964917046155,,,,,,,,
kappa,65,-1,5306,0.11161813374506926,,,,,,,,
kappa,65,-1,5307,0.11202803008871956,,,,,,,,
kappa,65,-1,5308,0.11281373860383874,,,,,,,,
kappa,65,-1,5309,0.11115421860979834,,,,,,,,
kappa,65,-1,5310,0.11149484376863518,,,,,,,,
kappa,65,-1,5311,0.11036052153267324,,,,,,,,
kappa,65,-1,5312,0.12114967091906896,,,,,,,,
kappa,65,-1,5313,0.15374985880018405,,,,,,,,
kappa,65,-1,5314,0.11612388269387093,,,,,,,,
kappa,65,-1,5315,0.112475850926221,,,,,,,,
kappa,65,-1,5316,0.11193932008201699,,,,,,,,
kappa,65,-1,5317,0.11233331417203367,,,,,,,,
kappa,65,-1,5318,0.11266742027924341,,,,,,,,
kappa,65,-1,5319,0.11282004155886367,,,,,,,,
kappa,65,-1,5320,0.11302601616507581,,,,,,,,
kappa,65,-1,5321,0.11247381322126139,,,,,,,,
kappa,65,-1,5322,0.11256154544407714,,,,,,,,
kappa,65,-1,5323,0.11192151347316062,,,,,,,,
kappa,65,-1,5324,0.11427905997151951,,,,,,,,
kappa,65,-1,5325,0.11943703087169087,,,,,,,,
kappa,65,-1,5326,0.1546230695087559,,,,,,,,
kappa,65,-1,5327,0.11658693357403556,,,,,,,,
kappa,65,-1,5328,0.11294306693459913,,,,,,,,
kappa,65,-1,5329,0.11224004481824423,,,,,,,,
kappa,65,-1,5330,0.11260956930887123,,,,,,,,
kappa,65,-1,5331,0.1123711981100884,,,,,,,,
kappa,65,-1,5332,0.11227606950520529,,,,,,,,
kappa,65,-1,5333,0.11330014660968939,,,,,,,,
kappa,65,-1,5334,0.11243516107116247,,,,,,,,
kappa,65,-1,5335,0.11486185805054749,,,,,,,,
kappa,65,-1,5336,0.11093025529114574,,,,,,,,
kappa,65,-1,5337,0.11976750661203242,,,,,,,,
kappa,65,-1,5338,0.15389989893593528,,,,,,,,
kappa,65,-1,5339,0.11620139048785237,,,,,,,,
kappa,65,-1,5340,0.11324568657175643,,,,,,,,
kappa,65,-1,5341,0.11261461555701184,,,,,,,,
kappa,65,-1,5342,0.11183255272072319,,,,,,,,
kappa,65,-1,5343,0.11193649829091873,,,,,,,,
kappa,65,-1,5344,0.1126280212879401,,,,,,,,
kappa,65,-1,5345,0.11564907996001528,,,,,,,,
kappa,65,-1,5346,0.11201889174273431,,,,,,,,
kappa,65,-1,5347,0.11158921051405242,,,,,,,,
kappa,65,-1,5348,0.11958432097493485,,,,,,,,
kappa,65,-1,5349,0.15277986138629221,,,,,,,,
kappa,65,-1,5350,0.1176631072789365,,,,,,,,
kappa,65,-1,5351,0.11229925246678833,,,,,,,,
kappa,65,-1,5352,0.11221096849404487,,,,,,,,
kappa,65,-1,5353,0.11120504724668501,,,,,,,,
kappa,65,-1,5354,0.11716551362800175,,,,,,,,
kappa,65,-1,5355,0.11145624132684796,,,,,,,,
kappa,65,-1,5356,0.11251062526161257,,,,,,,,
kappa,65,-1,5357,0.11176476721818397,,,,,,,,
kappa,65,-1,5358,0.12004275303581025,,,,,,,,
kappa,65,-1,5359,0.15357951890504459,,,,,,,,
kappa,65,-1,5360,0.11629359159911971,,,,,,,,
kappa,65,-1,5361,0.11205582539706781,,,,,,,,
kappa,65,-1,5362,0.11517102090576992,,,,,,,,
kappa,65,-1,5363,0.11242621508435199,,,,,,,,
kappa,65,-1,5364,0.11202577985974985,,,,,,,,
kappa,65,-1,5365,0.11190041570240632,,,,,,,,
kappa,65,-1,5366,0.11189834992279377,,,,,,,,
kappa,65,-1,5367,0.12010817327135144,,,,,,,,
kappa,65,-1,5368,0.15217077920162028,,,,,,,,
kappa,65,-1,5369,0.11936350955585692,,,,,,,,
kappa,65,-1,5370,0.11117133186350152,,,,,,,,
kappa,65,-1,5371,0.112644165746649,,,,,,,,
kappa,65,-1,5372,0.11199509707674216,,,,,,,,
kappa,65,-1,5373,0.11204376708654788,,,,,,,,
kappa,65,-1,5374,0.11136924062583731,,,,,,,,
kappa,65,-1,5375,0.11985188406721338,,,,,,,,
kappa,65,-1,5376,0.15338887175258406,,,,,,,,
kappa,65,-1,5377,0.11680291852170527,,,,,,,,
kappa,65,-1,5378,0.11309693024417632,,,,,,,,
kappa,65,-1,5379,0.11210516591974036,,,,,,,,
kappa,65,-1,5380,0.1122787707819522,,,,,,,,
kappa,65,-1,5381,0.1111875803399044,,,,,,,,
kappa,65,-1,5382,0.11990866952054803,,,,,,,,
kappa,65,-1,5383,0.15283695637055006,,,,,,,,
kappa,65,-1,5384,0.11644439377774526,,,,,,,,
kappa,65,-1,5385,0.11158399212840084,,,,,,,,
kappa,65,-1,5386,0.11210890076034846,,,,,,,,
kappa,65,-1,5387,0.11165106625805939,,,,,,,,
kappa,65,-1,5388,0.11985221049602687,,,,,,,,
kappa,65,-1,5389,0.15710955352128822,,,,,,,,
kappa,65,-1,5390,0.11678927526086812,,,,,,,,
kappa,65,-1,5391,0.11333186175191969,,,,,,,,
kappa,65,-1,5392,0.11219286291362512,,,,,,,,
kappa,65,-1,5393,0.12014623440056604,,,,,,,,
kappa,65,-1,5394,0.15483502901723334,,,,,,,,
kappa,65,-1,5395,0.11628518277929001,,,,,,,,
kappa,65,-1,5396,0.11172505247015548,,,,,,,,
kappa,65,-1,5397,0.11963541101408459,,,,,,,,
kappa,65,-1,5398,0.15315524549377443,,,,,,,,
kappa,65,-1,5399,0.11480596852015638,,,,,,,,
kappa,65,-1,5400,0.11985943252814103,,,,,,,,
kappa,65,-1,5401,0.15336870190697835,,,,,,,,
kappa,65,-1,5402,0.12276447050242499,,,,,,,,
kappa,65,-1,5403,0.1790310495100077,,,,,,,,
kappa,65,-1,5404,0.25998814210928817,,,,,,,,
kappa,65,-1,5405,0.16561795808110166,,,,,,,,
kappa,65,-1,5406,0.15149173346073022,,,,,,,,
kappa,65,-1,5407,0.15108467503417874,,,,,,,,
kappa,65,-1,5408,0.15488807134697768,,,,,,,,
kappa,65,-1,5409,0.15861554142660458,,,,,,,,
kappa,65,-1,5410,0.15470724421941087,,,,,,,,
kappa,65,-1,5411,0.15279876345278606,,,,,,,,
kappa,65,-1,5412,0.15276648345560231,,,,,,,,
kappa,65,-1,5413,0.15400682465218821,,,,,,,,
kappa,65,-1,5414,0.15857081869033712,,,,,,,,
kappa,65,-1,5415,0.15380948971872771,,,,,,,,
kappa,65,-1,5416,0.15367153462702268,,,,,,,,
kappa,65,-1,5417,0.15362144271497974,,,,,,,,
kappa,65,-1,5418,0.15174439079417978,,,,,,,,
kappa,65,-1,5419,0.16321717601795491,,,,,,,,
kappa,65,-1,5420,0.15082208810879585,,,,,,,,
kappa,65,-1,5421,0.16423815207717765,,,,,,,,
kappa,65,-1,5422,0.16661815229175175,,,,,,,,
kappa,65,-1,5423,0.12270745843353643,,,,,,,,
kappa,65,-1,5424,0.11628965180215618,,,,,,,,
kappa,65,-1,5425,0.1167817208413032,,,,,,,,
kappa,65,-1,5426,0.116226472879829,,,,,,,,
kappa,65,-1,5427,0.11633438396744211,,,,,,,,
kappa,65,-1,5428,0.11615124121830556,,,,,,,,
kappa,65,-1,5429,0.11624715555791916,,,,,,,,
kappa,65,-1,5430,0.11647675518869739,,,,,,,,
kappa,65,-1,5431,0.11638019302600167,,,,,,,,
kappa,65,-1,5432,0.11589804050184857,,,,,,,,
kappa,65,-1,5433,0.115986390874582,,,,,,,,
kappa,65,-1,5434,0.11585882401701116,,,,,,,,
kappa,65,-1,5435,0.1160617069983913,,,,,,,,
kappa,65,-1,5436,0.11618731202266519,,,,,,,,
kappa,65,-1,5437,0.11826054089040453,,,,,,,,
kappa,65,-1,5438,0.12453477413522344,,,,,,,,
kappa,65,-1,5439,0.15259807032309694,,,,,,,,
kappa,65,-1,5440,0.11284218831612597,,,,,,,,
kappa,65,-1,5441,0.11257558562879147,,,,,,,,
kappa,65,-1,5442,0.1114981431585506,,,,,,,,
kappa,65,-1,5443,0.1117999238463174,,,,,,,,
kappa,65,-1,5444,0.11181861241613388,,,,,,,,
kappa,65,-1,5445,0.11202073206780341,,,,,,,,
kappa,65,-1,5446,0.11173003732741782,,,,,,,,
kappa,65,-1,5447,0.11188319265532572,,,,,,,,
kappa,65,-1,5448,0.11191206871201458,,,,,,,,
kappa,65,-1,5449,0.11167517714538547,,,,,,,,
kappa,65,-1,5450,0.11180631574121008,,,,,,,,
kappa,65,-1,5451,0.11191846511861521,,,,,,,,
kappa,65,-1,5452,0.11218557677269221,,,,,,,,
kappa,65,-1,5453,0.11092857141350916,,,,,,,,
kappa,65,-1,5454,0.12075847414985851,,,,,,,,
kappa,65,-1,5455,0.15109402138734068,,,,,,,,
kappa,65,-1,5456,0.11575968941035447,,,,,,,,
kappa,65,-1,5457,0.11148138676329364,,,,,,,,
kappa,65,-1,5458,0.11164764485512141,,,,,,,,
kappa,65,-1,5459,0.11185022066557281,,,,,,,,
kappa,65,-1,5460,0.11150932947456835,,,,,,,,
kappa,65,-1,5461,0.11140864185785897,,,,,,,,
kappa,65,-1,5462,0.11170299448113288,,,,,,,,
kappa,65,-1,5463,0.11170920848201969,,,,,,,,
kappa,65,-1,5464,0.11137050005620523,,,,,,,,
kappa,65,-1,5465,0.11111743416040266,,,,,,,,
kappa,65,-1,5466,0.11224104958741335,,,,,,,,
kappa,65,-1,5467,0.11186398935585733,,,,,,,,
kappa,65,-1,5468,0.11037834544240389,,,,,,,,
kappa,65,-1,5469,0.12099943030387543,,,,,,,,
kappa,65,-1,5470,0.15465462227676424,,,,,,,,
kappa,65,-1,5471,0.11592678410538093,,,,,,,,
kappa,65,-1,5472,0.11269651889771745,,,,,,,,
kappa,65,-1,5473,0.11225663079726199,,,,,,,,
kappa,65,-1,5474,0.11347397205107157,,,,,,,,
kappa,65,-1,5475,0.11236044684735474,,,,,,,,
kappa,65,-1,5476,0.11263938842907759,,,,,,,,
kappa,65,-1,5477,0.1125559368659341,,,,,,,,
kappa,65,-1,5478,0.11313951207362176,,,,,,,,
kappa,65,-1,5479,0.11277344826603825,,,,,,,,
kappa,65,-1,5480,0.11264026775541758,,,,,,,,
kappa,65,-1,5481,0.1124625269112484,,,,,,,,
kappa,65,-1,5482,0.11449410595255981,,,,,,,,
kappa,65,-1,5483,0.11935085193044351,,,,,,,,
kappa,65,-1,5484,0.15501440363393432,,,,,,,,
kappa,65,-1,5485,0.11597528844577863,,,,,,,,
kappa,65,-1,5486,0.11183669998994167,,,,,,,,
kappa,65,-1,5487,0.11167891178574912,,,,,,,,
kappa,65,-1,5488,0.11222617403092709,,,,,,,,
kappa,65,-1,5489,0.11522759415162738,,,,,,,,
kappa,65,-1,5490,0.11234367342090056,,,,,,,,
kappa,65,-1,5491,0.11240807953550967,,,,,,,,
kappa,65,-1,5492,0.11233699591532154,,,,,,,,
kappa,65,-1,5493,0.11143750164216569,,,,,,,,
kappa,65,-1,5494,0.12007916445304749,,,,,,,,
kappa,65,-1,5495,0.1106438692189167,,,,,,,,
kappa,65,-1,5496,0.11958518689047949,,,,,,,,
kappa,65,-1,5497,0.15370449424664342,,,,,,,,
kappa,65,-1,5498,0.11634815707632015,,,,,,,,
kappa,65,-1,5499,0.11289934737220024,,,,,,,,
kappa,65,-1,5500,0.11233445559350429,,,,,,,,
kappa,65,-1,5501,0.11245645149030101,,,,,,,,
kappa,65,-1,5502,0.11294559880127911,,,,,,,,
kappa,65,-1,5503,0.113212343598089,,,,,,,,
kappa,65,-1,5504,0.11178987769836689,,,,,,,,
kappa,65,-1,5505,0.11514166878250294,,,,,,,,
kappa,65,-1,5506,0.11241405218146913,,,,,,,,
kappa,65,-1,5507,0.11109963362518968,,,,,,,,
kappa,65,-1,5508,0.11984643671398229,,,,,,,,
kappa,65,-1,5509,0.15206733690192017,,,,,,,,
kappa,65,-1,5510,0.116426723915442,,,,,,,,
kappa,65,-1,5511,0.11266982401810603,,,,,,,,
kappa,65,-1,5512,0.11279917491861388,,,,,,,,
kappa,65,-1,5513,0.11270434757214175,,,,,,,,
kappa,65,-1,5514,0.11194120302196235,,,,,,,,
kappa,65,-1,5515,0.11482746936999862,,,,,,,,
kappa,65,-1,5516,0.11329779442348514,,,,,,,,
kappa,65,-1,5517,0.11251179148041116,,,,,,,,
kappa,65,-1,5518,0.11155679097173828,,,,,,,,
kappa,65,-1,5519,0.11955593678310419,,,,,,,,
kappa,65,-1,5520,0.15433836967543613,,,,,,,,
kappa,65,-1,5521,0.11702906873670611,,,,,,,,
kappa,65,-1,5522,0.11309945421687739,,,,,,,,
kappa,65,-1,5523,0.11165424810954759,,,,,,,,
kappa,65,-1,5524,0.11559502070666579,,,,,,,,
kappa,65,-1,5525,0.11200944270953987,,,,,,,,
kappa,65,-1,5526,0.11249007216335759,,,,,,,,
kappa,65,-1,5527,0.11266658176344914,,,,,,,,
kappa,65,-1,5528,0.11190546108435395,,,,,,,,
kappa,65,-1,5529,0.11994996296726647,,,,,,,,
kappa,65,-1,5530,0.15476060614721404,,,,,,,,
kappa,65,-1,5531,0.11623253238759845,,,,,,,,
kappa,65,-1,5532,0.11523719515323344,,,,,,,,
kappa,65,-1,5533,0.11221755366919439,,,,,,,,
kappa,65,-1,5534,0.11261448671155184,,,,,,,,
kappa,65,-1,5535,0.11233524501473367,,,,,,,,
kappa,65,-1,5536,0.11236510112010974,,,,,,,,
kappa,65,-1,5537,0.111210658513551,,,,,,,,
kappa,65,-1,5538,0.12023864811127137,,,,,,,,
kappa,65,-1,5539,0.16328183167179117,,,,,,,,
kappa,65,-1,5540,0.11642864352636413,,,,,,,,
kappa,65,-1,5541,0.11297619049519361,,,,,,,,
kappa,65,-1,5542,0.11258823417023175,,,,,,,,
kappa,65,-1,5543,0.1126647016489578,,,,,,,,
kappa,65,-1,5544,0.11517901976629927,,,,,,,,
kappa,65,-1,5545,0.11205684944708806,,,,,,,,
kappa,65,-1,5546,0.1196876361123563,,,,,,,,
kappa,65,-1,5547,0.15340609210071515,,,,,,,,
kappa,65,-1,5548,0.11680334643992885,,,,,,,,
kappa,65,-1,5549,0.11286943821461488,,,,,,,,
kappa,65,-1,5550,0.11230537073371435,,,,,,,,
kappa,65,-1,5551,0.11265322908224759,,,,,,,,
kappa,65,-1,5552,0.11110714023393826,,,,,,,,
kappa,65,-1,5553,0.11987183793964333,,,,,,,,
kappa,65,-1,5554,0.15496601753236763,,,,,,,,
kappa,65,-1,5555,0.11599986063012892,,,,,,,,
kappa,65,-1,5556,0.11219919753716733,,,,,,,,
kappa,65,-1,5557,0.11240744581150412,,,,,,,,
kappa,65,-1,5558,0.11202028117470979,,,,,,,,
kappa,65,-1,5559,0.11969668571277681,,,,,,,,
kappa,65,-1,5560,0.15376770858939315,,,,,,,,
kappa,65,-1,5561,0.11666995831805531,,,,,,,,
kappa,65,-1,5562,0.1124151395993943,,,,,,,,
kappa,65,-1,5563,0.1115651053024187,,,,,,,,
kappa,65,-1,5564,0.11953037468665415,,,,,,,,
kappa,65,-1,5565,0.15395735767080646,,,,,,,,
kappa,65,-1,5566,0.11669614991251587,,,,,,,,
kappa,65,-1,5567,0.11135517646455734,,,,,,,,
kappa,65,-1,5568,0.1197204404034475,,,,,,,,
kappa,65,-1,5569,0.15840485943405963,,,,,,,,
kappa,65,-1,5570,0.11575232359365809,,,,,,,,
kappa,65,-1,5571,0.11982579046239419,,,,,,,,
kappa,65,-1,5572,0.15049244171326351,,,,,,,,
kappa,65,-1,5573,0.12306394090476773,,,,,,,,
kappa,65,-1,5574,0.17924682268087624,,,,,,,,
kappa,65,-1,5575,0.24949201566892648,,,,,,,,
kappa,65,-1,5576,0.15752356295962988,,,,,,,,
kappa,65,-1,5577,0.15454532326022144,,,,,,,,
kappa,65,-1,5578,0.15184307495356289,,,,,,,,
kappa,65,-1,5579,0.15156587098130658,,,,,,,,
kappa,65,-1,5580,0.15127962727876779,,,,,,,,
kappa,65,-1,5581,0.15175964422709889,,,,,,,,
kappa,65,-1,5582,0.15107634946990592,,,,,,,,
kappa,65,-1,5583,0.15303659941212283,,,,,,,,
kappa,65,-1,5584,0.15158343597705889,,,,,,,,
kappa,65,-1,5585,0.15151395503458001,,,,,,,,
kappa,65,-1,5586,0.14789959768587382,,,,,,,,
kappa,65,-1,5587,0.15140622571684137,,,,,,,,
kappa,65,-1,5588,0.15113555307012758,,,,,,,,
kappa,65,-1,5589,0.15103505901837491,,,,,,,,
kappa,65,-1,5590,0.14933308626955516,,,,,,,,
kappa,65,-1,5591,0.16822576931434316,,,,,,,,
kappa,65,-1,5592,0.15883047880017651,,,,,,,,
kappa,65,-1,5593,0.12107443533912814,,,,,,,,
kappa,65,-1,5594,0.11510610230666378,,,,,,,,
kappa,65,-1,5595,0.11481885180454864,,,,,,,,
kappa,65,-1,5596,0.11481140935086265,,,,,,,,
kappa,65,-1,5597,0.11479888507785589,,,,,,,,
kappa,65,-1,5598,0.11457176332804983,,,,,,,,
kappa,65,-1,5599,0.11549278464011273,,,,,,,,
kappa,65,-1,5600,0.1150092531920691,,,,,,,,
kappa,65,-1,5601,0.11471320576914043,,,,,,,,
kappa,65,-1,5602,0.11378189825823271,,,,,,,,
kappa,65,-1,5603,0.11439991083995869,,,,,,,,
kappa,65,-1,5604,0.11439458933404743,,,,,,,,
kappa,65,-1,5605,0.11457712717053287,,,,,,,,
kappa,65,-1,5606,0.11474816048515163,,,,,,,,
kappa,65,-1,5607,0.12614496897592556,,,,,,,,
kappa,65,-1,5608,0.15431359777787509,,,,,,,,
kappa,65,-1,5609,0.11617883107151041,,,,,,,,
kappa,65,-1,5610,0.11257397921060758,,,,,,,,
kappa,65,-1,5611,0.11237251917008388,,,,,,,,
kappa,65,-1,5612,0.11232353268029457,,,,,,,,
kappa,65,-1,5613,0.11246162078358064,,,,,,,,
kappa,65,-1,5614,0.11182595203369597,,,,,,,,
kappa,65,-1,5615,0.11235887499977248,,,,,,,,
kappa,65,-1,5616,0.11259964762676937,,,,,,,,
kappa,65,-1,5617,0.11227680784819995,,,,,,,,
kappa,65,-1,5618,0.11203513105284357,,,,,,,,
kappa,65,-1,5619,0.11244974764741163,,,,,,,,
kappa,65,-1,5620,0.11174049918088856,,,,,,,,
kappa,65,-1,5621,0.11454077680920025,,,,,,,,
kappa,65,-1,5622,0.1190717850009007,,,,,,,,
kappa,65,-1,5623,0.15314640749946667,,,,,,,,
kappa,65,-1,5624,0.11591789521220063,,,,,,,,
kappa,65,-1,5625,0.11186277662799889,,,,,,,,
kappa,65,-1,5626,0.11181523129185286,,,,,,,,
kappa,65,-1,5627,0.11227162381555196,,,,,,,,
kappa,65,-1,5628,0.11193929384498508,,,,,,,,
kappa,65,-1,5629,0.11154209095583274,,,,,,,,
kappa,65,-1,5630,0.11226599398253105,,,,,,,,
kappa,65,-1,5631,0.11296449237114045,,,,,,,,
kappa,65,-1,5632,0.11147511924319123,,,,,,,,
kappa,65,-1,5633,0.11202519839629554,,,,,,,,
kappa,65,-1,5634,0.11444030828867778,,,,,,,,
kappa,65,-1,5635,0.11086862014205989,,,,,,,,
kappa,65,-1,5636,0.11923610741503014,,,,,,,,
kappa,65,-1,5637,0.1527020734288202,,,,,,,,
kappa,65,-1,5638,0.11612762390273601,,,,,,,,
kappa,65,-1,5639,0.11180719318557145,,,,,,,,
kappa,65,-1,5640,0.11188240777553535,,,,,,,,
kappa,65,-1,5641,0.11190721578127195,,,,,,,,
kappa,65,-1,5642,0.1124618263427361,,,,,,,,
kappa,65,-1,5643,0.11202595984101014,,,,,,,,
kappa,65,-1,5644,0.11127070522830619,,,,,,,,
kappa,65,-1,5645,0.11236775784632148,,,,,,,,
kappa,65,-1,5646,0.11470258224737254,,,,,,,,
kappa,65,-1,5647,0.11139419875946632,,,,,,,,
kappa,65,-1,5648,0.11086940563814948,,,,,,,,
kappa,65,-1,5649,0.11944672207988641,,,,,,,,
kappa,65,-1,5650,0.15260132696320039,,,,,,,,
kappa,65,-1,5651,0.11619198674431863,,,,,,,,
kappa,65,-1,5652,0.11227578962113235,,,,,,,,
kappa,65,-1,5653,0.11166120412410732,,,,,,,,
kappa,65,-1,5654,0.11164898093993551,,,,,,,,
kappa,65,-1,5655,0.11178500634496974,,,,,,,,
kappa,65,-1,5656,0.11260701183408717,,,,,,,,
kappa,65,-1,5657,0.11488012670005535,,,,,,,,
kappa,65,-1,5658,0.11181599151657827,,,,,,,,
kappa,65,-1,5659,0.11095479321406632,,,,,,,,
kappa,65,-1,5660,0.11140584615463842,,,,,,,,
kappa,65,-1,5661,0.11928701659736053,,,,,,,,
kappa,65,-1,5662,0.15318576930688865,,,,,,,,
kappa,65,-1,5663,0.11533588526938529,,,,,,,,
kappa,65,-1,5664,0.1119059492057521,,,,,,,,
kappa,65,-1,5665,0.11136516602568711,,,,,,,,
kappa,65,-1,5666,0.11189390067795972,,,,,,,,
kappa,65,-1,5667,0.1156798632082337,,,,,,,,
kappa,65,-1,5668,0.11110884644730386,,,,,,,,
kappa,65,-1,5669,0.11204980050798674,,,,,,,,
kappa,65,-1,5670,0.11184617878227784,,,,,,,,
kappa,65,-1,5671,0.11079493757986407,,,,,,,,
kappa,65,-1,5672,0.11926345706385776,,,,,,,,
kappa,65,-1,5673,0.15283398790600841,,,,,,,,
kappa,65,-1,5674,0.11576878546703789,,,,,,,,
kappa,65,-1,5675,0.11160630190964275,,,,,,,,
kappa,65,-1,5676,0.11483241107464261,,,,,,,,
kappa,65,-1,5677,0.1111175927854217,,,,,,,,
kappa,65,-1,5678,0.11215029269748873,,,,,,,,
kappa,65,-1,5679,0.11189302860710705,,,,,,,,
kappa,65,-1,5680,0.11195126350421272,,,,,,,,
kappa,65,-1,5681,0.11149121055024859,,,,,,,,
kappa,65,-1,5682,0.11919630854576703,,,,,,,,
kappa,65,-1,5683,0.15376542768916751,,,,,,,,
kappa,65,-1,5684,0.11927772167305599,,,,,,,,
kappa,65,-1,5685,0.11109983155621653,,,,,,,,
kappa,65,-1,5686,0.11168039410958087,,,,,,,,
kappa,65,-1,5687,0.11213648172504506,,,,,,,,
kappa,65,-1,5688,0.11169554449859109,,,,,,,,
kappa,65,-1,5689,0.11172289317116649,,,,,,,,
kappa,65,-1,5690,0.11114149973995131,,,,,,,,
kappa,65,-1,5691,0.12006798080267436,,,,,,,,
kappa,65,-1,5692,0.15160865311179295,,,,,,,,
kappa,65,-1,5693,0.11574416221879058,,,,,,,,
kappa,65,-1,5694,0.11204938179690402,,,,,,,,
kappa,65,-1,5695,0.11169130423248765,,,,,,,,
kappa,65,-1,5696,0.11160608706555732,,,,,,,,
kappa,65,-1,5697,0.11162928184824332,,,,,,,,
kappa,65,-1,5698,0.11076689163259998,,,,,,,,
kappa,65,-1,5699,0.1199286093484352,,,,,,,,
kappa,65,-1,5700,0.15280791306282851,,,,,,,,
kappa,65,-1,5701,0.11641755668634762,,,,,,,,
kappa,65,-1,5702,0.11242529930987279,,,,,,,,
kappa,65,-1,5703,0.11223064843879861,,,,,,,,
kappa,65,-1,5704,0.11166707104047617,,,,,,,,
kappa,65,-1,5705,0.11136940051012426,,,,,,,,
kappa,65,-1,5706,0.11937726712916097,,,,,,,,
kappa,65,-1,5707,0.15513536788815216,,,,,,,,
kappa,65,-1,5708,0.11616721040027868,,,,,,,,
kappa,65,-1,5709,0.11221253043269529,,,,,,,,
kappa,65,-1,5710,0.11228103432928271,,,,,,,,
kappa,65,-1,5711,0.11054958198044032,,,,,,,,
kappa,65,-1,5712,0.12001148911793771,,,,,,,,
kappa,65,-1,5713,0.15301976022379238,,,,,,,,
kappa,65,-1,5714,0.11607248000918538,,,,,,,,
kappa,65,-1,5715,0.11261824234833218,,,,,,,,
kappa,65,-1,5716,0.1111837932288116,,,,,,,,
kappa,65,-1,5717,0.11938242277167346,,,,,,,,
kappa,65,-1,5718,0.15288398034823344,,,,,,,,
kappa,65,-1,5719,0.11546020361586214,,,,,,,,
kappa,65,-1,5720,0.11174957433696404,,,,,,,,
kappa,65,-1,5721,0.11908732985830779,,,,,,,,
kappa,65,-1,5722,0.15258683979168117,,,,,,,,
kappa,65,-1,5723,0.11495867704216452,,,,,,,,
kappa,65,-1,5724,0.1195043168288465,,,,,,,,
kappa,65,-1,5725,0.15063023471537892,,,,,,,,
kappa,65,-1,5726,0.12308440105393968,,,,,,,,
kappa,65,-1,5727,0.18080893787121283,,,,,,,,
kappa,65,-1,5728,0.25938208677694613,,,,,,,,
kappa,65,-1,5729,0.16589533609819138,,,,,,,,
kappa,65,-1,5730,0.15435937743968803,,,,,,,,
kappa,65,-1,5731,0.15511299434177697,,,,,,,,
kappa,65,-1,5732,0.15409222253069707,,,,,,,,
kappa,65,-1,5733,0.1535586155003727,,,,,,,,
kappa,65,-1,5734,0.15428473832154121,,,,,,,,
kappa,65,-1,5735,0.15751430861468968,,,,,,,,
kappa,65,-1,5736,0.15397758320820853,,,,,,,,
kappa,65,-1,5737,0.15404058558077369,,,,,,,,
kappa,65,-1,5738,0.15382485952969227,,,,,,,,
kappa,65,-1,5739,0.15387868399272348,,,,,,,,
kappa,65,-1,5740,0.15419836785127103,,,,,,,,
kappa,65,-1,5741,0.15240380763515998,,,,,,,,
kappa,65,-1,5742,0.161240545693283,,,,,,,,
kappa,65,-1,5743,0.16389320584935083,,,,,,,,
kappa,65,-1,5744,0.16616662134518206,,,,,,,,
kappa,65,-1,5745,0.12252577310470751,,,,,,,,
kappa,65,-1,5746,0.11595446373312457,,,,,,,,
kappa,65,-1,5747,0.11639352235539852,,,,,,,,
kappa,65,-1,5748,0.11653880370702101,,,,,,,,
kappa,65,-1,5749,0.11663529157060103,,,,,,,,
kappa,65,-1,5750,0.11692112919041568,,,,,,,,
kappa,65,-1,5751,0.11694644768157492,,,,,,,,
kappa,65,-1,5752,0.11671683863571443,,,,,,,,
kappa,65,-1,5753,0.116433320815698,,,,,,,,
kappa,65,-1,5754,0.11675845118263645,,,,,,,,
kappa,65,-1,5755,0.11641678567488756,,,,,,,,
kappa,65,-1,5756,0.11917607175151018,,,,,,,,
kappa,65,-1,5757,0.11560134087800862,,,,,,,,
kappa,65,-1,5758,0.12444420968261817,,,,,,,,
kappa,65,-1,5759,0.154190132506211,,,,,,,,
kappa,65,-1,5760,0.11616077995204233,,,,,,,,
kappa,65,-1,5761,0.11338256792420152,,,,,,,,
kappa,65,-1,5762,0.1127000171023594,,,,,,,,
kappa,65,-1,5763,0.1131903643457611,,,,,,,,
kappa,65,-1,5764,0.11322362108598419,,,,,,,,
kappa,65,-1,5765,0.11326194141414102,,,,,,,,
kappa,65,-1,5766,0.11243765202718137,,,,,,,,
kappa,65,-1,5767,0.11286737219829332,,,,,,,,
kappa,65,-1,5768,0.11190994170721939,,,,,,,,
kappa,65,-1,5769,0.11536392581876266,,,,,,,,
kappa,65,-1,5770,0.11180568451144748,,,,,,,,
kappa,65,-1,5771,0.11251962144902514,,,,,,,,
kappa,65,-1,5772,0.12011935351844118,,,,,,,,
kappa,65,-1,5773,0.15346480058550416,,,,,,,,
kappa,65,-1,5774,0.11636818212435979,,,,,,,,
kappa,65,-1,5775,0.1125528981599845,,,,,,,,
kappa,65,-1,5776,0.11243195160505277,,,,,,,,
kappa,65,-1,5777,0.11283879035980475,,,,,,,,
kappa,65,-1,5778,0.11256901627368775,,,,,,,,
kappa,65,-1,5779,0.11240434969132967,,,,,,,,
kappa,65,-1,5780,0.11231451691744884,,,,,,,,
kappa,65,-1,5781,0.11479282844638244,,,,,,,,
kappa,65,-1,5782,0.1122798310413709,,,,,,,,
kappa,65,-1,5783,0.11212872861376105,,,,,,,,
kappa,65,-1,5784,0.11290801422588162,,,,,,,,
kappa,65,-1,5785,0.11996734916583522,,,,,,,,
kappa,65,-1,5786,0.15472417157434679,,,,,,,,
kappa,65,-1,5787,0.11619726762911742,,,,,,,,
kappa,65,-1,5788,0.11321011445136227,,,,,,,,
kappa,65,-1,5789,0.11310674599885878,,,,,,,,
kappa,65,-1,5790,0.11319386103503025,,,,,,,,
kappa,65,-1,5791,0.11234480033449047,,,,,,,,
kappa,65,-1,5792,0.11506434054409449,,,,,,,,
kappa,65,-1,5793,0.11234716625937008,,,,,,,,
kappa,65,-1,5794,0.11290434278282947,,,,,,,,
kappa,65,-1,5795,0.11246968435745361,,,,,,,,
kappa,65,-1,5796,0.11197362308945155,,,,,,,,
kappa,65,-1,5797,0.11978230533114777,,,,,,,,
kappa,65,-1,5798,0.15344153519885467,,,,,,,,
kappa,65,-1,5799,0.11615647518099767,,,,,,,,
kappa,65,-1,5800,0.1128168186032652,,,,,,,,
kappa,65,-1,5801,0.11179120725928819,,,,,,,,
kappa,65,-1,5802,0.11497566412720302,,,,,,,,
kappa,65,-1,5803,0.1128922163240029,,,,,,,,
kappa,65,-1,5804,0.11322978269550654,,,,,,,,
kappa,65,-1,5805,0.11228683396623804,,,,,,,,
kappa,65,-1,5806,0.11208198797111332,,,,,,,,
kappa,65,-1,5807,0.1118012053983444,,,,,,,,
kappa,65,-1,5808,0.11955165604928542,,,,,,,,
kappa,65,-1,5809,0.15380339460713616,,,,,,,,
kappa,65,-1,5810,0.11655646477695117,,,,,,,,
kappa,65,-1,5811,0.11520999538584338,,,,,,,,
kappa,65,-1,5812,0.11229233443713685,,,,,,,,
kappa,65,-1,5813,0.11292815771824054,,,,,,,,
kappa,65,-1,5814,0.1126001723576522,,,,,,,,
kappa,65,-1,5815,0.11273032002304431,,,,,,,,
kappa,65,-1,5816,0.11266381313191957,,,,,,,,
kappa,65,-1,5817,0.11204512742833179,,,,,,,,
kappa,65,-1,5818,0.11968739819639385,,,,,,,,
kappa,65,-1,5819,0.16214269775642173,,,,,,,,
kappa,65,-1,5820,0.11719387207229412,,,,,,,,
kappa,65,-1,5821,0.11336738703457781,,,,,,,,
kappa,65,-1,5822,0.11307928122233614,,,,,,,,
kappa,65,-1,5823,0.11247278368813705,,,,,,,,
kappa,65,-1,5824,0.11337410915869511,,,,,,,,
kappa,65,-1,5825,0.11287794261437709,,,,,,,,
kappa,65,-1,5826,0.11310579470354645,,,,,,,,
kappa,65,-1,5827,0.12016799145112413,,,,,,,,
kappa,65,-1,5828,0.15474529998279224,,,,,,,,
kappa,65,-1,5829,0.11658606496289407,,,,,,,,
kappa,65,-1,5830,0.11272030242864023,,,,,,,,
kappa,65,-1,5831,0.11280057206191035,,,,,,,,
kappa,65,-1,5832,0.11248970890711098,,,,,,,,
kappa,65,-1,5833,0.1118194441186324,,,,,,,,
kappa,65,-1,5834,0.11220538944351963,,,,,,,,
kappa,65,-1,5835,0.12038186603150404,,,,,,,,
kappa,65,-1,5836,0.15342582549469624,,,,,,,,
kappa,65,-1,5837,0.11636491503840334,,,,,,,,
kappa,65,-1,5838,0.112417754179858,,,,,,,,
kappa,65,-1,5839,0.11252459568010549,,,,,,,,
kappa,65,-1,5840,0.11294887612005353,,,,,,,,
kappa,65,-1,5841,0.11204585876380163,,,,,,,,
kappa,65,-1,5842,0.11974228032782919,,,,,,,,
kappa,65,-1,5843,0.15449682993199054,,,,,,,,
kappa,65,-1,5844,0.11686765637362144,,,,,,,,
kappa,65,-1,5845,0.11289580731229547,,,,,,,,
kappa,65,-1,5846,0.11189716729951847,,,,,,,,
kappa,65,-1,5847,0.11215664945861196,,,,,,,,
kappa,65,-1,5848,0.1198481675354565,,,,,,,,
kappa,65,-1,5849,0.15378788571399687,,,,,,,,
kappa,65,-1,5850,0.11657599935803639,,,,,,,,
kappa,65,-1,5851,0.11251214097772656,,,,,,,,
kappa,65,-1,5852,0.11269710764981762,,,,,,,,
kappa,65,-1,5853,0.11983443055820291,,,,,,,,
kappa,65,-1,5854,0.15424780672436941,,,,,,,,
kappa,65,-1,5855,0.11625013181552175,,,,,,,,
kappa,65,-1,5856,0.11210507137652609,,,,,,,,
kappa,65,-1,5857,0.11974075295187221,,,,,,,,
kappa,65,-1,5858,0.15278345275865807,,,,,,,,
kappa,65,-1,5859,0.11559410010233276,,,,,,,,
kappa,65,-1,5860,0.11933469430927426,,,,,,,,
kappa,65,-1,5861,0.15513423293024542,,,,,,,,
kappa,65,-1,5862,0.12340439866957173,,,,,,,,
kappa,65,-1,5863,0.17996926749971282,,,,,,,,
kappa,65,-1,5864,0.2587992702386398,,,,,,,,
kappa,65,-1,5865,0.16618508591004452,,,,,,,,
kappa,65,-1,5866,0.15495680732036238,,,,,,,,
kappa,65,-1,5867,0.15274505455680226,,,,,,,,
kappa,65,-1,5868,0.15332453889282588,,,,,,,,
kappa,65,-1,5869,0.15284026161333225,,,,,,,,
kappa,65,-1,5870,0.15381725840662977,,,,,,,,
kappa,65,-1,5871,0.15594317832889906,,,,,,,,
kappa,65,-1,5872,0.15427102845493224,,,,,,,,
kappa,65,-1,5873,0.15546120000834734,,,,,,,,
kappa,65,-1,5874,0.15255317729430906,,,,,,,,
kappa,65,-1,5875,0.16205525758861977,,,,,,,,
kappa,65,-1,5876,0.15146570185634101,,,,,,,,
kappa,65,-1,5877,0.15175925900447723,,,,,,,,
kappa,65,-1,5878,0.16486462002475433,,,,,,,,
kappa,65,-1,5879,0.16659948583778517,,,,,,,,
kappa,65,-1,5880,0.12278034114557851,,,,,,,,
kappa,65,-1,5881,0.11637841910405952,,,,,,,,
kappa,65,-1,5882,0.11602682449503721,,,,,,,,
kappa,65,-1,5883,0.11638014437481559,,,,,,,,
kappa,65,-1,5884,0.11638884098851822,,,,,,,,
kappa,65,-1,5885,0.1162889873606716,,,,,,,,
kappa,65,-1,5886,0.11630706974097393,,,,,,,,
kappa,65,-1,5887,0.11649476973269739,,,,,,,,
kappa,65,-1,5888,0.12003913839600769,,,,,,,,
kappa,65,-1,5889,0.11656427206619681,,,,,,,,
kappa,65,-1,5890,0.11605084299699905,,,,,,,,
kappa,65,-1,5891,0.1156663607121035,,,,,,,,
kappa,65,-1,5892,0.12457758594935835,,,,,,,,
kappa,65,-1,5893,0.1546288099309481,,,,,,,,
kappa,65,-1,5894,0.1166048394801089,,,,,,,,
kappa,65,-1,5895,0.11287561123244297,,,,,,,,
kappa,65,-1,5896,0.11228882267774144,,,,,,,,
kappa,65,-1,5897,0.11234903970355427,,,,,,,,
kappa,65,-1,5898,0.11256331353185285,,,,,,,,
kappa,65,-1,5899,0.11157089053945343,,,,,,,,
kappa,65,-1,5900,0.11517659315622655,,,,,,,,
kappa,65,-1,5901,0.11209184345745299,,,,,,,,
kappa,65,-1,5902,0.11337284393087463,,,,,,,,
kappa,65,-1,5903,0.11239224804861268,,,,,,,,
kappa,65,-1,5904,0.11217644676551074,,,,,,,,
kappa,65,-1,5905,0.11974457475651504,,,,,,,,
kappa,65,-1,5906,0.15305069483559636,,,,,,,,
kappa,65,-1,5907,0.11626267955084679,,,,,,,,
kappa,65,-1,5908,0.11299420193052519,,,,,,,,
kappa,65,-1,5909,0.11234015409089387,,,,,,,,
kappa,65,-1,5910,0.11212611386486014,,,,,,,,
kappa,65,-1,5911,0.11516143665307881,,,,,,,,
kappa,65,-1,5912,0.11175339203783347,,,,,,,,
kappa,65,-1,5913,0.11178299826927543,,,,,,,,
kappa,65,-1,5914,0.11285513288644615,,,,,,,,
kappa,65,-1,5915,0.1127109408223247,,,,,,,,
kappa,65,-1,5916,0.11148771796355465,,,,,,,,
kappa,65,-1,5917,0.11981614454166097,,,,,,,,
kappa,65,-1,5918,0.15372230322210842,,,,,,,,
kappa,65,-1,5919,0.11633479035646931,,,,,,,,
kappa,65,-1,5920,0.1114464797823836,,,,,,,,
kappa,65,-1,5921,0.11463226025446199,,,,,,,,
kappa,65,-1,5922,0.11190108406280946,,,,,,,,
kappa,65,-1,5923,0.11248805064044334,,,,,,,,
kappa,65,-1,5924,0.11227200170818773,,,,,,,,
kappa,65,-1,5925,0.11367580548735563,,,,,,,,
kappa,65,-1,5926,0.11219130973061875,,,,,,,,
kappa,65,-1,5927,0.11190242809943113,,,,,,,,
kappa,65,-1,5928,0.11980441855620544,,,,,,,,
kappa,65,-1,5929,0.15261760189659918,,,,,,,,
kappa,65,-1,5930,0.11949475256282414,,,,,,,,
kappa,65,-1,5931,0.1114875013319188,,,,,,,,
kappa,65,-1,5932,0.11224161290571537,,,,,,,,
kappa,65,-1,5933,0.11285100378459662,,,,,,,,
kappa,65,-1,5934,0.11267780439837571,,,,,,,,
kappa,65,-1,5935,0.11248539963172495,,,,,,,,
kappa,65,-1,5936,0.11132121954064794,,,,,,,,
kappa,65,-1,5937,0.11153725416783263,,,,,,,,
kappa,65,-1,5938,0.11987816231906312,,,,,,,,
kappa,65,-1,5939,0.15260980348070674,,,,,,,,
kappa,65,-1,5940,0.1161888292505622,,,,,,,,
kappa,65,-1,5941,0.11291540635801148,,,,,,,,
kappa,65,-1,5942,0.11240891075166792,,,,,,,,
kappa,65,-1,5943,0.11182096018892508,,,,,,,,
kappa,65,-1,5944,0.11281690010617031,,,,,,,,
kappa,65,-1,5945,0.1135135275107186,,,,,,,,
kappa,65,-1,5946,0.11102494409906445,,,,,,,,
kappa,65,-1,5947,0.11985381107860346,,,,,,,,
kappa,65,-1,5948,0.15481061940792756,,,,,,,,
kappa,65,-1,5949,0.11750045003135891,,,,,,,,
kappa,65,-1,5950,0.11253345749631453,,,,,,,,
kappa,65,-1,5951,0.11213956107542716,,,,,,,,
kappa,65,-1,5952,0.11317084451307238,,,,,,,,
kappa,65,-1,5953,0.11154624324944484,,,,,,,,
kappa,65,-1,5954,0.11181734064633757,,,,,,,,
kappa,65,-1,5955,0.12033030521525423,,,,,,,,
kappa,65,-1,5956,0.15331029603360052,,,,,,,,
kappa,65,-1,5957,0.115576961621684,,,,,,,,
kappa,65,-1,5958,0.11293120320537102,,,,,,,,
kappa,65,-1,5959,0.11279739871543458,,,,,,,,
kappa,65,-1,5960,0.11248101484213313,,,,,,,,
kappa,65,-1,5961,0.11217648415715865,,,,,,,,
kappa,65,-1,5962,0.12011157183477686,,,,,,,,
kappa,65,-1,5963,0.15457455799773412,,,,,,,,
kappa,65,-1,5964,0.11684866019800666,,,,,,,,
kappa,65,-1,5965,0.11359696757201504,,,,,,,,
kappa,65,-1,5966,0.1120648277179913,,,,,,,,
kappa,65,-1,5967,0.1115856273714948,,,,,,,,
kappa,65,-1,5968,0.11962958764220867,,,,,,,,
kappa,65,-1,5969,0.15563702123943937,,,,,,,,
kappa,65,-1,5970,0.11682430766891941,,,,,,,,
kappa,65,-1,5971,0.11199266776240725,,,,,,,,
kappa,65,-1,5972,0.11124317241548518,,,,,,,,
kappa,65,-1,5973,0.11972356447028623,,,,,,,,
kappa,65,-1,5974,0.15736487339179009,,,,,,,,
kappa,65,-1,5975,0.1166200154758984,,,,,,,,
kappa,65,-1,5976,0.11209003194027324,,,,,,,,
kappa,65,-1,5977,0.12003803018889556,,,,,,,,
kappa,65,-1,5978,0.1525896617753712,,,,,,,,
kappa,65,-1,5979,0.11525686413330243,,,,,,,,
kappa,65,-1,5980,0.11999025008956808,,,,,,,,
kappa,65,-1,5981,0.15054320236100055,,,,,,,,
kappa,65,-1,5982,0.12343127022576725,,,,,,,,
kappa,65,-1,5983,0.17888341338398805,,,,,,,,
kappa,65,-1,5984,0.25780194706096388,,,,,,,,
kappa,65,-1,5985,0.16644630160557933,,,,,,,,
kappa,65,-1,5986,0.15491929866924559,,,,,,,,
kappa,65,-1,5987,0.15342287316106523,,,,,,,,
kappa,65,-1,5988,0.15742064871655548,,,,,,,,
kappa,65,-1,5989,0.15339160213307826,,,,,,,,
kappa,65,-1,5990,0.15330656180197227,,,,,,,,
kappa,65,-1,5991,0.15302909431596465,,,,,,,,
kappa,65,-1,5992,0.16210923536653862,,,,,,,,
kappa,65,-1,5993,0.14886055943441978,,,,,,,,
kappa,65,-1,5994,0.15372358551309628,,,,,,,,
kappa,65,-1,5995,0.15426928456112474,,,,,,,,
kappa,65,-1,5996,0.15280263623355367,,,,,,,,
kappa,65,-1,5997,0.16432744266712795,,,,,,,,
kappa,65,-1,5998,0.16638649827084137,,,,,,,,
kappa,65,-1,5999,0.12289839220763163,,,,,,,,
kappa,65,-1,6000,0.1164262226726311,,,,,,,,
kappa,65,-1,6001,0.11660469540732105,,,,,,,,
kappa,65,-1,6002,0.11637928243909554,,,,,,,,
kappa,65,-1,6003,0.11602884409841249,,,,,,,,
kappa,65,-1,6004,0.11933824012909915,,,,,,,,
kappa,65,-1,6005,0.11601455415679143,,,,,,,,
kappa,65,-1,6006,0.11627264018374953,,,,,,,,
kappa,65,-1,6007,0.11625949614421976,,,,,,,,
kappa,65,-1,6008,0.11574057128637115,,,,,,,,
kappa,65,-1,6009,0.11572945257734277,,,,,,,,
kappa,65,-1,6010,0.12475451302784614,,,,,,,,
kappa,65,-1,6011,0.15584114549514638,,,,,,,,
kappa,65,-1,6012,0.11640219006312939,,,,,,,,
kappa,65,-1,6013,0.11432471753730392,,,,,,,,
kappa,65,-1,6014,0.11216606481211597,,,,,,,,
kappa,65,-1,6015,0.11581997651862665,,,,,,,,
kappa,65,-1,6016,0.11163881334767549,,,,,,,,
kappa,65,-1,6017,0.11279171397922963,,,,,,,,
kappa,65,-1,6018,0.11262743611895841,,,,,,,,
kappa,65,-1,6019,0.11258106333718827,,,,,,,,
kappa,65,-1,6020,0.1125829461040135,,,,,,,,
kappa,65,-1,6021,0.11222871189535938,,,,,,,,
kappa,65,-1,6022,0.11970991373344431,,,,,,,,
kappa,65,-1,6023,0.15332161844426986,,,,,,,,
kappa,65,-1,6024,0.11643162546339703,,,,,,,,
kappa,65,-1,6025,0.11516434026688739,,,,,,,,
kappa,65,-1,6026,0.11182090445405934,,,,,,,,
kappa,65,-1,6027,0.11244599909853513,,,,,,,,
kappa,65,-1,6028,0.11222412648922475,,,,,,,,
kappa,65,-1,6029,0.11145785842673239,,,,,,,,
kappa,65,-1,6030,0.11260592592636665,,,,,,,,
kappa,65,-1,6031,0.11292606375676821,,,,,,,,
kappa,65,-1,6032,0.11153593671172655,,,,,,,,
kappa,65,-1,6033,0.11958323865565615,,,,,,,,
kappa,65,-1,6034,0.16212907805625773,,,,,,,,
kappa,65,-1,6035,0.11659738325630774,,,,,,,,
kappa,65,-1,6036,0.11334651579154909,,,,,,,,
kappa,65,-1,6037,0.11290049123670651,,,,,,,,
kappa,65,-1,6038,0.11371314962931084,,,,,,,,
kappa,65,-1,6039,0.11361016768981352,,,,,,,,
kappa,65,-1,6040,0.11290871688228385,,,,,,,,
kappa,65,-1,6041,0.11286925284833381,,,,,,,,
kappa,65,-1,6042,0.11253029768910514,,,,,,,,
kappa,65,-1,6043,0.1195061482085352,,,,,,,,
kappa,65,-1,6044,0.15361189625434446,,,,,,,,
kappa,65,-1,6045,0.11568536993122808,,,,,,,,
kappa,65,-1,6046,0.11282118966187471,,,,,,,,
kappa,65,-1,6047,0.11316212898799531,,,,,,,,
kappa,65,-1,6048,0.11306533957463352,,,,,,,,
kappa,65,-1,6049,0.11230844826898949,,,,,,,,
kappa,65,-1,6050,0.11198223067030426,,,,,,,,
kappa,65,-1,6051,0.1117502047211951,,,,,,,,
kappa,65,-1,6052,0.11966313208838741,,,,,,,,
kappa,65,-1,6053,0.1533085836920722,,,,,,,,
kappa,65,-1,6054,0.11721660785723412,,,,,,,,
kappa,65,-1,6055,0.11347624810130896,,,,,,,,
kappa,65,-1,6056,0.11160815180343192,,,,,,,,
kappa,65,-1,6057,0.11257360488695149,,,,,,,,
kappa,65,-1,6058,0.11222882889416347,,,,,,,,
kappa,65,-1,6059,0.11106179856525848,,,,,,,,
kappa,65,-1,6060,0.12017226845669796,,,,,,,,
kappa,65,-1,6061,0.1537978266310924,,,,,,,,
kappa,65,-1,6062,0.11664510770258668,,,,,,,,
kappa,65,-1,6063,0.11212616514627258,,,,,,,,
kappa,65,-1,6064,0.11268079236112394,,,,,,,,
kappa,65,-1,6065,0.11224601565082369,,,,,,,,
kappa,65,-1,6066,0.11185299248079374,,,,,,,,
kappa,65,-1,6067,0.12059391985975683,,,,,,,,
kappa,65,-1,6068,0.15740293330450492,,,,,,,,
kappa,65,-1,6069,0.1177459843003448,,,,,,,,
kappa,65,-1,6070,0.11326468224211581,,,,,,,,
kappa,65,-1,6071,0.11336985300296201,,,,,,,,
kappa,65,-1,6072,0.11221987045691077,,,,,,,,
kappa,65,-1,6073,0.11960040295211592,,,,,,,,
kappa,65,-1,6074,0.15513103810864262,,,,,,,,
kappa,65,-1,6075,0.11683828895465738,,,,,,,,
kappa,65,-1,6076,0.11250359577762366,,,,,,,,
kappa,65,-1,6077,0.11057534323887222,,,,,,,,
kappa,65,-1,6078,0.11993041856643399,,,,,,,,
kappa,65,-1,6079,0.15342129949486588,,,,,,,,
kappa,65,-1,6080,0.11614667516984377,,,,,,,,
kappa,65,-1,6081,0.11199792659069219,,,,,,,,
kappa,65,-1,6082,0.12001326561070275,,,,,,,,
kappa,65,-1,6083,0.15267852625623204,,,,,,,,
kappa,65,-1,6084,0.11582353805130824,,,,,,,,
kappa,65,-1,6085,0.12005785639985002,,,,,,,,
kappa,65,-1,6086,0.15128378904919385,,,,,,,,
kappa,65,-1,6087,0.12307591619540281,,,,,,,,
kappa,65,-1,6088,0.17875769892365848,,,,,,,,
kappa,65,-1,6089,0.25988778104509452,,,,,,,,
kappa,65,-1,6090,0.16535650318498807,,,,,,,,
kappa,65,-1,6091,0.15315842791773587,,,,,,,,
kappa,65,-1,6092,0.15308832947272122,,,,,,,,
kappa,65,-1,6093,0.15208791182446105,,,,,,,,
kappa,65,-1,6094,0.1632872087209262,,,,,,,,
kappa,65,-1,6095,0.15287978313524572,,,,,,,,
kappa,65,-1,6096,0.15259306363553829,,,,,,,,
kappa,65,-1,6097,0.15305835513411931,,,,,,,,
kappa,65,-1,6098,0.15340313675573777,,,,,,,,
kappa,65,-1,6099,0.1579502091497138,,,,,,,,
kappa,65,-1,6100,0.15263790045859302,,,,,,,,
kappa,65,-1,6101,0.1642383157134529,,,,,,,,
kappa,65,-1,6102,0.16625565702420689,,,,,,,,
kappa,65,-1,6103,0.12338546603555904,,,,,,,,
kappa,65,-1,6104,0.11645243870626368,,,,,,,,
kappa,65,-1,6105,0.1192123569077024,,,,,,,,
kappa,65,-1,6106,0.11601746080180671,,,,,,,,
kappa,65,-1,6107,0.11628373793698858,,,,,,,,
kappa,65,-1,6108,0.11627693577238613,,,,,,,,
kappa,65,-1,6109,0.11591902135285247,,,,,,,,
kappa,65,-1,6110,0.11574561947330664,,,,,,,,
kappa,65,-1,6111,0.11571731861195066,,,,,,,,
kappa,65,-1,6112,0.11561388832912504,,,,,,,,
kappa,65,-1,6113,0.1244801563070376,,,,,,,,
kappa,65,-1,6114,0.15239567571230256,,,,,,,,
kappa,65,-1,6115,0.11971720390952556,,,,,,,,
kappa,65,-1,6116,0.11224398334450225,,,,,,,,
kappa,65,-1,6117,0.1129177934760333,,,,,,,,
kappa,65,-1,6118,0.11230510679015136,,,,,,,,
kappa,65,-1,6119,0.11240267846704041,,,,,,,,
kappa,65,-1,6120,0.11246807660822027,,,,,,,,
kappa,65,-1,6121,0.11204247429140127,,,,,,,,
kappa,65,-1,6122,0.11214983681729056,,,,,,,,
kappa,65,-1,6123,0.11196416645919156,,,,,,,,
kappa,65,-1,6124,0.1197283990179601,,,,,,,,
kappa,65,-1,6125,0.15279383960611093,,,,,,,,
kappa,65,-1,6126,0.11639346446405786,,,,,,,,
kappa,65,-1,6127,0.11302065223017205,,,,,,,,
kappa,65,-1,6128,0.11234866232989191,,,,,,,,
kappa,65,-1,6129,0.11229644504613197,,,,,,,,
kappa,65,-1,6130,0.11215304368012163,,,,,,,,
kappa,65,-1,6131,0.11272935322573149,,,,,,,,
kappa,65,-1,6132,0.11216049468348557,,,,,,,,
kappa,65,-1,6133,0.11144118199966638,,,,,,,,
kappa,65,-1,6134,0.11970336490266419,,,,,,,,
kappa,65,-1,6135,0.15322425976914306,,,,,,,,
kappa,65,-1,6136,0.11668487765586119,,,,,,,,
kappa,65,-1,6137,0.11200989582126519,,,,,,,,
kappa,65,-1,6138,0.11233954016009329,,,,,,,,
kappa,65,-1,6139,0.11296172358220605,,,,,,,,
kappa,65,-1,6140,0.11253097023234493,,,,,,,,
kappa,65,-1,6141,0.11198835408919067,,,,,,,,
kappa,65,-1,6142,0.11184791961720787,,,,,,,,
kappa,65,-1,6143,0.1196459977731118,,,,,,,,
kappa,65,-1,6144,0.15857153919219477,,,,,,,,
kappa,65,-1,6145,0.11661610361314821,,,,,,,,
kappa,65,-1,6146,0.11313991435316441,,,,,,,,
kappa,65,-1,6147,0.11282010404307428,,,,,,,,
kappa,65,-1,6148,0.11267717344382555,,,,,,,,
kappa,65,-1,6149,0.11664839299463632,,,,,,,,
kappa,65,-1,6150,0.11189347124069608,,,,,,,,
kappa,65,-1,6151,0.11961870786959496,,,,,,,,
kappa,65,-1,6152,0.15380487236732834,,,,,,,,
kappa,65,-1,6153,0.11721224054978197,,,,,,,,
kappa,65,-1,6154,0.11289458738726754,,,,,,,,
kappa,65,-1,6155,0.11274118527726587,,,,,,,,
kappa,65,-1,6156,0.11225497444949084,,,,,,,,
kappa,65,-1,6157,0.11161614828815375,,,,,,,,
kappa,65,-1,6158,0.12063452078228058,,,,,,,,
kappa,65,-1,6159,0.15241843721037393,,,,,,,,
kappa,65,-1,6160,0.11653756145152259,,,,,,,,
kappa,65,-1,6161,0.11352990628954839,,,,,,,,
kappa,65,-1,6162,0.11194125532508922,,,,,,,,
kappa,65,-1,6163,0.11140846792972305,,,,,,,,
kappa,65,-1,6164,0.12005849013528076,,,,,,,,
kappa,65,-1,6165,0.15446185802999732,,,,,,,,
kappa,65,-1,6166,0.11621706055699513,,,,,,,,
kappa,65,-1,6167,0.11222580609996535,,,,,,,,
kappa,65,-1,6168,0.11211449840594491,,,,,,,,
kappa,65,-1,6169,0.11989555247649365,,,,,,,,
kappa,65,-1,6170,0.15359300859222469,,,,,,,,
kappa,65,-1,6171,0.11593658523631414,,,,,,,,
kappa,65,-1,6172,0.11182205166344499,,,,,,,,
kappa,65,-1,6173,0.12004822516665743,,,,,,,,
kappa,65,-1,6174,0.15787039786552212,,,,,,,,
kappa,65,-1,6175,0.1148940789696052,,,,,,,,
kappa,65,-1,6176,0.1194084989339136,,,,,,,,
kappa,65,-1,6177,0.15201252680792129,,,,,,,,
kappa,65,-1,6178,0.12300253034528413,,,,,,,,
kappa,65,-1,6179,0.17873244619699274,,,,,,,,
kappa,65,-1,6180,0.25811025354411066,,,,,,,,
kappa,65,-1,6181,0.16896296716679698,,,,,,,,
kappa,65,-1,6182,0.1630169011044201,,,,,,,,
kappa,65,-1,6183,0.1526354559401831,,,,,,,,
kappa,65,-1,6184,0.15511469259980026,,,,,,,,
kappa,65,-1,6185,0.15384141472098972,,,,,,,,
kappa,65,-1,6186,0.15405673339770939,,,,,,,,
kappa,65,-1,6187,0.15384536878490637,,,,,,,,
kappa,65,-1,6188,0.15396473973898905,,,,,,,,
kappa,65,-1,6189,0.15209384142543944,,,,,,,,
kappa,65,-1,6190,0.15160431566188395,,,,,,,,
kappa,65,-1,6191,0.16441204259611489,,,,,,,,
kappa,65,-1,6192,0.17546817592427891,,,,,,,,
kappa,65,-1,6193,0.12381986466226666,,,,,,,,
kappa,65,-1,6194,0.11636642176224984,,,,,,,,
kappa,65,-1,6195,0.1163663882928283,,,,,,,,
kappa,65,-1,6196,0.11631027724493985,,,,,,,,
kappa,65,-1,6197,0.11654190888632637,,,,,,,,
kappa,65,-1,6198,0.1163796924503748,,,,,,,,
kappa,65,-1,6199,0.11700889174293334,,,,,,,,
kappa,65,-1,6200,0.11611562013048965,,,,,,,,
kappa,65,-1,6201,0.11556012321502275,,,,,,,,
kappa,65,-1,6202,0.1239904200722067,,,,,,,,
kappa,65,-1,6203,0.1581068916932572,,,,,,,,
kappa,65,-1,6204,0.11682417695009739,,,,,,,,
kappa,65,-1,6205,0.11393085765102,,,,,,,,
kappa,65,-1,6206,0.11304768885541892,,,,,,,,
kappa,65,-1,6207,0.11242754548442405,,,,,,,,
kappa,65,-1,6208,0.11301176304453567,,,,,,,,
kappa,65,-1,6209,0.11302094423738206,,,,,,,,
kappa,65,-1,6210,0.11307105934509656,,,,,,,,
kappa,65,-1,6211,0.11240414827019474,,,,,,,,
kappa,65,-1,6212,0.11975732348836739,,,,,,,,
kappa,65,-1,6213,0.1537111504606527,,,,,,,,
kappa,65,-1,6214,0.11636227989915113,,,,,,,,
kappa,65,-1,6215,0.11291259111668521,,,,,,,,
kappa,65,-1,6216,0.11246720050270576,,,,,,,,
kappa,65,-1,6217,0.11212490549267715,,,,,,,,
kappa,65,-1,6218,0.11248653779491552,,,,,,,,
kappa,65,-1,6219,0.11246400364650808,,,,,,,,
kappa,65,-1,6220,0.11182012688237677,,,,,,,,
kappa,65,-1,6221,0.11998355818465736,,,,,,,,
kappa,65,-1,6222,0.15362796621046784,,,,,,,,
kappa,65,-1,6223,0.11544264259727943,,,,,,,,
kappa,65,-1,6224,0.11292607477984934,,,,,,,,
kappa,65,-1,6225,0.11299732256926755,,,,,,,,
kappa,65,-1,6226,0.11305676878852074,,,,,,,,
kappa,65,-1,6227,0.11206254621463628,,,,,,,,
kappa,65,-1,6228,0.11167313232906793,,,,,,,,
kappa,65,-1,6229,0.11975222906410098,,,,,,,,
kappa,65,-1,6230,0.1532894627905616,,,,,,,,
kappa,65,-1,6231,0.11717334041637788,,,,,,,,
kappa,65,-1,6232,0.11300569641558027,,,,,,,,
kappa,65,-1,6233,0.11254791899247298,,,,,,,,
kappa,65,-1,6234,0.11227443484568776,,,,,,,,
kappa,65,-1,6235,0.11210452529077251,,,,,,,,
kappa,65,-1,6236,0.11994748644306499,,,,,,,,
kappa,65,-1,6237,0.15466928276582084,,,,,,,,
kappa,65,-1,6238,0.11617747708042667,,,,,,,,
kappa,65,-1,6239,0.11281040914034945,,,,,,,,
kappa,65,-1,6240,0.11227493325420132,,,,,,,,
kappa,65,-1,6241,0.11185526748254004,,,,,,,,
kappa,65,-1,6242,0.1202182693651792,,,,,,,,
kappa,65,-1,6243,0.15367706476329784,,,,,,,,
kappa,65,-1,6244,0.1166879234633155,,,,,,,,
kappa,65,-1,6245,0.11358962089185592,,,,,,,,
kappa,65,-1,6246,0.11146920623746968,,,,,,,,
kappa,65,-1,6247,0.12000063638835037,,,,,,,,
kappa,65,-1,6248,0.15446919265901418,,,,,,,,
kappa,65,-1,6249,0.1167342291439537,,,,,,,,
kappa,65,-1,6250,0.11196988341551656,,,,,,,,
kappa,65,-1,6251,0.11986727416901308,,,,,,,,
kappa,65,-1,6252,0.15302697274904425,,,,,,,,
kappa,65,-1,6253,0.11534526951778981,,,,,,,,
kappa,65,-1,6254,0.11997301619721552,,,,,,,,
kappa,65,-1,6255,0.15100267979576101,,,,,,,,
kappa,65,-1,6256,0.12320679122692349,,,,,,,,
kappa,65,-1,6257,0.1792574003122612,,,,,,,,
kappa,65,-1,6258,0.25252525082657018,,,,,,,,
kappa,65,-1,6259,0.16656699560053048,,,,,,,,
kappa,65,-1,6260,0.15496547430081081,,,,,,,,
kappa,65,-1,6261,0.15324652039717485,,,,,,,,
kappa,65,-1,6262,0.15384711435459855,,,,,,,,
kappa,65,-1,6263,0.15373042919022298,,,,,,,,
kappa,65,-1,6264,0.15318494001715272,,,,,,,,
kappa,65,-1,6265,0.14957973527942323,,,,,,,,
kappa,65,-1,6266,0.15304643336947896,,,,,,,,
kappa,65,-1,6267,0.15179547118128597,,,,,,,,
kappa,65,-1,6268,0.1651688899412895,,,,,,,,
kappa,65,-1,6269,0.1657860276245515,,,,,,,,
kappa,65,-1,6270,0.12311971079504611,,,,,,,,
kappa,65,-1,6271,0.11657817667978244,,,,,,,,
kappa,65,-1,6272,0.11632162950769268,,,,,,,,
kappa,65,-1,6273,0.1160895182231233,,,,,,,,
kappa,65,-1,6274,0.11622932905975382,,,,,,,,
kappa,65,-1,6275,0.11561555128157078,,,,,,,,
kappa,65,-1,6276,0.11541499023283582,,,,,,,,
kappa,65,-1,6277,0.1156813163294257,,,,,,,,
kappa,65,-1,6278,0.1242586424492087,,,,,,,,
kappa,65,-1,6279,0.15429746112071394,,,,,,,,
kappa,65,-1,6280,0.11641295753114159,,,,,,,,
kappa,65,-1,6281,0.11278687834851719,,,,,,,,
kappa,65,-1,6282,0.11262336995023596,,,,,,,,
kappa,65,-1,6283,0.11253298744875508,,,,,,,,
kappa,65,-1,6284,0.11238745643844542,,,,,,,,
kappa,65,-1,6285,0.11297474978128071,,,,,,,,
kappa,65,-1,6286,0.11218225716930674,,,,,,,,
kappa,65,-1,6287,0.11999519520090259,,,,,,,,
kappa,65,-1,6288,0.15280333285297407,,,,,,,,
kappa,65,-1,6289,0.11638843228686607,,,,,,,,
kappa,65,-1,6290,0.11249262945546143,,,,,,,,
kappa,65,-1,6291,0.11113550027435268,,,,,,,,
kappa,65,-1,6292,0.11336400864990955,,,,,,,,
kappa,65,-1,6293,0.1123305562541449,,,,,,,,
kappa,65,-1,6294,0.11191340746721949,,,,,,,,
kappa,65,-1,6295,0.11968803303616612,,,,,,,,
kappa,65,-1,6296,0.1533338499252945,,,,,,,,
kappa,65,-1,6297,0.11622978908742773,,,,,,,,
kappa,65,-1,6298,0.11313614531606672,,,,,,,,
kappa,65,-1,6299,0.11310056045783244,,,,,,,,
kappa,65,-1,6300,0.11311497530476522,,,,,,,,
kappa,65,-1,6301,0.11232199883974099,,,,,,,,
kappa,65,-1,6302,0.11955406718656272,,,,,,,,
kappa,65,-1,6303,0.15588175198504359,,,,,,,,
kappa,65,-1,6304,0.11732439794530231,,,,,,,,
kappa,65,-1,6305,0.11268078547673689,,,,,,,,
kappa,65,-1,6306,0.11261234786374327,,,,,,,,
kappa,65,-1,6307,0.11154360035180741,,,,,,,,
kappa,65,-1,6308,0.1203480017047472,,,,,,,,
kappa,65,-1,6309,0.15278173480825125,,,,,,,,
kappa,65,-1,6310,0.11707250179655768,,,,,,,,
kappa,65,-1,6311,0.11313913992740425,,,,,,,,
kappa,65,-1,6312,0.11090943709556507,,,,,,,,
kappa,65,-1,6313,0.11981118304493044,,,,,,,,
kappa,65,-1,6314,0.15548194342222402,,,,,,,,
kappa,65,-1,6315,0.11643255424959292,,,,,,,,
kappa,65,-1,6316,0.11214711440415399,,,,,,,,
kappa,65,-1,6317,0.11963409435016953,,,,,,,,
kappa,65,-1,6318,0.15313215741839023,,,,,,,,
kappa,65,-1,6319,0.11542272411237241,,,,,,,,
kappa,65,-1,6320,0.11990141997506339,,,,,,,,
kappa,65,-1,6321,0.1517027930488474,,,,,,,,
kappa,65,-1,6322,0.12284638510453257,,,,,,,,
kappa,65,-1,6323,0.17936639940062374,,,,,,,,
kappa,65,-1,6324,0.2577857801186838,,,,,,,,
kappa,65,-1,6325,0.16628530062071606,,,,,,,,
kappa,65,-1,6326,0.15486178156890876,,,,,,,,
kappa,65,-1,6327,0.15364662333672924,,,,,,,,
kappa,65,-1,6328,0.15520718492872956,,,,,,,,
kappa,65,-1,6329,0.15425897169749936,,,,,,,,
kappa,65,-1,6330,0.15276414804302033,,,,,,,,
kappa,65,-1,6331,0.15318744686412233,,,,,,,,
kappa,65,-1,6332,0.15271305638666263,,,,,,,,
kappa,65,-1,6333,0.16415239244691104,,,,,,,,
kappa,65,-1,6334,0.16610835118991413,,,,,,,,
kappa,65,-1,6335,0.12254755055577816,,,,,,,,
kappa,65,-1,6336,0.11614192465368914,,,,,,,,
kappa,65,-1,6337,0.11546671110186567,,,,,,,,
kappa,65,-1,6338,0.11665962537158234,,,,,,,,
kappa,65,-1,6339,0.11659201986553369,,,,,,,,
kappa,65,-1,6340,0.11702960339149805,,,,,,,,
kappa,65,-1,6341,0.1155533580766135,,,,,,,,
kappa,65,-1,6342,0.12434154952814853,,,,,,,,
kappa,65,-1,6343,0.15407209784741685,,,,,,,,
kappa,65,-1,6344,0.11633301537989985,,,,,,,,
kappa,65,-1,6345,0.11310842616116355,,,,,,,,
kappa,65,-1,6346,0.11233143331053565,,,,,,,,
kappa,65,-1,6347,0.11236438089039359,,,,,,,,
kappa,65,-1,6348,0.11252219720812902,,,,,,,,
kappa,65,-1,6349,0.11238003650475026,,,,,,,,
kappa,65,-1,6350,0.12000924331987621,,,,,,,,
kappa,65,-1,6351,0.15332481116342159,,,,,,,,
kappa,65,-1,6352,0.11680836520473567,,,,,,,,
kappa,65,-1,6353,0.11240104793018363,,,,,,,,
kappa,65,-1,6354,0.11356968932090261,,,,,,,,
kappa,65,-1,6355,0.11306865944154679,,,,,,,,
kappa,65,-1,6356,0.1116768847885997,,,,,,,,
kappa,65,-1,6357,0.12007767473257992,,,,,,,,
kappa,65,-1,6358,0.15365777548683093,,,,,,,,
kappa,65,-1,6359,0.11715103386683923,,,,,,,,
kappa,65,-1,6360,0.11268617614576004,,,,,,,,
kappa,65,-1,6361,0.11289088268192568,,,,,,,,
kappa,65,-1,6362,0.11247784768216235,,,,,,,,
kappa,65,-1,6363,0.11975691649732127,,,,,,,,
kappa,65,-1,6364,0.15663112668439222,,,,,,,,
kappa,65,-1,6365,0.11599598567449972,,,,,,,,
kappa,65,-1,6366,0.11298720102220648,,,,,,,,
kappa,65,-1,6367,0.11189382795474932,,,,,,,,
kappa,65,-1,6368,0.1201539862649086,,,,,,,,
kappa,65,-1,6369,0.15407093119717402,,,,,,,,
kappa,65,-1,6370,0.11658287723436249,,,,,,,,
kappa,65,-1,6371,0.11237655527016302,,,,,,,,
kappa,65,-1,6372,0.1199133112167113,,,,,,,,
kappa,65,-1,6373,0.15319567910537282,,,,,,,,
kappa,65,-1,6374,0.11561818710722663,,,,,,,,
kappa,65,-1,6375,0.1200655086855681,,,,,,,,
kappa,65,-1,6376,0.15115410800489962,,,,,,,,
kappa,65,-1,6377,0.1232452559918584,,,,,,,,
kappa,65,-1,6378,0.17893387670119487,,,,,,,,
kappa,65,-1,6379,0.25833192480470446,,,,,,,,
kappa,65,-1,6380,0.16274092743898971,,,,,,,,
kappa,65,-1,6381,0.15421498821745175,,,,,,,,
kappa,65,-1,6382,0.15439624800511451,,,,,,,,
kappa,65,-1,6383,0.15397818988658379,,,,,,,,
kappa,65,-1,6384,0.15542289358638958,,,,,,,,
kappa,65,-1,6385,0.15356306078407192,,,,,,,,
kappa,65,-1,6386,0.15410624117574562,,,,,,,,
kappa,65,-1,6387,0.16447884000286392,,,,,,,,
kappa,65,-1,6388,0.16496649020454607,,,,,,,,
kappa,65,-1,6389,0.12262730033462921,,,,,,,,
kappa,65,-1,6390,0.11662772219541054,,,,,,,,
kappa,65,-1,6391,0.11659345175617267,,,,,,,,
kappa,65,-1,6392,0.11590576320703154,,,,,,,,
kappa,65,-1,6393,0.11565805910391665,,,,,,,,
kappa,65,-1,6394,0.11556932809111102,,,,,,,,
kappa,65,-1,6395,0.12526173644587332,,,,,,,,
kappa,65,-1,6396,0.1540831898862153,,,,,,,,
kappa,65,-1,6397,0.11678700272329891,,,,,,,,
kappa,65,-1,6398,0.11356588151931929,,,,,,,,
kappa,65,-1,6399,0.11240669554411185,,,,,,,,
kappa,65,-1,6400,0.11306700933004118,,,,,,,,
kappa,65,-1,6401,0.11217735289667136,,,,,,,,
kappa,65,-1,6402,0.12008404728322745,,,,,,,,
kappa,65,-1,6403,0.1536310252950944,,,,,,,,
kappa,65,-1,6404,0.1166184871967767,,,,,,,,
kappa,65,-1,6405,0.11313777986774712,,,,,,,,
kappa,65,-1,6406,0.1129983557497468,,,,,,,,
kappa,65,-1,6407,0.1125382307740341,,,,,,,,
kappa,65,-1,6408,0.11985052807242669,,,,,,,,
kappa,65,-1,6409,0.15478592935263402,,,,,,,,
kappa,65,-1,6410,0.1169794791303394,,,,,,,,
kappa,65,-1,6411,0.11288316056410586,,,,,,,,
kappa,65,-1,6412,0.11204380969557765,,,,,,,,
kappa,65,-1,6413,0.12036496403206969,,,,,,,,
kappa,65,-1,6414,0.15447406440470263,,,,,,,,
kappa,65,-1,6415,0.1168676352839874,,,,,,,,
kappa,65,-1,6416,0.11200072734782578,,,,,,,,
kappa,65,-1,6417,0.11974448813921795,,,,,,,,
kappa,65,-1,6418,0.15412909123951124,,,,,,,,
kappa,65,-1,6419,0.11572942088411786,,,,,,,,
kappa,65,-1,6420,0.11973095420721659,,,,,,,,
kappa,65,-1,6421,0.15171548860935433,,,,,,,,
kappa,65,-1,6422,0.12316826847808142,,,,,,,,
kappa,65,-1,6423,0.17908175915165508,,,,,,,,
kappa,65,-1,6424,0.25991268989149618,,,,,,,,
kappa,65,-1,6425,0.16610245879854807,,,,,,,,
kappa,65,-1,6426,0.15333946381052529,,,,,,,,
kappa,65,-1,6427,0.15289455187305015,,,,,,,,
kappa,65,-1,6428,0.15382607300014345,,,,,,,,
kappa,65,-1,6429,0.15490631090845883,,,,,,,,
kappa,65,-1,6430,0.15162800782811198,,,,,,,,
kappa,65,-1,6431,0.16423206396266285,,,,,,,,
kappa,65,-1,6432,0.16544984975053104,,,,,,,,
kappa,65,-1,6433,0.12323660017097256,,,,,,,,
kappa,65,-1,6434,0.11661126325519157,,,,,,,,
kappa,65,-1,6435,0.11697350638808247,,,,,,,,
kappa,65,-1,6436,0.11579528436904472,,,,,,,,
kappa,65,-1,6437,0.11588958566990887,,,,,,,,
kappa,65,-1,6438,0.12455816174931689,,,,,,,,
kappa,65,-1,6439,0.15340664305336149,,,,,,,,
kappa,65,-1,6440,0.11668136777799337,,,,,,,,
kappa,65,-1,6441,0.11294366738094676,,,,,,,,
kappa,65,-1,6442,0.11284452348440295,,,,,,,,
kappa,65,-1,6443,0.11218832760124453,,,,,,,,
kappa,65,-1,6444,0.12008258611002399,,,,,,,,
kappa,65,-1,6445,0.15253044976563215,,,,,,,,
kappa,65,-1,6446,0.11697532711975323,,,,,,,,
kappa,65,-1,6447,0.11300323302752761,,,,,,,,
kappa,65,-1,6448,0.11334640326184127,,,,,,,,
kappa,65,-1,6449,0.11991801403449008,,,,,,,,
kappa,65,-1,6450,0.15547513852491759,,,,,,,,
kappa,65,-1,6451,0.11630978504214144,,,,,,,,
kappa,65,-1,6452,0.11246415537761281,,,,,,,,
kappa,65,-1,6453,0.12019953647493758,,,,,,,,
kappa,65,-1,6454,0.15842064703443212,,,,,,,,
kappa,65,-1,6455,0.11550591195010379,,,,,,,,
kappa,65,-1,6456,0.11973599565018549,,,,,,,,
kappa,65,-1,6457,0.15244793261162026,,,,,,,,
kappa,65,-1,6458,0.12300031726174057,,,,,,,,
kappa,65,-1,6459,0.17909259543509998,,,,,,,,
kappa,65,-1,6460,0.27109844568130265,,,,,,,,
kappa,65,-1,6461,0.16542701565938839,,,,,,,,
kappa,65,-1,6462,0.15409146618886307,,,,,,,,
kappa,65,-1,6463,0.15365452479548819,,,,,,,,
kappa,65,-1,6464,0.15322156989655578,,,,,,,,
kappa,65,-1,6465,0.15238599406656547,,,,,,,,
kappa,65,-1,6466,0.16359940145990123,,,,,,,,
kappa,65,-1,6467,0.16629026119860876,,,,,,,,
kappa,65,-1,6468,0.12267629783769131,,,,,,,,
kappa,65,-1,6469,0.11635258046230633,,,,,,,,
kappa,65,-1,6470,0.11643042321481095,,,,,,,,
kappa,65,-1,6471,0.11614249619974257,,,,,,,,
kappa,65,-1,6472,0.12455444136952579,,,,,,,,
kappa,65,-1,6473,0.15491267300557307,,,,,,,,
kappa,65,-1,6474,0.1164925837723927,,,,,,,,
kappa,65,-1,6475,0.11358362451545218,,,,,,,,
kappa,65,-1,6476,0.11263785401347307,,,,,,,,
kappa,65,-1,6477,0.11994919043594449,,,,,,,,
kappa,65,-1,6478,0.15516218458401909,,,,,,,,
kappa,65,-1,6479,0.1171496846229422,,,,,,,,
kappa,65,-1,6480,0.11261463209383528,,,,,,,,
kappa,65,-1,6481,0.12022852353224056,,,,,,,,
kappa,65,-1,6482,0.15443684148659054,,,,,,,,
kappa,65,-1,6483,0.11596070270035161,,,,,,,,
kappa,65,-1,6484,0.12024943922045049,,,,,,,,
kappa,65,-1,6485,0.15184951190583554,,,,,,,,
kappa,65,-1,6486,0.1231775915676976,,,,,,,,
kappa,65,-1,6487,0.17924812387652828,,,,,,,,
kappa,65,-1,6488,0.25708931596259321,,,,,,,,
kappa,65,-1,6489,0.16617159963749645,,,,,,,,
kappa,65,-1,6490,0.15498287922675044,,,,,,,,
kappa,65,-1,6491,0.15473025382920425,,,,,,,,
kappa,65,-1,6492,0.15275902029790889,,,,,,,,
kappa,65,-1,6493,0.16434592841490533,,,,,,,,
kappa,65,-1,6494,0.16602393572575475,,,,,,,,
kappa,65,-1,6495,0.12283419047543243,,,,,,,,
kappa,65,-1,6496,0.11670566623355967,,,,,,,,
kappa,65,-1,6497,0.11559000895575063,,,,,,,,
kappa,65,-1,6498,0.12461974907573826,,,,,,,,
kappa,65,-1,6499,0.15470652223352099,,,,,,,,
kappa,65,-1,6500,0.11719823182187776,,,,,,,,
kappa,65,-1,6501,0.11303631410264395,,,,,,,,
kappa,65,-1,6502,0.12002757727460669,,,,,,,,
kappa,65,-1,6503,0.15473337617658969,,,,,,,,
kappa,65,-1,6504,0.11623389114752976,,,,,,,,
kappa,65,-1,6505,0.12020555858804302,,,,,,,,
kappa,65,-1,6506,0.15271939351563182,,,,,,,,
kappa,65,-1,6507,0.12343861361909256,,,,,,,,
kappa,65,-1,6508,0.17903555692136799,,,,,,,,
kappa,65,-1,6509,0.25709948881606043,,,,,,,,
kappa,65,-1,6510,0.16557427001696745,,,,,,,,
kappa,65,-1,6511,0.15499625304837716,,,,,,,,
kappa,65,-1,6512,0.14945599370865953,,,,,,,,
kappa,65,-1,6513,0.16449955189116222,,,,,,,,
kappa,65,-1,6514,0.16577584850234639,,,,,,,,
kappa,65,-1,6515,0.12273454627700971,,,,,,,,
kappa,65,-1,6516,0.11599379317400663,,,,,,,,
kappa,65,-1,6517,0.12446507111045448,,,,,,,,
kappa,65,-1,6518,0.15514283244674468,,,,,,,,
kappa,65,-1,6519,0.11645035488848667,,,,,,,,
kappa,65,-1,6520,0.1207186469045728,,,,,,,,
kappa,65,-1,6521,0.1545868234682391,,,,,,,,
kappa,65,-1,6522,0.12298949643649716,,,,,,,,
kappa,65,-1,6523,0.17908201102472282,,,,,,,,
kappa,65,-1,6524,0.25738083920322696,,,,,,,,
kappa,65,-1,6525,0.16556353297185664,,,,,,,,
kappa,65,-1,6526,0.15389778485227937,,,,,,,,
kappa,65,-1,6527,0.16445063325109124,,,,,,,,
kappa,65,-1,6528,0.16559138550410846,,,,,,,,
kappa,65,-1,6529,0.12241855546627171,,,,,,,,
kappa,65,-1,6530,0.12500896983191298,,,,,,,,
kappa,65,-1,6531,0.15339174986277582,,,,,,,,
kappa,65,-1,6532,0.12328972709152942,,,,,,,,
kappa,65,-1,6533,0.17923806215729984,,,,,,,,
kappa,65,-1,6534,0.25945159338072132,,,,,,,,
kappa,65,-1,6535,0.16447352547916425,,,,,,,,
kappa,65,-1,6536,0.16454156512808238,,,,,,,,
kappa,65,-1,6537,0.16346220944786935,,,,,,,,
kappa,65,-1,6538,0.13065188800974031,,,,,,,,
kappa,65,-1,6539,0.18004205618056879,,,,,,,,
kappa,65,-1,6540,0.25188437102338052,,,,,,,,
kappa,65,-1,6541,0.17292239322792458,,,,,,,,
kappa,65,-1,6542,0.20109488507959342,,,,,,,,
kappa,65,-1,6543,0.36134496554309592,,,,,,,,
partition,65,0,-1,0.99056116640472625,0,0,0,0,0,0,0,0
partition,65,1,-1,1.1590233086553565,1,0,0,0,0,0,0,0
partition,65,2,-1,1.2480182518032892,2.7254732559576222,0.36273662797281114,0.36273662797881112,0.36273662797281114,0,5.9999999999999995e-12,0.0011677731676732334,5.9999782919817335e-12
a,65,2,0,1,,,,,,,,
partition,65,3,-1,1.3274951575247909,5.1722497206254667,0.72408324019647496,0.72408324020848891,0.36134498520058156,0,6.0069663489765584e-12,1.1796119636642288e-16,6.006972697036872e-12
y,65,3,6543,0.0013932697953118916,,,,,,,,
a,65,3,0,1.0011832471242748,,,,,,,,
a,65,3,6543,0.99881675287572524,,,,,,,,
partition,65,4,-1,1.4006521997587822,8.3417129016603084,1.0854282253970566,1.0854282254150773,0.36134498520058156,0,6.0069663489765584e-12,-9.7144514654701197e-17,6.006972697036872e-12
y,65,4,6543,0.0013932697953118918,,,,,,,,
a,65,4,0,1.0011973723066518,,,,,,,,
a,65,4,6543,1.9988026276933482,,,,,,,,
partition,65,5,-1,1.4657245937044161,12.178647356335528,1.4357294712327999,1.4357294712671058,0.33455662256783703,0,6.487514904849037e-12,-1.9509283077923101e-11,6.487532733245871e-12
y,65,5,5998,0.004129925500662034,,,,,,,,
y,65,5,6180,0.0048859944210315476,,,,,,,,
y,65,5,6259,0.0050102675178329142,,,,,,,,
y,65,5,6324,0.0029449347270707163,,,,,,,,
y,65,5,6380,0.0050781576521201077,,,,,,,,
y,65,5,6424,0.0034050238938804511,,,,,,,,
y,65,5,6461,0.0055321089618054486,,,,,,,,
y,65,5,6488,0.0028934838359974168,,,,,,,,
y,65,5,6510,0.0065487710662521931,,,,,,,,
y,65,5,6524,0.0026461363269376648,,,,,,,,
y,65,5,6535,0.0058475161813026488,,,,,,,,
y,65,5,6540,0.0028301689878131035,,,,,,,,
y,65,5,6543,0.0046691893148320673,,,,,,,,
y,65,5,560,0.0023845277334024334,,,,,,,,
y,65,5,1584,0.0023289299476605407,,,,,,,,
y,65,5,2484,0.0025403215512635031,,,,,,,,
y,65,5,3268,0.0026657661390953324,,,,,,,,
y,65,5,3294,0.00080556970488749496,,,,,,,,
y,65,5,3944,0.0027871615117575897,,,,,,,,
y,65,5,3968,0.0013906799760691757,,,,,,,,
y,65,5,4520,0.0029353638429658446,,,,,,,,
y,65,5,4542,0.0014293247175627898,,,,,,,,
y,65,5,5004,0.0031456383469513904,,,,,,,,
y,65,5,5024,0.0026129727179813431,,,,,,,,
y,65,5,5404,0.0027314272962336125,,,,,,,,
y,65,5,5422,0.0033483522049449761,,,,,,,,
y,65,5,5728,0.0034021694732331298,,,,,,,,
y,65,5,5744,0.0033203122971760136,,,,,,,,
y,65,5,5984,0.0032527851210841468,,,,,,,,
a,65,5,0,1.2175736330974136,,,,,,,,
a,65,5,1,0.20689058230904783,,,,,,,,
a,65,5,2,0.012979720961291647,,,,,,,,
a,65,5,3,0.029260625033479617,,,,,,,,
a,65,5,4,0.014437495635122843,,,,,,,,
a,65,5,5,0.010827219422826505,,,,,,,,
a,65,5,6,0.0044650929436662748,,,,,,,,
a,65,5,7,0.0021893314630234734,,,,,,,,
a,65,5,8,0.00018403342116881218,,,,,,,,
a,65,5,9,8.852207272817948e-05,,,,,,,,
a,65,5,11,0.00037845534696215826,,,,,,,,
a,65,5,12,0.00034279751449774458,,,,,,,,
a,65,5,13,0.00031820277060685932,,,,,,,,
a,65,5,14,6.3779893357071519e-05,,,,,,,,
a,65,5,15,3.5915965489700651e-06,,,,,,,,
a,65,5,17,0.00020340400950824851,,,,,,,,
a,65,5,18,0.00034063900057805524,,,,,,,,
a,65,5,19,0.00039067573944148287,,,,,,,,
a,65,5,20,0.00019813088977847893,,,,,,,,
a,65,5,22,5.6105032777902116e-05,,,,,,,,
a,65,5,23,0.00096935126132436918,,,,,,,,
a,65,5,24,0.003203889095048987,,,,,,,,
a,65,5,25,0.0072080893965522173,,,,,,,,
a,65,5,26,0.012969385786186782,,,,,,,,
a,65,5,27,0.020202977723151529,,,,,,,,
a,65,5,28,0.027984950605002831,,,,,,,,
a,65,5,29,0.03537012235854569,,,,,,,,
a,65,5,30,0.042104118083276722,,,,,,,,
a,65,5,31,0.043297322422625628,,,,,,,,
a,65,5,6543,2.3054977551213809,,,,,,,,
partition,65,6,-1,1.5205437228623653,16.62171561799051,1.7702859362991603,1.7702859363317516,0.33455645822279023,0,6.4875182259268127e-12,-3.4040478769092886e-14,6.487532733245871e-12
y,65,6,5728,0.0031910087806969862,,,,,,,,
y,65,6,5744,0.0034216406386308367,,,,,,,,
y,65,6,5984,0.003440520128958788,,,,,,,,
y,65,6,5998,0.004023610190659414,,,,,,,,
y,65,6,6180,0.0047401836928098939,,,,,,,,
y,65,6,6259,0.0051481289850803967,,,,,,,,
y,65,6,6324,0.0030695359389491346,,,,,,,,
y,65,6,6380,0.0048880749882513896,,,,,,,,
y,65,6,6424,0.003263998999237158,,,,,,,,
y,65,6,6461,0.0057652547408022659,,,,,,,,
y,65,6,6488,0.0030308371950974141,,,,,,,,
y,65,6,6510,0.006307678964292956,,,,,,,,
y,65,6,6524,0.0025339624732891269,,,,,,,,
y,65,6,6535,0.0060691708464305164,,,,,,,,
y,65,6,6540,0.0029143803821726467,,,,,,,,
y,65,6,6543,0.0045286745655073145,,,,,,,,
y,65,6,560,0.0023534937591261833,,,,,,,,
y,65,6,1584,0.0024021602455507121,,,,,,,,
y,65,6,2484,0.0024645616850002827,,,,,,,,
y,65,6,3268,0.0027269638829344692,,,,,,,,
y,65,6,3294,0.00079964403693507573,,,,,,,,
y,65,6,3944,0.0027163087232758842,,,,,,,,
y,65,6,3968,0.0014167422266102296,,,,,,,,
y,65,6,4520,0.0030566098532698845,,,,,,,,
y,65,6,4542,0.0013706807869899166,,,,,,,,
y,65,6,5004,0.0029603199392905901,,,,,,,,
y,65,6,5024,0.0027023345617934397,,,,,,,,
y,65,6,5404,0.002951553980646936,,,,,,,,
y,65,6,5422,0.0032456099930728618,,,,,,,,
a,65,6,0,1.2726476526506936,,,,,,,,
a,65,6,1,0.32503113339764583,,,,,,,,
a,65,6,2,0.12407424486905454,,,,,,,,
a,65,6,3,0.11342357516666324,,,,,,,,
a,65,6,4,0.074070100355226196,,,,,,,,
a,65,6,5,0.048200730318568814,,,,,,,,
a,65,6,6,0.024938726782898941,,,,,,,,
a,65,6,7,0.011249925590450342,,,,,,,,
a,65,6,8,0.0030384185779621766,,,,,,,,
a,65,6,9,0.000427094499455901,,,,,,,,
a,65,6,11,0.0007545199675978657,,,,,,,,
a,65,6,12,0.00099884143966685467,,,,,,,,
a,65,6,13,0.00085734159570753231,,,,,,,,
a,65,6,14,0.00028425178405621276,,,,,,,,
a,65,6,16,7.9156063706945561e-05,,,,,,,,
a,65,6,17,0.00058901269121916803,,,,,,,,
a,65,6,18,0.00098320451534692215,,,,,,,,
a,65,6,19,0.000950461311515568,,,,,,,,
a,65,6,20,0.00036142008219917286,,,,,,,,
a,65,6,22,0.0012829928792105027,,,,,,,,
a,65,6,23,0.006364079680644218,,,,,,,,
a,65,6,24,0.017266121516566969,,,,,,,,
a,65,6,25,0.035449139901707415,,,,,,,,
a,65,6,26,0.060897928638566905,,,,,,,,
a,65,6,27,0.092010467870628942,,,,,,,,
a,65,6,28,0.12530985968602495,,,,,,,,
a,65,6,29,0.15642760612809481,,,,,,,,
a,65,6,30,0.18145408048667352,,,,,,,,
a,65,6,31,0.19282535543349602,,,,,,,,
a,65,6,6543,2.1277525561187995,,,,,,,,
partition,65,7,-1,1.5648953681850868,21.733896761926221,2.1048423945219081,2.104842394560889,0.3345564582227708,0,6.4875182259266947e-12,-2.0391674460107367e-14,6.487532733245871e-12
y,65,7,5004,0.0029603199392821411,,,,,,,,
y,65,7,5024,0.0027023345617985042,,,,,,,,
y,65,7,5404,0.0029515539806526181,,,,,,,,
y,65,7,5422,0.0032456099930721002,,,,,,,,
y,65,7,5728,0.0031910087806877136,,,,,,,,
y,65,7,5744,0.0034216406386287984,,,,,,,,
y,65,7,5984,0.0034405201289562097,,,,,,,,
y,65,7,5998,0.0040236101906636771,,,,,,,,
y,65,7,6180,0.0047401836928185684,,,,,,,,
y,65,7,6259,0.0051481289850788007,,,,,,,,
y,65,7,6324,0.0030695359389451005,,,,,,,,
y,65,7,6380,0.0048880749882484536,,,,,,,,
y,65,7,6424,0.0032639989992331794,,,,,,,,
y,65,7,6461,0.0057652547408082412,,,,,,,,
y,65,7,6488,0.0030308371951013311,,,,,,,,
y,65,7,6510,0.0063076789642884708,,,,,,,,
y,65,7,6524,0.0025339624732936112,,,,,,,,
y,65,7,6535,0.0060691708464295502,,,,,,,,
y,65,7,6540,0.0029143803821621867,,,,,,,,
y,65,7,6543,0.0045286745655083466,,,,,,,,
y,65,7,560,0.0023534937591226839,,,,,,,,
y,65,7,1584,0.002402160245558102,,,,,,,,
y,65,7,2484,0.0024645616849965357,,,,,,,,
y,65,7,3268,0.0027269638829289415,,,,,,,,
y,65,7,3294,0.00079964403693423732,,,,,,,,
y,65,7,3944,0.002716308723282736,,,,,,,,
y,65,7,3968,0.0014167422266136067,,,,,,,,
y,65,7,4520,0.0030566098532613926,,,,,,,,
y,65,7,4542,0.0013706807869831561,,,,,,,,
a,65,7,0,1.3277188954316523,,,,,,,,
a,65,7,1,0.44316614702878149,,,,,,,,
a,65,7,2,0.23516457212314773,,,,,,,,
a,65,7,3,0.19758467370361998,,,,,,,,
a,65,7,4,0.13370268537373808,,,,,,,,
a,65,7,5,0.085575389869853358,,,,,,,,
a,65,7,6,0.045413862752046792,,,,,,,,
a,65,7,7,0.020311744726434627,,,,,,,,
a,65,7,8,0.0058934373106959538,,,,,,,,
a,65,7,9,0.00076579066854809744,,,,,,,,
a,65,7,11,0.0011309845553475733,,,,,,,,
a,65,7,12,0.001656126922457674,,,,,,,,
a,65,7,13,0.0013987517028658954,,,,,,,,
a,65,7,14,0.00050787589594064153,,,,,,,,
a,65,7,16,0.00016175282324774513,,,,,,,,
a,65,7,17,0.00097737244679819502,,,,,,,,
a,65,7,18,0.0016275234920402756,,,,,,,,
a,65,7,19,0.0015110250637585545,,,,,,,,
a,65,7,20,0.00052484404108033445,,,,,,,,
a,65,7,22,0.0025102271009645257,,,,,,,,
a,65,7,23,0.011759751297064117,,,,,,,,
a,65,7,24,0.031329780105765918,,,,,,,,
a,65,7,25,0.063691609935812188,,,,,,,,
a,65,7,26,0.10882713816496023,,,,,,,,
a,65,7,27,0.16381708853910804,,,,,,,,
a,65,7,28,0.2226317933044589,,,,,,,,
a,65,7,29,0.27747985806582531,,,,,,,,
a,65,7,30,0.3207969183087071,,,,,,,,
a,65,7,31,0.34234517339574871,,,,,,,,
a,65,7,6543,1.9500172058495391,,,,,,,,
partition,65,8,-1,1.5932999259156457,27.515190822320811,2.4393988527446639,2.4393988527901014,0.3345564582227642,0,6.4875182259266923e-12,-1.7541523789077473e-14,6.487532733245871e-12
y,65,8,560,0.0023534937591196555,,,,,,,,
y,65,8,1584,0.0024021602455639667,,,,,,,,
y,65,8,2484,0.002464561684992483,,,,,,,,
y,65,8,3268,0.0027269638829273144,,,,,,,,
y,65,8,3294,0.00079964403693795808,,,,,,,,
y,65,8,3944,0.002716308723290684,,,,,,,,
y,65,8,3968,0.0014167422266082677,,,,,,,,
y,65,8,4520,0.0030566098532570267,,,,,,,,
y,65,8,4542,0.001370680786985142,,,,,,,,
y,65,8,5004,0.0029603199392793985,,,,,,,,
y,65,8,5024,0.0027023345617977297,,,,,,,,
y,65,8,5404,0.0029515539806596433,,,,,,,,
y,65,8,5422,0.0032456099930692965,,,,,,,,
y,65,8,5728,0.0031910087806853987,,,,,,,,
y,65,8,5744,0.0034216406386284124,,,,,,,,
y,65,8,5984,0.0034405201289502271,,,,,,,,
y,65,8,5998,0.0040236101906678977,,,,,,,,
y,65,8,6180,0.0047401836928251144,,,,,,,,
y,65,8,6259,0.0051481289850743668,,,,,,,,
y,65,8,6324,0.0030695359389452115,,,,,,,,
y,65,8,6380,0.0048880749882468551,,,,,,,,
y,65,8,6424,0.0032639989992293435,,,,,,,,
y,65,8,6461,0.0057652547408136197,,,,,,,,
y,65,8,6488,0.0030308371951045261,,,,,,,,
y,65,8,6510,0.006307678964283886,,,,,,,,
y,65,8,6524,0.0025339624732932352,,,,,,,,
y,65,8,6535,0.0060691708464293299,,,,,,,,
y,65,8,6540,0.0029143803821589718,,,,,,,,
y,65,8,6543,0.0045286745655136809,,,,,,,,
z,65,8,14,1.1102230246251565e-16,,,,,,,,
a,65,8,0,1.3827901382125671,,,,,,,,
a,65,8,1,0.56130116065984659,,,,,,,,
a,65,8,2,0.34625489937718879,,,,,,,,
a,65,8,3,0.28174577224057573,,,,,,,,
a,65,8,4,0.19333527039227477,,,,,,,,
a,65,8,5,0.12295004942119114,,,,,,,,
a,65,8,6,0.065888998721250203,,,,,,,,
a,65,8,7,0.02937356386246363,,,,,,,,
a,65,8,8,0.008748456043462886,,,,,,,,
a,65,8,9,0.001104486837648144,,,,,,,,
a,65,8,11,0.0015074491430881619,,,,,,,,
a,65,8,12,0.0023134124052296514,,,,,,,,
a,65,8,13,0.0019401618100169718,,,,,,,,
a,65,8,14,0.00073150000782059427,,,,,,,,
a,65,8,16,0.00024434958279008896,,,,,,,,
a,65,8,17,0.0013657322023721032,,,,,,,,
a,65,8,18,0.0022718424687235505,,,,,,,,
a,65,8,19,0.0020715888159908882,,,,,,,,
a,65,8,20,0.00068826799995460014,,,,,,,,
a,65,8,22,0.0037374613227388583,,,,,,,,
a,65,8,23,0.017155422913522803,,,,,,,,
a,65,8,24,0.045393438695010342,,,,,,,,
a,65,8,25,0.091934079969976615,,,,,,,,
a,65,8,26,0.15675634769139057,,,,,,,,
a,65,8,27,0.23562370920760153,,,,,,,,
a,65,8,28,0.31995372692286184,,,,,,,,
a,65,8,29,0.39853211000349253,,,,,,,,
a,65,8,30,0.46013975613064195,,,,,,,,
a,65,8,31,0.49186499135789319,,,,,,,,
a,65,8,6543,1.7722818555804105,,,,,,,,
partition,65,9,-1,1.5912914011145542,33.965597799174212,2.7739553109674286,2.7739553110193569,0.33455645822276336,0,6.4875182259266988e-12,-3.166911177743259e-14,6.487532733245871e-12
y,65,9,560,0.0023534937591230278,,,,,,,,
y,65,9,1584,0.002402160245558671,,,,,,,,
y,65,9,2484,0.0024645616849955677,,,,,,,,
y,65,9,3268,0.0027269638829308948,,,,,,,,
y,65,9,3294,0.0007996440369362574,,,,,,,,
y,65,9,3944,0.0027163087232824268,,,,,,,,
y,65,9,3968,0.0014167422266095804,,,,,,,,
y,65,9,4520,0.0030566098532590347,,,,,,,,
y,65,9,4542,0.0013706807869867624,,,,,,,,
y,65,9,5004,0.0029603199392838858,,,,,,,,
y,65,9,5024,0.0027023345617952512,,,,,,,,
y,65,9,5404,0.0029515539806532014,,,,,,,,
y,65,9,5422,0.0032456099930719697,,,,,,,,
y,65,9,5728,0.0031910087806876443,,,,,,,,
y,65,9,5744,0.0034216406386303189,,,,,,,,
y,65,9,5984,0.0034405201289551507,,,,,,,,
y,65,9,5998,0.0040236101906638393,,,,,,,,
y,65,9,6180,0.0047401836928189622,,,,,,,,
y,65,9,6259,0.0051481289850768093,,,,,,,,
y,65,9,6324,0.0030695359389463126,,,,,,,,
y,65,9,6380,0.0048880749882491276,,,,,,,,
y,65,9,6424,0.003263998999231832,,,,,,,,
y,65,9,6461,0.0057652547408072489,,,,,,,,
y,65,9,6488,0.0030308371951019474,,,,,,,,
y,65,9,6510,0.0063076789642876356,,,,,,,,
y,65,9,6524,0.0025339624732947665,,,,,,,,
y,65,9,6535,0.0060691708464311513,,,,,,,,
y,65,9,6540,0.0029143803821612513,,,,,,,,
y,65,9,6543,0.0045286745655093528,,,,,,,,
z,65,9,3,1.609823385706477e-15,,,,,,,,
a,65,9,0,1.4378613809934961,,,,,,,,
a,65,9,1,0.67943617429092695,,,,,,,,
a,65,9,2,0.45734522663124155,,,,,,,,
a,65,9,3,0.36590687077753603,,,,,,,,
a,65,9,4,0.25296785541081118,,,,,,,,
a,65,9,5,0.16032470897252307,,,,,,,,
a,65,9,6,0.086364134690442254,,,,,,,,
a,65,9,7,0.038435382998482238,,,,,,,,
a,65,9,8,0.011603474776220918,,,,,,,,
a,65,9,9,0.001443183006754706,,,,,,,,
a,65,9,11,0.0018839137308278783,,,,,,,,
a,65,9,12,0.0029706978880076297,,,,,,,,
a,65,9,13,0.0024815719171643632,,,,,,,,
a,65,9,14,0.00095512411969710641,,,,,,,,
a,65,9,16,0.00032694634232889743,,,,,,,,
a,65,9,17,0.0017540919579475392,,,,,,,,
a,65,9,18,0.0029161614454102447,,,,,,,,
a,65,9,19,0.0026321525682216178,,,,,,,,
a,65,9,20,0.00085169195882809972,,,,,,,,
a,65,9,22,0.0049646955445119996,,,,,,,,
a,65,9,23,0.02255109452997317,,,,,,,,
a,65,9,24,0.059457097284252788,,,,,,,,
a,65,9,25,0.12017655000413451,,,,,,,,
a,65,9,26,0.20468555721781109,,,,,,,,
a,65,9,27,0.30743032987609831,,,,,,,,
a,65,9,28,0.41727566054127024,,,,,,,,
a,65,9,29,0.51958436194117119,,,,,,,,
a,65,9,30,0.59948259395258618,,,,,,,,
a,65,9,31,0.64138480932006137,,,,,,,,
a,65,9,6543,1.5945465053112666,,,,,,,,
partition,65,10,-1,1.4320835294833274,42.646296517552997,0,0,0,0,0,0,0
