backend_label,actual_backend,L,seed,dx,dy,dz,n,tick,omega,tau,target_transition,phase_error,initial_source_real,initial_source_imag,initial_occupancy,initial_signed_state,source_before_real,source_before_imag,expected_loss_real,expected_loss_imag,predicted_next_real,predicted_next_imag,source_after_real,source_after_imag,source_hazard,expected_removals,removal_variance,actual_removed,occupancy_before,occupancy_after,signed_state_after,eligible_sites,mean_site_probability,min_site_probability,max_site_probability,mean_local_energy,max_local_energy,plane_closure_rel,history_evaporation,history_other,history_required,history_enabled,toggles_valid,structural_valid,execution_valid
wsl2_cuda,gpu,64,0,1,0,0,1,0,0.056666051201671459,54.44047250458712,54,0.024959837497862569,0.031250000000000007,-0.63610836328225195,262144,0,0.031250000000000007,-0.63610836328225195,0.0031181350119755796,-0.063471096286582637,0.028131864988024426,-0.5726372669956693,0.027735173364755013,-0.57318611671786179,0.099780320382959406,25648.000341439743,23125.539141254343,25382,262144,236762,-150,262144,0.097839356771239255,0.070982009395745213,0.10000000000000001,0.0063851834937898857,0.087568230771977076,0,0,0,0,0,1,1,1
wsl2_cuda,gpu,64,0,1,0,0,1,1,0.056666051201671459,54.44047250458712,54,0.024959837497862569,0.031250000000000007,-0.63610836328225195,262144,0,0.027735173364755013,-0.57318611671786179,0.0026174812575369424,-0.054295559535365773,0.025117692107218072,-0.51889055718249599,0.025203037232153853,-0.51811720674349826,0.094725058603934445,21075.267317631344,19110.925699905431,21309,236762,215453,-363,236762,0.08901456871301705,0.016751031132163526,0.10000000000000001,0.042821780094385857,0.45648994374651014,0,0,0,0,0,1,1,1
wsl2_cuda,gpu,64,0,1,0,0,1,2,0.056666051201671459,54.44047250458712,54,0.024959837497862569,0.031250000000000007,-0.63610836328225195,262144,0,0.025203037232153853,-0.51811720674349826,0.0022050933520911214,-0.045560158315118289,0.022997943880062731,-0.47255704842837998,0.023118470488952755,-0.47236191369090513,0.087933036094969746,17104.07297337626,15608.24747500378,17196,215453,198257,-359,215453,0.0793865621429094,0.001314139544707338,0.099977963865436892,0.11169864360674861,1.1067876616166992,0,0,0,0,0,1,1,1
wsl2_cuda,gpu,64,0,1,0,0,1,3,0.056666051201671459,54.44047250458712,54,0.024959837497862569,0.031250000000000007,-0.63610836328225195,262144,0,0.023118470488952755,-0.47236191369090513,0.001927282760618731,-0.039462848868523991,0.021191187728334025,-0.43289906482238116,0.021438280754703835,-0.43246015783522274,0.08354324640796329,14387.97440954667,13177.032882277852,14512,198257,183745,-221,198257,0.072572339990752757,4.2845313670305971e-05,0.099090175998539434,0.21110197334856889,1.9814234287666632,0,0,0,0,0,1,1,1
wsl2_cuda,gpu,64,0,1,0,0,1,4,0.056666051201671459,54.44047250458712,54,0.024959837497862569,0.031250000000000007,-0.63610836328225195,262144,0,0.021438280754703835,-0.43246015783522274,0.0017187576368260249,-0.034664404764021044,0.019719523117877811,-0.39779575307120169,0.019917325801055451,-0.397958141451148,0.080156336182842999,12320.826928444802,11312.100187823957,12236,183745,171509,-385,183745,0.067053943935589,7.3266484688127388e-07,0.097207290869529617,0.35411167804293675,3.0209337278472019,0,0,0,0,0,1,1,1
wsl2_cuda,gpu,64,0,1,0,0,1,5,0.056666051201671459,54.44047250458712,54,0.024959837497862569,0.031250000000000007,-0.63610836328225195,262144,0,0.019917325801055451,-0.397958141451148,0.0015730353471198591,-0.031121179128051995,0.018344290453935593,-0.36683696232309598,0.018553637122847435,-0.36703185006391403,0.078204081278562029,10792.002830438923,9912.9268405046369,10732,171509,160777,-285,171509,0.062923828081552127,7.3736649867019321e-09,0.097153063868698111,0.54790896068677319,4.195882891452074,0,0,0,0,0,1,1,1
wsl2_cuda,gpu,64,0,1,0,0,1,6,0.056666051201671459,54.44047250458712,54,0.024959837497862569,0.031250000000000007,-0.63610836328225195,262144,0,0.018553637122847435,-0.36703185006391403,0.0013770385199719534,-0.027145908425429632,0.01717659860287548,-0.3398859416384844,0.017024455401307328,-0.34002661124952382,0.07396129363700038,9190.1069224985404,8465.9095186395862,9114,160777,151663,-185,160777,0.057160582188363639,4.3275179958592755e-11,0.09702189553082706,0.81451486341232804,5.5086232548690557,0,0,0,0,0,1,1,1
wsl2_cuda,gpu,64,0,1,0,0,1,7,0.056666051201671459,54.44047250458712,54,0.024959837497862569,0.031250000000000007,-0.63610836328225195,262144,0,0.017024455401307328,-0.34002661124952382,0.0011884793479255088,-0.023806830776606346,0.015835976053381821,-0.31621978047291749,0.015655558639411378,-0.31638130736123504,0.070014099263684931,7877.1739740226094,7272.2578330318474,7796,151663,143867,-49,151663,0.051938666477800183,1.3378980425303001e-13,0.09511955148072071,1.149605366010479,6.9851271790628653,0,0,0,0,0,1,1,1
wsl2_cuda,gpu,64,0,1,0,0,1,8,0.056666051201671459,54.44047250458712,54,0.024959837497862569,0.031250000000000007,-0.63610836328225195,262144,0,0.015655558639411378,-0.31638130736123504,0.0010347710235913987,-0.021022320719763659,0.01462078761581998,-0.29535898664147137,0.014671960194895379,-0.29506986960881815,0.066445297792597696,6809.1352548173199,6296.0409964613109,6889,143867,136978,-138,143867,0.047329375428814949,5.0235431807017819e-16,0.09360604258304725,1.5546398133038641,8.4119775246107622,0,0,0,0,0,1,1,1
wsl2_cuda,gpu,64,0,1,0,0,1,9,0.056666051201671459,54.44047250458712,54,0.024959837497862569,0.031250000000000007,-0.63610836328225195,262144,0,0.014671960194895379,-0.29506986960881815,0.00092066530563501782,-0.018655326896052031,0.013751294889260361,-0.27641454271276611,0.013891217281962246,-0.27626832369791343,0.063222254379000323,5921.6967536900702,5479.9375684497418,5974,136978,131004,-116,136978,0.043231006100907229,8.6894920219726485e-19,0.093797906249753316,2.0334737299502521,10.036848557155492,0,0,0,0,0,1,1,1
wsl2_cuda,gpu,64,0,1,0,0,1,10,0.056666051201671459,54.44047250458712,54,0.024959837497862569,0.031250000000000007,-0.63610836328225195,262144,0,0.013891217281962246,-0.27626832369791343,0.00083780729436679319,-0.016575644699408299,0.013053409987595454,-0.25969267899850512,0.012877771819896119,-0.25976421698702268,0.059999145063565892,5159.4544247530239,4776.9803665439294,5125,131004,125879,-173,131004,0.039383945717329422,2.5555935604312732e-21,0.093448989632156559,2.5882154608152046,11.526110610889861,0,0,0,0,0,1,1,1
wsl2_cuda,gpu,64,0,1,0,0,1,11,0.056666051201671459,54.44047250458712,54,0.024959837497862569,0.031250000000000007,-0.63610836328225195,262144,0,0.012877771819896119,-0.25976421698702268,0.00070836843877396792,-0.014439750184411354,0.012169403381122152,-0.24532446680261133,0.012219793713170501,-0.2451877115936533,0.055586487012573974,4412.786626275838,4093.0960915341093,4461,125879,121418,-160,125879,0.035055780759903066,3.858204744874191e-24,0.092927567785126397,3.2221418570860734,13.185744251090238,0,0,0,0,0,1,1,1
wsl2_cuda,gpu,64,0,1,0,0,1,12,0.056666051201671459,54.44047250458712,54,0.024959837497862569,0.031250000000000007,-0.63610836328225195,262144,0,0.012219793713170501,-0.2451877115936533,0.00062841586056272471,-0.012651563701347337,0.011591377852607776,-0.23253614789230595,0.011508649021157988,-0.23212440007132171,0.051599071800414426,3799.3886751663767,3527.6026850855237,3904,121418,117514,-204,121418,0.031291807435193934,2.6518135264458277e-27,0.093491248921036621,3.92570441909788,15.046418222535994,0,0,0,0,0,1,1,1
wsl2_cuda,gpu,64,0,1,0,0,1,13,0.056666051201671459,54.44047250458712,54,0.024959837497862569,0.031250000000000007,-0.63610836328225195,262144,0,0.011508649021157988,-0.23212440007132171,0.00054777734094465104,-0.011024554988309142,0.010960871680213338,-0.22109984508301256,0.010981009337066774,-0.22149776145479425,0.047494419051554299,3259.1591579814813,3029.2192434281933,3144,117514,114370,-280,117514,0.027734220245940751,1.1484083043712798e-29,0.093021109376582256,4.6971077259802003,16.436814352295059,0,0,0,0,0,1,1,1
wsl2_cuda,gpu,64,0,1,0,0,1,14,0.056666051201671459,54.44047250458712,54,0.024959837497862569,0.031250000000000007,-0.63610836328225195,262144,0,0.010981009337066774,-0.22149776145479425,0.0004835184640438976,-0.009702917037384089,0.010497490873022876,-0.21179484441741014,0.010388646406637718,-0.21185739155230751,0.043806492089351584,2825.8626552887285,2627.360827156755,2811,114370,111559,-297,114370,0.024708076027705941,1.3529607348525633e-32,0.093405863873374309,5.5174130728677042,18.159809728357622,0,0,0,0,0,1,1,1
wsl2_cuda,gpu,64,0,1,0,0,1,15,0.056666051201671459,54.44047250458712,54,0.024959837497862569,0.031250000000000007,-0.63610836328225195,262144,0,0.010388646406637718,-0.21185739155230751,0.00041158758834420066,-0.0084238327666695742,0.0099770588182935167,-0.20343355878563793,0.010042904652972848,-0.20371347633769979,0.039761464640889255,2418.887635803414,2250.7456634378786,2342,111559,109217,-367,111559,0.021682586217189236,7.4580164487682554e-36,0.091670192741898998,6.4004666951653375,20.076853558758785,0,0,0,0,0,1,1,1
wsl2_cuda,gpu,64,0,1,0,0,1,16,0.056666051201671459,54.44047250458712,54,0.024959837497862569,0.031250000000000007,-0.63610836328225195,262144,0,0.010042904652972848,-0.20371347633769979,0.0003558932731456467,-0.007230193650152367,0.0096870113798272015,-0.19648328268754742,0.0096804835555176737,-0.19641913517934642,0.035491842602805093,2049.3663406776054,1909.3636101923321,2069,109217,107148,-398,109217,0.018764169869870125,1.2374260546334561e-38,0.092142780862378981,7.3295733820782125,21.712365806279379,0,0,0,0,0,1,1,1
wsl2_cuda,gpu,64,0,1,0,0,1,17,0.056666051201671459,54.44047250458712,54,0.024959837497862569,0.031250000000000007,-0.63610836328225195,262144,0,0.0096804835555176737,-0.19641913517934642,0.00030275371747115595,-0.0061903354347088522,0.0093777298380465172,-0.19022879974463758,0.0093411343918321857,-0.19003279574392518,0.031515364239800933,1733.8332554440092,1616.8015532047034,1785,107148,105363,-449,107148,0.016181666997461541,5.1123274026976976e-42,0.092238500412041971,8.3010142788721755,23.703086552690383,0,0,0,0,0,1,1,1
wsl2_cuda,gpu,64,0,1,0,0,1,18,0.056666051201671459,54.44047250458712,54,0.024959837497862569,0.031250000000000007,-0.63610836328225195,262144,0,0.0093411343918321857,-0.19003279574392518,0.00025203437505794081,-0.0052494127074946273,0.0090891000167742445,-0.18478338303643055,0.0090855313591467687,-0.18449216397208748,0.027622170914104207,1454.6417370638496,1357.4852549593743,1535,105363,103828,-490,105363,0.013806001509674645,4.0414615384572036e-44,0.091483404946675062,9.3060121390677661,24.939722961653974,0,0,0,0,0,1,1,1
wsl2_cuda,gpu,64,0,1,0,0,1,19,0.056666051201671459,54.44047250458712,54,0.024959837497862569,0.031250000000000007,-0.63610836328225195,262144,0,0.0090855313591467687,-0.18449216397208748,0.00021075684865579051,-0.004414056030176766,0.0088747745104909778,-0.1800781079419107,0.0088247799791096107,-0.18009166708473004,0.023923676697245825,1211.3695463668687,1131.2660471858774,1209,103828,102619,-443,103828,0.011667079654494632,2.668638457591585e-47,0.090958401931077335,10.338639766341336,26.810636986383678,0,0,0,0,0,1,1,1
wsl2_cuda,gpu,64,0,1,0,0,1,20,0.056666051201671459,54.44047250458712,54,0.024959837497862569,0.031250000000000007,-0.63610836328225195,262144,0,0.0088247799791096107,-0.18009166708473004,0.00017252905507787617,-0.0036490045399089027,0.008652250924031735,-0.17644266254482113,0.008599440725460733,-0.17651964078705723,0.020260224714445458,992.52802689429564,928.12648895315499,972,102619,101647,-397,102619,0.0096719713395598834,5.4601840472136611e-50,0.090499413962632905,11.3860923280468,28.392601966012915,0,0,0,0,0,1,1,1
wsl2_cuda,gpu,64,0,1,0,0,1,21,0.056666051201671459,54.44047250458712,54,0.024959837497862569,0.031250000000000007,-0.63610836328225195,262144,0,0.008599440725460733,-0.17651964078705723,0.00013805178511125575,-0.0029681657301603511,0.0084613889403494773,-0.17355147505689689,0.0084338470658448239,-0.17361579128900922,0.016813129198828068,801.11593751242583,750.33194127859736,783,101647,100864,-400,101647,0.0078813534832550478,6.3075956795999038e-53,0.09151119578532467,12.442935670094318,30.120616825558905,0,0,0,0,0,1,1,1
wsl2_cuda,gpu,64,0,1,0,0,1,22,0.056666051201671459,54.44047250458712,54,0.024959837497862569,0.031250000000000007,-0.63610836328225195,262144,0,0.0084338470658448239,-0.17361579128900922,0.00011079834525736464,-0.0023749169342714141,0.0083230487205874591,-0.17124087435473781,0.0083624790343918183,-0.17127152260562628,0.013677877235969216,636.82432644315895,597.47698737277608,628,100864,100236,-360,100864,0.0063136929572806845,2.1119296779997857e-55,0.09032992011514579,13.503366493457962,31.576747342030743,0,0,0,0,0,1,1,1
wsl2_cuda,gpu,64,0,1,0,0,1,23,0.056666051201671459,54.44047250458712,54,0.024959837497862569,0.031250000000000007,-0.63610836328225195,262144,0,0.0083624790343918183,-0.17127152260562628,8.8906294229376573e-05,-0.0018518279465295721,0.0082735727401624416,-0.1694196946590967,0.0082626064636557237,-0.16936331870955984,0.010811805301777541,493.81243264126084,464.24525574367885,509,100236,99727,-331,100236,0.0049264977916243747,6.0828509719996055e-58,0.090153145232617152,14.563341367221891,33.071345009398271,0,0,0,0,0,1,1,1
wsl2_cuda,gpu,64,0,1,0,0,1,24,0.056666051201671459,54.44047250458712,54,0.024959837497862569,0.031250000000000007,-0.63610836328225195,262144,0,0.0082626064636557237,-0.16936331870955984,6.6818396758427514e-05,-0.001378905439964937,0.0081957880668972957,-0.1679844132695949,0.008203280828856116,-0.16809328366220347,0.008141570379848603,366.02036689480184,345.20984065501341,337,99727,99390,-320,99727,0.003670223378772066,2.178799340880635e-60,0.089711007017069619,15.622487735020426,34.510241841605399,0,0,0,0,0,1,1,1
wsl2_cuda,gpu,64,0,1,0,0,1,25,0.056666051201671459,54.44047250458712,54,0.024959837497862569,0.031250000000000007,-0.63610836328225195,262144,0,0.008203280828856116,-0.16809328366220347,4.6792933105718468e-05,-0.00097058427044734857,0.0081564878957503979,-0.16712269939175611,0.0081595334791994649,-0.16715224566785966,0.0057739151084446006,256.694617096424,243.22598224339387,249,99390,99141,-325,99390,0.0025827006448981187,2.7114791286664586e-63,0.087508173091585706,16.668392786095698,36.219235779065336,0,0,0,0,0,1,1,1
wsl2_cuda,gpu,64,0,1,0,0,1,26,0.056666051201671459,54.44047250458712,54,0.024959837497862569,0.031250000000000007,-0.63610836328225195,262144,0,0.0081595334791994649,-0.16715224566785966,3.1087737041608737e-05,-0.00063523193448350272,0.0081284457421578558,-0.16651701373337616,0.0081394109532045809,-0.16658326886013161,0.0038003424628854092,167.55805705575682,159.79030566016334,150,99141,98991,-321,99141,0.0016900985168170264,3.5059011539599409e-66,0.082845320065916911,17.703579105632492,37.918461502407624,0,0,0,0,0,1,1,1
wsl2_cuda,gpu,64,0,1,0,0,1,27,0.056666051201671459,54.44047250458712,54,0.024959837497862569,0.031250000000000007,-0.63610836328225195,262144,0,0.0081394109532045809,-0.16658326886013161,1.9264341041477584e-05,-0.00038852366428153635,0.0081201466121631032,-0.16619474519585006,0.0081204207740506948,-0.16617342505897439,0.0023323911847384512,102.29642486870307,98.322644071735539,108,98991,98883,-323,98991,0.001033391165547404,2.2224509421654956e-68,0.071751969642974103,18.720431202739622,39.211507602639621,0,0,0,0,0,1,1,1
wsl2_cuda,gpu,64,0,1,0,0,1,28,0.056666051201671459,54.44047250458712,54,0.024959837497862569,0.031250000000000007,-0.63610836328225195,262144,0,0.0081204207740506948,-0.16617342505897439,1.1504739673882677e-05,-0.0002305075913555442,0.0081089160343768129,-0.16594291746761886,0.0081073484776146669,-0.16591873970626159,0.0013872213046633008,60.628031448083306,58.834191428784131,67,98883,98816,-324,98883,0.00061312896502010766,4.120829885672788e-71,0.061516497997278818,19.723319560105868,40.818630900675089,0,0,0,0,0,1,1,1
wsl2_cuda,gpu,64,0,1,0,0,1,29,0.056666051201671459,54.44047250458712,54,0.024959837497862569,0.031250000000000007,-0.63610836328225195,262144,0,0.0081073484776146669,-0.16591873970626159,7.024310608387616e-06,-0.00014089056369283591,0.0081003241670062794,-0.16577784914256874,0.00810360942044272,-0.16582755399428351,0.00084919512269206903,37.039999329302084,36.269226757184001,24,98816,98792,-324,98816,0.00037483807611421314,4.2988999245543203e-74,0.045362092841795425,20.708829065612886,42.572697622279186,0,0,0,0,0,1,1,1
wsl2_cuda,gpu,64,0,1,0,0,1,30,0.056666051201671459,54.44047250458712,54,0.024959837497862569,0.031250000000000007,-0.63610836328225195,262144,0,0.00810360942044272,-0.16582755399428351,5.1709792391056977e-06,-0.00010519739906481788,0.0080984384412036148,-0.16572235659521869,0.0080972530232504072,-0.16569435185975709,0.00063438716942826529,27.651113829941721,27.198364822707955,35,98792,98757,-321,98792,0.000279892236516537,1.3523637519637207e-75,0.035236029220999471,21.67016657362516,43.456467004498784,0,0,0,0,0,1,1,1
wsl2_cuda,gpu,64,0,1,0,0,1,31,0.056666051201671459,54.44047250458712,54,0.024959837497862569,0.031250000000000007,-0.63610836328225195,262144,0,0.0080972530232504072,-0.16569435185975709,5.1552663813470365e-06,-0.00010409389062296998,0.00809209775686906,-0.16559025796913412,0.0080935139660784743,-0.16559535341895118,0.00062824846650689017,27.361440697217443,26.913749897890753,26,98757,98731,-319,98757,0.00027705824090664403,1.0185112645764667e-77,0.03498422327026298,22.610677921523166,44.705485469652167,0,0,0,0,0,1,1,1
wsl2_cuda,gpu,64,0,1,0,0,1,32,0.056666051201671459,54.44047250458712,54,0.024959837497862569,0.031250000000000007,-0.63610836328225195,262144,0,0.0080935139660784743,-0.16559535341895118,6.7850835177730741e-06,-0.00013507721291640323,0.0080867288825607012,-0.16546027620603479,0.0080890270974721332,-0.16550402111029652,0.00081576046886013985,35.509816665605186,34.771600735849908,24,98731,98707,-315,98731,0.00035966228100196683,2.5228993185393981e-80,0.042673324724452295,23.522994903420518,46.23861250427121,0,0,0,0,0,1,1,1
wsl2_cuda,gpu,64,0,1,0,0,1,33,0.056666051201671459,54.44047250458712,54,0.024959837497862569,0.031250000000000007,-0.63610836328225195,262144,0,0.0080890270974721332,-0.16550402111029652,9.8078302024967039e-06,-0.00019453758086390884,0.0080792192672696373,-0.16530948352943262,0.0080785577373907076,-0.16526050502483733,0.0011755134204707036,51.150931223929867,49.694460281699037,64,98707,98643,-313,98707,0.00051820976449420877,1.1724798098289436e-82,0.051303584013927352,24.405045727540116,47.610976250732854,0,0,0,0,0,1,1,1
wsl2_cuda,gpu,64,0,1,0,0,1,34,0.056666051201671459,54.44047250458712,54,0.024959837497862569,0.031250000000000007,-0.63610836328225195,262144,0,0.0080785577373907076,-0.16526050502483733,1.2979765747463357e-05,-0.00025687588167975633,0.0080655779716432442,-0.16500362914315758,0.0080628572981849937,-0.16495239607230106,0.0015544941948962766,67.561589659213013,65.107805777078838,81,98643,98562,-314,98643,0.0006849101270157336,8.3749412358288337e-85,0.059325819391847667,25.265661758990152,48.873523025158391,0,0,0,0,0,1,1,1
wsl2_cuda,gpu,64,0,1,0,0,1,35,0.056666051201671459,54.44047250458712,54,0.024959837497862569,0.031250000000000007,-0.63610836328225195,262144,0,0.0080628572981849937,-0.16495239607230106,1.4818880010977234e-05,-0.00029532137410152908,0.0080480384181740167,-0.16465707469819951,0.0080475487692786597,-0.16465985729408841,0.0017904564392628073,77.699010541774442,74.529762523058565,77,98562,98485,-309,98562,0.00078832623670151212,5.16670750512346e-87,0.069369611988816499,26.09422725423526,50.17351120792943,0,0,0,0,0,1,1,1
wsl2_cuda,gpu,64,0,1,0,0,1,36,0.056666051201671459,54.44047250458712,54,0.024959837497862569,0.031250000000000007,-0.63610836328225195,262144,0,0.0080475487692786597,-0.16465985729408841,1.4678616948650967e-05,-0.00029204832892750008,0.008032870152330009,-0.1643678089651609,0.0080326141460895402,-0.16435200462038252,0.0017737661500121743,76.868517232261624,73.869561291572381,81,98485,98404,-316,98485,0.00078050989726619914,4.2806259118502511e-89,0.072737265664438361,26.880835609259208,51.398161991247179,0,0,0,0,0,1,1,1
wsl2_cuda,gpu,64,0,1,0,0,1,37,0.056666051201671459,54.44047250458712,54,0.024959837497862569,0.031250000000000007,-0.63610836328225195,262144,0,0.0080326141460895402,-0.16435200462038252,1.3234964294588048e-05,-0.00026158913178848389,0.0080193791817949524,-0.16409041548859404,0.0080191931156726286,-0.16409385198738163,0.0015917729175481978,68.888086477140362,66.564641844802253,68,98404,98336,-316,98404,0.00070005372217735423,6.4753069296419787e-91,0.070572208716185955,27.624834824749787,52.468998204629635,0,0,0,0,0,1,1,1
wsl2_cuda,gpu,64,0,1,0,0,1,38,0.056666051201671459,54.44047250458712,54,0.024959837497862569,0.031250000000000007,-0.63610836328225195,262144,0,0.0080191931156726286,-0.16409385198738163,1.2505846331261691e-05,-0.00024520118253748725,0.0080066872693413671,-0.16384865080484415,0.0080117294049945088,-0.16384707085374234,0.0014944294145940189,64.606760152698286,62.638074381759139,65,98336,98271,-317,98336,0.00065700008290654776,2.6186582690363282e-92,0.067596980654367478,28.317518513142591,53.288595382109008,0,0,0,0,0,1,1,1
wsl2_cuda,gpu,64,0,1,0,0,1,39,0.056666051201671459,54.44047250458712,54,0.024959837497862569,0.031250000000000007,-0.63610836328225195,262144,0,0.0080117294049945088,-0.16384707085374234,1.2998912218647892e-05,-0.00025507278876584204,0.0079987304927758608,-0.16359199806497648,0.0079971974601753225,-0.1635969324757742,0.0015569303060800873,67.223338358061781,65.10896475964195,66,98271,98205,-299,98271,0.00068406079472134993,1.339492174202606e-94,0.060969534313037012,28.958643653474081,54.636453307043141,0,0,0,0,0,1,1,1
wsl2_cuda,gpu,64,0,1,0,0,1,40,0.056666051201671459,54.44047250458712,54,0.024959837497862569,0.031250000000000007,-0.63610836328225195,262144,0,0.0079971974601753225,-0.1635969324757742,1.4368273466437509e-05,-0.00028378992924901693,0.0079828291867088848,-0.16331314254652518,0.007984890979755889,-0.16335402096892884,0.0017348375345110872,74.788423491637246,72.103095378589686,64,98205,98141,-293,98205,0.00076155413157820114,2.0861324571451881e-96,0.06757810750082463,29.542016828537808,55.699848443772012,0,0,0,0,0,1,1,1
wsl2_cuda,gpu,64,0,1,0,0,1,41,0.056666051201671459,54.44047250458712,54,0.024959837497862569,0.031250000000000007,-0.63610836328225195,262144,0,0.007984890979755889,-0.16335402096892884,1.5878107936686274e-05,-0.00031354709193105138,0.0079690128718192029,-0.1630404738769978,0.007966249707642762,-0.16303534715085083,0.0019195976364644069,82.638698728498042,79.33645516978298,84,98141,98057,-271,98141,0.00084204052056223227,7.6095416914780704e-99,0.072520646950873832,30.061005219801633,57.134093910925202,0,0,0,0,0,1,1,1
wsl2_cuda,gpu,64,0,1,0,0,1,42,0.056666051201671459,54.44047250458712,54,0.024959837497862569,0.031250000000000007,-0.63610836328225195,262144,0,0.007966249707642762,-0.16303534715085083,1.6776055983903125e-05,-0.00033216378610714239,0.0079494736516588591,-0.16270318336474368,0.0079494671613663248,-0.1626519158540122,0.0020375360254540585,87.582360080500223,83.97032138257282,101,98057,97956,-294,98057,0.00089317805032277373,1.9327897034220918e-100,0.073996862865084209,30.517131021147566,58.072521527460687,0,0,0,0,0,1,1,1
wsl2_cuda,gpu,64,0,1,0,0,1,43,0.056666051201671459,54.44047250458712,54,0.024959837497862569,0.031250000000000007,-0.63610836328225195,262144,0,0.0079494671613663248,-0.1626519158540122,1.7064792977469171e-05,-0.00033361533078171658,0.0079324023683888557,-0.16231830052323049,0.007934949620212909,-0.16231055502644562,0.0020513276302963771,88.043798231219583,84.630554338197655,90,97956,97866,-296,97956,0.00089880965159070997,1.4585312923037622e-101,0.074780653829241941,30.9049011777578,58.732743015330442,0,0,0,0,0,1,1,1
wsl2_cuda,gpu,64,0,1,0,0,1,44,0.056666051201671459,54.44047250458712,54,0.024959837497862569,0.031250000000000007,-0.63610836328225195,262144,0,0.007934949620212909,-0.16231055502644562,1.7151370445745882e-05,-0.00033371313081119572,0.0079177982497671637,-0.16197684189563441,0.0079222836377420315,-0.16203395273734547,0.0020562676979580499,88.160493127779503,84.997358471802741,73,97866,97793,-299,97866,0.00090082861389838655,2.6692958237806723e-103,0.074490437060253531,31.209205023666787,59.754911104912381,0,0,0,0,0,1,1,1
wsl2_cuda,gpu,64,0,1,0,0,1,45,0.056666051201671459,54.44047250458712,54,0.024959837497862569,0.031250000000000007,-0.63610836328225195,262144,0,0.0079222836377420315,-0.16203395273734547,1.7511162645512105e-05,-0.00034212659759936496,0.0079047724750965186,-0.16169182613974611,0.0079066587484240385,-0.16166634683565825,0.0021116859494904046,90.444873736686432,87.241537661942473,97,97793,97696,-294,97793,0.00092486040653918416,1.1048887288209128e-104,0.077217302917524766,31.418395591481985,60.568564554671198,0,0,0,0,0,1,1,1
wsl2_cuda,gpu,64,0,1,0,0,1,46,0.056666051201671459,54.44047250458712,54,0.024959837497862569,0.031250000000000007,-0.63610836328225195,262144,0,0.0079066587484240385,-0.16166634683565825,1.7724689739366321e-05,-0.00034700245081104356,0.0078889340586846719,-0.16131934438484721,0.007882498567010305,-0.16134515421187162,0.002146638638460833,91.763533763660988,88.400246427543536,85,97696,97611,-285,97696,0.00093927626272990691,1.3727418754889586e-106,0.073571745854447076,31.537019166080615,61.689689559648194,0,0,0,0,0,1,1,1
wsl2_cuda,gpu,64,0,1,0,0,1,47,0.056666051201671459,54.44047250458712,54,0.024959837497862569,0.031250000000000007,-0.63610836328225195,262144,0,0.007882498567010305,-0.16134515421187162,1.7861413225717096e-05,-0.00035725107524008657,0.0078646371537845882,-0.16098790313663153,0.0078624191826552163,-0.16097431911682045,0.0022143271675406162,94.490525672329014,90.828006203259832,98,97611,97513,-303,97611,0.00096803152997437802,9.3140740591536926e-109,0.077807555085293578,31.543482266238545,62.965370294550318,0,0,0,0,0,1,1,1
wsl2_cuda,gpu,64,0,1,0,0,1,48,0.056666051201671459,54.44047250458712,54,0.024959837497862569,0.031250000000000007,-0.63610836328225195,262144,0,0.0078624191826552163,-0.16097431911682045,1.8268285379130231e-05,-0.00036913503528117385,0.0078441508972760862,-0.16060518408153926,0.0078498249067382037,-0.16060780881368733,0.0022932022330042863,97.686738427178298,93.822328313662325,97,97513,97416,-310,97513,0.001001781695027107,2.643947555323251e-110,0.076037624197396764,31.434787326758357,63.875391040522643,0,0,0,0,0,1,1,1
wsl2_cuda,gpu,64,0,1,0,0,1,49,0.056666051201671459,54.44047250458712,54,0.024959837497862569,0.031250000000000007,-0.63610836328225195,262144,0,0.0078498249067382037,-0.16060780881368733,1.9009044376658642e-05,-0.00038420597355490508,0.0078308158623615447,-0.16022360284013243,0.0078216093077408747,-0.1601855046357088,0.002392269870858187,101.76545471922303,97.788472454722253,112,97416,97304,-322,97416,0.0010446482581836971,1.7793306968514267e-110,0.076991676001558887,31.191081074079147,63.976574962562765,0,0,0,0,0,1,1,1
wsl2_cuda,gpu,64,0,1,0,0,1,50,0.056666051201671459,54.44047250458712,54,0.024959837497862569,0.031250000000000007,-0.63610836328225195,262144,0,0.0078216093077408747,-0.1601855046357088,1.9666596920093562e-05,-0.00039892709269270685,0.0078019427108207808,-0.15978657754301609,0.0078056715895701272,-0.15978966894958158,0.0024904639927313755,105.78493654445758,101.75121193849054,105,97304,97199,-335,97304,0.0010871591768525197,3.3553375309061184e-111,0.075446628511496111,30.799097270511925,64.40280435753192,0,0,0,0,0,1,1,1
wsl2_cuda,gpu,64,0,1,0,0,1,51,0.056666051201671459,54.44047250458712,54,0.024959837497862569,0.031250000000000007,-0.63610836328225195,262144,0,0.0078056715895701272,-0.15978966894958158,2.0363364023826366e-05,-0.00041312590019622624,0.0077853082255463007,-0.15937654304938534,0.0077882633855881596,-0.15937163867891307,0.0025854912094075044,109.665768975966,105.51896357914286,111,97199,97088,-344,97199,0.001128260259631951,4.1189166843350821e-111,0.078093927128546736,30.233681952755706,64.35041886555446,0,0,0,0,0,1,1,1
wsl2_cuda,gpu,64,0,1,0,0,1,52,0.056666051201671459,54.44047250458712,54,0.024959837497862569,0.031250000000000007,-0.63610836328225195,262144,0,0.0077882633855881596,-0.15937163867891307,2.0579643882688162e-05,-0.00042361910188482845,0.0077676837417054714,-0.15894801957702825,0.007766119506033598,-0.15896920336735867,0.0026580209437053999,112.54532189325786,108.22965288145041,107,97088,96981,-339,97088,0.001159209396560418,1.7163980371085039e-111,0.082177962567788143,29.482767041478528,64.574066791116053,0,0,0,0,0,1,1,1
wsl2_cuda,gpu,64,0,1,0,0,1,53,0.056666051201671459,54.44047250458712,54,0.024959837497862569,0.031250000000000007,-0.63610836328225195,262144,0,0.007766119506033598,-0.15896920336735867,2.0634759887369838e-05,-0.00042951199409990861,0.0077454847461462285,-0.15853969137325877,0.007740237259880222,-0.1584996135747207,0.0027017498722845396,114.21053915645818,109.81104317613783,125,96981,96856,-336,96981,0.0011776589141837906,1.7976466379193739e-111,0.082012698874525336,28.530023037949817,64.562250176501578,0,0,0,0,0,1,1,1
wsl2_cuda,gpu,64,0,1,0,0,1,54,0.056666051201671459,54.44047250458712,54,0.024959837497862569,0.031250000000000007,-0.63610836328225195,262144,0,0.007740237259880222,-0.1584996135747207,2.0683729330164636e-05,-0.00044020508015135148,0.0077195535305500575,-0.15805940849456934,0.0077270204430070462,-0.15806815755177006,0.0027770758631432396,117.14726272006142,112.56989264777779,115,96856,96741,-359,96856,0.0012094992847119582,1.7169776468744082e-109,0.082312934272386784,27.372245830763269,63.397397062805211,3.7532502747611518e-15,0,0,0,0,1,1,1
wsl2_cuda,gpu,64,0,1,0,0,1,55,0.056666051201671459,54.44047250458712,54,0.024959837497862569,0.031250000000000007,-0.63610836328225195,262144,0,0.0077270204430070462,-0.15806815755177006,2.1477374066432033e-05,-0.00045665248108024112,0.0077055430689406141,-0.15761150507068983,0.0077040969653196434,-0.15761661489862053,0.0028886984367717601,121.63766375819696,116.84630595673518,120,96741,96621,-359,96741,0.0012573537978540325,1.8874201849679475e-105,0.082528848532378768,26.004491790544265,61.020049014538294,0,0,0,0,0,1,1,1
wsl2_cuda,gpu,64,0,1,0,0,1,56,0.056666051201671459,54.44047250458712,54,0.024959837497862569,0.031250000000000007,-0.63610836328225195,262144,0,0.0077040969653196434,-0.15761661489862053,2.2005171480134183e-05,-0.00046899091911311176,0.0076820917938395092,-0.15714762397950741,0.0076882560214027685,-0.15716585715786843,0.0029752328542137474,125.07235340532647,120.16238283521916,120,96621,96501,-363,96621,0.0012944634541696574,2.5876692696835631e-99,0.083042260663117706,24.450773122153947,57.40967901586319,0,0,0,0,0,1,1,1
wsl2_cuda,gpu,64,1,1,0,0,1,0,0.056666051201671459,54.44047250458712,54,0.024959837497862569,0.031250000000000007,-0.63610836328225195,262144,0,0.031250000000000007,-0.63610836328225195,0.0031181350119755796,-0.063471096286582637,0.028131864988024426,-0.5726372669956693,0.027482982278561326,-0.57307031626175353,0.099780320382959406,25648.000341439743,23125.539141254343,25479,262144,236665,79,262144,0.097839356771239255,0.070982009395745213,0.10000000000000001,0.0063851834937898857,0.087568230771977076,0,0,0,0,0,1,1,1
wsl2_cuda,gpu,64,1,1,0,0,1,1,0.056666051201671459,54.44047250458712,54,0.024959837497862569,0.031250000000000007,-0.63610836328225195,262144,0,0.027482982278561326,-0.57307031626175353,0.0025913527238701794,-0.05428355298616596,0.024891629554691146,-0.51878676327558759,0.024924374534277868,-0.51861764456542181,0.094723072897505881,21070.686592347774,19106.83763771514,21125,236665,215540,-32,236665,0.089031697092294068,0.016513509900926523,0.10000000000000001,0.042711205147999511,0.46013862002867584,0,0,0,0,0,1,1,1
wsl2_cuda,gpu,64,1,1,0,0,1,2,0.056666051201671459,54.44047250458712,54,0.024959837497862569,0.031250000000000007,-0.63610836328225195,262144,0,0.024924374534277868,-0.51861764456542181,0.0021805381061764657,-0.045627500739696583,0.022743836428101401,-0.47299014382572524,0.022878927634213453,-0.47285902890303921,0.087977939345820377,17128.627704243347,15629.943348521374,17157,215540,198383,-237,215540,0.079468440680353289,0.0013424165221441915,0.099969150771327009,0.11103938359029716,1.1013484312331001,0,0,0,0,0,1,1,1
wsl2_cuda,gpu,64,1,1,0,0,1,3,0.056666051201671459,54.44047250458712,54,0.024959837497862569,0.031250000000000007,-0.63610836328225195,262144,0,0.022878927634213453,-0.47285902890303921,0.0019012210394392561,-0.039484884604783207,0.020977706594774197,-0.43337414429825599,0.020852300687893417,-0.43386415639660647,0.083501502293389041,14402.319913616051,13190.268364522559,14252,198383,184131,-23,198383,0.072598558916923586,4.3137636382358123e-05,0.098853691034550981,0.21012737075287033,1.9796861922751297,0,0,0,0,0,1,1,1
wsl2_cuda,gpu,64,1,1,0,0,1,4,0.056666051201671459,54.44047250458712,54,0.024959837497862569,0.031250000000000007,-0.63610836328225195,262144,0,0.020852300687893417,-0.43386415639660647,0.0016707260264023772,-0.034764533783635428,0.019181574661491039,-0.39909962261297105,0.019064137391777557,-0.3989962552717482,0.080127679327043247,12356.8485283263,11345.277930994165,12360,184131,171771,-67,184131,0.067109006784986228,7.6811981974509275e-07,0.097698733249268491,0.35209202498915104,3.0088598538388305,0,0,0,0,0,1,1,1
wsl2_cuda,gpu,64,1,1,0,0,1,5,0.056666051201671459,54.44047250458712,54,0.024959837497862569,0.031250000000000007,-0.63610836328225195,262144,0,0.019064137391777557,-0.3989962552717482,0.0014656922985901281,-0.031220642748911724,0.017598445093187427,-0.36777561252283647,0.017483595872650626,-0.3676705147572078,0.078244848390887758,10823.133852493098,9941.159570956439,10844,171771,160927,-179,171771,0.063009086821949556,8.7891134524769186e-09,0.097197723667624136,0.54507122710091838,4.1510187823775215,0,0,0,0,0,1,1,1
wsl2_cuda,gpu,64,1,1,0,0,1,6,0.056666051201671459,54.44047250458712,54,0.024959837497862569,0.031250000000000007,-0.63610836328225195,262144,0,0.017483595872650626,-0.3676705147572078,0.0012590686034549691,-0.027215573467801516,0.016224527269195658,-0.34045494128940629,0.016105382719569523,-0.34000248278032535,0.074017108399095546,9209.6108371807259,8483.4336035395263,9313,160927,151614,-294,160927,0.057228500109867991,4.0571125145107382e-11,0.096010883391421928,0.8112763716644138,5.5251082661189006,0,0,0,0,0,1,1,1
wsl2_cuda,gpu,64,1,1,0,0,1,7,0.056666051201671459,54.44047250458712,54,0.024959837497862569,0.031250000000000007,-0.63610836328225195,262144,0,0.016105382719569523,-0.34000248278032535,0.001100571331477902,-0.02384464008226489,0.015004811388091621,-0.31615784269806047,0.014880054477268354,-0.31632387914976418,0.070126763336596482,7888.2433391177319,7281.3922455797046,7851,151614,143763,-123,151614,0.052028462669131692,1.2307546539625414e-13,0.096074672902579913,1.1470607832891431,7.0064536554340666,0,0,0,0,0,1,1,1
wsl2_cuda,gpu,64,1,1,0,0,1,8,0.056666051201671459,54.44047250458712,54,0.024959837497862569,0.031250000000000007,-0.63610836328225195,262144,0,0.014880054477268354,-0.31632387914976418,0.00096211828748951492,-0.02102097541543119,0.013917936189778839,-0.29530290373433299,0.013939140383554555,-0.29544214385542666,0.066449998365243956,6804.6584468758956,6291.7845850223976,6783,143763,136980,-36,143763,0.047332473911061233,4.262761708994947e-16,0.094229887754459007,1.5532192971202188,8.4539339519339212,0,0,0,0,0,1,1,1
wsl2_cuda,gpu,64,1,1,0,0,1,9,0.056666051201671459,54.44047250458712,54,0.024959837497862569,0.031250000000000007,-0.63610836328225195,262144,0,0.013939140383554555,-0.29544214385542666,0.00088693789572881216,-0.018716640945480759,0.013052202487825744,-0.27672550290994591,0.013124052611424835,-0.27644884078760951,0.063351907542584601,5934.6711854613841,5491.0851416467613,6025,136980,130955,7,136980,0.043325092608128078,1.8642929898759511e-18,0.093934610202481658,2.0312479590709693,9.8418182126066007,0,0,0,0,0,1,1,1
wsl2_cuda,gpu,64,1,1,0,0,1,10,0.056666051201671459,54.44047250458712,54,0.024959837497862569,0.031250000000000007,-0.63610836328225195,262144,0,0.013124052611424835,-0.27644884078760951,0.00079592818008264736,-0.016600591242385134,0.012328124431342187,-0.2598482495452244,0.012242581500554194,-0.26047057960076914,0.060050757984766182,5162.1244922515034,4779.1465563568263,4978,130955,125977,-83,130955,0.039419071377583929,3.1304998862345293e-21,0.093259400268687787,2.5881751149305932,11.474269221385262,0,0,0,0,0,1,1,1
wsl2_cuda,gpu,64,1,1,0,0,1,11,0.056666051201671459,54.44047250458712,54,0.024959837497862569,0.031250000000000007,-0.63610836328225195,262144,0,0.012242581500554194,-0.26047057960076914,0.0006785317977635667,-0.014508473283631241,0.011564049702790628,-0.24596210631713789,0.011608636382453005,-0.24594440577311408,0.055700395080665654,4428.41796556589,4107.1484126087425,4436,125977,121541,-39,125977,0.035152591072702875,2.7521092977753638e-24,0.09358633876952023,3.2201978668812723,13.272058174857046,0,0,0,0,0,1,1,1
wsl2_cuda,gpu,64,1,1,0,0,1,12,0.056666051201671459,54.44047250458712,54,0.024959837497862569,0.031250000000000007,-0.63610836328225195,262144,0,0.011608636382453005,-0.24594440577311408,0.00059691334660328136,-0.012730875403019671,0.011011723035849724,-0.2332135303700944,0.011140846782641798,-0.23302092039549133,0.051762460663473557,3819.7352429522743,3546.1072619698239,3863,121541,117678,162,121541,0.031427544967971913,6.0076606882328448e-27,0.091786057480941291,3.9238367758146913,14.837479110366049,0,0,0,0,0,1,1,1
wsl2_cuda,gpu,64,1,1,0,0,1,13,0.056666051201671459,54.44047250458712,54,0.024959837497862569,0.031250000000000007,-0.63610836328225195,262144,0,0.011140846782641798,-0.23302092039549133,0.00052710547797959345,-0.011109895999154922,0.010613741304662205,-0.22191102439633639,0.010640881234755702,-0.22212044504694017,0.047676844257751851,3281.0620573332285,3049.2129419102052,3216,117678,114462,158,117678,0.027881694601652209,2.8974348405425606e-29,0.091830583931452922,4.6939016870005261,16.200369695757846,0,0,0,0,0,1,1,1
wsl2_cuda,gpu,64,1,1,0,0,1,14,0.056666051201671459,54.44047250458712,54,0.024959837497862569,0.031250000000000007,-0.63610836328225195,262144,0,0.010640881234755702,-0.22212044504694017,0.00046392121020755428,-0.0097953046016075948,0.010176960024548149,-0.21232514044533257,0.010237119217440371,-0.21223343742272108,0.04409792067005338,2849.8340075623005,2648.7822659380713,2876,114462,111586,134,114462,0.024897642951916796,1.1105925831088032e-32,0.092673324101680887,5.5163509978672387,18.210244228090279,0,0,0,0,0,1,1,1
wsl2_cuda,gpu,64,1,1,0,0,1,15,0.056666051201671459,54.44047250458712,54,0.024959837497862569,0.031250000000000007,-0.63610836328225195,262144,0,0.010237119217440371,-0.21223343742272108,0.000400263841411931,-0.008473463481835565,0.0098368553760284395,-0.20375997394088552,0.009842970208432604,-0.20366025786440572,0.039923287731151544,2431.0836103612396,2261.8080375997165,2458,111586,109128,156,111586,0.021786636409238072,1.6901178274038389e-35,0.092532975882314766,6.4017581486880486,19.867837244126569,0,0,0,0,0,1,1,1
wsl2_cuda,gpu,64,1,1,0,0,1,16,0.056666051201671459,54.44047250458712,54,0.024959837497862569,0.031250000000000007,-0.63610836328225195,262144,0,0.009842970208432604,-0.20366025786440572,0.00034819590618227818,-0.0072478007066803293,0.0094947743022503264,-0.1964124571577254,0.0095378801256099099,-0.19654121903088367,0.03558720721003894,2052.9442946404647,1912.423585713572,2017,109128,107111,177,109128,0.018812259865849872,3.8407892013686963e-38,0.092609764873799294,7.3364411843967705,21.422984387561868,0,0,0,0,0,1,1,1
wsl2_cuda,gpu,64,1,1,0,0,1,17,0.056666051201671459,54.44047250458712,54,0.024959837497862569,0.031250000000000007,-0.63610836328225195,262144,0,0.0095378801256099099,-0.19654121903088367,0.00030763241017369699,-0.0062143209373164308,0.0092302477154362125,-0.19032689809356723,0.0092088128259831988,-0.1902841182121944,0.031619903199014754,1739.532510470216,1621.8911667305283,1753,107111,105358,150,107111,0.016240465596159274,7.8849864506102433e-41,0.09180995878038388,8.3025627972965594,23.004088732850644,0,0,0,0,0,1,1,1
wsl2_cuda,gpu,64,1,1,0,0,1,18,0.056666051201671459,54.44047250458712,54,0.024959837497862569,0.031250000000000007,-0.63610836328225195,262144,0,0.0092088128259831988,-0.1902841182121944,0.00025941522301335418,-0.005270579874998545,0.0089493976029698438,-0.18501353833719586,0.0090041101799579401,-0.18503334459228379,0.027699577437636846,1459.7125651034548,1362.3410026552806,1452,105358,103906,92,105358,0.013854786206111115,3.9215049652350935e-44,0.0913090041035588,9.3029001802793339,24.947421159521397,0,0,0,0,0,1,1,1
wsl2_cuda,gpu,64,1,1,0,0,1,19,0.056666051201671459,54.44047250458712,54,0.024959837497862569,0.031250000000000007,-0.63610836328225195,262144,0,0.0090041101799579401,-0.18503334459228379,0.00022085678769166484,-0.0044614027888917425,0.0087832533922662746,-0.18057194180339206,0.0087898895316697624,-0.18047903522444281,0.024112330247575194,1223.7377678902494,1142.734630308142,1251,103906,102655,91,103906,0.011777354222953914,2.2429393032933705e-47,0.092382812804800735,10.325205495867968,26.855036668965877,0,0,0,0,0,1,1,1
wsl2_cuda,gpu,64,1,1,0,0,1,20,0.056666051201671459,54.44047250458712,54,0.024959837497862569,0.031250000000000007,-0.63610836328225195,262144,0,0.0087898895316697624,-0.18047903522444281,0.00017907836939414886,-0.0036735232170377365,0.0086108111622756143,-0.17680551200740507,0.0086546949951710611,-0.17691133146436375,0.020354338089782393,998.82166144907546,934.13120058064578,969,102655,101686,76,102655,0.0097298880858124343,4.5726675191122199e-50,0.092588990548527553,11.374452519783421,28.437922582761114,0,0,0,0,0,1,1,1
wsl2_cuda,gpu,64,1,1,0,0,1,21,0.056666051201671459,54.44047250458712,54,0.024959837497862569,0.031250000000000007,-0.63610836328225195,262144,0,0.0086546949951710611,-0.17691133146436375,0.00014642348768490867,-0.0029887037563187295,0.0085082715074861516,-0.17392262770804501,0.0084959417973445722,-0.17382663961004863,0.016893853657290771,806.50614850538432,755.51741826073794,832,101686,100854,58,101686,0.0079313391076980544,8.2308022809841994e-53,0.090542013066147828,12.428355151225537,30.052623054080492,0,0,0,0,0,1,1,1
wsl2_cuda,gpu,64,1,1,0,0,1,22,0.056666051201671459,54.44047250458712,54,0.024959837497862569,0.031250000000000007,-0.63610836328225195,262144,0,0.0084959417973445722,-0.17382663961004863,0.00011714602721341738,-0.002379108627893603,0.0083787957701311547,-0.17144753098215504,0.0083587558802429331,-0.17133413732508115,0.013686917047092908,637.82204372051388,598.58889937606284,669,100854,100185,69,100854,0.0063242116695472056,4.0295153774425987e-55,0.088665054347777605,13.492109216310745,31.411688351328856,0,0,0,0,0,1,1,1
wsl2_cuda,gpu,64,1,1,0,0,1,23,0.056666051201671459,54.44047250458712,54,0.024959837497862569,0.031250000000000007,-0.63610836328225195,262144,0,0.0083587558802429331,-0.17133413732508115,9.2406429968256985e-05,-0.0018477920201630778,0.0082663494502746761,-0.16948634530491807,0.0082573092267410539,-0.16957069930985985,0.010785369576866193,492.62431478646437,463.26286300462226,470,100185,99715,59,100185,0.0049171464269747401,1.932668321801522e-58,0.088448954539476737,14.555881123773839,33.364284788574381,0,0,0,0,0,1,1,1
wsl2_cuda,gpu,64,1,1,0,0,1,24,0.056666051201671459,54.44047250458712,54,0.024959837497862569,0.031250000000000007,-0.63610836328225195,262144,0,0.0082573092267410539,-0.16957069930985985,6.9337013497087092e-05,-0.0013907645266872347,0.0081879722132439676,-0.16817993478317261,0.0082001518915003867,-0.16822654540214901,0.0082021416575648615,369.1060617563914,348.10740970625335,356,99715,99359,37,99715,0.0037016102066528746,5.5944368305539445e-61,0.087253214331222295,15.60882396262075,34.857605084674361,0,0,0,0,0,1,1,1
wsl2_cuda,gpu,64,1,1,0,0,1,25,0.056666051201671459,54.44047250458712,54,0.024959837497862569,0.031250000000000007,-0.63610836328225195,262144,0,0.0082001518915003867,-0.16822654540214901,4.8530523941081687e-05,-0.00097158452874237405,0.0081516213675593054,-0.16725496087340663,0.0081571197032804972,-0.16735717827340968,0.0057757916136290839,256.96088349389385,243.60392604141177,230,99359,99129,37,99359,0.0025861862890517603,1.0532311665481205e-63,0.085209282073242715,16.658586134714632,36.46083693625544,0,0,0,0,0,1,1,1
wsl2_cuda,gpu,64,1,1,0,0,1,26,0.056666051201671459,54.44047250458712,54,0.024959837497862569,0.031250000000000007,-0.63610836328225195,262144,0,0.0081571197032804972,-0.16735717827340968,3.1272756839769731e-05,-0.00063540884249064795,0.0081258469464407269,-0.16672176943091904,0.008131050694974884,-0.16679234574011575,0.0037968108385694117,167.60513345280435,159.96738314367551,149,99129,98980,52,99129,0.0016907780110038875,5.8404337889079838e-66,0.082276064256692705,17.692204649678537,37.788069323881921,0,0,0,0,0,1,1,1
wsl2_cuda,gpu,64,1,1,0,0,1,27,0.056666051201671459,54.44047250458712,54,0.024959837497862569,0.031250000000000007,-0.63610836328225195,262144,0,0.008131050694974884,-0.16679234574011575,1.8946672559341794e-05,-0.00039298975900718149,0.0081121040224155418,-0.16639935598110858,0.0081123842164466976,-0.16638190000025566,0.0023561001921542034,103.46286042132373,99.468882127547175,108,98980,98872,60,98980,0.0010452905680069077,4.1616804975185739e-69,0.071285638884714606,18.711056663640253,39.639527164272806,0,0,0,0,0,1,1,1
wsl2_cuda,gpu,64,1,1,0,0,1,28,0.056666051201671459,54.44047250458712,54,0.024959837497862569,0.031250000000000007,-0.63610836328225195,262144,0,0.0081123842164466976,-0.16638190000025566,1.1391696294853635e-05,-0.00023539236042641735,0.0081009925201518448,-0.16614650763982924,0.0081022887620824484,-0.16615736555707455,0.0014147464528298187,61.907423415543114,60.067012419126677,59,98872,98813,51,98872,0.00062613706019442423,5.2834044096900838e-71,0.061587797281925309,19.718131346216573,40.755137063515306,0,0,0,0,0,1,1,1
wsl2_cuda,gpu,64,1,1,0,0,1,29,0.056666051201671459,54.44047250458712,54,0.024959837497862569,0.031250000000000007,-0.63610836328225195,262144,0,0.0081022887620824484,-0.16615736555707455,7.0934514178585519e-06,-0.00014609441893025828,0.008095195310664589,-0.16601127113814429,0.0080985569067433816,-0.16603555205411158,0.00087924440827460537,38.405701250245315,37.59471571206646,32,98813,98781,45,98813,0.00038867053171389712,1.5170776638446233e-73,0.040349137337231777,20.708171178668696,42.250519372891929,0,0,0,0,0,1,1,1
wsl2_cuda,gpu,64,1,1,0,0,1,30,0.056666051201671459,54.44047250458712,54,0.024959837497862569,0.031250000000000007,-0.63610836328225195,262144,0,0.0080985569067433816,-0.16603555205411158,5.2609235465390251e-06,-0.00010688823556609911,0.008093295983196842,-0.16592866381854549,0.0080914562990331354,-0.1659139040473403,0.00064378103214556221,28.095867363104961,27.634303525431019,32,98781,98749,51,98781,0.00028442582443086184,1.705247922558511e-76,0.033802151253690245,21.678226028636185,43.98552128531383,0,0,0,0,0,1,1,1
wsl2_cuda,gpu,64,1,1,0,0,1,31,0.056666051201671459,54.44047250458712,54,0.024959837497862569,0.031250000000000007,-0.63610836328225195,262144,0,0.0080914562990331354,-0.1659139040473403,5.1090863676955904e-06,-0.0001048943518916416,0.0080863472126654398,-0.16580900969544865,0.0080869694304268151,-0.16582257173868561,0.00063221967988640623,27.57085498386018,27.12030587740318,24,98749,98725,57,98749,0.00027920135883766095,4.0371734769229789e-78,0.035682885757618653,22.62451727161999,44.941913107767874,0,0,0,0,0,1,1,1
wsl2_cuda,gpu,64,1,1,0,0,1,32,0.056666051201671459,54.44047250458712,54,0.024959837497862569,0.031250000000000007,-0.63610836328225195,262144,0,0.0080869694304268151,-0.16582257173868561,6.5742362459389256e-06,-0.00013604156792125453,0.0080803951941808769,-0.16568653017076437,0.0080821158579361708,-0.16569710885774702,0.00082038669600572754,35.760131980839652,35.022379832872438,33,98725,98692,52,98725,0.00036221961996292382,5.833773549980911e-80,0.044168732903771032,23.540919842250116,46.024445106187748,0,0,0,0,0,1,1,1
wsl2_cuda,gpu,64,1,1,0,0,1,33,0.056666051201671459,54.44047250458712,54,0.024959837497862569,0.031250000000000007,-0.63610836328225195,262144,0,0.0080821158579361708,-0.16569710885774702,9.5864888926666077e-06,-0.00019578406605086777,0.0080725293690435043,-0.16550132479169616,0.0080731493225563895,-0.16554122024273352,0.0011815888640047672,51.475110349210738,50.014382641144458,41,98692,98651,45,98692,0.00052157328202094132,1.2090027161613895e-82,0.050555828851331044,24.4296836645646,47.603139084931421,0,0,0,0,0,1,1,1
wsl2_cuda,gpu,64,1,1,0,0,1,34,0.056666051201671459,54.44047250458712,54,0.024959837497862569,0.031250000000000007,-0.63610836328225195,262144,0,0.0080731493225563895,-0.16554122024273352,1.2930833579420245e-05,-0.00026355033773903008,0.0080602184889769692,-0.16527766990499448,0.0080574560851835557,-0.16525610933284748,0.001592075557074545,69.310966805121609,66.778019629104634,75,98651,98576,48,98651,0.00070258757443028054,1.373159820115419e-84,0.060674154473463505,25.290303919614782,48.747193659239187,0,0,0,0,0,1,1,1
wsl2_cuda,gpu,64,1,1,0,0,1,35,0.056666051201671459,54.44047250458712,54,0.024959837497862569,0.031250000000000007,-0.63610836328225195,262144,0,0.0080574560851835557,-0.16525610933284748,1.4739880186884206e-05,-0.00030055905888718028,0.0080427162049966708,-0.16495555027396031,0.0080421547581101156,-0.16495597754392058,0.0018187721736239652,79.071446971581096,75.879550373773355,79,98576,98497,37,98576,0.00080213689915984722,1.2317642573348812e-87,0.066067101504029599,26.123413718055478,50.53983239773158,0,0,0,0,0,1,1,1
wsl2_cuda,gpu,64,1,1,0,0,1,36,0.056666051201671459,54.44047250458712,54,0.024959837497862569,0.031250000000000007,-0.63610836328225195,262144,0,0.0080421547581101156,-0.16495597754392058,1.4525128918229106e-05,-0.00029561844649879653,0.0080276296291918858,-0.16466035909742177,0.0080316853980286762,-0.16467823939593093,0.0017921383295006698,77.803144668109965,74.813029181811899,73,98497,98424,52,98497,0.00078990369928129758,6.1342323949574895e-90,0.06763814802832796,26.915591027127693,51.894531406002443,0,0,0,0,0,1,1,1
wsl2_cuda,gpu,64,1,1,0,0,1,37,0.056666051201671459,54.44047250458712,54,0.024959837497862569,0.031250000000000007,-0.63610836328225195,262144,0,0.0080316853980286762,-0.16467823939593093,1.3217192786138389e-05,-0.00026757051995204189,0.0080184682052425373,-0.16441066887597888,0.0080163840709552361,-0.16438962517404024,0.0016248574098414595,70.455785864020925,68.089387832008725,76,98424,98348,36,98424,0.00071583948898663863,1.7817968122659238e-91,0.065660939735915566,27.660222944483099,52.798678174956081,0,0,0,0,0,1,1,1
wsl2_cuda,gpu,64,1,1,0,0,1,38,0.056666051201671459,54.44047250458712,54,0.024959837497862569,0.031250000000000007,-0.63610836328225195,262144,0,0.0080163840709552361,-0.16438962517404024,1.2522853424703859e-05,-0.0002517047802948983,0.0080038612175305328,-0.16413792039374533,0.0080107898888630777,-0.16415793786397684,0.0015312211671551278,66.311452805087924,64.281559779075238,61,98348,98287,43,98348,0.00067425319076227196,3.4118299038202786e-93,0.062545786845877804,28.357478723186659,53.809287368585188,0,0,0,0,0,1,1,1
wsl2_cuda,gpu,64,1,1,0,0,1,39,0.056666051201671459,54.44047250458712,54,0.024959837497862569,0.031250000000000007,-0.63610836328225195,262144,0,0.0080107898888630777,-0.16415793786397684,1.3013848948418805e-05,-0.00026298965879845528,0.0079977760399146582,-0.16389494820517839,0.0079977283951763629,-0.16389958423377241,0.0016021060700897739,69.298798210211984,67.097655879266313,68,98287,98219,41,98287,0.00070506575854601306,1.2088626154960063e-94,0.066789843660165646,29.000551092268669,54.662669488945106,0,0,0,0,0,1,1,1
wsl2_cuda,gpu,64,1,1,0,0,1,40,0.056666051201671459,54.44047250458712,54,0.024959837497862569,0.031250000000000007,-0.63610836328225195,262144,0,0.0079977283951763629,-0.16389958423377241,1.434221723441167e-05,-0.00028787507218773468,0.0079833861779419514,-0.16361170916158468,0.0079813197546171125,-0.1635580227628057,0.0017564988360340883,75.860736470617681,73.174374914093846,90,98219,98129,39,98219,0.00077236315245133506,1.1222960894481532e-96,0.068007284071492341,29.588138941458194,55.858236833439435,0,0,0,0,0,1,1,1
wsl2_cuda,gpu,64,1,1,0,0,1,41,0.056666051201671459,54.44047250458712,54,0.024959837497862569,0.031250000000000007,-0.63610836328225195,262144,0,0.0079813197546171125,-0.1635580227628057,1.5500661544072869e-05,-0.00031277360043783814,0.0079658190930730396,-0.16324524916236788,0.007964540809257098,-0.1632356995667521,0.0019123805542235505,82.431964625566437,79.207865737186665,85,98129,98044,40,98129,0.00084003673354020151,6.2900270308903873e-99,0.075638422960393581,30.117307952472199,57.182749160529731,0,0,0,0,0,1,1,1
wsl2_cuda,gpu,64,1,1,0,0,1,42,0.056666051201671459,54.44047250458712,54,0.024959837497862569,0.031250000000000007,-0.63610836328225195,262144,0,0.007964540809257098,-0.1632356995667521,1.6585612405686327e-05,-0.00033434194052436254,0.0079479551968514115,-0.16290135762622773,0.0079455400004138192,-0.16290226150397169,0.0020482970713143226,88.150165913388122,84.549277040669438,88,98044,97956,38,98044,0.00089908781683109746,3.4102737280210948e-100,0.076077590432845135,30.574237834718407,57.927446058779012,0,0,0,0,0,1,1,1
wsl2_cuda,gpu,64,1,1,0,0,1,43,0.056666051201671459,54.44047250458712,54,0.024959837497862569,0.031250000000000007,-0.63610836328225195,262144,0,0.0079455400004138192,-0.16290226150397169,1.7142534567781865e-05,-0.00034265119645669853,0.0079283974658460373,-0.16255961030751498,0.0079283907502530615,-0.16256462458932716,0.0021035442051993329,90.414410826366847,86.895383651288014,89,97956,97867,15,97956,0.00092301044169184991,1.0902280302305201e-101,0.075712207732638412,30.958283103397488,58.807102153504395,0,0,0,0,0,1,1,1
wsl2_cuda,gpu,64,1,1,0,0,1,44,0.056666051201671459,54.44047250458712,54,0.024959837497862569,0.031250000000000007,-0.63610836328225195,262144,0,0.0079283907502530615,-0.16256462458932716,1.6992484053018469e-05,-0.00034280053090711746,0.007911398266200043,-0.16222182405842003,0.0079160914716665011,-0.16221614674969445,0.0021087850847547954,90.544571601729615,87.302153295127525,92,97867,97775,5,97867,0.00092517980117638851,2.4082931251895008e-103,0.073873798826148029,31.263505155236928,59.781200309998695,0,0,0,0,0,1,1,1
wsl2_cuda,gpu,64,1,1,0,0,1,45,0.056666051201671459,54.44047250458712,54,0.024959837497862569,0.031250000000000007,-0.63610836328225195,262144,0,0.0079160914716665011,-0.16221614674969445,1.7334379116155519e-05,-0.00035091494286333338,0.0078987570925503452,-0.16186523180683113,0.0078990177020359376,-0.16179641648385384,0.0021633183026173969,92.756154515673018,89.480140378518385,111,97775,97664,-12,97775,0.00094866944020120705,1.0226900464021936e-104,0.07089751642715468,31.480134357838523,60.588316163808855,0,0,0,0,0,1,1,1
wsl2_cuda,gpu,64,1,1,0,0,1,46,0.056666051201671459,54.44047250458712,54,0.024959837497862569,0.031250000000000007,-0.63610836328225195,262144,0,0.0078990177020359376,-0.16179641648385384,1.7721464118232733e-05,-0.00036036938422337212,0.0078812962379177041,-0.16143604709963047,0.0078692635462687226,-0.16137701561828086,0.0022273399178690963,95.282048866395328,91.752823803111369,111,97664,97553,-11,97664,0.00097561075592229819,1.3568306734774502e-106,0.075569930322264472,31.602937648247011,61.692668215436704,0,0,0,0,0,1,1,1
wsl2_cuda,gpu,64,1,1,0,0,1,47,0.056666051201671459,54.44047250458712,54,0.024959837497862569,0.031250000000000007,-0.63610836328225195,262144,0,0.0078692635462687226,-0.16137701561828086,1.7927383521522421e-05,-0.00036864209686335363,0.0078513361627471998,-0.1610083735214175,0.0078476849381283707,-0.16101410293421251,0.0022843384589962905,97.491303608414782,93.691774507588221,96,97553,97457,-7,97553,0.00099936756028430477,2.3616221521427762e-107,0.077340364948387072,31.615471763548666,62.139367093329746,0,0,0,0,0,1,1,1
wsl2_cuda,gpu,64,1,1,0,0,1,48,0.056666051201671459,54.44047250458712,54,0.024959837497862569,0.031250000000000007,-0.63610836328225195,262144,0,0.0078476849381283707,-0.16101410293421251,1.8770437581017646e-05,-0.00038340977002547418,0.0078289145005473529,-0.16063069316418704,0.0078276664575777956,-0.16061362508347427,0.0023812437388844245,101.45349019055213,97.389335493101427,106,97457,97351,-13,97457,0.0010410077284397439,5.7060780583538122e-109,0.07864882488446856,31.502057259270565,63.090559939186505,0,0,0,0,0,1,1,1
wsl2_cuda,gpu,64,1,1,0,0,1,49,0.056666051201671459,54.44047250458712,54,0.024959837497862569,0.031250000000000007,-0.63610836328225195,262144,0,0.0078276664575777956,-0.16061362508347427,1.9733425276140474e-05,-0.00039684965447483631,0.0078079330323016548,-0.16021677542899943,0.0078035172519732793,-0.16024408675428417,0.0024709531377957463,105.11443057995261,100.98816525558946,98,97351,97253,-9,97351,0.0010797467984915677,5.9126902240464756e-110,0.079799576975583944,31.255620409224463,63.669764084015938,0,0,0,0,0,1,1,1
wsl2_cuda,gpu,64,1,1,0,0,1,50,0.056666051201671459,54.44047250458712,54,0.024959837497862569,0.031250000000000007,-0.63610836328225195,262144,0,0.0078035172519732793,-0.16024408675428417,2.0384838302742046e-05,-0.00041018196878234143,0.007783132413670537,-0.15983390478550183,0.0077902290049746605,-0.15984778885759868,0.00255985660478585,108.76989969307192,104.65003279840992,105,97253,97148,-10,97253,0.0011184220506624157,2.2988816453690094e-111,0.077126241727252826,30.852653388213742,64.499413391682552,0,0,0,0,0,1,1,1
wsl2_cuda,gpu,64,1,1,0,0,1,51,0.056666051201671459,54.44047250458712,54,0.024959837497862569,0.031250000000000007,-0.63610836328225195,262144,0,0.0077902290049746605,-0.15984778885759868,2.1294854463189294e-05,-0.00042458057999662281,0.0077689341505114713,-0.15942320827760206,0.0077694987221540897,-0.1594557818320253,0.0026563388259165798,112.70269287700891,108.42751343090731,104,97148,97044,-14,97148,0.0011601133618500527,2.3469725803762646e-112,0.077409478810362253,30.279703170599568,65.08241555661931,0,0,0,0,0,1,1,1
wsl2_cuda,gpu,64,1,1,0,0,1,52,0.056666051201671459,54.44047250458712,54,0.024959837497862569,0.031250000000000007,-0.63610836328225195,262144,0,0.0077694987221540897,-0.1594557818320253,2.1355533803271796e-05,-0.00043141805002892814,0.0077481431883508183,-0.15902436378199639,0.0077339270935181071,-0.15897408615843286,0.0027056674404978679,114.60057827938139,110.18911085342457,128,97044,96916,-20,97044,0.0011809135884689563,7.9610881057649357e-113,0.085415016071482441,29.518387898819061,65.358639459885907,0,0,0,0,0,1,1,1
wsl2_cuda,gpu,64,1,1,0,0,1,53,0.056666051201671459,54.44047250458712,54,0.024959837497862569,0.031250000000000007,-0.63610836328225195,262144,0,0.0077339270935181071,-0.15897408615843286,2.0986867827766028e-05,-0.00043150394639019453,0.0077129402256903411,-0.15854258221204268,0.007707976464965037,-0.15861692255410717,0.0027143020395805476,114.71545601231364,110.26574499569985,95,96916,96821,-15,96916,0.0011836585910717904,6.6073211082438569e-111,0.083076327891786955,28.56377873260293,64.229676454725976,0,0,0,0,0,1,1,1
wsl2_cuda,gpu,64,1,1,0,0,1,54,0.056666051201671459,54.44047250458712,54,0.024959837497862569,0.031250000000000007,-0.63610836328225195,262144,0,0.007707976464965037,-0.15861692255410717,2.1192364947986209e-05,-0.00044363918717140285,0.0076867841000170505,-0.15817328336693576,0.0076753637084974171,-0.1581356290501198,0.0027968102286724987,118.03518732998369,113.40908960512702,128,96821,96693,-27,96821,0.0012191072941818788,1.1797935102476054e-108,0.084966363042550508,27.390601028699493,62.904972549552383,3.3014470483491888e-15,0,0,0,0,1,1,1
wsl2_cuda,gpu,64,1,1,0,0,1,55,0.056666051201671459,54.44047250458712,54,0.024959837497862569,0.031250000000000007,-0.63610836328225195,262144,0,0.0076753637084974171,-0.1581356290501198,2.1415822208545091e-05,-0.00045458661257464838,0.0076539478862888716,-0.15768104243754516,0.0076584617785074643,-0.15771286268254792,0.0028744643120940335,121.07119535322545,116.34546172123802,113,96693,96580,-6,96693,0.0012521195469498872,2.0841010631839564e-104,0.085940481658871706,26.021195862171922,60.406431216659414,0,0,0,0,0,1,1,1
wsl2_cuda,gpu,64,1,1,0,0,1,56,0.056666051201671459,54.44047250458712,54,0.024959837497862569,0.031250000000000007,-0.63610836328225195,262144,0,0.0076584617785074643,-0.15771286268254792,2.2712377103679462e-05,-0.00047397421335842972,0.007635749401403785,-0.15723888846918949,0.0076414669516084808,-0.15727302251093775,0.0030052051430341556,126.37048250315901,121.4145990300601,117,96580,96463,3,96580,0.0013084539501258957,1.8991763121123263e-97,0.079849372839477739,24.463403711468295,56.312128710652004,0,0,0,0,0,1,1,1
wsl2_cuda,gpu,64,2,1,0,0,1,0,0.056666051201671459,54.44047250458712,54,0.024959837497862569,0.031250000000000007,-0.63610836328225195,262144,0,0.031250000000000007,-0.63610836328225195,0.0031181350119755796,-0.063471096286582637,0.028131864988024426,-0.5726372669956693,0.028286309249231343,-0.57315566074990176,0.099780320382959406,25648.000341439743,23125.539141254343,25520,262144,236624,-120,262144,0.097839356771239255,0.070982009395745213,0.10000000000000001,0.0063851834937898857,0.087568230771977076,0,0,0,0,0,1,1,1
wsl2_cuda,gpu,64,2,1,0,0,1,1,0.056666051201671459,54.44047250458712,54,0.024959837497862569,0.031250000000000007,-0.63610836328225195,262144,0,0.028286309249231343,-0.57315566074990176,0.0026849729549491474,-0.054288982025648524,0.025601336294282195,-0.51886667872425329,0.025422959103177486,-0.5187705898201953,0.094719928355145117,21063.736127624921,19100.765922450264,21142,236624,215482,-54,236624,0.089017750218172806,0.016751031132163526,0.10000000000000001,0.042745203054338071,0.45648994374651014,0,0,0,0,0,1,1,1
wsl2_cuda,gpu,64,2,1,0,0,1,2,0.056666051201671459,54.44047250458712,54,0.024959837497862569,0.031250000000000007,-0.63610836328225195,262144,0,0.025422959103177486,-0.5187705898201953,0.0022084261676599023,-0.045644350058240704,0.023214532935517583,-0.47312623976195461,0.023238284724806286,-0.47332842963126198,0.087982937192407795,17119.699384781103,15622.107240089021,17038,215482,198444,-116,215482,0.079448396547187716,0.0013308691804548398,0.099969150771327009,0.111026078617323,1.1035556551568795,0,0,0,0,0,1,1,1
wsl2_cuda,gpu,64,2,1,0,0,1,3,0.056666051201671459,54.44047250458712,54,0.024959837497862569,0.031250000000000007,-0.63610836328225195,262144,0,0.023238284724806286,-0.47332842963126198,0.0018936427101766378,-0.039568981989874914,0.021344642014629649,-0.43375944764138707,0.021247486545271321,-0.43363662241550488,0.083592235051590677,14419.579428537152,13205.229824685812,14440,198444,184004,-68,198444,0.072663216970717953,4.1976471221718234e-05,0.099514416233989877,0.20956021540166792,1.9866576956916053,0,0,0,0,0,1,1,1
wsl2_cuda,gpu,64,2,1,0,0,1,4,0.056666051201671459,54.44047250458712,54,0.024959837497862569,0.031250000000000007,-0.63610836328225195,262144,0,0.021247486545271321,-0.43363662241550488,0.0016717200932886186,-0.03476164405238847,0.019575766451982703,-0.39887497836311642,0.01981586465728382,-0.39908405717125661,0.080159516901785688,12352.379539013185,11340.838723537547,12277,184004,171727,-223,184004,0.06713103812424287,7.2529500639297792e-07,0.097554872093793543,0.35156416091205517,3.0235167211155645,0,0,0,0,0,1,1,1
wsl2_cuda,gpu,64,2,1,0,0,1,5,0.056666051201671459,54.44047250458712,54,0.024959837497862569,0.031250000000000007,-0.63610836328225195,262144,0,0.01981586465728382,-0.39908405717125661,0.0015283658621407523,-0.031197096025960859,0.018287498795143069,-0.36788696114529573,0.01804592802225111,-0.36779365524103397,0.078169176184281625,10814.948672845279,9934.3354067124837,10862,171727,160865,-369,171727,0.062977567143461879,7.6606225388253768e-09,0.097337669512477201,0.54398206241520497,4.1861286251734811,0,0,0,0,0,1,1,1
wsl2_cuda,gpu,64,2,1,0,0,1,6,0.056666051201671459,54.44047250458712,54,0.024959837497862569,0.031250000000000007,-0.63610836328225195,262144,0,0.01804592802225111,-0.36779365524103397,0.0013392191836786342,-0.027190033721801479,0.016706708838572476,-0.34060362151923251,0.016261707180415232,-0.3409089167993779,0.073928096514284433,9202.5590255851948,8477.820808200102,9086,160865,151779,-493,160865,0.057206720079477788,4.3221814315982206e-11,0.096459791738022119,0.80919337282083548,5.508938514116652,0,0,0,0,0,1,1,1
wsl2_cuda,gpu,64,2,1,0,0,1,7,0.056666051201671459,54.44047250458712,54,0.024959837497862569,0.031250000000000007,-0.63610836328225195,262144,0,0.016261707180415232,-0.3409089167993779,0.0011483407263948053,-0.023868398559258042,0.015113366454020427,-0.31704051824011986,0.015089555519858376,-0.31689322913112583,0.070015372088049824,7894.362976927946,7288.4231540037845,7947,151779,143832,-572,151779,0.052012221565090992,1.7141551280320105e-13,0.094832549779235678,1.1418755415210069,6.9218110435776978,0,0,0,0,0,1,1,1
wsl2_cuda,gpu,64,2,1,0,0,1,8,0.056666051201671459,54.44047250458712,54,0.024959837497862569,0.031250000000000007,-0.63610836328225195,262144,0,0.015089555519858376,-0.31689322913112583,0.0010183040041879757,-0.021040297666397215,0.0140712515156704,-0.29585293146472863,0.013999054280938127,-0.29565400318459489,0.066398004326428367,6810.6770631227337,6298.1126656407987,6897,143832,136935,-531,143832,0.047351612041289376,5.2538537091986673e-16,0.094204013887351223,1.5456273711602306,8.400524757483673,0,0,0,0,0,1,1,1
wsl2_cuda,gpu,64,2,1,0,0,1,9,0.056666051201671459,54.44047250458712,54,0.024959837497862569,0.031250000000000007,-0.63610836328225195,262144,0,0.013999054280938127,-0.29565400318459489,0.00090104002617897693,-0.018708583313831711,0.013098014254759151,-0.27694541987076315,0.012532891997778222,-0.27679357012586775,0.063281068959992706,5931.8611547661585,5489.0811625448396,5991,136935,130944,-446,136935,0.043318809323884752,1.265941357870286e-18,0.094891512093242272,2.0219692426606772,9.9407103930641405,0,0,0,0,0,1,1,1
wsl2_cuda,gpu,64,2,1,0,0,1,10,0.056666051201671459,54.44047250458712,54,0.024959837497862569,0.031250000000000007,-0.63610836328225195,262144,0,0.012532891997778222,-0.27679357012586775,0.00075608043148602986,-0.016608831448862552,0.011776811566292192,-0.2601847386770052,0.011890414956518592,-0.26003244098861178,0.060005059100884793,5164.023517434538,4781.239934207706,5200,130944,125744,-276,130944,0.039436885366527202,4.5613784894054128e-21,0.095358134533114799,2.5750207513319836,11.378093866483638,0,0,0,0,0,1,1,1
wsl2_cuda,gpu,64,2,1,0,0,1,11,0.056666051201671459,54.44047250458712,54,0.024959837497862569,0.031250000000000007,-0.63610836328225195,262144,0,0.011890414956518592,-0.26003244098861178,0.00065936960326293237,-0.014438458301348695,0.011231045353255659,-0.2455939826872631,0.011276502733719228,-0.24587553871807344,0.055525454166681386,4407.2862141740306,4088.3836324112208,4304,125744,121440,-144,125744,0.035049674053426252,6.474495383803086e-24,0.092872639659617506,3.2092012555670282,13.053484118491882,0,0,0,0,0,1,1,1
wsl2_cuda,gpu,64,2,1,0,0,1,12,0.056666051201671459,54.44047250458712,54,0.024959837497862569,0.031250000000000007,-0.63610836328225195,262144,0,0.011276502733719228,-0.24587553871807344,0.00059080770931920791,-0.012667710859255292,0.01068569502440002,-0.23320782785881813,0.010455948880426669,-0.23323312184431719,0.051522656320038211,3801.4127308371803,3530.1691047930012,3809,121440,117631,-173,121440,0.03130280575458811,1.0371812704788828e-26,0.093400093740698853,3.9065781061832388,14.697966155443833,0,0,0,0,0,1,1,1
wsl2_cuda,gpu,64,2,1,0,0,1,13,0.056666051201671459,54.44047250458712,54,0.024959837497862569,0.031250000000000007,-0.63610836328225195,262144,0,0.010455948880426669,-0.23323312184431719,0.00050821223896837652,-0.011093778260042994,0.0099477366414582914,-0.2221393435842742,0.0099478241483162283,-0.22215949766610407,0.047567277911504238,3275.0831481914138,3044.1939856248073,3266,117631,114365,-149,117631,0.027842007193608943,1.5349265140544181e-29,0.092259501920523498,4.670985484084933,16.362694733388853,0,0,0,0,0,1,1,1
wsl2_cuda,gpu,64,2,1,0,0,1,14,0.056666051201671459,54.44047250458712,54,0.024959837497862569,0.031250000000000007,-0.63610836328225195,262144,0,0.0099478241483162283,-0.22215949766610407,0.00045406535072760047,-0.009761539453601498,0.0094937587975886285,-0.21239795821250257,0.0095612526139182037,-0.21228753721100957,0.043942742378484979,2839.5285614665804,2639.7484649648845,2877,114365,111488,-62,114365,0.024828650036869501,5.0187035963775235e-32,0.092928515087839447,5.4930089489040759,17.824891506623963,0,0,0,0,0,1,1,1
wsl2_cuda,gpu,64,2,1,0,0,1,15,0.056666051201671459,54.44047250458712,54,0.024959837497862569,0.031250000000000007,-0.63610836328225195,262144,0,0.0095612526139182037,-0.21228753721100957,0.00040848189647496087,-0.008448058616194961,0.009152770717443243,-0.2038394785948146,0.0091557261152286212,-0.20395461850785743,0.039801284382204108,2423.8945814465551,2255.5012189963622,2389,111488,109099,-45,111488,0.021741304727383712,2.5225488239830836e-35,0.092824373325288798,6.3772312197848438,19.765520017521162,0,0,0,0,0,1,1,1
wsl2_cuda,gpu,64,2,1,0,0,1,16,0.056666051201671459,54.44047250458712,54,0.024959837497862569,0.031250000000000007,-0.63610836328225195,262144,0,0.0091557261152286212,-0.20395461850785743,0.00035037192550589901,-0.0072375269931584689,0.0088053541897227215,-0.19671709151469896,0.0088687808611715574,-0.19681477377250325,0.035491562856007838,2049.8102037913277,1909.9125854439826,2022,109099,107077,-29,109099,0.018788533385194435,1.6417940291389259e-38,0.093051393669144222,7.3078489412291896,21.640123925137114,0,0,0,0,0,1,1,1
wsl2_cuda,gpu,64,2,1,0,0,1,17,0.056666051201671459,54.44047250458712,54,0.024959837497862569,0.031250000000000007,-0.63610836328225195,262144,0,0.0088687808611715574,-0.19681477377250325,0.00030322521486443881,-0.006201670385759625,0.0085655556463071179,-0.19061310338674364,0.0085063499222551818,-0.19069217463892665,0.031515618120396438,1735.9081090781171,1618.9427609546326,1717,107077,105360,-62,107077,0.016211773855058668,5.7018849684821012e-41,0.09219447489062868,8.2747020616429303,23.086909913692406,0,0,0,0,0,1,1,1
wsl2_cuda,gpu,64,2,1,0,0,1,18,0.056666051201671459,54.44047250458712,54,0.024959837497862569,0.031250000000000007,-0.63610836328225195,262144,0,0.0085063499222551818,-0.19069217463892665,0.00025068041520895265,-0.0052746317897445676,0.0082556695070462299,-0.18541754284918208,0.0081746877993428696,-0.18544918480273778,0.027664045423584419,1460.4540933588833,1363.1435386114081,1452,105360,103908,-116,105360,0.013861561250558877,9.1406155927687103e-44,0.091959172517889154,9.2725096966651304,24.731210607608336,0,0,0,0,0,1,1,1
wsl2_cuda,gpu,64,2,1,0,0,1,19,0.056666051201671459,54.44047250458712,54,0.024959837497862569,0.031250000000000007,-0.63610836328225195,262144,0,0.0081746877993428696,-0.18544918480273778,0.00020507097992492103,-0.0044610017540910605,0.007969616819417949,-0.18098818304864672,0.008025499267794646,-0.18103760234858879,0.024057115941073594,1223.2717625364485,1142.4538082435713,1210,103908,102698,-122,103908,0.011772642746818806,1.6991521943147036e-46,0.090740640152824847,10.295995375921153,26.337684236108416,0,0,0,0,0,1,1,1
wsl2_cuda,gpu,64,2,1,0,0,1,20,0.056666051201671459,54.44047250458712,54,0.024959837497862569,0.031250000000000007,-0.63610836328225195,262144,0,0.008025499267794646,-0.18103760234858879,0.00017320851654288434,-0.0036819753691736978,0.0078522907512517618,-0.17735562697941509,0.007848390824202852,-0.17736359993298559,0.020340620237625798,1001.0021198265919,936.28098510747748,1000,102698,101698,-86,102698,0.0097470458998869681,3.7747006419314004e-49,0.090712924852742988,11.343531747345695,27.898627967942524,0,0,0,0,0,1,1,1
wsl2_cuda,gpu,64,2,1,0,0,1,21,0.056666051201671459,54.44047250458712,54,0.024959837497862569,0.031250000000000007,-0.63610836328225195,262144,0,0.007848390824202852,-0.17736359993298559,0.00014054853065329108,-0.0029921382188305436,0.0077078422935495609,-0.17437146171415505,0.0077764961927858835,-0.17453083450468471,0.016872108810959217,807.23782435403598,756.30395278255037,762,101698,100936,-62,101698,0.0079375978323471055,1.7577974396475888e-52,0.090483353231060604,12.404779157892582,29.858765245212957,0,0,0,0,0,1,1,1
wsl2_cuda,gpu,64,2,1,0,0,1,22,0.056666051201671459,54.44047250458712,54,0.024959837497862569,0.031250000000000007,-0.63610836328225195,262144,0,0.0077764961927858835,-0.17453083450468471,0.0001118378681298257,-0.0023996839022878071,0.0076646583246560577,-0.17213115060239689,0.0076721366235646292,-0.17188904283566905,0.013750593257083579,643.16814584252268,603.58737400892846,708,100936,100228,-88,100936,0.0063720391717773904,6.4235257634915332e-56,0.090536926053968639,13.463779529698325,31.880838858460471,0,0,0,0,0,1,1,1
wsl2_cuda,gpu,64,2,1,0,0,1,23,0.056666051201671459,54.44047250458712,54,0.024959837497862569,0.031250000000000007,-0.63610836328225195,262144,0,0.0076721366235646292,-0.17188904283566905,8.625789088074706e-05,-0.001855349578927477,0.0075858787326838822,-0.17003369325674159,0.0075911144187924872,-0.16985589121212447,0.010794772267262255,494.51592666926581,465.02712966981994,542,100228,99686,-96,100228,0.0049339099520020937,2.6770612514670402e-58,0.090509155602893021,14.536252215222961,33.281040931963602,0,0,0,0,0,1,1,1
wsl2_cuda,gpu,64,2,1,0,0,1,24,0.056666051201671459,54.44047250458712,54,0.024959837497862569,0.031250000000000007,-0.63610836328225195,262144,0,0.0075911144187924872,-0.16985589121212447,6.359786864350689e-05,-0.0013811600833861953,0.0075275165501489799,-0.16847473112873826,0.007540410082271954,-0.16839190889333741,0.0081318555292519568,366.4643312876907,345.66831090696866,388,99686,99298,-82,99686,0.0036761865386081365,1.9931670743496247e-60,0.08781177509414459,15.602679644048143,34.532993160110777,0,0,0,0,0,1,1,1
wsl2_cuda,gpu,64,2,1,0,0,1,25,0.056666051201671459,54.44047250458712,54,0.024959837497862569,0.031250000000000007,-0.63610836328225195,262144,0,0.007540410082271954,-0.16839190889333741,4.5180156304974265e-05,-0.00096005360050341435,0.0074952299259669801,-0.167431855292834,0.0074782915285137785,-0.16750393717027035,0.0057018860083074656,253.85675755928,240.68733990781536,235,99298,99063,-101,99298,0.002556514306021068,2.1985707175749831e-63,0.08706077055921177,16.659913323163597,36.272809051937124,0,0,0,0,0,1,1,1
wsl2_cuda,gpu,64,2,1,0,0,1,26,0.056666051201671459,54.44047250458712,54,0.024959837497862569,0.031250000000000007,-0.63610836328225195,262144,0,0.0074782915285137785,-0.16750393717027035,2.9072196238857126e-05,-0.0006321581572632743,0.0074492193322749211,-0.16687177901300707,0.0074436334567832985,-0.16690079181602907,0.0037742157316102876,166.70751443308643,159.06883441248513,159,99063,98904,-108,99063,0.0016828433868657968,5.4415150078499394e-66,0.079955400497490531,17.695908268644494,37.806144748295374,0,0,0,0,0,1,1,1
wsl2_cuda,gpu,64,2,1,0,0,1,27,0.056666051201671459,54.44047250458712,54,0.024959837497862569,0.031250000000000007,-0.63610836328225195,262144,0,0.0074436334567832985,-0.16690079181602907,1.7987156817065497e-05,-0.00038951658092198246,0.0074256462999662334,-0.16651127523510709,0.0074186141819792412,-0.1665135463526313,0.0023339850749947667,102.53853928381943,98.57931396821995,102,98904,98802,-116,98904,0.0010367481525905872,2.0342102740870036e-68,0.069735852994141243,18.71693685916771,39.234119383581707,0,0,0,0,0,1,1,1
wsl2_cuda,gpu,64,2,1,0,0,1,28,0.056666051201671459,54.44047250458712,54,0.024959837497862569,0.031250000000000007,-0.63610836328225195,262144,0,0.0074186141819792412,-0.1665135463526313,1.0836574340249838e-05,-0.00023256627740711613,0.0074077776076389911,-0.16628098007522418,0.0074055346837103159,-0.16627397319230439,0.0013968077025253401,61.159920644204568,59.347743575384172,63,98802,98739,-99,98802,0.00061901500621651959,4.2009606379725938e-71,0.058319300524831599,19.721258907603307,40.813710472282494,0,0,0,0,0,1,1,1
wsl2_cuda,gpu,64,2,1,0,0,1,29,0.056666051201671459,54.44047250458712,54,0.024959837497862569,0.031250000000000007,-0.63610836328225195,262144,0,0.0074055346837103159,-0.16627397319230439,6.7701741075124907e-06,-0.00014466656426339867,0.007398764509602803,-0.16612930662804098,0.0073991782865180161,-0.16614084453301795,0.00087013677686903913,38.02739124565457,37.223485361760112,35,98739,98704,-94,98739,0.00038513040688739576,8.9320265416829802e-74,0.05423267609431353,20.709250818501289,42.38586048020926,0,0,0,0,0,1,1,1
wsl2_cuda,gpu,64,2,1,0,0,1,30,0.056666051201671459,54.44047250458712,54,0.024959837497862569,0.031250000000000007,-0.63610836328225195,262144,0,0.0073991782865180161,-0.16614084453301795,4.9329880500059865e-06,-0.0001056939673874282,0.0073942452984680105,-0.16603515056563051,0.0073935697007601027,-0.16603049384446517,0.00063623130103156666,27.778675895087879,27.325003865794457,29,98704,98675,-103,98704,0.000281434145476251,2.360563196314129e-75,0.033617053062767757,21.677157194621909,43.314146227118776,0,0,0,0,0,1,1,1
wsl2_cuda,gpu,64,2,1,0,0,1,31,0.056666051201671459,54.44047250458712,54,0.024959837497862569,0.031250000000000007,-0.63610836328225195,262144,0,0.0073935697007601027,-0.16603049384446517,4.8786649363061637e-06,-0.0001046288868945337,0.0073886910358237964,-0.16592586495757064,0.0073902045493053625,-0.16590866232649557,0.00063023746469734025,27.49850299510803,27.048561606021167,32,98675,98643,-105,98675,0.00027867750691774038,8.389085908658126e-78,0.034715511290087618,22.620872946214071,44.755049751027165,0,0,0,0,0,1,1,1
wsl2_cuda,gpu,64,2,1,0,0,1,32,0.056666051201671459,54.44047250458712,54,0.024959837497862569,0.031250000000000007,-0.63610836328225195,262144,0,0.0073902045493053625,-0.16590866232649557,6.3996947728590676e-06,-0.00013582981250417171,0.0073838048545325037,-0.16577283251399139,0.0073838481521130662,-0.16578308958650037,0.00081879595492125035,35.702694177464593,34.958168729140517,33,98643,98610,-104,98643,0.0003619384464935636,8.101208187979751e-80,0.039235016544948043,23.539716531510333,45.940554572165155,0,0,0,0,0,1,1,1
wsl2_cuda,gpu,64,2,1,0,0,1,33,0.056666051201671459,54.44047250458712,54,0.024959837497862569,0.031250000000000007,-0.63610836328225195,262144,0,0.0073838481521130662,-0.16578308958650037,9.1679161891818013e-06,-0.00019285969559773146,0.0073746802359238844,-0.16559022989090263,0.0073756222263347895,-0.16558516618012853,0.0011634805039688796,50.70348436602238,49.265070951653975,52,98610,98558,-106,98610,0.00051418197308612085,1.0746284834209364e-82,0.05197615886166234,24.430384752746633,47.633241342867038,0,0,0,0,0,1,1,1
wsl2_cuda,gpu,64,2,1,0,0,1,34,0.056666051201671459,54.44047250458712,54,0.024959837497862569,0.031250000000000007,-0.63610836328225195,262144,0,0.0073756222263347895,-0.16558516618012853,1.2099209744141825e-05,-0.00025627826092324907,0.0073635230165906475,-0.16532888791920528,0.0073625391271494355,-0.1653532225912345,0.0015478962747281092,67.393788219676352,64.952986612717822,61,98558,98497,-99,98558,0.00068379825300509702,4.5763154622780424e-85,0.062190215691537876,25.295668949643403,49.027929493770998,0,0,0,0,0,1,1,1
wsl2_cuda,gpu,64,2,1,0,0,1,35,0.056666051201671459,54.44047250458712,54,0.024959837497862569,0.031250000000000007,-0.63610836328225195,262144,0,0.0073625391271494355,-0.1653532225912345,1.3729617667134169e-05,-0.00029608670150006185,0.0073488095094823014,-0.16505713588973445,0.0073427401287203507,-0.16503023988703899,0.0017907783170408723,77.886443758244724,74.75718442781438,85,98497,98412,-92,98497,0.00079074940108069002,6.6605048808169294e-87,0.06823762670905803,26.126719995907276,50.108626586225562,0,0,0,0,0,1,1,1
wsl2_cuda,gpu,64,2,1,0,0,1,36,0.056666051201671459,54.44047250458712,54,0.024959837497862569,0.031250000000000007,-0.63610836328225195,262144,0,0.0073427401287203507,-0.16503023988703899,1.3173408869514339e-05,-0.00029127350788323112,0.0073295667198508361,-0.16473896637915575,0.0073308003521852213,-0.16477571932291096,0.0017650280156406082,76.648636472257238,73.708962118442642,67,98412,98345,-97,98412,0.00077885457537960046,7.3359007802237896e-89,0.073086745402005868,26.921421537407667,51.260533391888238,0,0,0,0,0,1,1,1
wsl2_cuda,gpu,64,2,1,0,0,1,37,0.056666051201671459,54.44047250458712,54,0.024959837497862569,0.031250000000000007,-0.63610836328225195,262144,0,0.0073308003521852213,-0.16477571932291096,1.198522784952255e-05,-0.00026614554720461893,0.0073188151243356991,-0.16450957377570635,0.0073110085555889983,-0.16440336562617777,0.00161523776424553,70.068846812263658,67.707389610786493,98,98345,98247,-87,98345,0.00071248001232664256,5.8621873096285477e-91,0.06218508022853169,27.665396335550099,52.494412800372046,0,0,0,0,0,1,1,1
wsl2_cuda,gpu,64,2,1,0,0,1,38,0.056666051201671459,54.44047250458712,54,0.024959837497862569,0.031250000000000007,-0.63610836328225195,262144,0,0.0073110085555889983,-0.16440336562617777,1.0999999561189879e-05,-0.00024685051710343614,0.0073000085560278082,-0.16415651510907434,0.0073016753163249156,-0.16415260482978625,0.0015014991810065046,65.022104339595373,63.041670937331702,66,98247,98181,-91,98247,0.00066182279702785198,1.8926865395409771e-92,0.060732236314561261,28.369092952875476,53.371544595192546,0,0,0,0,0,1,1,1
wsl2_cuda,gpu,64,2,1,0,0,1,39,0.056666051201671459,54.44047250458712,54,0.024959837497862569,0.031250000000000007,-0.63610836328225195,262144,0,0.0073016753163249156,-0.16415260482978625,1.126081457835554e-05,-0.00025409601730602861,0.0072904145017465604,-0.16389850881248022,0.0072864063628206724,-0.16387580013167702,0.0015479143278783391,66.945586994859269,64.848866998615151,73,98181,98108,-94,98181,0.00068185888303092521,1.8729517165664644e-94,0.069423169719940434,29.013218404815383,54.550806030870675,0,0,0,0,0,1,1,1
wsl2_cuda,gpu,64,2,1,0,0,1,40,0.056666051201671459,54.44047250458712,54,0.024959837497862569,0.031250000000000007,-0.63610836328225195,262144,0,0.0072864063628206724,-0.16387580013167702,1.2374832123327421e-05,-0.00027997527511006376,0.0072740315306973448,-0.16359582485656696,0.0072737295776004584,-0.16360268278577159,0.0017084401986349215,73.764938229216426,71.165256442299309,72,98108,98036,-92,98108,0.00075187485454006222,1.7598068868090932e-96,0.067249028891374338,29.601945935270965,55.743309593992215,0,0,0,0,0,1,1,1
wsl2_cuda,gpu,64,2,1,0,0,1,41,0.056666051201671459,54.44047250458712,54,0.024959837497862569,0.031250000000000007,-0.63610836328225195,262144,0,0.0072737295776004584,-0.16360268278577159,1.3593387452773307e-05,-0.00030966433522183003,0.0072601361901476853,-0.16329301845054975,0.0072643999392528009,-0.16329132715386496,0.0018927354994333777,81.594906149611376,78.385412134318941,82,98036,97954,-90,98036,0.00083229534201325402,1.343633521869064e-98,0.069771105761471539,30.127036128768648,56.988831545757904,0,0,0,0,0,1,1,1
wsl2_cuda,gpu,64,2,1,0,0,1,42,0.056666051201671459,54.44047250458712,54,0.024959837497862569,0.031250000000000007,-0.63610836328225195,262144,0,0.0072643999392528009,-0.16329132715386496,1.4390627329325607e-05,-0.00033026453271518618,0.0072500093119234757,-0.16296106262114979,0.0072536034506891396,-0.16296500522034596,0.002022465804988965,87.059561922895114,83.509406239755478,86,97954,97868,-86,97954,0.0008887800592410225,1.9894641796028326e-100,0.073396028605861585,30.586216225827314,58.065137571575576,0,0,0,0,0,1,1,1
wsl2_cuda,gpu,64,2,1,0,0,1,43,0.056666051201671459,54.44047250458712,54,0.024959837497862569,0.031250000000000007,-0.63610836328225195,262144,0,0.0072536034506891396,-0.16296500522034596,1.4454687318651145e-05,-0.0003367529301673507,0.0072391487633704883,-0.1626282522901786,0.0072420591853698162,-0.1626538693065526,0.0020662669090788224,88.838983262816399,85.401613848702624,82,97868,97786,-64,97868,0.00090774291150137331,9.2110092809849708e-103,0.074284804069981822,30.972790251272549,59.438462797092505,0,0,0,0,0,1,1,1
wsl2_cuda,gpu,64,2,1,0,0,1,44,0.056666051201671459,54.44047250458712,54,0.024959837497862569,0.031250000000000007,-0.63610836328225195,262144,0,0.0072420591853698162,-0.1626538693065526,1.4303189029994252e-05,-0.00033544102688333043,0.007227755996339822,-0.16231842827966927,0.0072279406869911762,-0.16232477616331109,0.0020621270174237074,88.579737726503453,85.433064787814644,87,97786,97699,-55,97786,0.00090585296184017604,4.3125671441971151e-103,0.076327872590915904,31.277140900525783,59.632346897748391,0,0,0,0,0,1,1,1
wsl2_cuda,gpu,64,2,1,0,0,1,45,0.056666051201671459,54.44047250458712,54,0.024959837497862569,0.031250000000000007,-0.63610836328225195,262144,0,0.0072279406869911762,-0.16232477616331109,1.4345110791584875e-05,-0.00034437377427379246,0.0072135955761995912,-0.1619804023890373,0.0072067825540643275,-0.16196561972426299,0.002121240082762568,90.996874744572352,87.795511255373839,95,97699,97604,-66,97699,0.00093140026760327491,7.7050170043277151e-105,0.072604465170277951,31.491147855640481,60.660658649752165,0,0,0,0,0,1,1,1
wsl2_cuda,gpu,64,2,1,0,0,1,46,0.056666051201671459,54.44047250458712,54,0.024959837497862569,0.031250000000000007,-0.63610836328225195,262144,0,0.0072067825540643275,-0.16196561972426299,1.4608841207523777e-05,-0.00035206401761972596,0.0071921737128568036,-0.16161355570664326,0.0071926460857822012,-0.16162864125975746,0.0021734063115431269,93.05354082103095,89.634390999019175,89,97604,97515,-61,97604,0.0009533783535616466,8.2090981032446531e-107,0.074014910495837985,31.607143696840996,61.821051242238255,0,0,0,0,0,1,1,1
wsl2_cuda,gpu,64,2,1,0,0,1,47,0.056666051201671459,54.44047250458712,54,0.024959837497862569,0.031250000000000007,-0.63610836328225195,262144,0,0.0071926460857822012,-0.16162864125975746,1.4940217512993634e-05,-0.00036201926175519862,0.0071777058682692078,-0.16126662199800226,0.0071811484589828336,-0.16124681758503862,0.0022394997231744416,95.703406353023922,91.984380144817635,101,97515,97414,-54,97515,0.0009814224104294101,6.528033739571737e-108,0.077077613946515508,31.610007235765554,62.467885683013449,0,0,0,0,0,1,1,1
wsl2_cuda,gpu,64,2,1,0,0,1,48,0.056666051201671459,54.44047250458712,54,0.024959837497862569,0.031250000000000007,-0.63610836328225195,262144,0,0.0071811484589828336,-0.16124681758503862,1.5260920581836574e-05,-0.000373240172974207,0.0071658875384009967,-0.1608735774120644,0.0071652034005980471,-0.16089099931560635,0.0023143381638795757,98.718722398618723,94.784143768054705,94,97414,97320,-48,97414,0.0010133935820171509,2.3401664443048199e-109,0.082500579479371047,31.495437140021806,63.318282351303189,0,0,0,0,0,1,1,1
wsl2_cuda,gpu,64,2,1,0,0,1,49,0.056666051201671459,54.44047250458712,54,0.024959837497862569,0.031250000000000007,-0.63610836328225195,262144,0,0.0071652034005980471,-0.16089099931560635,1.5655286869661863e-05,-0.00038340974903320512,0.0071495481137283856,-0.16050758956657316,0.0071533571091753328,-0.16052456459862421,0.0023826481962678794,101.50852236222406,97.581152478600345,97,97320,97223,-53,97320,0.0010430386597022612,2.9398280298933169e-111,0.081930633154035717,31.242317502909223,64.436580708675024,0,0,0,0,0,1,1,1
wsl2_cuda,gpu,64,2,1,0,0,1,50,0.056666051201671459,54.44047250458712,54,0.024959837497862569,0.031250000000000007,-0.63610836328225195,262144,0,0.0071533571091753328,-0.16052456459862421,1.6266754142373861e-05,-0.00039996075037757592,0.0071370903550329592,-0.16012460384824664,0.0071366895841523956,-0.16006362172214686,0.0024911547321092233,106.00228056029192,101.99640787755649,122,97223,97101,-75,97223,0.0010903004490736958,6.4120369251287512e-112,0.077803980173318243,30.835148654128435,64.825633275331086,0,0,0,0,0,1,1,1
wsl2_cuda,gpu,64,2,1,0,0,1,51,0.056666051201671459,54.44047250458712,54,0.024959837497862569,0.031250000000000007,-0.63610836328225195,262144,0,0.0071366895841523956,-0.16006362172214686,1.6690290631628299e-05,-0.00040815933364418775,0.0071199992935207677,-0.15965546238850267,0.0071174621256995738,-0.15963801610537431,0.0025495626047229874,108.29325545354207,104.25921373140066,113,97101,96988,-60,97101,0.0011152640596239181,6.9042133421037227e-113,0.076971122777776707,30.263750232408405,65.395030143781611,0,0,0,0,0,1,1,1
wsl2_cuda,gpu,64,2,1,0,0,1,52,0.056666051201671459,54.44047250458712,54,0.024959837497862569,0.031250000000000007,-0.63610836328225195,262144,0,0.0071174621256995738,-0.15963801610537431,1.6483880022006907e-05,-0.00041840896816866936,0.0071009782456775668,-0.15921960713720565,0.0071004277237324137,-0.1592947958033403,0.0026203806673552278,111.09638586766584,106.87730311572386,91,96988,96897,-59,96988,0.0011454652726900839,1.8548426113208211e-112,0.080221592143949569,29.501286645563809,65.142539531420894,0,0,0,0,0,1,1,1
wsl2_cuda,gpu,64,2,1,0,0,1,53,0.056666051201671459,54.44047250458712,54,0.024959837497862569,0.031250000000000007,-0.63610836328225195,262144,0,0.0071004277237324137,-0.1592947958033403,1.6088599511562527e-05,-0.00042979177937368127,0.0070843391242208509,-0.15886500402396661,0.0070892861367830929,-0.15886152387581107,0.0026972334567952707,114.20758683946595,109.79097267229865,115,96897,96782,-62,96897,0.0011786493579725476,6.1066972065732053e-111,0.080691434418760949,28.532569691142438,64.249807225413974,0,0,0,0,0,1,1,1
wsl2_cuda,gpu,64,2,1,0,0,1,54,0.056666051201671459,54.44047250458712,54,0.024959837497862569,0.031250000000000007,-0.63610836328225195,262144,0,0.0070892861367830929,-0.15886152387581107,1.6037743323744264e-05,-0.00044314854424759781,0.0070732483934593483,-0.15841837533156347,0.0070815669004741988,-0.15843948976475414,0.0027884792616766265,117.86972899818133,113.27428266049826,112,96782,96670,-66,96782,0.0012178889566053742,1.0738875425596585e-107,0.081740557292454899,27.362630077575201,62.340710885743469,2.2663713157060301e-15,0,0,0,0,1,1,1
wsl2_cuda,gpu,64,2,1,0,0,1,55,0.056666051201671459,54.44047250458712,54,0.024959837497862569,0.031250000000000007,-0.63610836328225195,262144,0,0.0070815669004741988,-0.15843948976475414,1.6684051144687621e-05,-0.00046143393888777257,0.007064882849329511,-0.15797805582586635,0.0070587293942913779,-0.15799783165814646,0.0029112577072355336,122.84835956634177,117.98811389857001,118,96670,96552,-58,96670,0.0012708012782284242,3.3667042368511575e-103,0.082904259671370606,25.987696121332753,59.695606439799349,0,0,0,0,0,1,1,1
wsl2_cuda,gpu,64,2,1,0,0,1,56,0.056666051201671459,54.44047250458712,54,0.024959837497862569,0.031250000000000007,-0.63610836328225195,262144,0,0.0070587293942913779,-0.15799783165814646,1.7205076957902353e-05,-0.00047740486827670706,0.0070415243173334759,-0.15752042678986974,0.0070417661813648169,-0.15757407571528048,0.0030204276062747669,127.2377048840201,122.20461079654802,113,96552,96439,-61,96552,0.0013178153211121479,1.5649298374926146e-98,0.083576705902050463,24.430971419640191,56.949878373029676,0,0,0,0,0,1,1,1
wsl2_cuda,gpu,64,3,1,0,0,1,0,0.056666051201671459,54.44047250458712,54,0.024959837497862569,0.031250000000000007,-0.63610836328225195,262144,0,0.031250000000000007,-0.63610836328225195,0.0031181350119755796,-0.063471096286582637,0.028131864988024426,-0.5726372669956693,0.02803978550017551,-0.57297944009474411,0.099780320382959406,25648.000341439743,23125.539141254343,25476,262144,236668,-16,262144,0.097839356771239255,0.070982009395745213,0.10000000000000001,0.0063851834937898857,0.087568230771977076,0,0,0,0,0,1,1,1
wsl2_cuda,gpu,64,3,1,0,0,1,1,0.056666051201671459,54.44047250458712,54,0.024959837497862569,0.031250000000000007,-0.63610836328225195,262144,0,0.02803978550017551,-0.57297944009474411,0.0026371472959452226,-0.054266110849699629,0.025402638204230287,-0.51871332924504443,0.025507993421703828,-0.51873965274477618,0.094707079678734984,21062.367905389096,19099.681019577944,21070,236668,215598,156,236668,0.088995419344351984,0.016751031132163526,0.10000000000000001,0.042876501139614026,0.45648994374651014,0,0,0,0,0,1,1,1
wsl2_cuda,gpu,64,3,1,0,0,1,2,0.056666051201671459,54.44047250458712,54,0.024959837497862569,0.031250000000000007,-0.63610836328225195,262144,0,0.025507993421703828,-0.51873965274477618,0.0021958045647278365,-0.04565669360793314,0.023312188856975991,-0.47308295913684306,0.023089133520889905,-0.47262506663939918,0.088009999466439254,17132.772816811408,15633.212722545944,17253,215598,198345,75,215598,0.079466288262467225,0.0013370428488708307,0.09999118496339679,0.11134383671428968,1.1023732137691407,0,0,0,0,0,1,1,1
wsl2_cuda,gpu,64,3,1,0,0,1,3,0.056666051201671459,54.44047250458712,54,0.024959837497862569,0.031250000000000007,-0.63610836328225195,262144,0,0.023089133520889905,-0.47262506663939918,0.0018940543548013826,-0.039505578060979783,0.021195079166088523,-0.43311948857841942,0.021000943331028199,-0.43346730772723868,0.083583861104462032,14403.969743431751,13190.979948631488,14315,198345,184030,-4,198345,0.072620785718983338,4.4983727663454238e-05,0.099342348367364552,0.21067979090639491,1.9689798146152424,0,0,0,0,0,1,1,1
wsl2_cuda,gpu,64,3,1,0,0,1,4,0.056666051201671459,54.44047250458712,54,0.024959837497862569,0.031250000000000007,-0.63610836328225195,262144,0,0.021000943331028199,-0.43346730772723868,0.0016667703166590516,-0.034767911885246076,0.019334173014369148,-0.3986993958419926,0.019083851457159812,-0.39868362943195484,0.080206871803455967,12352.792022303549,11340.907311342251,12369,184030,171661,15,184030,0.067123795154613641,7.8666369592913695e-07,0.097918079163395233,0.35298035462635519,3.0027650709675267,0,0,0,0,0,1,1,1
wsl2_cuda,gpu,64,3,1,0,0,1,5,0.056666051201671459,54.44047250458712,54,0.024959837497862569,0.031250000000000007,-0.63610836328225195,262144,0,0.019083851457159812,-0.39868362943195484,0.0014639902395243737,-0.031209428176917846,0.017619861217635438,-0.36747420125503699,0.017991865520858321,-0.36733585377989075,0.078277604439328144,10814.440234086725,9933.0565297244048,10880,171661,160781,121,171661,0.062998818800349091,9.1323865124920546e-09,0.097282814987692742,0.54626040357026184,4.1412300706552045,0,0,0,0,0,1,1,1
wsl2_cuda,gpu,64,3,1,0,0,1,6,0.056666051201671459,54.44047250458712,54,0.024959837497862569,0.031250000000000007,-0.63610836328225195,262144,0,0.017991865520858321,-0.36733585377989075,0.0013223133040240708,-0.027200526066479026,0.016669552216834249,-0.34013532771341171,0.01686309682815126,-0.33987288646223346,0.074046787405603193,9200.8585152367941,8475.3250542462938,9268,160781,151513,157,160781,0.05722603115565144,5.905639783635797e-11,0.096307031417725036,0.812580769500997,5.4291873570075149,0,0,0,0,0,1,1,1
wsl2_cuda,gpu,64,3,1,0,0,1,7,0.056666051201671459,54.44047250458712,54,0.024959837497862569,0.031250000000000007,-0.63610836328225195,262144,0,0.01686309682815126,-0.33987288646223346,0.001184992712330143,-0.023823936214720853,0.015678104115821118,-0.31604895024751262,0.01576652739989555,-0.31623055376640158,0.070097036317500555,7879.3496889075668,7273.7838740042162,7826,151513,143687,87,151513,0.052004446409928962,1.6653161960928922e-13,0.095060363150875682,1.1476847824206444,6.9291961146873087,0,0,0,0,0,1,1,1
wsl2_cuda,gpu,64,3,1,0,0,1,8,0.056666051201671459,54.44047250458712,54,0.024959837497862569,0.031250000000000007,-0.63610836328225195,262144,0,0.01576652739989555,-0.31623055376640158,0.0010485006550181725,-0.021012837999848068,0.014718026744877377,-0.29521771576655353,0.015038165284185324,-0.29458839612761267,0.066447975915601976,6802.7130388889809,6290.2532289741985,7006,143687,136681,145,143687,0.047343970149623701,5.0765981236404277e-16,0.094367065026665212,1.552057504366106,8.4092933581282274,0,0,0,0,0,1,1,1
wsl2_cuda,gpu,64,3,1,0,0,1,9,0.056666051201671459,54.44047250458712,54,0.024959837497862569,0.031250000000000007,-0.63610836328225195,262144,0,0.015038165284185324,-0.29458839612761267,0.00096419218817127576,-0.018632108989328516,0.014073973096014047,-0.27595628713828413,0.014160532077453925,-0.27613701641651889,0.063250196374122741,5909.7496957947906,5468.784539962724,5873,136681,130808,264,136681,0.043237536276401187,9.3634155397188842e-19,0.094033826345608196,2.0312794885966903,10.017764427119058,0,0,0,0,0,1,1,1
wsl2_cuda,gpu,64,3,1,0,0,1,10,0.056666051201671459,54.44047250458712,54,0.024959837497862569,0.031250000000000007,-0.63610836328225195,262144,0,0.014160532077453925,-0.27613701641651889,0.0008506457561014703,-0.016539079467344064,0.013309886321352455,-0.25959793694917482,0.013431382551178803,-0.2596418191519847,0.059894931758235542,5143.8846657010426,4763.2967745142651,5118,130808,125690,146,130808,0.039323930231339385,3.8319970744470934e-21,0.093429388216055453,2.5837774974969197,11.422610455698129,0,0,0,0,0,1,1,1
wsl2_cuda,gpu,64,3,1,0,0,1,11,0.056666051201671459,54.44047250458712,54,0.024959837497862569,0.031250000000000007,-0.63610836328225195,262144,0,0.013431382551178803,-0.2596418191519847,0.00074358486804399252,-0.014422817632842172,0.01268779768313481,-0.24521900151914253,0.012474024022468652,-0.24540767646024192,0.055548401231683697,4404.0167779833055,4085.2451979825655,4328,125690,121362,74,125690,0.035038720486779425,5.4502419860669492e-24,0.093068276599995614,3.2166559900840999,13.097482539887229,0,0,0,0,0,1,1,1
wsl2_cuda,gpu,64,3,1,0,0,1,12,0.056666051201671459,54.44047250458712,54,0.024959837497862569,0.031250000000000007,-0.63610836328225195,262144,0,0.012474024022468652,-0.24540767646024192,0.00062921774980652628,-0.012670893468087606,0.011844806272662127,-0.23273678299215431,0.011960119478129989,-0.23298250922893396,0.051628951529307014,3803.4682664140846,3531.5736879340811,3725,121362,117637,95,121362,0.031339861459221872,5.2596644052839166e-27,0.092389020637223457,3.9149228976300585,14.871451405486994,0,0,0,0,0,1,1,1
wsl2_cuda,gpu,64,3,1,0,0,1,13,0.056666051201671459,54.44047250458712,54,0.024959837497862569,0.031250000000000007,-0.63610836328225195,262144,0,0.011960119478129989,-0.23298250922893396,0.00055958439597113621,-0.011101818685167767,0.011400535082158852,-0.22188069054376619,0.011560549762692982,-0.22173094199559557,0.047648598379117335,3279.2856140068025,3047.6512165930171,3321,117637,114316,130,117637,0.027876311143660605,6.2625185117639414e-30,0.091392903298565711,4.6771221019446401,16.59173939276749,0,0,0,0,0,1,1,1
wsl2_cuda,gpu,64,3,1,0,0,1,14,0.056666051201671459,54.44047250458712,54,0.024959837497862569,0.031250000000000007,-0.63610836328225195,262144,0,0.011560549762692982,-0.22173094199559557,0.00049830303252933964,-0.0097563897495507763,0.011062246730163643,-0.21197455224604478,0.011083558613195488,-0.21176150054949255,0.043998597128685035,2838.9734677509891,2638.8245991907042,2900,114316,111416,118,114316,0.024834436717091127,1.4552199970222513e-32,0.091255392781104505,5.5016096284065386,18.141194141761183,0,0,0,0,0,1,1,1
wsl2_cuda,gpu,64,3,1,0,0,1,15,0.056666051201671459,54.44047250458712,54,0.024959837497862569,0.031250000000000007,-0.63610836328225195,262144,0,0.011083558613195488,-0.21176150054949255,0.00043520126883608964,-0.0084357141698049466,0.010648357344359398,-0.2033257863796876,0.01065449317405355,-0.20345519146512786,0.039834361459953373,2421.475351849776,2252.939582680066,2384,111416,109032,90,111416,0.021733641055591439,1.534318135438625e-35,0.09328221213233702,6.3868291442170593,19.892546417205288,0,0,0,0,0,1,1,1
wsl2_cuda,gpu,64,3,1,0,0,1,16,0.056666051201671459,54.44047250458712,54,0.024959837497862569,0.031250000000000007,-0.63610836328225195,262144,0,0.01065449317405355,-0.20345519146512786,0.00037303411107382744,-0.00723723172445127,0.010281459062979724,-0.1962179597406766,0.010260501795572474,-0.19616606132953299,0.035570093985433704,2050.598265350151,1910.2022581646518,2067,109032,106965,93,109032,0.018807306711333838,2.8201802543183888e-38,0.091539732829749768,7.3162751035807343,21.501899961056292,0,0,0,0,0,1,1,1
wsl2_cuda,gpu,64,3,1,0,0,1,17,0.056666051201671459,54.44047250458712,54,0.024959837497862569,0.031250000000000007,-0.63610836328225195,262144,0,0.010260501795572474,-0.19616606132953299,0.00030881439665478207,-0.0061861249608685786,0.0099516873989176913,-0.18997993636866442,0.0099679365999386024,-0.189897273696539,0.031531221139542868,1732.1574904982629,1615.2033170520758,1755,106965,105210,72,106965,0.016193684761354302,5.5078398822350545e-41,0.091816331918640803,8.2856818484071528,23.095756141801886,0,0,0,0,0,1,1,1
wsl2_cuda,gpu,64,3,1,0,0,1,18,0.056666051201671459,54.44047250458712,54,0.024959837497862569,0.031250000000000007,-0.63610836328225195,262144,0,0.0099679365999386024,-0.189897273696539,0.00026340871126098839,-0.0052422792846786564,0.0097045278886776134,-0.18465499441186034,0.0097694637370968791,-0.18463120948658107,0.027602626034590842,1452.1665221316457,1355.3507814611728,1459,105210,103751,67,105210,0.013802552249136449,6.8755415729089857e-44,0.09233678952238035,9.2866422010584522,24.803963783061057,0,0,0,0,0,1,1,1
wsl2_cuda,gpu,64,3,1,0,0,1,19,0.056666051201671459,54.44047250458712,54,0.024959837497862569,0.031250000000000007,-0.63610836328225195,262144,0,0.0097694637370968791,-0.18463120948658107,0.00022271665572827685,-0.0044398327745947437,0.0095467470813686024,-0.18019137671198632,0.0095682504206602258,-0.18030687338161511,0.024043543452582326,1217.7977975630024,1137.0947523456307,1186,103751,102565,67,103751,0.011737696962564239,9.7177152381534039e-47,0.092536214565094949,10.310341639013682,26.480443880292949,0,0,0,0,0,1,1,1
wsl2_cuda,gpu,64,3,1,0,0,1,20,0.056666051201671459,54.44047250458712,54,0.024959837497862569,0.031250000000000007,-0.63610836328225195,262144,0,0.0095682504206602258,-0.18030687338161511,0.00018894193103292391,-0.0036628848365449001,0.0093793084896273016,-0.17664398854507021,0.0093823894980366931,-0.17674635858975088,0.020313131662867568,996.05445291937519,931.45951598710349,969,102565,101596,80,102565,0.0097114459408119257,4.7297340190735451e-50,0.089968881939860773,11.353721969418045,28.42929405278397,0,0,0,0,0,1,1,1
wsl2_cuda,gpu,64,3,1,0,0,1,21,0.056666051201671459,54.44047250458712,54,0.024959837497862569,0.031250000000000007,-0.63610836328225195,262144,0,0.0093823894980366931,-0.17674635858975088,0.0001538908936252477,-0.0029825642417542538,0.0092284986044114461,-0.17376379434799663,0.0091984759531682919,-0.17386865533902404,0.016873498745124855,804.79719639167536,753.77537336827595,777,101596,100819,105,101596,0.0079215441197652992,1.4817239483120834e-52,0.090388951766435494,12.408424886278899,29.902417390326168,0,0,0,0,0,1,1,1
wsl2_cuda,gpu,64,3,1,0,0,1,22,0.056666051201671459,54.44047250458712,54,0.024959837497862569,0.031250000000000007,-0.63610836328225195,262144,0,0.0091984759531682919,-0.17386865533902404,0.00012012592338355868,-0.0023914186000398665,0.0090783500297847326,-0.17147723673898418,0.0090882763655339045,-0.17152891113496027,0.01375222808782234,641.08962867801381,601.52554108834988,627,100819,100192,132,100819,0.0063588175708746749,2.0396483563605023e-55,0.090078493379398494,13.465719269609677,31.585644756459462,0,0,0,0,0,1,1,1
wsl2_cuda,gpu,64,3,1,0,0,1,23,0.056666051201671459,54.44047250458712,54,0.024959837497862569,0.031250000000000007,-0.63610836328225195,262144,0,0.0090882763655339045,-0.17152891113496027,9.2209019886265172e-05,-0.0018640434067678606,0.0089960673456476389,-0.16966486772819242,0.0090181801426005639,-0.16975867845570861,0.010865206567894021,496.99841462668599,467.39550578102853,472,100192,99720,108,100192,0.0049604600629460033,3.9516511424941236e-58,0.088473983845097109,14.523600442579617,33.181548863802135,0,0,0,0,0,1,1,1
wsl2_cuda,gpu,64,3,1,0,0,1,24,0.056666051201671459,54.44047250458712,54,0.024959837497862569,0.031250000000000007,-0.63610836328225195,262144,0,0.0090181801426005639,-0.16975867845570861,7.0133415207547015e-05,-0.0014028722280009292,0.0089480467273930168,-0.16835580622770768,0.0089345572838774104,-0.16838870995162653,0.0082625499506287069,372.33880597930255,351.18286433740411,364,99720,99356,108,99720,0.0037338428196881522,8.7400757421667706e-61,0.091196133712307573,15.576185673624471,34.743618371565134,0,0,0,0,0,1,1,1
wsl2_cuda,gpu,64,3,1,0,0,1,25,0.056666051201671459,54.44047250458712,54,0.024959837497862569,0.031250000000000007,-0.63610836328225195,262144,0,0.0089345572838774104,-0.16838870995162653,4.8934563193896158e-05,-0.00097914615719730744,0.0088856227206835139,-0.16740956379442923,0.0088929818697087194,-0.16746242487861049,0.0058138486286850527,258.94444573812484,245.47110988289049,245,99356,99111,117,99356,0.002606228569367978,9.8642343777106552e-64,0.089457461751087833,16.626674201503878,36.47757990681103,0,0,0,0,0,1,1,1
wsl2_cuda,gpu,64,3,1,0,0,1,26,0.056666051201671459,54.44047250458712,54,0.024959837497862569,0.031250000000000007,-0.63610836328225195,262144,0,0.0088929818697087194,-0.16746242487861049,3.2108975820171044e-05,-0.00064395028463520658,0.0088608728938885488,-0.16681847459397528,0.008857173308173847,-0.16681792296547124,0.0038446817981879051,169.84628708171354,162.00950679897542,170,99111,98941,131,99111,0.0017136976428621803,8.0623856289698594e-66,0.080776133948953818,17.662544053295299,37.70569762019452,0,0,0,0,0,1,1,1
wsl2_cuda,gpu,64,3,1,0,0,1,27,0.056666051201671459,54.44047250458712,54,0.024959837497862569,0.031250000000000007,-0.63610836328225195,262144,0,0.008857173308173847,-0.16681792296547124,1.9515154483364261e-05,-0.00039568174059788455,0.0088376581536904822,-0.16642224122487334,0.0088370148076933053,-0.16641903135336528,0.0023714638019309278,104.17781694153163,100.14314343977024,105,98941,98836,148,98941,0.0010529286841807909,3.4721815919462086e-68,0.071973635782463241,18.683719504537311,39.097514168195183,0,0,0,0,0,1,1,1
wsl2_cuda,gpu,64,3,1,0,0,1,28,0.056666051201671459,54.44047250458712,54,0.024959837497862569,0.031250000000000007,-0.63610836328225195,262144,0,0.0088370148076933053,-0.16641903135336528,1.1548986996616578e-05,-0.00023394589014280489,0.0088254658206966888,-0.16618508546322247,0.0088149795767939187,-0.16610756586240269,0.0014054860229503697,61.53165547029073,59.726592325821422,82,98836,98754,152,98836,0.0006225631902372691,5.6279143769988842e-71,0.054701818192840694,19.686164003042656,40.738998087468318,0,0,0,0,0,1,1,1
wsl2_cuda,gpu,64,3,1,0,0,1,29,0.056666051201671459,54.44047250458712,54,0.024959837497862569,0.031250000000000007,-0.63610836328225195,262144,0,0.0088149795767939187,-0.16610756586240269,7.0061094186745684e-06,-0.000142181120255853,0.0088079734673752446,-0.16596538474214684,0.0088104927081875777,-0.16600860415921678,0.00085578636126296148,37.37897786890808,36.603150622583613,26,98754,98728,148,98754,0.00037850596298791018,3.7747716408847919e-73,0.043239633701768893,20.674048476647958,42.017624753599875,0,0,0,0,0,1,1,1
wsl2_cuda,gpu,64,3,1,0,0,1,30,0.056666051201671459,54.44047250458712,54,0.024959837497862569,0.031250000000000007,-0.63610836328225195,262144,0,0.0088104927081875777,-0.16600860415921678,5.1463692326824042e-06,-0.00010440087296058751,0.0088053463389548958,-0.16590420328625619,0.0088060058395812574,-0.16589442040458843,0.00062876257535242114,27.442462367340468,27.000546570557145,30,98728,98698,150,98728,0.00027796027841484148,1.6775230951777102e-75,0.034607295190569376,21.635299159549408,43.401417613617909,0,0,0,0,0,1,1,1
wsl2_cuda,gpu,64,3,1,0,0,1,31,0.056666051201671459,54.44047250458712,54,0.024959837497862569,0.031250000000000007,-0.63610836328225195,262144,0,0.0088060058395812574,-0.16589442040458843,5.1017686833502117e-06,-0.00010354824476891321,0.0088009040708979074,-0.16579087215981952,0.0088000269490225644,-0.16577653198865278,0.00062405563603974831,27.218058328247327,26.775951291133978,31,98698,98667,161,98698,0.0002757711233079427,2.8205845228902743e-78,0.038287540663349995,22.574552421333472,45.033532657976593,0,0,0,0,0,1,1,1
wsl2_cuda,gpu,64,3,1,0,0,1,32,0.056666051201671459,54.44047250458712,54,0.024959837497862569,0.031250000000000007,-0.63610836328225195,262144,0,0.0088000269490225644,-0.16577653198865278,6.6935833945525809e-06,-0.00013594438378043022,0.0087933333656280126,-0.16564058760487235,0.0087906865079255894,-0.16561688378280365,0.00081987906056954724,35.736536482449921,34.995304505540425,42,98667,98625,153,98667,0.00036219340288495567,1.1923008255638514e-79,0.045609305155547994,23.487513163334036,45.841818010466483,0,0,0,0,0,1,1,1
wsl2_cuda,gpu,64,3,1,0,0,1,33,0.056666051201671459,54.44047250458712,54,0.024959837497862569,0.031250000000000007,-0.63610836328225195,262144,0,0.0087906865079255894,-0.16561688378280365,9.6382649661121462e-06,-0.00019566200874958063,0.0087810482429594768,-0.16542122177405408,0.008781346066828611,-0.16541149594738719,0.0011811746307263708,51.444504118772912,49.972524738078071,54,98625,98571,145,98625,0.00052161727877082797,6.4351720519167267e-82,0.054113502191352504,24.374018278310931,47.175961110934509,0,0,0,0,0,1,1,1
wsl2_cuda,gpu,64,3,1,0,0,1,34,0.056666051201671459,54.44047250458712,54,0.024959837497862569,0.031250000000000007,-0.63610836328225195,262144,0,0.008781346066828611,-0.16541149594738719,1.2855166630475839e-05,-0.00026060143059612978,0.0087684909001981351,-0.16515089451679105,0.0087671556541574248,-0.16517205083802511,0.001575159995740953,68.538173450801153,66.030138063301266,63,98571,98508,140,98571,0.00069531782624505337,5.5850310307932828e-84,0.064775605337019246,25.232666665551466,48.388744857069675,0,0,0,0,0,1,1,1
wsl2_cuda,gpu,64,3,1,0,0,1,35,0.056666051201671459,54.44047250458712,54,0.024959837497862569,0.031250000000000007,-0.63610836328225195,262144,0,0.0087671556541574248,-0.16517205083802511,1.4699303565244069e-05,-0.00030020275887692848,0.0087524563505921808,-0.16487184807914818,0.0087555789805901577,-0.16491362426328671,0.0018171196746877187,78.980490689654559,75.793373261692977,68,98508,98440,142,98508,0.00080176727463408619,9.8714633958115948e-87,0.067949554033883613,26.05799359044655,50.008102596053455,0,0,0,0,0,1,1,1
wsl2_cuda,gpu,64,3,1,0,0,1,36,0.056666051201671459,54.44047250458712,54,0.024959837497862569,0.031250000000000007,-0.63610836328225195,262144,0,0.0087555789805901577,-0.16491362426328671,1.4444781202961641e-05,-0.00029558252744870978,0.0087411341993871954,-0.16461804173583799,0.0087395226402494364,-0.16454878992512775,0.0017919467999564973,77.79707785139054,74.818981772949741,96,98440,98344,140,98440,0.00079029944993285796,4.7620769802158762e-89,0.070485308336374841,26.844848643225511,51.370930475481288,0,0,0,0,0,1,1,1
wsl2_cuda,gpu,64,3,1,0,0,1,37,0.056666051201671459,54.44047250458712,54,0.024959837497862569,0.031250000000000007,-0.63610836328225195,262144,0,0.0087395226402494364,-0.16454878992512775,1.3105820416512157e-05,-0.00026587916917042968,0.0087264168198329245,-0.16428291075595733,0.0087324400371213765,-0.16431699240220526,0.001615480625784886,70.015449399277841,67.669668802718121,61,98344,98283,149,98344,0.00071194429145934521,1.5278529263599422e-90,0.064908288233618203,27.596551564576735,52.249670579769877,0,0,0,0,0,1,1,1
wsl2_cuda,gpu,64,3,1,0,0,1,38,0.056666051201671459,54.44047250458712,54,0.024959837497862569,0.031250000000000007,-0.63610836328225195,262144,0,0.0087324400371213765,-0.16431699240220526,1.2834710908206946e-05,-0.00025224408523653543,0.0087196053262131694,-0.16406474831696874,0.0087171495127972426,-0.16409707893801112,0.0015349225152180084,66.460991268442115,64.431172827124001,58,98283,98225,151,98283,0.00067622062074257111,2.0650675083671859e-92,0.064379102721314085,28.292355253213184,53.349274482152296,0,0,0,0,0,1,1,1
wsl2_cuda,gpu,64,3,1,0,0,1,39,0.056666051201671459,54.44047250458712,54,0.024959837497862569,0.031250000000000007,-0.63610836328225195,262144,0,0.0087171495127972426,-0.16409707893801112,1.3477789440828113e-05,-0.00026412262618555896,0.0087036717233564143,-0.16383295631182557,0.0087052349079984222,-0.16385821968635336,0.0016093725679551204,69.604831046457676,67.384469922074686,63,98225,98162,148,98225,0.00070862642958979566,2.6144985066575207e-94,0.063927881515671373,28.936590960494758,54.465585021856384,0,0,0,0,0,1,1,1
wsl2_cuda,gpu,64,3,1,0,0,1,40,0.056666051201671459,54.44047250458712,54,0.024959837497862569,0.031250000000000007,-0.63610836328225195,262144,0,0.0087052349079984222,-0.16385821968635336,1.4775335583812202e-05,-0.00029310553556349296,0.0086904595724146098,-0.16356511415078986,0.008692177015228137,-0.16355442015063976,0.0017885178208225379,77.239327179648953,74.454016218349338,80,98162,98082,150,98162,0.00078685567917981454,1.8751796988266679e-96,0.065926468702803068,29.523837197973016,55.727085755381438,0,0,0,0,0,1,1,1
wsl2_cuda,gpu,64,3,1,0,0,1,41,0.056666051201671459,54.44047250458712,54,0.024959837497862569,0.031250000000000007,-0.63610836328225195,262144,0,0.008692177015228137,-0.16355442015063976,1.5957937615255374e-05,-0.0003195440023208409,0.008676219077612882,-0.16323487614831891,0.008674653859350151,-0.16323206004006441,0.0019534153477787277,84.216150276879617,80.869160422610008,85,98082,97997,151,98082,0.00085863002668052876,1.9203622916278508e-98,0.073430544632035202,30.05158963453378,56.897586121861146,0,0,0,0,0,1,1,1
wsl2_cuda,gpu,64,3,1,0,0,1,42,0.056666051201671459,54.44047250458712,54,0.024959837497862569,0.031250000000000007,-0.63610836328225195,262144,0,0.008674653859350151,-0.16323206004006441,1.693031461382323e-05,-0.00034030663106312468,0.0086577235447363281,-0.16289175340900128,0.0086530608822228093,-0.16285337636137162,0.0020844277978750375,89.725318226194744,86.035306903433394,100,97997,97897,143,97997,0.00091559250003770266,4.867857144435911e-101,0.075282358942322561,30.51098973627753,58.424818136678169,0,0,0,0,0,1,1,1
wsl2_cuda,gpu,64,3,1,0,0,1,43,0.056666051201671459,54.44047250458712,54,0.024959837497862569,0.031250000000000007,-0.63610836328225195,262144,0,0.0086530608822228093,-0.16285337636137162,1.7423447363045001e-05,-0.00034419139597417141,0.0086356374348597643,-0.16250918496539746,0.0086285089982483382,-0.16247887245982984,0.002113223444617637,90.824909349902924,87.290857148906952,99,97897,97798,154,97897,0.00092775988385653213,2.6357870952858493e-102,0.073907230118775868,30.901660714921512,59.169846963722897,0,0,0,0,0,1,1,1
wsl2_cuda,gpu,64,3,1,0,0,1,44,0.056666051201671459,54.44047250458712,54,0.024959837497862569,0.031250000000000007,-0.63610836328225195,262144,0,0.0086285089982483382,-0.16247887245982984,1.7533998954140446e-05,-0.0003415482082987822,0.0086109749992941981,-0.16213732425153105,0.0086161953506747775,-0.16209221232343066,0.002101911555294652,90.220183541913585,86.993327330030866,102,97798,97696,144,97798,0.00092251562958254349,2.0288647770177665e-103,0.070644303715384341,31.211939943574727,59.825002302496642,0,0,0,0,0,1,1,1
wsl2_cuda,gpu,64,3,1,0,0,1,45,0.056666051201671459,54.44047250458712,54,0.024959837497862569,0.031250000000000007,-0.63610836328225195,262144,0,0.0086161953506747775,-0.16209221232343066,1.8113503647221843e-05,-0.00034655842620886693,0.0085980818470275562,-0.16174565389722179,0.0086054203982522254,-0.16178573218543668,0.0021379317645792936,91.614369611913716,88.385297730903744,81,97696,97615,133,97696,0.00093774944329259868,1.202052566252073e-104,0.071244925318551727,31.432988719423825,60.547030184801841,0,0,0,0,0,1,1,1
wsl2_cuda,gpu,64,3,1,0,0,1,46,0.056666051201671459,54.44047250458712,54,0.024959837497862569,0.031250000000000007,-0.63610836328225195,262144,0,0.0086054203982522254,-0.16178573218543668,1.8813876419858569e-05,-0.00035741304484991827,0.0085866065218323673,-0.16142831914058675,0.00857527796778082,-0.16139639144505236,0.0022091107219324147,94.509083612011182,91.018359694036093,103,97615,97512,140,97615,0.00096818197625376406,2.0895702210852756e-106,0.076780737236543384,31.547445761383074,61.582345091724996,0,0,0,0,0,1,1,1
wsl2_cuda,gpu,64,3,1,0,0,1,47,0.056666051201671459,54.44047250458712,54,0.024959837497862569,0.031250000000000007,-0.63610836328225195,262144,0,0.00857527796778082,-0.16139639144505236,1.882325390813098e-05,-0.00036646702639023411,0.0085564547138726882,-0.16102992441866212,0.0085477850431603074,-0.16098850550660393,0.0022703897009823844,96.917180444369023,93.123524510049293,108,97512,97404,138,97512,0.00099390003737354396,2.6898184230980133e-108,0.079643795891768787,31.557996391830095,62.694412960345637,0,0,0,0,0,1,1,1
wsl2_cuda,gpu,64,3,1,0,0,1,48,0.056666051201671459,54.44047250458712,54,0.024959837497862569,0.031250000000000007,-0.63610836328225195,262144,0,0.0085477850431603074,-0.16098850550660393,1.9180078857804085e-05,-0.00037695987254249323,0.0085286049643025028,-0.16061154563406144,0.0085262278674587029,-0.16062965939481458,0.0023412582754849974,99.742983920509204,95.75144661016904,95,97404,97309,139,97404,0.0010240132224601578,3.5951323306414956e-110,0.077359073189935679,31.449205596623635,63.79687642319422,0,0,0,0,0,1,1,1
wsl2_cuda,gpu,64,3,1,0,0,1,49,0.056666051201671459,54.44047250458712,54,0.024959837497862569,0.031250000000000007,-0.63610836328225195,262144,0,0.0085262278674587029,-0.16062965939481458,1.9772100030909059e-05,-0.00038978203467000052,0.0085064557674277945,-0.16023987736014458,0.0085113759959901912,-0.16023241531816018,0.0024262858410808597,103.23569080528554,99.211405851209335,105,97309,97204,128,97309,0.0010609058854297705,2.9188884711073084e-110,0.077893468807170102,31.200288887333741,63.850115283385961,0,0,0,0,0,1,1,1
wsl2_cuda,gpu,64,3,1,0,0,1,50,0.056666051201671459,54.44047250458712,54,0.024959837497862569,0.031250000000000007,-0.63610836328225195,262144,0,0.0085113759959901912,-0.16023241531816018,2.0846416177643217e-05,-0.00040416023825417293,0.0084905295798125488,-0.159828255079906,0.0084935580505204403,-0.15983190566432523,0.0025221318835049059,107.1685586539287,103.09905405108508,106,97204,97098,124,97204,0.0011025118169409561,3.4203843394720255e-112,0.079685675441171402,30.800704829396302,64.986190505365499,0,0,0,0,0,1,1,1
wsl2_cuda,gpu,64,3,1,0,0,1,51,0.056666051201671459,54.44047250458712,54,0.024959837497862569,0.031250000000000007,-0.63610836328225195,262144,0,0.0084935580505204403,-0.15983190566432523,2.1635098699759268e-05,-0.00041784737479314248,0.0084719229518206811,-0.15941405828953209,0.0084658096692927752,-0.15942538732536188,0.0026141038123904882,110.91131159199664,106.71048612042701,108,97098,96990,124,97098,0.0011422615459844346,1.0607456819049179e-112,0.078814096007089121,30.230333906661041,65.285315459409105,0,0,0,0,0,1,1,1
wsl2_cuda,gpu,64,3,1,0,0,1,52,0.056666051201671459,54.44047250458712,54,0.024959837497862569,0.031250000000000007,-0.63610836328225195,262144,0,0.0084658096692927752,-0.15942538732536188,2.2385613875264684e-05,-0.00042833329583705047,0.0084434240554175106,-0.15899705402952483,0.0084421382071111079,-0.15898459181914143,0.0026866125488835134,113.79164630261687,109.41290836595404,117,96990,96873,111,96990,0.001173230707316392,1.2257740626917834e-111,0.081915211007796626,29.4729986533691,64.660079502744736,0,0,0,0,0,1,1,1
wsl2_cuda,gpu,64,3,1,0,0,1,53,0.056666051201671459,54.44047250458712,54,0.024959837497862569,0.031250000000000007,-0.63610836328225195,262144,0,0.0084421382071111079,-0.15898459181914143,2.260944601400446e-05,-0.00043187940253081264,0.0084195287610971028,-0.15855271241661062,0.0084155544422573371,-0.15852941005168553,0.0027163781580538168,114.84286635255907,110.39955334162489,121,96873,96752,98,96873,0.0011854992242684656,3.9504151569374199e-110,0.081218452945785682,28.518934627649742,63.772798902541282,0,0,0,0,0,1,1,1
wsl2_cuda,gpu,64,3,1,0,0,1,54,0.056666051201671459,54.44047250458712,54,0.024959837497862569,0.031250000000000007,-0.63610836328225195,262144,0,0.0084155544422573371,-0.15852941005168553,2.309904950992049e-05,-0.00043989760131526632,0.0083924553927474162,-0.15808951245037026,0.0083908079017778851,-0.1581267405076954,0.0027747798332867328,117.09743682724712,112.56970216208875,107,96752,96645,97,96752,0.0012102844057719439,4.5316862110319278e-108,0.081825010758836331,27.357182820340146,62.561143194621394,4.5577545769106837e-15,0,0,0,0,1,1,1
wsl2_cuda,gpu,64,3,1,0,0,1,55,0.056666051201671459,54.44047250458712,54,0.024959837497862569,0.031250000000000007,-0.63610836328225195,262144,0,0.0083908079017778851,-0.1581267405076954,2.4359313112971035e-05,-0.00045693894545515719,0.008366448588664914,-0.15766980156224025,0.0083657342324823247,-0.15764243400064565,0.0028897382636618877,121.76133781671935,117.02356393769462,129,96645,96516,104,96645,0.0012598824338219189,2.2156899227432263e-104,0.083844222135708399,25.984657023688641,60.390788417511466,0,0,0,0,0,1,1,1
wsl2_cuda,gpu,64,3,1,0,0,1,56,0.056666051201671459,54.44047250458712,54,0.024959837497862569,0.031250000000000007,-0.63610836328225195,262144,0,0.0083657342324823247,-0.15764243400064565,2.5620889781778427e-05,-0.00047485720715461364,0.0083401133427005465,-0.15716757679349103,0.0083443278444473162,-0.15721985219547657,0.0030123837107474366,126.6846218713163,121.73094887734675,113,96516,96403,105,96516,0.0013125763797848678,2.0601103418418763e-97,0.082906601336819166,24.431259195901053,56.291347189006856,0,0,0,0,0,1,1,1
wsl2_cuda,gpu,64,4,1,0,0,1,0,0.056666051201671459,54.44047250458712,54,0.024959837497862569,0.031250000000000007,-0.63610836328225195,262144,0,0.031250000000000007,-0.63610836328225195,0.0031181350119755796,-0.063471096286582637,0.028131864988024426,-0.5726372669956693,0.027801934184078791,-0.57271487548106159,0.099780320382959406,25648.000341439743,23125.539141254343,25640,262144,236504,198,262144,0.097839356771239255,0.070982009395745213,0.10000000000000001,0.0063851834937898857,0.087568230771977076,0,0,0,0,0,1,1,1
wsl2_cuda,gpu,64,4,1,0,0,1,1,0.056666051201671459,54.44047250458712,54,0.024959837497862569,0.031250000000000007,-0.63610836328225195,262144,0,0.027801934184078791,-0.57271487548106159,0.0026068787360958409,-0.054238688705827508,0.02519505544798295,-0.5184761867752341,0.02503807943130067,-0.51902227181870253,0.094702316076969814,21051.211236433028,19089.570491700233,20896,236504,215608,262,236504,0.089009958547986615,0.016751031132163526,0.10000000000000001,0.042767762384718661,0.45648994374651014,0,0,0,0,0,1,1,1
wsl2_cuda,gpu,64,4,1,0,0,1,2,0.056666051201671459,54.44047250458712,54,0.024959837497862569,0.031250000000000007,-0.63610836328225195,262144,0,0.02503807943130067,-0.51902227181870253,0.0021930177237802495,-0.045682940988786877,0.022845061707520421,-0.47333933082991564,0.022462515845554577,-0.47332738106372513,0.088016305443740006,17136.300513516999,15636.458896786697,17158,215608,198450,296,215608,0.079478964201314423,0.0013169228156655983,0.099986777736492727,0.11107610220207233,1.1062471169823045,0,0,0,0,0,1,1,1
wsl2_cuda,gpu,64,4,1,0,0,1,3,0.056666051201671459,54.44047250458712,54,0.024959837497862569,0.031250000000000007,-0.63610836328225195,262144,0,0.022462515845554577,-0.47332738106372513,0.0018805492674055899,-0.039594517600171589,0.020581966578148987,-0.43373286346355355,0.020160829706272081,-0.43398721733101614,0.083651594031161167,14428.548866570816,13212.676914981839,14363,198450,184087,237,198450,0.072706217518623412,4.1364639598416662e-05,0.099223356204566279,0.20956216246346709,1.9904090448679332,0,0,0,0,0,1,1,1
wsl2_cuda,gpu,64,4,1,0,0,1,4,0.056666051201671459,54.44047250458712,54,0.024959837497862569,0.031250000000000007,-0.63610836328225195,262144,0,0.020160829706272081,-0.43398721733101614,0.0016249245660402115,-0.034816272688710202,0.01853590514023187,-0.39917094464230596,0.018223180429960843,-0.39896794185901019,0.080224994509765724,12365.414759860716,11352.440507376146,12394,184087,171693,217,184087,0.067171580610584758,6.2397198744908226e-07,0.097320762242993131,0.35118760643197633,3.0619613472816258,0,0,0,0,0,1,1,1
wsl2_cuda,gpu,64,4,1,0,0,1,5,0.056666051201671459,54.44047250458712,54,0.024959837497862569,0.031250000000000007,-0.63610836328225195,262144,0,0.018223180429960843,-0.39896794185901019,0.0014376185053533209,-0.031211257809802224,0.016785561924607523,-0.36775668404920797,0.016620548638689475,-0.36796735198717762,0.0782313624307166,10814.894460793797,9934.1045605601867,10741,171693,160952,200,171693,0.062989722707354395,7.3342089241267046e-09,0.098006506556540973,0.54358852622482334,4.1972536846473094,0,0,0,0,0,1,1,1
wsl2_cuda,gpu,64,4,1,0,0,1,6,0.056666051201671459,54.44047250458712,54,0.024959837497862569,0.031250000000000007,-0.63610836328225195,262144,0,0.016620548638689475,-0.36796735198717762,0.0012237505144376149,-0.027201693250307954,0.01539679812425186,-0.34076565873686965,0.015363396173095747,-0.34072793778576266,0.073923601547734336,9202.6745782551388,8478.1409060153055,9224,160952,151728,186,160952,0.057176515844817949,7.5428007599659077e-11,0.096601834700744432,0.80828758529443101,5.3666721344085699,0,0,0,0,0,1,1,1
wsl2_cuda,gpu,64,4,1,0,0,1,7,0.056666051201671459,54.44047250458712,54,0.024959837497862569,0.031250000000000007,-0.63610836328225195,262144,0,0.015363396173095747,-0.34072793778576266,0.001082472428148162,-0.023857592692624312,0.014280923744947585,-0.31687034509313833,0.014352730829742005,-0.31725098987379241,0.070020368542636185,7885.4206163751232,7280.1546687323935,7775,151728,143953,181,151728,0.051970767533844268,4.6152822325921904e-13,0.095406872656593006,1.1416076287113226,6.6687584478129827,0,0,0,0,0,1,1,1
wsl2_cuda,gpu,64,4,1,0,0,1,8,0.056666051201671459,54.44047250458712,54,0.024959837497862569,0.031250000000000007,-0.63610836328225195,262144,0,0.014352730829742005,-0.31725098987379241,0.0009621450514077424,-0.021086911902915811,0.013390585778334263,-0.29616407797087663,0.013239798076409681,-0.29606225259363728,0.066468760361871174,6820.4905990371635,6306.6339152359842,6855,143953,137098,128,143953,0.047379982348663544,1.2883908460585625e-15,0.093775307133544844,1.5441006897655147,8.1713441502646003,0,0,0,0,0,1,1,1
wsl2_cuda,gpu,64,4,1,0,0,1,9,0.056666051201671459,54.44047250458712,54,0.024959837497862569,0.031250000000000007,-0.63610836328225195,262144,0,0.013239798076409681,-0.29606225259363728,0.00084725857607773666,-0.01876036482944746,0.012392539500331945,-0.27730188776418979,0.012445768918569064,-0.27705453908503719,0.063367535632332272,5946.2698196971742,5501.9441449085098,6021,137098,131077,143,137098,0.043372403825709886,2.3752788863774805e-18,0.0935115865552128,2.0201999499261984,9.779929662378553,0,0,0,0,0,1,1,1
wsl2_cuda,gpu,64,4,1,0,0,1,10,0.056666051201671459,54.44047250458712,54,0.024959837497862569,0.031250000000000007,-0.63610836328225195,262144,0,0.012445768918569064,-0.27705453908503719,0.00075038532652950255,-0.016647240630481005,0.011695383592039562,-0.26040729845455618,0.011499917108709418,-0.26027615194185072,0.060086925719834337,5175.608924746758,4791.5508934148565,5214,131077,125863,129,131077,0.039485256183363654,2.6220849886804855e-21,0.094691109502980486,2.5744787993895311,11.519548228914948,0,0,0,0,0,1,1,1
wsl2_cuda,gpu,64,4,1,0,0,1,11,0.056666051201671459,54.44047250458712,54,0.024959837497862569,0.031250000000000007,-0.63610836328225195,262144,0,0.011499917108709418,-0.26027615194185072,0.00063356211227406662,-0.014478137177501606,0.010866354996435353,-0.24579801476434912,0.010714976787870766,-0.24600074337907693,0.055625022195568516,4419.1353121276234,4098.8545020012552,4370,125863,121493,135,125863,0.035110678373530137,3.5770338699472651e-24,0.092854678197900831,3.2101283218490488,13.205076822509545,0,0,0,0,0,1,1,1
wsl2_cuda,gpu,64,4,1,0,0,1,12,0.056666051201671459,54.44047250458712,54,0.024959837497862569,0.031250000000000007,-0.63610836328225195,262144,0,0.010714976787870766,-0.24600074337907693,0.00056043426942645755,-0.012716335835392443,0.010154542518444309,-0.23328440754368449,0.010198301391125163,-0.23300538058761747,0.051693423931352574,3814.2112152562777,3541.1413152011378,3893,121493,117600,166,121493,0.031394493635487457,6.7083116801727518e-27,0.09279663378671682,3.9111173797844052,14.809295326091128,0,0,0,0,0,1,1,1
wsl2_cuda,gpu,64,4,1,0,0,1,13,0.056666051201671459,54.44047250458712,54,0.024959837497862569,0.031250000000000007,-0.63610836328225195,262144,0,0.010198301391125163,-0.23300538058761747,0.00050214482548136073,-0.011102939869976713,0.0096961565656438035,-0.22190244071764076,0.0097425145991922764,-0.22184585607994114,0.047654036592897894,3277.7721241019885,3046.0770718648268,3298,117600,114302,214,117600,0.02787221193964276,1.2668982224786008e-29,0.092792683726656278,4.6814768322741385,16.411726414554295,0,0,0,0,0,1,1,1
wsl2_cuda,gpu,64,4,1,0,0,1,14,0.056666051201671459,54.44047250458712,54,0.024959837497862569,0.031250000000000007,-0.63610836328225195,262144,0,0.0097425145991922764,-0.22184585607994114,0.00045863741594439245,-0.0097530851728765845,0.0092838771832478833,-0.21209277090706455,0.0092905568062828826,-0.2120952328459742,0.043969332931267188,2836.9296978622829,2637.014955212805,2845,114302,111457,203,114302,0.024819598063570918,1.0412116838029581e-32,0.09215126500833809,5.5083074583514664,18.226725653944655,0,0,0,0,0,1,1,1
wsl2_cuda,gpu,64,4,1,0,0,1,15,0.056666051201671459,54.44047250458712,54,0.024959837497862569,0.031250000000000007,-0.63610836328225195,262144,0,0.0092905568062828826,-0.2120952328459742,0.00039899864691780878,-0.0084564603854339945,0.008891558159365074,-0.20363877246054021,0.0089603858231053213,-0.20388898505230857,0.039876943661884788,2425.8216710974307,2256.9391245665565,2360,111457,109097,245,111457,0.021764641710232922,2.1620861800415988e-35,0.091744944768071934,6.3940344979224273,19.804915902903552,0,0,0,0,0,1,1,1
wsl2_cuda,gpu,64,4,1,0,0,1,16,0.056666051201671459,54.44047250458712,54,0.024959837497862569,0.031250000000000007,-0.63610836328225195,262144,0,0.0089603858231053213,-0.20388898505230857,0.0003479525942962343,-0.0072558004332133321,0.0086124332288090872,-0.19663318461909524,0.0087567342275917739,-0.19665631448889778,0.03559327112609368,2054.2780660161516,1913.6257503836198,2046,109097,107051,203,109097,0.018829830939587261,4.1569242686691183e-38,0.092171091139588893,7.3252555660389325,21.402775601362194,0,0,0,0,0,1,1,1
wsl2_cuda,gpu,64,4,1,0,0,1,17,0.056666051201671459,54.44047250458712,54,0.024959837497862569,0.031250000000000007,-0.63610836328225195,262144,0,0.0087567342275917739,-0.19665631448889778,0.00030469791493380909,-0.006224065002767426,0.0084520363126579651,-0.19043224948613036,0.008501921918513608,-0.19050818905548683,0.031655680277967911,1741.7037963403973,1623.7894459824417,1717,107051,105334,154,107051,0.016269850784583022,3.1390752377834466e-41,0.092618291438349654,8.2954712113258608,23.239404970893155,0,0,0,0,0,1,1,1
wsl2_cuda,gpu,64,4,1,0,0,1,18,0.056666051201671459,54.44047250458712,54,0.024959837497862569,0.031250000000000007,-0.63610836328225195,262144,0,0.008501921918513608,-0.19050818905548683,0.00026137365085570957,-0.0052830352230233317,0.0082405482676578979,-0.18522515383246349,0.0082812593603678701,-0.18520431329185194,0.027737262347740061,1462.7945321464972,1365.1198084626972,1466,105334,103868,86,105334,0.013887201968466946,9.9585961591106971e-45,0.09133920336395919,9.293922923562512,25.297604547954563,0,0,0,0,0,1,1,1
wsl2_cuda,gpu,64,4,1,0,0,1,19,0.056666051201671459,54.44047250458712,54,0.024959837497862569,0.031250000000000007,-0.63610836328225195,262144,0,0.0082812593603678701,-0.18520431329185194,0.00022162725986096259,-0.0044600751555882653,0.0080596321005069072,-0.18074423813626367,0.0080346001967275017,-0.18070638256908406,0.024087267138035755,1223.2197537103636,1142.391771649136,1237,103868,102631,85,103868,0.011776675720244576,1.4772948065641155e-47,0.091037689446602718,10.317789239241748,26.961723580718861,0,0,0,0,0,1,1,1
wsl2_cuda,gpu,64,4,1,0,0,1,20,0.056666051201671459,54.44047250458712,54,0.024959837497862569,0.031250000000000007,-0.63610836328225195,262144,0,0.0080346001967275017,-0.18070638256908406,0.00017739775485019768,-0.0036811558987662261,0.0078572024418773045,-0.17702522667031784,0.0079103925138097678,-0.17702630190919882,0.020374293975350614,1000.7992366795371,936.07034327820179,1000,102631,101631,111,102631,0.0097514321859821802,3.9112585483910571e-50,0.092785069096229966,11.365539882079005,28.477840000207067,0,0,0,0,0,1,1,1
wsl2_cuda,gpu,64,4,1,0,0,1,21,0.056666051201671459,54.44047250458712,54,0.024959837497862569,0.031250000000000007,-0.63610836328225195,262144,0,0.0079103925138097678,-0.17702630190919882,0.0001444343972796955,-0.0029862309982527191,0.0077659581165300719,-0.17404007091094612,0.0078078694656936853,-0.17405281086683855,0.016871624740500964,805.63550033421507,754.72620013104324,802,101631,100829,103,101631,0.0079270645800416702,4.0128639599046883e-52,0.089914023865177314,12.423762702573702,29.647871124809658,0,0,0,0,0,1,1,1
wsl2_cuda,gpu,64,4,1,0,0,1,22,0.056666051201671459,54.44047250458712,54,0.024959837497862569,0.031250000000000007,-0.63610836328225195,262144,0,0.0078078694656936853,-0.17405281086683855,0.00011358277035600953,-0.002386253651125673,0.0076942866953376762,-0.17166655721571286,0.0077046055038394656,-0.17170407506123167,0.013711621836933906,639.48621723607755,600.02181801586164,630,100829,100199,115,100829,0.0063422846327552346,5.0988267875582706e-55,0.091580311332039283,13.485088210869392,31.351554675637146,0,0,0,0,0,1,1,1
wsl2_cuda,gpu,64,4,1,0,0,1,23,0.056666051201671459,54.44047250458712,54,0.024959837497862569,0.031250000000000007,-0.63610836328225195,262144,0,0.0077046055038394656,-0.17170407506123167,8.6261029919317179e-05,-0.0018576957922026983,0.0076183444739201488,-0.16984637926902899,0.0076309290781486593,-0.16986810692021911,0.010819928517450131,495.08921893389538,465.5473342305271,489,100199,99710,136,100199,0.0049410594809718199,1.400728434115458e-57,0.090574351121326169,14.54458680952831,32.858238230372777,0,0,0,0,0,1,1,1
wsl2_cuda,gpu,64,4,1,0,0,1,24,0.056666051201671459,54.44047250458712,54,0.024959837497862569,0.031250000000000007,-0.63610836328225195,262144,0,0.0076309290781486593,-0.16986810692021911,6.3972802186893399e-05,-0.0013875107765048025,0.0075669562759617661,-0.1684805961437143,0.0075583687252622116,-0.1684332859380093,0.0081685986919831626,368.14098973479679,347.29119484308228,381,99710,99329,99,99710,0.003692117036754556,3.442617813383147e-60,0.090188858174371805,15.601232302162105,34.393364995631963,0,0,0,0,0,1,1,1
wsl2_cuda,gpu,64,4,1,0,0,1,25,0.056666051201671459,54.44047250458712,54,0.024959837497862569,0.031250000000000007,-0.63610836328225195,262144,0,0.0075583687252622116,-0.1684332859380093,4.4697274253810033e-05,-0.00096775369238728359,0.0075136714510084012,-0.16746553224562202,0.0075156427175868202,-0.16757051298640691,0.0057459578272596934,255.87932483393766,242.62433527968369,228,99329,99101,105,99329,0.0025760787366623811,5.4741136134515648e-63,0.086741893583910351,16.655640365870237,36.039743535051755,0,0,0,0,0,1,1,1
wsl2_cuda,gpu,64,4,1,0,0,1,26,0.056666051201671459,54.44047250458712,54,0.024959837497862569,0.031250000000000007,-0.63610836328225195,262144,0,0.0075156427175868202,-0.16757051298640691,2.9745008516227658e-05,-0.00063595618727036287,0.0074858977090705922,-0.16693455679913655,0.007489199768885282,-0.16692225165762933,0.0037954821061353871,167.72054918220087,160.06191552302948,171,99101,98930,86,99101,0.0016924203507754803,8.9496914110706753e-66,0.082359091160145254,17.689565917945874,37.679021829217952,0,0,0,0,0,1,1,1
wsl2_cuda,gpu,64,4,1,0,0,1,27,0.056666051201671459,54.44047250458712,54,0.024959837497862569,0.031250000000000007,-0.63610836328225195,262144,0,0.007489199768885282,-0.16692225165762933,1.8408953370924629e-05,-0.00039312267263890528,0.0074707908155143572,-0.16652912898499042,0.0074746390514133466,-0.16655727036898921,0.0023553312351332393,103.49218472071314,99.499898570301596,96,98930,98834,84,98930,0.0010461152807107364,6.9441486078044454e-68,0.072266629498549798,18.712242698741793,38.920428605017129,0,0,0,0,0,1,1,1
wsl2_cuda,gpu,64,4,1,0,0,1,28,0.056666051201671459,54.44047250458712,54,0.024959837497862569,0.031250000000000007,-0.63610836328225195,262144,0,0.0074746390514133466,-0.16655727036898921,1.1110765771528533e-05,-0.00023511219431851621,0.007463528285641818,-0.16632215817467069,0.0074626884721289031,-0.16634826953941378,0.0014117501757592026,61.831317591007576,60.01158990321958,55,98834,98779,81,98834,0.00062560776241989168,5.7917232861065988e-71,0.054284951473795563,19.715205297502557,40.731667782616718,0,0,0,0,0,1,1,1
wsl2_cuda,gpu,64,4,1,0,0,1,29,0.056666051201671459,54.44047250458712,54,0.024959837497862569,0.031250000000000007,-0.63610836328225195,262144,0,0.0074626884721289031,-0.16634826953941378,6.875716186189301e-06,-0.00014685696672316352,0.0074558127559427138,-0.16620141257269061,0.0074529669234818493,-0.16617327105425561,0.00088290570417822443,38.602825144516487,37.787907629672084,46,98779,98733,83,98779,0.00039079991844943244,2.1468548644515882e-73,0.043563636140347181,20.700700241241709,42.161807996760224,0,0,0,0,0,1,1,1
wsl2_cuda,gpu,64,4,1,0,0,1,30,0.056666051201671459,54.44047250458712,54,0.024959837497862569,0.031250000000000007,-0.63610836328225195,262144,0,0.0074529669234818493,-0.16617327105425561,4.9517715132916301e-06,-0.00010771634268474935,0.0074480151519685572,-0.16606555471157086,0.0074436228814684317,-0.16602117894459942,0.00064824951408835375,28.309007594322544,27.839820052809536,40,98733,98693,83,98733,0.00028672285450986542,1.5363440093168447e-75,0.033376353985588109,21.668310220227841,43.423878613568405,0,0,0,0,0,1,1,1
wsl2_cuda,gpu,64,4,1,0,0,1,31,0.056666051201671459,54.44047250458712,54,0.024959837497862569,0.031250000000000007,-0.63610836328225195,262144,0,0.0074436228814684317,-0.16602117894459942,4.8296825555980587e-06,-0.00010604473013986045,0.0074387931989128332,-0.16591513421445955,0.0074387621071449099,-0.165887940072453,0.00063876243011737918,27.869047054091386,27.407397828376052,35,98693,98658,70,98693,0.00028238119272989357,3.4235953551862994e-77,0.036654275328324,22.610214237715763,44.395740111366024,0,0,0,0,0,1,1,1
wsl2_cuda,gpu,64,4,1,0,0,1,32,0.056666051201671459,54.44047250458712,54,0.024959837497862569,0.031250000000000007,-0.63610836328225195,262144,0,0.0074387621071449099,-0.165887940072453,6.3058723279326402e-06,-0.00013658922452104992,0.0074324562348169771,-0.16575135084793194,0.0074339013328213778,-0.1657584791599522,0.00082343129509863597,35.900807453145781,35.151474427628585,34,98658,98624,78,98658,0.00036389149844052971,2.3528873931904777e-79,0.039844436675074923,23.524702994476041,45.668145291141045,0,0,0,0,0,1,1,1
wsl2_cuda,gpu,64,4,1,0,0,1,33,0.056666051201671459,54.44047250458712,54,0.024959837497862569,0.031250000000000007,-0.63610836328225195,262144,0,0.0074339013328213778,-0.1657584791599522,9.2172048204207286e-06,-0.00019549895128894828,0.007424684128000957,-0.16556298020866325,0.0074249311965251677,-0.16557970253824675,0.0011795418931304839,51.396668115198324,49.924124456851331,47,98624,98577,79,98624,0.00052113753361451897,1.8125725735790687e-82,0.051671329178406791,24.410716542989814,47.499677319283215,0,0,0,0,0,1,1,1
wsl2_cuda,gpu,64,4,1,0,0,1,34,0.056666051201671459,54.44047250458712,54,0.024959837497862569,0.031250000000000007,-0.63610836328225195,262144,0,0.0074249311965251677,-0.16557970253824675,1.2278024547394345e-05,-0.00026046269062553927,0.0074126531719777731,-0.1653192398476212,0.0074114885952883732,-0.16531370149850538,0.001573196858556291,68.495239071115321,65.99444222905727,70,98577,98507,77,98577,0.00069483996339019568,4.9101845605632193e-86,0.063570540211876317,25.271406838227531,49.598230170114697,0,0,0,0,0,1,1,1
wsl2_cuda,gpu,64,4,1,0,0,1,35,0.056666051201671459,54.44047250458712,54,0.024959837497862569,0.031250000000000007,-0.63610836328225195,262144,0,0.0074114885952883732,-0.16531370149850538,1.3965072989955154e-05,-0.00029871498793358363,0.0073975235222984177,-0.16501498651057181,0.0073943213405454284,-0.16497173644442503,0.0018071134753421152,78.581084437030327,75.416269494128784,90,98507,98417,61,98507,0.00079772081615550497,2.7461220470064816e-87,0.067827323739174702,26.104092470618944,50.33499378319901,0,0,0,0,0,1,1,1
wsl2_cuda,gpu,64,4,1,0,0,1,36,0.056666051201671459,54.44047250458712,54,0.024959837497862569,0.031250000000000007,-0.63610836328225195,262144,0,0.0073943213405454284,-0.16497173644442503,1.3538284437919879e-05,-0.00029395697509603018,0.0073807830561075085,-0.16467777946932899,0.0073812634477751406,-0.16473249286126793,0.001781960971504823,77.35817995602217,74.378116429150651,63,98417,98354,74,98417,0.00078602456847924823,6.4018873941722995e-89,0.070563312678534662,26.901239511318341,51.295328152283439,0,0,0,0,0,1,1,1
wsl2_cuda,gpu,64,4,1,0,0,1,37,0.056666051201671459,54.44047250458712,54,0.024959837497862569,0.031250000000000007,-0.63610836328225195,262144,0,0.0073812634477751406,-0.16473249286126793,1.2017543589552003e-05,-0.00026673391556813049,0.0073692459041855883,-0.16446575894569979,0.0073696939760407509,-0.1644664732758149,0.0016192121865232954,70.223088249335817,67.862755362853136,70,98354,98284,78,98354,0.00071398304338751674,1.8481235460739672e-91,0.06360630343655263,27.646368316859025,52.789340324649729,0,0,0,0,0,1,1,1
wsl2_cuda,gpu,64,4,1,0,0,1,38,0.056666051201671459,54.44047250458712,54,0.024959837497862569,0.031250000000000007,-0.63610836328225195,262144,0,0.0073696939760407509,-0.1644664732758149,1.1185116222011445e-05,-0.00024967569930608541,0.0073585088598187394,-0.16421679757650881,0.0073600012000464739,-0.16419309876827354,0.0015180940534785558,65.761375950670399,63.744036237255926,72,98284,98212,74,98284,0.00066909543720921412,1.1724392223921658e-92,0.061912121729429996,28.344912780871788,53.493902424849274,0,0,0,0,0,1,1,1
wsl2_cuda,gpu,64,4,1,0,0,1,39,0.056666051201671459,54.44047250458712,54,0.024959837497862569,0.031250000000000007,-0.63610836328225195,262144,0,0.0073600012000464739,-0.16419309876827354,1.1532445435813567e-05,-0.00025738381392661125,0.0073484687546106599,-0.16393571495434692,0.0073491975443286785,-0.16395026038286478,0.0015675664729406836,67.80737424218421,65.668013750788248,64,98212,98148,90,98212,0.00069041842384010314,9.1428946135896933e-96,0.065909057355519093,28.993908087085035,55.322317028278235,0,0,0,0,0,1,1,1
wsl2_cuda,gpu,64,4,1,0,0,1,40,0.056666051201671459,54.44047250458712,54,0.024959837497862569,0.031250000000000007,-0.63610836328225195,262144,0,0.0073491975443286785,-0.16395026038286478,1.2819851380461021e-05,-0.00028437880846324482,0.0073363776929482177,-0.16366588157440154,0.007335032303393817,-0.16365429088508252,0.0017345629368068439,74.920387044814674,72.267244867399469,78,98148,98070,80,98148,0.00076334094474482083,3.461211491540392e-97,0.069811892052465144,29.58447260230302,56.158782909652039,0,0,0,0,0,1,1,1
wsl2_cuda,gpu,64,4,1,0,0,1,41,0.056666051201671459,54.44047250458712,54,0.024959837497862569,0.031250000000000007,-0.63610836328225195,262144,0,0.007335032303393817,-0.16365429088508252,1.3991714990909652e-05,-0.00031290660183086813,0.0073210405884029071,-0.16334138428325165,0.007323840303614308,-0.16332362297402148,0.0019119885632104686,82.444653727655108,79.199123780325138,87,98070,97983,81,98070,0.00084067149717197013,4.0399033882718532e-98,0.072127467305090828,30.116350936737742,56.707575063498297,0,0,0,0,0,1,1,1
wsl2_cuda,gpu,64,4,1,0,0,1,42,0.056666051201671459,54.44047250458712,54,0.024959837497862569,0.031250000000000007,-0.63610836328225195,262144,0,0.007323840303614308,-0.16332362297402148,1.4776646475765168e-05,-0.00033189844203097119,0.0073090636571385426,-0.16299172453199051,0.0073107968145098073,-0.16301237702426982,0.0020321229063876918,87.486563058956392,83.914988653902356,82,97983,97901,81,97983,0.00089287491767915238,5.8807230892029419e-100,0.077887358518708455,30.581464804037299,57.788231826222017,0,0,0,0,0,1,1,1
wsl2_cuda,gpu,64,4,1,0,0,1,43,0.056666051201671459,54.44047250458712,54,0.024959837497862569,0.031250000000000007,-0.63610836328225195,262144,0,0.0073107968145098073,-0.16301237702426982,1.4909464094767722e-05,-0.00033801420527615136,0.0072958873504150399,-0.16267436281899367,0.0072918139408911908,-0.16265619613966792,0.0020734807342014431,89.166244084021756,85.706454153435615,94,97901,97807,87,97901,0.00091077970688779235,7.2245434475287119e-102,0.075381507924820068,30.969696056720831,58.912233966884891,0,0,0,0,0,1,1,1
wsl2_cuda,gpu,64,4,1,0,0,1,44,0.056666051201671459,54.44047250458712,54,0.024959837497862569,0.031250000000000007,-0.63610836328225195,262144,0,0.0072918139408911908,-0.16265619613966792,1.4645526169809964e-05,-0.00033739926306207771,0.007277168414721381,-0.16231879687660583,0.0072746862615502787,-0.16233051552238364,0.0020741773027255846,89.093707392873227,85.918715642700519,86,97807,97721,89,97807,0.00091091340489814871,3.5830772817670598e-103,0.071893000219572359,31.279690756148607,59.679692436684043,0,0,0,0,0,1,1,1
wsl2_cuda,gpu,64,4,1,0,0,1,45,0.056666051201671459,54.44047250458712,54,0.024959837497862569,0.031250000000000007,-0.63610836328225195,262144,0,0.0072746862615502787,-0.16233051552238364,1.503798536800057e-05,-0.0003482078466801579,0.0072596482761822781,-0.16198230767570349,0.0072512202242780606,-0.16200529359294019,0.0021448986602483904,92.016590395763728,88.770478033881361,86,97721,97635,79,97721,0.00094162555024778426,1.3673010416310041e-105,0.071920639971715036,31.495209519431352,61.102412475426348,0,0,0,0,0,1,1,1
wsl2_cuda,gpu,64,4,1,0,0,1,46,0.056666051201671459,54.44047250458712,54,0.024959837497862569,0.031250000000000007,-0.63610836328225195,262144,0,0.0072512202242780606,-0.16200529359294019,1.5284989283616992e-05,-0.00036115182907154447,0.0072359352349944438,-0.16164414176386865,0.0072378100312892185,-0.16166827944881748,0.0022290168298208044,95.460898816246939,91.921014686978893,89,97635,97546,84,97635,0.00097773235843956518,5.2035567146910015e-107,0.073224865937621661,31.610173661388426,61.93753015412868,0,0,0,0,0,1,1,1
wsl2_cuda,gpu,64,4,1,0,0,1,47,0.056666051201671459,54.44047250458712,54,0.024959837497862569,0.031250000000000007,-0.63610836328225195,262144,0,0.0072378100312892185,-0.16166827944881748,1.561670910426013e-05,-0.00037430777546129521,0.0072221933221849584,-0.16129397167335618,0.0072218040344211483,-0.16133190432802227,0.0023149674309926815,98.954356981902208,95.049605401749872,89,97546,97457,81,97546,0.0010144378752783528,6.7506073847987853e-108,0.076280273863999909,31.614541548433742,62.459319884885169,0,0,0,0,0,1,1,1
wsl2_cuda,gpu,64,4,1,0,0,1,48,0.056666051201671459,54.44047250458712,54,0.024959837497862569,0.031250000000000007,-0.63610836328225195,262144,0,0.0072218040344211483,-0.16133190432802227,1.5944239375591362e-05,-0.00038909631442451297,0.0072058597950455565,-0.16094280801359775,0.0072054564707263284,-0.16098780779174413,0.0024113674555431576,102.91313188104948,98.750814482397516,91,97457,97366,80,97457,0.001055985017813492,5.4561808795723877e-110,0.078929146931869712,31.495945001889758,63.690293328140882,0,0,0,0,0,1,1,1
wsl2_cuda,gpu,64,4,1,0,0,1,49,0.056666051201671459,54.44047250458712,54,0.024959837497862569,0.031250000000000007,-0.63610836328225195,262144,0,0.0072054564707263284,-0.16098780779174413,1.6443475018059025e-05,-0.00040239401752408346,0.0071890129957082691,-0.16058541377422003,0.007192452522345124,-0.1606363210058607,0.0024990962815424241,106.52888344772583,102.32637120187003,93,97366,97273,81,97366,0.0010941076294366189,3.5900671329732909e-112,0.0789996973173369,31.240440306137558,64.973820106533012,0,0,0,0,0,1,1,1
wsl2_cuda,gpu,64,4,1,0,0,1,50,0.056666051201671459,54.44047250458712,54,0.024959837497862569,0.031250000000000007,-0.63610836328225195,262144,0,0.007192452522345124,-0.1606363210058607,1.6953244797383741e-05,-0.00041712834717105634,0.0071754992775477401,-0.16021919265868964,0.0071795489147893988,-0.16022533110990289,0.0025962455206284419,110.55395420771031,106.32895665664351,109,97273,97164,84,97273,0.0011365327912957379,5.2853847935829802e-113,0.081661708452180723,30.830695946424637,65.463294099784903,0,0,0,0,0,1,1,1
wsl2_cuda,gpu,64,4,1,0,0,1,51,0.056666051201671459,54.44047250458712,54,0.024959837497862569,0.031250000000000007,-0.63610836328225195,262144,0,0.0071795489147893988,-0.16022533110990289,1.7373944387940304e-05,-0.00042935084006563305,0.0071621749704014583,-0.15979598026983727,0.007152512647272782,-0.15979255108002327,0.0026791484308470027,113.90070438206973,109.56564031653218,115,97164,97049,89,97164,0.0011722521137671332,4.248767261932227e-113,0.082192018782028753,30.254646062089851,65.519072197327461,0,0,0,0,0,1,1,1
wsl2_cuda,gpu,64,4,1,0,0,1,52,0.056666051201671459,54.44047250458712,54,0.024959837497862569,0.031250000000000007,-0.63610836328225195,262144,0,0.007152512647272782,-0.15979255108002327,1.7080762075390222e-05,-0.00043528816371248995,0.0071354318851973922,-0.15935726291631078,0.0071306894196194598,-0.15937884524237486,0.0027234110868972088,115.56171813741287,111.12594335018133,110,97049,96939,91,97049,0.0011907564028213879,4.4094114445452052e-112,0.079807182283949091,29.493324745184818,64.921298564745854,0,0,0,0,0,1,1,1
wsl2_cuda,gpu,64,4,1,0,0,1,53,0.056666051201671459,54.44047250458712,54,0.024959837497862569,0.031250000000000007,-0.63610836328225195,262144,0,0.0071306894196194598,-0.15937884524237486,1.6685485126858017e-05,-0.00044093267421799361,0.007114003934492602,-0.15893791256815687,0.0071151934707197918,-0.15889322466545508,0.002765717382302343,117.14709031481993,112.60986756634981,129,96939,96810,84,96939,0.0012084619225989533,7.1250313577193902e-111,0.080999682837572418,28.530525174116349,64.210403213649442,0,0,0,0,0,1,1,1
wsl2_cuda,gpu,64,4,1,0,0,1,54,0.056666051201671459,54.44047250458712,54,0.024959837497862569,0.031250000000000007,-0.63610836328225195,262144,0,0.0071151934707197918,-0.15889322466545508,1.6549384875110294e-05,-0.00045065444689554681,0.0070986440858446815,-0.15844257021855954,0.0070911303059773599,-0.15843737188957874,0.0028351881417326475,119.83774323275067,115.15337352836973,121,96810,96689,81,96810,0.0012378653365638949,4.0622494856664323e-108,0.086761039509984164,27.364354923791971,62.589083073838374,5.7947299250553987e-15,0,0,0,0,1,1,1
wsl2_cuda,gpu,64,4,1,0,0,1,55,0.056666051201671459,54.44047250458712,54,0.024959837497862569,0.031250000000000007,-0.63610836328225195,262144,0,0.0070911303059773599,-0.15843737188957874,1.6523875495316503e-05,-0.00046582185370982034,0.007074606430482043,-0.15797155003586891,0.0070664268377801332,-0.15804379205966149,0.0029388816104636349,124.00014157790321,119.14843207655284,105,96689,96584,80,96689,0.0012824637919298288,2.4475049127596292e-104,0.082921011100376862,25.991468220297097,60.365365631622069,0,0,0,0,0,1,1,1
wsl2_cuda,gpu,64,4,1,0,0,1,56,0.056666051201671459,54.44047250458712,54,0.024959837497862569,0.031250000000000007,-0.63610836328225195,262144,0,0.0070664268377801332,-0.15804379205966149,1.7206962141418841e-05,-0.00048696428436626556,0.0070492198756387141,-0.15755682777529523,0.0070433328052848633,-0.15761681720913381,0.0030799092240360311,129.7599392095413,124.63514879157934,114,96584,96470,78,96584,0.0013434931169711475,3.7722688958772372e-97,0.081558278797048842,24.43127861664021,56.136795796912807,0,0,0,0,0,1,1,1
wsl2_cuda,gpu,64,5,1,0,0,1,0,0.056666051201671459,54.44047250458712,54,0.024959837497862569,0.031250000000000007,-0.63610836328225195,262144,0,0.031250000000000007,-0.63610836328225195,0.0031181350119755796,-0.063471096286582637,0.028131864988024426,-0.5726372669956693,0.028403574054859583,-0.57260099637841377,0.099780320382959406,25648.000341439743,23125.539141254343,25698,262144,236446,166,262144,0.097839356771239255,0.070982009395745213,0.10000000000000001,0.0063851834937898857,0.087568230771977076,0,0,0,0,0,1,1,1
wsl2_cuda,gpu,64,5,1,0,0,1,1,0.056666051201671459,54.44047250458712,54,0.024959837497862569,0.031250000000000007,-0.63610836328225195,262144,0,0.028403574054859583,-0.57260099637841377,0.0027093332409435164,-0.054218462574772863,0.025694240813916067,-0.51838253380364097,0.026281680279374327,-0.51802917357394329,0.09468974972129815,21038.650800698655,19078.70139105292,21040,236446,215406,-46,236446,0.088978670819970115,0.016751031132163526,0.10000000000000001,0.042887918599374991,0.45648994374651014,0,0,0,0,0,1,1,1
wsl2_cuda,gpu,64,5,1,0,0,1,2,0.056666051201671459,54.44047250458712,54,0.024959837497862569,0.031250000000000007,-0.63610836328225195,262144,0,0.026281680279374327,-0.51802917357394329,0.0023663721798346028,-0.04555321614298255,0.023915308099539723,-0.47247595743096071,0.023333204491122327,-0.47234118889835808,0.087941018877411042,17102.844827599532,15607.174441720412,17173,215406,198233,-3,215406,0.079398182165768508,0.0013222739057986194,0.099995592384563028,0.11146703327657635,1.105211073099714,0,0,0,0,0,1,1,1
wsl2_cuda,gpu,64,5,1,0,0,1,3,0.056666051201671459,54.44047250458712,54,0.024959837497862569,0.031250000000000007,-0.63610836328225195,262144,0,0.023333204491122327,-0.47234118889835808,0.0020039825323779669,-0.039454650287825341,0.021329221958744361,-0.43288653861053272,0.021311424987625067,-0.43267882325155582,0.083535714433194339,14390.417749656788,13179.187936443006,14443,198233,183790,44,198233,0.072593451895783187,4.202303189494113e-05,0.099291533018244879,0.21048599585136571,1.9863744589229788,0,0,0,0,0,1,1,1
wsl2_cuda,gpu,64,5,1,0,0,1,4,0.056666051201671459,54.44047250458712,54,0.024959837497862569,0.031250000000000007,-0.63610836328225195,262144,0,0.021311424987625067,-0.43267882325155582,0.0017497817802950254,-0.034666388012142425,0.019561643207330042,-0.39801243523941338,0.019484885145650672,-0.39831755593625462,0.080125175301534013,12325.559724085275,11316.745570359346,12226,183790,171564,46,183790,0.067063277240792613,7.474887302765781e-07,0.097551957054721777,0.35299940742987912,3.0158160047453149,0,0,0,0,0,1,1,1
wsl2_cuda,gpu,64,5,1,0,0,1,5,0.056666051201671459,54.44047250458712,54,0.024959837497862569,0.031250000000000007,-0.63610836328225195,262144,0,0.019484885145650672,-0.39831755593625462,0.0015759165396826362,-0.031125911702497743,0.017908968605968037,-0.36719164423375689,0.018197449495201638,-0.36706594790388414,0.078149989505070003,10792.529750516525,9914.1259844829183,10829,171564,160735,87,171564,0.062906727230167894,8.826640268431416e-09,0.097936485704701454,0.54612014332274494,4.1499302328422392,0,0,0,0,0,1,1,1
wsl2_cuda,gpu,64,5,1,0,0,1,6,0.056666051201671459,54.44047250458712,54,0.024959837497862569,0.031250000000000007,-0.63610836328225195,262144,0,0.018197449495201638,-0.36706594790388414,0.0013911669338913185,-0.027108179453203558,0.01680628256131032,-0.3399577684506806,0.016662794973946588,-0.33999281449883428,0.073857346801839696,9175.8415628361654,8453.8454915335551,9187,160735,151548,82,160735,0.057086767429845184,4.23628048069069e-11,0.095873876761788601,0.81240740354641439,5.5140674100346398,0,0,0,0,0,1,1,1
wsl2_cuda,gpu,64,5,1,0,0,1,7,0.056666051201671459,54.44047250458712,54,0.024959837497862569,0.031250000000000007,-0.63610836328225195,262144,0,0.016662794973946588,-0.33999281449883428,0.0011963822068904813,-0.023773002119752605,0.015466412767056107,-0.3162198123790817,0.015419149422106957,-0.31595557894805487,0.069926571060333231,7861.124058566681,7258.187186011618,7954,151548,143594,344,151548,0.05187217289945549,1.6400004856765671e-13,0.095890675760885696,1.14704283899948,6.9331098602521912,0,0,0,0,0,1,1,1
wsl2_cuda,gpu,64,5,1,0,0,1,8,0.056666051201671459,54.44047250458712,54,0.024959837497862569,0.031250000000000007,-0.63610836328225195,262144,0,0.015419149422106957,-0.31595557894805487,0.0010399475005159193,-0.020966076015716983,0.014379201921591037,-0.29498950293233789,0.014350876569485402,-0.29521071268668025,0.066360253804916336,6782.8790398498822,6272.4698636869043,6747,143594,136847,335,143594,0.047236507373914521,5.2992987659875268e-16,0.094420852309478623,1.5527953200375528,8.3983242939567262,0,0,0,0,0,1,1,1
wsl2_cuda,gpu,64,5,1,0,0,1,9,0.056666051201671459,54.44047250458712,54,0.024959837497862569,0.031250000000000007,-0.63610836328225195,262144,0,0.014350876569485402,-0.29521071268668025,0.00091856859701797795,-0.018696934396435862,0.013432307972467424,-0.27651377829024437,0.01348732359848431,-0.27604118067959893,0.063335788422055297,5926.1600874391979,5483.4893567228573,6074,136847,130773,297,136847,0.043305005498397463,1.7916840211795074e-18,0.094474395172113756,2.0286615129095966,9.8519678604570338,0,0,0,0,0,1,1,1
wsl2_cuda,gpu,64,5,1,0,0,1,10,0.056666051201671459,54.44047250458712,54,0.024959837497862569,0.031250000000000007,-0.63610836328225195,262144,0,0.01348732359848431,-0.27604118067959893,0.00081345642527197286,-0.016606852598939691,0.012673867173212337,-0.25943432808065925,0.012831398717735299,-0.25912320744302109,0.060161141211698722,5163.5881100805009,4780.0776219661166,5262,130773,125511,273,130773,0.039485123917632085,1.6405141912505148e-21,0.093453404146755931,2.5840300439931956,11.639363707522643,0,0,0,0,0,1,1,1
wsl2_cuda,gpu,64,5,1,0,0,1,11,0.056666051201671459,54.44047250458712,54,0.024959837497862569,0.031250000000000007,-0.63610836328225195,262144,0,0.012831398717735299,-0.25912320744302109,0.00073077221803622761,-0.014430900693649195,0.012100626499699072,-0.2446923067493719,0.012062036398052672,-0.2446647169379311,0.055694354259844474,4405.7444890958204,4086.1041033813904,4411,125511,121100,284,125511,0.035102457068271468,2.5447960150004775e-24,0.092663896613368713,3.2206913488859219,13.292067565986848,0,0,0,0,0,1,1,1
wsl2_cuda,gpu,64,5,1,0,0,1,12,0.056666051201671459,54.44047250458712,54,0.024959837497862569,0.031250000000000007,-0.63610836328225195,262144,0,0.012062036398052672,-0.2446647169379311,0.00063969750401873901,-0.012640432971956736,0.011422338894033933,-0.23202428396597435,0.011447142581767992,-0.23199193497539933,0.051667627572518859,3793.5545164393297,3522.2202184465718,3803,121100,117297,229,121100,0.031325801126666636,1.0368571051387004e-26,0.092371728456080604,3.9227502217177328,14.698046020508253,0,0,0,0,0,1,1,1
wsl2_cuda,gpu,64,5,1,0,0,1,13,0.056666051201671459,54.44047250458712,54,0.024959837497862569,0.031250000000000007,-0.63610836328225195,262144,0,0.011447142581767992,-0.23199193497539933,0.00055936845204891162,-0.011038429608978535,0.01088777412971908,-0.2209535053664208,0.010772255247377859,-0.22102991562526403,0.047584211205259019,3259.9315537316147,3030.0387037015525,3227,117297,114070,228,117297,0.027792113640857097,1.7281841637581621e-29,0.09170701074363935,4.6894575357023651,16.332396277786348,0,0,0,0,0,1,1,1
wsl2_cuda,gpu,64,5,1,0,0,1,14,0.056666051201671459,54.44047250458712,54,0.024959837497862569,0.031250000000000007,-0.63610836328225195,262144,0,0.010772255247377859,-0.22102991562526403,0.00048478839225569851,-0.0096903437677539825,0.010287466855122161,-0.21133957185751004,0.010366965337122506,-0.21139250868057333,0.043844527407952402,2820.3937397903328,2622.4189274940604,2804,114070,111266,194,114070,0.024725113875605619,3.4179560374130671e-32,0.093043674316704017,5.511172653621867,17.923033318907503,0,0,0,0,0,1,1,1
wsl2_cuda,gpu,64,5,1,0,0,1,15,0.056666051201671459,54.44047250458712,54,0.024959837497862569,0.031250000000000007,-0.63610836328225195,262144,0,0.010366965337122506,-0.21139250868057333,0.00042175091371315172,-0.008409235399910708,0.0099452144234093535,-0.20298327328066262,0.0098559890099927591,-0.20304088446863633,0.039782360016009169,2414.0741040743537,2246.6823117480831,2398,111266,108868,142,111266,0.02169642212422801,6.3042318997739324e-35,0.092521214009747221,6.3908791835110206,19.531501919839449,0,0,0,0,0,1,1,1
wsl2_cuda,gpu,64,5,1,0,0,1,16,0.056666051201671459,54.44047250458712,54,0.024959837497862569,0.031250000000000007,-0.63610836328225195,262144,0,0.0098559890099927591,-0.20304088446863633,0.0003604176999145099,-0.0072082789121187055,0.0094955713100782491,-0.19583260555651763,0.0094878318692602354,-0.19583819050470769,0.035504120807906048,2042.1666519178784,1902.8545348998373,2040,108868,106828,198,108868,0.018758190211245529,8.0075883151922163e-38,0.091613227145611015,7.3195008817599794,21.235271517068583,0,0,0,0,0,1,1,1
wsl2_cuda,gpu,64,5,1,0,0,1,17,0.056666051201671459,54.44047250458712,54,0.024959837497862569,0.031250000000000007,-0.63610836328225195,262144,0,0.0094878318692602354,-0.19583819050470769,0.00031664478069590222,-0.006170195564005037,0.0091711870885643337,-0.18966799494070266,0.0091826593969386999,-0.18974466476502325,0.031510972422525915,1727.2232054299866,1610.738944278391,1706,106828,105122,224,106828,0.016168263053038402,1.3833201006045955e-40,0.091586869243078323,8.2847394977390127,22.860473933605011,0,0,0,0,0,1,1,1
wsl2_cuda,gpu,64,5,1,0,0,1,18,0.056666051201671459,54.44047250458712,54,0.024959837497862569,0.031250000000000007,-0.63610836328225195,262144,0,0.0091826593969386999,-0.18974466476502325,0.00027487285200614896,-0.0052452275514325991,0.0089077865449325513,-0.18449943721359063,0.0088944250011184257,-0.18420371554487533,0.027648961677231743,1452.5280343161842,1355.608621642072,1534,105122,103588,208,105122,0.013817545654726739,9.7715609635762101e-44,0.090967714138762867,9.278162195016403,24.714156912269658,0,0,0,0,0,1,1,1
wsl2_cuda,gpu,64,5,1,0,0,1,19,0.056666051201671459,54.44047250458712,54,0.024959837497862569,0.031250000000000007,-0.63610836328225195,262144,0,0.0088944250011184257,-0.18420371554487533,0.00023337102776269542,-0.0044179109315287046,0.0086610539733557295,-0.17978580461334662,0.0086578983321158806,-0.17994654576854399,0.023989074982219437,1211.6609379712681,1131.4529024130484,1167,103588,102421,233,103588,0.011696923755370006,8.9088230467563212e-47,0.092195804823630045,10.304655548313605,26.502648266898646,0,0,0,0,0,1,1,1
wsl2_cuda,gpu,64,5,1,0,0,1,20,0.056666051201671459,54.44047250458712,54,0.024959837497862569,0.031250000000000007,-0.63610836328225195,262144,0,0.0086578983321158806,-0.17994654576854399,0.00019094564408029106,-0.0036620011354653727,0.0084669526880355901,-0.17628454463307863,0.0084862850741740242,-0.1762000192347192,0.020354429748223747,995.66844922680366,931.0783146185845,1018,102421,101403,227,102421,0.0097213310671327522,2.7680401814078112e-49,0.09170216728548207,11.341410645058009,27.977876820737748,0,0,0,0,0,1,1,1
wsl2_cuda,gpu,64,5,1,0,0,1,21,0.056666051201671459,54.44047250458712,54,0.024959837497862569,0.031250000000000007,-0.63610836328225195,262144,0,0.0084862850741740242,-0.1762000192347192,0.00015767368065498994,-0.0029795685090475451,0.0083286113935190347,-0.17322045072567166,0.0083256210157732317,-0.17331864250453283,0.01691401270886897,804.05940304515389,753.01617357065322,779,101403,100624,220,101403,0.0079293453156726521,3.4470213946397271e-52,0.090153831606922696,12.396797136395104,29.686704531548283,0,0,0,0,0,1,1,1
wsl2_cuda,gpu,64,5,1,0,0,1,22,0.056666051201671459,54.44047250458712,54,0.024959837497862569,0.031250000000000007,-0.63610836328225195,262144,0,0.0083256210157732317,-0.17331864250453283,0.00012504732839065948,-0.0023884872017293978,0.0082005736873825719,-0.17093015530280342,0.0081721615919592219,-0.17099389261565567,0.013783753528965322,640.28108790183035,600.67011708479379,624,100624,100000,240,100624,0.006363105103174495,3.3085311474343895e-55,0.090498566397056446,13.449905844269431,31.462056471662628,0,0,0,0,0,1,1,1
wsl2_cuda,gpu,64,5,1,0,0,1,23,0.056666051201671459,54.44047250458712,54,0.024959837497862569,0.031250000000000007,-0.63610836328225195,262144,0,0.0081721615919592219,-0.17099389261565567,9.3827042547265171e-05,-0.0018625676142737947,0.0080783345494119564,-0.16913132500138187,0.0080544668189425662,-0.16915914525153122,0.010893938892373554,496.5050168689952,466.80958927356107,490,100000,99510,256,100000,0.0049650501686899521,6.3919908220717877e-58,0.090015214111955733,14.502658319268583,33.058679696554655,0,0,0,0,0,1,1,1
wsl2_cuda,gpu,64,5,1,0,0,1,24,0.056666051201671459,54.44047250458712,54,0.024959837497862569,0.031250000000000007,-0.63610836328225195,262144,0,0.0080544668189425662,-0.16915914525153122,7.0019846532870435e-05,-0.0014004700148824956,0.0079844469724096954,-0.16775867523664872,0.0079881303219136203,-0.16777127495556621,0.0082799457070343516,371.65361030450021,350.47561704269793,368,99510,99142,234,99510,0.0037348368033815718,3.5828744811868305e-60,0.090960296242926009,15.552876025816055,34.383162380252493,0,0,0,0,0,1,1,1
wsl2_cuda,gpu,64,5,1,0,0,1,25,0.056666051201671459,54.44047250458712,54,0.024959837497862569,0.031250000000000007,-0.63610836328225195,262144,0,0.0079881303219136203,-0.16777127495556621,4.8852282503420429e-05,-0.00097608590089959431,0.0079392780394102001,-0.16679518905466661,0.0079361501217420395,-0.16673593631875605,0.0058186292894049849,258.15356215904779,244.77343469854176,274,99142,98868,236,99142,0.0026038768852660607,2.6095467276290059e-63,0.087605186084558861,16.599297813534228,36.229025652350252,0,0,0,0,0,1,1,1
wsl2_cuda,gpu,64,5,1,0,0,1,26,0.056666051201671459,54.44047250458712,54,0.024959837497862569,0.031250000000000007,-0.63610836328225195,262144,0,0.0079361501217420395,-0.16673593631875605,3.134679174973116e-05,-0.00063559451948136338,0.007904803329992308,-0.16610034179927469,0.0079093584390596341,-0.1661376134714104,0.003812294472645248,167.66184572741983,160.03563293962154,158,98868,98710,210,98868,0.0016958150840253655,1.1059142588442827e-65,0.082141507917938061,17.636347377395932,37.624949937823693,0,0,0,0,0,1,1,1
wsl2_cuda,gpu,64,5,1,0,0,1,27,0.056666051201671459,54.44047250458712,54,0.024959837497862569,0.031250000000000007,-0.63610836328225195,262144,0,0.0079093584390596341,-0.1661376134714104,1.8881157706507539e-05,-0.00039079268272777643,0.0078904772813531265,-0.16574682078868264,0.0078888476383605702,-0.16570495760181184,0.0023523018792452849,102.88955230249287,98.933545462107489,114,98710,98596,204,98710,0.0010423417313594658,1.701940194617088e-68,0.07330825852992183,18.653218471046618,39.279683489175738,0,0,0,0,0,1,1,1
wsl2_cuda,gpu,64,5,1,0,0,1,28,0.056666051201671459,54.44047250458712,54,0.024959837497862569,0.031250000000000007,-0.63610836328225195,262144,0,0.0078888476383605702,-0.16570495760181184,1.1034222116898589e-05,-0.00023225325993728299,0.0078778134162436723,-0.16547270434187455,0.0078768862563267962,-0.1654767368661334,0.0014016006414747824,61.080735973439701,59.278262570173361,60,98596,98536,200,98596,0.00061950521292384784,1.8851467805487102e-70,0.055428945301848824,19.656519577080328,40.430146287050668,0,0,0,0,0,1,1,1
wsl2_cuda,gpu,64,5,1,0,0,1,29,0.056666051201671459,54.44047250458712,54,0.024959837497862569,0.031250000000000007,-0.63610836328225195,262144,0,0.0078768862563267962,-0.1654767368661334,6.7567808916090689e-06,-0.00014355601988586214,0.0078701294754351878,-0.16533318084624754,0.0078701739233207439,-0.16535136494644004,0.00086750791714202856,37.736027622896444,36.944261748696007,33,98536,98503,201,98536,0.00038296691181797967,3.586667390277076e-73,0.041563621863052624,20.64084067815795,42.030684582630514,0,0,0,0,0,1,1,1
wsl2_cuda,gpu,64,5,1,0,0,1,30,0.056666051201671459,54.44047250458712,54,0.024959837497862569,0.031250000000000007,-0.63610836328225195,262144,0,0.0078701739233207439,-0.16535136494644004,4.90688664769826e-06,-0.00010545406768555976,0.0078652670366730452,-0.16524591087875448,0.0078638211270448885,-0.16523727285895998,0.00063772519270309839,27.715399100521591,27.25948080671381,30,98503,98473,197,98503,0.0002813660406334994,1.4669588338487708e-75,0.037263888474314596,21.605045139352889,43.43568594901474,0,0,0,0,0,1,1,1
wsl2_cuda,gpu,64,5,1,0,0,1,31,0.056666051201671459,54.44047250458712,54,0.024959837497862569,0.031250000000000007,-0.63610836328225195,262144,0,0.0078638211270448885,-0.16523727285895998,4.8022962987481008e-06,-0.00010418232038264592,0.0078590188307461409,-0.16513309053857733,0.0078574683307690296,-0.16512318077147989,0.00063045654355042033,27.380439491395755,26.930888814169737,30,98473,98443,195,98473,0.00027805022180085661,4.7696595435330373e-78,0.034957167326422511,22.545858721180373,44.899314921636552,0,0,0,0,0,1,1,1
wsl2_cuda,gpu,64,5,1,0,0,1,32,0.056666051201671459,54.44047250458712,54,0.024959837497862569,0.031250000000000007,-0.63610836328225195,262144,0,0.0078574683307690296,-0.16512318077147989,6.2398210730659996e-06,-0.00013562298698401967,0.0078512285096959643,-0.16498755778449586,0.007851863345927558,-0.16499379315731738,0.00082128282913824558,35.646496007284533,34.907071696388151,34,98443,98409,191,98443,0.00036210290226104989,6.3333420057935136e-80,0.039025826281832543,23.46041568824263,46.003452872343992,0,0,0,0,0,1,1,1
wsl2_cuda,gpu,64,5,1,0,0,1,33,0.056666051201671459,54.44047250458712,54,0.024959837497862569,0.031250000000000007,-0.63610836328225195,262144,0,0.007851863345927558,-0.16499379315731738,9.0747133216095605e-06,-0.00019569404896499471,0.0078427886326059484,-0.16479809910835239,0.0078421526000298294,-0.16481508965704852,0.0011860006248710887,51.445804659934666,49.967726488468799,47,98409,98362,198,98409,0.00052277540326529752,4.4105559589346265e-82,0.055863724147219421,24.346286015188159,47.27248026844812,0,0,0,0,0,1,1,1
wsl2_cuda,gpu,64,5,1,0,0,1,34,0.056666051201671459,54.44047250458712,54,0.024959837497862569,0.031250000000000007,-0.63610836328225195,262144,0,0.0078421526000298294,-0.16481508965704852,1.2159133031510483e-05,-0.00026055589400917934,0.0078299934669983189,-0.16455453376303936,0.0078302020207453825,-0.16460220065496747,0.001580829591472525,68.517977603791365,66.011055611710688,56,98362,98306,192,98362,0.00069658991890965383,1.1453841483641951e-84,0.069758581122462068,25.204113182392156,48.793533351233947,0,0,0,0,0,1,1,1
wsl2_cuda,gpu,64,5,1,0,0,1,35,0.056666051201671459,54.44047250458712,54,0.024959837497862569,0.031250000000000007,-0.63610836328225195,262144,0,0.0078302020207453825,-0.16460220065496747,1.3960365806510705e-05,-0.00029915245403021231,0.007816241654938872,-0.16430304820093727,0.0078163962818619641,-0.16435147589029384,0.0018173488343337014,78.696377081859893,75.534202730356441,66,98306,98240,188,98306,0.00080052465853416778,1.4278485281051979e-86,0.068209463971004455,26.028027306800993,49.913799079033964,0,0,0,0,0,1,1,1
wsl2_cuda,gpu,64,5,1,0,0,1,36,0.056666051201671459,54.44047250458712,54,0.024959837497862569,0.031250000000000007,-0.63610836328225195,262144,0,0.0078163962818619641,-0.16435147589029384,1.3765701911204081e-05,-0.00029572518485619122,0.0078026305799507598,-0.16405575070543765,0.0078018247616407086,-0.16402838332704153,0.001799259844947015,77.827490127647891,74.86238445851464,85,98240,98155,185,98240,0.00079221793696709984,1.552336682357041e-88,0.068821131147787734,26.813941968738792,51.06902533015294,0,0,0,0,0,1,1,1
wsl2_cuda,gpu,64,5,1,0,0,1,37,0.056666051201671459,54.44047250458712,54,0.024959837497862569,0.031250000000000007,-0.63610836328225195,262144,0,0.0078018247616407086,-0.16402838332704153,1.2227907547350142e-05,-0.00026734700870711671,0.0077895968540933587,-0.16376103631833441,0.0077854017174156832,-0.16376638014195977,0.0016297413736981762,70.390125402184694,68.04095270628126,69,98155,98086,194,98155,0.00071713234580189189,1.8445198485752194e-90,0.066117364550432253,27.560673134727296,52.201547267318318,0,0,0,0,0,1,1,1
wsl2_cuda,gpu,64,5,1,0,0,1,38,0.056666051201671459,54.44047250458712,54,0.024959837497862569,0.031250000000000007,-0.63610836328225195,262144,0,0.0077854017174156832,-0.16376638014195977,1.1559015544085706e-05,-0.00025520126640035185,0.0077738427018715977,-0.16351117887555941,0.0077723474255618633,-0.16349298779460941,0.001558159124141645,67.220427557534308,65.145117484531369,72,98086,98014,190,98086,0.0006853213257502019,9.1787618405669296e-93,0.060220966065803273,28.253860452613075,53.556441505414647,0,0,0,0,0,1,1,1
wsl2_cuda,gpu,64,5,1,0,0,1,39,0.056666051201671459,54.44047250458712,54,0.024959837497862569,0.031250000000000007,-0.63610836328225195,262144,0,0.0077723474255618633,-0.16349298779460941,1.2025588545069845e-05,-0.0002654229987670753,0.0077603218370167933,-0.16322756479584233,0.0077548206687674502,-0.16324644457099172,0.0016232800041508363,69.927533978851201,67.679120368106226,65,98014,97949,203,98014,0.00071344434446967981,2.1935781800827792e-94,0.063308492949056203,28.895274576855929,54.510433607220264,0,0,0,0,0,1,1,1
wsl2_cuda,gpu,64,5,1,0,0,1,40,0.056666051201671459,54.44047250458712,54,0.024959837497862569,0.031250000000000007,-0.63610836328225195,262144,0,0.0077548206687674502,-0.16324644457099172,1.3258792296006889e-05,-0.00029202667265487616,0.0077415618764714433,-0.16295441789833684,0.0077417807459006028,-0.16299230833836303,0.0017886918883436489,76.93908974367956,74.159927941475445,67,97949,97882,212,97949,0.00078550153389702357,1.4671794042167198e-96,0.067474258627600425,29.475549403416991,55.789773928719228,0,0,0,0,0,1,1,1
wsl2_cuda,gpu,64,5,1,0,0,1,41,0.056666051201671459,54.44047250458712,54,0.024959837497862569,0.031250000000000007,-0.63610836328225195,262144,0,0.0077417807459006028,-0.16299230833836303,1.4536959551150533e-05,-0.00032001256210826011,0.0077272437863494525,-0.16267229577625478,0.0077283597501624684,-0.16268122753099967,0.0019631671453020634,84.32457265343308,80.984913135070542,82,97882,97800,214,97882,0.00086149212984443593,1.2006291473659485e-98,0.071693203426820187,29.993020476739556,57.017582508723109,0,0,0,0,0,1,1,1
wsl2_cuda,gpu,64,5,1,0,0,1,42,0.056666051201671459,54.44047250458712,54,0.024959837497862569,0.031250000000000007,-0.63610836328225195,262144,0,0.0077283597501624684,-0.16268122753099967,1.5437999325653036e-05,-0.00033972949764509986,0.0077129217508368157,-0.16234149803335457,0.0077048721073915893,-0.16232475504004859,0.0020881097619452958,89.557724003349875,85.905657879696165,94,97800,97706,212,97800,0.00091572314931850592,1.5666935053045784e-99,0.077305876625857819,30.446580043226902,57.537882330132931,0,0,0,0,0,1,1,1
wsl2_cuda,gpu,64,5,1,0,0,1,43,0.056666051201671459,54.44047250458712,54,0.024959837497862569,0.031250000000000007,-0.63610836328225195,262144,0,0.0077048721073915893,-0.16232475504004859,1.5881412993113746e-05,-0.00034606720763741153,0.0076889906943984759,-0.16197868783241118,0.0076817871083119113,-0.16191584750728905,0.002131784518852659,91.30233753959746,87.746288924021428,108,97706,97598,216,97706,0.0009344598851615813,4.9253591123276201e-103,0.074665016985470734,30.830387495477535,59.598401269973216,0,0,0,0,0,1,1,1
wsl2_cuda,gpu,64,5,1,0,0,1,44,0.056666051201671459,54.44047250458712,54,0.024959837497862569,0.031250000000000007,-0.63610836328225195,262144,0,0.0076817871083119113,-0.16191584750728905,1.5758824621876883e-05,-0.00034603528946824816,0.0076660282836900342,-0.1615698122178208,0.0076631925787549945,-0.16156001492076616,0.002136938044927835,91.38269320810538,88.084593278868908,94,97598,97504,216,97598,0.00093631727297798504,3.5366847152907801e-106,0.071163730160591937,31.138683114062712,61.447897266702007,0,0,0,0,0,1,1,1
wsl2_cuda,gpu,64,5,1,0,0,1,45,0.056666051201671459,54.44047250458712,54,0.024959837497862569,0.031250000000000007,-0.63610836328225195,262144,0,0.0076631925787549945,-0.16156001492076616,1.6252085546036298e-05,-0.00035376890851373258,0.0076469404932089586,-0.16120624601225242,0.0076427572585861239,-0.16113260033086541,0.0021895511590181026,93.494383532204367,90.170295064761348,113,97504,97391,219,97504,0.00095887741561581435,1.1562878185869221e-105,0.071386058559298596,31.352618974896558,61.145239051277244,0,0,0,0,0,1,1,1
wsl2_cuda,gpu,64,5,1,0,0,1,46,0.056666051201671459,54.44047250458712,54,0.024959837497862569,0.031250000000000007,-0.63610836328225195,262144,0,0.0076427572585861239,-0.16113260033086541,1.6443396728289684e-05,-0.00036022535483118824,0.0076263138618578342,-0.16077237497603422,0.0076211678823752066,-0.16080754054329546,0.0022353945874812281,95.231872086090604,91.732225319671088,86,97391,97305,231,97391,0.00097783031374655354,1.232877285156372e-105,0.076202385461425701,31.473842756953371,61.128852831764974,0,0,0,0,0,1,1,1
wsl2_cuda,gpu,64,5,1,0,0,1,47,0.056666051201671459,54.44047250458712,54,0.024959837497862569,0.031250000000000007,-0.63610836328225195,262144,0,0.0076211678823752066,-0.16080754054329546,1.6717714922606635e-05,-0.00037151834646738364,0.0076044501674526,-0.16043602219682809,0.0076059313371189098,-0.16046313438566157,0.0023100675159808156,98.237157522116121,94.424609600629253,91,97305,97214,224,97305,0.0010095797494693605,4.32134435126072e-107,0.082049818280643935,31.476887186545518,61.984994365019183,0,0,0,0,0,1,1,1
wsl2_cuda,gpu,64,5,1,0,0,1,48,0.056666051201671459,54.44047250458712,54,0.024959837497862569,0.031250000000000007,-0.63610836328225195,262144,0,0.0076059313371189098,-0.16046313438566157,1.7875708688572325e-05,-0.00038772449141761173,0.0075880556284303379,-0.16007540989424396,0.0075810485506859022,-0.16006990248075931,0.0024161358526064453,102.57855063549218,98.467495815477548,104,97214,97110,212,97214,0.0010551829020047749,3.5520919769775202e-109,0.081642672206010347,31.360115545348076,63.211661854783415,0,0,0,0,0,1,1,1
wsl2_cuda,gpu,64,5,1,0,0,1,49,0.056666051201671459,54.44047250458712,54,0.024959837497862569,0.031250000000000007,-0.63610836328225195,262144,0,0.0075810485506859022,-0.16006990248075931,1.8705461467861521e-05,-0.00040209746495050618,0.007562343089218041,-0.15966780501580879,0.0075647763638189269,-0.15961359631046296,0.0025119118343190157,106.48182350364024,102.27927257392669,121,97110,96989,199,97110,0.0010965072958875528,1.4143530727960893e-110,0.08084443540812028,31.111475728900498,64.035226961740037,0,0,0,0,0,1,1,1
wsl2_cuda,gpu,64,5,1,0,0,1,50,0.056666051201671459,54.44047250458712,54,0.024959837497862569,0.031250000000000007,-0.63610836328225195,262144,0,0.0075647763638189269,-0.15961359631046296,1.9767246124243011e-05,-0.00041615418893909702,0.007545009117694684,-0.15919744212152387,0.0075347952816798968,-0.15919203837325263,0.0026072732821827722,110.32538629967797,106.06851346606977,112,96989,96877,207,96989,0.0011375041118031732,4.2072206594265342e-111,0.078827083243555848,30.714877880798809,64.344999355579176,0,0,0,0,0,1,1,1
wsl2_cuda,gpu,64,5,1,0,0,1,51,0.056666051201671459,54.44047250458712,54,0.024959837497862569,0.031250000000000007,-0.63610836328225195,262144,0,0.0075347952816798968,-0.15919203837325263,2.0164132746835187e-05,-0.00042718983998796299,0.007514631148933062,-0.15876484853326467,0.0075141045392487582,-0.15875476735786204,0.0026834710343611621,113.36133819251575,109.02469065097787,116,96877,96761,191,96877,0.0011701573974474411,4.0352587961967632e-112,0.07796186490897937,30.144689376491641,64.943953227628356,0,0,0,0,0,1,1,1
wsl2_cuda,gpu,64,5,1,0,0,1,52,0.056666051201671459,54.44047250458712,54,0.024959837497862569,0.031250000000000007,-0.63610836328225195,262144,0,0.0075141045392487582,-0.15875476735786204,2.062455323434268e-05,-0.00043239069637291354,0.0074934799860144159,-0.15832237666148913,0.0074827855126332896,-0.15824347840138456,0.0027236863818077542,114.84125424933139,110.41424091558089,136,96761,96625,187,96761,0.0011868547684431886,2.446549665965237e-112,0.082889630558144925,29.387720646909624,65.071799231789811,0,0,0,0,0,1,1,1
wsl2_cuda,gpu,64,5,1,0,0,1,53,0.056666051201671459,54.44047250458712,54,0.024959837497862569,0.031250000000000007,-0.63610836328225195,262144,0,0.0074827855126332896,-0.15824347840138456,2.0594202443036123e-05,-0.00043334638123887297,0.0074621913101902537,-0.15781013202014568,0.0074513230035525603,-0.15781501947060239,0.0027385092496286581,115.19976105324378,110.73537399653186,114,96625,96511,199,96625,0.0011922355607062744,1.391123491998516e-111,0.080262629311303957,28.434691583990151,64.62774977926793,0,0,0,0,0,1,1,1
wsl2_cuda,gpu,64,5,1,0,0,1,54,0.056666051201671459,54.44047250458712,54,0.024959837497862569,0.031250000000000007,-0.63610836328225195,262144,0,0.0074513230035525603,-0.15781501947060239,2.063235676358389e-05,-0.00044360927318993197,0.0074306906467889768,-0.15737141019741246,0.0074340396905828374,-0.15737794068209554,0.0028108511713947231,118.03677959634702,113.43464978265857,116,96511,96395,209,96511,0.001223039649328543,6.9420974689670515e-108,0.082786980841030533,27.265091127092553,62.452173401139696,8.8269006677760747e-15,0,0,0,0,1,1,1
wsl2_cuda,gpu,64,5,1,0,0,1,55,0.056666051201671459,54.44047250458712,54,0.024959837497862569,0.031250000000000007,-0.63610836328225195,262144,0,0.0074340396905828374,-0.15737794068209554,2.1356391110184075e-05,-0.00045784012183399157,0.007412683299472653,-0.15692010056026154,0.0074252059733001261,-0.15693508663141656,0.0029090949399534485,121.94313151673428,117.16487319427081,118,96395,96277,197,96395,0.0012650358578425675,5.343699193533988e-103,0.08207656616534402,25.891359766359574,59.577573329365492,0,0,0,0,0,1,1,1
wsl2_cuda,gpu,64,5,1,0,0,1,56,0.056666051201671459,54.44047250458712,54,0.024959837497862569,0.031250000000000007,-0.63610836328225195,262144,0,0.0074252059733001261,-0.15693508663141656,2.2016588432960467e-05,-0.00047423197450945082,0.007403189384867166,-0.15646085465690712,0.0074075065112852905,-0.15643170893264957,0.0030217085449737485,126.43437019716808,121.4636503813275,134,96277,96143,197,96277,0.0013132354580758445,1.7589730782387959e-96,0.081085740088567781,24.335295522279374,55.743430676471419,0,0,0,0,0,1,1,1
wsl2_cuda,gpu,64,6,1,0,0,1,0,0.056666051201671459,54.44047250458712,54,0.024959837497862569,0.031250000000000007,-0.63610836328225195,262144,0,0.031250000000000007,-0.63610836328225195,0.0031181350119755796,-0.063471096286582637,0.028131864988024426,-0.5726372669956693,0.02840123942688556,-0.57231043365427514,0.099780320382959406,25648.000341439743,23125.539141254343,25793,262144,236351,-137,262144,0.097839356771239255,0.070982009395745213,0.10000000000000001,0.0063851834937898857,0.087568230771977076,0,0,0,0,0,1,1,1
wsl2_cuda,gpu,64,6,1,0,0,1,1,0.056666051201671459,54.44047250458712,54,0.024959837497862569,0.031250000000000007,-0.63610836328225195,262144,0,0.02840123942688556,-0.57231043365427514,0.0026827226453379417,-0.054178655674264005,0.025718516781547619,-0.51813177798001109,0.026342502443818725,-0.51718998065058519,0.094666039949973371,21028.493647692056,19069.793206955394,21327,236351,215024,48,236351,0.08897146044523635,0.016751031132163526,0.10000000000000001,0.04288209692194675,0.45648994374651014,0,0,0,0,0,1,1,1
wsl2_cuda,gpu,64,6,1,0,0,1,2,0.056666051201671459,54.44047250458712,54,0.024959837497862569,0.031250000000000007,-0.63610836328225195,262144,0,0.026342502443818725,-0.51718998065058519,0.0023102038922159368,-0.045435427541014858,0.024032298551602788,-0.47175455310957032,0.02406159057074634,-0.47157316635035978,0.087850163484597163,17061.304148104031,15570.556192828879,17132,215024,197892,110,215024,0.079346045781419891,0.0013412927653882597,0.099947121434741437,0.11144635778700057,1.1015623968175483,0,0,0,0,0,1,1,1
wsl2_cuda,gpu,64,6,1,0,0,1,3,0.056666051201671459,54.44047250458712,54,0.024959837497862569,0.031250000000000007,-0.63610836328225195,262144,0,0.02406159057074634,-0.47157316635035978,0.0020032725144997587,-0.039369583447530956,0.022058318056246581,-0.43220358290282884,0.022356667112131866,-0.43229326641524957,0.083485034991419266,14362.968989434132,13154.872048800955,14348,197892,183544,278,197892,0.07257983642306981,4.4031615160982923e-05,0.099408984089960101,0.20982566616099435,1.9744455300175792,0,0,0,0,0,1,1,1
wsl2_cuda,gpu,64,6,1,0,0,1,4,0.056666051201671459,54.44047250458712,54,0.024959837497862569,0.031250000000000007,-0.63610836328225195,262144,0,0.022356667112131866,-0.43229326641524957,0.0017769376471970194,-0.03463740806143039,0.020579729464934846,-0.39765585835381917,0.020778427855730679,-0.39722657755546215,0.080123075611021513,12314.770545277168,11307.012904403342,12469,183544,171075,205,183544,0.067094378161515325,7.4355190091624271e-07,0.097792748267264251,0.35099377163475992,3.0171651700812276,0,0,0,0,0,1,1,1
wsl2_cuda,gpu,64,6,1,0,0,1,5,0.056666051201671459,54.44047250458712,54,0.024959837497862569,0.031250000000000007,-0.63610836328225195,262144,0,0.020778427855730679,-0.39722657755546215,0.0016071576071787458,-0.031058668609822971,0.019171270248551933,-0.36616790894563916,0.019000914786993273,-0.3660670245254668,0.078186502017628376,10767.798267047621,9891.0784807899854,10784,171075,160291,215,171075,0.062941974379936413,8.4069489752373879e-09,0.096682355903959571,0.54339973687568177,4.1623767302422729,0,0,0,0,0,1,1,1
wsl2_cuda,gpu,64,6,1,0,0,1,6,0.056666051201671459,54.44047250458712,54,0.024959837497862569,0.031250000000000007,-0.63610836328225195,262144,0,0.019000914786993273,-0.3660670245254668,0.0013628428089130463,-0.027059974611599858,0.017638071978080226,-0.33900704991386693,0.017505961113975215,-0.33904879742426541,0.073914920211409954,9158.044911291121,8436.692184730271,9112,160291,151179,183,160291,0.057133868472285534,5.2633081195102966e-11,0.095775439162606904,0.80892963795477824,5.4586067433500753,0,0,0,0,0,1,1,1
wsl2_cuda,gpu,64,6,1,0,0,1,7,0.056666051201671459,54.44047250458712,54,0.024959837497862569,0.031250000000000007,-0.63610836328225195,262144,0,0.017505961113975215,-0.33904879742426541,0.0011783790544082282,-0.02370975970898714,0.016327582059566987,-0.31533903771527827,0.016517280182178337,-0.31509400460550663,0.069923269275303998,7843.6037771863776,7241.9292530956445,7944,151179,143235,119,151179,0.05188289231431864,2.8600998332402765e-13,0.094778127571587378,1.1431856216726941,6.7910155128744076,0,0,0,0,0,1,1,1
wsl2_cuda,gpu,64,6,1,0,0,1,8,0.056666051201671459,54.44047250458712,54,0.024959837497862569,0.031250000000000007,-0.63610836328225195,262144,0,0.016517280182178337,-0.31509400460550663,0.0010299508886879086,-0.020900157092965464,0.015487329293490429,-0.29419384751254118,0.015449316023348991,-0.29448764766015217,0.066319020413982729,6764.8539897029295,6255.9808597702213,6673,143235,136562,162,143235,0.047229057071965161,1.0964432659532488e-15,0.095864657303069506,1.5488133807563664,8.2125607314744631,0,0,0,0,0,1,1,1
wsl2_cuda,gpu,64,6,1,0,0,1,9,0.056666051201671459,54.44047250458712,54,0.024959837497862569,0.031250000000000007,-0.63610836328225195,262144,0,0.015449316023348991,-0.29448764766015217,0.00092295318596866095,-0.018631249087202595,0.014526362837380329,-0.27585639857294958,0.014437902014952493,-0.27595902758250118,0.063256979751375189,5909.6431401371638,5468.5267903526355,5872,136562,130690,180,136562,0.043274433152247063,1.2634738626111788e-18,0.093899714315416993,2.0238280626200935,9.9412088680727688,0,0,0,0,0,1,1,1
wsl2_cuda,gpu,64,6,1,0,0,1,10,0.056666051201671459,54.44047250458712,54,0.024959837497862569,0.031250000000000007,-0.63610836328225195,262144,0,0.014437902014952493,-0.27595902758250118,0.00082955678999169452,-0.016583908458874096,0.013608345224960799,-0.2593751191236271,0.013484086947336011,-0.25967571468398093,0.06008834303271534,5158.9515598199105,4776.0459729522481,5070,130690,125620,96,130690,0.039474723083785371,2.9881835265522781e-21,0.093586709515749919,2.5753035530615311,11.486156494239136,0,0,0,0,0,1,1,1
wsl2_cuda,gpu,64,6,1,0,0,1,11,0.056666051201671459,54.44047250458712,54,0.024959837497862569,0.031250000000000007,-0.63610836328225195,262144,0,0.013484086947336011,-0.25967571468398093,0.00072831066202531036,-0.014457887062484095,0.0127557762853107,-0.24521782762149683,0.012728827512915434,-0.24516613461009959,0.055672225803985169,4414.6297790733943,4094.532341961306,4435,125620,121185,25,125620,0.035142730290347035,3.1296642922393135e-24,0.093499032364775206,3.20614245293801,13.239212625352589,0,0,0,0,0,1,1,1
wsl2_cuda,gpu,64,6,1,0,0,1,12,0.056666051201671459,54.44047250458712,54,0.024959837497862569,0.031250000000000007,-0.63610836328225195,262144,0,0.012728827512915434,-0.24516613461009959,0.00066234740945904087,-0.012680302863345731,0.012066480103456394,-0.23248583174675386,0.011993925680767518,-0.23263715740638807,0.051722110038712202,3805.4285256516573,3533.0248477483569,3751,121185,117434,-34,121185,0.031401811491947498,4.5132966187888196e-27,0.091894393827843424,3.9057655955755459,14.910551720154032,0,0,0,0,0,1,1,1
wsl2_cuda,gpu,64,6,1,0,0,1,13,0.056666051201671459,54.44047250458712,54,0.024959837497862569,0.031250000000000007,-0.63610836328225195,262144,0,0.011993925680767518,-0.23263715740638807,0.0005760256343602376,-0.011106098958762724,0.011417900046407281,-0.22153105844762536,0.011342667215164647,-0.22142492699209909,0.04774076393636497,3279.8254855615296,3047.9159861178068,3300,117434,114134,-12,117434,0.027929096220528377,1.1071201687867185e-29,0.091216245549476396,4.6658720877863447,16.446169109629132,0,0,0,0,0,1,1,1
wsl2_cuda,gpu,64,6,1,0,0,1,14,0.056666051201671459,54.44047250458712,54,0.024959837497862569,0.031250000000000007,-0.63610836328225195,262144,0,0.011342667215164647,-0.22142492699209909,0.00049460718405313991,-0.0097491243261040375,0.010848060031111507,-0.21167580266599506,0.010821242854530629,-0.21197888656615069,0.044027920647555681,2836.7976259457719,2636.9656597960789,2749,114134,111385,-59,114134,0.024854974205283018,1.179611268315157e-32,0.092131688598335523,5.4850543972628332,18.194840312794849,0,0,0,0,0,1,1,1
wsl2_cuda,gpu,64,6,1,0,0,1,15,0.056666051201671459,54.44047250458712,54,0.024959837497862569,0.031250000000000007,-0.63610836328225195,262144,0,0.010821242854530629,-0.21197888656615069,0.00042281802439093994,-0.0084733046981936792,0.010398424830139689,-0.203505581867957,0.010362960622646484,-0.20352339615240195,0.039970061496375095,2431.2245406360189,2261.8483075195149,2427,111385,108958,-46,111385,0.021827216776370416,2.260895559786459e-35,0.092825739641898705,6.3560541785202185,19.793498631016714,0,0,0,0,0,1,1,1
wsl2_cuda,gpu,64,6,1,0,0,1,16,0.056666051201671459,54.44047250458712,54,0.024959837497862569,0.031250000000000007,-0.63610836328225195,262144,0,0.010362960622646484,-0.20352339615240195,0.00035691152321822917,-0.0072474583077112775,0.010006049099428255,-0.19627593784469066,0.0099774910750471679,-0.19676457782055823,0.035606929091587372,2052.7920427353033,1912.3370495277281,1914,108958,107044,-22,108958,0.018840214052527608,2.4224349788762336e-38,0.090930138535975494,7.2813642347908285,21.540741768969383,0,0,0,0,0,1,1,1
wsl2_cuda,gpu,64,6,1,0,0,1,17,0.056666051201671459,54.44047250458712,54,0.024959837497862569,0.031250000000000007,-0.63610836328225195,262144,0,0.0099774910750471679,-0.19676457782055823,0.00030604576594709927,-0.0062322381259935855,0.0096714453091000692,-0.19053233969456465,0.0096872472188063684,-0.19062540841885209,0.031671013032710749,1744.7754838803919,1626.9711079644965,1719,107044,105325,-45,107044,0.016299610289977878,4.0447160026419252e-41,0.090582824452357824,8.233171916337513,23.174642105847035,0,0,0,0,0,1,1,1
wsl2_cuda,gpu,64,6,1,0,0,1,18,0.056666051201671459,54.44047250458712,54,0.024959837497862569,0.031250000000000007,-0.63610836328225195,262144,0,0.0096872472188063684,-0.19062540841885209,0.00025790665164804024,-0.0052991646103165736,0.0094293405671583286,-0.18532624380853552,0.0094874786509385016,-0.18540175123284822,0.027795808804050855,1467.9962294828977,1370.1954207966976,1447,105325,103878,16,105325,0.013937775736842134,2.7817402801793742e-44,0.091314809350017942,9.2230359490691676,25.035156747183571,0,0,0,0,0,1,1,1
wsl2_cuda,gpu,64,6,1,0,0,1,19,0.056666051201671459,54.44047250458712,54,0.024959837497862569,0.031250000000000007,-0.63610836328225195,262144,0,0.0094874786509385016,-0.18540175123284822,0.00021669983915952246,-0.0044834393227885776,0.0092707788117789795,-0.18091831191005964,0.0092534854789555858,-0.18102072667055735,0.024178788019673929,1230.022618746071,1148.8746964625043,1203,103878,102675,-5,103878,0.011841031005083569,6.727290639705804e-47,0.092515405502832548,10.236992238775658,26.574408175912993,0,0,0,0,0,1,1,1
wsl2_cuda,gpu,64,6,1,0,0,1,20,0.056666051201671459,54.44047250458712,54,0.024959837497862569,0.031250000000000007,-0.63610836328225195,262144,0,0.0092534854789555858,-0.18102072667055735,0.00017392093774728004,-0.0037073782476861983,0.0090795645412083056,-0.17731334842287116,0.0091265553272114087,-0.17752670979335963,0.020476015329772074,1008.1600177050486,942.97820050636915,949,102675,101726,-24,102675,0.0098189434400296916,4.2432512474082544e-49,0.092284270051137152,11.273866033600353,27.868733198413302,0,0,0,0,0,1,1,1
wsl2_cuda,gpu,64,6,1,0,0,1,21,0.056666051201671459,54.44047250458712,54,0.024959837497862569,0.031250000000000007,-0.63610836328225195,262144,0,0.0091265553272114087,-0.17752670979335963,0.00014517792412149636,-0.0030248928437360523,0.0089813774030899126,-0.17450181694962358,0.008998074395797015,-0.17448704041388474,0.017036102202012036,816.27140889038628,764.59450811310899,819,101726,100907,-19,101726,0.0080242161186951846,6.1279988438530311e-52,0.088968269634121494,12.319177854777905,29.539705313770163,0,0,0,0,0,1,1,1
wsl2_cuda,gpu,64,6,1,0,0,1,22,0.056666051201671459,54.44047250458712,54,0.024959837497862569,0.031250000000000007,-0.63610836328225195,262144,0,0.008998074395797015,-0.17448704041388474,0.00012112352189548695,-0.0024175264315903205,0.0088769508739015273,-0.17206951398229442,0.008876521646494745,-0.17218360725022483,0.013854003640756335,648.20227925511983,608.1630722416445,618,100907,100289,-21,100907,0.0064237592957388468,1.5380582152583851e-54,0.089114713423095404,13.376728964774276,31.069467310143573,0,0,0,0,0,1,1,1
wsl2_cuda,gpu,64,6,1,0,0,1,23,0.056666051201671459,54.44047250458712,54,0.024959837497862569,0.031250000000000007,-0.63610836328225195,262144,0,0.008876521646494745,-0.17218360725022483,9.6923274897159039e-05,-0.001886110771456282,0.0087795983715975856,-0.17029749647876855,0.0087811881884440543,-0.17030027317954635,0.010953974217812386,502.96464119361406,472.94435166688424,502,100289,99787,-35,100289,0.0050151526208618499,1.6833861970890982e-57,0.089415832373778217,14.429469719572364,32.811275008898669,0,0,0,0,0,1,1,1
wsl2_cuda,gpu,64,6,1,0,0,1,24,0.056666051201671459,54.44047250458712,54,0.024959837497862569,0.031250000000000007,-0.63610836328225195,262144,0,0.0087811881884440543,-0.17030027317954635,7.2315708387371875e-05,-0.0014105512982916458,0.0087088724800566831,-0.1688897218812547,0.008701660495432733,-0.16879115829039154,0.0082826049100862224,374.44159393540576,353.16648027839091,401,99787,99386,-50,99787,0.0037524085696073214,6.586085380794204e-61,0.088486826048048806,15.483661286591792,34.815912271774657,0,0,0,0,0,1,1,1
wsl2_cuda,gpu,64,6,1,0,0,1,25,0.056666051201671459,54.44047250458712,54,0.024959837497862569,0.031250000000000007,-0.63610836328225195,262144,0,0.008701660495432733,-0.16879115829039154,4.931323363748045e-05,-0.00097976933866114244,0.0086523472617952533,-0.16781138895173039,0.008643669135169528,-0.16786879566278665,0.0058042602581345644,259.13146541198728,245.63650688295343,244,99386,99142,-34,99386,0.0026073236211537568,7.5953977654715252e-63,0.087204958583599751,16.538924075662038,35.956066851097191,0,0,0,0,0,1,1,1
wsl2_cuda,gpu,64,6,1,0,0,1,26,0.056666051201671459,54.44047250458712,54,0.024959837497862569,0.031250000000000007,-0.63610836328225195,262144,0,0.008643669135169528,-0.16786879566278665,3.1450161209116252e-05,-0.00063917964758923031,0.0086122189739604119,-0.16722961601519742,0.0086109200633908041,-0.16731591695704448,0.0038071672908191168,168.59503450859597,160.86128180272851,146,99142,98996,-44,99142,0.0017005409867522944,2.9969607188573239e-65,0.079463620633713983,17.574726545149236,37.370243388483971,0,0,0,0,0,1,1,1
wsl2_cuda,gpu,64,6,1,0,0,1,27,0.056666051201671459,54.44047250458712,54,0.024959837497862569,0.031250000000000007,-0.63610836328225195,262144,0,0.0086109200633908041,-0.16731591695704448,1.9291006421574764e-05,-0.00039307794168987552,0.0085916290569692296,-0.1669228390153546,0.0085974954320574455,-0.16696261749502456,0.0023490278922370551,103.49266012391642,99.50810048142219,93,98996,98903,-45,98996,0.0010454226445908564,2.815134864750234e-68,0.074811684139216586,18.593285670579107,39.151109442227629,0,0,0,0,0,1,1,1
wsl2_cuda,gpu,64,6,1,0,0,1,28,0.056666051201671459,54.44047250458712,54,0.024959837497862569,0.031250000000000007,-0.63610836328225195,262144,0,0.0085974954320574455,-0.16696261749502456,1.1657270565259489e-05,-0.00023529613547943769,0.0085858381614921861,-0.16672732135954513,0.0085885288966776642,-0.16679917296071925,0.0014091331824660873,61.887240700608707,60.067716548078742,43,98903,98860,-46,98903,0.00062573673903328216,3.4802529220600338e-70,0.059722869375133297,19.596450254354746,40.273504414584373,0,0,0,0,0,1,1,1
wsl2_cuda,gpu,64,6,1,0,0,1,29,0.056666051201671459,54.44047250458712,54,0.024959837497862569,0.031250000000000007,-0.63610836328225195,262144,0,0.0085885288966776642,-0.16679917296071925,7.2463025595043421e-06,-0.00014714661276625965,0.00858128259411816,-0.16665202634795298,0.0085776928327119251,-0.16663193209795876,0.00088207661535212307,38.683912425619596,37.872093255085019,44,98860,98816,-46,98860,0.00039129994361338861,1.5178327645992801e-73,0.048619628147141547,20.581417442148044,42.250392237610797,0,0,0,0,0,1,1,1
wsl2_cuda,gpu,64,6,1,0,0,1,30,0.056666051201671459,54.44047250458712,54,0.024959837497862569,0.031250000000000007,-0.63610836328225195,262144,0,0.0085776928327119251,-0.16663193209795876,5.3011477078511253e-06,-0.00010774897259665024,0.0085723916850040747,-0.1665241831253621,0.0085709661307188656,-0.1665216730765543,0.00064655297735602391,28.322229160422324,27.858595727683628,29,98816,98787,-53,98816,0.0002866158229479267,4.0650832836099583e-76,0.039270962609846555,21.552193216271696,43.763569451642375,0,0,0,0,0,1,1,1
wsl2_cuda,gpu,64,6,1,0,0,1,31,0.056666051201671459,54.44047250458712,54,0.024959837497862569,0.031250000000000007,-0.63610836328225195,262144,0,0.0085709661307188656,-0.1665216730765543,5.3235285139137041e-06,-0.00010692314805929556,0.0085656426022049526,-0.166414749928495,0.0085657314506781441,-0.16642282158622837,0.00064204203976280048,28.105732086423288,27.647966478031876,26,98787,98761,-49,98787,0.00028450840785147123,1.812306158087935e-78,0.034478442880268773,22.495804942465881,45.146547942873077,0,0,0,0,0,1,1,1
wsl2_cuda,gpu,64,6,1,0,0,1,32,0.056666051201671459,54.44047250458712,54,0.024959837497862569,0.031250000000000007,-0.63610836328225195,262144,0,0.0085657314506781441,-0.16642282158622837,6.9621544359100463e-06,-0.00013942117392527255,0.0085587692962422347,-0.16628340041230311,0.0085601228649202325,-0.16627436066263951,0.00083768678424731274,36.65151009170286,35.88889606031691,39,98761,98722,-42,98761,0.0003711131933830445,1.8322849030985405e-81,0.042202688307240027,23.411384826291481,46.908622027664705,0,0,0,0,0,1,1,1
wsl2_cuda,gpu,64,6,1,0,0,1,33,0.056666051201671459,54.44047250458712,54,0.024959837497862569,0.031250000000000007,-0.63610836328225195,262144,0,0.0085601228649202325,-0.16627436066263951,9.9930310633619393e-06,-0.00019964240394824449,0.0085501298338568708,-0.16607471825869127,0.0085518969391419723,-0.16609928870224133,0.0012005926381913083,52.492411867482808,50.987817896916496,46,98722,98676,-48,98722,0.00053171949380566449,9.8505486426261415e-83,0.059313254452331945,24.299477546915806,47.655477551195844,0,0,0,0,0,1,1,1
wsl2_cuda,gpu,64,6,1,0,0,1,34,0.056666051201671459,54.44047250458712,54,0.024959837497862569,0.031250000000000007,-0.63610836328225195,262144,0,0.0085518969391419723,-0.16609928870224133,1.3271351942588547e-05,-0.00026533435834802767,0.0085386255871993839,-0.16583395434389331,0.0085444224257145186,-0.16582525486175556,0.0015973237610028813,69.783779629786039,67.233919207903085,72,98676,98604,-48,98676,0.00070720113938329524,1.3679068036457974e-84,0.066565699331725917,25.158270962833306,48.748172916397721,0,0,0,0,0,1,1,1
wsl2_cuda,gpu,64,6,1,0,0,1,35,0.056666051201671459,54.44047250458712,54,0.024959837497862569,0.031250000000000007,-0.63610836328225195,262144,0,0.0085444224257145186,-0.16582525486175556,1.5267807599010955e-05,-0.00030279784109160716,0.0085291546181155073,-0.16552245702066395,0.0085279957805730576,-0.16553647549747719,0.0018259019637414092,79.665161255267961,76.445814250688656,76,98604,98528,-52,98604,0.00080793031981732952,1.3284340690783932e-86,0.069550773996053236,25.988108503568078,49.932237396877234,0,0,0,0,0,1,1,1
wsl2_cuda,gpu,64,6,1,0,0,1,36,0.056666051201671459,54.44047250458712,54,0.024959837497862569,0.031250000000000007,-0.63610836328225195,262144,0,0.0085279957805730576,-0.16553647549747719,1.5088769397549146e-05,-0.00029715490049880578,0.0085129070111755085,-0.16523932059697838,0.0085104438173635652,-0.16521734405126556,0.0017950340143641468,78.212682256982831,75.214608039922666,84,98528,98444,-50,98528,0.00079381173125388552,1.2542870739686905e-88,0.067016594120945003,26.777236133631462,51.123494657817915,0,0,0,0,0,1,1,1
wsl2_cuda,gpu,64,6,1,0,0,1,37,0.056666051201671459,54.44047250458712,54,0.024959837497862569,0.031250000000000007,-0.63610836328225195,262144,0,0.0085104438173635652,-0.16521734405126556,1.3673655573111197e-05,-0.00026720284334842248,0.0084967701617904533,-0.16495014120791715,0.0084973823236768678,-0.16499724760657819,0.0016172528067567868,70.364754384024238,68.014442175761118,58,98444,98386,-42,98444,0.00071476935500410627,1.0373061329351007e-90,0.064981847114134059,27.52301012920088,52.348606309431915,0,0,0,0,0,1,1,1
wsl2_cuda,gpu,64,6,1,0,0,1,38,0.056666051201671459,54.44047250458712,54,0.024959837497862569,0.031250000000000007,-0.63610836328225195,262144,0,0.0084973823236768678,-0.16499724760657819,1.3009983385336314e-05,-0.00025408952655571097,0.0084843723402915315,-0.16474315808002249,0.0084906664244331388,-0.16476543206864905,0.0015399386585330105,66.94304521456786,64.903427200366437,61,98386,98325,-41,98386,0.00068041230677706038,4.3759436096878703e-92,0.063516261634620749,28.213613543176706,53.157410508701474,0,0,0,0,0,1,1,1
wsl2_cuda,gpu,64,6,1,0,0,1,39,0.056666051201671459,54.44047250458712,54,0.024959837497862569,0.031250000000000007,-0.63610836328225195,262144,0,0.0084906664244331388,-0.16476543206864905,1.365464075002602e-05,-0.00026508042500723069,0.0084770117836831128,-0.16450035164364182,0.0084701807954703882,-0.16445847628410729,0.0016088334912052495,69.855285684084691,67.647650374500202,81,98325,98244,-36,98325,0.00071045294364693303,7.3298930688108821e-94,0.062564958897926279,28.855873412204925,54.202201376643089,0,0,0,0,0,1,1,1
wsl2_cuda,gpu,64,6,1,0,0,1,40,0.056666051201671459,54.44047250458712,54,0.024959837497862569,0.031250000000000007,-0.63610836328225195,262144,0,0.0084701807954703882,-0.16445847628410729,1.5000441986677767e-05,-0.00029112043461037592,0.0084551803534837107,-0.1641673558494969,0.0084574968084173141,-0.16421539963487367,0.0017701780229705606,76.719401365079889,73.997897276136371,64,98244,98180,-38,98244,0.00078090673593379637,1.1203397722570932e-95,0.064947222141620881,29.448471093192939,55.270390846695115,0,0,0,0,0,1,1,1
wsl2_cuda,gpu,64,6,1,0,0,1,41,0.056666051201671459,54.44047250458712,54,0.024959837497862569,0.031250000000000007,-0.63610836328225195,262144,0,0.0084574968084173141,-0.16421539963487367,1.6708898078049651e-05,-0.00032278920684990177,0.008440787910339264,-0.16389261042802378,0.0084381004883581738,-0.1638283544610713,0.0019656715872882805,85.076404341422759,81.709882739548405,102,98180,98078,-26,98180,0.00086653498005115868,3.0384137482616096e-98,0.07143970503472534,29.973567989513707,56.780360909199764,0,0,0,0,0,1,1,1
wsl2_cuda,gpu,64,6,1,0,0,1,42,0.056666051201671459,54.44047250458712,54,0.024959837497862569,0.031250000000000007,-0.63610836328225195,262144,0,0.0084381004883581738,-0.1638283544610713,1.8002095386329259e-05,-0.00034295784813826184,0.0084200983929718452,-0.16348539661293304,0.0084149867513044901,-0.16343775175163958,0.0020935032996264669,90.438474228971245,86.718779031639357,103,98078,97975,-43,98078,0.00092210765134863315,9.4573898167716639e-101,0.072997631956102135,30.441667317429211,58.255135113344593,0,0,0,0,0,1,1,1
wsl2_cuda,gpu,64,6,1,0,0,1,43,0.056666051201671459,54.44047250458712,54,0.024959837497862569,0.031250000000000007,-0.63610836328225195,262144,0,0.0084149867513044901,-0.16343775175163958,1.846737481166193e-05,-0.00034973581278742021,0.0083965193764928281,-0.16308801593885217,0.0083926351599934307,-0.16309307059426581,0.0021400163077637123,92.306050822110066,88.694925080260177,91,97975,97884,-34,97975,0.00094213881931217217,7.7352455698786291e-102,0.076749700843225133,30.837549541497008,58.894783058265908,0,0,0,0,0,1,1,1
wsl2_cuda,gpu,64,6,1,0,0,1,44,0.056666051201671459,54.44047250458712,54,0.024959837497862569,0.031250000000000007,-0.63610836328225195,262144,0,0.0083926351599934307,-0.16309307059426581,1.8630261817428499e-05,-0.00035290579994439483,0.0083740048981760015,-0.16274016479432141,0.0083699276328686317,-0.16273329473051146,0.0021639786510512554,93.236765521218246,89.835714928268175,95,97884,97789,-23,97884,0.00095252304279778359,6.8104034804697125e-103,0.075389647659704462,31.150677499906411,59.515608067322646,0,0,0,0,0,1,1,1
wsl2_cuda,gpu,64,6,1,0,0,1,45,0.056666051201671459,54.44047250458712,54,0.024959837497862569,0.031250000000000007,-0.63610836328225195,262144,0,0.0083699276328686317,-0.16273329473051146,1.8888210103094867e-05,-0.00035869384482459823,0.0083510394227655372,-0.16237460088568687,0.0083543242796917591,-0.16234745677313106,0.0022043207800753273,94.837131954167333,91.442413972985335,102,97789,97687,-37,97789,0.00096981390498079877,3.1893810537326765e-106,0.081073231722468053,31.376825897356923,61.474305644648972,0,0,0,0,0,1,1,1
wsl2_cuda,gpu,64,6,1,0,0,1,46,0.056666051201671459,54.44047250458712,54,0.024959837497862569,0.031250000000000007,-0.63610836328225195,262144,0,0.0083543242796917591,-0.16234745677313106,1.9159795296535619e-05,-0.00036497266967514626,0.0083351644843952227,-0.16198248410345592,0.0083402415827388346,-0.16199939718580447,0.0022482156573055872,96.521903153281485,92.924262461456607,92,97687,97595,-31,97687,0.00098807316381178132,8.9332337718320358e-108,0.075095257941849236,31.50652621446207,62.38774487177519,0,0,0,0,0,1,1,1
wsl2_cuda,gpu,64,6,1,0,0,1,47,0.056666051201671459,54.44047250458712,54,0.024959837497862569,0.031250000000000007,-0.63610836328225195,262144,0,0.0083402415827388346,-0.16199939718580447,1.9693627977381595e-05,-0.00037339166219724663,0.0083205479547614532,-0.16162600552360723,0.0083187023422618932,-0.16167836899679955,0.0023050444280561951,98.770690363269679,94.909528705553882,85,97595,97510,-36,97595,0.0010120466249630583,4.6048575590285175e-108,0.077931963776132374,31.522048677972535,62.557050819324552,0,0,0,0,0,1,1,1
wsl2_cuda,gpu,64,6,1,0,0,1,48,0.056666051201671459,54.44047250458712,54,0.024959837497862569,0.031250000000000007,-0.63610836328225195,262144,0,0.0083187023422618932,-0.16167836899679955,2.0244372641276622e-05,-0.00038501997323622453,0.0082984579696206168,-0.16129334902356332,0.0083056947929642487,-0.16128855314227489,0.0023815322995622444,101.90125983000513,97.856353479757743,103,97510,97407,-37,97510,0.0010450339434930277,6.5601912532640198e-110,0.078890568576556214,31.413470794045224,63.643213669412987,0,0,0,0,0,1,1,1
wsl2_cuda,gpu,64,6,1,0,0,1,49,0.056666051201671459,54.44047250458712,54,0.024959837497862569,0.031250000000000007,-0.63610836328225195,262144,0,0.0083056947929642487,-0.16128855314227489,2.094819921954839e-05,-0.00039851045871695589,0.0082847465937447001,-0.16089004268355794,0.0082919789729555549,-0.16085380076248831,0.0024709277794300044,105.56323860317349,101.42143140580853,115,97407,97292,-50,97407,0.001083733598233941,3.3514198921630086e-110,0.081452595485977636,31.173764466483338,63.814811107075982,0,0,0,0,0,1,1,1
wsl2_cuda,gpu,64,6,1,0,0,1,50,0.056666051201671459,54.44047250458712,54,0.024959837497862569,0.031250000000000007,-0.63610836328225195,262144,0,0.0082919789729555549,-0.16085380076248831,2.1755042214518079e-05,-0.00041086459409736813,0.0082702239307410365,-0.16044293616839095,0.0082797336040793257,-0.160476563975847,0.0025544572638184922,108.9574138018768,104.79890318366814,100,97292,97192,-46,97292,0.0011199010586880401,8.1271767940171072e-111,0.080344098610585238,30.783211130637106,64.176780619056927,0,0,0,0,0,1,1,1
wsl2_cuda,gpu,64,6,1,0,0,1,51,0.056666051201671459,54.44047250458712,54,0.024959837497862569,0.031250000000000007,-0.63610836328225195,262144,0,0.0082797336040793257,-0.160476563975847,2.2174035500504193e-05,-0.00042307059082461357,0.0082575595685788223,-0.16005349338502239,0.0082586149771970187,-0.16004683210474013,0.002636449691562038,112.28754745568475,108.01341062693278,114,97192,97078,-58,97192,0.0011553167694428013,1.6238746544353946e-111,0.080409624926022105,30.215928705388432,64.58822432924913,0,0,0,0,0,1,1,1
wsl2_cuda,gpu,64,6,1,0,0,1,52,0.056666051201671459,54.44047250458712,54,0.024959837497862569,0.031250000000000007,-0.63610836328225195,262144,0,0.0082586149771970187,-0.16004683210474013,2.2197320457390788e-05,-0.00042728780934144509,0.0082364176567396273,-0.15961954429539868,0.0082430690309444991,-0.15965420513225601,0.0026698151940473826,113.49514177185108,109.14250040610976,104,97078,96974,-44,97078,0.0011691128965558735,1.9467102268101868e-112,0.079440123260653181,29.465008122275865,65.130188790054419,0,0,0,0,0,1,1,1
wsl2_cuda,gpu,64,6,1,0,0,1,53,0.056666051201671459,54.44047250458712,54,0.024959837497862569,0.031250000000000007,-0.63610836328225195,262144,0,0.0082430690309444991,-0.15965420513225601,2.2114862806046388e-05,-0.00042882054800076418,0.0082209541681384536,-0.15922538458425525,0.008220274216913119,-0.15921144809317167,0.0026859250970547549,113.99885610477797,109.62751951988442,118,96974,96856,-36,96974,0.0011755610380594589,4.4921089690348879e-110,0.082757100761101321,28.511102195157957,63.739967785833812,0,0,0,0,0,1,1,1
wsl2_cuda,gpu,64,6,1,0,0,1,54,0.056666051201671459,54.44047250458712,54,0.024959837497862569,0.031250000000000007,-0.63610836328225195,262144,0,0.008220274216913119,-0.15921144809317167,2.25289987386417e-05,-0.00043931734043655768,0.0081977452181744778,-0.15877213075273511,0.0081896705591391686,-0.15878019166241666,0.0027592829713410484,116.88825078755379,112.35735279486902,115,96856,96741,-45,96856,0.0012068250886631058,1.3550543006060236e-107,0.083995848691221731,27.354069850141371,62.281294659400658,9.4988391904633955e-15,0,0,0,0,1,1,1
wsl2_cuda,gpu,64,6,1,0,0,1,55,0.056666051201671459,54.44047250458712,54,0.024959837497862569,0.031250000000000007,-0.63610836328225195,262144,0,0.0081896705591391686,-0.15878019166241666,2.3158055611960343e-05,-0.00045650012929641904,0.0081665125035272085,-0.15832369153312026,0.0081894330030779297,-0.15837756254886709,0.0028749189998828091,121.57396121904928,116.83707201167111,107,96741,96634,-58,96741,0.0012566953124223369,4.5008696092342462e-103,0.082161787984876389,25.992613138525446,59.621427872738536,0,0,0,0,0,1,1,1
wsl2_cuda,gpu,64,6,1,0,0,1,56,0.056666051201671459,54.44047250458712,54,0.024959837497862569,0.031250000000000007,-0.63610836328225195,262144,0,0.0081894330030779297,-0.15837756254886709,2.4842694546579457e-05,-0.00047651342729540346,0.0081645903085313509,-0.15790104912157168,0.0081627884728007853,-0.15787084209806074,0.0030087841257988865,127.04737000960507,122.07408862629785,135,96634,96499,-63,96634,0.0013147274252292679,1.4454971057944445e-97,0.082643227462478874,24.445136499018947,56.381869553343627,0,0,0,0,0,1,1,1
wsl2_cuda,gpu,64,7,1,0,0,1,0,0.056666051201671459,54.44047250458712,54,0.024959837497862569,0.031250000000000007,-0.63610836328225195,262144,0,0.031250000000000007,-0.63610836328225195,0.0031181350119755796,-0.063471096286582637,0.028131864988024426,-0.5726372669956693,0.027259845474205041,-0.57203364917339994,0.099780320382959406,25648.000341439743,23125.539141254343,25893,262144,236251,151,262144,0.097839356771239255,0.070982009395745213,0.10000000000000001,0.0063851834937898857,0.087568230771977076,0,0,0,0,0,1,1,1
wsl2_cuda,gpu,64,7,1,0,0,1,1,0.056666051201671459,54.44047250458712,54,0.024959837497862569,0.031250000000000007,-0.63610836328225195,262144,0,0.027259845474205041,-0.57203364917339994,0.0025771515265955842,-0.054145479112087336,0.024682693947609458,-0.5178881700613126,0.024830074055022744,-0.51789543935888871,0.09465410162524221,21017.286881104657,19059.842689784182,21064,236251,215187,267,236251,0.088961684315006742,0.016751031132163526,0.10000000000000001,0.042925624315407661,0.45648994374651014,0,0,0,0,0,1,1,1
wsl2_cuda,gpu,64,7,1,0,0,1,2,0.056666051201671459,54.44047250458712,54,0.024959837497862569,0.031250000000000007,-0.63610836328225195,262144,0,0.024830074055022744,-0.51789543935888871,0.0021757601557785074,-0.045526649652022466,0.022654313899244237,-0.47236878970686624,0.022643687324572233,-0.47231713643789092,0.087906384976278812,17083.671811977045,15590.223363727786,17155,215187,198032,168,215187,0.079389887920632035,0.0013084752846565795,0.099973557221267981,0.1113535389066468,1.1078912735785886,0,0,0,0,0,1,1,1
wsl2_cuda,gpu,64,7,1,0,0,1,3,0.056666051201671459,54.44047250458712,54,0.024959837497862569,0.031250000000000007,-0.63610836328225195,262144,0,0.022643687324572233,-0.47231713643789092,0.0019012526328832998,-0.039477675693909586,0.020742434691688932,-0.43283946074398133,0.02128664612135962,-0.43311147799679772,0.083583857602419737,14387.551882451085,13175.88373459496,14296,198032,183736,238,198032,0.072652661602423271,4.4531524771071593e-05,0.098997165317306873,0.20977557656155157,1.9715611654966236,0,0,0,0,0,1,1,1
wsl2_cuda,gpu,64,7,1,0,0,1,4,0.056666051201671459,54.44047250458712,54,0.024959837497862569,0.031250000000000007,-0.63610836328225195,262144,0,0.02128664612135962,-0.43311147799679772,0.0017093411415905902,-0.034749462599991975,0.01957730497976903,-0.39836201539680577,0.019151800509720183,-0.39808089675953989,0.080232310467583431,12342.738415370888,11331.340372717321,12464,183736,171272,66,183736,0.06717648373411246,8.363559185846697e-07,0.098333932551199099,0.35111412903651923,2.9871153187557957,0,0,0,0,0,1,1,1
wsl2_cuda,gpu,64,7,1,0,0,1,5,0.056666051201671459,54.44047250458712,54,0.024959837497862569,0.031250000000000007,-0.63610836328225195,262144,0,0.019151800509720183,-0.39808089675953989,0.00151653292025233,-0.031163569892952072,0.017635267589467853,-0.36691732686658785,0.017551535405506229,-0.36700356612338803,0.078286594060737194,10797.133747791233,9917.1653372293476,10779,171272,160493,-41,171272,0.063040857511976467,1.1485503781913038e-08,0.096568513536177389,0.5431671612772776,4.0826563541124017,0,0,0,0,0,1,1,1
wsl2_cuda,gpu,64,7,1,0,0,1,6,0.056666051201671459,54.44047250458712,54,0.024959837497862569,0.031250000000000007,-0.63610836328225195,262144,0,0.017551535405506229,-0.36700356612338803,0.0013323351006595632,-0.027145314723018073,0.016219200304846665,-0.33985825140036996,0.015887502605055503,-0.33964088237329759,0.073969155198427033,9180.68275877206,8457.5485107622389,9262,160493,151231,137,160493,0.057203010466326011,9.4629948744376495e-11,0.095863445417588941,0.80764884194914344,5.3087277702891491,0,0,0,0,0,1,1,1
wsl2_cuda,gpu,64,7,1,0,0,1,7,0.056666051201671459,54.44047250458712,54,0.024959837497862569,0.031250000000000007,-0.63610836328225195,262144,0,0.015887502605055503,-0.33964088237329759,0.0011518847491459885,-0.02378917220019168,0.014735617855909515,-0.31585171017310593,0.014797481601526188,-0.31567375105513046,0.070047505989541292,7862.4354541233515,7258.7683285064586,7936,151231,143295,131,151231,0.051989575246631656,3.8230967034540565e-13,0.094532443200393168,1.1408649498962249,6.7168706992015785,0,0,0,0,0,1,1,1
wsl2_cuda,gpu,64,7,1,0,0,1,8,0.056666051201671459,54.44047250458712,54,0.024959837497862569,0.031250000000000007,-0.63610836328225195,262144,0,0.014797481601526188,-0.31567375105513046,0.0010219630147152998,-0.020975574245697324,0.013775518586810889,-0.29469817680943311,0.013860308495074469,-0.2952098855087853,0.066452737939992595,6784.636703545897,6273.7084068036884,6623,143295,136672,122,143295,0.047347337335886787,1.1231663441702431e-15,0.094072698272051197,1.5444885539313031,8.2064084255340362,0,0,0,0,0,1,1,1
wsl2_cuda,gpu,64,7,1,0,0,1,9,0.056666051201671459,54.44047250458712,54,0.024959837497862569,0.031250000000000007,-0.63610836328225195,262144,0,0.013860308495074469,-0.2952098855087853,0.00092456037075512186,-0.01871510884573175,0.012935748124319347,-0.27649477666305355,0.012976233261320559,-0.27636963363828343,0.0634032219072313,5930.1332394560859,5486.943338420574,5965,136672,130707,203,136672,0.043389525575509874,2.7965171573417387e-18,0.093003743031841959,2.0168077774826338,9.7382180843389392,0,0,0,0,0,1,1,1
wsl2_cuda,gpu,64,7,1,0,0,1,10,0.056666051201671459,54.44047250458712,54,0.024959837497862569,0.031250000000000007,-0.63610836328225195,262144,0,0.012976233261320559,-0.27636963363828343,0.00081060591561822116,-0.016599009290386872,0.012165627345702338,-0.25977062434789655,0.012263331651282672,-0.25984862407027604,0.060066197278732379,5159.2710196490343,4776.7561067109491,5136,130707,125571,177,130707,0.039472033017734581,5.1508736208520447e-21,0.093652063448235373,2.5678413621729925,11.347041014307408,0,0,0,0,0,1,1,1
wsl2_cuda,gpu,64,7,1,0,0,1,11,0.056666051201671459,54.44047250458712,54,0.024959837497862569,0.031250000000000007,-0.63610836328225195,262144,0,0.012263331651282672,-0.25984862407027604,0.0007162127120314126,-0.014463512186107925,0.01154711893925126,-0.24538511188416812,0.011383136759713565,-0.24557053958532654,0.055667392375121055,4413.7525169521086,4093.8261397113106,4359,125571,121212,172,125571,0.035149457414149037,3.3872846623916416e-24,0.09398281660855394,3.1976957484418933,13.219002485987247,0,0,0,0,0,1,1,1
wsl2_cuda,gpu,64,7,1,0,0,1,12,0.056666051201671459,54.44047250458712,54,0.024959837497862569,0.031250000000000007,-0.63610836328225195,262144,0,0.011383136759713565,-0.24557053958532654,0.00060545008787029123,-0.012717532111213589,0.010777686671843274,-0.23285300747411294,0.010812024855862763,-0.23307283139249019,0.051790697690135286,3813.4917868068883,3540.2921139939253,3744,121212,117468,116,121212,0.031461338702495532,9.0647943874785335e-27,0.092274446382453856,3.8929076815907306,14.732379285161628,0,0,0,0,0,1,1,1
wsl2_cuda,gpu,64,7,1,0,0,1,13,0.056666051201671459,54.44047250458712,54,0.024959837497862569,0.031250000000000007,-0.63610836328225195,262144,0,0.010812024855862763,-0.23307283139249019,0.00052830622713087919,-0.011139739244926514,0.010283718628731883,-0.22193309214756368,0.010484989291336906,-0.22206069774622469,0.047797392613077028,3287.8915826863577,3055.425253879705,3249,117468,114219,133,117468,0.027989678743882227,1.5654256016064065e-29,0.092363635232236618,4.6510797336573084,16.357667872253238,0,0,0,0,0,1,1,1
wsl2_cuda,gpu,64,7,1,0,0,1,14,0.056666051201671459,54.44047250458712,54,0.024959837497862569,0.031250000000000007,-0.63610836328225195,262144,0,0.010484989291336906,-0.22206069774622469,0.00048069673834564078,-0.0098037797582856308,0.010004292552991265,-0.21225691798793905,0.0099203495431041643,-0.21192789261814532,0.044152874235284176,2850.1966819030899,2649.1595126114685,2942,114219,111277,103,114219,0.024953787740245405,2.4530528567476644e-32,0.0933111408738828,5.4670946354898469,18.007782370771583,0,0,0,0,0,1,1,1
wsl2_cuda,gpu,64,7,1,0,0,1,15,0.056666051201671459,54.44047250458712,54,0.024959837497862569,0.031250000000000007,-0.63610836328225195,262144,0,0.0099203495431041643,-0.21192789261814532,0.00041954460065368347,-0.0084429996795523741,0.0095008049424504804,-0.20348489293859295,0.0094573770659096106,-0.20341642879783697,0.039844382259076855,2421.0375767852374,2252.7626332059976,2442,111277,108835,71,111277,0.021756855206244215,9.0782649761479881e-35,0.092727221458757364,6.3488145643538152,19.438333761248181,0,0,0,0,0,1,1,1
wsl2_cuda,gpu,64,7,1,0,0,1,16,0.056666051201671459,54.44047250458712,54,0.024959837497862569,0.031250000000000007,-0.63610836328225195,262144,0,0.0094573770659096106,-0.20341642879783697,0.00035870534538714582,-0.0072171117974409813,0.0090986717205224655,-0.196199317000396,0.0091071108284765667,-0.19618558544436182,0.035484775736514269,2042.7015063375836,1903.1401386740617,2042,108835,106793,75,108835,0.018768792266619962,1.2969773555611495e-37,0.091586821736364926,7.2764801921063169,21.112065193241797,0,0,0,0,0,1,1,1
wsl2_cuda,gpu,64,7,1,0,0,1,17,0.056666051201671459,54.44047250458712,54,0.024959837497862569,0.031250000000000007,-0.63610836328225195,262144,0,0.0091071108284765667,-0.19618558544436182,0.00030485890338359279,-0.0061649196288538618,0.0088022519250929732,-0.19002066581550797,0.008854657744093393,-0.18998267556359119,0.031428327371683065,1724.6299880063114,1608.458976245068,1740,106793,105053,49,106793,0.016149279334846958,1.2322668819841123e-40,0.092037910271521972,8.2394750206058998,22.890016715440076,0,0,0,0,0,1,1,1
wsl2_cuda,gpu,64,7,1,0,0,1,18,0.056666051201671459,54.44047250458712,54,0.024959837497862569,0.031250000000000007,-0.63610836328225195,262144,0,0.008854657744093393,-0.18998267556359119,0.00025710892915982691,-0.0052412743795204669,0.0085975488149335668,-0.18474140118407073,0.0086395480376554208,-0.18480472674952445,0.027591309670827586,1450.6132522358464,1354.0628450060319,1432,105053,103621,35,105053,0.013808394355571438,1.0739385743393802e-43,0.091665370727984544,9.2339487988707134,24.690027835040176,0,0,0,0,0,1,1,1
wsl2_cuda,gpu,64,7,1,0,0,1,19,0.056666051201671459,54.44047250458712,54,0.024959837497862569,0.031250000000000007,-0.63610836328225195,262144,0,0.0086395480376554208,-0.18480472674952445,0.00021606265394002032,-0.0044536861622693456,0.0084234853837154011,-0.1803510405872551,0.0084513136975223613,-0.18030598594474728,0.024101399561160062,1220.9163010520176,1140.1617353500326,1235,103621,102386,16,103621,0.011782518032561137,6.173440279068861e-47,0.093006843905330802,10.250113575926344,26.596359069899059,0,0,0,0,0,1,1,1
wsl2_cuda,gpu,64,7,1,0,0,1,20,0.056666051201671459,54.44047250458712,54,0.024959837497862569,0.031250000000000007,-0.63610836328225195,262144,0,0.0084513136975223613,-0.18030598594474728,0.00017938093880008791,-0.0036814841190652009,0.0082719327587222734,-0.17662450182568207,0.0082272717208550887,-0.17677590068839449,0.020419750173205468,1000.544350088694,935.64996555672349,959,102386,101427,81,102386,0.0097722769723272134,1.4298861100562331e-49,0.090898944547144145,11.293471689096691,28.146640624755911,0,0,0,0,0,1,1,1
wsl2_cuda,gpu,64,7,1,0,0,1,21,0.056666051201671459,54.44047250458712,54,0.024959837497862569,0.031250000000000007,-0.63610836328225195,262144,0,0.0082272717208550887,-0.17677590068839449,0.00014144922345834155,-0.0030046504866078159,0.0080858224973967465,-0.17377125020178669,0.0080886436443135847,-0.17382468159406994,0.016997369422360915,810.37210878468113,758.94791718739248,797,101427,100630,56,101427,0.0079897079553243339,5.2429244094954094e-52,0.090389138350394305,12.343210828130076,29.579559183355485,0,0,0,0,0,1,1,1
wsl2_cuda,gpu,64,7,1,0,0,1,22,0.056666051201671459,54.44047250458712,54,0.024959837497862569,0.031250000000000007,-0.63610836328225195,262144,0,0.0080886436443135847,-0.17382468159406994,0.00011223458895151581,-0.0024033508544854813,0.0079764090553620694,-0.17142133073958446,0.0079617113730383743,-0.17144462340991246,0.013826398773239316,643.98568474422734,604.23886608945861,638,100630,99992,68,100630,0.0063995397470359471,2.527666495737198e-55,0.088482539570710422,13.400891512875551,31.530836867689167,0,0,0,0,0,1,1,1
wsl2_cuda,gpu,64,7,1,0,0,1,23,0.056666051201671459,54.44047250458712,54,0.024959837497862569,0.031250000000000007,-0.63610836328225195,262144,0,0.0079617113730383743,-0.17144462340991246,8.59203468232978e-05,-0.0018719754108195285,0.007875791026215077,-0.16957264799909294,0.0078917166669527118,-0.16966227791832142,0.010918560561830245,498.87286018575458,469.12267807861758,475,99992,99517,81,99992,0.0049891277320761119,1.2884369825603892e-57,0.090542723626833466,14.459521016543691,32.879587786018092,0,0,0,0,0,1,1,1
wsl2_cuda,gpu,64,7,1,0,0,1,24,0.056666051201671459,54.44047250458712,54,0.024959837497862569,0.031250000000000007,-0.63610836328225195,262144,0,0.0078917166669527118,-0.16966227791832142,6.5312428659809933e-05,-0.0014013754069640302,0.0078264042382929014,-0.16826090251135739,0.0078058362470229941,-0.16828435431055669,0.0082598288039539315,371.81679190357102,350.81019650915596,366,99517,99151,87,99517,0.0037362138318435142,8.9638501335482294e-61,0.08929069868552468,15.51317794650145,34.737159286793926,0,0,0,0,0,1,1,1
wsl2_cuda,gpu,64,7,1,0,0,1,25,0.056666051201671459,54.44047250458712,54,0.024959837497862569,0.031250000000000007,-0.63610836328225195,262144,0,0.0078058362470229941,-0.16828435431055669,4.6100422840831768e-05,-0.00098354502682517116,0.007759735824182162,-0.16730080928373151,0.0077522849781311576,-0.1672822159735648,0.0058446740105165687,260.03441022152225,246.52779863832023,265,99151,98886,90,99151,0.0026226100616385337,1.8463927248476014e-63,0.086807163897210618,16.564574261528961,36.317411189217957,0,0,0,0,0,1,1,1
wsl2_cuda,gpu,64,7,1,0,0,1,26,0.056666051201671459,54.44047250458712,54,0.024959837497862569,0.031250000000000007,-0.63610836328225195,262144,0,0.0077522849781311576,-0.1672822159735648,3.0243224153455127e-05,-0.00064457529246076935,0.0077220417539777021,-0.16663764068110404,0.0077183639497645116,-0.1666031078415923,0.0038533234947799211,169.96979703163328,162.15887984622722,179,98886,98707,97,98886,0.0017188459137960205,2.4594416763559868e-65,0.079217102550126317,17.605131133958533,37.420745011455068,0,0,0,0,0,1,1,1
wsl2_cuda,gpu,64,7,1,0,0,1,27,0.056666051201671459,54.44047250458712,54,0.024959837497862569,0.031250000000000007,-0.63610836328225195,262144,0,0.0077183639497645116,-0.1666031078415923,1.8660264560402934e-05,-0.00039552279128934621,0.0076997036852041083,-0.16620758505030295,0.0076967350328302877,-0.16623506320787981,0.0023741354790162354,104.11827110810964,100.11561820759256,97,98707,98610,100,98707,0.00105482155377136,3.8213850121287567e-68,0.072013774961350238,18.630741770660322,39.073030427762163,0,0,0,0,0,1,1,1
wsl2_cuda,gpu,64,7,1,0,0,1,28,0.056666051201671459,54.44047250458712,54,0.024959837497862569,0.031250000000000007,-0.63610836328225195,262144,0,0.0076967350328302877,-0.16623506320787981,1.1183658250795544e-05,-0.00023852272369847966,0.0076855513745794921,-0.16599654048418133,0.0076873909908168675,-0.16599912123362018,0.0014348909697259374,62.724739786491661,60.882704649987772,62,98610,98548,100,98610,0.00063608903545777978,8.2990021417098343e-71,0.058549508324307824,19.63574077587996,40.63976598204119,0,0,0,0,0,1,1,1
wsl2_cuda,gpu,64,7,1,0,0,1,29,0.056666051201671459,54.44047250458712,54,0.024959837497862569,0.031250000000000007,-0.63610836328225195,262144,0,0.0076873909908168675,-0.16599912123362018,6.9585033980306696e-06,-0.00014812364744522992,0.0076804324874188371,-0.16585099758617494,0.0076817860059753976,-0.16585832626528083,0.00089234339090011087,38.935547233250219,38.120518147708559,37,98548,98511,99,98548,0.0003950922112397027,1.0044021066430326e-72,0.04486834181972775,20.625270782119255,41.767590806536113,0,0,0,0,0,1,1,1
wsl2_cuda,gpu,64,7,1,0,0,1,30,0.056666051201671459,54.44047250458712,54,0.024959837497862569,0.031250000000000007,-0.63610836328225195,262144,0,0.0076817860059753976,-0.16585832626528083,5.1711726595341624e-06,-0.00010880258149422128,0.0076766148333158634,-0.16574952368378659,0.0076776766440027101,-0.16577082684580005,0.00065603386856237359,28.596353253676458,28.130133592420673,23,98511,98488,92,98511,0.00029028588943038296,2.7672878803715996e-75,0.038688766337615144,21.59452095241312,43.273531325168172,0,0,0,0,0,1,1,1
wsl2_cuda,gpu,64,7,1,0,0,1,31,0.056666051201671459,54.44047250458712,54,0.024959837497862569,0.031250000000000007,-0.63610836328225195,262144,0,0.0076776766440027101,-0.16577082684580005,5.2037968313210696e-06,-0.00010928818134228216,0.0076724728471713891,-0.16566153866445776,0.0076713238477268495,-0.16564917883902877,0.00065931232504751907,28.723701410902329,28.251900976716996,32,98488,98456,96,98488,0.00029164671240051912,5.2272947987291419e-78,0.034035920062959454,22.537050032967251,44.875907021306865,0,0,0,0,0,1,1,1
wsl2_cuda,gpu,64,7,1,0,0,1,32,0.056666051201671459,54.44047250458712,54,0.024959837497862569,0.031250000000000007,-0.63610836328225195,262144,0,0.0076713238477268495,-0.16564917883902877,6.7790273212659854e-06,-0.00014262877875850501,0.0076645448204055834,-0.16550655006027026,0.0076634790294986474,-0.16552756739297581,0.00086107767649895215,37.489399849940526,36.701889014782786,32,98456,98424,104,98456,0.00038077313571484241,8.2802129115264712e-81,0.041417381365403516,23.454646060768447,46.523262409968133,0,0,0,0,0,1,1,1
wsl2_cuda,gpu,64,7,1,0,0,1,33,0.056666051201671459,54.44047250458712,54,0.024959837497862569,0.031250000000000007,-0.63610836328225195,262144,0,0.0076634790294986474,-0.16552756739297581,9.7337589178981936e-06,-0.0002049811033741391,0.0076537452705807488,-0.16532258628960167,0.0076485372044766374,-0.16529956655231229,0.0012384182559942889,53.888231638268053,52.333082991358452,60,98424,98364,104,98424,0.00054751109117967219,1.7374116642387778e-82,0.050692701320605132,24.342747719069333,47.510497575844632,0,0,0,0,0,1,1,1
wsl2_cuda,gpu,64,7,1,0,0,1,34,0.056666051201671459,54.44047250458712,54,0.024959837497862569,0.031250000000000007,-0.63610836328225195,262144,0,0.0076485372044766374,-0.16529956655231229,1.2769134257255023e-05,-0.00027092579615412064,0.0076357680702193826,-0.16502864075615817,0.0076358352128413571,-0.16499527194323826,0.0016390639652999566,71.243241324618921,68.630893903012776,80,98364,98284,102,98364,0.00072428166122381074,5.4806055279691129e-84,0.064027438426555894,25.20602002058245,48.393567111470041,0,0,0,0,0,1,1,1
wsl2_cuda,gpu,64,7,1,0,0,1,35,0.056666051201671459,54.44047250458712,54,0.024959837497862569,0.031250000000000007,-0.63610836328225195,262144,0,0.0076358352128413571,-0.16499527194323826,1.4466649795858051e-05,-0.0003065907459677558,0.007621368563045499,-0.16468868119727051,0.0076216484010866248,-0.16471786337241842,0.0018582567603146261,80.6499571306707,77.40105044801642,73,98284,98211,97,98284,0.0008205807367493254,4.5966238229005274e-86,0.07128849414538635,26.037024573936524,49.615089936316863,0,0,0,0,0,1,1,1
wsl2_cuda,gpu,64,7,1,0,0,1,36,0.056666051201671459,54.44047250458712,54,0.024959837497862569,0.031250000000000007,-0.63610836328225195,262144,0,0.0076216484010866248,-0.16471786337241842,1.3988949791184094e-05,-0.00030069949233032335,0.0076076594512954404,-0.16441716388008809,0.007602974720725561,-0.16437204741415751,0.0018255638045083984,79.128210533661175,76.104052850615716,91,98211,98120,90,98211,0.00080569600690005372,6.1349482423603826e-89,0.067850646508632678,26.823355039397708,51.306209859605644,0,0,0,0,0,1,1,1
wsl2_cuda,gpu,64,7,1,0,0,1,37,0.056666051201671459,54.44047250458712,54,0.024959837497862569,0.031250000000000007,-0.63610836328225195,262144,0,0.007602974720725561,-0.16437204741415751,1.2280532186550834e-05,-0.00026990959649187963,0.0075906941885390102,-0.16410213781766564,0.0075910385451068681,-0.16411771036122796,0.0016420077669035776,71.057283590305872,68.680292729151617,67,98120,98053,101,98120,0.00072418756206997427,1.8705474195395567e-90,0.068385118509775411,27.569098471734428,52.197967283072288,0,0,0,0,0,1,1,1
wsl2_cuda,gpu,64,7,1,0,0,1,38,0.056666051201671459,54.44047250458712,54,0.024959837497862569,0.031250000000000007,-0.63610836328225195,262144,0,0.0075910385451068681,-0.16411771036122796,1.1373891655456915e-05,-0.00025566555683484448,0.0075796646534514109,-0.16386204480439312,0.0075820828124764121,-0.16387822851424519,0.0015576912100519035,67.334883652596758,65.270273445199024,63,98053,97990,100,98053,0.00068671926052845669,1.7988451612816031e-92,0.064685982820500712,28.260695593499552,53.384536965878439,0,0,0,0,0,1,1,1
wsl2_cuda,gpu,64,7,1,0,0,1,39,0.056666051201671459,54.44047250458712,54,0.024959837497862569,0.031250000000000007,-0.63610836328225195,262144,0,0.0075820828124764121,-0.16387822851424519,1.1793338100915888e-05,-0.00026656137676914497,0.0075702894743754964,-0.16361166713747605,0.007568266305522423,-0.16361994871308411,0.0016264300009971977,70.218903270456536,67.981699092048473,68,97990,97922,110,97990,0.00071659254281514987,2.5298739600134833e-94,0.062547509274728685,28.901420982030917,54.473991424357017,0,0,0,0,0,1,1,1
wsl2_cuda,gpu,64,7,1,0,0,1,40,0.056666051201671459,54.44047250458712,54,0.024959837497862569,0.031250000000000007,-0.63610836328225195,262144,0,0.007568266305522423,-0.16361994871308411,1.2977412535697724e-05,-0.00029368162332182429,0.0075552888929867256,-0.16332626708976228,0.0075582068603225932,-0.1633505542203943,0.0017947298870254649,77.363556523559794,74.58731452122052,71,97922,97851,121,97922,0.00079005286374420243,1.8439911947278958e-97,0.067544169881750368,29.487080864417941,56.319662634548365,0,0,0,0,0,1,1,1
wsl2_cuda,gpu,64,7,1,0,0,1,41,0.056666051201671459,54.44047250458712,54,0.024959837497862569,0.031250000000000007,-0.63610836328225195,262144,0,0.0075582068603225932,-0.1633505542203943,1.4650419016016551e-05,-0.00032591150052534769,0.0075435564413065762,-0.16302464271986894,0.0075436892844904036,-0.16303563875824745,0.0019950447887642961,85.864312224396855,82.413734013230751,83,97851,97768,128,97851,0.00087750061036061819,1.0750532499860649e-98,0.071513683594890951,30.009633472793638,57.045808102458366,0,0,0,0,0,1,1,1
wsl2_cuda,gpu,64,7,1,0,0,1,42,0.056666051201671459,54.44047250458712,54,0.024959837497862569,0.031250000000000007,-0.63610836328225195,262144,0,0.0075436892844904036,-0.16303563875824745,1.5683013373863352e-05,-0.00034712267782733896,0.0075280062711165401,-0.16268851608042012,0.0075257958238116804,-0.16271326045576376,0.0021290142967157937,91.4930614562671,87.686302466458258,85,97768,97683,135,97768,0.00093581807397376542,5.7322843382239017e-100,0.077805932659355481,30.466089985332154,57.794763632467649,0,0,0,0,0,1,1,1
wsl2_cuda,gpu,64,7,1,0,0,1,43,0.056666051201671459,54.44047250458712,54,0.024959837497862569,0.031250000000000007,-0.63610836328225195,262144,0,0.0075257958238116804,-0.16271326045576376,1.5677470604340669e-05,-0.00035386375450266341,0.0075101183532073398,-0.16235939670126109,0.0075094087540722963,-0.16234917676389346,0.0021745734531440704,93.339254821596811,89.645879263938326,96,97683,97587,145,97683,0.00095553222998471393,7.4720449487520032e-102,0.078195615890469264,30.848282432951816,58.903627806791405,0,0,0,0,0,1,1,1
wsl2_cuda,gpu,64,7,1,0,0,1,44,0.056666051201671459,54.44047250458712,54,0.024959837497862569,0.031250000000000007,-0.63610836328225195,262144,0,0.0075094087540722963,-0.16234917676389346,1.5212522170761045e-05,-0.00035260136219061758,0.0074941962319015351,-0.16199657540170284,0.0074889410603342001,-0.16199332422155691,0.0021715584823772576,93.091950833688244,89.682403836947358,94,97587,97493,151,97587,0.00095393803307498176,3.9644620320679109e-104,0.078232245923522806,31.152023162578168,60.24214163888773,0,0,0,0,0,1,1,1
wsl2_cuda,gpu,64,7,1,0,0,1,45,0.056666051201671459,54.44047250458712,54,0.024959837497862569,0.031250000000000007,-0.63610836328225195,262144,0,0.0074889410603342001,-0.16199332422155691,1.5244512674977549e-05,-0.00035618208830297829,0.0074736965476592228,-0.16163714213325392,0.0074707491397897454,-0.16162268959470916,0.0021983975479506288,94.104329707313909,90.728730909220232,98,97493,97395,139,97493,0.00096524191180201566,2.1371805944739654e-105,0.073123245647193233,31.363743657288595,60.988297364349457,0,0,0,0,0,1,1,1
wsl2_cuda,gpu,64,7,1,0,0,1,46,0.056666051201671459,54.44047250458712,54,0.024959837497862569,0.031250000000000007,-0.63610836328225195,262144,0,0.0074707491397897454,-0.16162268959470916,1.5780186061464719e-05,-0.00036592538589738931,0.0074549689537282806,-0.16125676420881177,0.0074517735373615147,-0.16128605978208657,0.0022637482112657478,96.70358588988401,93.062715470368786,89,97395,97306,140,97395,0.00099290092807519906,1.7788255572559206e-106,0.077175295857179194,31.476093887573988,61.623480573352026,0,0,0,0,0,1,1,1
wsl2_cuda,gpu,64,7,1,0,0,1,47,0.056666051201671459,54.44047250458712,54,0.024959837497862569,0.031250000000000007,-0.63610836328225195,262144,0,0.0074517735373615147,-0.16128605978208657,1.6324990204157742e-05,-0.00037698578566169492,0.0074354485471573566,-0.16090907399642487,0.0074406103795923006,-0.16087333719825639,0.0023370613286094384,99.646380190701649,95.686766628889217,109,97306,97197,139,97306,0.0010240517562195718,6.3912791392295525e-108,0.07760577987063437,31.475213232200563,62.473294792877354,0,0,0,0,0,1,1,1
wsl2_cuda,gpu,64,7,1,0,0,1,48,0.056666051201671459,54.44047250458712,54,0.024959837497862569,0.031250000000000007,-0.63610836328225195,262144,0,0.0074406103795923006,-0.16087333719825639,1.7164949323013964e-05,-0.00038824205825145337,0.0074234454302692862,-0.16048509514000495,0.0074284151464499969,-0.16046906231315955,0.0024131128414083955,102.68198678542207,98.511710890612278,107,97197,97090,152,97197,0.0010564316469173129,5.2082080598120943e-109,0.079127558856792943,31.359755013414865,63.113885343513203,0,0,0,0,0,1,1,1
wsl2_cuda,gpu,64,7,1,0,0,1,49,0.056666051201671459,54.44047250458712,54,0.024959837497862569,0.031250000000000007,-0.63610836328225195,262144,0,0.0074284151464499969,-0.16046906231315955,1.776619182254689e-05,-0.00039868558111734573,0.0074106489546274497,-0.16007037673204219,0.0074050849409865935,-0.16009540942884726,0.0024843026777453783,105.5402191038533,101.3517764848206,99,97090,96991,147,97090,0.0010870349068272047,3.2393287334023725e-111,0.07804138442408047,31.108492770163195,64.411794156074052,0,0,0,0,0,1,1,1
wsl2_cuda,gpu,64,7,1,0,0,1,50,0.056666051201671459,54.44047250458712,54,0.024959837497862569,0.031250000000000007,-0.63610836328225195,262144,0,0.0074050849409865935,-0.16009540942884726,1.845503628999409e-05,-0.00040993035669094211,0.0073866299046965993,-0.15968547907215633,0.0073943673261308651,-0.15965335618219834,0.0025603919884675252,108.63942567580958,104.47133502789094,117,96991,96874,146,96991,0.0011200980057511477,3.9953055784261551e-112,0.080343696874619605,30.702092306941459,64.946495466355884,0,0,0,0,0,1,1,1
wsl2_cuda,gpu,64,7,1,0,0,1,51,0.056666051201671459,54.44047250458712,54,0.024959837497862569,0.031250000000000007,-0.63610836328225195,262144,0,0.0073943673261308651,-0.15965335618219834,1.9328332684837143e-05,-0.00042160398973302296,0.0073750389934460281,-0.15923175219246533,0.0073725079859446631,-0.15917813973395276,0.0026406887678977206,111.84379851184822,107.55448185067678,126,96874,96748,146,96874,0.0011545285475137623,1.8735306012005362e-112,0.079056122216646332,30.131610568131247,65.13997827004259,0,0,0,0,0,1,1,1
wsl2_cuda,gpu,64,7,1,0,0,1,52,0.056666051201671459,54.44047250458712,54,0.024959837497862569,0.031250000000000007,-0.63610836328225195,262144,0,0.0073725079859446631,-0.15917813973395276,1.9143403767338492e-05,-0.00042495326798642797,0.0073533645821773248,-0.15875318646596634,0.0073529064833935207,-0.15872665253933299,0.0026695145987071307,112.82312453009517,108.4621939164257,120,96748,96628,156,96748,0.0011661545926540619,4.1938422768811774e-112,0.079385493165584617,29.377621821348566,64.934104811920349,0,0,0,0,0,1,1,1
wsl2_cuda,gpu,64,7,1,0,0,1,53,0.056666051201671459,54.44047250458712,54,0.024959837497862569,0.031250000000000007,-0.63610836328225195,262144,0,0.0073529064833935207,-0.15872665253933299,1.9282269714814467e-05,-0.00043055582320929348,0.0073336242136787062,-0.15829609671612369,0.0073241294546493403,-0.15824582869446294,0.0027123685388206484,114.40152593365006,109.91625723762647,128,96628,96500,150,96628,0.0011839376364371618,3.1457263495314472e-110,0.0809807792101125,28.422028618741876,63.830993778957513,0,0,0,0,0,1,1,1
wsl2_cuda,gpu,64,7,1,0,0,1,54,0.056666051201671459,54.44047250458712,54,0.024959837497862569,0.031250000000000007,-0.63610836328225195,262144,0,0.0073241294546493403,-0.15824582869446294,1.9116343189298829e-05,-0.00043851955171450216,0.0073050131114600417,-0.15780730914274843,0.0073026836299272717,-0.15783155502091428,0.0027707843476762377,116.62030159346273,112.04007976045692,110,96500,96390,148,96500,0.0012085005346472821,2.631813776755652e-107,0.080518568301955293,27.261361511725543,62.111691060456756,4.5946194873495147e-15,0,0,0,0,1,1,1
wsl2_cuda,gpu,64,7,1,0,0,1,55,0.056666051201671459,54.44047250458712,54,0.024959837497862569,0.031250000000000007,-0.63610836328225195,262144,0,0.0073026836299272717,-0.15783155502091428,1.9493059971036232e-05,-0.00045330315308891286,0.0072831905699562351,-0.15737825186782536,0.0072720550078217748,-0.15736956357493528,0.0028716360721293302,120.67189849472057,115.92840429026391,123,96390,96267,149,96390,0.0012519130459043527,9.1373757081606834e-103,0.084030708832682613,25.891667076149478,59.440513427597146,0,0,0,0,0,1,1,1
wsl2_cuda,gpu,64,7,1,0,0,1,56,0.056666051201671459,54.44047250458712,54,0.024959837497862569,0.031250000000000007,-0.63610836328225195,262144,0,0.0072720550078217748,-0.15736956357493528,1.9785798539508949e-05,-0.0004703376715384012,0.0072522692092822656,-0.15689922590339689,0.0072426160701241542,-0.15690138416975172,0.0029881751665631348,125.3508789285758,120.4080736629133,125,96267,96142,120,96267,0.0013021168097954211,1.1306263302299043e-96,0.082403699434406757,24.342028032673394,55.856347448934137,0,0,0,0,0,1,1,1
